Date,Open,High,Low,Close,Volume,TradingValue,UpLimit,UnderLimit
2016-02-04,25.1,25.4,25,25.2,548000,,,
2016-02-05,24.7,24.725,24.625,24.65,584000,,,
2016-02-08,24,24.275,23.9,24.25,654000,,,
2016-02-09,23.3,23.525,22.675,23.025,3254000,,,
2016-02-10,23.1,23.1,22.675,22.7,1386000,,,
2016-02-12,22.525,22.825,22.45,22.675,1642000,,,
2016-02-15,23.225,23.55,22.95,23.475,1632000,,,
2016-02-16,23.825,24,23.65,24,552000,,,
2016-02-17,23.7,23.925,23.4,23.525,638000,,,
2016-02-18,24.475,24.475,24.2,24.425,686000,,,
2016-02-19,23.975,23.975,23.775,23.925,594000,,,
2016-02-22,23.725,24,23.575,24,378000,,,
2016-02-23,24.175,24.25,23.9,23.9,324000,,,
2016-02-24,23.55,23.65,23.475,23.525,554000,,,
2016-02-25,24.025,24.125,23.825,24.125,230000,,,
2016-02-26,24.325,24.475,24.3,24.375,200000,,,
2016-02-29,24.475,24.475,24.025,24.05,292000,,,
2016-03-01,24,24.1,23.85,24.05,194000,,,
2016-03-02,24.95,25.15,24.95,25.1,1050000,,,
2016-03-03,24.9,25.2,24.9,25.2,318000,,,
2016-03-04,24.875,24.975,24.85,24.95,326000,,,
2016-03-07,24.9,24.9,24.8,24.85,320000,,,
2016-03-08,24.85,24.85,24.4,24.4,1052000,,,
2016-03-09,24.3,24.45,24.25,24.4,1070000,,,
2016-03-10,24.75,24.925,24.75,24.9,194000,,,
2016-03-11,24.65,24.9,24.65,24.9,256000,,,
2016-03-14,25.2,25.25,25.05,25.15,134000,,,
2016-03-15,25.1,25.35,25,25,214000,,,
2016-03-16,25,25.25,25,25.1,62000,,,
2016-03-17,25.45,25.45,25,25.1,212000,,,
2016-03-18,25.1,25.1,25,25.05,118000,,,
2016-03-22,25.15,25.15,25,25.1,658000,,,
2016-03-23,25.3,25.35,25.2,25.35,162000,,,
2016-03-24,25.05,25.2,25.05,25.2,446000,,,
2016-03-25,25.4,25.4,25.1,25.1,190000,,,
2016-03-28,25.4,25.5,25.35,25.4,402000,,,
2016-03-29,25.4,25.5,25.3,25.5,756000,,,
2016-03-30,25.65,25.65,25.55,25.55,520000,,,
2016-03-31,25.6,25.7,25.55,25.55,234000,,,
2016-04-01,25.55,25.6,25.3,25.4,708000,,,
2016-04-04,25.6,25.75,25.5,25.75,890000,,,
2016-04-05,25.55,25.55,25.2,25.35,290000,,,
2016-04-06,25,25.25,25,25.2,350000,,,
2016-04-07,25.2,25.3,25.05,25.1,202000,,,
2016-04-08,24.725,24.95,24.625,24.9,1032000,,,
2016-04-11,24.7,24.7,24.45,24.475,624000,,,
2016-04-12,24.475,24.625,24.4,24.55,294000,,,
2016-04-13,24.9,24.95,24.8,24.95,380000,,,
2016-04-14,25.2,25.4,25.2,25.2,528000,,,
2016-04-15,25.15,25.4,25.15,25.3,340000,,,
2016-04-18,24.95,24.95,24.575,24.7,748000,,,
2016-04-19,25.2,25.35,25.2,25.25,184000,,,
2016-04-20,25.1,25.1,25,25,354000,,,
2016-04-21,25.25,25.4,25.25,25.3,146000,,,
2016-04-22,25.1,25.15,24.925,25.15,150000,,,
2016-04-25,25.4,25.4,25.1,25.15,314000,,,
2016-04-26,25.25,25.3,25.2,25.3,198000,,,
2016-04-27,25,25,24.9,24.9,220000,,,
2016-04-28,25,25.2,24.3,24.425,662000,,,
2016-05-02,23.5,23.5,23.075,23.5,1938000,,,
2016-05-06,23.5,23.625,23.35,23.625,838000,,,
2016-05-09,23.7,23.875,23.625,23.65,842000,,,
2016-05-10,23.9,24.15,23.825,24.1,418000,,,
2016-05-11,24.45,24.5,24.25,24.3,278000,,,
2016-05-12,24.05,24.2,23.95,24.15,314000,,,
2016-05-13,24.075,24.1,23.925,23.95,1028000,,,
2016-05-16,23.8,23.975,23.8,23.925,194000,,,
2016-05-17,23.95,24.325,23.95,24.325,480000,,,
2016-05-18,24,24.025,23.875,24,160000,,,
2016-05-19,24.25,24.275,24.125,24.25,314000,,,
2016-05-20,24.175,24.275,24.15,24.25,122000,,,
2016-05-23,24.35,24.4,24.275,24.4,208000,,,
2016-05-24,24.25,24.25,24.175,24.175,66000,,,
2016-05-25,24.825,24.925,24.825,24.825,800000,,,
2016-05-26,24.95,25,24.85,24.85,576000,,,
2016-05-27,24.925,25.1,24.925,25,364000,,,
2016-05-30,25.45,25.55,25.4,25.5,1016000,,,
2016-05-31,25.4,25.6,25.4,25.5,240000,,,
2016-06-01,25.5,25.5,25.15,25.2,298000,,,
2016-06-02,25.25,25.25,25,25.05,244000,,,
2016-06-03,25,25.15,24.925,24.925,344000,,,
2016-06-06,24.5,24.575,24.3,24.575,472000,,,
2016-06-07,24.7,24.85,24.7,24.85,124000,,,
2016-06-08,24.625,24.625,24.5,24.575,250000,,,
2016-06-09,24.6,24.625,24.4,24.45,288000,,,
2016-06-10,24.5,24.575,24.475,24.575,272000,,,
2016-06-13,24.225,24.225,23.875,23.875,794000,,,
2016-06-14,23.85,23.875,23.775,23.825,474000,,,
2016-06-15,23.8,23.9,23.775,23.9,262000,,,
2016-06-16,23.9,23.9,23.25,23.25,1430000,,,
2016-06-17,23.45,23.85,23.425,23.475,976000,,,
2016-06-20,23.4,23.7,23.4,23.525,1024000,,,
2016-06-21,23.175,23.475,23.175,23.475,1360000,,,
2016-06-22,23.4,23.475,23.375,23.475,444000,,,
2016-06-23,23.45,23.675,23.45,23.525,560000,,,
2016-06-24,23.875,23.925,21.675,22.025,1866000,,,
2016-06-27,22,22.15,21.9,22,1990000,,,
2016-06-28,21.7,21.975,21.675,21.9,774000,,,
2016-06-29,22.425,22.45,22.3,22.3,374000,,,
2016-06-30,22.825,22.9,22.675,22.825,640000,,,
2016-07-01,23.175,23.175,22.9,22.975,372000,,,
2016-07-04,23.125,23.175,23.125,23.15,230000,,,
2016-07-05,23.15,23.2,22.85,22.95,248000,,,
2016-07-06,22.6,22.9,22.45,22.55,816000,,,
2016-07-07,22.8,22.825,22.525,22.525,326000,,,
2016-07-08,22.775,22.875,22.625,22.7,770000,,,
2016-07-11,23.15,23.375,23.15,23.35,490000,,,
2016-07-12,23.725,23.875,23.675,23.875,846000,,,
2016-07-13,24.4,24.4,24.05,24.15,634000,,,
2016-07-14,24.15,24.425,24.125,24.425,370000,,,
2016-07-15,24.55,24.875,24.375,24.375,784000,,,
2016-07-19,24.9,24.9,24.6,24.775,556000,,,
2016-07-20,24.875,24.875,24.7,24.8,272000,,,
2016-07-21,25.25,25.4,25.15,25.2,648000,,,
2016-07-22,24.975,24.975,24.8,24.875,502000,,,
2016-07-25,25.1,25.45,25,25,722000,,,
2016-07-26,25,25,24.5,24.725,448000,,,
2016-07-27,25,25.25,25,25.2,916000,,,
2016-07-28,25.1,25.2,24.7,25,356000,,,
2016-07-29,25.15,25.5,24.7,24.8,394000,,,
2016-08-01,24.675,24.75,24.6,24.7,462000,,,
2016-08-02,24.925,24.925,24.65,24.75,588000,,,
2016-08-03,24.125,24.2,24.1,24.125,972000,,,
2016-08-04,24.3,24.35,24.225,24.35,748000,,,
2016-08-05,24.35,24.4,24.35,24.4,444000,,,
2016-08-08,24.725,24.725,24.65,24.725,544000,,,
2016-08-09,24.725,24.725,24.65,24.65,64000,,,
2016-08-10,24.65,24.65,24.45,24.45,280000,,,
2016-08-12,24.725,24.75,24.725,24.75,218000,,,
2016-08-15,24.625,24.675,24.6,24.675,220000,,,
2016-08-16,24.725,24.725,24.4,24.4,804000,,,
2016-08-17,24.25,24.45,24.25,24.45,208000,,,
2016-08-18,24.275,24.325,24.225,24.3,356000,,,
2016-08-19,24.35,24.425,24.05,24.4,20000,,,
2016-08-22,24.45,24.475,24.35,24.475,442000,,,
2016-08-23,24.4,24.4,24.3,24.35,226000,,,
2016-08-24,24.45,24.45,24.4,24.45,46000,,,
2016-08-25,24.325,24.325,24.25,24.25,156000,,,
2016-08-26,24.4,24.4,24.1,24.325,158000,,,
2016-08-29,24.65,24.825,24.575,24.825,672000,,,
2016-08-30,24.65,24.7,24.625,24.7,144000,,,
2016-08-31,24.775,24.875,24.7,24.85,360000,,,
2016-09-01,24.9,24.9,24.85,24.9,168000,,,
2016-09-02,24.975,24.975,24.775,24.875,332000,,,
2016-09-05,25.25,25.25,25.05,25.1,372000,,,
2016-09-06,25.2,25.2,25,25.05,288000,,,
2016-09-07,24.725,24.8,24.55,24.675,178000,,,
2016-09-08,24.775,24.85,24.7,24.8,54000,,,
2016-09-09,24.8,24.825,24.75,24.8,62000,,,
2016-09-12,24.1,24.15,23.825,24,978000,,,
2016-09-13,24.475,24.65,24.325,24.5,344000,,,
2016-09-14,24.5,24.65,24.4,24.575,338000,,,
2016-09-15,24.5,24.5,24.425,24.425,452000,,,
2016-09-16,24.725,24.85,24.625,24.75,258000,,,
2016-09-20,24.675,24.825,24.675,24.825,240000,,,
2016-09-21,24.75,25,24.5,25,688000,,,
2016-09-23,24.925,24.95,24.875,24.95,142000,,,
2016-09-26,24.9,24.9,24.675,24.675,286000,,,
2016-09-27,24.45,24.65,24.225,24.575,158000,,,
2016-09-28,24.725,24.725,24.625,24.725,178000,,,
2016-09-29,24.9,25,24.875,25,426000,,,
2016-09-30,24.75,24.875,24.625,24.675,236000,,,
2016-10-03,24.975,25.1,24.925,24.975,510000,,,
2016-10-04,25.05,25.2,25.05,25.15,540000,,,
2016-10-05,25.15,25.2,25.1,25.15,286000,,,
2016-10-06,25.45,25.5,25.4,25.4,306000,,,
2016-10-07,25.4,25.5,25.4,25.45,558000,,,
2016-10-11,25.6,25.7,25.55,25.6,350000,,,
2016-10-12,25.35,25.35,25.2,25.25,268000,,,
2016-10-13,25.45,25.45,25,25,522000,,,
2016-10-14,25.15,25.15,25.05,25.15,160000,,,
2016-10-17,25.25,25.25,25.15,25.2,188000,,,
2016-10-18,25.4,25.4,25.15,25.4,190000,,,
2016-10-19,25.35,25.4,25.3,25.3,34000,,,
2016-10-20,25.2,25.35,25.2,25.35,126000,,,
2016-10-21,25.4,25.5,25.3,25.35,256000,,,
2016-10-24,25.5,25.5,25.4,25.5,166000,,,
2016-10-25,25.75,25.85,25.75,25.85,604000,,,
2016-10-26,25.7,25.7,25.6,25.65,78000,,,
2016-10-27,25.7,25.7,25.6,25.6,78000,,,
2016-10-28,25.65,25.65,25.5,25.55,176000,,,
2016-10-31,25.3,25.5,25.3,25.5,534000,,,
2016-11-01,25.3,25.5,25.3,25.5,34000,,,
2016-11-02,25.05,25.05,24.825,24.825,614000,,,
2016-11-04,24.5,24.5,24.275,24.425,1014000,,,
2016-11-07,24.8,25,24.8,24.975,316000,,,
2016-11-08,25.25,25.25,25.05,25.15,424000,,,
2016-11-09,25.55,25.8,23.525,23.65,2084000,,,
2016-11-10,25.9,25.95,25.6,25.85,1222000,,,
2016-11-11,25.7,25.7,25.2,25.3,708000,,,
2016-11-14,25.75,25.95,25.75,25.95,490000,,,
2016-11-15,25.75,25.75,25.55,25.65,504000,,,
2016-11-16,26.15,26.35,26.15,26.25,1200000,,,
2016-11-17,26.15,26.45,26.15,26.4,328000,,,
2016-11-18,26.75,27,26.75,26.9,1036000,,,
2016-11-21,27,27,26.8,26.95,426000,,,
2016-11-22,27.05,27.3,27.05,27.25,590000,,,
2016-11-24,27.45,27.65,27.45,27.55,580000,,,
2016-11-25,27.7,28,27.7,27.9,546000,,,
2016-11-28,27.85,27.85,27.35,27.55,1174000,,,
2016-11-29,27.35,27.55,27.35,27.55,312000,,,
2016-11-30,27.7,27.75,27.6,27.7,426000,,,
2016-12-01,27.9,27.9,27.75,27.75,628000,,,
2016-12-02,27.3,27.3,27.2,27.3,374000,,,
2016-12-05,27.1,27.25,27.05,27.15,496000,,,
2016-12-06,27.6,27.6,27.4,27.5,328000,,,
2016-12-07,27.55,27.7,27.55,27.7,166000,,,
2016-12-08,27.85,27.95,27.65,27.65,522000,,,
2016-12-09,28,28.2,28,28.15,1592000,,,
2016-12-12,28.55,28.7,28.35,28.45,972000,,,
2016-12-13,28.25,28.55,28.25,28.4,590000,,,
2016-12-14,28.7,28.75,28.6,28.65,518000,,,
2016-12-15,29.1,29.35,29.1,29.2,1620000,,,
2016-12-16,29.4,29.6,29.35,29.55,798000,,,
2016-12-19,29.35,29.35,29.05,29.05,606000,,,
2016-12-20,29.25,29.4,29.15,29.25,1004000,,,
2016-12-21,29.45,29.5,29.35,29.4,484000,,,
2016-12-22,29.45,29.45,29.3,29.35,688000,,,
2016-12-26,29.15,29.5,29.1,29.15,738000,,,
2016-12-27,29.2,29.35,29.2,29.35,390000,,,
2016-12-28,29.5,29.6,29.4,29.45,886000,,,
2016-12-29,29.1,29.1,27.75,28.9,2172000,,,
2016-12-30,28.8,29.1,28.5,28.95,744000,,,
2017-01-04,29.2,29.45,29.2,29.3,336000,,,
2017-01-05,29.3,29.3,28.85,29,1042000,,,
2017-01-06,28.8,29.15,28.8,29.15,624000,,,
2017-01-10,29.35,29.45,29.15,29.2,338000,,,
2017-01-11,29.5,29.6,29.4,29.5,574000,,,
2017-01-12,29.4,29.4,29.1,29.2,606000,,,
2017-01-13,29.25,29.4,29.1,29.4,494000,,,
2017-01-16,29.15,29.25,29.05,29.05,280000,,,
2017-01-17,29.2,29.2,28.95,28.95,624000,,,
2017-01-18,28.85,29.05,28.65,29.05,694000,,,
2017-01-19,29.3,29.45,29.2,29.25,454000,,,
2017-01-20,29.35,29.5,29.25,29.5,336000,,,
2017-01-23,29.15,29.15,28.9,28.95,530000,,,
2017-01-24,28.8,29,28.8,28.8,188000,,,
2017-01-25,29.4,29.45,29.25,29.35,284000,,,
2017-01-26,29.55,29.75,29.4,29.65,1486000,,,
2017-01-27,29.75,29.95,29.7,29.95,712000,,,
2017-01-30,29.9,29.9,29.75,29.85,766000,,,
2017-01-31,29.5,29.55,29.2,29.35,426000,,,
2017-02-01,29.3,29.4,29.25,29.3,362000,,,
2017-02-02,29.55,29.55,29.2,29.2,740000,,,
2017-02-03,29.25,29.45,29.25,29.25,218000,,,
2017-02-06,29.4,29.4,29.2,29.3,484000,,,
2017-02-07,29.15,29.35,29.15,29.15,260000,,,
2017-02-08,29.35,29.4,29.3,29.3,190000,,,
2017-02-09,29.4,29.6,29.35,29.5,250000,,,
2017-02-10,29.85,30.15,29.85,30.15,1066000,,,
2017-02-13,30.25,30.3,30.15,30.25,1208000,,,
2017-02-14,30.25,30.35,30.1,30.1,866000,,,
2017-02-15,30.4,30.6,30.4,30.6,1686000,,,
2017-02-16,30.7,30.75,30.55,30.65,614000,,,
2017-02-17,30.5,30.55,30.35,30.45,744000,,,
2017-02-20,30.45,30.5,30.35,30.4,690000,,,
2017-02-21,30.6,30.75,30.55,30.75,234000,,,
2017-02-22,30.8,30.85,30.7,30.75,606000,,,
2017-02-23,30.65,30.8,30.6,30.6,216000,,,
2017-02-24,30.5,30.55,30.25,30.35,676000,,,
2017-02-27,30.25,30.45,30.2,30.25,1296000,,,
2017-02-28,30.45,30.6,30.3,30.3,206000,,,
2017-03-01,30.45,30.65,30.4,30.5,454000,,,
2017-03-02,31,31.6,30.9,31.2,2516000,,,
2017-03-03,31.05,31.05,30.9,30.9,342000,,,
2017-03-06,30.9,30.9,30.8,30.85,422000,,,
2017-03-07,30.9,31.05,30.8,30.9,366000,,,
2017-03-08,30.75,31.1,30.7,30.9,460000,,,
2017-03-09,31,31.15,31,31.15,250000,,,
2017-03-10,31.35,31.4,31.2,31.35,414000,,,
2017-03-13,31.3,31.3,31.15,31.25,558000,,,
2017-03-14,31.4,31.45,31.35,31.45,206000,,,
2017-03-15,31.25,31.4,31.2,31.4,694000,,,
2017-03-16,31.2,31.3,31.1,31.3,1022000,,,
2017-03-17,31.15,31.15,31,31.15,464000,,,
2017-03-21,30.9,31,30.75,31,344000,,,
2017-03-22,30.15,30.25,30,30.15,1088000,,,
2017-03-23,30.25,30.45,30.2,30.25,734000,,,
2017-03-24,30.2,30.4,30.2,30.4,410000,,,
2017-03-27,30,30.25,29.75,29.8,1026000,,,
2017-03-28,30.1,30.35,30.1,30.25,578000,,,
2017-03-29,30.4,30.45,30.35,30.45,432000,,,
2017-03-30,30.55,30.7,30.5,30.55,450000,,,
2017-03-31,30.8,30.8,30.65,30.75,230000,,,
2017-04-03,30.7,30.75,30.6,30.75,320000,,,
2017-04-04,30.5,30.55,30.3,30.35,310000,,,
2017-04-05,30.45,30.65,30.25,30.25,1062000,,,
2017-04-06,30.2,30.3,29.85,30.15,1118000,,,
2017-04-07,30.25,30.5,30.05,30.25,1914000,,,
2017-04-10,30.45,30.7,30.15,30.55,2286000,,,
2017-04-11,30.35,30.4,30.3,30.3,266000,,,
2017-04-12,30,30.2,29.85,30,420000,,,
2017-04-13,29.7,29.75,29.5,29.75,560000,,,
2017-04-14,29.5,29.7,29.5,29.5,592000,,,
2017-04-17,29.4,29.45,29.35,29.4,1320000,,,
2017-04-18,29.9,29.95,29.8,29.8,588000,,,
2017-04-19,29.65,29.8,29.65,29.75,150000,,,
2017-04-20,29.85,29.9,29.8,29.8,226000,,,
2017-04-21,30.25,30.4,30.1,30.2,1744000,,,
2017-04-24,30.5,30.65,30.5,30.55,2462000,,,
2017-04-25,30.65,30.85,30.45,30.7,1494000,,,
2017-04-26,31.15,31.4,31.05,31.4,1030000,,,
2017-04-27,31.3,31.3,31.2,31.3,352000,,,
2017-04-28,31.5,31.65,31.4,31.65,1604000,,,
2017-05-01,31.4,31.7,31.4,31.6,1510000,,,
2017-05-02,31.95,32.1,31.8,32.1,1386000,,,
2017-05-08,32.3,32.45,32.25,32.4,1784000,,,
2017-05-09,32.5,32.7,32.45,32.55,1156000,,,
2017-05-10,32.6,32.8,32.55,32.65,1198000,,,
2017-05-11,32.85,33,32.85,32.95,1470000,,,
2017-05-12,32.75,32.85,32.7,32.75,636000,,,
2017-05-15,32.75,32.8,32.65,32.8,848000,,,
2017-05-16,32.95,33.05,32.9,33.05,684000,,,
2017-05-17,32.8,32.8,32.6,32.65,1274000,,,
2017-05-18,31.6,31.85,31.5,31.75,3456000,,,
2017-05-19,31.95,32.2,31.85,31.85,1512000,,,
2017-05-22,32,32.1,31.95,32.05,726000,,,
2017-05-23,32.1,32.2,32.1,32.15,804000,,,
2017-05-24,32.45,32.6,32.4,32.55,596000,,,
2017-05-25,32.5,32.7,32.5,32.6,722000,,,
2017-05-26,32.8,32.9,32.75,32.75,1452000,,,
2017-05-29,32.7,32.9,32.7,32.85,522000,,,
2017-05-30,32.85,32.85,32.65,32.8,508000,,,
2017-05-31,32.75,32.8,32.6,32.75,670000,,,
2017-06-01,32.65,32.8,32.65,32.8,1408000,,,
2017-06-02,33.05,33.15,32.9,33.15,868000,,,
2017-06-05,33.05,33.1,32.95,33.1,674000,,,
2017-06-06,33,33.05,32.9,32.95,712000,,,
2017-06-07,32.6,32.7,32.55,32.7,1040000,,,
2017-06-08,32.8,32.95,32.8,32.8,520000,,,
2017-06-09,32.95,33.15,32.85,33,1178000,,,
2017-06-12,32.25,32.45,32.2,32.25,2506000,,,
2017-06-13,32.15,32.4,32,32.25,2130000,,,
2017-06-14,32.45,32.55,32.4,32.4,2214000,,,
2017-06-15,32,32.15,31.8,32,1832000,,,
2017-06-16,32.2,32.35,32.15,32.3,1370000,,,
2017-06-19,32.25,32.3,32.1,32.1,452000,,,
2017-06-20,32.75,32.85,32.7,32.7,616000,,,
2017-06-21,32.5,32.5,32.3,32.4,360000,,,
2017-06-22,32.65,32.85,32.6,32.7,474000,,,
2017-06-23,32.7,32.8,32.65,32.65,2048000,,,
2017-06-26,32.8,32.9,32.75,32.9,434000,,,
2017-06-27,32.9,32.9,32.7,32.7,172000,,,
2017-06-28,32.35,32.35,32.15,32.2,1004000,,,
2017-06-29,32.85,32.9,32.75,32.8,698000,,,
2017-06-30,32.15,32.2,31.95,32,1684000,,,
2017-07-03,32.25,32.4,32.2,32.25,1018000,,,
2017-07-04,32.2,32.2,31.85,31.85,872000,,,
2017-07-05,32.05,32.2,31.9,32.05,402000,,,
2017-07-06,32.35,32.45,32.25,32.35,2120000,,,
2017-07-07,32.25,32.5,32.15,32.35,892000,,,
2017-07-10,32.85,32.85,32.65,32.8,1032000,,,
2017-07-11,32.9,33.1,32.9,33.1,2098000,,,
2017-07-12,33.05,33.05,32.85,32.95,492000,,,
2017-07-13,33.15,33.35,33.15,33.35,1900000,,,
2017-07-14,33.5,33.5,33.3,33.4,1936000,,,
2017-07-18,33.5,33.55,33.2,33.35,1880000,,,
2017-07-19,33.4,33.7,33.4,33.55,870000,,,
2017-07-20,33.7,33.75,33.6,33.65,410000,,,
2017-07-21,33.65,33.65,33.6,33.65,362000,,,
2017-07-24,33.4,33.4,33.25,33.4,742000,,,
2017-07-25,33.5,33.5,33.35,33.35,1052000,,,
2017-07-26,33.7,33.8,33.5,33.5,596000,,,
2017-07-27,33.65,33.7,33.55,33.65,542000,,,
2017-07-28,33.3,33.35,33.05,33.15,1384000,,,
2017-07-31,33.15,33.25,32.85,33.25,812000,,,
2017-08-01,32.95,33.15,32.9,33.1,1258000,,,
2017-08-02,33.3,33.4,33.2,33.4,624000,,,
2017-08-03,33.15,33.25,33.05,33.05,214000,,,
2017-08-04,32.9,32.95,32.8,32.85,566000,,,
2017-08-07,33.2,33.35,33.15,33.3,540000,,,
2017-08-08,33.2,33.2,33.05,33.1,1272000,,,
2017-08-09,32.85,32.9,32.65,32.8,1546000,,,
2017-08-10,32.8,32.95,32.75,32.75,772000,,,
2017-08-14,32.3,32.55,32.3,32.5,3164000,,,
2017-08-15,32.8,33.1,32.8,33,840000,,,
2017-08-16,33.05,33.1,33,33,262000,,,
2017-08-17,32.9,32.9,32.75,32.8,1860000,,,
2017-08-18,32.05,32.3,32,32.1,2834000,,,
2017-08-21,32,32.05,31.85,32,618000,,,
2017-08-22,31.95,32.25,31.95,32.1,1302000,,,
2017-08-23,32.6,32.7,32.35,32.55,504000,,,
2017-08-24,32.2,32.4,32.2,32.25,164000,,,
2017-08-25,32.4,32.5,32.4,32.5,286000,,,
2017-08-28,32.2,32.25,32,32.05,604000,,,
2017-08-29,31.95,32.05,31.85,31.9,512000,,,
2017-08-30,32.45,32.65,32.3,32.35,1048000,,,
2017-08-31,33.1,33.25,33.05,33.1,718000,,,
2017-09-01,33.35,33.45,33.25,33.25,422000,,,
2017-09-04,33.2,33.2,32.95,33.1,786000,,,
2017-09-05,33.15,33.35,32.85,32.95,532000,,,
2017-09-06,32.6,32.7,32.55,32.7,762000,,,
2017-09-07,32.85,32.85,32.65,32.65,156000,,,
2017-09-08,32.65,32.65,32.35,32.45,746000,,,
2017-09-11,32.5,32.65,32.4,32.6,1280000,,,
2017-09-12,33.1,33.15,32.95,32.95,2564000,,,
2017-09-13,33.35,33.45,33.05,33.15,1748000,,,
2017-09-14,33.35,33.55,33.2,33.4,662000,,,
2017-09-15,33.1,33.35,32.9,33.3,756000,,,
2017-09-19,33.75,33.75,33.6,33.7,686000,,,
2017-09-20,33.8,33.8,33.75,33.8,574000,,,
2017-09-21,34.05,34.05,33.8,33.95,746000,,,
2017-09-22,33.75,33.75,33.4,33.55,998000,,,
2017-09-25,33.75,33.85,33.5,33.5,628000,,,
2017-09-26,33.2,33.2,33.05,33.1,1518000,,,
2017-09-27,33.45,33.55,33.3,33.55,1404000,,,
2017-09-28,33.75,33.95,33.7,33.7,1196000,,,
2017-09-29,33.8,33.8,33.6,33.65,642000,,,
2017-10-02,34,34.2,34,34,690000,,,
2017-10-03,34.15,34.25,34.1,34.25,812000,,,
2017-10-04,34.1,34.2,33.9,34.05,1038000,,,
2017-10-05,34.15,34.25,34.1,34.1,670000,,,
2017-10-06,34.5,34.6,34.4,34.4,938000,,,
2017-10-10,34.4,34.65,34.4,34.65,440000,,,
2017-10-11,34.65,34.65,34.4,34.55,564000,,,
2017-10-12,34.65,34.9,34.5,34.6,990000,,,
2017-10-13,34.45,34.7,34.35,34.6,564000,,,
2017-10-16,34.6,34.65,34.55,34.65,410000,,,
2017-10-17,34.8,34.9,34.65,34.7,646000,,,
2017-10-18,34.75,34.9,34.65,34.8,686000,,,
2017-10-19,34.9,35,34.85,34.95,1146000,,,
2017-10-20,34.75,35.1,34.7,35,346000,,,
2017-10-23,35.3,35.35,35.1,35.25,466000,,,
2017-10-24,34.8,35.1,34.8,35,502000,,,
2017-10-25,35.1,35.1,34.85,34.95,430000,,,
2017-10-26,34.7,35.15,34.7,34.75,542000,,,
2017-10-27,35.05,35.35,35,35.35,520000,,,
2017-10-30,35.75,35.95,35.75,35.75,872000,,,
2017-10-31,35.6,35.8,35.5,35.75,354000,,,
2017-11-01,35.9,36.4,35.9,36.4,884000,,,
2017-11-02,36.2,36.3,35.9,35.9,3102000,,,
2017-11-06,36.5,36.6,36.3,36.5,648000,,,
2017-11-07,36.4,36.75,36.4,36.7,712000,,,
2017-11-08,36.45,36.55,36.3,36.55,886000,,,
2017-11-09,36.7,36.8,36.35,36.6,1250000,,,
2017-11-10,36.15,36.5,36.05,36.45,688000,,,
2017-11-13,36.5,36.55,36.15,36.15,686000,,,
2017-11-14,36.4,36.4,36.3,36.4,168000,,,
2017-11-15,36.2,36.2,36,36.05,410000,,,
2017-11-16,35.9,36.15,35.7,36.15,610000,,,
2017-11-17,36.5,36.5,36.05,36.3,276000,,,
2017-11-20,35.95,36.15,35.8,35.9,506000,,,
2017-11-21,36.15,36.25,35.85,36.1,208000,,,
2017-11-22,36.45,36.5,36.15,36.2,1212000,,,
2017-11-24,36.1,36.3,36.05,36.25,470000,,,
2017-11-27,36.35,36.4,36.1,36.1,214000,,,
2017-11-28,36.1,36.25,36.05,36.05,204000,,,
2017-11-29,36.5,36.5,36.25,36.25,288000,,,
2017-11-30,35.9,35.9,35.75,35.9,520000,,,
2017-12-01,36.15,36.55,36.1,36.3,2222000,,,
2017-12-04,36.75,36.75,36.35,36.45,994000,,,
2017-12-05,35.75,35.9,35.7,35.85,694000,,,
2017-12-06,35.75,35.9,35.4,35.6,1296000,,,
2017-12-07,35.8,36.15,35.8,36.15,1322000,,,
2017-12-08,36.35,36.5,36.2,36.5,1042000,,,
2017-12-11,36.7,36.7,36.55,36.65,330000,,,
2017-12-12,36.9,36.95,36.65,36.85,826000,,,
2017-12-13,36.75,36.9,36.6,36.7,1426000,,,
2017-12-14,36.75,36.75,36.5,36.55,396000,,,
2017-12-15,36.55,36.55,36.35,36.55,958000,,,
2017-12-18,37,37.3,36.9,37.25,896000,,,
2017-12-19,37.3,37.35,37.15,37.35,478000,,,
2017-12-20,37.3,37.35,37.1,37.35,402000,,,
2017-12-21,37.35,37.35,37.1,37.2,564000,,,
2017-12-22,37.2,37.25,37.1,37.15,1370000,,,
2017-12-25,37.1,37.3,37.1,37.2,510000,,,
2017-12-26,37.1,37.3,37.1,37.15,396000,,,
2017-12-27,37.05,37.15,36.9,36.95,1092000,,,
2017-12-28,37,37,36.85,36.85,344000,,,
2017-12-29,36.85,36.9,36.7,36.7,432000,,,
2018-01-04,37.35,37.65,37.3,37.6,1414000,,,
2018-01-05,37.65,37.85,37.65,37.75,652000,,,
2018-01-09,38.4,38.4,38,38.15,1302000,,,
2018-01-10,38.15,38.15,38,38.05,1190000,,,
2018-01-11,37.7,38,37.65,38,1618000,,,
2018-01-12,38,38.15,37.9,38.05,1028000,,,
2018-01-15,38.2,38.3,38.1,38.2,694000,,,
2018-01-16,38.1,38.4,38,38.25,2166000,,,
2018-01-17,37.75,38.05,37.7,37.95,1930000,,,
2018-01-18,38.5,38.6,38.25,38.4,1074000,,,
2018-01-19,38.45,38.45,38.25,38.35,368000,,,
2018-01-22,38.4,38.55,38.25,38.4,1790000,,,
2018-01-23,39,39.1,38.9,38.95,858000,,,
2018-01-24,38.85,38.95,38.75,38.85,1320000,,,
2018-01-25,38.5,38.55,38.25,38.3,1708000,,,
2018-01-26,38.6,38.7,38.5,38.55,470000,,,
2018-01-29,38.8,38.85,38.7,38.7,748000,,,
2018-01-30,38.7,38.7,38.1,38.3,1012000,,,
2018-01-31,38,38.5,38,38.25,1146000,,,
2018-02-01,38.5,38.7,38.5,38.7,816000,,,
2018-02-02,38.6,38.6,38.35,38.45,614000,,,
2018-02-05,37.45,37.65,37.35,37.55,3594000,,,
2018-02-06,35.8,35.9,34.5,35.75,5160000,,,
2018-02-07,36.85,37.1,36.45,36.45,1818000,,,
2018-02-08,36.2,36.7,36.1,36.65,1198000,,,
2018-02-09,34.95,35.3,34.8,35,1788000,,,
2018-02-13,35.95,36.1,35.7,35.7,912000,,,
2018-02-14,35.85,36,35.5,35.65,1470000,,,
2018-02-15,36.15,36.45,36.15,36.45,1354000,,,
2018-02-16,36.85,37.35,36.75,37.25,2140000,,,
2018-02-19,36.75,37.15,36.75,37.15,1532000,,,
2018-02-20,37,37.15,36.8,37.15,694000,,,
2018-02-21,37.2,37.45,37.15,37.15,800000,,,
2018-02-22,37,37,36.65,36.75,1214000,,,
2018-02-23,36.8,37.1,36.8,37.1,420000,,,
2018-02-26,37.7,37.7,37.35,37.65,642000,,,
2018-02-27,38.2,38.2,37.95,37.95,966000,,,
2018-02-28,37.95,38,37.5,37.55,1316000,,,
2018-03-01,37.25,37.45,37.1,37.2,1654000,,,
2018-03-02,36.5,36.75,36.35,36.35,2362000,,,
2018-03-05,36.5,36.6,36.2,36.4,448000,,,
2018-03-06,37.1,37.3,37.05,37.2,592000,,,
2018-03-07,36.7,36.85,36.5,36.55,462000,,,
2018-03-08,37.3,37.5,37.2,37.25,562000,,,
2018-03-09,37.75,37.9,37.65,37.7,684000,,,
2018-03-12,38.75,38.8,38.55,38.75,1544000,,,
2018-03-13,38.6,38.8,38.5,38.8,1340000,,,
2018-03-14,38.05,38.25,37.95,37.95,818000,,,
2018-03-15,38,38.05,37.7,37.95,520000,,,
2018-03-16,38.15,38.15,37.75,38,372000,,,
2018-03-19,37.7,37.9,37.4,37.5,616000,,,
2018-03-20,36.9,37.2,36.85,37.2,1150000,,,
2018-03-22,37,37.15,36.9,37,1414000,,,
2018-03-23,35.45,35.45,35.15,35.25,3586000,,,
2018-03-26,34.9,35.3,34.85,35.3,1472000,,,
2018-03-27,36.4,36.7,36.3,36.6,1350000,,,
2018-03-28,35.1,35.35,34.8,35.05,1858000,,,
2018-03-29,35.25,35.25,34.95,35.1,880000,,,
2018-03-30,35.5,35.55,35.35,35.5,612000,,,
2018-04-02,35.45,35.5,35.35,35.45,632000,,,
2018-04-03,34.55,34.6,34.35,34.4,3326000,,,
2018-04-04,34.85,34.9,34.75,34.8,722000,,,
2018-04-05,35.65,35.95,35.65,35.85,2004000,,,
2018-04-06,35.35,35.65,35.25,35.4,812000,,,
2018-04-09,35.25,35.45,35.2,35.35,616000,,,
2018-04-10,35.15,35.95,35,35.85,902000,,,
2018-04-11,35.95,35.95,35.7,35.9,534000,,,
2018-04-12,35.9,35.95,35.75,35.8,656000,,,
2018-04-13,36.1,36.35,36.1,36.25,1660000,,,
2018-04-16,36.5,36.5,36.15,36.3,786000,,,
2018-04-17,36.45,36.6,36.4,36.5,240000,,,
2018-04-18,37.05,37.35,37,37.3,2134000,,,
2018-04-19,37.3,37.45,37.3,37.3,406000,,,
2018-04-20,36.95,37,36.9,37,302000,,,
2018-04-23,36.7,36.75,36.5,36.65,1346000,,,
2018-04-24,36.75,36.9,36.7,36.8,1480000,,,
2018-04-25,36.1,36.2,35.9,36,628000,,,
2018-04-26,36.55,36.7,36.4,36.4,522000,,,
2018-04-27,37.35,37.4,37.25,37.4,1134000,,,
2018-05-01,36.65,36.75,36.65,36.7,1182000,,,
2018-05-02,37.4,37.45,37.2,37.3,858000,,,
2018-05-07,37.7,37.85,37.45,37.85,2252000,,,
2018-05-08,37.75,37.85,37.65,37.8,634000,,,
2018-05-09,37.75,37.95,37.7,37.9,320000,,,
2018-05-10,38.4,38.55,38.4,38.5,1174000,,,
2018-05-11,38.6,38.75,38.6,38.75,952000,,,
2018-05-14,39.05,39.05,38.7,38.8,2336000,,,
2018-05-15,38.8,38.9,38.75,38.8,456000,,,
2018-05-16,38.5,38.6,38.4,38.5,1548000,,,
2018-05-17,38.85,38.9,38.75,38.75,388000,,,
2018-05-18,38.9,39.05,38.5,39,1564000,,,
2018-05-21,38.95,39.15,38.95,39.05,1456000,,,
2018-05-22,39,39,38.8,39,620000,,,
2018-05-23,38.8,38.85,38.55,38.65,598000,,,
2018-05-24,38.75,38.8,38.5,38.55,380000,,,
2018-05-25,38.65,38.95,38.65,38.85,788000,,,
2018-05-28,38.9,39,38.9,38.9,274000,,,
2018-05-29,38.9,38.9,38.6,38.6,214000,,,
2018-05-30,38.2,38.45,38.15,38.45,950000,,,
2018-05-31,38.55,38.75,38.55,38.6,376000,,,
2018-06-01,38.6,38.8,38.6,38.75,384000,,,
2018-06-04,39.45,39.65,39.45,39.55,1428000,,,
2018-06-05,40,40,39.8,39.95,824000,,,
2018-06-06,40.15,40.35,40.05,40.3,834000,,,
2018-06-07,40.4,40.5,40.35,40.45,1416000,,,
2018-06-08,39.95,40.05,39.65,39.65,1788000,,,
2018-06-11,39.7,39.85,39.65,39.85,1522000,,,
2018-06-12,40.2,40.25,40.05,40.25,1010000,,,
2018-06-13,40.5,40.6,40.45,40.5,1602000,,,
2018-06-14,40.35,40.45,40.1,40.1,1340000,,,
2018-06-15,40.95,41.05,40.75,41.05,1706000,,,
2018-06-18,40.8,40.8,40.35,40.55,1798000,,,
2018-06-19,40.45,40.45,39.9,39.95,1844000,,,
2018-06-20,40.35,40.65,40.25,40.65,1698000,,,
2018-06-21,41,41.25,40.85,41.25,2194000,,,
2018-06-22,40.3,40.45,40.2,40.4,1640000,,,
2018-06-25,40.2,40.25,39.75,39.75,1428000,,,
2018-06-26,39.25,39.35,39.05,39.3,3108000,,,
2018-06-27,39.6,39.7,39.4,39.45,1140000,,,
2018-06-28,39.2,39.3,38.95,39.15,1482000,,,
2018-06-29,39.6,39.8,39.4,39.7,1090000,,,
2018-07-02,39.65,39.85,39.35,39.35,870000,,,
2018-07-03,39.9,40.15,39.85,40.1,2002000,,,
2018-07-04,39.4,39.45,39.3,39.4,1364000,,,
2018-07-05,39.45,39.5,39.25,39.5,548000,,,
2018-07-06,39.8,40.2,39.8,40.1,1656000,,,
2018-07-09,40.45,40.7,40.45,40.65,2162000,,,
2018-07-10,41.15,41.35,41,41.2,3352000,,,
2018-07-11,40.75,40.85,40.5,40.65,1138000,,,
2018-07-12,41.15,41.5,41.15,41.45,2368000,,,
2018-07-13,42.15,42.35,42.15,42.35,2084000,,,
2018-07-17,41.8,41.85,41.65,41.7,2566000,,,
2018-07-18,42.55,42.65,42.45,42.5,2510000,,,
2018-07-19,42.4,42.45,42.3,42.35,1262000,,,
2018-07-20,42.1,42.3,41.85,42.15,1340000,,,
2018-07-23,41.55,41.55,41.15,41.35,2024000,,,
2018-07-24,42,42.1,41.85,42,1442000,,,
2018-07-25,41.85,41.85,41.75,41.8,1230000,,,
2018-07-26,41.75,41.8,41.5,41.5,1834000,,,
2018-07-27,41.9,41.95,41.8,41.85,2450000,,,
2018-07-30,41.05,41.15,40.95,41.05,2472000,,,
2018-07-31,40.6,40.75,40.45,40.75,3488000,,,
2018-08-01,41.3,41.3,41.1,41.3,2100000,,,
2018-08-02,41.3,41.35,41,41.05,2764000,,,
2018-08-03,41.85,41.9,41.75,41.8,1348000,,,
2018-08-06,41.8,41.9,41.7,41.8,840000,,,
2018-08-07,42.05,42.2,41.95,42.15,1574000,,,
2018-08-08,42.1,42.15,42,42.1,1224000,,,
2018-08-09,41.85,42,41.8,41.95,1292000,,,
2018-08-10,42,42,41.65,41.8,1084000,,,
2018-08-13,41.4,41.5,41.05,41.1,2850000,,,
2018-08-14,41.5,41.75,41.5,41.7,1384000,,,
2018-08-15,41.9,42.05,41.8,41.85,1020000,,,
2018-08-16,41.25,41.65,41.15,41.6,1774000,,,
2018-08-17,41.55,41.6,41.45,41.5,876000,,,
2018-08-20,41.5,41.55,41.35,41.55,1258000,,,
2018-08-21,41.2,41.55,41,41.25,2854000,,,
2018-08-22,41.15,41.4,41.05,41.3,1286000,,,
2018-08-23,41.65,41.8,41.65,41.7,1226000,,,
2018-08-24,41.9,42,41.85,41.95,1170000,,,
2018-08-27,42.3,42.5,42.3,42.35,1760000,,,
2018-08-28,42.65,42.85,42.65,42.7,2320000,,,
2018-08-29,42.8,42.85,42.7,42.8,1026000,,,
2018-08-30,43.3,43.45,43.25,43.3,3058000,,,
2018-08-31,42.95,43.05,42.85,43.05,1338000,,,
2018-09-03,43.2,43.2,43,43,1958000,,,
2018-09-04,43.2,43.2,43,43.15,1000000,,,
2018-09-05,43.15,43.2,43,43.05,820000,,,
2018-09-06,42.5,42.6,42.35,42.4,2256000,,,
2018-09-07,41.85,41.85,41.55,41.8,2518000,,,
2018-09-10,41.75,41.9,41.75,41.9,1720000,,,
2018-09-11,42.1,42.3,42.05,42.25,2050000,,,
2018-09-12,42.55,42.55,42.35,42.45,1518000,,,
2018-09-13,42.15,42.35,42.1,42.15,2218000,,,
2018-09-14,42.9,43.05,42.8,43,1548000,,,
2018-09-18,41.85,42.2,41.8,42.15,3280000,,,
2018-09-19,42.7,42.7,42.5,42.7,1976000,,,
2018-09-20,42.7,42.7,42.5,42.6,980000,,,
2018-09-21,43.15,43.4,43.1,43.4,2998000,,,
2018-09-25,43.25,43.25,43.1,43.2,1564000,,,
2018-09-26,43.3,43.5,43.3,43.45,2420000,,,
2018-09-27,43.25,43.35,43.1,43.2,1314000,,,
2018-09-28,43.8,44,43.75,43.95,2210000,,,
2018-10-01,44.15,44.35,44,44.35,2474000,,,
2018-10-02,44.2,44.2,43.95,44.05,3064000,,,
2018-10-03,43.9,44.1,43.75,43.95,1412000,,,
2018-10-04,44.1,44.2,43.9,44,1914000,,,
2018-10-05,43.35,43.5,43.05,43.3,3762000,,,
2018-10-09,42.2,42.3,42,42.25,4142000,,,
2018-10-10,42.3,42.35,42.15,42.3,2062000,,,
2018-10-11,39.75,40,39.25,39.55,8794000,,,
2018-10-12,40.1,40.95,40,40.9,2716000,,,
2018-10-15,41.25,41.4,40.75,40.75,1704000,,,
2018-10-16,40.6,40.75,40.25,40.55,3276000,,,
2018-10-17,41.65,41.85,41.6,41.7,1918000,,,
2018-10-18,41.6,41.7,41.4,41.45,1242000,,,
2018-10-19,40.7,41.15,40.65,41.15,2758000,,,
2018-10-22,40.55,40.9,40.25,40.7,2552000,,,
2018-10-23,40.7,40.7,40.25,40.25,1926000,,,
2018-10-24,40.5,40.8,40.35,40.55,1462000,,,
2018-10-25,38.8,39.25,38.65,38.8,3522000,,,
2018-10-26,39.25,39.25,38.55,38.7,2124000,,,
2018-10-29,39.2,39.35,38.95,39.1,1124000,,,
2018-10-30,38.25,38.85,38.15,38.8,1730000,,,
2018-10-31,39.2,39.55,39.1,39.5,2474000,,,
2018-11-01,39.9,40.15,39.85,39.85,1738000,,,
2018-11-02,40.2,40.75,40,40.75,2078000,,,
2018-11-05,40,40.15,39.8,40,1022000,,,
2018-11-06,39.95,40.05,39.8,39.95,776000,,,
2018-11-07,40.35,40.85,40.2,40.2,986000,,,
2018-11-08,41.5,41.65,41.35,41.45,1734000,,,
2018-11-09,41.4,41.45,41.25,41.3,668000,,,
2018-11-12,40.6,41.15,40.6,40.95,1112000,,,
2018-11-13,39.55,39.8,39.25,39.8,2532000,,,
2018-11-14,39.8,39.8,39.5,39.5,476000,,,
2018-11-15,39.1,39.15,38.85,39.05,1634000,,,
2018-11-16,39.5,39.65,39.3,39.35,1702000,,,
2018-11-19,39.2,39.4,39.15,39.25,606000,,,
2018-11-20,37.95,38.1,37.85,37.9,1926000,,,
2018-11-21,37.2,37.7,37.2,37.65,1562000,,,
2018-11-22,37.7,37.85,37.65,37.75,1086000,,,
2018-11-26,37.45,37.8,37.45,37.75,1414000,,,
2018-11-27,38.15,38.4,38.05,38.2,1242000,,,
2018-11-28,38.7,38.95,38.7,38.85,1494000,,,
2018-11-29,39.75,39.85,39.55,39.55,950000,,,
2018-11-30,39.6,39.8,39.6,39.75,1032000,,,
2018-12-03,40.8,40.95,40.65,40.85,1876000,,,
2018-12-04,40.65,40.65,39.95,39.95,1830000,,,
2018-12-05,39,39.25,38.9,39.1,970000,,,
2018-12-06,38.75,38.75,38.15,38.25,1530000,,,
2018-12-07,39,39.2,38.85,39.05,1342000,,,
2018-12-10,37.6,37.6,37.3,37.45,1516000,,,
2018-12-11,38.3,38.45,38.1,38.2,1120000,,,
2018-12-12,38.45,38.95,38.4,38.85,666000,,,
2018-12-13,39.05,39.2,38.9,39.05,1094000,,,
2018-12-14,38.9,38.9,38.35,38.35,1686000,,,
2018-12-17,38.05,38.2,38,38.1,1358000,,,
2018-12-18,37.15,37.2,36.8,36.85,3570000,,,
2018-12-19,36.95,37.05,36.7,37,2644000,,,
2018-12-20,36.25,36.4,35.7,35.85,2792000,,,
2018-12-21,35.5,35.65,35.05,35.35,4754000,,,
2018-12-25,32.75,33.1,32.6,32.9,7792000,,,
2018-12-26,32.8,33.2,32.5,32.65,3528000,,,
2018-12-27,35.1,35.3,35,35.05,2740000,,,
2018-12-28,35.15,35.55,35.15,35.3,2196000,,,
2019-01-04,33.55,34.05,33.35,33.95,3098000,,,
2019-01-07,35.3,35.7,35.2,35.2,1670000,,,
2019-01-08,35.65,36,35.65,35.75,1036000,,,
2019-01-09,36.05,36.5,36.05,36.25,1600000,,,
2019-01-10,36.15,36.15,35.75,35.95,1088000,,,
2019-01-11,36.25,36.35,36.1,36.2,986000,,,
2019-01-15,35.95,36.35,35.8,36.35,938000,,,
2019-01-16,36.8,36.85,36.5,36.75,1494000,,,
2019-01-17,36.8,36.85,36.5,36.55,702000,,,
2019-01-18,37.1,37.5,37.1,37.45,1274000,,,
2019-01-21,37.75,37.8,37.5,37.6,1098000,,,
2019-01-22,37.55,37.65,37.15,37.2,506000,,,
2019-01-23,36.75,37.15,36.75,37.05,564000,,,
2019-01-24,36.95,37.05,36.8,37.05,436000,,,
2019-01-25,37.15,37.55,37.15,37.55,614000,,,
2019-01-28,37.65,37.65,37.35,37.5,588000,,,
2019-01-29,37.05,37.1,36.8,37,808000,,,
2019-01-30,37.1,37.15,36.85,36.95,802000,,,
2019-01-31,37.85,38,37.7,37.8,1698000,,,
2019-02-01,38,38.1,37.95,38.05,576000,,,
2019-02-04,38.25,38.35,38.2,38.3,706000,,,
2019-02-05,38.75,38.8,38.55,38.7,970000,,,
2019-02-06,39,39.05,38.85,38.85,1262000,,,
2019-02-07,38.85,38.85,38.65,38.75,764000,,,
2019-02-08,38.2,38.25,37.95,38.05,2412000,,,
2019-02-12,38.55,39,38.55,38.95,1478000,,,
2019-02-13,39.35,39.5,39.2,39.5,856000,,,
2019-02-14,39.35,39.55,39.25,39.55,1216000,,,
2019-02-15,39.35,39.35,38.9,38.9,508000,,,
2019-02-18,39.5,39.65,39.4,39.6,1808000,,,
2019-02-19,39.65,39.65,39.5,39.65,244000,,,
2019-02-20,39.55,39.75,39.55,39.6,1436000,,,
2019-02-21,39.65,39.9,39.55,39.75,1368000,,,
2019-02-22,39.35,39.55,39.35,39.55,556000,,,
2019-02-25,39.95,40,39.85,39.9,792000,,,
2019-02-26,40.05,40.05,39.7,39.8,724000,,,
2019-02-27,39.8,39.95,39.75,39.95,418000,,,
2019-02-28,40,40,39.8,39.9,968000,,,
2019-03-01,40.05,40.4,40.05,40.35,1374000,,,
2019-03-04,40.8,40.95,40.75,40.95,2166000,,,
2019-03-05,40.55,40.55,40.4,40.5,1000000,,,
2019-03-06,40.55,40.55,40.4,40.55,494000,,,
2019-03-07,40.2,40.2,40.1,40.1,1180000,,,
2019-03-08,39.8,39.85,39.4,39.4,1346000,,,
2019-03-11,39.55,39.7,39.4,39.7,1194000,,,
2019-03-12,40.6,40.75,40.6,40.75,1080000,,,
2019-03-13,40.75,40.8,40.6,40.75,800000,,,
2019-03-14,41,41.15,40.95,41.15,1864000,,,
2019-03-15,41.15,41.25,41.1,41.1,1912000,,,
2019-03-18,41.4,41.5,41.35,41.5,2016000,,,
2019-03-19,41.55,41.55,41.4,41.4,1792000,,,
2019-03-20,41.5,41.6,41.5,41.55,724000,,,
2019-03-22,42.2,42.3,42.05,42.1,3200000,,,
2019-03-25,40.95,41,40.5,40.65,2874000,,,
2019-03-26,40.95,41.2,40.95,41.05,1928000,,,
2019-03-27,41.25,41.45,41.2,41.45,1808000,,,
2019-03-28,41,41,40.65,40.7,2200000,,,
2019-03-29,41.3,41.4,41.2,41.3,1206000,,,
2019-04-01,41.85,42.15,41.85,42,3160000,,,
2019-04-02,42.4,42.4,42.15,42.15,2010000,,,
2019-04-03,42.35,42.75,42.3,42.7,3514000,,,
2019-04-04,42.75,42.85,42.65,42.65,1368000,,,
2019-04-05,42.7,42.9,42.7,42.8,1436000,,,
2019-04-08,43.15,43.15,42.75,42.8,2104000,,,
2019-04-09,43,43.1,42.9,42.9,1734000,,,
2019-04-10,42.7,42.8,42.6,42.8,1130000,,,
2019-04-11,43,43.1,42.9,43,1696000,,,
2019-04-12,43.05,43.2,43.05,43.2,1584000,,,
2019-04-15,43.4,43.45,43.3,43.35,2368000,,,
2019-04-16,43.45,43.55,43.35,43.5,2716000,,,
2019-04-17,43.6,43.75,43.55,43.65,2468000,,,
2019-04-18,43.75,43.75,43.45,43.45,1398000,,,
2019-04-19,43.8,43.85,43.7,43.8,1016000,,,
2019-04-22,43.85,43.9,43.65,43.7,3856000,,,
2019-04-23,43.85,44,43.75,44,1864000,,,
2019-04-24,44.45,44.5,44.25,44.35,2962000,,,
2019-04-25,44.7,44.85,44.5,44.7,3378000,,,
2019-04-26,44.2,44.35,44.05,44.35,2630000,,,
2019-05-07,43.7,43.75,43.3,43.45,5128000,,,
2019-05-08,42.8,43,42.75,42.85,4036000,,,
2019-05-09,42.65,42.7,42.4,42.4,1794000,,,
2019-05-10,42.35,42.75,42,42.3,4718000,,,
2019-05-13,41.95,42,41.75,41.85,1542000,,,
2019-05-14,40.5,41.1,40.5,41.1,4510000,,,
2019-05-15,41.45,41.55,41.2,41.55,1448000,,,
2019-05-16,41.8,41.8,41.55,41.7,1808000,,,
2019-05-17,42.4,42.55,42.1,42.1,2582000,,,
2019-05-20,42.25,42.3,42.1,42.15,1236000,,,
2019-05-21,41.5,41.7,41.35,41.6,1826000,,,
2019-05-22,41.95,42,41.7,41.7,1220000,,,
2019-05-23,41.55,41.55,41.3,41.3,1232000,,,
2019-05-24,40.7,40.95,40.65,40.95,2584000,,,
2019-05-27,40.6,40.7,40.55,40.6,950000,,,
2019-05-28,40.7,40.95,40.65,40.95,1130000,,,
2019-05-29,40.5,40.55,40.25,40.25,1846000,,,
2019-05-30,40.15,40.45,40.15,40.3,1960000,,,
2019-05-31,40,40.1,39.75,39.85,2500000,,,
2019-06-03,39.1,39.1,38.85,38.9,3142000,,,
2019-06-04,38.5,38.5,38.25,38.3,2240000,,,
2019-06-05,39.65,39.7,39.45,39.45,1662000,,,
2019-06-06,39.65,39.85,39.6,39.6,1046000,,,
2019-06-07,40.15,40.25,40,40.15,1332000,,,
2019-06-10,41.2,41.2,40.95,41.15,1974000,,,
2019-06-11,41.35,41.7,41.35,41.7,1922000,,,
2019-06-12,41.5,41.55,41.25,41.25,1266000,,,
2019-06-13,41.3,41.35,40.85,41.05,1400000,,,
2019-06-14,41.3,41.45,41.2,41.4,1138000,,,
2019-06-17,41.4,41.55,41.3,41.55,1486000,,,
2019-06-18,41.55,41.7,41.45,41.45,1074000,,,
2019-06-19,42.3,42.35,42.15,42.15,2328000,,,
2019-06-20,42.4,42.45,42.25,42.4,1632000,,,
2019-06-21,42.35,42.35,41.95,42.05,1956000,,,
2019-06-24,42.2,42.45,42.2,42.4,1696000,,,
2019-06-25,42.2,42.35,41.8,41.9,1982000,,,
2019-06-26,41.45,41.7,41.4,41.55,6468000,,,
2019-06-27,41.9,42.2,41.75,42.15,2684000,,,
2019-06-28,42.05,42.15,41.9,41.95,936000,,,
2019-07-01,43,43.1,42.75,43.05,3170000,,,
2019-07-02,42.8,42.95,42.75,42.9,2824000,,,
2019-07-03,42.75,42.95,42.7,42.85,2412000,,,
2019-07-04,43.15,43.2,43.1,43.2,1340000,,,
2019-07-05,43.25,43.4,43.2,43.4,1852000,,,
2019-07-08,43.3,43.3,42.9,42.9,1358000,,,
2019-07-09,43,43.2,42.8,42.85,992000,,,
2019-07-10,43.3,43.55,43.3,43.4,5830000,,,
2019-07-11,43.65,43.7,43.55,43.65,1428000,,,
2019-07-12,43.75,43.75,43.55,43.6,2034000,,,
2019-07-16,43.8,43.9,43.75,43.9,1340000,,,
2019-07-17,43.6,43.7,43.55,43.65,2350000,,,
2019-07-18,43.15,43.2,42.85,42.85,3326000,,,
2019-07-19,43.4,43.6,43.3,43.6,1948000,,,
2019-07-22,42.95,43.2,42.9,43.05,4128000,,,
2019-07-23,43.45,43.65,43.45,43.65,1286000,,,
2019-07-24,43.75,43.85,43.7,43.8,2440000,,,
2019-07-25,44.1,44.15,44.05,44.1,2282000,,,
2019-07-26,44.15,44.35,44.15,44.3,1954000,,,
2019-07-29,44.35,44.35,44.15,44.25,1048000,,,
2019-07-30,44.35,44.45,44.2,44.3,2930000,,,
2019-07-31,44.1,44.2,44,44.2,1340000,,,
2019-08-01,43.4,43.8,43.35,43.7,2512000,,,
2019-08-02,42.55,42.7,42.3,42.45,4548000,,,
2019-08-05,41.7,41.75,40.85,41.1,5144000,,,
2019-08-06,39.1,41.15,39,40.85,7346000,,,
2019-08-07,41,41.05,40.4,40.8,6252000,,,
2019-08-08,40.8,41,40.65,40.95,2464000,,,
2019-08-09,41.35,41.5,41.2,41.2,3562000,,,
2019-08-13,40.3,40.5,40.3,40.45,2986000,,,
2019-08-14,41.8,41.8,41.5,41.65,2410000,,,
2019-08-15,40.25,40.45,40.15,40.3,4456000,,,
2019-08-16,40.35,40.7,40.35,40.6,3498000,,,
2019-08-19,41.3,41.35,41.1,41.3,2500000,,,
2019-08-20,41.6,41.75,41.5,41.75,2856000,,,
2019-08-21,41.3,41.6,41.25,41.55,4206000,,,
2019-08-22,41.9,41.95,41.65,41.7,2056000,,,
2019-08-23,41.65,41.9,41.55,41.85,3666000,,,
2019-08-26,39.55,39.95,39.45,39.7,13452000,,,
2019-08-27,40.65,40.75,40.5,40.5,3934000,,,
2019-08-28,40.6,40.75,40.55,40.65,2220000,,,
2019-08-29,40.75,40.75,40.45,40.6,3466000,,,
2019-08-30,41.4,41.65,41.4,41.55,5690000,,,
2019-09-02,41,41.1,40.95,41.1,1708000,,,
2019-09-03,41,41.2,40.95,41.05,968000,,,
2019-09-04,40.75,41.3,40.75,41.3,2002000,,,
2019-09-05,41.55,42.3,41.55,42.15,5922000,,,
2019-09-06,42.55,42.7,42.5,42.5,5256000,,,
2019-09-09,42.5,42.7,42.5,42.55,2070000,,,
2019-09-10,42.55,42.7,42.4,42.45,1246000,,,
2019-09-11,42.55,42.8,42.4,42.75,3942000,,,
2019-09-12,43.35,43.5,43.25,43.3,6104000,,,
2019-09-13,43.35,43.45,43.25,43.35,4324000,,,
2019-09-17,43,43.05,42.8,42.8,3464000,,,
2019-09-18,43.1,43.15,43.05,43.1,678000,,,
2019-09-19,43.15,43.25,42.8,42.9,3578000,,,
2019-09-20,43.15,43.2,43.05,43.05,2164000,,,
2019-09-24,42.9,42.9,42.65,42.8,1856000,,,
2019-09-25,41.95,42,41.7,41.95,6062000,,,
2019-09-26,42.45,42.5,42.3,42.3,1016000,,,
2019-09-27,42.3,42.4,42.15,42.4,1162000,,,
2019-09-30,42.15,42.2,42.05,42.15,1870000,,,
2019-10-01,42.4,42.7,42.4,42.65,1854000,,,
2019-10-02,41.95,42.05,41.9,41.9,2770000,,,
2019-10-03,40.95,41,40.8,40.95,3200000,,,
2019-10-04,41.3,41.45,41.25,41.45,1814000,,,
2019-10-07,41.7,41.8,41.6,41.75,1268000,,,
2019-10-08,41.9,42.25,41.9,42.15,1656000,,,
2019-10-09,41.25,41.45,41.2,41.35,2538000,,,
2019-10-10,41.25,41.95,41.25,41.75,4316000,,,
2019-10-11,42.35,42.6,42.3,42.55,7956000,,,
2019-10-15,43.05,43.15,43,43.1,3428000,,,
2019-10-16,43.7,43.7,43.5,43.6,3548000,,,
2019-10-17,43.6,43.65,43.5,43.5,1126000,,,
2019-10-18,43.6,43.65,43.4,43.4,1246000,,,
2019-10-21,43.15,43.35,43.15,43.2,1072000,,,
2019-10-23,43,43,42.75,43,1572000,,,
2019-10-24,43.45,43.5,43.4,43.4,826000,,,
2019-10-25,43.5,43.6,43.4,43.6,1184000,,,
2019-10-28,44.2,44.3,44.2,44.2,2108000,,,
2019-10-29,44.65,44.7,44.6,44.6,2176000,,,
2019-10-30,44.3,44.35,44.2,44.25,1154000,,,
2019-10-31,44.65,44.75,44.5,44.65,4632000,,,
2019-11-01,44.1,44.35,44.1,44.3,1452000,,,
2019-11-05,45.2,45.3,45.15,45.25,3690000,,,
2019-11-06,45.3,45.3,45.15,45.3,1528000,,,
2019-11-07,45.15,45.2,44.95,45.05,4452000,,,
2019-11-08,45.45,45.6,45.25,45.25,3914000,,,
2019-11-11,45.55,45.55,45.3,45.4,2914000,,,
2019-11-12,45.45,45.65,45.35,45.55,3954000,,,
2019-11-13,45.55,45.55,45.35,45.5,2044000,,,
2019-11-14,45.45,45.55,45.3,45.4,1692000,,,
2019-11-15,45.35,45.6,45.3,45.6,2802000,,,
2019-11-18,45.65,45.8,45.65,45.8,3072000,,,
2019-11-19,45.8,45.85,45.65,45.8,2524000,,,
2019-11-20,45.65,45.75,45.5,45.65,2072000,,,
2019-11-21,45.35,45.45,45.05,45.45,4260000,,,
2019-11-22,45.45,45.65,45.35,45.55,2066000,,,
2019-11-25,45.7,45.8,45.65,45.8,1410000,,,
2019-11-26,46.15,46.45,46.1,46.25,4634000,,,
2019-11-27,46.4,46.45,46.3,46.45,2328000,,,
2019-11-28,46.65,46.7,46.55,46.65,3880000,,,
2019-11-29,46.75,46.8,46.55,46.55,4448000,,,
2019-12-02,46.65,46.85,46.65,46.75,3238000,,,
2019-12-03,45.75,46,45.65,45.95,7076000,,,
2019-12-04,45.4,45.45,45.2,45.35,4634000,,,
2019-12-05,45.55,45.75,45.55,45.55,3740000,,,
2019-12-06,45.75,45.8,45.65,45.75,836000,,,
2019-12-09,46.2,46.2,46,46.05,1780000,,,
2019-12-10,45.9,46,45.85,45.9,880000,,,
2019-12-11,45.9,46,45.85,46,752000,,,
2019-12-12,46.1,46.2,46.05,46.2,1070000,,,
2019-12-13,46.95,47.2,46.9,47.15,9618000,,,
2019-12-16,47.1,47.15,47,47.1,1938000,,,
2019-12-17,47.5,47.6,47.4,47.6,3424000,,,
2019-12-18,47.5,47.55,47.45,47.55,6682000,,,
2019-12-19,47.65,47.75,47.6,47.65,7046000,,,
2019-12-20,47.95,47.95,47.8,47.85,1956000,,,
2019-12-23,48.15,48.2,48.1,48.2,4396000,,,
2019-12-24,48.15,48.2,48.1,48.15,3954000,,,
2019-12-25,48.1,48.25,48.1,48.1,3390000,,,
2019-12-26,48.2,48.3,48.2,48.3,3032000,,,
2019-12-27,48.65,48.85,48.6,48.7,4480000,,,
2019-12-30,48.55,48.6,48.45,48.45,3806000,,,
2020-01-06,47.9,48,47.75,47.85,4036000,,,
2020-01-07,48.35,48.7,48.35,48.65,2138000,,,
2020-01-08,47.9,48.3,47.2,48.1,7232000,,,
2020-01-09,49.25,49.5,49.25,49.5,5616000,,,
2020-01-10,49.95,50.15,49.9,50.15,6516000,,,
2020-01-14,50.6,50.8,50.45,50.45,5236000,,,
2020-01-15,50.2,50.3,50.15,50.15,2226000,,,
2020-01-16,50.4,50.5,50.35,50.5,3246000,,,
2020-01-17,51.05,51.05,50.95,51,3288000,,,
2020-01-20,51.2,51.25,51.15,51.2,2090000,,,
2020-01-21,51.15,51.15,50.75,50.8,3528000,,,
2020-01-22,51,51.45,51,51.45,3528000,,,
2020-01-23,51.05,51.15,50.85,50.85,3910000,,,
2020-01-24,51.35,51.45,51.25,51.3,2264000,,,
2020-01-27,49.5,49.95,49.5,49.75,9522000,,,
2020-01-28,49.45,49.9,49.4,49.85,6754000,,,
2020-01-29,50.3,50.6,50.2,50.45,4482000,,,
2020-01-30,50.35,50.45,49.8,49.95,6226000,,,
2020-01-31,50.75,51.05,50.7,50.85,3176000,,,
2020-02-03,49.5,49.95,49.4,49.9,8034000,,,
2020-02-04,49.95,50.6,49.9,50.6,4666000,,,
2020-02-05,51.75,51.8,51.55,51.55,5724000,,,
2020-02-06,52.1,52.6,52,52.5,8066000,,,
2020-02-07,52.7,52.7,52.3,52.35,5930000,,,
2020-02-10,51.95,52.35,51.8,52.25,5868000,,,
2020-02-12,53,53.2,52.9,53.15,5656000,,,
2020-02-13,53.3,53.4,53.2,53.25,4836000,,,
2020-02-14,53.35,53.7,53.3,53.65,5972000,,,
2020-02-17,53.7,53.9,53.6,53.9,5938000,,,
2020-02-18,53.5,53.5,53.1,53.2,8920000,,,
2020-02-19,53.9,54.05,53.75,54,10066000,,,
2020-02-20,54.8,55.1,54.65,54.95,13336000,,,
2020-02-21,54.4,54.65,54.2,54.25,6170000,,,
2020-02-25,51.4,53.45,51.25,53.45,24704000,,,
2020-02-26,51.5,51.5,49.45,49.9,31060000,,,
2020-02-27,49.5,49.6,48.55,48.75,16640000,,,
2020-02-28,46.65,46.85,45.2,45.45,20094000,,,
2020-03-02,45.65,47.05,45.4,46.75,21676000,,,
2020-03-03,48.9,48.9,47.8,47.85,18652000,,,
2020-03-04,46.45,47.5,46.45,47.45,19198000,,,
2020-03-05,48.35,48.45,47.9,48.25,10710000,,,
2020-03-06,46.9,47.05,45.65,45.8,15898000,,,
2020-03-09,43,43.1,41.5,41.85,33174000,,,
2020-03-10,42.15,44.1,41.75,43.95,27884000,,,
2020-03-11,43.7,44,42.7,42.8,13854000,,,
2020-03-12,42.3,42.45,39.7,40.45,19266000,,,
2020-03-13,37.95,40.15,36.9,39.45,24342000,,,
2020-03-16,40.85,40.85,39.6,39.65,8342000,,,
2020-03-17,38.5,40.1,38.1,39.8,9064000,,,
2020-03-18,39.2,39.45,38,38.15,15738000,,,
2020-03-19,40.4,40.55,38.2,38.75,13598000,,,
2020-03-23,37.6,38,37,37.6,8182000,,,
2020-03-24,39.8,40.5,39.5,40.45,14808000,,,
2020-03-25,42.35,42.8,41.65,42.8,20466000,,,
2020-03-26,42.05,42.5,41.35,41.6,10868000,,,
2020-03-27,43.6,43.7,42.25,42.75,11322000,,,
2020-03-30,40.8,42.1,40.65,42,7368000,,,
2020-03-31,43.2,43.7,42.95,43.15,12014000,,,
2020-04-01,42.1,42.4,41.3,41.4,4868000,,,
2020-04-02,40.8,41.25,40.7,41,7350000,,,
2020-04-03,41.6,41.8,41.1,41.45,2158000,,,
2020-04-06,42.2,43.45,42.2,43.3,8974000,,,
2020-04-07,44.55,44.75,43.75,44.55,10530000,,,
2020-04-08,44.25,45.05,43.8,45,6238000,,,
2020-04-09,45.5,45.6,45.1,45.2,5408000,,,
2020-04-10,45.5,45.5,45,45.4,3832000,,,
2020-04-13,44.8,44.85,44.35,44.35,6194000,,,
2020-04-14,45.6,46.45,45.45,46.35,8786000,,,
2020-04-15,47.15,47.25,46.95,47,9542000,,,
2020-04-16,46.6,47.2,46.45,47.15,8882000,,,
2020-04-17,48.75,48.95,48.55,48.85,16374000,,,
2020-04-20,47.95,48.35,47.8,48.1,11864000,,,
2020-04-21,47.75,47.95,47.15,47.3,11812000,,,
2020-04-22,46.4,46.45,45.9,46.4,10930000,,,
2020-04-23,47.15,47.35,46.95,47.2,6622000,,,
2020-04-24,46.75,46.8,46.4,46.6,5070000,,,
2020-04-27,47.75,48.45,47.65,48.3,17194000,,,
2020-04-28,48.05,48.15,47.8,48.1,9412000,,,
2020-04-30,49.15,49.45,49.05,49.3,17166000,,,
2020-05-01,48.25,48.25,47.75,47.85,10068000,,,
2020-05-07,48.25,48.65,48.25,48.65,10878000,,,
2020-05-08,49.3,49.8,49.3,49.8,18710000,,,
2020-05-11,50.1,50.35,50.05,50.1,11758000,,,
2020-05-12,50.55,50.65,50.2,50.55,13008000,,,
2020-05-13,49.05,49.6,48.9,49.45,26194000,,,
2020-05-14,48.95,49,48.6,48.6,12972000,,,
2020-05-15,49.65,49.7,49.2,49.35,15806000,,,
2020-05-18,49.75,50.05,49.75,49.8,10102000,,,
2020-05-19,50.9,50.95,50.6,50.75,17148000,,,
2020-05-20,50.85,51.15,50.85,51.05,8848000,,,
2020-05-21,51.65,51.7,51.4,51.55,14306000,,,
2020-05-22,51.3,51.35,50.45,50.6,13764000,,,
2020-05-25,51.6,51.65,51.3,51.65,9320000,,,
2020-05-26,51.8,52.4,51.8,52.4,16556000,,,
2020-05-27,51.2,51.75,51,51.65,17956000,,,
2020-05-28,51.55,51.8,51.05,51.5,20616000,,,
2020-05-29,51.3,51.45,51.1,51.2,7972000,,,
2020-06-01,51.85,52.2,51.85,52.05,13904000,,,
2020-06-02,52.15,52.4,52.05,52.35,8614000,,,
2020-06-03,53.3,53.4,53,53.3,20692000,,,
2020-06-04,53.55,53.55,53.25,53.4,9788000,,,
2020-06-05,53.2,53.65,53.15,53.65,8906000,,,
2020-06-08,54.75,54.8,54.45,54.55,14816000,,,
2020-06-09,54.3,54.3,53.85,54.1,19658000,,,
2020-06-10,54.45,54.65,54.4,54.5,15218000,,,
2020-06-11,54.45,54.7,54.15,54.25,18376000,,,
2020-06-12,52.3,52.9,51.9,52.8,36460000,,,
2020-06-15,51.95,52.15,51.05,51.1,22908000,,,
2020-06-16,53.65,54.15,53.5,54,65486000,,,
2020-06-17,54.4,54.4,53.95,54.1,40476000,,,
2020-06-18,53.95,54,53.4,53.95,12412000,,,
2020-06-19,54.35,54.35,54.15,54.3,11066000,,,
2020-06-22,53.7,54.25,53.6,54,43894000,,,
2020-06-23,55.05,55.1,54,54.9,27650000,,,
2020-06-24,55,55.35,54.95,55.3,14658000,,,
2020-06-25,54.1,54.5,54,54.35,20278000,,,
2020-06-26,55,55,54.75,54.85,14968000,,,
2020-06-29,53.5,53.8,53.25,53.3,15014000,,,
2020-06-30,54.45,54.75,54.45,54.45,14038000,,,
2020-07-01,55.4,55.6,55.05,55.15,17086000,,,
2020-07-02,55.8,56.05,55.75,56.05,11312000,,,
2020-07-03,56.4,56.5,56.25,56.5,10920000,,,
2020-07-06,56.65,57.3,56.6,57.25,21566000,,,
2020-07-07,57.9,58,57.55,57.75,19444000,,,
2020-07-08,57.55,57.7,57.3,57.35,20624000,,,
2020-07-09,58.1,58.15,57.9,58,18592000,,,
2020-07-10,58.45,58.5,57.7,57.8,30852000,,,
2020-07-13,58.95,59.1,58.8,59.05,29116000,,,
2020-07-14,57.9,57.95,57.65,57.7,29084000,,,
2020-07-15,58.25,58.35,57.95,58.2,20138000,,,
2020-07-16,57.75,57.75,57.35,57.45,28732000,,,
2020-07-17,57.45,57.65,57.45,57.55,14410000,,,
2020-07-20,57.85,58,57.45,57.65,11966000,,,
2020-07-21,59.5,60.1,59.45,60.05,25104000,,,
2020-07-22,58.9,59.05,58.7,58.9,18030000,,,
2020-07-27,56.2,56.6,56.15,56.55,31888000,,,
2020-07-28,57.2,57.5,57.15,57.4,18904000,,,
2020-07-29,56.5,56.5,56.1,56.3,21908000,,,
2020-07-30,56.95,57,56.8,56.95,15046000,,,
2020-07-31,57.95,58.05,57.35,57.45,19580000,,,
2020-08-03,58.65,59.1,58.6,58.8,19096000,,,
2020-08-04,59.45,59.65,59.35,59.6,12982000,,,
2020-08-05,59.45,59.6,59.2,59.6,9548000,,,
2020-08-06,59.4,59.55,59.2,59.25,11520000,,,
2020-08-07,60.15,60.35,59.8,59.85,20244000,,,
2020-08-11,59.5,59.85,59.45,59.85,16238000,,,
2020-08-12,58.95,59.15,58.75,59.1,25268000,,,
2020-08-13,60.25,60.3,60,60.05,22360000,,,
2020-08-14,60.7,60.8,60.6,60.7,24252000,,,
2020-08-17,60.3,60.45,60.15,60.4,10016000,,,
2020-08-18,60.7,60.7,60.35,60.45,9066000,,,
2020-08-19,60.85,61.1,60.7,61.05,15594000,,,
2020-08-20,60.65,60.75,60.35,60.55,14694000,,,
2020-08-21,61.5,61.7,61.4,61.45,13960000,,,
2020-08-24,62.05,62.25,62,62.25,15584000,,,
2020-08-25,62.5,62.7,62.45,62.65,19364000,,,
2020-08-26,63.3,63.45,63.2,63.25,16824000,,,
2020-08-27,64.1,64.3,64.05,64.25,29828000,,,
2020-08-28,64.6,65,64.3,64.6,47630000,,,
2020-08-31,64.45,64.8,64.35,64.65,30910000,,,
2020-09-01,65.15,65.3,65,65.2,27956000,,,
2020-09-02,66.4,66.7,66.3,66.65,39808000,,,
2020-09-03,66.95,66.95,66.45,66.5,47046000,,,
2020-09-04,62.4,63.3,62.35,63.3,91172000,,,
2020-09-07,61.9,62.05,61.4,61.45,41018000,,,
2020-09-08,62.35,62.4,61.8,62.25,27058000,,,
2020-09-09,59.35,60.1,59.25,59.95,55492000,,,
2020-09-10,61.45,61.6,60.95,61.35,32768000,,,
2020-09-11,60.3,60.8,60.1,60.8,26444000,,,
2020-09-14,60.25,60.55,60.1,60.55,31526000,,,
2020-09-15,60.6,60.75,60.25,60.75,16682000,,,
2020-09-16,61.1,61.45,60.85,61.3,16558000,,,
2020-09-17,60.1,60.15,59.1,59.25,32002000,,,
2020-09-18,58.85,59.25,58.65,59.25,27442000,,,
2020-09-23,59.3,59.6,59.15,59.5,16042000,,,
2020-09-24,57.55,58.1,57.4,57.65,61098000,,,
2020-09-25,58.65,58.85,58.4,58.4,17596000,,,
2020-09-28,59.85,60,59.65,59.95,21230000,,,
2020-09-29,61.15,61.4,61.05,61.35,33248000,,,
2020-09-30,60.9,61.35,59.9,59.9,44268000,,,
2020-10-01,0,0,0,0,0,,,
2020-10-02,62.05,62.1,60.3,60.5,64462000,,,
2020-10-05,60.75,60.95,60.6,60.8,26150000,,,
2020-10-06,61.35,61.55,61.25,61.5,27304000,,,
2020-10-07,60.4,60.85,60.3,60.75,32906000,,,
2020-10-08,61.9,62,61.75,61.85,30930000,,,
2020-10-09,62.25,62.35,62.1,62.2,27400000,,,
2020-10-12,62.85,63.05,62.7,63.05,26636000,,,
2020-10-13,64.55,64.65,64.2,64.6,35462000,,,
2020-10-14,64.65,64.95,64.6,64.75,22064000,,,
2020-10-15,63.7,63.75,63.25,63.4,35536000,,,
2020-10-16,63.6,63.65,63,63.35,26594000,,,
2020-10-19,63.4,63.65,63.35,63.6,19300000,,,
2020-10-20,62.6,62.8,62.4,62.65,22788000,,,
2020-10-21,62.5,62.65,62.35,62.4,13504000,,,
2020-10-22,61.7,61.75,61.4,61.55,12290000,,,
2020-10-23,61.95,62,61.65,61.75,17902000,,,
2020-10-26,61.7,61.8,61.65,61.65,8154000,,,
2020-10-27,61,61.25,60.95,61.2,20604000,,,
2020-10-28,61.1,61.15,60.9,61.05,13312800,,,
2020-10-29,59.2,59.65,59.15,59.65,29383000,,,
2020-10-30,59.5,59.5,58.45,58.5,20407200,,,
2020-11-02,58.4,58.95,58.3,58.9,35035600,,,
2020-11-04,60.05,62.35,59.6,61.4,67715200,,,
2020-11-05,62.5,63.3,62.25,63.3,57648200,,,
2020-11-06,63.4,63.4,62.4,62.8,27572800,,,
2020-11-09,64.05,65.05,63.95,65,45206400,,,
2020-11-10,63.15,63.3,62.05,62.3,42784000,,,
2020-11-11,61.8,62.25,61.7,62.15,22179200,,,
2020-11-12,63.6,63.6,62.85,63.3,16834000,,,
2020-11-13,63.1,63.1,62.75,63,8886600,,,
2020-11-16,63.8,63.9,63.6,63.8,11436600,,,
2020-11-17,63.85,63.85,63.45,63.45,13291200,,,
2020-11-18,63.2,63.2,62.85,62.9,6187200,,,
2020-11-19,62.5,62.6,62.2,62.4,7830800,,,
2020-11-20,62.75,63.15,62.75,62.95,8535800,,,
2020-11-24,63.25,63.45,63.2,63.2,20375400,,,
2020-11-25,64.2,64.45,64,64,29988800,,,
2020-11-26,64.35,64.5,64.25,64.5,21157400,,,
2020-11-27,64.2,64.25,63.95,64.2,12942200,,,
2020-11-30,64.9,64.95,64.25,64.3,17590200,,,
2020-12-01,65.2,65.55,65.2,65.45,15863800,,,
2020-12-02,65.7,65.8,65.6,65.7,16466800,,,
2020-12-03,65.95,66.1,65.9,66.05,14386400,,,
2020-12-04,65.7,65.85,65.6,65.8,12382400,,,
2020-12-07,66.15,66.2,65.8,65.95,13588200,,,
2020-12-08,66.2,66.3,66.1,66.3,10798600,,,
2020-12-09,66.65,66.8,66.6,66.65,17641400,,,
2020-12-10,65.25,65.35,65.1,65.15,29456600,,,
2020-12-11,65.4,65.45,65.05,65.1,12552600,,,
2020-12-14,65.35,65.45,65.2,65.3,14128400,,,
2020-12-15,65.65,65.75,65.4,65.6,24354200,,,
2020-12-16,66.05,66.15,65.95,66.05,12410000,,,
2020-12-17,66.4,66.45,66.2,66.45,15940000,,,
2020-12-18,66.5,66.6,66.45,66.6,16205800,,,
2020-12-21,66.75,66.85,66.45,66.85,19271600,,,
2020-12-22,66.4,66.6,66.15,66.25,18420600,,,
2020-12-23,66.65,66.65,66.2,66.45,11754200,,,
2020-12-24,66.35,66.45,66.25,66.4,8027000,,,
2020-12-25,66.65,66.7,66.45,66.5,5320200,,,
2020-12-28,66.75,67,66.6,66.9,13845600,,,
2020-12-29,67.4,67.6,67.4,67.6,37885200,,,
2020-12-30,67.3,67.4,67.15,67.35,12765200,,,
2021-01-04,67.25,67.25,66.9,67.1,15013600,,,
2021-01-05,66.2,66.45,66.05,66.1,21008600,,,
2021-01-06,66.5,66.75,65.5,65.65,17904800,,,
2021-01-07,66.15,66.55,66,66.45,21968200,,,
2021-01-08,67.95,68.3,67.95,68.25,16435200,,,
2021-01-12,68.1,68.3,68.05,68.15,25432000,,,
2021-01-13,67.7,67.85,67.55,67.8,12953200,,,
2021-01-14,68.1,68.45,68.05,68.2,10250400,,,
2021-01-15,67.9,67.9,67.4,67.4,7476800,,,
2021-01-18,67,67.15,66.9,67.15,8369400,,,
2021-01-19,67.35,68.2,67.35,68,10509200,,,
2021-01-20,68.6,68.65,68.35,68.55,14265200,,,
2021-01-21,69.8,70.15,69.75,70.05,24553200,,,
2021-01-22,70.15,70.2,69.9,69.95,12880000,,,
2021-01-25,70.45,70.75,70.35,70.7,19877600,,,
2021-01-26,70.7,70.75,70.25,70.4,11461600,,,
2021-01-27,71.05,71.2,71.05,71.2,13209800,,,
2021-01-28,68.5,69.3,68.45,68.75,45307600,,,
2021-01-29,69.35,69.6,68.55,68.75,23486800,,,
2021-02-01,67.8,68.8,67.75,68.8,35068400,,,
2021-02-02,70.35,70.95,70.25,70.85,20255200,1429324030,0,0
2021-02-03,71.7,72,71.65,72,20736800,1488812200,0,0
2021-02-04,71.4,71.55,71,71.25,21809800,1555210390,0,0
2021-02-05,72.45,72.75,72.25,72.7,19042800,1380871360,0,0
2021-02-08,72.75,73.1,72.65,73.05,16761800,1222624860,0,0
2021-02-09,72.9,72.9,72.55,72.65,11137800,810215640,0,0
2021-02-10,72.5,72.8,72.4,72.7,12289600,893018830,0,0
2021-02-12,72.75,72.9,72.7,72.85,9438200,686901570,0,0
2021-02-15,73.5,73.75,73.5,73.65,18941000,1394458550,0,0
2021-02-16,73.9,74.3,73.9,74.15,13118000,972400460,0,0
2021-02-17,73.8,73.95,73.6,73.75,10389600,766011960,0,0
2021-02-18,73.4,73.55,72.95,73.05,17452000,1279036060,0,0
2021-02-19,72.8,73,72.5,72.8,20322600,1478570780,0,0
2021-02-22,72.65,72.8,72.3,72.35,16325000,1184299150,0,0
2021-02-24,70.35,70.8,69.8,69.95,64342200,4517743440,0,0
2021-02-25,71.5,71.6,71.3,71.55,23999200,1715772340,0,0
2021-02-26,68.95,69.05,68.1,68.3,43846200,3008050460,0,0
2021-03-01,70.15,70.7,70.05,70.45,38162200,2683378040,0,0
2021-03-02,72.1,72.15,71.45,71.5,17391000,1249385800,0,0
2021-03-03,70.85,71.2,70.7,71.15,10203600,723603810,0,0
2021-03-04,68.35,68.7,67.9,68.3,35646400,2434139950,0,0
2021-03-05,67.85,68.5,67.3,68.5,33937400,2300683570,0,0
2021-03-08,69.7,69.7,68.75,68.85,23015800,1596721730,0,0
2021-03-09,68.3,69.05,68.2,68.85,31406400,2154555380,0,0
2021-03-10,70.35,70.55,70.1,70.3,21885200,1538859270,0,0
2021-03-11,70.2,70.8,69.95,70.75,15529800,1092425290,0,0
2021-03-12,71.95,72.1,71.65,71.75,19432000,1397233190,0,0
2021-03-15,71.7,71.9,71.45,71.45,21437400,1535665200,0,0
2021-03-16,72.25,72.7,72.15,72.65,12318200,892009690,0,0
2021-03-17,72.6,72.75,72.35,72.65,8050800,584441350,0,0
2021-03-18,73.05,73.35,72.6,72.9,14858200,1084417080,0,0
2021-03-19,70.65,70.9,70.5,70.55,19248400,1361109160,0,0
2021-03-22,71.05,71.35,70.8,71.2,11780800,838216530,0,0
2021-03-23,72.15,72.3,71.7,71.75,10631600,764805010,0,0
2021-03-24,71.65,71.95,71.6,71.65,18459400,1325243540,0,0
2021-03-25,70.65,70.9,70.45,70.7,27793200,1966175120,0,0
2021-03-26,70.9,71.3,70.75,71.3,8879600,630857170,0,0
2021-03-29,71.9,71.95,71.05,71.35,25993400,1858577630,0,0
2021-03-30,72.25,72.3,71.95,72.05,11964000,862941300,0,0
2021-03-31,72.1,72.55,72,72.4,21823800,1580013310,0,0
2021-04-01,73.65,73.8,73.5,73.8,44378200,3268449970,0,0
2021-04-02,74.8,75,74.75,74.9,22519000,1686448250,0,0
2021-04-05,75,75,74.7,74.9,16193800,1212352120,0,0
2021-04-06,76.1,76.15,75.85,75.85,20618600,1567367080,0,0
2021-04-07,75.75,75.8,75.4,75.6,15756400,1190986130,0,0
2021-04-08,76.05,76.45,75.9,76.4,15535800,1182551710,0,0
2021-04-09,76.5,76.7,76.15,76.25,23987800,1834729460,0,0
2021-04-12,76.7,76.9,76.55,76.55,15810000,1212603070,0,0
2021-04-13,76.7,76.85,76.6,76.65,19177800,1470214240,0,0
2021-04-14,77.15,77.3,77.05,77.25,12465600,961671530,0,0
2021-04-15,76.2,76.45,76.1,76.4,20528600,1565419050,0,0
2021-04-16,77.15,77.2,76.95,77.1,11042400,851240070,0,0
2021-04-19,77.05,77.4,77,77.2,12228000,944167690,0,0
2021-04-20,76.3,76.5,76.15,76.35,25160800,1919599260,0,0
2021-04-21,75.4,75.4,75,75.15,28606200,2152255300,0,0
2021-04-22,76.05,76.3,76,76.3,12548200,955513120,0,0
2021-04-23,75.3,75.45,75.2,75.3,11974000,901750980,0,0
2021-04-26,76.1,76.25,76,76.1,14286600,1087653250,0,0
2021-04-27,76.95,77.1,76.85,77,23386200,1800113880,0,0
2021-04-28,76.95,77.15,76.95,77,13909200,1071621620,0,0
2021-04-30,76.85,76.9,76.5,76.6,19205600,1472802060,0,0
2021-05-06,74.8,75,74.6,74.95,24458200,1829486280,0,0
2021-05-07,75.2,75.6,75.1,75.35,8820200,664601870,0,0
2021-05-10,75.65,75.85,75.55,75.7,14167400,1072571610,0,0
2021-05-11,73.65,73.7,72.8,73.3,46979800,3441453110,0,0
2021-05-12,73.6,73.7,72.8,73.1,43362200,3173483800,0,0
2021-05-13,72.35,72.65,72.25,72.3,51752200,3749118490,0,0
2021-05-14,72.8,73.3,72.75,73.2,16725800,1221478560,0,0
2021-05-17,74.25,74.3,73.9,74,26258600,1945789890,0,0
2021-05-18,73.8,74.1,73.75,74.05,16641400,1229436030,0,0
2021-05-19,72.7,73.1,72.55,72.65,16135000,1174071820,0,0
2021-05-20,73.1,73.35,73,73.2,10026600,733298510,0,0
2021-05-21,74.55,74.75,74.4,74.45,14394800,1073361320,0,0
2021-05-24,73.85,74.25,73.75,74.05,16042600,1186986450,0,0
2021-05-25,75.3,75.55,75.1,75.5,16018600,1206813770,0,0
2021-05-26,75.5,75.65,75.5,75.65,17369800,1312409730,0,0
2021-05-27,75.85,75.9,75.55,75.7,12070800,913873730,0,0
2021-05-28,76.25,76.4,76.15,76.2,11559000,881684860,0,0
2021-05-31,76.3,76.4,76.05,76.2,6099800,464699130,0,0
2021-06-01,75.95,76,75.7,75.95,4074600,309235890,0,0
2021-06-02,75.6,75.95,75.6,75.9,5334000,404135050,0,0
2021-06-03,75.95,76.15,75.95,76.15,3814000,290061600,0,0
2021-06-04,75.5,75.6,75.25,75.4,14556000,1098120000,0,0
2021-06-07,76.45,76.5,76.15,76.15,16696600,1273471590,0,0
2021-06-08,76.45,76.8,76.4,76.6,11914400,912093030,0,0
2021-06-09,76.6,76.7,76.5,76.55,3011000,230605300,0,0
2021-06-10,76.65,76.8,76.65,76.65,4282600,328538590,0,0
2021-06-11,77.35,77.5,77.3,77.4,23425400,1813801240,0,0
2021-06-14,77.95,78,77.85,77.95,10475600,816604070,0,0
2021-06-15,78.7,78.95,78.65,78.85,13132400,1034807820,0,0
2021-06-16,78.25,78.35,78.2,78.2,25771000,2016605560,0,0
2021-06-17,77.85,78.05,77.65,77.9,11643800,906373450,0,0
2021-06-18,79.25,79.3,79.05,79.2,13671400,1082656810,0,0
2021-06-21,78.3,78.4,77.75,77.9,47134600,3682954640,0,0
2021-06-22,79.05,79.15,78.9,79.15,10025000,792394000,0,0
2021-06-23,80,80.35,79.95,80.3,21874600,1752731270,0,0
2021-06-24,80.35,80.45,80.2,80.25,6972200,560270150,0,0
2021-06-25,80.6,80.7,80.5,80.65,16101000,1298002590,0,0
2021-06-28,80.6,80.6,80.35,80.5,12877600,1036111420,0,0
2021-06-29,81.2,81.2,80.95,81.15,14657600,1188740540,0,0
2021-06-30,81.65,81.75,81.45,81.6,19065800,1555813880,0,0
2021-07-01,81.95,82,81.8,81.95,10881200,891291500,0,0
2021-07-02,82.05,82.25,82,82.05,6900000,566554210,0,0
2021-07-05,82.9,82.9,82.65,82.7,13334800,1103843150,0,0
2021-07-06,82.65,82.75,82.4,82.45,18612600,1537718210,0,0
2021-07-07,82.7,82.9,82.55,82.8,20726400,1714863570,0,0
2021-07-08,83,83.05,82.5,82.5,13318200,1102097950,0,0
2021-07-09,81.65,82,81.45,81.85,23988200,1960541400,0,0
2021-07-12,82.8,82.8,82.5,82.65,10141200,838348890,0,0
2021-07-13,83.2,83.25,83.1,83.15,10005000,832258340,0,0
2021-07-14,83.15,83.35,83.1,83.1,12113800,1007966550,0,0
2021-07-15,83.05,83.05,82.7,82.9,8587000,712165230,0,0
2021-07-16,82.05,82.4,81.85,82.35,19347600,1588133070,0,0
2021-07-19,81.45,81.6,81.3,81.55,22857400,1862284850,0,0
2021-07-20,80.9,81.2,80.75,81.05,28705400,2323910980,0,0
2021-07-21,82.1,82.1,81.7,81.8,13353800,1093899780,0,0
2021-07-26,84.6,84.7,84.15,84.25,19409800,1638650440,0,0
2021-07-27,84.4,84.45,84.2,84.2,8413200,709388040,0,0
2021-07-28,83,83.3,82.8,83.15,22867400,1898360390,0,0
2021-07-29,83.4,83.45,83.05,83.25,5947800,495320890,0,0
2021-07-30,82.4,82.5,82.15,82.2,24150400,1987826720,0,0
2021-08-02,83.3,83.55,83.25,83.5,10071400,839667990,0,0
2021-08-03,82.8,82.9,82.65,82.8,13409800,1110503670,0,0
2021-08-04,83,83.2,82.85,83.2,6928200,575339100,0,0
2021-08-05,83.65,83.9,83.65,83.75,13913200,1165875710,0,0
2021-08-06,84.2,84.4,84.2,84.3,12454800,1049869880,0,0
2021-08-10,84.45,84.55,84.3,84.5,13451400,1135793490,0,0
2021-08-11,84.2,84.35,84.1,84.25,6662400,561025410,0,0
2021-08-12,83.8,83.85,83.7,83.75,7169400,600741020,0,0
2021-08-13,84.15,84.3,84.15,84.2,5759800,484997860,0,0
2021-08-16,83.9,83.9,83.55,83.7,6863200,574735490,0,0
2021-08-17,83.75,83.75,83.5,83.55,10141600,847817710,0,0
2021-08-18,82.9,83.4,82.9,83.35,10733200,891651930,0,0
2021-08-19,82.5,82.9,82.5,82.6,12988000,1073863840,0,0
2021-08-20,82.85,83.15,82.6,82.85,13013600,1079132180,0,0
2021-08-23,83.95,84.3,83.95,84.25,10483000,881732640,0,0
2021-08-24,85.05,85.3,85,85.3,14050000,1195721130,0,0
2021-08-25,85.3,85.4,85.2,85.3,9437400,805113930,0,0
2021-08-26,85.45,85.55,85.25,85.4,8708600,743615940,0,0
2021-08-27,85.1,85.35,84.95,85.3,8036000,684263920,0,0
2021-08-30,85.95,85.95,85.6,85.75,16826600,1443109340,0,0
2021-08-31,86.75,87.05,86.65,87,11285800,979654960,0,0
2021-09-01,86.85,87.25,86.8,87.15,13423200,1167683650,0,0
2021-09-02,87,87.1,86.8,86.9,16941600,1473318310,0,0
2021-09-03,86.8,87,86.7,86.95,11650600,1012130350,0,0
2021-09-06,86.9,87.1,86.85,87.1,9502800,826331520,0,0
2021-09-07,87.15,87.2,87,87.1,7323400,637998220,0,0
2021-09-08,87.35,87.6,87.35,87.5,8876000,776258930,0,0
2021-09-09,87,87.1,86.65,86.65,10026400,870734710,0,0
2021-09-10,86.45,86.75,86.3,86.65,17674400,1528874640,0,0
2021-09-13,86.1,86.2,85.75,86.05,25817200,2219940500,0,0
2021-09-14,86,86.15,85.9,86.05,8091600,696221090,0,0
2021-09-15,85.55,85.6,85.2,85.45,13256400,1132522870,0,0
2021-09-16,85.85,85.9,85.5,85.55,15468000,1325984480,0,0
2021-09-17,85.9,86.4,85.9,86.4,13958800,1202105290,0,0
2021-09-21,83.2,83.8,83.2,83.6,56228800,4695548810,0,0
2021-09-22,82.8,83.75,82.55,83.65,24118400,2007455630,0,0
2021-09-24,85.55,85.8,85.45,85.5,11992200,1026541590,0,0
2021-09-27,86.05,86.4,85.95,86.35,8823600,760369800,0,0
2021-09-28,85.4,85.7,85.1,85.7,11812600,1009341960,0,0
2021-09-29,83.7,84.1,83.55,84,23416000,1963373910,0,0
2021-09-30,83.9,84.5,83.8,84.25,14828400,1247311790,0,0
2021-10-01,83.2,83.25,82.2,82.4,34812400,2872190180,0,0
2021-10-04,83.4,83.4,82.7,82.8,22787400,1891834880,0,0
2021-10-05,81.5,81.9,81.1,81.75,23230800,1892774360,0,0
2021-10-06,82.75,83,82.35,82.55,21040200,1737037420,0,0
2021-10-07,83.6,84.2,83.5,84,16245200,1361035420,0,0
2021-10-08,84.55,84.7,84.2,84.25,13507400,1140574230,0,0
2021-10-11,83.75,84.5,83.7,84.45,8113600,682114640,0,0
2021-10-12,84.35,84.5,83.9,84.05,8566400,720560540,0,0
2021-10-13,84,84.25,83.9,84.05,6256400,526020130,0,0
2021-10-14,85,85.5,84.95,85.5,17191600,1464944570,0,0
2021-10-15,87,87.4,86.65,87.4,18874600,1642141030,0,0
2021-10-18,87.4,87.6,87.25,87.45,11281400,985993950,0,0
2021-10-19,88.5,88.75,88.35,88.45,11957600,1058488960,0,0
2021-10-20,89.45,89.5,89.15,89.3,17027400,1519994920,0,0
2021-10-21,88.9,89,88.4,88.45,12230200,1085169560,0,0
2021-10-22,88.75,89.2,88.75,88.95,14141000,1257825820,0,0
2021-10-25,88.15,88.5,88.05,88.5,8982600,792624910,0,0
2021-10-26,89.55,90,89.5,89.85,11844200,1063017630,0,0
2021-10-27,89.95,90.05,89.65,89.95,16107000,1447456700,0,0
2021-10-28,90,90.1,89.75,89.8,7993400,718943530,0,0
2021-10-29,90.2,90.3,89.9,90,24314000,2190247310,0,0
2021-11-01,91.85,92.1,91.7,91.95,20297200,1865976410,0,0
2021-11-02,91.8,91.85,91.35,91.55,11650400,1067635570,0,0
2021-11-04,93.5,93.6,93.45,93.55,11297000,1056341980,0,0
2021-11-05,94.25,94.3,93.9,94.15,19098400,1796905610,0,0
2021-11-08,93.8,93.9,93.65,93.85,16853600,1579442580,0,0
2021-11-09,93.6,93.6,93.05,93.25,12300800,1147706670,0,0
2021-11-10,92.5,92.65,92.2,92.5,19876400,1837168370,0,0
2021-11-11,92.25,92.75,92.25,92.5,14503800,1340668440,0,0
2021-11-12,92.85,93.15,92.75,93,7139800,663738960,0,0
2021-11-15,93.75,93.8,93.5,93.65,11370800,1065104930,0,0
2021-11-16,93.65,93.95,93.55,93.55,14257200,1336047930,0,0
2021-11-17,94.95,94.95,94.75,94.95,12368200,1173146010,0,0
2021-11-18,94.4,94.65,94.2,94.5,12879600,1216521530,0,0
2021-11-19,95.45,96.1,95.45,96,16761200,1605039040,0,0
2021-11-22,95.9,96.2,95.8,96.1,13254800,1272246280,0,0
2021-11-24,95,95.2,94.7,95.05,22057200,2095270900,0,0
2021-11-25,95.65,95.95,95.55,95.95,14285400,1368238330,0,0
2021-11-26,95.45,95.45,94.45,94.55,33970400,3227231760,0,0
2021-11-29,93.1,93.575,93.025,93.025,40780600,3805234995,0,0
2021-11-30,94.775,94.85,93.375,93.5,59097800,5580549515,0,0
2021-12-01,93.15,94.225,92.8,94.125,30016000,2807585930,0,0
2021-12-02,91.125,91.575,91,91.5,28143600,2568634215,0,0
2021-12-03,91.325,91.875,90.85,91.775,36245400,3313214760,0,0
2021-12-06,90.175,90.375,89.65,90.35,23164600,2086037285,0,0
2021-12-07,91.15,92.125,91.025,92.125,17888600,1638139025,0,0
2021-12-08,94.1,94.425,93.85,94.425,30578400,2880285440,0,0
2021-12-09,94.45,94.7,94.225,94.325,13339000,1259604320,0,0
2021-12-10,93,93.225,92.775,92.875,16737800,1556685050,0,0
2021-12-13,94.2,94.45,94.125,94.3,15177800,1431103595,0,0
2021-12-14,92.8,92.85,92.525,92.725,23034800,2136267695,0,0
2021-12-15,91.85,92.1,91.625,92.025,23256200,2137043255,0,0
2021-12-16,94.4,94.725,94.15,94.675,22312800,2107372610,0,0
2021-12-17,91.45,91.775,90.775,91.2,38248000,3495490540,0,0
2021-12-20,90.5,90.65,89.55,89.6,24684000,2222287635,0,0
2021-12-21,90.65,91.15,90.35,91.125,24889200,2260474315,0,0
2021-12-22,92.275,92.425,92.125,92.3,29851400,2753455050,0,0
2021-12-23,93.675,93.7,93.5,93.6,13619200,1274957070,0,0
2021-12-24,94.5,94.5,94.05,94.2,12519200,1179664975,0,0
2021-12-27,94.725,94.8,94.6,94.7,11274000,1067699285,0,0
2021-12-28,96.275,96.35,96.15,96.325,27254000,2623096325,0,0
2021-12-29,96.15,96.325,95.9,96.325,19467400,1871733120,0,0
2021-12-30,95.825,96.1,95.725,96.025,12037200,1155011025,0,0
2022-01-04,96.375,97,96.275,96.95,20749200,2004526250,0,0
2022-01-05,95.525,95.65,95.025,95.025,26559800,2531655215,0,0
2022-01-06,92.825,92.95,91.65,92.05,47074600,4356132710,0,0
2022-01-07,92.825,93.1,92.5,92.675,18457400,1712927650,0,0
2022-01-11,91.275,91.4,90.95,91.125,27202000,2479892505,0,0
2022-01-12,92.45,92.9,92.35,92.9,20187600,1868505725,0,0
2022-01-13,92.375,92.375,91.875,91.925,13976200,1288109620,0,0
2022-01-14,89.5,89.825,88.95,89.6,35980200,3219102580,0,0
2022-01-17,90.35,90.475,90.05,90.1,16942600,1529275395,0,0
2022-01-18,90.575,90.6,89.65,89.775,28876000,2603033530,0,0
2022-01-19,88.15,88.55,87.1,87.3,49853200,4378158600,0,0
2022-01-20,86.9,87.775,86.775,87.675,28390400,2479048790,0,0
2022-01-21,85,85.15,84.075,84.825,42400400,3592056675,0,0
2022-01-24,83.825,84.1,83.6,83.85,34961400,2932506425,0,0
2022-01-25,83.675,83.725,81.8,82.575,57698600,4780193115,0,0
2022-01-26,81.95,82.225,81.35,82.125,39643400,3243901400,0,0
2022-01-27,83,83,80.5,80.95,80163800,6539029155,0,0
2022-01-28,82.45,82.9,82.2,82.85,33222600,2743522095,0,0
2022-01-31,84.1,85,83.975,84.9,29805600,2518306845,0,0
2022-02-01,86.875,86.975,86.525,86.75,32073400,2783852935,0,0
2022-02-02,88.025,88.35,87.925,88.325,30229800,2664505685,0,0
2022-02-03,85.7,85.925,85.525,85.9,25716600,2206023670,0,0
2022-02-04,86,86.3,85.575,86.225,27261800,2346199105,0,0
2022-02-07,85.85,86,85.4,85.925,34342400,2943074300,0,0
2022-02-08,85.175,85.375,85.025,85.2,23933600,2039540650,0,0
2022-02-09,86.475,86.7,86.275,86.625,18152600,1570349180,0,0
2022-02-10,88.1,88.15,87.65,87.95,19893200,1748331570,0,0
2022-02-14,83.45,83.7,83.1,83.3,32175400,2683916100,0,0
2022-02-15,83.7,83.8,83.1,83.225,13036400,1088398875,0,0
2022-02-16,85.375,85.475,85.25,85.45,11917000,1017357855,0,0
2022-02-17,85.225,85.45,84.3,84.825,23106400,1962163105,0,0
2022-02-18,82.625,83.525,82.275,83.325,23966400,1988304655,0,0
2022-02-21,80.65,82.125,80.45,81.975,37803800,3073831060,0,0
2022-02-22,79.45,79.925,79.2,79.65,32042600,2548944175,0,0
2022-02-24,78.6,78.75,76.15,76.425,63477000,4910697770,0,0
2022-02-25,81.35,81.65,80.675,80.95,50085800,4064802535,0,0
2022-02-28,81.25,81.825,80.625,81.275,39813200,3231913735,0,0
2022-03-01,83.275,83.3,82.85,83.025,22235800,1846792055,0,0
2022-03-02,81.85,82.3,81.55,82.175,24612400,2016814555,0,0
2022-03-03,83.25,83.65,83.175,83.625,23556000,1964418635,0,0
2022-03-04,82.5,82.6,80.45,81.675,31499400,2566886220,0,0
2022-03-07,79.175,79.725,78.9,79.3,28847000,2284749905,0,0
2022-03-08,77.6,78.425,77.325,77.375,25286200,1966668540,0,0
2022-03-09,77.75,78.5,77.75,78.05,22292600,1740998860,0,0
2022-03-10,80.825,81.025,80.525,80.775,17987800,1453551065,0,0
2022-03-11,80.175,80.35,79.4,80.3,11287400,901245095,0,0
2022-03-14,79.75,80,79.45,79.75,16299600,1299639065,0,0
2022-03-15,78.575,78.8,78.325,78.55,27877600,2190493185,0,0
2022-03-16,80.725,81.5,80.55,81.325,32239800,2607562495,0,0
2022-03-17,84.375,84.475,83.725,84.175,38659800,3254481890,0,0
2022-03-18,84.35,84.525,84.125,84.375,16387200,1381700940,0,0
2022-03-22,87.025,87.475,86.9,87.475,26758800,2332177780,0,0
2022-03-23,90.15,90.2,89.675,90.025,25691400,2311897015,0,0
2022-03-24,88.875,89.55,88.675,89.55,25731400,2292495090,0,0
2022-03-25,91.475,91.5,90.7,91.15,32272200,2941915220,0,0
2022-03-28,91.2,91.775,91.05,91.65,29743800,2720037155,0,0
2022-03-29,93.825,94.2,93.375,94.1,31354600,2940798225,0,0
2022-03-30,95,95,93.675,94.275,27374200,2582304565,0,0
2022-03-31,93.325,94.05,93.25,93.625,22828400,2138639010,0,0
2022-04-01,91.95,92.775,91.9,92.375,18225600,1682125180,0,0
2022-04-04,92,92.525,91.7,92.525,11331000,1043697200,0,0
2022-04-05,94.25,94.25,93.925,94.025,18198000,1712243165,0,0
2022-04-06,92.9,93.025,92.65,93,24192800,2246708105,0,0
2022-04-07,90.575,90.8,90.375,90.65,20072000,1817924290,0,0
2022-04-08,91.5,91.6,90.975,91.475,16208400,1479470540,0,0
2022-04-11,90.175,90.35,89.775,90.125,29790200,2681532490,0,0
2022-04-12,88.825,89,88.175,88.7,17370200,1538750980,0,0
2022-04-13,88.925,89.725,88.85,89.675,17149200,1530991880,0,0
2022-04-14,90.275,90.775,90.15,90.65,19464600,1761260265,0,0
2022-04-15,89.075,89.375,88.75,89.35,9279000,826934290,0,0
2022-04-18,88.2,88.55,87.975,88.425,19564600,1726907785,0,0
2022-04-19,90.25,90.925,89.875,90.675,30064400,2720380895,0,0
2022-04-20,92.225,92.375,91.475,91.925,47610400,4382527725,0,0
2022-04-21,91.35,91.925,91.3,91.55,19413400,1778920010,0,0
2022-04-22,89.125,89.225,88.7,88.8,30028200,2673140810,0,0
2022-04-25,86.825,86.95,86.125,86.275,42153800,3648108400,0,0
2022-04-26,87.575,88.15,87.225,87.925,25375800,2222987315,0,0
2022-04-27,83.925,84.725,83.675,84.6,78504800,6608500555,0,0
2022-04-28,85.75,87.075,85.575,87,36928800,3180555095,0,0
2022-05-02,85,85.825,84.6,85.525,48880600,4167521845,0,0
2022-05-06,85.3,85.35,84.75,85.225,27085000,2304957890,0,0
2022-05-09,83.425,83.725,82.975,83.4,30260800,2522987315,0,0
2022-05-10,80.8,81.775,79.9,81.6,54068200,4363991555,0,0
2022-05-11,81.5,82.45,81.475,82.3,18417800,1510795420,0,0
2022-05-12,78.9,79.575,78.325,78.35,56893400,4487453695,0,0
2022-05-13,78.525,79.575,78.35,79.375,31979800,2525104515,0,0
2022-05-16,81.925,82.025,80.125,80.725,38594600,3132862070,0,0
2022-05-17,80.275,81.125,80.1,81.05,25283400,2038364875,0,0
2022-05-18,82.525,82.6,81.725,82.175,20255600,1665862105,0,0
2022-05-19,77.025,78.175,77,77.725,75818000,5879178025,0,0
2022-05-20,77.475,78.175,77.425,77.925,29214800,2272724815,0,0
2022-05-23,77.775,78.025,77.075,77.875,31764200,2464985100,0,0
2022-05-24,77.15,77.25,76.475,76.525,23690200,1820955945,0,0
2022-05-25,76.325,76.75,75.925,76.5,19169800,1463463535,0,0
2022-05-26,76.75,77.65,76.65,76.65,24372800,1877203915,0,0
2022-05-27,79.275,79.35,78.75,78.975,21887600,1731401260,0,0
2022-05-30,82.175,83,82.05,83,33849400,2786462405,0,0
2022-05-31,83.1,83.275,82.5,82.725,33197800,2750540780,0,0
2022-06-01,82.975,83.4,82.75,82.875,12017400,998850315,0,0
2022-06-02,82.625,83.075,82.475,82.825,31947000,2646213255,0,0
2022-06-03,85.125,85.225,84.825,85.025,23795400,2023928285,0,0
2022-06-06,83.25,83.875,83.1,83.75,18113400,1512052675,0,0
2022-06-07,84.5,84.6,84.025,84.075,30267200,2551273935,0,0
2022-06-08,85.35,85.8,85.275,85.55,17037800,1457591570,0,0
2022-06-09,86.1,86.25,85.275,85.375,21451200,1840443720,0,0
2022-06-10,83.775,83.975,83.425,83.55,22944000,1918810615,0,0
2022-06-13,79.875,79.9,79.175,79.325,42735000,3399573415,0,0
2022-06-14,77.325,78.55,77.2,78.5,40409800,3140898055,0,0
2022-06-15,78.325,78.35,77.6,77.875,19103200,1491239600,0,0
2022-06-16,79.6,80.125,78.6,78.675,23708400,1885880910,0,0
2022-06-17,74.85,76.625,74.75,76.425,60231200,4559242295,0,0
2022-06-20,78.275,78.35,76.975,77.675,31186000,2416372385,0,0
2022-06-21,78.175,78.675,78,78.45,14446200,1131887240,0,0
2022-06-22,79.875,79.925,78.775,78.85,21584600,1712819710,0,0
2022-06-23,79.05,79.95,78.9,79.375,18058600,1432514260,0,0
2022-06-24,79.85,81,79.675,80.825,20414000,1641785335,0,0
2022-06-27,82.725,83.4,82.325,83.1,23036600,1908685345,0,0
2022-06-28,82.775,83,81.95,82.65,14017200,1157617305,0,0
2022-06-29,80.525,80.825,80.275,80.6,11045400,889568595,0,0
2022-06-30,80.75,80.95,79.95,80.125,11713800,942854930,0,0
2022-07-01,79.425,79.575,77.75,78.05,27173800,2134826725,0,0
2022-07-04,79.175,79.225,78.55,79.1,13151200,1038847410,0,0
2022-07-05,80.45,80.8,80.325,80.55,8158400,657047115,0,0
2022-07-06,80.875,81.525,80.525,80.6,12666600,1026317335,0,0
2022-07-07,81.95,82.2,81.3,82.025,11218600,918220825,0,0
2022-07-08,83.3,83.525,82.825,82.85,21447400,1785463445,0,0
2022-07-11,83.575,83.95,83.4,83.4,14126400,1180311465,0,0
2022-07-12,82.75,82.85,81.875,82.1,16854200,1387955365,0,0
2022-07-13,81.5,82.075,81.45,81.925,28329000,2316268485,0,0
2022-07-14,81.375,82.375,81.3,82.175,13448200,1100986690,0,0
2022-07-15,83.45,83.525,82.975,83.175,12420000,1034692470,0,0
2022-07-19,83.525,83.675,83.25,83.35,17807200,1487186260,0,0
2022-07-20,86.075,86.475,85.975,86.125,35559400,3065379745,0,0
2022-07-21,87.175,87.4,86.8,87.375,17190400,1497567045,0,0
2022-07-22,87.075,87.6,86.975,87.45,14537200,1268986405,0,0
2022-07-25,85.625,86,85.35,85.7,22922000,1964682165,0,0
2022-07-26,85.025,85.275,84.8,85.225,17709600,1505032380,0,0
2022-07-27,85.175,85.4,85.1,85.275,11020000,939082350,0,0
2022-07-28,86.775,86.825,85.975,86.225,20231600,1748914495,0,0
2022-07-29,87.775,87.95,86.8,87.025,21711200,1899173520,0,0
2022-08-01,87.35,87.35,86.425,86.75,17337200,1505707415,0,0
2022-08-02,86.25,86.325,85.275,85.375,14818400,1270592425,0,0
2022-08-03,87.2,87.575,86.65,87.325,17283000,1509033280,0,0
2022-08-04,89.725,89.975,89.6,89.925,36259200,3254908890,0,0
2022-08-05,89.6,90.35,89.55,90.2,17324600,1559424540,0,0
2022-08-08,90.125,90.85,90.1,90.725,12905200,1167471705,0,0
2022-08-09,90.075,90.175,89.575,90.025,11381000,1023610540,0,0
2022-08-10,89.175,89.2,88.6,88.675,12825400,1140724260,0,0
2022-08-12,89.6,89.85,89.55,89.775,11438400,1026372800,0,0
2022-08-15,91.15,91.3,90.925,91.15,16692000,1521240115,0,0
2022-08-16,91.975,92.175,91.725,92.025,15433000,1419959850,0,0
2022-08-17,92.575,92.85,92.25,92.675,14854200,1374765985,0,0
2022-08-18,91.7,92.05,91.525,91.875,10292600,944400550,0,0
2022-08-19,92.825,93.025,92.675,92.725,16151600,1499993710,0,0
2022-08-22,91.35,91.7,91.2,91.45,17610000,1610254440,0,0
2022-08-23,90.075,90.175,89.3,89.475,20608400,1852268370,0,0
2022-08-24,89.15,89.3,88.625,89,15932800,1418267110,0,0
2022-08-25,89.675,89.775,89.575,89.725,12197000,1094008230,0,0
2022-08-26,90.8,90.975,90.675,90.825,11407200,1036109485,0,0
2022-08-29,86.85,87.7,86.825,87.3,26389600,2299135475,0,0
2022-08-30,87.9,88,87.5,87.85,16253800,1426314685,0,0
2022-08-31,86.85,87.375,86.725,87.225,19507400,1699137700,0,0
2022-09-01,85.85,86.025,85.575,85.625,20386000,1749411985,0,0
2022-09-02,87.175,87.4,86.85,87.15,14949800,1302662195,0,0
2022-09-05,86.275,86.375,85.8,85.8,13313000,1145871280,0,0
2022-09-06,86.3,86.9,86.175,86.85,13274000,1149897380,0,0
2022-09-07,87,87.5,86.45,87.475,21544600,1872703960,0,0
2022-09-08,89.425,89.775,89.25,89.45,31796400,2845442175,0,0
2022-09-09,89.925,90.2,89.425,89.65,20657000,1856404145,0,0
2022-09-12,91.225,91.425,90.85,91.375,21998400,2005389115,0,0
2022-09-13,92.075,92.25,91.825,92.025,18845600,1734166525,0,0
2022-09-14,88.125,88.425,87.575,87.575,30337400,2669733895,0,0
2022-09-15,88.1,88.375,87.875,88.225,11823000,1042540810,0,0
2022-09-16,86,86.05,85.625,85.95,16630800,1428574820,0,0
2022-09-20,87.075,87.075,86.625,87.05,12924200,1123925520,0,0
2022-09-21,86.2,86.675,86.15,86.35,10100200,872414530,0,0
2022-09-22,84.4,85.025,84.025,84.875,24915200,2106365480,0,0
2022-09-26,82.15,82.4,81.55,81.75,34238200,2811566570,0,0
2022-09-27,82.625,83.175,82.575,83.125,9760200,809458250,0,0
2022-09-28,82.8,83.075,81.65,82.2,41606200,3415770875,0,0
2022-09-29,84,84.225,83.625,83.9,19530200,1640480325,0,0
2022-09-30,82.1,82.275,81.65,81.825,24855000,2036286415,0,0
2022-10-03,79.9,80.575,79.525,80.4,38515000,3086207370,0,0
2022-10-04,82.575,83.5,82.55,83.425,27577600,2289129630,0,0
2022-10-05,84.3,84.375,83.95,84.225,21933000,1845044725,0,0
2022-10-06,85.2,85.5,85.125,85.375,13903600,1186203080,0,0
2022-10-07,84.1,84.5,84.1,84.25,10446600,880136000,0,0
2022-10-11,80.825,81.1,80.275,80.35,19370800,1560928795,0,0
2022-10-12,80,80.7,79.9,80.675,9459600,759013640,0,0
2022-10-13,80.525,80.575,80.225,80.3,6856200,551073820,0,0
2022-10-14,82.3,83.15,81.95,82.975,17875000,1474630410,0,0
2022-10-17,81,81.45,80.675,81.425,16294800,1319615135,0,0
2022-10-18,84.275,85.3,84,84.925,41513000,3515432070,0,0
2022-10-19,85.4,85.6,84.975,85.05,22383200,1909933910,0,0
2022-10-20,83.875,84.425,83.325,84.05,20494200,1716033070,0,0
2022-10-21,83.575,83.875,83.325,83.6,13002800,1087146155,0,0
2022-10-24,85.5,86.1,85.375,85.575,40707200,3489104080,0,0
2022-10-25,86.25,86.45,85.975,86.325,19020000,1640765185,0,0
2022-10-26,85.725,86.15,85.625,85.875,18328400,1572949495,0,0
2022-10-27,84.825,85.05,84.275,84.4,15263000,1292847210,0,0
2022-10-28,82.325,82.8,82.125,82.25,17105200,1409276320,0,0
2022-10-31,86.375,86.5,86.15,86.25,29314400,2530593360,0,0
2022-11-01,86.175,86.35,85.975,86.175,10472400,901920180,0,0
2022-11-02,84.675,84.825,84.475,84.725,15166800,1283746985,0,0
2022-11-04,80.425,80.725,80.2,80.6,27159800,2184512390,0,0
2022-11-07,80.125,81,80.1,80.75,36693800,2956351495,0,0
2022-11-08,81.725,81.95,81.5,81.575,13373400,1093011395,0,0
2022-11-09,81.7,82.175,81.475,81.85,15372600,1257056125,0,0
2022-11-10,80.225,80.5,80.175,80.425,15294000,1228270175,0,0
2022-11-11,83.55,83.975,83.35,83.975,38625800,3228326640,0,0
2022-11-14,83.425,83.45,82.825,83.05,15359800,1276867305,0,0
2022-11-15,83.35,83.95,83.325,83.925,6054600,506715435,0,0
2022-11-16,83.65,84.325,83.425,84.275,14972800,1256025115,0,0
2022-11-17,83,83.15,82.9,82.925,11019200,914655585,0,0
2022-11-18,83.25,83.35,82.8,82.8,12413000,1031607945,0,0
2022-11-21,83.1,83.175,82.825,83.05,7598800,630890615,0,0
2022-11-22,83.35,83.55,83.15,83.2,7868400,655591105,0,0
2022-11-24,83.85,84.05,83.475,83.575,7372000,617291725,0,0
2022-11-25,83.675,83.9,83.5,83.6,3564400,298046625,0,0
2022-11-28,82.775,82.8,81.75,81.775,7893000,649107060,0,0
2022-11-29,81.625,82,81.5,81.875,9117400,745280820,0,0
2022-11-30,80.825,81.1,80.8,80.875,5331400,431555110,0,0
2022-12-01,84.025,84.1,83.275,83.425,23721000,1986050505,0,0
2022-12-02,82.475,82.5,82.15,82.35,5449600,448660745,0,0
2022-12-05,81.8,82,81.5,81.75,5856400,478792885,0,0
2022-12-06,81.8,82.175,81.725,81.95,2311800,189297965,0,0
2022-12-07,80.35,80.8,80.3,80.65,8572600,689888995,0,0
2022-12-08,79.625,79.975,79.3,79.925,9808800,780853735,0,0
2022-12-09,80.65,80.8,80.3,80.7,6214200,500593460,0,0
2022-12-12,80,80.35,80,80.35,8342600,668898925,0,0
2022-12-13,81.675,81.925,81.525,81.825,8217000,671674730,0,0
2022-12-14,81.45,81.75,81.35,81.65,16261600,1327523080,0,0
2022-12-15,80.85,81,80.675,80.825,8410800,679863005,0,0
2022-12-16,79.325,79.425,78.9,79.15,22100600,1751783005,0,0
2022-12-19,77.95,78,77.575,77.725,16743000,1302975620,0,0
2022-12-20,77.25,77.6,73.95,74.075,20438200,1536534875,0,0
2022-12-21,74.45,74.925,74.15,74.65,13887400,1035527635,0,0
2022-12-22,75.6,75.625,75.3,75.525,9039400,682279510,0,0
2022-12-23,73.675,74.025,73.5,73.85,9388200,692287215,0,0
2022-12-26,73.825,74.5,73.725,73.8,11585600,855889370,0,0
2022-12-27,74.5,74.775,74.425,74.55,10803400,805791510,0,0
2022-12-28,73.325,73.875,73.275,73.575,11704000,860105575,0,0
2022-12-29,72.8,72.9,72.525,72.675,12889800,937210275,0,0
2022-12-30,73.725,73.775,73.325,73.5,4771800,350831685,0,0
2023-01-04,72.425,72.475,72.075,72.325,11439800,827151300,0,0
2023-01-05,73.225,73.35,72.75,73.25,4563600,333838690,0,0
2023-01-06,72.825,73.45,72.8,73.375,16121000,1180590935,0,0
2023-01-10,74.175,74.3,73.925,74.1,9988800,740788170,0,0
2023-01-11,75.1,75.375,75.1,75.15,10041800,755499720,0,0
2023-01-12,76.275,76.325,76.025,76.175,7554400,575680120,0,0
2023-01-13,75.075,75.15,74.675,74.875,13085200,980400715,0,0
2023-01-16,74.85,75.025,74.6,74.675,15914400,1190601075,0,0
2023-01-17,74.975,75.25,74.85,74.925,6899400,517862235,0,0
2023-01-18,75.05,77.2,75,76.825,6851600,524929460,0,0
2023-01-19,74.35,74.425,73.925,73.975,9806800,726680105,0,0
2023-01-20,73.775,74.375,73.7,74.35,3255000,240846015,0,0
2023-01-23,76.05,76.5,75.95,76.45,8004800,609628680,0,0
2023-01-24,78.575,78.625,78.325,78.35,7686200,603208620,0,0
2023-01-25,77.825,77.975,77.55,77.8,7007200,545339460,0,0
2023-01-26,77.7,77.975,77.5,77.95,8425200,655391505,0,0
2023-01-27,78.9,79.05,78.775,79.05,8686400,685481560,0,0
2023-01-30,79.975,80.25,79.45,79.625,16176600,1291119170,0,0
2023-01-31,79.1,79.1,78.375,78.375,10226000,804399915,0,0
2023-02-01,79.5,79.675,79.25,79.65,5303200,421417815,0,0
2023-02-02,81.475,81.5,81.05,81.425,21958200,1785527325,0,0
2023-02-03,82.35,82.45,82,82.225,12058200,992055605,0,0
2023-02-06,83.975,84.2,83.425,83.675,29171600,2446515225,0,0
2023-02-07,84,84.1,83.725,83.75,6133200,514656185,0,0
2023-02-08,84.425,84.85,84.25,84.85,9495200,803433515,0,0
2023-02-09,83.4,83.9,83.025,83.625,18308200,1528577625,0,0
2023-02-10,82.65,82.8,82.4,82.525,13562600,1119781810,0,0
2023-02-13,81.85,82.25,81.725,82.25,10684000,875081625,0,0
2023-02-14,83.9,83.925,83.4,83.5,5997200,501821280,0,0
2023-02-15,84.775,84.8,84.225,84.5,7070200,597719550,0,0
2023-02-16,86.325,86.675,86.3,86.5,19281000,1667112060,0,0
2023-02-17,84.4,84.725,84.35,84.55,7521800,635832790,0,0
2023-02-20,84.075,84.3,83.95,84.125,6364000,535408755,0,0
2023-02-21,84.15,84.2,83.85,83.95,4811000,404065230,0,0
2023-02-22,82.775,82.925,82.575,82.7,9519200,787546570,0,0
2023-02-24,83.025,83.3,82.85,82.975,7749000,644162610,0,0
2023-02-27,83.025,83.125,82.85,83,7439000,617576180,0,0
2023-02-28,83.5,83.7,83.45,83.45,3770800,315008255,0,0
2023-03-01,83.025,83.475,82.85,83.4,3239600,269447505,0,0
2023-03-02,82.675,82.75,81.975,82.3,8803000,725202840,0,0
2023-03-03,83.425,83.475,83.2,83.425,6689200,557833750,0,0
2023-03-06,84.75,84.975,84.55,84.925,8234200,698411775,0,0
2023-03-07,85,85.3,84.975,85.15,4186800,356423255,0,0
2023-03-08,84.85,85.075,84.675,84.875,3511400,297827370,0,0
2023-03-09,85.075,85.125,84.6,84.775,5439400,461597330,0,0
2023-03-10,82.95,83,82.275,82.875,9492200,784625885,0,0
2023-03-13,82.075,82.3,81.525,82.275,18591200,1523876540,0,0
2023-03-14,80.725,81.55,80.675,81.325,33930200,2752868240,0,0
2023-03-15,83.225,83.425,83.075,83.4,14842200,1235380380,0,0
2023-03-16,82.85,83.525,82.725,82.925,22962000,1905003470,0,0
2023-03-17,85.25,85.325,85.025,85.125,15627600,1331496690,0,0
2023-03-20,84.475,84.75,83.75,83.875,15504000,1304251740,0,0
2023-03-22,85.6,85.925,85.5,85.6,17235200,1475934505,0,0
2023-03-23,83.875,84.175,83.65,84.1,12334000,1034993675,0,0
2023-03-24,84.625,84.675,83.975,84.175,5754200,485246860,0,0
2023-03-27,85.175,85.35,84.85,85.325,20267600,1725698230,0,0
2023-03-28,84.625,84.65,84.025,84.15,8330000,702799445,0,0
2023-03-29,84.125,85.05,84.025,85.05,15601800,1322216405,0,0
2023-03-30,86.325,86.55,86.25,86.55,15172000,1310890735,0,0
2023-03-31,87.75,88.2,87.625,87.725,10553800,927054675,0,0
2023-04-03,88.8,88.85,88.325,88.775,14758800,1306633135,0,0
2023-04-04,88.175,88.575,88.075,88.525,6680600,590088675,0,0
2023-04-05,87.575,87.8,87.425,87.525,19786600,1733095380,0,0
2023-04-06,86.1,86.2,85.85,86.05,9179200,789405090,0,0
2023-04-07,87.2,87.325,87.075,87.325,4871800,424884145,0,0
2023-04-10,87.5,87.85,87.45,87.625,17926800,1572358450,0,0
2023-04-11,88.525,88.6,88.225,88.3,6611800,584606415,0,0
2023-04-12,88.05,88.175,87.95,88.1,5088800,448171525,0,0
2023-04-13,86.7,87.175,86.7,87.075,9015600,783434630,0,0
2023-04-14,88.075,88.3,87.95,88.05,8155600,718453175,0,0
2023-04-17,89.025,89.175,88.825,89.025,12676400,1128708160,0,0
2023-04-18,89.275,89.425,89.125,89.225,11377000,1015231720,0,0
2023-04-19,89,89.2,88.975,89.175,6908600,615493400,0,0
2023-04-20,89.2,89.4,89.05,89.05,8854800,789863005,0,0
2023-04-21,88.4,88.675,88.25,88.25,4850600,428891420,0,0
2023-04-24,88.3,88.5,88.15,88.325,5882000,519778915,0,0
2023-04-25,88.25,88.4,88.025,88.075,5571400,491306390,0,0
2023-04-26,87.425,87.65,87.275,87.65,18027800,1577675610,0,0
2023-04-27,87.275,87.675,87.225,87.575,8910800,779064305,0,0
2023-04-28,89.25,90.3,88.925,90.3,45215200,4045024540,0,0
2023-05-01,91.675,92.3,91.6,92.225,18505000,1700729150,0,0
2023-05-02,92.25,92.55,92,92.425,13530800,1248607225,0,0
2023-05-08,90.9,90.95,90.625,90.675,10101000,917123070,0,0
2023-05-09,91.025,91.175,90.85,90.875,39434800,3588737880,0,0
2023-05-10,90.725,90.8,90.6,90.7,32191800,2919369975,0,0
2023-05-11,91,91.275,90.875,91.25,13306600,1211679900,0,0
2023-05-12,91.5,91.85,91.45,91.775,13054400,1196296430,0,0
2023-05-15,91.8,92.4,91.75,92.35,11623400,1068931235,0,0
2023-05-16,92.6,92.65,92.425,92.45,9982200,924112070,0,0
2023-05-17,93.125,93.5,93.075,93.5,12364800,1152686275,0,0
2023-05-18,94.975,95.1,94.7,94.875,53616400,5090877385,0,0
2023-05-19,97.6,97.675,97.3,97.35,47205800,4604904865,0,0
2023-05-22,96.5,96.825,96.4,96.775,14429600,1393092625,0,0
2023-05-23,97.85,98.1,97.475,97.7,25644600,2508225645,0,0
2023-05-24,96.425,96.525,96.075,96.1,14407200,1389122055,0,0
2023-05-25,97.675,97.975,97.625,97.75,20792000,2033671080,0,0
2023-05-26,99.05,99.1,98.675,98.775,10461800,1035247770,0,0
2023-05-29,102.85,103.1,102.35,102.5,16359400,1681827425,0,0
2023-05-30,102.45,102.625,102.05,102.625,12984800,1327478010,0,0
2023-05-31,102.125,102.175,101.325,101.45,18141000,1849769170,0,0
2023-06-01,100.975,101.3,100.7,101.3,22643200,2284884875,0,0
2023-06-02,101.925,102.35,101.875,102.225,5830000,594916135,0,0
2023-06-05,103.4,103.425,103.125,103.325,11363200,1173820860,0,0
2023-06-06,103,103.4,103,103.175,10477800,1080886130,0,0
2023-06-07,103.35,103.35,102.9,102.9,5905800,608724360,0,0
2023-06-08,101.775,101.975,101.125,101.325,16096200,1632955260,0,0
2023-06-09,102.225,102.65,102.125,102.575,6400000,655432975,0,0
2023-06-12,103.225,103.475,103.125,103.425,10999800,1136346595,0,0
2023-06-13,104.925,105.35,104.85,105.275,14980600,1574105740,0,0
2023-06-14,106.275,106.275,106,106.2,10982000,1165776970,0,0
2023-06-15,106.95,107.975,106.9,107.75,10680400,1147589890,0,0
2023-06-16,108.2,108.6,107.625,108.55,11903000,1287385775,0,0
2023-06-19,108.975,109.1,108.45,108.675,12065600,1312918175,0,0
2023-06-20,108.7,108.95,108.3,108.675,5871200,638117285,0,0
2023-06-21,108.325,108.75,108.3,108.575,7153400,776340195,0,0
2023-06-22,107,107.3,106.775,106.85,23041400,2465087870,0,0
2023-06-23,109.4,109.5,108.725,109.2,12501400,1364351730,0,0
2023-06-26,108.925,109.025,108.625,108.65,14210600,1546686755,0,0
2023-06-27,107.35,107.575,107.125,107.525,14506800,1557457685,0,0
2023-06-28,108.875,109.075,108.7,109.075,9370200,1020409855,0,0
2023-06-29,110.125,110.275,110,110.15,8821000,971513910,0,0
2023-06-30,110.1,110.4,109.925,110.225,9193400,1012635505,0,0
2023-07-03,111.5,111.75,111.25,111.7,7373000,822461965,0,0
2023-07-04,111.575,111.8,111.525,111.75,4322000,482518185,0,0
2023-07-05,111.5,111.75,111.475,111.725,2770400,309220255,0,0
2023-07-06,111.7,111.75,110.5,110.55,18377600,2038074290,0,0
2023-07-07,110.35,110.675,109.975,109.975,10288000,1134685315,0,0
2023-07-10,108.75,109.05,108.35,108.375,10762200,1169255620,0,0
2023-07-11,108.125,108.225,107.5,107.9,9665000,1043008780,0,0
2023-07-12,107.75,107.75,107.1,107.275,9092600,976780215,0,0
2023-07-13,107.85,108.475,107.7,108.475,16038800,1734736340,0,0
2023-07-14,109.375,109.375,108.6,109.3,15574400,1699323615,0,0
2023-07-18,110.575,110.775,110.3,110.475,11957400,1321735840,0,0
2023-07-19,111.9,112.275,111.7,112.225,12757000,1428813045,0,0
2023-07-20,111.7,111.825,111.4,111.7,6785600,757555345,0,0
2023-07-21,109.925,110.475,109.725,110.425,12781600,1407640710,0,0
2023-07-24,111.2,111.25,110.875,111.025,7501000,833106455,0,0
2023-07-25,111.175,111.25,110.875,111.1,9272000,1029854940,0,0
2023-07-26,111.175,111.5,111.175,111.275,10714800,1193466625,0,0
2023-07-27,110.975,111.275,110.55,111.275,12788000,1418651055,0,0
2023-07-28,109.35,111.575,108.45,109.9,39673200,4365243505,0,0
2023-07-31,112.85,113.4,112.7,113.275,31185400,3526043735,0,0
2023-08-01,113.975,114.575,113.95,114.325,23017800,2630595880,0,0
2023-08-02,113.8,114.2,113.175,113.45,12914000,1467397850,0,0
2023-08-03,112.3,112.55,111.975,112.225,24483600,2749329875,0,0
2023-08-04,111.65,112.075,111.525,111.975,8819800,986569445,0,0
2023-08-07,110.45,111.05,110.375,110.925,7479400,828302655,0,0
2023-08-08,111.65,112.05,111.575,111.65,5363000,599453110,0,0
2023-08-09,110.7,111.025,110.55,110.7,8234400,912044280,0,0
2023-08-10,110.025,110.475,110,110.375,10249400,1129932470,0,0
2023-08-14,110.35,110.625,109.55,109.8,11743600,1292753370,0,0
2023-08-15,112.025,112.225,111.875,112.1,9881400,1107337770,0,0
2023-08-16,110.8,110.875,110.5,110.55,6087400,673731075,0,0
2023-08-17,110,110.2,109.725,109.975,11717000,1288834855,0,0
2023-08-18,108.25,108.4,107.9,108.025,16043200,1735068555,0,0
2023-08-21,108.175,108.35,107.8,107.925,5095000,550627930,0,0
2023-08-22,110.175,110.275,109.975,110.2,6222000,685424645,0,0
2023-08-23,109.9,110.35,109.85,110.275,5604600,617055230,0,0
2023-08-24,111.85,112.725,111.75,112.725,18661000,2095010975,0,0
2023-08-25,109.4,109.575,109.175,109.425,12401800,1356382940,0,0
2023-08-28,110.9,110.95,110.525,110.8,8831600,978057575,0,0
2023-08-29,111.475,111.8,111.325,111.725,5135200,572609110,0,0
2023-08-30,113.625,114,113.6,113.725,15365200,1748050755,0,0
2023-08-31,114.275,114.4,114.1,114.175,12132000,1386179360,0,0
2023-09-01,114.1,114.3,113.975,114.175,6516600,743800215,0,0
2023-09-04,114.4,114.725,114.35,114.675,4460400,510899965,0,0
2023-09-05,114.825,114.975,114.6,114.875,6027000,691758210,0,0
2023-09-06,115.525,115.85,115.125,115.15,7031200,812601440,0,0
2023-09-07,114.825,114.925,114.35,114.4,7343000,842105970,0,0
2023-09-08,113.775,113.9,113.075,113.85,5880800,668334440,0,0
2023-09-11,113.9,113.925,113.225,113.525,9683800,1098723335,0,0
2023-09-12,114.575,114.775,114.35,114.775,10830800,1241487070,0,0
2023-09-13,113.9,114.1,113.8,113.9,8047400,916846555,0,0
2023-09-14,114.625,114.875,114.5,114.75,10286600,1180115270,0,0
2023-09-15,115.475,115.925,115.35,115.7,15111400,1746883485,0,0
2023-09-19,113.75,113.9,113.65,113.725,9298200,1057814340,0,0
2023-09-20,113.625,113.625,113.4,113.5,11374800,1290981945,0,0
2023-09-21,112.025,112.325,111.85,111.95,14889200,1668465330,0,0
2023-09-22,109.7,110.525,109.575,110.425,15136000,1663298475,0,0
2023-09-25,110.65,110.825,110.425,110.725,8197000,907341815,0,0
2023-09-26,111.175,111.225,110.675,110.775,15638400,1734387000,0,0
2023-09-27,109.95,110.2,109.8,110.2,7096000,780021470,0,0
2023-09-28,110.55,110.725,110.075,110.525,9777000,1080532675,0,0
2023-09-29,111.2,111.475,110.925,111.175,9746200,1084528025,0,0
2023-10-02,112.025,112.475,111.95,112.1,5995200,672633425,0,0
2023-10-03,112.55,112.6,112.2,112.35,11916000,1339406605,0,0
2023-10-04,110,110.125,109.45,109.55,17993800,1975411750,0,0
2023-10-05,111.4,111.425,110.9,111.175,7893000,877932315,0,0
2023-10-06,110.6,110.9,110.55,110.75,6567000,726962870,0,0
2023-10-10,113.025,113.525,112.875,113.45,12097400,1370355900,0,0
2023-10-11,113.975,114.275,113.85,114.25,13248600,1511406980,0,0
2023-10-12,115.25,115.5,115.225,115.425,6237600,719589680,0,0
2023-10-13,115.225,115.325,115,115.05,11189600,1288427130,0,0
2023-10-16,113.825,114,113.575,113.8,14033000,1597098710,0,0
2023-10-17,114.825,114.875,114.55,114.7,5423200,622257620,0,0
2023-10-18,114.4,114.475,114.175,114.375,2649000,302875640,0,0
2023-10-19,113.125,113.275,112.75,112.825,8112400,916899415,0,0
2023-10-20,111.725,111.875,111.625,111.625,6691600,747663235,0,0
2023-10-23,110.825,110.85,110.625,110.825,8050600,891686620,0,0
2023-10-24,111.125,111.3,110.725,111.2,8928600,991216265,0,0
2023-10-25,111.625,111.625,111.175,111.3,6505000,724703660,0,0
2023-10-26,108.375,108.55,108.2,108.375,17841600,1933597260,0,0
2023-10-27,108.3,108.3,107.95,108.175,7405600,800884955,0,0
2023-10-30,107.95,108.125,107.85,107.95,6784200,732583590,0,0
2023-10-31,108.05,108.45,107.95,108.325,9801800,1061053100,0,0
2023-11-01,110.1,110.25,109.975,110.15,8324600,916686640,0,0
2023-11-02,112.15,112.2,111.9,112.15,11637600,1304454675,0,0
2023-11-06,114.175,114.4,114.125,114.275,12090600,1381602850,0,0
2023-11-07,114.85,115.075,114.825,115.025,10086000,1159372385,0,0
2023-11-08,116.35,116.475,116.275,116.425,13719800,1596889025,0,0
2023-11-09,116.7,116.975,116.625,116.95,8768800,1023958265,0,0
2023-11-10,116.1,116.3,115.975,116.25,20445800,2374796520,0,0
2023-11-13,118.725,118.8,118.525,118.7,13757200,1632695150,0,0
2023-11-14,118.875,119.075,118.85,119.025,13651000,1624230560,0,0
2023-11-15,120.625,121.025,120.575,120.975,13314200,1607982180,0,0
2023-11-16,120.95,121.125,120.65,121.025,11069400,1338775410,0,0
2023-11-17,120.7,120.825,120.575,120.65,13602200,1641715640,0,0
2023-11-20,119.975,120,118.925,119.05,8939800,1067872155,0,0
2023-11-21,120.5,120.55,119.675,120.025,11658200,1401161045,0,0
2023-11-22,119.275,119.875,119.225,119.85,7609400,909514595,0,0
2023-11-24,121.3,121.325,120.9,120.925,15493800,1878111425,0,0
2023-11-27,120.675,120.7,119.825,120.025,10153200,1221558850,0,0
2023-11-28,119.925,119.95,119.575,119.775,15060000,1802662525,0,0
2023-11-29,119.2,119.525,119,119.4,12919800,1539607045,0,0
2023-11-30,119.2,119.325,119.125,119.325,3249200,387450255,0,0
2023-12-01,119.375,119.4,119.025,119.325,6094800,727169195,0,0
2023-12-04,118.3,118.55,118.1,118.375,13563000,1605945670,0,0
2023-12-05,117.95,118.05,117.55,117.6,7896200,930271065,0,0
2023-12-06,118.475,119.05,118.45,118.825,20897800,2481333675,0,0
2023-12-07,117.7,117.75,117.075,117.125,7524800,883794975,0,0
2023-12-08,116.875,116.925,115.475,116.575,36636400,4260543730,0,0
2023-12-11,118.1,118.35,118.025,118.325,12057000,1425181480,0,0
2023-12-12,120.025,120.075,119.55,119.65,6378400,764670805,0,0
2023-12-13,120.525,120.875,120.525,120.775,7137400,861418565,0,0
2023-12-14,120.025,120.225,118.775,119.325,29720200,3552845805,0,0
2023-12-15,119.2,119.4,118.75,119,9305600,1108350165,0,0
2023-12-18,119.75,119.9,119.55,119.875,11093400,1328494995,0,0
2023-12-19,120.75,121.6,120.375,121.45,17045000,2063536425,0,0
2023-12-20,122.525,122.725,122.2,122.375,17392600,2130438120,0,0
2023-12-21,120.725,120.75,120.15,120.525,13288800,1600727335,0,0
2023-12-22,120.475,120.65,120.275,120.45,4833800,582491200,0,0
2023-12-25,121.1,121.375,120.725,120.875,6181200,747941970,0,0
2023-12-26,121.025,121.225,120.85,121.1,7635400,924261110,0,0
2023-12-27,121.825,122.1,121.725,121.925,13821400,1684608255,0,0
2023-12-28,121.25,121.55,121.075,121.25,9906200,1201603960,0,0
2023-12-29,121.15,121.375,120.975,121.075,7902000,957551890,0,0
2024-01-04,118.675,119.325,118.425,119.3,17099600,2033843560,0,0
2024-01-05,119.45,119.575,119.2,119.275,7833000,935662595,0,0
2024-01-09,121.4,121.45,120.775,121.025,11651400,1410494865,0,0
2024-01-10,121.95,122.3,121.95,122.225,15378000,1878667255,0,0
2024-01-11,124.075,124.225,123.9,124.225,19657800,2439121615,0,0
2024-01-12,123.55,123.825,123.325,123.625,8633000,1066467120,0,0
2024-01-15,123.55,123.975,123.425,123.975,9073400,1122363150,0,0
2024-01-16,124.025,124.175,123.725,123.975,6666600,826007800,0,0
2024-01-17,125.575,125.7,125.125,125.2,12542600,1574167460,0,0
2024-01-18,125.45,125.625,125.2,125.35,8491800,1065116605,0,0
2024-01-19,127.625,128.175,127.45,128.125,29430400,3761826295,0,0
2024-01-22,130.15,130.7,130.1,130.525,21601400,2816480160,0,0
2024-01-23,130.075,130.475,129.8,129.925,14339800,1864877940,0,0
2024-01-24,131,131.5,130.7,131.5,17282000,2262776525,0,0
2024-01-25,130.775,131.175,130.65,131.175,8060200,1054702380,0,0
2024-01-26,130.375,130.475,129.9,130.025,10718800,1394308025,0,0
2024-01-29,130.275,130.75,130.25,130.575,5264200,686961670,0,0
2024-01-30,131.5,131.5,131.2,131.45,14855600,1951741880,0,0
2024-01-31,129.325,129.775,129.3,129.775,8333600,1079315520,0,0
2024-02-01,127.975,128.075,127.725,127.975,10115400,1294276230,0,0
2024-02-02,129.825,130.625,129.6,130.625,10701400,1389680040,0,0
2024-02-05,132.45,132.7,132.15,132.25,19037000,2520261635,0,0
2024-02-06,132.55,133.05,132.475,133.05,11257600,1493527205,0,0
2024-02-07,131.5,132,131.475,132,6640200,874105415,0,0
2024-02-08,133.2,134.15,133.075,134.15,24456400,3263203910,0,0
2024-02-09,134.45,134.65,134.35,134.5,17841400,2399797940,0,0
2024-02-13,135.125,135.375,134.95,135.375,21937600,2965168030,0,0
2024-02-14,134.475,134.575,134.125,134.5,11550400,1551605965,0,0
2024-02-15,135.875,135.9,135.35,135.7,24488800,3321090895,0,0
2024-02-16,135.975,136.3,135.775,136.075,22843400,3107909145,0,0
2024-02-19,134.8,134.825,134.425,134.8,6461800,870230810,0,0
2024-02-20,134.7,134.725,134.05,134.375,8576800,1152571905,0,0
2024-02-21,133.075,133.225,132.925,133.075,14710000,1957428325,0,0
2024-02-22,134.525,135.25,134.475,135.1,32123000,4333468780,0,0
2024-02-26,136.75,136.75,136.15,136.45,27352400,3734125765,0,0
2024-02-27,136.65,136.65,136.325,136.45,7084600,967546070,0,0
2024-02-28,136.925,137.075,136.825,137,13947000,1910182885,0,0
2024-02-29,136.125,136.375,135.575,135.875,8519800,1158319055,0,0
2024-03-01,137.025,137.95,137.025,137.925,26597600,3658472270,0,0
2024-03-04,139.3,139.5,138.925,139.425,22956200,3197391090,0,0
2024-03-05,138.725,138.8,138.45,138.525,4943400,685301580,0,0
2024-03-06,136.375,136.55,136.175,136.45,11671600,1591889620,0,0
2024-03-07,136.2,136.225,135.025,135.275,11478600,1555543585,0,0
2024-03-08,136.725,137.075,136.425,136.95,7788000,1065838570,0,0
2024-03-11,134.125,134.2,133.775,134.15,8023200,1075336505,0,0
2024-03-12,134.125,135.25,133.975,135.225,13237800,1780121640,0,0
2024-03-13,136.375,136.375,135.825,136.275,11478000,1562831305,0,0
2024-03-14,135.575,135.975,135.4,135.925,4844000,657140755,0,0
2024-03-15,135.225,135.6,135.075,135.075,7896000,1068471315,0,0
2024-03-18,134.725,135.425,134.625,135.35,5793200,782424550,0,0
2024-03-19,135.675,136.85,135.45,136.775,19101400,2595096300,0,0
2024-03-21,140,140.6,139.55,140.6,42163600,5907099725,0,0
2024-03-22,141.025,141.15,140.5,140.8,21679600,3053287205,0,0
2024-03-25,140.7,140.85,140.3,140.3,5827200,819468425,0,0
2024-03-26,140.45,140.55,140.3,140.525,3805200,534400640,0,0
2024-03-27,140.3,140.725,140.225,140.675,5367800,753661305,0,0
2024-03-28,140,140.35,139.95,140.2,2617400,366800540,0,0
2024-03-29,140.65,140.775,139.8,139.85,9120000,1277603365,0,0
2024-04-01,140.975,141.1,140.725,140.8,10850800,1528517090,0,0
2024-04-02,140.3,140.55,140.15,140.425,3745600,525617245,0,0
2024-04-03,139.2,139.2,138.825,138.925,4925400,684896180,0,0
2024-04-04,140.15,140.4,140.05,140.1,3673200,514948340,0,0
2024-04-05,137.3,137.75,136.775,137.75,7398400,1014940155,0,0
2024-04-08,139.325,139.525,139.05,139.225,2941400,409629340,0,0
2024-04-09,139.375,139.55,139.25,139.45,2967600,413629040,0,0
2024-04-10,139.8,139.975,139.775,139.825,2792800,390615265,0,0
2024-04-11,139.375,139.775,139.275,139.7,4920000,686384755,0,0
2024-04-12,142.125,142.2,141.9,142.15,14178600,2014605520,0,0
2024-04-15,140.3,141.25,140,141.25,8689200,1220551945,0,0
2024-04-16,138.375,138.65,138.05,138.4,8499000,1176174765,0,0
2024-04-17,139.3,139.325,138.525,138.65,5122200,712665545,0,0
2024-04-18,137.15,137.85,137,137.85,4074000,559137845,0,0
2024-04-19,136.375,136.375,132.7,134.75,17369800,2342737695,0,0
2024-04-22,134.225,135.05,133.7,135.05,6812800,914056315,0,0
2024-04-23,134.9,135,134.55,135,4535400,611540440,0,0
2024-04-24,137.625,138.25,137.625,138.25,7336600,1012051260,0,0
2024-04-25,136.4,136.775,136.375,136.375,6700800,914698355,0,0
2024-04-26,138.875,139.625,138.825,139.475,13013800,1811926510,0,0
2024-04-30,140.775,141.4,140.625,141.375,10678200,1505452370,0,0
2024-05-01,139.025,139.375,138.975,139.375,5369000,747050205,0,0
2024-05-02,137.875,138.7,137.425,137.6,8050800,1108850645,0,0
2024-05-07,141.225,141.625,140.85,141.475,8295000,1172160725,0,0
2024-05-08,141.85,142.325,141.825,142.15,6855800,974110675,0,0
2024-05-09,142.15,142.525,142.025,142.275,4808400,684297810,0,0
2024-05-10,142.8,143.025,142.725,142.975,13172400,1882176175,0,0
2024-05-13,143.3,143.725,143.125,143.65,17952000,2575291490,0,0
2024-05-14,143.925,144.15,143.9,144.075,8930600,1286115890,0,0
2024-05-15,145.225,145.35,144.925,145.025,8636400,1254139325,0,0
2024-05-16,145.675,145.95,145.1,145.675,13380000,1947677935,0,0
2024-05-17,146.275,146.85,146.175,146.85,22455200,3289570760,0,0
2024-05-20,146.775,147,146.675,147,9848600,1445977990,0,0
2024-05-21,148.025,148.175,147.95,147.975,12725000,1884192325,0,0
2024-05-22,148.45,148.55,148.275,148.55,13845600,2055117590,0,0
2024-05-23,149.475,150.35,149.375,150.25,29409200,4405248860,0,0
2024-05-24,148.4,148.7,148.25,148.55,9114400,1353256835,0,0
2024-05-27,149.3,149.55,149.25,149.55,6559400,979787490,0,0
2024-05-28,149.9,150.1,149.725,150.05,8548600,1281128350,0,0
2024-05-29,150.5,150.6,149.825,149.925,8605400,1293960580,0,0
2024-05-30,149.15,149.225,148,148.175,15352600,2284745165,0,0
2024-05-31,147.275,147.375,146.5,146.925,10331800,1518141850,0,0
2024-06-03,147.7,148.525,147.7,148.475,8751400,1296180285,0,0
2024-06-04,147.3,147.8,147.15,147.35,6225400,917862030,0,0
2024-06-05,147.025,147.75,147.025,147.725,5257200,774914500,0,0
2024-06-06,150.6,150.7,150.1,150.6,11996800,1805051860,0,0
2024-06-07,150.35,150.55,150.2,150.3,4587400,689718290,0,0
2024-06-10,150.8,151.5,150.8,151.4,24276000,3669431900,0,0
2024-06-11,151.65,152.05,151.6,152.05,16153200,2452873860,0,0
2024-06-12,153.1,153.35,152.95,153.35,20820400,3189450440,0,0
2024-06-13,155.6,156.2,155.5,156.1,31099600,4846568550,0,0
2024-06-14,156.2,157.4,156,157.3,18656800,2926750280,0,0
2024-06-17,157.3,157.4,156.95,157.15,9622000,1512111160,0,0
2024-06-18,159.25,159.35,158.75,159.3,15075400,2398970280,0,0
2024-06-19,159.45,159.65,159.35,159.55,11564400,1844728650,0,0
2024-06-20,159.85,160.85,159.8,160.75,26911000,4315219410,0,0
2024-06-21,159.6,159.65,159.3,159.55,9092200,1450082070,0,0
2024-06-24,160,160.1,159.05,159.65,8010000,1279132600,0,0
2024-06-25,157.95,158.05,157.35,158.05,8248800,1301982330,0,0
2024-06-26,159.55,160.1,159.45,160.1,5985600,956493590,0,0
2024-06-27,160.2,160.3,159.85,160.25,9241400,1479515670,0,0
2024-06-28,161.55,162.55,161.55,162.1,29657200,4806068670,0,0
2024-07-01,161.05,161.6,160.65,161.6,9548200,1538842390,0,0
2024-07-02,162,162.25,161.75,162.25,7655200,1239844390,0,0
2024-07-03,163.8,164.3,163.7,164.25,16886200,2769644130,0,0
2024-07-04,166.1,166.1,164.9,165.35,10978800,1815311230,0,0
2024-07-05,165.05,165.1,164.35,164.6,7570600,1247369740,0,0
2024-07-08,165.9,165.95,165.55,165.95,13132600,2177810290,0,0
2024-07-09,167.3,167.6,167.2,167.3,16919400,2831764300,0,0
2024-07-10,167.5,167.85,167.5,167.75,14850000,2490735550,0,0
2024-07-11,169.35,170,169.05,170,18434000,3122227960,0,0
2024-07-12,162.4,163.55,162.35,163.05,25050400,4083661470,0,0
2024-07-16,163.9,164.65,163.8,164.5,9164400,1505523600,0,0
2024-07-17,163.6,163.8,162.6,162.6,12617800,2060271800,0,0
2024-07-18,156.85,157.75,156.65,157.6,17412000,2736642370,0,0
2024-07-19,157.5,159.85,157.4,159.85,5736000,905317210,0,0
2024-07-22,156.8,156.85,156.15,156.15,6756600,1057971460,0,0
2024-07-23,157.4,157.45,156.5,156.55,3469400,544449660,0,0
2024-07-24,155,155.55,153.25,153.7,10205200,1578339250,0,0
2024-07-25,149.125,149.25,147.5,147.775,17721400,2631780940,0,0
2024-07-26,147.05,147.825,146.775,147.325,8355600,1231718775,0,0
2024-07-29,149.225,149.75,148.575,149.45,7386000,1102438100,0,0
2024-07-30,148.175,149.575,148,149.45,4946400,734656270,0,0
2024-07-31,146.55,148.25,145.75,147.825,31261400,4593252225,0,0
2024-08-01,148.4,148.75,146.875,148.575,9160200,1356714730,0,0
2024-08-02,142.375,142.625,140.45,140.7,20281200,2873106555,0,0
2024-08-05,134.075,134.225,124.4,126.025,57315200,7508528985,0,0
2024-08-06,134.1,135.175,133.15,134.8,19103600,2564685305,0,0
2024-08-07,131.65,137.275,131.575,135.775,12731000,1724765220,0,0
2024-08-08,131.15,133.025,130.325,131.425,18930200,2493652130,0,0
2024-08-09,137.35,137.65,135.925,136.675,11995400,1643929125,0,0
2024-08-13,137.775,139.525,137.675,139.525,4814400,665796130,0,0
2024-08-14,141.175,141.35,140.45,141.35,15203800,2145291855,0,0
2024-08-15,141.475,142.425,141.4,141.85,14176800,2012517365,0,0
2024-08-16,146.975,147.325,146.575,147.175,16047200,2357663150,0,0
2024-08-19,146.1,146.25,143.15,143.325,7657600,1109680665,0,0
2024-08-20,146.225,147.275,145.525,147.25,9470400,1386036545,0,0
2024-08-21,144.65,145.45,144.25,145.25,4480800,649132550,0,0
2024-08-22,145.475,145.9,144.95,145.225,5868000,852958575,0,0
2024-08-23,144.375,144.575,143.55,144.175,7126600,1027575430,0,0
2024-08-26,143.075,144.85,142.725,144.85,4950800,709327490,0,0
2024-08-27,142.25,143.025,142.175,143.025,4799600,684505455,0,0
2024-08-28,141.925,142.775,141.85,142.6,2755200,391998740,0,0
2024-08-29,139.475,140.825,139.375,140.775,7333400,1027232350,0,0
2024-08-30,141.85,142.2,141.4,141.9,2179400,308977240,0,0
2024-09-02,144.375,144.625,143.7,144.125,5423000,782430745,0,0
2024-09-03,144.75,145.225,143.95,144.125,3212800,464513215,0,0
2024-09-04,138.975,139.125,137.7,137.85,13654600,1887522000,0,0
2024-09-05,136.775,137.75,136.45,136.825,8168200,1120115935,0,0
2024-09-06,136.675,136.7,135.25,135.625,5432200,739732635,0,0
2024-09-09,132.55,134.45,132.475,134.45,16062400,2139858925,0,0
2024-09-10,135.1,135.275,134.275,134.375,4839200,651912745,0,0
2024-09-11,135.05,135.175,132.8,133.65,9208000,1237682045,0,0
2024-09-12,138.525,139.35,138.2,139.25,10109400,1403519215,0,0
2024-09-13,138.975,138.975,138.05,138.325,21712800,3011150730,0,0
2024-09-17,138.225,138.3,137.55,138.125,7149600,985953780,0,0
2024-09-18,139.55,139.575,138.575,139.05,5046600,701917820,0,0
2024-09-19,140.7,142.025,140.7,141.575,11547000,1633774265,0,0
2024-09-20,143.025,143.025,142.05,142.325,7360600,1048545290,0,0
2024-09-24,143.925,144.8,143.45,144.625,6834800,984733005,0,0
2024-09-25,144.1,144.275,143.65,143.825,4531200,652694905,0,0
2024-09-26,146.525,147.725,146.425,147.725,12965600,1906438015,0,0
2024-09-27,147.65,148.9,147.125,148.575,11050000,1632755845,0,0
2024-09-30,144.525,144.725,142.825,143.125,7716600,1109360990,0,0
2024-10-01,145.4,146.375,145.375,146.1,9819800,1433564595,0,0
2024-10-02,143.275,144.075,142.8,143.125,7205000,1032788015,0,0
2024-10-03,147.075,147.3,146.15,146.15,4201600,616610710,0,0
2024-10-04,146.8,147.15,146.1,146.325,3649400,535416300,0,0
2024-10-07,150.5,150.55,149.85,149.925,13198200,1983105250,0,0
2024-10-08,148.15,148.375,147.5,147.925,6125600,906898155,0,0
2024-10-09,150.2,150.6,150.05,150.45,10314800,1550359570,0,0
2024-10-10,152.65,153.2,152.35,152.7,8757800,1337455370,0,0
2024-10-11,152.3,152.45,152,152.2,5962400,907809450,0,0
2024-10-15,154.7,154.8,154.25,154.55,7555800,1168253920,0,0
2024-10-16,152,152.65,151.9,152.55,6528800,993765550,0,0
2024-10-17,152.25,152.5,151.9,152.35,5778400,879523010,0,0
2024-10-18,153.5,153.6,152.8,153.25,4111600,629616600,0,0
2024-10-21,153.85,153.85,152.95,153.1,5241600,804213370,0,0
2024-10-22,154.85,155,154.4,154.55,12025400,1861978370,0,0
2024-10-23,155.45,156.6,155.4,156.35,9156400,1428183330,0,0
2024-10-24,155.4,155.75,154.95,155.3,6831400,1061480820,0,0
2024-10-25,155.1,155.55,154.7,155.15,6319400,980045870,0,0
2024-10-28,157.95,159.2,157.85,158.75,11005800,1744689110,0,0
2024-10-29,157.55,157.75,156.95,157.3,7546600,1187386170,0,0
2024-10-30,159.45,159.9,159.15,159.25,9621600,1534267010,0,0
2024-10-31,157.15,157.7,156.45,156.45,6969600,1093995240,0,0
2024-11-01,153.25,154.3,153,154.15,5072000,778302000,0,0
2024-11-05,153.6,154.1,153.35,154,5269600,809624350,0,0
2024-11-06,154.85,159.55,154.75,159.55,21609200,3406227180,0,0
2024-11-07,161.9,162.5,161.7,162.25,12969400,2102482700,0,0
2024-11-08,163.4,163.55,161.45,161.45,10334600,1685855000,0,0
2024-11-11,163.75,164.45,163.6,164.4,7361400,1207400850,0,0
2024-11-12,163.65,164.45,163.4,163.75,8318400,1362418120,0,0
2024-11-13,164.4,164.7,164.15,164.5,9434600,1551750160,0,0
2024-11-14,165.35,165.9,165.25,165.35,6641600,1099551470,0,0
2024-11-15,164.8,164.95,163.65,163.65,9129600,1501203890,0,0
2024-11-18,159.75,161,159.55,160.6,15553000,2492310820,0,0
2024-11-19,160.4,160.9,159.75,160.9,8108800,1299666160,0,0
2024-11-20,161.75,162.7,161.7,162.7,9061200,1468818770,0,0
2024-11-21,162.2,162.25,160.85,161.25,12672600,2047411870,0,0
2024-11-22,161.25,162.4,161.1,162.4,4083800,659820630,0,0
2024-11-25,162.55,163.05,162.15,163.05,3851400,626065990,0,0
2024-11-26,162.05,162.05,160.9,162,5285000,854671090,0,0
2024-11-27,161.6,161.75,160.7,160.7,5235600,843604870,0,0
2024-11-28,158.8,159.5,158.7,159.45,5774200,919028470,0,0
2024-11-29,159.15,159.2,157.55,158.1,7226200,1143705630,0,0
2024-12-02,158.35,159.2,158.3,158.85,2362000,375295590,0,0
2024-12-03,159.85,160.75,159.8,160.65,4491200,720343430,0,0
2024-12-04,160.9,161.7,160.8,161.35,7342200,1182356390,0,0
2024-12-05,163.35,163.45,162.4,162.45,9440800,1539554890,0,0
2024-12-06,162.45,162.65,162.2,162.45,4505800,731862360,0,0
2024-12-09,163.75,164.05,163.4,164,6379200,1044630360,0,0
2024-12-10,163.95,164.2,163.4,163.6,3730200,610877500,0,0
2024-12-11,164.15,164.2,163.7,164,2625800,430649520,0,0
2024-12-12,167.15,167.75,166.8,167.65,12335600,2062231970,0,0
2024-12-13,167.45,168,167.3,167.85,8510400,1427153780,0,0
2024-12-16,168.95,169.7,168.7,169.3,9971000,1687545640,0,0
2024-12-17,172,172.3,171.8,172,18173000,3126795330,0,0
2024-12-18,170.45,171,170.4,170.7,10919400,1863710220,0,0
2024-12-19,165.9,166.8,165.55,166.3,12394600,2058334000,0,0
2024-12-20,168.1,168.25,166.1,166.4,9301200,1554513680,0,0
2024-12-23,169.2,169.9,168.6,169.75,13091000,2215536440,0,0
2024-12-24,170.65,170.7,170.3,170.55,7393800,1260696140,0,0
2024-12-25,172.45,173.05,171.85,172.95,16153000,2789796540,0,0
2024-12-26,173.05,173.75,172.95,173.5,26601000,4612411980,0,0
2024-12-27,173.7,173.8,172.85,172.9,7929200,1373703710,0,0
2024-12-30,171.5,171.65,171.05,171.4,7114800,1218826540,0,0
2025-01-06,169.75,170.45,169.5,170.45,9359000,1589988060,0,0
2025-01-07,172,172.7,171.4,171.5,8236200,1417970900,0,0
2025-01-08,169.65,170,169.4,170,5139600,872267280,0,0
2025-01-09,169.35,169.55,168.75,169,7242000,1224739640,0,0
2025-01-10,168.3,169.35,167.8,169,5831000,983498520,0,0
2025-01-14,166,166.65,165.75,166.65,11507200,1911710220,0,0
2025-01-15,166.1,166.1,165.15,165.45,6303600,1044857630,0,0
2025-01-16,167.85,168.25,166.65,168.15,5083400,852754850,0,0
2025-01-17,165.7,166.55,165.25,166.55,2836000,470365320,0,0
2025-01-20,169.05,169.1,168.5,169,3864600,652684690,0,0
2025-01-21,169.4,169.4,167.4,168.85,6297400,1061141590,0,0
2025-01-22,170.5,171.1,170.25,171.05,4533200,773818110,0,0
2025-01-23,172.45,172.8,172.2,172.4,7175200,1237368920,0,0
2025-01-24,172.55,173,171.1,171.65,6141200,1057177880,0,0
2025-01-27,169.5,169.6,167.7,167.8,18416600,3098922060,0,0
2025-01-28,165.95,166.9,165.6,166.6,18319400,3046543370,0,0
2025-01-29,168.45,168.95,168.15,168.9,10471800,1765247740,0,0
2025-01-30,168,168.5,167.7,168.5,3780400,635827580,0,0
2025-01-31,168.15,169.4,168.05,169.1,3090400,520650920,0,0
2025-02-03,165,165.7,164.3,164.4,14344200,2366717620,0,0
2025-02-04,168.3,168.45,165.5,166.85,8375600,1401170500,0,0
2025-02-05,167.2,167.65,165.95,166.15,6433800,1074990080,0,0
2025-02-06,167.25,167.45,166.3,167.35,5586200,933211280,0,0
2025-02-07,166.25,167.15,166,166.5,2517800,419365500,0,0
2025-02-10,165.45,166.25,165.25,166.05,3648400,604692420,0,0
2025-02-12,167.7,168.6,167.65,168.35,4713600,792197610,0,0
2025-02-13,169.95,170.5,169.75,169.75,6042400,1027701640,0,0
2025-02-14,170.1,170.45,169.75,169.95,4225000,718816050,0,0
2025-02-17,170.05,170.25,169.8,170.05,3337600,567602600,0,0
2025-02-18,169.5,170.65,169.45,170.45,3050400,518651520,0,0
2025-02-19,170.2,170.8,170.05,170.05,2187600,372739070,0,0
2025-02-20,169.35,169.35,167.6,167.7,4151200,699357150,0,0
2025-02-21,166.95,168.05,166.95,168,3823800,640388750,0,0
2025-02-25,161.85,162.55,161.5,161.95,13730600,2225130210,0,0
2025-02-26,159.6,160.55,159.05,160.45,6132200,979174380,0,0
2025-02-27,159.45,160.6,158.75,160.6,6527600,1041431350,0,0
2025-02-28,156.6,156.7,154.85,156.35,8592800,1340467730,0,0
2025-03-03,159.65,159.9,158.45,159.25,4661200,741747690,0,0
2025-03-04,154.75,155.25,153.6,155.15,7947800,1228832790,0,0
2025-03-05,155.8,155.8,154.85,155.1,18276800,2839039540,0,0
2025-03-06,155.1,155.7,154.85,155.15,5971400,927250760,0,0
2025-03-07,150.85,151.25,149.975,150.2,6889400,1037966625,0,0
2025-03-10,149.5,150.4,149.05,149.9,5108400,764154445,0,0
2025-03-11,143.425,145.4,141.875,145.175,13461400,1932634715,0,0
2025-03-12,145.775,146,145.425,145.6,5308400,773430610,0,0
2025-03-13,147.675,147.775,144.825,145.175,6780000,990907865,0,0
2025-03-14,144.925,146.25,144.65,145.825,4612600,671243880,0,0
2025-03-17,147.275,147.825,147.075,147.3,4663200,687472090,0,0
2025-03-18,149.8,149.925,149.225,149.7,5102800,763432035,0,0
2025-03-19,147.625,148.375,147.55,148.15,4007600,592827150,0,0
2025-03-21,148.125,149.05,148.1,148.8,5573200,828055380,0,0
2025-03-24,150.85,151.2,150.7,150.9,7047400,1063552480,0,0
2025-03-25,153.8,154,153.3,153.45,8610000,1322987640,0,0
2025-03-26,154.25,154.75,154.1,154.45,6989000,1079019990,0,0
2025-03-27,151.35,151.8,151.05,151.75,8834400,1337359190,0,0
2025-03-28,151,151.5,150.8,151.2,3646000,550959490,0,0
2025-03-31,144.1,144.2,143.25,143.5,13656200,1963250990,0,0
2025-04-01,145.625,145.85,144.9,145.65,5089600,740148105,0,0
2025-04-02,147.65,147.65,146.95,147.25,8006400,1179361425,0,0
2025-04-03,140.6,141.825,140.375,141.025,18587600,2620221210,0,0
2025-04-04,137.25,137.5,134.725,136.775,21349800,2910846085,0,0
2025-04-07,121.775,125.25,121.45,121.725,35651800,4390448210,0,0
2025-04-08,132.225,132.75,130.925,131.475,17767600,2344901785,0,0
2025-04-09,124.225,126.025,121.85,123.9,29887200,3702114440,0,0
2025-04-10,142.475,142.525,139.8,140.8,13552000,1916114665,0,0
2025-04-11,131.825,135.95,130.125,135.575,20667800,2736543040,0,0
2025-04-14,137.375,138.5,135.775,136.625,9851800,1350778760,0,0
2025-04-15,135.7,136.65,135.65,135.875,9009600,1225489395,0,0
2025-04-16,134.85,134.85,132.35,132.875,11192000,1496881925,0,0
2025-04-17,131.375,133.725,131.125,133.575,12324600,1629533365,0,0
2025-04-18,131.675,132.35,131.6,132.025,5760400,760625920,0,0
2025-04-21,130.5,130.625,128.85,129.025,17390400,2253820465,0,0
2025-04-22,127.55,128.1,126.575,127.1,8615400,1096234415,0,0
2025-04-23,134.55,134.575,132.675,133.775,15403400,2060921530,0,0
2025-04-24,135.725,136.1,134.225,134.85,10165200,1374281140,0,0
2025-04-25,139.65,141,139.375,140.525,20098000,2817063565,0,0
2025-04-28,140.925,140.925,140.025,140.8,11335000,1592190320,0,0
2025-04-30,140.2,140.6,139.775,140.425,8595600,1204253645,0,0
2025-05-01,143.6,145.125,143.45,144.85,12083400,1740512335,0,0
2025-05-02,145,146.75,144.85,145.525,10558200,1541615145,0,0
2025-05-07,144.75,145.125,143.75,143.75,11363200,1640667365,0,0
2025-05-08,144.7,146.525,144.375,146.45,13541600,1968630260,0,0
2025-05-09,148.125,148.45,147.625,147.875,8895200,1316791985,0,0
2025-05-12,150.35,151.45,150.2,151.35,10105600,1524576300,0,0
2025-05-13,156.15,156.2,155.15,155.45,11309400,1760729280,0,0
2025-05-14,158.35,158.45,157.6,158,8942600,1413558150,0,0
2025-05-15,158.05,158.25,156.9,156.95,8850600,1394694840,0,0
2025-05-16,157.15,157.2,156.15,156.5,5662400,887681100,0,0
2025-05-19,156.45,156.6,155.2,155.35,8339000,1298990230,0,0
2025-05-20,157.45,158.05,155.75,155.95,8151400,1281431810,0,0
2025-05-21,155.95,156.1,154.35,154.35,3547600,550598690,0,0
2025-05-22,153.3,153.6,152.85,152.9,6517800,998354680,0,0
2025-05-23,153.75,154,152.7,152.95,3891200,596137830,0,0
2025-05-26,152.75,153.1,152.25,153.1,4952400,756031000,0,0
2025-05-27,152.9,153.45,151.9,153.45,3344800,511076710,0,0
2025-05-28,156.2,156.9,155.75,156.35,10272000,1606004220,0,0
2025-05-29,160.3,161,159.65,160.3,14113400,2263932760,0,0
2025-05-30,154.8,155.75,154.25,155.3,9101400,1410952000,0,0
2025-06-02,154.85,154.85,153.5,153.5,5977600,920510970,0,0
2025-06-03,154.7,155.6,154.65,154.8,4781400,741204460,0,0
2025-06-04,157.7,158.3,157.3,157.75,3498600,552068760,0,0
2025-06-05,156.8,157.4,156.75,157.4,2584400,405697900,0,0
2025-06-06,156.35,157.75,156.35,157.75,7122400,1117445140,0,0
2025-06-09,159.25,159.45,158.5,158.6,4529400,719616420,0,0
2025-06-10,159.65,161.3,159,159.6,11002000,1763175890,0,0
2025-06-11,160.8,160.95,160.3,160.75,4071800,654090190,0,0
2025-06-12,159.3,159.45,158.25,158.7,4434200,704883360,0,0
2025-06-13,157.75,157.75,155.6,156.8,14274400,2235011710,0,0
2025-06-16,158.6,158.85,158.1,158.65,5845600,926424580,0,0
2025-06-17,159.5,160.5,159.45,160.3,3457800,553309320,0,0
2025-06-18,159.7,160.15,159.4,159.85,4257600,680549690,0,0
2025-06-19,159.4,159.45,158.1,158.95,5760600,914408620,0,0
2025-06-20,159.2,159.85,159.05,159.85,2254200,359457320,0,0
2025-06-23,159.45,161.1,159.1,161.1,10692600,1709215750,0,0
2025-06-24,162.5,162.7,162,162.7,6691800,1086989050,0,0
2025-06-25,162.95,163.25,162.4,163.2,6225600,1014261130,0,0
2025-06-26,163.2,163.5,163,163.2,6354000,1037429700,0,0
2025-06-27,164.55,164.75,164,164.5,7234000,1189161830,0,0
2025-06-30,165.3,165.75,164.9,165.25,5743600,949298900,0,0
2025-07-01,165.05,165.3,164.45,164.5,3404800,561337490,0,0
2025-07-02,163.3,164.3,163.25,164.25,4574000,748683730,0,0
2025-07-03,164.75,165.2,164.5,165.1,5180800,853614260,0,0
2025-07-04,167.3,167.4,166.35,166.35,8093200,1351716640,0,0
2025-07-07,166.7,167.05,165.95,166.9,8203600,1367094050,0,0
2025-07-08,167.5,168.45,167.4,168.25,7689600,1290180890,0,0
2025-07-09,168.9,169.1,168.45,168.7,5564400,939563740,0,0
2025-07-10,169.1,169.1,168.45,168.9,6916800,1168442230,0,0
2025-07-11,169.35,169.8,167.9,169.45,6474400,1096301690,0,0
2025-07-14,169.15,169.4,168.5,169,9608600,1624409280,0,0
2025-07-15,170.85,172.1,170.5,172.05,23678600,4057933340,0,0
2025-07-16,172,172.65,171.85,171.9,8764600,1509243430,0,0
2025-07-17,171.5,173.15,171.45,173.15,6482400,1116519910,0,0
2025-07-18,173.9,174.5,173.65,174.45,10411600,1812572850,0,0
2025-07-22,173.15,173.55,173,173.4,10867400,1883146310,0,0
2025-07-23,171.85,172.25,170.75,171.9,11453000,1964262760,0,0
2025-07-24,172.4,172.5,171.7,171.95,7445800,1281580570,0,0
2025-07-25,173.15,173.85,172.95,173.15,8516800,1476407590,0,0
2025-07-28,175.25,175.75,174.7,175.65,8549200,1497889150,0,0
2025-07-29,175.8,176.1,175.55,175.7,8876200,1560976320,0,0
2025-07-30,175.3,175.5,174.9,175.05,4489000,785860150,0,0
2025-07-31,178.15,178.65,178.05,178.2,26200200,4672800540,0,0
2025-08-01,176.85,177.25,176.15,176.3,9388600,1659569760,0,0
2025-08-04,170.1,171.25,170.1,171.1,11414600,1948982230,0,0
2025-08-05,172.8,173.3,172.25,173.1,4893200,845466850,0,0
2025-08-06,171.5,172.55,171.4,172.55,2368200,407002060,0,0
2025-08-07,173.3,174.25,173.3,173.45,6172600,1072305210,0,0
2025-08-08,173.3,174.4,173.3,174.15,4372200,760827300,0,0
2025-08-12,175.8,176.4,175.7,176.05,7083000,1247253700,0,0
2025-08-13,177.65,178.2,177.5,177.7,7064400,1255957780,0,0
2025-08-14,177,177.05,175.55,175.6,6037800,1064376120,0,0
2025-08-15,177.15,177.35,176.7,177.05,4051200,717346570,0,0
2025-08-18,177.05,177.05,176.3,176.35,5590600,987793440,0,0
2025-08-19,176.95,176.95,176.05,176.2,3133400,553126020,0,0
2025-08-20,173.9,174,172.7,172.85,6021200,1043278350,0,0
2025-08-21,172.65,173.25,172.3,173.2,3286200,567850870,0,0
2025-08-22,173.4,173.55,172.85,173,3134400,543202870,0,0
2025-08-25,174.6,174.95,174.25,174.3,5241400,915163620,0,0
2025-08-26,174.7,174.8,172.8,174.35,6471000,1124313000,0,0
2025-08-27,175.15,175.8,175,175.4,3905400,684809330,0,0
2025-08-28,174.35,174.7,174.15,174.55,3985200,695084630,0,0
2025-08-29,175.45,175.75,174.85,174.85,2838400,497967720,0,0
2025-09-01,174.25,174.6,172.7,172.7,6961800,1208970200,0,0
2025-09-02,173.55,174.5,173.55,174.15,3677400,640477660,0,0
2025-09-03,174.5,174.9,174.25,174.6,4007400,699527220,0,0
2025-09-04,174.95,175.5,174.55,175.15,6456800,1131545050,0,0
2025-09-05,177.2,177.55,176.9,177.4,7274200,1289400230,0,0
2025-09-08,177.6,177.95,176.95,177.15,3382800,600066850,0,0
2025-09-09,176.8,177,176.2,176.65,4679000,826693620,0,0
2025-09-10,177.3,177.75,177.3,177.75,4633200,822402240,0,0
2025-09-11,177.55,177.9,177.35,177.85,2351600,417747290,0,0
2025-09-12,178.35,178.7,178.05,178.65,3904000,696372200,0,0
2025-09-16,180.4,180.8,180.3,180.3,6939800,1252699770,0,0
2025-09-17,179.25,179.55,179.05,179.2,5466600,980236140,0,0
2025-09-18,180.35,181.25,180.15,181,13267800,2400042700,0,0
2025-09-19,182.8,182.95,181.55,182.05,8193000,1495879310,0,0
2025-09-22,183.7,184.25,183.5,183.5,11992800,2206907460,0,0
2025-09-24,183.2,183.95,182.85,183.8,1835400,336604420,0,0
2025-09-25,184,184.35,183.8,183.9,7724400,1421968470,0,0
2025-09-26,184.4,184.7,183.75,184.55,13142600,2422835080,0,0
2025-09-29,185.05,185.1,184.6,184.95,13593800,2513929680,0,0
2025-09-30,184.5,184.85,184.05,184.2,2192200,404225130,0,0
2025-10-01,183.8,183.95,182.4,182.4,2585400,473871120,0,0
2025-10-02,184.2,184.8,184.15,184.8,3474400,640726970,0,0
2025-10-03,185,186.3,184.95,186.1,29650000,5507113290,0,0
2025-10-06,187.75,188.95,187.55,188.6,28693400,5398924660,0,0
2025-10-07,189.3,189.85,189.3,189.6,15372200,2913964010,0,0
2025-10-08,190.65,191.7,190.65,191.3,22982000,4395859600,0,0
2025-10-09,194.25,194.4,193.4,194.2,16058200,3114131450,0,0
2025-10-10,194.2,194.4,193.5,193.9,13585800,2635890490,0,0
2025-10-14,190.4,191.5,187.55,187.85,18415000,3495681010,0,0
2025-10-15,188.4,188.95,187.85,188.5,7118200,1340847490,0,0
2025-10-16,188.9,189.9,187.85,189.9,2961600,559510520,0,0
2025-10-17,186.45,187.2,185,185,9237000,1719870950,0,0
2025-10-20,189.25,190.1,188.75,189.6,8284000,1569028650,0,0
2025-10-21,191.5,192.3,191,192.1,6488200,1243486910,0,0
2025-10-22,192.35,192.95,191.65,192.95,4537600,872633040,0,0
2025-10-23,190.55,192.05,190.3,192,4101000,784665940,0,0
2025-10-24,193.75,194.9,193.5,194.85,8893600,1729308630,0,0
2025-10-27,197.55,198.3,197,198.3,21304000,4215364520,0,0
2025-10-28,199.3,199.3,197.65,198,8927600,1773924550,0,0
2025-10-29,199.5,201.15,199.1,200.8,28965200,5797805340,0,0
2025-10-30,201.15,202.95,200.3,201.45,29933000,6037707330,0,0
2025-10-31,202.1,202.7,201.9,202.5,7121800,1440669430,0,0
2025-11-04,202,202.05,198.65,198.65,9215400,1848358650,0,0
2025-11-05,196.65,197.65,194.3,197.65,15304400,3002654290,0,0
2025-11-06,199.65,199.7,198.1,198.75,5382600,1071286790,0,0
2025-11-07,194.5,195.5,193.6,195.45,10932200,2127446610,0,0
2025-11-10,196.1,197.5,195.35,197.2,10291200,2023281700,0,0
2025-11-11,199.65,200.15,198.75,199.15,8670800,1729602610,0,0
2025-11-12,198.85,200.45,198.75,200.35,8205200,1637251330,0,0
2025-11-13,198.8,200.6,198.8,200.3,8336800,1667079430,0,0
2025-11-14,195.35,195.6,194,194.5,13272600,2589633040,0,0
2025-11-17,195.75,196.85,195.1,196.85,5542000,1087248690,0,0
2025-11-18,194.8,195.05,191.9,192.7,9045600,1750422610,0,0
2025-11-19,192.45,192.75,191.05,191.7,10612200,2037729580,0,0
2025-11-20,198.35,199.95,198.2,199.6,11872800,2360801630,0,0
2025-11-21,191.45,192.15,190.8,190.95,8572800,1641787660,0,0
2025-11-25,197.05,197.25,196.5,196.5,11019800,2168973720,0,0
2025-11-26,197.5,198.25,197.15,198.15,7271000,1436249690,0,0
2025-11-27,199.5,199.5,198.6,199,4470400,890073100,0,0
2025-11-28,199.55,200.35,199.35,200.35,3613000,722107430,0,0
2025-12-01,200.3,200.3,197.45,198.3,10691400,2128446660,0,0
2025-12-02,199.25,199.75,198.7,198.7,6970600,1388147090,0,0
2025-12-03,201.15,201.55,200.65,200.95,8489600,1707067530,0,0
2025-12-04,200.55,201.05,200.4,200.95,7766400,1559177290,0,0
2025-12-05,200.45,201.15,200.35,200.65,4488600,900925290,0,0
2025-12-08,201.65,202.1,201.15,201.95,3217000,648591430,0,0
2025-12-09,202.2,202.45,201.8,202,3922400,792758260,0,0
2025-12-10,203,203.3,202.65,203.25,6517800,1323300750,0,0
2025-12-11,202.35,202.35,199.85,200.5,4748800,956654160,0,0
2025-12-12,201.45,202.15,201.35,202.15,4278400,862848410,0,0
2025-12-15,198.3,198.75,197.8,197.85,8834800,1752481840,0,0
2025-12-16,196.35,196.35,194.3,194.6,6935000,1353015610,0,0
2025-12-17,196.1,197.35,195.55,197.25,2986800,586820980,0,0
2025-12-18,194.1,195,193.75,194.95,3625600,704942870,0,0
2025-12-19,196.75,197.8,196.5,197.3,4103000,809167870,0,0
2025-12-22,202.45,202.5,201.9,202,14737400,2980023560,0,0
2025-12-23,202,202,200.35,200.35,4782800,962544860,0,0
2025-12-24,201.85,201.9,200.9,201.5,6669600,1342128810,0,0
2025-12-25,202.5,202.5,201.4,201.55,3278800,661615710,0,0
2025-12-26,202.25,202.95,202.1,202.1,4839000,979730520,0,0
2025-12-29,202.7,202.7,201.75,201.75,3992200,807470420,0,0
2025-12-30,200.9,201.5,200.75,200.75,4067200,817601080,0,0
2026-01-05,200.3,201,200.3,200.5,7850600,1574789260,0,0
2026-01-06,200.6,201.3,200.55,201.15,6957200,1396985090,0,0
2026-01-07,202.75,203.1,201.9,201.9,5543600,1123210490,0,0
2026-01-08,202.95,203.4,201.45,201.45,5263200,1065794450,0,0
2026-01-09,202.15,202.9,201.95,202.5,3092000,625942210,0,0
2026-01-13,205.2,206.8,205.1,206.8,30090000,6193575780,0,0
2026-01-14,206.9,207.35,206.45,206.45,11677600,2417100830,0,0
2026-01-15,203.55,204.6,203.25,204.55,4553200,927575300,0,0
2026-01-16,204.9,205.3,204.6,205.3,3161400,647808650,0,0
2026-01-19,201.3,201.5,200,201,10705400,2153198330,0,0
2026-01-20,201.4,201.85,200.9,201,8274600,1666619870,0,0
2026-01-21,199.35,200.4,199.3,200.05,7313600,1461254130,0,0
2026-01-22,203.25,203.75,202.95,203.35,5551600,1129006870,0,0
2026-01-23,203.8,204.85,203.6,204.7,4158000,849625090,0,0
2026-01-26,199.5,199.55,197.85,198.75,9175600,1824421550,0,0
2026-01-27,200.7,202.05,200.3,202,3610400,726898330,0,0
2026-01-28,200.2,201.75,200.1,201.45,7804200,1569114600,0,0
2026-01-29,201.95,202.15,200.6,201.85,4751200,956959440,0,0
2026-01-30,199.95,200.45,199.05,199.5,5396000,1078542100,0,0
2026-02-02,199.25,200.1,195.95,196.55,7944400,1571396090,0,0
2026-02-03,202.8,203.25,202.45,203.25,5719000,1160467560,0,0
2026-02-04,199.1,200.15,199.1,200.05,4252400,848919880,0,0
2026-02-05,197.85,198.55,196.6,197.7,6063600,1197852170,0,0
2026-02-06,191.5,194.3,191,194.1,7694400,1481441420,0,0
2026-02-09,200.05,200.3,198.1,198.1,7660000,1527245040,0,0
2026-02-10,199.15,199.3,197.5,198,3295600,653782980,0,0
2026-02-12,194.7,195.6,194.1,195.45,3970600,773160900,0,0
2026-02-13,191.5,191.7,190.25,190.75,9317600,1780860260,0,0
2026-02-16,191.2,191.8,191.1,191.25,2363400,452463170,0,0
2026-02-17,191.8,192.1,189.25,189.4,4648600,883468940,0,0
2026-02-18,190.75,192.2,190.65,191.85,1560000,298650210,0,0
2026-02-19,194.5,195.8,194.2,195.1,3938000,768046820,0,0
2026-02-20,194.55,195.3,194.4,195.15,1775600,345957270,0,0
2026-02-24,193.25,194.75,193.25,194.15,2662000,516034170,0,0
2026-02-25,196.8,197.25,196.35,196.35,2840200,558746410,0,0
2026-02-26,199.3,199.6,198.55,199.2,4242200,844610320,0,0
2026-02-27,196.4,196.9,195.95,196.65,3647200,716550840,0,0
2026-03-02,195.4,196.35,194.9,195.3,6473200,1265939200,0,0
2026-03-03,198,198.3,196.3,196.55,4983600,983023360,0,0
2026-03-04,196.5,197.15,194.75,195,5942000,1163271370,0,0
2026-03-05,199.2,199.7,198,198.2,3969000,789563270,0,0
2026-03-06,199.2,200.15,199,199.9,2846200,567957350,0,0
2026-03-09,193.25,194.5,192.2,194.5,4629600,894058510,0,0
2026-03-10,198,198.9,197.95,198.5,2804600,556359300,0,0
2026-03-11,199.55,200.6,199.5,199.5,2613600,523097670,0,0
2026-03-12,199.05,199.2,198.2,198.9,2077000,412698510,0,0
2026-03-13,197.15,198.15,196.7,197.45,1765400,349002010,0,0
2026-03-16,196.85,197.7,196.85,197.4,3716200,733144340,0,0
2026-03-17,197.95,198.3,197.4,197.6,2117800,419052130,0,0
2026-03-18,198.95,200.4,198.8,200.4,2003000,399904580,0,0
2026-03-19,197,197.45,196.55,196.75,1804000,355308770,0,0
2026-03-23,191.25,192.2,191.05,191.15,4548800,870755520,0,0
2026-03-24,194.15,194.15,192.35,193.25,4003800,774107420,0,0
2026-03-25,194,194.55,193.45,194,4051000,786068970,0,0
2026-03-26,194.2,195,193.65,193.95,2909400,565243610,0,0
2026-03-27,191.1,191.85,190.4,191.85,6709000,1282566900,0,0
2026-03-30,185.55,187.2,185.4,187.2,5624600,1047261360,0,0
2026-03-31,184.8,187.3,184.15,186.5,4166000,774377380,0,0
2026-04-01,191.2,191.85,190.8,191.85,5716800,1093019590,0,0
2026-04-02,192.75,192.9,189.9,190,5143200,982610090,0,0
2026-04-03,193.5,193.95,193.3,193.6,2496000,483233850,0,0
2026-04-06,192.95,194.75,192.95,194.2,3136400,608118300,0,0
2026-04-07,194.85,195.15,193.85,194.6,5547200,1078162140,0,0
2026-04-08,199.5,200.25,198.95,199.8,9380600,1871778560,0,0
2026-04-09,199.25,199.75,199,199.75,5355200,1067623160,0,0
2026-04-10,201.5,202.25,201.4,201.95,3658200,738086920,0,0
2026-04-13,200.35,201.25,200.05,201.15,3689400,740875570,0,0
2026-04-14,204.6,204.7,204.25,204.4,3339000,682771470,0,0
2026-04-15,207.5,207.9,207.15,207.35,8267400,1716104360,0,0
2026-04-16,210.65,211.35,210.45,211.25,17961000,3786667660,0,0
2026-04-17,211.65,212.15,211.6,212.1,10989000,2328874080,0,0
2026-04-20,213.1,213.25,212.6,212.85,9114200,1941392800,0,0
2026-04-21,213.8,214.35,213.8,214.3,10685400,2288078010,0,0
2026-04-22,214.4,214.8,214.25,214.8,11421600,2451040800,0,0
2026-04-23,217.2,217.3,215.35,216.55,13353000,2889564070,0,0
2026-04-24,217.35,217.85,216.9,217.5,13854400,3014304310,0,0
2026-04-27,219.65,220.6,219.5,219.9,17303000,3807836510,0,0
2026-04-28,220.2,220.4,218.85,219,3141600,689780920,0,0
2026-04-30,221.95,222.55,219.75,219.85,12978000,2879209350,0,0
2026-05-01,218.55,219.35,218,219.35,6715600,1467851220,0,0
2026-05-07,225.65,226.5,225.35,226.5,16601600,3750208540,0,0
2026-05-08,226.5,227.6,226.5,227.55,11186000,2539900020,0,0
2026-05-11,231.75,232.45,231.3,232.05,13268000,3079322020,0,0
2026-05-12,233.15,233.15,231.5,232.1,7774200,1808998150,0,0
2026-05-13,231.05,233.2,230.8,233.05,4720600,1096108330,0,0
2026-05-14,235.75,236.15,234.35,235.4,7236400,1705064870,0,0
2026-05-18,233.3,233.45,231.7,232,5917400,1375362500,0,0
2026-05-19,233.35,233.7,231.55,232.1,3421400,795224150,0,0
2026-05-20,232.25,232.55,231,232.45,2350200,544999920,0,0
2026-05-21,234.05,236.2,233.75,235.65,7271200,1709928580,0,0
2026-05-22,237,240,236.8,239.4,5185130,1232103903,0,0
2026-05-25,247.4,247.4,239.4,246.7,8015330,1955184864,0,0
2026-05-26,240.9,241.7,238.7,239.9,5917790,1417618083,0,0
2026-05-27,242.7,242.7,241.5,242,3548430,858910105,0,0
2026-05-28,241.5,241.9,239.3,241,5685280,1368897591,0,0
2026-05-29,243.4,243.7,242.7,243.2,5006580,1217765963,0,0
2026-06-01,244.8,246,244.7,246,4779190,1173192272,0,0
2026-06-02,245.5,245.8,244.2,245.7,5209110,1276177382,0,0
2026-06-03,247.2,248.1,247.2,247.4,5341450,1323202272,0,0
2026-06-04,245.4,246.5,245,246.4,5717780,1405433605,0,0
2026-06-05,244.6,244.6,242.8,243.3,3698310,901854142,0,0
2026-06-08,235.4,238,234.6,235.9,8492010,2004195823,0,0
2026-06-09,238.3,240.2,237.1,239.8,7452750,1776067122,0,0
2026-06-10,235.6,236.5,233.7,234.6,6748070,1586858745,0,0
2026-06-11,230,233.6,229.6,233.5,6357900,1471509597,0,0
2026-06-12,241.5,241.5,230.1,239.6,8293230,1982253894,0,0
2026-06-15,243,245.6,242.9,245.6,8568760,2092950430,0,0
2026-06-16,247.4,248.2,246.5,247,6469440,1599206189,0,0
2026-06-17,243.6,245.1,243.5,244.6,3551330,867228072,0,0
2026-06-18,243.7,245.1,243.6,244.6,4425690,1081844327,0,0
2026-06-19,247.9,248.2,245.3,246.1,5964950,1471577562,0,0
2026-06-22,244.9,248.2,244.9,248.2,4897710,1208937198,0,0
2026-06-23,247,247.4,242.4,243.8,7603100,1866732105,0,0
2026-06-24,240.3,241.9,239.5,241.9,4543490,1093450507,0,0
2026-06-25,243.6,245,242.1,245,5711310,1389249603,0,0
2026-06-26,240.4,241.1,235.9,238.2,5124810,1225758653,0,0
2026-06-29,241.1,241.4,237.9,239.9,5086230,1218306907,0,0
2026-06-30,244,245.1,242.4,243.2,2954620,720328671,0,0
2026-07-01,248.3,249.3,245,249,4080510,1011241780,0,0
2026-07-02,245.8,247,243.5,243.5,3958210,970302519,0,0
2026-07-03,240,241.9,238.8,241.3,4854870,1166907849,0,0
2026-07-06,243.1,243.1,241,241.7,3049410,738867106,0,0
2026-07-07,243,243.1,238.8,241.2,3002090,724288265,0,0
2026-07-08,238.2,240.7,238.1,238.9,3980130,953368786,0,0
2026-07-09,240.7,241.7,240,241.7,3367400,811176082,0,0
2026-07-10,244.2,244.2,241.3,241.3,4695190,1140980510,0,0
2026-07-13,242.9,244.1,240.5,241.4,4769940,1158662960,0,0
2026-07-14,239.9,241.9,239.2,241.1,3752650,902486600,0,0
2026-07-15,243.6,244.8,242.9,244.8,4843430,1180175321,0,0
2026-07-16,242.1,242.6,240.8,242,3823730,924593098,0,0
2026-07-17,237.2,237.7,234.3,234.5,5759090,1360387042,0,0
2026-07-21,235.2,238.2,234.3,237.7,3302260,779416694,0,0
2026-07-22,240.4,240.7,238.1,238.1,4087410,980228608,0,0
2026-07-23,239.2,240.1,238.4,239.1,4156890,994134893,0,0
2026-07-24,236.3,236.8,234.4,235.1,4336750,1021281761,0,0
2026-07-27,236.3,236.4,234.6,235.9,4899570,1154320325,0,0
2026-07-28,232.1,232.3,229,229.7,4902650,1131349381,0,0
2026-07-29,231.5,232.2,226.9,228,6889000,1578774520,0,0
2026-07-30,225.9,227.8,225.5,226.2,3758200,850975730,0,0
2026-07-31,231.6,233.3,229.4,231.3,9124390,2104024822,0,0
2026-08-03,228.8,228.8,223.5,226.7,15102640,3409071832,0,0
2026-08-04,230,231.5,229,231.5,4230640,973533247,0,0
2026-08-05,237.2,238.4,236.7,238.1,5277960,1252539356,0,0
2026-08-06,235.2,235.6,234.3,235.1,3868640,909138522,0,0
2026-08-07,235.7,236,234.8,235.3,2244080,528362132,0,0
2026-08-10,237.7,238.7,236.5,238.7,2713300,645123854,0,0
2026-08-12,238,238.4,237.2,238.1,2860770,680560588,0,0
2026-08-13,239.1,240,238.9,240,1785360,427410432,0,0
2026-08-14,242.1,242.7,241.3,242,2981930,721473345,0,0
2026-08-17,242.4,242.5,241.5,242.5,2841680,687860071,0,0
2026-08-18,241.2,241.8,239.3,239.9,4326830,1040361389,0,0
2026-08-19,236.9,237.6,235.6,235.8,3369620,797303676,0,0
2026-08-20,236.1,237,235.6,237,1945800,459743496,0,0
2026-08-21,234.4,235.7,234.2,235.7,1529890,359424940,0,0
2026-08-24,235.9,236,233,233.7,1807660,423417583,0,0
2026-08-25,233,235.1,232.4,235.1,1299400,303411278,0,0
2026-08-26,234.4,234.5,233.1,234.5,2024270,473792140,0,0
2026-08-27,237.8,237.9,236,236,3170820,750714524,0,0
2026-08-28,237.3,238.6,237.3,238.1,1858620,442296163,0,0
2026-08-31,236.4,237.6,235.7,237,1848410,436969828,0,0
