Date,Open,High,Low,Close,Volume,TradingValue,UpLimit,UnderLimit
2016-02-05,46.88,46.88,46.4,46.46,23500,,,
2016-02-08,46.52,47.48,46.52,47.48,1000,,,
2016-02-09,46,46,45.6,45.6,2500,,,
2016-02-10,44.7,44.7,43.96,43.96,16500,,,
2016-02-12,42.22,42.6,41.5,41.5,25000,,,
2016-02-15,42.78,44.72,42.78,44.72,33500,,,
2016-02-16,44.72,45.6,44.72,45.6,24500,,,
2016-02-17,45.08,45.58,44.4,44.52,16000,,,
2016-02-18,47.22,47.36,46.2,46.2,24500,,,
2016-02-19,45.82,46.32,45.82,46.02,2000,,,
2016-02-22,46.78,47,46.3,47,9000,,,
2016-02-23,47,47.32,47,47.32,2500,,,
2016-02-24,46.58,46.58,45.9,45.9,11000,,,
2016-02-25,46,47,46,47,7000,,,
2016-02-26,#VALUE!,#VALUE!,#VALUE!,#VALUE!,0,,,
2016-02-29,47.72,47.72,47.72,47.72,2000,,,
2016-03-01,#VALUE!,#VALUE!,#VALUE!,#VALUE!,0,,,
2016-03-02,46.42,47.3,46.42,47.3,27000,,,
2016-03-03,47.36,48.24,47.36,48.24,1500,,,
2016-03-04,48.84,49.46,48.84,49.46,10000,,,
2016-03-07,49.46,49.64,49.46,49.54,5500,,,
2016-03-08,49.98,50,49.98,50,2000,,,
2016-03-09,#VALUE!,#VALUE!,#VALUE!,#VALUE!,0,,,
2016-03-10,49,49.08,49,49.08,2000,,,
2016-03-11,#VALUE!,#VALUE!,#VALUE!,#VALUE!,0,,,
2016-03-14,49.32,50.68,49.32,50.68,1500,,,
2016-03-15,50.26,50.26,49.1,50.04,2500,,,
2016-03-16,50.12,50.12,49.6,49.76,4000,,,
2016-03-17,50.18,50.22,49.8,49.8,4000,,,
2016-03-18,49.78,49.78,49.78,49.78,500,,,
2016-03-22,49.52,49.52,49.42,49.42,2500,,,
2016-03-23,49.12,49.12,49.1,49.1,1000,,,
2016-03-24,48.2,48.58,47.42,48.58,2000,,,
2016-03-25,48.58,48.58,48.58,48.58,2500,,,
2016-03-28,#VALUE!,#VALUE!,#VALUE!,#VALUE!,0,,,
2016-03-29,50.12,50.22,49.42,49.42,38500,,,
2016-03-30,49.38,49.38,49.2,49.2,8000,,,
2016-03-31,49.12,49.12,48.92,48.92,12000,,,
2016-04-01,48.58,48.58,47.12,47.12,17000,,,
2016-04-04,47,47.7,46.52,46.52,17000,,,
2016-04-05,46.26,46.52,44.94,44.94,9500,,,
2016-04-06,44.82,44.82,44.46,44.46,2500,,,
2016-04-07,#VALUE!,#VALUE!,#VALUE!,#VALUE!,0,,,
2016-04-08,45,45,45,45,3500,,,
2016-04-11,46.48,46.48,45.8,45.8,5000,,,
2016-04-12,46.46,46.46,46.18,46.4,10500,,,
2016-04-13,#VALUE!,#VALUE!,#VALUE!,#VALUE!,0,,,
2016-04-14,48.58,48.94,48.58,48.82,20000,,,
2016-04-15,48.62,48.74,48.62,48.74,3000,,,
2016-04-18,48.68,48.68,47.04,47.04,3000,,,
2016-04-19,48.66,48.7,48.66,48.7,1000,,,
2016-04-20,48.48,48.92,48.48,48.84,21500,,,
2016-04-21,49.4,49.8,49.4,49.8,4500,,,
2016-04-22,#VALUE!,#VALUE!,#VALUE!,#VALUE!,0,,,
2016-04-25,49.84,49.84,49.84,49.84,500,,,
2016-04-26,50,50,50,50,500,,,
2016-04-27,#VALUE!,#VALUE!,#VALUE!,#VALUE!,0,,,
2016-04-28,49.92,50.04,48.04,48.04,8000,,,
2016-05-02,47.58,47.58,46.7,46.7,10000,,,
2016-05-06,47.08,47.08,46.42,46.42,9000,,,
2016-05-09,46,46.42,46,46.42,1000,,,
2016-05-10,#VALUE!,#VALUE!,#VALUE!,#VALUE!,0,,,
2016-05-11,#VALUE!,#VALUE!,#VALUE!,#VALUE!,0,,,
2016-05-12,#VALUE!,#VALUE!,#VALUE!,#VALUE!,0,,,
2016-05-13,46.6,46.6,46.6,46.6,500,,,
2016-05-16,47.1,47.1,47.1,47.1,500,,,
2016-05-17,#VALUE!,#VALUE!,#VALUE!,#VALUE!,0,,,
2016-05-18,48.02,48.02,48.02,48.02,500,,,
2016-05-19,#VALUE!,#VALUE!,#VALUE!,#VALUE!,0,,,
2016-05-20,48,48.02,48,48.02,8500,,,
2016-05-23,48,48,47.76,47.8,23000,,,
2016-05-24,46.9,46.9,46.9,46.9,2500,,,
2016-05-25,47.38,47.38,47.38,47.38,2500,,,
2016-05-26,48.34,48.34,48.34,48.34,500,,,
2016-05-27,48.38,48.38,47.38,47.38,2500,,,
2016-05-30,48.88,48.88,48.88,48.88,1000,,,
2016-05-31,48.78,48.78,48.78,48.78,500,,,
2016-06-01,49.06,49.06,48.68,48.74,6500,,,
2016-06-02,48.62,48.62,47.1,47.1,10500,,,
2016-06-03,46.76,47.72,46.76,46.76,2000,,,
2016-06-06,46.6,46.6,46.6,46.6,2500,,,
2016-06-07,#VALUE!,#VALUE!,#VALUE!,#VALUE!,0,,,
2016-06-08,47.02,48.06,47.02,48.06,1000,,,
2016-06-09,47.24,47.24,47.24,47.24,500,,,
2016-06-10,#VALUE!,#VALUE!,#VALUE!,#VALUE!,0,,,
2016-06-13,47,47,45.7,45.7,11500,,,
2016-06-14,45.9,45.9,44.54,44.74,30000,,,
2016-06-15,44.56,44.56,44.56,44.56,500,,,
2016-06-16,44.56,44.56,43.58,43.58,24000,,,
2016-06-17,44.8,44.8,43.6,43.6,20000,,,
2016-06-20,44.08,44.68,44.08,44.68,20500,,,
2016-06-21,45.54,45.54,44.72,44.72,5500,,,
2016-06-22,45.48,45.48,45.48,45.48,500,,,
2016-06-23,44.86,45.92,44.86,45.92,3000,,,
2016-06-24,45.82,45.82,42.46,42.5,44000,,,
2016-06-27,42.56,43.56,42.56,42.78,25000,,,
2016-06-28,42.5,43.12,42.5,42.5,2000,,,
2016-06-29,44.02,44.22,44,44,1500,,,
2016-06-30,44.78,44.8,44.24,44.24,10500,,,
2016-07-01,44.88,44.88,44.34,44.34,28000,,,
2016-07-04,45.2,45.2,45.2,45.2,1500,,,
2016-07-05,44.74,44.74,44.7,44.7,1000,,,
2016-07-06,44.7,44.7,44,44,19000,,,
2016-07-07,43.98,43.98,43.98,43.98,1500,,,
2016-07-08,43.72,43.72,43.66,43.66,3500,,,
2016-07-11,44.36,45.54,44.36,44.8,1500,,,
2016-07-12,45.56,46.76,45.56,46.06,35000,,,
2016-07-13,45.1,45.1,44,44.2,75500,,,
2016-07-14,44.24,44.24,44,44.1,11500,,,
2016-07-15,45.1,45.16,44.46,44.46,12000,,,
2016-07-19,44.24,44.34,44.24,44.34,4500,,,
2016-07-20,44.7,44.7,44.32,44.52,13500,,,
2016-07-21,44.56,44.74,44.56,44.74,9500,,,
2016-07-22,#VALUE!,#VALUE!,#VALUE!,#VALUE!,0,,,
2016-07-25,#VALUE!,#VALUE!,#VALUE!,#VALUE!,0,,,
2016-07-26,44.5,44.5,43.78,43.78,34500,,,
2016-07-27,44.1,44.1,43.04,43.06,10000,,,
2016-07-28,44.06,44.06,44.06,44.06,1000,,,
2016-07-29,43.48,43.48,42.5,43.12,54000,,,
2016-08-01,43.36,43.36,42.82,42.82,3500,,,
2016-08-02,43.14,43.14,42.38,42.38,19500,,,
2016-08-03,42,42.14,42,42.14,7500,,,
2016-08-04,43.6,43.6,42.9,42.9,2000,,,
2016-08-05,43.38,43.38,42.96,43.24,13000,,,
2016-08-08,43.18,43.7,43.18,43.34,29500,,,
2016-08-09,44.12,44.3,43.54,44.28,15500,,,
2016-08-10,44.04,44.14,44.04,44.14,1000,,,
2016-08-12,44.46,44.46,44.3,44.3,1500,,,
2016-08-15,#VALUE!,#VALUE!,#VALUE!,#VALUE!,0,,,
2016-08-16,44.42,44.42,43.38,43.56,9500,,,
2016-08-17,43.68,43.68,43.68,43.68,1500,,,
2016-08-18,44.4,44.4,43.5,43.5,3500,,,
2016-08-19,43.38,44.46,43.38,44.46,9000,,,
2016-08-22,44.54,44.54,44.4,44.4,5500,,,
2016-08-23,44,44.28,44,44.28,6500,,,
2016-08-24,44.82,44.82,44.26,44.58,27500,,,
2016-08-25,#VALUE!,#VALUE!,#VALUE!,#VALUE!,0,,,
2016-08-26,44.66,44.66,43.9,44.36,38500,,,
2016-08-29,44.24,45.14,44.24,44.9,15000,,,
2016-08-30,44.56,44.88,44.56,44.88,1000,,,
2016-08-31,44.9,45.22,44.9,45.22,2500,,,
2016-09-01,45.24,45.24,45.14,45.14,10500,,,
2016-09-02,45.58,45.58,45.52,45.58,87500,,,
2016-09-05,45.58,46.1,45.58,46.06,10500,,,
2016-09-06,#VALUE!,#VALUE!,#VALUE!,#VALUE!,0,,,
2016-09-07,45.7,46,45.7,46,3000,,,
2016-09-08,46,46.16,46,46.16,10000,,,
2016-09-09,46.2,46.56,46.02,46.4,21500,,,
2016-09-12,45.34,45.4,45.34,45.36,22000,,,
2016-09-13,46.02,46.02,46.02,46.02,1000,,,
2016-09-14,44.82,44.86,44.82,44.86,7500,,,
2016-09-15,45.16,45.16,45,45,1000,,,
2016-09-16,44.66,45.1,44.66,45.1,1000,,,
2016-09-20,45.12,45.12,44.62,44.62,10000,,,
2016-09-21,45.46,45.84,45.26,45.82,24500,,,
2016-09-23,45.86,45.96,45.86,45.96,1500,,,
2016-09-26,46.38,46.38,45.92,45.92,3000,,,
2016-09-27,45.8,46.28,45.56,46.28,12500,,,
2016-09-28,46.38,46.8,46.38,46.8,2500,,,
2016-09-29,46.92,47.7,46.92,47.7,14000,,,
2016-09-30,47.56,47.56,47.06,47.24,39500,,,
2016-10-03,47.44,47.7,47.44,47.7,11000,,,
2016-10-04,47.7,47.7,47.7,47.7,2000,,,
2016-10-05,47.72,47.76,47.72,47.74,21000,,,
2016-10-06,48.04,48.62,48.04,48.1,4000,,,
2016-10-07,48.06,48.36,48.06,48.36,1000,,,
2016-10-11,#VALUE!,#VALUE!,#VALUE!,#VALUE!,0,,,
2016-10-12,48.62,48.62,48.16,48.16,20000,,,
2016-10-13,48.38,48.38,48.38,48.38,10000,,,
2016-10-14,48.3,48.32,48.3,48.32,1500,,,
2016-10-17,48.3,49.08,48.3,48.46,47000,,,
2016-10-18,49,49.04,48.98,48.98,6500,,,
2016-10-19,48.74,48.82,48.74,48.82,5500,,,
2016-10-20,49.06,49.08,49.06,49.08,6500,,,
2016-10-21,49.12,49.3,49.04,49.04,41500,,,
2016-10-24,49.38,49.5,49.22,49.5,6000,,,
2016-10-25,49.8,49.8,49.48,49.48,54500,,,
2016-10-26,49.5,49.5,48.98,48.98,52000,,,
2016-10-27,49.52,49.7,49.18,49.18,28500,,,
2016-10-28,49.84,49.84,49.4,49.78,45000,,,
2016-10-31,49.86,49.86,49.7,49.7,19000,,,
2016-11-01,49.98,49.98,49.44,49.62,4500,,,
2016-11-02,49.64,49.64,49.1,49.1,6000,,,
2016-11-04,49.1,49.1,48.3,48.5,10000,,,
2016-11-07,48.46,48.56,48.44,48.56,8000,,,
2016-11-08,#VALUE!,#VALUE!,#VALUE!,#VALUE!,0,,,
2016-11-09,48.94,48.94,46.68,47.12,27500,,,
2016-11-10,48.6,49.56,48.6,49.56,17500,,,
2016-11-11,49.68,50.66,49.68,50.26,451000,,,
2016-11-14,50.32,51.34,50.32,51.32,48500,,,
2016-11-15,51.32,51.78,51.04,51.24,13000,,,
2016-11-16,51.2,51.86,51.16,51.34,57000,,,
2016-11-17,51.34,51.34,51.14,51.32,12000,,,
2016-11-18,51.68,51.88,51.56,51.56,8000,,,
2016-11-21,51.58,51.96,51.58,51.66,1500,,,
2016-11-22,51.9,52,51.9,52,13500,,,
2016-11-24,52.4,52.7,52.4,52.7,12500,,,
2016-11-25,52.68,52.78,52.6,52.62,393500,,,
2016-11-28,52.6,53,52.6,53,25000,,,
2016-11-29,52.88,53,52.88,53,20500,,,
2016-11-30,53.06,53.4,53.06,53.4,10500,,,
2016-12-01,53.7,54,53.62,53.62,27000,,,
2016-12-02,53.68,53.78,53.62,53.62,60000,,,
2016-12-05,53.9,53.9,53.8,53.84,62000,,,
2016-12-06,53.86,54.98,53.86,54.62,41500,,,
2016-12-07,54.62,54.72,54.56,54.72,6500,,,
2016-12-08,54.76,55.32,54.76,55.28,53000,,,
2016-12-09,55.32,55.6,55.32,55.38,33500,,,
2016-12-12,55.6,56.44,55.02,55.32,31000,,,
2016-12-13,55.9,55.9,55.48,55.76,20000,,,
2016-12-14,55.7,55.86,55.64,55.64,8000,,,
2016-12-15,55.8,55.8,55.5,55.78,3500,,,
2016-12-16,55.6,55.6,55.6,55.6,2000,,,
2016-12-19,55.6,55.6,55.1,55.46,20500,,,
2016-12-20,55.46,55.68,55.2,55.2,16500,,,
2016-12-21,55.7,55.7,55.38,55.38,4000,,,
2016-12-22,55.54,55.54,55.16,55.4,12500,,,
2016-12-26,55.4,55.4,55,55,183000,,,
2016-12-27,55.18,55.24,54.88,54.88,17000,,,
2016-12-28,54.94,55.24,54.94,55.24,22500,,,
2016-12-29,54.76,54.76,54.28,54.38,46000,,,
2016-12-30,54.1,54.66,54.1,54.14,24500,,,
2017-01-04,55.2,55.68,55.04,55.54,123500,,,
2017-01-05,56.28,56.28,55.42,55.42,37500,,,
2017-01-06,55.28,55.46,55.14,55.46,21000,,,
2017-01-10,55.4,55.46,55,55,19500,,,
2017-01-11,55,55.5,55,55.5,59500,,,
2017-01-12,55.04,55.2,55,55,15000,,,
2017-01-13,54.98,55.12,54.98,55.12,37500,,,
2017-01-16,55.12,55.76,54.8,55.18,46000,,,
2017-01-17,54.96,55.04,54.34,54.34,26000,,,
2017-01-18,53.98,54.54,53.98,54.2,20000,,,
2017-01-19,54.46,55.02,54.46,55.02,22000,,,
2017-01-20,55.2,55.2,55,55,19500,,,
2017-01-23,55,55,55,55,2500,,,
2017-01-24,55.06,55.22,55.06,55.2,12000,,,
2017-01-25,55.64,55.66,55.64,55.66,1000,,,
2017-01-26,56,56.44,56,56.24,8500,,,
2017-01-27,56.26,56.54,56.26,56.44,15500,,,
2017-01-30,56.44,56.44,55.98,55.98,12000,,,
2017-01-31,55.96,56.16,55.36,55.36,5500,,,
2017-02-01,55.12,55.64,55.12,55.44,6000,,,
2017-02-02,56.26,56.26,55.4,55.4,3000,,,
2017-02-03,55.68,56.2,55.48,55.8,7000,,,
2017-02-06,56.26,56.26,55.8,55.8,17000,,,
2017-02-07,55.64,55.9,55.62,55.9,2500,,,
2017-02-08,56,56.08,55.98,56.08,181500,,,
2017-02-09,55.8,55.8,55.64,55.64,12000,,,
2017-02-10,56.34,56.54,56.34,56.54,15500,,,
2017-02-13,56.54,57,56.54,56.86,23000,,,
2017-02-14,57.36,57.62,56.96,57.3,22500,,,
2017-02-15,57.68,58.24,57.68,58.2,13000,,,
2017-02-16,58.14,58.14,58.14,58.14,3500,,,
2017-02-17,57.96,57.96,57.28,57.6,5000,,,
2017-02-20,57.88,57.88,57.6,57.62,7000,,,
2017-02-21,57.62,57.76,57.6,57.74,10000,,,
2017-02-22,57.76,57.76,57.76,57.76,5500,,,
2017-02-23,57.76,58.04,57.64,58.04,5500,,,
2017-02-24,57.82,58,57.62,58,4500,,,
2017-02-27,57.66,57.66,56.86,57.06,27500,,,
2017-02-28,57.36,57.56,57.3,57.3,15500,,,
2017-03-01,57.42,57.42,57.26,57.4,11500,,,
2017-03-02,57.42,58,57.42,57.62,6000,,,
2017-03-03,57.06,57.06,57.06,57.06,3000,,,
2017-03-06,57.96,57.96,57.32,57.32,12500,,,
2017-03-07,57.76,57.94,57.36,57.94,24000,,,
2017-03-08,57.26,57.26,57.1,57.1,15500,,,
2017-03-09,57.06,57.24,57.06,57.24,10000,,,
2017-03-10,57.04,57.78,57.04,57.78,19000,,,
2017-03-13,57.86,57.86,57.86,57.86,500,,,
2017-03-14,57.5,57.5,57.4,57.4,6000,,,
2017-03-15,57.08,57.1,57,57.1,7500,,,
2017-03-16,57.12,57.12,57.12,57.12,2500,,,
2017-03-17,57.12,57.12,57.04,57.04,7000,,,
2017-03-21,57.16,57.2,57.04,57.04,6000,,,
2017-03-22,56.8,56.8,55.96,55.96,110500,,,
2017-03-23,55.88,55.88,55.52,55.52,11500,,,
2017-03-24,#VALUE!,#VALUE!,#VALUE!,#VALUE!,0,,,
2017-03-27,55.52,55.52,55.52,55.52,5500,,,
2017-03-28,#VALUE!,#VALUE!,#VALUE!,#VALUE!,0,,,
2017-03-29,56.44,56.44,56.44,56.44,5000,,,
2017-03-30,57.08,57.08,57.08,57.08,500,,,
2017-03-31,56.78,57.2,56.28,56.28,20500,,,
2017-04-03,#VALUE!,#VALUE!,#VALUE!,#VALUE!,0,,,
2017-04-04,56.12,56.12,55.3,55.3,37500,,,
2017-04-05,56.26,56.26,55.7,55.7,6000,,,
2017-04-06,55.54,55.54,55.2,55.32,4500,,,
2017-04-07,55.84,55.9,55.48,55.9,15500,,,
2017-04-10,55.92,56,55.92,56,10500,,,
2017-04-11,#VALUE!,#VALUE!,#VALUE!,#VALUE!,0,,,
2017-04-12,55.5,55.5,54.68,54.68,26000,,,
2017-04-13,54.5,54.54,53.52,53.52,70000,,,
2017-04-14,53.78,53.78,53.78,53.78,1000,,,
2017-04-17,53.5,53.5,53.22,53.22,1500,,,
2017-04-18,54.36,54.36,53.6,53.6,2500,,,
2017-04-19,53.28,53.96,53.24,53.24,8500,,,
2017-04-20,53.3,53.98,53.3,53.36,1500,,,
2017-04-21,54,54,53.62,54,7500,,,
2017-04-24,54.56,54.56,54.56,54.56,10000,,,
2017-04-25,54.78,54.78,54.78,54.78,5000,,,
2017-04-26,#VALUE!,#VALUE!,#VALUE!,#VALUE!,0,,,
2017-04-27,#VALUE!,#VALUE!,#VALUE!,#VALUE!,0,,,
2017-04-28,56.24,56.24,56.18,56.18,16000,,,
2017-05-01,56.26,56.6,56.26,56.6,7000,,,
2017-05-02,56.98,57,56.68,57,11000,,,
2017-05-08,57.48,58.48,57.48,58.46,21000,,,
2017-05-09,57.96,57.96,57.96,57.96,2000,,,
2017-05-10,58.38,58.38,58.38,58.38,1000,,,
2017-05-11,58.3,58.3,58.3,58.3,500,,,
2017-05-12,57.8,57.8,57.8,57.8,5000,,,
2017-05-15,57.76,57.76,56.96,56.96,5000,,,
2017-05-16,57.12,57.14,57.1,57.1,7500,,,
2017-05-17,56.6,56.6,56.6,56.6,8500,,,
2017-05-18,55.26,55.78,55.26,55.6,47500,,,
2017-05-19,55.6,55.6,55.6,55.6,500,,,
2017-05-22,56.92,56.92,56.92,56.92,500,,,
2017-05-23,#VALUE!,#VALUE!,#VALUE!,#VALUE!,0,,,
2017-05-24,56.98,56.98,56.98,56.98,5000,,,
2017-05-25,56.6,56.6,56.2,56.22,28500,,,
2017-05-26,56.18,56.18,55.72,55.82,31000,,,
2017-05-29,55.72,55.72,55.54,55.7,5500,,,
2017-05-30,55.46,55.46,55.08,55.38,7500,,,
2017-05-31,55.5,55.5,55.5,55.5,5500,,,
2017-06-01,55.54,55.74,55.54,55.74,1000,,,
2017-06-02,56.5,56.94,56.5,56.94,14500,,,
2017-06-05,#VALUE!,#VALUE!,#VALUE!,#VALUE!,0,,,
2017-06-06,56.8,56.84,56.8,56.84,4500,,,
2017-06-07,56.78,56.78,56.74,56.74,5500,,,
2017-06-08,56.6,56.6,56.6,56.6,500,,,
2017-06-09,56.14,56.18,56.14,56.18,1500,,,
2017-06-12,56.92,56.92,56.44,56.48,3500,,,
2017-06-13,56.36,56.78,56.36,56.7,100500,,,
2017-06-14,56.56,56.56,56.4,56.4,190500,,,
2017-06-15,56.68,56.68,55.94,55.94,7500,,,
2017-06-16,56.26,56.4,56.16,56.34,36500,,,
2017-06-19,56.96,56.96,56.48,56.54,35500,,,
2017-06-20,56.58,56.96,56.58,56.96,65000,,,
2017-06-21,56.8,56.9,56.72,56.72,26000,,,
2017-06-22,56.8,56.8,56.62,56.8,6500,,,
2017-06-23,56.58,56.58,56.58,56.58,8000,,,
2017-06-26,57.52,57.64,56.82,56.92,7000,,,
2017-06-27,57.38,57.4,57.38,57.4,6000,,,
2017-06-28,58.28,58.28,57.48,58,40500,,,
2017-06-29,57.98,58.12,57.98,58.12,10000,,,
2017-06-30,58,58.8,58,58.08,83000,,,
2017-07-03,58.8,58.8,58.22,58.22,37500,,,
2017-07-04,59.22,59.38,58.4,58.46,264500,,,
2017-07-05,58.24,58.8,58.24,58.8,6500,,,
2017-07-06,58.72,58.72,58.5,58.5,57000,,,
2017-07-07,58.76,58.8,58.5,58.5,66000,,,
2017-07-10,59.5,59.5,58.56,58.76,16000,,,
2017-07-11,58.94,59.46,58.76,58.98,122000,,,
2017-07-12,57.12,57.58,56.98,57.08,32000,,,
2017-07-13,57.06,57.1,56.9,56.9,12000,,,
2017-07-14,57.3,57.34,57.3,57.34,15500,,,
2017-07-18,57.08,57.08,57,57,13500,,,
2017-07-19,57.28,57.3,56.96,56.96,55500,,,
2017-07-20,57,57.46,57,57.46,391000,,,
2017-07-21,57.44,57.44,57.3,57.3,15000,,,
2017-07-24,57.1,57.1,57,57.06,1500,,,
2017-07-25,#VALUE!,#VALUE!,#VALUE!,#VALUE!,0,,,
2017-07-26,56.92,57.08,56.92,57,62500,,,
2017-07-27,57.1,57.2,57.1,57.2,25000,,,
2017-07-28,#VALUE!,#VALUE!,#VALUE!,#VALUE!,0,,,
2017-07-31,57.2,57.28,57.2,57.28,15500,,,
2017-08-01,57.28,57.6,57.28,57.6,40000,,,
2017-08-02,57.82,58,57.82,58,85500,,,
2017-08-03,57.84,58.3,57.84,58.3,34500,,,
2017-08-04,58.44,58.58,58.44,58.48,10000,,,
2017-08-07,58.8,59,58.8,58.88,35000,,,
2017-08-08,58.82,59,58.6,58.62,14500,,,
2017-08-09,58.52,58.96,58.02,58.96,30000,,,
2017-08-10,58.72,58.72,58.2,58.2,2000,,,
2017-08-14,58.08,58.4,58.02,58.02,94500,,,
2017-08-15,58.12,58.22,58.12,58.22,1000,,,
2017-08-16,58.16,58.16,58.16,58.16,5000,,,
2017-08-17,58.16,58.16,58.08,58.08,7000,,,
2017-08-18,58,58,57.42,57.5,96500,,,
2017-08-21,57.48,58.1,57.42,57.42,3000,,,
2017-08-22,57.78,57.78,57.78,57.78,2000,,,
2017-08-23,58.54,58.54,57.44,57.44,10000,,,
2017-08-24,57.6,57.6,57.42,57.42,12000,,,
2017-08-25,#VALUE!,#VALUE!,#VALUE!,#VALUE!,0,,,
2017-08-28,57.64,57.64,57.64,57.64,1500,,,
2017-08-29,57.82,57.82,57.82,57.82,1000,,,
2017-08-30,58.04,58.28,58.04,58.28,2000,,,
2017-08-31,58.64,58.9,58.6,58.82,11500,,,
2017-09-01,58.62,58.8,58.62,58.8,6000,,,
2017-09-04,58.78,58.78,58.48,58.48,6500,,,
2017-09-05,58,58,58,58,2000,,,
2017-09-06,58.02,58.02,58.02,58.02,3000,,,
2017-09-07,#VALUE!,#VALUE!,#VALUE!,#VALUE!,0,,,
2017-09-08,#VALUE!,#VALUE!,#VALUE!,#VALUE!,0,,,
2017-09-11,58.14,59.02,58.14,59.02,11500,,,
2017-09-12,59.24,59.28,59.22,59.28,55500,,,
2017-09-13,59.4,59.6,59.4,59.58,112500,,,
2017-09-14,59.58,59.72,59.58,59.7,16000,,,
2017-09-15,59.68,59.68,59.68,59.68,1000,,,
2017-09-19,59.8,60.4,59.8,60.4,42500,,,
2017-09-20,60.2,60.5,60.2,60.5,22000,,,
2017-09-21,60.6,60.9,60.6,60.8,18000,,,
2017-09-22,#VALUE!,#VALUE!,#VALUE!,#VALUE!,0,,,
2017-09-25,60.7,61.5,60.7,61.5,9500,,,
2017-09-26,60.9,60.9,60.9,60.9,5000,,,
2017-09-27,61.2,61.2,61.2,61.2,1500,,,
2017-09-28,61.7,61.7,61.7,61.7,500,,,
2017-09-29,61.4,61.4,61.4,61.4,500,,,
2017-10-02,61.7,61.7,61.7,61.7,500,,,
2017-10-03,61.7,61.7,61.4,61.4,21000,,,
2017-10-04,62.1,62.1,61.8,61.8,15500,,,
2017-10-05,#VALUE!,#VALUE!,#VALUE!,#VALUE!,0,,,
2017-10-06,61.7,61.7,61.7,61.7,4000,,,
2017-10-10,61.9,61.9,61.4,61.4,2000,,,
2017-10-11,61.5,61.5,61.4,61.5,1500,,,
2017-10-12,61.6,61.6,61.1,61.1,9000,,,
2017-10-13,61.5,61.5,61.1,61.4,5000,,,
2017-10-16,62.3,62.3,61.7,61.7,17000,,,
2017-10-17,62,62.4,62,62,5000,,,
2017-10-18,61.9,61.9,61.7,61.8,14000,,,
2017-10-19,61.8,61.8,61.8,61.8,30500,,,
2017-10-20,#VALUE!,#VALUE!,#VALUE!,#VALUE!,0,,,
2017-10-23,62.5,62.6,62.3,62.4,3500,,,
2017-10-24,62.6,64.1,62.6,63.2,19000,,,
2017-10-25,63.4,64.6,63.4,64.5,16000,,,
2017-10-26,63.4,64.3,63.4,64.3,2000,,,
2017-10-27,64.3,64.7,63.6,64.7,4500,,,
2017-10-30,63.7,64.5,63.7,64.5,3000,,,
2017-10-31,63.5,63.5,63.5,63.5,1500,,,
2017-11-01,64.2,64.2,64.2,64.2,37000,,,
2017-11-02,64.4,64.8,64.4,64.8,3500,,,
2017-11-06,64.9,64.9,64.9,64.9,4500,,,
2017-11-07,65,66.2,65,66.2,12000,,,
2017-11-08,66,67.1,65.9,67.1,35500,,,
2017-11-09,67,67.9,66.4,66.4,14500,,,
2017-11-10,66.6,66.6,66.4,66.4,22500,,,
2017-11-13,65.6,66.1,65.4,65.9,7500,,,
2017-11-14,65.5,65.5,65.1,65.1,1500,,,
2017-11-15,64.7,64.7,64,64,29500,,,
2017-11-16,64.2,64.2,64.2,64.2,500,,,
2017-11-17,64.7,64.7,63.4,63.4,2500,,,
2017-11-20,64.3,64.3,63.5,63.5,2000,,,
2017-11-21,#VALUE!,#VALUE!,#VALUE!,#VALUE!,0,,,
2017-11-22,64.9,64.9,64.9,64.9,500,,,
2017-11-24,63.7,64.4,63.7,64.4,2500,,,
2017-11-27,65.1,65.1,64.6,64.7,6000,,,
2017-11-28,64.7,64.7,64.6,64.7,2500,,,
2017-11-29,65,65,64.8,64.8,1000,,,
2017-11-30,#VALUE!,#VALUE!,#VALUE!,#VALUE!,0,,,
2017-12-01,66.2,66.2,65,65,4000,,,
2017-12-04,65.9,65.9,65.7,65.7,1500,,,
2017-12-05,64.8,64.8,64.8,64.8,500,,,
2017-12-06,66.2,66.2,65.3,65.3,2000,,,
2017-12-07,65.3,65.4,64.3,64.9,3500,,,
2017-12-08,66.3,66.3,66.3,66.3,500,,,
2017-12-11,#VALUE!,#VALUE!,#VALUE!,#VALUE!,0,,,
2017-12-12,67.3,67.3,67.3,67.3,1000,,,
2017-12-13,67.3,67.3,66.9,66.9,1500,,,
2017-12-14,66.9,67.3,66.9,67,3000,,,
2017-12-15,67,67,66.1,66.1,2500,,,
2017-12-18,66.2,67.4,66.2,67.3,18000,,,
2017-12-19,67.3,67.9,67.3,67.9,1500,,,
2017-12-20,67.9,68.1,67.5,68,10000,,,
2017-12-21,68.2,68.2,68.2,68.2,1000,,,
2017-12-22,68.4,70.1,68.4,69,19500,,,
2017-12-25,69.1,69.1,69,69,11500,,,
2017-12-26,70.1,70.1,69.2,69.2,3000,,,
2017-12-27,68.8,69.4,68.8,69.4,14000,,,
2017-12-28,#VALUE!,#VALUE!,#VALUE!,#VALUE!,0,,,
2017-12-29,70,70,70,70,1000,,,
2018-01-04,71.2,71.2,71.2,71.2,9000,,,
2018-01-05,71.4,72.5,71.4,72.5,70500,,,
2018-01-09,73.4,73.4,72.5,72.5,12000,,,
2018-01-10,73,73.3,72.4,72.4,12000,,,
2018-01-11,#VALUE!,#VALUE!,#VALUE!,#VALUE!,0,,,
2018-01-12,#VALUE!,#VALUE!,#VALUE!,#VALUE!,0,,,
2018-01-15,73.4,73.6,73.4,73.6,4000,,,
2018-01-16,73.6,73.6,73,73.1,28000,,,
2018-01-17,72.6,72.7,72.4,72.4,34500,,,
2018-01-18,73.4,73.4,71.6,71.6,21500,,,
2018-01-19,71.4,72.2,71.4,72.2,2000,,,
2018-01-22,71.9,71.9,71.5,71.5,5000,,,
2018-01-23,72.7,72.7,72.1,72.3,9000,,,
2018-01-24,72.7,72.7,71.9,71.9,8500,,,
2018-01-25,#VALUE!,#VALUE!,#VALUE!,#VALUE!,0,,,
2018-01-26,72.8,72.8,71.9,71.9,1000,,,
2018-01-29,71.9,71.9,71.9,71.9,1000,,,
2018-01-30,71.5,71.5,70.4,70.4,211000,,,
2018-01-31,70.1,70.4,70,70.4,25500,,,
2018-02-01,70.8,71,70.4,71,11000,,,
2018-02-02,71.9,72.2,71.5,72.2,12000,,,
2018-02-05,71.6,71.6,70.6,70.6,12000,,,
2018-02-06,69.6,69.6,66.2,67.2,165000,,,
2018-02-07,67.2,70.8,67.2,68.2,11000,,,
2018-02-08,67.1,67.8,67.1,67.6,7000,,,
2018-02-09,67.9,67.9,66.4,67.6,33000,,,
2018-02-13,67.5,67.7,66.6,66.6,14500,,,
2018-02-14,66.4,66.5,65.1,65.9,26500,,,
2018-02-15,66.1,66.3,66.1,66.3,18500,,,
2018-02-16,67.2,67.2,67.1,67.1,2500,,,
2018-02-19,67.1,69.2,67.1,68.4,3000,,,
2018-02-20,68.7,69.2,68.7,69.1,17000,,,
2018-02-21,68.2,68.3,67.9,67.9,6000,,,
2018-02-22,67.4,67.4,67.1,67.1,13500,,,
2018-02-23,#VALUE!,#VALUE!,#VALUE!,#VALUE!,0,,,
2018-02-26,69.4,69.4,68.7,68.9,3500,,,
2018-02-27,69.4,69.6,69.4,69.6,1500,,,
2018-02-28,69.6,69.6,69.1,69.2,8500,,,
2018-03-01,67.9,67.9,67.6,67.6,23000,,,
2018-03-02,67.5,67.5,66.4,66.5,12000,,,
2018-03-05,66.2,66.2,65.5,65.5,7500,,,
2018-03-06,65.5,66.6,65.5,66.1,19500,,,
2018-03-07,66.1,66.1,65.7,66.1,3500,,,
2018-03-08,65.8,65.8,65.8,65.8,500,,,
2018-03-09,#VALUE!,#VALUE!,#VALUE!,#VALUE!,0,,,
2018-03-12,66,66.9,66,66.9,12500,,,
2018-03-13,67.4,67.4,67.4,67.4,8500,,,
2018-03-14,66.9,66.9,66.9,66.9,5000,,,
2018-03-15,66.2,66.2,66.2,66.2,5000,,,
2018-03-16,66.5,66.5,66.3,66.3,2000,,,
2018-03-19,66.2,66.2,65.5,65.5,6500,,,
2018-03-20,65.5,66.2,65.3,65.4,20500,,,
2018-03-22,65.6,66.5,65.6,66.2,1500,,,
2018-03-23,65.3,65.4,64,64,35000,,,
2018-03-26,63.8,64.2,63.8,64.2,2500,,,
2018-03-27,64,66,64,65.7,40000,,,
2018-03-28,65.1,65.6,64.8,65.6,8000,,,
2018-03-29,65.8,66.4,65.5,65.9,5500,,,
2018-03-30,67.3,67.3,66.4,66.4,1000,,,
2018-04-02,#VALUE!,#VALUE!,#VALUE!,#VALUE!,0,,,
2018-04-03,66.4,66.4,65.4,65.8,5000,,,
2018-04-04,66,66.1,65.7,66.1,2500,,,
2018-04-05,66.5,66.7,66.5,66.7,4500,,,
2018-04-06,66.5,66.5,66.5,66.5,500,,,
2018-04-09,66.4,66.5,66.4,66.5,1000,,,
2018-04-10,#VALUE!,#VALUE!,#VALUE!,#VALUE!,0,,,
2018-04-11,#VALUE!,#VALUE!,#VALUE!,#VALUE!,0,,,
2018-04-12,#VALUE!,#VALUE!,#VALUE!,#VALUE!,0,,,
2018-04-13,68,68,67.8,67.8,3000,,,
2018-04-16,68,68,68,68,1000,,,
2018-04-17,68.8,68.8,68.5,68.5,62500,,,
2018-04-18,68.5,68.5,67.9,68.5,8000,,,
2018-04-19,68.4,68.9,68.4,68.9,63500,,,
2018-04-20,69.3,69.3,69.1,69.1,2000,,,
2018-04-23,69.4,69.4,69.3,69.3,6500,,,
2018-04-24,69.9,70.1,69.5,70.1,5000,,,
2018-04-25,70,70.2,70,70.2,2000,,,
2018-04-26,70.3,70.4,70,70.1,18500,,,
2018-04-27,70.5,70.5,70.2,70.2,4000,,,
2018-05-01,71.5,71.5,71.5,71.5,5000,,,
2018-05-02,71.5,71.5,70.8,70.8,1500,,,
2018-05-07,71,71,70.9,70.9,1000,,,
2018-05-08,71.2,71.2,71.2,71.2,500,,,
2018-05-09,#VALUE!,#VALUE!,#VALUE!,#VALUE!,0,,,
2018-05-10,70.6,70.6,70.6,70.6,2000,,,
2018-05-11,71.4,71.5,71.4,71.5,21500,,,
2018-05-14,#VALUE!,#VALUE!,#VALUE!,#VALUE!,0,,,
2018-05-15,72.2,72.2,72.2,72.2,3000,,,
2018-05-16,#VALUE!,#VALUE!,#VALUE!,#VALUE!,0,,,
2018-05-17,72.2,72.4,72.2,72.4,2500,,,
2018-05-18,72.6,73.2,72.5,73.2,3000,,,
2018-05-21,73.5,73.5,72.6,72.6,3000,,,
2018-05-22,72.7,72.7,72.7,72.7,1000,,,
2018-05-23,73.5,73.5,72.5,72.5,3500,,,
2018-05-24,72.5,72.5,72,72,2500,,,
2018-05-25,#VALUE!,#VALUE!,#VALUE!,#VALUE!,0,,,
2018-05-28,70.6,70.6,70.6,70.6,3000,,,
2018-05-29,70.6,70.7,70,70,4000,,,
2018-05-30,69.1,69.1,68.9,68.9,3000,,,
2018-05-31,69,69.4,69,69.3,8500,,,
2018-06-01,69.3,70.2,69.3,70.2,1000,,,
2018-06-04,70.7,71.1,70.7,71.1,6000,,,
2018-06-05,71.3,71.3,71.3,71.3,500,,,
2018-06-06,72,72,71.4,71.8,2500,,,
2018-06-07,72.4,72.9,72.2,72.4,38500,,,
2018-06-08,72.4,72.4,71.9,71.9,12500,,,
2018-06-11,71.8,71.8,71.8,71.8,1000,,,
2018-06-12,72.4,72.4,72.3,72.3,2000,,,
2018-06-13,#VALUE!,#VALUE!,#VALUE!,#VALUE!,0,,,
2018-06-14,72.2,72.2,72.2,72.2,500,,,
2018-06-15,72.1,72.1,71.6,71.6,5500,,,
2018-06-18,70.9,70.9,70.8,70.8,9500,,,
2018-06-19,70.8,70.8,70.8,70.8,500,,,
2018-06-20,#VALUE!,#VALUE!,#VALUE!,#VALUE!,0,,,
2018-06-21,69.3,69.3,69.3,69.3,2500,,,
2018-06-22,68.1,68.4,68.1,68.4,14500,,,
2018-06-25,69.8,69.8,68.4,68.4,4000,,,
2018-06-26,67.6,68.2,67.6,68.2,1000,,,
2018-06-27,69,69,68.9,68.9,12500,,,
2018-06-28,68.7,68.7,68.1,68.5,13000,,,
2018-06-29,68.5,68.5,68.5,68.5,2500,,,
2018-07-02,68.5,68.5,68.1,68.1,1000,,,
2018-07-03,68,68,66.9,66.9,24000,,,
2018-07-04,67,68,67,68,31000,,,
2018-07-05,67.5,67.5,66.9,66.9,3500,,,
2018-07-06,66.7,68.1,66.7,68.1,1500,,,
2018-07-09,67.9,68.4,67.9,68.3,19000,,,
2018-07-10,69.3,69.3,69.1,69.1,45000,,,
2018-07-11,67.4,67.4,66.3,66.8,28000,,,
2018-07-12,66.8,67,66.7,66.7,9500,,,
2018-07-13,67,67,66.7,67,3500,,,
2018-07-17,67,67.4,67,67.4,14000,,,
2018-07-18,67.7,68.1,67.7,68,4500,,,
2018-07-19,67.8,68,67.8,68,2000,,,
2018-07-20,67.6,67.6,66.9,66.9,8500,,,
2018-07-23,67,67,66.6,66.6,14000,,,
2018-07-24,66.7,66.7,66.7,66.7,500,,,
2018-07-25,67.7,67.7,67.5,67.5,9500,,,
2018-07-26,68,68.2,68,68.2,11000,,,
2018-07-27,68.3,68.8,68.3,68.8,1500,,,
2018-07-30,68.4,68.4,68.4,68.4,500,,,
2018-07-31,67.8,67.8,67.8,67.8,1000,,,
2018-08-01,68.1,68.1,68.1,68.1,3500,,,
2018-08-02,68.7,68.7,67.8,68,6500,,,
2018-08-03,68,68,67.4,67.4,5500,,,
2018-08-06,67.5,67.5,67.5,67.5,1000,,,
2018-08-07,67.5,67.5,67.5,67.5,5000,,,
2018-08-08,67.8,68.6,67.8,68.6,1000,,,
2018-08-09,68.3,68.3,67.6,67.9,12000,,,
2018-08-10,68,68,67.1,67.1,3500,,,
2018-08-13,67,67,65.7,65.7,12000,,,
2018-08-14,66.3,66.3,66.3,66.3,8500,,,
2018-08-15,#VALUE!,#VALUE!,#VALUE!,#VALUE!,0,,,
2018-08-16,65.5,65.5,65.2,65.3,14000,,,
2018-08-17,65.4,66,65.4,66,26500,,,
2018-08-20,66,66,65.7,65.7,1500,,,
2018-08-21,65.3,65.3,65,65.1,7500,,,
2018-08-22,65.1,65.1,65,65,1500,,,
2018-08-23,65.7,65.7,65.7,65.7,1000,,,
2018-08-24,66.2,66.2,66.2,66.2,1500,,,
2018-08-27,66.4,66.6,66.4,66.6,8500,,,
2018-08-28,66.8,67.2,66.8,67,16000,,,
2018-08-29,#VALUE!,#VALUE!,#VALUE!,#VALUE!,0,,,
2018-08-30,67.4,67.4,67.2,67.2,1000,,,
2018-08-31,#VALUE!,#VALUE!,#VALUE!,#VALUE!,0,,,
2018-09-03,#VALUE!,#VALUE!,#VALUE!,#VALUE!,0,,,
2018-09-04,66.9,66.9,66.3,66.3,5500,,,
2018-09-05,66.3,66.3,66.1,66.1,1000,,,
2018-09-06,65.9,65.9,65.9,65.9,500,,,
2018-09-07,65.8,65.8,65.8,65.8,1000,,,
2018-09-10,#VALUE!,#VALUE!,#VALUE!,#VALUE!,0,,,
2018-09-11,65.9,66.3,65.9,66.3,1000,,,
2018-09-12,66.3,66.3,65.8,65.8,1500,,,
2018-09-13,66,67,66,67,1000,,,
2018-09-14,#VALUE!,#VALUE!,#VALUE!,#VALUE!,0,,,
2018-09-18,69.2,69.5,69.2,69.5,1500,,,
2018-09-19,70.5,70.9,70.3,70.9,18000,,,
2018-09-20,71.1,71.2,71.1,71.2,5500,,,
2018-09-21,71.2,72.2,71.2,72.2,30500,,,
2018-09-25,71.9,72.8,71.9,72.8,29000,,,
2018-09-26,72.9,73,72.6,72.6,28000,,,
2018-09-27,73.3,73.3,72.3,72.3,22000,,,
2018-09-28,72.7,73.5,72.7,73.2,5500,,,
2018-10-01,73.3,74,73.2,74,29500,,,
2018-10-02,74.2,75.3,74.2,75,15000,,,
2018-10-03,74.5,75,74.1,74.1,15500,,,
2018-10-04,74.7,75,74.5,74.5,7500,,,
2018-10-05,74.5,75,74.2,75,20500,,,
2018-10-09,74.2,74.2,73.8,74,58000,,,
2018-10-10,73.7,74.3,73.7,74.3,2000,,,
2018-10-11,71.1,72.4,71.1,71.3,1030000,,,
2018-10-12,70.6,70.7,70.6,70.7,36500,,,
2018-10-15,70.4,70.4,70,70,12000,,,
2018-10-16,69.8,70.3,69.8,70.1,1500,,,
2018-10-17,71.5,71.5,70.8,70.8,4000,,,
2018-10-18,71.6,71.6,70.8,70.8,7500,,,
2018-10-19,70.5,70.5,69.8,70.2,22500,,,
2018-10-22,69.7,70.6,69.6,70.6,4500,,,
2018-10-23,69.7,69.7,68.8,68.8,23000,,,
2018-10-24,68.3,68.6,67.8,68.3,58000,,,
2018-10-25,67.4,67.4,66,66,32000,,,
2018-10-26,67.3,67.3,65.7,65.8,25500,,,
2018-10-29,65.9,66.8,65.9,66.4,16000,,,
2018-10-30,65.9,67.2,65.9,67.2,6000,,,
2018-10-31,67.5,68.2,67.5,68.2,7000,,,
2018-11-01,68.3,68.3,67.4,67.4,26000,,,
2018-11-02,67.9,68.1,67.6,68.1,4000,,,
2018-11-05,67.8,67.9,67.2,67.2,3000,,,
2018-11-06,68.6,68.6,68.6,68.6,5500,,,
2018-11-07,68.8,69,67.4,67.4,265000,,,
2018-11-08,69,69.2,69,69,5000,,,
2018-11-09,68.9,68.9,68.8,68.8,5500,,,
2018-11-12,68.1,68.1,68.1,68.1,1000,,,
2018-11-13,67.4,67.4,66.6,67.1,13500,,,
2018-11-14,66.8,67,66.6,66.6,15500,,,
2018-11-15,66.5,66.5,66.3,66.3,3500,,,
2018-11-16,66.5,66.5,66.4,66.4,1000,,,
2018-11-19,66.9,66.9,66.6,66.6,1500,,,
2018-11-20,66.6,67.2,66.2,67.2,3000,,,
2018-11-21,65.5,65.8,65.2,65.6,4000,,,
2018-11-22,#VALUE!,#VALUE!,#VALUE!,#VALUE!,0,,,
2018-11-26,65.5,65.5,65.5,65.5,500,,,
2018-11-27,66.8,66.8,66.8,66.8,500,,,
2018-11-28,66.3,66.3,66,66,1500,,,
2018-11-29,67.2,67.4,67.2,67.4,1000,,,
2018-11-30,67.4,67.4,67.4,67.4,10000,,,
2018-12-03,68.2,68.5,68.2,68.5,2500,,,
2018-12-04,68.6,68.6,66.7,66.9,6000,,,
2018-12-05,65.7,66.9,65.7,66.9,2000,,,
2018-12-06,66.8,66.8,65.3,65.4,16500,,,
2018-12-07,66.2,66.2,65.6,65.8,5000,,,
2018-12-10,65.8,65.8,64.9,65,5000,,,
2018-12-11,64.8,64.8,64.1,64.2,17500,,,
2018-12-12,65.2,65.2,65.2,65.2,500,,,
2018-12-13,66.4,66.4,65.9,66.4,3000,,,
2018-12-14,65.8,65.8,65.8,65.8,500,,,
2018-12-17,65.8,65.8,65.4,65.4,2000,,,
2018-12-18,65.4,65.4,64.6,64.6,3000,,,
2018-12-19,64.2,64.2,63.7,63.7,25500,,,
2018-12-20,63.7,63.7,62.2,62.2,23000,,,
2018-12-21,62.1,62.1,60.7,61.1,23000,,,
2018-12-25,58.7,58.86,57.82,57.82,75000,,,
2018-12-26,58.82,59.24,57.88,57.88,61000,,,
2018-12-27,60.9,62,60.9,61.9,6500,,,
2018-12-28,61.9,61.9,61.5,61.8,5500,,,
2019-01-04,60.6,60.7,60.5,60.6,2000,,,
2019-01-07,63,63.6,63,63.1,22000,,,
2019-01-08,63.4,63.9,63.1,63.4,6000,,,
2019-01-09,63.7,64,63.5,63.7,7000,,,
2019-01-10,63.5,63.5,63.5,63.5,2000,,,
2019-01-11,63.8,64,63.4,63.4,11000,,,
2019-01-15,64.2,64.2,64.2,64.2,8500,,,
2019-01-16,#VALUE!,#VALUE!,#VALUE!,#VALUE!,0,,,
2019-01-17,64.1,64.1,63.9,63.9,4500,,,
2019-01-18,64.4,64.4,64.4,64.4,500,,,
2019-01-21,65.5,65.6,65.3,65.5,18000,,,
2019-01-22,65.9,65.9,64.9,64.9,16500,,,
2019-01-23,64.6,64.6,64.4,64.4,10000,,,
2019-01-24,64.4,64.4,64.4,64.4,2000,,,
2019-01-25,64.6,64.6,64.6,64.6,500,,,
2019-01-28,#VALUE!,#VALUE!,#VALUE!,#VALUE!,0,,,
2019-01-29,#VALUE!,#VALUE!,#VALUE!,#VALUE!,0,,,
2019-01-30,#VALUE!,#VALUE!,#VALUE!,#VALUE!,0,,,
2019-01-31,64.6,65.5,64.6,65.1,2500,,,
2019-02-01,#VALUE!,#VALUE!,#VALUE!,#VALUE!,0,,,
2019-02-04,65,65,65,65,1000,,,
2019-02-05,65.4,65.7,65.4,65.7,1000,,,
2019-02-06,66.4,66.4,66.4,66.4,6000,,,
2019-02-07,65.2,65.2,65.2,65.2,500,,,
2019-02-08,64.4,64.4,63.2,63.3,93000,,,
2019-02-12,#VALUE!,#VALUE!,#VALUE!,#VALUE!,0,,,
2019-02-13,65,65.2,65,65.2,1500,,,
2019-02-14,65.6,65.6,65.6,65.6,2500,,,
2019-02-15,64.8,64.8,64.8,64.8,9000,,,
2019-02-18,66,66.1,66,66.1,1000,,,
2019-02-19,66.4,66.4,66.4,66.4,1000,,,
2019-02-20,66.7,66.7,66.7,66.7,500,,,
2019-02-21,67,67.2,67,67.2,495500,,,
2019-02-22,67.2,67.4,67.2,67.4,186000,,,
2019-02-25,66.4,66.4,66.4,66.4,500,,,
2019-02-26,66.5,66.5,66.1,66.2,301500,,,
2019-02-27,#VALUE!,#VALUE!,#VALUE!,#VALUE!,0,,,
2019-02-28,66.1,66.1,66.1,66.1,200500,,,
2019-03-01,#VALUE!,#VALUE!,#VALUE!,#VALUE!,0,,,
2019-03-04,66.4,66.4,66.4,66.4,500,,,
2019-03-05,65.9,65.9,65.9,65.9,254500,,,
2019-03-06,66,66,65.8,65.8,96500,,,
2019-03-07,66,66,65.4,65.4,99500,,,
2019-03-08,64.6,64.6,64.6,64.6,4500,,,
2019-03-11,#VALUE!,#VALUE!,#VALUE!,#VALUE!,0,,,
2019-03-12,65.8,66.1,65.8,66.1,6500,,,
2019-03-13,65.4,65.4,65.3,65.3,97000,,,
2019-03-14,65.6,65.6,65.5,65.5,6500,,,
2019-03-15,#VALUE!,#VALUE!,#VALUE!,#VALUE!,0,,,
2019-03-18,66.3,66.4,66.1,66.4,253000,,,
2019-03-19,66.5,66.5,66.5,66.5,500,,,
2019-03-20,66.2,67,66.2,67,12000,,,
2019-03-22,67.3,67.3,67.1,67.2,22500,,,
2019-03-25,65.6,65.8,65.5,65.6,295500,,,
2019-03-26,66.7,67.4,66.7,67.4,42500,,,
2019-03-27,67.6,67.6,67.2,67.2,4000,,,
2019-03-28,66,66.1,65.8,65.8,137000,,,
2019-03-29,#VALUE!,#VALUE!,#VALUE!,#VALUE!,0,,,
2019-04-01,67.1,67.5,67.1,67.5,51000,,,
2019-04-02,67.7,67.8,67.6,67.8,7500,,,
2019-04-03,67.2,67.6,67.2,67.3,505500,,,
2019-04-04,67.3,67.3,67.3,67.3,23500,,,
2019-04-05,#VALUE!,#VALUE!,#VALUE!,#VALUE!,0,,,
2019-04-08,67.6,67.8,67.5,67.5,701000,,,
2019-04-09,67.2,67.2,67.2,67.2,7500,,,
2019-04-10,#VALUE!,#VALUE!,#VALUE!,#VALUE!,0,,,
2019-04-11,66.6,66.7,66.6,66.7,82500,,,
2019-04-12,66.5,66.5,66.5,66.5,31000,,,
2019-04-15,66.5,67.8,66.5,67.5,24500,,,
2019-04-16,67,67,67,67,5000,,,
2019-04-17,67.1,67.1,67.1,67.1,16500,,,
2019-04-18,67.3,67.3,66.3,66.3,45000,,,
2019-04-19,66.3,66.6,66.3,66.6,2500,,,
2019-04-22,#VALUE!,#VALUE!,#VALUE!,#VALUE!,0,,,
2019-04-23,#VALUE!,#VALUE!,#VALUE!,#VALUE!,0,,,
2019-04-24,#VALUE!,#VALUE!,#VALUE!,#VALUE!,0,,,
2019-04-25,#VALUE!,#VALUE!,#VALUE!,#VALUE!,0,,,
2019-04-26,67,67,67,67,1000,,,
2019-05-07,67.1,67.1,67.1,67.1,500,,,
2019-05-08,65.8,65.8,63.9,64.2,483000,,,
2019-05-09,63.8,64.3,62.7,64,101500,,,
2019-05-10,64,64.1,63.4,63.6,87000,,,
2019-05-13,63.6,63.6,63,63.1,206500,,,
2019-05-14,61.9,63.7,61.9,63.7,233000,,,
2019-05-15,63.7,63.7,63.3,63.3,1500,,,
2019-05-16,63.7,63.7,63.7,63.7,500,,,
2019-05-17,63.7,64.7,63.7,64.6,14500,,,
2019-05-20,64.8,64.8,64.3,64.3,1000,,,
2019-05-21,64,64,63.7,63.8,59000,,,
2019-05-22,#VALUE!,#VALUE!,#VALUE!,#VALUE!,0,,,
2019-05-23,#VALUE!,#VALUE!,#VALUE!,#VALUE!,0,,,
2019-05-24,63,63.3,62.4,63.3,158000,,,
2019-05-27,#VALUE!,#VALUE!,#VALUE!,#VALUE!,0,,,
2019-05-28,63.8,63.8,63.6,63.6,56500,,,
2019-05-29,#VALUE!,#VALUE!,#VALUE!,#VALUE!,0,,,
2019-05-30,63,63,63,63,500,,,
2019-05-31,63,63,62.8,62.8,109000,,,
2019-06-03,62.8,62.8,62,62.1,218500,,,
2019-06-04,62.5,62.5,62,62.4,8000,,,
2019-06-05,63.7,63.7,63.3,63.6,10000,,,
2019-06-06,63.4,63.4,63.4,63.4,500,,,
2019-06-07,63.7,64,63.7,63.8,5000,,,
2019-06-10,64.1,64.5,64.1,64.5,45000,,,
2019-06-11,64.8,64.8,64.8,64.8,5500,,,
2019-06-12,#VALUE!,#VALUE!,#VALUE!,#VALUE!,0,,,
2019-06-13,64.4,64.4,64.4,64.4,1000,,,
2019-06-14,64.7,64.7,64.5,64.5,5000,,,
2019-06-17,64.6,64.6,64.6,64.6,5000,,,
2019-06-18,64.5,64.5,63.6,63.6,224500,,,
2019-06-19,65.2,65.2,65,65,1000,,,
2019-06-20,#VALUE!,#VALUE!,#VALUE!,#VALUE!,0,,,
2019-06-21,#VALUE!,#VALUE!,#VALUE!,#VALUE!,0,,,
2019-06-24,65.1,65.1,65.1,65.1,500,,,
2019-06-25,64.9,64.9,64.4,64.5,97000,,,
2019-06-26,64.2,64.5,64,64,90000,,,
2019-06-27,64.5,64.5,64.2,64.2,2500,,,
2019-06-28,64.8,64.8,64.8,64.8,500,,,
2019-07-01,65.8,66,65.5,66,182500,,,
2019-07-02,66.2,66.7,66.2,66.7,175000,,,
2019-07-03,66.7,66.7,65.9,66,185000,,,
2019-07-04,66,66.7,66,66.4,9500,,,
2019-07-05,66.5,66.5,66.2,66.3,523500,,,
2019-07-08,66.3,66.3,65.8,65.8,167500,,,
2019-07-09,65.8,66,65.6,65.6,50500,,,
2019-07-10,64.9,64.9,64.3,64.5,183000,,,
2019-07-11,64.4,64.9,64.4,64.9,8000,,,
2019-07-12,65,65,65,65,7500,,,
2019-07-16,64.8,64.8,64.8,64.8,500,,,
2019-07-17,#VALUE!,#VALUE!,#VALUE!,#VALUE!,0,,,
2019-07-18,64.9,64.9,63,63,621500,,,
2019-07-19,63,64.1,63,64.1,73500,,,
2019-07-22,#VALUE!,#VALUE!,#VALUE!,#VALUE!,0,,,
2019-07-23,64.5,64.5,64.5,64.5,500,,,
2019-07-24,#VALUE!,#VALUE!,#VALUE!,#VALUE!,0,,,
2019-07-25,#VALUE!,#VALUE!,#VALUE!,#VALUE!,0,,,
2019-07-26,63.9,63.9,63.9,63.9,3500,,,
2019-07-29,64.1,64.1,63.7,63.7,4000,,,
2019-07-30,64.3,64.3,64.2,64.2,39500,,,
2019-07-31,63.7,64,63.7,64,27000,,,
2019-08-01,63.7,63.8,63.4,63.4,98500,,,
2019-08-02,63.4,63.4,61.8,61.9,247500,,,
2019-08-05,61.8,61.9,60.4,60.8,184500,,,
2019-08-06,60.1,60.9,59.46,60.9,75500,,,
2019-08-07,60.9,60.9,60.2,60.4,2000,,,
2019-08-08,60.4,60.4,60,60,1500,,,
2019-08-09,60.1,60.1,60,60,1500,,,
2019-08-13,59.82,59.82,59.28,59.58,66500,,,
2019-08-14,60.1,60.1,60,60,35500,,,
2019-08-15,60.4,60.4,59,59,57500,,,
2019-08-16,59.36,59.8,59.36,59.78,71000,,,
2019-08-19,59.98,60,59.74,59.96,3000,,,
2019-08-20,60.1,60.1,59.96,60.1,2000,,,
2019-08-21,60.1,60.1,59.98,60,2500,,,
2019-08-22,60,60.1,60,60.1,1500,,,
2019-08-23,#VALUE!,#VALUE!,#VALUE!,#VALUE!,0,,,
2019-08-26,59.22,59.6,58.96,59.6,2500,,,
2019-08-27,#VALUE!,#VALUE!,#VALUE!,#VALUE!,0,,,
2019-08-28,59.64,59.76,59.58,59.58,5000,,,
2019-08-29,59.34,59.34,59.28,59.28,1000,,,
2019-08-30,60.1,60.4,60,60.4,5500,,,
2019-09-02,60.7,60.7,60.4,60.4,464000,,,
2019-09-03,60.7,60.9,60.7,60.9,2000,,,
2019-09-04,60.5,60.5,60.4,60.4,5000,,,
2019-09-05,61.7,61.7,61.7,61.7,500,,,
2019-09-06,61.9,62.3,61.9,62.3,4000,,,
2019-09-09,62.6,62.8,62.6,62.8,21500,,,
2019-09-10,62.8,63.5,62.8,63.5,6000,,,
2019-09-11,64.2,64.6,64.2,64.6,62000,,,
2019-09-12,65,65,64.8,64.9,6500,,,
2019-09-13,64.9,65.2,64.9,65.2,3000,,,
2019-09-17,65.4,66,65.4,66,9500,,,
2019-09-18,66,66,66,66,500,,,
2019-09-19,65.7,66,65.7,65.7,7000,,,
2019-09-20,65.7,65.9,65.6,65.9,4500,,,
2019-09-24,#VALUE!,#VALUE!,#VALUE!,#VALUE!,0,,,
2019-09-25,65,65,65,65,500,,,
2019-09-26,#VALUE!,#VALUE!,#VALUE!,#VALUE!,0,,,
2019-09-27,#VALUE!,#VALUE!,#VALUE!,#VALUE!,0,,,
2019-09-30,65,65,65,65,500,,,
2019-10-01,65.4,65.4,65.2,65.2,28000,,,
2019-10-02,65.2,65.2,64.7,64.9,23000,,,
2019-10-03,63.5,63.7,63.4,63.4,5500,,,
2019-10-04,63.7,63.7,63.7,63.7,5000,,,
2019-10-07,63.7,63.7,63.7,63.7,7500,,,
2019-10-08,64,64,64,64,1500,,,
2019-10-09,63.6,63.8,63.6,63.8,49500,,,
2019-10-10,#VALUE!,#VALUE!,#VALUE!,#VALUE!,0,,,
2019-10-11,64.3,64.7,64.3,64.7,2500,,,
2019-10-15,65.7,65.8,65.4,65.4,22500,,,
2019-10-16,66.1,66.1,65.9,65.9,12000,,,
2019-10-17,65.6,65.9,65.6,65.9,3500,,,
2019-10-18,65.8,65.8,65.2,65.3,44500,,,
2019-10-21,65.6,65.6,65.6,65.6,9500,,,
2019-10-23,#VALUE!,#VALUE!,#VALUE!,#VALUE!,0,,,
2019-10-24,66.7,66.7,66.7,66.7,24000,,,
2019-10-25,66.7,66.7,66.4,66.4,201000,,,
2019-10-28,67,67,66.6,66.6,2500,,,
2019-10-29,67,67.5,67,67.5,8000,,,
2019-10-30,67.2,67.5,67.2,67.5,58500,,,
2019-10-31,67.6,67.7,67.6,67.6,8000,,,
2019-11-01,67,67,66.7,66.7,9000,,,
2019-11-05,67.1,67.1,67.1,67.1,13000,,,
2019-11-06,67.3,68,67.3,68,14500,,,
2019-11-07,68,68.1,67.8,68.1,3500,,,
2019-11-08,69,69,68.8,68.8,1533000,,,
2019-11-11,68.8,68.9,68.8,68.8,7000,,,
2019-11-12,69.3,69.3,69.3,69.3,2500,,,
2019-11-13,#VALUE!,#VALUE!,#VALUE!,#VALUE!,0,,,
2019-11-14,68,68,68,68,500,,,
2019-11-15,69,69,68.8,68.9,843000,,,
2019-11-18,69.1,69.1,69,69,4500,,,
2019-11-19,69.2,69.2,68.7,68.7,2000,,,
2019-11-20,#VALUE!,#VALUE!,#VALUE!,#VALUE!,0,,,
2019-11-21,68,68,67.6,67.6,7000,,,
2019-11-22,#VALUE!,#VALUE!,#VALUE!,#VALUE!,0,,,
2019-11-25,68.7,69.4,68.7,69.2,763500,,,
2019-11-26,70,70,69.2,69.7,15500,,,
2019-11-27,69.4,69.8,69.3,69.3,221500,,,
2019-11-28,69.1,69.3,69,69.3,651000,,,
2019-11-29,69.2,69.2,68.4,68.7,83500,,,
2019-12-02,#VALUE!,#VALUE!,#VALUE!,#VALUE!,0,,,
2019-12-03,68.7,69.2,68.7,68.9,19500,,,
2019-12-04,68.5,69.2,68.5,69,1544500,,,
2019-12-05,#VALUE!,#VALUE!,#VALUE!,#VALUE!,0,,,
2019-12-06,69.9,70,69.7,69.7,209500,,,
2019-12-09,70,70.3,69.9,70.3,40500,,,
2019-12-10,#VALUE!,#VALUE!,#VALUE!,#VALUE!,0,,,
2019-12-11,#VALUE!,#VALUE!,#VALUE!,#VALUE!,0,,,
2019-12-12,#VALUE!,#VALUE!,#VALUE!,#VALUE!,0,,,
2019-12-13,70.7,71.1,70.7,70.8,162500,,,
2019-12-16,71,71,70.7,70.7,170000,,,
2019-12-17,71.3,71.4,71.3,71.4,7500,,,
2019-12-18,71.4,71.4,71,71,1000,,,
2019-12-19,70.4,70.6,70.4,70.6,9000,,,
2019-12-20,70.6,70.6,70.6,70.6,500,,,
2019-12-23,70.3,70.3,70.3,70.3,72000,,,
2019-12-24,#VALUE!,#VALUE!,#VALUE!,#VALUE!,0,,,
2019-12-25,70.1,70.2,70.1,70.2,759000,,,
2019-12-26,#VALUE!,#VALUE!,#VALUE!,#VALUE!,0,,,
2019-12-27,70.4,70.8,70.4,70.4,943000,,,
2019-12-30,70,70,70,70,2500,,,
2020-01-06,#VALUE!,#VALUE!,#VALUE!,#VALUE!,0,,,
2020-01-07,69.8,69.8,69.8,69.8,500,,,
2020-01-08,69.1,69.3,69.1,69.3,156500,,,
2020-01-09,69.3,70.3,69.3,70.3,7500,,,
2020-01-10,70.5,70.5,70.5,70.5,2000,,,
2020-01-14,70.6,70.6,70.1,70.4,104500,,,
2020-01-15,#VALUE!,#VALUE!,#VALUE!,#VALUE!,0,,,
2020-01-16,69.9,69.9,69.9,69.9,1000,,,
2020-01-17,70,70.2,70,70.2,110000,,,
2020-01-20,70.7,70.7,70.6,70.6,1500,,,
2020-01-21,70.9,71.1,70.8,70.8,2500,,,
2020-01-22,71.1,71.1,71.1,71.1,500,,,
2020-01-23,#VALUE!,#VALUE!,#VALUE!,#VALUE!,0,,,
2020-01-24,#VALUE!,#VALUE!,#VALUE!,#VALUE!,0,,,
2020-01-27,69.6,69.6,69.6,69.6,500,,,
2020-01-28,69.2,69.2,68.8,69,8000,,,
2020-01-29,69.1,69.3,69.1,69.3,3500,,,
2020-01-30,68.6,68.6,68.6,68.6,1500,,,
2020-01-31,68.9,68.9,68.7,68.7,2000,,,
2020-02-03,68.3,68.7,68.1,68.5,76000,,,
2020-02-04,68.5,68.5,68.1,68.1,5500,,,
2020-02-05,69.4,69.5,69.4,69.5,3500,,,
2020-02-06,70.3,71.3,70.3,71.3,9000,,,
2020-02-07,71.3,71.3,71.3,71.3,500,,,
2020-02-10,70.3,70.3,70.2,70.2,2000,,,
2020-02-12,70.2,70.2,70.2,70.2,1000,,,
2020-02-13,70,70,69.5,69.5,4000,,,
2020-02-14,69.3,69.3,69.1,69.2,16000,,,
2020-02-17,69.2,69.2,68.6,69,46000,,,
2020-02-18,69.1,69.1,68.3,68.3,6000,,,
2020-02-19,68.3,68.3,68.3,68.3,500,,,
2020-02-20,68.9,68.9,68.4,68.4,37500,,,
2020-02-21,68.3,69,68.3,68.7,19500,,,
2020-02-25,65.7,66.8,65.7,66.3,27500,,,
2020-02-26,65.5,66.1,65.4,66.1,59500,,,
2020-02-27,66.1,66.1,64.8,64.9,65000,,,
2020-02-28,63.9,63.9,62.4,62.6,143500,,,
2020-03-02,62.2,62.2,61.8,61.9,36500,,,
2020-03-03,64,64,61.9,61.9,131000,,,
2020-03-04,61.8,61.9,61.8,61.9,1000,,,
2020-03-05,62.8,63,62.5,62.5,132500,,,
2020-03-06,62.5,62.5,60.7,60.8,119500,,,
2020-03-09,59,59,57.5,57.5,43500,,,
2020-03-10,56.32,57.62,55.6,57.62,54000,,,
2020-03-11,58.62,58.62,57.5,57.5,87000,,,
2020-03-12,56,56,54.58,55,33000,,,
2020-03-13,54,54,50.58,50.66,698000,,,
2020-03-16,51.7,52.78,51.7,52.12,20000,,,
2020-03-17,50.44,50.44,50.44,50.44,500,,,
2020-03-18,53.4,54.48,53.22,53.22,164000,,,
2020-03-19,53.36,53.36,53.26,53.26,1000,,,
2020-03-23,52.84,53.36,52.84,53.36,14000,,,
2020-03-24,55.16,55.7,55.16,55.7,6000,,,
2020-03-25,57.8,58.38,57.38,57.9,6000,,,
2020-03-26,56.04,57.04,56.04,56.84,178500,,,
2020-03-27,58.28,58.72,58.24,58.72,15000,,,
2020-03-30,58.72,58.8,57.8,58.8,13000,,,
2020-03-31,58.02,58.02,58.02,58.02,1000,,,
2020-04-01,58.02,58.02,55.82,55.82,3500,,,
2020-04-02,55.82,56.24,55.24,56.24,6000,,,
2020-04-03,54.32,55.3,53.86,53.86,12000,,,
2020-04-06,54.44,55.18,54.44,55.18,2000,,,
2020-04-07,57.06,57.06,57.06,57.06,500,,,
2020-04-08,56.86,56.86,56.84,56.84,3000,,,
2020-04-09,57.36,57.36,57.36,57.36,500,,,
2020-04-10,#VALUE!,#VALUE!,#VALUE!,#VALUE!,0,,,
2020-04-13,57.56,57.56,57.56,57.56,1500,,,
2020-04-14,#VALUE!,#VALUE!,#VALUE!,#VALUE!,0,,,
2020-04-15,#VALUE!,#VALUE!,#VALUE!,#VALUE!,0,,,
2020-04-16,#VALUE!,#VALUE!,#VALUE!,#VALUE!,0,,,
2020-04-17,#VALUE!,#VALUE!,#VALUE!,#VALUE!,0,,,
2020-04-20,56.6,57.2,55.9,55.9,5000,,,
2020-04-21,55.14,56.26,54.96,55.1,29000,,,
2020-04-22,54.52,54.6,54.52,54.6,4000,,,
2020-04-23,55.06,55.7,55,55,11500,,,
2020-04-24,55,55.86,55,55.86,2500,,,
2020-04-27,56.24,57,56.24,57,6000,,,
2020-04-28,56.94,56.94,56.34,56.7,2000,,,
2020-04-30,57.7,57.92,57.7,57.92,3000,,,
2020-05-01,56.92,57.28,56.18,56.44,3000,,,
2020-05-07,56.52,56.52,56.52,56.52,500,,,
2020-05-08,57.14,57.14,56.78,56.78,26000,,,
2020-05-11,60,61.2,59.52,61,43500,,,
2020-05-12,60.1,60.1,60.1,60.1,2500,,,
2020-05-13,59.02,59.78,58.8,58.8,5000,,,
2020-05-14,#VALUE!,#VALUE!,#VALUE!,#VALUE!,0,,,
2020-05-15,59.2,59.26,58.54,58.54,12000,,,
2020-05-18,#VALUE!,#VALUE!,#VALUE!,#VALUE!,0,,,
2020-05-19,58.6,59.76,58.6,58.76,67000,,,
2020-05-20,58.64,58.64,58.64,58.64,500,,,
2020-05-21,#VALUE!,#VALUE!,#VALUE!,#VALUE!,0,,,
2020-05-22,59.32,59.32,59.32,59.32,1000,,,
2020-05-25,#VALUE!,#VALUE!,#VALUE!,#VALUE!,0,,,
2020-05-26,60.8,60.8,60.3,60.3,2500,,,
2020-05-27,60.5,60.5,60.5,60.5,11000,,,
2020-05-28,62.3,62.5,61.8,62.2,24000,,,
2020-05-29,#VALUE!,#VALUE!,#VALUE!,#VALUE!,0,,,
2020-06-01,62,62,62,62,500,,,
2020-06-02,62.4,62.8,62.4,62.8,15500,,,
2020-06-03,64.1,64.1,63.5,63.5,1000,,,
2020-06-04,63.6,63.6,63.6,63.6,500,,,
2020-06-05,63.6,63.6,63.6,63.6,4500,,,
2020-06-08,64.5,64.5,64.4,64.4,12500,,,
2020-06-09,64,64,63.5,63.8,38000,,,
2020-06-10,63.5,63.9,63.5,63.6,1500,,,
2020-06-11,62.8,62.8,61.9,61.9,75000,,,
2020-06-12,61,61.5,60.4,61.5,1500,,,
2020-06-15,61.1,61.3,60.1,60.1,6000,,,
2020-06-16,61.2,62.1,61.2,62.1,10000,,,
2020-06-17,62.8,62.8,61.9,61.9,1000,,,
2020-06-18,61.6,61.6,61.6,61.6,1500,,,
2020-06-19,61.6,61.6,61.3,61.4,16500,,,
2020-06-22,60.8,61.4,60.8,61.4,1000,,,
2020-06-23,61,61.2,60.8,61.1,43000,,,
2020-06-24,#VALUE!,#VALUE!,#VALUE!,#VALUE!,0,,,
2020-06-25,60.1,60.1,59.54,59.54,64000,,,
2020-06-26,60.5,60.6,60.5,60.6,1000,,,
2020-06-29,59.92,60.2,59.74,59.74,2000,,,
2020-06-30,60.4,60.4,60.4,60.4,1000,,,
2020-07-01,60.1,60.1,59.18,59.18,20500,,,
2020-07-02,60.1,60.1,59.2,59.2,1000,,,
2020-07-03,59.02,59.02,59,59,22000,,,
2020-07-06,60.2,60.2,60.2,60.2,500,,,
2020-07-07,60.4,60.4,59.68,59.68,7000,,,
2020-07-08,59.7,59.7,59.68,59.68,1500,,,
2020-07-09,59.22,59.22,59,59,4000,,,
2020-07-10,59,59,58.72,58.72,4000,,,
2020-07-13,59.3,60.3,59.3,60.3,31000,,,
2020-07-14,57.76,57.92,57.76,57.9,18500,,,
2020-07-15,58.98,59.2,58.6,58.6,26000,,,
2020-07-16,59.46,59.54,59.46,59.54,2000,,,
2020-07-17,#VALUE!,#VALUE!,#VALUE!,#VALUE!,0,,,
2020-07-20,59.52,59.52,59.52,59.52,500,,,
2020-07-21,59.26,59.26,58.58,58.6,4500,,,
2020-07-22,58.12,58.68,58.12,58.68,3000,,,
2020-07-27,58,58,57.98,57.98,4500,,,
2020-07-28,#VALUE!,#VALUE!,#VALUE!,#VALUE!,0,,,
2020-07-29,#VALUE!,#VALUE!,#VALUE!,#VALUE!,0,,,
2020-07-30,58.16,58.16,57.32,57.32,51000,,,
2020-07-31,58.32,58.32,55.82,55.82,21500,,,
2020-08-03,#VALUE!,#VALUE!,#VALUE!,#VALUE!,0,,,
2020-08-04,57.62,58,57.62,58,4000,,,
2020-08-05,57.62,58.4,57.62,58.4,2500,,,
2020-08-06,58.42,58.72,58.42,58.72,7500,,,
2020-08-07,57.72,58.64,57.72,58.48,17500,,,
2020-08-11,59.16,59.84,58.98,59.84,26500,,,
2020-08-12,60.4,60.7,60.4,60.7,2000,,,
2020-08-13,61.3,61.4,61,61.4,6000,,,
2020-08-14,61,61.4,61,61.4,5500,,,
2020-08-17,61.2,61.4,60.8,60.8,4000,,,
2020-08-18,60.8,60.8,60.5,60.5,1000,,,
2020-08-19,#VALUE!,#VALUE!,#VALUE!,#VALUE!,0,,,
2020-08-20,60.5,60.5,60.5,60.5,500,,,
2020-08-21,60.7,60.9,60.7,60.9,1000,,,
2020-08-24,60.9,61,60.9,61,3000,,,
2020-08-25,61.6,62.1,61.6,62.1,46500,,,
2020-08-26,61.7,61.7,61.6,61.6,1000,,,
2020-08-27,#VALUE!,#VALUE!,#VALUE!,#VALUE!,0,,,
2020-08-28,60.9,61.1,60.9,60.9,5500,,,
2020-08-31,62.3,64.9,62.3,64,622500,,,
2020-09-01,64.7,65.2,64,64.5,282500,,,
2020-09-02,65.3,65.3,64.4,64.6,297000,,,
2020-09-03,65.6,65.6,64.9,65.3,101500,,,
2020-09-04,64.2,64.9,64.2,64.8,57500,,,
2020-09-07,64.8,65,64.6,64.9,52500,,,
2020-09-08,65.3,65.3,64.4,65,18000,,,
2020-09-09,64.2,64.2,63.7,64.1,60500,,,
2020-09-10,64.7,64.7,64.4,64.7,4000,,,
2020-09-11,64.7,65.2,64.3,65.2,37500,,,
2020-09-14,65.3,65.4,65.1,65.4,54000,,,
2020-09-15,65.4,65.4,64.8,65.1,16000,,,
2020-09-16,64.9,64.9,64.7,64.8,25500,,,
2020-09-17,65,65,64.5,64.5,31000,,,
2020-09-18,64.7,65,64.7,64.8,14500,,,
2020-09-23,64.6,65.1,64.3,65.1,58000,,,
2020-09-24,65,65.1,64.8,64.9,11500,,,
2020-09-25,65.2,65.2,64.6,64.8,4500,,,
2020-09-28,65.4,65.9,65.1,65.9,31000,,,
2020-09-29,66.5,66.5,65.7,66.3,27000,,,
2020-09-30,65.9,65.9,64.2,64.4,58000,,,
2020-10-01,#VALUE!,#VALUE!,#VALUE!,#VALUE!,0,,,
2020-10-02,64.7,65,63.5,63.7,95000,,,
2020-10-05,64.3,65.3,64.3,64.9,32000,,,
2020-10-06,65.2,65.4,64.8,65.3,20500,,,
2020-10-07,64.9,65.1,64.6,65.1,6500,,,
2020-10-08,65.2,65.4,65.2,65.4,14000,,,
2020-10-09,65.1,65.1,64.6,64.6,51000,,,
2020-10-12,64.6,64.7,64.2,64.2,61500,,,
2020-10-13,64.4,64.4,63.7,63.9,103500,,,
2020-10-14,63.8,63.8,63.5,63.5,20000,,,
2020-10-15,63.7,63.7,63.3,63.4,17500,,,
2020-10-16,63.2,63.2,62.7,62.7,81000,,,
2020-10-19,62.9,63.6,62.9,63.3,27000,,,
2020-10-20,63.2,63.4,62.7,62.7,20000,,,
2020-10-21,62.8,63.4,62.8,63,28500,,,
2020-10-22,62.7,62.7,62.2,62.2,54500,,,
2020-10-23,62.6,63.1,62.6,62.9,13500,,,
2020-10-26,63.1,63.1,62.6,62.6,19000,,,
2020-10-27,62.3,62.5,61.9,62.2,65500,,,
2020-10-28,61.8,61.8,61.5,61.7,54000,,,
2020-10-29,60.9,61.7,60.9,61.4,15000,,,
2020-10-30,61.6,61.6,60.1,60.2,78500,,,
2020-11-02,60.4,61.7,60.4,61.2,73000,,,
2020-11-04,62.3,62.7,61.8,62,70500,,,
2020-11-05,62.3,62.4,61.8,62.1,88500,,,
2020-11-06,61.9,62.7,61.9,62.7,47000,,,
2020-11-09,63.2,63.5,62.8,63.5,65000,,,
2020-11-10,64.8,65.3,64.4,64.8,60000,,,
2020-11-11,65.7,66.1,65.3,65.8,95500,,,
2020-11-12,65.7,65.7,64.8,65.1,41500,,,
2020-11-13,65.2,65.2,63.9,64.2,30500,,,
2020-11-16,65,65.5,64.8,65.4,99000,,,
2020-11-17,66,66,65.1,65.4,89500,,,
2020-11-18,65.4,65.4,64.8,65.2,35000,,,
2020-11-19,65,65.5,65,65.5,29000,,,
2020-11-20,65.3,65.5,65.3,65.3,41500,,,
2020-11-24,66.5,67.1,66.5,66.8,29500,,,
2020-11-25,67.1,67.2,66.2,66.5,327000,,,
2020-11-26,66.4,66.7,65.9,66.3,147500,,,
2020-11-27,66.6,67.2,66.6,66.7,108500,,,
2020-11-30,66.9,66.9,64.7,64.7,131500,,,
2020-12-01,66.1,66.1,65.1,65.6,98000,,,
2020-12-02,66.4,66.5,66,66,14500,,,
2020-12-03,66.4,67.3,66.1,67.2,24500,,,
2020-12-04,66.4,66.9,66.3,66.9,33000,,,
2020-12-07,67.3,67.5,66.9,67.1,101000,,,
2020-12-08,66.5,67.2,66.5,67.1,59500,,,
2020-12-09,67.2,67.4,67.1,67.4,17500,,,
2020-12-10,67.7,67.7,67.4,67.7,11500,,,
2020-12-11,67.7,67.9,67.6,67.9,121000,,,
2020-12-14,68,69,67.9,68.2,70000,,,
2020-12-15,68.2,68.2,67.5,67.5,125000,,,
2020-12-16,67.9,68.2,67.8,67.9,28000,,,
2020-12-17,68,68,67.7,67.7,1009000,,,
2020-12-18,67.8,68.5,67.8,68.5,905000,,,
2020-12-21,68.2,68.7,67.6,67.9,162000,,,
2020-12-22,67.6,67.6,66.8,66.8,130500,,,
2020-12-23,67.4,67.4,66.5,66.8,42000,,,
2020-12-24,67.6,67.6,67.2,67.3,15000,,,
2020-12-25,67.7,67.9,67.6,67.9,20000,,,
2020-12-28,68,68.1,67.8,67.8,43000,,,
2020-12-29,68.2,68.6,68.1,68.6,27500,,,
2020-12-30,68.7,68.7,68.1,68.5,128500,,,
2021-01-04,68.6,68.6,67.1,67.5,130500,,,
2021-01-05,67.6,68.5,67.4,67.7,63000,,,
2021-01-06,67.7,68.1,67.7,68.1,24500,,,
2021-01-07,68.9,70.4,68.9,69.5,68000,,,
2021-01-08,70.2,70.7,70,70.7,69000,,,
2021-01-12,70.4,70.7,69.9,70.4,142000,,,
2021-01-13,70.7,73.4,70.4,73.4,153500,,,
2021-01-14,72,72.3,71.3,71.8,169500,,,
2021-01-15,71.4,71.6,71,71.2,93000,,,
2021-01-18,70.6,70.8,70.2,70.4,47000,,,
2021-01-19,70.7,70.8,70.2,70.2,81000,,,
2021-01-20,70.3,70.6,70.2,70.6,76000,,,
2021-01-21,71.1,71.5,70.9,71,112500,,,
2021-01-22,70.9,71.2,70.9,71.1,64500,,,
2021-01-25,71.3,71.3,70.8,70.9,40500,,,
2021-01-26,71,71.2,70.3,70.4,126000,,,
2021-01-27,70.8,71.3,70.8,70.9,68500,,,
2021-01-28,69.5,70.8,69.5,70.4,91500,,,
2021-01-29,70.5,70.5,69.3,69.6,47000,,,
2021-02-01,68.7,69.7,68.7,69.6,49500,,,
2021-02-02,69.8,70.3,69.6,70.2,54000,3774050,0,0
2021-02-03,70.7,71,70.5,71,62500,4421350,0,0
2021-02-04,71.2,71.4,70.4,70.5,28500,2023150,0,0
2021-02-05,71.3,71.3,70.7,71.2,164000,11672300,0,0
2021-02-08,71.7,73,71.7,72.9,96000,6942650,0,0
2021-02-09,73.3,73.6,72.7,72.8,108500,7938300,0,0
2021-02-10,72.9,73.5,72.8,73,55000,4017000,0,0
2021-02-12,73.5,73.5,72.3,72.5,27000,1961500,0,0
2021-02-15,73.3,73.7,73.2,73.7,56500,4146200,0,0
2021-02-16,73.6,74.5,73.6,74,228500,16912300,0,0
2021-02-17,74.3,75.2,74.3,75.1,130000,9723350,0,0
2021-02-18,75.7,75.9,74.2,74.3,1064000,79161200,0,0
2021-02-19,74,74.2,73.7,73.8,1043500,77209250,0,0
2021-02-22,75,75.6,75,75,161000,12119450,0,0
2021-02-24,75.3,75.4,74.5,74.5,517000,38673650,0,0
2021-02-25,75.9,76.2,75.4,75.8,83000,6303050,0,0
2021-02-26,74.8,75.1,73.8,73.8,142000,10581400,0,0
2021-03-01,74.6,75.4,74.6,75.4,113500,8514650,0,0
2021-03-02,76.2,76.2,74.7,75.1,109500,8246000,0,0
2021-03-03,75.4,76.5,75.4,76.5,50500,3829300,0,0
2021-03-04,75.6,76,75,75.8,46500,3510750,0,0
2021-03-05,75.3,75.7,74.6,75.7,193000,14520850,0,0
2021-03-08,76.8,77.2,76,76.5,168500,12887350,0,0
2021-03-09,77.1,77.7,76.9,77.5,124000,9586300,0,0
2021-03-10,77.6,77.8,77,77.8,109500,8475950,0,0
2021-03-11,77.8,78.3,77.7,77.8,104500,8144600,0,0
2021-03-12,78.2,79.2,77.8,79.2,185000,14544150,0,0
2021-03-15,79.4,79.9,79.3,79.8,230000,18287300,0,0
2021-03-16,79.9,80.5,79.6,80,177500,14202150,0,0
2021-03-17,79.7,81.1,79.7,80.1,252500,20208350,0,0
2021-03-18,80.2,80.6,80.1,80.4,91000,7313650,0,0
2021-03-19,80.1,81,79.3,80.6,157500,12669700,0,0
2021-03-22,80.4,81.6,80.4,81.1,90000,7297700,0,0
2021-03-23,81.6,81.7,80.2,80.4,183500,14816150,0,0
2021-03-24,79.4,79.4,77.9,78.3,153500,12057300,0,0
2021-03-25,79.1,80.1,79.1,79.6,184000,14690700,0,0
2021-03-26,80.8,81,80.3,81,188000,15177050,0,0
2021-03-29,81.8,81.8,80.6,81.6,226000,18396800,0,0
2021-03-30,81.4,81.5,80.5,80.8,291500,23653250,0,0
2021-03-31,80.5,80.7,80,80,97500,7846700,0,0
2021-04-01,80.4,80.4,79,79.2,106500,8452650,0,0
2021-04-02,79.7,79.8,78.1,78.4,109500,8647650,0,0
2021-04-05,78.6,80.3,78.4,80,130000,10390050,0,0
2021-04-06,80.5,80.5,79.2,79.6,169000,13469900,0,0
2021-04-07,79.6,80.4,79.5,80.4,86500,6927750,0,0
2021-04-08,79.8,79.8,78.9,79.1,88500,7008200,0,0
2021-04-09,79.6,79.6,78.9,78.9,52000,4117500,0,0
2021-04-12,78.9,79.7,78.9,79.2,46500,3685550,0,0
2021-04-13,79.3,80.8,79.3,79.5,56000,4472000,0,0
2021-04-14,79.3,79.3,78.6,78.6,105000,8278500,0,0
2021-04-15,79.1,79.7,78.8,79.2,97000,7688500,0,0
2021-04-16,79.3,79.5,78.8,79.5,106500,8436600,0,0
2021-04-19,79.5,79.5,79.1,79.5,118000,9358700,0,0
2021-04-20,78.8,78.8,77.9,77.9,110500,8649050,0,0
2021-04-21,76.7,77.5,76.5,77.1,221000,17032050,0,0
2021-04-22,78.4,78.4,77.6,77.9,212000,16526350,0,0
2021-04-23,77.4,77.8,77.4,77.7,43000,3338550,0,0
2021-04-26,78,78.5,77.5,77.9,57500,4478850,0,0
2021-04-27,77.6,77.6,76.7,76.7,104000,8035000,0,0
2021-04-28,76.9,77.3,76.7,76.7,85500,6584400,0,0
2021-04-30,76.8,77.9,76.8,77.3,217000,16777100,0,0
2021-05-06,79.5,80.6,79,80.4,217500,17401150,0,0
2021-05-07,80.6,81.2,80.1,80.5,278500,22434000,0,0
2021-05-10,80.8,81.7,80.6,81.4,371500,30254250,0,0
2021-05-11,82.2,82.2,80.2,80.6,187000,15159400,0,0
2021-05-12,80.1,80.1,77.2,77.7,215000,16871400,0,0
2021-05-13,77.5,78.1,76.8,76.9,153000,11860550,0,0
2021-05-14,78.3,78.3,77.7,78.1,187500,14641650,0,0
2021-05-17,78,78.5,77.1,77.5,108000,8376600,0,0
2021-05-18,77.8,78.8,77.7,78.8,98500,7730650,0,0
2021-05-19,77.9,78,77.4,77.8,93500,7266200,0,0
2021-05-20,77.2,77.6,77.1,77.5,128500,9929800,0,0
2021-05-21,77.2,78.4,77.2,77.6,20000,1551650,0,0
2021-05-24,77.5,78.7,77.5,78.3,24000,1876550,0,0
2021-05-25,78.8,78.8,78.2,78.4,123500,9681650,0,0
2021-05-26,78.1,78.3,77.8,78.3,74000,5771900,0,0
2021-05-27,78.1,78.1,77.2,77.3,59500,4623500,0,0
2021-05-28,78.3,79.3,78.3,79.3,113500,8920550,0,0
2021-05-31,78.5,78.8,77.8,78.2,241000,18842700,0,0
2021-06-01,78.6,78.6,77.6,78.5,97500,7624650,0,0
2021-06-02,78.7,80,78.7,79.9,69500,5522950,0,0
2021-06-03,80.2,80.4,79.6,80,147500,11796500,0,0
2021-06-04,79.9,80,79.4,79.8,74000,5893400,0,0
2021-06-07,80.2,80.4,80.1,80.4,30500,2446600,0,0
2021-06-08,79.8,80.3,79.6,80.1,29500,2355900,0,0
2021-06-09,80.4,80.5,80.1,80.5,35000,2815550,0,0
2021-06-10,80.3,80.3,79.7,80.3,17500,1400450,0,0
2021-06-11,80.5,80.5,79.6,80.4,54500,4364100,0,0
2021-06-14,80.5,80.7,80.2,80.2,28000,2254050,0,0
2021-06-15,80.3,80.9,80,80.6,66000,5316150,0,0
2021-06-16,80.7,81.8,80.7,81.3,63000,5120200,0,0
2021-06-17,81,81.3,80.5,80.5,116000,9372650,0,0
2021-06-18,79.8,79.9,79.1,79.5,169000,13443150,0,0
2021-06-21,77.5,77.7,76.7,76.8,432000,33363750,0,0
2021-06-22,78.4,79.8,78.4,79.7,148000,11714200,0,0
2021-06-23,79.9,80.1,79.8,80,23500,1879200,0,0
2021-06-24,79.6,80.1,79.5,80.1,63500,5079200,0,0
2021-06-25,80.4,80.5,80,80.5,14500,1164500,0,0
2021-06-28,80.8,80.8,80.4,80.6,35000,2824050,0,0
2021-06-29,80,80,79.4,79.4,105000,8361450,0,0
2021-06-30,80,80,79.1,79.1,77000,6116200,0,0
2021-07-01,79.2,79.2,78.8,78.9,56000,4429850,0,0
2021-07-02,79.4,80,79.3,79.8,92000,7335100,0,0
2021-07-05,79.7,79.9,79.6,79.8,39000,3110600,0,0
2021-07-06,80.1,80.8,80,80.8,17500,1405900,0,0
2021-07-07,79.7,79.9,79.2,79.4,72000,5729950,0,0
2021-07-08,79.6,80.1,79.4,79.4,39500,3150000,0,0
2021-07-09,78.3,79.2,77.6,79.2,153500,12008850,0,0
2021-07-12,80.4,80.8,80.3,80.7,47500,3824800,0,0
2021-07-13,80.9,81.7,80.9,81.7,405000,32904450,0,0
2021-07-14,77.3,77.7,77.1,77.2,471500,36514300,0,0
2021-07-15,77.1,77.1,76.2,76.4,183000,14029200,0,0
2021-07-16,76.1,76.8,76.1,76.1,91500,6999650,0,0
2021-07-19,75.6,75.9,75.4,75.6,110000,8317900,0,0
2021-07-20,74.7,75,74.4,74.6,64500,4815500,0,0
2021-07-21,75.8,76.1,75.1,75.1,71500,5411150,0,0
2021-07-26,76.5,76.8,76.4,76.4,77000,5895850,0,0
2021-07-27,76.9,77.1,76.6,76.6,35500,2731450,0,0
2021-07-28,76.5,76.9,76.3,76.4,61000,4667250,0,0
2021-07-29,76.1,76.4,76.1,76.2,38000,2897500,0,0
2021-07-30,76.2,76.3,75.5,75.5,38000,2885600,0,0
2021-08-02,76.6,77.7,76.5,77.5,131500,10169800,0,0
2021-08-03,77.5,78.9,77.1,78.9,163000,12733800,0,0
2021-08-04,78.8,78.9,77.5,77.5,54500,4256600,0,0
2021-08-05,77.6,78,77.6,77.9,34500,2685700,0,0
2021-08-06,78,78.2,77.6,77.8,12500,974200,0,0
2021-08-10,77.8,78.2,77.4,77.6,48500,3766900,0,0
2021-08-11,78.1,78.7,78,78.4,39500,3090250,0,0
2021-08-12,78.8,79.1,78.6,78.8,38500,3034250,0,0
2021-08-13,78.5,79,78.5,79,5000,394350,0,0
2021-08-16,78.6,78.6,77.3,77.3,94000,7316200,0,0
2021-08-17,77.3,77.9,77.3,77.5,19000,1475850,0,0
2021-08-18,77.6,78.4,77.6,77.9,17000,1329350,0,0
2021-08-19,77,77.3,75.7,75.7,673500,51364600,0,0
2021-08-20,75.5,75.5,74.3,74.4,133500,10003500,0,0
2021-08-23,75,75.6,74.9,75,65500,4917200,0,0
2021-08-24,75.6,76.2,75.4,76.1,79000,5974500,0,0
2021-08-25,76.3,76.6,75.8,76,38500,2928450,0,0
2021-08-26,76.2,76.4,75.9,75.9,43000,3271200,0,0
2021-08-27,75.7,75.7,75.1,75.4,69000,5203600,0,0
2021-08-30,76.2,76.8,76.1,76.5,49000,3746750,0,0
2021-08-31,76.7,77.4,76.7,77.2,133000,10212250,0,0
2021-09-01,77.3,78,77.3,77.6,64500,5001100,0,0
2021-09-02,77.7,77.7,77.3,77.7,15500,1201800,0,0
2021-09-03,77.8,78.8,77.8,78.6,104000,8153050,0,0
2021-09-06,79.6,79.8,79.4,79.6,62500,4974750,0,0
2021-09-07,80,80.3,79.6,80,92500,7396850,0,0
2021-09-08,80,81,80,80.7,51000,4105950,0,0
2021-09-09,80.7,81,80.5,80.7,75500,6085150,0,0
2021-09-10,80.9,81.9,80.9,81.5,173500,14109950,0,0
2021-09-13,81.9,82.3,81.7,82.3,75000,6149300,0,0
2021-09-14,82.8,83,82.6,82.9,40500,3354600,0,0
2021-09-15,82,82.3,81.8,81.9,123500,10128950,0,0
2021-09-16,82.4,82.6,81.8,81.9,71500,5880750,0,0
2021-09-17,82.4,82.4,81.6,81.9,82500,6765200,0,0
2021-09-21,79.8,80.8,79.3,80.1,162000,12982250,0,0
2021-09-22,79.8,79.8,78.2,78.6,184500,14519450,0,0
2021-09-24,80.4,80.4,79.5,79.9,173500,13897050,0,0
2021-09-27,80.1,80.3,79.8,79.8,37000,2960150,0,0
2021-09-28,80.4,80.4,79.4,80.4,40000,3201550,0,0
2021-09-29,79.4,80,79.2,79.7,128000,10194150,0,0
2021-09-30,80.3,80.4,79.7,80.2,128500,10290200,0,0
2021-10-01,78.8,78.9,77.4,77.8,305500,23888700,0,0
2021-10-04,79,79,77.5,77.6,96500,7555850,0,0
2021-10-05,77.5,78.1,76.8,77.6,233000,18046050,0,0
2021-10-06,78.6,79.6,77.9,78.8,155500,12245600,0,0
2021-10-07,78.5,78.6,77.9,78.2,397000,31158000,0,0
2021-10-08,79.2,79.6,78.9,79.1,98500,7812700,0,0
2021-10-11,79.3,80.5,79.1,80.4,95000,7596550,0,0
2021-10-12,80.8,81.2,80.5,81.1,77000,6233750,0,0
2021-10-13,81.4,81.4,80.2,80.6,68500,5528350,0,0
2021-10-14,81,81,79.9,80.5,462000,37258600,0,0
2021-10-15,81.1,81.9,80.9,81.9,135500,11018650,0,0
2021-10-18,82.4,82.6,81.8,82.6,154500,12720000,0,0
2021-10-19,82.6,82.7,82,82.1,291500,24011500,0,0
2021-10-20,82.4,82.5,81.3,81.3,455000,37113350,0,0
2021-10-21,81.6,81.7,80.7,80.8,67000,5447900,0,0
2021-10-22,80,81,79.9,80.3,148500,11930300,0,0
2021-10-25,80.1,81,80,80.3,51500,4144650,0,0
2021-10-26,81.1,81.4,80.7,81,61500,4990500,0,0
2021-10-27,81.4,81.4,80.9,81.2,54000,4380850,0,0
2021-10-28,80.3,80.5,79.6,80.5,53500,4279500,0,0
2021-10-29,80.6,80.8,79.7,80.7,66000,5295600,0,0
2021-11-01,81.9,82.4,81.7,82.3,248500,20326600,0,0
2021-11-02,83.1,83.2,81.5,81.6,120000,9872600,0,0
2021-11-04,82.2,82.4,81.5,82,84000,6887500,0,0
2021-11-05,82.3,82.3,81,81.1,132500,10807800,0,0
2021-11-08,81.9,81.9,81.6,81.6,77500,6338300,0,0
2021-11-09,82,82,80.6,80.6,56500,4593400,0,0
2021-11-10,80.7,80.7,79.5,79.5,53500,4278750,0,0
2021-11-11,79.7,80.7,79.7,80.4,25500,2047000,0,0
2021-11-12,81.2,82,81.2,81.5,39500,3217650,0,0
2021-11-15,82,82,81.2,81.2,27500,2244900,0,0
2021-11-16,81.8,82.3,81.5,82,51500,4214550,0,0
2021-11-17,82,82,81.3,81.3,45500,3708650,0,0
2021-11-18,80.9,81,80.5,81,39500,3189750,0,0
2021-11-19,81.3,82.2,81.3,82.2,35500,2906650,0,0
2021-11-22,82.2,82.4,81.8,82.1,67500,5548850,0,0
2021-11-24,82.7,83.3,82.1,82.2,103000,8545400,0,0
2021-11-25,82.5,83.2,82.5,82.9,44000,3648250,0,0
2021-11-26,83.3,83.3,80.9,81.4,75500,6172500,0,0
2021-11-29,79.76,81.3,79.42,79.48,119500,9550530,0,0
2021-11-30,80.88,80.9,78.68,78.72,63500,5046640,0,0
2021-12-01,79.02,80.4,78.04,80.4,176500,13884250,0,0
2021-12-02,80.4,80.4,78.58,78.74,65000,5129610,0,0
2021-12-03,79.22,80.08,79.02,80.08,44000,3496120,0,0
2021-12-06,80.38,80.5,79.9,80.02,30000,2407720,0,0
2021-12-07,80.46,82.46,80.46,82.46,40500,3298090,0,0
2021-12-08,82.38,82.68,81.82,82.48,67000,5509190,0,0
2021-12-09,82.48,82.48,81.4,81.6,35500,2899770,0,0
2021-12-10,81.88,81.9,81.1,81.1,41000,3346180,0,0
2021-12-13,82.06,82.08,81.14,81.14,48500,3951050,0,0
2021-12-14,81.38,81.38,81.1,81.3,32000,2597670,0,0
2021-12-15,80.96,81.72,80.78,81.52,26500,2154250,0,0
2021-12-16,82.58,82.7,82.42,82.46,56500,4664980,0,0
2021-12-17,82.36,83.2,82.26,82.42,75500,6229050,0,0
2021-12-20,81.84,81.84,80.78,80.78,79000,6421240,0,0
2021-12-21,82.18,82.18,81.62,81.92,48000,3935190,0,0
2021-12-22,82.38,82.5,81.8,81.8,36500,2995850,0,0
2021-12-23,82.48,83,82.48,83,49000,4060100,0,0
2021-12-24,83.14,83.46,83,83.08,12000,998250,0,0
2021-12-27,83.16,83.16,82.54,82.76,34000,2822420,0,0
2021-12-28,82.84,83.94,82.84,83.68,34000,2842050,0,0
2021-12-29,84.92,84.92,83.68,83.78,35500,2980310,0,0
2021-12-30,83.82,84.18,83.8,83.84,24000,2014000,0,0
2022-01-04,84.92,84.92,83.86,84.66,222500,18811600,0,0
2022-01-05,85.44,85.96,85.06,85.94,136500,11663780,0,0
2022-01-06,84.66,85.86,84.4,84.62,150500,12779720,0,0
2022-01-07,84.68,85.04,84,84.18,244000,20632230,0,0
2022-01-11,84.16,84.28,83.2,83.98,131000,10979640,0,0
2022-01-12,84.5,85.24,84.38,85.2,94000,7970800,0,0
2022-01-13,85.3,86.5,85.3,86.4,147000,12658980,0,0
2022-01-14,85.7,85.7,84.44,84.96,128000,10890980,0,0
2022-01-17,85.6,86.24,85.28,85.28,72500,6215130,0,0
2022-01-18,85.78,85.8,84.58,84.68,107000,9119820,0,0
2022-01-19,83.44,84.52,82.88,83.06,115000,9599100,0,0
2022-01-20,83.06,84.4,83.06,84.4,89000,7461750,0,0
2022-01-21,83.84,84.04,83.04,84.04,58500,4878580,0,0
2022-01-24,84.02,84.38,83.4,84.38,36500,3063050,0,0
2022-01-25,83.9,83.9,82.38,83.18,82500,6839280,0,0
2022-01-26,82.6,83.58,82.54,83.5,35000,2904980,0,0
2022-01-27,83.84,84.38,81.74,81.9,152500,12592620,0,0
2022-01-28,82.36,84.7,82.36,83.76,93000,7739420,0,0
2022-01-31,83.42,84.22,83.1,84.22,72000,6022400,0,0
2022-02-01,84.52,84.52,83.66,83.8,18500,1559560,0,0
2022-02-02,83.74,85.66,83.74,85.2,67000,5683040,0,0
2022-02-03,85.7,86.7,84.7,84.78,201000,17317260,0,0
2022-02-04,85.7,86.04,84.6,85.7,197500,16884410,0,0
2022-02-07,85.74,86.04,84.8,85.78,102500,8760130,0,0
2022-02-08,86.46,88.9,86.18,88.9,77000,6698950,0,0
2022-02-09,87,88.02,87,87.72,100000,8756850,0,0
2022-02-10,88.46,88.46,87.6,88.16,50000,4400060,0,0
2022-02-14,87.58,88.26,87,88,107500,9434450,0,0
2022-02-15,87.92,88.52,86.38,86.62,216500,18967300,0,0
2022-02-16,88.02,88.02,87.46,87.86,71500,6272010,0,0
2022-02-17,88.34,89.02,88.3,88.98,445000,39501010,0,0
2022-02-18,87.76,89.12,87.76,88.84,116500,10329060,0,0
2022-02-21,88.48,88.48,87.62,88.28,88500,7805720,0,0
2022-02-22,87.22,87.3,86.32,87.06,147500,12814010,0,0
2022-02-24,85.84,85.84,84.02,84.98,376500,31920660,0,0
2022-02-25,85.2,86.78,85.2,86.74,177500,15316700,0,0
2022-02-28,86.54,86.6,84.74,86.6,251000,21448060,0,0
2022-03-01,87.7,87.7,86.2,86.3,120000,10398230,0,0
2022-03-02,86.02,86.96,85.4,86.12,136000,11736450,0,0
2022-03-03,87.76,88.8,87.76,88.66,135000,11915320,0,0
2022-03-04,88.82,89.3,87.48,88.3,149500,13185370,0,0
2022-03-07,89.7,89.96,88.44,89.44,250500,22347790,0,0
2022-03-08,89.28,89.28,85.48,85.48,321000,28005660,0,0
2022-03-09,85.94,87.16,85.9,85.9,141500,12258280,0,0
2022-03-10,86.16,88.36,86.16,88.18,134500,11814470,0,0
2022-03-11,88.12,89.3,88.12,89.3,512000,45345240,0,0
2022-03-14,89.2,89.82,88.9,89.54,220500,19707430,0,0
2022-03-15,90.36,90.36,88.2,88.5,199000,17770160,0,0
2022-03-16,89.44,89.86,89,89.48,121000,10811870,0,0
2022-03-17,90.32,91.16,90.26,90.82,171500,15531940,0,0
2022-03-18,90.82,91.86,90.82,91.34,153500,14051230,0,0
2022-03-22,92.54,95.22,92.54,94.96,324000,30626060,0,0
2022-03-23,95.52,96.2,94.34,95.86,169000,16135540,0,0
2022-03-24,95.26,96.4,95.26,96.3,604000,57980440,0,0
2022-03-25,96.94,97.44,96.76,97.1,192000,18637050,0,0
2022-03-28,97.52,97.92,96.2,96.72,370500,35961260,0,0
2022-03-29,97.44,97.44,96.04,96.04,160500,15543770,0,0
2022-03-30,97.42,97.42,95.58,96.52,282500,27220940,0,0
2022-03-31,96.54,97.7,96.36,96.44,275500,26696940,0,0
2022-04-01,95.7,96,94.86,95.7,314000,29912840,0,0
2022-04-04,95.68,95.82,95.2,95.32,46500,4440210,0,0
2022-04-05,95.82,96,94,94.26,174500,16562200,0,0
2022-04-06,93.84,94.26,93.44,93.44,273500,25677250,0,0
2022-04-07,92.48,92.5,91.04,92.12,538500,49399170,0,0
2022-04-08,93.52,94,90.48,90.94,334500,30719500,0,0
2022-04-11,91.48,92.16,91.2,91.64,115500,10588880,0,0
2022-04-12,91.5,91.5,90.4,90.66,111500,10123960,0,0
2022-04-13,91.44,92.62,90.9,92.56,264000,24335800,0,0
2022-04-14,93.96,93.96,93.22,93.92,89500,8384460,0,0
2022-04-15,92.88,94.04,92.56,93.48,166000,15479880,0,0
2022-04-18,93.3,93.66,92.4,93.22,110500,10283600,0,0
2022-04-19,94.26,94.52,93.68,94.48,135500,12738520,0,0
2022-04-20,95.32,95.38,94.62,94.88,105000,9974150,0,0
2022-04-21,94.42,95.04,94.42,94.62,169000,15979860,0,0
2022-04-22,93.9,94.3,93.62,93.66,80500,7561080,0,0
2022-04-25,92.2,92.8,91.54,92.08,163000,15036300,0,0
2022-04-26,93.04,93.28,91.28,91.48,64500,5929720,0,0
2022-04-27,90.08,90.72,89.9,90.3,165000,14891150,0,0
2022-04-28,91.34,93.24,91.3,91.98,52500,4841360,0,0
2022-05-02,93.38,93.88,92.42,93.2,1102500,102911680,0,0
2022-05-06,93.78,95.44,93.66,94.8,201000,19077070,0,0
2022-05-09,95.78,95.78,92.26,92.54,293500,27277680,0,0
2022-05-10,91.14,91.14,88.74,88.94,353500,31821300,0,0
2022-05-11,87.86,87.86,86.4,87.58,302500,26479680,0,0
2022-05-12,87.36,88.9,87.36,87.58,301000,26543490,0,0
2022-05-13,87.42,88.76,87.34,88.38,71000,6244080,0,0
2022-05-16,89.78,89.78,87.5,87.62,111000,9825760,0,0
2022-05-17,88.06,88.76,88.02,88.44,77000,6807200,0,0
2022-05-18,89.5,89.5,88.7,89.24,62000,5526320,0,0
2022-05-19,87.86,89.32,87.86,88.66,98000,8654900,0,0
2022-05-20,89.02,89.94,88.6,89.74,116500,10438420,0,0
2022-05-23,90.06,90.28,89.66,89.94,128000,11513890,0,0
2022-05-24,90.28,90.72,89.9,89.9,119000,10749390,0,0
2022-05-25,90.56,91.06,90.26,90.84,70500,6396010,0,0
2022-05-26,91.28,91.7,90.44,90.5,260500,23775610,0,0
2022-05-27,91.6,91.6,90.3,90.3,246000,22295330,0,0
2022-05-30,91.64,92.04,91.08,91.82,180500,16529710,0,0
2022-05-31,91.8,92.42,90.94,91.02,121000,11103460,0,0
2022-06-01,91.28,92.48,91.16,92.48,36500,3362740,0,0
2022-06-02,92.64,92.64,91.98,92.22,36500,3367560,0,0
2022-06-03,93.46,93.46,91.74,91.94,84000,7766780,0,0
2022-06-06,91.78,92.74,91.16,92.68,126000,11602410,0,0
2022-06-07,93,93.88,93,93.56,130000,12164210,0,0
2022-06-08,94,96,93.98,96,224500,21370880,0,0
2022-06-09,95.78,97.14,95.7,96.52,115000,11063300,0,0
2022-06-10,95.9,96.24,95.12,95.12,156000,14928980,0,0
2022-06-13,93.72,94.08,92.72,93.1,322000,30081640,0,0
2022-06-14,91.7,92.02,91.04,92,285500,26119290,0,0
2022-06-15,91.36,91.84,90.02,90.06,196000,17847320,0,0
2022-06-16,91.16,92.08,90.66,90.88,244000,22342160,0,0
2022-06-17,88.58,90.02,88.38,89.58,191000,17012220,0,0
2022-06-20,89.24,89.28,86.8,87.22,257000,22567540,0,0
2022-06-21,88.62,90,87.6,90,141500,12551730,0,0
2022-06-22,89.1,89.1,86.94,86.94,321500,28189010,0,0
2022-06-23,86.74,87.48,85.52,85.6,167000,14420310,0,0
2022-06-24,85.6,85.98,84.66,85.98,220000,18792190,0,0
2022-06-27,87.38,87.38,86.2,87,157000,13645630,0,0
2022-06-28,87.42,88.4,87.3,88.4,201500,17722550,0,0
2022-06-29,88.44,89.1,88.28,88.4,92500,8202580,0,0
2022-06-30,87.9,88.54,87.28,87.32,97500,8571680,0,0
2022-07-01,86.8,86.8,84.8,85.26,459000,39322900,0,0
2022-07-04,86.4,87.26,86.32,87.2,148500,12906170,0,0
2022-07-05,88.16,88.16,87.6,87.88,170500,14983400,0,0
2022-07-06,85.32,85.78,84.56,84.94,368500,31389180,0,0
2022-07-07,85.62,86.02,84.56,85.56,149000,12698920,0,0
2022-07-08,86.86,87.68,86.42,86.86,176500,15391840,0,0
2022-07-11,88.22,88.22,87.5,87.84,161000,14149140,0,0
2022-07-12,87.68,87.68,86.4,86.46,603500,52289170,0,0
2022-07-13,86.3,86.42,85.98,86.04,654500,56379510,0,0
2022-07-14,84.52,85.76,84.3,85.76,262000,22269310,0,0
2022-07-15,85.5,85.8,85,85.52,130500,11159420,0,0
2022-07-19,86.7,86.84,86.24,86.3,312500,27082420,0,0
2022-07-20,87.7,88.28,87.24,88.26,449500,39466870,0,0
2022-07-21,87.86,87.96,87.58,87.92,33500,2942390,0,0
2022-07-22,87.46,87.86,87.32,87.6,24000,2101110,0,0
2022-07-25,87.02,87.68,87.02,87.46,20500,1788080,0,0
2022-07-26,87.86,88.32,87.74,87.74,289000,25475900,0,0
2022-07-27,87.28,87.88,87.28,87.88,24000,2100170,0,0
2022-07-28,88.28,88.28,87.48,87.92,38500,3380740,0,0
2022-07-29,87.72,88.02,87.34,87.36,88500,7779870,0,0
2022-08-01,88.36,89.72,88.34,89.72,437000,39006660,0,0
2022-08-02,88.82,88.82,87.36,87.76,3348000,295420670,0,0
2022-08-03,88,88.74,88,88.74,247000,21769170,0,0
2022-08-04,88.58,88.58,87.66,88.2,83000,7313340,0,0
2022-08-05,88.06,89.36,87.7,89.12,753500,67243030,0,0
2022-08-08,89.12,90.02,89.12,89.9,116000,10411640,0,0
2022-08-09,89.88,90.2,88.88,88.88,36500,3273300,0,0
2022-08-10,89.1,89.3,88.82,88.88,42000,3740150,0,0
2022-08-12,90.12,91.14,90.12,91.12,155500,14116330,0,0
2022-08-15,91.5,91.5,91.04,91.26,82000,7480510,0,0
2022-08-16,90.98,91.08,90.8,91.02,19000,1728470,0,0
2022-08-17,91.48,92.42,91.48,92.36,169500,15598080,0,0
2022-08-18,92.3,92.3,91.6,91.7,25500,2342150,0,0
2022-08-19,92.42,92.5,92.16,92.42,19500,1801700,0,0
2022-08-22,92.42,93.2,92.22,92.98,133000,12323130,0,0
2022-08-23,92.98,92.98,92.42,92.42,18000,1668160,0,0
2022-08-24,92.96,93.72,92.94,93.3,101000,9422350,0,0
2022-08-25,93.52,94.12,93.48,93.82,67500,6339940,0,0
2022-08-26,94.54,95.2,94.5,94.5,128500,12171650,0,0
2022-08-29,92.96,93.76,92.96,93.44,109500,10211180,0,0
2022-08-30,93.98,95.22,93.98,95.18,58500,5551740,0,0
2022-08-31,94.12,94.46,93.84,94.06,111500,10493080,0,0
2022-09-01,93.22,93.46,91.46,91.46,230000,21207960,0,0
2022-09-02,91.6,91.6,90.02,90.8,124500,11293250,0,0
2022-09-05,91.04,91.56,90.88,91.32,75000,6850530,0,0
2022-09-06,92.02,92.02,91.32,91.32,14000,1280630,0,0
2022-09-07,91,91.02,90.22,90.76,57500,5215700,0,0
2022-09-08,91.6,92.34,91.3,92.26,31000,2849000,0,0
2022-09-09,93.6,93.6,92.26,92.74,88000,8181710,0,0
2022-09-12,93.74,93.88,93.1,93.26,32500,3035840,0,0
2022-09-13,93.4,93.94,93.32,93.78,50000,4684800,0,0
2022-09-14,92.58,93.3,92.22,92.84,31500,2922630,0,0
2022-09-15,92.5,92.88,92.5,92.78,38000,3522690,0,0
2022-09-16,92.42,92.78,92.16,92.2,23000,2122830,0,0
2022-09-20,93.18,93.32,93.06,93.1,30000,2794660,0,0
2022-09-21,92.14,92.2,91.46,91.78,49000,4502820,0,0
2022-09-22,90.8,92.22,90.8,91.98,91000,8333480,0,0
2022-09-26,90.04,90.24,88.26,88.3,189500,16897860,0,0
2022-09-27,88.32,89.4,88.32,88.62,29500,2623670,0,0
2022-09-28,88.32,88.72,87.42,88.24,79500,7002760,0,0
2022-09-29,89.6,90.06,88.82,90.06,42000,3762790,0,0
2022-09-30,89.62,89.64,88,88.28,42500,3758680,0,0
2022-10-03,88.54,89.16,87.6,89.16,73000,6445270,0,0
2022-10-04,90.56,93.82,90.56,93.64,370000,34410820,0,0
2022-10-05,94.52,94.8,93.8,93.8,57500,5424610,0,0
2022-10-06,94.2,95.24,94.2,94.44,75000,7107730,0,0
2022-10-07,93.04,93.98,93.04,93.62,91500,8579000,0,0
2022-10-11,92.44,92.66,91.78,91.92,77500,7146210,0,0
2022-10-12,91.56,91.6,90.8,91.54,58500,5341490,0,0
2022-10-13,91.08,91.08,90.16,90.16,60500,5472480,0,0
2022-10-14,92.02,93.24,91.72,92.74,76000,7042400,0,0
2022-10-17,91.6,91.6,90.96,90.96,30500,2779880,0,0
2022-10-18,91.78,91.86,91.36,91.68,39500,3623380,0,0
2022-10-19,91.66,92,90.7,91.78,46000,4229890,0,0
2022-10-20,91.06,91.66,91.06,91.66,101500,9277140,0,0
2022-10-21,92.06,92.06,90.68,90.68,15000,1369220,0,0
2022-10-24,91.84,92.18,91.4,91.4,43000,3950540,0,0
2022-10-25,91.66,92.54,91.66,92.52,29000,2673270,0,0
2022-10-26,92.8,92.88,92.52,92.58,32000,2965040,0,0
2022-10-27,92.8,92.8,91.76,91.76,6500,598000,0,0
2022-10-28,91.32,91.5,91,91.14,36000,3281820,0,0
2022-10-31,91.98,92.22,91.98,92.1,10500,965980,0,0
2022-11-01,93.42,95.28,93.4,95.28,1201000,113505870,0,0
2022-11-02,95.74,96.52,95.42,95.92,107500,10311060,0,0
2022-11-04,95.92,97.16,95.76,96.28,719500,69299940,0,0
2022-11-07,97.26,98.2,97,98.06,238500,23336200,0,0
2022-11-08,98.76,99.52,98.46,98.78,1151500,114309940,0,0
2022-11-09,99.46,99.74,98.34,99.36,130500,12972860,0,0
2022-11-10,99,99.86,98.8,99.7,163500,16283720,0,0
2022-11-11,101,101,100.2,100.64,916000,92207300,0,0
2022-11-14,100.48,100.6,99.08,99.56,431500,43055300,0,0
2022-11-15,99.1,100.32,99.1,100,41500,4136450,0,0
2022-11-16,100.2,101.3,100.2,101.06,89500,9030530,0,0
2022-11-17,100.84,100.84,99.98,100.14,61000,6130840,0,0
2022-11-18,99.22,100.66,96.26,100.16,78500,7833170,0,0
2022-11-21,100.2,101.94,100.2,101.08,103000,10413790,0,0
2022-11-22,101.9,103.5,101.9,103,216500,22202270,0,0
2022-11-24,104.24,105.78,104.24,105.64,301000,31640520,0,0
2022-11-25,105.42,105.42,104.98,105.28,117500,12376070,0,0
2022-11-28,105.6,105.62,103.84,104.32,96000,10034180,0,0
2022-11-29,104.32,104.32,103,103.4,84500,8736790,0,0
2022-11-30,104.08,104.08,102.92,103.36,48500,5008380,0,0
2022-12-01,103.5,103.5,102.6,102.6,170500,17593260,0,0
2022-12-02,103.16,103.16,100.02,100.5,84000,8461780,0,0
2022-12-05,102.5,102.5,100.22,100.6,88000,8930110,0,0
2022-12-06,100.84,101.92,100.84,101.8,972500,98821450,0,0
2022-12-07,101.28,102.2,101.28,101.82,55500,5654420,0,0
2022-12-08,101.62,102.16,101.32,102.04,554000,56255330,0,0
2022-12-09,102.66,103.9,102.66,103.08,88500,9138050,0,0
2022-12-12,102.78,102.78,102.3,102.34,26500,2718550,0,0
2022-12-13,103.22,103.76,101.72,101.72,93500,9619250,0,0
2022-12-14,102.86,103.48,102.86,103.48,42000,4330170,0,0
2022-12-15,103.48,104.3,103.06,103.92,100500,10426270,0,0
2022-12-16,103.28,103.4,102.26,102.42,172500,17796310,0,0
2022-12-19,101.86,102.2,101.7,102.02,50000,5097070,0,0
2022-12-20,102.24,103.16,100.1,101,125500,12640670,0,0
2022-12-21,100.48,101.14,99.92,100.28,630000,63328100,0,0
2022-12-22,100.5,101.1,100.5,100.96,40000,4028950,0,0
2022-12-23,100.14,100.16,99.54,99.64,68500,6842050,0,0
2022-12-26,100.3,100.92,100.2,100.82,585000,58768350,0,0
2022-12-27,101.58,101.58,100.94,101.12,39000,3942740,0,0
2022-12-28,101.18,101.18,100.6,101.12,17000,1716790,0,0
2022-12-29,99.56,100.36,99.14,100.22,58500,5837640,0,0
2022-12-30,100.58,100.76,100.24,100.3,17000,1707460,0,0
2023-01-04,99.38,99.38,97.88,98.04,215500,21198780,0,0
2023-01-05,98.2,98.2,97.18,97.76,81500,7961340,0,0
2023-01-06,97.42,97.76,97.12,97.2,88500,8636380,0,0
2023-01-10,98,98.34,97.7,97.9,24000,2353750,0,0
2023-01-11,98.3,99.02,98.3,98.82,22500,2225210,0,0
2023-01-12,99.08,99.58,99.04,99.44,173500,17237870,0,0
2023-01-13,99.38,99.66,99.06,99.18,45000,4469590,0,0
2023-01-16,98.7,98.7,97.84,98.36,31000,3052060,0,0
2023-01-17,98.86,99.4,98.84,99.4,10500,1040200,0,0
2023-01-18,99.62,101,99.3,100.92,128500,12934980,0,0
2023-01-19,100.26,100.5,99.74,99.78,26000,2602070,0,0
2023-01-20,99.86,100.46,99.84,100.46,41500,4158200,0,0
2023-01-23,101.14,101.54,100.8,101.28,51500,5209330,0,0
2023-01-24,101.8,103.34,101.8,103.3,61000,6280120,0,0
2023-01-25,102.58,103.26,102.58,103.08,34000,3495550,0,0
2023-01-26,103.46,103.48,102.62,103,58000,5983160,0,0
2023-01-27,103.9,103.9,103.26,103.56,61500,6362880,0,0
2023-01-30,103.4,103.4,102.4,102.4,156000,16033070,0,0
2023-01-31,102.44,103,102.2,102.46,126500,13009080,0,0
2023-02-01,103.56,103.56,102.82,102.98,29500,3045510,0,0
2023-02-02,103.1,103.1,101.28,101.5,340500,34553190,0,0
2023-02-03,101.04,101.62,100,101.62,80000,8065440,0,0
2023-02-06,103.4,104.16,103.36,103.78,459000,47515050,0,0
2023-02-07,104.16,104.8,103.94,104.22,62000,6459920,0,0
2023-02-08,104.9,105.1,104.1,104.58,43000,4498990,0,0
2023-02-09,104.46,105.46,104.32,105.38,128500,13487510,0,0
2023-02-10,105.42,106.6,105,105,561500,59299900,0,0
2023-02-13,105.66,105.66,104.42,104.94,67000,7034300,0,0
2023-02-14,105.56,105.92,105.2,105.42,28500,3007990,0,0
2023-02-15,105.9,105.92,104.72,104.72,50000,5263130,0,0
2023-02-16,105.44,105.44,104.86,105.18,32500,3418810,0,0
2023-02-17,104.38,105.26,104.38,105.26,28000,2934130,0,0
2023-02-20,105.3,105.3,104.9,105,80500,8450160,0,0
2023-02-21,105.2,106.16,105.2,105.82,97500,10318370,0,0
2023-02-22,105.54,105.56,104.6,104.8,123000,12915320,0,0
2023-02-24,104.9,105.98,104.68,104.8,92000,9655330,0,0
2023-02-27,104.58,106,104.58,106,76000,7992260,0,0
2023-02-28,105.74,105.74,104.44,104.44,73500,7730510,0,0
2023-03-01,104.7,106.5,104.7,106.28,82500,8742550,0,0
2023-03-02,106.7,107.8,106.6,106.84,65000,6971650,0,0
2023-03-03,107.84,109.4,107.78,109.2,130000,14122170,0,0
2023-03-06,110.16,111.54,110.16,111.1,255500,28217330,0,0
2023-03-07,111.18,111.9,110.7,111.62,132500,14751890,0,0
2023-03-08,111.48,111.8,111.14,111.48,149000,16618650,0,0
2023-03-09,112.04,112.68,112,112.68,85500,9594250,0,0
2023-03-10,110.74,111.88,110.26,110.5,486500,53950370,0,0
2023-03-13,108.6,108.74,107.24,108.54,597500,64660500,0,0
2023-03-14,106.54,106.54,104.14,104.84,286500,30125670,0,0
2023-03-15,106.62,106.66,105.7,105.96,101500,10776640,0,0
2023-03-16,102.34,103.24,102.14,102.64,141000,14476420,0,0
2023-03-17,103.66,104,103.12,103.96,65000,6733030,0,0
2023-03-20,103,103.84,102.3,102.42,124000,12780010,0,0
2023-03-22,104.26,104.44,103.8,104.2,155500,16176410,0,0
2023-03-23,102.92,104.1,102.78,104.1,117000,12160710,0,0
2023-03-24,103.42,103.44,102.8,103.44,1298500,133800410,0,0
2023-03-27,104.16,104.66,103.62,104.66,27500,2869950,0,0
2023-03-28,105.38,105.7,104.8,105.44,57000,6001210,0,0
2023-03-29,105.44,106.74,104.98,106.74,122500,12954410,0,0
2023-03-30,107.3,107.54,106.52,107.34,66500,7112530,0,0
2023-03-31,108,110.44,108,110.1,225000,24630030,0,0
2023-04-03,110.62,110.62,110,110.48,126000,13915610,0,0
2023-04-04,110.88,111.3,110.6,110.6,96500,10711190,0,0
2023-04-05,109.14,109.22,107.58,107.78,125500,13583640,0,0
2023-04-06,106.86,107.52,106.56,106.94,85000,9096830,0,0
2023-04-07,107.02,107.42,107.02,107.24,28000,3000510,0,0
2023-04-10,108,108.2,107.64,107.94,179500,19358740,0,0
2023-04-11,108.82,111.4,108.44,110.48,158500,17439980,0,0
2023-04-12,111.86,112.68,111.44,112.48,1057500,118625770,0,0
2023-04-13,112.66,112.86,111.54,112.48,366000,41119330,0,0
2023-04-14,113.78,115.36,113.1,114.92,371500,42572680,0,0
2023-04-17,114.8,114.8,113.46,114.18,360000,41078650,0,0
2023-04-18,114.48,115.44,114.16,114.92,202000,23236800,0,0
2023-04-19,116,116.4,114.56,114.96,634500,72947080,0,0
2023-04-20,114.56,114.56,113.66,114.44,191000,21813220,0,0
2023-04-21,114.6,115.08,114.34,114.46,189000,21678030,0,0
2023-04-24,114.68,114.68,114.08,114.4,91500,10463720,0,0
2023-04-25,114.74,115.4,114.44,114.5,242500,27906070,0,0
2023-04-26,113.34,113.66,113,113.58,772500,87534420,0,0
2023-04-27,112.62,114.12,112.62,114.04,214500,24229850,0,0
2023-04-28,114.84,115,113.7,114.54,282000,32229370,0,0
2023-05-01,116.22,116.46,115.84,116.46,342500,39804270,0,0
2023-05-02,116.74,116.78,115.16,115.58,216500,25098230,0,0
2023-05-08,116,116.3,115.58,115.9,329500,38200430,0,0
2023-05-09,115.9,118.84,115.58,118.56,435500,51199030,0,0
2023-05-10,120.16,120.34,118.54,118.96,339000,40454120,0,0
2023-05-11,118.26,118.42,117.5,118.42,363000,42817760,0,0
2023-05-12,118.42,118.8,118.02,118.8,312000,36944250,0,0
2023-05-15,119.18,119.6,119,119.52,155000,18487590,0,0
2023-05-16,120.34,120.34,119.38,119.7,1327000,158721340,0,0
2023-05-17,120,122.4,119.4,120.8,718500,86660040,0,0
2023-05-18,123.26,124.94,122.46,124.8,274500,33926170,0,0
2023-05-19,122.8,123.58,121.86,122.08,856000,105115300,0,0
2023-05-22,121.46,122.8,121.18,122.76,484000,59103470,0,0
2023-05-23,123.4,124.26,121.4,121.92,818500,101035000,0,0
2023-05-24,121.28,122.44,121.28,121.84,460000,56083450,0,0
2023-05-25,121.26,121.82,121,121.6,192000,23313950,0,0
2023-05-26,121.88,123.12,121.88,122.58,531000,65122940,0,0
2023-05-29,125,126.26,124.84,125.4,422000,52926960,0,0
2023-05-30,125.44,125.86,124.42,125.68,170000,21272240,0,0
2023-05-31,124.42,124.42,120.6,122.08,723000,88536090,0,0
2023-06-01,121.22,124.8,121.22,124,243500,29757310,0,0
2023-06-02,123.72,124.1,122.94,124.02,471500,58253240,0,0
2023-06-05,126.96,127.32,126.48,127,666000,84530530,0,0
2023-06-06,125.44,130.2,125.44,130.2,602000,76832750,0,0
2023-06-07,130.42,130.76,127.72,129.08,906000,117082300,0,0
2023-06-08,128,129.88,127.5,128.44,612000,78739840,0,0
2023-06-09,130.06,132.4,129.66,132.4,905000,118765720,0,0
2023-06-12,132.48,133.24,132.14,133.24,789500,104793860,0,0
2023-06-13,133.7,136.18,133.7,135.56,912000,123081810,0,0
2023-06-14,137.76,140.64,137.56,140.64,1340500,186458030,0,0
2023-06-15,139.08,141.08,138.4,140.1,1492000,208528900,0,0
2023-06-16,139.88,143.78,139,143.7,2218500,312964110,0,0
2023-06-19,142.84,142.84,140.16,141.9,1918000,271299760,0,0
2023-06-20,143.64,146.34,142.36,145.3,2159000,311427140,0,0
2023-06-21,142.82,153,142.14,153,1836500,269445130,0,0
2023-06-22,147,149.9,145.26,147,2909500,427855970,0,0
2023-06-23,147.86,147.86,140.1,144.88,2418000,347040610,0,0
2023-06-26,139.98,141.8,138.42,140.74,2484500,349877690,0,0
2023-06-27,140.7,141.46,137.7,139.02,1036500,144015060,0,0
2023-06-28,140.8,142.2,139.2,141.9,2103000,297097200,0,0
2023-06-29,143.82,143.82,141.28,142,879000,125329120,0,0
2023-06-30,140.9,141.3,139.68,140.4,595500,83544710,0,0
2023-07-03,141.3,143.22,141.3,143,593500,84657270,0,0
2023-07-04,143.12,143.12,141.06,141.78,2647500,375156290,0,0
2023-07-05,140.86,141.72,140.26,141.72,415500,58642280,0,0
2023-07-06,140.6,140.96,138.98,139.82,772000,107966590,0,0
2023-07-07,138,139.06,137.22,138.14,648000,89646510,0,0
2023-07-10,138.54,139.44,137.02,137.32,784000,108105050,0,0
2023-07-11,138.66,138.92,137.36,137.88,958000,132666220,0,0
2023-07-12,138.24,138.24,134.5,134.78,983000,133338350,0,0
2023-07-13,133.68,135.78,131.78,135.12,1497500,200917360,0,0
2023-07-14,134.82,135.5,132.96,134.6,448500,60072290,0,0
2023-07-18,134.32,136.32,134.32,134.4,1875000,253660820,0,0
2023-07-19,136.4,137.98,136.4,137.78,452500,62153780,0,0
2023-07-20,138,138.4,137.06,137.8,239500,33018610,0,0
2023-07-21,137.46,138.2,136.8,138.08,209500,28809060,0,0
2023-07-24,138.96,139.36,138.6,138.98,355000,49310520,0,0
2023-07-25,139.04,139.76,138.74,139.74,548500,76452540,0,0
2023-07-26,140,140,138.96,139.34,301500,42012570,0,0
2023-07-27,138.96,140.04,138.7,140.02,266500,37101750,0,0
2023-07-28,139.3,139.62,136.72,138.88,399500,55134390,0,0
2023-07-31,141.26,143.1,141.16,142.6,1100000,156514710,0,0
2023-08-01,143.26,144.52,140.76,143.7,829500,118899880,0,0
2023-08-02,141.32,142.68,140.5,140.86,743000,104952500,0,0
2023-08-03,139.22,140.02,138.62,138.7,403000,56086770,0,0
2023-08-04,137.98,140.98,137.82,140.54,279500,39074420,0,0
2023-08-07,138.92,139.78,138.16,139.68,281500,39093500,0,0
2023-08-08,140.4,141.36,140.4,140.78,170500,24002390,0,0
2023-08-09,141.38,141.62,140.88,141.08,219500,31009270,0,0
2023-08-10,140.94,142.82,140.94,142.7,317500,45084670,0,0
2023-08-14,142.7,143.1,140.64,141.14,264500,37463790,0,0
2023-08-15,142.18,142.6,141.66,141.78,158500,22512880,0,0
2023-08-16,140.64,140.64,138.16,138.42,721500,100221750,0,0
2023-08-17,137.32,137.4,134.44,136.04,734000,99659030,0,0
2023-08-18,135.3,136.9,135.3,136.34,253500,34589910,0,0
2023-08-21,136.46,137.12,135.44,136,118500,16160230,0,0
2023-08-22,137.08,138.56,137.08,138.26,219000,30262950,0,0
2023-08-23,137.04,137.92,137.04,137.92,186500,25654600,0,0
2023-08-24,138.04,138.4,137.64,138.16,206000,28413000,0,0
2023-08-25,136.34,136.92,136.22,136.86,158500,21643890,0,0
2023-08-28,137.88,139,137.6,138.94,187000,25884860,0,0
2023-08-29,139.38,139.38,138.46,138.62,164000,22753790,0,0
2023-08-30,139.34,139.58,138.74,138.74,116500,16220430,0,0
2023-08-31,138.74,140.62,138.74,140.4,325000,45430210,0,0
2023-09-01,140.4,143.1,140.4,142.74,443000,63149220,0,0
2023-09-04,143.3,145.6,142.92,145.44,425500,61488210,0,0
2023-09-05,145.36,145.94,144.56,145.94,220000,31941970,0,0
2023-09-06,146,147.12,146,146.36,639000,93668410,0,0
2023-09-07,146.22,148,146.02,146.04,720000,105849610,0,0
2023-09-08,146.04,146.04,142.54,144.56,371000,53698630,0,0
2023-09-11,145.6,145.8,144.3,144.5,422000,61180980,0,0
2023-09-12,145.86,145.86,143.64,144.2,345500,49836040,0,0
2023-09-13,144.18,144.4,143.54,143.7,408000,58751450,0,0
2023-09-14,144.54,146,144.5,145.94,212000,30827090,0,0
2023-09-15,146.8,148.56,146.66,147.44,1679000,248236410,0,0
2023-09-19,146.8,148.4,146.8,148.3,290500,42891470,0,0
2023-09-20,148.8,149,147.02,147.2,644500,95272260,0,0
2023-09-21,146.58,147.5,145.86,145.86,149500,21913730,0,0
2023-09-22,144.48,145,143,144.18,157500,22698990,0,0
2023-09-25,145.58,145.86,144.66,145.1,135000,19612130,0,0
2023-09-26,145.92,145.92,144.1,144.76,99500,14405600,0,0
2023-09-27,144.58,144.58,142.06,144.24,343500,49261270,0,0
2023-09-28,144.48,146.34,143.4,143.78,217500,31537340,0,0
2023-09-29,143.88,144.02,140.74,141.54,292500,41497590,0,0
2023-10-02,142.28,143.6,140.52,140.86,194000,27529580,0,0
2023-10-03,139.92,139.92,137.22,137.6,518500,71664910,0,0
2023-10-04,135.6,135.6,131.86,132.62,627000,83666120,0,0
2023-10-05,132.8,134.66,131.34,134.6,514500,68334480,0,0
2023-10-06,134.62,137.14,134.62,135.3,267500,36345300,0,0
2023-10-10,140.98,141.6,139.54,141.38,324500,45625290,0,0
2023-10-11,141.14,141.3,140,140.1,161000,22669820,0,0
2023-10-12,140.1,142.34,140.1,142.24,145000,20517670,0,0
2023-10-13,140.86,141.84,140.44,140.92,131000,18451540,0,0
2023-10-16,140.52,140.74,139.56,139.58,118500,16593530,0,0
2023-10-17,141.26,141.96,140,140.36,170000,23895120,0,0
2023-10-18,141.18,141.72,140.2,141.26,70000,9876140,0,0
2023-10-19,139.62,139.62,137.88,138.36,266000,36828270,0,0
2023-10-20,137.62,139.22,136.8,138.98,171500,23673360,0,0
2023-10-23,137.78,138.14,136.76,136.76,82500,11328990,0,0
2023-10-24,137.44,137.82,134.3,137.14,338000,45912420,0,0
2023-10-25,137.7,140.12,137.7,138.88,169500,23595380,0,0
2023-10-26,137.54,138.64,136.28,136.8,133000,18257530,0,0
2023-10-27,138.8,139.76,137.92,139.58,343500,47747070,0,0
2023-10-30,137.58,139.56,136.64,137.2,205000,28115380,0,0
2023-10-31,138.14,138.14,135.98,138,172000,23596240,0,0
2023-11-01,141.7,143,140.8,141.74,371500,52674270,0,0
2023-11-02,143,143.36,140.42,141.86,387000,55189920,0,0
2023-11-06,144.58,145.54,144,144.48,490500,71055560,0,0
2023-11-07,145.1,145.8,144.04,144.28,360500,52235880,0,0
2023-11-08,144.18,144.18,140.38,141.28,625500,88460400,0,0
2023-11-09,141.74,144.32,141.3,143.86,662500,94896710,0,0
2023-11-10,142.98,145.46,142.98,145.3,388000,56235680,0,0
2023-11-13,146.66,146.94,144.86,145.3,200500,29237900,0,0
2023-11-14,146.18,146.76,145.4,145.48,97500,14231310,0,0
2023-11-15,147.66,147.66,146.52,146.7,424000,62312310,0,0
2023-11-16,146.7,147.16,144.9,145.8,189500,27668610,0,0
2023-11-17,145.16,147.44,144.78,147.44,442500,64678690,0,0
2023-11-20,147.44,147.66,145.1,145.26,235000,34416170,0,0
2023-11-21,143.98,144.48,141.8,142.92,414000,59102680,0,0
2023-11-22,142.4,143.7,142,143.26,164500,23581390,0,0
2023-11-24,144.56,144.56,143.64,144,366000,52738250,0,0
2023-11-27,143.9,144.02,142.88,143.32,102500,14710210,0,0
2023-11-28,143.7,143.72,142.7,143.52,159500,22840680,0,0
2023-11-29,142.48,143.18,141.76,142.06,231000,32849100,0,0
2023-11-30,141.34,141.74,139.8,141.7,290500,40937100,0,0
2023-12-01,143.08,144.16,142.98,143.68,190000,27294990,0,0
2023-12-04,142.66,142.66,141.14,142.16,183500,26055060,0,0
2023-12-05,141.78,142.2,140.84,140.84,232500,32823920,0,0
2023-12-06,141,143.6,141,143.6,321500,45927640,0,0
2023-12-07,142.34,142.34,140.72,141.28,289000,40799630,0,0
2023-12-08,140,140.12,137.16,137.58,837500,115760260,0,0
2023-12-11,140.72,144,135.46,141,592000,83148420,0,0
2023-12-12,142.32,142.32,140.5,141.3,125000,17646790,0,0
2023-12-13,140.5,140.5,139.44,139.96,336500,47075670,0,0
2023-12-14,139.8,139.8,136.6,137.4,522500,71972130,0,0
2023-12-15,137.96,139.14,137.72,138.46,305500,42346780,0,0
2023-12-18,136.96,137.92,136.4,137.7,321000,43993330,0,0
2023-12-19,137.16,139.14,136.48,138.66,192000,26419550,0,0
2023-12-20,139.2,140.66,139.1,140.2,203500,28509910,0,0
2023-12-21,138.26,138.38,137.72,138.14,160000,22098160,0,0
2023-12-22,138.02,139.28,138.02,139.06,143500,19932380,0,0
2023-12-25,140.1,140.1,138.66,138.8,117500,16346280,0,0
2023-12-26,138.76,139.28,138.76,139.14,193000,26829890,0,0
2023-12-27,139.68,140.96,139.68,140.68,333000,46715780,0,0
2023-12-28,140.68,141.08,140.58,140.64,1183500,166553530,0,0
2023-12-29,140.64,141.8,139.82,140.66,77500,10900160,0,0
2024-01-04,140.42,142.86,139,142.5,389000,54950020,0,0
2024-01-05,143,144.76,143,144.24,276500,39824980,0,0
2024-01-09,145.74,146.4,143.32,143.98,265500,38356610,0,0
2024-01-10,144.86,146.44,144.86,146.14,510500,74459270,0,0
2024-01-11,148.28,150.84,148.28,150,703500,105358910,0,0
2024-01-12,150.98,152.18,150.74,152,620000,93848850,0,0
2024-01-15,152.66,156.16,152.66,155.04,882500,136281220,0,0
2024-01-16,154.94,155.32,153.32,153.54,614000,94805270,0,0
2024-01-17,154.38,158.36,154.38,155.44,1240500,194435440,0,0
2024-01-18,156.7,156.7,154.22,154.48,454500,70722920,0,0
2024-01-19,156.14,156.36,154.78,155.3,404000,62797230,0,0
2024-01-22,155.44,157,155.3,157,1019000,158989840,0,0
2024-01-23,157.08,158.58,155.9,156.12,907500,142515560,0,0
2024-01-24,157.02,157.18,154.72,155.04,288500,44787330,0,0
2024-01-25,154.48,155.38,154.36,155.24,168500,26106680,0,0
2024-01-26,154,154.3,152.7,153,464000,71160180,0,0
2024-01-29,153.04,156,153.04,155.58,327500,50872210,0,0
2024-01-30,155.44,155.9,154.6,155.28,197500,30720070,0,0
2024-01-31,155.38,157.58,154.42,157.58,885500,138241050,0,0
2024-02-01,155.82,157.54,155.8,157.1,162000,25392550,0,0
2024-02-02,157.08,157.6,155.5,155.56,333500,52136790,0,0
2024-02-05,156.46,156.46,153.54,154.02,491000,75727330,0,0
2024-02-06,153.82,153.82,151.94,152.8,419000,63951420,0,0
2024-02-07,153.62,158,153.62,157.7,633000,99300030,0,0
2024-02-08,157.7,157.7,155.4,157.02,272500,42688190,0,0
2024-02-09,156.58,158,156.02,156.4,134000,21041310,0,0
2024-02-13,157.64,160.42,156.62,160.42,974000,155154720,0,0
2024-02-14,159.86,160.14,158.16,159.52,488500,77746510,0,0
2024-02-15,160.68,161.18,159.74,160.24,365000,58551230,0,0
2024-02-16,160.82,164.44,160.82,163.24,432500,70684750,0,0
2024-02-19,163.8,167.06,163.8,167.06,1099000,182247710,0,0
2024-02-20,168.42,168.42,164.8,165.3,747000,124262340,0,0
2024-02-21,166.36,167.26,164.68,165.4,466000,77265000,0,0
2024-02-22,166.76,168.5,166.72,168.46,391000,65555770,0,0
2024-02-26,170.9,171.7,169.3,169.68,798000,136251990,0,0
2024-02-27,170.44,170.96,168.3,168.44,703000,119042870,0,0
2024-02-28,168.84,169.28,166.8,167.5,573500,96230740,0,0
2024-02-29,168.54,168.54,166.1,167.5,496000,82895720,0,0
2024-03-01,167.22,170,167.2,169.64,598500,101192320,0,0
2024-03-04,175.64,175.64,168.6,169.14,821000,139723840,0,0
2024-03-05,168.5,171.18,168,170.76,666500,113379010,0,0
2024-03-06,171.2,171.36,169.58,171.04,540000,92270790,0,0
2024-03-07,171.6,173.02,169.62,169.92,618500,105980340,0,0
2024-03-08,169.6,172.34,169.6,170.88,716000,122613870,0,0
2024-03-11,168.7,168.94,163.82,166.06,1058500,175733620,0,0
2024-03-12,163.98,165.86,160.02,163.34,687500,111083540,0,0
2024-03-13,165.9,165.9,161.8,162.68,500000,81951880,0,0
2024-03-14,162.5,164.04,162,164.04,206500,33731670,0,0
2024-03-15,164.9,168.56,164.9,167.94,400500,66999870,0,0
2024-03-18,168.98,171,168.98,170.6,414500,70592740,0,0
2024-03-19,169.02,172.04,169.02,171.86,552000,94243050,0,0
2024-03-21,173.86,177.54,173.16,177.36,946500,166994440,0,0
2024-03-22,179.1,179.26,176.86,178.12,476000,84878580,0,0
2024-03-25,178.4,178.42,176.64,176.96,437000,77552210,0,0
2024-03-26,176.72,176.8,175.62,176.58,638500,112543920,0,0
2024-03-27,177.46,178.84,177.12,177.14,576500,102680500,0,0
2024-03-28,178.58,179.1,176.2,176.2,566500,100642360,0,0
2024-03-29,176.36,178.4,176.36,178.4,486000,86286020,0,0
2024-04-01,179.5,179.5,173.68,178.94,684500,120955140,0,0
2024-04-02,178.92,178.92,172.92,173.98,1634500,285415140,0,0
2024-04-03,173.14,176.7,171,176,754500,130567270,0,0
2024-04-04,178.82,180.04,177.84,178.22,1079000,193175250,0,0
2024-04-05,176.64,177.6,175.46,177.58,407500,72031480,0,0
2024-04-08,179.12,180.54,178.4,179.5,708500,126941790,0,0
2024-04-09,179.9,183.58,179.9,183.4,540500,98233780,0,0
2024-04-10,182.48,182.5,181.2,181.68,727000,132179670,0,0
2024-04-11,180.24,182.68,180.24,182.02,652500,118618020,0,0
2024-04-12,183.16,183.38,181.4,182.78,558000,101783690,0,0
2024-04-15,182.48,184.88,180.14,184,839000,153213910,0,0
2024-04-16,183.96,183.96,177.96,179.92,1029000,185277280,0,0
2024-04-17,179.02,179.18,175.8,177.18,1033000,183440010,0,0
2024-04-18,176,180.38,175.54,177.68,657500,116468690,0,0
2024-04-19,174.82,177,172.56,176.2,861000,150403770,0,0
2024-04-22,177.02,179.12,176.22,178.16,469500,83368500,0,0
2024-04-23,179.64,180.24,178,178.8,312500,55928360,0,0
2024-04-24,179.54,182.92,179.2,182.92,554000,100401750,0,0
2024-04-25,181.6,183,180.1,180.28,413500,74918150,0,0
2024-04-26,181.42,182.84,180.2,182.4,324000,58923140,0,0
2024-04-30,185.4,188.92,184.98,187.3,985000,184685400,0,0
2024-05-01,187.14,188.92,185.68,187.3,607500,113479000,0,0
2024-05-02,187.88,191.9,187.88,189.26,1408500,267513230,0,0
2024-05-07,190.56,190.86,186.22,188.4,1480000,278965870,0,0
2024-05-08,187.98,188.18,184.08,184.08,1067500,198912970,0,0
2024-05-09,186.28,186.74,185.2,185.66,417000,77669210,0,0
2024-05-10,188.66,190.2,187.14,188.4,922500,174147510,0,0
2024-05-13,187.38,187.94,186,186.96,518500,96934530,0,0
2024-05-14,186.36,187.84,184.76,185.98,581500,108006230,0,0
2024-05-15,186.1,187.72,185.96,186.2,369500,68934490,0,0
2024-05-16,186.7,186.92,184.36,186.5,528500,97834960,0,0
2024-05-17,186.34,186.82,185.32,186.66,260000,48371730,0,0
2024-05-20,186.8,189.72,186.66,189.28,802500,151369610,0,0
2024-05-21,189.38,191.2,189.38,190.44,916000,174467640,0,0
2024-05-22,190.08,190.1,187.8,187.96,925000,174164820,0,0
2024-05-23,187.24,187.8,184.54,187.68,580500,108059670,0,0
2024-05-24,184.06,187.22,183.1,186.8,559000,103768800,0,0
2024-05-27,186.8,188.62,186.8,188.62,318500,59736420,0,0
2024-05-28,188.78,189.04,187.74,188.9,338500,63745770,0,0
2024-05-29,188.78,189.52,186.9,187,703500,132189610,0,0
2024-05-30,184,184.38,181.78,184.2,1491000,273164380,0,0
2024-05-31,183.86,187.2,183.86,187.18,470500,87238130,0,0
2024-06-03,188.68,190.04,188.48,189.2,513000,97067940,0,0
2024-06-04,187.54,187.58,185.12,186.4,708500,131897910,0,0
2024-06-05,184,184.14,181.22,182.66,923500,168360580,0,0
2024-06-06,182.68,183.74,182.26,182.6,376000,68733750,0,0
2024-06-07,182.14,183.32,182.12,183.32,466000,85175650,0,0
2024-06-10,183.32,184.54,183.22,184.42,206500,37952660,0,0
2024-06-11,184.58,186.36,184.56,185.64,529500,98181140,0,0
2024-06-12,183.86,185.48,182,183.64,523000,95656600,0,0
2024-06-13,183.6,183.6,179.6,181.04,1395000,251862690,0,0
2024-06-14,180.4,183.64,180.4,183.64,488000,89070810,0,0
2024-06-17,182.8,182.8,178.58,179.42,1086000,195097580,0,0
2024-06-18,181.94,181.94,178.24,178.6,577000,103254010,0,0
2024-06-19,178.04,179.72,178.04,179.28,566000,101227970,0,0
2024-06-20,178.6,178.86,176.82,178.78,616500,109476170,0,0
2024-06-21,178.86,179.6,178.34,178.66,173000,30949910,0,0
2024-06-24,178.5,179.46,178,178.72,298500,53378810,0,0
2024-06-25,179,183.2,179,183.2,594000,107846640,0,0
2024-06-26,184.54,184.54,182.1,183.82,590000,108134770,0,0
2024-06-27,183.44,183.56,181.52,181.82,318000,58009980,0,0
2024-06-28,183.32,184.48,181.14,183.32,704500,129273890,0,0
2024-07-01,185.88,187.14,185.32,185.9,985500,183377720,0,0
2024-07-02,186.6,189.86,184.78,189.56,834000,157264460,0,0
2024-07-03,189.52,189.52,187.62,189.08,637500,120361070,0,0
2024-07-04,189.98,191.9,189.98,191.54,689000,131637890,0,0
2024-07-05,191.6,192.62,190.42,190.68,441500,84420530,0,0
2024-07-08,189.94,190.88,189.24,189.88,407500,77461250,0,0
2024-07-09,190.08,191,186.56,190.24,520000,98654840,0,0
2024-07-10,189.78,189.8,187.44,188.6,593500,112065490,0,0
2024-07-11,188.8,189.14,187.68,188.28,403000,75887660,0,0
2024-07-12,187.52,187.54,185.98,186.36,790000,147620540,0,0
2024-07-16,186.28,189.52,186.28,188.32,682000,128454490,0,0
2024-07-17,189.72,190.32,189.06,190,368500,69912650,0,0
2024-07-18,187,188.6,186.44,187,407500,76537230,0,0
2024-07-19,186,186.2,184.2,185.82,239500,44384510,0,0
2024-07-22,185.8,186,183.16,183.16,455500,83846930,0,0
2024-07-23,185,185,183,183.34,282500,51856170,0,0
2024-07-24,183.4,183.42,180.5,180.52,425000,77297220,0,0
2024-07-25,177.26,177.26,174.54,175.14,833000,146249740,0,0
2024-07-26,175.06,176.92,173.76,175.2,357500,62823320,0,0
2024-07-29,178.2,187,176.48,181,592500,105875800,0,0
2024-07-30,178.7,180.32,177,178.56,104000,18542940,0,0
2024-07-31,175.88,180.4,175.34,180.34,2061000,367227600,0,0
2024-08-01,178.16,179.74,169.48,171.64,2252000,388210670,0,0
2024-08-02,166.9,166.9,158.2,158.54,2967000,477416950,0,0
2024-08-05,145.14,146.52,130,131,1996000,285542280,0,0
2024-08-06,147,150.96,143,147,1324000,193737200,0,0
2024-08-07,145.28,158,143.94,152.84,2454500,375373090,0,0
2024-08-08,151.64,153,149.7,150.44,1439500,216952280,0,0
2024-08-09,154.9,160.02,151.2,155.22,2284000,353279670,0,0
2024-08-13,157.62,158.4,156.02,158.4,537000,84423800,0,0
2024-08-14,158.5,161.96,158.5,160.2,1052500,168835440,0,0
2024-08-15,161.28,162.82,156,162.4,273000,44029650,0,0
2024-08-16,167.18,167.18,164.3,166.6,383500,63682530,0,0
2024-08-19,166.6,167.32,164.6,165,574000,95397590,0,0
2024-08-20,166.32,166.32,164.02,165.42,227000,37533850,0,0
2024-08-21,162.5,164.06,162.22,164.06,152500,24902700,0,0
2024-08-22,163.7,164.28,163.04,164.28,150000,24555780,0,0
2024-08-23,163.72,164.58,163.16,163.84,171000,28023460,0,0
2024-08-26,163.04,164.16,162.36,162.92,220500,35964000,0,0
2024-08-27,163.4,164.88,162.92,164.88,141000,23119380,0,0
2024-08-28,163.7,164.68,163.7,164.68,112000,18381540,0,0
2024-08-29,164.68,166.3,164.68,166.1,138000,22864980,0,0
2024-08-30,167.1,168.74,166.92,168.74,334500,56285660,0,0
2024-09-02,169.48,169.94,167.58,168.62,235500,39804360,0,0
2024-09-03,168.72,170.02,168.72,169.16,122500,20759590,0,0
2024-09-04,163.72,164.58,161.6,162.3,396500,64682860,0,0
2024-09-05,159.62,164.66,158.62,161.94,209500,34009490,0,0
2024-09-06,162.1,162.28,160.36,161.1,636500,102658560,0,0
2024-09-09,157,160.32,156.12,159.76,350500,55497190,0,0
2024-09-10,161.1,162.2,160.42,160.44,211500,34091000,0,0
2024-09-11,158.16,160.6,155.74,157.46,677500,107368430,0,0
2024-09-12,160.46,161.24,158.86,160.2,335000,53656460,0,0
2024-09-13,160.44,160.44,157.74,158.46,114500,18187090,0,0
2024-09-17,159.42,159.42,155.06,157.3,788500,123004680,0,0
2024-09-18,159.74,159.74,156.44,157.32,403000,63334420,0,0
2024-09-19,160.16,163.12,160.16,162.24,1006500,162679300,0,0
2024-09-20,167.36,167.36,164.34,164.7,601000,99515540,0,0
2024-09-24,167.34,167.34,165.66,166.28,168000,27973120,0,0
2024-09-25,165.98,167.48,165.88,167.06,1700500,282660380,0,0
2024-09-26,168.24,170.84,167.8,170.4,1285500,218157510,0,0
2024-09-27,171.2,174,171,173.8,966000,166938170,0,0
2024-09-30,165.62,169.48,164.7,168.2,663000,111302530,0,0
2024-10-01,171,173.34,169.34,172.56,937000,161122940,0,0
2024-10-02,170.74,174.32,170.74,172.04,611000,105630970,0,0
2024-10-03,175.54,176.44,172.82,173.02,633500,110446080,0,0
2024-10-04,173.48,174.96,172.7,174.74,507000,88300300,0,0
2024-10-07,178.2,178.2,175.92,176.52,2245000,397076610,0,0
2024-10-08,174.94,174.94,171.44,172.54,733000,126850220,0,0
2024-10-09,173.78,173.78,170,170.6,351000,59906030,0,0
2024-10-10,172.56,172.7,170.8,171.16,331000,56672340,0,0
2024-10-11,170.2,172.68,170.2,170.86,647000,111261080,0,0
2024-10-15,171.68,172,170,170,358500,61315410,0,0
2024-10-16,167.78,170.06,167.08,169.22,227500,38418210,0,0
2024-10-17,169.14,169.72,168.28,168.3,335000,56605650,0,0
2024-10-18,168.78,168.78,167.38,167.8,115500,19413090,0,0
2024-10-21,167.34,168.12,166.32,166.8,260500,43578550,0,0
2024-10-22,166.58,167.36,164.52,166,583500,96494730,0,0
2024-10-23,165.82,166.42,164.4,165.24,288000,47685990,0,0
2024-10-24,163.64,164.6,162.4,164.12,211000,34579600,0,0
2024-10-25,162.6,163.84,161.84,162.84,226000,36727500,0,0
2024-10-28,161.8,165.64,161.46,165.54,461500,75873330,0,0
2024-10-29,166.36,166.54,165.24,166.54,571500,94818990,0,0
2024-10-30,166.84,168.7,166.64,167.9,251500,42087550,0,0
2024-10-31,167.9,167.9,165,166,225500,37504510,0,0
2024-11-01,163.54,165.2,162.76,163.44,395500,64878160,0,0
2024-11-05,163.44,166,162.36,165.86,172000,28337520,0,0
2024-11-06,166.92,170,165.14,167.86,401000,67149520,0,0
2024-11-07,170.86,171.32,167.62,169.7,265000,44911260,0,0
2024-11-08,169.4,170.2,167,167,115000,19326960,0,0
2024-11-11,165.88,168.46,165.88,167.4,242000,40597120,0,0
2024-11-12,168.84,169.28,166.94,166.94,132500,22306250,0,0
2024-11-13,167.04,167.06,164.9,165.32,198500,32875450,0,0
2024-11-14,165.5,169.64,165.5,166.6,166500,28056870,0,0
2024-11-15,168.18,169.34,166.86,166.86,265000,44589960,0,0
2024-11-18,166.12,166.64,165.38,165.46,163000,27036750,0,0
2024-11-19,165.96,167.46,165.66,166.58,65000,10813400,0,0
2024-11-20,166.22,167.8,165.6,165.82,319500,53255110,0,0
2024-11-21,165.82,166.6,164.4,166.52,416000,68910880,0,0
2024-11-22,165,167.1,165,165.4,480000,79803650,0,0
2024-11-25,167.46,167.46,165,165.02,413000,68359400,0,0
2024-11-26,164.6,164.6,160.84,162,814000,132833600,0,0
2024-11-27,161.82,161.82,158.88,159.54,590500,94631580,0,0
2024-11-28,158.04,161.24,158.04,160.18,185000,29642440,0,0
2024-11-29,159.86,160.08,158.8,159.82,237000,37751050,0,0
2024-12-02,159.6,162.62,159.6,162.44,268000,43236590,0,0
2024-12-03,162.98,166.44,162.98,165.06,245500,40426850,0,0
2024-12-04,166,166.84,164.2,164.68,258500,42827670,0,0
2024-12-05,164.9,165,162.54,162.6,98500,16069560,0,0
2024-12-06,162.04,162.98,161,161.42,81000,13090940,0,0
2024-12-09,161.7,162.04,160.68,161.2,98000,15814470,0,0
2024-12-10,164.1,165.34,163.48,163.92,886500,145637340,0,0
2024-12-11,164.52,164.6,163,163.64,48000,7860770,0,0
2024-12-12,165.56,165.66,164.06,164.06,346500,57234610,0,0
2024-12-13,164.58,164.58,162.34,163.72,251000,40942300,0,0
2024-12-16,163.5,163.5,162.4,162.64,307000,49913930,0,0
2024-12-17,162.3,163.14,161.8,162,72500,11770220,0,0
2024-12-18,161.8,162.62,161.3,161.4,76500,12366920,0,0
2024-12-19,159.98,161.2,158.94,160.52,374000,59926900,0,0
2024-12-20,161.28,161.32,159.76,160.12,176500,28361780,0,0
2024-12-23,161,162.22,161,161.88,156000,25227200,0,0
2024-12-24,162.4,163.12,162.04,162.22,264000,42915130,0,0
2024-12-25,162.72,162.72,160.22,161.68,202000,32684310,0,0
2024-12-26,162.78,165.4,162.78,163.14,358000,58845440,0,0
2024-12-27,166.1,168.18,166.1,168.14,316500,52980470,0,0
2024-12-30,168.14,169.4,167,167.04,773500,129685910,0,0
2025-01-06,167.6,168.64,165.3,166.42,261000,43573770,0,0
2025-01-07,166.3,166.68,164.72,165.26,280000,46390250,0,0
2025-01-08,164.8,164.88,163.24,163.84,87000,14272310,0,0
2025-01-09,163.12,163.12,159.5,160.06,392000,62845840,0,0
2025-01-10,160,160.22,158.34,158.88,375500,59607250,0,0
2025-01-14,157.9,159.48,157.26,158.18,330000,52270500,0,0
2025-01-15,160,160,156.7,157.34,174000,27438210,0,0
2025-01-16,157.66,158.06,156.5,156.56,226500,35569800,0,0
2025-01-17,156.16,156.16,154.36,156,1322500,205659410,0,0
2025-01-20,156.34,158.18,156.34,157.44,1266000,199160360,0,0
2025-01-21,157.18,157.58,156.02,157.04,230000,36052720,0,0
2025-01-22,157.04,157.76,156.42,156.8,211500,33244730,0,0
2025-01-23,157.34,157.94,156.64,157.94,135000,21228420,0,0
2025-01-24,157.12,159.04,157,157.48,363500,57505170,0,0
2025-01-27,159,159.36,157.98,158.42,152000,24058310,0,0
2025-01-28,158.86,159,157.32,158.7,307500,48703500,0,0
2025-01-29,158.7,158.82,158.08,158.32,90000,14262390,0,0
2025-01-30,158.46,159.88,158.12,158.12,236000,37552820,0,0
2025-01-31,159.32,161.06,158.96,161.06,132000,21055330,0,0
2025-02-03,157.14,157.44,156.02,156.8,387500,60760050,0,0
2025-02-04,157.8,158.04,156.2,157,712000,111858790,0,0
2025-02-05,157.98,158.74,156.92,157.04,402000,63472880,0,0
2025-02-06,157.32,159.68,156.24,157.12,291500,46096800,0,0
2025-02-07,156.64,156.64,154.58,155.14,372000,57817070,0,0
2025-02-10,155.14,155.14,152.82,154.94,427000,65602730,0,0
2025-02-12,153.3,153.3,151.7,152.6,868000,132290280,0,0
2025-02-13,153.54,155.24,153.54,154.72,173500,26826110,0,0
2025-02-14,153.92,154.56,152.72,152.72,167500,25702770,0,0
2025-02-17,152.82,153.64,152.18,152.18,119500,18262670,0,0
2025-02-18,151.96,152.4,151.08,151.4,153000,23221640,0,0
2025-02-19,151.02,151.94,149.4,149.76,356000,53601770,0,0
2025-02-20,150,150,147.64,148.02,356000,52848580,0,0
2025-02-21,147.34,149.1,147.34,149.1,343000,50881770,0,0
2025-02-25,154.06,157.4,152.7,156.56,1855000,288611720,0,0
2025-02-26,156,156,152.8,154.14,744500,114571570,0,0
2025-02-27,154.28,156.94,154.28,156.82,492500,76908210,0,0
2025-02-28,154.78,156,153.56,153.94,439500,67790170,0,0
2025-03-03,156.6,157.36,154.88,156.78,457500,71529580,0,0
2025-03-04,157.04,157.04,154.5,155.74,380000,59187980,0,0
2025-03-05,153.5,156.5,153.5,156.1,515500,80378180,0,0
2025-03-06,156.94,158.18,156.82,156.82,524500,82714340,0,0
2025-03-07,155.62,157.1,154.14,156.98,350500,54560970,0,0
2025-03-10,157.32,157.84,156.4,156.7,152000,23894040,0,0
2025-03-11,154.7,155.68,152.78,155.6,412000,63508560,0,0
2025-03-12,155.4,156.6,155.08,155.92,389500,60702920,0,0
2025-03-13,158.12,158.12,156.14,156.14,127500,20056880,0,0
2025-03-14,155.88,157.24,155.8,156.84,83500,13106050,0,0
2025-03-17,158.2,160.02,158.2,159.78,283000,45111830,0,0
2025-03-18,166.92,167,163.88,164.4,1691000,279792020,0,0
2025-03-19,165.68,168.14,164.82,168.02,935500,156462910,0,0
2025-03-21,167.88,168.2,165.62,166.08,621000,103841560,0,0
2025-03-24,166.46,166.46,163.6,164.64,246000,40545900,0,0
2025-03-25,165.92,166,164.34,164.68,415000,68548090,0,0
2025-03-26,166.04,166.66,165,166.54,452000,74896470,0,0
2025-03-27,165.74,167.14,165.2,167.14,359000,59655250,0,0
2025-03-28,167.7,167.74,165.52,166.18,157000,26096460,0,0
2025-03-31,162.8,162.8,159.04,160.64,621000,99648590,0,0
2025-04-01,162.2,163,161,161.36,270000,43698320,0,0
2025-04-02,161.36,161.38,158.44,159.34,372000,59342850,0,0
2025-04-03,156,157.28,152.04,157.14,1246000,192681030,0,0
2025-04-04,154.14,156.88,149,151.86,1024500,155451800,0,0
2025-04-07,141.16,145.86,134.68,140.48,1444000,203243790,0,0
2025-04-08,145.68,150.12,145.02,148.12,778000,115071290,0,0
2025-04-09,145.68,146.46,142.46,143.58,798500,115217530,0,0
2025-04-10,155.58,156,153.36,155.3,868000,134475520,0,0
2025-04-11,151.4,152.66,147.4,150.32,1250500,186759190,0,0
2025-04-14,153,153.9,151.98,152.24,452000,69121420,0,0
2025-04-15,153.94,153.94,152.24,152.86,212500,32501800,0,0
2025-04-16,152.56,152.56,150.58,151.8,236500,35874110,0,0
2025-04-17,150.8,152.56,150.8,152.08,175000,26587870,0,0
2025-04-18,153.04,154.9,152.66,154.12,165500,25453920,0,0
2025-04-21,153.7,154.36,152.38,153.2,165500,25372700,0,0
2025-04-22,153.2,156.94,153.2,156.94,343500,53382160,0,0
2025-04-23,159.94,160.78,159,159.92,590500,94389390,0,0
2025-04-24,162.24,162.24,160.6,161.34,216500,34878250,0,0
2025-04-25,162,163.2,161.92,162.56,241500,39237760,0,0
2025-04-28,164.34,164.8,163.8,164.46,414500,68081980,0,0
2025-04-30,165.86,165.92,164.4,165.8,924000,152476590,0,0
2025-05-01,165.8,165.8,162.22,163.94,684000,111931620,0,0
2025-05-02,165.66,165.66,162.4,162.74,718000,117626010,0,0
2025-05-07,163.94,167.42,163.94,167.3,1672000,278628180,0,0
2025-05-08,166.96,167.28,164.72,167.28,334500,55602780,0,0
2025-05-09,168.2,170,167.8,169.6,710500,120237320,0,0
2025-05-12,169.92,171,169.64,170.74,466000,79290220,0,0
2025-05-13,173.44,173.96,172.24,172.56,459500,79445110,0,0
2025-05-14,174,174,169.82,171.1,1228000,209865670,0,0
2025-05-15,171.06,171.7,169.98,171,504000,85968610,0,0
2025-05-16,172.16,172.96,171.92,172.54,239500,41311490,0,0
2025-05-19,173.06,174.2,172.28,172.58,489000,84610870,0,0
2025-05-20,173.34,174.04,171.2,171.68,293000,50455830,0,0
2025-05-21,172.5,173.78,172.36,173.56,175000,30341080,0,0
2025-05-22,172.18,173.18,170.98,171.2,316000,54219110,0,0
2025-05-23,171.74,172.46,171.72,171.74,186000,32014600,0,0
2025-05-26,172.3,172.6,171.2,172,205000,35214610,0,0
2025-05-27,171.68,173.14,171.68,172.92,164500,28320270,0,0
2025-05-28,174.6,175,173.2,173.7,188500,32809170,0,0
2025-05-29,174.4,175.56,174,175,354000,61897660,0,0
2025-05-30,173.42,176,173.2,175.98,272000,47513400,0,0
2025-06-02,174.64,174.84,173.4,174.1,221000,38488150,0,0
2025-06-03,174.38,174.38,172.3,172.36,214000,36987500,0,0
2025-06-04,173.26,173.78,172.42,173.44,239500,41508290,0,0
2025-06-05,172.44,172.44,171.2,172.18,239500,41157120,0,0
2025-06-06,171.68,172.44,171.68,172.14,290500,49983290,0,0
2025-06-09,173.62,173.68,171.7,171.7,213500,36827890,0,0
2025-06-10,172.1,172.66,171.36,171.52,474500,81499050,0,0
2025-06-11,172.18,172.8,171.4,172.24,362000,62267040,0,0
2025-06-12,172.24,172.9,171.4,171.94,253000,43441220,0,0
2025-06-13,172.02,172.02,169.4,170.2,360500,61336720,0,0
2025-06-16,172.18,173.44,171.98,173.24,425500,73466840,0,0
2025-06-17,173.2,173.48,172.72,173.4,386500,66910820,0,0
2025-06-18,172.34,174.7,172.34,174.2,388000,67441170,0,0
2025-06-19,174.2,174.2,172.8,173.6,216500,37496750,0,0
2025-06-20,172.54,173.6,172.54,173.1,113500,19635250,0,0
2025-06-23,172.4,173,171,171.02,288500,49511010,0,0
2025-06-24,172.9,173.4,170.7,170.84,259000,44575390,0,0
2025-06-25,170.5,170.5,168.88,169.26,362000,61302630,0,0
2025-06-26,169.92,172,169.6,171.8,367500,62837530,0,0
2025-06-27,173.78,174.18,172.8,173.9,264500,45969760,0,0
2025-06-30,174.6,175.36,173.9,174.18,180500,31536350,0,0
2025-07-01,174,174.18,173.2,173.64,154000,26770540,0,0
2025-07-02,173.42,175.44,173,174.7,271000,47201470,0,0
2025-07-03,174.38,177.18,174.02,176.4,296500,52144430,0,0
2025-07-04,176.78,176.82,174.3,174.78,341500,59873030,0,0
2025-07-07,175.32,176.04,174.4,174.8,509000,89063710,0,0
2025-07-08,175.28,176.4,174.12,175.68,230000,40284450,0,0
2025-07-09,176.54,177.16,175.76,176.5,215000,37950840,0,0
2025-07-10,176.66,176.66,174.32,175.58,790000,138043050,0,0
2025-07-11,176.34,178.2,176.34,176.8,557000,98764900,0,0
2025-07-14,171.18,172.56,170.68,171.58,590000,101222190,0,0
2025-07-15,171.8,171.8,169.1,169.46,641000,108981130,0,0
2025-07-16,169.56,169.56,168.16,169.5,293000,49514760,0,0
2025-07-17,169.44,170.32,168.6,170.18,240500,40786080,0,0
2025-07-18,170.86,170.86,169.36,169.36,647500,109973440,0,0
2025-07-22,169.48,171.46,169.1,170.34,161000,27349650,0,0
2025-07-23,172.98,176.8,172.98,176.24,755500,132877410,0,0
2025-07-24,176.7,178.8,176.28,178.1,760500,135482700,0,0
2025-07-25,177.4,177.6,176.48,176.56,267000,47205680,0,0
2025-07-28,176.9,176.9,175.32,175.74,1050500,185330570,0,0
2025-07-29,175.12,175.12,173.02,173.5,2155000,373336120,0,0
2025-07-30,173.5,174.44,173.3,174.34,168000,29226000,0,0
2025-07-31,174.6,176.5,174.32,175.9,976000,171462540,0,0
2025-08-01,176.94,178.54,176.4,176.4,549000,97596340,0,0
2025-08-04,173.56,176,173.12,175.36,515000,89585720,0,0
2025-08-05,176,176.58,175.1,176.52,119000,20962200,0,0
2025-08-06,176.04,180,176.04,180,383500,68655590,0,0
2025-08-07,179.54,181.14,179.46,180,196500,35408100,0,0
2025-08-08,180.6,183.7,180.6,182.76,493500,90333320,0,0
2025-08-12,184.96,186.54,183.98,185.5,532500,98845590,0,0
2025-08-13,186.64,187,185.5,185.86,376000,70049630,0,0
2025-08-14,185.44,185.44,181.72,181.72,950000,173625730,0,0
2025-08-15,183.54,184.12,182.6,183.92,416500,76311350,0,0
2025-08-18,184.36,186.7,184.36,186,481500,89668930,0,0
2025-08-19,187.58,187.82,186.38,186.82,226500,42373010,0,0
2025-08-20,186.66,187.84,185.84,186.44,212500,39674910,0,0
2025-08-21,186.42,186.66,185.42,186.26,176500,32840560,0,0
2025-08-22,186.96,187.78,185.9,187.3,136000,25424590,0,0
2025-08-25,188.24,191.26,188.24,189.72,429000,81255830,0,0
2025-08-26,190,190,186.86,188.52,140000,26320290,0,0
2025-08-27,188.48,188.48,187.08,188.08,121000,22707210,0,0
2025-08-28,187,191.26,186.46,190.14,540000,101778930,0,0
2025-08-29,191.18,191.78,190.2,191.76,473500,90547400,0,0
2025-09-01,191.08,191.8,189.36,191.4,574500,109356290,0,0
2025-09-02,192,196,191.66,195.76,336500,65366970,0,0
2025-09-03,195.84,198.4,193.64,194.02,951500,186661680,0,0
2025-09-04,194.26,195.62,193.76,195.24,906000,176014760,0,0
2025-09-05,198,199.52,197.22,198.2,380500,75412740,0,0
2025-09-08,200,200.1,198.4,199.84,597000,119231760,0,0
2025-09-09,200.8,200.8,198.24,198.32,1356000,271360460,0,0
2025-09-10,198.72,199,197.52,198.38,356500,70658300,0,0
2025-09-11,198.68,198.68,195.84,197.4,604500,119206020,0,0
2025-09-12,198.6,199.38,197.56,198.16,933000,184963130,0,0
2025-09-16,198.4,200.8,198.4,200.2,1075500,214881850,0,0
2025-09-17,199.2,199.2,196.42,199,1127000,222973000,0,0
2025-09-18,198.54,199.6,196.28,199.56,534000,105932930,0,0
2025-09-19,200.8,203.7,199.56,200.5,1683500,340669220,0,0
2025-09-22,201.5,203.1,200.8,202.4,362500,73300450,0,0
2025-09-24,203.2,203.2,200.2,200.5,463000,93052950,0,0
2025-09-25,201.6,202.4,200.8,202.4,1778500,358138700,0,0
2025-09-26,202.8,206.7,202.2,203.9,479500,97893200,0,0
2025-09-29,203.9,206.6,201.8,205.9,401000,81874450,0,0
2025-09-30,203.9,203.9,199.46,201.1,1794000,360015900,0,0
2025-10-01,200.8,200.8,197.26,199,976500,193556780,0,0
2025-10-02,200.4,200.4,197.94,199.72,1115500,222508330,0,0
2025-10-03,200.1,201.2,199.62,201.1,291000,58299170,0,0
2025-10-06,208.7,208.7,203.1,203.8,522500,107402050,0,0
2025-10-07,205.8,205.8,203.6,203.7,256500,52467950,0,0
2025-10-08,205.2,207.4,204.9,204.9,538000,110761350,0,0
2025-10-09,206.8,206.8,205.6,206.6,451500,93117600,0,0
2025-10-10,206.5,206.6,203.3,204,613500,125394300,0,0
2025-10-14,200,203.6,199,199.9,1284000,257488220,0,0
2025-10-15,201.5,203.3,201.5,202.9,221500,44842800,0,0
2025-10-16,204.9,204.9,200.7,201.4,426000,86064150,0,0
2025-10-17,202.4,202.4,200.2,200.6,302500,60754300,0,0
2025-10-20,202.4,204.5,202.4,204.5,284500,57988750,0,0
2025-10-21,205.2,206.7,204.7,205.2,563000,115836650,0,0
2025-10-22,208,208,204.4,206.9,261500,53896100,0,0
2025-10-23,206.9,207.5,205.6,207.3,312500,64628900,0,0
2025-10-24,207.9,209.5,207.9,208.1,372500,77818350,0,0
2025-10-27,212.3,213,210.3,213,370000,78442250,0,0
2025-10-28,212.6,212.6,208.1,208.9,468500,98528200,0,0
2025-10-29,209.8,209.8,205.7,206.3,608500,125742350,0,0
2025-10-30,205.9,220,205.9,210.1,841000,176204450,0,0
2025-10-31,211.8,211.8,207.2,209.2,2817000,588872350,0,0
2025-11-04,207.6,211.2,206.1,206.4,994500,206924500,0,0
2025-11-05,205.6,210.8,202.3,210.1,1447000,297634300,0,0
2025-11-06,210.1,214.8,210.1,212.9,433500,92341450,0,0
2025-11-07,213.8,214.4,211.4,214.4,492000,104455300,0,0
2025-11-10,216,216,213,215.2,1202500,256734700,0,0
2025-11-11,215.5,215.5,211.5,213.9,441000,94113800,0,0
2025-11-12,213.1,216.1,213.1,216,322500,69377400,0,0
2025-11-13,217.2,218.1,216.6,217.9,237500,51681650,0,0
2025-11-14,216,218.6,215.6,217.7,359000,77938000,0,0
2025-11-17,217.4,217.7,214.5,215.5,416500,89701750,0,0
2025-11-18,213.7,215.6,209.1,209.4,756500,160119200,0,0
2025-11-19,208.5,210.4,207.2,209.1,206500,43220200,0,0
2025-11-20,213.6,213.6,210.3,210.6,325000,68877550,0,0
2025-11-21,209.9,212.9,207.6,212.9,277500,58428350,0,0
2025-11-25,214.9,214.9,210.7,211.6,523500,111092450,0,0
2025-11-26,212.6,217,212.6,216,274500,59244300,0,0
2025-11-27,217,217.9,216.5,216.8,310000,67242500,0,0
2025-11-28,217.4,218.5,215.7,217.8,315500,68408500,0,0
2025-12-01,218.8,218.8,215,215.6,328000,70799800,0,0
2025-12-02,217.1,217.1,215.2,215.2,205000,44258800,0,0
2025-12-03,217.6,217.6,215,215.4,164000,35379150,0,0
2025-12-04,215.5,222.7,215.5,221.8,569500,125513350,0,0
2025-12-05,220.7,221.6,218.4,218.5,313000,68663400,0,0
2025-12-08,221.2,222.5,218.5,222,272000,60246550,0,0
2025-12-09,222.3,224.8,222.3,224.3,125000,27938450,0,0
2025-12-10,225.6,225.7,223.1,224.3,366000,82057300,0,0
2025-12-11,225.8,227.3,224.8,226.8,407000,92066700,0,0
2025-12-12,227.5,230.7,227.4,230.3,613500,140927600,0,0
2025-12-15,231.5,231.5,229,230.7,378000,86976250,0,0
2025-12-16,230.8,231,224.4,225.4,1025500,233170700,0,0
2025-12-17,225.1,225.1,221.6,223.8,583000,130283950,0,0
2025-12-18,223.8,223.8,221.5,222.8,354500,78943650,0,0
2025-12-19,223.2,226.5,223.2,226.5,311500,70047500,0,0
2025-12-22,227.1,227.1,225.4,225.7,752000,170027650,0,0
2025-12-23,226.6,227,225.4,226.3,775000,175244150,0,0
2025-12-24,227.2,227.2,224,225,447000,100783050,0,0
2025-12-25,225.2,225.6,224.4,225.1,248500,55928850,0,0
2025-12-26,226,226,224.4,225.2,400500,90260100,0,0
2025-12-29,226.6,230,226.1,229,479000,109412100,0,0
2025-12-30,229,229.3,227.6,228.6,424000,97006750,0,0
2026-01-05,232.5,234.3,230.5,232.3,1237500,288186250,0,0
2026-01-06,234.4,237.6,234.4,237.3,636000,150298650,0,0
2026-01-07,236.7,237,233.7,237,1117000,263323750,0,0
2026-01-08,237.3,238.2,234.5,236,773000,183140450,0,0
2026-01-09,237.5,237.5,235.1,237.1,536500,126670650,0,0
2026-01-13,249.1,249.4,242,245.6,1755500,429448800,0,0
2026-01-14,248.4,248.8,245.8,248.7,1033000,256241850,0,0
2026-01-15,250,255.2,249.6,253.5,660500,167351150,0,0
2026-01-16,254.1,254.7,251.3,254.4,904000,229136100,0,0
2026-01-19,254.6,254.6,249.4,252.6,1247000,313379500,0,0
2026-01-20,252.7,252.7,249.7,251.4,694000,174058050,0,0
2026-01-21,248.5,249.5,246.4,248.8,1268000,315011850,0,0
2026-01-22,253.5,253.5,249.7,250,481500,120892900,0,0
2026-01-23,250.2,251.8,249.8,250.3,605000,151588800,0,0
2026-01-26,246.8,246.9,242.7,244,965000,235890200,0,0
2026-01-27,243.9,246,242.6,244.9,687000,168143150,0,0
2026-01-28,244.8,247.3,242.6,246.5,706000,173151050,0,0
2026-01-29,246.7,247.6,241.8,247.1,936000,228426600,0,0
2026-01-30,248.6,249,244.7,248.5,736500,181731050,0,0
2026-02-02,249.9,252.7,244,244,1395500,346772100,0,0
2026-02-03,247.6,252.9,247.3,252.9,903500,226699650,0,0
2026-02-04,255.4,258.4,252.3,255.9,940500,240299550,0,0
2026-02-05,260.2,260.2,252.4,258.4,865000,221408500,0,0
2026-02-06,256,263.6,256,263.6,1006000,261265800,0,0
2026-02-09,274.7,276,268.5,271.3,1566000,424990900,0,0
2026-02-10,274.7,279.7,272,279.7,1030000,284452150,0,0
2026-02-12,280.3,287.5,280,286.7,1885000,537225150,0,0
2026-02-13,285.9,287,281.6,283.3,1214000,345319200,0,0
2026-02-16,285.8,285.9,274.2,277.1,2021500,561436800,0,0
2026-02-17,277.7,277.9,272.9,274.8,525500,144378350,0,0
2026-02-18,275.5,278.4,275.3,277.2,649500,179910500,0,0
2026-02-19,279.8,281.6,276.8,281.2,1032000,288824450,0,0
2026-02-20,280.7,280.9,275.9,277.4,1231000,341604450,0,0
2026-02-24,277.9,280,274.6,279.7,1614000,448947450,0,0
2026-02-25,283.3,285.5,277.4,284.9,1717000,483235250,0,0
2026-02-26,286,289.7,283.7,284.6,965000,275213050,0,0
2026-02-27,284.5,293.6,283.8,293.6,1117500,322266650,0,0
2026-03-02,290,291,280,288.5,2424500,696686750,0,0
2026-03-03,288.2,292.6,284,284.7,1399500,403639000,0,0
2026-03-04,275,277,264.4,268.3,3220000,866085050,0,0
2026-03-05,280.3,280.9,273.6,276.3,1542500,429610450,0,0
2026-03-06,274.3,276.3,268.3,274.4,1028000,279906700,0,0
2026-03-09,271.1,272.7,256,265.3,4657000,1226094850,0,0
2026-03-10,271.2,275.6,269,273.5,1465500,398941050,0,0
2026-03-11,279.4,280,275.6,276.2,926500,257396850,0,0
2026-03-12,272.1,275.8,266.8,270,1423500,384233700,0,0
2026-03-13,266.6,275.6,265.1,274,950500,258832900,0,0
2026-03-16,274,275,270,273.6,864000,235420700,0,0
2026-03-17,278.8,282.7,276.7,279,2483500,695402500,0,0
2026-03-18,285.3,294.3,283.2,293.3,1915000,554008450,0,0
2026-03-19,286,286.4,280,283,1925000,546414700,0,0
2026-03-23,268.4,269.1,263,266,3317500,884404800,0,0
2026-03-24,275.6,276.9,271.4,276.4,1889000,518480100,0,0
2026-03-25,284.5,284.5,281.4,283.1,1376000,389150850,0,0
2026-03-26,285,286.7,281.7,284.5,587500,167009250,0,0
2026-03-27,284.5,289,281.9,288.6,993000,283969600,0,0
2026-03-30,283,289.8,264.1,283.8,506020,142784048,0,0
2026-03-31,286.9,286.9,274.9,274.9,818280,227552450,0,0
2026-04-01,287,288.7,282.1,288.7,553490,158447037,0,0
2026-04-02,290,294.4,282.3,284,1459670,417705595,0,0
2026-04-03,288.9,289.2,284.5,287.2,575550,164915302,0,0
2026-04-06,290,291.5,284.1,287.8,485530,139113651,0,0
2026-04-07,290.2,292,283.8,286.2,571670,163662437,0,0
2026-04-08,302.2,310,289.8,291,1132510,332161711,0,0
2026-04-09,294.7,295.4,289,289.5,477070,139402031,0,0
2026-04-10,289.9,292.9,284.9,285.9,619670,177634661,0,0
2026-04-13,281.7,287.9,281.1,282.7,759630,215195352,0,0
2026-04-14,287,287,280.1,280.4,824230,232276995,0,0
2026-04-15,284,284,275,275.5,940190,260299758,0,0
2026-04-16,277.7,280,277.1,280,639810,178269542,0,0
2026-04-17,280.6,280.6,272.1,273.9,875250,240408170,0,0
2026-04-20,274.3,275.8,272.3,273.3,582650,159248932,0,0
2026-04-21,273.1,273.7,271.1,271.8,866140,235976061,0,0
2026-04-22,271.4,271.4,265,266.4,1623190,432843799,0,0
2026-04-23,264.7,269.9,262.9,267,1150730,306064243,0,0
2026-04-24,269.1,272.3,268.1,270.2,1182370,319417382,0,0
2026-04-27,270,270,264.3,267.4,1616050,430308162,0,0
2026-04-28,267.9,273.3,267.7,273.1,1041170,282389037,0,0
2026-04-30,272.2,272.8,268.2,271.1,986200,266912310,0,0
2026-05-01,271.9,285.3,267.2,280.3,3472290,957268443,0,0
2026-05-07,284,284,275.4,281.4,2112060,589616726,0,0
2026-05-08,280.3,281.1,275.3,277.6,762750,211560561,0,0
2026-05-11,277.8,282,277,278.6,651410,182007923,0,0
2026-05-12,280.9,288,280.9,286.7,1315870,376389830,0,0
2026-05-13,290,300,290,298.9,1363510,404534401,0,0
2026-05-14,301.6,302,294.4,296.1,1256460,373051171,0,0
2026-05-18,296.4,296.4,285.8,286.1,958140,276775301,0,0
2026-05-19,289.5,290.1,284.8,285.8,624180,179124690,0,0
2026-05-20,286.2,287.5,277,279.4,931770,261644887,0,0
2026-05-21,285.4,285.7,278.6,279.3,2082790,585505920,0,0
2026-05-22,279,279.9,274.3,278.3,1833710,508721197,0,0
2026-05-25,278.6,280,274.9,277.6,1040970,288776785,0,0
2026-05-26,276,276.5,271.9,274.5,872500,239359504,0,0
2026-05-27,274.8,276.4,270.8,272,1146310,312390327,0,0
2026-05-28,270.5,272.4,267.5,269.8,1236230,333018686,0,0
2026-05-29,269,272.8,268.1,271,692900,187269478,0,0
2026-06-01,268.1,269.9,259.7,262.6,2728910,716569993,0,0
2026-06-02,259.9,263.3,257.3,259.9,2169600,565066736,0,0
2026-06-03,263,263.6,260.6,262.8,1077610,282654644,0,0
2026-06-04,260.5,263.9,259,260,845550,220573983,0,0
2026-06-05,260.3,264,260,261.6,799440,209549315,0,0
2026-06-08,256.4,259.7,253.8,258,1273340,325715196,0,0
2026-06-09,259.1,259.1,254.2,255,2531440,648785388,0,0
2026-06-10,253.8,254.9,249.7,251.7,997610,251260290,0,0
2026-06-11,248.3,250,246,250,847140,210546372,0,0
2026-06-12,256,257,250.2,253.2,736420,186448985,0,0
2026-06-15,257.1,262.2,255.5,257.3,1760060,455396453,0,0
2026-06-16,257,257.2,251.5,252.8,1502770,382165110,0,0
2026-06-17,253.8,256.3,251.9,253.3,1571110,398608505,0,0
2026-06-18,251.5,255.2,250.6,252.9,1541990,391069661,0,0
2026-06-19,251.1,252.3,248.1,251,1559140,388963434,0,0
2026-06-22,250.5,252.6,247.5,252.3,2603910,654029747,0,0
2026-06-23,255.8,256,249.3,249.3,3255650,820891430,0,0
2026-06-24,249.2,249.9,242,247,1447190,358664723,0,0
2026-06-25,249.5,249.5,242.6,243.3,1907410,465881577,0,0
2026-06-26,242.7,246.5,242.7,243.9,2123580,519573009,0,0
2026-06-29,248,249.4,244.4,246.9,770680,189456903,0,0
2026-06-30,246,248,243.7,245,1675250,411556760,0,0
2026-07-01,246.2,246.8,241.8,243.7,1095470,266570115,0,0
2026-07-02,250,252,247,247,4757480,1187347000,0,0
2026-07-03,254,260,242,251.1,3734320,942249840,0,0
2026-07-06,251.2,255.7,250.1,253.8,4407110,1116709415,0,0
2026-07-07,257.7,259.5,253.4,254.7,5831560,1495020989,0,0
2026-07-08,254.5,256.8,251.1,251.1,6949840,1763624706,0,0
2026-07-09,250.4,250.9,247.1,250.1,4644430,1158211227,0,0
2026-07-10,249.5,250.1,246.5,249.3,2280440,567650763,0,0
2026-07-13,251.8,253,247.4,248.5,4216500,1053746352,0,0
2026-07-14,248.5,250,245.3,248.1,1390050,344366449,0,0
2026-07-15,251,254.8,250.9,254.7,4451290,1127829987,0,0
2026-07-16,254.8,255.6,251.3,252.3,2390880,607267021,0,0
2026-07-17,251.8,254,245.2,250.9,5334280,1336584892,0,0
2026-07-21,251.7,257.8,250.8,256.4,2472580,627536941,0,0
2026-07-22,259,263.3,257.7,261.5,3708110,966803916,0,0
2026-07-23,263.3,265,259.7,263.6,6551070,1724646814,0,0
2026-07-24,262,264.2,258.6,262.8,3893760,1021642183,0,0
2026-07-27,265,265.6,262.1,264.4,5283910,1390964073,0,0
2026-07-28,264.5,264.5,257.5,261.1,1517420,394956079,0,0
2026-07-29,260.4,264,259.8,263.6,1150860,301438298,0,0
2026-07-30,261,263.9,259,262.5,3155810,824543553,0,0
2026-07-31,261,266,258.6,263,2334760,613054069,0,0
2026-08-03,259.1,263,254.9,261.9,2773580,719281746,0,0
2026-08-04,264.6,264.6,253.4,260,2213590,574935365,0,0
2026-08-05,260,260.4,255.8,259.7,4228690,1094590245,0,0
2026-08-06,256,264.4,256,264.3,3047040,799069795,0,0
2026-08-07,264.1,271.5,263.1,269.7,7049890,1901122650,0,0
2026-08-10,270,271.2,265.2,271,2724260,733491293,0,0
2026-08-12,272.5,273,266.3,269.6,1771140,475411020,0,0
2026-08-13,271,271,266.8,268.9,904010,242836525,0,0
2026-08-14,267.8,270.9,265.8,268.9,734430,197367374,0,0
2026-08-17,266.6,269.5,262.9,264.2,761030,201558851,0,0
2026-08-18,261.2,267.2,261.1,265.9,730780,193627481,0,0
2026-08-19,265,265,258,258.9,849810,220596678,0,0
2026-08-20,259.1,262.5,258.9,261.2,554880,144631338,0,0
2026-08-21,260.3,266.3,260.2,266.3,450350,119306552,0,0
2026-08-24,266,270,265,269.9,637920,170720297,0,0
2026-08-25,271,271,268.6,269.4,299110,80694978,0,0
2026-08-26,269,269.6,266.6,269.3,303180,81491269,0,0
2026-08-27,267,268.9,266.6,267.7,423390,113456576,0,0
2026-08-28,266.6,271.5,266.6,270.8,780680,211128407,0,0
2026-08-31,267.1,272,267,270.5,549260,148291158,0,0
2026-09-01,270.2,280,269.4,279.3,2308750,640363599,0,0
2026-09-02,274.2,277.4,272.4,274.7,595070,163354842,0,0
2026-09-03,276.8,284,275,281.2,3004370,845867622,0,0
