Date,Open,High,Low,Close,Volume,TradingValue,UpLimit,UnderLimit
2016-02-05,262.25,271.5,261.5,265.25,2724400,,,
2016-02-08,262.75,282.25,259.75,280.5,3001200,,,
2016-02-09,272.25,272.5,261.5,266.5,1833600,,,
2016-02-10,267.5,268.75,248.75,253.5,1938000,,,
2016-02-12,240.75,245.25,235,236.25,1038000,,,
2016-02-15,251.25,263.75,246.25,261,1438000,,,
2016-02-16,261,278.5,261,266.25,2819200,,,
2016-02-17,264.75,275,263.75,267.25,1829600,,,
2016-02-18,275,277.5,269.5,273,1575200,,,
2016-02-19,267,278.5,267,276.25,1806000,,,
2016-02-22,276.5,281,272.25,274,1777200,,,
2016-02-23,275.5,283.75,272,280,1924000,,,
2016-02-24,275,275.75,269.25,272.75,1626400,,,
2016-02-25,274,279.5,273.25,277,1626400,,,
2016-02-26,279.75,285,277,282,2346400,,,
2016-02-29,283.25,284.75,270.5,271.5,1679200,,,
2016-03-01,273.5,276.25,269.5,274.25,1132000,,,
2016-03-02,281.25,283.75,279.25,281.5,923200,,,
2016-03-03,279,279.5,274,276.5,989600,,,
2016-03-04,273,273.75,265.25,273.5,2190000,,,
2016-03-07,272.5,272.75,266.75,269.25,1402000,,,
2016-03-08,268.25,269,260,264.5,1535200,,,
2016-03-09,262.5,263.25,255.75,259,1120800,,,
2016-03-10,261.25,264.25,259.25,263,676000,,,
2016-03-11,259.25,266.5,259.25,265,1075200,,,
2016-03-14,270,270,263,264.75,1084000,,,
2016-03-15,263,265.75,261.25,262.5,778400,,,
2016-03-16,262,265,261.5,262,874400,,,
2016-03-17,262.5,263,256.25,258.5,1453200,,,
2016-03-18,260.5,261.25,257.25,260.25,753600,,,
2016-03-22,261.75,264.25,260.25,263.25,1101200,,,
2016-03-23,264.25,269.75,263,267.5,1474400,,,
2016-03-24,269.75,273.5,268.25,268.75,1243200,,,
2016-03-25,269.75,269.75,261,263,916000,,,
2016-03-28,264.25,264.25,258.5,263.25,1183200,,,
2016-03-29,259.25,262.5,257.75,261,1082400,,,
2016-03-30,263.25,269.5,262.5,267.75,1730800,,,
2016-03-31,269.25,270.25,259,260,1365600,,,
2016-04-01,260.5,260.5,254,258,1645600,,,
2016-04-04,255,262,253.25,258,1261200,,,
2016-04-05,258.75,263,251.75,262,2394400,,,
2016-04-06,259.75,262.5,257.75,261.5,1669600,,,
2016-04-07,263,271.75,261.5,271,2188800,,,
2016-04-08,266.5,277.75,265.5,274.5,2373600,,,
2016-04-11,277,280,275.5,279.25,1558400,,,
2016-04-12,278.25,281,274,278.75,2168400,,,
2016-04-13,280.25,282.5,274.75,281.5,2224400,,,
2016-04-14,281.5,284.25,279.25,284.25,1771200,,,
2016-04-15,287.5,297.25,287,292,4076000,,,
2016-04-18,306,334.75,299.5,328.25,10619600,,,
2016-04-19,325,325.25,305.25,306.75,4579600,,,
2016-04-20,305.75,314.75,305.5,314,3176800,,,
2016-04-21,317,318.25,310.75,312.75,1715200,,,
2016-04-22,308.25,310.75,297.75,300.75,2719600,,,
2016-04-25,301,302.25,291,291.5,2203200,,,
2016-04-26,290.5,290.5,283,285,2698400,,,
2016-04-27,291.25,299,289.75,291,1661200,,,
2016-04-28,292.25,298.5,289.75,290,2828800,,,
2016-05-02,281.5,283.5,277.75,281,1219600,,,
2016-05-06,280,281.25,275.5,278.75,1376000,,,
2016-05-09,279.75,283,277.75,280.75,1662800,,,
2016-05-10,283.25,291.25,283.25,290.75,1514400,,,
2016-05-11,290.75,290.75,281.75,284.75,1390400,,,
2016-05-12,284.25,287.5,280.25,285.75,1570800,,,
2016-05-13,285.5,285.5,275,277.25,1814400,,,
2016-05-16,291,315,287,292.5,6422000,,,
2016-05-17,291,291.75,282.75,285,2906800,,,
2016-05-18,284.25,295.25,281.5,293,2570800,,,
2016-05-19,295.5,297.25,290.25,293.5,1254000,,,
2016-05-20,290,290.25,283,288.5,2016800,,,
2016-05-23,285,285,279.5,283,1383200,,,
2016-05-24,283,289.25,280.5,285.5,1393600,,,
2016-05-25,288.5,295,288,293.25,2229600,,,
2016-05-26,295.5,302.5,293.25,298.5,1686000,,,
2016-05-27,299.75,303.25,297.5,299.5,1299200,,,
2016-05-30,304.25,304.25,300.25,301.25,1084000,,,
2016-05-31,301.5,303.25,296.5,302.5,1206400,,,
2016-06-01,301,301.25,287.5,289,2913200,,,
2016-06-02,287.5,287.75,281.5,283.5,1528000,,,
2016-06-03,283.5,286.25,280,283,805200,,,
2016-06-06,279.75,281.75,277.75,280.25,867600,,,
2016-06-07,280,280,274,277.75,1638000,,,
2016-06-08,279.25,282.75,273.75,276.25,2336000,,,
2016-06-09,273.5,273.75,268.75,272,2094400,,,
2016-06-10,269.75,272,267,271.25,1440400,,,
2016-06-13,265.25,265.5,254.75,256.25,1931600,,,
2016-06-14,254.5,260.75,253.25,256,2025200,,,
2016-06-15,255,259.75,253.5,258,1154800,,,
2016-06-16,258,259.25,249.75,250.25,1279600,,,
2016-06-17,255,258,253,256.25,1326800,,,
2016-06-20,261,264.5,259.25,259.25,1401200,,,
2016-06-21,259,263.75,252.75,262.25,1902000,,,
2016-06-22,264,266.75,260.5,262.75,1311600,,,
2016-06-23,263.75,264.5,260,261.5,1123600,,,
2016-06-24,265,266.25,245,251.5,1883200,,,
2016-06-27,253.75,262.5,252.75,261.5,1246000,,,
2016-06-28,259.75,269.25,257.5,267.25,1464800,,,
2016-06-29,269.75,272.25,265.25,269,1073600,,,
2016-06-30,272.5,273.5,265.5,266.75,1132400,,,
2016-07-01,270.5,271,265,266.5,553600,,,
2016-07-04,265.25,266.75,261.75,263.25,869200,,,
2016-07-05,264.5,265.5,261.25,264,764400,,,
2016-07-06,258,259.5,254.75,258.75,1736000,,,
2016-07-07,257.25,258,253.75,254.5,1166000,,,
2016-07-08,258.25,264.75,256.5,262.25,1570000,,,
2016-07-11,267.25,278.75,263.75,277,2159600,,,
2016-07-12,281,284.75,277.25,279,1435200,,,
2016-07-13,284.75,285.5,277.75,280.75,1018400,,,
2016-07-14,281.25,288,280.5,285.5,1144400,,,
2016-07-15,288.75,288.75,281,282.25,767600,,,
2016-07-19,283,285.25,277.75,283,948400,,,
2016-07-20,283.25,287.5,280.75,287,707600,,,
2016-07-21,288.75,289.5,286.25,289,912400,,,
2016-07-22,285.5,288,282.75,286.25,769600,,,
2016-07-25,287.25,291,284.25,288.25,973600,,,
2016-07-26,288,299.25,287.75,295.5,2876000,,,
2016-07-27,296.5,303.75,296.5,302.25,2130000,,,
2016-07-28,301.75,301.75,297.5,298.75,1308000,,,
2016-07-29,298,302,296.25,301.25,1183600,,,
2016-08-01,301.5,302.5,297.75,298.5,1735200,,,
2016-08-02,295.75,297.75,290.25,290.5,933600,,,
2016-08-03,286,291,282.25,288.75,975600,,,
2016-08-04,288.25,288.25,281.5,283,925600,,,
2016-08-05,284.25,285,272.25,274.75,1784400,,,
2016-08-08,277.75,279,267,272.5,1316800,,,
2016-08-09,270.25,272,266,271.75,1062800,,,
2016-08-10,271.5,285.75,270,282.5,3084000,,,
2016-08-12,283,285,280,281.25,1260000,,,
2016-08-15,281.5,289.75,281.25,288,934800,,,
2016-08-16,287,288,279.5,280,1342800,,,
2016-08-17,278.25,279,270,273.5,1043200,,,
2016-08-18,273,276.75,272.25,274.5,775200,,,
2016-08-19,275.25,276.5,267.75,269.75,871200,,,
2016-08-22,269.75,276.25,269.5,275.5,781600,,,
2016-08-23,273.5,275.75,269.5,275,974800,,,
2016-08-24,275.75,278.75,273.25,278.25,565200,,,
2016-08-25,277.5,279.75,273.5,275.5,762400,,,
2016-08-26,275.5,276.5,273,274.5,488400,,,
2016-08-29,275.75,277.25,272.75,274.25,844800,,,
2016-08-30,272.25,273.75,268.25,273.25,858800,,,
2016-08-31,273.5,279.25,270.25,278.75,1148000,,,
2016-09-01,282,289.25,282,285.75,1563600,,,
2016-09-02,288.75,295.25,288.25,292,2180800,,,
2016-09-05,295,295.5,279.75,285.5,1720000,,,
2016-09-06,286.25,294,286.25,292.5,983200,,,
2016-09-07,292.5,299.25,290.75,298.25,1306800,,,
2016-09-08,298,298.25,290.5,291,1205600,,,
2016-09-09,292.75,294,289.5,292,687200,,,
2016-09-12,288,290.5,286.5,288.5,433200,,,
2016-09-13,290.5,293.25,290.5,291.25,609600,,,
2016-09-14,290.5,294.25,288.5,293.75,767600,,,
2016-09-15,291.5,295.5,291,293.25,922400,,,
2016-09-16,293.25,294,290.75,293.5,1050000,,,
2016-09-20,293.5,296.25,290.5,291.5,496800,,,
2016-09-21,290,298,290,297.75,1037200,,,
2016-09-23,299.25,301.25,297.25,301.25,966800,,,
2016-09-26,302.75,305.25,301.25,302,1471200,,,
2016-09-27,301.75,304.75,299,304.5,1983200,,,
2016-09-28,304.25,306.75,300.5,303,842800,,,
2016-09-29,303,304.5,299,303.25,802400,,,
2016-09-30,300,306.25,300,302.75,1588400,,,
2016-10-03,306.5,306.5,303,304.25,702000,,,
2016-10-04,304.25,304.25,299.5,301.75,495600,,,
2016-10-05,303.75,305.5,302.5,303,1053600,,,
2016-10-06,304.75,307.5,303.25,305.5,1129200,,,
2016-10-07,305,305,301.5,303.75,633200,,,
2016-10-11,302.75,306,301.75,303,718000,,,
2016-10-12,302.75,304.75,301.5,301.5,693200,,,
2016-10-13,302.75,303.25,298.25,303.25,864400,,,
2016-10-14,303.75,308.75,303.75,308,1281600,,,
2016-10-17,309.75,310.75,304.75,307.5,751600,,,
2016-10-18,305.75,306.75,301.5,306.75,985200,,,
2016-10-19,305,307.75,303.5,306.25,676000,,,
2016-10-20,305,305.25,302,304.75,841200,,,
2016-10-21,304.5,304.5,297.75,300.5,1073200,,,
2016-10-24,302,306,300.5,305.5,871600,,,
2016-10-25,303.25,303.75,301.5,303,753600,,,
2016-10-26,302,306,301.75,305.25,872400,,,
2016-10-27,309.25,316.75,308.75,316.25,2776800,,,
2016-10-28,319.75,322.75,314.5,316,1868800,,,
2016-10-31,314.5,317.75,313.5,316.5,993200,,,
2016-11-01,320,324.25,315.25,323.5,2281200,,,
2016-11-02,319.25,322.25,315,316,1577600,,,
2016-11-04,313.75,316,310,311.25,1198400,,,
2016-11-07,314,316.25,311.5,314.25,808800,,,
2016-11-08,314.75,314.75,310.75,312.5,424800,,,
2016-11-09,307.5,307.5,283.5,285.5,3107600,,,
2016-11-10,300,302,289.5,290.75,1792800,,,
2016-11-11,293.5,293.5,282,283.5,1703200,,,
2016-11-14,282.75,285.5,280,281.5,1139200,,,
2016-11-15,283,283,278.75,281.75,1102000,,,
2016-11-16,286.5,288.75,281.5,285,1106400,,,
2016-11-17,281.75,290,281.75,289.5,1102000,,,
2016-11-18,292.5,298.25,292.5,297,1338400,,,
2016-11-21,302.5,311.25,301.5,306.25,2206800,,,
2016-11-22,307.25,311.75,307.25,309,1211200,,,
2016-11-24,312,312,306,307,1062000,,,
2016-11-25,305.75,310.5,301.25,309.25,1910800,,,
2016-11-28,309,314,306,313.75,1850800,,,
2016-11-29,313,315.75,312.5,314.5,818400,,,
2016-11-30,312.5,318,311.5,317.5,996000,,,
2016-12-01,319,320.25,313.75,316,1456400,,,
2016-12-02,315.75,317.25,310.25,311.75,840800,,,
2016-12-05,310,311.75,307.75,310.25,798800,,,
2016-12-06,316.75,317.5,313.25,314,1047200,,,
2016-12-07,316.25,316.25,308.25,309.75,855200,,,
2016-12-08,312,312,307,310.25,1098800,,,
2016-12-09,308.75,310.5,307,310,1164000,,,
2016-12-12,310,310,302,305.25,1368800,,,
2016-12-13,308.25,313,307.75,312.5,1569600,,,
2016-12-14,313,318,311,312,832400,,,
2016-12-15,316.25,318.5,311.25,312.5,1048400,,,
2016-12-16,315,316,310.5,313,823200,,,
2016-12-19,311,311.75,307.5,309,462400,,,
2016-12-20,308.5,308.75,305.75,308,836800,,,
2016-12-21,308.75,308.75,304.25,305.5,876000,,,
2016-12-22,304.5,305.75,301.75,303.75,824400,,,
2016-12-26,303.75,306.25,303.25,304.75,381200,,,
2016-12-27,304,304.5,299.75,301,693600,,,
2016-12-28,299.75,302.25,297.75,302.25,1030800,,,
2016-12-29,298.75,300.75,297,299,910400,,,
2016-12-30,300,300.5,297,300,379600,,,
2017-01-04,302.5,305.75,302.25,305.75,1008000,,,
2017-01-05,306.25,307.5,304.5,306.25,675600,,,
2017-01-06,306.25,306.25,301.75,302.75,902000,,,
2017-01-10,303,306,300.5,302,796400,,,
2017-01-11,304,304.25,301.25,303.75,723600,,,
2017-01-12,304.75,304.75,298.25,301,876400,,,
2017-01-13,300.25,300.75,298.5,299.25,609600,,,
2017-01-16,307.25,311.75,303,305.25,1518000,,,
2017-01-17,304,308.25,301.5,302.5,1109600,,,
2017-01-18,302.5,304.25,301.75,302.75,1067600,,,
2017-01-19,304,305.75,299.5,302,1351200,,,
2017-01-20,300.75,302.75,299.75,301.5,938800,,,
2017-01-23,300.25,300.25,296.25,296.5,766800,,,
2017-01-24,296.5,299,295.5,297.75,568000,,,
2017-01-25,300.25,302,296.25,297.25,445200,,,
2017-01-26,299.5,299.5,297,297.5,560800,,,
2017-01-27,299.75,300,297,298.25,572800,,,
2017-01-30,298.25,298.25,295.5,298,408000,,,
2017-01-31,295.75,297.25,295.25,296.25,682000,,,
2017-02-01,295.25,308.25,294.5,308,1860800,,,
2017-02-02,307.5,308.5,299.75,301,733200,,,
2017-02-03,301.75,302.25,299,299.75,648400,,,
2017-02-06,303,303,296.25,299.75,718000,,,
2017-02-07,299.5,300.25,296.5,300.25,708400,,,
2017-02-08,298.75,298.75,285.25,286.75,2685600,,,
2017-02-09,285,285.5,280.25,282.25,2211600,,,
2017-02-10,285,286.5,281.75,286,880800,,,
2017-02-13,287.25,290,285.25,289.75,1012800,,,
2017-02-14,291.75,292.5,288.75,290.5,1355200,,,
2017-02-15,291.25,291.5,287.5,290,1496800,,,
2017-02-16,291,298,290.75,292.75,1313200,,,
2017-02-17,292.25,293,290.5,291.25,572800,,,
2017-02-20,290,290.25,287,289,451600,,,
2017-02-21,287.25,289.25,285.75,287.25,910400,,,
2017-02-22,288.75,289,285.75,287.25,675600,,,
2017-02-23,287,290,287,289.75,580800,,,
2017-02-24,287.25,288.25,285.25,286.5,630400,,,
2017-02-27,286,286.75,283.75,284.75,659600,,,
2017-02-28,285.75,292,284.25,289.75,1914400,,,
2017-03-01,293,294.75,288.5,290.5,1402000,,,
2017-03-02,292.25,293.75,291,292.25,892800,,,
2017-03-03,291.25,291.75,289.75,291.75,832400,,,
2017-03-06,292,293.75,290.5,291.25,607200,,,
2017-03-07,290.75,292,289.5,292,1002800,,,
2017-03-08,292,294,290,294,676800,,,
2017-03-09,294.75,294.75,292.75,294.75,532400,,,
2017-03-10,295.75,295.75,293,294.75,771600,,,
2017-03-13,294.5,294.75,292.5,293.5,693200,,,
2017-03-14,292.5,293.25,290.25,293.25,831200,,,
2017-03-15,293.5,297.5,292,294.75,1212000,,,
2017-03-16,292.25,293.75,291.5,293.75,1041200,,,
2017-03-17,293.25,294.75,292,294,1475600,,,
2017-03-21,293,293.25,290.25,292.5,994000,,,
2017-03-22,291.25,291.5,288,288.25,1035200,,,
2017-03-23,287.75,287.75,283.75,285.25,1300400,,,
2017-03-24,285.25,288.75,282.75,288.5,950800,,,
2017-03-27,287.5,288,286,287,662000,,,
2017-03-28,289.75,290.25,287.25,290.25,942800,,,
2017-03-29,287,291.25,286.75,289.75,1219200,,,
2017-03-30,288.75,289.5,284.5,285,795600,,,
2017-03-31,285.25,287.5,283,283,887200,,,
2017-04-03,275.5,281,275.25,280.5,1822400,,,
2017-04-04,279.75,280.25,270.5,271.75,1698400,,,
2017-04-05,274.5,274.5,270.5,272.5,740000,,,
2017-04-06,269.25,270.75,266,266.5,1196000,,,
2017-04-07,267.25,268.75,264.25,267.5,1255600,,,
2017-04-10,269,272.25,268.5,269.75,398000,,,
2017-04-11,270.25,271.25,269,269.25,627200,,,
2017-04-12,266.75,267.25,264.25,266,786800,,,
2017-04-13,263,265,262.5,264.75,728800,,,
2017-04-14,263.5,265,261.25,262.5,904800,,,
2017-04-17,262.75,266.25,262.5,266.25,878400,,,
2017-04-18,267,268,265.75,267,754000,,,
2017-04-19,266.25,268.75,265.5,268,937200,,,
2017-04-20,268,270.5,266.5,269.25,870400,,,
2017-04-21,270.5,272.25,270,272,810000,,,
2017-04-24,275,275.75,271,273.5,1058800,,,
2017-04-25,273.5,275.25,272.25,273.5,882400,,,
2017-04-26,275,276.75,274.5,276,1099200,,,
2017-04-27,275.25,276,272.75,273.25,574000,,,
2017-04-28,273.5,278.5,273,277,883600,,,
2017-05-01,277.75,280,275.5,279.25,652000,,,
2017-05-02,281,282.25,279.5,279.75,890800,,,
2017-05-08,284.75,288.25,281.25,287.25,1934800,,,
2017-05-09,288.25,290.25,287.75,289.75,1318400,,,
2017-05-10,289.5,292,289.25,291.75,986800,,,
2017-05-11,292.25,292.75,287,288,1212400,,,
2017-05-12,275.5,288.75,275.5,288.75,1697600,,,
2017-05-15,287.5,290.25,285.5,288.75,1246000,,,
2017-05-16,288.75,294.25,288.25,294.25,1162800,,,
2017-05-17,293.75,296,292,295.75,1138000,,,
2017-05-18,292,295.5,290.75,294.5,1046400,,,
2017-05-19,295.25,295.5,292.75,295.25,495200,,,
2017-05-22,295.25,296.5,294.5,295.75,708800,,,
2017-05-23,297,298.5,296.25,296.5,1276400,,,
2017-05-24,298,298.25,294,294.75,766000,,,
2017-05-25,293.5,296,291.75,295.25,1410400,,,
2017-05-26,296.25,297.25,293.5,295,1000000,,,
2017-05-29,296.25,299,296,297.5,941600,,,
2017-05-30,297.5,302.25,297.5,301.25,1142000,,,
2017-05-31,302.5,306,302.25,305.5,1729600,,,
2017-06-01,306.5,311.75,306.25,308.25,1402000,,,
2017-06-02,307.5,311,306.75,310,1634000,,,
2017-06-05,310.25,312.25,309.25,311,1070000,,,
2017-06-06,311.75,312.25,307.75,308.25,913200,,,
2017-06-07,310.5,314.75,309.25,312.25,2000000,,,
2017-06-08,313.75,314.5,310.25,310.5,974800,,,
2017-06-09,309.75,311.75,308.25,308.5,915600,,,
2017-06-12,308,313.25,308,312,1151600,,,
2017-06-13,311.25,313.5,310.25,311.75,611200,,,
2017-06-14,314,314.75,309,309,675200,,,
2017-06-15,307.5,311.75,306.5,310.75,659600,,,
2017-06-16,311,312.75,308.5,310.5,688800,,,
2017-06-19,312,315.5,312,315,948400,,,
2017-06-20,316.25,316.75,313.75,315,977200,,,
2017-06-21,311.5,313.75,310,310.75,800800,,,
2017-06-22,312,313.75,306.5,306.75,782800,,,
2017-06-23,310.25,310.75,307,308.5,1027200,,,
2017-06-26,310,310,307,308.5,763200,,,
2017-06-27,308.5,308.75,304.5,306.5,1128800,,,
2017-06-28,302.75,302.75,297.25,300.75,1509600,,,
2017-06-29,297.5,300.5,296.75,300.5,1325200,,,
2017-06-30,297,298.5,295,297,1396800,,,
2017-07-03,295.25,299,294.75,297.25,1310400,,,
2017-07-04,299.25,301,294.5,294.75,1241600,,,
2017-07-05,293,295.5,290.5,295,1236800,,,
2017-07-06,298.5,305,296.75,299.25,2385200,,,
2017-07-07,296.5,296.75,290.25,290.25,1652400,,,
2017-07-10,291.5,295,291.5,293.5,1615600,,,
2017-07-11,295,302.5,294.5,302.25,1558000,,,
2017-07-12,299.75,299.75,295.75,297.25,1084000,,,
2017-07-13,298.5,301.75,297.25,299,1038000,,,
2017-07-14,298.75,299.25,296.75,297.75,853600,,,
2017-07-18,296.5,298.25,295.25,297.5,966800,,,
2017-07-19,296.25,302.5,296,300.75,1173600,,,
2017-07-20,302.75,304.5,301.25,303.75,792800,,,
2017-07-21,301,302,298.75,300.25,726800,,,
2017-07-24,297.5,299.25,295.25,298.25,1121600,,,
2017-07-25,300.75,302.25,297.75,298.25,786400,,,
2017-07-26,297.5,297.75,295.25,296,833200,,,
2017-07-27,295.5,299,294.75,295.5,907200,,,
2017-07-28,297.25,299,295.5,297.5,952400,,,
2017-07-31,298.25,299.5,297,298,828400,,,
2017-08-01,299.75,301,298.5,300.75,784000,,,
2017-08-02,301.25,301.5,299.25,301.25,939200,,,
2017-08-03,299.5,301.75,299.5,300.75,483600,,,
2017-08-04,299.5,301.5,298.75,301.5,479600,,,
2017-08-07,301.75,304.5,301.25,303.25,1001200,,,
2017-08-08,305,305.75,303,305,1171600,,,
2017-08-09,280,282.75,276.75,278.25,3512400,,,
2017-08-10,277.75,281,273,274.25,1908800,,,
2017-08-14,272.25,272.25,267,268.75,1416000,,,
2017-08-15,273.75,275.5,272.25,273.75,895200,,,
2017-08-16,272.5,273.75,270.5,273,1220400,,,
2017-08-17,272.5,273.5,270.75,271.5,1210800,,,
2017-08-18,267.5,270.25,266.5,268.75,905600,,,
2017-08-21,269.75,272.25,269.25,271.25,903200,,,
2017-08-22,268.5,271.5,267.75,270.75,765600,,,
2017-08-23,273.25,273.75,270.5,271.25,879600,,,
2017-08-24,269.75,273.25,269.5,271.25,721200,,,
2017-08-25,272.5,273,269.5,271.75,678000,,,
2017-08-28,272.5,273.25,270,271.5,739200,,,
2017-08-29,269.75,271.75,269.75,270.5,551200,,,
2017-08-30,273.25,274.25,271,273,702000,,,
2017-08-31,273.25,274.5,271.25,274,934400,,,
2017-09-01,274.25,275.25,271.75,274.25,656800,,,
2017-09-04,273.75,275.25,269,269.5,1189600,,,
2017-09-05,268.75,270.25,265,266.75,1301200,,,
2017-09-06,263.75,267.25,263,266.75,884000,,,
2017-09-07,268,270.75,267,270,513600,,,
2017-09-08,268.25,272.25,268,270.5,1188800,,,
2017-09-11,272.75,272.75,270.5,270.75,506000,,,
2017-09-12,273.75,273.75,269.25,269.5,926000,,,
2017-09-13,270.75,271.25,269,270.75,851200,,,
2017-09-14,272,272.5,270,271,712400,,,
2017-09-15,270.75,272.25,269.75,272.25,858400,,,
2017-09-19,274.5,277.25,274.25,276.5,994800,,,
2017-09-20,274.75,276.5,273.75,274.75,732400,,,
2017-09-21,277.75,278.25,275.25,275.75,585200,,,
2017-09-22,275,278.5,273.75,274,802400,,,
2017-09-25,276,278.25,274.75,276.5,576800,,,
2017-09-26,278.25,280,277.75,280,726800,,,
2017-09-27,279.25,279.75,276.75,278,324400,,,
2017-09-28,278,279.75,275.25,279.75,768000,,,
2017-09-29,278.75,280.5,278.25,279.5,422400,,,
2017-10-02,282,282.75,278.75,278.75,404400,,,
2017-10-03,282,282,279,280.5,804000,,,
2017-10-04,280.75,281.25,278.25,280.25,650000,,,
2017-10-05,280.25,282.75,279.25,279.75,715600,,,
2017-10-06,279.75,280.25,276.5,278.5,669600,,,
2017-10-10,278.5,280.25,277.75,279.25,1023200,,,
2017-10-11,279.5,280.5,278,279,657200,,,
2017-10-12,278.75,279.75,277.75,278,525600,,,
2017-10-13,276.5,280.25,275.5,279.5,556000,,,
2017-10-16,280,281.25,278,280.25,667200,,,
2017-10-17,280.25,280.25,277.25,278,625600,,,
2017-10-18,277.5,277.75,275.75,277.25,548000,,,
2017-10-19,277.25,277.5,275,275.75,652000,,,
2017-10-20,280,280.5,275,278.25,1085200,,,
2017-10-23,280.5,280.75,278.75,279,775600,,,
2017-10-24,279,282.75,279,282,868000,,,
2017-10-25,282.5,284.25,281.75,282.5,844000,,,
2017-10-26,281.25,284.5,281.25,284.5,551200,,,
2017-10-27,285.25,290.25,285,288.75,908400,,,
2017-10-30,290,290,287.25,288.75,867600,,,
2017-10-31,288.75,290.5,288.25,289.5,505200,,,
2017-11-01,289.25,290,287,288.25,461600,,,
2017-11-02,288.25,292.5,287.25,291.25,621600,,,
2017-11-06,291.75,294.25,289.25,292,954800,,,
2017-11-07,288.75,293.25,288.5,293,608800,,,
2017-11-08,300.5,320,300.25,317.5,5550000,,,
2017-11-09,318.5,318.5,307.5,311.25,2320000,,,
2017-11-10,307.75,317,307.75,312,1467200,,,
2017-11-13,311.5,313.75,310,310.25,553200,,,
2017-11-14,311.25,311.25,306,306.25,657200,,,
2017-11-15,300,301,290.75,292,1490400,,,
2017-11-16,290.75,293,288,291.5,632800,,,
2017-11-17,297,297.75,291.5,293,1161600,,,
2017-11-20,292,302.25,290.75,302,990800,,,
2017-11-21,305.5,311.5,305.5,309.25,1184400,,,
2017-11-22,307.5,311.75,305,309.75,763200,,,
2017-11-24,311.25,311.25,307.5,309,637600,,,
2017-11-27,311.5,311.5,306,307.75,515600,,,
2017-11-28,307.75,310.25,306.25,306.5,392400,,,
2017-11-29,308.75,311.75,306.75,311,511600,,,
2017-11-30,311.25,314.25,309,312,648000,,,
2017-12-01,312.25,312.5,306.25,309.5,672400,,,
2017-12-04,311.25,318,309,312.5,1323600,,,
2017-12-05,311.75,322.5,310.25,322.5,1540800,,,
2017-12-06,320,326.25,319.75,324,2103200,,,
2017-12-07,319.75,323.75,316,323.75,1082800,,,
2017-12-08,318.75,329.25,318.75,327.25,1372800,,,
2017-12-11,330,331.5,326.75,330.25,962400,,,
2017-12-12,330.75,330.75,326.75,329,848400,,,
2017-12-13,327.5,332,325.5,328.25,946400,,,
2017-12-14,327.75,332.5,324,327.75,1144800,,,
2017-12-15,329.25,331.75,322.25,325.75,1070800,,,
2017-12-18,325.75,327.25,322.75,324.5,815200,,,
2017-12-19,325.25,327.75,324,325,776800,,,
2017-12-20,323.25,323.5,319.5,320.5,912400,,,
2017-12-21,318.75,324.25,318,323.75,438400,,,
2017-12-22,325,327,320.5,321,759600,,,
2017-12-25,320,320.25,316,316.5,612400,,,
2017-12-26,316,319.75,315.75,316.75,533600,,,
2017-12-27,317,323.5,316.75,322.5,530000,,,
2017-12-28,323,323.75,320.25,321,292400,,,
2017-12-29,322,323.75,318,322.5,386800,,,
2018-01-04,330,330.5,323,326.25,608800,,,
2018-01-05,328.25,328.5,324.25,326.25,500000,,,
2018-01-09,330.5,334,329.25,332.75,1103600,,,
2018-01-10,332.75,332.75,326.25,326.75,354800,,,
2018-01-11,326,327.25,324.25,325.25,514400,,,
2018-01-12,325.25,326.25,322,322.25,660400,,,
2018-01-15,323.75,326,320.5,321,547600,,,
2018-01-16,320,320.75,318.75,320.25,397600,,,
2018-01-17,318.75,322.75,317,317.25,497200,,,
2018-01-18,321.5,322.25,316.75,317.25,504400,,,
2018-01-19,322.25,322.75,320,321.25,417600,,,
2018-01-22,324.5,324.5,318,320.5,391200,,,
2018-01-23,322,323,320.25,321.25,338400,,,
2018-01-24,319.75,322.5,319.75,322,296000,,,
2018-01-25,319.5,322.75,318.75,321.25,576000,,,
2018-01-26,323,324.5,321.5,324.25,432400,,,
2018-01-29,320.75,322.75,317.25,320.25,667600,,,
2018-01-30,318.75,320,311.75,313,1204800,,,
2018-01-31,312.25,314.5,309,309.25,645600,,,
2018-02-01,309,312,303.25,311,1190400,,,
2018-02-02,308.25,314,307.5,312.5,646000,,,
2018-02-05,307.75,311.75,305.25,305.75,686000,,,
2018-02-06,298.25,298.5,281.5,287,1079600,,,
2018-02-07,294.5,299.5,282,282,2223600,,,
2018-02-08,282,289.25,281,286.5,1399600,,,
2018-02-09,277.75,288.5,275.5,287.5,1658400,,,
2018-02-13,288.75,290,281.75,282.25,866000,,,
2018-02-14,281.75,282.25,276.25,278.25,652800,,,
2018-02-15,280.25,281.75,277.25,278,592000,,,
2018-02-16,280.25,284,280,282.5,449600,,,
2018-02-19,285.25,290,285.25,289.5,468400,,,
2018-02-20,291.75,294.5,288.25,294.25,585200,,,
2018-02-21,292.75,295,290.5,294,485600,,,
2018-02-22,291.25,291.25,286.25,289,640800,,,
2018-02-23,290.5,295.5,289.25,295.5,328400,,,
2018-02-26,297.25,298.25,293,296.5,678800,,,
2018-02-27,299.75,299.75,296,297.25,560800,,,
2018-02-28,297.25,300.25,295.75,297.75,566000,,,
2018-03-01,296.5,296.5,290.25,295,926800,,,
2018-03-02,290,291.5,287.75,289.75,540000,,,
2018-03-05,289,290.25,286.25,289.5,503200,,,
2018-03-06,291.5,296.5,291.25,292.5,470000,,,
2018-03-07,289.5,294.25,288,292,490000,,,
2018-03-08,293.75,293.75,285.25,286.25,541200,,,
2018-03-09,287,291.75,285.5,287.5,700800,,,
2018-03-12,291.5,294,290.25,292.25,473600,,,
2018-03-13,292.25,295.25,291.25,295,585600,,,
2018-03-14,296.75,299.5,294,296.75,710800,,,
2018-03-15,294,294.25,290,291.25,446400,,,
2018-03-16,292.5,294,290.25,292.25,588000,,,
2018-03-19,288.75,288.75,284,285.25,670400,,,
2018-03-20,282,283.5,278.5,283,771600,,,
2018-03-22,282.75,286.25,281.25,286,755200,,,
2018-03-23,279.25,279.75,273.5,274.75,1979600,,,
2018-03-26,272.5,273.75,267,273.25,1250000,,,
2018-03-27,275.5,284.25,275,284,993200,,,
2018-03-28,274,277,272.25,276.75,442400,,,
2018-03-29,279,280.25,275,278.25,450400,,,
2018-03-30,280,280.5,272.5,274.5,1947200,,,
2018-04-02,275.5,276,270.75,270.75,928400,,,
2018-04-03,269,272.25,262.75,269.5,1389600,,,
2018-04-04,270.5,277.75,268,273.75,1216000,,,
2018-04-05,273.5,274.75,268.5,270.5,1038400,,,
2018-04-06,271.5,273.25,270.5,271.5,861600,,,
2018-04-09,272.25,274,269.25,273,817200,,,
2018-04-10,273,279.5,271.5,278.5,1038400,,,
2018-04-11,282.5,284.75,282.25,283.25,985600,,,
2018-04-12,282.25,282.25,276.5,276.75,512000,,,
2018-04-13,277,277.5,274.25,276.75,759200,,,
2018-04-16,276.75,276.75,273.25,275.75,516000,,,
2018-04-17,276.75,277.75,274.5,275.25,398800,,,
2018-04-18,275.25,278.75,273.75,278.25,598000,,,
2018-04-19,279.25,284.25,275.75,283.75,650400,,,
2018-04-20,283.5,284.25,281,282.5,448400,,,
2018-04-23,283.25,285.25,282.5,283.75,477200,,,
2018-04-24,285.75,288.25,285,287.75,584400,,,
2018-04-25,285.5,292.5,284.75,292.25,622000,,,
2018-04-26,293.25,296.25,293.25,295,544800,,,
2018-04-27,296.5,298,295.25,297.75,698800,,,
2018-05-01,297.5,298,295,297.25,514000,,,
2018-05-02,298,299.5,294.5,294.75,991600,,,
2018-05-07,295,295,290.75,294.5,336400,,,
2018-05-08,295.75,298.75,295.25,297.75,686000,,,
2018-05-09,300,300.75,297.5,297.75,797600,,,
2018-05-10,297.75,297.75,291.5,296.5,624800,,,
2018-05-11,287.25,288.25,282,282.25,1800000,,,
2018-05-14,284.75,288.5,283,283.75,819600,,,
2018-05-15,283.75,286.25,283,283.5,911200,,,
2018-05-16,282.5,283,279,279.75,599600,,,
2018-05-17,282,284,280.25,281.5,634800,,,
2018-05-18,283.5,283.75,281.75,282.25,626000,,,
2018-05-21,281.25,283.5,280,281.75,599200,,,
2018-05-22,278.5,279.25,275,277.25,1181600,,,
2018-05-23,277,277,274.5,275.75,559200,,,
2018-05-24,275,275.25,269.5,269.75,780000,,,
2018-05-25,268,269.5,266,269,918400,,,
2018-05-28,269,271,267.75,271,736000,,,
2018-05-29,271,275.25,268.5,270.25,663600,,,
2018-05-30,267.5,270,264.75,267.25,984000,,,
2018-05-31,270.5,271,266,268.25,948000,,,
2018-06-01,267.25,274.25,265.5,272.25,877200,,,
2018-06-04,274.5,281.5,273.25,281,1216800,,,
2018-06-05,283.5,284,278.25,279.25,1299200,,,
2018-06-06,278,279,271.5,273,2018400,,,
2018-06-07,273,280,272,278.75,1113600,,,
2018-06-08,276.5,280.25,272,272.25,1142000,,,
2018-06-11,272.5,275.25,271.75,272,786400,,,
2018-06-12,274,276.5,273,273.5,974800,,,
2018-06-13,274,278.5,274,277,744800,,,
2018-06-14,276.75,285,276.75,283.5,1886000,,,
2018-06-15,284.5,285,280,280,801200,,,
2018-06-18,280.25,292.25,280,292,2648400,,,
2018-06-19,291.75,293.75,287,288,1407600,,,
2018-06-20,288,289.5,280.75,286.75,1111200,,,
2018-06-21,285,288.25,281.5,282.25,986000,,,
2018-06-22,280.75,288.25,277.75,287.5,1364400,,,
2018-06-25,286,289,283,284.25,1462000,,,
2018-06-26,283.5,288,280.25,287.25,841200,,,
2018-06-27,287.5,291,283.25,290,534800,,,
2018-06-28,289,290.5,285.5,288.5,612800,,,
2018-06-29,288.5,290.75,285.75,289.5,454000,,,
2018-07-02,290,293.25,285.75,286,1125600,,,
2018-07-03,290.5,290.75,281,282.25,707200,,,
2018-07-04,281,285.5,279.75,282.5,630800,,,
2018-07-05,282.5,285.5,279.25,280.25,523600,,,
2018-07-06,282.5,288,282.5,287,654000,,,
2018-07-09,296.25,300.75,293.5,297.5,2007200,,,
2018-07-10,299.5,304.5,295,302.5,1880400,,,
2018-07-11,305,308.75,300.75,307.5,1519200,,,
2018-07-12,308.75,309,303.5,306.25,1040400,,,
2018-07-13,307.5,308,303.75,305.25,588800,,,
2018-07-17,307.5,311.5,305.25,309.25,898400,,,
2018-07-18,312.5,314.25,310.75,311.25,810400,,,
2018-07-19,313.75,314.5,306.25,306.75,968000,,,
2018-07-20,309.5,311.25,304.25,308,1269600,,,
2018-07-23,307.75,310.5,304.75,309,845200,,,
2018-07-24,312.5,313.75,308,308.25,809600,,,
2018-07-25,305,308,304,304.25,1084800,,,
2018-07-26,306.5,309.75,305.25,308.5,990000,,,
2018-07-27,309.75,311.75,307.5,309.75,642400,,,
2018-07-30,308.5,314.75,308.5,311,1159200,,,
2018-07-31,309.25,309.75,303,305.75,813200,,,
2018-08-01,305,306,301,304.5,827200,,,
2018-08-02,304,307.5,304,306.25,553600,,,
2018-08-03,306.25,306.25,297.5,298.25,509600,,,
2018-08-06,296.75,297,290.5,290.5,607600,,,
2018-08-07,291,299,288.25,296.5,999600,,,
2018-08-08,334,348.5,331.5,344.75,7110800,,,
2018-08-09,344,345.75,329.5,332,3835200,,,
2018-08-10,331,344.5,327.75,343.25,2588800,,,
2018-08-13,340.25,344.25,334.5,341.5,1878400,,,
2018-08-14,336,340.5,333,340.25,1014800,,,
2018-08-15,341,346.25,339.5,341.25,1052400,,,
2018-08-16,337.25,343,336,341,851200,,,
2018-08-17,340,340.75,337.75,339.5,497200,,,
2018-08-20,339.5,343.25,334.75,335,615600,,,
2018-08-21,332.5,333,326.5,329,749600,,,
2018-08-22,326.75,331.75,324,329.75,1007200,,,
2018-08-23,333,337,329,329.75,723600,,,
2018-08-24,328.25,333.5,323.75,332.75,894400,,,
2018-08-27,333.25,336.25,329.5,336.25,734000,,,
2018-08-28,344,344,336.75,337.5,1000800,,,
2018-08-29,344,345.75,336.75,337.25,863600,,,
2018-08-30,340.75,345,339,343,1092000,,,
2018-08-31,346.25,352.5,344.75,350,1318000,,,
2018-09-03,351,351,343.25,348.5,1156800,,,
2018-09-04,348.75,349,341,343,560800,,,
2018-09-05,340.5,353.75,340.5,352.75,1370000,,,
2018-09-06,362.5,382.25,360.75,377.75,5365200,,,
2018-09-07,375,378.25,365.5,371.25,4008000,,,
2018-09-10,377.75,379.25,354,361.25,3475200,,,
2018-09-11,366.25,371,356.75,359.25,1574800,,,
2018-09-12,358,358,350.25,355.75,1156000,,,
2018-09-13,356.25,364.75,352.25,363.75,1060400,,,
2018-09-14,364.25,369.25,363.75,368.75,850000,,,
2018-09-18,362,370,360,367.5,675200,,,
2018-09-19,370,371,364.75,368,652400,,,
2018-09-20,370,382.5,366.5,378,1474400,,,
2018-09-21,382.5,390.75,376,389,2167200,,,
2018-09-25,387,394.75,385.75,392,2183600,,,
2018-09-26,396.25,399,390.75,395.25,1454400,,,
2018-09-27,396.25,404.75,391,398.75,1874800,,,
2018-09-28,411,415,398,406.25,2667200,,,
2018-10-01,401.25,404.75,383,383.5,3962000,,,
2018-10-02,385.5,396.5,383.5,385,2121200,,,
2018-10-03,385,398.5,385,391.75,2154400,,,
2018-10-04,395,395,387.5,392.5,1240400,,,
2018-10-05,387,395.5,385.75,390,927600,,,
2018-10-09,391,397.25,389.25,390,1135200,,,
2018-10-10,386.25,391.25,383.25,386.25,1134000,,,
2018-10-11,361.25,373.25,357.5,372,1820800,,,
2018-10-12,370.5,377,369,372.5,1431200,,,
2018-10-15,375.75,379.25,372.75,376.25,1097200,,,
2018-10-16,379.75,386.25,374,385.75,1538400,,,
2018-10-17,394,401.5,386.75,394.25,2198400,,,
2018-10-18,388.75,395,384.5,393.75,1781600,,,
2018-10-19,384.5,390.5,381.25,389.75,1510400,,,
2018-10-22,386.5,386.5,375.75,380.5,1349600,,,
2018-10-23,372.75,377.25,368.75,370.5,1004400,,,
2018-10-24,376.25,389.25,375,385.75,1280800,,,
2018-10-25,375.75,381.5,373.25,377,1291200,,,
2018-10-26,383.25,383.5,366.25,372,991200,,,
2018-10-29,373.5,380.5,369.75,370.75,602400,,,
2018-10-30,365,377.75,364,373.75,1641600,,,
2018-10-31,377.5,381.5,372,381.25,896800,,,
2018-11-01,381,390.25,378.75,390,1013200,,,
2018-11-02,390,390.25,373,378.75,910000,,,
2018-11-05,373.25,377.25,366.25,366.75,1098000,,,
2018-11-06,367.75,377.75,366.75,369.5,1205200,,,
2018-11-07,366.75,372.75,362.75,365.5,1523200,,,
2018-11-08,370.25,375,366.5,369.25,1259600,,,
2018-11-09,365,365,337.5,348.25,4076000,,,
2018-11-12,350,368.75,350,362.5,1946800,,,
2018-11-13,358.75,367.75,353.75,366.25,1566000,,,
2018-11-14,367.5,374,352,354,2183200,,,
2018-11-15,354,368.5,353.25,367.75,1082800,,,
2018-11-16,357.75,366,356.25,364.25,918800,,,
2018-11-19,371.75,372.25,364,370,793600,,,
2018-11-20,366.25,369.75,363.75,366.25,807200,,,
2018-11-21,360.5,364.75,358.5,364,629200,,,
2018-11-22,366.5,380.25,365.75,379.5,1611600,,,
2018-11-26,383.5,389,381,384,1240800,,,
2018-11-27,385.25,389.25,370.75,373.75,1372000,,,
2018-11-28,376.25,377.75,363,377.25,1622800,,,
2018-11-29,381.5,384.25,374.25,376,660000,,,
2018-11-30,385.75,389.25,381.75,386.25,1208800,,,
2018-12-03,385.25,389.25,383.25,385.75,720800,,,
2018-12-04,385.75,387,373.75,374.5,567200,,,
2018-12-05,367,380.75,365.75,379,603600,,,
2018-12-06,383,387.75,380.75,384.5,1434000,,,
2018-12-07,384.5,394.5,379.75,384.25,1259200,,,
2018-12-10,384.25,386,371.75,372.75,1160400,,,
2018-12-11,374.75,376,357.5,360.25,2396000,,,
2018-12-12,361.75,375,361.75,374.5,1394800,,,
2018-12-13,378.5,396.75,376,395.5,1801600,,,
2018-12-14,396.75,398.25,385,385.5,1699200,,,
2018-12-17,380.25,384.5,374.75,383.75,1032000,,,
2018-12-18,375.5,376,368.5,373,1219200,,,
2018-12-19,369,375,368.75,371.25,865200,,,
2018-12-20,369.5,369.5,358.5,360.75,1138000,,,
2018-12-21,357.5,358.25,338.75,342.5,1196800,,,
2018-12-25,322.75,329.25,319.75,326.25,1129600,,,
2018-12-26,332.75,338.75,332.5,337,1100400,,,
2018-12-27,351,357,346,356.5,856000,,,
2018-12-28,358.25,366.75,357,365.75,943600,,,
2019-01-04,353.5,357.75,349,356.25,1474400,,,
2019-01-07,363.75,366,359.25,360.25,1220400,,,
2019-01-08,358.75,371.5,356.5,360.5,1118800,,,
2019-01-09,360,367.75,358,360.5,1418800,,,
2019-01-10,359.75,362,355.75,360,835200,,,
2019-01-11,363,365.5,359.5,361.5,714000,,,
2019-01-15,356,363.25,355,359.75,516400,,,
2019-01-16,358,358.5,352.5,355.5,1279600,,,
2019-01-17,352.25,353.75,343.5,349.5,1380000,,,
2019-01-18,352.5,362,350.5,358.25,1046800,,,
2019-01-21,358.25,364.5,357.75,358,550800,,,
2019-01-22,356.25,356.25,346.5,351.5,1458400,,,
2019-01-23,342.25,344.25,334.5,338.25,1812000,,,
2019-01-24,338.25,339,334,338.5,1200800,,,
2019-01-25,334.5,337.25,331.75,334,1235600,,,
2019-01-28,332.25,335.75,330,330.25,814800,,,
2019-01-29,328,333.75,325.5,333.5,782800,,,
2019-01-30,336.25,337.25,327.25,327.5,848800,,,
2019-01-31,329.25,332,327,331.75,1076400,,,
2019-02-01,333,333,328.25,328.75,714400,,,
2019-02-04,328,339.5,327.5,339.25,816400,,,
2019-02-05,342,342.5,337.75,342.25,668400,,,
2019-02-06,342.25,348.5,341.75,346,1016800,,,
2019-02-07,340.75,342.5,336,340,901200,,,
2019-02-08,345.75,373,345.75,357.5,2928400,,,
2019-02-12,358.75,368.25,357.25,365.5,1185600,,,
2019-02-13,365.5,370.5,360,367.5,1023200,,,
2019-02-14,366.25,371.75,362,370.25,952400,,,
2019-02-15,366.25,368.5,361.75,364.5,683200,,,
2019-02-18,373.5,373.75,368.25,372,810800,,,
2019-02-19,369,380.75,368.5,378.25,1254800,,,
2019-02-20,377.5,383,374.25,377.5,862000,,,
2019-02-21,377.5,379.75,374.75,379,742000,,,
2019-02-22,374.75,378.75,372.5,378.25,538800,,,
2019-02-25,379.75,382.5,378.25,381.75,548400,,,
2019-02-26,381,382.25,377.75,379.75,523200,,,
2019-02-27,381.25,385.5,380.75,383.5,822400,,,
2019-02-28,383.75,386.5,380,383.75,642400,,,
2019-03-01,384.75,388.75,383,388,552800,,,
2019-03-04,388.75,392.25,386.75,391,602800,,,
2019-03-05,387,389.25,385,387.5,428800,,,
2019-03-06,384.25,387.5,381.75,384.25,532000,,,
2019-03-07,379.5,388,378.75,387,913200,,,
2019-03-08,381,388,379,383,1068800,,,
2019-03-11,381,391,381,389,678000,,,
2019-03-12,390.75,395.5,389.75,390.5,607600,,,
2019-03-13,387.5,390,382.25,384,482000,,,
2019-03-14,382.25,382.75,372.75,373.75,1034000,,,
2019-03-15,371.5,373.5,367.25,369,1098800,,,
2019-03-18,369.75,371.75,364.75,371.75,809200,,,
2019-03-19,370,370.25,360.5,362.25,903200,,,
2019-03-20,364.75,365.75,360.5,362.5,544000,,,
2019-03-22,364,364,357.5,361.5,1052000,,,
2019-03-25,349.25,352.75,346.75,350.5,956000,,,
2019-03-26,359.75,371.75,359.75,371,1133200,,,
2019-03-27,369,370,361.25,367.25,1066800,,,
2019-03-28,370,376.75,366.25,374.75,1298400,,,
2019-03-29,378.5,380.25,372,373,628800,,,
2019-04-01,378.5,378.5,370,371,696800,,,
2019-04-02,376.25,376.25,363.5,365.5,665600,,,
2019-04-03,359.75,365.25,355,365.25,765600,,,
2019-04-04,366.75,375.25,365.5,374.25,680800,,,
2019-04-05,371.5,376.5,369.75,371.5,505200,,,
2019-04-08,373.75,375.5,370.25,373.5,393600,,,
2019-04-09,373.5,374.5,361.25,365,494400,,,
2019-04-10,366.75,367.5,361.25,365,339600,,,
2019-04-11,362.5,367,359.25,361.5,1056000,,,
2019-04-12,365,370.5,362.5,366.5,550800,,,
2019-04-15,376,378.5,372,374.25,637600,,,
2019-04-16,371.25,372.75,355.25,364.25,1092000,,,
2019-04-17,362,364.75,358.25,364,552800,,,
2019-04-18,366.5,367,357.5,357.75,326000,,,
2019-04-19,358.75,362.25,356.5,358.75,350800,,,
2019-04-22,359.75,365,357.5,364,386000,,,
2019-04-23,361.75,366.75,361.25,362.75,831600,,,
2019-04-24,360.75,362.75,358.25,359.75,617600,,,
2019-04-25,359.25,362.5,354.5,361.75,716400,,,
2019-04-26,358.25,359,353.5,357.75,696400,,,
2019-05-07,358,363,357.25,357.25,576400,,,
2019-05-08,352.25,354.75,349.75,350.5,678800,,,
2019-05-09,346.25,346.25,340.25,341,690800,,,
2019-05-10,339.5,344.5,335,340.75,640800,,,
2019-05-13,345,361,343.5,350.75,933200,,,
2019-05-14,344,356.25,343.75,354.25,752800,,,
2019-05-15,357.25,358.25,348.75,349.75,331600,,,
2019-05-16,350.5,356,347.75,355,342000,,,
2019-05-17,358.75,358.75,354,356.5,262800,,,
2019-05-20,354.5,356.25,352,354.75,307600,,,
2019-05-21,351.25,353.75,348,349,234800,,,
2019-05-22,349.75,352.25,348,349,318400,,,
2019-05-23,345.5,345.75,336.25,338,869600,,,
2019-05-24,335,337.5,332,336.75,427600,,,
2019-05-27,339.5,343.25,335.75,338.25,746000,,,
2019-05-28,338.75,339.25,335.5,337.75,572400,,,
2019-05-29,334.25,336.25,331.25,335.25,506400,,,
2019-05-30,332,336.25,331.25,336.25,438000,,,
2019-05-31,336,336,331.75,333.25,534800,,,
2019-06-03,330.25,338.5,327.25,329,842000,,,
2019-06-04,331.25,334.25,329.5,332.5,926000,,,
2019-06-05,334.75,337.75,332.75,337,814800,,,
2019-06-06,337.75,344,337.75,340.5,654400,,,
2019-06-07,340.5,348,340.25,348,732400,,,
2019-06-10,351.25,355,349.75,353.5,598800,,,
2019-06-11,355.25,358.75,353.25,357,464400,,,
2019-06-12,357.25,362.25,357.25,360.5,744800,,,
2019-06-13,357.75,359.25,353.25,357.5,679200,,,
2019-06-14,359,361.25,355.25,360.25,676400,,,
2019-06-17,359.25,364,357,358.5,528400,,,
2019-06-18,357.75,360,346.25,347.5,1067200,,,
2019-06-19,352.75,355.75,350.75,351.25,633600,,,
2019-06-20,354.75,358,352.75,354.75,696000,,,
2019-06-21,354.75,355.25,345.5,346.25,1510800,,,
2019-06-24,345,349.25,341.75,346.5,776000,,,
2019-06-25,347.75,351.5,343.75,344.25,583600,,,
2019-06-26,342,342.75,338.25,338.5,669200,,,
2019-06-27,339.25,341.75,336.25,341.75,981600,,,
2019-06-28,341.75,345.5,338.75,343.75,505200,,,
2019-07-01,350,355.5,346.5,355.5,881600,,,
2019-07-02,356.25,358.5,355.25,357.25,293200,,,
2019-07-03,359.5,373,358.75,368.75,1274800,,,
2019-07-04,368.25,376.5,367,374.25,850800,,,
2019-07-05,374.25,374.5,366.75,367.5,429600,,,
2019-07-08,364.5,366,360.75,361.75,518400,,,
2019-07-09,363.5,364.5,354.75,355,677600,,,
2019-07-10,354.25,359,350.5,357.25,666000,,,
2019-07-11,362.5,365.25,358.75,364,481200,,,
2019-07-12,362.25,364.25,358.75,362.5,540000,,,
2019-07-16,358.25,358.75,355,356,438000,,,
2019-07-17,354.5,357.75,351,356.75,486400,,,
2019-07-18,356,357,349.25,351.25,671600,,,
2019-07-19,351.25,362,350,361,712800,,,
2019-07-22,362.25,365,359.75,359.75,514800,,,
2019-07-23,359.5,362,357.25,360.5,318000,,,
2019-07-24,362.5,362.5,359,360.5,348000,,,
2019-07-25,364.25,368,362.25,366.25,424000,,,
2019-07-26,363.5,367,361.75,364.25,387600,,,
2019-07-29,366.25,367.5,363.75,366.5,535600,,,
2019-07-30,366.25,368.5,361.25,363.5,664800,,,
2019-07-31,361.5,363,358.25,360.75,716000,,,
2019-08-01,358,362,357,360.5,304400,,,
2019-08-02,355.75,356.25,349.75,351.25,589600,,,
2019-08-05,347.5,348,337,341.25,782400,,,
2019-08-06,330.25,340,327,337,860800,,,
2019-08-07,332.5,334,320.75,328.75,1604000,,,
2019-08-08,331.5,333.25,324.5,331,723600,,,
2019-08-09,334.5,336.25,332.5,332.5,457600,,,
2019-08-13,327,328,321.75,325.25,669600,,,
2019-08-14,327.25,328.25,324.25,326.75,462000,,,
2019-08-15,319.25,327.75,316.75,326.25,729200,,,
2019-08-16,323.75,328,323.25,325,286400,,,
2019-08-19,328.5,330.75,327,330,484000,,,
2019-08-20,331,341.75,331,340.75,835200,,,
2019-08-21,338.25,340.25,334.75,339.25,502000,,,
2019-08-22,340,340,330.75,333.75,528800,,,
2019-08-23,333.75,335.25,331.25,334,476400,,,
2019-08-26,326.5,333,325.75,332.25,1216400,,,
2019-08-27,336.75,341.75,336.5,341,808000,,,
2019-08-28,341,341.75,333.5,337.5,664400,,,
2019-08-29,338.5,342,335,341.75,720800,,,
2019-08-30,343,349.25,340,347.75,901200,,,
2019-09-02,344.75,345.25,339,339.75,423600,,,
2019-09-03,337.75,341.75,337.5,338.75,204800,,,
2019-09-04,335.5,339.75,334,336.5,428800,,,
2019-09-05,340.25,349.5,340.25,345.25,806800,,,
2019-09-06,346.25,347.5,340.25,340.25,385200,,,
2019-09-09,342,345.25,340.5,344.5,261600,,,
2019-09-10,344.5,344.5,338.5,339.75,594000,,,
2019-09-11,340.5,344,339.25,344,646400,,,
2019-09-12,346,351,345,350,676400,,,
2019-09-13,350.75,352,345.75,351,640000,,,
2019-09-17,350.75,354,345,350.75,384800,,,
2019-09-18,352.25,352.25,348.5,351.25,402800,,,
2019-09-19,351.25,358.25,349.5,357.25,736800,,,
2019-09-20,357.25,357.25,352.5,354.25,633200,,,
2019-09-24,356.75,361.25,353.25,354.5,725200,,,
2019-09-25,354.5,357.25,350.75,357,399600,,,
2019-09-26,361.25,365.5,355.25,356,950400,,,
2019-09-27,359,359,350.75,353,760000,,,
2019-09-30,350.75,356,349.75,354.5,669600,,,
2019-10-01,353.75,361.25,353.75,356.5,532400,,,
2019-10-02,354.75,358.25,354.25,356.75,464400,,,
2019-10-03,348.75,348.75,345.5,348,614800,,,
2019-10-04,346.25,347.25,342.5,347,429200,,,
2019-10-07,347.5,350.5,346.25,348.25,451600,,,
2019-10-08,355,357.25,352,354.25,736800,,,
2019-10-09,353,359.75,351.75,358.25,1149200,,,
2019-10-10,360,363.5,354.25,362.25,1078000,,,
2019-10-11,366.75,372.5,361.5,371.75,1050800,,,
2019-10-15,387.5,388.75,377.75,381.25,2222800,,,
2019-10-16,388.75,403.25,386.5,401,3079200,,,
2019-10-17,402.5,407.25,396.25,398.5,2301600,,,
2019-10-18,401,402.75,395.5,396,1551600,,,
2019-10-21,397.5,403.5,395.25,402,1210400,,,
2019-10-23,404.5,405.5,397,402,1368000,,,
2019-10-24,403.5,409.5,399.25,408.75,1313200,,,
2019-10-25,410,421.75,410,420.5,2239600,,,
2019-10-28,426.25,427.25,420.75,424.75,2698400,,,
2019-10-29,426.75,433.25,425.25,430.5,1539200,,,
2019-10-30,430.5,436,428,434.5,2937600,,,
2019-10-31,435.25,436,428,432.25,822000,,,
2019-11-01,426,427.75,421,425.25,1054800,,,
2019-11-05,425.25,435,424.75,431,1292800,,,
2019-11-06,425,429.25,422,427.75,1537200,,,
2019-11-07,422.5,425,419.75,423.75,1652800,,,
2019-11-08,421.75,423,405,410,2954400,,,
2019-11-11,412.5,419,405.25,406,1453600,,,
2019-11-12,413.25,414.25,409.75,413.25,956400,,,
2019-11-13,415.25,415.5,407.5,408.75,861600,,,
2019-11-14,410,410,399,401.25,650800,,,
2019-11-15,400,405.5,397.5,400.25,868000,,,
2019-11-18,404.25,404.25,398.5,401,682800,,,
2019-11-19,399,399.75,395.25,399.5,612000,,,
2019-11-20,395,398.5,393.5,397.75,475600,,,
2019-11-21,397.5,403.25,393.5,402.25,840000,,,
2019-11-22,400.75,401,395.5,396.5,999600,,,
2019-11-25,397.5,400.75,396,400,862000,,,
2019-11-26,403.25,406.25,399.75,402,1201600,,,
2019-11-27,401.5,403.25,399.25,403.25,695200,,,
2019-11-28,400.75,400.75,393.75,397.75,1146400,,,
2019-11-29,390.5,390.75,381.25,387.75,2171200,,,
2019-12-02,390,397.75,387.5,396.75,1247600,,,
2019-12-03,388.5,395,384.5,393.75,1822400,,,
2019-12-04,389.5,394,388.5,394,1063200,,,
2019-12-05,395.5,399,392.75,399,1051200,,,
2019-12-06,404,411.5,404,411,1922400,,,
2019-12-09,415.25,416,408,410.75,1240000,,,
2019-12-10,412,413.25,409.25,409.75,812000,,,
2019-12-11,411,411,405.75,408.75,708400,,,
2019-12-12,404.5,408.75,403.75,403.75,800000,,,
2019-12-13,408.75,410,403.5,404.25,1055600,,,
2019-12-16,405,405.75,402,402.25,571200,,,
2019-12-17,404.75,405.5,401.5,405.25,572000,,,
2019-12-18,405.25,405.25,394.75,397.5,766400,,,
2019-12-19,395,398.75,393.25,394.25,479600,,,
2019-12-20,395.25,395.5,391.25,392.75,626000,,,
2019-12-23,394,394,388,390,533200,,,
2019-12-24,390,392.25,387.75,391.75,467200,,,
2019-12-25,389.75,391,389.25,391,295600,,,
2019-12-26,391.25,396.25,391.25,395.25,599200,,,
2019-12-27,398.5,399.5,396,397.75,527600,,,
2019-12-30,396,398.25,391,396,577200,,,
2020-01-06,388,390.25,384,389.25,1288000,,,
2020-01-07,392.75,397.25,392.25,396.5,828800,,,
2020-01-08,390,395,386.25,389,1101600,,,
2020-01-09,394.75,397.5,393,394.75,746400,,,
2020-01-10,394.75,395.25,391.5,392.5,511600,,,
2020-01-14,393,393.5,388,390,775200,,,
2020-01-15,386,388.25,385,388,923600,,,
2020-01-16,385,386.5,382.5,384.75,1078400,,,
2020-01-17,385,387,383,385.25,888800,,,
2020-01-20,386.25,390.25,385,389.75,911600,,,
2020-01-21,389.25,398,388,397.5,1302000,,,
2020-01-22,399.75,405.25,399.75,404.25,984000,,,
2020-01-23,405.5,408.5,402.75,405.25,1210000,,,
2020-01-24,403.5,403.5,399.75,399.75,585200,,,
2020-01-27,393,400,391,395.25,775200,,,
2020-01-28,390.25,400.25,389.25,398.5,1024400,,,
2020-01-29,397.75,399.75,391.5,394.5,877200,,,
2020-01-30,393.5,393.75,384.5,386.75,891200,,,
2020-01-31,388.75,392,385.75,387.25,508400,,,
2020-02-03,376.25,384.5,376,383.5,926800,,,
2020-02-04,380.75,386.5,380.25,386.25,513200,,,
2020-02-05,389,390.5,384.75,388,504800,,,
2020-02-06,390,402.5,389.75,400,1426800,,,
2020-02-07,385,393.75,379,392.5,2157200,,,
2020-02-10,391,391.25,385.5,388.75,610400,,,
2020-02-12,387.5,387.5,377.5,377.75,970400,,,
2020-02-13,379.5,380,376,377.5,461200,,,
2020-02-14,376.5,377.25,372.25,374.75,558400,,,
2020-02-17,372.5,372.5,366.75,368.75,614000,,,
2020-02-18,366.25,369.25,365.25,367.75,521600,,,
2020-02-19,368,371.5,367.25,368.75,489600,,,
2020-02-20,374.5,374.5,366.25,366.25,527600,,,
2020-02-21,366,369.5,363,365.5,793600,,,
2020-02-25,348.75,351.25,344.5,348.75,1649200,,,
2020-02-26,344.25,350.5,343,349.5,641600,,,
2020-02-27,350.75,351.25,337.75,339.5,1302000,,,
2020-02-28,326.5,333.5,326,327.75,1636000,,,
2020-03-02,319.75,336.5,319.75,330.5,1898400,,,
2020-03-03,335,335,322.25,322.25,1180400,,,
2020-03-04,319.75,330.5,319.75,326.25,760000,,,
2020-03-05,332.25,332.5,324.5,325.25,570800,,,
2020-03-06,320.25,323,314,314.5,815600,,,
2020-03-09,303.5,306.75,297.25,300,1099600,,,
2020-03-10,290.5,304.5,282.25,302.75,1382800,,,
2020-03-11,299.5,307.5,299.5,299.75,979600,,,
2020-03-12,295,298.25,286.25,290.25,1490000,,,
2020-03-13,276.5,282.5,265.5,277.75,2433600,,,
2020-03-16,277.75,282.5,270.25,271.25,1639200,,,
2020-03-17,264.75,291.5,261.75,289.5,1492400,,,
2020-03-18,292.5,302.25,283,283.75,1284000,,,
2020-03-19,287.5,293.25,281.25,282.75,900000,,,
2020-03-23,290.25,308,276.5,301.25,2178400,,,
2020-03-24,303.75,312.5,300,306.25,2045600,,,
2020-03-25,320,321,303,312.25,2425200,,,
2020-03-26,308.5,313.5,302.75,312.75,1373200,,,
2020-03-27,320.25,325.25,312.75,321.75,1555600,,,
2020-03-30,307.5,308,296.25,307.75,1828800,,,
2020-03-31,311.75,315.25,300,306.75,1418400,,,
2020-04-01,314.25,318,303,306.25,1438400,,,
2020-04-02,298.75,304.75,296.5,300.5,661600,,,
2020-04-03,299,309.25,293.75,297.75,896400,,,
2020-04-06,299.5,314.5,298.5,310.75,931200,,,
2020-04-07,316.75,324.25,308,318.5,666000,,,
2020-04-08,312.5,319,308,315.5,738400,,,
2020-04-09,318.75,319.5,306.75,313,794000,,,
2020-04-10,314.25,325.5,306.25,325.5,818000,,,
2020-04-13,323.25,324.5,316.75,323.25,542400,,,
2020-04-14,323.5,324.25,318.75,323.25,441600,,,
2020-04-15,321.75,322.5,315,317,657600,,,
2020-04-16,312.5,319.5,311,319.5,811600,,,
2020-04-17,323.75,324.25,314.75,315.25,650400,,,
2020-04-20,313.75,317,309.5,311,616000,,,
2020-04-21,306.75,309.75,304.5,307.25,451200,,,
2020-04-22,305.75,310.5,301.25,309.25,753600,,,
2020-04-23,316.5,324.5,314.25,324,978800,,,
2020-04-24,325.75,327.5,320.75,325.75,647600,,,
2020-04-27,332.25,332.5,326.75,329.5,746000,,,
2020-04-28,330,331.75,326,330.5,514000,,,
2020-04-30,337.5,340.5,333.25,337.5,954400,,,
2020-05-01,340,340.25,331.75,332.25,353600,,,
2020-05-07,331.75,341.75,330,340.5,656000,,,
2020-05-08,350,353.25,344.75,348.25,972000,,,
2020-05-11,352.5,360.75,352.5,360,663600,,,
2020-05-12,359.75,362.5,351,351.75,639200,,,
2020-05-13,347.5,352.5,344.25,351.75,388800,,,
2020-05-14,352,352.5,347.25,347.5,408000,,,
2020-05-15,333.5,351.5,332.75,350.5,1060800,,,
2020-05-18,350.5,350.5,338.25,348.5,647200,,,
2020-05-19,359.5,366.75,355,356,985200,,,
2020-05-20,366.5,368.5,356.25,358.75,502000,,,
2020-05-21,356.25,361.25,351.75,361.25,488000,,,
2020-05-22,358.75,362,356.25,359,409600,,,
2020-05-25,362.25,364.5,355.5,359.25,432800,,,
2020-05-26,359.75,361.5,357,361,615600,,,
2020-05-27,361.25,368,358.25,367.25,933200,,,
2020-05-28,370,370,363.5,367.25,490400,,,
2020-05-29,366,371,365.5,365.5,925200,,,
2020-06-01,363.75,369.5,358.75,368.25,744400,,,
2020-06-02,369,376.25,365.5,373,915600,,,
2020-06-03,377.25,382.75,373.5,374,935200,,,
2020-06-04,374.5,378,373.25,376.75,980000,,,
2020-06-05,382,396.25,378.75,391.75,1703600,,,
2020-06-08,394.25,403.75,385.75,388,1473600,,,
2020-06-09,389,389.25,385.75,388,405600,,,
2020-06-10,384,386.25,381,384.25,682800,,,
2020-06-11,382.75,383,374,374.5,570000,,,
2020-06-12,364,368.75,360.25,367,802800,,,
2020-06-15,365,367.75,357.25,357.25,911600,,,
2020-06-16,364.75,369.5,359.25,368.25,1174400,,,
2020-06-17,370,374.25,368,372.5,598400,,,
2020-06-18,373.25,373.25,367,371.75,491200,,,
2020-06-19,372.25,374.75,367,372.5,550000,,,
2020-06-22,368.75,373.25,367.75,368.25,531200,,,
2020-06-23,367.5,369.75,362.25,363,895600,,,
2020-06-24,358.75,362,355.25,356.75,1028400,,,
2020-06-25,353,357.25,351,355.75,814800,,,
2020-06-26,358.25,360.75,356,358,693600,,,
2020-06-29,353,356.5,349.5,350.75,658400,,,
2020-06-30,357.5,363.25,357,357,1220000,,,
2020-07-01,355.5,356.75,347.75,350.25,530000,,,
2020-07-02,349.25,350.75,341.75,342,482800,,,
2020-07-03,342.25,348.75,342.25,348,438800,,,
2020-07-06,358.5,365.25,355.75,359.75,1118000,,,
2020-07-07,363.75,365.75,352,358,1054400,,,
2020-07-08,365,371.75,363.5,364.75,2010800,,,
2020-07-09,366.5,372,361.5,368,1036400,,,
2020-07-10,368.25,369.25,362.5,363.75,663600,,,
2020-07-13,370,376.25,367.75,374.25,775600,,,
2020-07-14,371,374.5,369,374.5,553600,,,
2020-07-15,375,376.75,370.25,374.5,613600,,,
2020-07-16,376,379,374.75,374.75,452400,,,
2020-07-17,375,375.25,369.75,375,324400,,,
2020-07-20,376,382,372.5,380.75,577600,,,
2020-07-21,383,383,376.75,381.25,670800,,,
2020-07-22,382.5,385.5,380.25,381,516000,,,
2020-07-27,377.75,384.75,374,382,931600,,,
2020-07-28,381.5,383.25,379.75,383,523200,,,
2020-07-29,382,382,377.25,379.25,534000,,,
2020-07-30,380,380.25,373.75,374.5,538800,,,
2020-07-31,367.5,371.25,364.5,365.75,855200,,,
2020-08-03,367.25,370,360.25,363.5,630800,,,
2020-08-04,360.5,369.25,360.5,367.25,521200,,,
2020-08-05,365,368,361.5,368,522400,,,
2020-08-06,368,368.5,360.25,362.5,507600,,,
2020-08-07,387.25,399.5,375.75,389,2734000,,,
2020-08-11,392,394.25,385.25,393.75,1054800,,,
2020-08-12,397.5,403.5,392.75,401.75,1487200,,,
2020-08-13,403.75,403.75,390.75,397,990400,,,
2020-08-14,395.25,395.25,388.5,390.5,1187600,,,
2020-08-17,382.5,390.5,380.25,385,879200,,,
2020-08-18,389,392.75,385.5,391.75,750400,,,
2020-08-19,392,394,389.25,392.25,436800,,,
2020-08-20,391.25,394.5,388.5,392.25,474000,,,
2020-08-21,392.25,394.75,389.5,393.5,312000,,,
2020-08-24,393.5,396.75,389.5,395.5,226400,,,
2020-08-25,398.75,400,397,399,428800,,,
2020-08-26,400,401.25,396.25,400.25,673600,,,
2020-08-27,400.25,404,397.75,403.75,872400,,,
2020-08-28,404.75,411,393.5,395.5,1580400,,,
2020-08-31,400,405,398.25,402,705200,,,
2020-09-01,401,404.75,398.5,404.75,477600,,,
2020-09-02,403.75,409.5,401.5,409.5,538000,,,
2020-09-03,412.5,413.25,405.5,408.75,864800,,,
2020-09-04,402.25,413.25,400.5,413.25,1176000,,,
2020-09-07,406.25,407.75,394.75,397.75,1164800,,,
2020-09-08,404.75,404.75,397.25,401.5,589600,,,
2020-09-09,394.5,399.25,391.75,397,642800,,,
2020-09-10,397.75,399.75,394.5,397.25,493200,,,
2020-09-11,396.5,401.75,395.5,399,466400,,,
2020-09-14,402,405,400.25,403,409600,,,
2020-09-15,404.25,405.5,395.75,398.75,502800,,,
2020-09-16,399,402.25,395.25,396.75,444000,,,
2020-09-17,397.5,398.5,395.5,396.5,336000,,,
2020-09-18,400,409,400,405,1052400,,,
2020-09-23,399.25,404.5,396,401,720800,,,
2020-09-24,398.75,399.25,396,398.75,471600,,,
2020-09-25,400,405.5,399.25,400.5,846400,,,
2020-09-28,407.25,408,402.5,405.5,688800,,,
2020-09-29,408.75,409.5,403.25,404.75,686800,,,
2020-09-30,400.25,402.75,394.25,394.5,639600,,,
2020-10-01,#VALUE!,#VALUE!,#VALUE!,#VALUE!,0,,,
2020-10-02,395.75,397.25,385,386.25,566400,,,
2020-10-05,390,395,385.75,387,467600,,,
2020-10-06,390.75,393.25,387.75,391.75,303200,,,
2020-10-07,394.5,397,391,395.25,542400,,,
2020-10-08,399.75,404,396.75,399,748400,,,
2020-10-09,401.25,402,396.5,399.75,454400,,,
2020-10-12,399,401.25,392,398.25,395200,,,
2020-10-13,398.5,399.75,390,394.25,666800,,,
2020-10-14,392,393,388.75,389.25,331600,,,
2020-10-15,385,387.5,379.75,386,413200,,,
2020-10-16,383.5,385,381.5,383.5,316400,,,
2020-10-19,387.5,390.75,386.75,387.25,373200,,,
2020-10-20,387.25,393.5,386.25,388.5,608800,,,
2020-10-21,388.25,391,385.75,386.5,311200,,,
2020-10-22,383.75,383.75,379,381.5,440800,,,
2020-10-23,381.25,384.25,379,380,356000,,,
2020-10-26,381,383.75,379.5,383,328400,,,
2020-10-27,380.25,380.75,375,379.5,449600,,,
2020-10-28,375,376,368,373.25,664400,,,
2020-10-29,371.5,375.5,370.25,373.75,560000,,,
2020-10-30,373.5,373.5,367,368.75,568800,,,
2020-11-02,372.75,386,371.75,381.25,1182400,,,
2020-11-04,387.5,389,378,384.5,659200,,,
2020-11-05,382.5,397,378.75,395,959200,,,
2020-11-06,397,397.5,392.5,393.25,336000,,,
2020-11-09,397.25,397.25,391,393.75,560400,,,
2020-11-10,398.75,399,389,393.75,782000,,,
2020-11-11,397.5,414.5,396,412.25,1766800,,,
2020-11-12,417.5,422.25,413,418,1380400,,,
2020-11-13,416.5,416.5,408.5,409.75,444800,,,
2020-11-16,411.5,414.5,407.5,411.75,399200,,,
2020-11-17,410.25,410.25,400.75,405,687600,,,
2020-11-18,402.5,416,400.75,407.75,944400,,,
2020-11-19,408,418.25,407,417.25,974400,,,
2020-11-20,418.25,420.25,415,418.75,849600,,,
2020-11-24,424.5,430.25,424.5,426.5,976800,,,
2020-11-25,430,431.25,425.25,426.5,1010000,,,
2020-11-26,425.25,425.75,415.5,418.75,689200,,,
2020-11-27,418.75,433,417.5,430.5,1149600,,,
2020-11-30,435.5,435.75,418.75,418.75,1100800,,,
2020-12-01,422.5,424,414.75,420.25,972800,,,
2020-12-02,420.75,424.25,416.75,422.25,776400,,,
2020-12-03,422.75,425.5,418.25,420.75,362400,,,
2020-12-04,422,423,417.25,421.25,352400,,,
2020-12-07,424,430,420,429.25,753600,,,
2020-12-08,432.5,439.25,432.5,437.5,936000,,,
2020-12-09,441.25,444,433.75,444,827200,,,
2020-12-10,444,450,442.5,446.25,899200,,,
2020-12-11,443.5,446.5,439.25,446.5,530400,,,
2020-12-14,445,451,443,443.75,625200,,,
2020-12-15,443,448.25,440.75,442.5,723600,,,
2020-12-16,450,451.25,444.75,447.5,660800,,,
2020-12-17,446.75,448.25,438.25,447.5,708000,,,
2020-12-18,447.5,452.25,443,448.25,597600,,,
2020-12-21,448.25,451.5,447,448.25,456800,,,
2020-12-22,441.25,443.5,431.5,432.75,629600,,,
2020-12-23,437.75,439.75,434.5,439.75,340000,,,
2020-12-24,441,447.75,439.5,444.75,376400,,,
2020-12-25,446.25,448.25,444.25,447.5,278400,,,
2020-12-28,450,451.25,443.5,446,310400,,,
2020-12-29,448.75,452.5,445.5,452.5,470000,,,
2020-12-30,449,456.75,444,453.5,594400,,,
2021-01-04,450.25,452,438.5,442.5,554400,,,
2021-01-05,435.25,446.5,435.25,442.5,610400,,,
2021-01-06,441.25,441.5,432.75,438.75,608000,,,
2021-01-07,442.5,448.75,439.75,445.25,568800,,,
2021-01-08,438.75,441.5,435.25,441,877600,,,
2021-01-12,436.25,440.5,429.75,440.25,691600,,,
2021-01-13,433.75,441.5,432.5,436.75,504400,,,
2021-01-14,435,439.25,433.25,436.25,647200,,,
2021-01-15,434.75,438,425.75,427,559600,,,
2021-01-18,426.5,426.5,419.75,423.5,337200,,,
2021-01-19,424.25,424.25,417.75,420.75,605600,,,
2021-01-20,420.75,424.25,416.25,423.25,640800,,,
2021-01-21,425,428,422.75,423.25,481200,,,
2021-01-22,433.25,439,429,433.75,1323200,,,
2021-01-25,435,437.75,427.25,430.25,469200,,,
2021-01-26,427.75,431.5,426.75,427.5,336000,,,
2021-01-27,431,435.75,429,435.25,305200,,,
2021-01-28,430.5,444,429.5,440.5,846800,,,
2021-01-29,441,443,426.75,426.75,404000,,,
2021-02-01,424.5,433.5,420,431.5,348800,,,
2021-02-02,431.5,439.25,431,436,338400,147477600,0,0
2021-02-03,435.25,441.25,434.5,440.25,330000,144880000,0,0
2021-02-04,440.75,443,438.75,440,278400,122771300,0,0
2021-02-05,439.25,442.75,438.75,441.5,348800,153818900,0,0
2021-02-08,440.25,451,439,449,560800,250957700,0,0
2021-02-09,450.5,450.5,444.25,448.5,673600,302005400,0,0
2021-02-10,439.5,442.5,432.5,433.75,621600,271368900,0,0
2021-02-12,430,432.25,425.75,431.75,630800,270976000,0,0
2021-02-15,441.75,443.25,432.25,436,914000,399613000,0,0
2021-02-16,438.25,438.25,427.25,427.75,569600,244820200,0,0
2021-02-17,425.75,426.5,422,423.5,584800,247974900,0,0
2021-02-18,422.5,422.5,412.25,414.75,726800,302692900,0,0
2021-02-19,412.25,412.25,404,407.75,614800,250296500,0,0
2021-02-22,409.25,412.5,405.75,411.75,611600,250713200,0,0
2021-02-24,411.25,413.5,406,407,606400,247965400,0,0
2021-02-25,439.75,440.75,427.75,428.5,2010800,869482100,0,0
2021-02-26,425,448.5,423,441.5,2225600,977690500,0,0
2021-03-01,448,455,443.25,451,1874000,842600800,0,0
2021-03-02,455,455.75,443.5,448,1384400,621330800,0,0
2021-03-03,442.5,449.5,437.75,448,1370000,609345600,0,0
2021-03-04,448.25,452.5,444.75,445.5,876800,392879100,0,0
2021-03-05,443.25,449.75,440.25,449.75,704800,314028800,0,0
2021-03-08,454.5,454.5,445,446,655200,294658200,0,0
2021-03-09,453.75,454,440.75,442.5,1090800,484245100,0,0
2021-03-10,442.5,446.25,441.25,445.5,494400,219325000,0,0
2021-03-11,446.25,454.5,445.5,452.5,645600,291784700,0,0
2021-03-12,449.5,455,446,455,1004000,452380900,0,0
2021-03-15,458.25,468,458.25,465.75,1022400,475014800,0,0
2021-03-16,468,477.25,467.5,476,969200,459942700,0,0
2021-03-17,477.5,478.5,473.75,477.5,452400,215385500,0,0
2021-03-18,477.5,479,470.5,475.25,565200,268514700,0,0
2021-03-19,472.5,484.75,471.25,483.25,782000,375692500,0,0
2021-03-22,484.5,487.5,478.75,486,689200,333379900,0,0
2021-03-23,486.5,487,482,484.25,579200,280579300,0,0
2021-03-24,478.5,482.5,465.75,466.5,838800,395055100,0,0
2021-03-25,476.5,480.25,472,476,690400,328334500,0,0
2021-03-26,482.5,485.5,478,484.75,726400,350273000,0,0
2021-03-29,490,492.25,478.75,485.25,860000,416496100,0,0
2021-03-30,475.5,478.25,470.75,475,852400,404751800,0,0
2021-03-31,472.25,473.5,468,470,460800,217060500,0,0
2021-04-01,470,473,462.5,463.25,474800,221626800,0,0
2021-04-02,463.25,467.5,460.75,463.25,463200,214645700,0,0
2021-04-05,466.75,467.75,461,467.25,458400,213171000,0,0
2021-04-06,470.25,475.75,462.5,464.75,728800,342304200,0,0
2021-04-07,463.75,470.5,463.75,470.25,496000,231971600,0,0
2021-04-08,465,467.25,462,464.25,545200,253268000,0,0
2021-04-09,464,467.5,459.5,463.5,550800,255498600,0,0
2021-04-12,466.5,467.25,461.75,463.75,378400,175763200,0,0
2021-04-13,467,469.75,463.75,464,293200,136666300,0,0
2021-04-14,464,464,458.75,459.5,401600,184931400,0,0
2021-04-15,458.75,460.5,457.25,459.25,507600,232921900,0,0
2021-04-16,459.25,460.5,455.5,455.5,385600,176517500,0,0
2021-04-19,456.75,458.25,455.25,456.25,466400,212873000,0,0
2021-04-20,455,456,446.75,453,723200,327671200,0,0
2021-04-21,449.25,451.75,447.25,451.25,509200,229171900,0,0
2021-04-22,453,454.25,449.25,452.25,330800,149518900,0,0
2021-04-23,450.25,452.25,445.5,448.5,485200,217596300,0,0
2021-04-26,447,447.25,438.5,443,921200,407518700,0,0
2021-04-27,444.75,448.75,442.5,442.75,564400,251129500,0,0
2021-04-28,442,444.25,437,442.75,767600,338556600,0,0
2021-04-30,442.5,446.5,438.25,439,505600,223512500,0,0
2021-05-06,441.75,446.5,439,439,287600,127004300,0,0
2021-05-07,441,448.5,440.25,446.5,344000,153597700,0,0
2021-05-10,450,452,445,449.5,416000,186963000,0,0
2021-05-11,447.75,449.25,441.75,442.75,325200,144637800,0,0
2021-05-12,442.75,446,434.5,437.75,493200,216510700,0,0
2021-05-13,433.25,435.75,429,430.25,522400,225608600,0,0
2021-05-14,450.25,458,446.5,455,1386400,629365700,0,0
2021-05-17,459,459.25,448,451.5,528800,239482000,0,0
2021-05-18,454,456.25,450.75,454.5,244000,110800600,0,0
2021-05-19,450.25,454,449.25,452.75,353600,159785400,0,0
2021-05-20,453,459.75,449.75,459,438400,200279600,0,0
2021-05-21,460,462.5,455,455,344000,157507900,0,0
2021-05-24,458.5,468.75,458,468.5,746000,347570300,0,0
2021-05-25,470,472.5,464.5,464.75,598000,279906000,0,0
2021-05-26,459.25,460.5,457.5,458.25,363600,166824400,0,0
2021-05-27,456.25,456.75,450,450,626800,283667200,0,0
2021-05-28,451.25,454.5,451.25,454.25,498000,225626600,0,0
2021-05-31,452.5,456.25,451.25,454.25,489600,222230600,0,0
2021-06-01,457.75,458,451.5,453.5,776800,352676600,0,0
2021-06-02,458,463,454.5,458.5,763600,351230400,0,0
2021-06-03,459,466.5,459,466,718800,333882800,0,0
2021-06-04,466,466,461,463,475200,220084900,0,0
2021-06-07,464.75,467,457,458.25,504800,232095400,0,0
2021-06-08,459.5,462,458,461.25,218400,100544800,0,0
2021-06-09,459.5,461,456.5,457.5,270800,124019600,0,0
2021-06-10,453.75,457.25,451.75,456.75,472800,215012600,0,0
2021-06-11,453.75,456.75,450.5,456.25,512400,232719200,0,0
2021-06-14,458.25,461.25,455.75,455.75,390000,178568900,0,0
2021-06-15,455.75,456.75,453,453,336000,152624500,0,0
2021-06-16,451.25,455.5,451,455.5,310800,141086100,0,0
2021-06-17,454.25,455,451.75,454,234800,106456800,0,0
2021-06-18,454.25,455.25,451.25,453.5,442000,200405700,0,0
2021-06-21,448.75,448.75,444,444,598800,266724400,0,0
2021-06-22,449,458.25,448,458.25,425200,193464600,0,0
2021-06-23,460,460.75,452,453.5,420400,191415500,0,0
2021-06-24,451.25,456,449.75,454.75,407200,184814300,0,0
2021-06-25,460.5,462.5,455,456,404800,185216500,0,0
2021-06-28,458.25,458.5,454.25,456.75,272800,124563700,0,0
2021-06-29,453.25,456.25,450.75,451.25,277200,125517800,0,0
2021-06-30,451.25,454.25,450.5,451.5,559200,252740900,0,0
2021-07-01,456.75,459.25,450.75,451.75,336800,152839600,0,0
2021-07-02,451.75,456.75,451.75,456,258400,117595300,0,0
2021-07-05,465,467,461,462,645600,299505500,0,0
2021-07-06,465.5,469,463.25,466.5,852800,398504700,0,0
2021-07-07,466.5,470.25,465,468.75,630800,295611600,0,0
2021-07-08,468.5,469.75,463.5,463.5,572800,267152800,0,0
2021-07-09,457.5,460.75,452.25,459.25,762000,347239500,0,0
2021-07-12,471,477,469,476.25,704000,333730200,0,0
2021-07-13,480.5,487.75,480.5,483.75,761200,369148900,0,0
2021-07-14,483.75,498,483.5,493.5,1210800,597169300,0,0
2021-07-15,493.25,494.5,486,486,1011200,495147100,0,0
2021-07-16,482.75,489.75,479.25,480.25,596000,288006500,0,0
2021-07-19,477.25,478.75,469.25,469.75,633200,299081400,0,0
2021-07-20,467.5,477.25,466.25,472.5,607200,286586100,0,0
2021-07-21,482,486.25,478.5,479.25,683200,329423600,0,0
2021-07-26,486.5,486.5,481.25,485.25,393600,190557300,0,0
2021-07-27,486.25,489.5,484.5,488.25,433600,211180300,0,0
2021-07-28,487.75,493.75,486.75,493,549200,270011500,0,0
2021-07-29,490.75,496,489.5,490.75,490000,241021300,0,0
2021-07-30,486.25,491,484.75,489,492800,240682400,0,0
2021-08-02,494.25,495,491.75,492,378400,186674200,0,0
2021-08-03,493.75,497.5,487,487.5,493600,241884700,0,0
2021-08-04,486.25,488,483,484.5,370400,179819900,0,0
2021-08-05,480,485.25,476.25,477.5,544800,261260800,0,0
2021-08-06,470.25,480,466.25,476.25,634400,301144800,0,0
2021-08-10,475.75,478,469.5,470,678000,320324600,0,0
2021-08-11,475,475,464.5,470.25,742800,347900400,0,0
2021-08-12,476.5,478.5,473,475.5,398400,189616300,0,0
2021-08-13,478.5,480.75,474.25,476.75,509200,242693700,0,0
2021-08-16,483.25,484.5,473.75,478.25,888800,424665200,0,0
2021-08-17,474,475.75,469.5,471.75,472000,222689400,0,0
2021-08-18,472.25,483.25,472.25,479,492400,235808800,0,0
2021-08-19,475.25,479,473.25,476.5,398000,189679600,0,0
2021-08-20,475.25,478.75,468.75,471.25,580800,274082400,0,0
2021-08-23,477.25,479.25,471.75,473,653200,309774100,0,0
2021-08-24,477.25,477.25,471.25,472.5,348800,164991700,0,0
2021-08-25,473.25,475.75,471.25,472.25,250800,118734800,0,0
2021-08-26,474.5,475.5,471,473,296800,140178000,0,0
2021-08-27,471.25,473,469,471.75,310000,146085300,0,0
2021-08-30,473,478.5,473,478.5,388400,184765500,0,0
2021-08-31,474.75,483.75,474.5,481.25,466400,223916500,0,0
2021-09-01,477.5,481.5,476.25,480.5,483600,231628600,0,0
2021-09-02,480.5,483.5,478.5,483.5,365200,175777500,0,0
2021-09-03,483.75,494.75,483.5,489,756000,370746400,0,0
2021-09-06,492.5,498.75,490.25,494.75,661600,327709900,0,0
2021-09-07,498,501.5,491,492.25,715200,354354400,0,0
2021-09-08,490,497.5,488.5,497.5,552400,273153900,0,0
2021-09-09,491.5,495,490.25,493,412400,203048900,0,0
2021-09-10,491.5,501.25,491.5,500.75,605200,301549200,0,0
2021-09-13,499,511.5,497.25,511,719200,363978900,0,0
2021-09-14,511,513.5,500,508,900800,457199200,0,0
2021-09-15,498.75,500,491.5,493.25,850800,420656300,0,0
2021-09-16,493.25,498,489,498,685200,338404200,0,0
2021-09-17,500,503.5,497,502.75,659200,330144400,0,0
2021-09-21,485,492.25,484,488.5,704400,344143000,0,0
2021-09-22,485.75,490.25,484.5,487.75,539600,263180900,0,0
2021-09-24,497.25,497.75,491.75,494.5,470400,232386200,0,0
2021-09-27,494.25,497,487,487.75,499200,244115200,0,0
2021-09-28,487.5,489.25,478.5,487.25,784000,381590600,0,0
2021-09-29,483,488,477.5,480.5,1832400,884962600,0,0
2021-09-30,482.5,499.5,481.5,495,1098800,542805100,0,0
2021-10-01,490.25,497,490,492.5,947600,468110900,0,0
2021-10-04,500,500,487,489,525200,258139200,0,0
2021-10-05,482,483,475.75,480,562400,269585000,0,0
2021-10-06,481.5,488.5,476.75,480,561600,270146500,0,0
2021-10-07,480,485,479.75,481.25,464000,223735200,0,0
2021-10-08,491.25,498,491.25,492.75,830800,410878400,0,0
2021-10-11,495,501.5,493.25,501,674400,336285100,0,0
2021-10-12,499.25,501.5,497.75,498.25,463200,231356300,0,0
2021-10-13,501,504.75,499.75,502.5,568400,285660600,0,0
2021-10-14,502.5,503.25,497.75,502,375600,188037200,0,0
2021-10-15,504,510.75,503.5,509.25,646800,328689100,0,0
2021-10-18,507.5,507.75,503,504,410000,207006800,0,0
2021-10-19,506.25,511,506.25,508.5,411200,209116100,0,0
2021-10-20,511,514.25,505,506.25,545200,277783600,0,0
2021-10-21,506.25,506.25,498,499,531200,266285000,0,0
2021-10-22,494.25,500,491.75,498.75,557600,277187500,0,0
2021-10-25,499,500,492.25,492.25,486400,240842200,0,0
2021-10-26,495.25,498.5,493,493.5,506400,250553200,0,0
2021-10-27,496.25,498,494.25,496.75,494400,245506900,0,0
2021-10-28,496.75,504.75,495.25,502,2036800,1021962600,0,0
2021-10-29,498,505.25,494.25,505.25,468800,235388200,0,0
2021-11-01,510.25,511,502.75,508.75,494000,250126400,0,0
2021-11-02,511,514.75,507.25,509,554000,282858100,0,0
2021-11-04,515,519.25,510.25,517,1118800,576678600,0,0
2021-11-05,511.25,513.25,507.75,511.5,396000,202122300,0,0
2021-11-08,510.75,511.75,502.75,504.5,461200,233520500,0,0
2021-11-09,504.5,505.5,501.25,503,394000,198378000,0,0
2021-11-10,490.5,496.25,485.25,487.25,1130400,553004900,0,0
2021-11-11,489.25,489.75,483,485.5,713200,346567000,0,0
2021-11-12,487,501.75,487,500.5,569600,283232800,0,0
2021-11-15,500.25,504.75,495.75,496,448400,223488100,0,0
2021-11-16,499.5,499.5,492.5,493.75,418400,207315900,0,0
2021-11-17,495.75,495.75,489.25,490,473200,232685500,0,0
2021-11-18,489.25,492.5,487.5,491.25,420400,206029400,0,0
2021-11-19,495.25,499.5,492.75,497,681200,338451300,0,0
2021-11-22,507,510.5,499.25,508.5,805600,408506000,0,0
2021-11-24,510,516.25,507.5,508,731600,374594800,0,0
2021-11-25,511.25,511.25,504.25,506,394400,199571600,0,0
2021-11-26,503.75,503.75,494.25,498,515200,256372900,0,0
2021-11-29,496.75,497,489.25,491.5,685200,337859500,0,0
2021-11-30,503.75,511.25,501.5,506.25,1334000,676396600,0,0
2021-12-01,508.25,517,502.25,514.5,1084400,556481900,0,0
2021-12-02,510.75,520.5,509.75,515.5,760400,392121200,0,0
2021-12-03,517.5,520.5,513.75,520.25,396000,205352800,0,0
2021-12-06,519.5,521.75,509.75,511.5,566400,290652300,0,0
2021-12-07,510.25,518.75,506,516.75,752400,385294800,0,0
2021-12-08,520,520,505.25,506.75,724800,369626200,0,0
2021-12-09,510,511.25,500.5,505.25,749600,378242500,0,0
2021-12-10,503.5,507,499.25,500.5,772400,388071900,0,0
2021-12-13,506.75,509.5,498.75,506.75,482800,244213400,0,0
2021-12-14,510,512.5,506.25,507.25,698800,355022400,0,0
2021-12-15,507.5,510,504.25,505,382800,193831500,0,0
2021-12-16,507,508,503.25,505.75,506400,255756700,0,0
2021-12-17,506.75,507,501.5,505.25,578000,291564800,0,0
2021-12-20,500.5,502.25,492.5,492.75,793600,393370900,0,0
2021-12-21,501.5,504.75,496.25,498.25,696800,348769300,0,0
2021-12-22,495,496,492.5,494.25,458800,226606000,0,0
2021-12-23,495,496.75,490.75,496.75,494800,244497700,0,0
2021-12-24,496.75,496.75,491.5,491.75,302000,148863000,0,0
2021-12-27,493.25,493.25,484,486,544000,264793800,0,0
2021-12-28,491.75,493.5,489,492,449200,220553700,0,0
2021-12-29,491.5,500.25,491.25,500.25,349200,173709700,0,0
2021-12-30,498,498.75,493,495.25,359600,178304200,0,0
2022-01-04,500.25,500.25,492.5,494,489600,241800900,0,0
2022-01-05,494,494,488,490.25,637600,312766700,0,0
2022-01-06,485,486.25,480,483.25,782000,378358500,0,0
2022-01-07,483.5,487,476.25,480.5,684000,328175300,0,0
2022-01-11,481.25,485.5,470.25,474.5,644800,306375900,0,0
2022-01-12,478.75,483.25,477.25,478,373600,179314300,0,0
2022-01-13,478.5,480.25,472.75,473.75,567200,269468300,0,0
2022-01-14,472.25,476.25,468.25,475,606400,286708300,0,0
2022-01-17,475.5,480.25,474.25,477,373200,178146800,0,0
2022-01-18,476.5,477.25,468.25,468.25,377600,177948900,0,0
2022-01-19,464.5,465,457.25,459,661600,304529900,0,0
2022-01-20,455,467,455,463.75,669200,309755900,0,0
2022-01-21,463,465,459.25,463.5,374800,173388100,0,0
2022-01-24,461.75,473.25,461.5,472.25,394400,185097900,0,0
2022-01-25,463.75,473,463.75,472,604000,283634300,0,0
2022-01-26,472,473,462.75,465,506400,236030300,0,0
2022-01-27,466,468.75,453.5,457.25,739600,339429100,0,0
2022-01-28,460.5,464.25,459.75,464,473200,218749500,0,0
2022-01-31,464,468.75,461.5,466.25,412000,191890800,0,0
2022-02-01,466,468.5,459.25,460,560000,259096300,0,0
2022-02-02,457.75,466.5,453,466.5,563200,259577100,0,0
2022-02-03,457.5,462.5,456.25,462,552000,253862900,0,0
2022-02-04,462,464.25,458,461.25,345600,159328400,0,0
2022-02-07,457.75,463.75,457.75,462.75,316400,146014700,0,0
2022-02-08,465.75,465.75,457.5,458.5,486800,224166600,0,0
2022-02-09,458.75,473.75,455.5,471.75,1183600,552843800,0,0
2022-02-10,473.5,478.25,472.5,477,735200,349470700,0,0
2022-02-14,472.5,483.5,471.25,480.25,1025600,490633100,0,0
2022-02-15,484.25,487,472.5,477,980000,466938900,0,0
2022-02-16,481,487.75,477.75,486.25,704400,340688500,0,0
2022-02-17,486,489,482.25,484,507200,246335800,0,0
2022-02-18,478,481.5,477.25,480.5,568800,272528900,0,0
2022-02-21,480.25,486.5,477.25,485.5,503200,243320400,0,0
2022-02-22,482.5,483.75,476.75,482.25,442400,212642800,0,0
2022-02-24,478,484.75,477.25,484.25,750800,361739100,0,0
2022-02-25,485,486,475.5,477.5,655200,313625300,0,0
2022-02-28,478,489.5,478,488.25,653200,317538800,0,0
2022-03-01,491.5,492,481.25,482.5,574800,278731500,0,0
2022-03-02,479.5,479.75,476.75,476.75,686000,327811200,0,0
2022-03-03,479.5,482,477.5,479,534400,256214600,0,0
2022-03-04,476.5,476.75,469,473.25,833600,394463200,0,0
2022-03-07,472.5,474,469,470.5,460000,216810800,0,0
2022-03-08,467.25,469,463,464.25,719600,334782000,0,0
2022-03-09,460.75,470.25,459.5,465.5,931200,432711600,0,0
2022-03-10,471.25,481.5,469.75,481.5,804000,384227700,0,0
2022-03-11,477.25,482.5,476.25,479.5,803200,385047500,0,0
2022-03-14,483.75,488.5,480.5,483.75,802400,388438400,0,0
2022-03-15,487,494.25,485.5,493.5,952400,467815000,0,0
2022-03-16,493.75,494.25,485.75,491.75,1170000,574500700,0,0
2022-03-17,501.75,506.5,492.75,496,1154400,575163400,0,0
2022-03-18,491.75,494,487,488,992000,485341300,0,0
2022-03-22,491.5,499.5,487.5,494.5,790800,391131800,0,0
2022-03-23,499.25,506,495.25,501.75,781200,392356700,0,0
2022-03-24,499,503,497.5,502.5,436400,218453900,0,0
2022-03-25,503,504.75,500,501.25,506400,254139300,0,0
2022-03-28,503,503.25,497,500.25,392400,196230200,0,0
2022-03-29,500.25,504.5,495,502.75,753200,377019000,0,0
2022-03-30,495.5,496.25,487.5,495.75,1164400,574841200,0,0
2022-03-31,490.25,496.5,488.25,488.25,622800,305975100,0,0
2022-04-01,483.5,488.5,478.25,485,1017200,493706900,0,0
2022-04-04,481.25,490.5,481.25,489.25,610400,297606500,0,0
2022-04-05,487.25,491.5,485.75,487.75,582800,284661700,0,0
2022-04-06,481.5,488.5,481.5,481.75,566400,273421200,0,0
2022-04-07,474.75,480.75,474,477.75,726000,346820300,0,0
2022-04-08,481.5,485.25,474.75,477.75,751600,359482000,0,0
2022-04-11,478.25,483.75,478,482.25,553600,266821400,0,0
2022-04-12,484,485,475.5,477.75,625600,299659100,0,0
2022-04-13,477,480.5,474.5,479.5,538400,256634000,0,0
2022-04-14,477.5,481,477.5,480.75,300800,144344100,0,0
2022-04-15,479.75,481.25,477.75,479.5,290000,138973300,0,0
2022-04-18,477.75,479.25,473.5,477.5,498400,237672700,0,0
2022-04-19,477.5,482.5,477,480.5,322400,154974800,0,0
2022-04-20,484.25,486.5,481.25,485.25,412400,199727200,0,0
2022-04-21,484,485.25,479.25,481,391600,188490200,0,0
2022-04-22,477,479,473.75,474.75,448400,213356200,0,0
2022-04-25,466.5,476.25,466.5,475,335600,158884000,0,0
2022-04-26,477.25,477.75,472.5,474,391600,185793700,0,0
2022-04-27,470.25,471,466.5,467,1163600,544735100,0,0
2022-04-28,467.75,485.5,467.75,485.5,718000,345434900,0,0
2022-05-02,481.25,482.75,474.25,475.5,520800,248132500,0,0
2022-05-06,478.75,482,474.75,475,431600,205862100,0,0
2022-05-09,470.5,475,469,472.5,672800,317484500,0,0
2022-05-10,470,471.75,467,468.5,730800,342632000,0,0
2022-05-11,467,471.25,465.5,468.25,447200,209457700,0,0
2022-05-12,471.25,474.75,469.5,469.5,541600,255427700,0,0
2022-05-13,459.5,461.5,428.75,435.75,3856000,1679797600,0,0
2022-05-16,438,445.75,429.25,431.75,1561600,681576900,0,0
2022-05-17,433.75,437.5,420.25,421.5,1556000,661417600,0,0
2022-05-18,423.5,423.5,417.5,421.5,858800,361175800,0,0
2022-05-19,421,430,420,428.5,1089600,463964100,0,0
2022-05-20,428.5,428.75,419.75,423.75,804000,340442600,0,0
2022-05-23,424,425.75,421.25,423.25,794800,336193200,0,0
2022-05-24,422,422,412,413.25,972800,403384600,0,0
2022-05-25,416,419,413,417.25,898000,373832300,0,0
2022-05-26,417.5,420,414.25,418.5,852000,356390800,0,0
2022-05-27,421,421.25,412,416,1037600,431142500,0,0
2022-05-30,417.5,421.5,416.25,418.75,1276000,534341200,0,0
2022-05-31,421.75,425.25,419.5,420.25,1268000,533495400,0,0
2022-06-01,419.5,426.75,419.25,426.5,598000,254248000,0,0
2022-06-02,428.75,431.75,425.5,430,576400,247391100,0,0
2022-06-03,433.5,434.5,430.75,431,602800,260626600,0,0
2022-06-06,430.75,431.25,426.25,429,645600,276667900,0,0
2022-06-07,431.5,436.25,429.5,433,1028800,445827200,0,0
2022-06-08,441.25,449.5,437.75,445.5,1783600,793024300,0,0
2022-06-09,443,447.75,438.75,446.75,1185600,527045600,0,0
2022-06-10,442.5,449,442.25,445.5,933600,416144200,0,0
2022-06-13,442,447.75,440.75,444.25,1144000,508812500,0,0
2022-06-14,443,448.5,442.5,447.25,1050400,468197300,0,0
2022-06-15,449.75,452,447.25,447.25,966000,433616900,0,0
2022-06-16,450.75,455.5,449.5,452.75,1071200,485490500,0,0
2022-06-17,447.75,455.25,446.75,453.25,1211600,547992700,0,0
2022-06-20,456,456.75,442.75,444.5,918800,409158100,0,0
2022-06-21,452,453,448.75,450.5,501600,226106900,0,0
2022-06-22,455.5,460.75,453.75,457.25,669200,306333100,0,0
2022-06-23,450.75,458.25,450.25,456.25,716000,326077700,0,0
2022-06-24,456.25,459.75,453.75,459.25,484400,221579500,0,0
2022-06-27,461,462.25,454,457,548000,250521100,0,0
2022-06-28,466,466.25,460.75,463.75,839200,389179700,0,0
2022-06-29,463,466.5,459.5,464,724800,336492200,0,0
2022-06-30,461.75,467.25,460,464,768000,356939600,0,0
2022-07-01,466.5,468.75,457,459.25,526000,242505400,0,0
2022-07-04,462.25,465,452,462,642800,296273500,0,0
2022-07-05,467,467,462.25,463.5,350000,162571400,0,0
2022-07-06,462.5,463.75,458,459.5,327200,150505900,0,0
2022-07-07,463.25,466,462,463,470000,218046200,0,0
2022-07-08,460.25,468.75,459.75,463,816000,379038100,0,0
2022-07-11,465.25,471,465,469.75,452400,212136200,0,0
2022-07-12,470,470,463.5,466.25,397200,185030400,0,0
2022-07-13,464.25,465.25,462,462.25,271200,125571700,0,0
2022-07-14,462.5,462.75,458.5,461.25,314400,144763000,0,0
2022-07-15,460.25,467.75,460.25,464.25,363600,168632700,0,0
2022-07-19,464.5,469.25,464,468.75,527600,246583400,0,0
2022-07-20,471.5,476.5,470.5,474.75,500800,237693300,0,0
2022-07-21,474.25,479,472.25,478.25,428800,204376200,0,0
2022-07-22,479.25,480.25,475.5,478.5,406000,194141700,0,0
2022-07-25,478.5,482.75,478.5,481,386400,185911100,0,0
2022-07-26,481.75,488.75,481.5,487.75,548800,267068900,0,0
2022-07-27,487.75,488.75,485.5,486.75,463600,225843400,0,0
2022-07-28,485.25,489.75,484,488.75,476400,232157000,0,0
2022-07-29,491.25,493,488.25,490.25,588400,288748200,0,0
2022-08-01,490.25,490.25,484,487.25,580800,282481900,0,0
2022-08-02,483.75,484,480.5,482.5,442000,213195200,0,0
2022-08-03,479,480.25,476.25,478.75,504400,241120900,0,0
2022-08-04,481.75,483.25,479.5,481.75,432000,208148100,0,0
2022-08-05,482.5,483.5,481.25,482.25,501200,241720300,0,0
2022-08-08,483.5,485,480.25,482.5,350400,169038000,0,0
2022-08-09,486.25,486.5,476,476.75,418400,200612200,0,0
2022-08-10,462.5,467,456.25,462.5,1016000,470221900,0,0
2022-08-12,467,472,462.75,465.75,650800,303725700,0,0
2022-08-15,469.5,469.5,463,464.25,270800,125842200,0,0
2022-08-16,464,464,459.25,463.25,455600,210368300,0,0
2022-08-17,463.75,469,463.75,466,324400,151212700,0,0
2022-08-18,465,465,460,461.75,432000,199486200,0,0
2022-08-19,464.75,466.25,461.5,465.5,214000,99417100,0,0
2022-08-22,462.5,465.25,462.25,463.25,160400,74358900,0,0
2022-08-23,461.5,461.75,458.5,459,285600,131288100,0,0
2022-08-24,461,464,459,464,260400,120435300,0,0
2022-08-25,464,467.25,462.75,465,202400,94136200,0,0
2022-08-26,467,469,465.25,467,319600,149285700,0,0
2022-08-29,462,466.5,460,466.5,343600,159369800,0,0
2022-08-30,467.25,468.5,465.5,466,278400,129816100,0,0
2022-08-31,462,466,461.25,462.75,530000,245436600,0,0
2022-09-01,462.75,466.75,462.5,466,460400,214098300,0,0
2022-09-02,468.5,478.5,467.5,471,752000,354458800,0,0
2022-09-05,471.75,477.5,469.75,474.25,458800,217513900,0,0
2022-09-06,476.75,476.75,471.75,472.75,578800,274155400,0,0
2022-09-07,473.5,473.5,466.75,469,350000,164276300,0,0
2022-09-08,475,482.25,475,480.75,636000,305147000,0,0
2022-09-09,477.25,483.25,476.5,481.25,572800,274834100,0,0
2022-09-12,482.75,483.75,480.5,482.25,237600,114606500,0,0
2022-09-13,483.75,485,480.5,484.25,304400,147270800,0,0
2022-09-14,479.75,480.75,477.5,478,425600,203697000,0,0
2022-09-15,482.5,482.75,479,482.25,242400,116605500,0,0
2022-09-16,479.25,483.5,479.25,482,312400,150508000,0,0
2022-09-20,488.25,490.25,486.5,487,469200,229064700,0,0
2022-09-21,486,487,481.75,484.25,359600,174216700,0,0
2022-09-22,480.75,487.5,480,486.25,492800,238818800,0,0
2022-09-26,482.25,491,482,486.25,537200,261896800,0,0
2022-09-27,485.5,488,479,480,596400,288104100,0,0
2022-09-28,477.75,484.75,477.75,484.5,655600,316623400,0,0
2022-09-29,487,490.25,483.75,489.75,370800,180959500,0,0
2022-09-30,485.75,486.5,475.5,476,474000,227265700,0,0
2022-10-03,478.5,479.5,474.25,479,437600,208989400,0,0
2022-10-04,488.25,493.25,488,492.75,498000,244676200,0,0
2022-10-05,493.25,496,492.25,493.25,394000,194572200,0,0
2022-10-06,492.75,493.75,490.5,491,648000,318721200,0,0
2022-10-07,490,494.75,489,493.75,427200,210397300,0,0
2022-10-11,490,496,490,493,390800,192484400,0,0
2022-10-12,491,494,488.25,492,362400,178199100,0,0
2022-10-13,492,496,491.25,492,498400,245903900,0,0
2022-10-14,495,498,494,495,492000,244124000,0,0
2022-10-17,493.75,494.5,488.5,489,348400,170756800,0,0
2022-10-18,493.5,495,492,493.5,240400,118597900,0,0
2022-10-19,494.25,500.5,494,500.5,356400,177794000,0,0
2022-10-20,498.75,502.5,497.5,500.25,284800,142422900,0,0
2022-10-21,499.25,505,499.25,501.5,286400,143863600,0,0
2022-10-24,501.5,503.25,496.5,496.5,278000,138904100,0,0
2022-10-25,499.5,508,499,505.25,655600,330757400,0,0
2022-10-26,506.5,509.5,506.25,507.25,389200,197407500,0,0
2022-10-27,506.25,506.25,499.75,499.75,322800,161916400,0,0
2022-10-28,496.75,500.5,494.25,497.25,1215600,604432700,0,0
2022-10-31,500,507.5,500,507.25,453200,228829900,0,0
2022-11-01,506.5,508.5,498,499,337600,169644900,0,0
2022-11-02,499.75,504,496,497,675600,336895900,0,0
2022-11-04,495,498.5,491.75,492.5,326800,161249100,0,0
2022-11-07,494.75,498.75,491.75,497.25,431200,213988800,0,0
2022-11-08,500,502.25,488.75,490.75,714800,352177400,0,0
2022-11-09,490.75,495,488.5,493.75,474000,233501400,0,0
2022-11-10,528.25,538.5,523.25,528.25,1778400,941372600,0,0
2022-11-11,530,531,505.5,507.5,1038800,534246500,0,0
2022-11-14,500.5,500.75,485.25,486.25,932000,457315900,0,0
2022-11-15,485.25,488.5,482,486.25,510400,248178000,0,0
2022-11-16,486,489.75,482.75,488.5,423600,206261400,0,0
2022-11-17,486.75,489.25,483.5,485.75,428400,208209900,0,0
2022-11-18,486.25,490,484.5,488.25,374400,182704100,0,0
2022-11-21,491,491.25,484,489.25,398800,194438400,0,0
2022-11-22,499.25,504.75,494.25,504,345600,173456400,0,0
2022-11-24,525,525,513.5,523,698800,363962100,0,0
2022-11-25,522,522.75,517,521,338000,175946100,0,0
2022-11-28,519,522.75,512,521.75,473200,245624300,0,0
2022-11-29,517.25,519.75,515.5,515.75,364400,188361400,0,0
2022-11-30,515.5,522.25,515.5,517,571600,296295500,0,0
2022-12-01,513,517.25,502.75,504,450400,227929900,0,0
2022-12-02,497.75,498.75,487,496,783600,385815200,0,0
2022-12-05,497.5,498.25,489,493,504800,248623500,0,0
2022-12-06,492.5,494,488.75,491,636800,312824200,0,0
2022-12-07,490,499.75,489.75,495.75,488800,242762500,0,0
2022-12-08,495.25,495.25,486.75,489.5,402400,196826200,0,0
2022-12-09,486.25,492.25,485,488.5,493600,240710500,0,0
2022-12-12,488.75,488.75,482.5,482.75,268000,129793900,0,0
2022-12-13,484.25,490,484.25,488.5,318400,155432000,0,0
2022-12-14,490.75,491,484,486.25,475200,231251200,0,0
2022-12-15,488,490.5,485.75,485.75,154000,75036500,0,0
2022-12-16,485.25,488.75,483.25,486,408800,198688400,0,0
2022-12-19,487.5,488.25,483,484.5,184400,89422900,0,0
2022-12-20,486.5,488,476.25,477.75,367200,176620200,0,0
2022-12-21,475,475.75,469.25,472.25,593600,280687900,0,0
2022-12-22,476,477.5,473,476.5,346800,165047500,0,0
2022-12-23,474.5,475,470.75,474.75,346000,163935000,0,0
2022-12-26,475,475,472.25,474.75,200800,95198800,0,0
2022-12-27,478.25,480.5,476.75,479,273600,130933500,0,0
2022-12-28,477,480.75,476.25,480.25,248400,119055000,0,0
2022-12-29,478.75,478.75,472.25,476.5,505600,240070600,0,0
2022-12-30,474.75,478.25,473.25,473.25,304000,144458400,0,0
2023-01-04,471,471,463.75,464.25,350800,163447500,0,0
2023-01-05,462.5,462.5,453.75,454.25,524800,239637000,0,0
2023-01-06,453.75,456,450.5,454.25,528000,239875600,0,0
2023-01-10,458.75,461.75,456.5,457.5,473200,217094300,0,0
2023-01-11,461.5,461.75,458,458.5,260800,119772100,0,0
2023-01-12,458.5,462,458,462,344800,158705000,0,0
2023-01-13,459.5,465.25,459.5,463.25,393600,182394200,0,0
2023-01-16,457.5,458.5,454.75,455,375600,171355600,0,0
2023-01-17,455.25,459.5,452.75,458.5,318000,145569400,0,0
2023-01-18,458.5,468,457,464,353600,163744900,0,0
2023-01-19,463.75,470.5,461.75,467.5,316400,147838400,0,0
2023-01-20,466.75,470.25,464.25,466.75,434000,202368000,0,0
2023-01-23,469.75,470.25,466.25,469.75,330400,154761300,0,0
2023-01-24,469.75,472.25,466.5,471.75,379200,178200000,0,0
2023-01-25,474.5,477.5,471.5,474.25,243600,115679100,0,0
2023-01-26,474.75,476.5,473.25,475,212000,100671400,0,0
2023-01-27,475.75,476.75,471.75,473.5,226800,107384500,0,0
2023-01-30,472.25,477.75,472,476.5,304400,144883200,0,0
2023-01-31,476.5,483,476.5,481.75,425600,204658600,0,0
2023-02-01,482.5,482.5,468.5,469.25,350000,165620500,0,0
2023-02-02,467.5,468.25,462.25,464.75,428400,199125800,0,0
2023-02-03,460,461.5,458.25,461,310400,142768700,0,0
2023-02-06,465.75,466.25,460,460.75,311600,143802400,0,0
2023-02-07,460.75,464,459,463.75,377600,174441200,0,0
2023-02-08,463.25,467.75,463.25,465.5,290400,135304400,0,0
2023-02-09,465.25,469.25,464.5,465.75,384000,179347100,0,0
2023-02-10,484.5,491.25,482.5,491.25,1261200,614252200,0,0
2023-02-13,491.25,494.25,486.75,489,649600,317901700,0,0
2023-02-14,491.25,498,489.75,498,509200,252024800,0,0
2023-02-15,498,499.25,492.5,492.5,598800,295848900,0,0
2023-02-16,493.5,494.75,490.25,492.5,725600,356914300,0,0
2023-02-17,488.75,490.5,487.75,488.75,421200,206071500,0,0
2023-02-20,488.5,493.5,487,493.5,443200,217685300,0,0
2023-02-21,490.75,491.75,489,491.75,472000,231427700,0,0
2023-02-22,488.5,492.5,486.5,490.5,619200,303179900,0,0
2023-02-24,493,493,489.75,492,483200,237376200,0,0
2023-02-27,494.75,498,493.25,497.5,271600,134793800,0,0
2023-02-28,494.5,497.5,487.5,489,616400,301967000,0,0
2023-03-01,489.25,491.75,488.5,489.5,342800,167832200,0,0
2023-03-02,493,493,488.5,489,402400,197050500,0,0
2023-03-03,490,491,488.75,490.5,372800,182763400,0,0
2023-03-06,491,491.25,488,490.75,354400,173709300,0,0
2023-03-07,490.25,496.75,490.25,496.25,314000,155278000,0,0
2023-03-08,499,501.25,497.75,499,342000,170891700,0,0
2023-03-09,500.75,506.25,500.75,503.25,340000,171259000,0,0
2023-03-10,500,503.5,497.75,500.25,460400,230334400,0,0
2023-03-13,496,496.5,488.25,492,372800,183038900,0,0
2023-03-14,484.5,485.25,477.25,484.25,538000,259594200,0,0
2023-03-15,484.5,491.75,484.5,491.5,499600,244741800,0,0
2023-03-16,485.75,490.75,483.5,489.5,535600,261378500,0,0
2023-03-17,495.75,495.75,489.25,491.5,450800,221579300,0,0
2023-03-20,489.75,490.5,484.75,485.5,496000,241522300,0,0
2023-03-22,490.25,492.5,486.25,486.75,522800,255092800,0,0
2023-03-23,483.5,487.25,480.75,486.5,345600,167576000,0,0
2023-03-24,483.25,487,482.25,486.5,239600,116234800,0,0
2023-03-27,491,491.75,488,490.25,259200,127096800,0,0
2023-03-28,492.25,492.25,486.25,491.25,465200,227668600,0,0
2023-03-29,492.25,495.75,489.25,495,498800,246130700,0,0
2023-03-30,481.75,483.75,479.5,483.75,757200,365302100,0,0
2023-03-31,487.5,490.75,485.75,487.75,417200,203647500,0,0
2023-04-03,491,491.5,488.25,491.5,450400,220830100,0,0
2023-04-04,491.75,493.5,488.75,493,406800,200254900,0,0
2023-04-05,490,490,485,485.75,433600,211190800,0,0
2023-04-06,481.5,485.75,481,485.5,458800,222201200,0,0
2023-04-07,486.75,489,485.5,487.25,341600,166495400,0,0
2023-04-10,488.75,489.5,483.25,484,350800,170091400,0,0
2023-04-11,488.25,488.25,483.5,484.75,504400,244476100,0,0
2023-04-12,483.75,486.75,482,485.25,605200,293480900,0,0
2023-04-13,486,487.75,483,483.5,543200,263143400,0,0
2023-04-14,486.5,489,483.5,488.75,584800,285044400,0,0
2023-04-17,490.25,490.25,484.75,486.5,281200,136669500,0,0
2023-04-18,488.5,488.5,485.75,486.75,340800,165937000,0,0
2023-04-19,483.75,486.25,481.25,486,533200,257922200,0,0
2023-04-20,484.75,488.75,482.75,488.75,336800,163784700,0,0
2023-04-21,487,489.5,484.5,489.25,414000,202141500,0,0
2023-04-24,489.25,490.5,487,487,297200,145169500,0,0
2023-04-25,489.5,491.5,488.5,490.25,441600,216218700,0,0
2023-04-26,487.75,493.25,487.25,492,425200,208794300,0,0
2023-04-27,491.25,491.75,487.5,491.25,318400,156129800,0,0
2023-04-28,495,502.75,493.25,500.75,734000,366956100,0,0
2023-05-01,500.75,503.25,499.25,502.75,356400,178835300,0,0
2023-05-02,503.75,506,500,503,468400,235512200,0,0
2023-05-08,501.25,507.25,501.25,507.25,536000,270886800,0,0
2023-05-09,505.5,508.5,503,507.75,452400,229329500,0,0
2023-05-10,507.5,507.5,503,505,449600,227061400,0,0
2023-05-11,504.5,513.25,504.5,509.25,660000,336202000,0,0
2023-05-12,496.75,498.75,490.25,497.75,787200,389511200,0,0
2023-05-15,502.25,503,496,500.5,612000,305883000,0,0
2023-05-16,502,504,500.5,502,357600,179553800,0,0
2023-05-17,503,503.5,498.25,502.75,467200,234063400,0,0
2023-05-18,505.5,507.5,504,504.75,573600,290113800,0,0
2023-05-19,504.25,505.25,500.75,502,599600,301490100,0,0
2023-05-22,502,507.5,500.25,507.25,368000,185859800,0,0
2023-05-23,507,508,503,504.75,388800,196376700,0,0
2023-05-24,503.5,503.5,497.75,497.75,474800,237326000,0,0
2023-05-25,497.5,497.75,491.5,493.25,604000,298372700,0,0
2023-05-26,491.5,492.5,486.25,486.75,365200,178608000,0,0
2023-05-29,491,491,483.75,484,376800,183111600,0,0
2023-05-30,487,487,480,483.75,469200,226675200,0,0
2023-05-31,481.25,482.5,476.5,480,998400,478954000,0,0
2023-06-01,476.75,481.75,476,476.75,447200,213621100,0,0
2023-06-02,476.25,488,476.25,485.75,500000,242132800,0,0
2023-06-05,493,495.25,486,487.5,524800,256296800,0,0
2023-06-06,484.5,484.5,476,479.25,1120400,536774300,0,0
2023-06-07,483.75,485.75,480.25,481,664400,320848800,0,0
2023-06-08,482.5,486.25,479,481.75,821200,395012900,0,0
2023-06-09,480.5,486.5,480,481.25,750400,361353500,0,0
2023-06-12,483.5,483.75,478,480.5,1038400,498584800,0,0
2023-06-13,483.5,483.5,476.25,476.25,1134000,542061500,0,0
2023-06-14,476.25,477.75,473.5,473.5,1403600,666465500,0,0
2023-06-15,477.5,486.25,475.5,485,1017600,492066300,0,0
2023-06-16,481.25,482.5,474.5,480.25,1925600,919839000,0,0
2023-06-19,480.25,482,475.5,478,788400,376717900,0,0
2023-06-20,480.75,483.25,478,483,764400,367917700,0,0
2023-06-21,483.25,486.75,482.5,483.5,587200,284260800,0,0
2023-06-22,484.75,486.25,483.75,486,360800,175103600,0,0
2023-06-23,487.5,489.75,482.75,484.75,544400,264560000,0,0
2023-06-26,487,488,481,484.5,284800,138240400,0,0
2023-06-27,487.25,494.75,484,494.75,986800,485115000,0,0
2023-06-28,495,500.25,490.75,499.75,794400,395424200,0,0
2023-06-29,502.5,503,496.25,499,579200,289233400,0,0
2023-06-30,502,503,492,495.5,504400,250125500,0,0
2023-07-03,499.75,503.75,497.75,500.5,485200,243231000,0,0
2023-07-04,499.5,501.25,497.25,497.75,408400,203656000,0,0
2023-07-05,496.25,496.25,492.5,494,362800,179317100,0,0
2023-07-06,493.25,494.25,487.5,493.75,558800,274971000,0,0
2023-07-07,489,496,486.75,492,688400,339126400,0,0
2023-07-10,493.5,498.75,490.25,495.5,525200,260141500,0,0
2023-07-11,497.25,498.5,492,494.75,353200,174804400,0,0
2023-07-12,492,493.25,488.25,491,460800,226158600,0,0
2023-07-13,491,494.75,490.25,492.25,394800,194556800,0,0
2023-07-14,495.25,500.5,491.5,498,605200,300853800,0,0
2023-07-18,501.25,501.75,498.75,501.75,315200,157761800,0,0
2023-07-19,503.75,505,501,503,508800,255696000,0,0
2023-07-20,503.75,506.25,501.25,502.5,441200,222146700,0,0
2023-07-21,503.75,511,502.25,509.25,890400,452050100,0,0
2023-07-24,502.25,507.5,500.5,507.5,619200,312795500,0,0
2023-07-25,510.75,512.25,508.5,509.5,734800,374859500,0,0
2023-07-26,510.25,513,507,511.25,707200,361477000,0,0
2023-07-27,511.5,512,506,510.75,474000,241747900,0,0
2023-07-28,506.75,512,504.5,511.5,365200,186001100,0,0
2023-07-31,515.75,516.75,511.25,514.75,477600,245426400,0,0
2023-08-01,513.75,515.5,510,513,307200,157269700,0,0
2023-08-02,509,516.25,508,511,398400,204002600,0,0
2023-08-03,508.25,508.25,502.5,503.5,427600,215911500,0,0
2023-08-04,502.25,508.25,500.25,507.5,364000,184101700,0,0
2023-08-07,506.25,509.5,503.75,508.75,252000,127935300,0,0
2023-08-08,508.75,509.5,506.5,508.75,293200,149065900,0,0
2023-08-09,510.5,510.75,505.75,509,433200,220182200,0,0
2023-08-10,493.75,504.5,488.5,499.75,956400,476298800,0,0
2023-08-14,499.75,505.5,495.25,497,458400,228374000,0,0
2023-08-15,496.75,499.25,493,497.25,355600,176568200,0,0
2023-08-16,495,501.5,493.75,500,405600,202283900,0,0
2023-08-17,500,502.75,497.75,502.5,466800,233751200,0,0
2023-08-18,500.75,504.5,498.5,499.75,344800,172854000,0,0
2023-08-21,501.25,504.25,499.5,501.25,312000,156462500,0,0
2023-08-22,498.75,501.5,495.25,501.25,663600,331357900,0,0
2023-08-23,499,502.75,497.75,502.5,376400,188311200,0,0
2023-08-24,501,509.75,499.75,509,478000,242520500,0,0
2023-08-25,508,508,503.25,505.75,282000,142689000,0,0
2023-08-28,508.25,508.75,505.75,508.5,390000,197805300,0,0
2023-08-29,507.75,507.75,501.25,501.75,258800,130377600,0,0
2023-08-30,502.25,508.75,502.25,507.5,444800,225613400,0,0
2023-08-31,508.75,510.25,506.5,508.75,295200,150242700,0,0
2023-09-01,507.5,511,506.5,508.5,326000,165836900,0,0
2023-09-04,510.5,514,507.75,513.5,329200,168577000,0,0
2023-09-05,514,514,508.5,509.75,414000,211280900,0,0
2023-09-06,505.25,509.25,505,506.5,375600,190248200,0,0
2023-09-07,506.5,512.5,506.5,509.75,502800,256256400,0,0
2023-09-08,505,509.5,501.25,501.75,594400,299367300,0,0
2023-09-11,503.75,506,498.25,499.5,361200,180819800,0,0
2023-09-12,500.25,505.75,498.25,505.75,414000,208107700,0,0
2023-09-13,505.75,508.75,504.25,505.25,423200,214378900,0,0
2023-09-14,505.25,508.25,504,504.25,472000,238648200,0,0
2023-09-15,509.25,515,509.25,514.25,636800,326467200,0,0
2023-09-19,516,519.25,515,518,487200,251769900,0,0
2023-09-20,520,520.75,512,514.75,542000,279164200,0,0
2023-09-21,512.5,519.75,511,515.25,399600,206176400,0,0
2023-09-22,513.5,515.25,508.25,508.75,364400,186140500,0,0
2023-09-25,512.25,514.5,508.25,513.25,264000,135354400,0,0
2023-09-26,513.5,519.25,512,517.75,374000,193426600,0,0
2023-09-27,517.5,522.5,512.25,521.25,550400,285583800,0,0
2023-09-28,521.25,527.5,517.25,517.75,547200,284793400,0,0
2023-09-29,521.5,521.75,515,515.75,416400,215646100,0,0
2023-10-02,516.25,518.5,506.5,507,436000,222686900,0,0
2023-10-03,502.5,503,490.75,490.75,684000,339211700,0,0
2023-10-04,490.75,491,482,482.5,498000,241781900,0,0
2023-10-05,492.5,492.5,485.25,489.75,510400,249536400,0,0
2023-10-06,490,490.75,486,487,600400,293129700,0,0
2023-10-10,494,496.25,491.5,492.75,527600,260256600,0,0
2023-10-11,492.5,492.5,488,488.75,385600,188859100,0,0
2023-10-12,488.75,492.25,487,491.5,407600,200034900,0,0
2023-10-13,492.5,495.5,489.25,492.25,717200,352609600,0,0
2023-10-16,489.25,494,486.5,487.75,491600,240569300,0,0
2023-10-17,490.75,493.5,489.25,491,405600,199082200,0,0
2023-10-18,491,492.75,484.25,488,498800,243207300,0,0
2023-10-19,483.75,486.25,480,483.25,288400,139306600,0,0
2023-10-20,483.25,484.25,480.25,480.75,277200,133543400,0,0
2023-10-23,482.5,482.75,471.75,471.75,534400,254464600,0,0
2023-10-24,470,473.5,464.5,471.5,639200,299836100,0,0
2023-10-25,472.25,476.5,470.25,473.5,478000,226494300,0,0
2023-10-26,476.5,478.25,471.25,472.75,609600,289302300,0,0
2023-10-27,479.75,481.5,476.25,481.25,394000,188979800,0,0
2023-10-30,479,482,475,477,1814400,865863100,0,0
2023-10-31,478.25,487.5,477.25,487.5,560800,271084700,0,0
2023-11-01,492.25,493,489.25,490.5,573600,281601100,0,0
2023-11-02,494.75,497.25,490,492,648000,318691700,0,0
2023-11-06,492.75,494.75,485.75,485.75,622000,303501600,0,0
2023-11-07,484,489,483.5,486,768000,374303100,0,0
2023-11-08,486,487,479.25,483.25,498400,240620400,0,0
2023-11-09,481.25,485.5,479.25,483.75,579200,279651800,0,0
2023-11-10,493.75,496.75,487.75,494.5,1092800,539507100,0,0
2023-11-13,496.5,500,492.5,494.25,596000,295393100,0,0
2023-11-14,496.75,496.75,492.5,492.75,323600,159853500,0,0
2023-11-15,495.75,498.25,489,490.75,336800,165961500,0,0
2023-11-16,488.75,489.25,482.5,485.25,312400,151740400,0,0
2023-11-17,486.25,494.5,484.25,494.5,390800,191782900,0,0
2023-11-20,495,495.5,489,490.25,353200,173658400,0,0
2023-11-21,490.25,493.5,488.5,491,318000,156114600,0,0
2023-11-22,490.25,499.75,490.25,499,570400,284024900,0,0
2023-11-24,500.5,502,496.5,498.25,379600,189290900,0,0
2023-11-27,500,501.75,497.5,499,381200,190557500,0,0
2023-11-28,499,503,499,502.5,447200,224454200,0,0
2023-11-29,500.5,502,498.5,498.5,468400,234092200,0,0
2023-11-30,496.5,501.25,493,495,786800,390151700,0,0
2023-12-01,498.25,498.75,494,495.75,521600,258559800,0,0
2023-12-04,495.75,496.25,488.75,490.25,600400,294553700,0,0
2023-12-05,489.5,491.25,484.25,484.75,484000,235400000,0,0
2023-12-06,483.75,490.5,483.75,490,704400,343823300,0,0
2023-12-07,486.5,487.25,482.5,483.5,540800,262001800,0,0
2023-12-08,482.5,483.5,478.75,480,676400,325405500,0,0
2023-12-11,478.25,485.25,478.25,484.75,708000,341064700,0,0
2023-12-12,484.75,485.75,482.25,482.5,391600,189457900,0,0
2023-12-13,482.5,483,478.25,479.5,390400,187266100,0,0
2023-12-14,480,480.75,474.25,475.75,620800,295428000,0,0
2023-12-15,474.75,476.5,471.25,471.5,1016800,480825800,0,0
2023-12-18,467.25,469,462,465.75,954400,444038200,0,0
2023-12-19,466.25,468.75,461.75,467.75,699600,325182700,0,0
2023-12-20,470.5,476,470,475,574000,272112200,0,0
2023-12-21,470.5,471.5,468.75,468.75,503200,236521900,0,0
2023-12-22,469.25,471.5,469,470.25,440000,207055100,0,0
2023-12-25,474.5,474.5,470.25,471.25,343600,162062300,0,0
2023-12-26,471.25,472.5,470,471.75,374000,176293000,0,0
2023-12-27,471.75,475,470.5,474,773600,366073600,0,0
2023-12-28,472.5,473.25,469.5,471.75,380000,179123700,0,0
2023-12-29,471.75,473,469.5,472.5,504800,238040400,0,0
2024-01-04,500,503,490.25,496.25,2362000,1172049100,0,0
2024-01-05,499.25,499.75,495,498,868800,432319100,0,0
2024-01-09,500,511,498.25,510.75,1118800,566967700,0,0
2024-01-10,513.75,519.75,511.5,519.5,1191200,615123900,0,0
2024-01-11,524.75,540,524.25,539.5,1698000,908862600,0,0
2024-01-12,542.25,553.75,541,551.75,1513200,832214600,0,0
2024-01-15,551.5,559,545,555.5,1024400,566730300,0,0
2024-01-16,553.75,554.25,547.25,547.25,763200,419673500,0,0
2024-01-17,549.5,560,549.5,551.75,697200,386898900,0,0
2024-01-18,550.25,552.5,545.25,545.75,399600,218896500,0,0
2024-01-19,550,550,542.25,543,644800,350901300,0,0
2024-01-22,543,545,532.25,537,833200,446960000,0,0
2024-01-23,538,545.5,536.75,536.75,798800,431283700,0,0
2024-01-24,534.25,535,527,527.5,662400,350544600,0,0
2024-01-25,526,531.25,525.5,530.75,492000,260615000,0,0
2024-01-26,525,527.5,513,513.25,1028800,534976300,0,0
2024-01-29,510.25,513.5,508.5,511,972000,497174200,0,0
2024-01-30,512.25,515.5,510.5,513.5,555200,285114900,0,0
2024-01-31,511.75,519,509,516.75,586000,301623500,0,0
2024-02-01,516,517.25,510.5,514,608400,312320300,0,0
2024-02-02,512.75,514.5,506.5,511,647600,331061200,0,0
2024-02-05,514.75,518.25,512.75,516.25,666000,343881100,0,0
2024-02-06,513.5,516,510,510,484000,248041600,0,0
2024-02-07,510,516.5,509.5,515,648800,333080900,0,0
2024-02-08,500,502.75,484.25,487.5,3331600,1630655800,0,0
2024-02-09,480.75,485,477.75,481.75,1856800,892441700,0,0
2024-02-13,481.25,482.75,478,481.25,1242800,596307800,0,0
2024-02-14,480,480,473,475.25,1400400,665735600,0,0
2024-02-15,475,480,471.75,477,1247600,593008500,0,0
2024-02-16,480,486,477.25,481,1065600,513173800,0,0
2024-02-19,471,473.75,468,473.75,1846000,869819300,0,0
2024-02-20,473.5,474.25,470.75,470.75,1298000,612735500,0,0
2024-02-21,470.5,473.25,469.25,473,1232000,580581600,0,0
2024-02-22,473.75,477.25,472.5,476.5,1192400,566776700,0,0
2024-02-26,480,480.75,476.75,478.5,968000,463089600,0,0
2024-02-27,479,482.5,477.75,480.5,1181600,567735500,0,0
2024-02-28,480.5,482.5,479.75,481.5,1086800,522772700,0,0
2024-02-29,478,478.75,474.25,476.5,1212000,577367100,0,0
2024-03-01,474.75,476,473.5,474.75,1695200,804990000,0,0
2024-03-04,472.5,474,466.25,467.25,2898400,1359652300,0,0
2024-03-05,463,468.25,460,467,2299600,1070556500,0,0
2024-03-06,467.25,471.5,464.75,470.75,2374400,1113469200,0,0
2024-03-07,471.75,473,470,473,1644000,775491800,0,0
2024-03-08,471.5,480.75,470,480.75,1735200,826725700,0,0
2024-03-11,479.75,480,473.25,479.25,1144800,545902200,0,0
2024-03-12,479.75,482.5,477,482.5,987600,474489500,0,0
2024-03-13,486,486.5,480.5,482.75,1044400,504814100,0,0
2024-03-14,484.25,486.25,482.5,485.75,600800,291416400,0,0
2024-03-15,485,485.75,478.25,482.5,1203200,579420400,0,0
2024-03-18,485,485,478.5,483.25,1129200,543304800,0,0
2024-03-19,486.5,490,484.25,488.75,2050000,999523400,0,0
2024-03-21,491.5,495.25,489,493.5,1725200,851268300,0,0
2024-03-22,496.25,500,494.25,497.5,1416400,704034700,0,0
2024-03-25,496.5,496.5,488.75,489.75,1684000,828935000,0,0
2024-03-26,491.5,494.25,488.25,492.5,1288400,633767300,0,0
2024-03-27,495,502.75,494.75,501.25,2392400,1194951200,0,0
2024-03-28,516,522,502.25,503,5438800,2776194800,0,0
2024-03-29,499.75,509.75,499.25,509.25,1822800,920602800,0,0
2024-04-01,510,513.5,507.25,513.25,1536400,786076400,0,0
2024-04-02,514,515.5,502.5,503,1337200,679350000,0,0
2024-04-03,502.5,507.5,500.5,507,1218000,615365200,0,0
2024-04-04,507.5,508.5,503.75,507.5,661600,335263700,0,0
2024-04-05,503.75,505.75,501,504.5,696400,350997900,0,0
2024-04-08,507.25,507.75,500.25,503.25,1190800,599066600,0,0
2024-04-09,504.25,508.5,502,508.25,713600,361300200,0,0
2024-04-10,509,513,508,510,734400,374980900,0,0
2024-04-11,507,507.75,504,507,681200,344974700,0,0
2024-04-12,507.75,513.25,505.25,512.75,917200,468708900,0,0
2024-04-15,511,519.5,510.25,519.25,863600,445998900,0,0
2024-04-16,517.25,519.25,513.5,515.75,665200,343019200,0,0
2024-04-17,515.75,515.75,503.75,507.5,812000,412587400,0,0
2024-04-18,506.25,511.75,505.5,510.75,570400,290526200,0,0
2024-04-19,509.5,510.75,501.25,502.5,872800,439544600,0,0
2024-04-22,510.5,513.25,507.75,511.25,771600,394396000,0,0
2024-04-23,513.75,523,513.75,516.5,1035600,537043400,0,0
2024-04-24,512.5,516.75,510.5,511.25,830000,425724800,0,0
2024-04-25,510.5,516.5,509.5,513.5,528000,271136200,0,0
2024-04-26,511.5,514.75,508.5,514.5,882800,452421500,0,0
2024-04-30,517.5,518.5,511.75,513.25,546400,280937700,0,0
2024-05-01,513,518.5,509.5,518.5,559600,289001400,0,0
2024-05-02,515.5,518.75,512.75,516.75,468400,241842100,0,0
2024-05-07,517,519.5,513.75,518.25,555200,287008800,0,0
2024-05-08,519.75,522.75,518.25,521.25,571200,297652000,0,0
2024-05-09,528.25,535.25,525.5,529.75,855200,453338000,0,0
2024-05-10,531.75,536,528,531.75,661600,352011600,0,0
2024-05-13,525,536,518.25,520,1388400,730273900,0,0
2024-05-14,523.5,528.25,514.75,527.75,1208000,631737800,0,0
2024-05-15,529.5,534,527.5,528.25,803600,425964300,0,0
2024-05-16,528.25,529.25,518,521.5,698400,364953400,0,0
2024-05-17,523.5,523.5,512.75,515,677600,349529200,0,0
2024-05-20,512.5,513.75,508,508.25,848400,432914200,0,0
2024-05-21,506.5,511.75,501.5,502.75,1263600,640272800,0,0
2024-05-22,505.75,506.5,498.25,500.25,1147200,574816600,0,0
2024-05-23,493.75,497.75,490.75,496.75,1748000,864114100,0,0
2024-05-24,494,506.25,491.75,504,811200,406888400,0,0
2024-05-27,503.75,507.5,500.25,506,610000,307984500,0,0
2024-05-28,508.25,508.25,497.5,497.75,694000,347392200,0,0
2024-05-29,495,497.5,492.25,495.5,520800,257862300,0,0
2024-05-30,494.5,502.25,492.75,501.25,1007200,502864200,0,0
2024-05-31,502.25,503,498.75,502.5,827200,414928800,0,0
2024-06-03,504.5,510.25,504.5,507.25,541600,274377900,0,0
2024-06-04,504.5,509.25,503.5,506.75,660800,334855800,0,0
2024-06-05,503.75,505.5,501.25,503.5,360400,181526900,0,0
2024-06-06,505.25,505.5,500.25,504.25,422800,212912000,0,0
2024-06-07,503,507,501,504.75,442800,223196300,0,0
2024-06-10,505.25,515,504.75,514,678000,346818000,0,0
2024-06-11,517.5,517.5,511.5,511.75,440000,225848500,0,0
2024-06-12,512.75,514.25,511.25,512.25,266400,136518100,0,0
2024-06-13,511.75,512.25,507.75,508,335600,170719800,0,0
2024-06-14,508,516.75,506.5,516.75,560400,287590200,0,0
2024-06-17,517.25,517.25,507.75,509.25,548400,280047000,0,0
2024-06-18,513.75,518,512.5,517.75,375600,193885000,0,0
2024-06-19,516.25,517.5,513.75,515.25,245200,126321800,0,0
2024-06-20,521,527.5,517.75,526.75,886400,465811400,0,0
2024-06-21,529.75,535.75,527.5,531.75,1382000,735891200,0,0
2024-06-24,537.5,538.75,523,525.5,540400,285165300,0,0
2024-06-25,523.25,531.75,522.25,526.5,680400,358951100,0,0
2024-06-26,525.5,525.5,520.5,523.25,446800,233374500,0,0
2024-06-27,520.5,523,518.25,521.25,1238400,645010600,0,0
2024-06-28,524.5,527.75,522.25,525,721600,379165000,0,0
2024-07-01,527.5,530.25,523.5,528.25,474800,250444900,0,0
2024-07-02,528.75,531,527,530,465600,246527500,0,0
2024-07-03,528.75,540.5,527.75,539.25,919200,492127200,0,0
2024-07-04,541.25,542.75,538,541.75,502400,271811500,0,0
2024-07-05,543.75,545,528.5,528.5,608000,325849600,0,0
2024-07-08,527.25,529.75,525.5,528.25,470400,248299500,0,0
2024-07-09,528.25,533.75,527,532.25,447600,237746000,0,0
2024-07-10,531.25,535.5,529,535.5,579600,308882900,0,0
2024-07-11,538,542.5,537,538.75,492400,265394700,0,0
2024-07-12,538.25,543,534,534.75,647600,348735400,0,0
2024-07-16,538.25,541.5,531.5,531.5,590000,315539000,0,0
2024-07-17,533.75,539.5,532.75,539.5,424800,228303200,0,0
2024-07-18,535.75,543.75,535.75,539.5,449200,242695000,0,0
2024-07-19,543.5,543.75,539.75,543.5,333200,180750100,0,0
2024-07-22,540.75,541.25,533.25,533.25,435600,233567500,0,0
2024-07-23,534.5,538.75,534.5,537.75,258000,138536400,0,0
2024-07-24,538.25,538.25,528.25,531.75,421600,224608000,0,0
2024-07-25,532.5,534.75,525.25,529.25,650800,344635900,0,0
2024-07-26,532.5,534.5,527,530.5,417600,221899600,0,0
2024-07-29,537.5,539.25,534.5,538.25,439600,236521200,0,0
2024-07-30,541.75,542.5,535.25,536,412000,221221400,0,0
2024-07-31,534.25,546.25,530.75,545.75,391200,211644000,0,0
2024-08-01,541.5,541.5,525.5,529,554800,294483900,0,0
2024-08-02,522.25,522.25,511.5,511.5,690000,355263700,0,0
2024-08-05,494.5,498.25,466.75,469.75,1415600,682844400,0,0
2024-08-06,495.75,512.75,492.75,504.5,1362800,687203800,0,0
2024-08-07,500.5,516.75,495.75,502.75,1080400,547421100,0,0
2024-08-08,495,501.75,491,494.75,1332400,661759900,0,0
2024-08-09,510,520.5,504.75,514,1230400,630371700,0,0
2024-08-13,516.75,524.5,516,524.25,656800,343033700,0,0
2024-08-14,523.75,523.75,514.5,518.75,662400,343541100,0,0
2024-08-15,518.75,525.25,518.5,524,471200,246139600,0,0
2024-08-16,526.25,528.25,523.5,526.25,414400,217717600,0,0
2024-08-19,522.5,523.75,517.5,517.5,581600,302470700,0,0
2024-08-20,521.5,530,521.5,529,366000,193147000,0,0
2024-08-21,524.25,527.75,520.75,527.75,531600,279179800,0,0
2024-08-22,527.75,530.25,525,526.5,491600,259388100,0,0
2024-08-23,526.5,532.25,526.5,529.75,360800,191076300,0,0
2024-08-26,527.5,532,526.25,529,595600,314945200,0,0
2024-08-27,531,542,530.5,542,485600,261249000,0,0
2024-08-28,544.5,553.5,542,550.75,798800,438319800,0,0
2024-08-29,553.5,553.5,538.75,541.25,807600,438618400,0,0
2024-08-30,542.75,546.25,539,543.5,456800,247950200,0,0
2024-09-02,546.25,546.25,531.75,533.75,356800,191064200,0,0
2024-09-03,533.75,536.5,531.5,534.5,288800,154307700,0,0
2024-09-04,525,533,524.25,528.5,411600,217462400,0,0
2024-09-05,529.25,534.5,525.75,532.25,439200,233719100,0,0
2024-09-06,531.75,532.25,526.25,529.75,338800,179383500,0,0
2024-09-09,524.5,534.5,524,534,636400,337858900,0,0
2024-09-10,536.25,540.25,534.25,538,462000,248471800,0,0
2024-09-11,538,538,525.75,528.5,494000,261915400,0,0
2024-09-12,533,536.25,527,527.75,352400,186540800,0,0
2024-09-13,524.75,529,519.5,522.5,704400,368263400,0,0
2024-09-17,527.75,530.25,521,527.25,620800,326202300,0,0
2024-09-18,527.75,534.5,527.75,531.75,482800,256500700,0,0
2024-09-19,532.25,535,525.5,527,560000,295927500,0,0
2024-09-20,530,532.5,526.75,527.25,646800,341774400,0,0
2024-09-24,530.5,536.75,530,536,620000,331134900,0,0
2024-09-25,534,535,530.25,534.75,363200,193888900,0,0
2024-09-26,537.5,545.25,537.25,544.5,507600,275202100,0,0
2024-09-27,540,545,538.75,540.25,396000,214326900,0,0
2024-09-30,536.5,550,536.5,541.25,1105600,600236400,0,0
2024-10-01,548.5,558.5,547.25,556.75,921600,510450800,0,0
2024-10-02,555.25,571,552.5,566,1183600,668844200,0,0
2024-10-03,571.5,577.5,561.5,562.5,1138400,647893000,0,0
2024-10-04,558.75,571.25,555.75,566.75,758400,428678200,0,0
2024-10-07,568.75,574.25,567.5,571,871200,497702200,0,0
2024-10-08,565,578,564.75,572.25,843600,482658500,0,0
2024-10-09,579.25,582.25,573,579.75,788000,455225800,0,0
2024-10-10,582.5,582.5,571.75,572,807600,464580700,0,0
2024-10-11,571,573.75,563.5,563.75,758800,429348000,0,0
2024-10-15,567.5,567.5,557.75,567,953200,536977900,0,0
2024-10-16,564,570,562.5,563.25,638800,360943100,0,0
2024-10-17,566.25,567,559.5,562,493200,277108500,0,0
2024-10-18,563.5,570.75,562,567.5,505200,286411300,0,0
2024-10-21,567.5,569.5,562.25,566,336800,190915700,0,0
2024-10-22,565.75,566,557,559.5,406400,227653400,0,0
2024-10-23,557.75,562.5,557,559.5,465200,260802000,0,0
2024-10-24,556.5,561.25,554.75,559.25,348000,194505100,0,0
2024-10-25,559.25,559.25,552.75,554.5,370400,205377100,0,0
2024-10-28,554.5,556.5,548.75,551.5,419200,231357600,0,0
2024-10-29,552.75,555.5,551.25,554.25,379200,210075100,0,0
2024-10-30,559.75,563.5,557,558,1483200,829248200,0,0
2024-10-31,561,563,555.75,558.75,534000,298060300,0,0
2024-11-01,555,555.25,547.5,547.5,428400,235646900,0,0
2024-11-05,547.5,553.25,547.5,550.75,391600,215935800,0,0
2024-11-06,548.5,554,545.25,548.75,395200,217379300,0,0
2024-11-07,559.5,573.75,558.5,567.5,766800,435214100,0,0
2024-11-08,547.75,551.25,531,534,1632000,877382100,0,0
2024-11-11,537.75,539.5,530.75,536.25,702000,375568300,0,0
2024-11-12,536.25,537.5,528.25,533,783600,416727900,0,0
2024-11-13,533,543.25,533,541.5,844000,455244000,0,0
2024-11-14,542.5,543.25,534.75,537.5,545600,293435500,0,0
2024-11-15,540.25,540.25,535.5,535.5,457200,245594800,0,0
2024-11-18,535.5,545,534.75,543.5,519600,281665000,0,0
2024-11-19,542,546.25,541.5,545.5,376400,205008400,0,0
2024-11-20,542.5,544.25,537.25,538,318400,171663300,0,0
2024-11-21,538,541.25,535,536.75,259200,139265700,0,0
2024-11-22,536.25,543.75,534.25,541.5,382800,207043300,0,0
2024-11-25,544.5,545,538.5,539.75,375600,203152100,0,0
2024-11-26,539.75,544.75,537.5,544.75,223600,121168000,0,0
2024-11-27,543,544,536.75,539.25,461600,248914300,0,0
2024-11-28,541,544.25,539,542.5,279200,151195200,0,0
2024-11-29,542.5,547.25,540.75,545,370400,202010500,0,0
2024-12-02,544.75,548.75,543.75,547,314400,171952600,0,0
2024-12-03,549.75,557.25,549.25,554,545200,302208700,0,0
2024-12-04,554,555.5,548,548.75,354000,194660600,0,0
2024-12-05,549,550,546.25,548.75,313600,171869600,0,0
2024-12-06,551.75,553.5,549.5,553.5,317600,175168400,0,0
2024-12-09,553.25,557,550.5,553.5,474800,263130800,0,0
2024-12-10,557,557,547.75,547.75,487200,268052400,0,0
2024-12-11,549.5,551.25,545.5,549.25,394400,216445500,0,0
2024-12-12,552,553.25,549,551.5,619200,341573600,0,0
2024-12-13,549.75,559.25,549.75,556,881600,488760500,0,0
2024-12-16,556.25,562.75,555,559.75,496000,277454700,0,0
2024-12-17,560.5,563,552.5,552.5,360800,201104100,0,0
2024-12-18,552.5,555.25,550.25,550.25,330000,182261300,0,0
2024-12-19,544.75,559.75,544.75,557.5,610400,339383100,0,0
2024-12-20,559.25,561.5,558.25,560.5,519200,290897700,0,0
2024-12-23,560.5,560.5,554.75,557.25,356400,198751600,0,0
2024-12-24,556,556,550,553,296800,164346500,0,0
2024-12-25,553,553,547,552,232800,127949700,0,0
2024-12-26,550.25,553.5,548.25,553.5,366800,202231000,0,0
2024-12-27,553.25,553.5,548.75,552.25,422000,232640100,0,0
2024-12-30,555.75,559,552.5,555,335200,186087100,0,0
2025-01-06,555.5,558,552.75,554.75,472800,262494600,0,0
2025-01-07,554.25,566.5,549.75,564,738000,414228800,0,0
2025-01-08,563.25,564.25,555.75,555.75,542000,302433700,0,0
2025-01-09,555.75,557.75,552.5,556,393600,218546800,0,0
2025-01-10,556.75,557.25,551.25,551.25,226800,125444700,0,0
2025-01-14,550.5,550.5,537.75,538,671600,362796300,0,0
2025-01-15,540,545.75,538.75,545.75,386800,209951300,0,0
2025-01-16,547.5,548.5,539.75,540.75,384400,208303000,0,0
2025-01-17,546.75,547.25,540.5,545,613600,333810100,0,0
2025-01-20,547,548,540.5,540.5,247600,134420600,0,0
2025-01-21,540.5,543.25,535.25,538.75,362000,194601700,0,0
2025-01-22,538.75,543.25,537,540.75,269600,145927100,0,0
2025-01-23,540,541.25,538,539.25,289600,156305000,0,0
2025-01-24,543.5,544.5,538.75,539.5,255200,138037900,0,0
2025-01-27,541,542.25,538.75,542.25,234400,126821900,0,0
2025-01-28,543.75,548.25,540.5,545,655600,357161300,0,0
2025-01-29,545.25,548.75,544.25,548,382800,209622900,0,0
2025-01-30,548.75,552.75,546.5,547.75,429200,235579100,0,0
2025-01-31,551,551.5,546.75,548.25,349200,191641100,0,0
2025-02-03,549.75,554.25,547.5,549,476000,261589000,0,0
2025-02-04,552.5,553.5,543.5,546.25,380400,208109000,0,0
2025-02-05,546.75,551,546.75,547.5,358400,196437000,0,0
2025-02-06,547,557.5,547,556.5,496800,275190600,0,0
2025-02-07,619,655.5,612.25,647.25,4271600,2730458500,0,0
2025-02-10,637.5,664.5,631.25,661.25,2068000,1348762900,0,0
2025-02-12,665,668,652.5,659.5,1325200,877167000,0,0
2025-02-13,664.75,677.25,662.5,670.5,1113600,747648400,0,0
2025-02-14,670.5,677,663,664.25,703600,470436300,0,0
2025-02-17,667.5,674.75,655,659.25,1030800,684705900,0,0
2025-02-18,655.75,657,648.5,653.75,648000,422630600,0,0
2025-02-19,655.75,658.75,649.5,653.25,532000,348083300,0,0
2025-02-20,648,649.75,643.75,645.5,594800,384114400,0,0
2025-02-21,645.5,651.25,643,648.25,701200,453242400,0,0
2025-02-25,641.25,645,636.75,636.75,777200,496573800,0,0
2025-02-26,641,641,626.5,633,800000,505206900,0,0
2025-02-27,638,638.5,631,637.25,836000,531195300,0,0
2025-02-28,637.75,638.75,628.5,631.25,866400,547555400,0,0
2025-03-03,637.5,646.25,637,642.75,636800,409337700,0,0
2025-03-04,636.25,637,630.75,631.75,645200,408571800,0,0
2025-03-05,624,631.5,620.25,631,668400,419990000,0,0
2025-03-06,627.5,638.75,625.5,634.75,732400,463736000,0,0
2025-03-07,626.75,630.75,622,626.5,754400,473057400,0,0
2025-03-10,627.75,627.75,611,613.75,637200,392893700,0,0
2025-03-11,610.25,610.25,602.25,605,575600,348264500,0,0
2025-03-12,603.75,610.25,600.5,605.25,750000,453876000,0,0
2025-03-13,615,620.5,610.5,614.25,866000,533113100,0,0
2025-03-14,611.25,617.25,611.25,616.5,743600,457125800,0,0
2025-03-17,620.5,629,619.75,627.25,693600,434080400,0,0
2025-03-18,627.25,629.5,622,625.75,762800,476662800,0,0
2025-03-19,625.75,631,623.75,628,454000,285287300,0,0
2025-03-21,630.5,634.25,628.75,628.75,748400,472025000,0,0
2025-03-24,633.5,634.75,630.25,631.25,540000,341154000,0,0
2025-03-25,637,637,627.75,629.25,514800,325025000,0,0
2025-03-26,632.75,638.75,630.25,634.5,493200,312723600,0,0
2025-03-27,630.25,633.25,624.75,630.75,701200,440947000,0,0
2025-03-28,619.5,631.5,619.5,631.25,1559600,980878800,0,0
2025-03-31,622.75,625,613.75,615.5,768800,475340800,0,0
2025-04-01,625.25,626.5,614.5,620.5,836800,518828800,0,0
2025-04-02,620.25,625,603.25,603.25,849600,517772300,0,0
2025-04-03,590.75,597.5,585.5,597.5,923600,548402300,0,0
2025-04-04,592.25,604.5,590.5,600.75,1479200,883457900,0,0
2025-04-07,575.75,600,567.75,590.25,2298400,1357622100,0,0
2025-04-08,602.75,608,591,598.75,1440800,864034300,0,0
2025-04-09,597.75,607.25,588.75,600.5,1295600,775118500,0,0
2025-04-10,625.5,625.5,608.75,616.5,1184800,730884200,0,0
2025-04-11,610.5,616.75,598.5,614.75,938400,572774900,0,0
2025-04-14,619,630.25,618,623,649200,405377200,0,0
2025-04-15,623,625.5,619.75,620,342000,212577800,0,0
2025-04-16,626.25,634.75,626.25,629.25,639600,403345500,0,0
2025-04-17,629.25,633.25,629,633,617600,390217900,0,0
2025-04-18,636.25,649,634,647,677200,435974900,0,0
2025-04-21,648,654.5,647.25,650.25,443600,288404000,0,0
2025-04-22,648.25,654.75,648,652.75,716400,467087000,0,0
2025-04-23,657.5,679.75,657.5,673.75,1329200,893673200,0,0
2025-04-24,673.75,677.25,657.5,659.5,853200,566977600,0,0
2025-04-25,662,671.75,662,663,714400,476361500,0,0
2025-04-28,666.25,671.75,663.75,664,534400,355903600,0,0
2025-04-30,663.75,669.25,662,664,703600,467605700,0,0
2025-05-01,662,664.5,657.5,661.5,499600,330444200,0,0
2025-05-02,660,666.5,658.75,663,437200,289860600,0,0
2025-05-07,664.75,675.5,663.25,671.5,486800,326472800,0,0
2025-05-08,665.25,668.25,661.5,667.75,516800,344090500,0,0
2025-05-09,666.25,674.25,665.5,674.25,423600,284828800,0,0
2025-05-12,675,680,669,677.25,434000,292937700,0,0
2025-05-13,675,676.5,662.5,666.25,500800,333857500,0,0
2025-05-14,663.75,669,661.5,669,678800,451992800,0,0
2025-05-15,648.5,666.75,641.5,663,1567600,1023253700,0,0
2025-05-16,663,670,657,663.75,691200,458568800,0,0
2025-05-19,668.75,677.5,668.75,677.5,486800,327906200,0,0
2025-05-20,675,677.75,670.5,674.5,424400,285898800,0,0
2025-05-21,675.25,678.75,671.25,674.5,327200,220552200,0,0
2025-05-22,687,692,670.5,683.75,1030400,706817000,0,0
2025-05-23,686,696.25,683.75,694.5,761200,527958100,0,0
2025-05-26,701.5,702.75,694,698.5,389600,271903200,0,0
2025-05-27,699.75,700.75,695.25,696.25,320400,223259300,0,0
2025-05-28,707,715.25,705.5,707,934400,662512100,0,0
2025-05-29,707,714,704,714,633200,450569300,0,0
2025-05-30,714,724.25,713,721.25,888400,640000300,0,0
2025-06-02,722.75,735.5,722.75,732.75,806000,589059900,0,0
2025-06-03,725.5,725.5,703,703.75,1175600,836232600,0,0
2025-06-04,705,716,705,711.75,529600,377359700,0,0
2025-06-05,710,711.75,703.5,708,488800,345810000,0,0
2025-06-06,710.75,721.75,710.25,719.75,551600,396198300,0,0
2025-06-09,721.25,724.75,718.25,719.75,582800,419866500,0,0
2025-06-10,719.75,720.25,711.25,713.5,1147600,820415700,0,0
2025-06-11,719.25,721.75,710.25,715.25,581200,415258300,0,0
2025-06-12,712.5,717,710.25,710.75,442800,315166400,0,0
2025-06-13,708.75,710,703.25,707.5,472800,334014600,0,0
2025-06-16,712,714.75,707.75,707.75,356800,253295000,0,0
2025-06-17,704,712,704,710.5,419600,297634300,0,0
2025-06-18,709,713.5,708.75,710,365600,259804300,0,0
2025-06-19,711,730.75,711,727.5,680400,492414000,0,0
2025-06-20,732.5,734.5,724.5,724.5,1194400,868654700,0,0
2025-06-23,727.75,734.5,726.5,731.75,404000,295340800,0,0
2025-06-24,735.5,737.75,717.25,721.5,500800,362879800,0,0
2025-06-25,723.25,723.25,715.25,718,550800,395507600,0,0
2025-06-26,714,718,712.75,717.75,595600,426250300,0,0
2025-06-27,717.75,721.75,713.25,714,447200,320070100,0,0
2025-06-30,717.5,724.25,715.75,715.75,466800,335469400,0,0
2025-07-01,719.25,731.25,719.25,725.5,530000,384544500,0,0
2025-07-02,723,738.5,722.5,736.25,758400,556240700,0,0
2025-07-03,736.25,736.25,718.75,726,960000,697044300,0,0
2025-07-04,727,736.75,726.25,732.25,609200,446258800,0,0
2025-07-07,730.25,731.25,721.25,725.75,576000,417616300,0,0
2025-07-08,718,724.25,713,723,503200,362554700,0,0
2025-07-09,718.75,729,716.75,716.75,806800,581347600,0,0
2025-07-10,721.25,726.5,719.75,722.5,559600,404415500,0,0
2025-07-11,721.25,726,718,718,488800,352190700,0,0
2025-07-14,721.75,724,718.5,721.5,331600,239293600,0,0
2025-07-15,721.5,723,715,717.5,382800,274791100,0,0
2025-07-16,718,724.75,717,723.5,308000,222340900,0,0
2025-07-17,722,726.75,721.25,725.5,276000,199930800,0,0
2025-07-18,726.75,728.5,724,726,304800,221160400,0,0
2025-07-22,724,729.75,723,729.5,309200,224721800,0,0
2025-07-23,732.5,734.5,726.25,728.75,656800,479450100,0,0
2025-07-24,728.75,734.75,728.5,734.75,560400,410589900,0,0
2025-07-25,777.5,780,758.75,766.25,1432800,1098645500,0,0
2025-07-28,761.25,766.25,751.25,756.25,725200,549020000,0,0
2025-07-29,755,762.5,751.25,762.5,492800,373907000,0,0
2025-07-30,773.75,781.25,766.25,778.75,813200,631306500,0,0
2025-07-31,776.25,783.75,775,781.25,541600,422497500,0,0
2025-08-01,787.5,795,781.25,791.25,624800,493594500,0,0
2025-08-04,783.75,788.75,780,788.75,455600,357829500,0,0
2025-08-05,792.5,792.5,786.25,791.25,385600,304701500,0,0
2025-08-06,795,811.25,793.75,808.75,546400,440958000,0,0
2025-08-07,808.75,821.25,803.75,815,719600,584985500,0,0
2025-08-08,825,828.75,813.75,818.75,926800,759558000,0,0
2025-08-12,820,823.75,802.5,803.75,1669200,1350711000,0,0
2025-08-13,803.75,815,798.75,815,514400,416604000,0,0
2025-08-14,807.5,807.5,792.5,805,522400,418617500,0,0
2025-08-15,805,806.25,797.5,803.75,308000,247422500,0,0
2025-08-18,800,811.25,800,811.25,375600,303692000,0,0
2025-08-19,811.25,817.5,808.75,811.25,313200,254529000,0,0
2025-08-20,807.5,816.25,802.5,815,390400,316684000,0,0
2025-08-21,813.75,816.25,808.75,812.5,357200,290102500,0,0
2025-08-22,808.75,815,805,815,452800,367287000,0,0
2025-08-25,815,815,805,806.25,386800,312414000,0,0
2025-08-26,807.5,810,801.25,803.75,640000,514481000,0,0
2025-08-27,802.5,812.5,802.5,811.25,346800,280830500,0,0
2025-08-28,812.5,822.5,811.25,820,447600,366297500,0,0
2025-08-29,818.75,827.5,816.25,825,300400,247267000,0,0
2025-09-01,823.75,835,821.25,832.5,761200,631847000,0,0
2025-09-02,837.5,842.5,825,827.5,605600,503402500,0,0
2025-09-03,827.5,831.25,821.25,828.75,770400,636242500,0,0
2025-09-04,823.75,837.5,820,833.75,637200,530046000,0,0
2025-09-05,833.75,833.75,822.5,831.25,579200,480096000,0,0
2025-09-08,821.25,830,816.25,827.5,562000,463969500,0,0
2025-09-09,836.25,843.75,831.25,840,513200,430382000,0,0
2025-09-10,837.5,840,831.25,833.75,456000,380809500,0,0
2025-09-11,837.5,845,836.25,838.75,310800,260837000,0,0
2025-09-12,840,846.25,828.75,830,801600,669522500,0,0
2025-09-16,830,852.5,828.75,845,614400,518130500,0,0
2025-09-17,840,843.75,828.75,830,562400,467572500,0,0
2025-09-18,828.75,828.75,813.75,822.5,1234400,1013159500,0,0
2025-09-19,822.5,840,822.5,838.75,1158000,967815500,0,0
2025-09-22,837.5,838.75,826.25,827.5,446800,371215500,0,0
2025-09-24,826.25,831.25,821.25,825,432800,357411500,0,0
2025-09-25,830,831.25,822.5,827.5,418800,346363000,0,0
2025-09-26,828.75,836.25,826.25,835,647600,540095000,0,0
2025-09-29,821.25,821.25,806.25,815,532800,433322000,0,0
2025-09-30,807.5,811.25,803.75,806.25,486400,392678500,0,0
2025-10-01,803.75,803.75,788.75,796.25,674800,536652000,0,0
2025-10-02,791.25,795,783.75,790,548400,432714000,0,0
2025-10-03,790,795,786.25,791.25,493600,389960500,0,0
2025-10-06,801.25,815,797.5,802.5,1047600,843447500,0,0
2025-10-07,805,811.25,801.25,810,469200,378943000,0,0
2025-10-08,812.5,825,812.5,815,374000,305488000,0,0
2025-10-09,813.75,817.5,802.5,807.5,478000,386068000,0,0
2025-10-10,795,800,780,785,901200,709069500,0,0
2025-10-14,775,788.75,770,783.75,831200,650631500,0,0
2025-10-15,796.25,828.75,795,821.25,1060800,869446500,0,0
2025-10-16,817.5,825,800,800,867200,700442500,0,0
2025-10-17,800,806.25,796.25,802.5,305600,244613000,0,0
2025-10-20,805,806.25,798.75,800,399600,320006500,0,0
2025-10-21,800,803.75,793.75,798.75,340800,272360000,0,0
2025-10-22,798.75,803.75,796.25,802.5,517200,414488500,0,0
2025-10-23,798.75,815,795,812.5,414400,335617500,0,0
2025-10-24,813.75,813.75,802.5,810,426400,345391000,0,0
2025-10-27,818.75,835,816.25,835,584800,485216500,0,0
2025-10-28,822.5,826.25,796.25,796.25,848800,684563500,0,0
2025-10-29,805,811.25,796.25,802.5,700000,562491500,0,0
2025-10-30,802.5,807.5,798.75,801.25,462400,370881500,0,0
2025-10-31,810,811.25,800,806.25,398400,320775500,0,0
2025-11-04,800,812.5,797.5,808.75,632000,510305000,0,0
2025-11-05,807.5,812.5,788.75,812.5,748000,601407500,0,0
2025-11-06,816.25,825,812.5,813.75,733600,598905000,0,0
2025-11-07,787.5,818.75,787.5,805,911600,732671500,0,0
2025-11-10,818.75,826.25,807.5,822.5,738000,606168500,0,0
2025-11-11,812.5,821.25,800,808.75,465200,376370500,0,0
2025-11-12,808.75,815,800,812.5,800400,646432000,0,0
2025-11-13,816.25,830,816.25,820,408400,336388500,0,0
2025-11-14,812.5,818.75,805,807.5,583600,472454500,0,0
2025-11-17,805,815,801.25,815,419600,340307500,0,0
2025-11-18,810,817.5,807.5,816.25,456000,371046500,0,0
2025-11-19,815,821.25,810,812.5,570400,464794000,0,0
2025-11-20,816.25,820,801.25,805,502400,407141000,0,0
2025-11-21,805,828.75,805,827.5,501600,412750500,0,0
2025-11-25,825,826.25,808.75,812.5,470800,383328000,0,0
2025-11-26,820,830,818.75,830,462000,382072500,0,0
2025-11-27,835,840,830,830,561600,468174000,0,0
2025-11-28,838.75,850,835,845,658400,556009500,0,0
2025-12-01,860,862.5,846.25,846.25,736400,627030000,0,0
2025-12-02,837.5,838.75,817.5,830,870400,721513000,0,0
2025-12-03,825,831.25,821.25,831.25,830800,686795500,0,0
2025-12-04,826.25,835,826.25,835,452800,376963500,0,0
2025-12-05,837.5,850,832.5,843.75,595200,501619000,0,0
2025-12-08,853.75,862.5,851.25,852.5,590000,504331500,0,0
2025-12-09,860,860,842.5,846.25,982400,833507000,0,0
2025-12-10,858.75,860,838.75,840,793600,669711500,0,0
2025-12-11,850,851.25,835,837.5,577600,486108000,0,0
2025-12-12,845,857.5,843.75,852.5,453200,385387500,0,0
2025-12-15,862.5,862.5,843.75,847.5,696800,592104000,0,0
2025-12-16,846.25,857.5,843.75,850,493200,419829000,0,0
2025-12-17,848.75,851.25,836.25,841.25,435600,367287500,0,0
2025-12-18,841.25,853.75,838.75,851.25,453200,384899000,0,0
2025-12-19,855,861.25,848.75,856.25,531600,454958000,0,0
2025-12-22,856.25,858.75,836.25,842.5,395600,334258500,0,0
2025-12-23,847.5,858.75,843.75,853.75,298800,255219000,0,0
2025-12-24,850,857.5,848.75,851.25,214000,182260500,0,0
2025-12-25,848.75,853.75,845,853.75,183200,155700500,0,0
2025-12-26,853.75,857.5,848.75,856.25,182000,155539000,0,0
2025-12-29,858.75,858.75,843.75,847.5,328800,279244500,0,0
2025-12-30,847.5,850,843.75,846.25,331600,280716500,0,0
2026-01-05,848.75,856.25,845,845,462400,392580000,0,0
2026-01-06,850,866.25,847.5,861.25,502800,432676500,0,0
2026-01-07,851.25,861.25,848.75,856.25,328400,281181500,0,0
2026-01-08,861.25,867.5,856.25,863.75,366400,316177000,0,0
2026-01-09,860,862.5,853.75,857.5,288800,247607500,0,0
2026-01-13,873.75,880,867.5,875,455200,398627500,0,0
2026-01-14,881.25,895,880,887.5,587600,521642500,0,0
2026-01-15,888.75,896.25,876.25,883.75,560000,494545500,0,0
2026-01-16,882.5,901.25,876.25,900,466800,417257000,0,0
2026-01-19,933.75,933.75,896.25,905,620000,564595000,0,0
2026-01-20,922.5,927.5,901.25,905,706800,642935500,0,0
2026-01-21,896.25,915,893.75,910,607600,550543000,0,0
2026-01-22,910,917.5,903.75,908.75,507200,461363000,0,0
2026-01-23,908.75,922.5,906.25,912.5,660800,602947500,0,0
2026-01-26,902.5,902.5,892.5,898.75,696000,624871000,0,0
2026-01-27,887.5,896.25,882.5,893.75,1000400,889745000,0,0
2026-01-28,890,890,873.75,875,528400,463962500,0,0
2026-01-29,875,881.25,860,877.5,610800,533420500,0,0
2026-01-30,875,878.75,867.5,873.75,417200,364159000,0,0
2026-02-02,886.25,887.5,872.5,875,596000,523989000,0,0
2026-02-03,880,895,877.5,891.25,732400,652523000,0,0
2026-02-04,892.5,902.5,890,892.5,504000,451864500,0,0
2026-02-05,907.5,907.5,891.25,905,878800,791348000,0,0
2026-02-06,987.5,1001.25,962.5,980,2393200,2349466000,0,0
2026-02-09,1010,1010,986.25,987.5,1079600,1074465500,0,0
2026-02-10,982.5,991.25,975,991.25,994800,980661500,0,0
2026-02-12,991.25,1007.5,985,1001.25,984800,983989000,0,0
2026-02-13,1000,1000,965,978.75,1150800,1129637500,0,0
2026-02-16,977.5,988.75,962.5,987.5,1089200,1069801500,0,0
2026-02-17,987.5,997.5,980,992.5,640800,635959000,0,0
2026-02-18,990,1003.75,978.75,991.25,1546000,1527591000,0,0
2026-02-19,987.5,1013.75,972.5,1013.75,1185200,1186478500,0,0
2026-02-20,1008.75,1030,1002.5,1020,1186000,1209733000,0,0
2026-02-24,1031.25,1045,1007.5,1038.75,918000,948952500,0,0
2026-02-25,1038.75,1045,1027.5,1032.5,693200,717080500,0,0
2026-02-26,1031.25,1041.25,1020,1037.5,1182800,1223558000,0,0
2026-02-27,1048.75,1095,1040,1088.75,1658400,1786715000,0,0
2026-03-02,1062.5,1088.75,1056.25,1081.25,854800,918712000,0,0
2026-03-03,1070,1081.25,1052.5,1053.75,992400,1055758500,0,0
2026-03-04,1031.25,1035,990,1010,1723200,1741831500,0,0
2026-03-05,1027.5,1041.25,1010,1023.75,1064800,1091912000,0,0
2026-03-06,1010,1023.75,997.5,1018.75,779600,787401500,0,0
2026-03-09,983.75,996.25,966.25,988.75,1410000,1381829000,0,0
2026-03-10,1006.25,1026.25,1002.5,1016.25,596000,605377000,0,0
2026-03-11,1025,1040,1017.5,1017.5,534000,546463500,0,0
2026-03-12,1015,1016.25,1005,1015,734400,743076000,0,0
2026-03-13,1002.5,1017.5,1001.25,1015,658000,665029500,0,0
2026-03-16,1012.5,1017.5,1003.75,1010,904000,913149500,0,0
2026-03-17,1011.25,1025,1011.25,1015,434400,441398000,0,0
2026-03-18,1021.25,1037.5,1017.5,1033.75,354800,365926500,0,0
2026-03-19,1018.75,1026.25,1016.25,1017.5,720000,733430000,0,0
2026-03-23,992.5,992.5,972.5,981.25,1172800,1151900000,0,0
2026-03-24,997.5,997.5,982.5,991.25,769200,760912000,0,0
2026-03-25,1008.75,1017.5,998.75,1000,703600,706810500,0,0
2026-03-26,996.25,1001.25,981.25,992.5,586400,581979000,0,0
2026-03-27,978.75,992.5,972.5,987.5,1091200,1074104500,0,0
2026-03-30,937.5,961.25,932.5,960,635600,605595500,0,0
2026-03-31,950,968.75,950,957.5,676800,648744000,0,0
2026-04-01,986.25,991.25,977.5,990,661600,652282500,0,0
2026-04-02,993.75,1005,980,985,1083200,1069953500,0,0
2026-04-03,985,987.5,978.75,983.75,511200,502930000,0,0
2026-04-06,983.75,993.75,982.5,988.75,394400,389961000,0,0
2026-04-07,990,998.75,986.25,991.25,458000,454156000,0,0
2026-04-08,1012.5,1013.75,1002.5,1007.5,629200,633674500,0,0
2026-04-09,1007.5,1015,1003.75,1003.75,661600,666112000,0,0
2026-04-10,1003.75,1008.75,988.75,991.25,617200,613908000,0,0
2026-04-13,987.5,993.75,977.5,985,556000,547068000,0,0
2026-04-14,985,992.5,985,988.75,591200,584362500,0,0
2026-04-15,993.75,1000,978.75,980,408400,402936000,0,0
2026-04-16,980,981.25,972.5,975,477600,466270500,0,0
2026-04-17,971.25,983.75,967.5,978.75,476400,464391000,0,0
2026-04-20,981.25,986.25,971.25,976.25,338800,330848000,0,0
2026-04-21,978.75,985,977.5,980,262400,257061500,0,0
2026-04-22,977.5,977.5,953.75,957.5,473600,455103500,0,0
2026-04-23,955,955,943.75,951.25,515200,489138500,0,0
2026-04-24,951.25,956.25,941.25,947.5,381200,361343500,0,0
2026-04-27,938.75,953.75,925,948.75,853600,805791000,0,0
2026-04-28,950,983.75,950,980,479600,467848500,0,0
2026-04-30,970,980,955,960,562800,540936500,0,0
2026-05-01,960,966.25,950,965,407600,391934000,0,0
2026-05-07,966.25,972.5,960,967.5,502800,485746500,0,0
2026-05-08,963.75,970,955,965,749200,720910500,0,0
2026-05-11,965,976.25,965,967.5,337600,327079000,0,0
2026-05-12,970,987.5,970,978.75,592400,580803500,0,0
2026-05-13,982.5,985,971.25,975,695200,679111000,0,0
2026-05-14,968.75,975,945,947.5,837200,796713500,0,0
2026-05-18,1015,1026.25,1003.75,1016.25,978000,994470000,0,0
2026-05-19,1022.5,1031.25,1018.75,1027.5,568800,583680500,0,0
2026-05-20,1016.25,1016.25,987.5,1000,534400,532768500,0,0
2026-05-21,1000,1011.25,991.25,996.25,500800,499791500,0,0
2026-05-22,992.5,992.5,976.25,983.75,752000,738752500,0,0
2026-05-25,996.25,1017.5,990,997.5,404400,404851000,0,0
2026-05-26,995,1026.25,993.75,1022.5,396800,403840500,0,0
2026-05-27,1022.5,1025,1007.5,1022.5,532000,542941500,0,0
2026-05-28,1020,1032.5,1001.25,1008.75,490800,497866500,0,0
2026-05-29,1001.25,1022.5,1001.25,1016.25,554800,563244500,0,0
2026-06-01,1011.25,1035,1005,1013.75,745600,758844500,0,0
2026-06-02,1001.25,1016.25,990,1008.75,710000,713027500,0,0
2026-06-03,1008.75,1035,1001.25,1032.5,1082000,1109025000,0,0
2026-06-04,1015,1025,1001.25,1006.25,637600,644086500,0,0
2026-06-05,1011.25,1032.5,1008.75,1022.5,567200,581157500,0,0
2026-06-08,1008.75,1017.5,987.5,997.5,721200,720256500,0,0
2026-06-09,998.75,1010,990,997.5,496800,495404500,0,0
2026-06-10,993.75,1006.25,990,993.75,576800,574689000,0,0
2026-06-11,978.75,991.25,968.75,986.25,599600,588848000,0,0
2026-06-12,991.25,1002.5,988.75,991.25,618800,614612500,0,0
2026-06-15,1003.75,1012.5,1001.25,1001.25,484400,486811500,0,0
2026-06-16,1001.25,1001.25,991.25,1000,482400,481335000,0,0
2026-06-17,1002.5,1011.25,1000,1002.5,455600,457119000,0,0
2026-06-18,1001.25,1011.25,996.25,1005,595600,598667000,0,0
2026-06-19,1008.75,1016.25,1003.75,1015,563600,570273000,0,0
2026-06-22,1013.75,1021.25,1006.25,1012.5,349600,354096000,0,0
2026-06-23,1018.75,1021.25,997.5,997.5,304000,305406500,0,0
2026-06-24,1000,1007.5,993.75,993.75,284800,284258000,0,0
2026-06-25,1011.25,1015,995,1003.75,483200,486111000,0,0
2026-06-26,1006.25,1017.5,1001.25,1002.5,386400,388918500,0,0
2026-06-29,1012.5,1023.75,1005,1018.75,708400,720546000,0,0
2026-06-30,1023.75,1023.75,1003.75,1017.5,897600,910113000,0,0
2026-07-01,1017.5,1026.25,1011.25,1017.5,460000,468440000,0,0
2026-07-02,1026.25,1037.5,1023.75,1025,597600,615362000,0,0
2026-07-03,1032.5,1033.75,1021.25,1025,291600,299698500,0,0
2026-07-06,1032.5,1038.75,1022.5,1025,436800,449172000,0,0
2026-07-07,1037.5,1042.5,1025,1025,438800,452144500,0,0
2026-07-08,1015,1032.5,1005,1017.5,447200,456718000,0,0
2026-07-09,1017.5,1027.5,1003.75,1011.25,663200,672613000,0,0
2026-07-10,1020,1020,1007.5,1011.25,859200,870944000,0,0
2026-07-13,1011.25,1016.25,965,970,509200,498208000,0,0
2026-07-14,973.75,980,958.75,963.75,531600,513228500,0,0
2026-07-15,963.75,980,962.5,971.25,572800,555271500,0,0
2026-07-16,972.5,982.5,971.25,971.25,533200,519697500,0,0
2026-07-17,973.75,981.25,956.25,970,597600,578338500,0,0
2026-07-21,972.5,987.5,970,973.75,634000,619816000,0,0
2026-07-22,971.25,987.5,960,967.5,797200,774174000,0,0
2026-07-23,968.75,968.75,955,960,565200,543343000,0,0
2026-07-24,958.75,965,951.25,965,484400,464837000,0,0
2026-07-27,967.5,978.75,956.25,975,851600,824741000,0,0
2026-07-28,972.5,976.25,958.75,966.25,542400,523788000,0,0
2026-07-29,996.25,996.25,942.5,956.25,1042400,1005405500,0,0
2026-07-30,956.25,962.5,946.25,952.5,565200,539490000,0,0
2026-07-31,960,961.25,936.25,943.75,643200,607311000,0,0
2026-08-03,935,937.5,915,927.5,580000,537513000,0,0
2026-08-04,926.25,930,921.25,922.5,494400,457143000,0,0
2026-08-05,930,930,917.5,928.75,553600,512005000,0,0
2026-08-06,998.75,1008.75,945,953.75,2069600,1994129000,0,0
2026-08-07,958.75,985,948.75,958.75,1324800,1275628500,0,0
2026-08-10,951.25,958.75,941.25,945,694800,660230000,0,0
2026-08-12,946.25,950,933.75,933.75,816000,765364500,0,0
2026-08-13,935,948.75,935,936.25,589200,553193500,0,0
2026-08-14,937.5,943.75,933.75,937.5,372800,349900000,0,0
2026-08-17,941.25,955,941.25,948.75,408800,387851500,0,0
2026-08-18,945,948.75,941.25,943.75,302800,286044000,0,0
2026-08-19,941.25,943.75,930,935,552400,516375000,0,0
2026-08-20,937.5,946.25,935,938.75,402800,378116500,0,0
2026-08-21,935,940,927.5,932.5,366400,341176000,0,0
2026-08-24,932.5,948.75,932.5,942.5,420800,396939500,0,0
2026-08-25,943.75,953.75,941.25,942.5,320800,303160000,0,0
2026-08-26,942.5,951.25,942.5,946.25,362000,342997500,0,0
2026-08-27,946.25,958.75,946.25,956.25,317600,302943000,0,0
2026-08-28,953.75,956.25,946.25,951.25,335200,318861000,0,0
2026-08-31,951.25,963.75,948.75,958.75,577200,553233500,0,0
2026-09-01,958.75,976.25,958.75,972.5,444800,431753000,0,0
2026-09-02,962.5,971.25,946.25,947.5,722800,687664500,0,0
2026-09-03,952.5,955,945,945,310000,293836500,0,0
2026-09-04,947.5,957.5,947.5,951.25,665600,633929500,0,0
2026-09-07,953.75,965,953.75,955,446000,427068000,0,0
2026-09-08,953.75,970,947.5,966.25,482000,463561000,0,0
2026-09-09,965,967.5,948.75,962.5,800800,770011000,0,0
2026-09-10,963.75,967.5,947.5,951.25,526000,501122500,0,0
2026-09-11,937.5,948.75,933.75,940,734400,690744000,0,0
2026-09-14,947.5,958.75,943.75,957.5,457200,435536000,0,0
2026-09-15,958.75,963.75,952.5,956.25,352800,337597500,0,0
2026-09-16,967.5,978.75,966.25,971.25,497600,484350500,0,0
2026-09-17,980,992.5,975,990,355200,350777000,0,0
2026-09-18,987.5,987.5,977.5,981.25,639600,627669000,0,0
2026-09-24,978.75,982.5,973.75,973.75,729200,712030500,0,0
2026-09-25,976.3,980,972.5,977.5,409600,399800000,0,0
2026-09-28,987.5,987.5,968.8,970,587200,572145000,0,0
2026-09-29,968,969,948,948,626600,596750400,0,0
2026-09-30,986,999,962,987,1057400,1040391900,0,0
