Date,Open,High,Low,Close,Volume,TradingValue,UpLimit,UnderLimit
2016-02-05,319.333333,321.333333,310.666667,318.333333,218700,,,
2016-02-08,316.666667,332.666667,316.666667,331,287100,,,
2016-02-09,309.666667,323,309.666667,316.666667,396000,,,
2016-02-10,325.666667,325.666667,296.666667,304.333333,335400,,,
2016-02-12,295.666667,299.666667,274.333333,274.333333,565200,,,
2016-02-15,309.333333,314,301.666667,311.666667,526800,,,
2016-02-16,307,322.666667,302.333333,309.666667,408600,,,
2016-02-17,306.333333,317,297.333333,301.333333,308700,,,
2016-02-18,311.333333,319.666667,306.666667,315.333333,372900,,,
2016-02-19,310.666667,314.333333,304,306.666667,195900,,,
2016-02-22,303.666667,319,303.666667,312.333333,219900,,,
2016-02-23,312.666667,313.333333,297,299.333333,551700,,,
2016-02-24,296.666667,304.666667,290,300.666667,433200,,,
2016-02-25,300,308.666667,300,304.333333,348600,,,
2016-02-26,304.333333,307,295,297,350400,,,
2016-02-29,302,311.333333,300.666667,300.666667,347700,,,
2016-03-01,301.333333,310,299.333333,306.666667,333000,,,
2016-03-02,310,315.333333,308.333333,312.333333,230400,,,
2016-03-03,310,313.666667,307.333333,311.333333,134400,,,
2016-03-04,313.666667,321,309.333333,320.333333,280200,,,
2016-03-07,325.333333,325.333333,313.666667,314.666667,210900,,,
2016-03-08,310,311.666667,299.333333,305.333333,374400,,,
2016-03-09,302.666667,304.333333,295.666667,302.333333,260700,,,
2016-03-10,304.666667,307,297.333333,304,434700,,,
2016-03-11,302,309,299.333333,307,446100,,,
2016-03-14,310,317,308.666667,315.333333,284700,,,
2016-03-15,315.333333,323,313.666667,320.333333,306000,,,
2016-03-16,317,323.333333,317,320.333333,286500,,,
2016-03-17,323.333333,328.666667,317,320.333333,185400,,,
2016-03-18,319.666667,328,319.666667,326.666667,369000,,,
2016-03-22,326,327.333333,309.333333,312.333333,903900,,,
2016-03-23,315.333333,316,310.666667,315,235500,,,
2016-03-24,315.666667,315.666667,306,307.666667,363600,,,
2016-03-25,307.666667,308.333333,300.666667,304,287100,,,
2016-03-28,308.666667,308.666667,301.333333,306.333333,303000,,,
2016-03-29,299.666667,308.333333,298,307,210300,,,
2016-03-30,302,307,298.333333,301,260400,,,
2016-03-31,303,305.333333,300.333333,300.333333,266700,,,
2016-04-01,303.666667,303.666667,291.666667,292.333333,414300,,,
2016-04-04,292.666667,296.333333,287.333333,290,399900,,,
2016-04-05,290.666667,290.666667,274.333333,276.666667,264300,,,
2016-04-06,279.333333,279.333333,268.666667,272,333300,,,
2016-04-07,273,282.333333,272.666667,281.333333,226200,,,
2016-04-08,273.666667,281.666667,270.666667,278.333333,305100,,,
2016-04-11,278.333333,278.666667,272.666667,276.333333,150900,,,
2016-04-12,274.333333,281.333333,274.333333,279,153300,,,
2016-04-13,281.333333,285.333333,280,284,109200,,,
2016-04-14,292.333333,296.666667,289.666667,296.666667,186300,,,
2016-04-15,291.666667,295.666667,290.666667,292.333333,250800,,,
2016-04-18,282.666667,292.333333,282.666667,290,133800,,,
2016-04-19,298.333333,299.333333,294,296.666667,107700,,,
2016-04-20,298.666667,301,294.333333,295.666667,210300,,,
2016-04-21,300.666667,302.666667,298.333333,302,223200,,,
2016-04-22,298.666667,304.333333,298,304,198900,,,
2016-04-25,307.333333,307.333333,300.666667,302.666667,192900,,,
2016-04-26,302,304.333333,294.333333,297.333333,153300,,,
2016-04-27,295.333333,296.666667,292,293.333333,156300,,,
2016-04-28,299.666667,301.666667,282.666667,291.333333,335400,,,
2016-05-02,283.333333,285.333333,275.666667,279.333333,201000,,,
2016-05-06,282.666667,283.666667,272,276.333333,225600,,,
2016-05-09,279,281.333333,274.333333,281.333333,156900,,,
2016-05-10,287,297.666667,282.666667,297.333333,401400,,,
2016-05-11,301.333333,302.333333,291,293.333333,208500,,,
2016-05-12,290.333333,294.333333,285.333333,292.333333,120000,,,
2016-05-13,292.333333,297.333333,286,289,221100,,,
2016-05-16,283,287,272,279.666667,361500,,,
2016-05-17,283.333333,284,280,283,218100,,,
2016-05-18,281,291,279.666667,288.666667,229200,,,
2016-05-19,292,292,286,288.666667,217500,,,
2016-05-20,287.666667,293.333333,287.666667,291.333333,150300,,,
2016-05-23,288.333333,291,283.666667,289,169200,,,
2016-05-24,288,289.666667,283.666667,284.333333,77700,,,
2016-05-25,288.333333,293.333333,284.333333,291,220200,,,
2016-05-26,293.333333,293.666667,288.666667,291,199200,,,
2016-05-27,290,293,289.333333,290.666667,79500,,,
2016-05-30,291.333333,293.333333,287.666667,293.333333,94800,,,
2016-05-31,292.333333,305,291,305,275400,,,
2016-06-01,298.666667,300.666667,294.666667,297.333333,255000,,,
2016-06-02,294.666667,298.666667,293,293.666667,172500,,,
2016-06-03,293.666667,295.666667,291.333333,294.333333,110700,,,
2016-06-06,293.333333,301,290,301,233400,,,
2016-06-07,303.666667,308.333333,298.666667,300.333333,437100,,,
2016-06-08,302,306,300.333333,305.333333,135600,,,
2016-06-09,302.666667,303.333333,300,303.333333,120000,,,
2016-06-10,306.333333,306.333333,295.666667,298,329700,,,
2016-06-13,293.333333,293.333333,280.666667,280.666667,208200,,,
2016-06-14,281,282,276,277.666667,136500,,,
2016-06-15,277.666667,283.666667,276.666667,280.333333,252000,,,
2016-06-16,278.666667,283.333333,269.666667,270.333333,209700,,,
2016-06-17,270.333333,276.666667,268,272.333333,377100,,,
2016-06-20,277.333333,283.333333,276.666667,279.333333,101700,,,
2016-06-21,278,285.666667,274.333333,284.666667,165600,,,
2016-06-22,280.333333,283.666667,277.666667,281.666667,167700,,,
2016-06-23,282,282,276,281.333333,112200,,,
2016-06-24,281.333333,282.666667,255,259,258900,,,
2016-06-27,267,276,266,273.666667,279900,,,
2016-06-28,266,276.333333,264,272,272400,,,
2016-06-29,274,283,271.333333,279.333333,161400,,,
2016-06-30,276.666667,278.333333,268.333333,270,332100,,,
2016-07-01,273,279.666667,271.333333,278,188400,,,
2016-07-04,276,276,271.333333,273.666667,114600,,,
2016-07-05,273.666667,274,270.666667,274,83700,,,
2016-07-06,268.333333,269.333333,264.333333,268.666667,225300,,,
2016-07-07,266,266,261.666667,264.666667,159600,,,
2016-07-08,269.666667,269.666667,261,261,96300,,,
2016-07-11,268.666667,280,266.666667,279.333333,365700,,,
2016-07-12,283.333333,293.333333,283.333333,286.666667,293700,,,
2016-07-13,293.333333,293.333333,288,289.666667,110700,,,
2016-07-14,290,293,286.666667,290,188400,,,
2016-07-15,293.333333,296,289.333333,292.666667,105300,,,
2016-07-19,288,291.333333,284.666667,291.333333,139200,,,
2016-07-20,290.666667,294,287.666667,294,82500,,,
2016-07-21,296,296,292,295.666667,111000,,,
2016-07-22,290,294.333333,288.666667,294.333333,98100,,,
2016-07-25,298.666667,304.666667,294.666667,303.333333,418800,,,
2016-07-26,301,301.333333,293,293.333333,117900,,,
2016-07-27,296.333333,298,292.666667,297.666667,132000,,,
2016-07-28,293.666667,298.666667,292,298.666667,124200,,,
2016-07-29,299,299,289,299,178800,,,
2016-08-01,284.666667,285.666667,280.666667,284,208200,,,
2016-08-02,280.333333,284.333333,277.333333,278.333333,226800,,,
2016-08-03,273.333333,276.666667,271,274,119400,,,
2016-08-04,275.666667,275.666667,269.666667,273.333333,241500,,,
2016-08-05,271.666667,276,271.666667,274.333333,177000,,,
2016-08-08,279.333333,282.333333,274,276.333333,235500,,,
2016-08-09,278.666667,283.333333,275.333333,283,129000,,,
2016-08-10,283,283,268.333333,280,429900,,,
2016-08-12,280.333333,283.666667,274,278,236100,,,
2016-08-15,278,278,275,276,81000,,,
2016-08-16,275.666667,275.666667,268.666667,268.666667,279900,,,
2016-08-17,267.666667,281.666667,264.666667,280.333333,487500,,,
2016-08-18,275.333333,278.333333,272.333333,274.666667,279300,,,
2016-08-19,274.666667,278.333333,271.666667,274,255300,,,
2016-08-22,272.333333,278.333333,272.333333,277,160500,,,
2016-08-23,274,278.666667,273.333333,274,126300,,,
2016-08-24,273.666667,277,266.666667,269.333333,241800,,,
2016-08-25,269.333333,276.333333,268,274,327000,,,
2016-08-26,271.666667,271.666667,266.666667,268,168900,,,
2016-08-29,276,276,271,275.333333,218700,,,
2016-08-30,269.333333,277.333333,268.333333,276.666667,211200,,,
2016-08-31,274.666667,278.666667,272,278.333333,247200,,,
2016-09-01,273.333333,280,273.333333,279.666667,142200,,,
2016-09-02,277.333333,280.333333,276,279.333333,168000,,,
2016-09-05,283.666667,289,282.333333,286.666667,230700,,,
2016-09-06,286.666667,292.333333,285.666667,290.333333,139500,,,
2016-09-07,288.666667,298,286,294,313800,,,
2016-09-08,291,291.666667,280,285.333333,384300,,,
2016-09-09,287.333333,288,284.666667,286,205200,,,
2016-09-12,284,293.333333,284,293.333333,456000,,,
2016-09-13,292,292,287.333333,288.666667,222300,,,
2016-09-14,284,286.333333,280.333333,283.666667,426900,,,
2016-09-15,283.333333,283.333333,278.333333,279.333333,246600,,,
2016-09-16,278.666667,281.666667,275.666667,279.333333,203400,,,
2016-09-20,275,282.666667,271.333333,278.666667,505200,,,
2016-09-21,281,291,278.333333,291,357300,,,
2016-09-23,292,299,288,297.666667,513900,,,
2016-09-26,297.666667,298.333333,292.666667,293.333333,233400,,,
2016-09-27,292,300,288,299.666667,263100,,,
2016-09-28,293.666667,299.333333,287,298.666667,156900,,,
2016-09-29,298,305,298,301,224700,,,
2016-09-30,291.666667,305,291.666667,299,301800,,,
2016-10-03,296.666667,302,295.333333,296,163800,,,
2016-10-04,294.333333,300.333333,293,300.333333,180600,,,
2016-10-05,303,306.333333,299.666667,304.666667,324900,,,
2016-10-06,302,306.666667,300,304.666667,194700,,,
2016-10-07,303.666667,306.333333,303.666667,305.666667,135900,,,
2016-10-11,301.666667,310,301.666667,305.333333,246600,,,
2016-10-12,300.666667,307.666667,297.333333,301.666667,352800,,,
2016-10-13,303.666667,309.666667,303.666667,309,196500,,,
2016-10-14,304.333333,307.333333,300,305,252600,,,
2016-10-17,302,307.666667,302,305.333333,158700,,,
2016-10-18,302,305,301,304,159300,,,
2016-10-19,304.666667,306,302.666667,305,94800,,,
2016-10-20,306,312.666667,305.666667,312.666667,169800,,,
2016-10-21,314,314,308.666667,310.333333,128400,,,
2016-10-24,310.333333,313.333333,308.666667,313.333333,107400,,,
2016-10-25,315.666667,316.666667,313,314,227700,,,
2016-10-26,313.333333,316,312.333333,314.666667,164400,,,
2016-10-27,315,319.666667,312.333333,319.333333,336000,,,
2016-10-28,320.666667,323.666667,314.333333,321.666667,416100,,,
2016-10-31,320.333333,320.333333,316.333333,317.666667,175800,,,
2016-11-01,318,320,315.666667,320,115200,,,
2016-11-02,310,310.333333,303.666667,304.666667,291300,,,
2016-11-04,301,302.666667,297.666667,301.333333,196500,,,
2016-11-07,306,307,304,305.666667,194700,,,
2016-11-08,304,307,301.666667,303.666667,121800,,,
2016-11-09,305,307,284,286.666667,372900,,,
2016-11-10,311.666667,317.666667,303,317.666667,438300,,,
2016-11-11,323.333333,327,302,306,495600,,,
2016-11-14,310.333333,314,304,307.333333,327300,,,
2016-11-15,306.666667,306.666667,296.666667,297,336000,,,
2016-11-16,304.333333,315,304.333333,315,366000,,,
2016-11-17,310,310.666667,304,306,304500,,,
2016-11-18,310,318,306,316.333333,277200,,,
2016-11-21,320,323,315,316.666667,312300,,,
2016-11-22,315.333333,316,310.333333,313,312900,,,
2016-11-24,317.333333,317.333333,312,312.666667,175800,,,
2016-11-25,312.666667,317,309.333333,315.333333,333300,,,
2016-11-28,316.333333,320.333333,313.333333,319,188700,,,
2016-11-29,313,316.333333,312.333333,315.666667,180600,,,
2016-11-30,316,320.333333,314.333333,319.666667,288900,,,
2016-12-01,319.333333,320.333333,314.333333,319,253200,,,
2016-12-02,317.666667,319.333333,315,317,217800,,,
2016-12-05,314.666667,318.333333,312,316.333333,200400,,,
2016-12-06,320,322.333333,314.666667,316.666667,278400,,,
2016-12-07,316,321.666667,316,321,214800,,,
2016-12-08,323.333333,329,322,329,346200,,,
2016-12-09,329,335.333333,327,332.333333,607800,,,
2016-12-12,336,336,322,326,324600,,,
2016-12-13,327,338,325.333333,337.333333,283500,,,
2016-12-14,335.666667,337.666667,330.666667,331,172200,,,
2016-12-15,331,332.666667,325.666667,328,187500,,,
2016-12-16,328,331.333333,325.333333,327,225900,,,
2016-12-19,326.666667,326.666667,321,321.666667,172800,,,
2016-12-20,317,324.333333,316,323.666667,193800,,,
2016-12-21,322.333333,324.666667,320,320.666667,155700,,,
2016-12-22,319,326.333333,317.666667,326,274800,,,
2016-12-26,329.333333,331.333333,324,329,326400,,,
2016-12-27,329,329.333333,323.666667,325.666667,129600,,,
2016-12-28,326,332.666667,323.333333,332.333333,279900,,,
2016-12-29,331.666667,332,323.333333,326,298500,,,
2016-12-30,323.666667,325.333333,319.333333,325,155400,,,
2017-01-04,327,335,327,334.333333,364800,,,
2017-01-05,336.333333,336.333333,326.666667,330.333333,196500,,,
2017-01-06,326.333333,333.333333,326.333333,332,151200,,,
2017-01-10,332.333333,338.333333,331.666667,336.333333,251700,,,
2017-01-11,335,337.666667,331.666667,334.666667,131400,,,
2017-01-12,333,333,324.666667,328,170400,,,
2017-01-13,324.666667,329,323.333333,328.333333,103800,,,
2017-01-16,325.666667,328.333333,321.666667,325.666667,85800,,,
2017-01-17,325.666667,325.666667,319.666667,319.666667,117300,,,
2017-01-18,315.666667,318.333333,313.666667,317,73800,,,
2017-01-19,319,322,314.333333,319.666667,158700,,,
2017-01-20,319.666667,322.333333,317.666667,320.666667,99600,,,
2017-01-23,314.666667,321,314.666667,318.333333,105900,,,
2017-01-24,316.666667,319.666667,313.333333,317,141300,,,
2017-01-25,318.333333,326,318.333333,322.666667,206700,,,
2017-01-26,325.666667,326,321,324.666667,135000,,,
2017-01-27,324.666667,326,321.666667,322.666667,160200,,,
2017-01-30,321.666667,325.333333,317.333333,325.333333,121200,,,
2017-01-31,320.333333,323.333333,318.333333,321.333333,172500,,,
2017-02-01,322.666667,327.333333,317.333333,326.666667,218400,,,
2017-02-02,326.666667,327.666667,316.666667,318,120600,,,
2017-02-03,318.333333,322,318.333333,320.333333,112200,,,
2017-02-06,322.333333,324.333333,318.666667,321.333333,126600,,,
2017-02-07,318.333333,319.666667,314.333333,317.333333,126300,,,
2017-02-08,321,321,316.666667,320.666667,88200,,,
2017-02-09,318.333333,325,314.666667,320.333333,168600,,,
2017-02-10,327,333.333333,325.333333,332.666667,220500,,,
2017-02-13,335.333333,338,332.666667,334.333333,138600,,,
2017-02-14,333,338.666667,330.666667,331,162300,,,
2017-02-15,334,336.666667,332.666667,336,114900,,,
2017-02-16,335.666667,336,331.333333,335,93600,,,
2017-02-17,334.666667,336.666667,332.666667,335.666667,156600,,,
2017-02-20,332.666667,335,329.333333,334,82500,,,
2017-02-21,333.333333,336.333333,324,335.666667,117600,,,
2017-02-22,335.666667,335.666667,329,334,87900,,,
2017-02-23,334.666667,334.666667,328.333333,330.333333,75000,,,
2017-02-24,326.666667,330,326.333333,327,124200,,,
2017-02-27,326,326,317.333333,323,262500,,,
2017-02-28,325.333333,332.666667,325,326,200400,,,
2017-03-01,327.666667,329.333333,321.666667,327,100200,,,
2017-03-02,329.333333,332.666667,329.333333,330.666667,140100,,,
2017-03-03,329.666667,331,325.333333,327.333333,125700,,,
2017-03-06,327.333333,327.333333,323.333333,326,178800,,,
2017-03-07,325.666667,328.666667,323,326.666667,159600,,,
2017-03-08,327,328.666667,325,327,106200,,,
2017-03-09,330,335,328.666667,333,313200,,,
2017-03-10,339.666667,339.666667,333.666667,336.666667,422700,,,
2017-03-13,335.333333,336.333333,332,335.333333,165000,,,
2017-03-14,336,337.333333,331.333333,335.666667,128100,,,
2017-03-15,333.333333,336.333333,332.333333,334,103200,,,
2017-03-16,329.666667,334,329.666667,334,168900,,,
2017-03-17,334,343.666667,333,340.666667,830100,,,
2017-03-21,343.333333,345.333333,336.333333,343,252600,,,
2017-03-22,336.666667,343,332.666667,333,291900,,,
2017-03-23,333.333333,336,329.666667,334.333333,246900,,,
2017-03-24,334,340.666667,334,340.666667,144600,,,
2017-03-27,333.333333,336,331,333,248400,,,
2017-03-28,335.333333,338.666667,333.333333,338.666667,275700,,,
2017-03-29,335.666667,337.666667,333,337.333333,123300,,,
2017-03-30,335.666667,335.666667,327.666667,328,141000,,,
2017-03-31,333,333,319.333333,319.333333,316500,,,
2017-04-03,322.333333,324,318.666667,321.333333,167700,,,
2017-04-04,321.333333,322,313.333333,315,407700,,,
2017-04-05,317.666667,319.666667,316.333333,318.333333,218700,,,
2017-04-06,319.333333,321,313,313.333333,160200,,,
2017-04-07,315,320.333333,314.333333,316.666667,197400,,,
2017-04-10,321.666667,322.333333,317.666667,318.666667,141900,,,
2017-04-11,316,320.333333,314.333333,314.333333,167400,,,
2017-04-12,313,313,310,310.666667,97800,,,
2017-04-13,309,309,303.333333,305.333333,174300,,,
2017-04-14,303.666667,305.333333,300,301,132600,,,
2017-04-17,299,305.333333,299,304.666667,140100,,,
2017-04-18,307,310,305.333333,305.666667,101700,,,
2017-04-19,301.666667,306.333333,301.666667,303.666667,155700,,,
2017-04-20,302,306.333333,302,304,141900,,,
2017-04-21,306.333333,313,306,312,167400,,,
2017-04-24,316.666667,318.666667,313.666667,316.666667,138600,,,
2017-04-25,321.666667,324.666667,316.666667,323.333333,219000,,,
2017-04-26,325.666667,326,322,324.666667,136200,,,
2017-04-27,324.666667,325.333333,320.666667,322,144000,,,
2017-04-28,320.666667,322,318.333333,321.333333,180000,,,
2017-05-01,320.666667,323.333333,320.666667,323.333333,92700,,,
2017-05-02,326.333333,326.666667,321.666667,321.666667,162900,,,
2017-05-08,329.666667,340,329.333333,339.333333,321600,,,
2017-05-09,337.333333,340.333333,335.333333,340,134700,,,
2017-05-10,339.333333,344,339.333333,343.666667,228000,,,
2017-05-11,345,345,335.333333,336,390900,,,
2017-05-12,336,342,334.333333,341.666667,201300,,,
2017-05-15,371.666667,371.666667,365.333333,371.333333,799500,,,
2017-05-16,371,374.666667,370,373.666667,596100,,,
2017-05-17,368.666667,372.333333,368,370.333333,253500,,,
2017-05-18,365.666667,374,365.666667,371.666667,303000,,,
2017-05-19,367.333333,369.666667,363,365.333333,427800,,,
2017-05-22,370,382,368.666667,382,452700,,,
2017-05-23,379,383,375.666667,376.333333,399300,,,
2017-05-24,380,392,380,391.666667,453000,,,
2017-05-25,390.333333,392.333333,386.333333,388.333333,320700,,,
2017-05-26,385.333333,387.666667,381,385,310500,,,
2017-05-29,385.666667,391.333333,385,386.666667,339300,,,
2017-05-30,384.333333,390,382.666667,388.333333,388800,,,
2017-05-31,391.666667,395.666667,389.333333,392,425400,,,
2017-06-01,389,394.666667,386.666667,391,750000,,,
2017-06-02,393,398.666667,392.666667,398.333333,501600,,,
2017-06-05,396.666667,402.666667,394.666667,402.666667,648300,,,
2017-06-06,402,402.333333,389,390.666667,513300,,,
2017-06-07,385.666667,393,385,392,231600,,,
2017-06-08,388.333333,393.666667,386.333333,391,328200,,,
2017-06-09,391.666667,397,386.666667,391.666667,449400,,,
2017-06-12,390.333333,395.666667,388.666667,395.666667,300900,,,
2017-06-13,392.333333,395.333333,391.666667,391.666667,223800,,,
2017-06-14,390.333333,392.666667,388.333333,390,282600,,,
2017-06-15,387.666667,393,387.666667,391.333333,352200,,,
2017-06-16,390.333333,394.333333,389,391.333333,780300,,,
2017-06-19,401.333333,408,396.666667,403,558600,,,
2017-06-20,406.333333,412.666667,404.666667,405.333333,643800,,,
2017-06-21,402.666667,411,401,410,489300,,,
2017-06-22,410.666667,419,410.666667,413,603300,,,
2017-06-23,410.666667,413.666667,406.333333,407.666667,547500,,,
2017-06-26,411.333333,415,410,412.333333,352800,,,
2017-06-27,413.666667,420.666667,413.666667,419,533100,,,
2017-06-28,416.333333,418.333333,414.333333,415.666667,370500,,,
2017-06-29,421.333333,423,409.333333,416.666667,753900,,,
2017-06-30,408,420,408,419.666667,538200,,,
2017-07-03,421.666667,425.666667,418.666667,419,304200,,,
2017-07-04,419.333333,420,409.666667,412,408000,,,
2017-07-05,413.666667,416,411.333333,415.666667,246900,,,
2017-07-06,417.333333,422.666667,408.666667,417.666667,813600,,,
2017-07-07,417,419.666667,412.333333,414,398100,,,
2017-07-10,419.666667,419.666667,411.666667,413,300600,,,
2017-07-11,412.666667,420.333333,412.666667,419,152100,,,
2017-07-12,415,418,414,415,154200,,,
2017-07-13,412.333333,416,412,415,310500,,,
2017-07-14,413.666667,418.333333,412.666667,416.333333,268500,,,
2017-07-18,411.666667,415,411,413.666667,198900,,,
2017-07-19,408.333333,418.666667,406.333333,416,227100,,,
2017-07-20,413.666667,419,413.666667,417.333333,163200,,,
2017-07-21,413,420,412.666667,419.333333,203100,,,
2017-07-24,412,420.666667,410,420,299100,,,
2017-07-25,420,423.666667,416.666667,422,414000,,,
2017-07-26,424,424,410.666667,412.666667,233400,,,
2017-07-27,412.666667,417.333333,412,414,261000,,,
2017-07-28,413.666667,413.666667,408.666667,411.666667,184200,,,
2017-07-31,411.666667,419.666667,411.666667,416,228600,,,
2017-08-01,416,418.666667,413.666667,416.666667,219900,,,
2017-08-02,418.333333,421.666667,414.333333,421.333333,109200,,,
2017-08-03,418.666667,421.666667,417,420.666667,186300,,,
2017-08-04,421.333333,425.666667,420.333333,425,462000,,,
2017-08-07,428.333333,431,425.666667,427,247500,,,
2017-08-08,426.333333,427.666667,422.666667,425.666667,192000,,,
2017-08-09,424,424,416.666667,419.666667,268800,,,
2017-08-10,425.666667,429.333333,413.666667,421,374700,,,
2017-08-14,379,381,367,376,726000,,,
2017-08-15,380,394.333333,378,391.666667,868800,,,
2017-08-16,392.666667,405.333333,392.666667,394.333333,620100,,,
2017-08-17,392.333333,392.333333,388,389.666667,274200,,,
2017-08-18,383.333333,385.333333,379.666667,382.333333,224400,,,
2017-08-21,387.333333,388,381.333333,385.666667,209700,,,
2017-08-22,392.666667,392.666667,385.666667,388.333333,223800,,,
2017-08-23,393.333333,393.333333,389.333333,392,231000,,,
2017-08-24,392.666667,401.333333,391,397.666667,422400,,,
2017-08-25,394.333333,395,387,390,465600,,,
2017-08-28,390.666667,397.666667,390.333333,397.666667,292500,,,
2017-08-29,397.666667,400,394,397.333333,146400,,,
2017-08-30,401.666667,409,400,408.333333,297300,,,
2017-08-31,405.666667,407.666667,404.333333,406.333333,270600,,,
2017-09-01,410.666667,411,406,408.333333,350700,,,
2017-09-04,407.333333,409.333333,400.666667,402.666667,330000,,,
2017-09-05,405,407.333333,399.333333,400.666667,370800,,,
2017-09-06,400,406,397.333333,405.333333,374100,,,
2017-09-07,403.666667,407.333333,400.666667,404.666667,667200,,,
2017-09-08,400,413,398.333333,408.666667,984300,,,
2017-09-11,413,415.666667,408.333333,413.333333,305700,,,
2017-09-12,415.333333,415.333333,410,411,308100,,,
2017-09-13,411,415.333333,409.333333,411,396000,,,
2017-09-14,411,411,404.666667,407,454500,,,
2017-09-15,409.333333,412,407,411.333333,898800,,,
2017-09-19,416,416,411,415,423300,,,
2017-09-20,415,421.333333,415,419.666667,425100,,,
2017-09-21,420.333333,421.666667,417.333333,419.666667,444900,,,
2017-09-22,418.333333,425.333333,418.333333,418.666667,374100,,,
2017-09-25,419.666667,422.666667,418.333333,420,341100,,,
2017-09-26,416,424.333333,415,423.333333,343200,,,
2017-09-27,418.333333,421,411.333333,421,338100,,,
2017-09-28,418.333333,425.666667,416.666667,421.666667,482100,,,
2017-09-29,415.666667,421.666667,415.666667,420.666667,306600,,,
2017-10-02,424.666667,426,420.666667,421.333333,373800,,,
2017-10-03,423.333333,423.333333,419.333333,420.666667,234900,,,
2017-10-04,420.666667,422,417.666667,419,251400,,,
2017-10-05,417.666667,417.666667,408.666667,410,452100,,,
2017-10-06,410,413,408.666667,411,253800,,,
2017-10-10,413.333333,421.333333,413,420.333333,359400,,,
2017-10-11,418.333333,423,418.333333,419.333333,243000,,,
2017-10-12,419.333333,422.666667,418.666667,420,272100,,,
2017-10-13,420.333333,422.333333,418,421,420000,,,
2017-10-16,422,428.666667,422,425,867900,,,
2017-10-17,427,428,423.666667,425.666667,354900,,,
2017-10-18,425.666667,426.333333,423,425.333333,328500,,,
2017-10-19,425.333333,426.333333,418.666667,419.666667,374700,,,
2017-10-20,418.666667,422,416.666667,420,237900,,,
2017-10-23,426,430,426,428,463500,,,
2017-10-24,428,431.666667,426.333333,429.666667,561000,,,
2017-10-25,430,431,426.666667,428,542700,,,
2017-10-26,428,433.333333,427.666667,430,577800,,,
2017-10-27,433.333333,435.333333,429,430,599700,,,
2017-10-30,430,434,427.333333,431,659100,,,
2017-10-31,434.666667,437,432,432.333333,652500,,,
2017-11-01,435.333333,438,430,434,744300,,,
2017-11-02,433.333333,434,427.666667,431.333333,578700,,,
2017-11-06,433,444.666667,433,444,507300,,,
2017-11-07,444.333333,446.333333,440.333333,446,368700,,,
2017-11-08,446,448.333333,445,448.333333,549000,,,
2017-11-09,451.666667,461.333333,449.666667,455.666667,718800,,,
2017-11-10,451,454,448,449.666667,302100,,,
2017-11-13,469.666667,487.666667,468,484,1003800,,,
2017-11-14,478.666667,479,470.666667,472,783300,,,
2017-11-15,471.333333,472.666667,451.666667,453.666667,591000,,,
2017-11-16,451,457,447.666667,453,509400,,,
2017-11-17,460.666667,463.666667,453.333333,454,507300,,,
2017-11-20,454,454,446,452.666667,539100,,,
2017-11-21,459.666667,461,457.333333,458.666667,448800,,,
2017-11-22,460,463,457,460,284100,,,
2017-11-24,459.333333,463,454.666667,461,283800,,,
2017-11-27,463.333333,463.666667,458.666667,459.333333,328200,,,
2017-11-28,459.333333,462,456.666667,460.333333,317400,,,
2017-11-29,460.333333,462.333333,459,460.666667,363300,,,
2017-11-30,461,464,459.666667,462,527700,,,
2017-12-01,462.333333,469,462.333333,466,523200,,,
2017-12-04,467.333333,471.333333,466,466,498000,,,
2017-12-05,464,466.333333,456.666667,463,731700,,,
2017-12-06,464,468.666667,461.333333,462.666667,373800,,,
2017-12-07,462.666667,471,460.333333,468,556500,,,
2017-12-08,458,469.333333,457.666667,461.666667,683700,,,
2017-12-11,459.333333,460.333333,447.666667,459,612000,,,
2017-12-12,459,461.333333,451.666667,452,222000,,,
2017-12-13,452,452,443.666667,446,308700,,,
2017-12-14,441.333333,450,441.333333,447,427500,,,
2017-12-15,444.666667,449,444,447,397500,,,
2017-12-18,445,451,444.666667,450,300000,,,
2017-12-19,451,451,440,442.333333,349500,,,
2017-12-20,440.333333,443.333333,439.666667,442.666667,188700,,,
2017-12-21,437.666667,445.333333,437.666667,443.666667,233400,,,
2017-12-22,443.666667,446.666667,443.666667,445.333333,207000,,,
2017-12-25,445.333333,452,444.666667,452,306300,,,
2017-12-26,456.666667,458.333333,452,455,300900,,,
2017-12-27,454.666667,462.666667,453.666667,459.666667,256200,,,
2017-12-28,462.333333,462.333333,456.333333,457,203100,,,
2017-12-29,458.666667,459,454.666667,457,209400,,,
2018-01-04,458.666667,458.666667,451.666667,456.333333,370500,,,
2018-01-05,457,458.333333,452,454.333333,349800,,,
2018-01-09,454.333333,455,449.333333,453,281700,,,
2018-01-10,453,453.333333,448.333333,448.333333,289500,,,
2018-01-11,447,447.333333,442,445.333333,207600,,,
2018-01-12,443,445.333333,436.666667,437,311700,,,
2018-01-15,437,441.666667,434.666667,435,186000,,,
2018-01-16,434.666667,435.333333,431.666667,432.666667,268500,,,
2018-01-17,430.666667,434.333333,425.666667,425.666667,275700,,,
2018-01-18,425.666667,429.333333,421.666667,421.666667,378000,,,
2018-01-19,422.666667,430,422.666667,428.333333,288900,,,
2018-01-22,428.666667,429,423.666667,426,265800,,,
2018-01-23,433,434,427,428.666667,300900,,,
2018-01-24,426,426,421.333333,423.333333,365400,,,
2018-01-25,424,424.666667,420.666667,422,308700,,,
2018-01-26,423.333333,426.666667,422.333333,424.333333,258000,,,
2018-01-29,425.333333,430.333333,423,425.666667,497700,,,
2018-01-30,425,425.333333,418.666667,419.333333,380100,,,
2018-01-31,417,418,410,410,305400,,,
2018-02-01,412,418.333333,410.333333,418.333333,243300,,,
2018-02-02,411,416,411,414.333333,165300,,,
2018-02-05,411.666667,414.666667,406.333333,411.666667,525000,,,
2018-02-06,403.333333,406,374.333333,382,485700,,,
2018-02-07,396,400,382.333333,383,394500,,,
2018-02-08,385.666667,390,383.666667,383.666667,364500,,,
2018-02-09,381.666667,386,373,380,430500,,,
2018-02-13,371.666667,371.666667,350,353.333333,971100,,,
2018-02-14,363.666667,372,362.333333,367.666667,1062300,,,
2018-02-15,372,378.666667,369,369.333333,588000,,,
2018-02-16,366.666667,372,362.666667,367,681900,,,
2018-02-19,373,383.666667,372.666667,382.666667,296400,,,
2018-02-20,377.333333,392,377.333333,390,433500,,,
2018-02-21,400,405,392.333333,396.333333,663600,,,
2018-02-22,393.333333,394.333333,386,390,396000,,,
2018-02-23,394.333333,402.666667,392.666667,398.333333,367800,,,
2018-02-26,408,409.333333,395.666667,398,432900,,,
2018-02-27,403,403,397.333333,400.333333,184200,,,
2018-02-28,405.666667,408.333333,399.666667,400,360300,,,
2018-03-01,399,399.333333,393.666667,394.666667,265200,,,
2018-03-02,391.333333,393,382.333333,386.666667,536700,,,
2018-03-05,383.666667,387,378.666667,383.666667,441000,,,
2018-03-06,390,396.333333,387.666667,388.333333,263100,,,
2018-03-07,383.333333,394.333333,383.333333,390.333333,234600,,,
2018-03-08,400,401.666667,390.666667,391,283500,,,
2018-03-09,403.333333,408,396.666667,398,577500,,,
2018-03-12,397.333333,397.333333,389.333333,391.333333,427200,,,
2018-03-13,393.333333,402.333333,393.333333,402,294900,,,
2018-03-14,397.666667,399.333333,393.333333,396.666667,206100,,,
2018-03-15,400.333333,400.333333,391,396.666667,186600,,,
2018-03-16,398.333333,400.666667,390.333333,391.666667,168900,,,
2018-03-19,389.666667,395,383.666667,389.333333,118500,,,
2018-03-20,385.666667,392.333333,384,390.333333,180000,,,
2018-03-22,387.666667,393.333333,387.666667,392.333333,133800,,,
2018-03-23,379,386,376,377.333333,265200,,,
2018-03-26,377.333333,383.666667,372.666667,381,209400,,,
2018-03-27,381.666667,397,381.666667,396.666667,265200,,,
2018-03-28,388.666667,392.666667,384.666667,392,131700,,,
2018-03-29,392,396.666667,390,395.333333,163200,,,
2018-03-30,396.666667,397.333333,390.666667,396,133800,,,
2018-04-02,398.666667,398.666667,391.666667,393.333333,153300,,,
2018-04-03,390.333333,403.666667,386.333333,400.333333,357600,,,
2018-04-04,402.333333,406.333333,397.666667,404.333333,258000,,,
2018-04-05,406.666667,411,402.333333,409,324000,,,
2018-04-06,411.666667,411.666667,402.333333,403.333333,239700,,,
2018-04-09,399,406.666667,398.666667,404.333333,166500,,,
2018-04-10,403.666667,408.333333,402.333333,406,194100,,,
2018-04-11,404,406,401,404.333333,111600,,,
2018-04-12,404.333333,406,402.333333,403.333333,173100,,,
2018-04-13,405.333333,406.333333,398,401.666667,185100,,,
2018-04-16,402.666667,406,400.333333,405.333333,98100,,,
2018-04-17,404.333333,409.333333,403.333333,404.333333,155400,,,
2018-04-18,405,409,391.333333,405,404100,,,
2018-04-19,408.666667,410.666667,405.333333,409,207300,,,
2018-04-20,409,410.666667,405,406,94500,,,
2018-04-23,406.666667,406.666667,401,402.333333,99900,,,
2018-04-24,405,406,398.666667,405.666667,153900,,,
2018-04-25,400,411,398.666667,410,265500,,,
2018-04-26,412,413,406.333333,408,150900,,,
2018-04-27,413.333333,413.333333,403,406.666667,148800,,,
2018-05-01,405.333333,406,402,405,105300,,,
2018-05-02,402.666667,404,400.333333,404,184500,,,
2018-05-07,399.333333,399.666667,390,398.666667,314700,,,
2018-05-08,398.333333,405.333333,396.666667,399.666667,225600,,,
2018-05-09,403,403,390,393.333333,302100,,,
2018-05-10,397.333333,397.333333,389,391.666667,278400,,,
2018-05-11,391.666667,402.333333,391.333333,402.333333,297300,,,
2018-05-14,392.666667,397,384.666667,391.666667,663300,,,
2018-05-15,392,397.666667,392,397,350700,,,
2018-05-16,396,396,387,390.333333,278100,,,
2018-05-17,388,390.666667,384.666667,390,281100,,,
2018-05-18,390,390,384.666667,389,354300,,,
2018-05-21,386.333333,386.666667,380.333333,385.666667,450900,,,
2018-05-22,381.666667,382,376.333333,381,300300,,,
2018-05-23,380,381,375.666667,378.666667,279900,,,
2018-05-24,378.666667,380.333333,372,375.333333,256200,,,
2018-05-25,377,377,368.333333,372,283500,,,
2018-05-28,372.333333,384.333333,372.333333,377.666667,492000,,,
2018-05-29,380,380,369.666667,371.333333,376800,,,
2018-05-30,364,366.333333,359.333333,364.333333,319800,,,
2018-05-31,366.666667,366.666667,358,362,400800,,,
2018-06-01,360.333333,368.333333,357,366,220200,,,
2018-06-04,369.333333,375,368.666667,373.333333,322200,,,
2018-06-05,375.333333,375.333333,366.333333,370,261300,,,
2018-06-06,366.666667,374.666667,366.666667,371.666667,336900,,,
2018-06-07,369,372.333333,367.333333,368.666667,261600,,,
2018-06-08,364,372,363.333333,369.666667,329700,,,
2018-06-11,369.333333,374.333333,367.666667,372.333333,223500,,,
2018-06-12,370.333333,371.666667,368.333333,369.666667,166500,,,
2018-06-13,370.666667,377,369.666667,376.666667,192900,,,
2018-06-14,375.333333,375.333333,369.333333,371.666667,253200,,,
2018-06-15,375,375,366.333333,366.333333,204600,,,
2018-06-18,363.666667,364.666667,359.666667,362.333333,215700,,,
2018-06-19,362.333333,362.333333,357.333333,359.666667,227400,,,
2018-06-20,359.333333,362.666667,353,362,248700,,,
2018-06-21,360.333333,361,351.666667,352.666667,280500,,,
2018-06-22,352.666667,355.333333,351,351,551700,,,
2018-06-25,356.333333,357.333333,349.333333,351.333333,257400,,,
2018-06-26,349.333333,352.666667,345.333333,352.333333,171600,,,
2018-06-27,354.666667,362.666667,351.666667,359.666667,262500,,,
2018-06-28,358,359,353,358,245400,,,
2018-06-29,357.666667,364,352.666667,361.666667,364500,,,
2018-07-02,359.666667,364.666667,358,359,375000,,,
2018-07-03,357.333333,360,349.333333,355.333333,404400,,,
2018-07-04,351,363.333333,351,360,261300,,,
2018-07-05,360,361.333333,353,354.333333,345300,,,
2018-07-06,353.333333,355.666667,351.333333,353,234600,,,
2018-07-09,353.333333,364,353,362,280500,,,
2018-07-10,366.333333,368,361.333333,363.666667,226800,,,
2018-07-11,360.333333,361.666667,354,360.666667,257100,,,
2018-07-12,363.666667,367.333333,362.666667,363.666667,270900,,,
2018-07-13,363.666667,364.333333,361,364,146400,,,
2018-07-17,365,377,365,374.666667,280500,,,
2018-07-18,376.666667,377,370,372.333333,203400,,,
2018-07-19,372.333333,372.333333,364.333333,366.666667,190500,,,
2018-07-20,365,368.666667,362.666667,365.666667,212700,,,
2018-07-23,363.333333,371.333333,363,369,231900,,,
2018-07-24,371,374.333333,369,371.333333,256500,,,
2018-07-25,369.333333,377,368,371.333333,486000,,,
2018-07-26,378.333333,385.666667,376.333333,385,328200,,,
2018-07-27,389.333333,389.333333,380.666667,382,159600,,,
2018-07-30,389.333333,391.666667,382.666667,388.666667,304800,,,
2018-07-31,389.666667,389.666667,379,381.666667,307200,,,
2018-08-01,379,383.333333,375,381.333333,165900,,,
2018-08-02,381.333333,385,375.666667,376.333333,236100,,,
2018-08-03,376.666667,379,374,376.666667,223200,,,
2018-08-06,380,382.333333,369.333333,370.333333,139500,,,
2018-08-07,367.333333,375,366.666667,374,185400,,,
2018-08-08,372.666667,378.666667,372.333333,373.666667,210600,,,
2018-08-09,379.333333,384,377.666667,382.666667,356700,,,
2018-08-10,387,388.333333,377,380,483300,,,
2018-08-13,400,403.333333,380.333333,400.333333,747600,,,
2018-08-14,394.333333,404,391.666667,402,628200,,,
2018-08-15,405.666667,412,393.333333,394.666667,335100,,,
2018-08-16,394.666667,400,392,396.666667,456600,,,
2018-08-17,395,400,389.333333,394.666667,273600,,,
2018-08-20,394.666667,404.666667,393,393.333333,356400,,,
2018-08-21,392,400,388.666667,390,548100,,,
2018-08-22,389,392.666667,387,389.333333,152700,,,
2018-08-23,390,397,390,392.666667,161100,,,
2018-08-24,398.333333,408.666667,394.666667,407.333333,380400,,,
2018-08-27,411.666667,415.333333,407.333333,413,272700,,,
2018-08-28,410,414,408,411.333333,136500,,,
2018-08-29,401.333333,408,398,402.666667,417600,,,
2018-08-30,400,404.333333,397.666667,398.333333,344100,,,
2018-08-31,397.666667,408.333333,397.333333,401,559200,,,
2018-09-03,398,399,387.666667,393,354300,,,
2018-09-04,396,396,387,389.666667,212100,,,
2018-09-05,393,394,388.666667,391.333333,262800,,,
2018-09-06,391.666667,400.666667,391.666667,399,199500,,,
2018-09-07,396.666667,400,396,399.666667,256800,,,
2018-09-10,400,401.666667,394.666667,397,354600,,,
2018-09-11,395.666667,398.333333,391,394.666667,322200,,,
2018-09-12,397,398.333333,387,390.666667,237600,,,
2018-09-13,393.666667,400.333333,390.333333,394.666667,232800,,,
2018-09-14,388,400.333333,388,394.333333,499200,,,
2018-09-18,395,400.333333,390.333333,397.666667,611700,,,
2018-09-19,403.333333,415.666667,403,407,465600,,,
2018-09-20,412.666667,413.333333,406.666667,411,423600,,,
2018-09-21,413.333333,413.666667,409.666667,413.666667,448500,,,
2018-09-25,420,427.333333,419.666667,425.666667,526800,,,
2018-09-26,420,420,407.666667,413,445500,,,
2018-09-27,412,413.333333,402.666667,404.333333,431400,,,
2018-09-28,404.666667,413,398,406.666667,528600,,,
2018-10-01,407,411.333333,401.333333,405.333333,510900,,,
2018-10-02,412,413,403.333333,406,699600,,,
2018-10-03,404,407,395,395,572100,,,
2018-10-04,394.333333,404.666667,392.333333,403,688200,,,
2018-10-05,403.333333,409,400.333333,401.333333,417600,,,
2018-10-09,395,401.666667,389.333333,393.333333,454800,,,
2018-10-10,396.666667,399,391.333333,393,362400,,,
2018-10-11,380,382.333333,376.666667,381,433500,,,
2018-10-12,380.333333,383.666667,377,377.333333,387900,,,
2018-10-15,372.333333,374,367.333333,368,337800,,,
2018-10-16,364.666667,369.333333,364,366,269100,,,
2018-10-17,371,378.666667,370.333333,377.333333,330300,,,
2018-10-18,379.666667,385.666667,378,384,671700,,,
2018-10-19,377.666667,383,375.666667,378.333333,344700,,,
2018-10-22,377.666667,379.333333,372.333333,375,318300,,,
2018-10-23,370.666667,371.666667,363.333333,363.666667,289500,,,
2018-10-24,366,371.333333,364,371,311100,,,
2018-10-25,359.666667,361.333333,353,356.333333,480300,,,
2018-10-26,354.666667,358.666667,349,353,345300,,,
2018-10-29,356,362.666667,353.333333,354,581400,,,
2018-10-30,355,371.333333,355,366.333333,1581900,,,
2018-10-31,365,368.333333,361,368,320400,,,
2018-11-01,363.333333,379,361.333333,376,484800,,,
2018-11-02,373.666667,377.333333,369.333333,375,286500,,,
2018-11-05,374.666667,375.333333,367.666667,371.333333,307500,,,
2018-11-06,374.666667,374.666667,369.333333,371.333333,179400,,,
2018-11-07,400.333333,402.666667,380,382.666667,567000,,,
2018-11-08,388.333333,393.666667,386,392.333333,271200,,,
2018-11-09,390.666667,391.333333,386,388,233400,,,
2018-11-12,418,428,405.333333,423.333333,1216200,,,
2018-11-13,410.666667,410.666667,398.666667,400.666667,603900,,,
2018-11-14,395.333333,397.333333,378.333333,381.666667,792300,,,
2018-11-15,381,392,379.333333,388.666667,276000,,,
2018-11-16,388,390,383.666667,387.333333,308400,,,
2018-11-19,388,389.333333,381.666667,389.333333,255000,,,
2018-11-20,383.666667,387,381.333333,382.666667,379800,,,
2018-11-21,372.666667,387.333333,371,385.666667,379500,,,
2018-11-22,384.333333,390.333333,381.333333,388.666667,269100,,,
2018-11-26,383.333333,396,381.333333,394,383400,,,
2018-11-27,398,400.666667,392,398.666667,287400,,,
2018-11-28,402,406.666667,397.666667,404.666667,276900,,,
2018-11-29,410,412.666667,405.333333,408,361200,,,
2018-11-30,405.666667,409.666667,401.333333,407,425400,,,
2018-12-03,416.666667,418,404.333333,406,516000,,,
2018-12-04,406.666667,406.666667,387.666667,388.333333,486900,,,
2018-12-05,378.666667,386,375.333333,385.666667,376500,,,
2018-12-06,381,387.333333,373.333333,377.666667,336600,,,
2018-12-07,376.333333,378.666667,370.666667,377.333333,345000,,,
2018-12-10,370,373,366.666667,371.333333,299700,,,
2018-12-11,373.333333,374.333333,365.333333,368.333333,401400,,,
2018-12-12,371,376.333333,369.666667,375,466800,,,
2018-12-13,376.666667,391,376.666667,389.333333,433800,,,
2018-12-14,388,388.666667,384,384.333333,426300,,,
2018-12-17,384.333333,388,382,385.333333,340200,,,
2018-12-18,378.666667,387.333333,378.666667,385,490800,,,
2018-12-19,381.333333,384,374,376.333333,387600,,,
2018-12-20,373,380.333333,370.333333,375,677100,,,
2018-12-21,373,373.333333,358.666667,365.666667,578100,,,
2018-12-25,355.666667,356.333333,342.666667,348.666667,745200,,,
2018-12-26,352.333333,357.333333,349,353,411600,,,
2018-12-27,363,372.666667,361.333333,372.333333,385200,,,
2018-12-28,372,380.333333,371,380,265200,,,
2019-01-04,378.666667,393,371.666667,392,820500,,,
2019-01-07,402,405,397.333333,402.666667,1088700,,,
2019-01-08,405,410.333333,402.666667,405.666667,1556400,,,
2019-01-09,405,405.666667,393,396,731700,,,
2019-01-10,388.333333,392.666667,384.666667,389.333333,725700,,,
2019-01-11,393.333333,396.666667,386.666667,390.666667,568500,,,
2019-01-15,388,391,385,388,537900,,,
2019-01-16,388,389,383,384.666667,202500,,,
2019-01-17,383.333333,385.666667,375,379.333333,350700,,,
2019-01-18,378.333333,384,377.333333,381.666667,290400,,,
2019-01-21,382.666667,385.666667,380,385,258900,,,
2019-01-22,385,386.666667,377.333333,383.666667,319200,,,
2019-01-23,380.666667,384.333333,377.666667,377.666667,345000,,,
2019-01-24,377.666667,387.666667,377.666667,384,390000,,,
2019-01-25,383,387.666667,382.333333,384.666667,402000,,,
2019-01-28,382.333333,382.333333,377,377,218700,,,
2019-01-29,378.666667,385.666667,378.666667,382.333333,431700,,,
2019-01-30,379.333333,383,375,375.333333,539400,,,
2019-01-31,376.333333,380,372.666667,378.666667,632400,,,
2019-02-01,376.666667,383,373.666667,377.333333,459600,,,
2019-02-04,378.666667,385.666667,377,385,514500,,,
2019-02-05,385.333333,388.333333,383,386.333333,555300,,,
2019-02-06,386.666667,388.666667,379.333333,379.666667,264000,,,
2019-02-07,379.333333,379.666667,369,376.333333,454800,,,
2019-02-08,370,375.333333,368,370.333333,374400,,,
2019-02-12,420.333333,422,390,394,1322100,,,
2019-02-13,388.666667,390,379.333333,385.333333,604800,,,
2019-02-14,385.333333,387,380.666667,386.666667,541500,,,
2019-02-15,383,387.666667,382.666667,387.666667,420600,,,
2019-02-18,394.666667,396.333333,386.666667,390.666667,388800,,,
2019-02-19,390,394,389.333333,391,295800,,,
2019-02-20,392.333333,400,390,395.666667,470700,,,
2019-02-21,396,397.666667,393.666667,395.666667,464400,,,
2019-02-22,395.666667,397,385.666667,389.666667,464100,,,
2019-02-25,394,395.666667,391.666667,394.666667,272400,,,
2019-02-26,394,395.666667,388.666667,390.333333,547200,,,
2019-02-27,391,400.333333,387.333333,397,991200,,,
2019-02-28,397.666667,404.333333,389.333333,403.333333,1281900,,,
2019-03-01,404.666667,410,399.666667,408,1348500,,,
2019-03-04,408.333333,409.333333,404.666667,408.333333,771000,,,
2019-03-05,408,411,405,410,677700,,,
2019-03-06,406.333333,408.666667,403.666667,405.333333,696000,,,
2019-03-07,406.333333,409,404.333333,408.333333,676500,,,
2019-03-08,403.666667,408,402.666667,405,602700,,,
2019-03-11,406.666667,408.666667,405,408.666667,428700,,,
2019-03-12,409,410,405.333333,406.666667,546900,,,
2019-03-13,408.666667,413.666667,405.666667,406.666667,565500,,,
2019-03-14,409.333333,410,403.666667,404.666667,358800,,,
2019-03-15,407.666667,407.666667,404,405.666667,587700,,,
2019-03-18,410,410,407.333333,409.666667,447000,,,
2019-03-19,411.666667,411.666667,407.666667,409.333333,299700,,,
2019-03-20,410.666667,412.333333,407,410.666667,390600,,,
2019-03-22,412.333333,412.666667,407.333333,410,347700,,,
2019-03-25,406.666667,406.666667,403,405.333333,535200,,,
2019-03-26,414.666667,415.333333,411.333333,414.666667,854700,,,
2019-03-27,410,411,406.333333,408.333333,483000,,,
2019-03-28,408.333333,408.333333,402.333333,403.333333,554700,,,
2019-03-29,405,405.333333,402.333333,403.333333,358800,,,
2019-04-01,407.666667,410,407,408.333333,443100,,,
2019-04-02,416.666667,422,410.666667,411.333333,551400,,,
2019-04-03,416.666667,416.666667,410,414.333333,605700,,,
2019-04-04,417,425,415.666667,423.666667,873900,,,
2019-04-05,423.333333,423.333333,414.333333,416.333333,352800,,,
2019-04-08,416.666667,417,413,414,333900,,,
2019-04-09,414.666667,414.666667,406.333333,408.666667,350100,,,
2019-04-10,406,408,404.666667,407,260400,,,
2019-04-11,409.666667,410.666667,406.333333,406.666667,293100,,,
2019-04-12,410.666667,410.666667,406,406.333333,205200,,,
2019-04-15,415,417.333333,411,414.666667,461700,,,
2019-04-16,413.333333,417.666667,411.666667,414.333333,514500,,,
2019-04-17,415.333333,419,412,415.666667,633600,,,
2019-04-18,416,420,411.333333,412.666667,483900,,,
2019-04-19,416.333333,418,408,408.666667,318900,,,
2019-04-22,408,411.666667,406.666667,410,218400,,,
2019-04-23,410,413,409,410,467100,,,
2019-04-24,406.666667,411.666667,406.666667,408.666667,417000,,,
2019-04-25,406,409,402.666667,408.333333,478200,,,
2019-04-26,405,407,400,404.666667,554100,,,
2019-05-07,408.333333,408.666667,400.333333,407.333333,478800,,,
2019-05-08,405.666667,408.666667,399.333333,400,615000,,,
2019-05-09,382.666667,397.666667,379.333333,386.333333,1042200,,,
2019-05-10,385,388.666667,380.666667,385.666667,507300,,,
2019-05-13,386.333333,391.333333,382.333333,382.333333,398400,,,
2019-05-14,374.333333,386,374.333333,385.333333,411000,,,
2019-05-15,415.333333,431.666667,394.333333,401.333333,1582200,,,
2019-05-16,399.666667,416,399.666667,413.333333,711000,,,
2019-05-17,421.666667,426.333333,419,420.333333,654000,,,
2019-05-20,421.333333,427,421.333333,427,409800,,,
2019-05-21,425.333333,428.666667,419.666667,420.666667,782400,,,
2019-05-22,420.666667,421,415,419.333333,569400,,,
2019-05-23,418.333333,420,414.333333,415.666667,504900,,,
2019-05-24,413.666667,420.333333,413.333333,419.333333,840600,,,
2019-05-27,417.666667,427.666667,416,418,627000,,,
2019-05-28,418.666667,420,416.333333,418.333333,670800,,,
2019-05-29,416.333333,418.333333,410.666667,414,438900,,,
2019-05-30,412.666667,415.333333,411,413,272400,,,
2019-05-31,413.333333,413.333333,404,407.333333,485400,,,
2019-06-03,398,402,394.333333,398.666667,470100,,,
2019-06-04,400,403.333333,397,403.333333,652500,,,
2019-06-05,408.666667,411.666667,406,410,475200,,,
2019-06-06,408.333333,414.333333,407.666667,410.333333,241500,,,
2019-06-07,414.333333,416.333333,409.333333,414.333333,416400,,,
2019-06-10,418.666667,420.333333,412.333333,418.666667,490800,,,
2019-06-11,421,422,417.666667,419.333333,395100,,,
2019-06-12,420.333333,426,419.333333,421.333333,470400,,,
2019-06-13,414.333333,420.333333,410.666667,414.666667,554700,,,
2019-06-14,408.333333,417.666667,408.333333,415.666667,520800,,,
2019-06-17,416.333333,421,415.666667,416,443400,,,
2019-06-18,416,418,407.333333,408.666667,207900,,,
2019-06-19,413.333333,418.666667,412.666667,418,372600,,,
2019-06-20,423,424.333333,419,419.333333,278700,,,
2019-06-21,424,424,412.666667,414.333333,628200,,,
2019-06-24,413,415.666667,412,415,199500,,,
2019-06-25,417.666667,422.333333,416.666667,418,422700,,,
2019-06-26,414.666667,416.666667,410,410.333333,223800,,,
2019-06-27,410.333333,413,409,413,217500,,,
2019-06-28,411.333333,417.666667,410.333333,416,414300,,,
2019-07-01,425,426.333333,421,426,261900,,,
2019-07-02,424.333333,427.333333,423,425.333333,303900,,,
2019-07-03,421.666667,424,418.333333,423,411300,,,
2019-07-04,422,423.666667,420,423.333333,251700,,,
2019-07-05,424.333333,425,416.666667,418.666667,228000,,,
2019-07-08,417.666667,418,410.333333,411.333333,349800,,,
2019-07-09,412,412.666667,400.666667,402.333333,407100,,,
2019-07-10,400,405,395.666667,403.666667,437100,,,
2019-07-11,408.333333,410.666667,405.666667,408.666667,292200,,,
2019-07-12,409.666667,414,406.333333,410.666667,397500,,,
2019-07-16,408.666667,410.666667,405.666667,406.666667,258000,,,
2019-07-17,403.333333,411.666667,403,408,336000,,,
2019-07-18,411.666667,412,398,398,648300,,,
2019-07-19,403.333333,408,400.666667,407,365700,,,
2019-07-22,407.666667,407.666667,399.333333,399.666667,230400,,,
2019-07-23,401.333333,408.666667,400,405.333333,608700,,,
2019-07-24,408.666667,421,408.333333,413.333333,1033200,,,
2019-07-25,422.333333,431.333333,419.333333,425.333333,1113000,,,
2019-07-26,422,422,417.333333,419.666667,229800,,,
2019-07-29,420,420,412,412,309300,,,
2019-07-30,411.333333,415.333333,411,415,273600,,,
2019-07-31,414,414.666667,411,411,309300,,,
2019-08-01,411.333333,412.666667,409,411,216900,,,
2019-08-02,403.333333,406.333333,397,399,513000,,,
2019-08-05,398.333333,398.333333,386.333333,390.333333,570300,,,
2019-08-06,378.333333,387,375,387,417000,,,
2019-08-07,382,386.666667,381,382.666667,294300,,,
2019-08-08,381.666667,394,381.666667,391.666667,428100,,,
2019-08-09,389.333333,393,386,390.666667,440100,,,
2019-08-13,429.666667,429.666667,399.666667,405.333333,1256100,,,
2019-08-14,408,412.333333,405.666667,409.333333,492600,,,
2019-08-15,400,404.333333,398.666667,401.666667,318600,,,
2019-08-16,404,410,400.666667,406.666667,323400,,,
2019-08-19,410.666667,412.666667,408.666667,412.666667,269400,,,
2019-08-20,410.666667,422.333333,410,421.666667,244500,,,
2019-08-21,421.333333,426.333333,421.333333,424,439200,,,
2019-08-22,426,426,422.666667,425,317700,,,
2019-08-23,423.333333,427.333333,419.666667,422.333333,495300,,,
2019-08-26,410,415,408.333333,415,461400,,,
2019-08-27,420,420.666667,417.666667,419.333333,310200,,,
2019-08-28,419.333333,419.666667,413.666667,414.333333,228900,,,
2019-08-29,416.666667,418.333333,408.666667,417.666667,574200,,,
2019-08-30,417.666667,420.333333,412.333333,419.666667,589500,,,
2019-09-02,415.666667,416.666667,412,413.333333,191400,,,
2019-09-03,413.333333,413.666667,410.333333,413.333333,178500,,,
2019-09-04,408,411,407,407.666667,285000,,,
2019-09-05,411.666667,419,410,415,386100,,,
2019-09-06,418,418,413.666667,414.666667,222600,,,
2019-09-09,413.333333,415,411.666667,414.666667,284400,,,
2019-09-10,413.333333,419.333333,412.333333,417.333333,357000,,,
2019-09-11,417.333333,421.666667,417,419,441600,,,
2019-09-12,417,418.666667,411,416.333333,698100,,,
2019-09-13,418.666667,423.333333,416,421.666667,960900,,,
2019-09-17,426.666667,430.666667,419.666667,428.333333,531300,,,
2019-09-18,431,434.666667,428.666667,433,557100,,,
2019-09-19,437,444.333333,436.666667,441,665100,,,
2019-09-20,443.333333,448.666667,441.666667,443,520800,,,
2019-09-24,445,451.666667,443.333333,443.666667,315300,,,
2019-09-25,444,448,439.333333,446.333333,286200,,,
2019-09-26,446.333333,448.666667,439.333333,440.666667,690000,,,
2019-09-27,436.333333,436.333333,428,433,527400,,,
2019-09-30,426.333333,429,423.666667,426.666667,332400,,,
2019-10-01,427,436,425.333333,430,439500,,,
2019-10-02,427.666667,433.666667,423.333333,431.666667,384900,,,
2019-10-03,422,424.666667,418.666667,422.333333,393000,,,
2019-10-04,420,423,414.333333,422.333333,312000,,,
2019-10-07,424.333333,424.666667,417.333333,419.333333,230700,,,
2019-10-08,424,425.666667,419.666667,422.666667,350400,,,
2019-10-09,420,430.666667,420,430.333333,352200,,,
2019-10-10,431.666667,431.666667,420,426.666667,341100,,,
2019-10-11,429,430.333333,425.333333,429.666667,238500,,,
2019-10-15,439.333333,442.333333,433.666667,435,422700,,,
2019-10-16,440.333333,445,430,431.666667,500400,,,
2019-10-17,432,434.333333,427.666667,430.333333,261900,,,
2019-10-18,432.666667,439.333333,430.666667,431.333333,355800,,,
2019-10-21,433.666667,441.333333,433.666667,436,205500,,,
2019-10-23,440,441.333333,434.666667,436.666667,251700,,,
2019-10-24,440,440.333333,435.333333,438.333333,298500,,,
2019-10-25,440.666667,444,436.333333,441.333333,484500,,,
2019-10-28,439.333333,439.333333,430,433.666667,585000,,,
2019-10-29,436.666667,440,435.666667,437.666667,309900,,,
2019-10-30,438.333333,445.333333,435.666667,442.666667,895200,,,
2019-10-31,440.666667,443.333333,438.333333,442.333333,248700,,,
2019-11-01,449,454.666667,446,448.666667,612300,,,
2019-11-05,455,463,454,458.333333,620700,,,
2019-11-06,457.333333,457.666667,451.333333,453,359400,,,
2019-11-07,451.333333,452.666667,447.333333,448.333333,259200,,,
2019-11-08,454.666667,454.666667,445,449.666667,422700,,,
2019-11-11,509.666667,509.666667,466,467,1285500,,,
2019-11-12,467.666667,484.333333,467.666667,481,665100,,,
2019-11-13,478.666667,481.333333,475,479.666667,476400,,,
2019-11-14,479.666667,483.333333,476.666667,476.666667,477000,,,
2019-11-15,476.666667,486.333333,476.666667,480.666667,525000,,,
2019-11-18,482.666667,484.666667,477.333333,482.333333,352200,,,
2019-11-19,485,489.666667,483.333333,484.666667,320700,,,
2019-11-20,481.333333,487.333333,479.666667,484,297000,,,
2019-11-21,482,484,472.333333,480.333333,349200,,,
2019-11-22,477,484.333333,476.333333,477,393300,,,
2019-11-25,478.333333,484,477,480.333333,502500,,,
2019-11-26,482.333333,484.666667,477.666667,477.666667,293400,,,
2019-11-27,487.666667,493,483.333333,490,459300,,,
2019-11-28,490,490,484.666667,487.666667,240600,,,
2019-11-29,484.666667,489,482.666667,485,396300,,,
2019-12-02,489.666667,494.666667,489.666667,493.333333,278700,,,
2019-12-03,490.333333,492.333333,487,490.666667,399900,,,
2019-12-04,488,497,486.666667,497,522600,,,
2019-12-05,498.666667,502,497,499,714300,,,
2019-12-06,495.333333,505.333333,494,501.666667,635100,,,
2019-12-09,506,508.666667,505.333333,508.666667,432000,,,
2019-12-10,509.333333,520.666667,509.333333,517.333333,669000,,,
2019-12-11,517,518,512,513.666667,412500,,,
2019-12-12,514.666667,514.666667,506.666667,506.666667,504900,,,
2019-12-13,516.333333,518.666667,512.666667,516.333333,454200,,,
2019-12-16,516.666667,518,514.333333,516,375600,,,
2019-12-17,515,516,509.666667,515.666667,496200,,,
2019-12-18,510.333333,510.666667,507.333333,509.333333,580200,,,
2019-12-19,518,521.666667,515.666667,517.333333,605400,,,
2019-12-20,516.666667,516.666667,510.666667,513.333333,433200,,,
2019-12-23,512.666667,512.666667,507,508,388200,,,
2019-12-24,506,508.333333,503.333333,506.666667,333300,,,
2019-12-25,507.333333,509.333333,503.333333,507,543300,,,
2019-12-26,509,511.333333,507,511.333333,311700,,,
2019-12-27,512.333333,522,512.333333,519,400800,,,
2019-12-30,512.333333,517.333333,510,514.333333,257400,,,
2020-01-06,505.333333,511.333333,503.666667,509.666667,437400,,,
2020-01-07,517,521,515,518.666667,517200,,,
2020-01-08,510.333333,512,503.333333,508,627900,,,
2020-01-09,513.666667,519,513.666667,517.333333,541200,,,
2020-01-10,517.333333,520.666667,513.666667,515,670200,,,
2020-01-14,519,519.666667,506.333333,509.666667,567000,,,
2020-01-15,512,513,508.333333,512.333333,373800,,,
2020-01-16,516.666667,516.666667,512,512.666667,401100,,,
2020-01-17,510.333333,512,508.666667,510.666667,402900,,,
2020-01-20,510.666667,515.666667,510,514.333333,428700,,,
2020-01-21,516.666667,520.333333,514.666667,519,631200,,,
2020-01-22,516.333333,520.333333,514.333333,518,775800,,,
2020-01-23,514.333333,514.333333,508.333333,510,633000,,,
2020-01-24,516,516,510.666667,513.333333,480600,,,
2020-01-27,510,510,504.666667,506.666667,682500,,,
2020-01-28,505,505.666667,500.333333,503.666667,627000,,,
2020-01-29,505.666667,505.666667,500,503,488100,,,
2020-01-30,503,504.666667,492.333333,496,662400,,,
2020-01-31,498.666667,504.333333,496.333333,499.333333,502500,,,
2020-02-03,490,501,484.333333,498.333333,534000,,,
2020-02-04,498.333333,499,492,496,528300,,,
2020-02-05,503.333333,504.666667,491,491,559200,,,
2020-02-06,496.666667,502.666667,496.666667,501.666667,638700,,,
2020-02-07,503.333333,505.666667,498.333333,502,543000,,,
2020-02-10,476,483.333333,471.666667,480,1053000,,,
2020-02-12,483.333333,483.333333,474.333333,475.333333,723900,,,
2020-02-13,470,471.333333,463.666667,469.333333,987300,,,
2020-02-14,464.333333,469.333333,462,469.333333,563700,,,
2020-02-17,464,465.333333,459.333333,461.333333,390000,,,
2020-02-18,459.666667,460.333333,450.333333,451.333333,598800,,,
2020-02-19,458.666667,464.333333,456,457,594300,,,
2020-02-20,459.666667,462.666667,454.666667,456.333333,373200,,,
2020-02-21,453.333333,455.666667,450.666667,451.666667,458100,,,
2020-02-25,433.333333,439,429.666667,433.333333,775500,,,
2020-02-26,426.666667,433.666667,425.333333,433,508800,,,
2020-02-27,430,431.666667,424.333333,425.666667,685200,,,
2020-02-28,417.333333,424.666667,415.666667,424.333333,1216800,,,
2020-03-02,418.666667,439,417,431,717600,,,
2020-03-03,433.333333,435,422.333333,422.333333,601500,,,
2020-03-04,417.333333,429,417,425,829500,,,
2020-03-05,428.666667,429.333333,421.333333,422.666667,576600,,,
2020-03-06,419.666667,421.333333,411.666667,415.333333,643800,,,
2020-03-09,405.333333,409.666667,396,399,699900,,,
2020-03-10,392.333333,400.666667,376.666667,399,1035900,,,
2020-03-11,397.333333,406.333333,395,396,801600,,,
2020-03-12,389.333333,391.333333,373,376.333333,967800,,,
2020-03-13,366.333333,374.333333,349,369,1051200,,,
2020-03-16,372.333333,377,362.666667,364.333333,914400,,,
2020-03-17,355.666667,389,355.666667,384,1384500,,,
2020-03-18,380,390.666667,367,370,1160400,,,
2020-03-19,370.333333,375.666667,360.333333,364.333333,1805700,,,
2020-03-23,368.333333,378,350.333333,373.666667,1464000,,,
2020-03-24,378.333333,388,372,382.333333,776400,,,
2020-03-25,402,403,388.666667,401.333333,955500,,,
2020-03-26,391.666667,411.333333,389.333333,407.666667,732900,,,
2020-03-27,420,432,412.666667,432,1071300,,,
2020-03-30,390.333333,408.666667,385.333333,404.333333,800700,,,
2020-03-31,403.666667,409.333333,395.333333,403.666667,571200,,,
2020-04-01,391.666667,396.333333,375.333333,378,582000,,,
2020-04-02,368,375,363.666667,368,499500,,,
2020-04-03,376.333333,381.333333,369.666667,374,597300,,,
2020-04-06,377.666667,392.333333,373.333333,388,554400,,,
2020-04-07,390,394.333333,378.666667,389.333333,536700,,,
2020-04-08,389.333333,398.333333,382.333333,395.666667,526200,,,
2020-04-09,395.666667,400.333333,389.333333,397.666667,405900,,,
2020-04-10,402,414.333333,391.666667,414,523200,,,
2020-04-13,409.333333,411,401.333333,405,282300,,,
2020-04-14,403.333333,407.333333,396.333333,398.666667,465300,,,
2020-04-15,396,397,382.333333,386,693000,,,
2020-04-16,381.333333,393.666667,381.333333,392.666667,426300,,,
2020-04-17,396.666667,398.333333,385.333333,389,565800,,,
2020-04-20,391.333333,400.333333,390.333333,391.666667,348900,,,
2020-04-21,383.666667,392.333333,382,391.333333,274200,,,
2020-04-22,387.333333,399.666667,385.333333,395.333333,439200,,,
2020-04-23,400,404.333333,396.666667,404,369600,,,
2020-04-24,407,410,398.666667,404.333333,268500,,,
2020-04-27,404.666667,407,401,405.666667,258900,,,
2020-04-28,405,407.333333,401.333333,406,540900,,,
2020-04-30,416,416,408.333333,408.333333,461700,,,
2020-05-01,412.333333,414.333333,406.666667,407.666667,413100,,,
2020-05-07,404.666667,411,404.666667,410,434400,,,
2020-05-08,416.666667,428,407.666667,419.333333,698100,,,
2020-05-11,431.666667,443.333333,427.333333,441,759300,,,
2020-05-12,439.666667,439.666667,428.333333,428.333333,474300,,,
2020-05-13,418.333333,424,413.666667,422,611400,,,
2020-05-14,417.666667,420.666667,413,413.666667,310800,,,
2020-05-15,418.333333,419.333333,408,410,459600,,,
2020-05-18,409.666667,439,409.666667,436.333333,804000,,,
2020-05-19,450,450,430.333333,432,473100,,,
2020-05-20,439.666667,441.333333,434.666667,439,384900,,,
2020-05-21,441.666667,441.666667,432,438.666667,413700,,,
2020-05-22,438,441.333333,431.333333,434.333333,374400,,,
2020-05-25,440,440,434.333333,436.333333,216900,,,
2020-05-26,440.666667,443,436.333333,439.666667,324600,,,
2020-05-27,441,446.333333,438.666667,445.666667,449700,,,
2020-05-28,446.666667,451.666667,443.666667,450.333333,441000,,,
2020-05-29,449.333333,462,448,457.666667,906000,,,
2020-06-01,456.333333,456.333333,448,450.666667,181500,,,
2020-06-02,450.666667,451.333333,446.333333,447.333333,477900,,,
2020-06-03,450.666667,453.666667,446,448,460800,,,
2020-06-04,452.333333,452.333333,442.666667,443,370500,,,
2020-06-05,443,446.666667,440,445,381000,,,
2020-06-08,452,453.333333,443.666667,446.333333,319200,,,
2020-06-09,448,448.333333,442.333333,446,249600,,,
2020-06-10,442,442.333333,436.666667,437.333333,449700,,,
2020-06-11,437.333333,438.666667,433.333333,433.666667,427500,,,
2020-06-12,426.333333,426.333333,419.666667,424.666667,489600,,,
2020-06-15,428,432.666667,422,422,481200,,,
2020-06-16,434.666667,443.333333,428.666667,442.333333,705600,,,
2020-06-17,439.333333,442.666667,432.333333,434,464100,,,
2020-06-18,429.333333,433.666667,423,426.333333,492300,,,
2020-06-19,430,435.666667,425,432.333333,465000,,,
2020-06-22,433.333333,436.333333,431.333333,431.666667,315600,,,
2020-06-23,440.333333,441,432.333333,436.666667,376500,,,
2020-06-24,435.333333,435.333333,425,427.333333,491700,,,
2020-06-25,422.666667,423.666667,419,419.333333,292500,,,
2020-06-26,423,426,420,425.666667,321600,,,
2020-06-29,421.333333,421.333333,416,416.666667,360000,,,
2020-06-30,424.333333,424.333333,411.333333,411.333333,416400,,,
2020-07-01,414.666667,415.666667,409.333333,411.666667,442200,,,
2020-07-02,410,411.333333,405.666667,408,377700,,,
2020-07-03,410.666667,413.333333,403.666667,407.666667,260700,,,
2020-07-06,409.666667,414,408,414,330900,,,
2020-07-07,414,414,407,409,329700,,,
2020-07-08,409,413.333333,406,406,450000,,,
2020-07-09,406,408.666667,400.666667,403.333333,555300,,,
2020-07-10,400.666667,402,392,392,522600,,,
2020-07-13,396.666667,403,396.333333,402.666667,326100,,,
2020-07-14,406,409,402.666667,407.666667,456000,,,
2020-07-15,408.666667,412.333333,406.333333,411,466200,,,
2020-07-16,412.666667,418,409.333333,411.333333,498300,,,
2020-07-17,414.333333,416.666667,410,413.666667,419100,,,
2020-07-20,413.666667,417,410,416,292500,,,
2020-07-21,411.666667,417.333333,409,416,404100,,,
2020-07-22,414.333333,415,410.333333,410.333333,323700,,,
2020-07-27,409.666667,421.333333,406.333333,421,1134300,,,
2020-07-28,420.666667,420.666667,408.333333,410.333333,399600,,,
2020-07-29,410.333333,410.333333,402,403.333333,504000,,,
2020-07-30,410.666667,410.666667,398.333333,398.666667,381300,,,
2020-07-31,397,397,384,385.666667,388500,,,
2020-08-03,390.666667,397.666667,386.666667,391.333333,426900,,,
2020-08-04,393.666667,396.333333,391,396.333333,395700,,,
2020-08-05,394.333333,394.333333,388,391.333333,468900,,,
2020-08-06,396.333333,397.666667,392.333333,392.333333,242400,,,
2020-08-07,393,393.333333,388,390.333333,443100,,,
2020-08-11,400.333333,400.333333,375,381.666667,2029200,,,
2020-08-12,386.666667,398.666667,382,395.333333,750900,,,
2020-08-13,395,396.666667,388.666667,395,601800,,,
2020-08-14,394.666667,394.666667,391,394.333333,514500,,,
2020-08-17,392,396.333333,389.333333,389.333333,441000,,,
2020-08-18,388.333333,390.333333,386.666667,389,391500,,,
2020-08-19,389,389.666667,382,387.333333,568800,,,
2020-08-20,385,385,381,381,417900,,,
2020-08-21,380,381.666667,377,379.333333,496500,,,
2020-08-24,379,381,377.666667,380,277500,,,
2020-08-25,383.666667,386.666667,381,386.666667,514500,,,
2020-08-26,386,387.333333,383,386.333333,363600,,,
2020-08-27,385,387,383.333333,384,273300,,,
2020-08-28,385,385.666667,377,379,728100,,,
2020-08-31,381.666667,386,379,379,610500,,,
2020-09-01,379,386.333333,377.666667,385,657300,,,
2020-09-02,386.333333,390,385.666667,389.333333,434100,,,
2020-09-03,393.333333,395.333333,389.333333,390.333333,655500,,,
2020-09-04,386.666667,392.666667,384.333333,390.666667,618300,,,
2020-09-07,390.333333,392,387,388.333333,646200,,,
2020-09-08,392,395.333333,388,395.333333,996000,,,
2020-09-09,387.333333,392.666667,385.666667,391.333333,874200,,,
2020-09-10,391.666667,396.333333,390.666667,395.333333,699900,,,
2020-09-11,396.333333,402.666667,395.333333,401.666667,760800,,,
2020-09-14,403.333333,410.333333,403.333333,409,631200,,,
2020-09-15,410,411,404.333333,408.666667,680100,,,
2020-09-16,405.333333,408.333333,400.333333,400.333333,1023600,,,
2020-09-17,400.333333,403.333333,399,402,754500,,,
2020-09-18,405.333333,409.333333,403.333333,406.666667,936000,,,
2020-09-23,400.666667,404,396.333333,399.333333,1433700,,,
2020-09-24,398,401.666667,397,399.333333,765900,,,
2020-09-25,402.333333,407.333333,401,401.666667,940500,,,
2020-09-28,405,406.666667,400.666667,406.333333,1285200,,,
2020-09-29,394.666667,399.666667,390.333333,397,912900,,,
2020-09-30,394,394,384,384,909900,,,
2020-10-01,#VALUE!,#VALUE!,#VALUE!,#VALUE!,0,,,
2020-10-02,387,389.666667,379.666667,380.333333,1150200,,,
2020-10-05,386,393,383.666667,390,697500,,,
2020-10-06,394.666667,395.333333,391.666667,392.666667,658800,,,
2020-10-07,392.333333,394.666667,389,393,551100,,,
2020-10-08,393.333333,395.333333,390.666667,394.666667,632100,,,
2020-10-09,394,395.333333,391.666667,395,395700,,,
2020-10-12,394.333333,394.333333,390.333333,390.666667,589800,,,
2020-10-13,391.333333,392.333333,387.333333,391.333333,615900,,,
2020-10-14,388,391.333333,387.333333,389,592500,,,
2020-10-15,389.333333,392,387.333333,387.333333,481800,,,
2020-10-16,387.333333,391,386.333333,386.333333,438900,,,
2020-10-19,387,392,386.666667,391,508500,,,
2020-10-20,390,390,382.666667,382.666667,1051200,,,
2020-10-21,383.333333,389.333333,383,388,540900,,,
2020-10-22,387.333333,387.666667,383.666667,385.666667,387300,,,
2020-10-23,384,388,383,388,658200,,,
2020-10-26,388,391.333333,386.666667,390.333333,454800,,,
2020-10-27,386.666667,388,384,385.666667,653400,,,
2020-10-28,382.666667,383.333333,378.333333,379.333333,645600,,,
2020-10-29,376.333333,380.333333,374.333333,378.333333,411600,,,
2020-10-30,380,381.333333,374.666667,376.666667,578100,,,
2020-11-02,381.666667,384,379.333333,382.333333,356700,,,
2020-11-04,387.666667,388,383,384.666667,420300,,,
2020-11-05,387.666667,399.333333,384.333333,397.333333,1828500,,,
2020-11-06,396.666667,396.666667,391,395.333333,429300,,,
2020-11-09,399.333333,399.333333,394,396.333333,645900,,,
2020-11-10,402.666667,406.333333,397.666667,400.333333,1185600,,,
2020-11-11,406,409,403,404.333333,976200,,,
2020-11-12,402.666667,402.666667,396.333333,397,473400,,,
2020-11-13,395,396.666667,390.666667,396,619200,,,
2020-11-16,390,393,383.333333,383.666667,1282200,,,
2020-11-17,386.666667,386.666667,376.666667,381,1118100,,,
2020-11-18,380,381,375.333333,378.666667,677700,,,
2020-11-19,379.333333,381,377,381,829200,,,
2020-11-20,380,382,378.333333,381.333333,538800,,,
2020-11-24,385,388.666667,380.666667,381.333333,790800,,,
2020-11-25,382.666667,383,377.333333,378,822600,,,
2020-11-26,378.333333,379.666667,376,379.333333,503100,,,
2020-11-27,383.333333,389.666667,383,388.333333,991200,,,
2020-11-30,390,392.333333,381,383,1878900,,,
2020-12-01,388.333333,393,386.333333,392.666667,858600,,,
2020-12-02,393.666667,394,388.333333,390,551400,,,
2020-12-03,389.333333,392.333333,387,389,533700,,,
2020-12-04,390,391.666667,386.666667,391.666667,571500,,,
2020-12-07,393.333333,393.333333,388.333333,390.333333,619200,,,
2020-12-08,388,392.333333,387.666667,389.666667,364200,,,
2020-12-09,392,393,388.333333,393,396000,,,
2020-12-10,396,397.333333,392.666667,395.333333,715800,,,
2020-12-11,392,392.333333,386.666667,391,632400,,,
2020-12-14,394.333333,398.333333,392.333333,394.666667,663900,,,
2020-12-15,391,394.333333,391,394.333333,428400,,,
2020-12-16,393.666667,395,391.333333,391.333333,473100,,,
2020-12-17,392.666667,393.333333,389,392.333333,533100,,,
2020-12-18,393.333333,397,393.333333,395,515100,,,
2020-12-21,397,398.333333,394.666667,396.666667,375900,,,
2020-12-22,394.333333,394.666667,388.666667,390.666667,606000,,,
2020-12-23,392,392.666667,389,391.333333,372900,,,
2020-12-24,395,396.333333,393,394.333333,373500,,,
2020-12-25,394.333333,399.666667,394.333333,398.333333,593100,,,
2020-12-28,400,403,399.333333,401,618600,,,
2020-12-29,402.333333,405.666667,400.333333,405.333333,563400,,,
2020-12-30,405.666667,407.333333,403.333333,404.333333,626700,,,
2021-01-04,405.333333,405.333333,396.666667,400.333333,600000,,,
2021-01-05,400.333333,403.666667,398.666667,401.666667,325200,,,
2021-01-06,401.333333,405,400.333333,404.666667,359100,,,
2021-01-07,410.333333,411.666667,407,407.666667,654900,,,
2021-01-08,406.666667,413.333333,404.666667,413,825000,,,
2021-01-12,416.333333,419,412.333333,418,706800,,,
2021-01-13,418,420.333333,415.666667,420,449100,,,
2021-01-14,417.333333,419.333333,415,416.666667,975300,,,
2021-01-15,415.333333,415.333333,409.666667,413,630000,,,
2021-01-18,418,419.333333,413,414,1282500,,,
2021-01-19,414,414.333333,410.666667,412.333333,993600,,,
2021-01-20,412.333333,416.666667,410,416.666667,792600,,,
2021-01-21,417.666667,421,415.666667,416.666667,791100,,,
2021-01-22,415,416,413.333333,413.333333,643500,,,
2021-01-25,416.666667,418.666667,413.666667,415.666667,649800,,,
2021-01-26,414.333333,419.333333,413.333333,417.666667,891600,,,
2021-01-27,418.333333,420.333333,417.333333,418.666667,457500,,,
2021-01-28,414,419.333333,412.666667,416.333333,973500,,,
2021-01-29,418,420,414,414,671100,,,
2021-02-01,414,417,414,415.333333,522600,,,
2021-02-02,416.333333,418.666667,415.333333,415.666667,519900,216615400,0,0
2021-02-03,417,420,415.333333,419,477300,199677700,0,0
2021-02-04,420.666667,424.333333,419,423.666667,685500,289237300,0,0
2021-02-05,427.666667,427.666667,419.666667,421.666667,958800,405608900,0,0
2021-02-08,424.666667,436,424.666667,435.666667,865800,374220300,0,0
2021-02-09,432.666667,437.666667,421.666667,437.333333,1142100,494001500,0,0
2021-02-10,432.333333,433,427,429,957000,411365700,0,0
2021-02-12,433,433,428.666667,432.666667,540600,233183900,0,0
2021-02-15,436,436,431.333333,433.666667,865200,374685400,0,0
2021-02-16,433.666667,434.666667,429.333333,431.333333,803700,347310700,0,0
2021-02-17,428.333333,430.666667,426,430.333333,790800,339273100,0,0
2021-02-18,430.333333,431,427.333333,428.666667,742200,318511900,0,0
2021-02-19,426.666667,426.666667,422.333333,425.666667,678300,288026400,0,0
2021-02-22,430.333333,432.333333,427.666667,432,663000,285530500,0,0
2021-02-24,433.666667,438,432.333333,435,729900,317685200,0,0
2021-02-25,438.333333,442.666667,435.333333,442,802200,352985200,0,0
2021-02-26,440.666667,441.666667,432,432,1821000,795001200,0,0
2021-03-01,441.333333,444.333333,435.333333,439,749700,329379500,0,0
2021-03-02,441.333333,444.333333,439,444,785700,346970300,0,0
2021-03-03,446.666667,451.333333,446,450,1091100,489637100,0,0
2021-03-04,451,456.666667,449.666667,456.666667,858000,388767100,0,0
2021-03-05,458.666667,461.666667,455.333333,461.666667,783300,359071800,0,0
2021-03-08,465.333333,471,462.333333,468.666667,1008900,471506700,0,0
2021-03-09,476.666667,476.666667,466.666667,469.333333,973200,458258500,0,0
2021-03-10,470,476.333333,468.333333,474.333333,990000,468720700,0,0
2021-03-11,476.666667,484.333333,475.666667,483,1008600,486333700,0,0
2021-03-12,483.333333,483.666667,473.666667,482,1143000,548998400,0,0
2021-03-15,483.333333,490,482,490,1006200,489020400,0,0
2021-03-16,489.333333,494.666667,487,491.333333,728700,357608100,0,0
2021-03-17,489.333333,493.333333,488,493.333333,630000,309695200,0,0
2021-03-18,494.666667,497.333333,492,493.666667,698700,345450200,0,0
2021-03-19,492.333333,505,490.666667,503.666667,1238100,619521800,0,0
2021-03-22,504.666667,510,502,508,1083900,548712600,0,0
2021-03-23,506.666667,506.666667,498.666667,498.666667,905400,454652500,0,0
2021-03-24,491.666667,493.333333,483.333333,483.333333,1072800,523937900,0,0
2021-03-25,490,499,489.666667,496.333333,588900,292037500,0,0
2021-03-26,506.333333,508.333333,501.666667,507,829500,419749500,0,0
2021-03-29,512,513.333333,504,510,1205100,613557000,0,0
2021-03-30,489.666667,495,484,491.333333,1311900,641565800,0,0
2021-03-31,489.666667,495,484.333333,484.333333,738900,361240600,0,0
2021-04-01,485.333333,487.333333,472.333333,473.666667,929100,443575800,0,0
2021-04-02,471.333333,473.666667,465,467,1096800,513373000,0,0
2021-04-05,470.333333,475,467.333333,474.666667,483600,228406000,0,0
2021-04-06,473.333333,475.333333,466.666667,469,415200,195682200,0,0
2021-04-07,470.666667,478.666667,470.666667,477.333333,428400,203656700,0,0
2021-04-08,475.333333,476.333333,468.666667,473,402300,189639700,0,0
2021-04-09,473.666667,477.333333,472.666667,476.666667,449700,214033500,0,0
2021-04-12,477.666667,483.333333,476.333333,482,530100,254886100,0,0
2021-04-13,485.333333,485.333333,478.333333,478.333333,295800,142351300,0,0
2021-04-14,478.333333,478.333333,474,475.666667,228000,108569500,0,0
2021-04-15,476,479.666667,474.666667,478.666667,255900,122259200,0,0
2021-04-16,481.666667,481.666667,474,477,168300,80282900,0,0
2021-04-19,476.666667,479,475.333333,477.333333,276300,131792900,0,0
2021-04-20,474,474,469.666667,470.333333,386400,182199400,0,0
2021-04-21,466.666667,470,464.333333,469,753300,352033300,0,0
2021-04-22,471.666667,473.333333,469.333333,473.333333,351900,165836800,0,0
2021-04-23,469.333333,473.333333,469.333333,471.666667,481500,226944800,0,0
2021-04-26,470.333333,471.666667,465.333333,465.333333,456000,212981000,0,0
2021-04-27,466.333333,466.333333,461.333333,464,422100,195887200,0,0
2021-04-28,465.333333,469.666667,461.333333,461.333333,716100,332396100,0,0
2021-04-30,464.666667,468,461.666667,463.333333,378900,176070700,0,0
2021-05-06,465.666667,474.666667,464.666667,466.666667,645900,303101700,0,0
2021-05-07,466,473.333333,465.333333,472,422400,198891200,0,0
2021-05-10,470.666667,473,468,471,403200,189714500,0,0
2021-05-11,467,471.666667,465.666667,467.333333,492000,230003100,0,0
2021-05-12,466.666667,468.333333,461,465.333333,607500,282235700,0,0
2021-05-13,460.333333,467,460.333333,461,454500,210484000,0,0
2021-05-14,466.666667,470.666667,465.333333,468.333333,258600,121142900,0,0
2021-05-17,472.666667,472.666667,463,468,463200,216211100,0,0
2021-05-18,470.333333,470.666667,466,470,580800,272221700,0,0
2021-05-19,467.333333,469.666667,466,467.666667,273600,127931100,0,0
2021-05-20,466,469.333333,466,467.666667,266100,124466200,0,0
2021-05-21,466,467.666667,465,466.333333,380400,177423500,0,0
2021-05-24,468,470,465.666667,467,361500,169077800,0,0
2021-05-25,465.333333,466.333333,464,465.333333,362100,168475300,0,0
2021-05-26,464.333333,464.333333,461.666667,462,388500,179792500,0,0
2021-05-27,460.333333,460.666667,454.666667,457,1131000,516892400,0,0
2021-05-28,459.666667,466,459,465,546600,252800200,0,0
2021-05-31,465,465.666667,460.333333,461.333333,367500,169853200,0,0
2021-06-01,464,464,459.333333,463.666667,287400,132680400,0,0
2021-06-02,461.666667,466.333333,458,464,483900,223780400,0,0
2021-06-03,466.666667,469.666667,465,465.333333,403500,188369100,0,0
2021-06-04,467.333333,471.333333,466.666667,470.666667,384900,180805000,0,0
2021-06-07,473.333333,474.333333,471.333333,473.333333,312300,147776000,0,0
2021-06-08,476.666667,480,474.666667,479,340800,163023300,0,0
2021-06-09,481.333333,483,480.666667,480.666667,274500,132149600,0,0
2021-06-10,481.333333,481.333333,474.333333,476.666667,451800,215667200,0,0
2021-06-11,475.666667,476,470,473.333333,309000,146311200,0,0
2021-06-14,473.333333,474,469,471.666667,234000,110258500,0,0
2021-06-15,470.333333,473,469.666667,470.666667,232200,109421400,0,0
2021-06-16,471.333333,474.333333,471.333333,474,228900,108306800,0,0
2021-06-17,470.666667,472.666667,469.333333,470.333333,262800,123646700,0,0
2021-06-18,470,472.333333,469.666667,470,433800,204150900,0,0
2021-06-21,465,467.666667,463.333333,465,436800,203301900,0,0
2021-06-22,473,474,469.333333,473.666667,501000,236386000,0,0
2021-06-23,475.666667,476.333333,468.333333,470.333333,362100,170613700,0,0
2021-06-24,469,475.333333,469,474.666667,205500,97276700,0,0
2021-06-25,477,479.333333,475.666667,476.333333,273900,130716800,0,0
2021-06-28,478.666667,479,475.333333,479,211200,100885800,0,0
2021-06-29,476.333333,476.333333,471,471.333333,294000,138888000,0,0
2021-06-30,474.666667,475.333333,468.333333,468.333333,333900,156866500,0,0
2021-07-01,470.666667,471.333333,467.666667,467.666667,234600,109950700,0,0
2021-07-02,468.666667,474,468.333333,473,222300,104891400,0,0
2021-07-05,473,475,472.666667,473.666667,165000,78163700,0,0
2021-07-06,475.333333,478.333333,474.333333,477.333333,172500,82258500,0,0
2021-07-07,471.666667,478.333333,471.333333,477.666667,275400,131169500,0,0
2021-07-08,477.333333,481.666667,475.333333,480,522900,250749700,0,0
2021-07-09,475,477.666667,470.333333,476,540000,255999400,0,0
2021-07-12,481.666667,485,480.333333,482.666667,384900,185734800,0,0
2021-07-13,485,491.666667,484.666667,491.666667,282600,138266700,0,0
2021-07-14,492,496.666667,491,495.333333,294900,145892700,0,0
2021-07-15,495.666667,496.333333,488.333333,489.333333,207600,101941400,0,0
2021-07-16,489.333333,492.666667,488,492.333333,299400,147106300,0,0
2021-07-19,491.666667,495,490.333333,494.666667,355500,175112800,0,0
2021-07-20,491,496,490,493.666667,436500,215479600,0,0
2021-07-21,496,496.333333,492.333333,495.333333,324000,160207800,0,0
2021-07-26,500.333333,503,498.666667,501.666667,681000,341147400,0,0
2021-07-27,503.333333,503.333333,500.333333,502.666667,242100,121661600,0,0
2021-07-28,501.666667,505,500.666667,502,214500,107800900,0,0
2021-07-29,502.666667,502.666667,496,500,270000,134603600,0,0
2021-07-30,498,501,496,498,310800,154875500,0,0
2021-08-02,499.666667,505.666667,499.666667,505,438300,220763700,0,0
2021-08-03,505,508,503.666667,507.333333,322200,163073900,0,0
2021-08-04,505.333333,505.666667,502,502,297300,149728600,0,0
2021-08-05,500,505.333333,499,505.333333,313500,157795100,0,0
2021-08-06,502,506,499.666667,499.666667,293100,147110700,0,0
2021-08-10,493.333333,493.333333,477.666667,487.333333,1215300,592419200,0,0
2021-08-11,494.666667,497.666667,489.333333,490.333333,399900,196739100,0,0
2021-08-12,493,493.333333,489.333333,489.333333,279900,137483700,0,0
2021-08-13,488.333333,490.666667,486.666667,488.333333,387600,189140700,0,0
2021-08-16,488.333333,489.666667,483.333333,486,412800,200321500,0,0
2021-08-17,485.333333,488,484.666667,486.666667,375900,182880600,0,0
2021-08-18,488.666667,494,488,490,246000,120832900,0,0
2021-08-19,488.666667,495.666667,487.333333,491.333333,401700,197754900,0,0
2021-08-20,490,494.333333,486,490.666667,480000,234943800,0,0
2021-08-23,493.333333,498.666667,492.333333,497.666667,358500,177893900,0,0
2021-08-24,498.333333,500,497,498.333333,266100,132707200,0,0
2021-08-25,498,500.333333,495.666667,497,281700,140274600,0,0
2021-08-26,498.333333,498.333333,492.666667,496,275400,136368600,0,0
2021-08-27,498,499.666667,493.333333,499.666667,208800,103853200,0,0
2021-08-30,500,503.666667,499.333333,502.333333,308700,154797500,0,0
2021-08-31,500.333333,506.666667,492.666667,498.333333,1009800,505859500,0,0
2021-09-01,500,505.333333,499,501.666667,535800,268711100,0,0
2021-09-02,502.333333,506,500.333333,503,483000,243175400,0,0
2021-09-03,503,513.333333,501.666667,513,634800,324014200,0,0
2021-09-06,516.666667,522.666667,516.666667,517.666667,428400,222397800,0,0
2021-09-07,520.666667,524,519,521,572100,298364000,0,0
2021-09-08,522,526.666667,521.333333,526.666667,363000,190467600,0,0
2021-09-09,525.333333,528.333333,519,521.333333,433500,226971900,0,0
2021-09-10,521.333333,528.333333,521,527.333333,561300,294861300,0,0
2021-09-13,525.666667,529.666667,523.666667,529.666667,288900,152345100,0,0
2021-09-14,529.666667,533.333333,528.333333,533.333333,392400,208487100,0,0
2021-09-15,527,527,519,522,541200,282560000,0,0
2021-09-16,520.333333,526,518.666667,523.666667,461100,240781200,0,0
2021-09-17,520.333333,523.333333,517.666667,521.666667,607200,316241100,0,0
2021-09-21,512.666667,517,510.666667,513.333333,532500,274016500,0,0
2021-09-22,510,512,506.666667,509.666667,482100,245925900,0,0
2021-09-24,517.666667,519.666667,515.333333,518.333333,420600,217813700,0,0
2021-09-27,520,522,513.666667,515.666667,545700,281801600,0,0
2021-09-28,516.666667,517.333333,510,516,492300,253229700,0,0
2021-09-29,497.333333,500.666667,494.666667,499,643200,320165200,0,0
2021-09-30,500.666667,502.333333,494.333333,494.333333,591300,293759100,0,0
2021-10-01,490.666667,491,480.666667,481.666667,549600,266219100,0,0
2021-10-04,484.333333,487.666667,482.666667,485.333333,496200,240611000,0,0
2021-10-05,481.666667,488,479.333333,486,499800,241944300,0,0
2021-10-06,486.333333,495.666667,486,492.666667,639300,313940900,0,0
2021-10-07,493.333333,497,488,488,339900,167108700,0,0
2021-10-08,493.333333,496.333333,491,493,519000,256067000,0,0
2021-10-11,491,494.333333,489.666667,494.333333,354900,174742600,0,0
2021-10-12,491,494,490,491.333333,324600,159507500,0,0
2021-10-13,489.666667,493,488,491,289500,142101600,0,0
2021-10-14,487.666667,489.333333,484,486.666667,296100,143986300,0,0
2021-10-15,486.666667,490.666667,484.666667,489.333333,301800,147300700,0,0
2021-10-18,489,489.333333,482,485.666667,406800,197258900,0,0
2021-10-19,483.333333,485,478,481.666667,434100,208885700,0,0
2021-10-20,483.333333,484.666667,480.666667,482.333333,384900,185853600,0,0
2021-10-21,480.666667,481.666667,473.333333,476,547500,261096400,0,0
2021-10-22,476,481,471.333333,477.333333,599700,285434500,0,0
2021-10-25,476.333333,478.333333,472.333333,474,396300,188316200,0,0
2021-10-26,475,479.666667,472.666667,473.666667,310200,147453000,0,0
2021-10-27,475.666667,476.333333,472.333333,475.666667,337200,160011200,0,0
2021-10-28,473.666667,479.333333,471.333333,478.666667,1237800,590857900,0,0
2021-10-29,478,480,476,478,243000,116094200,0,0
2021-11-01,484.666667,485,479.666667,481.666667,377700,181872600,0,0
2021-11-02,479.666667,483,477,479,251700,120733400,0,0
2021-11-04,481.333333,484,479.666667,484,698100,336968900,0,0
2021-11-05,482,482,477.333333,479.333333,295800,141866000,0,0
2021-11-08,483.333333,487,479.666667,482.333333,507900,245415200,0,0
2021-11-09,483,484,479.333333,480,370500,178299000,0,0
2021-11-10,480,484.333333,479.666667,483.333333,380700,183767600,0,0
2021-11-11,483.333333,484,480,480.666667,280500,135073100,0,0
2021-11-12,482.333333,488,482.333333,486.666667,365400,177614900,0,0
2021-11-15,486,491.666667,477,478.333333,368400,177901200,0,0
2021-11-16,480,481.666667,473,475.333333,392700,186811000,0,0
2021-11-17,475.333333,477,471.666667,473.333333,360300,171035500,0,0
2021-11-18,470.333333,474,469.333333,471,308400,145484200,0,0
2021-11-19,473.666667,477,471.333333,476,198300,94219000,0,0
2021-11-22,473,476.666667,472.333333,475.333333,252300,119974600,0,0
2021-11-24,475.333333,477.333333,471.333333,471.333333,305100,144553600,0,0
2021-11-25,473.333333,475.333333,470.333333,470.333333,246600,116439300,0,0
2021-11-26,469.333333,471,464.333333,466.666667,357600,166934500,0,0
2021-11-29,463,466.666667,460,460,513600,237569300,0,0
2021-11-30,460.666667,468.333333,457,457.666667,523800,241789600,0,0
2021-12-01,457.333333,462.666667,456,460.333333,480300,220723100,0,0
2021-12-02,458.333333,464.666667,458.333333,461,399000,184186700,0,0
2021-12-03,463.666667,472,463.666667,472,272700,128058300,0,0
2021-12-06,472,476,468,468,343800,161963600,0,0
2021-12-07,475.333333,483,473,482.666667,503100,241043900,0,0
2021-12-08,484,485.333333,476.666667,477,294000,140704400,0,0
2021-12-09,476.666667,477.333333,472.666667,475.333333,255900,121446000,0,0
2021-12-10,475.666667,477.333333,471.666667,474.666667,272700,129416100,0,0
2021-12-13,478.333333,479,471.666667,474.333333,245100,116271600,0,0
2021-12-14,473.666667,477.333333,473,473.666667,234600,111369000,0,0
2021-12-15,474,479.333333,474,477,212100,101243600,0,0
2021-12-16,477,480.666667,475.666667,480,285300,136664100,0,0
2021-12-17,478.333333,483,476.333333,478.666667,312900,149785300,0,0
2021-12-20,475.333333,476,469.333333,469.333333,235800,111062900,0,0
2021-12-21,475,477,468.333333,471,337200,159060000,0,0
2021-12-22,471.666667,473.333333,470,472.666667,249300,117631000,0,0
2021-12-23,474,476.333333,472,475.666667,211200,100330800,0,0
2021-12-24,475.666667,477,471.333333,471.666667,172200,81522400,0,0
2021-12-27,471.333333,475.666667,468.666667,474,451500,213660700,0,0
2021-12-28,477,481.333333,475.333333,478,287100,137339700,0,0
2021-12-29,476.666667,483.333333,476.666667,483.333333,207900,100062600,0,0
2021-12-30,480.333333,482,478.333333,479.666667,120300,57821200,0,0
2022-01-04,483.333333,486.333333,481.666667,484.333333,262200,127049300,0,0
2022-01-05,490,491.333333,485.333333,487,299700,146064800,0,0
2022-01-06,485,486.333333,479,479,248700,119884300,0,0
2022-01-07,482.666667,483.333333,477,480.666667,222000,106567200,0,0
2022-01-11,480.666667,480.666667,474.666667,475.666667,386100,184289900,0,0
2022-01-12,481.333333,482,478.333333,478.666667,149100,71545100,0,0
2022-01-13,478.666667,480.333333,478,478,186300,89209400,0,0
2022-01-14,476.333333,477.666667,473.666667,477.333333,245400,116803900,0,0
2022-01-17,479,483,478.333333,480.333333,106800,51316100,0,0
2022-01-18,483.666667,483.666667,476.666667,476.666667,264000,126526300,0,0
2022-01-19,472.666667,477,472,474.666667,340800,161858000,0,0
2022-01-20,476.666667,479,471,471.666667,339000,160725500,0,0
2022-01-21,469,475.333333,467.666667,475,253800,119832500,0,0
2022-01-24,472.666667,478.333333,472.666667,476.666667,226200,107569600,0,0
2022-01-25,473.666667,474.333333,468.666667,473.666667,292800,138183300,0,0
2022-01-26,473.333333,473.666667,468.666667,468.666667,221100,104061200,0,0
2022-01-27,471.666667,474.666667,465.333333,467.333333,444300,207792300,0,0
2022-01-28,471.666667,476.333333,470.666667,472.666667,309000,146181000,0,0
2022-01-31,471.333333,473.666667,470.333333,472,267600,126377400,0,0
2022-02-01,471.333333,473.333333,468.333333,468.333333,259200,122079000,0,0
2022-02-02,469.666667,475.333333,468.333333,474,277500,131264600,0,0
2022-02-03,474.666667,476,471.333333,472.666667,193800,91762000,0,0
2022-02-04,472.666667,474.666667,470,472.333333,180900,85347600,0,0
2022-02-07,471,474.333333,468.666667,472.666667,230100,108559500,0,0
2022-02-08,473.666667,474.666667,470.333333,473,252900,119573400,0,0
2022-02-09,473.333333,476,473,474.666667,218400,103611600,0,0
2022-02-10,476.666667,479,474.333333,476.333333,324900,154889200,0,0
2022-02-14,480,491.666667,476,490.666667,694200,337292900,0,0
2022-02-15,490.333333,494.666667,484.666667,487.333333,744000,363427500,0,0
2022-02-16,494.333333,497.666667,491.666667,495.666667,461700,228437400,0,0
2022-02-17,495.666667,496,490,494.333333,325800,160778100,0,0
2022-02-18,490.666667,499.666667,490,498.666667,519600,257807900,0,0
2022-02-21,495.333333,504.333333,494.333333,500.666667,672000,336433800,0,0
2022-02-22,497.333333,497.666667,491.666667,495.333333,357300,176672700,0,0
2022-02-24,490,496.333333,489,495,457500,225368900,0,0
2022-02-25,485.333333,490.333333,484.333333,487.666667,574200,279976300,0,0
2022-02-28,487.333333,498,486.333333,497.666667,599100,295669700,0,0
2022-03-01,499.666667,500,489.666667,489.666667,438600,217167900,0,0
2022-03-02,486.333333,489,483.666667,483.666667,324600,157783600,0,0
2022-03-03,487.666667,491.333333,485.666667,488,257400,125771500,0,0
2022-03-04,488.333333,492,484.666667,485,245700,119617600,0,0
2022-03-07,482.666667,486,478.333333,480.666667,390600,188092700,0,0
2022-03-08,478.666667,481,467.666667,471.666667,405000,191717600,0,0
2022-03-09,471.666667,473.666667,468.666667,470.333333,285000,134183400,0,0
2022-03-10,475.666667,482.666667,474,482,403800,193695500,0,0
2022-03-11,476,480.666667,475,479.333333,256200,122457500,0,0
2022-03-14,482.666667,485,479.333333,480.333333,207600,100046700,0,0
2022-03-15,485,487,481.666667,485.666667,227700,110523800,0,0
2022-03-16,485.666667,487,482,482.666667,315600,152903200,0,0
2022-03-17,489.333333,490.333333,483.666667,487.333333,305700,148827800,0,0
2022-03-18,488.666667,490.333333,485.333333,488,365700,178387900,0,0
2022-03-22,495,496.333333,491,494.666667,309900,153128300,0,0
2022-03-23,494.666667,498,492.666667,496,345600,171337100,0,0
2022-03-24,492,492.666667,488.333333,491.666667,436800,214240500,0,0
2022-03-25,494.666667,494.666667,487.666667,488.333333,381600,187108000,0,0
2022-03-28,492.666667,492.666667,488,490,350700,171877000,0,0
2022-03-29,487.333333,490,485.333333,490,539700,263480800,0,0
2022-03-30,480,480,471,475.333333,392400,186117500,0,0
2022-03-31,471,472.666667,466,466,468000,218996700,0,0
2022-04-01,468.333333,475.333333,465.666667,475.333333,384000,181323600,0,0
2022-04-04,475.333333,478.666667,474.666667,478,250200,119460400,0,0
2022-04-05,480,481.666667,476.666667,477,381300,182579400,0,0
2022-04-06,476.666667,478.333333,469.666667,470.333333,232200,109921900,0,0
2022-04-07,469,469.333333,464.333333,466.666667,342900,160148200,0,0
2022-04-08,472.666667,474,469.666667,472,345300,162816000,0,0
2022-04-11,471.666667,475.333333,468.666667,471.333333,411900,194285400,0,0
2022-04-12,470.666667,474.333333,467.333333,467.666667,357000,167692700,0,0
2022-04-13,470.666667,473,470,472,409500,193047500,0,0
2022-04-14,474.666667,477.666667,473.333333,476.666667,229200,109093100,0,0
2022-04-15,473.333333,475.666667,470.666667,470.666667,184800,87253000,0,0
2022-04-18,467.333333,472,466,470.666667,243000,113824900,0,0
2022-04-19,471,472.666667,467.666667,471,159600,75105800,0,0
2022-04-20,475.333333,477,473,474.333333,247500,117466600,0,0
2022-04-21,475.333333,478,475,477.333333,263100,125361800,0,0
2022-04-22,474,481.333333,474,481.333333,298800,143003100,0,0
2022-04-25,476.666667,479.666667,473.666667,478.666667,327900,156758900,0,0
2022-04-26,479.333333,481,476.666667,476.666667,258300,123541300,0,0
2022-04-27,475.333333,478.333333,473,473,560400,265737700,0,0
2022-04-28,476.333333,489.666667,476.333333,489.666667,511800,248197000,0,0
2022-05-02,486.666667,491.333333,483,491.333333,397200,193644000,0,0
2022-05-06,493,494.333333,490,494,336300,165644900,0,0
2022-05-09,495,499.333333,493.333333,496.666667,312900,155548400,0,0
2022-05-10,496,499,493.333333,498.666667,383100,190498100,0,0
2022-05-11,494,496.666667,488.333333,491.666667,301200,148178200,0,0
2022-05-12,494.666667,495.333333,490.666667,492,247800,122118600,0,0
2022-05-13,488.333333,495.333333,487,495.333333,240900,118559100,0,0
2022-05-16,496,505,494.666667,498.666667,529500,264871300,0,0
2022-05-17,499.666667,501.333333,491,491.666667,355800,175688000,0,0
2022-05-18,488.666667,494,488.333333,493.666667,255000,125439900,0,0
2022-05-19,486.333333,495,485.333333,494.666667,231300,113672800,0,0
2022-05-20,496,497.333333,488.666667,490.666667,460500,226459600,0,0
2022-05-23,494,494.333333,488,492,297600,146239200,0,0
2022-05-24,490.666667,490.666667,484.333333,485.666667,258000,125505100,0,0
2022-05-25,486.666667,492,485,489,366600,179236300,0,0
2022-05-26,486,489,485.333333,487.333333,402000,195746100,0,0
2022-05-27,487.666667,487.666667,474.333333,474.333333,869400,414947100,0,0
2022-05-30,477.666667,481.666667,473.666667,477,999900,477544800,0,0
2022-05-31,480,483,471.666667,482.666667,2180700,1044576700,0,0
2022-06-01,481.666667,490.333333,480.666667,489.333333,834000,404808200,0,0
2022-06-02,489.333333,494.333333,483,493.666667,320100,156955600,0,0
2022-06-03,495,498,492.333333,497.333333,314100,155893100,0,0
2022-06-06,496.666667,498.666667,495.666667,495.666667,216900,107718900,0,0
2022-06-07,498.333333,505,497.666667,504.333333,435900,219144700,0,0
2022-06-08,505.666667,513,505.666667,510.666667,440400,224788200,0,0
2022-06-09,509,510.666667,506,506,242700,123338100,0,0
2022-06-10,505.333333,507.333333,502,503.666667,329100,166090300,0,0
2022-06-13,496.666667,502.333333,493,499.666667,205500,102692300,0,0
2022-06-14,491.666667,498,491.666667,496.333333,258000,127905100,0,0
2022-06-15,496.666667,499.666667,491,491.333333,264000,130516600,0,0
2022-06-16,490,498.666667,489.333333,494,340200,168475700,0,0
2022-06-17,487.666667,494.333333,485.333333,491.333333,568200,279145000,0,0
2022-06-20,489,491.666667,480.333333,481.666667,244500,118167500,0,0
2022-06-21,482.333333,489,482.333333,488.333333,344400,167494100,0,0
2022-06-22,493.333333,493.666667,488.666667,490,209100,102761400,0,0
2022-06-23,493.666667,495,492.333333,492.333333,188100,92841100,0,0
2022-06-24,491,494.666667,489.666667,492.333333,330600,162654300,0,0
2022-06-27,499.333333,499.666667,494.666667,496.666667,295800,147004200,0,0
2022-06-28,491.666667,505,491.666667,505,398100,199969700,0,0
2022-06-29,505,510,502.666667,510,707700,360061200,0,0
2022-06-30,509.666667,517.333333,508.666667,512,489600,250901000,0,0
2022-07-01,517.666667,522,511.333333,515,516300,266467300,0,0
2022-07-04,518,520.666667,513.333333,519,328500,170103000,0,0
2022-07-05,522,523,517,520.333333,425400,221230000,0,0
2022-07-06,514,516.666667,512.333333,515.333333,393600,202611800,0,0
2022-07-07,520,520,513.666667,517,395100,204418500,0,0
2022-07-08,521.666667,523.333333,517,518.666667,452400,235452500,0,0
2022-07-11,523.666667,529.333333,522.333333,527.333333,465300,244979000,0,0
2022-07-12,527.333333,527.333333,519.666667,523,307200,160591300,0,0
2022-07-13,521.666667,526.666667,521.666667,523.666667,232500,121827900,0,0
2022-07-14,524.666667,525.333333,521,524,176100,92171800,0,0
2022-07-15,529,531,525.333333,526.333333,194400,102625300,0,0
2022-07-19,528,528.666667,524,527.333333,198900,104764200,0,0
2022-07-20,533.333333,535.666667,530.333333,535.333333,415800,222039600,0,0
2022-07-21,534.666667,540,533.333333,539.666667,235500,126545400,0,0
2022-07-22,540.666667,547.333333,540.666667,547.333333,366900,199754600,0,0
2022-07-25,549.333333,560.333333,548.666667,558,754500,418673600,0,0
2022-07-26,556.666667,557.666667,552.333333,556,238200,132405500,0,0
2022-07-27,556,556.666667,550.333333,553,252300,139405500,0,0
2022-07-28,552.666667,557,547.333333,556.333333,379200,209533000,0,0
2022-07-29,557.333333,557.333333,552,552.333333,204300,113117000,0,0
2022-08-01,555.333333,557.333333,551.333333,553.666667,212400,117592900,0,0
2022-08-02,550.666667,553.333333,546.666667,551,439200,241673500,0,0
2022-08-03,549,549.666667,545,546.666667,218400,119368400,0,0
2022-08-04,547.666667,547.666667,539.333333,542.333333,278400,150937300,0,0
2022-08-05,545.333333,548.333333,543.333333,546.666667,264900,144648900,0,0
2022-08-08,542,544.666667,534,538.333333,497400,267945300,0,0
2022-08-09,541.333333,541.333333,530.333333,531,328800,175308800,0,0
2022-08-10,531,535.666667,529.333333,533.666667,363000,193487600,0,0
2022-08-12,540.333333,542.666667,535,537.666667,306300,164910700,0,0
2022-08-15,537.666667,537.666667,533,536.333333,144900,77517000,0,0
2022-08-16,536.666667,537.333333,532.666667,536.333333,137700,73787500,0,0
2022-08-17,541.333333,541.333333,536,537.666667,178800,96157000,0,0
2022-08-18,533.666667,537,532.333333,536.666667,313800,167798500,0,0
2022-08-19,540.333333,543,539.333333,542,267900,145117200,0,0
2022-08-22,543.333333,546.666667,542,544.333333,332400,180878100,0,0
2022-08-23,544,546,542,542.333333,271500,147583100,0,0
2022-08-24,546.666667,553,546,550.666667,377100,207381800,0,0
2022-08-25,550.666667,560,550,560,387600,215703500,0,0
2022-08-26,560,563.666667,553.333333,554.333333,318900,177913600,0,0
2022-08-29,543.333333,546.666667,541,545.666667,647400,352081700,0,0
2022-08-30,548.333333,549.666667,542.333333,546,350700,191580900,0,0
2022-08-31,542.666667,551.333333,539.333333,548.666667,994800,543685100,0,0
2022-09-01,542.333333,544,536.666667,536.666667,630000,339461900,0,0
2022-09-02,542.666667,545.666667,539,543.666667,438600,238213400,0,0
2022-09-05,544.666667,548.666667,541,545.666667,307200,167555700,0,0
2022-09-06,549.333333,549.333333,545.333333,546.333333,360900,197261900,0,0
2022-09-07,545,551.333333,543.666667,551,480900,264046400,0,0
2022-09-08,557.333333,569.666667,555.666667,569.333333,855600,484081000,0,0
2022-09-09,569.333333,572,566,566.666667,327000,185921700,0,0
2022-09-12,570,570.666667,564.333333,565.333333,183300,103924900,0,0
2022-09-13,563.333333,565.666667,560,565.666667,206400,116359100,0,0
2022-09-14,563.666667,563.666667,557,560,349500,195917000,0,0
2022-09-15,560,562.666667,559,562.333333,185700,104223600,0,0
2022-09-16,560.666667,565.666667,556.666667,556.666667,423300,236313800,0,0
2022-09-20,560.333333,562,556.666667,560,321300,179531400,0,0
2022-09-21,560,560,555.333333,557.666667,217800,121463200,0,0
2022-09-22,553.333333,558,551,558,272100,151208500,0,0
2022-09-26,548.666667,554.666667,548,549.666667,425100,234167700,0,0
2022-09-27,550,551.333333,540,542,474600,258226600,0,0
2022-09-28,538.666667,539.666667,533.333333,538.333333,381600,205046800,0,0
2022-09-29,535,538.333333,529,537,466500,249970600,0,0
2022-09-30,532.666667,538.666667,526,528.333333,229800,121982000,0,0
2022-10-03,526.333333,532,524.333333,531,283200,149674200,0,0
2022-10-04,540.666667,547.333333,540.666667,547.333333,290700,158500800,0,0
2022-10-05,547.333333,547.333333,540.333333,540.333333,392700,213038900,0,0
2022-10-06,541,547,540.333333,542.666667,369600,201206100,0,0
2022-10-07,537.333333,540.333333,535.666667,538.666667,341400,183893700,0,0
2022-10-11,534.333333,539,530,531,282300,150497100,0,0
2022-10-12,529.333333,535.333333,527,534.666667,334800,178147500,0,0
2022-10-13,533.333333,533.333333,525,526,269100,142005500,0,0
2022-10-14,536,537,525.333333,533,334500,178471400,0,0
2022-10-17,529.333333,531.666667,526.666667,528,204900,108334500,0,0
2022-10-18,532.666667,535,530.666667,533,213900,114126700,0,0
2022-10-19,533,538,532.666667,538,166500,89343100,0,0
2022-10-20,535,537,533.333333,536,219600,117557700,0,0
2022-10-21,532,536.333333,531.666667,532.666667,216000,115369500,0,0
2022-10-24,533.666667,535,530.333333,531,189300,100753900,0,0
2022-10-25,533.333333,538.666667,531.666667,537,269700,144530800,0,0
2022-10-26,537.666667,541.333333,537,540,180600,97452100,0,0
2022-10-27,540,541,535,536.666667,209100,112385500,0,0
2022-10-28,531.666667,533.666667,527.666667,529.666667,718800,381102000,0,0
2022-10-31,533.333333,536.666667,531.333333,536.666667,270900,144924000,0,0
2022-11-01,536.666667,539,532.666667,534,220200,117676100,0,0
2022-11-02,534,538,532,535.666667,361500,193248800,0,0
2022-11-04,528.666667,533.333333,524.333333,526.333333,373800,196960400,0,0
2022-11-07,530.333333,532,526.666667,530.666667,303900,161072700,0,0
2022-11-08,531,532.666667,526.333333,527.666667,326700,172632500,0,0
2022-11-09,528,530.333333,526.333333,530.333333,233700,123633700,0,0
2022-11-10,529.333333,533.666667,528,528,297900,157970100,0,0
2022-11-11,536.666667,536.666667,522.666667,524.666667,432900,227502600,0,0
2022-11-14,524.666667,524.666667,504.333333,505.333333,517800,264852300,0,0
2022-11-15,504.666667,507.666667,497,499.333333,543000,271449900,0,0
2022-11-16,499.333333,506.333333,499,500.666667,381000,191474100,0,0
2022-11-17,498.666667,507.333333,498.666667,506.333333,313800,158654300,0,0
2022-11-18,506.666667,509.666667,504.333333,508.333333,464400,235503600,0,0
2022-11-21,505.666667,512.666667,505.333333,512,512400,261177400,0,0
2022-11-22,516.333333,524,516,523,569400,297256200,0,0
2022-11-24,524.666667,528.666667,522.666667,526.666667,525900,276545800,0,0
2022-11-25,529.666667,533.333333,528.333333,532.333333,452100,240257700,0,0
2022-11-28,539,541.333333,531.333333,536.666667,514200,275589100,0,0
2022-11-29,534,535,529.333333,533.333333,480300,256012400,0,0
2022-11-30,532.666667,535.333333,528,532.666667,1084500,576901700,0,0
2022-12-01,532.666667,532.666667,518,518.333333,552300,288706900,0,0
2022-12-02,518.333333,518.333333,508,516.333333,535200,275372300,0,0
2022-12-05,517.333333,517.666667,510.666667,514,370800,190408000,0,0
2022-12-06,513.333333,513.333333,510.333333,512.333333,312300,159865000,0,0
2022-12-07,512.666667,520,512.333333,515.333333,356400,184229800,0,0
2022-12-08,515.333333,515.666667,507.333333,513.333333,336300,172089900,0,0
2022-12-09,513.333333,517.333333,511.666667,516.333333,280200,144435700,0,0
2022-12-12,516.333333,518,512.666667,515.333333,402000,207236400,0,0
2022-12-13,520,523.666667,519.333333,521.333333,296700,154671200,0,0
2022-12-14,523.666667,524.333333,520,521,266100,138692200,0,0
2022-12-15,519.666667,525,519.333333,522.666667,228000,119190900,0,0
2022-12-16,520.666667,522.666667,516.666667,516.666667,348600,180996600,0,0
2022-12-19,516.666667,521.666667,516,520.333333,326400,169502300,0,0
2022-12-20,521.666667,525,510.666667,514.333333,393000,202973500,0,0
2022-12-21,514.333333,517.333333,507.333333,510.333333,332100,169636900,0,0
2022-12-22,511,516.666667,510,516.333333,322800,166250000,0,0
2022-12-23,513.666667,518.333333,512.666667,518.333333,222900,115111600,0,0
2022-12-26,517.333333,522.333333,515,520,359100,186566500,0,0
2022-12-27,522.666667,524.333333,518.666667,519.666667,66600,34670200,0,0
2022-12-28,520.666667,520.666667,517.333333,520,159600,82869800,0,0
2022-12-29,519.666667,519.666667,513.333333,519,214200,110959300,0,0
2022-12-30,520.333333,523.333333,516.333333,516.333333,162900,84453600,0,0
2023-01-04,516.666667,516.666667,508,512,289500,147998500,0,0
2023-01-05,509.333333,509.333333,498.333333,502,411000,206619700,0,0
2023-01-06,501.333333,502.666667,497.666667,502.333333,337500,169141200,0,0
2023-01-10,507.666667,507.666667,499.666667,499.666667,430200,216174600,0,0
2023-01-11,505.333333,506.666667,504,506.666667,213900,108216200,0,0
2023-01-12,506.666667,507.333333,501.333333,503.333333,234300,117930200,0,0
2023-01-13,503.333333,508,503.333333,504.666667,246000,124277400,0,0
2023-01-16,504.666667,507.333333,501,504.666667,368700,186111000,0,0
2023-01-17,504,506.666667,502.333333,505.666667,147000,74234700,0,0
2023-01-18,505.666667,509.666667,501,505.333333,295800,149215800,0,0
2023-01-19,505.333333,507,502.333333,502.666667,136200,68652400,0,0
2023-01-20,505,507.666667,503.333333,506.666667,163200,82594900,0,0
2023-01-23,510,510.666667,504.666667,507.666667,207300,105361700,0,0
2023-01-24,507.666667,510,507.333333,508.333333,244500,124305300,0,0
2023-01-25,510.666667,512.333333,507.666667,511,175800,89759700,0,0
2023-01-26,513.333333,514,510.666667,514,219300,112363700,0,0
2023-01-27,514,515.333333,511.666667,512.666667,143700,73731900,0,0
2023-01-30,512,514.333333,512,512.333333,161100,82624900,0,0
2023-01-31,512,520,512,519.333333,228900,118522800,0,0
2023-02-01,519,519.333333,508.333333,508.666667,222300,113816000,0,0
2023-02-02,508.666667,508.666667,502.333333,502.666667,213600,107677500,0,0
2023-02-03,501,501,497.333333,499,325800,162552700,0,0
2023-02-06,499.333333,502.333333,498.333333,501,239100,119611800,0,0
2023-02-07,501.666667,501.666667,497.333333,498,281100,140178600,0,0
2023-02-08,498.666667,502.333333,498.666667,501.333333,113700,56953200,0,0
2023-02-09,500.666667,501.666667,499,499.333333,196500,98274900,0,0
2023-02-10,497,503.333333,494.333333,501,401400,200637100,0,0
2023-02-13,491.666667,494.666667,486.666667,494.666667,411900,202189900,0,0
2023-02-14,500,501,495,500,261900,130576800,0,0
2023-02-15,500,500.333333,497.333333,499,243000,121251900,0,0
2023-02-16,497,500.333333,494.666667,495.666667,347700,172499700,0,0
2023-02-17,493.333333,495.666667,491.333333,494.333333,304500,150335700,0,0
2023-02-20,496.333333,497.666667,494,495.333333,291600,144503200,0,0
2023-02-21,495.333333,500,494.666667,500,259800,129304800,0,0
2023-02-22,499,506.666667,498.666667,504.333333,326100,164161100,0,0
2023-02-24,506.666667,512.333333,506.666667,512.333333,341100,174153000,0,0
2023-02-27,513.333333,514.333333,510,511.333333,363900,186249700,0,0
2023-02-28,511.333333,511.333333,504.666667,509.333333,563700,286434900,0,0
2023-03-01,505.666667,511,505.666667,508.666667,353400,179989300,0,0
2023-03-02,511.666667,512.666667,508.666667,512,280500,143374900,0,0
2023-03-03,513,515,509.666667,514,397800,204195500,0,0
2023-03-06,515.666667,516,510.333333,512.333333,279000,143041800,0,0
2023-03-07,513.666667,517.666667,513,517.333333,243000,125446000,0,0
2023-03-08,515.666667,520,514.333333,519.666667,266100,137791700,0,0
2023-03-09,520,525.333333,520,524.666667,297300,155733200,0,0
2023-03-10,516.666667,520,515,517,451200,233312500,0,0
2023-03-13,513.333333,513.666667,501.666667,507.666667,401100,202766200,0,0
2023-03-14,501,501.666667,494.333333,499,464400,231038500,0,0
2023-03-15,502.666667,504.666667,500.666667,504,225600,113494000,0,0
2023-03-16,496.333333,498,491,496.666667,408900,202533600,0,0
2023-03-17,496.666667,499.333333,494,495.666667,330900,164056700,0,0
2023-03-20,492.333333,492.333333,484.333333,484.333333,287100,139938400,0,0
2023-03-22,490.666667,491.333333,483.333333,483.333333,352800,171276300,0,0
2023-03-23,482,485.666667,477.666667,485.333333,298200,143673800,0,0
2023-03-24,483,485.666667,481.333333,484,244800,118450600,0,0
2023-03-27,488.333333,488.333333,484,484.333333,235800,114519000,0,0
2023-03-28,487.666667,489.333333,485,486.333333,220200,107212600,0,0
2023-03-29,486.666667,495.666667,485.333333,494.333333,404100,198960000,0,0
2023-03-30,481,488,479,486.333333,397500,192598200,0,0
2023-03-31,491.333333,491.333333,488,488,253200,123847800,0,0
2023-04-03,490,494,490,494,181200,89279300,0,0
2023-04-04,494,496.666667,492,495.333333,252600,125056600,0,0
2023-04-05,493,493,482.333333,484,315600,153329200,0,0
2023-04-06,478.333333,481,477,478.333333,311700,149192000,0,0
2023-04-07,477.666667,480.666667,477.333333,479.333333,171600,82279200,0,0
2023-04-10,482.666667,483,477.666667,479,181500,87024400,0,0
2023-04-11,483.333333,483.333333,478,478.666667,262800,125985900,0,0
2023-04-12,479.333333,483.333333,478.666667,482.333333,214800,103499000,0,0
2023-04-13,483,484.333333,481.333333,482.333333,198300,95710400,0,0
2023-04-14,484.333333,487.666667,483,487,321600,156239300,0,0
2023-04-17,489.666667,490.666667,487,490.333333,183600,89862100,0,0
2023-04-18,491,493.333333,489.666667,491.666667,226500,111407300,0,0
2023-04-19,490,491.333333,487.666667,490.666667,246600,120798400,0,0
2023-04-20,490.333333,494.666667,489,493.333333,271200,133564700,0,0
2023-04-21,493.333333,495.666667,491.333333,493.333333,202500,99996900,0,0
2023-04-24,492.333333,497.333333,492.333333,494.666667,166800,82577400,0,0
2023-04-25,494.666667,499,492.666667,495,429000,212594300,0,0
2023-04-26,495,495.666667,491,495.666667,465000,229815300,0,0
2023-04-27,494.333333,494.666667,491.666667,494,217500,107304000,0,0
2023-04-28,498.333333,500.666667,496.666667,500.666667,324000,161819800,0,0
2023-05-01,505,506.666667,501.666667,505,432000,217674300,0,0
2023-05-02,506.666667,506.666667,495.666667,500.666667,243900,122086400,0,0
2023-05-08,499,504.666667,499,504.333333,304800,153287900,0,0
2023-05-09,506,508.333333,503.333333,507.333333,320100,162349600,0,0
2023-05-10,508.333333,510,506.333333,510,281400,143094100,0,0
2023-05-11,508.333333,509.666667,504.333333,504.666667,186900,94665800,0,0
2023-05-12,504.666667,506,498.666667,505.666667,284400,143248800,0,0
2023-05-15,502.666667,506.666667,496,506,472800,238709200,0,0
2023-05-16,508.333333,508.666667,501.333333,506,216600,109379800,0,0
2023-05-17,505,505.666667,502.666667,504,222600,112209200,0,0
2023-05-18,504.666667,504.666667,498.333333,498.666667,227400,113696900,0,0
2023-05-19,498.666667,499.666667,495.666667,498.333333,195600,97424400,0,0
2023-05-22,497.666667,502.666667,497.666667,501,162600,81361200,0,0
2023-05-23,501,502,495.333333,497.666667,360900,179947900,0,0
2023-05-24,499.666667,500,497.333333,497.333333,177000,88251700,0,0
2023-05-25,496.333333,499.333333,494.333333,497.666667,309900,154086900,0,0
2023-05-26,499.333333,499.333333,494,495,231300,114839900,0,0
2023-05-29,496,499.333333,494,495.333333,326400,161921300,0,0
2023-05-30,493.333333,494.666667,488.333333,489.666667,304200,149236600,0,0
2023-05-31,486.333333,489,483.333333,483.333333,579000,280688500,0,0
2023-06-01,483.333333,486.333333,482.333333,482.333333,282900,136754700,0,0
2023-06-02,483.666667,493,483,492,290700,142374800,0,0
2023-06-05,500.333333,501.666667,494.666667,495.333333,310800,154627700,0,0
2023-06-06,493.333333,493.666667,489.666667,493.333333,319200,157138400,0,0
2023-06-07,496.666667,499.333333,493.333333,495.333333,404700,200794900,0,0
2023-06-08,498.333333,499,494.333333,495,220500,109383700,0,0
2023-06-09,500,501.666667,497,501,413100,206501400,0,0
2023-06-12,501,504,501,502.666667,260700,130991100,0,0
2023-06-13,503,504.333333,500.333333,500.666667,260700,130881100,0,0
2023-06-14,501,504,500,502.666667,317700,159617500,0,0
2023-06-15,502.333333,504.333333,501,502.333333,174300,87649700,0,0
2023-06-16,501.333333,501.666667,498.666667,501,774600,387636800,0,0
2023-06-19,500,500.666667,495.666667,500,306600,152924400,0,0
2023-06-20,497,501,497,501,234900,117357000,0,0
2023-06-21,500.666667,509,500.666667,505,499200,252297200,0,0
2023-06-22,506.666667,508,504,506.333333,263400,133233000,0,0
2023-06-23,504,508,501,502.666667,211800,106630300,0,0
2023-06-26,501.666667,505.666667,498.666667,503.666667,171600,86311100,0,0
2023-06-27,503.666667,506,501.666667,505.666667,155100,78204900,0,0
2023-06-28,506.666667,509.333333,505.666667,508.666667,293700,149141800,0,0
2023-06-29,508.666667,511,505.666667,506.666667,243000,123461200,0,0
2023-06-30,506.666667,506.666667,501.666667,504.333333,247200,124543300,0,0
2023-07-03,507.666667,510.666667,507.666667,508.666667,160500,81711300,0,0
2023-07-04,506.666667,506.666667,502.666667,503,237300,119560100,0,0
2023-07-05,501.666667,506,499.666667,503.666667,273000,137419500,0,0
2023-07-06,504.333333,504.333333,499.666667,502.333333,192300,96488200,0,0
2023-07-07,499.666667,503,498,500.333333,252900,126639100,0,0
2023-07-10,503,506,501.333333,503.333333,290400,146393600,0,0
2023-07-11,506,506.333333,502.333333,503.333333,197400,99477600,0,0
2023-07-12,504.666667,505.666667,500,503,192300,96627000,0,0
2023-07-13,503,503.333333,498.666667,499.333333,213600,106932400,0,0
2023-07-14,500.333333,504.333333,499.333333,503,284700,142890900,0,0
2023-07-18,503,506.666667,502.666667,506,227100,114761100,0,0
2023-07-19,508,509.333333,506.666667,508.666667,198900,101063200,0,0
2023-07-20,509.333333,511,507,508,145200,73904400,0,0
2023-07-21,506,507.333333,502,506.333333,477300,241259900,0,0
2023-07-24,509,510.333333,507,510,327000,166469000,0,0
2023-07-25,510,513.333333,508.666667,512.333333,672000,343553000,0,0
2023-07-26,512,514.666667,509,513.666667,249900,128170600,0,0
2023-07-27,513.333333,513.333333,508.666667,511,246300,125765200,0,0
2023-07-28,509.333333,514,506.666667,513,343800,175790200,0,0
2023-07-31,517.666667,518.666667,513.666667,515,295500,152473900,0,0
2023-08-01,515,515.333333,512.666667,514,244500,125599900,0,0
2023-08-02,511.666667,516,510.666667,513,326100,167570000,0,0
2023-08-03,511,513.666667,506.666667,507.666667,394800,201447200,0,0
2023-08-04,507.666667,512.666667,507,512,334800,171036800,0,0
2023-08-07,509,515,509,514,273300,140217000,0,0
2023-08-08,515.333333,516.666667,514.333333,515.666667,185700,95716800,0,0
2023-08-09,515.333333,518.333333,511,518.333333,260100,134206100,0,0
2023-08-10,519,523,514,520.666667,474900,247015900,0,0
2023-08-14,540,548,538,540.333333,872700,473054700,0,0
2023-08-15,534.666667,540.666667,531,539.666667,295500,158995100,0,0
2023-08-16,537.666667,540.333333,533.666667,540.333333,227100,122412600,0,0
2023-08-17,539,541.666667,536,541.333333,263100,141895700,0,0
2023-08-18,535,538.666667,533.333333,536.333333,229200,122982400,0,0
2023-08-21,536,541,536,537.666667,205200,110579000,0,0
2023-08-22,536.666667,540,533.666667,540,230400,123712800,0,0
2023-08-23,537.666667,541,534.666667,540.666667,342300,184599800,0,0
2023-08-24,541.666667,546,541,545.666667,293400,159830800,0,0
2023-08-25,544.333333,544.333333,540.333333,542,204300,110782400,0,0
2023-08-28,544,546.333333,543,546,156000,84982900,0,0
2023-08-29,544,546.666667,542.333333,544.666667,180900,98503200,0,0
2023-08-30,545,546.333333,541.666667,543,229200,124563900,0,0
2023-08-31,541.666667,545.666667,535,537,872100,470507900,0,0
2023-09-01,537,543.666667,537,541.666667,611700,330365300,0,0
2023-09-04,541.666667,544,540.333333,543.333333,429000,232791600,0,0
2023-09-05,545.666667,546,541.333333,544.333333,348600,189495500,0,0
2023-09-06,543.666667,544.333333,538.666667,538.666667,350700,189601900,0,0
2023-09-07,539,546.333333,538.666667,541.666667,482700,261983900,0,0
2023-09-08,541.333333,542.333333,539,541.333333,560100,302963600,0,0
2023-09-11,541.666667,544,537.666667,539.666667,410700,221845700,0,0
2023-09-12,541,542.333333,537.333333,542,316500,171032600,0,0
2023-09-13,543.333333,547.666667,539.666667,542.333333,324600,176164800,0,0
2023-09-14,541.666667,545.333333,541.666667,545.333333,309000,168101500,0,0
2023-09-15,546.666667,552.333333,545,550.666667,635100,348967200,0,0
2023-09-19,550.333333,553.666667,548,553.666667,610800,337115000,0,0
2023-09-20,553.333333,553.666667,548.333333,550.666667,667200,367650100,0,0
2023-09-21,552.666667,554.666667,548.666667,550.333333,438000,241411900,0,0
2023-09-22,549.333333,552,545,549,605400,332335300,0,0
2023-09-25,551.333333,555.333333,548.333333,552.666667,544200,301000900,0,0
2023-09-26,550.666667,553,548.666667,549,570300,313868400,0,0
2023-09-27,549.666667,554,543.333333,554,451200,248330700,0,0
2023-09-28,537,549.666667,537,544,797400,433682200,0,0
2023-09-29,546.666667,546.666667,538,541,390000,211213500,0,0
2023-10-02,542.333333,548,540.333333,540.666667,482700,262250300,0,0
2023-10-03,541,541.666667,528,528.333333,470400,250787900,0,0
2023-10-04,522.666667,527.666667,519.666667,521.333333,401400,209849300,0,0
2023-10-05,526.666667,532,525.333333,531.666667,484800,256541200,0,0
2023-10-06,528.666667,535.666667,528.333333,533.666667,437700,233460500,0,0
2023-10-10,540.333333,542.666667,538.333333,542.666667,342600,185318100,0,0
2023-10-11,538.666667,542,535,540,360900,194780300,0,0
2023-10-12,537.666667,539,533,537.666667,380100,203816900,0,0
2023-10-13,536.333333,540,534.333333,537.666667,415200,222903400,0,0
2023-10-16,540,543,538,541.333333,526800,284785500,0,0
2023-10-17,543,550.666667,543,550.666667,529200,290208000,0,0
2023-10-18,551.666667,554.666667,548.333333,551.333333,446100,245809500,0,0
2023-10-19,547,552.333333,545.333333,550.666667,292800,160850200,0,0
2023-10-20,547,554.333333,547,550,286500,158072000,0,0
2023-10-23,548.333333,553.333333,546,547.333333,317400,174281100,0,0
2023-10-24,549.333333,554.333333,542.666667,553.333333,469800,257990300,0,0
2023-10-25,553.333333,557.666667,549.666667,554.333333,479100,265492600,0,0
2023-10-26,556.666667,564.666667,555.333333,560,618600,346156700,0,0
2023-10-27,565,573.333333,564.666667,573.333333,874800,498477600,0,0
2023-10-30,567.666667,576,566,569,648600,369671500,0,0
2023-10-31,569.666667,584.333333,569.333333,584.333333,662400,383976400,0,0
2023-11-01,585,591.666667,584,588,590700,346722800,0,0
2023-11-02,589,590.666667,581,585,400800,234405300,0,0
2023-11-06,588,588,577.333333,581,533400,310222900,0,0
2023-11-07,581.666667,587.666667,579,582.666667,372600,217504600,0,0
2023-11-08,580.666667,580.666667,563.666667,571.333333,426000,242799400,0,0
2023-11-09,571.333333,578.666667,568.666667,577.666667,279000,160337400,0,0
2023-11-10,583.333333,586.333333,576.666667,583.333333,411900,239872500,0,0
2023-11-13,596.666667,621,596.666667,609.666667,824400,503216500,0,0
2023-11-14,607,608.666667,587.333333,588.666667,498300,295216700,0,0
2023-11-15,591.666667,591.666667,583,586.666667,460500,270025700,0,0
2023-11-16,583.333333,585.666667,574.666667,582.666667,335700,195011300,0,0
2023-11-17,582.666667,591,581.666667,590.666667,263100,154383000,0,0
2023-11-20,590.666667,592,577.333333,578.333333,312300,181386400,0,0
2023-11-21,576.333333,582.333333,574.333333,579.333333,330000,190877100,0,0
2023-11-22,577.666667,586.666667,576,586.666667,284700,166432700,0,0
2023-11-24,587.333333,591.666667,585.666667,591.666667,288600,169888700,0,0
2023-11-27,592.666667,596.666667,589,592,282600,167179400,0,0
2023-11-28,596.666667,598,590.333333,598,255300,152198000,0,0
2023-11-29,593.333333,595,587.333333,590,349800,206596100,0,0
2023-11-30,583,586,579.333333,583.333333,621300,362168100,0,0
2023-12-01,587.666667,591,587.333333,589.333333,333900,196660600,0,0
2023-12-04,584.666667,592,582.333333,590.333333,299400,176314400,0,0
2023-12-05,588.666667,592,585,586,262200,154028900,0,0
2023-12-06,585,597,584.666667,596,251100,149044900,0,0
2023-12-07,593.666667,597.333333,591.666667,594,230100,136754100,0,0
2023-12-08,590,595.666667,582.333333,585,403200,236975600,0,0
2023-12-11,592,595,587,594.666667,211500,125251800,0,0
2023-12-12,597,599,593.333333,594.666667,264900,157769400,0,0
2023-12-13,594,597,590,594,317700,188504800,0,0
2023-12-14,594,595.333333,586,587,290400,170930200,0,0
2023-12-15,585,586,567.666667,574.333333,768600,442114500,0,0
2023-12-18,570,573,560,566.666667,417600,236135000,0,0
2023-12-19,566.666667,570,562.333333,563.666667,295800,167071200,0,0
2023-12-20,564.333333,573.333333,564.333333,568.333333,326700,185844100,0,0
2023-12-21,567.666667,572.333333,563.666667,569.333333,257700,146509000,0,0
2023-12-22,571,578,570.333333,576.333333,300000,172685300,0,0
2023-12-25,583.666667,584,579,579.666667,373500,217571300,0,0
2023-12-26,580,582,578,579,151800,87957900,0,0
2023-12-27,580,582.333333,578.666667,581.333333,178800,103871300,0,0
2023-12-28,580,585,580,582.333333,168300,98017600,0,0
2023-12-29,582.333333,584.333333,580.333333,583.333333,180300,105037800,0,0
2024-01-04,585,592.333333,580,592.333333,297000,174939900,0,0
2024-01-05,594.333333,597.333333,591,593.333333,250200,148509100,0,0
2024-01-09,593.333333,598.666667,591.666667,598.666667,297300,177150700,0,0
2024-01-10,601,609.333333,598.666667,608.333333,527400,318806000,0,0
2024-01-11,610.333333,615.333333,610.333333,612,345600,211682300,0,0
2024-01-12,615,616.333333,605,610,292500,178550000,0,0
2024-01-15,610,621,610,620.333333,283200,174897800,0,0
2024-01-16,616.666667,617.333333,607.333333,607.666667,342900,209353000,0,0
2024-01-17,610.666667,618.333333,609,609,257100,157606200,0,0
2024-01-18,606.666667,610.333333,606.666667,609,187800,114343900,0,0
2024-01-19,613.333333,614,605.666667,609,250200,152185300,0,0
2024-01-22,607.333333,613.333333,607.333333,612.666667,144000,88017500,0,0
2024-01-23,615,618.666667,613,613,215100,132360700,0,0
2024-01-24,609.666667,611.333333,605,609.666667,289500,176270800,0,0
2024-01-25,607,615.666667,607,612,240300,147221000,0,0
2024-01-26,609.333333,614,609.333333,611,226200,138409400,0,0
2024-01-29,610,618.666667,610,618.333333,187800,115885000,0,0
2024-01-30,618.666667,625.666667,618.666667,624.333333,296100,184465700,0,0
2024-01-31,623.333333,632,622.666667,632,262500,164999600,0,0
2024-02-01,630,635.333333,626.333333,634.666667,269100,170176400,0,0
2024-02-02,639.666667,640.666667,631.666667,639.666667,327300,208666700,0,0
2024-02-05,638.666667,638.666667,631,633.666667,382200,242586900,0,0
2024-02-06,633.666667,635.666667,629.333333,631.333333,300300,190110800,0,0
2024-02-07,624.333333,629.666667,614.333333,626,565200,351905800,0,0
2024-02-08,629.666667,633,618.666667,632,425700,267463500,0,0
2024-02-09,632,643,628,641.333333,511200,326675300,0,0
2024-02-13,643.333333,649.666667,639.666667,649.333333,447600,289202400,0,0
2024-02-14,650,653.333333,642.666667,646,511800,331119500,0,0
2024-02-15,653.333333,656,618.333333,618.666667,921900,578341000,0,0
2024-02-16,628.666667,628.666667,619,622.333333,487500,303985700,0,0
2024-02-19,622.333333,637.666667,621.666667,637.666667,449400,284825500,0,0
2024-02-20,641,647,637.333333,643.666667,465300,299203900,0,0
2024-02-21,644,651.333333,640,645.666667,393300,254499600,0,0
2024-02-22,646.666667,652.333333,645,652.333333,334200,216961200,0,0
2024-02-26,656.666667,661,649.333333,651.666667,387900,253634300,0,0
2024-02-27,650,670,650,670,531300,353326600,0,0
2024-02-28,673.333333,680.666667,673.333333,676.666667,409500,277499200,0,0
2024-02-29,678.666667,679.666667,661,664.666667,594600,396538600,0,0
2024-03-01,663.666667,666,652.666667,656.666667,438000,288209700,0,0
2024-03-04,657,658,647.666667,651,422100,274805300,0,0
2024-03-05,650.666667,664.333333,645,662.333333,339300,223101700,0,0
2024-03-06,662.333333,666.666667,659.333333,663.666667,369900,245319400,0,0
2024-03-07,666.333333,668.333333,661.666667,667,357600,237972700,0,0
2024-03-08,666.666667,690.666667,666.333333,689,708000,482075200,0,0
2024-03-11,688.666667,692.666667,674.333333,681.333333,505200,343993000,0,0
2024-03-12,677,687.333333,671,687.333333,402600,274351100,0,0
2024-03-13,691,696,671,678.333333,273600,186091500,0,0
2024-03-14,684.333333,687.666667,678,687.333333,206100,141121600,0,0
2024-03-15,688.333333,699.333333,681.333333,687,1185900,815892400,0,0
2024-03-18,696,698.333333,689,692.666667,281100,195125600,0,0
2024-03-19,692.333333,695.666667,685.333333,695.666667,212400,147096100,0,0
2024-03-21,703,722,701,719.666667,478200,341948800,0,0
2024-03-22,721.666667,733,717.666667,732.666667,498600,363037300,0,0
2024-03-25,730,731.333333,713.666667,713.666667,432300,311707300,0,0
2024-03-26,711.666667,720,707.666667,718,321300,229931400,0,0
2024-03-27,720,731.666667,718.666667,726.333333,507600,368434500,0,0
2024-03-28,714.666667,717.333333,698,700.333333,381600,268761800,0,0
2024-03-29,701.666667,715.666667,701.666667,712.333333,301500,214433500,0,0
2024-04-01,716.666667,720,700.333333,703.666667,384300,271334800,0,0
2024-04-02,703.666667,707.333333,687.333333,692.333333,392100,272501100,0,0
2024-04-03,683.333333,695.666667,683.333333,692.333333,328200,226603400,0,0
2024-04-04,695,700,690.333333,694.666667,243600,169416500,0,0
2024-04-05,694.333333,700,687,700,253500,176109300,0,0
2024-04-08,703.666667,727.333333,700.666667,725,389700,280656300,0,0
2024-04-09,722.666667,735,721.666667,735,381300,278379200,0,0
2024-04-10,735.333333,751.666667,733.666667,749,480900,358991900,0,0
2024-04-11,748.333333,752.666667,738.666667,752.333333,529500,396205700,0,0
2024-04-12,755.666667,759.666667,736.666667,741.333333,306000,227953800,0,0
2024-04-15,734.666667,748.666667,732.333333,748.333333,268200,199572800,0,0
2024-04-16,742.333333,743.666667,728.666667,733.666667,372900,273818700,0,0
2024-04-17,736,736,714.666667,724.666667,261300,189306200,0,0
2024-04-18,723.333333,730,717,725,273600,198267200,0,0
2024-04-19,720.666667,722.666667,693,711,432600,305931000,0,0
2024-04-22,710.666667,720,699.666667,709.666667,244200,173077000,0,0
2024-04-23,710.666667,714.666667,705.666667,707.333333,170100,120725300,0,0
2024-04-24,708,714.666667,705.666667,710.666667,186600,132589700,0,0
2024-04-25,710.666667,714.333333,706.666667,708.333333,216600,153816000,0,0
2024-04-26,714.333333,722,707,721.333333,318600,228687600,0,0
2024-04-30,738,741.333333,725.333333,739,503100,370224800,0,0
2024-05-01,734.333333,738,726,735,177300,129858700,0,0
2024-05-02,736.666667,745.666667,733.666667,745.666667,192600,142799100,0,0
2024-05-07,752.333333,752.666667,734,736.333333,235200,174065600,0,0
2024-05-08,733.333333,736,722.666667,726.666667,219600,159880700,0,0
2024-05-09,725,737.666667,717.666667,737.666667,227700,166662600,0,0
2024-05-10,740.666667,751.666667,739,745.666667,532500,396988900,0,0
2024-05-13,712.666667,749,701.333333,746,526500,385381500,0,0
2024-05-14,737.666667,737.666667,702,711,561600,400118700,0,0
2024-05-15,715.666667,715.666667,702,710.666667,267900,190357800,0,0
2024-05-16,718,718,705,716.666667,252300,179722900,0,0
2024-05-17,708.666667,716.666667,706,711.666667,206100,146636300,0,0
2024-05-20,707.333333,717.666667,704.333333,704.333333,243900,172750200,0,0
2024-05-21,706.666667,711.666667,701.666667,704.333333,288000,203145800,0,0
2024-05-22,704.333333,713.333333,701.666667,703.333333,250500,176675200,0,0
2024-05-23,703.333333,720,691.333333,716,307800,218992900,0,0
2024-05-24,707.666667,723.333333,704.333333,718,201600,144619200,0,0
2024-05-27,719.666667,731.333333,719.666667,726.666667,187200,135918500,0,0
2024-05-28,728,735.333333,724.666667,732,210300,153771600,0,0
2024-05-29,730,735,718.333333,718.333333,310200,224230600,0,0
2024-05-30,710.666667,717.666667,704.666667,717.666667,340200,242578500,0,0
2024-05-31,723.333333,733.333333,722.333333,733.333333,421800,308268500,0,0
2024-06-03,733.666667,743.666667,732.333333,737,255600,188659700,0,0
2024-06-04,733.333333,749.333333,732.666667,743,341400,254081700,0,0
2024-06-05,735.666667,736,724.333333,726.666667,272400,198958000,0,0
2024-06-06,736,736,713.666667,719.666667,214500,154431400,0,0
2024-06-07,719.666667,726.666667,717.666667,725,170700,123433800,0,0
2024-06-10,728.666667,745,727,743.666667,251700,185676200,0,0
2024-06-11,743.666667,750,734.666667,735,339600,251873200,0,0
2024-06-12,728.333333,741,726.666667,733,233400,171388400,0,0
2024-06-13,732.666667,734.666667,709.333333,710.333333,328500,235654800,0,0
2024-06-14,702.333333,724,702,721.666667,422700,301543000,0,0
2024-06-17,720,720,696.666667,701,401700,281806800,0,0
2024-06-18,704.666667,710.666667,702.666667,710.666667,270300,191224100,0,0
2024-06-19,713.666667,721.333333,711.333333,717,347400,248711200,0,0
2024-06-20,713,717.666667,700,705,234000,165016600,0,0
2024-06-21,701,706.333333,688.333333,690.666667,627900,435171400,0,0
2024-06-24,688.666667,700,688.333333,694,323700,224939300,0,0
2024-06-25,699.666667,708.666667,696,706.666667,282600,199289300,0,0
2024-06-26,706.666667,708.333333,700.333333,703.666667,213900,150560600,0,0
2024-06-27,698.666667,711.333333,698,709.666667,233400,164810500,0,0
2024-06-28,706.666667,711,705.666667,709.666667,204300,144740000,0,0
2024-07-01,709,709,700.666667,701.333333,273900,192719900,0,0
2024-07-02,701.666667,704.333333,696,701.666667,260400,182620000,0,0
2024-07-03,701.333333,721.666667,701.333333,720.333333,287100,205141100,0,0
2024-07-04,718,720.333333,710.666667,717,292800,209851800,0,0
2024-07-05,715,715.666667,702,703.666667,189600,133920400,0,0
2024-07-08,703.666667,705.333333,697.666667,704.666667,255600,179594700,0,0
2024-07-09,703.666667,718.333333,703.666667,715.333333,306300,218750900,0,0
2024-07-10,714,719,712.666667,718.666667,252300,180812800,0,0
2024-07-11,722.333333,725.666667,716.333333,723,223500,161207600,0,0
2024-07-12,724.333333,730.333333,718,720.666667,270300,195182400,0,0
2024-07-16,723,733,722.666667,730.666667,275700,201128400,0,0
2024-07-17,736.666667,756,736.666667,754.333333,488700,365975000,0,0
2024-07-18,745,770,743.333333,758,443100,336579200,0,0
2024-07-19,754.333333,766.666667,753.666667,763,311700,237670400,0,0
2024-07-22,763.333333,763.333333,750,754,206700,156279100,0,0
2024-07-23,763.333333,775.666667,762,774,231900,179041700,0,0
2024-07-24,777.666667,779.333333,755,766.666667,418800,320762100,0,0
2024-07-25,758.333333,767,748,759.666667,732000,555508900,0,0
2024-07-26,764,766,754.333333,761.666667,241800,184134800,0,0
2024-07-29,763.333333,769,757.333333,765,231000,176837100,0,0
2024-07-30,761.333333,769.666667,757.666667,763,354300,270653200,0,0
2024-07-31,760.333333,786.333333,751.666667,785.333333,281700,218336300,0,0
2024-08-01,779.333333,779.333333,740,742,414000,309626300,0,0
2024-08-02,726,726.333333,698.333333,698.333333,567300,400119800,0,0
2024-08-05,653,653.666667,592,608.333333,572100,360621400,0,0
2024-08-06,648.333333,686.333333,643.666667,655.666667,439200,290293900,0,0
2024-08-07,646,696,640.333333,683,461400,314172300,0,0
2024-08-08,682,685.333333,672,677.333333,316500,214907600,0,0
2024-08-09,694,711.666667,677.333333,697.666667,660900,461792800,0,0
2024-08-13,731,759.666667,712.666667,759,1182600,875815900,0,0
2024-08-14,759,761,744.666667,753.666667,395700,298405100,0,0
2024-08-15,751,752.333333,725.333333,735,417000,307184300,0,0
2024-08-16,741,755,735.333333,752,312600,234242100,0,0
2024-08-19,750,755.333333,732.666667,735.333333,199800,148048100,0,0
2024-08-20,738.666667,746,734.666667,741.666667,253500,187901000,0,0
2024-08-21,737.666667,756.333333,737.666667,753.666667,271800,203380600,0,0
2024-08-22,759.333333,766.333333,751.333333,759,428100,324214500,0,0
2024-08-23,760.666667,772.333333,754.666667,758,231900,176987700,0,0
2024-08-26,761,761,741,743.333333,313500,234317200,0,0
2024-08-27,746,772.333333,741,772.333333,285300,217040500,0,0
2024-08-28,768.333333,772,756.666667,768.666667,277200,212588800,0,0
2024-08-29,769,773.333333,757.666667,761.666667,180300,137486700,0,0
2024-08-30,766.333333,783,761.333333,777.333333,316800,245825200,0,0
2024-09-02,781.333333,781.333333,758.666667,772.333333,263400,202187300,0,0
2024-09-03,772.333333,777,767,769.666667,182100,140374300,0,0
2024-09-04,754.666667,767.333333,753.333333,760.333333,305700,232026000,0,0
2024-09-05,760.333333,771.333333,756,770.333333,217800,166933500,0,0
2024-09-06,772.666667,778,761.333333,764,363300,278636600,0,0
2024-09-09,747.333333,749.333333,718.333333,729.333333,532800,388219000,0,0
2024-09-10,736.333333,744,730.333333,736.333333,397800,292722000,0,0
2024-09-11,738.333333,751,731.666667,740.333333,413700,306718300,0,0
2024-09-12,751.666667,760,741.666667,748,239700,179415000,0,0
2024-09-13,741.666667,743.666667,731.666667,740.333333,369300,272976200,0,0
2024-09-17,753,753.333333,729.333333,743.333333,297600,220138200,0,0
2024-09-18,746.666667,754,735,745,281700,209347600,0,0
2024-09-19,752,758,742.333333,747.333333,265200,198684700,0,0
2024-09-20,751,753.333333,728,738,728700,539595500,0,0
2024-09-24,749,749.333333,738.333333,743.333333,292200,217529700,0,0
2024-09-25,748.333333,748.333333,734.333333,734.333333,289200,213302500,0,0
2024-09-26,746,764.666667,742.666667,759.333333,522000,394550700,0,0
2024-09-27,781.666667,805.333333,771.333333,802,1437600,1146464900,0,0
2024-09-30,785.333333,810,783,799.666667,771000,617510000,0,0
2024-10-01,799.666667,821,798.333333,813.333333,491400,399291200,0,0
2024-10-02,810,814.666667,798.333333,803.333333,377700,303585200,0,0
2024-10-03,815,818.333333,798.666667,800.333333,451200,362758800,0,0
2024-10-04,805.333333,806,789.333333,802,438300,350522200,0,0
2024-10-07,810.333333,816,802,814.666667,392400,318322600,0,0
2024-10-08,810.666667,836,809.666667,825,471300,388674200,0,0
2024-10-09,830,830.666667,819.666667,826,221700,182811500,0,0
2024-10-10,827,827.666667,810,816.333333,319500,260755800,0,0
2024-10-11,814,819.666667,811.333333,818,233400,190439300,0,0
2024-10-15,825,826.666667,815.333333,820,280500,229916500,0,0
2024-10-16,812.333333,827,807.666667,816,304200,249032100,0,0
2024-10-17,819.333333,824,815.666667,821.333333,376800,309052100,0,0
2024-10-18,821.666667,830.333333,821.333333,830.333333,277800,229880700,0,0
2024-10-21,830.333333,831.333333,821.333333,822.333333,195000,160805800,0,0
2024-10-22,826.666667,826.666667,805.666667,807,289800,234649600,0,0
2024-10-23,810,810.666667,794,799.666667,280800,224883000,0,0
2024-10-24,789.333333,798.666667,783.333333,798.666667,221100,175715000,0,0
2024-10-25,798.666667,798.666667,783.333333,786.333333,194100,152834600,0,0
2024-10-28,783.333333,797.333333,774,793.666667,320100,252761300,0,0
2024-10-29,793.666667,795.333333,783.666667,793,336900,266571500,0,0
2024-10-30,800,805,794.333333,799.666667,480300,383943300,0,0
2024-10-31,799.666667,805,795.333333,801.666667,392100,314078100,0,0
2024-11-01,796,803,789,790.333333,301500,239352700,0,0
2024-11-05,790.333333,799.333333,785,799.333333,328800,261201700,0,0
2024-11-06,799.333333,809.666667,792,803.666667,311700,249918600,0,0
2024-11-07,809.666667,819.666667,802.333333,814,420600,342036300,0,0
2024-11-08,818.333333,834.333333,813.666667,834.333333,424800,350917000,0,0
2024-11-11,842.666667,982.666667,825.666667,961.333333,3249900,3006116700,0,0
2024-11-12,978,991.666667,963.333333,986,1340700,1313767800,0,0
2024-11-13,979.666667,987,957.333333,970.333333,569100,551570800,0,0
2024-11-14,972,998.666667,972,993,545100,539314500,0,0
2024-11-15,981,984.666667,967.333333,977.666667,663600,647739300,0,0
2024-11-18,964,981.666667,963.666667,977.333333,524100,509521500,0,0
2024-11-19,983,999,977.333333,996,629700,622690000,0,0
2024-11-20,995.666667,1010,987.666667,997,404700,403565500,0,0
2024-11-21,993.666667,996.333333,975.666667,986.333333,402000,395640000,0,0
2024-11-22,990.333333,994.333333,982.666667,985,355200,350312100,0,0
2024-11-25,992.666667,997,986.666667,994,407100,404250400,0,0
2024-11-26,985,988,950.666667,956.666667,803400,769816100,0,0
2024-11-27,965.666667,970.333333,947.333333,961.333333,473100,454047600,0,0
2024-11-28,957,973,954.333333,970.666667,377100,364248200,0,0
2024-11-29,973.333333,982.666667,967.333333,967.333333,354900,345466200,0,0
2024-12-02,960,963.333333,943,945.333333,474900,451152000,0,0
2024-12-03,945,973,944.666667,963.666667,729600,703379900,0,0
2024-12-04,956.666667,963.333333,949,953.666667,527400,503387100,0,0
2024-12-05,953.666667,971.333333,953.666667,966.333333,537900,519178200,0,0
2024-12-06,966.333333,969.666667,955.333333,969.666667,359700,347276000,0,0
2024-12-09,967.333333,983,966,968.666667,397200,386328200,0,0
2024-12-10,978.333333,978.333333,954.666667,971.666667,667500,644546000,0,0
2024-12-11,981.666667,1036.666667,980.666667,1031.666667,1040700,1058578800,0,0
2024-12-12,1030,1048.333333,1025,1035,732300,758263000,0,0
2024-12-13,1033.333333,1046.666667,1026.666667,1040,395400,409212000,0,0
2024-12-16,1043.333333,1053.333333,1035,1046.666667,413700,432041500,0,0
2024-12-17,1053.333333,1060,1043.333333,1058.333333,651300,686923000,0,0
2024-12-18,1066.666667,1073.333333,1046.666667,1050,480900,507789500,0,0
2024-12-19,1035,1075,1033.333333,1070,530400,564376500,0,0
2024-12-20,1075,1075,1056.666667,1063.333333,534000,568287000,0,0
2024-12-23,1070,1086.666667,1065,1081.666667,450300,485753500,0,0
2024-12-24,1075,1076.666667,1006.666667,1046.666667,1274100,1325187500,0,0
2024-12-25,1053.333333,1055,1038.333333,1053.333333,519300,544580500,0,0
2024-12-26,1056.666667,1061.666667,1045,1055,301500,318210000,0,0
2024-12-27,1073.333333,1073.333333,1055,1063.333333,308400,327930000,0,0
2024-12-30,1065,1066.666667,1046.666667,1055,286200,301827000,0,0
2025-01-06,1063.333333,1070,1041.666667,1043.333333,498300,524349000,0,0
2025-01-07,1048.333333,1055,1036.666667,1040,466800,486897000,0,0
2025-01-08,1030,1033.333333,1020,1030,338100,347508000,0,0
2025-01-09,1025,1028.333333,1010,1018.333333,459300,468078000,0,0
2025-01-10,1013.333333,1023.333333,1005,1021.666667,377700,384237500,0,0
2025-01-14,1001.666667,1008.333333,990,1006.666667,576300,576860500,0,0
2025-01-15,1000,1008.333333,989.666667,1006.666667,429300,429561100,0,0
2025-01-16,1008.333333,1018.333333,999.666667,1010,360300,363686900,0,0
2025-01-17,1001.666667,1013.333333,995.333333,1013.333333,367200,369707700,0,0
2025-01-20,1021.666667,1023.333333,1005,1008.333333,231900,234487500,0,0
2025-01-21,1008.333333,1010,995.333333,1001.666667,317400,317803100,0,0
2025-01-22,1006.666667,1033.333333,1006.666667,1026.666667,441300,450745000,0,0
2025-01-23,1026.666667,1035,1020,1025,230100,236136000,0,0
2025-01-24,1028.333333,1028.333333,1016.666667,1020,226200,231121500,0,0
2025-01-27,1026.666667,1030,1008.333333,1015,289500,293818500,0,0
2025-01-28,1003.333333,1013.333333,999,1003.333333,300300,301717600,0,0
2025-01-29,1003.333333,1011.666667,1000,1005,403500,405994000,0,0
2025-01-30,1010,1025,1010,1021.666667,352200,358637500,0,0
2025-01-31,1023.333333,1048.333333,1008.333333,1045,595500,612386000,0,0
2025-02-03,1038.333333,1048.333333,1026.666667,1036.666667,510600,529440000,0,0
2025-02-04,1050,1053.333333,1013.333333,1020,423600,436079500,0,0
2025-02-05,1033.333333,1041.666667,1021.666667,1041.666667,426600,441688000,0,0
2025-02-06,1041.666667,1051.666667,1030,1050,521700,545244500,0,0
2025-02-07,1053.333333,1060,1036.666667,1046.666667,487500,510634500,0,0
2025-02-10,1046.666667,1056.666667,1040,1055,476400,500269000,0,0
2025-02-12,1065,1065,1053.333333,1060,552300,585270500,0,0
2025-02-13,1080,1080,1058.333333,1065,873900,931607500,0,0
2025-02-14,1075,1153.333333,1048.333333,1093.333333,1805400,1978298500,0,0
2025-02-17,1126.666667,1138.333333,1088.333333,1131.666667,1271400,1423901000,0,0
2025-02-18,1138.333333,1171.666667,1135,1170,826200,959256500,0,0
2025-02-19,1155,1163.333333,1136.666667,1153.333333,627900,721012500,0,0
2025-02-20,1136.666667,1138.333333,1095,1115,1118700,1241853000,0,0
2025-02-21,1110,1118.333333,1103.333333,1118.333333,514800,572024000,0,0
2025-02-25,1108.333333,1108.333333,1081.666667,1088.333333,794400,866100000,0,0
2025-02-26,1098.333333,1105,1063.333333,1105,763800,831184000,0,0
2025-02-27,1105,1118.333333,1093.333333,1118.333333,492000,545667500,0,0
2025-02-28,1111.666667,1116.666667,1093.333333,1111.666667,515100,569297500,0,0
2025-03-03,1123.333333,1128.333333,1113.333333,1126.666667,336000,377557500,0,0
2025-03-04,1120,1123.333333,1086.666667,1101.666667,544800,601220000,0,0
2025-03-05,1106.666667,1118.333333,1101.666667,1110,455400,505896500,0,0
2025-03-06,1123.333333,1133.333333,1105,1118.333333,492300,551997500,0,0
2025-03-07,1106.666667,1110,1091.666667,1101.666667,404400,445432000,0,0
2025-03-10,1098.333333,1100,1075,1081.666667,487200,528933000,0,0
2025-03-11,1058.333333,1061.666667,1028.333333,1046.666667,926100,963389000,0,0
2025-03-12,1050,1066.666667,1046.666667,1066.666667,673200,713593000,0,0
2025-03-13,1066.666667,1070,1056.666667,1066.666667,560700,596593000,0,0
2025-03-14,1058.333333,1085,1056.666667,1075,551700,591447500,0,0
2025-03-17,1093.333333,1110,1090,1101.666667,376200,414075000,0,0
2025-03-18,1101.666667,1108.333333,1096.666667,1105,440700,486288000,0,0
2025-03-19,1106.666667,1125,1105,1113.333333,496500,554093500,0,0
2025-03-21,1130,1183.333333,1128.333333,1133.333333,1430700,1640561000,0,0
2025-03-24,1133.333333,1138.333333,1101.666667,1101.666667,766500,852484000,0,0
2025-03-25,1118.333333,1123.333333,1106.666667,1113.333333,452100,503736000,0,0
2025-03-26,1160,1191.666667,1140,1188.333333,1458300,1709657500,0,0
2025-03-27,1166.666667,1181.666667,1160,1170,931200,1089469000,0,0
2025-03-28,1141.666667,1155,1135,1143.333333,539400,616855500,0,0
2025-03-31,1120,1133.333333,1108.333333,1125,651900,732780500,0,0
2025-04-01,1138.333333,1145,1121.666667,1135,407100,461865500,0,0
2025-04-02,1123.333333,1125,1098.333333,1105,441300,489287500,0,0
2025-04-03,1051.666667,1073.333333,1050,1070,671400,714828500,0,0
2025-04-04,1050,1055,1006.666667,1028.333333,960300,983904500,0,0
2025-04-07,940.333333,987.666667,935,965.333333,877200,847218500,0,0
2025-04-08,1016.666667,1030,1013.333333,1026.666667,607200,620766000,0,0
2025-04-09,1006.666667,1021.666667,993.333333,1010,562200,566839400,0,0
2025-04-10,1088.333333,1095,1061.666667,1088.333333,780600,842076500,0,0
2025-04-11,1066.666667,1088.333333,1050,1083.333333,470400,504514000,0,0
2025-04-14,1083.333333,1100,1083.333333,1086.666667,331200,361311000,0,0
2025-04-15,1098.333333,1105,1085,1086.666667,257400,281089500,0,0
2025-04-16,1095,1106.666667,1083.333333,1091.666667,389700,426405500,0,0
2025-04-17,1083.333333,1091.666667,1070,1091.666667,307500,333588000,0,0
2025-04-18,1093.333333,1123.333333,1091.666667,1123.333333,347700,385954500,0,0
2025-04-21,1100,1113.333333,1098.333333,1113.333333,260700,288278500,0,0
2025-04-22,1098.333333,1115,1098.333333,1108.333333,312300,345383500,0,0
2025-04-23,1120,1136.666667,1111.666667,1128.333333,598200,673398500,0,0
2025-04-24,1126.666667,1138.333333,1115,1118.333333,367200,412865000,0,0
2025-04-25,1128.333333,1166.666667,1123.333333,1140,605700,694959500,0,0
2025-04-28,1153.333333,1196.666667,1150,1178.333333,749400,884582000,0,0
2025-04-30,1183.333333,1235,1183.333333,1215,1167900,1412492500,0,0
2025-05-01,1201.666667,1203.333333,1190,1195,473700,566364000,0,0
2025-05-02,1193.333333,1218.333333,1181.666667,1206.666667,658500,791416500,0,0
2025-05-07,1215,1246.666667,1203.333333,1240,741000,914231500,0,0
2025-05-08,1233.333333,1243.333333,1220,1240,549900,677645500,0,0
2025-05-09,1236.666667,1281.666667,1230,1278.333333,851100,1075699500,0,0
2025-05-12,1270,1283.333333,1255,1271.666667,618600,785121500,0,0
2025-05-13,1278.333333,1285,1240,1255,1037100,1305284000,0,0
2025-05-14,1255,1281.666667,1231.666667,1240,913200,1142701000,0,0
2025-05-15,1231.666667,1238.333333,1208.333333,1235,708000,867908500,0,0
2025-05-16,1238.333333,1238.333333,1215,1231.666667,604800,742129500,0,0
2025-05-19,1226.666667,1246.666667,1221.666667,1246.666667,494700,612445500,0,0
2025-05-20,1241.666667,1246.666667,1226.666667,1231.666667,391500,483127000,0,0
2025-05-21,1241.666667,1241.666667,1220,1228.333333,389400,479232000,0,0
2025-05-22,1228.333333,1236.666667,1220,1221.666667,358200,438759000,0,0
2025-05-23,1228.333333,1268.333333,1221.666667,1256.666667,627300,786883000,0,0
2025-05-26,1266.666667,1273.333333,1256.666667,1261.666667,373800,472551500,0,0
2025-05-27,1268.333333,1268.333333,1246.666667,1251.666667,241200,302319500,0,0
2025-05-28,1258.333333,1270,1250,1250,381600,479811000,0,0
2025-05-29,1253.333333,1270,1243.333333,1266.666667,411900,520386000,0,0
2025-05-30,1256.666667,1273.333333,1250,1266.666667,375000,473866500,0,0
2025-06-02,1265,1281.666667,1256.666667,1271.666667,514800,654685500,0,0
2025-06-03,1271.666667,1285,1270,1281.666667,620400,793721000,0,0
2025-06-04,1305,1330,1305,1316.666667,943800,1245515500,0,0
2025-06-05,1293.333333,1305,1290,1298.333333,615900,799442000,0,0
2025-06-06,1300,1318.333333,1298.333333,1306.666667,450300,589200500,0,0
2025-06-09,1310,1331.666667,1305,1326.666667,474600,627670000,0,0
2025-06-10,1326.666667,1330,1300,1300,478200,626878000,0,0
2025-06-11,1300,1310,1286.666667,1295,465000,601672000,0,0
2025-06-12,1300,1318.333333,1295,1303.333333,429300,560764000,0,0
2025-06-13,1300,1313.333333,1293.333333,1300,513300,668050500,0,0
2025-06-16,1315,1326.666667,1303.333333,1318.333333,405900,534056500,0,0
2025-06-17,1320,1356.666667,1320,1350,852300,1146379500,0,0
2025-06-18,1350,1361.666667,1330,1330,526200,706225000,0,0
2025-06-19,1325,1341.666667,1316.666667,1338.333333,360000,479120500,0,0
2025-06-20,1333.333333,1335,1320,1321.666667,571200,755919000,0,0
2025-06-23,1318.333333,1350,1318.333333,1335,579300,776680500,0,0
2025-06-24,1343.333333,1353.333333,1328.333333,1343.333333,432000,579058000,0,0
2025-06-25,1336.666667,1345,1328.333333,1341.666667,513600,687252000,0,0
2025-06-26,1348.333333,1356.666667,1335,1348.333333,505800,681516500,0,0
2025-06-27,1348.333333,1351.666667,1335,1341.666667,451200,605349500,0,0
2025-06-30,1346.666667,1361.666667,1345,1350,558600,755660000,0,0
2025-07-01,1346.666667,1383.333333,1341.666667,1370,646800,884761500,0,0
2025-07-02,1346.666667,1375,1340,1363.333333,470100,640531000,0,0
2025-07-03,1358.333333,1361.666667,1298.333333,1320,938100,1240773500,0,0
2025-07-04,1321.666667,1335,1316.666667,1335,441300,585801500,0,0
2025-07-07,1340,1346.666667,1310,1318.333333,387000,512404000,0,0
2025-07-08,1326.666667,1356.666667,1320,1348.333333,648300,872701000,0,0
2025-07-09,1346.666667,1373.333333,1346.666667,1373.333333,661800,904254500,0,0
2025-07-10,1383.333333,1398.333333,1378.333333,1390,747300,1038051000,0,0
2025-07-11,1395,1418.333333,1386.666667,1386.666667,659400,920602500,0,0
2025-07-14,1400,1415,1393.333333,1410,428700,602373500,0,0
2025-07-15,1411.666667,1416.666667,1388.333333,1396.666667,356400,498330500,0,0
2025-07-16,1398.333333,1416.666667,1395,1410,471000,663101000,0,0
2025-07-17,1400,1411.666667,1391.666667,1410,389400,546324500,0,0
2025-07-18,1410,1428.333333,1408.333333,1415,573300,812297500,0,0
2025-07-22,1416.666667,1441.666667,1416.666667,1438.333333,378600,542940000,0,0
2025-07-23,1451.666667,1456.666667,1398.333333,1411.666667,905700,1285126500,0,0
2025-07-24,1411.666667,1448.333333,1405,1433.333333,567600,814114000,0,0
2025-07-25,1445,1471.666667,1433.333333,1463.333333,1086900,1586022000,0,0
2025-07-28,1478.333333,1485,1438.333333,1440,801000,1165959500,0,0
2025-07-29,1436.666667,1456.666667,1433.333333,1450,548400,792597500,0,0
2025-07-30,1455,1473.333333,1446.666667,1470,750900,1100261500,0,0
2025-07-31,1470,1495,1455,1488.333333,1802100,2675897000,0,0
2025-08-01,1493.333333,1538.333333,1488.333333,1528.333333,762300,1157896000,0,0
2025-08-04,1491.666667,1546.666667,1488.333333,1543.333333,1024200,1565395500,0,0
2025-08-05,1560,1598.333333,1551.666667,1591.666667,938400,1486297500,0,0
2025-08-06,1588.333333,1638.333333,1585,1626.666667,1179000,1911967500,0,0
2025-08-07,1650,1665,1630,1656.666667,1042800,1721295000,0,0
2025-08-08,1653.333333,1790,1621.666667,1631.666667,2816400,4686254500,0,0
2025-08-12,1636.666667,1648.333333,1560,1568.333333,2193600,3490791000,0,0
2025-08-13,1566.666667,1595,1541.666667,1581.666667,1185000,1863840500,0,0
2025-08-14,1568.333333,1573.333333,1540,1563.333333,841800,1312946000,0,0
2025-08-15,1550,1556.666667,1525,1550,968400,1495445000,0,0
2025-08-18,1543.333333,1581.666667,1540,1563.333333,618900,968921500,0,0
2025-08-19,1585,1596.666667,1573.333333,1585,771300,1222757500,0,0
2025-08-20,1581.666667,1588.333333,1543.333333,1570,676800,1056968000,0,0
2025-08-21,1573.333333,1621.666667,1566.666667,1616.666667,909300,1456141000,0,0
2025-08-22,1605,1630,1593.333333,1621.666667,1040400,1678418500,0,0
2025-08-25,1635,1648.333333,1616.666667,1625,1035000,1684708500,0,0
2025-08-26,1636.666667,1666.666667,1631.666667,1658.333333,1028400,1697587000,0,0
2025-08-27,1670,1686.666667,1641.666667,1680,1115700,1865317500,0,0
2025-08-28,1666.666667,1686.666667,1663.333333,1670,680400,1138744000,0,0
2025-08-29,1666.666667,1683.333333,1663.333333,1666.666667,742500,1238459500,0,0
2025-09-01,1660,1720,1653.333333,1690,790800,1339620500,0,0
2025-09-02,1693.333333,1716.666667,1683.333333,1696.666667,600900,1022318000,0,0
2025-09-03,1700,1710,1676.666667,1690,833700,1411920000,0,0
2025-09-04,1710,1736.666667,1706.666667,1733.333333,822000,1419201000,0,0
2025-09-05,1723.333333,1736.666667,1706.666667,1723.333333,782700,1348656000,0,0
2025-09-08,1726.666667,1736.666667,1713.333333,1733.333333,615600,1062257000,0,0
2025-09-09,1750,1773.333333,1746.666667,1750,780900,1372196000,0,0
2025-09-10,1763.333333,1783.333333,1750,1770,625800,1106371000,0,0
2025-09-11,1783.333333,1806.666667,1773.333333,1776.666667,745800,1331288000,0,0
2025-09-12,1800,1810,1773.333333,1780,892200,1594446000,0,0
2025-09-16,1796.666667,1803.333333,1770,1780,639900,1142851000,0,0
2025-09-17,1756.666667,1773.333333,1693.333333,1696.666667,1132200,1939525000,0,0
2025-09-18,1700,1706.666667,1670,1700,852300,1438608000,0,0
2025-09-19,1700,1720,1693.333333,1713.333333,950700,1626190000,0,0
2025-09-22,1716.666667,1730,1696.666667,1706.666667,552600,944880000,0,0
2025-09-24,1696.666667,1696.666667,1666.666667,1676.666667,757500,1270641000,0,0
2025-09-25,1680,1686.666667,1661.666667,1686.666667,587400,985254500,0,0
2025-09-26,1696.666667,1713.333333,1673.333333,1696.666667,876300,1484602000,0,0
2025-09-29,1680,1680,1635,1656.666667,906000,1497757000,0,0
2025-09-30,1658.333333,1661.666667,1615,1643.333333,793500,1297850000,0,0
2025-10-01,1635,1640,1608.333333,1630,897600,1456689500,0,0
2025-10-02,1630,1640,1588.333333,1593.333333,727500,1165273000,0,0
2025-10-03,1570,1600,1566.666667,1593.333333,711000,1127759000,0,0
2025-10-06,1628.333333,1673.333333,1615,1666.666667,850500,1405523500,0,0
2025-10-07,1676.666667,1683.333333,1640,1661.666667,571200,949588000,0,0
2025-10-08,1670,1726.666667,1666.666667,1673.333333,601500,1016940000,0,0
2025-10-09,1683.333333,1703.333333,1673.333333,1696.666667,650700,1098088000,0,0
2025-10-10,1673.333333,1680,1625,1625,1007100,1652737000,0,0
2025-10-14,1601.666667,1630,1590,1603.333333,828300,1333321500,0,0
2025-10-15,1623.333333,1690,1621.666667,1686.666667,900000,1503532500,0,0
2025-10-16,1686.666667,1703.333333,1660,1660,567300,949901000,0,0
2025-10-17,1651.666667,1660,1628.333333,1641.666667,435900,715545000,0,0
2025-10-20,1665,1680,1651.666667,1680,377100,629678500,0,0
2025-10-21,1686.666667,1690,1653.333333,1655,460800,769490000,0,0
2025-10-22,1655,1700,1655,1690,399900,673378500,0,0
2025-10-23,1666.666667,1723.333333,1666.666667,1716.666667,445500,761906000,0,0
2025-10-24,1726.666667,1733.333333,1710,1720,589500,1014228000,0,0
2025-10-27,1736.666667,1790,1733.333333,1783.333333,706800,1250869000,0,0
2025-10-28,1770,1786.666667,1670,1673.333333,1020000,1758061000,0,0
2025-10-29,1740,1800,1726.666667,1746.666667,1459800,2580447000,0,0
2025-10-30,1773.333333,1793.333333,1760,1776.666667,1147500,2037225000,0,0
2025-10-31,1800,1806.666667,1770,1770,884100,1577833000,0,0
2025-11-04,1776.666667,1836.666667,1776.666667,1790,864000,1562601000,0,0
2025-11-05,1793.333333,1806.666667,1690,1796.666667,917400,1612856000,0,0
2025-11-06,1803.333333,1836.666667,1793.333333,1820,597300,1084540000,0,0
2025-11-07,1790,1833.333333,1790,1823.333333,627600,1137455000,0,0
2025-11-10,1850,1873.333333,1843.333333,1846.666667,762900,1414809000,0,0
2025-11-11,1850,1876.666667,1833.333333,1833.333333,711600,1315583000,0,0
2025-11-12,1806.666667,1843.333333,1800,1840,599100,1094946000,0,0
2025-11-13,1850,1893.333333,1846.666667,1856.666667,733200,1370798000,0,0
2025-11-14,1796.666667,1876.666667,1743.333333,1773.333333,1398600,2511025000,0,0
2025-11-17,1780,1833.333333,1756.666667,1833.333333,795300,1438659000,0,0
2025-11-18,1810,1830,1756.666667,1773.333333,511200,912954000,0,0
2025-11-19,1773.333333,1776.666667,1706.666667,1760,885000,1550457000,0,0
2025-11-20,1793.333333,1823.333333,1786.666667,1813.333333,613200,1106674000,0,0
2025-11-21,1780,1833.333333,1780,1833.333333,691200,1259139000,0,0
2025-11-25,1863.333333,1863.333333,1793.333333,1800,548700,999126000,0,0
2025-11-26,1810,1830,1800,1813.333333,496200,902575000,0,0
2025-11-27,1833.333333,1843.333333,1820,1823.333333,470100,861356000,0,0
2025-11-28,1823.333333,1860,1820,1853.333333,421800,778044000,0,0
2025-12-01,1833.333333,1843.333333,1763.333333,1763.333333,709800,1268945000,0,0
2025-12-02,1766.666667,1796.666667,1753.333333,1780,589200,1047401000,0,0
2025-12-03,1773.333333,1786.666667,1696.666667,1720,1014900,1755928000,0,0
2025-12-04,1740,1780,1740,1766.666667,589500,1038590000,0,0
2025-12-05,1770,1810,1770,1783.333333,508200,910086000,0,0
2025-12-08,1800,1823.333333,1790,1823.333333,374700,679352000,0,0
2025-12-09,1823.333333,1833.333333,1806.666667,1823.333333,356100,647170000,0,0
2025-12-10,1833.333333,1840,1803.333333,1816.666667,451800,823050000,0,0
2025-12-11,1816.666667,1826.666667,1776.666667,1786.666667,440700,791608000,0,0
2025-12-12,1833.333333,1866.666667,1820,1866.666667,695700,1285206000,0,0
2025-12-15,1833.333333,1873.333333,1816.666667,1873.333333,428100,794339000,0,0
2025-12-16,1883.333333,1920,1870,1903.333333,734700,1397109000,0,0
2025-12-17,1916.666667,1933.333333,1856.666667,1876.666667,815700,1542803000,0,0
2025-12-18,1876.666667,1893.333333,1840,1873.333333,657000,1228154000,0,0
2025-12-19,1873.333333,1960,1873.333333,1950,1071900,2074076000,0,0
2025-12-22,1960,1976.666667,1920,1923.333333,629100,1221415000,0,0
2025-12-23,1900,1926.666667,1893.333333,1920,379200,726593000,0,0
2025-12-24,1920,1950,1920,1926.666667,393000,760477000,0,0
2025-12-25,1940,1966.666667,1936.666667,1966.666667,525300,1025824000,0,0
2025-12-26,1963.333333,1976.666667,1930,1940,343200,669526000,0,0
2025-12-29,1940,1963.333333,1930,1956.666667,420900,821127000,0,0
2025-12-30,1930,1960,1913.333333,1913.333333,396000,763576000,0,0
2026-01-05,1966.666667,1996.666667,1943.333333,1976.666667,536100,1058198000,0,0
2026-01-06,2010,2046.666667,1996.666667,2033.333333,546000,1105998000,0,0
2026-01-07,2000,2020,1976.666667,1990,577500,1151715000,0,0
2026-01-08,1990,2040,1990,2013.333333,431100,870887000,0,0
2026-01-09,2010,2013.333333,1950,2010,818100,1620170000,0,0
2026-01-13,2110,2110,2060,2083.333333,661800,1379682000,0,0
2026-01-14,2093.333333,2106.666667,2066.666667,2080,512100,1067576000,0,0
2026-01-15,2073.333333,2110,2073.333333,2100,416400,873524000,0,0
2026-01-16,2083.333333,2160,2083.333333,2153.333333,494400,1054719000,0,0
2026-01-19,2153.333333,2173.333333,2130,2143.333333,330000,709170000,0,0
2026-01-20,2143.333333,2150,2106.666667,2130,312300,663866000,0,0
2026-01-21,2083.333333,2160,2083.333333,2156.666667,578100,1236712000,0,0
2026-01-22,2160,2170,2120,2146.666667,476100,1021703000,0,0
2026-01-23,2136.666667,2173.333333,2136.666667,2150,314700,678608000,0,0
2026-01-26,2130,2183.333333,2126.666667,2153.333333,440100,948837000,0,0
2026-01-27,2176.666667,2236.666667,2156.666667,2223.333333,685800,1514944000,0,0
2026-01-28,2206.666667,2226.666667,2186.666667,2190,603600,1326655000,0,0
2026-01-29,2190,2250,2156.666667,2236.666667,761700,1682020000,0,0
2026-01-30,2246.666667,2253.333333,2176.666667,2216.666667,1000200,2215392000,0,0
2026-02-02,2236.666667,2310,2230,2233.333333,819600,1849510000,0,0
2026-02-03,2260,2336.666667,2253.333333,2326.666667,914700,2112951000,0,0
2026-02-04,2326.666667,2366.666667,2320,2350,507600,1191588000,0,0
2026-02-05,2373.333333,2386.666667,2333.333333,2373.333333,685800,1621348000,0,0
2026-02-06,2390,2486.666667,2390,2476.666667,879000,2155414000,0,0
2026-02-09,2533.333333,2556.666667,2506.666667,2523.333333,747600,1887455000,0,0
2026-02-10,2526.666667,2563.333333,2523.333333,2553.333333,783000,1993134000,0,0
2026-02-12,2566.666667,2646.666667,2560,2623.333333,683400,1786351000,0,0
2026-02-13,2620,2640,2380,2383.333333,1961400,4854673000,0,0
2026-02-16,2383.333333,2476.666667,2370,2463.333333,650100,1588883000,0,0
2026-02-17,2450,2470,2406.666667,2453.333333,489300,1199103000,0,0
2026-02-18,2460,2483.333333,2433.333333,2463.333333,450000,1106155000,0,0
2026-02-19,2473.333333,2476.666667,2440,2460,413400,1017676000,0,0
2026-02-20,2463.333333,2526.666667,2456.666667,2506.666667,819000,2048257000,0,0
2026-02-24,2523.333333,2553.333333,2483.333333,2536.666667,683400,1724287000,0,0
2026-02-25,2536.666667,2590,2513.333333,2553.333333,696900,1782588000,0,0
2026-02-26,2576.666667,2620,2530,2566.666667,617100,1588169000,0,0
2026-02-27,2553.333333,2626.666667,2550,2626.666667,615600,1602447000,0,0
2026-03-02,2550,2620,2503.333333,2606.666667,609000,1569219000,0,0
2026-03-03,2570,2596.666667,2496.666667,2506.666667,565200,1433661000,0,0
2026-03-04,2396.666667,2436.666667,2260,2303.333333,1027800,2389221000,0,0
2026-03-05,2466.666667,2506.666667,2400,2413.333333,902100,2206714000,0,0
2026-03-06,2383.333333,2400,2330,2400,524400,1247170000,0,0
2026-03-09,2233.333333,2253.333333,2160,2236.666667,680700,1502373000,0,0
2026-03-10,2283.333333,2333.333333,2253.333333,2286.666667,514800,1179658000,0,0
2026-03-11,2320,2370,2313.333333,2313.333333,490200,1142881000,0,0
2026-03-12,2246.666667,2256.666667,2193.333333,2226.666667,784500,1744265000,0,0
2026-03-13,2163.333333,2263.333333,2163.333333,2236.666667,504300,1119656000,0,0
2026-03-16,2206.666667,2236.666667,2173.333333,2203.333333,322500,711244000,0,0
2026-03-17,2223.333333,2236.666667,2193.333333,2203.333333,290700,642984000,0,0
2026-03-18,2250,2333.333333,2233.333333,2333.333333,483300,1112616000,0,0
2026-03-19,2263.333333,2293.333333,2253.333333,2276.666667,839400,1910008000,0,0
2026-03-23,2196.666667,2203.333333,2133.333333,2166.666667,662700,1435398000,0,0
2026-03-24,2223.333333,2253.333333,2196.666667,2243.333333,533100,1187969000,0,0
2026-03-25,2300,2340,2300,2320,489900,1137465000,0,0
2026-03-26,2333.333333,2340,2293.333333,2323.333333,1014300,2345878000,0,0
2026-03-27,2290,2333.333333,2276.666667,2323.333333,895500,2068936000,0,0
2026-03-30,2196.666667,2253.333333,2176.666667,2240,664200,1479834000,0,0
2026-03-31,2200,2263.333333,2180,2236.666667,763500,1702723000,0,0
2026-04-01,2333.333333,2380,2303.333333,2376.666667,497400,1170512000,0,0
2026-04-02,2420,2463.333333,2366.666667,2390,807900,1943280000,0,0
2026-04-03,2413.333333,2440,2403.333333,2420,577800,1397953000,0,0
2026-04-06,2426.666667,2470,2423.333333,2440,460500,1128381000,0,0
2026-04-07,2463.333333,2483.333333,2456.666667,2466.666667,590100,1457245000,0,0
2026-04-08,2566.666667,2583.333333,2530,2563.333333,767400,1964437000,0,0
2026-04-09,2590,2686.666667,2583.333333,2656.666667,1171800,3115335000,0,0
2026-04-10,2683.333333,2756.666667,2680,2740,1341000,3657144000,0,0
2026-04-13,2723.333333,2783.333333,2700,2730,954300,2607751000,0,0
2026-04-14,2756.666667,2776.666667,2636.666667,2660,999600,2697283000,0,0
2026-04-15,2666.666667,2673.333333,2436.666667,2436.666667,1522800,3830613000,0,0
2026-04-16,2450,2473.333333,2360,2440,1933200,4696923000,0,0
2026-04-17,2426.666667,2433.333333,2356.666667,2393.333333,985800,2358343000,0,0
2026-04-20,2420,2433.333333,2326.666667,2353.333333,503700,1189066000,0,0
2026-04-21,2366.666667,2403.333333,2350,2380,452700,1075033000,0,0
2026-04-22,2360,2370,2320,2330,416100,972148000,0,0
2026-04-23,2280,2283.333333,2216.666667,2266.666667,584700,1318147000,0,0
2026-04-24,2270,2333.333333,2266.666667,2326.666667,548100,1263322000,0,0
2026-04-27,2330,2376.666667,2280,2340,552600,1293432000,0,0
2026-04-28,2272,2428,2264,2413,710300,1688531000,0,0
2026-04-30,2375,2439,2350,2409,963700,2308508000,0,0
2026-05-01,2393,2458,2352,2424,574900,1389188200,0,0
2026-05-07,2498,2610,2498,2549,1140200,2917794700,0,0
2026-05-08,2513,2557,2474,2517,821200,2060619700,0,0
2026-05-11,2580,2625,2531,2608,575000,1494344300,0,0
2026-05-12,2658,2730,2636,2646,595100,1595484700,0,0
2026-05-13,2646,2670,2592,2596,393500,1029384700,0,0
2026-05-14,2604,2687,2486,2646,822200,2135199900,0,0
2026-05-18,2539,2539,2388,2414,648200,1570300600,0,0
2026-05-19,2414,2438,2387,2398,594300,1430316500,0,0
2026-05-20,2365,2378,2221,2267,915600,2086231600,0,0
2026-05-21,2217,2274,2171,2181,797200,1760699100,0,0
2026-05-22,2200,2215,2170,2189,518400,1137942200,0,0
2026-05-25,2210,2259,2198,2232,705900,1575078100,0,0
2026-05-26,2260,2351,2229,2275,656900,1506380600,0,0
2026-05-27,2311,2386,2227,2227,497500,1124167900,0,0
2026-05-28,2228,2287,2196,2257,484800,1090432500,0,0
2026-05-29,2253,2367,2235,2316,878500,2030033800,0,0
2026-06-01,2292,2328,2201,2211,486000,1088221400,0,0
2026-06-02,2161,2205,2114,2160,536600,1159745100,0,0
2026-06-03,2160,2180,2116,2160,339000,731947000,0,0
2026-06-04,2180,2302,2180,2253,715100,1614718400,0,0
2026-06-05,2300,2349,2287,2318,677600,1572533900,0,0
2026-06-08,2317,2325,2254,2312,684000,1572879800,0,0
2026-06-09,2362,2488,2343,2435,834500,2023689300,0,0
2026-06-10,2456,2575,2450,2463,890400,2221247300,0,0
2026-06-11,2433,2473,2383,2453,721300,1758024400,0,0
2026-06-12,2503,2520,2453,2470,635000,1576899600,0,0
2026-06-15,2607,2673,2578,2665,737700,1947050900,0,0
2026-06-16,2606,2626,2556,2590,448800,1162360500,0,0
2026-06-17,2650,2700,2639,2700,376500,1009237700,0,0
2026-06-18,2720,2987,2719,2951,971300,2816776000,0,0
2026-06-19,3075,3230,3005,3035,1117300,3433434000,0,0
2026-06-22,3065,3135,3020,3125,472000,1462314500,0,0
2026-06-23,3250,3275,3025,3025,1014200,3190512500,0,0
2026-06-24,3040,3100,2979,3040,362000,1098540000,0,0
2026-06-25,3180,3180,3065,3125,554400,1734356000,0,0
2026-06-26,3125,3175,3080,3120,533900,1666063000,0,0
2026-06-29,3120,3160,3030,3050,480500,1476782500,0,0
2026-06-30,3035,3080,2958,2962,656600,1959254800,0,0
2026-07-01,2981,2991,2853,2867,589800,1710638300,0,0
2026-07-02,2846,2895,2764,2851,486200,1381857900,0,0
2026-07-03,2713,2804,2712,2796,669800,1862094200,0,0
2026-07-06,2796,2912,2796,2899,659700,1897395400,0,0
2026-07-07,2901,2913,2787,2817,614100,1745146100,0,0
2026-07-08,2702,2769,2640,2640,584900,1573145700,0,0
2026-07-09,2618,2691,2617,2667,788400,2098032100,0,0
2026-07-10,2690,2711,2645,2650,810000,2168141700,0,0
2026-07-13,2669,2699,2542,2552,704400,1826139800,0,0
2026-07-14,2509,2562,2452,2550,1009300,2545148100,0,0
2026-07-15,2600,2651,2566,2628,531700,1394511500,0,0
2026-07-16,2582,2643,2576,2595,533900,1389176100,0,0
2026-07-17,2545,2576,2426,2470,685100,1702969200,0,0
2026-07-21,2470,2488,2407,2475,607300,1493215600,0,0
2026-07-22,2502,2557,2475,2489,519300,1305736400,0,0
2026-07-23,2476,2490,2429,2444,402300,985680500,0,0
2026-07-24,2399,2469,2350,2438,838900,2024668100,0,0
2026-07-27,2449,2480,2372,2472,940700,2291837500,0,0
2026-07-28,2377,2423,2329,2338,628600,1481808300,0,0
2026-07-29,2338,2344,2172,2203,1034000,2292635200,0,0
2026-07-30,2170,2276,2127,2226,1172400,2610860900,0,0
2026-07-31,2300,2406,2291,2309,1673100,3888138300,0,0
2026-08-03,2269,2272,2182,2222,751200,1670595700,0,0
2026-08-04,2240,2333,2228,2312,721200,1652886100,0,0
2026-08-05,2291,2472,2282,2456,1128400,2721709500,0,0
2026-08-06,2441,2488,2367,2394,956100,2307522700,0,0
2026-08-07,2385,2400,2253,2350,1673500,3890977900,0,0
2026-08-10,2368,2453,2348,2370,997200,2391920400,0,0
2026-08-12,2364,2418,2355,2379,719400,1718392700,0,0
2026-08-13,2406,2483,2375,2422,773900,1884503400,0,0
2026-08-14,2428,2471,2412,2441,550100,1341740100,0,0
2026-08-17,2509,2585,2509,2527,625200,1585401700,0,0
2026-08-18,2538,2559,2455,2479,553300,1380941600,0,0
2026-08-19,2379,2396,2340,2358,732200,1730320100,0,0
2026-08-20,2375,2400,2357,2400,475300,1135082700,0,0
2026-08-21,2357,2385,2340,2360,474100,1116964900,0,0
2026-08-24,2363,2428,2348,2404,446100,1068598300,0,0
2026-08-25,2384,2409,2375,2409,364000,872541600,0,0
2026-08-26,2388,2475,2385,2450,375900,920072200,0,0
2026-08-27,2460,2486,2433,2462,516900,1269716100,0,0
2026-08-28,2458,2466,2431,2440,1037200,2533175400,0,0
2026-08-31,2411,2439,2392,2428,374900,908005400,0,0
2026-09-01,2414,2475,2411,2468,291500,715514300,0,0
2026-09-02,2426,2465,2388,2388,377400,907414000,0,0
2026-09-03,2400,2400,2368,2381,290000,690518800,0,0
2026-09-04,2384,2400,2364,2394,270600,646008600,0,0
