Date,Open,High,Low,Close,Volume,TradingValue,UpLimit,UnderLimit
2016-02-05,1585,1600,1523.333333,1573.333333,140100,,,
2016-02-08,1600,1666.666667,1593.333333,1650,150000,,,
2016-02-09,1641.666667,1646.666667,1611.666667,1621.666667,73500,,,
2016-02-10,1623.333333,1625,1550,1561.666667,68700,,,
2016-02-12,1508.333333,1513.333333,1446.666667,1446.666667,121500,,,
2016-02-15,1516.666667,1530,1480,1515,73500,,,
2016-02-16,1505,1516.666667,1471.666667,1471.666667,68100,,,
2016-02-17,1471.666667,1491.666667,1440,1455,72600,,,
2016-02-18,1478.333333,1486.666667,1455,1465,40800,,,
2016-02-19,1450,1463.333333,1406.666667,1415,103800,,,
2016-02-22,1401.666667,1441.666667,1400,1433.333333,122700,,,
2016-02-23,1450,1470,1430,1433.333333,73500,,,
2016-02-24,1435,1491.666667,1433.333333,1473.333333,127200,,,
2016-02-25,1493.333333,1540,1493.333333,1513.333333,93300,,,
2016-02-26,1515,1540,1510,1518.333333,93000,,,
2016-02-29,1526.666667,1543.333333,1480,1486.666667,108300,,,
2016-03-01,1488.333333,1505,1475,1493.333333,59700,,,
2016-03-02,1516.666667,1516.666667,1493.333333,1515,53100,,,
2016-03-03,1498.333333,1510,1483.333333,1495,79500,,,
2016-03-04,1490,1498.333333,1476.666667,1495,40500,,,
2016-03-07,1490,1491.666667,1470,1470,36600,,,
2016-03-08,1466.666667,1503.333333,1418.333333,1493.333333,214500,,,
2016-03-09,1493.333333,1513.333333,1473.333333,1475,68400,,,
2016-03-10,1493.333333,1523.333333,1480,1520,63300,,,
2016-03-11,1503.333333,1525,1501.666667,1511.666667,67800,,,
2016-03-14,1525,1530,1510,1518.333333,40200,,,
2016-03-15,1501.666667,1531.666667,1501.666667,1531.666667,51000,,,
2016-03-16,1515,1520,1510,1511.666667,30000,,,
2016-03-17,1515,1531.666667,1506.666667,1510,36900,,,
2016-03-18,1506.666667,1513.333333,1473.333333,1490,84900,,,
2016-03-22,1490,1511.666667,1490,1506.666667,85200,,,
2016-03-23,1513.333333,1523.333333,1495,1506.666667,37200,,,
2016-03-24,1488.333333,1505,1485,1488.333333,89700,,,
2016-03-25,1495,1508.333333,1491.666667,1500,47400,,,
2016-03-28,1501.666667,1525,1501.666667,1525,55200,,,
2016-03-29,1525,1531.666667,1513.333333,1528.333333,48000,,,
2016-03-30,1528.333333,1541.666667,1513.333333,1530,46500,,,
2016-03-31,1523.333333,1530,1493.333333,1493.333333,54900,,,
2016-04-01,1511.666667,1511.666667,1440,1448.333333,80100,,,
2016-04-04,1455,1491.666667,1455,1470,47400,,,
2016-04-05,1463.333333,1470,1446.666667,1448.333333,36600,,,
2016-04-06,1440,1455,1416.666667,1421.666667,62400,,,
2016-04-07,1416.666667,1446.666667,1416.666667,1436.666667,48900,,,
2016-04-08,1436.666667,1476.666667,1428.333333,1465,113400,,,
2016-04-11,1465,1473.333333,1448.333333,1463.333333,47100,,,
2016-04-12,1456.666667,1480,1443.333333,1458.333333,52500,,,
2016-04-13,1461.666667,1466.666667,1438.333333,1448.333333,44700,,,
2016-04-14,1456.666667,1468.333333,1445,1468.333333,57000,,,
2016-04-15,1468.333333,1475,1458.333333,1466.666667,29100,,,
2016-04-18,1450,1458.333333,1428.333333,1430,36300,,,
2016-04-19,1453.333333,1461.666667,1441.666667,1453.333333,25200,,,
2016-04-20,1453.333333,1471.666667,1453.333333,1460,33000,,,
2016-04-21,1473.333333,1486.666667,1461.666667,1485,60900,,,
2016-04-22,1485,1498.333333,1468.333333,1490,72900,,,
2016-04-25,1490,1490,1473.333333,1483.333333,24000,,,
2016-04-26,1483.333333,1500,1465,1473.333333,43500,,,
2016-04-27,1478.333333,1488.333333,1475,1481.666667,38100,,,
2016-04-28,1486.666667,1515,1456.666667,1458.333333,86700,,,
2016-05-02,1411.666667,1436.666667,1411.666667,1431.666667,48300,,,
2016-05-06,1450,1461.666667,1435,1443.333333,42900,,,
2016-05-09,1443.333333,1471.666667,1443.333333,1466.666667,25800,,,
2016-05-10,1466.666667,1501.666667,1466.666667,1485,63900,,,
2016-05-11,1481.666667,1615,1453.333333,1586.666667,263100,,,
2016-05-12,1566.666667,1655,1563.333333,1590,210600,,,
2016-05-13,1590,1620,1590,1605,107700,,,
2016-05-16,1600,1616.666667,1583.333333,1600,111000,,,
2016-05-17,1600,1606.666667,1561.666667,1566.666667,121500,,,
2016-05-18,1561.666667,1586.666667,1540,1546.666667,99600,,,
2016-05-19,1550,1556.666667,1531.666667,1538.333333,65700,,,
2016-05-20,1553.333333,1561.666667,1523.333333,1530,76800,,,
2016-05-23,1550,1601.666667,1528.333333,1600,174000,,,
2016-05-24,1583.333333,1706.666667,1583.333333,1660,345000,,,
2016-05-25,1676.666667,1733.333333,1666.666667,1696.666667,236100,,,
2016-05-26,1713.333333,1730,1683.333333,1730,181800,,,
2016-05-27,1720,1750,1710,1740,167400,,,
2016-05-30,1706.666667,1753.333333,1706.666667,1730,116400,,,
2016-05-31,1740,1740,1676.666667,1710,278400,,,
2016-06-01,1706.666667,1706.666667,1683.333333,1693.333333,105000,,,
2016-06-02,1676.666667,1700,1670,1680,112800,,,
2016-06-03,1680,1720,1660,1716.666667,157200,,,
2016-06-06,1710,1750,1686.666667,1750,173700,,,
2016-06-07,1750,1776.666667,1733.333333,1766.666667,157800,,,
2016-06-08,1773.333333,1813.333333,1763.333333,1803.333333,219300,,,
2016-06-09,1803.333333,1826.666667,1800,1813.333333,156300,,,
2016-06-10,1833.333333,1833.333333,1806.666667,1820,209400,,,
2016-06-13,1813.333333,1813.333333,1766.666667,1776.666667,149700,,,
2016-06-14,1766.666667,1833.333333,1760,1823.333333,236400,,,
2016-06-15,1800,1830,1776.666667,1800,189300,,,
2016-06-16,1776.666667,1820,1766.666667,1770,233100,,,
2016-06-17,1803.333333,1820,1753.333333,1756.666667,126300,,,
2016-06-20,1760,1833.333333,1760,1813.333333,175800,,,
2016-06-21,1800,1863.333333,1800,1860,178500,,,
2016-06-22,1866.666667,1883.333333,1806.666667,1843.333333,179700,,,
2016-06-23,1866.666667,1880,1836.666667,1846.666667,166800,,,
2016-06-24,1860,1860,1713.333333,1766.666667,173400,,,
2016-06-27,1783.333333,1930,1783.333333,1883.333333,345600,,,
2016-06-28,1883.333333,2013.333333,1883.333333,1990,333000,,,
2016-06-29,2023.333333,2036.666667,1953.333333,1970,279900,,,
2016-06-30,1996.666667,2006.666667,1943.333333,1950,138900,,,
2016-07-01,1950,2020,1950,2003.333333,207600,,,
2016-07-04,2020,2040,2000,2036.666667,153000,,,
2016-07-05,2033.333333,2056.666667,2010,2023.333333,118200,,,
2016-07-06,1990,2023.333333,1973.333333,2013.333333,159000,,,
2016-07-07,2000,2020,1966.666667,1983.333333,96300,,,
2016-07-08,1986.666667,2006.666667,1950,1953.333333,99000,,,
2016-07-11,1983.333333,2006.666667,1983.333333,2000,71100,,,
2016-07-12,2013.333333,2013.333333,1936.666667,1940,121800,,,
2016-07-13,1983.333333,1983.333333,1923.333333,1943.333333,104100,,,
2016-07-14,1936.666667,1983.333333,1933.333333,1960,88800,,,
2016-07-15,1960,1960,1920,1926.666667,92400,,,
2016-07-19,1910,1926.666667,1886.666667,1920,132900,,,
2016-07-20,1933.333333,1976.666667,1920,1970,79200,,,
2016-07-21,1970,1970,1896.666667,1910,73800,,,
2016-07-22,1903.333333,1936.666667,1900,1916.666667,50700,,,
2016-07-25,1903.333333,1946.666667,1890,1933.333333,105300,,,
2016-07-26,1933.333333,1953.333333,1916.666667,1916.666667,55500,,,
2016-07-27,1930,1940,1903.333333,1916.666667,73800,,,
2016-07-28,1916.666667,1916.666667,1866.666667,1876.666667,87900,,,
2016-07-29,1896.666667,1896.666667,1853.333333,1890,72600,,,
2016-08-01,1893.333333,1976.666667,1883.333333,1933.333333,383700,,,
2016-08-02,1966.666667,1966.666667,1840,1846.666667,327000,,,
2016-08-03,1843.333333,1843.333333,1773.333333,1780,193500,,,
2016-08-04,1780,1780,1673.333333,1690,257100,,,
2016-08-05,1690,1730,1683.333333,1706.666667,197400,,,
2016-08-08,1736.666667,1780,1723.333333,1733.333333,142800,,,
2016-08-09,1733.333333,1756.666667,1723.333333,1740,91800,,,
2016-08-10,1766.666667,1826.666667,1743.333333,1810,155100,,,
2016-08-12,1806.666667,1826.666667,1800,1816.666667,61500,,,
2016-08-15,1800,1813.333333,1776.666667,1783.333333,73200,,,
2016-08-16,1790,1790,1696.666667,1706.666667,206400,,,
2016-08-17,1700,1710,1663.333333,1673.333333,190800,,,
2016-08-18,1680,1690,1651.666667,1663.333333,89100,,,
2016-08-19,1650,1663.333333,1593.333333,1615,140400,,,
2016-08-22,1645,1663.333333,1625,1656.666667,108300,,,
2016-08-23,1666.666667,1696.666667,1665,1676.666667,74100,,,
2016-08-24,1683.333333,1696.666667,1665,1686.666667,49200,,,
2016-08-25,1696.666667,1760,1690,1736.666667,213900,,,
2016-08-26,1736.666667,1736.666667,1663.333333,1670,125400,,,
2016-08-29,1716.666667,1720,1660,1666.666667,180300,,,
2016-08-30,1665,1676.666667,1638.333333,1676.666667,62100,,,
2016-08-31,1673.333333,1676.666667,1660,1670,96000,,,
2016-09-01,1661.666667,1680,1660,1676.666667,83100,,,
2016-09-02,1658.333333,1716.666667,1658.333333,1710,73200,,,
2016-09-05,1700,1700,1670,1673.333333,99900,,,
2016-09-06,1680,1703.333333,1680,1703.333333,66600,,,
2016-09-07,1703.333333,1720,1670,1713.333333,167700,,,
2016-09-08,1720,1753.333333,1716.666667,1746.666667,159300,,,
2016-09-09,1746.666667,1756.666667,1713.333333,1716.666667,106800,,,
2016-09-12,1693.333333,1710,1680,1703.333333,99900,,,
2016-09-13,1770,1806.666667,1740,1800,287700,,,
2016-09-14,1783.333333,1783.333333,1720,1726.666667,201000,,,
2016-09-15,1703.333333,1710,1686.666667,1696.666667,189000,,,
2016-09-16,1743.333333,1773.333333,1726.666667,1773.333333,192900,,,
2016-09-20,1743.333333,1773.333333,1736.666667,1746.666667,147000,,,
2016-09-21,1756.666667,1830,1750,1826.666667,161100,,,
2016-09-23,1826.666667,1846.666667,1803.333333,1846.666667,127500,,,
2016-09-26,1836.666667,1843.333333,1803.333333,1813.333333,130200,,,
2016-09-27,1800,1876.666667,1796.666667,1873.333333,219900,,,
2016-09-28,1843.333333,1886.666667,1840,1880,162600,,,
2016-09-29,1893.333333,1900,1866.666667,1890,126300,,,
2016-09-30,1860,1896.666667,1860,1876.666667,142800,,,
2016-10-03,1883.333333,1910,1870,1876.666667,108900,,,
2016-10-04,1876.666667,1883.333333,1840,1860,160800,,,
2016-10-05,1860,1876.666667,1856.666667,1873.333333,102300,,,
2016-10-06,1883.333333,1883.333333,1856.666667,1863.333333,139800,,,
2016-10-07,1863.333333,1863.333333,1823.333333,1836.666667,110100,,,
2016-10-11,1836.666667,1850,1823.333333,1833.333333,70800,,,
2016-10-12,1806.666667,1833.333333,1806.666667,1806.666667,102900,,,
2016-10-13,1830,1843.333333,1820,1840,72300,,,
2016-10-14,1833.333333,1846.666667,1826.666667,1843.333333,81900,,,
2016-10-17,1836.666667,1853.333333,1826.666667,1846.666667,92400,,,
2016-10-18,1836.666667,1900,1836.666667,1896.666667,153300,,,
2016-10-19,1890,1906.666667,1886.666667,1896.666667,102600,,,
2016-10-20,1876.666667,1900,1876.666667,1890,157500,,,
2016-10-21,1893.333333,1900,1890,1896.666667,76200,,,
2016-10-24,1896.666667,1910,1896.666667,1910,74400,,,
2016-10-25,1900,1910,1886.666667,1893.333333,90900,,,
2016-10-26,1896.666667,1916.666667,1883.333333,1913.333333,82800,,,
2016-10-27,1913.333333,1923.333333,1903.333333,1920,78900,,,
2016-10-28,1920,1926.666667,1903.333333,1926.666667,111600,,,
2016-10-31,1913.333333,1923.333333,1780,1833.333333,336600,,,
2016-11-01,1840,1840,1806.666667,1830,124800,,,
2016-11-02,1803.333333,1810,1770,1800,176700,,,
2016-11-04,1770,1780,1736.666667,1740,175200,,,
2016-11-07,1763.333333,1763.333333,1730,1746.666667,101700,,,
2016-11-08,1746.666667,1746.666667,1713.333333,1720,67500,,,
2016-11-09,1720,1750,1655,1676.666667,156600,,,
2016-11-10,1710,1736.666667,1700,1713.333333,94500,,,
2016-11-11,1733.333333,1733.333333,1665,1673.333333,147300,,,
2016-11-14,1673.333333,1693.333333,1673.333333,1690,67200,,,
2016-11-15,1686.666667,1686.666667,1656.666667,1665,152700,,,
2016-11-16,1670,1706.666667,1658.333333,1700,205500,,,
2016-11-17,1713.333333,1713.333333,1666.666667,1683.333333,210600,,,
2016-11-18,1690,1713.333333,1673.333333,1703.333333,131400,,,
2016-11-21,1706.666667,1743.333333,1706.666667,1736.666667,158100,,,
2016-11-22,1746.666667,1750,1730,1736.666667,98700,,,
2016-11-24,1753.333333,1753.333333,1723.333333,1730,130800,,,
2016-11-25,1730,1730,1700,1716.666667,138600,,,
2016-11-28,1716.666667,1750,1706.666667,1746.666667,113700,,,
2016-11-29,1720,1733.333333,1720,1730,66000,,,
2016-11-30,1733.333333,1750,1723.333333,1750,78900,,,
2016-12-01,1740,1740,1703.333333,1710,213600,,,
2016-12-02,1710,1713.333333,1670,1676.666667,137400,,,
2016-12-05,1670,1690,1670,1686.666667,120600,,,
2016-12-06,1700,1703.333333,1665,1673.333333,168900,,,
2016-12-07,1660,1660,1640,1656.666667,176700,,,
2016-12-08,1656.666667,1676.666667,1635,1676.666667,149700,,,
2016-12-09,1661.666667,1680,1661.666667,1673.333333,99000,,,
2016-12-12,1676.666667,1710,1670,1706.666667,130500,,,
2016-12-13,1706.666667,1726.666667,1696.666667,1726.666667,132600,,,
2016-12-14,1726.666667,1726.666667,1700,1703.333333,119700,,,
2016-12-15,1700,1726.666667,1693.333333,1726.666667,118500,,,
2016-12-16,1730,1740,1713.333333,1720,128100,,,
2016-12-19,1726.666667,1733.333333,1713.333333,1733.333333,63600,,,
2016-12-20,1733.333333,1786.666667,1730,1783.333333,199200,,,
2016-12-21,1766.666667,1773.333333,1743.333333,1760,160800,,,
2016-12-22,1760,1776.666667,1743.333333,1753.333333,117600,,,
2016-12-26,1756.666667,1796.666667,1756.666667,1786.666667,194700,,,
2016-12-27,1800,1810,1753.333333,1756.666667,168600,,,
2016-12-28,1766.666667,1786.666667,1753.333333,1776.666667,84300,,,
2016-12-29,1763.333333,1780,1743.333333,1753.333333,79800,,,
2016-12-30,1756.666667,1790,1753.333333,1780,80100,,,
2017-01-04,1766.666667,1793.333333,1766.666667,1786.666667,93600,,,
2017-01-05,1793.333333,1806.666667,1773.333333,1803.333333,150600,,,
2017-01-06,1810,1813.333333,1783.333333,1800,81000,,,
2017-01-10,1810,1816.666667,1793.333333,1800,138300,,,
2017-01-11,1803.333333,1803.333333,1783.333333,1786.666667,76200,,,
2017-01-12,1816.666667,1816.666667,1750,1770,190800,,,
2017-01-13,1770,1780,1756.666667,1770,87600,,,
2017-01-16,1770,1780,1760,1773.333333,49500,,,
2017-01-17,1773.333333,1773.333333,1730,1740,101100,,,
2017-01-18,1753.333333,1756.666667,1736.666667,1750,69900,,,
2017-01-19,1743.333333,1756.666667,1733.333333,1740,77100,,,
2017-01-20,1733.333333,1770,1733.333333,1770,60900,,,
2017-01-23,1766.666667,1766.666667,1743.333333,1746.666667,53100,,,
2017-01-24,1740,1750,1723.333333,1726.666667,57000,,,
2017-01-25,1726.666667,1743.333333,1726.666667,1733.333333,48900,,,
2017-01-26,1743.333333,1746.666667,1726.666667,1740,72000,,,
2017-01-27,1740,1760,1740,1756.666667,37500,,,
2017-01-30,1750,1760,1746.666667,1756.666667,31500,,,
2017-01-31,1763.333333,1776.666667,1763.333333,1766.666667,90600,,,
2017-02-01,1763.333333,1780,1760,1780,60600,,,
2017-02-02,1773.333333,1783.333333,1766.666667,1773.333333,77400,,,
2017-02-03,1760,1786.666667,1641.666667,1666.666667,339600,,,
2017-02-06,1676.666667,1690,1633.333333,1653.333333,441900,,,
2017-02-07,1646.666667,1683.333333,1643.333333,1670,201600,,,
2017-02-08,1670,1670,1643.333333,1656.666667,189900,,,
2017-02-09,1661.666667,1666.666667,1646.666667,1658.333333,80100,,,
2017-02-10,1658.333333,1673.333333,1653.333333,1663.333333,114000,,,
2017-02-13,1673.333333,1673.333333,1660,1666.666667,132300,,,
2017-02-14,1676.666667,1676.666667,1660,1660,86700,,,
2017-02-15,1673.333333,1673.333333,1653.333333,1656.666667,85500,,,
2017-02-16,1655,1656.666667,1650,1656.666667,77700,,,
2017-02-17,1650,1656.666667,1641.666667,1651.666667,92100,,,
2017-02-20,1646.666667,1655,1641.666667,1655,68700,,,
2017-02-21,1651.666667,1661.666667,1646.666667,1660,61200,,,
2017-02-22,1655,1656.666667,1638.333333,1638.333333,197100,,,
2017-02-23,1638.333333,1641.666667,1635,1640,137100,,,
2017-02-24,1638.333333,1655,1626.666667,1653.333333,197700,,,
2017-02-27,1655,1676.666667,1650,1666.666667,162900,,,
2017-02-28,1666.666667,1683.333333,1661.666667,1673.333333,129600,,,
2017-03-01,1666.666667,1673.333333,1650,1660,158100,,,
2017-03-02,1666.666667,1676.666667,1655,1670,151800,,,
2017-03-03,1670,1706.666667,1663.333333,1696.666667,240000,,,
2017-03-06,1696.666667,1723.333333,1686.666667,1706.666667,230400,,,
2017-03-07,1706.666667,1710,1683.333333,1690,150600,,,
2017-03-08,1686.666667,1686.666667,1666.666667,1670,118500,,,
2017-03-09,1676.666667,1690,1666.666667,1676.666667,111300,,,
2017-03-10,1690,1690,1673.333333,1680,126600,,,
2017-03-13,1683.333333,1713.333333,1683.333333,1700,104100,,,
2017-03-14,1700,1700,1676.666667,1693.333333,83400,,,
2017-03-15,1693.333333,1700,1686.666667,1690,58500,,,
2017-03-16,1676.666667,1686.666667,1660,1676.666667,162900,,,
2017-03-17,1656.666667,1723.333333,1656.666667,1713.333333,325800,,,
2017-03-21,1730,1740,1710,1716.666667,201900,,,
2017-03-22,1710,1730,1693.333333,1693.333333,147600,,,
2017-03-23,1680,1680,1655,1670,165000,,,
2017-03-24,1673.333333,1683.333333,1670,1676.666667,63000,,,
2017-03-27,1676.666667,1680,1651.666667,1656.666667,141600,,,
2017-03-28,1656.666667,1661.666667,1646.666667,1661.666667,171600,,,
2017-03-29,1670,1676.666667,1660,1670,77400,,,
2017-03-30,1670,1670,1640,1646.666667,127500,,,
2017-03-31,1646.666667,1650,1626.666667,1626.666667,188400,,,
2017-04-03,1640,1655,1636.666667,1645,68100,,,
2017-04-04,1655,1661.666667,1633.333333,1640,99900,,,
2017-04-05,1645,1663.333333,1636.666667,1645,103500,,,
2017-04-06,1653.333333,1653.333333,1626.666667,1626.666667,111300,,,
2017-04-07,1630,1661.666667,1630,1655,88500,,,
2017-04-10,1661.666667,1661.666667,1636.666667,1645,92400,,,
2017-04-11,1645,1656.666667,1638.333333,1645,76500,,,
2017-04-12,1640,1656.666667,1636.666667,1650,91200,,,
2017-04-13,1650,1660,1643.333333,1656.666667,94200,,,
2017-04-14,1653.333333,1658.333333,1640,1643.333333,62400,,,
2017-04-17,1643.333333,1686.666667,1643.333333,1686.666667,160500,,,
2017-04-18,1686.666667,1693.333333,1670,1683.333333,142800,,,
2017-04-19,1676.666667,1696.666667,1673.333333,1683.333333,120300,,,
2017-04-20,1683.333333,1683.333333,1660,1670,64200,,,
2017-04-21,1680,1686.666667,1673.333333,1680,89100,,,
2017-04-24,1693.333333,1696.666667,1683.333333,1690,106500,,,
2017-04-25,1700,1716.666667,1700,1716.666667,121800,,,
2017-04-26,1716.666667,1720,1696.666667,1716.666667,120300,,,
2017-04-27,1713.333333,1723.333333,1710,1720,98400,,,
2017-04-28,1700,1713.333333,1683.333333,1690,131100,,,
2017-05-01,1690,1696.666667,1683.333333,1693.333333,54900,,,
2017-05-02,1696.666667,1706.666667,1690,1696.666667,90600,,,
2017-05-08,1713.333333,1766.666667,1713.333333,1756.666667,224400,,,
2017-05-09,1766.666667,1790,1763.333333,1790,189000,,,
2017-05-10,1793.333333,1796.666667,1780,1790,141000,,,
2017-05-11,1786.666667,1906.666667,1766.666667,1903.333333,671700,,,
2017-05-12,1900,1923.333333,1886.666667,1916.666667,416400,,,
2017-05-15,1920,2003.333333,1920,2000,532500,,,
2017-05-16,2000,2033.333333,1993.333333,2033.333333,254700,,,
2017-05-17,2026.666667,2053.333333,2020,2050,157200,,,
2017-05-18,2033.333333,2053.333333,2026.666667,2053.333333,216000,,,
2017-05-19,2043.333333,2056.666667,2003.333333,2006.666667,265500,,,
2017-05-22,2000,2010,1980,2003.333333,194100,,,
2017-05-23,2006.666667,2030,1996.666667,1996.666667,159300,,,
2017-05-24,1993.333333,2000,1916.666667,1956.666667,459300,,,
2017-05-25,1956.666667,1986.666667,1956.666667,1973.333333,186900,,,
2017-05-26,1976.666667,1986.666667,1960,1963.333333,153000,,,
2017-05-29,1960,1976.666667,1956.666667,1963.333333,101100,,,
2017-05-30,1950,1960,1903.333333,1940,239400,,,
2017-05-31,1923.333333,1943.333333,1910,1916.666667,216300,,,
2017-06-01,1916.666667,1920,1886.666667,1920,213600,,,
2017-06-02,1923.333333,1930,1903.333333,1910,241200,,,
2017-06-05,1903.333333,1930,1896.666667,1923.333333,269400,,,
2017-06-06,1923.333333,1923.333333,1876.666667,1890,228000,,,
2017-06-07,1880,1926.666667,1880,1920,169500,,,
2017-06-08,1930,1930,1890,1890,128700,,,
2017-06-09,1880,1886.666667,1866.666667,1866.666667,150300,,,
2017-06-12,1863.333333,1880,1850,1873.333333,99300,,,
2017-06-13,1866.666667,1890,1866.666667,1880,91800,,,
2017-06-14,1890,1910,1873.333333,1873.333333,106800,,,
2017-06-15,1873.333333,1936.666667,1873.333333,1923.333333,247500,,,
2017-06-16,1933.333333,1933.333333,1883.333333,1906.666667,179400,,,
2017-06-19,1903.333333,1916.666667,1890,1913.333333,117300,,,
2017-06-20,1920,1920,1903.333333,1913.333333,114300,,,
2017-06-21,1913.333333,1933.333333,1910,1910,98100,,,
2017-06-22,1910,1913.333333,1893.333333,1896.666667,88200,,,
2017-06-23,1893.333333,1893.333333,1880,1886.666667,85800,,,
2017-06-26,1886.666667,1903.333333,1876.666667,1896.666667,132900,,,
2017-06-27,1896.666667,1906.666667,1866.666667,1870,123300,,,
2017-06-28,1870,1876.666667,1850,1856.666667,98700,,,
2017-06-29,1853.333333,1866.666667,1843.333333,1860,70200,,,
2017-06-30,1836.666667,1840,1820,1830,93000,,,
2017-07-03,1826.666667,1840,1820,1826.666667,95700,,,
2017-07-04,1836.666667,1840,1816.666667,1830,197400,,,
2017-07-05,1816.666667,1830,1800,1826.666667,140100,,,
2017-07-06,1826.666667,1856.666667,1823.333333,1833.333333,106800,,,
2017-07-07,1820,1833.333333,1800,1803.333333,94200,,,
2017-07-10,1810,1830,1796.666667,1813.333333,123300,,,
2017-07-11,1806.666667,1850,1806.666667,1833.333333,128400,,,
2017-07-12,1833.333333,1843.333333,1820,1833.333333,93300,,,
2017-07-13,1833.333333,1853.333333,1833.333333,1850,135300,,,
2017-07-14,1863.333333,1876.666667,1850,1863.333333,126300,,,
2017-07-18,1880,1880,1850,1856.666667,117000,,,
2017-07-19,1846.666667,1880,1843.333333,1873.333333,127500,,,
2017-07-20,1866.666667,1873.333333,1853.333333,1866.666667,72900,,,
2017-07-21,1860,1860,1843.333333,1856.666667,93600,,,
2017-07-24,1856.666667,1883.333333,1856.666667,1876.666667,135000,,,
2017-07-25,1870,1873.333333,1853.333333,1856.666667,104100,,,
2017-07-26,1856.666667,1863.333333,1833.333333,1836.666667,141300,,,
2017-07-27,1836.666667,1873.333333,1836.666667,1856.666667,95700,,,
2017-07-28,1853.333333,1856.666667,1836.666667,1853.333333,77700,,,
2017-07-31,1846.666667,1846.666667,1830,1836.666667,81600,,,
2017-08-01,1826.666667,1866.666667,1826.666667,1860,72900,,,
2017-08-02,1860,1863.333333,1843.333333,1856.666667,74100,,,
2017-08-03,1843.333333,1860,1843.333333,1853.333333,65400,,,
2017-08-04,1853.333333,1866.666667,1730,1793.333333,430200,,,
2017-08-07,1736.666667,1773.333333,1736.666667,1753.333333,302700,,,
2017-08-08,1753.333333,1760,1713.333333,1716.666667,286200,,,
2017-08-09,1730,1730,1686.666667,1706.666667,198600,,,
2017-08-10,1706.666667,1730,1703.333333,1720,104700,,,
2017-08-14,1710,1720,1680,1706.666667,188100,,,
2017-08-15,1726.666667,1730,1706.666667,1720,87300,,,
2017-08-16,1720,1733.333333,1720,1726.666667,83400,,,
2017-08-17,1723.333333,1730,1696.666667,1700,135600,,,
2017-08-18,1696.666667,1710,1683.333333,1700,101100,,,
2017-08-21,1716.666667,1716.666667,1686.666667,1690,136200,,,
2017-08-22,1693.333333,1693.333333,1676.666667,1686.666667,101400,,,
2017-08-23,1686.666667,1690,1670,1673.333333,168900,,,
2017-08-24,1666.666667,1686.666667,1666.666667,1683.333333,102600,,,
2017-08-25,1683.333333,1683.333333,1666.666667,1670,100200,,,
2017-08-28,1666.666667,1686.666667,1665,1686.666667,141900,,,
2017-08-29,1683.333333,1686.666667,1660,1663.333333,214200,,,
2017-08-30,1665,1680,1661.666667,1673.333333,105000,,,
2017-08-31,1670,1676.666667,1666.666667,1670,111900,,,
2017-09-01,1666.666667,1673.333333,1661.666667,1670,131400,,,
2017-09-04,1680,1680,1638.333333,1640,218400,,,
2017-09-05,1650,1650,1626.666667,1626.666667,179400,,,
2017-09-06,1626.666667,1646.666667,1620,1640,168900,,,
2017-09-07,1640,1656.666667,1635,1643.333333,92100,,,
2017-09-08,1633.333333,1636.666667,1618.333333,1621.666667,209700,,,
2017-09-11,1631.666667,1648.333333,1630,1646.666667,123300,,,
2017-09-12,1658.333333,1660,1648.333333,1655,146400,,,
2017-09-13,1651.666667,1658.333333,1645,1648.333333,136200,,,
2017-09-14,1648.333333,1655,1638.333333,1640,134400,,,
2017-09-15,1646.666667,1650,1635,1646.666667,110100,,,
2017-09-19,1618.333333,1636.666667,1585,1623.333333,704400,,,
2017-09-20,1633.333333,1710,1625,1703.333333,439500,,,
2017-09-21,1696.666667,1696.666667,1661.666667,1663.333333,228000,,,
2017-09-22,1666.666667,1676.666667,1660,1670,111000,,,
2017-09-25,1676.666667,1686.666667,1646.666667,1648.333333,303000,,,
2017-09-26,1650,1676.666667,1650,1673.333333,206700,,,
2017-09-27,1665,1665,1638.333333,1648.333333,157200,,,
2017-09-28,1651.666667,1653.333333,1641.666667,1651.666667,66600,,,
2017-09-29,1651.666667,1658.333333,1650,1656.666667,56700,,,
2017-10-02,1656.666667,1661.666667,1641.666667,1646.666667,117900,,,
2017-10-03,1646.666667,1660,1643.333333,1658.333333,90600,,,
2017-10-04,1658.333333,1683.333333,1658.333333,1680,174900,,,
2017-10-05,1683.333333,1703.333333,1680,1686.666667,183300,,,
2017-10-06,1686.666667,1690,1670,1676.666667,82800,,,
2017-10-10,1676.666667,1700,1676.666667,1693.333333,82200,,,
2017-10-11,1700,1710,1693.333333,1703.333333,83400,,,
2017-10-12,1703.333333,1730,1703.333333,1713.333333,173100,,,
2017-10-13,1703.333333,1730,1703.333333,1720,134700,,,
2017-10-16,1726.666667,1740,1723.333333,1730,151800,,,
2017-10-17,1723.333333,1736.666667,1710,1730,112200,,,
2017-10-18,1733.333333,1756.666667,1726.666667,1753.333333,193500,,,
2017-10-19,1750,1756.666667,1713.333333,1720,141600,,,
2017-10-20,1710,1750,1706.666667,1740,187200,,,
2017-10-23,1766.666667,1766.666667,1740,1746.666667,136200,,,
2017-10-24,1746.666667,1763.333333,1743.333333,1743.333333,143100,,,
2017-10-25,1736.666667,1746.666667,1726.666667,1743.333333,143700,,,
2017-10-26,1743.333333,1763.333333,1736.666667,1753.333333,115800,,,
2017-10-27,1763.333333,1776.666667,1750,1770,134700,,,
2017-10-30,1776.666667,1776.666667,1760,1773.333333,139500,,,
2017-10-31,1776.666667,1793.333333,1660,1713.333333,693000,,,
2017-11-01,1700,1730,1700,1726.666667,212100,,,
2017-11-02,1733.333333,1743.333333,1713.333333,1743.333333,99300,,,
2017-11-06,1743.333333,1783.333333,1740,1783.333333,156300,,,
2017-11-07,1783.333333,1783.333333,1753.333333,1766.666667,108300,,,
2017-11-08,1756.666667,1763.333333,1753.333333,1756.666667,67500,,,
2017-11-09,1773.333333,1780,1753.333333,1766.666667,126000,,,
2017-11-10,1746.666667,1760,1726.666667,1760,105300,,,
2017-11-13,1756.666667,1770,1743.333333,1766.666667,64800,,,
2017-11-14,1756.666667,1756.666667,1730,1736.666667,85200,,,
2017-11-15,1743.333333,1743.333333,1706.666667,1713.333333,99600,,,
2017-11-16,1700,1740,1696.666667,1730,92100,,,
2017-11-17,1720,1736.666667,1716.666667,1726.666667,58500,,,
2017-11-20,1723.333333,1733.333333,1703.333333,1726.666667,88500,,,
2017-11-21,1720,1756.666667,1716.666667,1746.666667,110700,,,
2017-11-22,1746.666667,1746.666667,1726.666667,1726.666667,62100,,,
2017-11-24,1726.666667,1746.666667,1720,1740,87300,,,
2017-11-27,1743.333333,1743.333333,1726.666667,1733.333333,62700,,,
2017-11-28,1746.666667,1760,1733.333333,1760,78600,,,
2017-11-29,1760,1783.333333,1760,1783.333333,87300,,,
2017-11-30,1766.666667,1790,1756.666667,1783.333333,114300,,,
2017-12-01,1786.666667,1800,1773.333333,1793.333333,116700,,,
2017-12-04,1800,1806.666667,1780,1783.333333,97200,,,
2017-12-05,1773.333333,1793.333333,1773.333333,1790,98400,,,
2017-12-06,1790,1810,1780,1786.666667,145800,,,
2017-12-07,1786.666667,1813.333333,1786.666667,1806.666667,92100,,,
2017-12-08,1803.333333,1826.666667,1793.333333,1820,141000,,,
2017-12-11,1816.666667,1826.666667,1803.333333,1826.666667,75900,,,
2017-12-12,1826.666667,1840,1810,1813.333333,84300,,,
2017-12-13,1810,1830,1796.666667,1820,101100,,,
2017-12-14,1816.666667,1840,1810,1836.666667,88800,,,
2017-12-15,1653.333333,1686.666667,1643.333333,1673.333333,818400,,,
2017-12-18,1680,1683.333333,1666.666667,1670,408900,,,
2017-12-19,1666.666667,1666.666667,1633.333333,1633.333333,564300,,,
2017-12-20,1636.666667,1640,1630,1630,243000,,,
2017-12-21,1630,1650,1626.666667,1646.666667,243600,,,
2017-12-22,1653.333333,1726.666667,1653.333333,1713.333333,590400,,,
2017-12-25,1690,1710,1683.333333,1703.333333,146700,,,
2017-12-26,1703.333333,1710,1690,1700,153900,,,
2017-12-27,1693.333333,1696.666667,1670,1670,145200,,,
2017-12-28,1673.333333,1683.333333,1658.333333,1676.666667,167700,,,
2017-12-29,1670,1723.333333,1660,1723.333333,281100,,,
2018-01-04,1700,1733.333333,1696.666667,1733.333333,299700,,,
2018-01-05,1733.333333,1743.333333,1716.666667,1730,199500,,,
2018-01-09,1740,1793.333333,1733.333333,1790,363600,,,
2018-01-10,1793.333333,1820,1786.666667,1803.333333,245700,,,
2018-01-11,1783.333333,1783.333333,1760,1770,108000,,,
2018-01-12,1770,1783.333333,1746.666667,1760,138300,,,
2018-01-15,1763.333333,1783.333333,1760,1783.333333,81900,,,
2018-01-16,1783.333333,1793.333333,1770,1790,93600,,,
2018-01-17,1776.666667,1823.333333,1776.666667,1816.666667,181500,,,
2018-01-18,1813.333333,1826.666667,1796.666667,1803.333333,146400,,,
2018-01-19,1786.666667,1833.333333,1786.666667,1816.666667,159000,,,
2018-01-22,1810,1833.333333,1810,1823.333333,166500,,,
2018-01-23,1820,1850,1820,1843.333333,167100,,,
2018-01-24,1830,1856.666667,1830,1853.333333,111600,,,
2018-01-25,1840,1846.666667,1806.666667,1816.666667,74100,,,
2018-01-26,1823.333333,1850,1820,1846.666667,89100,,,
2018-01-29,1843.333333,1843.333333,1820,1830,66300,,,
2018-01-30,1820,1826.666667,1786.666667,1793.333333,153900,,,
2018-01-31,1793.333333,1803.333333,1763.333333,1763.333333,136800,,,
2018-02-01,1766.666667,1796.666667,1763.333333,1793.333333,68100,,,
2018-02-02,1783.333333,1793.333333,1700,1726.666667,399000,,,
2018-02-05,1700,1733.333333,1700,1723.333333,189600,,,
2018-02-06,1690,1696.666667,1641.666667,1661.666667,230100,,,
2018-02-07,1690,1723.333333,1670,1670,145800,,,
2018-02-08,1670,1693.333333,1670,1683.333333,84600,,,
2018-02-09,1666.666667,1710,1653.333333,1710,145200,,,
2018-02-13,1710,1716.666667,1693.333333,1710,120900,,,
2018-02-14,1690,1690,1640,1656.666667,171600,,,
2018-02-15,1656.666667,1658.333333,1636.666667,1640,92700,,,
2018-02-16,1643.333333,1673.333333,1643.333333,1666.666667,59700,,,
2018-02-19,1683.333333,1716.666667,1673.333333,1716.666667,60000,,,
2018-02-20,1716.666667,1726.666667,1703.333333,1723.333333,43500,,,
2018-02-21,1706.666667,1730,1706.666667,1716.666667,43800,,,
2018-02-22,1713.333333,1733.333333,1700,1726.666667,65400,,,
2018-02-23,1720,1736.666667,1713.333333,1723.333333,74400,,,
2018-02-26,1723.333333,1736.666667,1716.666667,1720,85800,,,
2018-02-27,1706.666667,1720,1700,1710,59700,,,
2018-02-28,1696.666667,1726.666667,1696.666667,1710,88500,,,
2018-03-01,1706.666667,1706.666667,1680,1683.333333,67200,,,
2018-03-02,1663.333333,1673.333333,1656.666667,1660,91500,,,
2018-03-05,1658.333333,1683.333333,1653.333333,1676.666667,76500,,,
2018-03-06,1673.333333,1696.666667,1670,1680,66300,,,
2018-03-07,1680,1716.666667,1680,1686.666667,116700,,,
2018-03-08,1690,1696.666667,1676.666667,1683.333333,52800,,,
2018-03-09,1686.666667,1706.666667,1656.666667,1670,153300,,,
2018-03-12,1683.333333,1683.333333,1660,1666.666667,58500,,,
2018-03-13,1660,1676.666667,1660,1673.333333,78300,,,
2018-03-14,1660,1676.666667,1651.666667,1665,126600,,,
2018-03-15,1656.666667,1676.666667,1646.666667,1673.333333,103500,,,
2018-03-16,1673.333333,1706.666667,1670,1680,152700,,,
2018-03-19,1670,1683.333333,1661.666667,1673.333333,90600,,,
2018-03-20,1663.333333,1676.666667,1660,1666.666667,57300,,,
2018-03-22,1661.666667,1710,1651.666667,1706.666667,145800,,,
2018-03-23,1663.333333,1690,1663.333333,1666.666667,104100,,,
2018-03-26,1666.666667,1686.666667,1656.666667,1683.333333,88200,,,
2018-03-27,1673.333333,1713.333333,1673.333333,1710,114000,,,
2018-03-28,1673.333333,1696.666667,1673.333333,1690,63900,,,
2018-03-29,1700,1716.666667,1690,1713.333333,102600,,,
2018-03-30,1710,1723.333333,1703.333333,1713.333333,51900,,,
2018-04-02,1716.666667,1733.333333,1703.333333,1703.333333,77700,,,
2018-04-03,1696.666667,1723.333333,1693.333333,1710,88500,,,
2018-04-04,1696.666667,1743.333333,1696.666667,1740,106800,,,
2018-04-05,1743.333333,1760,1743.333333,1746.666667,92700,,,
2018-04-06,1743.333333,1763.333333,1740,1753.333333,64800,,,
2018-04-09,1753.333333,1766.666667,1746.666667,1766.666667,58800,,,
2018-04-10,1766.666667,1813.333333,1753.333333,1773.333333,108000,,,
2018-04-11,1773.333333,1773.333333,1733.333333,1740,69600,,,
2018-04-12,1750,1753.333333,1733.333333,1750,38700,,,
2018-04-13,1743.333333,1753.333333,1733.333333,1733.333333,58500,,,
2018-04-16,1743.333333,1776.666667,1726.666667,1770,60600,,,
2018-04-17,1756.666667,1783.333333,1756.666667,1766.666667,57000,,,
2018-04-18,1766.666667,1790,1766.666667,1783.333333,70500,,,
2018-04-19,1780,1793.333333,1763.333333,1793.333333,68700,,,
2018-04-20,1776.666667,1793.333333,1773.333333,1780,45000,,,
2018-04-23,1780,1793.333333,1763.333333,1763.333333,31200,,,
2018-04-24,1763.333333,1793.333333,1763.333333,1776.666667,72900,,,
2018-04-25,1760,1790,1760,1783.333333,47400,,,
2018-04-26,1790,1793.333333,1773.333333,1793.333333,58200,,,
2018-04-27,1793.333333,1803.333333,1783.333333,1796.666667,90300,,,
2018-05-01,1806.666667,1813.333333,1793.333333,1810,72600,,,
2018-05-02,1816.666667,1816.666667,1790,1803.333333,69300,,,
2018-05-07,1786.666667,1806.666667,1780,1800,68400,,,
2018-05-08,1800,1803.333333,1780,1793.333333,64200,,,
2018-05-09,1786.666667,1803.333333,1766.666667,1773.333333,69900,,,
2018-05-10,1783.333333,1933.333333,1713.333333,1933.333333,492000,,,
2018-05-11,1923.333333,1923.333333,1840,1893.333333,294300,,,
2018-05-14,1900,1916.666667,1890,1916.666667,165000,,,
2018-05-15,1913.333333,1930,1896.666667,1930,95100,,,
2018-05-16,1930,1933.333333,1906.666667,1920,92700,,,
2018-05-17,1920,1950,1906.666667,1950,125100,,,
2018-05-18,1950,1950,1906.666667,1913.333333,99900,,,
2018-05-21,1926.666667,1943.333333,1920,1926.666667,57300,,,
2018-05-22,1953.333333,1960,1930,1956.666667,105300,,,
2018-05-23,1953.333333,2033.333333,1953.333333,2010,342900,,,
2018-05-24,2013.333333,2050,1986.666667,1993.333333,219600,,,
2018-05-25,1993.333333,1996.666667,1966.666667,1970,73200,,,
2018-05-28,2000,2006.666667,1946.666667,1956.666667,92100,,,
2018-05-29,1956.666667,1993.333333,1953.333333,1986.666667,96900,,,
2018-05-30,1960,1983.333333,1953.333333,1960,48300,,,
2018-05-31,1970,1970,1943.333333,1960,147600,,,
2018-06-01,1956.666667,1963.333333,1936.666667,1953.333333,99300,,,
2018-06-04,1970,1996.666667,1960,1976.666667,91500,,,
2018-06-05,1986.666667,1996.666667,1970,1993.333333,53100,,,
2018-06-06,2000,2003.333333,1960,1993.333333,87600,,,
2018-06-07,2000,2000,1963.333333,1983.333333,43500,,,
2018-06-08,1983.333333,2023.333333,1983.333333,2010,101700,,,
2018-06-11,2010,2033.333333,2003.333333,2030,86700,,,
2018-06-12,2043.333333,2076.666667,2030,2036.666667,137100,,,
2018-06-13,2033.333333,2056.666667,2033.333333,2046.666667,93600,,,
2018-06-14,2046.666667,2053.333333,2040,2046.666667,72300,,,
2018-06-15,2060,2073.333333,2033.333333,2036.666667,90000,,,
2018-06-18,2060,2083.333333,2030,2030,162000,,,
2018-06-19,2020,2043.333333,2003.333333,2016.666667,97500,,,
2018-06-20,2016.666667,2063.333333,2016.666667,2056.666667,83100,,,
2018-06-21,2083.333333,2116.666667,2026.666667,2043.333333,250200,,,
2018-06-22,2056.666667,2086.666667,2020,2043.333333,174000,,,
2018-06-25,2043.333333,2046.666667,1993.333333,2006.666667,92700,,,
2018-06-26,2006.666667,2030,2006.666667,2016.666667,105900,,,
2018-06-27,2010,2023.333333,1993.333333,2013.333333,150300,,,
2018-06-28,1993.333333,2000,1976.666667,1993.333333,141300,,,
2018-06-29,1990,2000,1963.333333,1973.333333,120300,,,
2018-07-02,1970,1970,1873.333333,1876.666667,198900,,,
2018-07-03,1893.333333,1913.333333,1880,1910,160800,,,
2018-07-04,1906.666667,1950,1903.333333,1946.666667,80100,,,
2018-07-05,1946.666667,1950,1910,1920,83700,,,
2018-07-06,1940,1940,1916.666667,1933.333333,65700,,,
2018-07-09,1936.666667,1946.666667,1933.333333,1940,73200,,,
2018-07-10,1950,1950,1876.666667,1876.666667,147600,,,
2018-07-11,1876.666667,1883.333333,1853.333333,1866.666667,82500,,,
2018-07-12,1866.666667,1906.666667,1866.666667,1890,56400,,,
2018-07-13,1896.666667,1946.666667,1890,1940,80400,,,
2018-07-17,1936.666667,1983.333333,1926.666667,1960,68700,,,
2018-07-18,1990,1990,1963.333333,1966.666667,73200,,,
2018-07-19,1963.333333,1963.333333,1936.666667,1940,43800,,,
2018-07-20,1933.333333,1950,1920,1936.666667,36000,,,
2018-07-23,1906.666667,1956.666667,1906.666667,1940,86400,,,
2018-07-24,1923.333333,1936.666667,1896.666667,1900,50700,,,
2018-07-25,1896.666667,1903.333333,1876.666667,1900,54900,,,
2018-07-26,1900,1923.333333,1880,1913.333333,139800,,,
2018-07-27,1906.666667,1933.333333,1900,1933.333333,51300,,,
2018-07-30,1933.333333,1933.333333,1910,1926.666667,54600,,,
2018-07-31,1926.666667,1926.666667,1886.666667,1903.333333,64200,,,
2018-08-01,1900,1900,1866.666667,1873.333333,79800,,,
2018-08-02,1866.666667,1893.333333,1866.666667,1876.666667,109200,,,
2018-08-03,1856.666667,1863.333333,1580,1700,811800,,,
2018-08-06,1703.333333,1720,1620,1623.333333,673200,,,
2018-08-07,1628.333333,1673.333333,1621.666667,1670,247200,,,
2018-08-08,1703.333333,1706.666667,1673.333333,1676.666667,162600,,,
2018-08-09,1683.333333,1710,1665,1696.666667,114600,,,
2018-08-10,1706.666667,1713.333333,1696.666667,1696.666667,91800,,,
2018-08-13,1665,1665,1641.666667,1648.333333,171600,,,
2018-08-14,1670,1676.666667,1655,1673.333333,77700,,,
2018-08-15,1680,1686.666667,1666.666667,1670,66300,,,
2018-08-16,1690,1696.666667,1650,1670,142200,,,
2018-08-17,1680,1686.666667,1661.666667,1665,42300,,,
2018-08-20,1665,1665,1613.333333,1618.333333,174300,,,
2018-08-21,1623.333333,1630,1605,1610,88200,,,
2018-08-22,1610,1618.333333,1595,1613.333333,81600,,,
2018-08-23,1626.666667,1633.333333,1615,1630,95700,,,
2018-08-24,1645,1648.333333,1635,1648.333333,35400,,,
2018-08-27,1651.666667,1660,1641.666667,1650,67200,,,
2018-08-28,1661.666667,1663.333333,1635,1643.333333,79200,,,
2018-08-29,1643.333333,1653.333333,1635,1645,63900,,,
2018-08-30,1661.666667,1661.666667,1640,1645,68700,,,
2018-08-31,1640,1650,1628.333333,1641.666667,84000,,,
2018-09-03,1645,1665,1645,1653.333333,92400,,,
2018-09-04,1650,1650,1631.666667,1638.333333,66900,,,
2018-09-05,1645,1690,1638.333333,1683.333333,183900,,,
2018-09-06,1680,1696.666667,1666.666667,1670,162000,,,
2018-09-07,1666.666667,1670,1658.333333,1666.666667,59400,,,
2018-09-10,1666.666667,1686.666667,1665,1673.333333,97800,,,
2018-09-11,1670,1700,1670,1686.666667,147300,,,
2018-09-12,1696.666667,1700,1665,1670,78900,,,
2018-09-13,1673.333333,1703.333333,1673.333333,1683.333333,72600,,,
2018-09-14,1670,1696.666667,1665,1666.666667,157200,,,
2018-09-18,1673.333333,1696.666667,1656.666667,1690,128100,,,
2018-09-19,1703.333333,1753.333333,1700,1743.333333,125400,,,
2018-09-20,1743.333333,1750,1726.666667,1733.333333,75300,,,
2018-09-21,1756.666667,1756.666667,1736.666667,1756.666667,96600,,,
2018-09-25,1726.666667,1793.333333,1726.666667,1790,257700,,,
2018-09-26,1756.666667,1803.333333,1750,1800,108000,,,
2018-09-27,1783.333333,1786.666667,1763.333333,1763.333333,84300,,,
2018-09-28,1766.666667,1800,1766.666667,1783.333333,81600,,,
2018-10-01,1770,1780,1760,1766.666667,82500,,,
2018-10-02,1766.666667,1776.666667,1743.333333,1743.333333,121500,,,
2018-10-03,1736.666667,1760,1730,1730,84600,,,
2018-10-04,1733.333333,1750,1723.333333,1740,60000,,,
2018-10-05,1733.333333,1760,1723.333333,1753.333333,64800,,,
2018-10-09,1746.666667,1746.666667,1696.666667,1706.666667,120900,,,
2018-10-10,1713.333333,1723.333333,1700,1703.333333,67500,,,
2018-10-11,1680,1680,1656.666667,1666.666667,105000,,,
2018-10-12,1666.666667,1706.666667,1665,1690,89700,,,
2018-10-15,1700,1700,1651.666667,1653.333333,107700,,,
2018-10-16,1650,1658.333333,1638.333333,1655,74700,,,
2018-10-17,1673.333333,1700,1673.333333,1696.666667,62700,,,
2018-10-18,1700,1710,1680,1690,75900,,,
2018-10-19,1673.333333,1683.333333,1658.333333,1666.666667,69600,,,
2018-10-22,1673.333333,1686.666667,1658.333333,1676.666667,39000,,,
2018-10-23,1673.333333,1673.333333,1636.666667,1636.666667,65100,,,
2018-10-24,1653.333333,1655,1631.666667,1648.333333,87000,,,
2018-10-25,1611.666667,1618.333333,1593.333333,1600,160200,,,
2018-10-26,1601.666667,1615,1585,1596.666667,93300,,,
2018-10-29,1601.666667,1618.333333,1583.333333,1585,86400,,,
2018-10-30,1600,1616.666667,1585,1611.666667,114600,,,
2018-10-31,1616.666667,1810,1613.333333,1783.333333,309600,,,
2018-11-01,1793.333333,1880,1726.666667,1843.333333,387000,,,
2018-11-02,1833.333333,1836.666667,1760,1796.666667,183900,,,
2018-11-05,1783.333333,1800,1766.666667,1776.666667,69600,,,
2018-11-06,1783.333333,1790,1773.333333,1783.333333,45300,,,
2018-11-07,1790,1810,1766.666667,1776.666667,91200,,,
2018-11-08,1800,1803.333333,1786.666667,1793.333333,83100,,,
2018-11-09,1796.666667,1816.666667,1796.666667,1803.333333,120300,,,
2018-11-12,1800,1806.666667,1780,1793.333333,66300,,,
2018-11-13,1793.333333,1793.333333,1760,1780,67800,,,
2018-11-14,1780,1800,1753.333333,1756.666667,61200,,,
2018-11-15,1756.666667,1776.666667,1746.666667,1763.333333,49800,,,
2018-11-16,1753.333333,1756.666667,1716.666667,1730,69000,,,
2018-11-19,1736.666667,1756.666667,1720,1746.666667,64800,,,
2018-11-20,1750,1756.666667,1740,1750,26100,,,
2018-11-21,1750,1756.666667,1730,1750,52800,,,
2018-11-22,1753.333333,1793.333333,1750,1793.333333,45900,,,
2018-11-26,1780,1803.333333,1766.666667,1770,57000,,,
2018-11-27,1796.666667,1796.666667,1763.333333,1766.666667,34800,,,
2018-11-28,1783.333333,1796.666667,1770,1776.666667,30900,,,
2018-11-29,1790,1793.333333,1770,1776.666667,33900,,,
2018-11-30,1776.666667,1800,1766.666667,1786.666667,83700,,,
2018-12-03,1803.333333,1860,1803.333333,1840,140400,,,
2018-12-04,1833.333333,1843.333333,1803.333333,1803.333333,70500,,,
2018-12-05,1796.666667,1846.666667,1796.666667,1843.333333,89100,,,
2018-12-06,1830,1830,1790,1790,46200,,,
2018-12-07,1790,1803.333333,1760,1800,69900,,,
2018-12-10,1800,1803.333333,1753.333333,1773.333333,82800,,,
2018-12-11,1783.333333,1783.333333,1720,1726.666667,48000,,,
2018-12-12,1730,1746.666667,1716.666667,1736.666667,74400,,,
2018-12-13,1730,1760,1730,1760,42900,,,
2018-12-14,1743.333333,1743.333333,1713.333333,1716.666667,95400,,,
2018-12-17,1710,1710,1686.666667,1703.333333,45900,,,
2018-12-18,1696.666667,1696.666667,1663.333333,1665,50700,,,
2018-12-19,1666.666667,1683.333333,1656.666667,1660,98100,,,
2018-12-20,1651.666667,1656.666667,1610,1616.666667,84000,,,
2018-12-21,1618.333333,1618.333333,1595,1608.333333,93600,,,
2018-12-25,1570,1578.333333,1513.333333,1530,85800,,,
2018-12-26,1545,1575,1541.666667,1555,88800,,,
2018-12-27,1596.666667,1651.666667,1596.666667,1650,93900,,,
2018-12-28,1650,1653.333333,1625,1651.666667,65700,,,
2019-01-04,1628.333333,1680,1621.666667,1636.666667,84600,,,
2019-01-07,1651.666667,1670,1631.666667,1648.333333,95100,,,
2019-01-08,1635,1655,1616.666667,1626.666667,87300,,,
2019-01-09,1626.666667,1656.666667,1626.666667,1646.666667,54900,,,
2019-01-10,1638.333333,1650,1610,1636.666667,59700,,,
2019-01-11,1643.333333,1643.333333,1613.333333,1613.333333,42300,,,
2019-01-15,1613.333333,1648.333333,1608.333333,1633.333333,77100,,,
2019-01-16,1633.333333,1646.666667,1625,1626.666667,34500,,,
2019-01-17,1621.666667,1631.666667,1598.333333,1620,58500,,,
2019-01-18,1608.333333,1631.666667,1608.333333,1623.333333,57600,,,
2019-01-21,1633.333333,1656.666667,1620,1645,67200,,,
2019-01-22,1633.333333,1651.666667,1623.333333,1628.333333,43800,,,
2019-01-23,1620,1648.333333,1611.666667,1636.666667,59100,,,
2019-01-24,1636.666667,1661.666667,1628.333333,1651.666667,57600,,,
2019-01-25,1645,1656.666667,1633.333333,1633.333333,31500,,,
2019-01-28,1633.333333,1646.666667,1615,1633.333333,83400,,,
2019-01-29,1635,1646.666667,1623.333333,1640,43800,,,
2019-01-30,1650,1660,1636.666667,1641.666667,71100,,,
2019-01-31,1665,1673.333333,1641.666667,1645,64800,,,
2019-02-01,1648.333333,1720,1635,1696.666667,138000,,,
2019-02-04,1710,1710,1676.666667,1683.333333,71400,,,
2019-02-05,1706.666667,1726.666667,1693.333333,1716.666667,127500,,,
2019-02-06,1716.666667,1723.333333,1710,1720,80400,,,
2019-02-07,1726.666667,1726.666667,1706.666667,1716.666667,61500,,,
2019-02-08,1706.666667,1713.333333,1673.333333,1676.666667,61500,,,
2019-02-12,1680,1693.333333,1673.333333,1693.333333,40500,,,
2019-02-13,1713.333333,1720,1700,1713.333333,44700,,,
2019-02-14,1713.333333,1723.333333,1703.333333,1716.666667,58200,,,
2019-02-15,1700,1720,1690,1713.333333,44100,,,
2019-02-18,1726.666667,1740,1720,1730,53100,,,
2019-02-19,1723.333333,1743.333333,1723.333333,1730,38700,,,
2019-02-20,1726.666667,1750,1726.666667,1740,30000,,,
2019-02-21,1750,1786.666667,1740,1786.666667,97500,,,
2019-02-22,1783.333333,1783.333333,1760,1770,45000,,,
2019-02-25,1763.333333,1766.666667,1750,1763.333333,37500,,,
2019-02-26,1766.666667,1773.333333,1750,1766.666667,30900,,,
2019-02-27,1763.333333,1770,1746.666667,1760,30000,,,
2019-02-28,1770,1780,1760,1780,36000,,,
2019-03-01,1776.666667,1800,1776.666667,1800,38700,,,
2019-03-04,1806.666667,1806.666667,1790,1800,28200,,,
2019-03-05,1800,1826.666667,1796.666667,1820,98400,,,
2019-03-06,1806.666667,1826.666667,1803.333333,1813.333333,49800,,,
2019-03-07,1813.333333,1843.333333,1810,1826.666667,90600,,,
2019-03-08,1833.333333,1850,1820,1846.666667,102000,,,
2019-03-11,1843.333333,1843.333333,1823.333333,1840,60300,,,
2019-03-12,1836.666667,1856.666667,1833.333333,1856.666667,60900,,,
2019-03-13,1856.666667,1860,1830,1830,30900,,,
2019-03-14,1850,1850,1810,1840,42000,,,
2019-03-15,1846.666667,1863.333333,1836.666667,1863.333333,69900,,,
2019-03-18,1820,1840,1820,1833.333333,67800,,,
2019-03-19,1826.666667,1830,1763.333333,1783.333333,81900,,,
2019-03-20,1776.666667,1810,1776.666667,1810,46200,,,
2019-03-22,1810,1823.333333,1806.666667,1813.333333,45900,,,
2019-03-25,1786.666667,1790,1773.333333,1790,48000,,,
2019-03-26,1793.333333,1840,1793.333333,1840,120900,,,
2019-03-27,1836.666667,1836.666667,1790,1806.666667,61800,,,
2019-03-28,1800,1800,1750,1756.666667,59400,,,
2019-03-29,1770,1783.333333,1766.666667,1770,31800,,,
2019-04-01,1796.666667,1803.333333,1776.666667,1783.333333,57600,,,
2019-04-02,1800,1800,1743.333333,1753.333333,37200,,,
2019-04-03,1733.333333,1743.333333,1710,1743.333333,81600,,,
2019-04-04,1733.333333,1756.666667,1733.333333,1733.333333,49800,,,
2019-04-05,1743.333333,1746.666667,1723.333333,1726.666667,34800,,,
2019-04-08,1733.333333,1750,1733.333333,1746.666667,28800,,,
2019-04-09,1750,1756.666667,1740,1750,55200,,,
2019-04-10,1750,1753.333333,1746.666667,1746.666667,11700,,,
2019-04-11,1746.666667,1756.666667,1736.666667,1746.666667,30300,,,
2019-04-12,1760,1760,1716.666667,1716.666667,54000,,,
2019-04-15,1740,1750,1726.666667,1740,48600,,,
2019-04-16,1736.666667,1743.333333,1730,1733.333333,13800,,,
2019-04-17,1730,1730,1683.333333,1693.333333,60900,,,
2019-04-18,1693.333333,1693.333333,1666.666667,1673.333333,49500,,,
2019-04-19,1676.666667,1706.666667,1676.666667,1703.333333,30300,,,
2019-04-22,1703.333333,1720,1696.666667,1716.666667,23400,,,
2019-04-23,1720,1750,1720,1740,33300,,,
2019-04-24,1736.666667,1750,1716.666667,1720,35700,,,
2019-04-25,1740,1753.333333,1733.333333,1746.666667,36000,,,
2019-04-26,1746.666667,1746.666667,1736.666667,1740,34500,,,
2019-05-07,1750,1776.666667,1740,1750,43200,,,
2019-05-08,1740,1743.333333,1690,1700,53400,,,
2019-05-09,1683.333333,1683.333333,1631.666667,1633.333333,76500,,,
2019-05-10,1633.333333,1656.666667,1626.666667,1633.333333,89400,,,
2019-05-13,1600,1601.666667,1506.666667,1516.666667,248700,,,
2019-05-14,1516.666667,1540,1501.666667,1538.333333,125700,,,
2019-05-15,1543.333333,1561.666667,1536.666667,1558.333333,49500,,,
2019-05-16,1573.333333,1588.333333,1566.666667,1583.333333,51300,,,
2019-05-17,1600,1618.333333,1600,1608.333333,41700,,,
2019-05-20,1620,1626.666667,1610,1610,30000,,,
2019-05-21,1633.333333,1633.333333,1600,1606.666667,34800,,,
2019-05-22,1608.333333,1608.333333,1566.666667,1566.666667,43800,,,
2019-05-23,1568.333333,1576.666667,1541.666667,1558.333333,84900,,,
2019-05-24,1556.666667,1605,1555,1600,83700,,,
2019-05-27,1615,1615,1605,1605,37200,,,
2019-05-28,1605,1610,1578.333333,1578.333333,89700,,,
2019-05-29,1575,1590,1561.666667,1581.666667,45300,,,
2019-05-30,1583.333333,1606.666667,1576.666667,1600,54600,,,
2019-05-31,1605,1606.666667,1595,1601.666667,49500,,,
2019-06-03,1578.333333,1598.333333,1570,1590,61800,,,
2019-06-04,1593.333333,1606.666667,1586.666667,1605,50400,,,
2019-06-05,1608.333333,1646.666667,1608.333333,1645,92400,,,
2019-06-06,1635,1636.666667,1630,1633.333333,32700,,,
2019-06-07,1633.333333,1641.666667,1630,1636.666667,40500,,,
2019-06-10,1638.333333,1661.666667,1638.333333,1656.666667,70200,,,
2019-06-11,1656.666667,1676.666667,1656.666667,1666.666667,58500,,,
2019-06-12,1666.666667,1673.333333,1650,1650,45300,,,
2019-06-13,1641.666667,1641.666667,1598.333333,1610,87300,,,
2019-06-14,1608.333333,1608.333333,1585,1593.333333,57000,,,
2019-06-17,1583.333333,1603.333333,1583.333333,1598.333333,74400,,,
2019-06-18,1603.333333,1611.666667,1593.333333,1593.333333,58200,,,
2019-06-19,1590,1611.666667,1590,1608.333333,68700,,,
2019-06-20,1603.333333,1633.333333,1603.333333,1628.333333,44700,,,
2019-06-21,1626.666667,1653.333333,1613.333333,1650,91800,,,
2019-06-24,1658.333333,1658.333333,1620,1625,39300,,,
2019-06-25,1623.333333,1641.666667,1621.666667,1633.333333,36600,,,
2019-06-26,1633.333333,1638.333333,1606.666667,1606.666667,55500,,,
2019-06-27,1616.666667,1628.333333,1605,1623.333333,32700,,,
2019-06-28,1620,1621.666667,1603.333333,1606.666667,65700,,,
2019-07-01,1630,1640,1625,1640,66300,,,
2019-07-02,1648.333333,1666.666667,1648.333333,1655,48000,,,
2019-07-03,1653.333333,1663.333333,1643.333333,1655,17100,,,
2019-07-04,1655,1676.666667,1655,1673.333333,83400,,,
2019-07-05,1676.666667,1700,1670,1696.666667,66600,,,
2019-07-08,1696.666667,1713.333333,1670,1670,91800,,,
2019-07-09,1673.333333,1690,1656.666667,1661.666667,34800,,,
2019-07-10,1641.666667,1665,1641.666667,1661.666667,47100,,,
2019-07-11,1670,1686.666667,1670,1680,22200,,,
2019-07-12,1686.666667,1686.666667,1661.666667,1661.666667,29100,,,
2019-07-16,1653.333333,1673.333333,1653.333333,1666.666667,36900,,,
2019-07-17,1663.333333,1676.666667,1658.333333,1666.666667,27300,,,
2019-07-18,1665,1673.333333,1623.333333,1625,84300,,,
2019-07-19,1633.333333,1680,1633.333333,1680,49800,,,
2019-07-22,1683.333333,1683.333333,1656.666667,1656.666667,31800,,,
2019-07-23,1670,1676.666667,1658.333333,1663.333333,29700,,,
2019-07-24,1666.666667,1670,1660,1663.333333,37500,,,
2019-07-25,1665,1670,1665,1665,17400,,,
2019-07-26,1665,1676.666667,1665,1670,30000,,,
2019-07-29,1683.333333,1686.666667,1670,1676.666667,21000,,,
2019-07-30,1680,1700,1680,1700,55500,,,
2019-07-31,1710,1713.333333,1690,1696.666667,75000,,,
2019-08-01,1683.333333,1703.333333,1683.333333,1703.333333,16200,,,
2019-08-02,1693.333333,1693.333333,1570,1576.666667,204600,,,
2019-08-05,1580,1583.333333,1546.666667,1551.666667,118500,,,
2019-08-06,1531.666667,1576.666667,1508.333333,1576.666667,83400,,,
2019-08-07,1595,1596.666667,1563.333333,1570,78600,,,
2019-08-08,1570,1583.333333,1560,1565,40200,,,
2019-08-09,1571.666667,1585,1565,1571.666667,28500,,,
2019-08-13,1565,1570,1540,1543.333333,70500,,,
2019-08-14,1555,1563.333333,1545,1556.666667,38400,,,
2019-08-15,1518.333333,1540,1518.333333,1540,30300,,,
2019-08-16,1536.666667,1543.333333,1531.666667,1536.666667,37800,,,
2019-08-19,1536.666667,1546.666667,1531.666667,1543.333333,30900,,,
2019-08-20,1543.333333,1561.666667,1543.333333,1560,22200,,,
2019-08-21,1540,1546.666667,1533.333333,1536.666667,28200,,,
2019-08-22,1550,1560,1538.333333,1560,39300,,,
2019-08-23,1555,1571.666667,1550,1563.333333,25500,,,
2019-08-26,1550,1553.333333,1536.666667,1538.333333,63600,,,
2019-08-27,1561.666667,1561.666667,1541.666667,1546.666667,44100,,,
2019-08-28,1550,1550,1538.333333,1546.666667,44100,,,
2019-08-29,1556.666667,1565,1545,1563.333333,24300,,,
2019-08-30,1560,1570,1555,1563.333333,55500,,,
2019-09-02,1568.333333,1568.333333,1541.666667,1541.666667,27300,,,
2019-09-03,1553.333333,1570,1541.666667,1570,38700,,,
2019-09-04,1560,1566.666667,1551.666667,1551.666667,34200,,,
2019-09-05,1555,1575,1553.333333,1556.666667,49200,,,
2019-09-06,1566.666667,1570,1556.666667,1556.666667,41700,,,
2019-09-09,1558.333333,1570,1555,1570,54900,,,
2019-09-10,1565,1581.666667,1560,1580,62700,,,
2019-09-11,1580,1598.333333,1568.333333,1588.333333,97800,,,
2019-09-12,1590,1610,1586.666667,1588.333333,74400,,,
2019-09-13,1598.333333,1603.333333,1586.666667,1598.333333,103200,,,
2019-09-17,1596.666667,1603.333333,1593.333333,1596.666667,66300,,,
2019-09-18,1603.333333,1605,1588.333333,1593.333333,61800,,,
2019-09-19,1591.666667,1610,1591.666667,1610,78300,,,
2019-09-20,1620,1653.333333,1616.666667,1636.666667,98100,,,
2019-09-24,1630,1658.333333,1625,1643.333333,82800,,,
2019-09-25,1643.333333,1651.666667,1628.333333,1643.333333,67500,,,
2019-09-26,1663.333333,1680,1645,1645,263400,,,
2019-09-27,1646.666667,1650,1603.333333,1611.666667,96000,,,
2019-09-30,1593.333333,1595,1580,1585,57900,,,
2019-10-01,1585,1625,1585,1611.666667,49800,,,
2019-10-02,1618.333333,1630,1611.666667,1611.666667,38100,,,
2019-10-03,1586.666667,1588.333333,1571.666667,1581.666667,53100,,,
2019-10-04,1568.333333,1596.666667,1566.666667,1595,51000,,,
2019-10-07,1595,1601.666667,1583.333333,1590,30900,,,
2019-10-08,1590,1600,1578.333333,1598.333333,74400,,,
2019-10-09,1598.333333,1635,1591.666667,1635,75600,,,
2019-10-10,1631.666667,1648.333333,1600,1603.333333,55200,,,
2019-10-11,1616.666667,1618.333333,1590,1605,39300,,,
2019-10-15,1628.333333,1628.333333,1603.333333,1620,64500,,,
2019-10-16,1626.666667,1638.333333,1615,1625,72000,,,
2019-10-17,1618.333333,1625,1603.333333,1605,40800,,,
2019-10-18,1605,1618.333333,1590,1596.666667,43200,,,
2019-10-21,1596.666667,1600,1588.333333,1588.333333,25200,,,
2019-10-23,1588.333333,1596.666667,1578.333333,1596.666667,41100,,,
2019-10-24,1596.666667,1598.333333,1580,1586.666667,53400,,,
2019-10-25,1586.666667,1595,1575,1593.333333,69000,,,
2019-10-28,1593.333333,1611.666667,1581.666667,1598.333333,76500,,,
2019-10-29,1611.666667,1628.333333,1605,1611.666667,73500,,,
2019-10-30,1618.333333,1650,1600,1641.666667,175500,,,
2019-10-31,1645,1650,1621.666667,1625,75600,,,
2019-11-01,1616.666667,1655,1616.666667,1633.333333,65100,,,
2019-11-05,1633.333333,1686.666667,1633.333333,1683.333333,137400,,,
2019-11-06,1680,1680,1663.333333,1680,42000,,,
2019-11-07,1680,1696.666667,1666.666667,1693.333333,73500,,,
2019-11-08,1700,1716.666667,1693.333333,1700,73800,,,
2019-11-11,1700,1710,1690,1710,54600,,,
2019-11-12,1706.666667,1706.666667,1680,1700,36300,,,
2019-11-13,1686.666667,1693.333333,1676.666667,1680,50700,,,
2019-11-14,1680,1686.666667,1665,1670,32100,,,
2019-11-15,1683.333333,1696.666667,1680,1690,24000,,,
2019-11-18,1693.333333,1693.333333,1670,1683.333333,37200,,,
2019-11-19,1683.333333,1686.666667,1673.333333,1686.666667,26700,,,
2019-11-20,1686.666667,1686.666667,1673.333333,1680,20100,,,
2019-11-21,1680,1706.666667,1666.666667,1700,44100,,,
2019-11-22,1683.333333,1693.333333,1676.666667,1676.666667,30000,,,
2019-11-25,1676.666667,1686.666667,1670,1686.666667,22800,,,
2019-11-26,1686.666667,1696.666667,1673.333333,1683.333333,51000,,,
2019-11-27,1696.666667,1700,1683.333333,1686.666667,17100,,,
2019-11-28,1683.333333,1686.666667,1670,1670,15900,,,
2019-11-29,1680,1680,1663.333333,1676.666667,31200,,,
2019-12-02,1686.666667,1686.666667,1666.666667,1676.666667,23400,,,
2019-12-03,1666.666667,1670,1658.333333,1663.333333,24900,,,
2019-12-04,1650,1673.333333,1646.666667,1666.666667,23100,,,
2019-12-05,1660,1670,1655,1670,20100,,,
2019-12-06,1665,1673.333333,1665,1666.666667,21000,,,
2019-12-09,1670,1673.333333,1666.666667,1673.333333,20100,,,
2019-12-10,1673.333333,1690,1670,1680,52500,,,
2019-12-11,1676.666667,1676.666667,1663.333333,1666.666667,21000,,,
2019-12-12,1676.666667,1676.666667,1655,1660,22800,,,
2019-12-13,1658.333333,1670,1656.666667,1660,56400,,,
2019-12-16,1661.666667,1666.666667,1653.333333,1653.333333,25500,,,
2019-12-17,1653.333333,1655,1641.666667,1655,43800,,,
2019-12-18,1655,1655,1638.333333,1648.333333,39900,,,
2019-12-19,1640,1641.666667,1628.333333,1628.333333,33600,,,
2019-12-20,1638.333333,1653.333333,1626.666667,1650,49200,,,
2019-12-23,1666.666667,1683.333333,1660,1683.333333,82200,,,
2019-12-24,1670,1683.333333,1663.333333,1683.333333,40500,,,
2019-12-25,1666.666667,1683.333333,1666.666667,1673.333333,23100,,,
2019-12-26,1673.333333,1686.666667,1666.666667,1680,58800,,,
2019-12-27,1680,1690,1680,1690,16500,,,
2019-12-30,1673.333333,1676.666667,1661.666667,1661.666667,26100,,,
2020-01-06,1640,1646.666667,1623.333333,1626.666667,49800,,,
2020-01-07,1650,1686.666667,1646.666667,1683.333333,75300,,,
2020-01-08,1655,1693.333333,1650,1676.666667,59100,,,
2020-01-09,1676.666667,1693.333333,1676.666667,1676.666667,40200,,,
2020-01-10,1676.666667,1690,1673.333333,1676.666667,12300,,,
2020-01-14,1673.333333,1673.333333,1660,1673.333333,56400,,,
2020-01-15,1673.333333,1676.666667,1663.333333,1676.666667,39600,,,
2020-01-16,1676.666667,1676.666667,1650,1650,76200,,,
2020-01-17,1650,1661.666667,1646.666667,1651.666667,34200,,,
2020-01-20,1646.666667,1658.333333,1645,1646.666667,22200,,,
2020-01-21,1646.666667,1660,1641.666667,1648.333333,30000,,,
2020-01-22,1648.333333,1666.666667,1648.333333,1658.333333,28500,,,
2020-01-23,1648.333333,1660,1643.333333,1655,33000,,,
2020-01-24,1651.666667,1658.333333,1646.666667,1650,21900,,,
2020-01-27,1650,1650,1636.666667,1641.666667,46500,,,
2020-01-28,1636.666667,1643.333333,1620,1633.333333,38400,,,
2020-01-29,1633.333333,1643.333333,1626.666667,1633.333333,41100,,,
2020-01-30,1636.666667,1636.666667,1605,1613.333333,47400,,,
2020-01-31,1630,1641.666667,1625,1626.666667,102300,,,
2020-02-03,1631.666667,1658.333333,1630,1655,46200,,,
2020-02-04,1650,1680,1638.333333,1676.666667,55800,,,
2020-02-05,1676.666667,1693.333333,1626.666667,1686.666667,116400,,,
2020-02-06,1686.666667,1706.666667,1686.666667,1703.333333,96000,,,
2020-02-07,1703.333333,1750,1703.333333,1703.333333,66300,,,
2020-02-10,1703.333333,1710,1666.666667,1676.666667,36000,,,
2020-02-12,1661.666667,1676.666667,1646.666667,1648.333333,46800,,,
2020-02-13,1648.333333,1648.333333,1630,1633.333333,44400,,,
2020-02-14,1633.333333,1635,1613.333333,1625,61800,,,
2020-02-17,1625,1626.666667,1600,1608.333333,27900,,,
2020-02-18,1611.666667,1611.666667,1586.666667,1590,44700,,,
2020-02-19,1590,1611.666667,1590,1600,39000,,,
2020-02-20,1601.666667,1613.333333,1591.666667,1591.666667,24900,,,
2020-02-21,1583.333333,1595,1576.666667,1590,35700,,,
2020-02-25,1566.666667,1566.666667,1520,1520,116400,,,
2020-02-26,1513.333333,1533.333333,1501.666667,1533.333333,78300,,,
2020-02-27,1541.666667,1541.666667,1503.333333,1503.333333,69300,,,
2020-02-28,1500,1500,1446.666667,1458.333333,144000,,,
2020-03-02,1458.333333,1505,1436.666667,1501.666667,94800,,,
2020-03-03,1531.666667,1531.666667,1458.333333,1463.333333,83400,,,
2020-03-04,1436.666667,1453.333333,1430,1440,69900,,,
2020-03-05,1463.333333,1468.333333,1446.666667,1451.666667,45900,,,
2020-03-06,1440,1443.333333,1431.666667,1438.333333,85500,,,
2020-03-09,1433.333333,1433.333333,1393.333333,1420,104100,,,
2020-03-10,1413.333333,1483.333333,1380,1480,135000,,,
2020-03-11,1480,1510,1476.666667,1481.666667,102000,,,
2020-03-12,1475,1475,1398.333333,1425,86100,,,
2020-03-13,1368.333333,1371.666667,1303.333333,1346.666667,133800,,,
2020-03-16,1353.333333,1383.333333,1335,1335,84000,,,
2020-03-17,1306.666667,1418.333333,1300,1406.666667,204300,,,
2020-03-18,1410,1490,1410,1435,147000,,,
2020-03-19,1418.333333,1498.333333,1418.333333,1475,150900,,,
2020-03-23,1498.333333,1508.333333,1418.333333,1460,138000,,,
2020-03-24,1460,1478.333333,1408.333333,1443.333333,153300,,,
2020-03-25,1466.666667,1535,1458.333333,1535,132900,,,
2020-03-26,1535,1623.333333,1490,1605,162300,,,
2020-03-27,1630,1663.333333,1618.333333,1663.333333,186900,,,
2020-03-30,1646.666667,1670,1601.666667,1670,152400,,,
2020-03-31,1650,1670,1620,1648.333333,101400,,,
2020-04-01,1636.666667,1638.333333,1585,1590,122700,,,
2020-04-02,1583.333333,1616.666667,1565,1593.333333,106200,,,
2020-04-03,1570,1610,1563.333333,1581.666667,106200,,,
2020-04-06,1580,1626.666667,1556.666667,1625,101400,,,
2020-04-07,1648.333333,1673.333333,1626.666667,1663.333333,86700,,,
2020-04-08,1663.333333,1666.666667,1626.666667,1646.666667,117300,,,
2020-04-09,1663.333333,1680,1631.666667,1661.666667,95400,,,
2020-04-10,1665,1700,1643.333333,1696.666667,84600,,,
2020-04-13,1690,1706.666667,1665,1696.666667,41100,,,
2020-04-14,1686.666667,1716.666667,1683.333333,1713.333333,76500,,,
2020-04-15,1710,1716.666667,1676.666667,1690,66000,,,
2020-04-16,1690,1716.666667,1673.333333,1716.666667,77700,,,
2020-04-17,1716.666667,1716.666667,1676.666667,1696.666667,63300,,,
2020-04-20,1693.333333,1713.333333,1690,1710,41100,,,
2020-04-21,1703.333333,1716.666667,1673.333333,1716.666667,42300,,,
2020-04-22,1716.666667,1716.666667,1683.333333,1696.666667,66900,,,
2020-04-23,1696.666667,1726.666667,1696.666667,1726.666667,46800,,,
2020-04-24,1730,1733.333333,1713.333333,1733.333333,66300,,,
2020-04-27,1736.666667,1750,1726.666667,1750,57000,,,
2020-04-28,1750,1756.666667,1723.333333,1746.666667,53700,,,
2020-04-30,1760,1770,1720,1723.333333,100500,,,
2020-05-01,1723.333333,1723.333333,1693.333333,1716.666667,63300,,,
2020-05-07,1710,1710,1686.666667,1700,82800,,,
2020-05-08,1716.666667,1720,1683.333333,1710,49800,,,
2020-05-11,1710,1736.666667,1663.333333,1700,120900,,,
2020-05-12,1703.333333,1730,1703.333333,1713.333333,50400,,,
2020-05-13,1713.333333,1753.333333,1700,1753.333333,68400,,,
2020-05-14,1760,1776.666667,1753.333333,1753.333333,79200,,,
2020-05-15,1766.666667,1780,1733.333333,1780,66300,,,
2020-05-18,1780,1780,1760,1770,73500,,,
2020-05-19,1783.333333,1790,1770,1780,44100,,,
2020-05-20,1773.333333,1773.333333,1736.666667,1746.666667,66900,,,
2020-05-21,1730,1743.333333,1716.666667,1743.333333,38700,,,
2020-05-22,1740,1750,1720,1746.666667,34200,,,
2020-05-25,1750,1760,1733.333333,1756.666667,36000,,,
2020-05-26,1756.666667,1770,1740,1770,54900,,,
2020-05-27,1770,1783.333333,1750,1760,99000,,,
2020-05-28,1760,1760,1726.666667,1756.666667,97800,,,
2020-05-29,1756.666667,1806.666667,1756.666667,1806.666667,160200,,,
2020-06-01,1813.333333,1813.333333,1780,1790,26700,,,
2020-06-02,1803.333333,1840,1786.666667,1840,86700,,,
2020-06-03,1840,1843.333333,1783.333333,1800,83100,,,
2020-06-04,1820,1820,1790,1816.666667,51300,,,
2020-06-05,1816.666667,1816.666667,1783.333333,1786.666667,37800,,,
2020-06-08,1786.666667,1786.666667,1753.333333,1773.333333,62100,,,
2020-06-09,1773.333333,1786.666667,1756.666667,1783.333333,58800,,,
2020-06-10,1773.333333,1786.666667,1766.666667,1776.666667,37500,,,
2020-06-11,1770,1780,1733.333333,1740,54600,,,
2020-06-12,1713.333333,1733.333333,1696.666667,1723.333333,124200,,,
2020-06-15,1700,1730,1700,1706.666667,47400,,,
2020-06-16,1713.333333,1726.666667,1690,1726.666667,69600,,,
2020-06-17,1720,1763.333333,1713.333333,1750,58200,,,
2020-06-18,1756.666667,1756.666667,1726.666667,1753.333333,47100,,,
2020-06-19,1753.333333,1753.333333,1720,1743.333333,60900,,,
2020-06-22,1726.666667,1740,1706.666667,1720,36300,,,
2020-06-23,1723.333333,1723.333333,1686.666667,1706.666667,73800,,,
2020-06-24,1696.666667,1696.666667,1670,1676.666667,48600,,,
2020-06-25,1666.666667,1700,1666.666667,1686.666667,59100,,,
2020-06-26,1696.666667,1710,1686.666667,1710,65700,,,
2020-06-29,1703.333333,1726.666667,1690,1726.666667,61200,,,
2020-06-30,1740,1740,1716.666667,1726.666667,54900,,,
2020-07-01,1716.666667,1730,1676.666667,1683.333333,73200,,,
2020-07-02,1693.333333,1703.333333,1683.333333,1690,62400,,,
2020-07-03,1670,1706.666667,1670,1696.666667,31500,,,
2020-07-06,1700,1730,1700,1720,45000,,,
2020-07-07,1713.333333,1730,1706.666667,1730,34500,,,
2020-07-08,1730,1760,1720,1720,110400,,,
2020-07-09,1720,1740,1713.333333,1730,39000,,,
2020-07-10,1720,1726.666667,1706.666667,1713.333333,58200,,,
2020-07-13,1730,1790,1716.666667,1786.666667,93300,,,
2020-07-14,1786.666667,1800,1776.666667,1786.666667,39000,,,
2020-07-15,1786.666667,1810,1786.666667,1806.666667,61800,,,
2020-07-16,1806.666667,1806.666667,1780,1790,23400,,,
2020-07-17,1800,1800,1773.333333,1786.666667,29100,,,
2020-07-20,1813.333333,1813.333333,1770,1793.333333,36900,,,
2020-07-21,1793.333333,1856.666667,1790,1850,99300,,,
2020-07-22,1833.333333,1840,1816.666667,1816.666667,39300,,,
2020-07-27,1816.666667,1860,1813.333333,1850,77700,,,
2020-07-28,1850,1853.333333,1820,1830,35100,,,
2020-07-29,1826.666667,1833.333333,1803.333333,1816.666667,31500,,,
2020-07-30,1810,1816.666667,1796.666667,1796.666667,13500,,,
2020-07-31,1806.666667,1806.666667,1753.333333,1756.666667,50100,,,
2020-08-03,1776.666667,1793.333333,1766.666667,1793.333333,33600,,,
2020-08-04,1803.333333,1830,1800,1826.666667,31500,,,
2020-08-05,1793.333333,1816.666667,1793.333333,1796.666667,43800,,,
2020-08-06,1816.666667,1896.666667,1806.666667,1896.666667,125700,,,
2020-08-07,1906.666667,1963.333333,1756.666667,1783.333333,291900,,,
2020-08-11,1840,1850,1716.666667,1793.333333,183900,,,
2020-08-12,1793.333333,1860,1790,1843.333333,87000,,,
2020-08-13,1860,1860,1836.666667,1853.333333,46500,,,
2020-08-14,1863.333333,1863.333333,1833.333333,1833.333333,41400,,,
2020-08-17,1850,1850,1800,1800,34200,,,
2020-08-18,1800,1836.666667,1800,1820,40500,,,
2020-08-19,1833.333333,1836.666667,1816.666667,1830,24000,,,
2020-08-20,1813.333333,1826.666667,1773.333333,1773.333333,63900,,,
2020-08-21,1783.333333,1813.333333,1783.333333,1810,29100,,,
2020-08-24,1810,1810,1773.333333,1773.333333,40800,,,
2020-08-25,1776.666667,1783.333333,1753.333333,1763.333333,62700,,,
2020-08-26,1763.333333,1783.333333,1740,1783.333333,56700,,,
2020-08-27,1756.666667,1760,1743.333333,1743.333333,43800,,,
2020-08-28,1750,1756.666667,1710,1733.333333,95400,,,
2020-08-31,1760,1763.333333,1740,1753.333333,50400,,,
2020-09-01,1750,1753.333333,1723.333333,1723.333333,47700,,,
2020-09-02,1740,1750,1716.666667,1750,27600,,,
2020-09-03,1743.333333,1746.666667,1716.666667,1720,60000,,,
2020-09-04,1700,1733.333333,1700,1710,67800,,,
2020-09-07,1713.333333,1720,1693.333333,1703.333333,48600,,,
2020-09-08,1703.333333,1736.666667,1703.333333,1736.666667,30000,,,
2020-09-09,1733.333333,1746.666667,1713.333333,1743.333333,66600,,,
2020-09-10,1753.333333,1766.666667,1746.666667,1760,40800,,,
2020-09-11,1773.333333,1776.666667,1760,1766.666667,61200,,,
2020-09-14,1780,1783.333333,1770,1773.333333,39600,,,
2020-09-15,1783.333333,1783.333333,1746.666667,1750,26700,,,
2020-09-16,1763.333333,1783.333333,1763.333333,1776.666667,39900,,,
2020-09-17,1776.666667,1786.666667,1766.666667,1786.666667,47700,,,
2020-09-18,1790,1810,1783.333333,1786.666667,79500,,,
2020-09-23,1786.666667,1806.666667,1780,1793.333333,51900,,,
2020-09-24,1806.666667,1820,1773.333333,1796.666667,110100,,,
2020-09-25,1806.666667,1840,1806.666667,1820,109800,,,
2020-09-28,1833.333333,1870,1830,1870,252000,,,
2020-09-29,1840,1873.333333,1803.333333,1850,130800,,,
2020-09-30,1850,1850,1793.333333,1800,65100,,,
2020-10-01,#VALUE!,#VALUE!,#VALUE!,#VALUE!,0,,,
2020-10-02,1820,1820,1773.333333,1773.333333,48600,,,
2020-10-05,1793.333333,1826.666667,1790,1803.333333,48300,,,
2020-10-06,1800,1816.666667,1773.333333,1776.666667,42300,,,
2020-10-07,1760,1760,1740,1740,77400,,,
2020-10-08,1743.333333,1766.666667,1740,1756.666667,58800,,,
2020-10-09,1763.333333,1763.333333,1736.666667,1760,35400,,,
2020-10-12,1760,1770,1743.333333,1746.666667,22500,,,
2020-10-13,1753.333333,1760,1740,1753.333333,26400,,,
2020-10-14,1753.333333,1763.333333,1740,1740,37200,,,
2020-10-15,1733.333333,1740,1706.666667,1720,34800,,,
2020-10-16,1703.333333,1720,1700,1713.333333,38700,,,
2020-10-19,1713.333333,1740,1713.333333,1730,39600,,,
2020-10-20,1730,1740,1693.333333,1700,51000,,,
2020-10-21,1706.666667,1726.666667,1700,1703.333333,36000,,,
2020-10-22,1710,1710,1676.666667,1686.666667,61200,,,
2020-10-23,1686.666667,1693.333333,1673.333333,1686.666667,36300,,,
2020-10-26,1686.666667,1703.333333,1680,1686.666667,40500,,,
2020-10-27,1670,1716.666667,1663.333333,1700,46200,,,
2020-10-28,1670,1700,1670,1700,41100,,,
2020-10-29,1680,1690,1661.666667,1665,73200,,,
2020-10-30,1665,1666.666667,1556.666667,1576.666667,210000,,,
2020-11-02,1606.666667,1635,1595,1615,84600,,,
2020-11-04,1605,1618.333333,1588.333333,1590,112200,,,
2020-11-05,1600,1616.666667,1583.333333,1588.333333,143400,,,
2020-11-06,1603.333333,1628.333333,1593.333333,1625,54900,,,
2020-11-09,1633.333333,1648.333333,1608.333333,1613.333333,83100,,,
2020-11-10,1636.666667,1638.333333,1615,1623.333333,92100,,,
2020-11-11,1646.666667,1658.333333,1635,1658.333333,71400,,,
2020-11-12,1666.666667,1666.666667,1628.333333,1633.333333,76200,,,
2020-11-13,1633.333333,1633.333333,1605,1616.666667,63600,,,
2020-11-16,1638.333333,1648.333333,1620,1630,64500,,,
2020-11-17,1636.666667,1660,1625,1658.333333,68100,,,
2020-11-18,1658.333333,1663.333333,1645,1656.666667,53700,,,
2020-11-19,1656.666667,1663.333333,1648.333333,1661.666667,42300,,,
2020-11-20,1648.333333,1676.666667,1648.333333,1670,58200,,,
2020-11-24,1693.333333,1710,1686.666667,1696.666667,104100,,,
2020-11-25,1703.333333,1703.333333,1661.666667,1661.666667,72600,,,
2020-11-26,1663.333333,1686.666667,1663.333333,1680,42000,,,
2020-11-27,1680,1693.333333,1676.666667,1683.333333,89700,,,
2020-11-30,1673.333333,1680,1636.666667,1638.333333,97800,,,
2020-12-01,1646.666667,1651.666667,1635,1640,41700,,,
2020-12-02,1651.666667,1651.666667,1628.333333,1633.333333,88800,,,
2020-12-03,1633.333333,1643.333333,1630,1635,46800,,,
2020-12-04,1630,1636.666667,1620,1626.666667,49200,,,
2020-12-07,1625,1635,1608.333333,1611.666667,72900,,,
2020-12-08,1611.666667,1640,1611.666667,1633.333333,51000,,,
2020-12-09,1633.333333,1650,1633.333333,1646.666667,40200,,,
2020-12-10,1660,1660,1646.666667,1653.333333,36300,,,
2020-12-11,1653.333333,1656.666667,1640,1645,66900,,,
2020-12-14,1650,1663.333333,1646.666667,1655,59100,,,
2020-12-15,1643.333333,1645,1613.333333,1613.333333,94500,,,
2020-12-16,1623.333333,1626.666667,1606.666667,1610,64500,,,
2020-12-17,1608.333333,1613.333333,1598.333333,1610,79500,,,
2020-12-18,1608.333333,1615,1598.333333,1608.333333,49800,,,
2020-12-21,1611.666667,1628.333333,1605,1628.333333,51600,,,
2020-12-22,1620,1620,1606.666667,1610,45000,,,
2020-12-23,1611.666667,1623.333333,1603.333333,1618.333333,37800,,,
2020-12-24,1618.333333,1625,1613.333333,1621.666667,32400,,,
2020-12-25,1623.333333,1628.333333,1615,1616.666667,31800,,,
2020-12-28,1616.666667,1621.666667,1593.333333,1603.333333,97200,,,
2020-12-29,1603.333333,1628.333333,1596.666667,1626.666667,68700,,,
2020-12-30,1620,1633.333333,1606.666667,1615,42000,,,
2021-01-04,1625,1625,1598.333333,1610,25800,,,
2021-01-05,1616.666667,1616.666667,1600,1605,28200,,,
2021-01-06,1605,1615,1601.666667,1603.333333,21900,,,
2021-01-07,1616.666667,1620,1606.666667,1616.666667,39300,,,
2021-01-08,1613.333333,1638.333333,1610,1633.333333,61200,,,
2021-01-12,1643.333333,1645,1635,1645,30600,,,
2021-01-13,1646.666667,1646.666667,1631.666667,1640,40200,,,
2021-01-14,1626.666667,1641.666667,1625,1635,38700,,,
2021-01-15,1626.666667,1633.333333,1615,1618.333333,53400,,,
2021-01-18,1618.333333,1621.666667,1613.333333,1618.333333,22500,,,
2021-01-19,1626.666667,1626.666667,1611.666667,1611.666667,24300,,,
2021-01-20,1621.666667,1621.666667,1600,1616.666667,44400,,,
2021-01-21,1611.666667,1626.666667,1605,1610,44700,,,
2021-01-22,1601.666667,1626.666667,1601.666667,1608.333333,70800,,,
2021-01-25,1611.666667,1626.666667,1608.333333,1621.666667,24000,,,
2021-01-26,1621.666667,1625,1615,1621.666667,46800,,,
2021-01-27,1616.666667,1625,1613.333333,1618.333333,29400,,,
2021-01-28,1613.333333,1625,1608.333333,1616.666667,65400,,,
2021-01-29,1608.333333,1641.666667,1608.333333,1616.666667,77700,,,
2021-02-01,1625,1633.333333,1613.333333,1613.333333,30600,,,
2021-02-02,1623.333333,1653.333333,1616.666667,1653.333333,57900,94889000,0,0
2021-02-03,1656.666667,1676.666667,1656.666667,1656.666667,51900,86290500,0,0
2021-02-04,1656.666667,1656.666667,1626.666667,1626.666667,42300,69196500,0,0
2021-02-05,1630,1655,1625,1641.666667,83400,136805000,0,0
2021-02-08,1641.666667,1655,1635,1645,83400,137289500,0,0
2021-02-09,1645,1651.666667,1631.666667,1651.666667,43500,71325500,0,0
2021-02-10,1643.333333,1643.333333,1625,1630,54000,88066000,0,0
2021-02-12,1630,1638.333333,1620,1626.666667,37500,60999000,0,0
2021-02-15,1630,1630,1613.333333,1618.333333,47700,77281500,0,0
2021-02-16,1618.333333,1623.333333,1613.333333,1623.333333,58200,94138000,0,0
2021-02-17,1616.666667,1623.333333,1613.333333,1613.333333,21600,34897500,0,0
2021-02-18,1610,1616.666667,1605,1606.666667,55800,89777000,0,0
2021-02-19,1603.333333,1611.666667,1591.666667,1611.666667,94200,150787500,0,0
2021-02-22,1608.333333,1610,1601.666667,1603.333333,38400,61625000,0,0
2021-02-24,1596.666667,1596.666667,1583.333333,1585,69000,109689000,0,0
2021-02-25,1588.333333,1596.666667,1585,1591.666667,69600,110817000,0,0
2021-02-26,1590,1591.666667,1561.666667,1561.666667,168600,265817500,0,0
2021-03-01,1568.333333,1583.333333,1568.333333,1580,61800,97465500,0,0
2021-03-02,1595,1595,1568.333333,1578.333333,59700,94172500,0,0
2021-03-03,1573.333333,1590,1571.666667,1585,43200,68335000,0,0
2021-03-04,1585,1593.333333,1576.666667,1591.666667,79200,125610500,0,0
2021-03-05,1568.333333,1590,1545,1586.666667,140700,220775000,0,0
2021-03-08,1586.666667,1586.666667,1565,1576.666667,105900,166650000,0,0
2021-03-09,1583.333333,1616.666667,1578.333333,1611.666667,93000,149102000,0,0
2021-03-10,1611.666667,1618.333333,1595,1598.333333,57000,91462500,0,0
2021-03-11,1595,1613.333333,1593.333333,1610,51000,81930000,0,0
2021-03-12,1606.666667,1606.666667,1588.333333,1596.666667,83700,133968000,0,0
2021-03-15,1593.333333,1618.333333,1593.333333,1618.333333,50400,81216000,0,0
2021-03-16,1618.333333,1631.666667,1613.333333,1626.666667,83400,135509000,0,0
2021-03-17,1623.333333,1636.666667,1611.666667,1635,55800,90910500,0,0
2021-03-18,1635,1640,1625,1631.666667,61200,100020000,0,0
2021-03-19,1630,1658.333333,1630,1656.666667,109500,180801500,0,0
2021-03-22,1655,1656.666667,1640,1640,69900,115070500,0,0
2021-03-23,1651.666667,1651.666667,1631.666667,1631.666667,45900,75217500,0,0
2021-03-24,1623.333333,1630,1605,1610,60300,97362000,0,0
2021-03-25,1631.666667,1633.333333,1623.333333,1631.666667,40500,66012500,0,0
2021-03-26,1631.666667,1640,1623.333333,1638.333333,62400,101908500,0,0
2021-03-29,1661.666667,1676.666667,1656.666667,1676.666667,141600,236436000,0,0
2021-03-30,1640,1643.333333,1623.333333,1623.333333,70500,114848000,0,0
2021-03-31,1623.333333,1628.333333,1603.333333,1606.666667,71700,115607000,0,0
2021-04-01,1620,1620,1600,1600,36900,59231000,0,0
2021-04-02,1615,1615,1606.666667,1606.666667,18000,29000000,0,0
2021-04-05,1600,1608.333333,1596.666667,1600,39300,62952000,0,0
2021-04-06,1606.666667,1610,1578.333333,1580,75900,120738500,0,0
2021-04-07,1581.666667,1598.333333,1581.666667,1590,40800,64884000,0,0
2021-04-08,1588.333333,1593.333333,1566.666667,1566.666667,76200,120165000,0,0
2021-04-09,1568.333333,1585,1568.333333,1570,43500,68499000,0,0
2021-04-12,1573.333333,1586.666667,1573.333333,1576.666667,32400,51198500,0,0
2021-04-13,1588.333333,1588.333333,1571.666667,1578.333333,53100,83788500,0,0
2021-04-14,1585,1585,1568.333333,1575,81000,127470500,0,0
2021-04-15,1573.333333,1590,1571.666667,1590,55500,87771000,0,0
2021-04-16,1590,1596.666667,1576.666667,1585,24900,39563500,0,0
2021-04-19,1586.666667,1593.333333,1581.666667,1583.333333,24600,38993500,0,0
2021-04-20,1580,1580,1568.333333,1570,52200,82070500,0,0
2021-04-21,1566.666667,1566.666667,1551.666667,1551.666667,77700,121007000,0,0
2021-04-22,1555,1566.666667,1540,1548.333333,69600,108042500,0,0
2021-04-23,1546.666667,1560,1546.666667,1550,23400,36303000,0,0
2021-04-26,1558.333333,1561.666667,1538.333333,1545,49200,76243500,0,0
2021-04-27,1555,1555,1533.333333,1533.333333,45900,70634500,0,0
2021-04-28,1536.666667,1538.333333,1525,1525,72900,111604500,0,0
2021-04-30,1548.333333,1550,1530,1530,54600,83841000,0,0
2021-05-06,1533.333333,1560,1533.333333,1546.666667,50700,78408000,0,0
2021-05-07,1555,1563.333333,1541.666667,1546.666667,36900,57290500,0,0
2021-05-10,1550,1565,1546.666667,1560,26700,41582000,0,0
2021-05-11,1560,1566.666667,1545,1548.333333,50700,78705500,0,0
2021-05-12,1548.333333,1556.666667,1538.333333,1551.666667,63600,98339000,0,0
2021-05-13,1543.333333,1553.333333,1526.666667,1526.666667,54900,84433500,0,0
2021-05-14,1528.333333,1536.666667,1516.666667,1516.666667,103200,157178000,0,0
2021-05-17,1528.333333,1541.666667,1518.333333,1530,99300,151922500,0,0
2021-05-18,1533.333333,1548.333333,1533.333333,1543.333333,36900,56923000,0,0
2021-05-19,1543.333333,1545,1531.666667,1535,35700,54897500,0,0
2021-05-20,1535,1550,1535,1536.666667,33000,50898500,0,0
2021-05-21,1538.333333,1550,1536.666667,1546.666667,38700,59781000,0,0
2021-05-24,1546.666667,1550,1530,1531.666667,39600,60861000,0,0
2021-05-25,1530,1531.666667,1500,1505,99300,150328000,0,0
2021-05-26,1505,1511.666667,1501.666667,1501.666667,51000,76780500,0,0
2021-05-27,1500,1521.666667,1486.666667,1500,164700,247302500,0,0
2021-05-28,1501.666667,1516.666667,1501.666667,1515,53100,80297500,0,0
2021-05-31,1516.666667,1518.333333,1483.333333,1483.333333,71100,106227000,0,0
2021-06-01,1485,1486.666667,1476.666667,1478.333333,99000,146603500,0,0
2021-06-02,1475,1475,1453.333333,1455,104100,152187500,0,0
2021-06-03,1455,1491.666667,1455,1488.333333,72000,106506500,0,0
2021-06-04,1483.333333,1491.666667,1480,1485,42300,62793000,0,0
2021-06-07,1493.333333,1495,1486.666667,1491.666667,42900,63976500,0,0
2021-06-08,1491.666667,1496.666667,1478.333333,1486.666667,71400,106167000,0,0
2021-06-09,1485,1495,1485,1488.333333,38700,57648000,0,0
2021-06-10,1485,1491.666667,1483.333333,1488.333333,32100,47743000,0,0
2021-06-11,1485,1495,1480,1483.333333,73800,109660000,0,0
2021-06-14,1491.666667,1495,1485,1490,21000,31269500,0,0
2021-06-15,1490,1495,1485,1493.333333,41400,61705500,0,0
2021-06-16,1496.666667,1505,1483.333333,1490,76500,114272500,0,0
2021-06-17,1493.333333,1493.333333,1478.333333,1480,47700,70731000,0,0
2021-06-18,1490,1490,1466.666667,1466.666667,95700,141040000,0,0
2021-06-21,1466.666667,1466.666667,1450,1455,75300,109647500,0,0
2021-06-22,1476.666667,1496.666667,1468.333333,1488.333333,93000,138449000,0,0
2021-06-23,1493.333333,1515,1491.666667,1515,90300,136140000,0,0
2021-06-24,1515,1515,1490,1496.666667,36300,54285000,0,0
2021-06-25,1511.666667,1526.666667,1503.333333,1526.666667,61500,93420000,0,0
2021-06-28,1526.666667,1526.666667,1511.666667,1513.333333,55200,83879000,0,0
2021-06-29,1508.333333,1515,1495,1506.666667,81900,123205000,0,0
2021-06-30,1506.666667,1508.333333,1470,1476.666667,97800,144763500,0,0
2021-07-01,1473.333333,1478.333333,1463.333333,1478.333333,66000,97104000,0,0
2021-07-02,1486.666667,1541.666667,1480,1536.666667,174300,265767000,0,0
2021-07-05,1530,1538.333333,1508.333333,1513.333333,63300,96395500,0,0
2021-07-06,1513.333333,1513.333333,1503.333333,1505,13200,19893500,0,0
2021-07-07,1500,1510,1491.666667,1500,46200,69302000,0,0
2021-07-08,1501.666667,1525,1501.666667,1516.666667,77400,117323500,0,0
2021-07-09,1516.666667,1516.666667,1485,1506.666667,145200,218683000,0,0
2021-07-12,1523.333333,1533.333333,1515,1531.666667,54300,83007000,0,0
2021-07-13,1536.666667,1560,1536.666667,1558.333333,78300,121487500,0,0
2021-07-14,1558.333333,1576.666667,1545,1573.333333,69600,109170500,0,0
2021-07-15,1583.333333,1583.333333,1548.333333,1548.333333,61500,96000000,0,0
2021-07-16,1550,1555,1535,1540,54300,83845000,0,0
2021-07-19,1535,1546.666667,1528.333333,1530,38700,59375000,0,0
2021-07-20,1530,1553.333333,1530,1551.666667,55800,86330000,0,0
2021-07-21,1556.666667,1563.333333,1541.666667,1550,66000,102440000,0,0
2021-07-26,1556.666667,1566.666667,1548.333333,1563.333333,61200,95195500,0,0
2021-07-27,1563.333333,1565,1546.666667,1546.666667,33000,51226500,0,0
2021-07-28,1546.666667,1553.333333,1535,1538.333333,27600,42540000,0,0
2021-07-29,1543.333333,1543.333333,1528.333333,1531.666667,32700,50127000,0,0
2021-07-30,1523.333333,1523.333333,1505,1506.666667,90000,136154000,0,0
2021-08-02,1520,1556.666667,1518.333333,1551.666667,63300,97887500,0,0
2021-08-03,1553.333333,1571.666667,1551.666667,1565,61200,95769500,0,0
2021-08-04,1558.333333,1561.666667,1546.666667,1550,35400,54891500,0,0
2021-08-05,1535,1551.666667,1535,1545,15300,23645000,0,0
2021-08-06,1543.333333,1555,1510,1516.666667,87300,133452000,0,0
2021-08-10,1516.666667,1531.666667,1501.666667,1508.333333,65400,98956000,0,0
2021-08-11,1505,1515,1496.666667,1501.666667,63600,95507500,0,0
2021-08-12,1521.666667,1521.666667,1506.666667,1508.333333,45600,69042500,0,0
2021-08-13,1508.333333,1523.333333,1505,1523.333333,40200,60942500,0,0
2021-08-16,1516.666667,1516.666667,1501.666667,1503.333333,57900,87284000,0,0
2021-08-17,1503.333333,1521.666667,1503.333333,1515,43800,66365500,0,0
2021-08-18,1508.333333,1530,1508.333333,1513.333333,28500,43292000,0,0
2021-08-19,1511.666667,1531.666667,1511.666667,1521.666667,23400,35665500,0,0
2021-08-20,1516.666667,1558.333333,1516.666667,1558.333333,86700,134145500,0,0
2021-08-23,1558.333333,1563.333333,1546.666667,1546.666667,60300,93648000,0,0
2021-08-24,1555,1556.666667,1535,1538.333333,44100,68178500,0,0
2021-08-25,1535,1546.666667,1533.333333,1536.666667,18900,29086500,0,0
2021-08-26,1536.666667,1551.666667,1533.333333,1550,34800,53728500,0,0
2021-08-27,1546.666667,1553.333333,1536.666667,1548.333333,43500,67302000,0,0
2021-08-30,1556.666667,1568.333333,1553.333333,1566.666667,47100,73642500,0,0
2021-08-31,1566.666667,1571.666667,1555,1555,63000,98537000,0,0
2021-09-01,1563.333333,1568.333333,1545,1568.333333,43500,67886500,0,0
2021-09-02,1568.333333,1571.666667,1560,1561.666667,56400,88269000,0,0
2021-09-03,1561.666667,1590,1561.666667,1578.333333,73800,116401500,0,0
2021-09-06,1591.666667,1591.666667,1568.333333,1570,82800,130705000,0,0
2021-09-07,1583.333333,1588.333333,1576.666667,1586.666667,75600,119871500,0,0
2021-09-08,1586.666667,1588.333333,1576.666667,1585,93900,148766000,0,0
2021-09-09,1583.333333,1588.333333,1575,1581.666667,70800,112020500,0,0
2021-09-10,1558.333333,1566.666667,1540,1565,179400,279625000,0,0
2021-09-13,1558.333333,1575,1558.333333,1575,93600,146752500,0,0
2021-09-14,1573.333333,1578.333333,1566.666667,1578.333333,103200,162283000,0,0
2021-09-15,1560,1560,1533.333333,1536.666667,154200,238205000,0,0
2021-09-16,1536.666667,1550,1536.666667,1550,75900,117319000,0,0
2021-09-17,1541.666667,1565,1541.666667,1565,109200,169891000,0,0
2021-09-21,1541.666667,1546.666667,1533.333333,1533.333333,126000,193805000,0,0
2021-09-22,1530,1531.666667,1508.333333,1508.333333,129900,197445000,0,0
2021-09-24,1516.666667,1531.666667,1516.666667,1525,140400,213670500,0,0
2021-09-27,1525,1533.333333,1523.333333,1523.333333,215100,328180500,0,0
2021-09-28,1521.666667,1526.666667,1508.333333,1516.666667,303600,460944500,0,0
2021-09-29,1493.333333,1495,1478.333333,1488.333333,150300,223672000,0,0
2021-09-30,1495,1501.666667,1478.333333,1481.666667,116700,173565000,0,0
2021-10-01,1481.666667,1485,1475,1481.666667,80400,118908500,0,0
2021-10-04,1483.333333,1493.333333,1481.666667,1493.333333,49200,73266500,0,0
2021-10-05,1486.666667,1496.666667,1476.666667,1483.333333,79800,118507000,0,0
2021-10-06,1496.666667,1516.666667,1485,1515,101400,152554500,0,0
2021-10-07,1516.666667,1525,1505,1506.666667,88500,134084000,0,0
2021-10-08,1523.333333,1523.333333,1506.666667,1513.333333,51600,78081500,0,0
2021-10-11,1518.333333,1540,1513.333333,1540,99900,152775000,0,0
2021-10-12,1525,1528.333333,1513.333333,1518.333333,48000,72909500,0,0
2021-10-13,1510,1523.333333,1506.666667,1516.666667,49800,75495000,0,0
2021-10-14,1516.666667,1520,1511.666667,1518.333333,21900,33216500,0,0
2021-10-15,1525,1535,1518.333333,1531.666667,54900,83979500,0,0
2021-10-18,1531.666667,1531.666667,1518.333333,1521.666667,22800,34714500,0,0
2021-10-19,1515,1526.666667,1515,1521.666667,17700,26913000,0,0
2021-10-20,1523.333333,1525,1503.333333,1505,27900,42167500,0,0
2021-10-21,1503.333333,1505,1490,1490,27900,41767500,0,0
2021-10-22,1486.666667,1493.333333,1485,1490,32100,47788500,0,0
2021-10-25,1490,1498.333333,1486.666667,1490,28200,42073500,0,0
2021-10-26,1500,1506.666667,1493.333333,1496.666667,20400,30585500,0,0
2021-10-27,1496.666667,1508.333333,1496.666667,1505,23100,34734500,0,0
2021-10-28,1505,1510,1488.333333,1505,63000,94603000,0,0
2021-10-29,1500,1500,1475,1485,76800,113968000,0,0
2021-11-01,1501.666667,1530,1486.666667,1530,118500,178502500,0,0
2021-11-02,1526.666667,1526.666667,1501.666667,1501.666667,46800,70694000,0,0
2021-11-04,1500,1516.666667,1495,1506.666667,55800,84119500,0,0
2021-11-05,1510,1511.666667,1503.333333,1510,26700,40264500,0,0
2021-11-08,1511.666667,1516.666667,1496.666667,1496.666667,41700,62701000,0,0
2021-11-09,1500,1503.333333,1483.333333,1483.333333,32700,48784500,0,0
2021-11-10,1483.333333,1486.666667,1478.333333,1478.333333,29100,43114500,0,0
2021-11-11,1483.333333,1485,1475,1476.666667,25500,37715000,0,0
2021-11-12,1476.666667,1500,1476.666667,1500,33300,49718500,0,0
2021-11-15,1503.333333,1508.333333,1488.333333,1488.333333,34200,51253500,0,0
2021-11-16,1498.333333,1500,1483.333333,1483.333333,15600,23233500,0,0
2021-11-17,1483.333333,1490,1466.666667,1466.666667,36600,53975000,0,0
2021-11-18,1466.666667,1475,1463.333333,1466.666667,71400,104782500,0,0
2021-11-19,1466.666667,1476.666667,1466.666667,1476.666667,39300,57841000,0,0
2021-11-22,1476.666667,1476.666667,1461.666667,1461.666667,45300,66415000,0,0
2021-11-24,1468.333333,1476.666667,1463.333333,1468.333333,40500,59500500,0,0
2021-11-25,1468.333333,1478.333333,1436.666667,1438.333333,51900,75431500,0,0
2021-11-26,1461.666667,1461.666667,1430,1436.666667,48600,69965000,0,0
2021-11-29,1433.333333,1433.333333,1411.666667,1415,81900,116292500,0,0
2021-11-30,1438.333333,1461.666667,1426.666667,1441.666667,86100,124366500,0,0
2021-12-01,1483.333333,1483.333333,1445,1445,69600,101541500,0,0
2021-12-02,1433.333333,1456.666667,1433.333333,1436.666667,51900,74823000,0,0
2021-12-03,1436.666667,1476.666667,1433.333333,1476.666667,45600,66674500,0,0
2021-12-06,1483.333333,1483.333333,1455,1465,47700,69995500,0,0
2021-12-07,1481.666667,1510,1475,1510,66600,99661500,0,0
2021-12-08,1510,1510,1466.666667,1471.666667,107100,158972000,0,0
2021-12-09,1471.666667,1483.333333,1463.333333,1475,45000,66333000,0,0
2021-12-10,1485,1485,1456.666667,1468.333333,54300,79979500,0,0
2021-12-13,1475,1475,1460,1465,24000,35163500,0,0
2021-12-14,1475,1485,1466.666667,1481.666667,34500,51004500,0,0
2021-12-15,1483.333333,1491.666667,1481.666667,1491.666667,43500,64690500,0,0
2021-12-16,1493.333333,1496.666667,1486.666667,1490,46200,68931500,0,0
2021-12-17,1495,1500,1476.666667,1491.666667,56700,84403500,0,0
2021-12-20,1480,1480,1455,1455,50700,74318500,0,0
2021-12-21,1466.666667,1466.666667,1446.666667,1450,34500,50187500,0,0
2021-12-22,1450,1456.666667,1443.333333,1455,40200,58340500,0,0
2021-12-23,1453.333333,1453.333333,1433.333333,1435,53400,76822500,0,0
2021-12-24,1433.333333,1441.666667,1431.666667,1436.666667,35700,51276500,0,0
2021-12-27,1436.666667,1440,1423.333333,1423.333333,55200,79052500,0,0
2021-12-28,1433.333333,1456.666667,1430,1455,80100,115721500,0,0
2021-12-29,1435,1451.666667,1435,1451.666667,45000,65020500,0,0
2021-12-30,1443.333333,1445,1425,1425,35400,50741500,0,0
2022-01-04,1425,1428.333333,1415,1428.333333,48300,68706000,0,0
2022-01-05,1441.666667,1448.333333,1430,1440,47100,67802500,0,0
2022-01-06,1428.333333,1433.333333,1415,1415,44400,63121500,0,0
2022-01-07,1416.666667,1425,1403.333333,1410,45300,63866000,0,0
2022-01-11,1411.666667,1411.666667,1400,1405,51300,72136500,0,0
2022-01-12,1406.666667,1436.666667,1406.666667,1428.333333,40200,57224000,0,0
2022-01-13,1416.666667,1416.666667,1410,1415,26700,37778500,0,0
2022-01-14,1415,1420,1405,1418.333333,48300,68262500,0,0
2022-01-17,1420,1425,1410,1416.666667,28500,40404000,0,0
2022-01-18,1416.666667,1420,1401.666667,1401.666667,31800,44786500,0,0
2022-01-19,1401.666667,1410,1365,1365,100200,138495000,0,0
2022-01-20,1366.666667,1385,1366.666667,1368.333333,55200,75988000,0,0
2022-01-21,1368.333333,1380,1366.666667,1376.666667,28500,39160000,0,0
2022-01-24,1376.666667,1395,1373.333333,1395,43200,59895000,0,0
2022-01-25,1393.333333,1393.333333,1385,1390,25500,35426000,0,0
2022-01-26,1390,1401.666667,1385,1393.333333,41400,57573500,0,0
2022-01-27,1388.333333,1388.333333,1358.333333,1363.333333,58500,79926500,0,0
2022-01-28,1363.333333,1386.666667,1363.333333,1386.666667,42000,57988500,0,0
2022-01-31,1388.333333,1396.666667,1378.333333,1388.333333,32700,45401000,0,0
2022-02-01,1376.666667,1391.666667,1370,1370,32100,44284500,0,0
2022-02-02,1381.666667,1413.333333,1368.333333,1403.333333,59400,83105500,0,0
2022-02-03,1385,1408.333333,1385,1398.333333,28800,40271000,0,0
2022-02-04,1390,1410,1321.666667,1340,192000,260397500,0,0
2022-02-07,1328.333333,1333.333333,1305,1305,171600,226277500,0,0
2022-02-08,1306.666667,1326.666667,1305,1308.333333,95100,124711500,0,0
2022-02-09,1311.666667,1323.333333,1308.333333,1316.666667,70800,93177500,0,0
2022-02-10,1323.333333,1336.666667,1320,1333.333333,54000,71883500,0,0
2022-02-14,1343.333333,1366.666667,1335,1360,82500,111658500,0,0
2022-02-15,1363.333333,1393.333333,1363.333333,1385,73800,102265000,0,0
2022-02-16,1385,1398.333333,1380,1385,51600,71676500,0,0
2022-02-17,1386.666667,1390,1371.666667,1378.333333,46500,64168000,0,0
2022-02-18,1366.666667,1375,1365,1366.666667,28800,39418000,0,0
2022-02-21,1366.666667,1371.666667,1360,1371.666667,35700,48809500,0,0
2022-02-22,1358.333333,1381.666667,1358.333333,1381.666667,29100,39909500,0,0
2022-02-24,1381.666667,1395,1363.333333,1395,69000,95226000,0,0
2022-02-25,1395,1395,1345,1345,78300,106205000,0,0
2022-02-28,1348.333333,1380,1348.333333,1376.666667,85500,116967000,0,0
2022-03-01,1378.333333,1386.666667,1366.666667,1366.666667,47400,65164000,0,0
2022-03-02,1350,1353.333333,1335,1335,44700,60043500,0,0
2022-03-03,1316.666667,1335,1298.333333,1331.666667,90600,119520000,0,0
2022-03-04,1325,1333.333333,1311.666667,1318.333333,51900,68514000,0,0
2022-03-07,1316.666667,1321.666667,1305,1313.333333,65100,85464500,0,0
2022-03-08,1311.666667,1336.666667,1311.666667,1323.333333,96600,128130000,0,0
2022-03-09,1333.333333,1338.333333,1326.666667,1333.333333,69900,93202000,0,0
2022-03-10,1355,1381.666667,1341.666667,1381.666667,101700,139251500,0,0
2022-03-11,1363.333333,1375,1350,1363.333333,97500,132773500,0,0
2022-03-14,1371.666667,1375,1343.333333,1350,63600,86107000,0,0
2022-03-15,1350,1371.666667,1350,1366.666667,78000,106353000,0,0
2022-03-16,1356.666667,1360,1343.333333,1345,79800,107605000,0,0
2022-03-17,1361.666667,1390,1351.666667,1380,104100,142929000,0,0
2022-03-18,1380,1390,1365,1373.333333,182700,251315000,0,0
2022-03-22,1375,1375,1343.333333,1351.666667,69600,94311500,0,0
2022-03-23,1366.666667,1368.333333,1345,1365,55500,75597000,0,0
2022-03-24,1365,1366.666667,1340,1358.333333,59700,80727500,0,0
2022-03-25,1355,1361.666667,1348.333333,1360,37200,50445500,0,0
2022-03-28,1363.333333,1366.666667,1350,1366.666667,33000,44908500,0,0
2022-03-29,1371.666667,1378.333333,1356.666667,1373.333333,51600,70815500,0,0
2022-03-30,1360,1360,1333.333333,1343.333333,58800,78854000,0,0
2022-03-31,1333.333333,1346.666667,1321.666667,1325,72000,95808000,0,0
2022-04-01,1325,1346.666667,1320,1341.666667,34800,46511500,0,0
2022-04-04,1336.666667,1356.666667,1336.666667,1353.333333,31800,42957000,0,0
2022-04-05,1356.666667,1363.333333,1348.333333,1360,39600,53790500,0,0
2022-04-06,1345,1363.333333,1343.333333,1363.333333,65400,88836000,0,0
2022-04-07,1355,1361.666667,1346.666667,1356.666667,45300,61351000,0,0
2022-04-08,1356.666667,1356.666667,1335,1345,67800,91286500,0,0
2022-04-11,1345,1348.333333,1336.666667,1348.333333,33600,45158000,0,0
2022-04-12,1350,1351.666667,1340,1341.666667,27000,36268500,0,0
2022-04-13,1341.666667,1350,1340,1343.333333,42000,56423000,0,0
2022-04-14,1343.333333,1346.666667,1336.666667,1345,34500,46323500,0,0
2022-04-15,1345,1350,1336.666667,1345,33000,44390000,0,0
2022-04-18,1333.333333,1345,1325,1336.666667,38400,51210000,0,0
2022-04-19,1350,1351.666667,1335,1341.666667,40200,54034000,0,0
2022-04-20,1348.333333,1360,1341.666667,1358.333333,31500,42664000,0,0
2022-04-21,1361.666667,1365,1356.666667,1363.333333,34200,46552000,0,0
2022-04-22,1343.333333,1356.666667,1343.333333,1350,18000,24288000,0,0
2022-04-25,1353.333333,1365,1346.666667,1360,33600,45620000,0,0
2022-04-26,1366.666667,1395,1365,1365,77100,106482500,0,0
2022-04-27,1365,1373.333333,1345,1345,119100,161590500,0,0
2022-04-28,1355,1405,1353.333333,1405,71100,99130000,0,0
2022-05-02,1408.333333,1408.333333,1396.666667,1401.666667,41100,57587000,0,0
2022-05-06,1400,1415,1386.666667,1413.333333,53700,75413000,0,0
2022-05-09,1390,1405,1345,1346.666667,125100,171403500,0,0
2022-05-10,1366.666667,1416.666667,1366.666667,1400,148500,206510000,0,0
2022-05-11,1400,1403.333333,1393.333333,1395,43200,60371500,0,0
2022-05-12,1395,1415,1385,1415,64500,90602500,0,0
2022-05-13,1415,1420,1395,1420,59700,84364000,0,0
2022-05-16,1420,1420,1395,1405,31200,43848000,0,0
2022-05-17,1405,1430,1405,1423.333333,73800,104753500,0,0
2022-05-18,1401.666667,1411.666667,1395,1410,41700,58617500,0,0
2022-05-19,1388.333333,1401.666667,1383.333333,1400,33900,47248500,0,0
2022-05-20,1395,1405,1390,1400,38700,54061000,0,0
2022-05-23,1400,1418.333333,1400,1416.666667,32100,45348000,0,0
2022-05-24,1410,1410,1398.333333,1401.666667,28200,39616000,0,0
2022-05-25,1416.666667,1431.666667,1410,1413.333333,73200,103797000,0,0
2022-05-26,1426.666667,1436.666667,1418.333333,1425,72000,102869000,0,0
2022-05-27,1425,1431.666667,1421.666667,1431.666667,63900,91167500,0,0
2022-05-30,1446.666667,1446.666667,1425,1426.666667,121800,174442000,0,0
2022-05-31,1440,1440,1426.666667,1430,91800,131598000,0,0
2022-06-01,1430,1446.666667,1428.333333,1446.666667,51300,73905000,0,0
2022-06-02,1440,1440,1415,1426.666667,69300,98871000,0,0
2022-06-03,1418.333333,1423.333333,1410,1413.333333,34200,48437500,0,0
2022-06-06,1430,1443.333333,1410,1440,89400,128205500,0,0
2022-06-07,1446.666667,1481.666667,1446.666667,1470,120000,176214500,0,0
2022-06-08,1471.666667,1476.666667,1451.666667,1456.666667,66600,97433000,0,0
2022-06-09,1466.666667,1466.666667,1455,1463.333333,58800,85974000,0,0
2022-06-10,1451.666667,1458.333333,1445,1445,51300,74371500,0,0
2022-06-13,1453.333333,1471.666667,1445,1471.666667,73500,107635500,0,0
2022-06-14,1500,1530,1490,1511.666667,296400,448732000,0,0
2022-06-15,1510,1528.333333,1490,1495,150300,226142000,0,0
2022-06-16,1495,1513.333333,1493.333333,1513.333333,90600,136167500,0,0
2022-06-17,1501.666667,1536.666667,1478.333333,1528.333333,211800,321883500,0,0
2022-06-20,1530,1543.333333,1518.333333,1531.666667,130800,200449000,0,0
2022-06-21,1540,1558.333333,1526.666667,1558.333333,156900,242799500,0,0
2022-06-22,1571.666667,1580,1558.333333,1575,149100,234454500,0,0
2022-06-23,1566.666667,1588.333333,1566.666667,1580,119700,188908000,0,0
2022-06-24,1580,1588.333333,1566.666667,1570,78000,122740500,0,0
2022-06-27,1575,1581.666667,1558.333333,1560,117000,183360000,0,0
2022-06-28,1566.666667,1616.666667,1563.333333,1616.666667,235200,376569500,0,0
2022-06-29,1613.333333,1625,1600,1613.333333,121500,196244500,0,0
2022-06-30,1613.333333,1620,1601.666667,1608.333333,74100,119321000,0,0
2022-07-01,1608.333333,1618.333333,1581.666667,1583.333333,98700,157337000,0,0
2022-07-04,1583.333333,1611.666667,1581.666667,1605,100200,160261000,0,0
2022-07-05,1600,1603.333333,1571.666667,1571.666667,112200,177567500,0,0
2022-07-06,1558.333333,1561.666667,1540,1551.666667,202200,313597000,0,0
2022-07-07,1561.666667,1565,1533.333333,1538.333333,195000,301483000,0,0
2022-07-08,1538.333333,1566.666667,1513.333333,1548.333333,282900,436216000,0,0
2022-07-11,1561.666667,1591.666667,1558.333333,1591.666667,78000,123596500,0,0
2022-07-12,1591.666667,1593.333333,1580,1588.333333,65100,103380000,0,0
2022-07-13,1581.666667,1606.666667,1576.666667,1605,115800,185191000,0,0
2022-07-14,1600,1603.333333,1576.666667,1581.666667,79500,126132500,0,0
2022-07-15,1581.666667,1596.666667,1575,1590,75000,119076500,0,0
2022-07-19,1590,1590,1548.333333,1551.666667,172500,269589000,0,0
2022-07-20,1571.666667,1575,1556.666667,1570,110100,172570500,0,0
2022-07-21,1570,1576.666667,1555,1570,72000,112942000,0,0
2022-07-22,1551.666667,1570,1551.666667,1565,66300,103677500,0,0
2022-07-25,1558.333333,1570,1558.333333,1568.333333,38400,60133000,0,0
2022-07-26,1568.333333,1576.666667,1565,1575,65400,102780000,0,0
2022-07-27,1565,1576.666667,1565,1571.666667,37800,59411000,0,0
2022-07-28,1575,1596.666667,1570,1588.333333,81300,128928500,0,0
2022-07-29,1596.666667,1596.666667,1570,1575,69600,109786000,0,0
2022-08-01,1580,1610,1580,1603.333333,96600,154630500,0,0
2022-08-02,1601.666667,1601.666667,1565,1570,82800,130379000,0,0
2022-08-03,1561.666667,1565,1546.666667,1558.333333,123600,191997500,0,0
2022-08-04,1558.333333,1571.666667,1553.333333,1563.333333,76500,119759500,0,0
2022-08-05,1550,1580,1476.666667,1521.666667,367800,562224500,0,0
2022-08-08,1536.666667,1548.333333,1513.333333,1520,170700,260053500,0,0
2022-08-09,1520,1526.666667,1486.666667,1491.666667,135900,204157000,0,0
2022-08-10,1501.666667,1525,1493.333333,1525,106500,161179500,0,0
2022-08-12,1518.333333,1541.666667,1518.333333,1540,87600,134251500,0,0
2022-08-15,1541.666667,1545,1535,1541.666667,38400,59099000,0,0
2022-08-16,1538.333333,1540,1526.666667,1535,66600,102181000,0,0
2022-08-17,1541.666667,1546.666667,1533.333333,1535,53400,82065500,0,0
2022-08-18,1530,1531.666667,1518.333333,1526.666667,52800,80564000,0,0
2022-08-19,1526.666667,1543.333333,1520,1538.333333,35100,53901000,0,0
2022-08-22,1526.666667,1543.333333,1521.666667,1540,28200,43352000,0,0
2022-08-23,1533.333333,1540,1525,1535,36300,55660000,0,0
2022-08-24,1533.333333,1535,1523.333333,1531.666667,33000,50465500,0,0
2022-08-25,1535,1535,1526.666667,1528.333333,24000,36734500,0,0
2022-08-26,1528.333333,1528.333333,1516.666667,1521.666667,70500,107403500,0,0
2022-08-29,1510,1521.666667,1503.333333,1511.666667,66000,99855000,0,0
2022-08-30,1510,1523.333333,1510,1520,25200,38237500,0,0
2022-08-31,1513.333333,1523.333333,1511.666667,1513.333333,63600,96340000,0,0
2022-09-01,1506.666667,1513.333333,1500,1500,82200,123742500,0,0
2022-09-02,1506.666667,1513.333333,1500,1506.666667,60300,90805000,0,0
2022-09-05,1500,1500,1476.666667,1490,93900,139804500,0,0
2022-09-06,1488.333333,1496.666667,1481.666667,1481.666667,111000,165267500,0,0
2022-09-07,1476.666667,1485,1475,1483.333333,71700,106123500,0,0
2022-09-08,1486.666667,1503.333333,1486.666667,1495,80100,119678500,0,0
2022-09-09,1495,1511.666667,1491.666667,1491.666667,117300,175634000,0,0
2022-09-12,1503.333333,1503.333333,1476.666667,1476.666667,81900,121715000,0,0
2022-09-13,1481.666667,1490,1476.666667,1483.333333,42900,63666500,0,0
2022-09-14,1473.333333,1473.333333,1463.333333,1466.666667,81600,119748500,0,0
2022-09-15,1466.666667,1471.666667,1461.666667,1468.333333,57300,84020000,0,0
2022-09-16,1466.666667,1471.666667,1461.666667,1468.333333,103200,151319000,0,0
2022-09-20,1478.333333,1501.666667,1478.333333,1496.666667,106800,158926500,0,0
2022-09-21,1501.666667,1505,1496.666667,1503.333333,68100,102278000,0,0
2022-09-22,1496.666667,1528.333333,1495,1521.666667,209700,316324500,0,0
2022-09-26,1521.666667,1530,1501.666667,1501.666667,188400,285562500,0,0
2022-09-27,1500,1508.333333,1485,1500,127500,191208000,0,0
2022-09-28,1495,1508.333333,1486.666667,1506.666667,269400,404051500,0,0
2022-09-29,1496.666667,1523.333333,1488.333333,1521.666667,123900,186934500,0,0
2022-09-30,1521.666667,1533.333333,1513.333333,1530,137400,209703500,0,0
2022-10-03,1488.333333,1500,1478.333333,1483.333333,92100,136776500,0,0
2022-10-04,1500,1533.333333,1498.333333,1530,74400,113375000,0,0
2022-10-05,1531.666667,1533.333333,1513.333333,1515,120000,182480500,0,0
2022-10-06,1516.666667,1538.333333,1516.666667,1521.666667,62100,94764500,0,0
2022-10-07,1503.333333,1511.666667,1501.666667,1506.666667,59700,89981000,0,0
2022-10-11,1506.666667,1510,1488.333333,1488.333333,102300,153364000,0,0
2022-10-12,1488.333333,1511.666667,1485,1505,60600,90966500,0,0
2022-10-13,1490,1500,1485,1496.666667,58800,87880000,0,0
2022-10-14,1500,1523.333333,1500,1511.666667,66900,101326000,0,0
2022-10-17,1506.666667,1510,1498.333333,1498.333333,54000,81033000,0,0
2022-10-18,1518.333333,1518.333333,1498.333333,1498.333333,39900,60004000,0,0
2022-10-19,1505,1518.333333,1505,1515,70500,106563500,0,0
2022-10-20,1511.666667,1521.666667,1511.666667,1520,41400,62800000,0,0
2022-10-21,1516.666667,1516.666667,1506.666667,1506.666667,42300,63893000,0,0
2022-10-24,1515,1523.333333,1506.666667,1511.666667,65100,98665000,0,0
2022-10-25,1525,1531.666667,1516.666667,1521.666667,52200,79523000,0,0
2022-10-26,1523.333333,1528.333333,1515,1523.333333,73800,112410500,0,0
2022-10-27,1526.666667,1526.666667,1506.666667,1513.333333,80700,122087500,0,0
2022-10-28,1503.333333,1526.666667,1498.333333,1511.666667,270900,410067500,0,0
2022-10-31,1518.333333,1531.666667,1516.666667,1531.666667,68700,104812500,0,0
2022-11-01,1533.333333,1538.333333,1521.666667,1523.333333,57300,87620000,0,0
2022-11-02,1521.666667,1541.666667,1425,1435,604800,885310000,0,0
2022-11-04,1425,1425,1376.666667,1383.333333,402300,560866500,0,0
2022-11-07,1388.333333,1413.333333,1380,1408.333333,210000,294677000,0,0
2022-11-08,1408.333333,1408.333333,1393.333333,1401.666667,186900,261703500,0,0
2022-11-09,1401.666667,1403.333333,1395,1401.666667,63900,89510500,0,0
2022-11-10,1398.333333,1403.333333,1378.333333,1403.333333,145800,203055500,0,0
2022-11-11,1411.666667,1416.666667,1403.333333,1415,96900,136697500,0,0
2022-11-14,1415,1418.333333,1408.333333,1411.666667,54900,77529000,0,0
2022-11-15,1406.666667,1420,1406.666667,1410,59100,83343000,0,0
2022-11-16,1410,1410,1401.666667,1405,62400,87636500,0,0
2022-11-17,1405,1431.666667,1405,1431.666667,52500,74540500,0,0
2022-11-18,1438.333333,1438.333333,1431.666667,1435,62400,89551500,0,0
2022-11-21,1435,1443.333333,1435,1435,46200,66398000,0,0
2022-11-22,1443.333333,1471.666667,1443.333333,1471.666667,124200,181399000,0,0
2022-11-24,1483.333333,1493.333333,1475,1486.666667,88500,131508500,0,0
2022-11-25,1488.333333,1495,1478.333333,1483.333333,54300,80695000,0,0
2022-11-28,1483.333333,1483.333333,1461.666667,1466.666667,55500,81695500,0,0
2022-11-29,1460,1466.666667,1453.333333,1465,53700,78397000,0,0
2022-11-30,1456.666667,1468.333333,1451.666667,1451.666667,74100,107894000,0,0
2022-12-01,1450,1450,1436.666667,1438.333333,67200,96859500,0,0
2022-12-02,1433.333333,1438.333333,1416.666667,1430,84300,120354000,0,0
2022-12-05,1428.333333,1431.666667,1416.666667,1430,71700,102228000,0,0
2022-12-06,1421.666667,1426.666667,1421.666667,1423.333333,61800,87995000,0,0
2022-12-07,1423.333333,1460,1423.333333,1453.333333,69900,101305000,0,0
2022-12-08,1453.333333,1453.333333,1431.666667,1440,97200,140361000,0,0
2022-12-09,1425,1448.333333,1425,1448.333333,62100,89357500,0,0
2022-12-12,1448.333333,1450,1441.666667,1443.333333,38100,55104000,0,0
2022-12-13,1460,1465,1456.666667,1460,55500,81078500,0,0
2022-12-14,1460,1471.666667,1458.333333,1471.666667,66900,98138000,0,0
2022-12-15,1471.666667,1486.666667,1468.333333,1480,67800,100160000,0,0
2022-12-16,1465,1475,1450,1453.333333,157800,230404500,0,0
2022-12-19,1450,1470,1450,1470,62700,91795000,0,0
2022-12-20,1476.666667,1476.666667,1446.666667,1466.666667,66300,96996500,0,0
2022-12-21,1456.666667,1463.333333,1450,1450,53100,77247500,0,0
2022-12-22,1450,1465,1445,1465,53700,78136000,0,0
2022-12-23,1465,1478.333333,1461.666667,1473.333333,46800,68788000,0,0
2022-12-26,1473.333333,1473.333333,1455,1455,57000,83572000,0,0
2022-12-27,1455,1473.333333,1455,1461.666667,51900,75999000,0,0
2022-12-28,1460,1466.666667,1456.666667,1461.666667,50700,74097500,0,0
2022-12-29,1461.666667,1465,1448.333333,1463.333333,45000,65704000,0,0
2022-12-30,1463.333333,1463.333333,1448.333333,1450,40500,58797500,0,0
2023-01-04,1461.666667,1461.666667,1435,1446.666667,46500,67258000,0,0
2023-01-05,1435,1443.333333,1428.333333,1441.666667,48000,68943000,0,0
2023-01-06,1441.666667,1453.333333,1438.333333,1448.333333,63300,91637500,0,0
2023-01-10,1451.666667,1460,1423.333333,1423.333333,83400,119417500,0,0
2023-01-11,1433.333333,1438.333333,1428.333333,1430,35100,50236000,0,0
2023-01-12,1430,1440,1426.666667,1438.333333,18300,26282000,0,0
2023-01-13,1430,1445,1430,1438.333333,60000,86212000,0,0
2023-01-16,1431.666667,1440,1428.333333,1435,45000,64500000,0,0
2023-01-17,1433.333333,1450,1433.333333,1446.666667,36600,52789000,0,0
2023-01-18,1446.666667,1458.333333,1441.666667,1445,36000,52169000,0,0
2023-01-19,1443.333333,1451.666667,1441.666667,1446.666667,24300,35122000,0,0
2023-01-20,1458.333333,1465,1448.333333,1463.333333,39000,56958500,0,0
2023-01-23,1468.333333,1471.666667,1438.333333,1450,45300,66125500,0,0
2023-01-24,1415,1428.333333,1396.666667,1423.333333,222600,314608500,0,0
2023-01-25,1423.333333,1436.666667,1423.333333,1430,65400,93514500,0,0
2023-01-26,1438.333333,1441.666667,1430,1435,57900,83094000,0,0
2023-01-27,1440,1440,1425,1428.333333,54600,78205500,0,0
2023-01-30,1428.333333,1440,1426.666667,1435,65100,93357500,0,0
2023-01-31,1446.666667,1466.666667,1445,1465,75300,109765500,0,0
2023-02-01,1465,1468.333333,1451.666667,1456.666667,78300,114353000,0,0
2023-02-02,1458.333333,1458.333333,1446.666667,1450,60000,87162500,0,0
2023-02-03,1448.333333,1450,1408.333333,1421.666667,155400,222076000,0,0
2023-02-06,1420,1420,1395,1415,144000,202883500,0,0
2023-02-07,1411.666667,1430,1405,1420,80100,113766500,0,0
2023-02-08,1426.666667,1440,1426.666667,1433.333333,50100,71839500,0,0
2023-02-09,1426.666667,1440,1425,1435,44700,64070500,0,0
2023-02-10,1425,1440,1425,1431.666667,48300,69120500,0,0
2023-02-13,1436.666667,1458.333333,1433.333333,1443.333333,97800,141355500,0,0
2023-02-14,1455,1458.333333,1448.333333,1455,45300,65835500,0,0
2023-02-15,1455,1455,1448.333333,1450,33300,48321000,0,0
2023-02-16,1458.333333,1458.333333,1450,1451.666667,43800,63632000,0,0
2023-02-17,1451.666667,1451.666667,1440,1443.333333,26700,38568000,0,0
2023-02-20,1446.666667,1446.666667,1438.333333,1440,33300,47985000,0,0
2023-02-21,1421.666667,1433.333333,1421.666667,1428.333333,63900,91234000,0,0
2023-02-22,1426.666667,1441.666667,1425,1431.666667,94500,135531500,0,0
2023-02-24,1435,1435,1425,1435,49200,70500000,0,0
2023-02-27,1435,1435,1418.333333,1418.333333,43500,61970500,0,0
2023-02-28,1420,1420,1401.666667,1403.333333,61500,86498500,0,0
2023-03-01,1405,1408.333333,1398.333333,1401.666667,104700,146901500,0,0
2023-03-02,1410,1420,1408.333333,1420,48300,68408500,0,0
2023-03-03,1421.666667,1425,1418.333333,1423.333333,49500,70427500,0,0
2023-03-06,1426.666667,1430,1416.666667,1425,68700,97805000,0,0
2023-03-07,1423.333333,1435,1423.333333,1428.333333,54900,78491000,0,0
2023-03-08,1428.333333,1440,1428.333333,1440,59700,85720500,0,0
2023-03-09,1445,1458.333333,1441.666667,1453.333333,70800,102873000,0,0
2023-03-10,1453.333333,1460,1443.333333,1445,90900,131913500,0,0
2023-03-13,1441.666667,1441.666667,1425,1435,46500,66613500,0,0
2023-03-14,1420,1421.666667,1406.666667,1415,74100,104869000,0,0
2023-03-15,1416.666667,1426.666667,1416.666667,1423.333333,40200,57167500,0,0
2023-03-16,1408.333333,1425,1406.666667,1420,53400,75579500,0,0
2023-03-17,1426.666667,1428.333333,1418.333333,1425,61200,87172500,0,0
2023-03-20,1418.333333,1420,1413.333333,1418.333333,39600,56108000,0,0
2023-03-22,1416.666667,1418.333333,1410,1413.333333,65100,92027000,0,0
2023-03-23,1405,1416.666667,1400,1416.666667,52800,74311000,0,0
2023-03-24,1416.666667,1436.666667,1415,1435,56100,80288000,0,0
2023-03-27,1443.333333,1453.333333,1440,1445,67500,97734000,0,0
2023-03-28,1446.666667,1446.666667,1431.666667,1443.333333,40500,58294000,0,0
2023-03-29,1450,1480,1445,1470,108900,159570000,0,0
2023-03-30,1466.666667,1468.333333,1453.333333,1468.333333,66900,97993500,0,0
2023-03-31,1480,1480,1461.666667,1465,52500,77092500,0,0
2023-04-03,1468.333333,1480,1463.333333,1470,52500,77165000,0,0
2023-04-04,1466.666667,1466.666667,1450,1461.666667,82200,119950000,0,0
2023-04-05,1458.333333,1461.666667,1445,1450,69000,100254500,0,0
2023-04-06,1450,1466.666667,1448.333333,1455,52500,76487500,0,0
2023-04-07,1463.333333,1465,1450,1451.666667,39300,57215000,0,0
2023-04-10,1453.333333,1465,1451.666667,1463.333333,42300,61682000,0,0
2023-04-11,1463.333333,1473.333333,1450,1451.666667,49500,72095000,0,0
2023-04-12,1461.666667,1461.666667,1440,1446.666667,51900,75199000,0,0
2023-04-13,1436.666667,1456.666667,1436.666667,1451.666667,36000,52211000,0,0
2023-04-14,1448.333333,1475,1448.333333,1473.333333,54600,80163000,0,0
2023-04-17,1481.666667,1481.666667,1473.333333,1480,29100,43046500,0,0
2023-04-18,1483.333333,1498.333333,1483.333333,1490,55800,83184000,0,0
2023-04-19,1488.333333,1490,1481.666667,1488.333333,41700,61987500,0,0
2023-04-20,1485,1490,1481.666667,1481.666667,38700,57462500,0,0
2023-04-21,1481.666667,1503.333333,1481.666667,1496.666667,80400,120403500,0,0
2023-04-24,1496.666667,1508.333333,1496.666667,1500,38400,57655000,0,0
2023-04-25,1501.666667,1518.333333,1501.666667,1506.666667,46800,70628000,0,0
2023-04-26,1500,1506.666667,1483.333333,1483.333333,46500,69408000,0,0
2023-04-27,1480,1486.666667,1476.666667,1481.666667,44400,65766000,0,0
2023-04-28,1491.666667,1515,1491.666667,1510,81300,122650500,0,0
2023-05-01,1518.333333,1533.333333,1513.333333,1521.666667,83700,127537500,0,0
2023-05-02,1533.333333,1533.333333,1508.333333,1518.333333,62400,94885000,0,0
2023-05-08,1503.333333,1520,1496.666667,1500,72600,109278500,0,0
2023-05-09,1463.333333,1490,1460,1483.333333,164400,242828500,0,0
2023-05-10,1486.666667,1490,1461.666667,1466.666667,93000,137058500,0,0
2023-05-11,1453.333333,1453.333333,1426.666667,1426.666667,197700,284110500,0,0
2023-05-12,1425,1440,1421.666667,1440,108000,154713000,0,0
2023-05-15,1451.666667,1466.666667,1446.666667,1456.666667,67500,98332000,0,0
2023-05-16,1456.666667,1465,1456.666667,1461.666667,41400,60463500,0,0
2023-05-17,1465,1465,1443.333333,1446.666667,73500,106714000,0,0
2023-05-18,1460,1460,1435,1441.666667,67800,97805500,0,0
2023-05-19,1441.666667,1441.666667,1428.333333,1430,88800,127360000,0,0
2023-05-22,1433.333333,1440,1428.333333,1430,59100,84634000,0,0
2023-05-23,1436.666667,1440,1418.333333,1425,73800,105491500,0,0
2023-05-24,1421.666667,1428.333333,1420,1420,52200,74288500,0,0
2023-05-25,1425,1430,1410,1410,88200,125028000,0,0
2023-05-26,1406.666667,1410,1400,1400,81000,113726500,0,0
2023-05-29,1401.666667,1405,1393.333333,1393.333333,116700,163062500,0,0
2023-05-30,1393.333333,1393.333333,1378.333333,1378.333333,155100,214591000,0,0
2023-05-31,1378.333333,1380,1363.333333,1366.666667,178200,244028000,0,0
2023-06-01,1366.666667,1385,1366.666667,1373.333333,64800,89054000,0,0
2023-06-02,1385,1408.333333,1385,1398.333333,122700,171571000,0,0
2023-06-05,1413.333333,1413.333333,1398.333333,1403.333333,81900,114926000,0,0
2023-06-06,1403.333333,1403.333333,1391.666667,1401.666667,66600,93134500,0,0
2023-06-07,1403.333333,1410,1400,1405,93900,131888000,0,0
2023-06-08,1405,1413.333333,1395,1406.666667,132600,186282500,0,0
2023-06-09,1413.333333,1426.666667,1410,1410,150600,213525500,0,0
2023-06-12,1416.666667,1420,1411.666667,1415,54000,76454500,0,0
2023-06-13,1421.666667,1423.333333,1411.666667,1411.666667,61800,87487000,0,0
2023-06-14,1416.666667,1416.666667,1410,1413.333333,61500,86952500,0,0
2023-06-15,1415,1418.333333,1403.333333,1403.333333,60000,84503000,0,0
2023-06-16,1403.333333,1410,1396.666667,1408.333333,133800,188143500,0,0
2023-06-19,1411.666667,1415,1401.666667,1415,60300,85014000,0,0
2023-06-20,1415,1421.666667,1410,1421.666667,72600,102964500,0,0
2023-06-21,1423.333333,1440,1423.333333,1433.333333,116700,167069500,0,0
2023-06-22,1435,1436.666667,1408.333333,1410,77100,109334000,0,0
2023-06-23,1411.666667,1420,1408.333333,1420,59700,84475000,0,0
2023-06-26,1420,1420,1406.666667,1415,54300,76899500,0,0
2023-06-27,1420,1441.666667,1415,1440,132300,189820500,0,0
2023-06-28,1438.333333,1458.333333,1438.333333,1456.666667,91200,132343500,0,0
2023-06-29,1456.666667,1460,1441.666667,1446.666667,117900,170793500,0,0
2023-06-30,1446.666667,1446.666667,1435,1441.666667,66300,95435000,0,0
2023-07-03,1446.666667,1463.333333,1443.333333,1450,78600,114428000,0,0
2023-07-04,1451.666667,1461.666667,1440,1450,89100,129315500,0,0
2023-07-05,1446.666667,1448.333333,1433.333333,1438.333333,43800,63066000,0,0
2023-07-06,1436.666667,1438.333333,1421.666667,1430,64200,91777000,0,0
2023-07-07,1416.666667,1430,1411.666667,1415,90000,127640500,0,0
2023-07-10,1415,1430,1415,1423.333333,69300,98566000,0,0
2023-07-11,1425,1443.333333,1425,1441.666667,102000,146481000,0,0
2023-07-12,1441.666667,1450,1426.666667,1430,96300,138537000,0,0
2023-07-13,1430,1436.666667,1420,1420,51600,73538000,0,0
2023-07-14,1423.333333,1428.333333,1413.333333,1416.666667,36600,51903500,0,0
2023-07-18,1411.666667,1421.666667,1410,1420,41100,58252000,0,0
2023-07-19,1421.666667,1431.666667,1421.666667,1430,40500,57794000,0,0
2023-07-20,1430,1435,1418.333333,1418.333333,21000,29874000,0,0
2023-07-21,1418.333333,1433.333333,1416.666667,1431.666667,41700,59545500,0,0
2023-07-24,1436.666667,1438.333333,1431.666667,1438.333333,23700,34037500,0,0
2023-07-25,1435,1448.333333,1435,1448.333333,87600,126424000,0,0
2023-07-26,1448.333333,1450,1438.333333,1450,57600,83352000,0,0
2023-07-27,1450,1450,1435,1445,52800,76100000,0,0
2023-07-28,1440,1450,1436.666667,1448.333333,61800,89390000,0,0
2023-07-31,1460,1461.666667,1448.333333,1455,70800,103044500,0,0
2023-08-01,1456.666667,1456.666667,1443.333333,1448.333333,42600,61705500,0,0
2023-08-02,1445,1445,1433.333333,1440,65400,94074000,0,0
2023-08-03,1435,1435,1426.666667,1435,66600,95451000,0,0
2023-08-04,1436.666667,1455,1395,1406.666667,267300,380698000,0,0
2023-08-07,1423.333333,1445,1408.333333,1420,134100,190730500,0,0
2023-08-08,1420,1443.333333,1416.666667,1441.666667,82800,118717000,0,0
2023-08-09,1445,1445,1421.666667,1426.666667,49800,71104500,0,0
2023-08-10,1418.333333,1433.333333,1411.666667,1433.333333,65700,93550500,0,0
2023-08-14,1436.666667,1436.666667,1430,1436.666667,38100,54635500,0,0
2023-08-15,1435,1435,1426.666667,1430,34500,49342000,0,0
2023-08-16,1428.333333,1433.333333,1423.333333,1430,23700,33864500,0,0
2023-08-17,1430,1433.333333,1421.666667,1428.333333,42300,60430000,0,0
2023-08-18,1431.666667,1431.666667,1416.666667,1420,36900,52471000,0,0
2023-08-21,1425,1433.333333,1421.666667,1431.666667,31200,44603000,0,0
2023-08-22,1431.666667,1441.666667,1426.666667,1440,36300,52104500,0,0
2023-08-23,1436.666667,1443.333333,1430,1438.333333,33900,48718000,0,0
2023-08-24,1438.333333,1446.666667,1436.666667,1443.333333,49800,71839500,0,0
2023-08-25,1443.333333,1443.333333,1433.333333,1443.333333,32400,46650000,0,0
2023-08-28,1448.333333,1461.666667,1448.333333,1460,68400,99506000,0,0
2023-08-29,1465,1476.666667,1461.666667,1465,74400,109175000,0,0
2023-08-30,1468.333333,1481.666667,1468.333333,1478.333333,78900,116627000,0,0
2023-08-31,1483.333333,1483.333333,1468.333333,1470,65100,95888500,0,0
2023-09-01,1470,1505,1468.333333,1495,168600,251637000,0,0
2023-09-04,1498.333333,1498.333333,1481.666667,1486.666667,71700,106762500,0,0
2023-09-05,1480,1485,1466.666667,1483.333333,84000,124064000,0,0
2023-09-06,1480,1480,1468.333333,1471.666667,56700,83544500,0,0
2023-09-07,1466.666667,1481.666667,1460,1468.333333,87900,129237500,0,0
2023-09-08,1461.666667,1470,1443.333333,1455,112800,164340500,0,0
2023-09-11,1458.333333,1466.666667,1450,1466.666667,59700,87160000,0,0
2023-09-12,1468.333333,1478.333333,1465,1475,39600,58344500,0,0
2023-09-13,1475,1475,1460,1463.333333,66600,97669500,0,0
2023-09-14,1465,1470,1461.666667,1466.666667,65700,96299500,0,0
2023-09-15,1465,1476.666667,1456.666667,1466.666667,163800,240251500,0,0
2023-09-19,1463.333333,1463.333333,1441.666667,1450,171000,248421500,0,0
2023-09-20,1448.333333,1453.333333,1446.666667,1446.666667,112500,162991000,0,0
2023-09-21,1441.666667,1450,1430,1430,150600,216325000,0,0
2023-09-22,1426.666667,1426.666667,1410,1413.333333,251100,356131000,0,0
2023-09-25,1413.333333,1421.666667,1403.333333,1420,179700,254122500,0,0
2023-09-26,1420,1430,1413.333333,1416.666667,264300,375556000,0,0
2023-09-27,1403.333333,1411.666667,1395,1406.666667,503700,706846500,0,0
2023-09-28,1390,1396.666667,1368.333333,1370,252000,347433500,0,0
2023-09-29,1376.666667,1376.666667,1360,1365,153300,209375000,0,0
2023-10-02,1376.666667,1378.333333,1360,1360,125100,171078000,0,0
2023-10-03,1368.333333,1376.666667,1356.666667,1370,103500,141635000,0,0
2023-10-04,1370,1375,1361.666667,1368.333333,134400,184071500,0,0
2023-10-05,1368.333333,1395,1368.333333,1395,94800,131477000,0,0
2023-10-06,1393.333333,1398.333333,1385,1386.666667,83700,116405000,0,0
2023-10-10,1383.333333,1386.666667,1375,1381.666667,119700,165289500,0,0
2023-10-11,1383.333333,1383.333333,1368.333333,1368.333333,95700,131291000,0,0
2023-10-12,1368.333333,1368.333333,1355,1368.333333,87900,119758500,0,0
2023-10-13,1361.666667,1365,1351.666667,1356.666667,130800,177395500,0,0
2023-10-16,1356.666667,1356.666667,1323.333333,1323.333333,252300,336960500,0,0
2023-10-17,1323.333333,1331.666667,1308.333333,1315,144600,190475000,0,0
2023-10-18,1310,1313.333333,1300,1303.333333,135600,176975000,0,0
2023-10-19,1300,1325,1293.333333,1321.666667,186300,244073000,0,0
2023-10-20,1326.666667,1326.666667,1311.666667,1318.333333,60900,80260000,0,0
2023-10-23,1330,1333.333333,1323.333333,1331.666667,83700,111373500,0,0
2023-10-24,1331.666667,1336.666667,1318.333333,1335,114000,151576000,0,0
2023-10-25,1336.666667,1350,1331.666667,1345,120000,161278500,0,0
2023-10-26,1345,1358.333333,1333.333333,1340,119400,160207500,0,0
2023-10-27,1353.333333,1360,1343.333333,1360,93900,127137500,0,0
2023-10-30,1356.666667,1356.666667,1336.666667,1343.333333,428100,575196000,0,0
2023-10-31,1336.666667,1360,1336.666667,1360,140400,189855000,0,0
2023-11-01,1375,1380,1298.333333,1298.333333,672600,898001500,0,0
2023-11-02,1316.666667,1323.333333,1300,1305,267300,349660000,0,0
2023-11-06,1315,1316.666667,1303.333333,1308.333333,180600,236407000,0,0
2023-11-07,1311.666667,1316.666667,1290,1290,287700,373340000,0,0
2023-11-08,1293.333333,1298.333333,1281.666667,1286.666667,207900,267695500,0,0
2023-11-09,1293.333333,1296.666667,1278.333333,1293.333333,115800,148991500,0,0
2023-11-10,1295,1305,1291.666667,1305,109200,141988500,0,0
2023-11-13,1308.333333,1308.333333,1296.666667,1298.333333,68100,88607000,0,0
2023-11-14,1303.333333,1306.666667,1296.666667,1298.333333,63900,83164500,0,0
2023-11-15,1300,1305,1298.333333,1300,60000,78076500,0,0
2023-11-16,1301.666667,1301.666667,1285,1285,96000,123906500,0,0
2023-11-17,1283.333333,1296.666667,1283.333333,1293.333333,126900,163471000,0,0
2023-11-20,1293.333333,1296.666667,1281.666667,1281.666667,109500,140862500,0,0
2023-11-21,1286.666667,1298.333333,1285,1298.333333,77100,99690000,0,0
2023-11-22,1296.666667,1305,1295,1301.666667,64500,83918000,0,0
2023-11-24,1305,1306.666667,1298.333333,1306.666667,83700,109095000,0,0
2023-11-27,1306.666667,1315,1306.666667,1306.666667,75300,98600000,0,0
2023-11-28,1311.666667,1313.333333,1305,1310,56400,73825500,0,0
2023-11-29,1310,1310,1301.666667,1301.666667,75000,97904500,0,0
2023-11-30,1301.666667,1303.333333,1291.666667,1295,127200,165035000,0,0
2023-12-01,1305,1305,1291.666667,1291.666667,61800,80011500,0,0
2023-12-04,1296.666667,1296.666667,1285,1286.666667,94200,121446500,0,0
2023-12-05,1283.333333,1288.333333,1270,1270,245100,312876000,0,0
2023-12-06,1273.333333,1305,1271.666667,1300,224100,290455000,0,0
2023-12-07,1298.333333,1310,1295,1310,174600,227891000,0,0
2023-12-08,1310,1323.333333,1308.333333,1323.333333,201600,265431500,0,0
2023-12-11,1323.333333,1323.333333,1311.666667,1321.666667,96000,126576000,0,0
2023-12-12,1323.333333,1326.666667,1315,1318.333333,73200,96743500,0,0
2023-12-13,1313.333333,1313.333333,1301.666667,1301.666667,70200,91696500,0,0
2023-12-14,1313.333333,1315,1301.666667,1313.333333,81300,106460500,0,0
2023-12-15,1306.666667,1311.666667,1295,1308.333333,169500,220936000,0,0
2023-12-18,1306.666667,1308.333333,1296.666667,1308.333333,77100,100502000,0,0
2023-12-19,1313.333333,1313.333333,1298.333333,1306.666667,76800,100144000,0,0
2023-12-20,1305,1308.333333,1303.333333,1305,49200,64221000,0,0
2023-12-21,1305,1315,1305,1311.666667,82800,108467500,0,0
2023-12-22,1310,1325,1303.333333,1321.666667,162300,213714000,0,0
2023-12-25,1335,1343.333333,1330,1338.333333,111000,148377500,0,0
2023-12-26,1338.333333,1340,1328.333333,1335,96900,129337500,0,0
2023-12-27,1335,1350,1333.333333,1346.666667,119700,160786500,0,0
2023-12-28,1346.666667,1360,1345,1356.666667,86100,116734000,0,0
2023-12-29,1356.666667,1381.666667,1355,1368.333333,224100,306918000,0,0
2024-01-04,1373.333333,1383.333333,1363.333333,1383.333333,122400,168385000,0,0
2024-01-05,1380,1380,1353.333333,1355,109800,149735000,0,0
2024-01-09,1353.333333,1375,1351.666667,1375,167700,228821500,0,0
2024-01-10,1375,1375,1360,1360,104400,142558500,0,0
2024-01-11,1363.333333,1375,1361.666667,1370,155100,212340000,0,0
2024-01-12,1371.666667,1373.333333,1358.333333,1360,110100,150262000,0,0
2024-01-15,1366.666667,1375,1361.666667,1373.333333,61500,84277500,0,0
2024-01-16,1375,1390,1370,1376.666667,154800,213973000,0,0
2024-01-17,1378.333333,1388.333333,1371.666667,1376.666667,84300,116373500,0,0
2024-01-18,1376.666667,1383.333333,1375,1376.666667,56400,77741500,0,0
2024-01-19,1378.333333,1383.333333,1370,1371.666667,72900,100172500,0,0
2024-01-22,1371.666667,1385,1371.666667,1378.333333,52200,71943500,0,0
2024-01-23,1378.333333,1388.333333,1375,1376.666667,67500,93242500,0,0
2024-01-24,1373.333333,1373.333333,1358.333333,1366.666667,70500,96239500,0,0
2024-01-25,1375,1385,1373.333333,1383.333333,84000,116022000,0,0
2024-01-26,1383.333333,1390,1373.333333,1390,105000,145378500,0,0
2024-01-29,1390,1396.666667,1378.333333,1380,131400,182648000,0,0
2024-01-30,1386.666667,1395,1375,1376.666667,87300,120728500,0,0
2024-01-31,1388.333333,1401.666667,1385,1396.666667,142500,198649000,0,0
2024-02-01,1396.666667,1411.666667,1383.333333,1408.333333,220800,309537500,0,0
2024-02-02,1416.666667,1495,1371.666667,1491.666667,785100,1144345500,0,0
2024-02-05,1491.666667,1588.333333,1466.666667,1576.666667,1290300,2001221000,0,0
2024-02-06,1560,1563.333333,1486.666667,1486.666667,301200,456445500,0,0
2024-02-07,1505,1531.666667,1496.666667,1513.333333,346200,523449500,0,0
2024-02-08,1513.333333,1526.666667,1496.666667,1510,227100,343408500,0,0
2024-02-09,1491.666667,1491.666667,1471.666667,1480,131700,195097500,0,0
2024-02-13,1470,1496.666667,1466.666667,1490,110100,163452000,0,0
2024-02-14,1468.333333,1480,1458.333333,1461.666667,70800,103805500,0,0
2024-02-15,1456.666667,1458.333333,1445,1453.333333,54900,79736500,0,0
2024-02-16,1453.333333,1483.333333,1453.333333,1476.666667,74700,110232000,0,0
2024-02-19,1476.666667,1481.666667,1468.333333,1476.666667,60000,88447000,0,0
2024-02-20,1480,1486.666667,1461.666667,1466.666667,98100,144213500,0,0
2024-02-21,1470,1488.333333,1468.333333,1471.666667,115800,171016500,0,0
2024-02-22,1476.666667,1476.666667,1458.333333,1463.333333,60600,88706500,0,0
2024-02-26,1465,1471.666667,1450,1455,82200,119875000,0,0
2024-02-27,1453.333333,1478.333333,1450,1470,110100,161543000,0,0
2024-02-28,1458.333333,1483.333333,1458.333333,1468.333333,69900,102845000,0,0
2024-02-29,1468.333333,1480,1451.666667,1461.666667,134700,197062500,0,0
2024-03-01,1458.333333,1458.333333,1435,1441.666667,84600,122020500,0,0
2024-03-04,1451.666667,1455,1435,1436.666667,86700,125024500,0,0
2024-03-05,1435,1450,1433.333333,1441.666667,62400,89856500,0,0
2024-03-06,1438.333333,1451.666667,1438.333333,1445,83700,120940000,0,0
2024-03-07,1453.333333,1455,1440,1453.333333,56100,81361500,0,0
2024-03-08,1450,1458.333333,1440,1451.666667,99900,144847500,0,0
2024-03-11,1456.666667,1461.666667,1433.333333,1443.333333,68100,98463000,0,0
2024-03-12,1443.333333,1445,1430,1438.333333,55800,80134500,0,0
2024-03-13,1445,1450,1435,1440,59700,86003500,0,0
2024-03-14,1436.666667,1461.666667,1436.666667,1458.333333,50100,72669500,0,0
2024-03-15,1451.666667,1460,1448.333333,1456.666667,74400,108285000,0,0
2024-03-18,1456.666667,1458.333333,1440,1445,115200,166920500,0,0
2024-03-19,1445,1455,1436.666667,1451.666667,67800,98165000,0,0
2024-03-21,1450,1450,1426.666667,1431.666667,99000,142162500,0,0
2024-03-22,1426.666667,1445,1423.333333,1441.666667,95100,136365500,0,0
2024-03-25,1433.333333,1443.333333,1430,1431.666667,82500,118352500,0,0
2024-03-26,1426.666667,1426.666667,1415,1421.666667,107100,152305500,0,0
2024-03-27,1425,1451.666667,1425,1445,126300,182052500,0,0
2024-03-28,1433.333333,1441.666667,1410,1415,73200,103877000,0,0
2024-03-29,1420,1425,1413.333333,1423.333333,77400,109975000,0,0
2024-04-01,1425,1426.666667,1411.666667,1413.333333,62100,88122000,0,0
2024-04-02,1413.333333,1413.333333,1378.333333,1380,175800,244036000,0,0
2024-04-03,1368.333333,1383.333333,1365,1380,158100,217403000,0,0
2024-04-04,1375,1383.333333,1366.666667,1376.666667,109200,150177500,0,0
2024-04-05,1366.666667,1375,1360,1373.333333,100500,137591500,0,0
2024-04-08,1380,1388.333333,1371.666667,1388.333333,85200,117867000,0,0
2024-04-09,1380,1388.333333,1375,1388.333333,63000,87217000,0,0
2024-04-10,1388.333333,1393.333333,1383.333333,1386.666667,56100,77833000,0,0
2024-04-11,1385,1388.333333,1373.333333,1388.333333,80100,110817500,0,0
2024-04-12,1388.333333,1398.333333,1385,1391.666667,83400,116029000,0,0
2024-04-15,1385,1391.666667,1378.333333,1386.666667,72300,100106000,0,0
2024-04-16,1378.333333,1378.333333,1368.333333,1371.666667,72600,99577500,0,0
2024-04-17,1371.666667,1375,1355,1360,114900,156406500,0,0
2024-04-18,1361.666667,1368.333333,1333.333333,1338.333333,235200,316398500,0,0
2024-04-19,1333.333333,1341.666667,1325,1341.666667,161100,215024500,0,0
2024-04-22,1345,1360,1340,1356.666667,109800,148543000,0,0
2024-04-23,1361.666667,1368.333333,1356.666667,1360,74100,100981500,0,0
2024-04-24,1368.333333,1395,1360,1395,187500,259714000,0,0
2024-04-25,1395,1395,1366.666667,1378.333333,69900,96386000,0,0
2024-04-26,1378.333333,1383.333333,1371.666667,1380,62400,86063500,0,0
2024-04-30,1393.333333,1393.333333,1380,1386.666667,60600,84045500,0,0
2024-05-01,1383.333333,1393.333333,1373.333333,1373.333333,70800,97820500,0,0
2024-05-02,1371.666667,1380,1366.666667,1368.333333,48600,66663000,0,0
2024-05-07,1368.333333,1368.333333,1355,1363.333333,111000,150987000,0,0
2024-05-08,1363.333333,1365,1351.666667,1360,117000,159131000,0,0
2024-05-09,1353.333333,1365,1353.333333,1353.333333,74100,100612500,0,0
2024-05-10,1353.333333,1363.333333,1343.333333,1345,125700,169716500,0,0
2024-05-13,1355,1361.666667,1348.333333,1361.666667,51300,69508500,0,0
2024-05-14,1361.666667,1361.666667,1350,1360,57900,78604500,0,0
2024-05-15,1363.333333,1403.333333,1351.666667,1361.666667,315000,432864500,0,0
2024-05-16,1333.333333,1338.333333,1300,1305,336300,441167500,0,0
2024-05-17,1303.333333,1310,1296.666667,1303.333333,180000,234422500,0,0
2024-05-20,1306.666667,1325,1306.666667,1316.666667,76800,101158500,0,0
2024-05-21,1316.666667,1331.666667,1315,1331.666667,86700,115080500,0,0
2024-05-22,1331.666667,1335,1321.666667,1325,71100,94386000,0,0
2024-05-23,1321.666667,1330,1318.333333,1328.333333,47400,62837000,0,0
2024-05-24,1316.666667,1336.666667,1316.666667,1333.333333,56400,75032000,0,0
2024-05-27,1333.333333,1336.666667,1325,1326.666667,50700,67412500,0,0
2024-05-28,1330,1330,1315,1320,56100,74102000,0,0
2024-05-29,1320,1323.333333,1303.333333,1306.666667,75600,99140000,0,0
2024-05-30,1301.666667,1316.666667,1301.666667,1316.666667,49500,64918000,0,0
2024-05-31,1323.333333,1328.333333,1320,1323.333333,76200,100921500,0,0
2024-06-03,1331.666667,1336.666667,1328.333333,1335,59100,78807000,0,0
2024-06-04,1335,1346.666667,1330,1341.666667,61500,82466000,0,0
2024-06-05,1330,1356.666667,1330,1355,81000,109092000,0,0
2024-06-06,1355,1356.666667,1346.666667,1356.666667,50700,68684500,0,0
2024-06-07,1353.333333,1361.666667,1351.666667,1361.666667,37500,50916500,0,0
2024-06-10,1361.666667,1373.333333,1361.666667,1371.666667,70800,96861000,0,0
2024-06-11,1371.666667,1375,1358.333333,1358.333333,61200,83555500,0,0
2024-06-12,1358.333333,1361.666667,1355,1356.666667,33900,46040500,0,0
2024-06-13,1368.333333,1368.333333,1343.333333,1346.666667,57000,76850000,0,0
2024-06-14,1336.666667,1370,1336.666667,1370,113400,153922500,0,0
2024-06-17,1351.666667,1371.666667,1350,1368.333333,60300,82123000,0,0
2024-06-18,1368.333333,1378.333333,1368.333333,1376.666667,69600,95720000,0,0
2024-06-19,1376.666667,1383.333333,1371.666667,1383.333333,46800,64558500,0,0
2024-06-20,1383.333333,1393.333333,1381.666667,1391.666667,100800,140067000,0,0
2024-06-21,1376.666667,1406.666667,1376.666667,1396.666667,253500,354128500,0,0
2024-06-24,1410,1431.666667,1405,1425,124500,177014500,0,0
2024-06-25,1423.333333,1433.333333,1411.666667,1416.666667,110100,156488000,0,0
2024-06-26,1416.666667,1431.666667,1410,1413.333333,94800,134278500,0,0
2024-06-27,1420,1428.333333,1418.333333,1426.666667,68700,97884000,0,0
2024-06-28,1426.666667,1428.333333,1410,1415,50700,71918000,0,0
2024-07-01,1415,1416.666667,1395,1400,58200,81567000,0,0
2024-07-02,1405,1415,1396.666667,1401.666667,87000,122348000,0,0
2024-07-03,1400,1408.333333,1395,1396.666667,49500,69278500,0,0
2024-07-04,1398.333333,1413.333333,1398.333333,1408.333333,48600,68436500,0,0
2024-07-05,1408.333333,1411.666667,1395,1395,37500,52547000,0,0
2024-07-08,1395,1406.666667,1395,1405,63000,88211000,0,0
2024-07-09,1406.666667,1420,1405,1410,69300,97769000,0,0
2024-07-10,1410,1413.333333,1398.333333,1406.666667,81900,115272500,0,0
2024-07-11,1415,1418.333333,1406.666667,1410,49200,69508500,0,0
2024-07-12,1411.666667,1423.333333,1411.666667,1416.666667,51300,72723500,0,0
2024-07-16,1420,1423.333333,1416.666667,1416.666667,38700,54930500,0,0
2024-07-17,1416.666667,1431.666667,1416.666667,1428.333333,43200,61587500,0,0
2024-07-18,1426.666667,1436.666667,1425,1428.333333,74700,106981500,0,0
2024-07-19,1428.333333,1428.333333,1411.666667,1421.666667,39300,55862500,0,0
2024-07-22,1421.666667,1428.333333,1413.333333,1420,39000,55495000,0,0
2024-07-23,1420,1436.666667,1420,1436.666667,44100,63080000,0,0
2024-07-24,1436.666667,1436.666667,1426.666667,1430,48900,70046500,0,0
2024-07-25,1425,1445,1425,1440,83400,120005000,0,0
2024-07-26,1440,1443.333333,1431.666667,1435,99000,142178500,0,0
2024-07-29,1443.333333,1443.333333,1430,1443.333333,120300,172784500,0,0
2024-07-30,1443.333333,1443.333333,1426.666667,1435,65400,93835500,0,0
2024-07-31,1443.333333,1458.333333,1441.666667,1458.333333,153600,223017000,0,0
2024-08-01,1443.333333,1443.333333,1426.666667,1436.666667,74400,106701500,0,0
2024-08-02,1426.666667,1438.333333,1373.333333,1381.666667,119100,166454500,0,0
2024-08-05,1390,1450,1385,1421.666667,303900,430995500,0,0
2024-08-06,1421.666667,1428.333333,1353.333333,1363.333333,195600,271365500,0,0
2024-08-07,1363.333333,1423.333333,1351.666667,1391.666667,112200,156468000,0,0
2024-08-08,1390,1425,1390,1390,57000,79649500,0,0
2024-08-09,1436.666667,1436.666667,1401.666667,1425,110400,157449500,0,0
2024-08-13,1426.666667,1433.333333,1415,1428.333333,37500,53442000,0,0
2024-08-14,1428.333333,1428.333333,1410,1425,41100,58330000,0,0
2024-08-15,1428.333333,1453.333333,1423.333333,1445,180900,261177500,0,0
2024-08-16,1453.333333,1476.666667,1431.666667,1433.333333,114600,165953000,0,0
2024-08-19,1433.333333,1456.666667,1433.333333,1446.666667,120600,174194000,0,0
2024-08-20,1450,1466.666667,1443.333333,1466.666667,116100,168487500,0,0
2024-08-21,1450,1455,1435,1443.333333,48000,69409000,0,0
2024-08-22,1450,1456.666667,1440,1450,69900,101247000,0,0
2024-08-23,1455,1458.333333,1446.666667,1451.666667,41700,60502500,0,0
2024-08-26,1453.333333,1470,1453.333333,1466.666667,81300,118914500,0,0
2024-08-27,1466.666667,1486.666667,1450,1473.333333,185700,273073500,0,0
2024-08-28,1473.333333,1473.333333,1450,1466.666667,37800,55293000,0,0
2024-08-29,1466.666667,1475,1460,1471.666667,73200,107612000,0,0
2024-08-30,1471.666667,1490,1465,1490,67500,100098500,0,0
2024-09-02,1500,1516.666667,1478.333333,1488.333333,198300,297083500,0,0
2024-09-03,1486.666667,1515,1476.666667,1508.333333,270900,407100000,0,0
2024-09-04,1505,1525,1493.333333,1511.666667,310500,469665000,0,0
2024-09-05,1516.666667,1538.333333,1513.333333,1538.333333,217200,331512500,0,0
2024-09-06,1531.666667,1540,1503.333333,1513.333333,95700,145501500,0,0
2024-09-09,1508.333333,1556.666667,1506.666667,1551.666667,171600,263636500,0,0
2024-09-10,1556.666667,1573.333333,1550,1565,165000,257686000,0,0
2024-09-11,1560,1560,1520,1533.333333,108900,167260000,0,0
2024-09-12,1530,1543.333333,1521.666667,1533.333333,91500,140125000,0,0
2024-09-13,1523.333333,1533.333333,1500,1501.666667,124800,188991500,0,0
2024-09-17,1501.666667,1516.666667,1483.333333,1503.333333,142200,213222500,0,0
2024-09-18,1501.666667,1515,1485,1495,110400,165139000,0,0
2024-09-19,1496.666667,1501.666667,1473.333333,1473.333333,141600,210298500,0,0
2024-09-20,1473.333333,1488.333333,1473.333333,1480,166200,245572500,0,0
2024-09-24,1485,1488.333333,1475,1483.333333,259200,384416000,0,0
2024-09-25,1473.333333,1475,1460,1471.666667,259500,381563000,0,0
2024-09-26,1471.666667,1488.333333,1465,1481.666667,456300,674176000,0,0
2024-09-27,1473.333333,1518.333333,1473.333333,1508.333333,238500,357436000,0,0
2024-09-30,1485,1506.666667,1483.333333,1491.666667,113100,168799500,0,0
2024-10-01,1500,1506.666667,1488.333333,1493.333333,55500,83044500,0,0
2024-10-02,1498.333333,1503.333333,1470,1478.333333,103200,152877000,0,0
2024-10-03,1496.666667,1498.333333,1471.666667,1476.666667,78300,115920500,0,0
2024-10-04,1480,1495,1475,1485,70200,104187500,0,0
2024-10-07,1493.333333,1495,1466.666667,1470,99600,146841500,0,0
2024-10-08,1471.666667,1475,1456.666667,1468.333333,89700,131633500,0,0
2024-10-09,1461.666667,1483.333333,1461.666667,1480,45300,66830500,0,0
2024-10-10,1471.666667,1483.333333,1470,1483.333333,34800,51424500,0,0
2024-10-11,1485,1485,1463.333333,1463.333333,69300,101858000,0,0
2024-10-15,1461.666667,1488.333333,1461.666667,1481.666667,80100,118375500,0,0
2024-10-16,1473.333333,1483.333333,1430,1435,123000,178065500,0,0
2024-10-17,1441.666667,1443.333333,1423.333333,1423.333333,77700,111017500,0,0
2024-10-18,1418.333333,1436.666667,1410,1436.666667,74100,105791000,0,0
2024-10-21,1431.666667,1431.666667,1415,1421.666667,60300,85783000,0,0
2024-10-22,1428.333333,1428.333333,1406.666667,1410,62100,87729500,0,0
2024-10-23,1406.666667,1406.666667,1386.666667,1386.666667,84900,118362000,0,0
2024-10-24,1410,1423.333333,1390,1408.333333,89400,125974000,0,0
2024-10-25,1420,1425,1401.666667,1411.666667,100500,141822500,0,0
2024-10-28,1411.666667,1423.333333,1403.333333,1416.666667,87300,123713000,0,0
2024-10-29,1418.333333,1446.666667,1418.333333,1441.666667,173700,249789500,0,0
2024-10-30,1418.333333,1456.666667,1405,1445,525000,756360000,0,0
2024-10-31,1458.333333,1478.333333,1443.333333,1478.333333,183300,269264500,0,0
2024-11-01,1461.666667,1461.666667,1423.333333,1440,102300,147094000,0,0
2024-11-05,1446.666667,1453.333333,1421.666667,1443.333333,81600,117549000,0,0
2024-11-06,1451.666667,1465,1446.666667,1446.666667,62700,91103000,0,0
2024-11-07,1448.333333,1461.666667,1446.666667,1450,82500,119982500,0,0
2024-11-08,1450,1465,1441.666667,1441.666667,59700,86670000,0,0
2024-11-11,1435,1438.333333,1416.666667,1426.666667,70200,100059500,0,0
2024-11-12,1426.666667,1436.666667,1413.333333,1413.333333,53400,75866500,0,0
2024-11-13,1410,1415,1396.666667,1403.333333,80700,113444000,0,0
2024-11-14,1403.333333,1403.333333,1378.333333,1380,55500,76909000,0,0
2024-11-15,1383.333333,1395,1380,1380,44400,61426000,0,0
2024-11-18,1380,1385,1375,1383.333333,29400,40600500,0,0
2024-11-19,1378.333333,1388.333333,1378.333333,1380,45900,63406500,0,0
2024-11-20,1380,1386.666667,1371.666667,1376.666667,30600,42186500,0,0
2024-11-21,1375,1383.333333,1370,1371.666667,23700,32569000,0,0
2024-11-22,1373.333333,1380,1366.666667,1366.666667,35700,48928500,0,0
2024-11-25,1380,1380,1368.333333,1368.333333,72000,98710500,0,0
2024-11-26,1368.333333,1386.666667,1368.333333,1385,76800,105832500,0,0
2024-11-27,1386.666667,1386.666667,1365,1375,60300,82901500,0,0
2024-11-28,1380,1396.666667,1371.666667,1396.666667,42300,58828000,0,0
2024-11-29,1395,1400,1390,1393.333333,41100,57297500,0,0
2024-12-02,1400,1400,1388.333333,1391.666667,65400,91172500,0,0
2024-12-03,1396.666667,1416.666667,1396.666667,1405,76500,107640500,0,0
2024-12-04,1400,1400,1380,1385,73200,101388000,0,0
2024-12-05,1385,1385,1373.333333,1380,41100,56640500,0,0
2024-12-06,1380,1388.333333,1376.666667,1388.333333,43200,59858000,0,0
2024-12-09,1388.333333,1391.666667,1378.333333,1380,113400,156923000,0,0
2024-12-10,1390,1390,1376.666667,1378.333333,42600,58825500,0,0
2024-12-11,1380,1383.333333,1376.666667,1376.666667,56400,77722000,0,0
2024-12-12,1381.666667,1385,1375,1375,52200,72007000,0,0
2024-12-13,1366.666667,1378.333333,1366.666667,1370,70200,96178000,0,0
2024-12-16,1366.666667,1373.333333,1360,1365,68400,93463500,0,0
2024-12-17,1356.666667,1356.666667,1330,1333.333333,208500,279249500,0,0
2024-12-18,1333.333333,1351.666667,1330,1345,294300,394326000,0,0
2024-12-19,1345,1345,1330,1341.666667,213600,285776500,0,0
2024-12-20,1355,1356.666667,1346.666667,1350,120600,163002500,0,0
2024-12-23,1356.666667,1365,1350,1358.333333,78900,107221000,0,0
2024-12-24,1366.666667,1388.333333,1365,1383.333333,90000,124097000,0,0
2024-12-25,1381.666667,1381.666667,1365,1376.666667,52200,71684500,0,0
2024-12-26,1376.666667,1386.666667,1366.666667,1376.666667,124200,170773000,0,0
2024-12-27,1383.333333,1396.666667,1380,1393.333333,90600,125956000,0,0
2024-12-30,1400,1405,1391.666667,1391.666667,76200,106470000,0,0
2025-01-06,1391.666667,1391.666667,1355,1355,128400,175393000,0,0
2025-01-07,1356.666667,1356.666667,1340,1343.333333,79800,107437000,0,0
2025-01-08,1338.333333,1341.666667,1326.666667,1326.666667,132300,176276000,0,0
2025-01-09,1318.333333,1321.666667,1303.333333,1316.666667,159300,209607000,0,0
2025-01-10,1316.666667,1316.666667,1301.666667,1301.666667,99900,130469000,0,0
2025-01-14,1300,1300,1275,1285,287100,369422500,0,0
2025-01-15,1271.666667,1288.333333,1266.666667,1285,273000,349066000,0,0
2025-01-16,1291.666667,1298.333333,1266.666667,1266.666667,267900,341430500,0,0
2025-01-17,1260,1293.333333,1256.666667,1285,278100,355382500,0,0
2025-01-20,1305,1316.666667,1286.666667,1303.333333,153900,200004500,0,0
2025-01-21,1303.333333,1328.333333,1303.333333,1316.666667,149700,197370000,0,0
2025-01-22,1331.666667,1331.666667,1308.333333,1308.333333,84000,110585000,0,0
2025-01-23,1310,1310,1298.333333,1300,77700,101143000,0,0
2025-01-24,1296.666667,1310,1296.666667,1300,82500,107541500,0,0
2025-01-27,1318.333333,1318.333333,1305,1305,70200,92107500,0,0
2025-01-28,1315,1321.666667,1306.666667,1311.666667,119400,156817000,0,0
2025-01-29,1313.333333,1315,1308.333333,1308.333333,75900,99484000,0,0
2025-01-30,1311.666667,1320,1308.333333,1320,86400,113666000,0,0
2025-01-31,1320,1320,1293.333333,1300,192600,250909500,0,0
2025-02-03,1356.666667,1373.333333,1306.666667,1313.333333,399600,532856500,0,0
2025-02-04,1315,1318.333333,1303.333333,1305,103200,135284500,0,0
2025-02-05,1310,1310,1295,1298.333333,88500,115056000,0,0
2025-02-06,1298.333333,1306.666667,1293.333333,1298.333333,99900,129783000,0,0
2025-02-07,1311.666667,1325,1306.666667,1311.666667,102600,135184500,0,0
2025-02-10,1311.666667,1321.666667,1311.666667,1313.333333,51900,68266500,0,0
2025-02-12,1320,1320,1313.333333,1316.666667,45000,59248000,0,0
2025-02-13,1323.333333,1345,1320,1336.666667,149100,199150000,0,0
2025-02-14,1348.333333,1348.333333,1331.666667,1336.666667,69000,92273000,0,0
2025-02-17,1333.333333,1338.333333,1326.666667,1326.666667,50100,66712500,0,0
2025-02-18,1326.666667,1330,1315,1315,72000,95161500,0,0
2025-02-19,1315,1323.333333,1313.333333,1315,50400,66320500,0,0
2025-02-20,1318.333333,1318.333333,1308.333333,1315,66600,87443500,0,0
2025-02-21,1313.333333,1313.333333,1283.333333,1285,139200,180296000,0,0
2025-02-25,1285,1301.666667,1283.333333,1291.666667,71100,91749500,0,0
2025-02-26,1291.666667,1293.333333,1283.333333,1293.333333,79200,102146500,0,0
2025-02-27,1293.333333,1306.666667,1293.333333,1306.666667,55200,71888000,0,0
2025-02-28,1306.666667,1306.666667,1296.666667,1296.666667,87300,113445500,0,0
2025-03-03,1306.666667,1315,1303.333333,1306.666667,75300,98537000,0,0
2025-03-04,1311.666667,1315,1305,1313.333333,48000,62888500,0,0
2025-03-05,1313.333333,1323.333333,1310,1316.666667,64200,84570500,0,0
2025-03-06,1323.333333,1326.666667,1316.666667,1323.333333,41700,55149000,0,0
2025-03-07,1323.333333,1323.333333,1305,1311.666667,90300,118663500,0,0
2025-03-10,1311.666667,1326.666667,1311.666667,1325,56100,74216000,0,0
2025-03-11,1325,1325,1301.666667,1316.666667,142500,187723500,0,0
2025-03-12,1316.666667,1336.666667,1316.666667,1333.333333,158100,210192500,0,0
2025-03-13,1333.333333,1355,1328.333333,1348.333333,160200,215355500,0,0
2025-03-14,1335,1350,1335,1336.666667,78600,105321500,0,0
2025-03-17,1346.666667,1346.666667,1330,1331.666667,57300,76550000,0,0
2025-03-18,1325,1355,1325,1346.666667,155700,209761000,0,0
2025-03-19,1346.666667,1366.666667,1346.666667,1358.333333,98100,133315500,0,0
2025-03-21,1361.666667,1363.333333,1336.666667,1336.666667,93300,125440500,0,0
2025-03-24,1353.333333,1353.333333,1328.333333,1340,55500,74301500,0,0
2025-03-25,1333.333333,1341.666667,1333.333333,1335,41700,55775500,0,0
2025-03-26,1335,1346.666667,1335,1340,87300,116924000,0,0
2025-03-27,1335,1350,1335,1346.666667,102000,137173500,0,0
2025-03-28,1343.333333,1355,1336.666667,1340,130200,174929000,0,0
2025-03-31,1340,1340,1301.666667,1301.666667,150600,197799000,0,0
2025-04-01,1301.666667,1313.333333,1293.333333,1293.333333,124800,162228000,0,0
2025-04-02,1300,1315,1276.666667,1276.666667,114600,147268500,0,0
2025-04-03,1266.666667,1286.666667,1261.666667,1281.666667,124800,159299000,0,0
2025-04-04,1268.333333,1280,1266.666667,1280,132900,169354000,0,0
2025-04-07,1248.333333,1266.666667,1223.333333,1243.333333,247800,309569000,0,0
2025-04-08,1255,1296.666667,1246.666667,1296.666667,186300,238552000,0,0
2025-04-09,1285,1298.333333,1268.333333,1293.333333,177600,228335500,0,0
2025-04-10,1316.666667,1338.333333,1296.666667,1336.666667,158700,209442500,0,0
2025-04-11,1323.333333,1336.666667,1313.333333,1335,116700,155008000,0,0
2025-04-14,1335,1358.333333,1333.333333,1350,111300,150103500,0,0
2025-04-15,1345,1350,1338.333333,1340,68700,92238500,0,0
2025-04-16,1346.666667,1348.333333,1336.666667,1345,51300,68912500,0,0
2025-04-17,1345,1350,1326.666667,1326.666667,53400,71236000,0,0
2025-04-18,1338.333333,1350,1336.666667,1350,44700,60179500,0,0
2025-04-21,1350,1366.666667,1348.333333,1366.666667,71700,97400500,0,0
2025-04-22,1360,1370,1353.333333,1368.333333,69600,95038500,0,0
2025-04-23,1370,1373.333333,1360,1360,78900,107676000,0,0
2025-04-24,1355,1355,1326.666667,1331.666667,71700,95915500,0,0
2025-04-25,1328.333333,1335,1311.666667,1318.333333,82200,108765000,0,0
2025-04-28,1318.333333,1325,1305,1316.666667,96600,127170000,0,0
2025-04-30,1320,1321.666667,1300,1320,129900,170813500,0,0
2025-05-01,1325,1325,1298.333333,1301.666667,78300,102262500,0,0
2025-05-02,1305,1305,1286.666667,1296.666667,73500,95150000,0,0
2025-05-07,1300,1308.333333,1295,1301.666667,65700,85527500,0,0
2025-05-08,1306.666667,1306.666667,1286.666667,1301.666667,74700,96731000,0,0
2025-05-09,1296.666667,1303.333333,1293.333333,1295,80700,104699500,0,0
2025-05-12,1296.666667,1303.333333,1295,1303.333333,83100,107938500,0,0
2025-05-13,1306.666667,1306.666667,1283.333333,1296.666667,226800,293232000,0,0
2025-05-14,1286.666667,1290,1266.666667,1276.666667,169500,216585500,0,0
2025-05-15,1273.333333,1283.333333,1270,1275,64500,82360500,0,0
2025-05-16,1276.666667,1286.666667,1276.666667,1286.666667,57600,73877500,0,0
2025-05-19,1293.333333,1306.666667,1285,1291.666667,92100,119240500,0,0
2025-05-20,1291.666667,1291.666667,1276.666667,1280,71100,91085500,0,0
2025-05-21,1281.666667,1285,1268.333333,1273.333333,97800,124629500,0,0
2025-05-22,1270,1273.333333,1263.333333,1263.333333,101100,127996000,0,0
2025-05-23,1270,1270,1265,1265,30600,38758000,0,0
2025-05-26,1275,1285,1266.666667,1273.333333,81900,104513500,0,0
2025-05-27,1281.666667,1290,1278.333333,1286.666667,88800,114050000,0,0
2025-05-28,1286.666667,1286.666667,1273.333333,1275,109500,140042500,0,0
2025-05-29,1271.666667,1271.666667,1263.333333,1263.333333,113100,143196500,0,0
2025-05-30,1263.333333,1265,1255,1263.333333,127800,161142000,0,0
2025-06-02,1266.666667,1266.666667,1246.666667,1246.666667,145200,181891500,0,0
2025-06-03,1251.666667,1251.666667,1243.333333,1245,78600,97955000,0,0
2025-06-04,1245,1248.333333,1230,1233.333333,168000,207672500,0,0
2025-06-05,1231.666667,1238.333333,1228.333333,1228.333333,93600,115181500,0,0
2025-06-06,1228.333333,1233.333333,1228.333333,1228.333333,40500,49791500,0,0
2025-06-09,1228.333333,1231.666667,1218.333333,1218.333333,159000,194303000,0,0
2025-06-10,1218.333333,1238.333333,1216.666667,1228.333333,148200,181976500,0,0
2025-06-11,1226.666667,1235,1226.666667,1231.666667,56400,69436000,0,0
2025-06-12,1233.333333,1233.333333,1221.666667,1226.666667,89700,109955000,0,0
2025-06-13,1223.333333,1226.666667,1218.333333,1221.666667,126900,155132000,0,0
2025-06-16,1221.666667,1235,1221.666667,1231.666667,123000,151296500,0,0
2025-06-17,1223.333333,1228.333333,1215,1225,175200,213848000,0,0
2025-06-18,1225,1238.333333,1220,1233.333333,132300,162706000,0,0
2025-06-19,1235,1238.333333,1226.666667,1226.666667,71400,87859500,0,0
2025-06-20,1226.666667,1226.666667,1215,1215,204300,248653000,0,0
2025-06-23,1215,1220,1211.666667,1216.666667,93300,113398500,0,0
2025-06-24,1223.333333,1226.666667,1210,1210,101100,122793500,0,0
2025-06-25,1210,1211.666667,1201.666667,1201.666667,129300,155827000,0,0
2025-06-26,1201.666667,1206.666667,1200,1203.333333,130500,156927000,0,0
2025-06-27,1206.666667,1300,1203.333333,1286.666667,900000,1135979500,0,0
2025-06-30,1308.333333,1341.666667,1276.666667,1335,975900,1284966000,0,0
2025-07-01,1328.333333,1340,1310,1311.666667,245100,324226000,0,0
2025-07-02,1300,1341.666667,1296.666667,1340,288600,382560000,0,0
2025-07-03,1336.666667,1350,1321.666667,1346.666667,204900,274126000,0,0
2025-07-04,1346.666667,1371.666667,1336.666667,1371.666667,317400,431470000,0,0
2025-07-07,1376.666667,1380,1358.333333,1368.333333,139200,190491000,0,0
2025-07-08,1368.333333,1376.666667,1343.333333,1348.333333,207600,281713000,0,0
2025-07-09,1348.333333,1370,1348.333333,1358.333333,97500,132691500,0,0
2025-07-10,1358.333333,1363.333333,1338.333333,1345,114000,153762000,0,0
2025-07-11,1356.666667,1366.666667,1346.666667,1348.333333,122400,166008500,0,0
2025-07-14,1361.666667,1381.666667,1360,1368.333333,172800,236789500,0,0
2025-07-15,1366.666667,1368.333333,1353.333333,1361.666667,81600,111182000,0,0
2025-07-16,1365,1376.666667,1353.333333,1360,94500,129055500,0,0
2025-07-17,1361.666667,1363.333333,1353.333333,1360,68400,92974500,0,0
2025-07-18,1365,1380,1361.666667,1361.666667,99600,136267000,0,0
2025-07-22,1361.666667,1366.666667,1336.666667,1341.666667,92400,124582000,0,0
2025-07-23,1355,1361.666667,1331.666667,1336.666667,163200,219052500,0,0
2025-07-24,1338.333333,1361.666667,1338.333333,1353.333333,123300,166836000,0,0
2025-07-25,1360,1371.666667,1351.666667,1365,115500,157284500,0,0
2025-07-28,1365,1376.666667,1365,1368.333333,87300,119630000,0,0
2025-07-29,1368.333333,1368.333333,1351.666667,1356.666667,84000,114216500,0,0
2025-07-30,1348.333333,1360,1348.333333,1356.666667,79200,107338500,0,0
2025-07-31,1361.666667,1363.333333,1348.333333,1348.333333,131400,177927000,0,0
2025-08-01,1341.666667,1525,1338.333333,1521.666667,1089300,1597024000,0,0
2025-08-04,1506.666667,1535,1450,1451.666667,614700,920667500,0,0
2025-08-05,1460,1471.666667,1415,1418.333333,342900,491257000,0,0
2025-08-06,1416.666667,1428.333333,1401.666667,1418.333333,189300,267904500,0,0
2025-08-07,1418.333333,1430,1415,1426.666667,106200,151161000,0,0
2025-08-08,1426.666667,1435,1418.333333,1421.666667,128400,183250000,0,0
2025-08-12,1421.666667,1433.333333,1408.333333,1413.333333,120900,171706000,0,0
2025-08-13,1413.333333,1415,1403.333333,1403.333333,108300,152416500,0,0
2025-08-14,1403.333333,1415,1388.333333,1395,144900,202700500,0,0
2025-08-15,1398.333333,1400,1378.333333,1381.666667,106500,147420500,0,0
2025-08-18,1393.333333,1415,1391.666667,1400,177000,248882000,0,0
2025-08-19,1410,1426.666667,1401.666667,1425,138000,196040500,0,0
2025-08-20,1425,1448.333333,1425,1443.333333,163800,235878500,0,0
2025-08-21,1450,1450,1430,1438.333333,114300,164180500,0,0
2025-08-22,1445,1445,1416.666667,1421.666667,138000,196589000,0,0
2025-08-25,1425,1425,1406.666667,1413.333333,124500,175881000,0,0
2025-08-26,1413.333333,1420,1405,1420,139500,197376500,0,0
2025-08-27,1411.666667,1423.333333,1408.333333,1416.666667,120900,171271500,0,0
2025-08-28,1413.333333,1420,1405,1418.333333,122100,172565500,0,0
2025-08-29,1410,1413.333333,1381.666667,1381.666667,123000,171420000,0,0
2025-09-01,1400,1420,1393.333333,1420,154800,218498000,0,0
2025-09-02,1420,1436.666667,1415,1421.666667,108000,154005000,0,0
2025-09-03,1416.666667,1426.666667,1413.333333,1416.666667,96900,137426500,0,0
2025-09-04,1415,1426.666667,1408.333333,1420,85200,120837000,0,0
2025-09-05,1423.333333,1430,1413.333333,1413.333333,96600,137120000,0,0
2025-09-08,1415,1428.333333,1415,1418.333333,76800,109058000,0,0
2025-09-09,1421.666667,1431.666667,1418.333333,1426.666667,108600,154656500,0,0
2025-09-10,1426.666667,1430,1416.666667,1420,81900,116482000,0,0
2025-09-11,1418.333333,1426.666667,1411.666667,1423.333333,76500,108740500,0,0
2025-09-12,1423.333333,1430,1418.333333,1423.333333,119100,169651000,0,0
2025-09-16,1420,1441.666667,1418.333333,1436.666667,134100,191636500,0,0
2025-09-17,1448.333333,1448.333333,1435,1446.666667,113100,163331000,0,0
2025-09-18,1450,1455,1435,1443.333333,186600,269819000,0,0
2025-09-19,1443.333333,1456.666667,1438.333333,1445,222300,321407000,0,0
2025-09-22,1440,1453.333333,1435,1443.333333,232500,335349000,0,0
2025-09-24,1435,1450,1428.333333,1441.666667,249600,359223500,0,0
2025-09-25,1440,1450,1433.333333,1433.333333,339000,487882000,0,0
2025-09-26,1433.333333,1458.333333,1433.333333,1448.333333,592500,854603500,0,0
2025-09-29,1446.666667,1446.666667,1386.666667,1393.333333,351000,496597500,0,0
2025-09-30,1385,1396.666667,1368.333333,1376.666667,138900,191485000,0,0
2025-10-01,1368.333333,1368.333333,1336.666667,1353.333333,180000,243226000,0,0
2025-10-02,1355,1360,1333.333333,1340,124800,167624000,0,0
2025-10-03,1333.333333,1346.666667,1333.333333,1341.666667,96300,129059500,0,0
2025-10-06,1368.333333,1368.333333,1345,1350,153600,208300500,0,0
2025-10-07,1350,1358.333333,1341.666667,1358.333333,125400,169492500,0,0
2025-10-08,1358.333333,1363.333333,1330,1330,269100,361278500,0,0
2025-10-09,1328.333333,1328.333333,1308.333333,1321.666667,198300,261099500,0,0
2025-10-10,1316.666667,1318.333333,1306.666667,1310,149400,195962000,0,0
2025-10-14,1305,1321.666667,1300,1320,173700,228065000,0,0
2025-10-15,1331.666667,1341.666667,1325,1330,119400,159165500,0,0
2025-10-16,1326.666667,1335,1316.666667,1318.333333,108900,143833500,0,0
2025-10-17,1318.333333,1323.333333,1313.333333,1320,82800,109191500,0,0
2025-10-20,1325,1330,1320,1328.333333,72900,96636500,0,0
2025-10-21,1316.666667,1326.666667,1315,1325,89400,118159500,0,0
2025-10-22,1328.333333,1333.333333,1318.333333,1318.333333,236400,312613000,0,0
2025-10-23,1328.333333,1331.666667,1321.666667,1326.666667,119700,158862500,0,0
2025-10-24,1323.333333,1328.333333,1320,1328.333333,126000,166988000,0,0
2025-10-27,1328.333333,1346.666667,1328.333333,1330,133500,178377500,0,0
2025-10-28,1328.333333,1330,1308.333333,1308.333333,150900,198393500,0,0
2025-10-29,1306.666667,1306.666667,1268.333333,1273.333333,243300,312424500,0,0
2025-10-30,1266.666667,1283.333333,1210,1233.333333,763800,950187000,0,0
2025-10-31,1243.333333,1303.333333,1240,1280,410400,526111000,0,0
2025-11-04,1271.666667,1285,1265,1273.333333,153900,196189000,0,0
2025-11-05,1280,1290,1271.666667,1278.333333,235500,300965500,0,0
2025-11-06,1276.666667,1276.666667,1265,1273.333333,88800,112952500,0,0
2025-11-07,1265,1295,1263.333333,1293.333333,138300,178090500,0,0
2025-11-10,1303.333333,1308.333333,1290,1298.333333,155400,202047500,0,0
2025-11-11,1298.333333,1305,1286.666667,1305,119100,154435500,0,0
2025-11-12,1303.333333,1313.333333,1300,1303.333333,117300,153136000,0,0
2025-11-13,1305,1310,1296.666667,1308.333333,80400,104738500,0,0
2025-11-14,1311.666667,1315,1296.666667,1300,77400,100983000,0,0
2025-11-17,1296.666667,1313.333333,1295,1306.666667,112800,147243000,0,0
2025-11-18,1305,1313.333333,1298.333333,1301.666667,100800,131300000,0,0
2025-11-19,1306.666667,1310,1300,1305,117600,153416500,0,0
2025-11-20,1305,1313.333333,1301.666667,1308.333333,106500,139347000,0,0
2025-11-21,1311.666667,1356.666667,1311.666667,1356.666667,279900,375676000,0,0
2025-11-25,1355,1355,1338.333333,1338.333333,131700,176982000,0,0
2025-11-26,1338.333333,1346.666667,1335,1341.666667,95400,127915000,0,0
2025-11-27,1341.666667,1350,1338.333333,1346.666667,90600,121899000,0,0
2025-11-28,1346.666667,1370,1346.666667,1365,154500,210150000,0,0
2025-12-01,1363.333333,1371.666667,1338.333333,1338.333333,151500,204530000,0,0
2025-12-02,1341.666667,1341.666667,1328.333333,1330,115200,153492000,0,0
2025-12-03,1323.333333,1328.333333,1313.333333,1315,147300,194154500,0,0
2025-12-04,1313.333333,1316.666667,1305,1311.666667,93300,122296500,0,0
2025-12-05,1306.666667,1308.333333,1293.333333,1298.333333,141300,183655000,0,0
2025-12-08,1308.333333,1315,1298.333333,1308.333333,87300,114054500,0,0
2025-12-09,1308.333333,1318.333333,1295,1303.333333,168000,218913000,0,0
2025-12-10,1310,1315,1296.666667,1308.333333,79500,103840500,0,0
2025-12-11,1315,1315,1291.666667,1291.666667,107700,139863500,0,0
2025-12-12,1300,1303.333333,1291.666667,1291.666667,151200,195828500,0,0
2025-12-15,1301.666667,1301.666667,1293.333333,1300,100500,130506000,0,0
2025-12-16,1296.666667,1301.666667,1293.333333,1295,80400,104234000,0,0
2025-12-17,1293.333333,1295,1286.666667,1286.666667,89400,115319000,0,0
2025-12-18,1298.333333,1310,1293.333333,1308.333333,131700,171952500,0,0
2025-12-19,1305,1310,1303.333333,1306.666667,99000,129350000,0,0
2025-12-22,1303.333333,1303.333333,1288.333333,1288.333333,108900,140905500,0,0
2025-12-23,1291.666667,1298.333333,1286.666667,1295,121500,157095500,0,0
2025-12-24,1290,1300,1290,1293.333333,52500,67991500,0,0
2025-12-25,1296.666667,1310,1296.666667,1310,85800,111823500,0,0
2025-12-26,1310,1316.666667,1308.333333,1315,105600,138577500,0,0
2025-12-29,1315,1316.666667,1305,1310,102300,133997500,0,0
2025-12-30,1311.666667,1311.666667,1296.666667,1300,104400,135742000,0,0
2026-01-05,1301.666667,1301.666667,1278.333333,1278.333333,222000,285054500,0,0
2026-01-06,1278.333333,1288.333333,1276.666667,1283.333333,139200,178456000,0,0
2026-01-07,1283.333333,1286.666667,1273.333333,1273.333333,168300,215133000,0,0
2026-01-08,1273.333333,1276.666667,1263.333333,1273.333333,197100,250056500,0,0
2026-01-09,1276.666667,1278.333333,1268.333333,1270,112200,142828000,0,0
2026-01-13,1271.666667,1278.333333,1265,1268.333333,208800,265214000,0,0
2026-01-14,1268.333333,1273.333333,1265,1268.333333,146400,185727000,0,0
2026-01-15,1268.333333,1278.333333,1268.333333,1276.666667,116700,148710500,0,0
2026-01-16,1278.333333,1280,1271.666667,1278.333333,102300,130522500,0,0
2026-01-19,1281.666667,1300,1280,1290,199800,258212500,0,0
2026-01-20,1295,1316.666667,1295,1316.666667,230700,302174000,0,0
2026-01-21,1315,1315,1283.333333,1291.666667,204600,264683500,0,0
2026-01-22,1291.666667,1301.666667,1288.333333,1288.333333,121500,157080000,0,0
2026-01-23,1286.666667,1291.666667,1278.333333,1280,145800,186966500,0,0
2026-01-26,1280,1288.333333,1273.333333,1286.666667,177300,227443500,0,0
2026-01-27,1288.333333,1288.333333,1278.333333,1281.666667,102600,131654500,0,0
2026-01-28,1281.666667,1281.666667,1265,1266.666667,193200,245258000,0,0
2026-01-29,1263.333333,1266.666667,1250,1261.666667,221400,278379500,0,0
2026-01-30,1266.666667,1325,1253.333333,1296.666667,572100,737824000,0,0
2026-02-02,1316.666667,1333.333333,1311.666667,1318.333333,434700,575236000,0,0
2026-02-03,1318.333333,1320,1305,1311.666667,174300,228896000,0,0
2026-02-04,1313.333333,1328.333333,1300,1318.333333,182100,239546500,0,0
2026-02-05,1330,1360,1330,1350,333900,449410000,0,0
2026-02-06,1350,1353.333333,1338.333333,1343.333333,141900,190869000,0,0
2026-02-09,1346.666667,1363.333333,1335,1360,192600,260833500,0,0
2026-02-10,1358.333333,1368.333333,1348.333333,1348.333333,183000,248809000,0,0
2026-02-12,1355,1378.333333,1350,1370,241800,330145500,0,0
2026-02-13,1378.333333,1391.666667,1366.666667,1383.333333,186900,257597000,0,0
2026-02-16,1383.333333,1385,1370,1380,123300,169770500,0,0
2026-02-17,1370,1375,1358.333333,1366.666667,146700,200356500,0,0
2026-02-18,1375,1436.666667,1368.333333,1411.666667,513900,722023500,0,0
2026-02-19,1421.666667,1450,1406.666667,1443.333333,412200,590696500,0,0
2026-02-20,1433.333333,1441.666667,1418.333333,1431.666667,170700,244574000,0,0
2026-02-24,1443.333333,1466.666667,1430,1465,200700,292245500,0,0
2026-02-25,1466.666667,1466.666667,1443.333333,1446.666667,218700,317605000,0,0
2026-02-26,1446.666667,1458.333333,1438.333333,1441.666667,186900,270387500,0,0
2026-02-27,1436.666667,1455,1433.333333,1448.333333,172500,249387000,0,0
2026-03-02,1435,1460,1428.333333,1443.333333,170700,247016000,0,0
2026-03-03,1450,1486.666667,1431.666667,1473.333333,484800,711223000,0,0
2026-03-04,1440,1450,1401.666667,1425,341700,485879000,0,0
2026-03-05,1448.333333,1465,1445,1450,168900,245184000,0,0
2026-03-06,1436.666667,1453.333333,1425,1453.333333,100500,145273000,0,0
2026-03-09,1435,1448.333333,1418.333333,1443.333333,200400,288122000,0,0
2026-03-10,1450,1483.333333,1448.333333,1455,267600,391119500,0,0
2026-03-11,1465,1466.666667,1446.666667,1446.666667,108000,157286000,0,0
2026-03-12,1441.666667,1441.666667,1413.333333,1416.666667,174000,247116500,0,0
2026-03-13,1416.666667,1445,1416.666667,1426.666667,225900,323356000,0,0
2026-03-16,1420,1440,1420,1425,96000,136882500,0,0
2026-03-17,1425,1441.666667,1425,1435,71400,102469000,0,0
2026-03-18,1435,1450,1433.333333,1448.333333,85500,123401500,0,0
2026-03-19,1446.666667,1450,1431.666667,1431.666667,192000,275797500,0,0
2026-03-23,1428.333333,1438.333333,1416.666667,1428.333333,242400,346225000,0,0
2026-03-24,1430,1448.333333,1423.333333,1445,126300,181802000,0,0
2026-03-25,1450,1471.666667,1450,1458.333333,178200,260614000,0,0
2026-03-26,1458.333333,1466.666667,1451.666667,1463.333333,121200,176996500,0,0
2026-03-27,1486.666667,1500,1475,1481.666667,259800,386231500,0,0
2026-03-30,1345,1465,1343,1451,386400,553525300,0,0
2026-03-31,1451,1472,1446,1449,188500,274143700,0,0
2026-04-01,1447,1461,1436,1456,147600,214745400,0,0
2026-04-02,1450,1475,1449,1463,135200,197722700,0,0
2026-04-03,1460,1507,1460,1505,224500,336129700,0,0
2026-04-06,1505,1525,1500,1517,173700,263098200,0,0
2026-04-07,1523,1538,1509,1517,157100,239035600,0,0
2026-04-08,1525,1531,1495,1509,131600,198503900,0,0
2026-04-09,1509,1534,1493,1493,178100,268907200,0,0
2026-04-10,1502,1503,1445,1447,114200,167121400,0,0
2026-04-13,1446,1490,1446,1487,241300,356698500,0,0
2026-04-14,1478,1493,1447,1456,162600,237235500,0,0
2026-04-15,1456,1480,1456,1480,131300,193534200,0,0
2026-04-16,1484,1498,1476,1493,202300,301776600,0,0
2026-04-17,1493,1503,1473,1481,106900,158681300,0,0
2026-04-20,1485,1495,1474,1478,83600,123746600,0,0
2026-04-21,1490,1501,1481,1488,129400,192750500,0,0
2026-04-22,1485,1486,1443,1450,111900,162998100,0,0
2026-04-23,1435,1443,1430,1442,109000,156724700,0,0
2026-04-24,1432,1442,1421,1426,80400,114880900,0,0
2026-04-27,1424,1432,1418,1422,96100,136929000,0,0
2026-04-28,1422,1448,1420,1448,165500,237815000,0,0
2026-04-30,1440,1444,1417,1428,145200,207306500,0,0
2026-05-01,1428,1444,1408,1419,93700,132810800,0,0
2026-05-07,1419,1428,1399,1413,125700,177493400,0,0
2026-05-08,1420,1420,1374,1390,206400,286734600,0,0
2026-05-11,1378,1393,1371,1392,136900,189765600,0,0
2026-05-12,1392,1395,1343,1344,196800,267862400,0,0
2026-05-13,1345,1376,1284,1306,412800,546690400,0,0
2026-05-14,1320,1328,1298,1319,156100,204795800,0,0
2026-05-18,1310,1315,1263,1267,222900,285215700,0,0
2026-05-19,1289,1292,1280,1287,182100,234110800,0,0
2026-05-20,1285,1307,1275,1288,155500,200129500,0,0
2026-05-21,1282,1291,1257,1257,203300,257963600,0,0
2026-05-22,1255,1257,1222,1243,291000,360253900,0,0
2026-05-25,1246,1247,1220,1222,228500,281368400,0,0
2026-05-26,1222,1228,1212,1228,201800,246647800,0,0
2026-05-27,1215,1224,1198,1200,354900,427357400,0,0
2026-05-28,1216,1229,1209,1226,228300,278763600,0,0
2026-05-29,1226,1248,1223,1230,204300,252208300,0,0
2026-06-01,1228,1236,1176,1195,372100,442968900,0,0
2026-06-02,1180,1203,1165,1193,315900,374310300,0,0
2026-06-03,1190,1209,1183,1209,201100,241632500,0,0
2026-06-04,1201,1209,1189,1192,171400,205162600,0,0
2026-06-05,1196,1218,1196,1210,174300,211004600,0,0
2026-06-08,1224,1242,1219,1239,281200,346865700,0,0
2026-06-09,1239,1243,1225,1225,159900,196961800,0,0
2026-06-10,1228,1247,1221,1245,182200,225313600,0,0
2026-06-11,1258,1274,1248,1271,199900,252542000,0,0
2026-06-12,1259,1264,1244,1259,185300,232741500,0,0
2026-06-15,1259,1263,1250,1250,150800,189240700,0,0
2026-06-16,1235,1240,1223,1237,187300,230920500,0,0
2026-06-17,1239,1249,1214,1214,198700,244741800,0,0
2026-06-18,1214,1222,1203,1203,145800,176003000,0,0
2026-06-19,1203,1210,1191,1206,288200,346594900,0,0
2026-06-22,1200,1202,1180,1180,188000,223124100,0,0
2026-06-23,1185,1207,1183,1203,201100,240921400,0,0
2026-06-24,1206,1218,1201,1207,192800,233234200,0,0
2026-06-25,1214,1218,1203,1203,139200,168127700,0,0
2026-06-26,1203,1229,1203,1225,157900,192576200,0,0
2026-06-29,1230,1244,1222,1234,244500,300915000,0,0
2026-06-30,1232,1235,1211,1223,241800,295252100,0,0
2026-07-01,1220,1220,1186,1190,237100,283410200,0,0
2026-07-02,1205,1222,1199,1213,149700,181633200,0,0
2026-07-03,1225,1237,1221,1223,155500,191236500,0,0
2026-07-06,1228,1264,1226,1261,229600,287254100,0,0
2026-07-07,1261,1300,1251,1293,226200,290540700,0,0
2026-07-08,1303,1316,1299,1305,255200,333335200,0,0
2026-07-09,1305,1305,1282,1289,242900,314471500,0,0
2026-07-10,1285,1285,1257,1263,147400,186486100,0,0
2026-07-13,1272,1282,1263,1271,101700,129455000,0,0
2026-07-14,1284,1290,1262,1270,138200,176363400,0,0
2026-07-15,1275,1278,1255,1261,130200,164390700,0,0
2026-07-16,1267,1273,1243,1250,155100,194852300,0,0
2026-07-17,1256,1268,1246,1253,133700,168244700,0,0
2026-07-21,1258,1272,1244,1249,150300,188648400,0,0
2026-07-22,1245,1245,1226,1240,175600,216819900,0,0
2026-07-23,1222,1233,1215,1218,174400,212914500,0,0
2026-07-24,1215,1223,1208,1222,113800,138579400,0,0
2026-07-27,1229,1243,1228,1242,100800,124822700,0,0
2026-07-28,1250,1260,1243,1250,138900,174019700,0,0
2026-07-29,1263,1312,1258,1299,325000,421045300,0,0
2026-07-30,1296,1302,1273,1290,229800,296269900,0,0
2026-07-31,1290,1313,1245,1272,402500,515992400,0,0
2026-08-03,1269,1281,1241,1248,304300,382721500,0,0
2026-08-04,1242,1246,1215,1231,266200,326633000,0,0
2026-08-05,1225,1237,1212,1231,249200,304478900,0,0
2026-08-06,1246,1281,1235,1274,208900,264206600,0,0
2026-08-07,1272,1305,1263,1300,233100,300893500,0,0
2026-08-10,1299,1300,1278,1292,166800,215764000,0,0
2026-08-12,1300,1309,1286,1308,176900,229876100,0,0
2026-08-13,1286,1318,1281,1315,229700,299269700,0,0
2026-08-14,1315,1345,1310,1345,222000,296010700,0,0
2026-08-17,1330,1346,1329,1345,130800,175155300,0,0
2026-08-18,1336,1340,1318,1331,188700,251159800,0,0
2026-08-19,1340,1347,1322,1332,175500,233750500,0,0
2026-08-20,1338,1345,1321,1338,156500,208506100,0,0
2026-08-21,1338,1372,1338,1361,244900,332742200,0,0
