Date,Open,High,Low,Close,Volume,TradingValue,UpLimit,UnderLimit
2016-02-05,354.75,371.75,349.25,353,6610800,,,
2016-02-08,348,348,339.5,345.75,4104800,,,
2016-02-09,337.25,337.75,321,322.5,3753000,,,
2016-02-10,324.25,328.25,313.75,315.25,4994800,,,
2016-02-12,308.5,326.25,305.75,309,6543400,,,
2016-02-15,319,326.5,318.75,322.5,2992600,,,
2016-02-16,328.75,341.25,323.5,331.5,3513600,,,
2016-02-17,330,338.5,326.75,332.25,3973200,,,
2016-02-18,338,343.5,336.5,338.75,2444200,,,
2016-02-19,335,339.5,327.5,331.75,2032200,,,
2016-02-22,330.75,341.75,329.5,338.25,2583000,,,
2016-02-23,340.75,348,337.75,339.5,1741400,,,
2016-02-24,337.25,341.25,332,338.75,2726200,,,
2016-02-25,338.5,345,337.75,339.75,2357200,,,
2016-02-26,342,346.25,340.5,341.25,1397800,,,
2016-02-29,347.25,355.5,342.75,342.75,2428200,,,
2016-03-01,342.25,348.25,333.75,346.25,1996200,,,
2016-03-02,355.5,363.75,354.75,360.5,2106200,,,
2016-03-03,357.25,366.75,357.25,364.5,1911600,,,
2016-03-04,364.5,378.5,364.5,373.25,1957000,,,
2016-03-07,373.25,376.75,370.75,373.25,1154200,,,
2016-03-08,368.75,375.5,363.5,368.25,1325600,,,
2016-03-09,360,362,348.75,359,2954000,,,
2016-03-10,364.5,365.5,359.5,363.75,1529400,,,
2016-03-11,359.5,364.5,355.25,361.5,2576400,,,
2016-03-14,366.75,370.25,363,367.75,1243600,,,
2016-03-15,367.25,373,362.75,363.25,1732000,,,
2016-03-16,360,363,357,361,978000,,,
2016-03-17,357.5,359.5,351.5,354.5,2644800,,,
2016-03-18,352.5,355.25,343.5,347,2209000,,,
2016-03-22,351.5,353,345.75,351.25,2888000,,,
2016-03-23,353.25,354,341.5,344,2074600,,,
2016-03-24,342,344.25,332.75,334.75,3301400,,,
2016-03-25,338.25,344,334,343.25,2056000,,,
2016-03-28,349,349.75,341.5,346,2219600,,,
2016-03-29,343.75,347.25,340,346.5,1963000,,,
2016-03-30,346.75,347.25,337,343,2637800,,,
2016-03-31,346.25,352,343,344,2485400,,,
2016-04-01,341.75,342.75,326.25,327.75,2615800,,,
2016-04-04,327.5,338.5,327.5,334.25,2515000,,,
2016-04-05,332.5,336,323,323.5,3267200,,,
2016-04-06,323.25,330.75,322.5,325.5,1598800,,,
2016-04-07,325,328.75,316.75,324.25,2010800,,,
2016-04-08,316.75,342,313.75,337,3167600,,,
2016-04-11,334,337.5,325.5,337.25,2597600,,,
2016-04-12,334.5,357,332.75,353.25,3069200,,,
2016-04-13,360.75,366.25,354.75,365.25,3773000,,,
2016-04-14,372,377.25,368,372.5,2897800,,,
2016-04-15,365.25,373,364.75,367.5,2096200,,,
2016-04-18,348.5,358.25,348,355,2528200,,,
2016-04-19,362.5,368.75,362,368.5,2250400,,,
2016-04-20,373.75,376.25,366.25,369,1633600,,,
2016-04-21,374.25,383,369.5,382.75,2888000,,,
2016-04-22,378.25,382,374.25,381.75,2183200,,,
2016-04-25,377.5,381.75,374.5,378.75,2250800,,,
2016-04-26,378.75,379,365.75,367.25,2558400,,,
2016-04-27,358.5,360,328.75,338.25,9044200,,,
2016-04-28,344.5,361.75,343.25,348.5,7594800,,,
2016-05-02,336.5,338,329.25,331.25,5699400,,,
2016-05-06,332.75,333.75,322.25,323.25,2617600,,,
2016-05-09,326.25,326.5,320.25,320.5,1680800,,,
2016-05-10,318,330.75,311.75,330.25,3244600,,,
2016-05-11,331.25,334.25,327,330.75,3411400,,,
2016-05-12,324.75,332.75,321.5,332,2180200,,,
2016-05-13,332.5,333.25,318.75,318.75,2390400,,,
2016-05-16,319.5,331,319,325.5,1875600,,,
2016-05-17,326.5,331,323.5,331,1749200,,,
2016-05-18,330.25,335.5,327.25,332.75,1429200,,,
2016-05-19,336.25,339.5,333.25,334.75,1650600,,,
2016-05-20,332.75,344.25,330.25,343.25,2234800,,,
2016-05-23,340.75,346.75,337.5,345.75,1853200,,,
2016-05-24,343.75,347,338.75,343,1431200,,,
2016-05-25,349.5,353.5,345.75,345.75,2262000,,,
2016-05-26,331.75,341.75,329,332,3291400,,,
2016-05-27,335.25,343.5,333.5,341.5,2390800,,,
2016-05-30,345,350.75,343.25,350.25,1833800,,,
2016-05-31,347,353.5,345.25,352.5,1769600,,,
2016-06-01,348.75,351.5,341.5,346.5,2023600,,,
2016-06-02,343.25,345,334,335.5,1515000,,,
2016-06-03,335.5,339.25,332.25,334.25,1394200,,,
2016-06-06,326,333.25,323.75,330.75,1733600,,,
2016-06-07,331.25,337,331.25,333.25,1226200,,,
2016-06-08,333.25,335,330.25,333.75,1196600,,,
2016-06-09,330.25,334.25,321,324.25,2583200,,,
2016-06-10,324.75,325.5,321,323.75,1311600,,,
2016-06-13,318,323.75,313,313,2601600,,,
2016-06-14,311.25,313.75,309.25,310,1383800,,,
2016-06-15,309.75,319,308.75,316.25,1250800,,,
2016-06-16,316,316,305,307,2447600,,,
2016-06-17,305.25,310.5,302.75,309.75,3806200,,,
2016-06-20,312.75,319.25,310.75,317.5,1861000,,,
2016-06-21,306.25,313.25,304,313,2506400,,,
2016-06-22,313.75,319.75,311.25,317.5,2313200,,,
2016-06-23,319,324.5,316,324.25,928400,,,
2016-06-24,324.5,326.25,299.5,301.75,3255200,,,
2016-06-27,297.5,297.5,276.75,278,3548200,,,
2016-06-28,275,277.25,267,273.5,3702200,,,
2016-06-29,276.75,292,274.75,290.25,3217000,,,
2016-06-30,292.75,295.25,287.5,287.5,2481000,,,
2016-07-01,292.5,293.75,286.75,288,1316000,,,
2016-07-04,280.5,287,279.5,286.5,1359600,,,
2016-07-05,284.75,288,280.5,281.75,1108800,,,
2016-07-06,276,276,266,268,2657200,,,
2016-07-07,268.5,272.25,266.5,269.25,1933000,,,
2016-07-08,270,275.25,269.25,270.5,2123600,,,
2016-07-11,280,284,277.25,283,1183000,,,
2016-07-12,290.5,296.5,287.5,292.25,2589200,,,
2016-07-13,301,306,300,303,2200600,,,
2016-07-14,300,309.5,296,307,1795200,,,
2016-07-15,308.25,315.5,306.25,314.5,3132800,,,
2016-07-19,315.25,318.25,311,315.25,2114200,,,
2016-07-20,313.25,317,311.25,316.25,1430800,,,
2016-07-21,321,327,319.75,323.75,1309600,,,
2016-07-22,313,319.25,311.75,318,2762600,,,
2016-07-25,316.5,324.75,316.5,322.5,1866200,,,
2016-07-26,317,319,313.75,316.5,2281400,,,
2016-07-27,325,333.5,323.25,330,2921800,,,
2016-07-28,327.75,330,324,326.25,1510000,,,
2016-07-29,328.75,335,324.5,331.25,2863600,,,
2016-08-01,331.5,332.25,326,328.75,2274600,,,
2016-08-02,313.75,318,309.5,311.25,4348200,,,
2016-08-03,304.5,313.5,303.25,309,2440800,,,
2016-08-04,312.5,323.5,311,322.5,1953600,,,
2016-08-05,322.5,327,318.5,322.5,2007200,,,
2016-08-08,330,334.75,327.75,332.5,2307600,,,
2016-08-09,332.5,333,329,332.25,1459000,,,
2016-08-10,332.25,333,325.5,327.25,1334000,,,
2016-08-12,330.5,333.25,326.75,329.5,1548400,,,
2016-08-15,328,331.5,328,328.5,891200,,,
2016-08-16,327.75,330.75,323.5,323.75,1169400,,,
2016-08-17,315.5,323,314,321.75,2344400,,,
2016-08-18,318.5,327,316.5,322.75,1508400,,,
2016-08-19,323.75,331,323.5,328.25,1763000,,,
2016-08-22,329.75,330,324,325.5,1193800,,,
2016-08-23,321.75,321.75,311.5,312.5,1922600,,,
2016-08-24,315.75,320,314.25,314.75,949600,,,
2016-08-25,314.75,318,312.75,315.75,1936200,,,
2016-08-26,316,316.75,308.75,308.75,1591000,,,
2016-08-29,314.75,320.75,312,320,1639000,,,
2016-08-30,320.25,322.5,316.5,321.25,1268800,,,
2016-08-31,326.25,328.25,324.75,327.5,1548400,,,
2016-09-01,330,340.25,328.75,337.75,2212000,,,
2016-09-02,336.25,336.25,328.25,331.5,1618000,,,
2016-09-05,337.5,339.25,335,335.25,1564000,,,
2016-09-06,336,338.25,332.75,335.25,1508200,,,
2016-09-07,330.75,333.75,326.75,329,1592800,,,
2016-09-08,329.5,333,326,327.75,974600,,,
2016-09-09,325.75,335.5,324.75,333,1832800,,,
2016-09-12,326.75,328,321.75,322.5,884400,,,
2016-09-13,324.75,328.5,324,325.25,808800,,,
2016-09-14,326.75,334,326.25,329,1429200,,,
2016-09-15,329,330,326,327.25,999600,,,
2016-09-16,330.75,334.75,329.75,333.75,1025400,,,
2016-09-20,326.25,332.75,325,328.75,1140400,,,
2016-09-21,331.25,341,325.25,340.5,1339600,,,
2016-09-23,334.75,336.25,332.5,335.25,853400,,,
2016-09-26,335.25,335.5,330.25,333,886600,,,
2016-09-27,328,335.5,324.75,335.5,1023400,,,
2016-09-28,333,338.75,333,336.25,936200,,,
2016-09-29,341.25,347,339.75,345,916000,,,
2016-09-30,338,338,334,337,1120000,,,
2016-10-03,339.75,341,337,337.5,731600,,,
2016-10-04,337.5,346.5,335.75,345.75,1292000,,,
2016-10-05,348.75,362,346.5,360,2207600,,,
2016-10-06,364.5,367.25,361.25,362.5,1412800,,,
2016-10-07,357.5,365.5,355.5,365.5,1410800,,,
2016-10-11,364.5,372.25,364.25,367,1616000,,,
2016-10-12,364,374,361.25,370.5,2072600,,,
2016-10-13,372,374.75,362.5,364.75,1956000,,,
2016-10-14,363.5,369.25,363,367.75,1214000,,,
2016-10-17,370.75,373.5,368.5,372.5,974800,,,
2016-10-18,373.75,377,371.25,374,1314200,,,
2016-10-19,372.75,374,369,373.75,1229200,,,
2016-10-20,375,377.75,374.25,377.25,1328800,,,
2016-10-21,380,387,379.75,381,1663400,,,
2016-10-24,380,380.75,371,376.25,1526400,,,
2016-10-25,373.75,379.25,373.75,379.25,935600,,,
2016-10-26,379,381.5,374,379.75,1450200,,,
2016-10-27,381,383.25,374.25,377.75,1081000,,,
2016-10-28,381.25,385.5,379.25,381.25,3952400,,,
2016-10-31,378.25,383.25,377.75,381.25,1382800,,,
2016-11-01,381.5,386,379.5,384.5,1492600,,,
2016-11-02,357.5,362,326.25,333.5,7131000,,,
2016-11-04,328.75,332.75,320.25,331.5,3315200,,,
2016-11-07,339,341.25,333.25,340,2027800,,,
2016-11-08,340,348,340,345.25,2160400,,,
2016-11-09,345,348.75,321,326,3074800,,,
2016-11-10,351.5,351.5,342.25,349,2358400,,,
2016-11-11,351.25,356.75,347.5,348,1523000,,,
2016-11-14,353.25,363.5,352.75,361.25,1656400,,,
2016-11-15,361.75,368.25,361.5,367.5,1558600,,,
2016-11-16,373.5,373.5,363,366.25,1673200,,,
2016-11-17,363.25,366.5,359,365.75,1490600,,,
2016-11-18,373.25,380.75,371.5,379,2435800,,,
2016-11-21,382.5,387,380.75,385.5,1414400,,,
2016-11-22,385.25,385.25,376.75,382.75,1271000,,,
2016-11-24,384.25,388,381,387.25,1173800,,,
2016-11-25,387.5,397,386.5,387.75,1682800,,,
2016-11-28,384,388.75,381,385.25,1825600,,,
2016-11-29,385.25,388.25,382.75,387.75,1121800,,,
2016-11-30,390,392.75,387,388.5,938600,,,
2016-12-01,390,399.25,387,393.25,1924600,,,
2016-12-02,390,392.75,387,392.25,1290000,,,
2016-12-05,387.75,388.5,384.25,387.75,1259400,,,
2016-12-06,393.25,398.75,393,396.5,1276400,,,
2016-12-07,400,413.25,400,411,1948000,,,
2016-12-08,421.75,424,408.25,411.5,2023000,,,
2016-12-09,414,420,411.25,415,1660200,,,
2016-12-12,420.75,421.25,410.25,414.25,1502200,,,
2016-12-13,412,419.5,407.25,418.5,1604200,,,
2016-12-14,421.5,422,415.75,418.25,899800,,,
2016-12-15,421.75,429,419.75,422.75,1212400,,,
2016-12-16,425.5,432.25,425,427.75,1052600,,,
2016-12-19,425,425,418.5,421.25,922600,,,
2016-12-20,404.5,407.25,399.25,405.75,2680000,,,
2016-12-21,410,416.5,405.25,407.25,2100000,,,
2016-12-22,405,406,399.25,404.5,1370200,,,
2016-12-26,405.25,408.75,400,401.75,829600,,,
2016-12-27,395.75,403.75,391.25,401,1578000,,,
2016-12-28,403.5,406,399.5,403,851000,,,
2016-12-29,400.25,401.5,395.25,396.75,1048200,,,
2016-12-30,394.5,394.5,387.75,393.25,1454400,,,
2017-01-04,402.25,407.5,399,405,1858400,,,
2017-01-05,406.25,408.25,400.5,406.75,1371800,,,
2017-01-06,396.75,396.75,390.75,394,2386800,,,
2017-01-10,396.25,399.75,391.75,394.5,1605400,,,
2017-01-11,399.75,411.25,398.25,409,2461000,,,
2017-01-12,405.5,408.5,397.75,400.75,1681400,,,
2017-01-13,398,401.25,395,400.25,1477800,,,
2017-01-16,398.25,399.5,390.25,392.75,1080400,,,
2017-01-17,392.75,397,390,390,1277400,,,
2017-01-18,387.5,395.75,384,394,1413000,,,
2017-01-19,397.5,399.75,393.75,399.75,1179200,,,
2017-01-20,396.5,403,395.75,401.25,1119000,,,
2017-01-23,395.5,401,390,390.5,1938800,,,
2017-01-24,390.75,400,390.25,394.75,1541200,,,
2017-01-25,403.5,406.75,401.5,404.75,877800,,,
2017-01-26,411.75,416.75,411,416.5,1518200,,,
2017-01-27,419.5,419.75,415.25,418.5,1233200,,,
2017-01-30,415.25,417.5,410.5,413.25,1267400,,,
2017-01-31,398.25,405.75,396.75,402.5,2001600,,,
2017-02-01,397,398.5,388,389,3223200,,,
2017-02-02,391.75,395,385,385.5,1655400,,,
2017-02-03,394.25,401,388.75,391.5,2036600,,,
2017-02-06,432.5,447.25,425,444.75,7471000,,,
2017-02-07,441.5,449.25,436.75,445.25,3226000,,,
2017-02-08,446.25,455,445.5,448.75,1987000,,,
2017-02-09,440.75,457,440.75,454.75,2622200,,,
2017-02-10,462.5,476,462.5,471.75,2910800,,,
2017-02-13,475,481.5,474,478.25,2264400,,,
2017-02-14,475.75,490.75,473,481.25,3102800,,,
2017-02-15,477.5,486.25,472,485.5,2780400,,,
2017-02-16,483.75,493.5,479.25,492.25,2988000,,,
2017-02-17,487.5,488.75,481.5,482.25,2218000,,,
2017-02-20,480,481.5,476,479.75,1738800,,,
2017-02-21,479.5,483.25,473.25,483,2285000,,,
2017-02-22,482.5,484.5,475,479.25,1683800,,,
2017-02-23,474.5,479,470.75,478.75,2189200,,,
2017-02-24,474,476,470,475,2021800,,,
2017-02-27,466.5,466.5,450,453,5052000,,,
2017-02-28,459.75,464.75,453.5,454.75,2765000,,,
2017-03-01,457.25,457.5,448,456.75,2849600,,,
2017-03-02,461.25,462.5,456,457.75,2150200,,,
2017-03-03,457.75,457.75,450.75,455,1592200,,,
2017-03-06,452.5,454.25,448.5,451,1540200,,,
2017-03-07,451,452.75,449.5,451.25,1262400,,,
2017-03-08,451.25,452.25,440.75,442.75,2445800,,,
2017-03-09,451.75,456.75,451.75,453.5,2293600,,,
2017-03-10,458.5,460.5,454.5,460,1886400,,,
2017-03-13,458,459.75,455.25,456,926600,,,
2017-03-14,458,458.5,454.5,456.75,986400,,,
2017-03-15,454.25,456.25,450.5,451.75,991800,,,
2017-03-16,446.25,461.75,444.75,459.25,2301000,,,
2017-03-17,456.5,457,452.75,453.5,1246000,,,
2017-03-21,451.5,452.25,445.25,448.75,1467200,,,
2017-03-22,438.75,439,434,435,1925200,,,
2017-03-23,437.5,441,433.75,434.75,1490600,,,
2017-03-24,433.5,441.25,431.75,436.75,1492600,,,
2017-03-27,427,429,422.75,427,1265400,,,
2017-03-28,433,440.5,432.75,438.5,1661400,,,
2017-03-29,441.5,444.5,434.5,435,1509200,,,
2017-03-30,436,439,432,432.5,1101600,,,
2017-03-31,437,441.75,433.5,433.5,1654600,,,
2017-04-03,436.25,436.25,425.75,428.5,1245800,,,
2017-04-04,428.75,429.75,419.25,423.5,1295600,,,
2017-04-05,423.25,429.25,418.75,421.25,1134800,,,
2017-04-06,419.25,420.25,410.5,411.75,1191800,,,
2017-04-07,421.75,424,412,413.5,1532600,,,
2017-04-10,416.5,421,413.75,418.5,1092200,,,
2017-04-11,414.25,417.25,412.25,416,921600,,,
2017-04-12,411.75,414,405.25,407,1558000,,,
2017-04-13,400.75,406.75,397.5,406.25,1717400,,,
2017-04-14,406.25,410,401.5,404,820400,,,
2017-04-17,399.25,403.25,397.25,401.75,901200,,,
2017-04-18,407.5,411.25,402,403.75,864600,,,
2017-04-19,390.25,401.5,390.25,400.5,1952400,,,
2017-04-20,400.5,406,398,399,1186400,,,
2017-04-21,438.75,442,424.5,425,5600200,,,
2017-04-24,425.25,427.5,417,417.5,2113000,,,
2017-04-25,421,434.5,418.25,433,1883000,,,
2017-04-26,434.75,446,434.75,444,1735600,,,
2017-04-27,438.5,446.75,435,445,1574800,,,
2017-04-28,485,494,472.5,490,10070400,,,
2017-05-01,492,514.25,488.75,514,5987800,,,
2017-05-02,512.5,526,511,518,5106400,,,
2017-05-08,524.75,525,505.75,508,5687400,,,
2017-05-09,508,515,503,506.25,2899600,,,
2017-05-10,505.75,507.25,498.25,502.5,3688000,,,
2017-05-11,502.5,513.25,501.75,502,2807800,,,
2017-05-12,502.5,506.25,498.5,499.75,2068000,,,
2017-05-15,492.5,498.25,489.25,495.5,1505200,,,
2017-05-16,496.25,501.75,493.75,494.25,1755000,,,
2017-05-17,492.5,494,486.5,488.75,1709600,,,
2017-05-18,478.75,483.75,476.25,479.75,1846800,,,
2017-05-19,481.5,487.75,477.75,486.25,2125000,,,
2017-05-22,489,494,486.5,491,1399400,,,
2017-05-23,487.25,490.25,483.5,487.5,1328000,,,
2017-05-24,495,498.25,489.25,495,1567200,,,
2017-05-25,490.5,499.75,490,495.5,1204800,,,
2017-05-26,496,497,490.5,491,1151800,,,
2017-05-29,492,496,488.75,488.75,1082800,,,
2017-05-30,491.25,492.25,487,490,1671600,,,
2017-05-31,493,502.75,491.5,496.25,2211800,,,
2017-06-01,497.5,502.25,495,501.5,1654600,,,
2017-06-02,505,518.5,505,514.25,3089800,,,
2017-06-05,512,513.75,501.75,503.5,2832200,,,
2017-06-06,500,500.5,494.75,495.75,1367200,,,
2017-06-07,496.75,501.75,496.5,499.75,1591400,,,
2017-06-08,504.5,505.75,497.75,498.25,1058000,,,
2017-06-09,500,502.5,497.5,499,1589800,,,
2017-06-12,495,497,489.75,493.75,1717000,,,
2017-06-13,489.5,500.25,487,499.25,1918200,,,
2017-06-14,504,506,497,497.5,1600400,,,
2017-06-15,494,497,488.5,489,1787600,,,
2017-06-16,491.25,500.75,490,499.25,2139200,,,
2017-06-19,500.75,502.5,496.75,497.75,1734200,,,
2017-06-20,502.5,511.75,502.5,508,1748800,,,
2017-06-21,507,508.75,499.25,501,2341600,,,
2017-06-22,500,500.5,493.5,494.25,1832000,,,
2017-06-23,496.25,496.75,484.25,486.25,2098000,,,
2017-06-26,486.5,490.5,480.75,484.25,1645600,,,
2017-06-27,485,485.25,476.75,481.5,1982800,,,
2017-06-28,481.5,481.75,475.25,478,2017800,,,
2017-06-29,485.25,495.25,485.25,490.75,2009200,,,
2017-06-30,481.75,483.5,473.25,483.5,2055400,,,
2017-07-03,484,486.25,479.25,479.25,735800,,,
2017-07-04,482.25,482.5,474.25,476.75,1379400,,,
2017-07-05,475.75,478,470.75,477.25,1560200,,,
2017-07-06,478.75,484.5,478.25,482.75,1757000,,,
2017-07-07,477.5,482.5,476.75,477.75,967400,,,
2017-07-10,486,493.75,485.5,491.5,2307600,,,
2017-07-11,492.25,495,490.75,493,836000,,,
2017-07-12,493.25,494.5,486.75,488.5,988400,,,
2017-07-13,492.5,494.25,489,492.5,876200,,,
2017-07-14,492.5,496,488.75,494.25,1282000,,,
2017-07-18,495.5,502.25,492.75,501,1604800,,,
2017-07-19,501,501.25,489.75,491,1423000,,,
2017-07-20,493.5,498.5,492.5,497.5,1280000,,,
2017-07-21,496.25,501.75,494.25,495.75,775600,,,
2017-07-24,490.75,493,489,491.75,1040400,,,
2017-07-25,493.5,503.75,493.5,500.5,1629200,,,
2017-07-26,503.75,506,497.25,499.5,1047800,,,
2017-07-27,497.25,502.75,494.75,499,1258800,,,
2017-07-28,492.75,493.25,478.25,479.75,3139800,,,
2017-07-31,476.25,482,474,479,2200200,,,
2017-08-01,479,484,474.75,483,2268800,,,
2017-08-02,486,500,486,499,2918800,,,
2017-08-03,494.75,497.5,469.75,483,4223000,,,
2017-08-04,481.5,490.75,481.5,489.5,1718400,,,
2017-08-07,491.75,491.75,486.25,486.75,951000,,,
2017-08-08,487.5,492.25,486.75,488.75,1618200,,,
2017-08-09,487.75,491,480,483.75,1732800,,,
2017-08-10,482,490.5,478.75,482,1542200,,,
2017-08-14,475,475,466.5,466.75,2174000,,,
2017-08-15,471.25,472.5,463,464,1976600,,,
2017-08-16,466.25,478.5,466.25,473,2180600,,,
2017-08-17,469,478.25,469,475.75,1518600,,,
2017-08-18,469.5,472.75,464,464.5,1464200,,,
2017-08-21,467.5,467.5,457.25,457.25,1419800,,,
2017-08-22,454.75,462.5,452.75,461.5,1519600,,,
2017-08-23,467.75,469,459.5,460.25,1423000,,,
2017-08-24,458.5,460.75,455.5,455.5,1180200,,,
2017-08-25,456.25,460.5,453.5,458.75,1308200,,,
2017-08-28,458.75,461,452.25,455.5,1591400,,,
2017-08-29,452,454.5,450,451.25,1714800,,,
2017-08-30,454,454.25,447.25,452,2230000,,,
2017-08-31,454.25,457.5,451.75,455.25,1538200,,,
2017-09-01,457,458.5,451,451.75,1255400,,,
2017-09-04,448.25,450.5,443.25,445.25,1205000,,,
2017-09-05,445.25,447,437.75,438.5,1349000,,,
2017-09-06,433,439,426.5,438.25,2011800,,,
2017-09-07,440.25,443.5,437.5,440.5,1670000,,,
2017-09-08,440,443.25,437,437.5,1394000,,,
2017-09-11,443,448.75,441.5,444.25,1251000,,,
2017-09-12,450,451.75,446.75,449.5,1860800,,,
2017-09-13,454,454.25,450.5,450.5,1132000,,,
2017-09-14,448.25,452,443.75,444,1484600,,,
2017-09-15,442.25,449.5,440,446.25,1754400,,,
2017-09-19,452.75,457,451.25,453.75,1526200,,,
2017-09-20,451.75,454.75,448.75,451.75,1414800,,,
2017-09-21,458.75,462.25,456.75,458.25,2350000,,,
2017-09-22,457.75,458,449,452.5,1391000,,,
2017-09-25,457.25,460.5,455,455.75,1440400,,,
2017-09-26,456.75,458.25,448,448.75,1664000,,,
2017-09-27,448.75,450.5,444.75,448.25,1071600,,,
2017-09-28,453.5,457,452.5,456,868400,,,
2017-09-29,453.5,456.25,446.25,448.25,1813400,,,
2017-10-02,452.5,453.25,449.5,450.5,836600,,,
2017-10-03,455,457.5,452.5,454.75,1024200,,,
2017-10-04,459.5,461.75,455.5,456.25,972000,,,
2017-10-05,457.5,458.25,450.5,452.25,657000,,,
2017-10-06,451.75,455.75,450.25,453.25,723800,,,
2017-10-10,455.75,460.75,455.25,460.75,1195600,,,
2017-10-11,461.75,463.5,456.75,462.25,1120400,,,
2017-10-12,461.75,461.75,455.25,458,1058200,,,
2017-10-13,457.25,458.25,453,454.75,1594600,,,
2017-10-16,457.5,461.5,456.75,458.25,1108600,,,
2017-10-17,459.5,460.75,455,457.5,1484400,,,
2017-10-18,459.75,464.75,457.5,460.25,1403200,,,
2017-10-19,460.5,462,457.5,457.75,1187200,,,
2017-10-20,455.5,457.75,453.25,453.5,1452800,,,
2017-10-23,455.75,464.25,454.75,462.75,1855600,,,
2017-10-24,465,489.75,461.5,488.25,4519600,,,
2017-10-25,490.25,501.5,487,488.5,3124200,,,
2017-10-26,488,491,485.5,488.25,1434200,,,
2017-10-27,490.75,494.75,487,494.75,1684800,,,
2017-10-30,496.25,510.25,495.75,502.5,5579400,,,
2017-10-31,460,472.25,453.75,470.75,7221400,,,
2017-11-01,475.75,476.25,463.75,465.25,3711000,,,
2017-11-02,466,467.25,458.75,461,2112600,,,
2017-11-06,463.25,464.25,458,460.25,1637800,,,
2017-11-07,461.25,466.5,459.25,465.25,1384600,,,
2017-11-08,463.25,465.5,458.25,465.5,1484200,,,
2017-11-09,461.25,470.75,454.75,461.5,1986600,,,
2017-11-10,452.25,457.75,446.5,449.75,2394600,,,
2017-11-13,450.25,450.75,443.75,444.5,1317400,,,
2017-11-14,444.25,448.5,441,442.75,1712400,,,
2017-11-15,435.25,436.5,429.5,433.5,2004400,,,
2017-11-16,434,441,432,439.75,2152600,,,
2017-11-17,445,446,437,440,2165400,,,
2017-11-20,435.25,437.5,430,431.25,1867600,,,
2017-11-21,433,436.5,431.5,434.25,1409800,,,
2017-11-22,437.75,442.75,436.75,439,1502000,,,
2017-11-24,434.25,436.75,429.75,436.5,1477000,,,
2017-11-27,438,438,430.5,435,1650600,,,
2017-11-28,434.25,435.25,429.75,432.75,1506200,,,
2017-11-29,436.75,438.75,431.75,433.25,1202600,,,
2017-11-30,431.5,448.75,429.25,446.75,2898600,,,
2017-12-01,449.75,453,446.25,449.5,2380600,,,
2017-12-04,452.5,461,450.75,455.5,2693800,,,
2017-12-05,448.75,448.75,440.5,443.75,2246400,,,
2017-12-06,440.25,440.25,425.5,426,2970800,,,
2017-12-07,432,435.5,431,434.25,2116200,,,
2017-12-08,431.25,436.75,429.5,431.75,2195800,,,
2017-12-11,433.75,435.75,430.5,435.75,1811600,,,
2017-12-12,436.25,441,435,435.75,991800,,,
2017-12-13,438,438,430.25,431.5,1393000,,,
2017-12-14,430.5,436,430.25,433.25,1139400,,,
2017-12-15,431,431.25,426.5,426.5,1652000,,,
2017-12-18,430,432.25,428,431.5,1568800,,,
2017-12-19,430,430.75,426.25,426.75,1624400,,,
2017-12-20,425,427.5,420,427.5,2702800,,,
2017-12-21,423.25,423.25,416,420.25,3366200,,,
2017-12-22,416.25,421.25,414,421.25,2973200,,,
2017-12-25,419.5,420.5,415.75,419.25,1536200,,,
2017-12-26,419.25,422,417,418,1518400,,,
2017-12-27,419,424.5,417.75,418.5,1625600,,,
2017-12-28,419.25,423,417.25,420.25,1230400,,,
2017-12-29,422,424.5,421.5,421.75,831800,,,
2018-01-04,429.25,433,427.75,430.25,1999800,,,
2018-01-05,430,431.75,427,428.5,1872400,,,
2018-01-09,432.75,443.75,432.25,439,2771200,,,
2018-01-10,439,440.75,436.75,437.25,1558600,,,
2018-01-11,433.25,434.75,430.25,432.5,1811800,,,
2018-01-12,430.5,431.5,425,426.75,2641400,,,
2018-01-15,431.25,434.25,427.25,428.25,1492400,,,
2018-01-16,426.5,427,422.25,425.75,1582200,,,
2018-01-17,425,433.5,423.25,431.5,1588200,,,
2018-01-18,435,438,430,430.25,2109200,,,
2018-01-19,430,431.25,425.75,427.75,1776400,,,
2018-01-22,427.5,428.25,423.5,428.25,1368400,,,
2018-01-23,430,436.5,429,435.75,1841200,,,
2018-01-24,432.5,435,430.5,430.75,1065800,,,
2018-01-25,426.75,428.25,424,426.5,1387200,,,
2018-01-26,428,430.25,426.75,427.75,1332200,,,
2018-01-29,431.5,432,425.75,431.5,2315200,,,
2018-01-30,430.5,431,423.25,424.25,2521200,,,
2018-01-31,423,431.75,422,423,2317000,,,
2018-02-01,423.75,426.25,415.75,423.25,2354600,,,
2018-02-02,422.25,427,420,423.5,1900200,,,
2018-02-05,417.5,422,412,420.5,2873000,,,
2018-02-06,402.75,404.5,383,402.25,6681400,,,
2018-02-07,420,426.75,416.5,416.5,4458400,,,
2018-02-08,418.75,422.75,412,418.5,2629400,,,
2018-02-09,408.5,449.25,402.5,448.25,8376600,,,
2018-02-13,448.75,456,444,445,4595400,,,
2018-02-14,441.25,447.5,431.25,433.5,3583200,,,
2018-02-15,432.75,434.25,412.75,414,3697200,,,
2018-02-16,418.75,422.25,414,420.75,2231400,,,
2018-02-19,425.5,433,424.75,431.5,1965000,,,
2018-02-20,434.25,445.75,433.5,443.5,2750000,,,
2018-02-21,448,451.5,444,447.75,3061400,,,
2018-02-22,446.75,448.25,435.5,438.75,2330400,,,
2018-02-23,441.5,442.25,435,436,1275000,,,
2018-02-26,444,444,436.5,439.5,1717000,,,
2018-02-27,441.75,447.25,440.75,444.5,1896800,,,
2018-02-28,442.25,444.75,435,435,2607400,,,
2018-03-01,434,437.75,430.75,437.25,2027400,,,
2018-03-02,429,431.25,424.25,425.75,2897800,,,
2018-03-05,425.75,425.75,414.5,416.25,1416800,,,
2018-03-06,425.5,425.75,418,418.75,1669000,,,
2018-03-07,417.5,418.75,413.5,415.5,1285600,,,
2018-03-08,418.5,419.5,412.75,418.75,1980400,,,
2018-03-09,427.25,429.5,422.5,428.5,2317600,,,
2018-03-12,436.25,439,433.75,437.5,1340400,,,
2018-03-13,436.5,438,428.25,438,1469600,,,
2018-03-14,428,429.5,419.5,422.25,2922400,,,
2018-03-15,423.75,430.5,422.75,429.25,2058000,,,
2018-03-16,432.5,433,425.75,426,1021400,,,
2018-03-19,424.75,424.75,414.5,420,1416000,,,
2018-03-20,417.5,420.75,416.75,419.75,981200,,,
2018-03-22,420,420.25,411,413.75,1810800,,,
2018-03-23,406.25,407,396,397.75,2612800,,,
2018-03-26,392.75,396,386.25,396,1961600,,,
2018-03-27,399,405.75,396.75,404,2085000,,,
2018-03-28,397.5,397.5,390.25,396.75,1860800,,,
2018-03-29,398.75,399.5,386.75,389.75,2274800,,,
2018-03-30,394.75,400.5,393.75,395.75,1354600,,,
2018-04-02,395.25,400.75,393.25,397.75,1170000,,,
2018-04-03,393.25,401,392.5,399,1273600,,,
2018-04-04,400,401.75,395,396.25,1152600,,,
2018-04-05,398.5,401.75,393.75,400,1148200,,,
2018-04-06,399.5,401,395.5,397.5,1603400,,,
2018-04-09,397.5,400.5,393.25,399.25,1117200,,,
2018-04-10,398,405,395.25,403,1215200,,,
2018-04-11,405,410,404,406,1622400,,,
2018-04-12,407.25,407.5,400,405.5,1099200,,,
2018-04-13,408.5,420.5,407.75,416.25,1995400,,,
2018-04-16,416,421.75,415.25,421.5,1226800,,,
2018-04-17,420.25,423.5,416.5,422.5,1190000,,,
2018-04-18,422.5,436.5,421.75,435,2118600,,,
2018-04-19,433.5,434.75,427.5,432.5,1515200,,,
2018-04-20,427.75,430,424.75,427.5,1556000,,,
2018-04-23,425,436.75,424.25,435.25,2384400,,,
2018-04-24,439.5,448,439,447.25,2475200,,,
2018-04-25,440,442.25,436.25,439.5,1774000,,,
2018-04-26,442,443.25,429,429.75,2828200,,,
2018-04-27,452.5,465.5,432.75,452.75,7831200,,,
2018-05-01,464.75,469.5,452,455.25,2698600,,,
2018-05-02,454.5,457,431.5,433,4594800,,,
2018-05-07,431,431.5,410.25,414,6596600,,,
2018-05-08,416,422.25,414.25,416.5,3187200,,,
2018-05-09,415,416.75,413,414.25,1940400,,,
2018-05-10,414.25,420.25,414,416.75,1646200,,,
2018-05-11,419.5,423.25,419,421.25,1670200,,,
2018-05-14,418.75,424.5,417.25,423.75,1839400,,,
2018-05-15,425.75,430.5,425.25,426.5,1151600,,,
2018-05-16,425,431.25,424.75,430,1464600,,,
2018-05-17,433.75,444,433,439,2446000,,,
2018-05-18,439.5,443.75,438.5,443.5,1603000,,,
2018-05-21,443.25,452,442.25,449.5,1860800,,,
2018-05-22,449,454.25,448.5,449.75,1314400,,,
2018-05-23,447.25,448,443.75,445,969000,,,
2018-05-24,441.25,443,433.25,438.5,1462200,,,
2018-05-25,438.5,440.5,432.5,433,1031800,,,
2018-05-28,432.75,436.5,431.25,435,784400,,,
2018-05-29,435.5,436.75,428,429.25,726600,,,
2018-05-30,420.75,422,417,420.75,1244000,,,
2018-05-31,424.75,427.75,420.75,423.25,1512200,,,
2018-06-01,425,439.5,425,437,2626600,,,
2018-06-04,444.25,444.75,439,444,1193600,,,
2018-06-05,444.75,449.25,443.5,448.75,1645200,,,
2018-06-06,451.25,454.25,447.25,451.5,1559600,,,
2018-06-07,454,457.5,453,456.5,1091000,,,
2018-06-08,457.75,460.5,455.75,455.75,1388800,,,
2018-06-11,454.75,457.5,449,456,1355400,,,
2018-06-12,459,463.25,455.5,459.25,1196800,,,
2018-06-13,457.5,457.75,445.25,448,1456400,,,
2018-06-14,445,448,443,445.75,752200,,,
2018-06-15,448.5,457.25,446.25,455,1679800,,,
2018-06-18,452,452.5,447.25,449.75,1203400,,,
2018-06-19,442.5,449,440,440.25,1022400,,,
2018-06-20,439.75,448.25,435.25,446.5,1612200,,,
2018-06-21,446.25,450,444.5,446.75,824600,,,
2018-06-22,439,442.25,433.75,442,1214600,,,
2018-06-25,442.25,449.25,437.75,439,1366400,,,
2018-06-26,433.75,437.5,429,437.5,1055400,,,
2018-06-27,437.25,448,436,445.5,1216400,,,
2018-06-28,445.75,449,442.75,447.5,1218600,,,
2018-06-29,445,445,437.75,443.75,1648800,,,
2018-07-02,442.5,448.25,435.75,436.5,1217400,,,
2018-07-03,439.5,443.25,436.25,439.75,1333800,,,
2018-07-04,434.75,434.75,421.5,427.5,1639600,,,
2018-07-05,425.25,427,421,422.25,1183400,,,
2018-07-06,423.75,428,422.5,426.5,1205800,,,
2018-07-09,428,430.5,423.5,426.5,1296000,,,
2018-07-10,436.5,440.75,432.5,435,1380800,,,
2018-07-11,430.25,432.75,425.5,430.25,912000,,,
2018-07-12,430.25,430.75,423.75,426,981000,,,
2018-07-13,432.25,442.25,431.25,440.25,2129400,,,
2018-07-17,438.75,441.5,435.25,439,1892600,,,
2018-07-18,442.25,445.25,439.25,439.5,971000,,,
2018-07-19,439.5,442,437,438.5,1206200,,,
2018-07-20,438.25,441.5,435.5,437.5,1436400,,,
2018-07-23,437.5,449.75,434,442,2476000,,,
2018-07-24,444.25,446.25,440.5,442.5,760200,,,
2018-07-25,445.75,446,439,442.25,916200,,,
2018-07-26,447.5,454.5,446.5,454.25,2281000,,,
2018-07-27,456.25,460,452.25,459.5,2233600,,,
2018-07-30,457.25,458.75,446.5,454.75,2306400,,,
2018-07-31,454.75,460,450.75,458.75,2462200,,,
2018-08-01,461.25,463.25,454.25,455,2207000,,,
2018-08-02,455,456.75,448.25,449,2794200,,,
2018-08-03,415,417,396.25,405,7031000,,,
2018-08-06,407,408.5,399.25,400.25,4162000,,,
2018-08-07,397.75,406.25,395,405.75,2532400,,,
2018-08-08,410.25,420,406.25,418,3359600,,,
2018-08-09,417.5,424.25,413.25,419.25,2081400,,,
2018-08-10,413.5,416.75,400.75,402.25,1970600,,,
2018-08-13,400,400.75,391,391.5,1709200,,,
2018-08-14,393.75,395.5,390.25,394.75,1273800,,,
2018-08-15,395.25,395.5,381.5,383.75,2419600,,,
2018-08-16,376.75,380.5,370.75,380,1599800,,,
2018-08-17,382,387,380.25,385.75,1492000,,,
2018-08-20,383.75,385.25,381.75,383.25,885800,,,
2018-08-21,381,383,376.75,377.75,1046000,,,
2018-08-22,378.75,387,378.75,385.5,1549600,,,
2018-08-23,390.5,391.75,382,384,1590000,,,
2018-08-24,380.5,385.75,380.25,384.75,1297400,,,
2018-08-27,388.25,396.25,387.5,393.75,1099600,,,
2018-08-28,398.75,400.5,393,394,1118800,,,
2018-08-29,395.75,402.5,394.5,400.25,1214800,,,
2018-08-30,402.25,403,396.75,399.75,750800,,,
2018-08-31,396.25,406.25,395.5,403.5,1488200,,,
2018-09-03,400,400.25,390.75,393.25,1356400,,,
2018-09-04,392.25,394.75,388.75,390,1237400,,,
2018-09-05,380,387.75,379.5,385.75,1520200,,,
2018-09-06,383,386.5,380.75,381.5,1333800,,,
2018-09-07,379.75,381.5,377.75,379.75,1084400,,,
2018-09-10,378,385.25,376.75,378.5,1091400,,,
2018-09-11,377.75,379.5,374.25,376.25,971200,,,
2018-09-12,376.25,378,364.75,367.5,1188600,,,
2018-09-13,371.5,373.75,364.5,365,1361200,,,
2018-09-14,368.5,375.25,367.5,374.5,1089800,,,
2018-09-18,376.5,384.75,372.5,384,1873000,,,
2018-09-19,395.5,403.75,393.25,402.75,3174600,,,
2018-09-20,402.75,404.5,395.5,398,2027800,,,
2018-09-21,396.5,400.75,391.25,400,1828400,,,
2018-09-25,387.75,398.75,387.5,398.75,1961000,,,
2018-09-26,395.5,403.75,394.5,402.25,1767600,,,
2018-09-27,402,402.25,395.5,395.5,1390800,,,
2018-09-28,401.75,403.75,397.5,398.25,1543800,,,
2018-10-01,397.5,404.5,393.75,401.5,1099200,,,
2018-10-02,404.25,407.25,399,399.75,943400,,,
2018-10-03,400,406.75,397.5,397.5,1472400,,,
2018-10-04,401,401.75,393.75,396.5,1794000,,,
2018-10-05,396,404.5,394.25,397,1568400,,,
2018-10-09,393.5,395.25,378.75,379.5,1659400,,,
2018-10-10,381.25,386.5,379.25,384.25,1230400,,,
2018-10-11,367.75,371,362,365.75,2093000,,,
2018-10-12,361.5,365.5,360.25,365,1832800,,,
2018-10-15,362.5,364,359.5,360.25,1084400,,,
2018-10-16,358,363,357,362,965600,,,
2018-10-17,368.25,368.75,365.75,367.25,718000,,,
2018-10-18,365.5,365.75,360.5,360.75,819600,,,
2018-10-19,355,357.5,353.5,357,728800,,,
2018-10-22,354.25,363,352.5,358.25,1175400,,,
2018-10-23,351.25,353,349.5,350.75,1456400,,,
2018-10-24,354.75,355.25,346.75,347.25,827400,,,
2018-10-25,337.5,339.75,336,337.5,1328600,,,
2018-10-26,341.25,342.75,327.5,329.25,2455800,,,
2018-10-29,331.5,333,327.25,327.5,1519600,,,
2018-10-30,326,336.75,325.5,335.25,1987400,,,
2018-10-31,342.5,350.5,337.75,348.5,2109000,,,
2018-11-01,345.75,350.5,343.25,346.5,2503200,,,
2018-11-02,339.25,388.25,338.75,387.25,9362800,,,
2018-11-05,390,419.25,389.75,410.75,8438600,,,
2018-11-06,411.25,412.5,402,402,2918200,,,
2018-11-07,407,431,406,424.5,4560000,,,
2018-11-08,424.5,424.5,412.25,413.75,2740000,,,
2018-11-09,415,417,410.5,413,1649400,,,
2018-11-12,403.5,408.75,399.25,405,1776200,,,
2018-11-13,392.75,401.75,385.25,400,2948400,,,
2018-11-14,400,406,397.5,403.25,1567400,,,
2018-11-15,405.75,413,403,408.25,1741600,,,
2018-11-16,407.25,412,402,402.25,1418400,,,
2018-11-19,407.5,419.25,406.5,415.75,2759600,,,
2018-11-20,409.75,420,408.25,415.25,2537400,,,
2018-11-21,407.25,415.25,404.25,414.5,1880000,,,
2018-11-22,414.25,416.25,410.5,414,1507400,,,
2018-11-26,409.25,414.5,408,413,1233200,,,
2018-11-27,416,416.5,402.75,412,1725800,,,
2018-11-28,415,415,405.25,408.75,1805600,,,
2018-11-29,411.25,411.25,392.5,394,3241200,,,
2018-11-30,395,403.25,393.25,394.75,2606800,,,
2018-12-03,400.25,405.75,398.5,402.5,1657600,,,
2018-12-04,403.75,405.75,402.75,403,1723200,,,
2018-12-05,393.25,403.5,392.75,402.25,1853400,,,
2018-12-06,399.25,401.5,393.75,396.25,2079000,,,
2018-12-07,399.75,402.75,393.5,394.5,2193800,,,
2018-12-10,392.5,399.25,387.75,390.5,1495200,,,
2018-12-11,392.75,394.5,376.5,380.25,1754600,,,
2018-12-12,383.25,393,379.5,388.75,1386600,,,
2018-12-13,414.25,421.5,412.5,421.25,3762600,,,
2018-12-14,420,432.25,416.75,429,4303000,,,
2018-12-17,412.5,415.5,404.75,407.25,2596200,,,
2018-12-18,402.25,408.75,398.5,405,1547200,,,
2018-12-19,407.5,411,403,404,956200,,,
2018-12-20,404,411.25,394.25,398,2286600,,,
2018-12-21,390.5,391,377,383.25,2294800,,,
2018-12-25,367.5,370,361,366.5,1604200,,,
2018-12-26,367.5,373.5,362,367,1846200,,,
2018-12-27,382,392,380,388.25,1883400,,,
2018-12-28,384.5,396,382.5,387,1351800,,,
2019-01-04,370.75,371.25,352.75,365.5,2237000,,,
2019-01-07,380,383.75,377.75,380,1721800,,,
2019-01-08,375,386.75,373.75,383,2327600,,,
2019-01-09,376.75,379.5,372.25,379,2120200,,,
2019-01-10,376.75,380.25,372.75,377.75,719600,,,
2019-01-11,378.25,379.25,373.5,378.25,1083600,,,
2019-01-15,373.25,383.25,373,382.25,1560400,,,
2019-01-16,381,381,378,380,1390600,,,
2019-01-17,380.75,384.5,378.5,382.25,1291000,,,
2019-01-18,378.75,385.5,375.5,383,1301000,,,
2019-01-21,388.5,392.5,383,385.75,1016000,,,
2019-01-22,388.5,389.5,381,383.5,1095200,,,
2019-01-23,378.5,382,376,379.5,837600,,,
2019-01-24,382.75,389.5,382.25,387.75,963200,,,
2019-01-25,387.5,399.75,386,397.5,1508000,,,
2019-01-28,405.25,405.25,389,390.5,1663400,,,
2019-01-29,390.75,394.75,384.5,389.5,1309800,,,
2019-01-30,390,395,385,385,1511800,,,
2019-01-31,391.25,398.5,389.75,395.75,1343600,,,
2019-02-01,400,408,397.25,397.25,1231200,,,
2019-02-04,397,404,395.25,398.5,1583000,,,
2019-02-05,353.5,356.75,336.5,348.25,9890400,,,
2019-02-06,354,355,346,354.25,3599600,,,
2019-02-07,357.25,368.75,355,363.25,2785400,,,
2019-02-08,358.25,362.5,355.5,358,1749000,,,
2019-02-12,361.75,377,356.5,375.25,2312400,,,
2019-02-13,379.5,386.5,377.5,385.25,2195600,,,
2019-02-14,388.75,395,386.75,392.25,2068800,,,
2019-02-15,384,387.5,377.5,378.75,1525800,,,
2019-02-18,386.75,392.5,384.25,391.75,1246400,,,
2019-02-19,389.5,396.25,389.5,395,1278800,,,
2019-02-20,397,399.5,392.5,394.25,1259200,,,
2019-02-21,396.25,399.75,389,393,1472000,,,
2019-02-22,388.75,391.75,386,391.5,1240000,,,
2019-02-25,392,397.5,390.75,393.75,1095200,,,
2019-02-26,396.75,397.5,388.5,390.25,1065600,,,
2019-02-27,391,397.25,390.75,391.75,1325400,,,
2019-02-28,398.5,398.75,392.5,395,1612000,,,
2019-03-01,397,401,397,399,1086000,,,
2019-03-04,404.75,407,399,404.25,1526200,,,
2019-03-05,405.25,405.5,398,400.5,1019400,,,
2019-03-06,401.5,407,398.5,406.75,945000,,,
2019-03-07,403.75,403.75,397,398.5,1633400,,,
2019-03-08,408,409.5,398.25,398.75,2693000,,,
2019-03-11,402.75,406.5,398.75,404.5,1112200,,,
2019-03-12,412.5,419.5,411,418.25,2197400,,,
2019-03-13,415.5,415.5,406,413.5,1599600,,,
2019-03-14,417.25,417.25,407.75,410.75,1818600,,,
2019-03-15,408.75,416.5,408.75,410,1423000,,,
2019-03-18,417.25,417.5,410.5,413.25,1451200,,,
2019-03-19,414.25,414.75,409,413,1191800,,,
2019-03-20,415.75,422.25,415,422.25,1805800,,,
2019-03-22,422.5,425.5,414.25,425,2477400,,,
2019-03-25,412.5,414.25,404.25,413.75,1296800,,,
2019-03-26,417.5,432.5,416,429.5,2022800,,,
2019-03-27,429.5,430,422,430,1056600,,,
2019-03-28,425,426.25,420,424.75,1429000,,,
2019-03-29,427.75,428,416,420.5,2198000,,,
2019-04-01,430.5,431.75,425.75,427.75,1656600,,,
2019-04-02,432.5,436.75,431.25,433,1352600,,,
2019-04-03,436.25,442,434.75,436.75,1568800,,,
2019-04-04,438.5,445.5,436.5,439.75,1431400,,,
2019-04-05,436.75,438.25,435.25,437.75,1258000,,,
2019-04-08,438.5,441,433.25,435,1401400,,,
2019-04-09,434.25,437.25,430.25,437.25,1087600,,,
2019-04-10,431.5,438.5,430.25,436.75,1207400,,,
2019-04-11,438,439.25,434.5,436.75,1349600,,,
2019-04-12,437.5,438,434.25,436.75,1308000,,,
2019-04-15,438.5,447.75,437.75,444.75,1933400,,,
2019-04-16,441.5,443,436.25,437,1154600,,,
2019-04-17,443.25,453,443.25,446.5,1720000,,,
2019-04-18,445.5,448.25,442,443,813000,,,
2019-04-19,446,457,444.5,455,1651800,,,
2019-04-22,457.25,457.25,451.25,454.25,1185000,,,
2019-04-23,453.25,456.5,450.75,456,942200,,,
2019-04-24,456,457,446,449.75,2449800,,,
2019-04-25,489.75,501.75,470.75,494,7116600,,,
2019-04-26,500,507.25,494.75,497.25,5980600,,,
2019-05-07,497.25,498.75,475,475,3374000,,,
2019-05-08,475,482.5,471.5,475.25,3444400,,,
2019-05-09,471,478.25,460.5,463.25,2226000,,,
2019-05-10,461.25,469.25,452.75,454.75,2752000,,,
2019-05-13,452.5,453.75,447.25,447.25,1495200,,,
2019-05-14,446.75,461.25,444,453,2620200,,,
2019-05-15,463.25,475,453.75,471.5,3837600,,,
2019-05-16,468,469.5,457.5,460.5,2349200,,,
2019-05-17,462.25,465,448.75,453,2122000,,,
2019-05-20,448.75,450.25,436.5,440.75,2286400,,,
2019-05-21,426.5,429,416.25,426,3767200,,,
2019-05-22,438.5,442.5,427.75,427.75,2416800,,,
2019-05-23,424.5,424.5,416.75,420.25,2077800,,,
2019-05-24,416.75,422.5,413,420.75,1417400,,,
2019-05-27,420.5,428.5,420.5,424,2015200,,,
2019-05-28,422.5,428.5,421.75,427,2286600,,,
2019-05-29,420.75,425.25,414,424.25,2468800,,,
2019-05-30,419.5,424.5,413.5,421,1420800,,,
2019-05-31,417.75,426.25,416.25,421.75,1331400,,,
2019-06-03,411.75,419.75,410.75,416.5,1461600,,,
2019-06-04,417.75,427.75,417.5,426.5,2168600,,,
2019-06-05,446.5,452,441,448,2870800,,,
2019-06-06,447.5,448.25,436.5,439.5,1694400,,,
2019-06-07,443,447.25,438.25,443,992600,,,
2019-06-10,450,458.25,447.25,455,1469200,,,
2019-06-11,456,467.75,454,464,1177400,,,
2019-06-12,461.5,466,456,456.5,1413200,,,
2019-06-13,453.5,454.5,448.5,452.25,998800,,,
2019-06-14,453,460.5,451,459.5,1456200,,,
2019-06-17,453.5,454.75,441.75,445.25,2007200,,,
2019-06-18,449.5,452.5,435,437.75,2237000,,,
2019-06-19,447.5,452,447,450.75,1524400,,,
2019-06-20,455,456,448,453.25,1497200,,,
2019-06-21,460.25,462.25,449.25,450,1950000,,,
2019-06-24,446.75,456.5,444.75,452.25,1666600,,,
2019-06-25,456.5,463.5,453.25,454.5,1775800,,,
2019-06-26,456.75,469,455.5,460.5,2442000,,,
2019-06-27,463.25,478.25,462.75,474.25,2504400,,,
2019-06-28,470.25,471.5,461.5,471.5,1991000,,,
2019-07-01,479.75,482.5,474.25,478.75,1834400,,,
2019-07-02,478,481,473.5,480.5,1547800,,,
2019-07-03,475.25,476.25,466.25,467.75,1593400,,,
2019-07-04,469.75,470.5,462.5,468,847400,,,
2019-07-05,465.5,467.25,463,465.25,1287800,,,
2019-07-08,465,468,460.25,463.5,1767000,,,
2019-07-09,464.5,465.5,454.75,457.25,1103400,,,
2019-07-10,455.75,455.75,447.75,450,1299400,,,
2019-07-11,450.25,463,448.75,460.25,1385600,,,
2019-07-12,461.25,470.5,458.75,470,3072000,,,
2019-07-16,467.75,468.75,460.75,461.25,1421000,,,
2019-07-17,459.75,459.75,453.25,455.25,1607000,,,
2019-07-18,450.25,452.25,441.25,444.5,1447000,,,
2019-07-19,464.5,464.5,454,458.5,2519000,,,
2019-07-22,459.75,463.75,458.75,460,2475400,,,
2019-07-23,462.25,476.75,461,470.75,2651400,,,
2019-07-24,480.75,505.75,479.5,503.25,6648400,,,
2019-07-25,501.75,502,490.25,496.75,3802200,,,
2019-07-26,490.25,499.25,488.5,497,3925800,,,
2019-07-29,489.25,489.25,478.25,485,2853800,,,
2019-07-30,488.75,494.25,485.5,488.25,2457400,,,
2019-07-31,488.5,500,486.25,488.75,2835400,,,
2019-08-01,483.75,495,480.25,491.75,2802000,,,
2019-08-02,520.25,544.5,510.25,537,10346600,,,
2019-08-05,528.25,532.5,522,525.5,4643000,,,
2019-08-06,509.75,524.75,506,524.5,3215600,,,
2019-08-07,523.75,529,519.75,520.25,2671400,,,
2019-08-08,520.25,522.5,516.75,518.25,2242600,,,
2019-08-09,527.5,528.5,513.75,516,2227800,,,
2019-08-13,516.5,522.25,512.25,520.25,2198800,,,
2019-08-14,526.25,527.25,517.25,526.25,2612400,,,
2019-08-15,512,518.5,509,517.5,2119600,,,
2019-08-16,516.5,520.75,509.75,513.25,3266200,,,
2019-08-19,518,522.5,512,513.25,2291400,,,
2019-08-20,513,529.25,512.25,528.25,1968800,,,
2019-08-21,521,525,518.75,523.25,2177000,,,
2019-08-22,523.25,525,514.5,517,1793400,,,
2019-08-23,513,517.75,487.25,513.75,3295600,,,
2019-08-26,503.75,508.75,498.75,502.5,2049000,,,
2019-08-27,506.75,511.5,504.75,509,1300400,,,
2019-08-28,508.25,510,500.75,504.5,1185600,,,
2019-08-29,502,504.5,496.75,499.5,1351600,,,
2019-08-30,508.5,517,505.25,515.75,2517800,,,
2019-09-02,509.75,511.75,502.25,510.5,2062600,,,
2019-09-03,509.75,510.25,505.75,510,1074600,,,
2019-09-04,507.5,514.25,504.5,511.5,1384400,,,
2019-09-05,517.5,533.5,516.5,531.75,3063200,,,
2019-09-06,539.75,544.5,529.75,531.75,1531000,,,
2019-09-09,531.25,536.5,528,536,1476400,,,
2019-09-10,535,537.5,522.5,526,1804400,,,
2019-09-11,530.75,541,529,540.75,2629200,,,
2019-09-12,545,550.25,537.75,537.75,2528600,,,
2019-09-13,535.75,537.75,531.5,534.5,2714600,,,
2019-09-17,533.5,540.25,525.5,534.25,3258600,,,
2019-09-18,529.5,533.5,524.25,528.25,2508000,,,
2019-09-19,527.75,530.25,523,525.75,2762400,,,
2019-09-20,530.75,542.25,529,532.25,2809400,,,
2019-09-24,527,542,525.75,534.5,2250200,,,
2019-09-25,529.75,534.5,525.5,531.75,2367200,,,
2019-09-26,540.5,561.5,539,550.5,4076600,,,
2019-09-27,550.5,552,542,546,2658400,,,
2019-09-30,538.25,545.25,535.5,543.75,1683200,,,
2019-10-01,547.5,554,541,552.75,1772000,,,
2019-10-02,548,555.5,547.5,553.5,1545200,,,
2019-10-03,546,557,544.25,554.75,2829400,,,
2019-10-04,559,573.75,558.5,569.5,3572200,,,
2019-10-07,570.25,572.25,546.5,563.75,2884600,,,
2019-10-08,572.25,576.5,566.25,569.5,2137600,,,
2019-10-09,560.75,573.75,558.75,569.75,1950400,,,
2019-10-10,574.5,579.75,564.25,574.5,2327600,,,
2019-10-11,575,581.5,565.25,580.5,2224200,,,
2019-10-15,588.5,590.75,578.75,586.5,2278000,,,
2019-10-16,595,596,578.25,581.5,2059000,,,
2019-10-17,582.75,591,579.75,585.25,1149600,,,
2019-10-18,589.5,595,583.25,583.75,2087600,,,
2019-10-21,585.5,586.75,577.75,579,1118400,,,
2019-10-23,579,591,578,590.5,2259000,,,
2019-10-24,586,588,580.5,585.25,2086600,,,
2019-10-25,592.75,608.5,592.75,596.75,3321800,,,
2019-10-28,602,620.75,602,619.75,2495800,,,
2019-10-29,627.75,637.75,625.25,637,3475000,,,
2019-10-30,636.25,639.75,626.5,638.75,2852000,,,
2019-10-31,634.75,635.25,624,626,3577800,,,
2019-11-01,601,627.5,597,624,3925600,,,
2019-11-05,637.75,642,615.25,617.75,4329200,,,
2019-11-06,626.25,634.75,623,630.25,2412400,,,
2019-11-07,636.75,642,629.25,641.25,2238200,,,
2019-11-08,642.5,643.5,612.75,622.5,2785800,,,
2019-11-11,623.5,625,607.25,611.5,2378800,,,
2019-11-12,614.75,619.5,608.25,614,2709400,,,
2019-11-13,620,629.75,618.25,622.75,2091800,,,
2019-11-14,620.75,625.25,611,614.75,1659600,,,
2019-11-15,617,622.25,613,619.25,1511800,,,
2019-11-18,623,627,618.25,624.75,964400,,,
2019-11-19,627,634,620.5,634,1842600,,,
2019-11-20,629.5,634.5,620,621.5,1657600,,,
2019-11-21,621.75,622.25,604.25,613.5,1441000,,,
2019-11-22,614,619.5,612.75,616.25,1218400,,,
2019-11-25,622.5,627.5,618.25,621,1291000,,,
2019-11-26,630.75,636,627.75,632,1454600,,,
2019-11-27,633.5,644.25,633,641.25,1617000,,,
2019-11-28,647.5,661.75,646.5,656.25,2402800,,,
2019-11-29,656.5,660,646,646.25,1644800,,,
2019-12-02,641.75,651.75,640.75,644.75,966200,,,
2019-12-03,636.5,643.75,634.25,643.5,823400,,,
2019-12-04,637,638.25,628.25,634,1654200,,,
2019-12-05,637.75,640,631.5,639,1090000,,,
2019-12-06,637,639.25,632.25,633.25,1760400,,,
2019-12-09,640.75,654.5,639.75,653.5,1980400,,,
2019-12-10,646.5,654.75,646,653.25,1319600,,,
2019-12-11,656.25,657.5,641.5,643.75,1424400,,,
2019-12-12,655,655.5,643.25,644,962800,,,
2019-12-13,656.25,659.75,648,652,1734400,,,
2019-12-16,653.5,657,648.75,651.75,996400,,,
2019-12-17,656.5,656.75,648.5,653,986800,,,
2019-12-18,655,666,654.75,663.75,1719800,,,
2019-12-19,667.25,671.5,661.5,666.75,1041000,,,
2019-12-20,660,667.75,653.75,664.75,1117200,,,
2019-12-23,668,668,648.5,651.75,1258000,,,
2019-12-24,655.5,657.25,646.5,650,1217400,,,
2019-12-25,650,653.25,642,646.25,926200,,,
2019-12-26,648.25,653.25,645.5,653,855600,,,
2019-12-27,656.75,658,651.5,654.25,965400,,,
2019-12-30,653.25,655.25,645.75,651.25,702000,,,
2020-01-06,642.25,653.75,641,651.25,1161600,,,
2020-01-07,654.75,670.25,654.25,664,1779000,,,
2020-01-08,652.5,653.25,636.5,649.5,1403800,,,
2020-01-09,667.75,675.75,663.25,669.5,1626800,,,
2020-01-10,679.25,685.75,671.75,685.25,1435800,,,
2020-01-14,690,695.5,686.5,686.5,1620000,,,
2020-01-15,686.5,690,674.5,675,1408400,,,
2020-01-16,678,682,668.5,670.5,993000,,,
2020-01-17,679,680,668.25,674.5,1127600,,,
2020-01-20,672,675.25,670,673.25,759800,,,
2020-01-21,675,677,664,668.25,1038800,,,
2020-01-22,668.75,690,668.75,680,1685800,,,
2020-01-23,676.5,679.25,668.5,668.5,958800,,,
2020-01-24,680.25,680.25,670.75,678.25,1564400,,,
2020-01-27,655.25,660.25,651.5,655,1471800,,,
2020-01-28,644,653.75,640.75,651.75,1568000,,,
2020-01-29,658.5,661.25,644.75,654.75,1269000,,,
2020-01-30,650.75,651.75,629.25,634.75,1280800,,,
2020-01-31,637.25,647.25,634.25,641,1967400,,,
2020-02-03,616,630.25,608.25,625.25,2276800,,,
2020-02-04,625,630.5,620,628.25,1950400,,,
2020-02-05,642.75,650.25,639.5,645,2068600,,,
2020-02-06,687.5,715,682.5,690.25,6813200,,,
2020-02-07,695.75,701.75,678,678,2945600,,,
2020-02-10,674.25,678.25,668.5,676.5,1638400,,,
2020-02-12,692.75,703.25,690.5,702.75,2443000,,,
2020-02-13,703.75,712.25,692.75,694,1591200,,,
2020-02-14,690,692.5,680.75,687.25,1581000,,,
2020-02-17,675.75,684.25,666.75,682.75,1462600,,,
2020-02-18,674,674,654.25,657.75,1640600,,,
2020-02-19,669,677.75,664.75,676.75,1967400,,,
2020-02-20,683.75,695.75,683.5,684,1569400,,,
2020-02-21,680.25,699.5,677.75,687.5,1225600,,,
2020-02-25,653.75,664.75,651.5,655,2605000,,,
2020-02-26,647.75,655,635.5,653.75,1923000,,,
2020-02-27,654.5,654.75,636.75,639.5,1993400,,,
2020-02-28,615.5,617.5,593.5,597.25,2964000,,,
2020-03-02,589.75,622.75,585.5,612.25,2737200,,,
2020-03-03,637.25,640.25,603.5,603.75,2620800,,,
2020-03-04,592.75,612,586.5,602.5,1829400,,,
2020-03-05,619,620.25,605.75,610.75,2014200,,,
2020-03-06,598.5,603,583.75,588.75,1499000,,,
2020-03-09,557.75,563,534.5,540.5,2421800,,,
2020-03-10,528,569.5,513.75,565.75,2768400,,,
2020-03-11,564,572.25,538,538.75,2723800,,,
2020-03-12,524.25,531,500.75,501.25,3262400,,,
2020-03-13,468.75,505.5,443.25,489.5,5072600,,,
2020-03-16,495.75,500,460.75,460.75,2277800,,,
2020-03-17,444.5,491.75,436.25,488,5471800,,,
2020-03-18,492.25,504.5,481,485,3150600,,,
2020-03-19,505,507.25,453.25,455,4031000,,,
2020-03-23,459.25,482,438.75,474,2869200,,,
2020-03-24,499.25,544.75,494.25,523,3388600,,,
2020-03-25,560.5,570.5,543.5,570,3069200,,,
2020-03-26,550.5,574,542.5,545,2403000,,,
2020-03-27,577.75,591.75,570.25,583.5,2740600,,,
2020-03-30,560,583.5,555.75,580.75,1418600,,,
2020-03-31,581,606,581,592.75,2187600,,,
2020-04-01,580.75,582.5,529.75,540.75,3155800,,,
2020-04-02,532,540,503.75,532.5,3975800,,,
2020-04-03,520.25,524,493,503,2619400,,,
2020-04-06,504.75,531.75,492.75,526,1812600,,,
2020-04-07,551,559.25,530.25,551.25,2286800,,,
2020-04-08,544.5,556.75,531.75,552.5,1337400,,,
2020-04-09,552.75,552.75,535,543.5,1608000,,,
2020-04-10,545.25,550,531.5,550,1100800,,,
2020-04-13,549.75,550,536.75,540.5,778000,,,
2020-04-14,544.5,573.5,540,562.5,1744000,,,
2020-04-15,559.5,569.25,549.75,561.25,1360600,,,
2020-04-16,550.5,563.5,545.5,561.25,1381000,,,
2020-04-17,586.25,592.25,575.25,577.25,1655800,,,
2020-04-20,569,591.5,567.25,588.25,1679000,,,
2020-04-21,575.75,584.5,571.5,571.5,1379400,,,
2020-04-22,572.5,589,567.75,584,3303000,,,
2020-04-23,604.5,608.75,589,600.75,2840000,,,
2020-04-24,592,595.25,577.75,591.25,2991400,,,
2020-04-27,595.25,623.75,586.75,611,3973400,,,
2020-04-28,686,723.75,657.75,721.5,12678800,,,
2020-04-30,728.75,732.25,695.25,695.25,6106000,,,
2020-05-01,697.5,719.75,689.75,699.25,4312800,,,
2020-05-07,712.5,721.25,709,717.25,3022400,,,
2020-05-08,725.25,732.5,712.75,727.75,2632800,,,
2020-05-11,727.5,730,711.25,713.5,2392200,,,
2020-05-12,724.75,742.25,716.5,738,3183000,,,
2020-05-13,725,750,724.25,740.5,3591400,,,
2020-05-14,734.5,740.75,723.5,726.25,2498200,,,
2020-05-15,736,747.25,727.5,743.5,2271600,,,
2020-05-18,737.25,740,709.5,721,2974400,,,
2020-05-19,736.25,739.75,713.5,732.25,2994600,,,
2020-05-20,743.75,756.25,738,740.5,2925400,,,
2020-05-21,760,760,741.75,741.75,2386200,,,
2020-05-22,744.25,744.25,728.75,734.75,2123600,,,
2020-05-25,735.25,737.75,721,727.25,2279400,,,
2020-05-26,736.5,745.75,729.5,744.5,2206600,,,
2020-05-27,744.75,744.75,723.25,735.5,2785400,,,
2020-05-28,734,736.5,714,722.25,2909200,,,
2020-05-29,724.25,727,711.25,713,2887600,,,
2020-06-01,725,766.25,723.5,757.5,3680800,,,
2020-06-02,752.5,760,745.5,753.75,1490200,,,
2020-06-03,771.25,772.5,739.25,744,2427800,,,
2020-06-04,744.25,752.5,736.75,745.25,2489000,,,
2020-06-05,743.75,752.5,737,739.25,1937800,,,
2020-06-08,748.25,748.25,730,732,2058600,,,
2020-06-09,734,738.75,723.75,734.25,1670000,,,
2020-06-10,725,745,724.25,742.25,1303800,,,
2020-06-11,737.5,742.25,727.75,733.5,1530200,,,
2020-06-12,708.5,715.5,698.25,708,2450800,,,
2020-06-15,713.25,740.5,704.75,707,2806000,,,
2020-06-16,729.5,745.75,725.25,744.5,2290600,,,
2020-06-17,743.25,757.5,741.25,752.5,1875600,,,
2020-06-18,747.5,763.75,745.25,752.5,1602200,,,
2020-06-19,752.5,766.25,734.75,761.25,3156400,,,
2020-06-22,750,758.75,738.75,748.25,1688400,,,
2020-06-23,748.25,771.25,742.75,767.5,2241400,,,
2020-06-24,767.5,783.75,763.75,781.25,1969400,,,
2020-06-25,780,795,773.75,778.75,2229200,,,
2020-06-26,787.5,787.5,767.5,772.5,1499800,,,
2020-06-29,775,787.5,762.5,775,1823800,,,
2020-06-30,783.75,803.75,770,786.25,2344600,,,
2020-07-01,792.5,797.5,768.75,771.25,1693000,,,
2020-07-02,781.25,781.25,747,755,1794200,,,
2020-07-03,760,778.75,755,778.75,1275600,,,
2020-07-06,776.25,792.5,776.25,792.5,1147800,,,
2020-07-07,793.75,798.75,782.5,790,1324400,,,
2020-07-08,786.25,802.5,783.75,788.75,1554400,,,
2020-07-09,795,807.5,787.5,801.25,1485000,,,
2020-07-10,807.5,807.5,778.75,782.5,1855600,,,
2020-07-13,786.25,791.25,776.25,791.25,1437200,,,
2020-07-14,775,783.75,763.75,772.5,1477000,,,
2020-07-15,777.5,783.75,767.5,772.5,1502800,,,
2020-07-16,756.25,756.25,740.25,745.25,3115400,,,
2020-07-17,756.25,762.5,742.25,744.5,1737600,,,
2020-07-20,745.5,756.25,744,751.25,1152600,,,
2020-07-21,760,800,757.5,795,3122800,,,
2020-07-22,791.25,805,788.75,793.75,1502000,,,
2020-07-27,741.25,756.25,719,745,7821200,,,
2020-07-28,750,757.5,740.5,751.25,3054000,,,
2020-07-29,750,758.75,724,728.25,2542600,,,
2020-07-30,729,740,720.25,723.75,1572600,,,
2020-07-31,727.75,732.25,709.5,710.5,2093400,,,
2020-08-03,725,751.25,724.25,747,3159800,,,
2020-08-04,825,857.5,808.75,831.25,8701800,,,
2020-08-05,831.25,865,821.25,858.75,3997600,,,
2020-08-06,857.5,858.75,837.5,848.75,1544800,,,
2020-08-07,845,851.25,838.75,842.5,1403400,,,
2020-08-11,860,910,855,902.5,4853800,,,
2020-08-12,898.75,917.5,877.5,883.75,3609600,,,
2020-08-13,900,905,887.5,898.75,1339600,,,
2020-08-14,897.5,925,895,917.5,1929800,,,
2020-08-17,912.5,923.75,907.5,911.25,1096400,,,
2020-08-18,918.75,931.25,907.5,922.5,2073200,,,
2020-08-19,912.5,916.25,890,897.5,1880000,,,
2020-08-20,891.25,896.25,861.25,866.25,1954000,,,
2020-08-21,883.75,890,870,872.5,1726400,,,
2020-08-24,867.5,896.25,865,892.5,1484000,,,
2020-08-25,891.25,891.25,876.25,885,1305200,,,
2020-08-26,876.25,881.25,868.75,873.75,1090400,,,
2020-08-27,877.5,878.75,861.25,870,928000,,,
2020-08-28,866.25,871.25,832.5,845,1708400,,,
2020-08-31,853.75,856.25,830,831.25,1580000,,,
2020-09-01,845,877.5,835,875,1966400,,,
2020-09-02,890,906.25,881.25,901.25,1757600,,,
2020-09-03,907.5,916.25,902.5,906.25,1414800,,,
2020-09-04,871.25,893.75,865,877.5,1976800,,,
2020-09-07,870,887.5,867.5,871.25,1337400,,,
2020-09-08,878.75,896.25,873.75,896.25,1179800,,,
2020-09-09,867.5,876.25,858.75,872.5,1573200,,,
2020-09-10,877.5,890,876.25,886.25,1003800,,,
2020-09-11,887.5,891.25,873.75,878.75,1120800,,,
2020-09-14,883.75,902.5,878.75,901.25,1066800,,,
2020-09-15,910,937.5,891.25,893.75,2014000,,,
2020-09-16,890,910,887.5,900,1376000,,,
2020-09-17,891.25,911.25,881.25,911.25,1471200,,,
2020-09-18,902.5,915,901.25,913.75,1285000,,,
2020-09-23,912.5,930,900,908.75,1609800,,,
2020-09-24,906.25,906.25,867.5,875,1669000,,,
2020-09-25,886.25,886.25,862.5,868.75,1696800,,,
2020-09-28,880,891.25,871.25,890,1399800,,,
2020-09-29,890,907.5,883.75,900,966400,,,
2020-09-30,901.25,905,887.5,887.5,1001400,,,
2020-10-01,#VALUE!,#VALUE!,#VALUE!,#VALUE!,0,,,
2020-10-02,897.5,917.5,893.75,898.75,1830400,,,
2020-10-05,900,905,882.5,887.5,1675200,,,
2020-10-06,895,908.75,887.5,905,1270000,,,
2020-10-07,901.25,922.5,898.75,912.5,1303800,,,
2020-10-08,915,937.5,907.5,930,1715200,,,
2020-10-09,930,952.5,923.75,948.75,1892000,,,
2020-10-12,955,962.5,943.75,947.5,1178000,,,
2020-10-13,958.75,993.75,957.5,987.5,2327400,,,
2020-10-14,985,1007.5,981.25,1003.75,2026400,,,
2020-10-15,1007.5,1018.75,998.75,1011.25,2236600,,,
2020-10-16,1018.75,1035,1003.75,1013.75,2548200,,,
2020-10-19,1031.25,1051.25,1020,1043.75,2274200,,,
2020-10-20,1043.75,1070,1042.5,1065,3343200,,,
2020-10-21,1065,1091.25,1062.5,1086.25,2561400,,,
2020-10-22,1075,1076.25,1046.25,1065,2950000,,,
2020-10-23,1023.75,1041.25,1011.25,1027.5,3485800,,,
2020-10-26,1028.75,1037.5,1006.25,1013.75,2192800,,,
2020-10-27,985,1038.75,978.75,1038.75,2343000,,,
2020-10-28,1056.25,1091.25,1046.25,1085,3185600,,,
2020-10-29,1102.5,1115,1048.75,1111.25,5319800,,,
2020-10-30,1102.5,1111.25,1033.75,1056.25,4025000,,,
2020-11-02,1038.75,1053.75,1018.75,1021.25,2659400,,,
2020-11-04,1030,1068.75,1017.5,1067.5,2164800,,,
2020-11-05,1078.75,1131.25,1078.75,1122.5,3214400,,,
2020-11-06,1112.5,1112.5,1086.25,1087.5,2026800,,,
2020-11-09,1110,1117.5,1100,1110,1735400,,,
2020-11-10,1042.5,1090,1007.5,1038.75,3615000,,,
2020-11-11,1041.25,1067.5,1015,1051.25,3014400,,,
2020-11-12,1082.5,1102.5,1071.25,1083.75,2467800,,,
2020-11-13,1082.5,1085,1060,1076.25,1511400,,,
2020-11-16,1105,1112.5,1086.25,1110,1850600,,,
2020-11-17,1102.5,1113.75,1085,1101.25,1403000,,,
2020-11-18,1090,1102.5,1077.5,1092.5,1281800,,,
2020-11-19,1075,1082.5,1055,1080,1651400,,,
2020-11-20,1090,1105,1085,1103.75,1319400,,,
2020-11-24,1120,1157.5,1115,1153.75,3676000,,,
2020-11-25,1173.75,1207.5,1167.5,1177.5,3299200,,,
2020-11-26,1177.5,1235,1177.5,1230,2930600,,,
2020-11-27,1237.5,1250,1213.75,1237.5,2956600,,,
2020-11-30,1250,1272.5,1220,1222.5,17772200,,,
2020-12-01,1250,1287.5,1238.75,1255,2605800,,,
2020-12-02,1230,1260,1222.5,1250,2216600,,,
2020-12-03,1252.5,1260,1227.5,1235,1736800,,,
2020-12-04,1203.75,1240,1191.25,1237.5,1993800,,,
2020-12-07,1237.5,1242.5,1213.75,1228.75,1894400,,,
2020-12-08,1230,1262.5,1221.25,1260,1390600,,,
2020-12-09,1260,1275,1250,1257.5,1054400,,,
2020-12-10,1233.75,1260,1225,1257.5,1079800,,,
2020-12-11,1262.5,1275,1250,1265,1178200,,,
2020-12-14,1255,1272.5,1233.75,1248.75,1678800,,,
2020-12-15,1246.25,1255,1231.25,1255,1243000,,,
2020-12-16,1262.5,1267.5,1232.5,1243.75,1457200,,,
2020-12-17,1262.5,1275,1245,1275,1767000,,,
2020-12-18,1280,1285,1238.75,1248.75,2110200,,,
2020-12-21,1245,1246.25,1192.5,1213.75,2106200,,,
2020-12-22,1178.75,1200,1138.75,1155,2605600,,,
2020-12-23,1163.75,1177.5,1147.5,1162.5,1858800,,,
2020-12-24,1186.25,1188.75,1171.25,1180,1070400,,,
2020-12-25,1172.5,1185,1166.25,1181.25,652600,,,
2020-12-28,1187.5,1205,1177.5,1201.25,1190800,,,
2020-12-29,1212.5,1218.75,1198.75,1208.75,979200,,,
2020-12-30,1206.25,1217.5,1198.75,1203.75,829600,,,
2021-01-04,1218.75,1222.5,1167.5,1187.5,1375800,,,
2021-01-05,1175,1208.75,1163.75,1207.5,1804400,,,
2021-01-06,1211.25,1225,1166.25,1172.5,2135000,,,
2021-01-07,1166.25,1181.25,1151.25,1167.5,2155800,,,
2021-01-08,1182.5,1221.25,1178.75,1221.25,2197400,,,
2021-01-12,1210,1230,1195,1225,2041800,,,
2021-01-13,1223.75,1237.5,1205,1223.75,2198200,,,
2021-01-14,1252.5,1317.5,1252.5,1277.5,4913800,,,
2021-01-15,1325,1327.5,1250,1257.5,2236200,,,
2021-01-18,1237.5,1270,1231.25,1267.5,1231000,,,
2021-01-19,1267.5,1305,1257.5,1295,1763400,,,
2021-01-20,1300,1305,1267.5,1270,1591400,,,
2021-01-21,1295,1300,1262.5,1270,1578200,,,
2021-01-22,1280,1302.5,1260,1292.5,2306200,,,
2021-01-25,1285,1292.5,1265,1277.5,1141400,,,
2021-01-26,1300,1320,1275,1280,1643200,,,
2021-01-27,1267.5,1267.5,1241.25,1252.5,2568000,,,
2021-01-28,1192.5,1236.25,1190,1200,6635600,,,
2021-01-29,1250,1290,1211.25,1215,4457000,,,
2021-02-01,1203.75,1250,1202.5,1240,1893400,,,
2021-02-02,1247.5,1282.5,1241.25,1260,3649200,4619352000,0,0
2021-02-03,1270,1272.5,1255,1270,2829200,3579613000,0,0
2021-02-04,1270,1312.5,1252.5,1305,7581200,9776200000,0,0
2021-02-05,1300,1300,1213.75,1246.25,10990400,13665798000,0,0
2021-02-08,1262.5,1265,1211.25,1218.75,6431200,7881731000,0,0
2021-02-09,1231.25,1275,1220,1267.5,5382400,6748205000,0,0
2021-02-10,1272.5,1280,1236.25,1240,3412400,4270582000,0,0
2021-02-12,1248.75,1248.75,1215,1227.5,2920000,3578967500,0,0
2021-02-15,1245,1287.5,1242.5,1260,4090000,5171649000,0,0
2021-02-16,1260,1270,1250,1260,1825200,2298905000,0,0
2021-02-17,1237.5,1245,1201.25,1223.75,5498400,6689771500,0,0
2021-02-18,1207.5,1215,1192.5,1196.25,2805600,3370194500,0,0
2021-02-19,1173.75,1213.75,1171.25,1212.5,2745600,3285560000,0,0
2021-02-22,1212.5,1217.5,1187.5,1205,2634400,3169833500,0,0
2021-02-24,1147.5,1166.25,1113.75,1113.75,6559600,7441106500,0,0
2021-02-25,1148.75,1161.25,1130,1138.75,2852400,3259743000,0,0
2021-02-26,1087.5,1096.25,1070,1082.5,5703200,6177623000,0,0
2021-03-01,1111.25,1126.25,1103.75,1117.5,2438000,2715576000,0,0
2021-03-02,1152.5,1162.5,1135,1141.25,3705200,4257908500,0,0
2021-03-03,1138.75,1167.5,1125,1166.25,3927200,4520315000,0,0
2021-03-04,1135,1155,1125,1141.25,3115200,3543017500,0,0
2021-03-05,1118.75,1142.5,1101.25,1142.5,3430800,3851867000,0,0
2021-03-08,1170,1171.25,1111.25,1116.25,2704000,3068511500,0,0
2021-03-09,1083.75,1101.25,1060,1092.5,4360000,4721134500,0,0
2021-03-10,1140,1150,1121.25,1131.25,4245600,4808175000,0,0
2021-03-11,1127.5,1148.75,1108.75,1145,2810400,3182107000,0,0
2021-03-12,1162.5,1178.75,1151.25,1165,3781200,4405253500,0,0
2021-03-15,1178.75,1178.75,1152.5,1166.25,2288400,2663492500,0,0
2021-03-16,1166.25,1192.5,1163.75,1190,2465600,2909756500,0,0
2021-03-17,1183.75,1195,1171.25,1176.25,1570400,1855945500,0,0
2021-03-18,1232.5,1260,1222.5,1237.5,6672000,8261286500,0,0
2021-03-19,1212.5,1262.5,1210,1247.5,4472800,5560561000,0,0
2021-03-22,1248.75,1265,1242.5,1247.5,2587600,3245948000,0,0
2021-03-23,1260,1280,1246.25,1247.5,3023200,3812183000,0,0
2021-03-24,1250,1300,1243.75,1292.5,6588800,8418853500,0,0
2021-03-25,1277.5,1312.5,1267.5,1310,5632800,7317548000,0,0
2021-03-26,1312.5,1322.5,1277.5,1282.5,4665600,6027245000,0,0
2021-03-29,1287.5,1295,1250,1262.5,5738400,7286195000,0,0
2021-03-30,1262.5,1267.5,1245,1257.5,2760400,3465968500,0,0
2021-03-31,1272.5,1292.5,1265,1272.5,3819600,4871521000,0,0
2021-04-01,1290,1310,1287.5,1307.5,3312000,4311666000,0,0
2021-04-02,1312.5,1332.5,1307.5,1330,3968400,5245831000,0,0
2021-04-05,1342.5,1362.5,1337.5,1355,4262800,5757417000,0,0
2021-04-06,1355,1362.5,1295,1300,3674000,4850580000,0,0
2021-04-07,1317.5,1345,1312.5,1335,3233600,4309083000,0,0
2021-04-08,1322.5,1350,1317.5,1350,2879600,3862293000,0,0
2021-04-09,1355,1365,1332.5,1337.5,3438800,4627011000,0,0
2021-04-12,1347.5,1365,1315,1317.5,2448800,3268507000,0,0
2021-04-13,1290,1312.5,1285,1305,3738800,4859304000,0,0
2021-04-14,1305,1332.5,1305,1317.5,1765200,2328811000,0,0
2021-04-15,1305,1315,1292.5,1310,1852000,2414692000,0,0
2021-04-16,1325,1350,1322.5,1330,2956000,3949486000,0,0
2021-04-19,1335,1362.5,1332.5,1357.5,3138800,4246970000,0,0
2021-04-20,1335,1337.5,1302.5,1315,3828000,5043475000,0,0
2021-04-21,1287.5,1290,1257.5,1270,3473600,4414864000,0,0
2021-04-22,1320,1335,1297.5,1330,3446800,4551261000,0,0
2021-04-23,1325,1342.5,1312.5,1325,3373200,4479055000,0,0
2021-04-26,1322.5,1330,1305,1315,2202400,2895366000,0,0
2021-04-27,1300,1300,1255,1262.5,4314000,5486828000,0,0
2021-04-28,1280,1382.5,1280,1360,13041200,17484456000,0,0
2021-04-30,1365,1367.5,1287.5,1295,4773600,6308809000,0,0
2021-05-06,1295,1300,1242.5,1250,6405600,8034861000,0,0
2021-05-07,1257.5,1257.5,1227.5,1235,3597600,4455672500,0,0
2021-05-10,1236.25,1240,1216.25,1218.75,2312800,2826572000,0,0
2021-05-11,1208.75,1211.25,1158.75,1161.25,4678800,5499140000,0,0
2021-05-12,1177.5,1193.75,1108.75,1127.5,5285200,6013494500,0,0
2021-05-13,1110,1117.5,1090,1091.25,4035200,4447807000,0,0
2021-05-14,1117.5,1127.5,1102.5,1120,3005600,3355113000,0,0
2021-05-17,1155,1156.25,1096.25,1108.75,5087600,5667569000,0,0
2021-05-18,1102.5,1137.5,1093.75,1131.25,3315200,3717881500,0,0
2021-05-19,1120,1131.25,1108.75,1121.25,3453200,3869926500,0,0
2021-05-20,1126.25,1170,1122.5,1160,4996000,5783081500,0,0
2021-05-21,1177.5,1212.5,1175,1195,5384800,6432346000,0,0
2021-05-24,1181.25,1207.5,1176.25,1198.75,3103600,3719402500,0,0
2021-05-25,1216.25,1236.25,1215,1231.25,3410400,4187591500,0,0
2021-05-26,1232.5,1242.5,1217.5,1225,3802800,4677898000,0,0
2021-05-27,1217.5,1227.5,1203.75,1217.5,5749200,6990695500,0,0
2021-05-28,1235,1280,1231.25,1275,4619200,5823980500,0,0
2021-05-31,1270,1280,1260,1270,2318400,2942364000,0,0
2021-06-01,1320,1335,1300,1312.5,4894400,6442002000,0,0
2021-06-02,1302.5,1325,1287.5,1312.5,2918000,3833086000,0,0
2021-06-03,1322.5,1352.5,1317.5,1347.5,3361200,4493518000,0,0
2021-06-04,1345,1375,1337.5,1355,3713600,5039326000,0,0
2021-06-07,1370,1417.5,1367.5,1402.5,5735200,8023992000,0,0
2021-06-08,1397.5,1440,1377.5,1382.5,4648800,6537474000,0,0
2021-06-09,1362.5,1377.5,1332.5,1370,4574800,6211641000,0,0
2021-06-10,1365,1377.5,1352.5,1352.5,3250400,4427758000,0,0
2021-06-11,1367.5,1397.5,1365,1387.5,3499200,4833927000,0,0
2021-06-14,1410,1412.5,1390,1397.5,2376400,3325953000,0,0
2021-06-15,1405,1442.5,1405,1435,3476000,4957509000,0,0
2021-06-16,1450,1475,1430,1455,4642400,6762122000,0,0
2021-06-17,1442.5,1472.5,1432.5,1472.5,4911600,7150178000,0,0
2021-06-18,1497.5,1517.5,1487.5,1487.5,7556800,11328290000,0,0
2021-06-21,1452.5,1475,1447.5,1472.5,4278400,6250676000,0,0
2021-06-22,1497.5,1517.5,1465,1517.5,4386400,6565773000,0,0
2021-06-23,1515,1515,1467.5,1487.5,5516000,8206905000,0,0
2021-06-24,1477.5,1482.5,1462.5,1467.5,2520400,3704798000,0,0
2021-06-25,1487.5,1515,1485,1492.5,4051200,6066657000,0,0
2021-06-28,1495,1495,1460,1475,2224000,3285489000,0,0
2021-06-29,1507.5,1525,1497.5,1512.5,4462000,6752071000,0,0
2021-06-30,1520,1530,1490,1497.5,3600000,5417123000,0,0
2021-07-01,1490,1500,1470,1480,3257200,4831984000,0,0
2021-07-02,1475,1502.5,1470,1495,2854800,4258972000,0,0
2021-07-05,1497.5,1537.5,1490,1530,3082400,4695185000,0,0
2021-07-06,1532.5,1555,1525,1552.5,3059600,4723269000,0,0
2021-07-07,1542.5,1585,1535,1565,4108400,6426777000,0,0
2021-07-08,1552.5,1555,1522.5,1525,4218800,6473258000,0,0
2021-07-09,1512.5,1542.5,1490,1525,3882400,5873474000,0,0
2021-07-12,1550,1550,1515,1517.5,2445600,3743665000,0,0
2021-07-13,1522.5,1525,1490,1497.5,3701200,5569641000,0,0
2021-07-14,1505,1525,1462.5,1467.5,4642000,6901981000,0,0
2021-07-15,1445,1465,1425,1442.5,4368000,6308323000,0,0
2021-07-16,1425,1465,1425,1450,2692000,3900637000,0,0
2021-07-19,1437.5,1452.5,1410,1422.5,3181200,4537924000,0,0
2021-07-20,1405,1457.5,1402.5,1410,3309600,4722308000,0,0
2021-07-21,1485,1490,1425,1435,4746400,6880396000,0,0
2021-07-26,1480,1480,1442.5,1447.5,4278000,6228372000,0,0
2021-07-27,1460,1495,1457.5,1482.5,3911200,5793137000,0,0
2021-07-28,1460,1475,1432.5,1445,3824000,5544769000,0,0
2021-07-29,1467.5,1495,1452.5,1495,3771200,5573599000,0,0
2021-07-30,1475,1497.5,1437.5,1442.5,5095200,7388309000,0,0
2021-08-02,1465,1472.5,1450,1452.5,2623200,3831642000,0,0
2021-08-03,1452.5,1475,1452.5,1465,2252800,3303798000,0,0
2021-08-04,1460,1485,1452.5,1467.5,2775200,4078346000,0,0
2021-08-05,1482.5,1520,1482.5,1515,5113200,7683113000,0,0
2021-08-06,1515,1517.5,1480,1485,3326400,4966561000,0,0
2021-08-10,1472.5,1490,1460,1472.5,2228400,3286421000,0,0
2021-08-11,1472.5,1477.5,1430,1435,3310000,4781951000,0,0
2021-08-12,1447.5,1460,1410,1427.5,3336400,4778387000,0,0
2021-08-13,1415,1437.5,1415,1437.5,1972000,2818652000,0,0
2021-08-16,1445,1450,1425,1437.5,1832000,2631854000,0,0
2021-08-17,1440,1445,1395,1397.5,2425200,3423706000,0,0
2021-08-18,1377.5,1415,1357.5,1405,2914000,4048016000,0,0
2021-08-19,1380,1395,1360,1362.5,2241200,3080359000,0,0
2021-08-20,1357.5,1387.5,1330,1342.5,2407600,3252677000,0,0
2021-08-23,1345,1397.5,1345,1387.5,2438400,3358924000,0,0
2021-08-24,1420,1440,1412.5,1440,2806800,4015133000,0,0
2021-08-25,1425,1430,1412.5,1425,1846800,2626137000,0,0
2021-08-26,1432.5,1445,1425,1430,1544800,2217117000,0,0
2021-08-27,1435,1450,1407.5,1450,2033600,2927966000,0,0
2021-08-30,1467.5,1482.5,1457.5,1467.5,1683200,2471084000,0,0
2021-08-31,1487.5,1500,1472.5,1485,2670400,3971487000,0,0
2021-09-01,1487.5,1495,1470,1487.5,1979200,2937230000,0,0
2021-09-02,1490,1517.5,1487.5,1517.5,2355200,3546738000,0,0
2021-09-03,1520,1560,1520,1550,3533600,5452731000,0,0
2021-09-06,1570,1632.5,1570,1632.5,4772400,7676744000,0,0
2021-09-07,1642.5,1647.5,1585,1612.5,4583600,7408590000,0,0
2021-09-08,1597.5,1632.5,1595,1625,3212000,5192871000,0,0
2021-09-09,1600,1642.5,1592.5,1630,4168800,6767955000,0,0
2021-09-10,1640,1687.5,1637.5,1687.5,5062800,8435396000,0,0
2021-09-13,1687.5,1725,1680,1707.5,3852800,6574577000,0,0
2021-09-14,1705,1732.5,1690,1712.5,3747200,6404292000,0,0
2021-09-15,1687.5,1700,1667.5,1695,3298400,5567590000,0,0
2021-09-16,1677.5,1690,1620,1650,4564000,7543344000,0,0
2021-09-17,1660,1692.5,1650,1682.5,3390400,5692270000,0,0
2021-09-21,1632.5,1685,1630,1667.5,2170400,3609644000,0,0
2021-09-22,1667.5,1670,1627.5,1632.5,2192800,3596335000,0,0
2021-09-24,1682.5,1695,1670,1690,2358000,3969862000,0,0
2021-09-27,1692.5,1697.5,1652.5,1662.5,1874400,3130659000,0,0
2021-09-28,1657.5,1657.5,1612.5,1625,2512000,4084634000,0,0
2021-09-29,1572.5,1575,1532.5,1562.5,4658000,7242229000,0,0
2021-09-30,1542.5,1555,1505,1550,5593200,8567901000,0,0
2021-10-01,1535,1545,1495,1505,4133200,6257460000,0,0
2021-10-04,1520,1530,1417.5,1437.5,4148400,6008429000,0,0
2021-10-05,1392.5,1410,1355,1397.5,5490000,7614115000,0,0
2021-10-06,1442.5,1452.5,1365,1377.5,5136800,7187792000,0,0
2021-10-07,1402.5,1425,1385,1392.5,4740400,6643928000,0,0
2021-10-08,1415,1447.5,1415,1415,3782400,5395569000,0,0
2021-10-11,1405,1457.5,1390,1452.5,3326400,4782458000,0,0
2021-10-12,1445,1460,1417.5,1437.5,3486400,4996711000,0,0
2021-10-13,1412.5,1415,1375,1390,5178000,7194193000,0,0
2021-10-14,1405,1420,1380,1412.5,3629600,5088929000,0,0
2021-10-15,1470,1487.5,1452.5,1487.5,4316400,6378904000,0,0
2021-10-18,1497.5,1520,1470,1510,4430400,6658050000,0,0
2021-10-19,1545,1567.5,1522.5,1565,5576400,8632368000,0,0
2021-10-20,1565,1585,1535,1545,4046800,6300055000,0,0
2021-10-21,1510,1542.5,1495,1505,4304800,6531097000,0,0
2021-10-22,1460,1555,1450,1537.5,6343600,9630718000,0,0
2021-10-25,1507.5,1560,1505,1555,3868800,5950023000,0,0
2021-10-26,1570,1592.5,1565,1570,2944800,4639810000,0,0
2021-10-27,1670,1692.5,1637.5,1667.5,9062800,15104512000,0,0
2021-10-28,1642.5,1690,1642.5,1690,10662800,17895041000,0,0
2021-10-29,1690,1705,1667.5,1702.5,6017600,10177174000,0,0
2021-11-01,1685,1722.5,1640,1722.5,7303200,12438107000,0,0
2021-11-02,1697.5,1707.5,1657.5,1690,4418800,7449592000,0,0
2021-11-04,1720,1765,1715,1735,5425600,9449855000,0,0
2021-11-05,1762.5,1762.5,1695,1725,4327600,7465661000,0,0
2021-11-08,1727.5,1732.5,1685,1687.5,3455600,5870457000,0,0
2021-11-09,1712.5,1750,1707.5,1740,3832000,6657606000,0,0
2021-11-10,1727.5,1750,1710,1720,2910800,5030301000,0,0
2021-11-11,1702.5,1717.5,1675,1710,3117600,5310153000,0,0
2021-11-12,1735,1747.5,1710,1720,2878800,4965939000,0,0
2021-11-15,1730,1742.5,1725,1730,2210400,3830993000,0,0
2021-11-16,1745,1745,1700,1712.5,3994800,6842694000,0,0
2021-11-17,1727.5,1735,1692.5,1697.5,3084800,5261900000,0,0
2021-11-18,1690,1710,1642.5,1650,4972400,8251964000,0,0
2021-11-19,1700,1727.5,1690,1715,6862000,11741367000,0,0
2021-11-22,1725,1755,1702.5,1750,4339200,7556867000,0,0
2021-11-24,1712.5,1715,1680,1700,5584400,9475330000,0,0
2021-11-25,1717.5,1750,1702.5,1747.5,5901200,10222490000,0,0
2021-11-26,1755,1770,1722.5,1742.5,5887600,10284267000,0,0
2021-11-29,1730,1762.5,1707.5,1750,5050800,8823259000,0,0
2021-11-30,1787.5,1845,1765,1767.5,9504400,17158658000,0,0
2021-12-01,1762.5,1765,1685,1760,8199600,14228721000,0,0
2021-12-02,1742.5,1792.5,1677.5,1697.5,7451600,12794755000,0,0
2021-12-03,1722.5,1752.5,1705,1752.5,5462800,9463598000,0,0
2021-12-06,1762.5,1762.5,1695,1707.5,4506000,7717478000,0,0
2021-12-07,1712.5,1732.5,1695,1730,4126000,7081957000,0,0
2021-12-08,1782.5,1802.5,1755,1775,4724400,8397672000,0,0
2021-12-09,1780,1795,1742.5,1742.5,2724000,4801925000,0,0
2021-12-10,1730,1735,1707.5,1715,2908400,5003377000,0,0
2021-12-13,1740,1765,1735,1747.5,2283600,3993728000,0,0
2021-12-14,1725,1750,1695,1705,4333200,7412364000,0,0
2021-12-15,1680,1712.5,1675,1697.5,3152800,5326417000,0,0
2021-12-16,1762.5,1772.5,1717.5,1750,3746400,6547402000,0,0
2021-12-17,1712.5,1725,1690,1695,5216400,8882718000,0,0
2021-12-20,1687.5,1690,1632.5,1632.5,4074800,6744676000,0,0
2021-12-21,1657.5,1680,1630,1677.5,3756000,6237394000,0,0
2021-12-22,1677.5,1697.5,1662.5,1690,2955600,4965699000,0,0
2021-12-23,1705,1712.5,1692.5,1712.5,1843200,3143549000,0,0
2021-12-24,1715,1720,1682.5,1697.5,2132400,3621295000,0,0
2021-12-27,1707.5,1712.5,1692.5,1707.5,1611200,2747263000,0,0
2021-12-28,1717.5,1735,1702.5,1735,2767600,4768997000,0,0
2021-12-29,1722.5,1725,1690,1697.5,2054800,3501842000,0,0
2021-12-30,1695,1720,1687.5,1710,1954400,3338511000,0,0
2022-01-04,1735,1767.5,1722.5,1760,5189600,9102952000,0,0
2022-01-05,1725,1745,1715,1740,5485600,9501352000,0,0
2022-01-06,1700,1705,1652.5,1657.5,5517600,9238601000,0,0
2022-01-07,1695,1700,1622.5,1650,4030400,6670541000,0,0
2022-01-11,1647.5,1657.5,1605,1612.5,4362400,7091593000,0,0
2022-01-12,1647.5,1692.5,1630,1685,3714800,6217638000,0,0
2022-01-13,1680,1712.5,1677.5,1697.5,3768800,6401671000,0,0
2022-01-14,1672.5,1675,1642.5,1672.5,4663600,7735988000,0,0
2022-01-17,1690,1712.5,1652.5,1675,3299200,5555852000,0,0
2022-01-18,1677.5,1712.5,1660,1690,4160400,7015228000,0,0
2022-01-19,1647.5,1647.5,1585,1590,5891200,9525879000,0,0
2022-01-20,1575,1610,1545,1592.5,4511600,7111274000,0,0
2022-01-21,1530,1567.5,1520,1565,5220400,8069515000,0,0
2022-01-24,1525,1560,1502.5,1550,4463600,6838199000,0,0
2022-01-25,1545,1557.5,1455,1460,5600800,8326209000,0,0
2022-01-26,1465,1510,1420,1482.5,5271600,7764189000,0,0
2022-01-27,1497.5,1525,1407.5,1417.5,6205200,8982083000,0,0
2022-01-28,1457.5,1490,1407.5,1480,6845200,10021881000,0,0
2022-01-31,1502.5,1602.5,1497.5,1575,6248400,9796676000,0,0
2022-02-01,1617.5,1630,1537.5,1555,5999200,9444315000,0,0
2022-02-02,1557.5,1625,1550,1625,4626800,7423828000,0,0
2022-02-03,1577.5,1605,1537.5,1547.5,4872400,7613030000,0,0
2022-02-04,1532.5,1600,1527.5,1592.5,5163200,8152762000,0,0
2022-02-07,1545,1545,1455,1507.5,10808400,16168399000,0,0
2022-02-08,1477.5,1527.5,1420,1422.5,10052400,14651834000,0,0
2022-02-09,1445,1470,1422.5,1450,5232400,7582289000,0,0
2022-02-10,1475,1505,1440,1477.5,5010800,7374101000,0,0
2022-02-14,1420,1432.5,1395,1407.5,4196400,5917593000,0,0
2022-02-15,1420,1427.5,1395,1412.5,3552400,5012464000,0,0
2022-02-16,1455,1457.5,1425,1447.5,4517600,6516609000,0,0
2022-02-17,1457.5,1460,1427.5,1432.5,3488800,5017516000,0,0
2022-02-18,1400,1440,1385,1425,3644800,5146383000,0,0
2022-02-21,1375,1397.5,1355,1360,5794000,7936629000,0,0
2022-02-22,1335,1345,1272.5,1315,8829600,11552978000,0,0
2022-02-24,1295,1312.5,1260,1290,6410800,8236853000,0,0
2022-02-25,1340,1390,1315,1377.5,5795600,7873541000,0,0
2022-02-28,1375,1390,1350,1380,4522000,6213287000,0,0
2022-03-01,1415,1450,1402.5,1420,5478000,7820248000,0,0
2022-03-02,1385,1435,1382.5,1405,4373600,6161031000,0,0
2022-03-03,1430,1442.5,1392.5,1415,3698800,5243603000,0,0
2022-03-04,1395,1397.5,1342.5,1370,4497200,6148230000,0,0
2022-03-07,1310,1325,1295,1305,5130000,6715274000,0,0
2022-03-08,1250,1332.5,1247.5,1310,5934800,7719923000,0,0
2022-03-09,1305,1317.5,1267.5,1292.5,3999200,5186072000,0,0
2022-03-10,1355,1385,1337.5,1382.5,5474800,7499275000,0,0
2022-03-11,1340,1342.5,1277.5,1290,5229200,6809994000,0,0
2022-03-14,1300,1327.5,1280,1287.5,3970400,5154169000,0,0
2022-03-15,1290,1330,1285,1300,2969200,3882464000,0,0
2022-03-16,1347.5,1362.5,1335,1350,3878800,5238124000,0,0
2022-03-17,1447.5,1467.5,1410,1422.5,4986000,7156124000,0,0
2022-03-18,1425,1455,1425,1447.5,3909600,5646388000,0,0
2022-03-22,1457.5,1472.5,1432.5,1452.5,3568400,5199659000,0,0
2022-03-23,1487.5,1520,1482.5,1510,3459200,5201119000,0,0
2022-03-24,1485,1540,1482.5,1540,3412400,5183669000,0,0
2022-03-25,1565,1572.5,1542.5,1555,3611200,5630643000,0,0
2022-03-28,1542.5,1545,1512.5,1532.5,2223600,3406516000,0,0
2022-03-29,1555,1562.5,1542.5,1562.5,2710000,4217472000,0,0
2022-03-30,1575,1582.5,1515,1540,3726800,5746249000,0,0
2022-03-31,1525,1547.5,1512.5,1512.5,3438800,5245440000,0,0
2022-04-01,1480,1520,1457.5,1505,4251200,6374220000,0,0
2022-04-04,1490,1500,1467.5,1500,2532400,3763799000,0,0
2022-04-05,1535,1535,1497.5,1502.5,2445600,3699251000,0,0
2022-04-06,1472.5,1472.5,1412.5,1420,5740400,8186912000,0,0
2022-04-07,1380,1395,1357.5,1375,4058000,5567209000,0,0
2022-04-08,1387.5,1392.5,1342.5,1352.5,4372000,5939130000,0,0
2022-04-11,1337.5,1345,1297.5,1315,5054000,6653860000,0,0
2022-04-12,1307.5,1307.5,1270,1295,4402800,5683060000,0,0
2022-04-13,1312.5,1357.5,1307.5,1357.5,6154400,8268754000,0,0
2022-04-14,1367.5,1375,1342.5,1372.5,4384800,5988454000,0,0
2022-04-15,1315,1347.5,1315,1337.5,2838800,3787053000,0,0
2022-04-18,1317.5,1325,1292.5,1322.5,2668000,3495314000,0,0
2022-04-19,1365,1395,1355,1390,4747600,6551641000,0,0
2022-04-20,1410,1412.5,1360,1372.5,3393600,4689255000,0,0
2022-04-21,1370,1405,1367.5,1385,3177200,4409694000,0,0
2022-04-22,1367.5,1377.5,1345,1362.5,3972000,5403799000,0,0
2022-04-25,1302.5,1312.5,1295,1297.5,5554800,7235334000,0,0
2022-04-26,1332.5,1332.5,1295,1320,5295600,6977960000,0,0
2022-04-27,1270,1332.5,1252.5,1325,6830400,8848452000,0,0
2022-04-28,1207.5,1252.5,1177.5,1235,17316800,21087161500,0,0
2022-05-02,1217.5,1227.5,1181.25,1206.25,9470000,11366812000,0,0
2022-05-06,1217.5,1218.75,1153.75,1166.25,10816400,12690975000,0,0
2022-05-09,1148.75,1175,1146.25,1162.5,5080400,5915212500,0,0
2022-05-10,1153.75,1166.25,1105,1142.5,5101600,5775660500,0,0
2022-05-11,1140,1170,1125,1157.5,3673600,4231186500,0,0
2022-05-12,1131.25,1147.5,1111.25,1116.25,3903200,4394480500,0,0
2022-05-13,1147.5,1171.25,1138.75,1160,3954800,4582102000,0,0
2022-05-16,1188.75,1201.25,1173.75,1182.5,5576400,6626809000,0,0
2022-05-17,1182.5,1190,1171.25,1182.5,3762400,4439808500,0,0
2022-05-18,1195,1213.75,1185,1192.5,4275200,5120558500,0,0
2022-05-19,1165,1205,1163.75,1202.5,3866000,4608793500,0,0
2022-05-20,1206.25,1213.75,1181.25,1208.75,3973200,4777370000,0,0
2022-05-23,1222.5,1223.75,1186.25,1196.25,2796000,3355033500,0,0
2022-05-24,1202.5,1203.75,1165,1166.25,3795200,4464306500,0,0
2022-05-25,1156.25,1167.5,1143.75,1163.75,3053600,3544301000,0,0
2022-05-26,1150,1151.25,1123.75,1133.75,4379200,4976462000,0,0
2022-05-27,1171.25,1173.75,1130,1143.75,5882000,6743887000,0,0
2022-05-30,1175,1196.25,1168.75,1193.75,4932000,5859441000,0,0
2022-05-31,1181.25,1205,1175,1183.75,8356000,9894399000,0,0
2022-06-01,1078.75,1127.5,1067.5,1111.25,16740800,18477156000,0,0
2022-06-02,1111.25,1147.5,1108.75,1128.75,6286400,7092647000,0,0
2022-06-03,1163.75,1170,1141.25,1151.25,4623600,5330880000,0,0
2022-06-06,1133.75,1146.25,1122.5,1143.75,3026800,3443095000,0,0
2022-06-07,1161.25,1175,1150,1156.25,4919600,5716570000,0,0
2022-06-08,1162.5,1182.5,1161.25,1180,3711200,4358147500,0,0
2022-06-09,1137.5,1157.5,1115,1137.5,6532400,7453729000,0,0
2022-06-10,1111.25,1118.75,1096.25,1108.75,7919600,8774244000,0,0
2022-06-13,1080,1080,1042.5,1052.5,7092000,7491767500,0,0
2022-06-14,1020,1037.5,1010,1037.5,11740000,12074228000,0,0
2022-06-15,1030,1043.75,1023.75,1026.25,4654800,4791427000,0,0
2022-06-16,1058.75,1058.75,997.5,1000,8008400,8091290500,0,0
2022-06-17,960,962.5,938.75,940,9876000,9332512500,0,0
2022-06-20,950,955,917.5,930,5833600,5427556000,0,0
2022-06-21,947.5,968.75,930,956.25,5033600,4787948000,0,0
2022-06-22,983.75,983.75,938.75,941.25,4735600,4505477000,0,0
2022-06-23,941.25,955,937.5,942.5,4904000,4636134500,0,0
2022-06-24,955,981.25,950,968.75,5187200,5017697500,0,0
2022-06-27,995,1010,975,1001.25,5452000,5439424500,0,0
2022-06-28,987.5,990,968.75,985,4115600,4035183500,0,0
2022-06-29,967.5,985,966.25,983.75,4503600,4405299000,0,0
2022-06-30,970,987.5,956.25,956.25,5916800,5724716500,0,0
2022-07-01,951.25,961.25,922.5,935,6872000,6437644500,0,0
2022-07-04,948.75,952.5,927.5,938.75,4574800,4289289500,0,0
2022-07-05,945,955,930,938.75,4194800,3944282500,0,0
2022-07-06,956.25,967.5,942.5,952.5,5326400,5088747500,0,0
2022-07-07,952.5,973.75,942.5,963.75,4555200,4372640500,0,0
2022-07-08,998.75,1002.5,968.75,972.5,6034800,5935898500,0,0
2022-07-11,990,990,962.5,971.25,3843200,3740046500,0,0
2022-07-12,951.25,955,923.75,942.5,6157600,5775113000,0,0
2022-07-13,940,950,933.75,947.5,3041600,2875183500,0,0
2022-07-14,952.5,971.25,940,963.75,3684000,3546041500,0,0
2022-07-15,973.75,987.5,966.25,970,4850800,4720552000,0,0
2022-07-19,960,982.5,958.75,980,2804000,2733713500,0,0
2022-07-20,995,1016.25,990,1008.75,5287600,5328563000,0,0
2022-07-21,1006.25,1018.75,988.75,1002.5,4641200,4637618500,0,0
2022-07-22,1012.5,1017.5,1003.75,1010,3660800,3702637500,0,0
2022-07-25,992.5,1001.25,985,997.5,3651600,3631388000,0,0
2022-07-26,1001.25,1002.5,985,991.25,2176000,2157040500,0,0
2022-07-27,988.75,1020,986.25,1015,3288800,3320613000,0,0
2022-07-28,1032.5,1040,983.75,991.25,6206000,6213017000,0,0
2022-07-29,966.25,982.5,961.25,973.75,7379200,7165090000,0,0
2022-08-01,990,1017.5,975,1008.75,6208400,6220719000,0,0
2022-08-02,1006.25,1015,993.75,1000,6188400,6209850000,0,0
2022-08-03,1050,1055,1015,1045,9525600,9874288000,0,0
2022-08-04,1062.5,1096.25,1052.5,1090,9076800,9827744000,0,0
2022-08-05,1090,1107.5,1076.25,1100,5282400,5786482500,0,0
2022-08-08,1106.25,1113.75,1088.75,1100,4238400,4670016500,0,0
2022-08-09,1100,1112.5,1093.75,1100,4170000,4597831500,0,0
2022-08-10,1078.75,1087.5,1067.5,1077.5,3862800,4160663000,0,0
2022-08-12,1101.25,1123.75,1101.25,1120,4582000,5115059000,0,0
2022-08-15,1130,1157.5,1128.75,1148.75,7495600,8590629500,0,0
2022-08-16,1161.25,1168.75,1146.25,1161.25,6158000,7152496000,0,0
2022-08-17,1155,1173.75,1151.25,1172.5,3601600,4206791000,0,0
2022-08-18,1170,1183.75,1148.75,1180,4367200,5113830500,0,0
2022-08-19,1182.5,1193.75,1178.75,1188.75,3605200,4279621000,0,0
2022-08-22,1162.5,1167.5,1145,1145,4288800,4937705500,0,0
2022-08-23,1127.5,1142.5,1120,1121.25,3481600,3922191000,0,0
2022-08-24,1128.75,1138.75,1111.25,1118.75,2954400,3310418000,0,0
2022-08-25,1117.5,1117.5,1092.5,1111.25,4330400,4781188000,0,0
2022-08-26,1122.5,1130,1105,1107.5,3183200,3549457500,0,0
2022-08-29,1052.5,1075,1041.25,1062.5,5032800,5342386500,0,0
2022-08-30,1072.5,1106.25,1065,1106.25,6954000,7646721000,0,0
2022-08-31,1096.25,1120,1083.75,1120,5709600,6346344000,0,0
2022-09-01,1095,1098.75,1050,1062.5,7066400,7538183500,0,0
2022-09-02,1050,1072.5,1046.25,1057.5,5183600,5480567000,0,0
2022-09-05,1050,1068.75,1038.75,1063.75,3296400,3484092000,0,0
2022-09-06,1073.75,1083.75,1061.25,1075,4067600,4364604500,0,0
2022-09-07,1065,1083.75,1058.75,1081.25,4387600,4706966000,0,0
2022-09-08,1098.75,1123.75,1091.25,1123.75,5412800,6035498500,0,0
2022-09-09,1137.5,1152.5,1135,1143.75,4808400,5491956000,0,0
2022-09-12,1155,1157.5,1143.75,1145,3234400,3718709000,0,0
2022-09-13,1146.25,1155,1142.5,1153.75,2853600,3285676500,0,0
2022-09-14,1101.25,1123.75,1100,1120,4402800,4907536000,0,0
2022-09-15,1128.75,1136.25,1121.25,1132.5,3181600,3600719500,0,0
2022-09-16,1128.75,1142.5,1106.25,1106.25,4690400,5261400000,0,0
2022-09-20,1121.25,1143.75,1116.25,1126.25,2294400,2590755000,0,0
2022-09-21,1102.5,1112.5,1088.75,1111.25,3035600,3352524500,0,0
2022-09-22,1097.5,1111.25,1082.5,1097.5,3516000,3860429000,0,0
2022-09-26,1070,1078.75,1056.25,1067.5,4375200,4671013500,0,0
2022-09-27,1075,1103.75,1072.5,1090,4342800,4738098500,0,0
2022-09-28,1087.5,1115,1041.25,1053.75,6283600,6727831000,0,0
2022-09-29,1072.5,1073.75,1040,1047.5,5464000,5739619500,0,0
2022-09-30,1025,1032.5,982.5,990,5698400,5674928000,0,0
2022-10-03,985,1050,983.75,1045,5416800,5562364500,0,0
2022-10-04,1080,1096.25,1068.75,1093.75,5728800,6226515000,0,0
2022-10-05,1105,1112.5,1088.75,1106.25,4337600,4790824500,0,0
2022-10-06,1110,1148.75,1105,1141.25,4786800,5436077500,0,0
2022-10-07,1106.25,1120,1098.75,1108.75,4424400,4904728500,0,0
2022-10-11,1053.75,1070,1037.5,1042.5,6844000,7191528500,0,0
2022-10-12,1022.5,1030,985,1000,8636000,8645742000,0,0
2022-10-13,1007.5,1026.25,1000,1012.5,5053200,5127475500,0,0
2022-10-14,1038.75,1043.75,1015,1040,5635200,5817407000,0,0
2022-10-17,1015,1038.75,1011.25,1035,3403200,3499802500,0,0
2022-10-18,1062.5,1068.75,1051.25,1068.75,3780800,4019773000,0,0
2022-10-19,1052.5,1063.75,1038.75,1038.75,4671200,4899698000,0,0
2022-10-20,1026.25,1041.25,1012.5,1017.5,5916800,6049786500,0,0
2022-10-21,1028.75,1060,1023.75,1047.5,4525200,4737845500,0,0
2022-10-24,1072.5,1108.75,1068.75,1085,7782400,8490292500,0,0
2022-10-25,1117.5,1120,1093.75,1102.5,4626400,5111831000,0,0
2022-10-26,1118.75,1118.75,1087.5,1092.5,4303200,4724731000,0,0
2022-10-27,1105,1142.5,1098.75,1132.5,9871200,11154912500,0,0
2022-10-28,1202.5,1287.5,1192.5,1272.5,26834000,33482746000,0,0
2022-10-31,1272.5,1297.5,1233.75,1257.5,10200000,12844251000,0,0
2022-11-01,1227.5,1262.5,1213.75,1260,8400800,10425000500,0,0
2022-11-02,1235,1257.5,1220,1235,6472000,7993971000,0,0
2022-11-04,1196.25,1206.25,1187.5,1201.25,6790800,8135641500,0,0
2022-11-07,1218.75,1236.25,1210,1230,4551200,5587295500,0,0
2022-11-08,1225,1282.5,1225,1280,5517200,6997841500,0,0
2022-11-09,1305,1375,1302.5,1347.5,12468000,16770961000,0,0
2022-11-10,1325,1340,1312.5,1322.5,5143600,6818475000,0,0
2022-11-11,1447.5,1462.5,1387.5,1427.5,12234400,17449961000,0,0
2022-11-14,1452.5,1467.5,1417.5,1417.5,6476800,9286992000,0,0
2022-11-15,1415,1442.5,1392.5,1442.5,5379200,7635423000,0,0
2022-11-16,1445,1457.5,1410,1442.5,4558400,6574157000,0,0
2022-11-17,1417.5,1427.5,1400,1410,3758400,5302830000,0,0
2022-11-18,1402.5,1407.5,1360,1372.5,4590400,6341187000,0,0
2022-11-21,1390,1397.5,1372.5,1392.5,2784400,3859849000,0,0
2022-11-22,1385,1385,1350,1357.5,4062800,5540914000,0,0
2022-11-24,1417.5,1425,1402.5,1412.5,3763200,5315407000,0,0
2022-11-25,1420,1445,1407.5,1415,2966000,4221722000,0,0
2022-11-28,1407.5,1407.5,1385,1397.5,2864800,4004327000,0,0
2022-11-29,1375,1377.5,1360,1372.5,2312800,3165457000,0,0
2022-11-30,1367.5,1382.5,1352.5,1377.5,4376400,6008643000,0,0
2022-12-01,1440,1442.5,1412.5,1432.5,4328400,6188694000,0,0
2022-12-02,1430,1432.5,1405,1422.5,3420400,4859141000,0,0
2022-12-05,1420,1437.5,1415,1417.5,2736400,3898699000,0,0
2022-12-06,1412.5,1420,1402.5,1410,1975600,2785610000,0,0
2022-12-07,1395,1405,1357.5,1357.5,3752000,5153068000,0,0
2022-12-08,1357.5,1372.5,1345,1365,3187200,4342415000,0,0
2022-12-09,1357.5,1397.5,1357.5,1395,2261200,3131563000,0,0
2022-12-12,1370,1395,1370,1382.5,1309200,1808049000,0,0
2022-12-13,1390,1395,1370,1372.5,2471200,3404549000,0,0
2022-12-14,1382.5,1385,1357.5,1365,2520800,3443323000,0,0
2022-12-15,1352.5,1375,1347.5,1360,1957600,2668689000,0,0
2022-12-16,1322.5,1330,1305,1310,5069200,6655426000,0,0
2022-12-19,1292.5,1302.5,1270,1290,4390000,5637367000,0,0
2022-12-20,1272.5,1277.5,1190,1208.75,7540400,9243708500,0,0
2022-12-21,1202.5,1227.5,1168.75,1183.75,6057600,7233870500,0,0
2022-12-22,1212.5,1218.75,1192.5,1207.5,3638000,4395604000,0,0
2022-12-23,1182.5,1186.25,1161.25,1170,3919200,4598080000,0,0
2022-12-26,1163.75,1187.5,1157.5,1173.75,2469200,2890096500,0,0
2022-12-27,1183.75,1185,1141.25,1152.5,3454400,3989728000,0,0
2022-12-28,1143.75,1167.5,1136.25,1161.25,4018000,4646150500,0,0
2022-12-29,1148.75,1173.75,1147.5,1173.75,3480400,4051480500,0,0
2022-12-30,1195,1207.5,1181.25,1196.25,4904800,5866155000,0,0
2023-01-04,1161.25,1185,1157.5,1160,3512000,4107583000,0,0
2023-01-05,1177.5,1203.75,1177.5,1195,3882000,4633726500,0,0
2023-01-06,1186.25,1231.25,1178.75,1225,4501200,5481050000,0,0
2023-01-10,1275,1280,1247.5,1257.5,5345600,6730500000,0,0
2023-01-11,1277.5,1320,1275,1292.5,6790000,8825949000,0,0
2023-01-12,1300,1315,1287.5,1287.5,5002000,6492387000,0,0
2023-01-13,1287.5,1310,1260,1267.5,5148400,6574658000,0,0
2023-01-16,1257.5,1275,1223.75,1230,5858000,7267847000,0,0
2023-01-17,1240,1247.5,1233.75,1241.25,6788000,8420632500,0,0
2023-01-18,1245,1277.5,1217.5,1250,7274400,9037432000,0,0
2023-01-19,1226.25,1246.25,1220,1220,4329600,5324755500,0,0
2023-01-20,1212.5,1240,1207.5,1228.75,3631600,4456547500,0,0
2023-01-23,1252.5,1270,1241.25,1267.5,3939200,4950598500,0,0
2023-01-24,1310,1327.5,1305,1315,5690400,7481021000,0,0
2023-01-25,1307.5,1327.5,1300,1320,4693200,6166729000,0,0
2023-01-26,1320,1327.5,1270,1272.5,4623200,5946827000,0,0
2023-01-27,1240,1287.5,1235,1262.5,7086400,8949319500,0,0
2023-01-30,1275,1305,1272.5,1290,4358400,5615313000,0,0
2023-01-31,1287.5,1287.5,1252.5,1252.5,3864800,4891605000,0,0
2023-02-01,1300,1320,1275,1280,7380800,9572873000,0,0
2023-02-02,1322.5,1330,1295,1312.5,7314400,9613998000,0,0
2023-02-03,1270,1310,1247.5,1290,13366400,17136129000,0,0
2023-02-06,1265,1272.5,1231.25,1245,10552400,13194623500,0,0
2023-02-07,1255,1270,1246.25,1248.75,5307600,6648984000,0,0
2023-02-08,1262.5,1280,1237.5,1241.25,5659200,7079112000,0,0
2023-02-09,1223.75,1225,1190,1203.75,6457200,7772100500,0,0
2023-02-10,1195,1203.75,1185,1188.75,5027600,5997062000,0,0
2023-02-13,1175,1195,1168.75,1168.75,5126800,6033678500,0,0
2023-02-14,1175,1183.75,1167.5,1175,3029600,3555898500,0,0
2023-02-15,1183.75,1183.75,1152.5,1153.75,3549600,4125908000,0,0
2023-02-16,1171.25,1173.75,1160,1171.25,2949200,3444361000,0,0
2023-02-17,1153.75,1155,1130,1141.25,4346000,4962565000,0,0
2023-02-20,1127.5,1131.25,1115,1122.5,3471600,3903413500,0,0
2023-02-21,1132.5,1133.75,1121.25,1123.75,2095600,2362231500,0,0
2023-02-22,1106.25,1108.75,1087.5,1096.25,4483200,4915758000,0,0
2023-02-24,1138.75,1161.25,1128.75,1157.5,8066800,9270234500,0,0
2023-02-27,1140,1157.5,1133.75,1148.75,3687200,4227622000,0,0
2023-02-28,1157.5,1172.5,1153.75,1168.75,5203600,6067877500,0,0
2023-03-01,1177.5,1218.75,1175,1207.5,5745600,6894216500,0,0
2023-03-02,1203.75,1221.25,1203.75,1215,5717200,6943070000,0,0
2023-03-03,1237.5,1238.75,1207.5,1223.75,5295200,6474228000,0,0
2023-03-06,1250,1267.5,1245,1267.5,4918000,6188650000,0,0
2023-03-07,1257.5,1257.5,1230,1233.75,6402800,7921967500,0,0
2023-03-08,1218.75,1231.25,1215,1225,3384400,4145299000,0,0
2023-03-09,1250,1257.5,1237.5,1243.75,4612400,5746658500,0,0
2023-03-10,1226.25,1230,1211.25,1221.25,4634000,5656528000,0,0
2023-03-13,1200,1223.75,1183.75,1221.25,3573600,4310864500,0,0
2023-03-14,1207.5,1213.75,1193.75,1207.5,3647600,4391039000,0,0
2023-03-15,1225,1226.25,1198.75,1213.75,3452000,4192597500,0,0
2023-03-16,1178.75,1212.5,1173.75,1205,4964400,5948635500,0,0
2023-03-17,1218.75,1257.5,1217.5,1252.5,5398400,6722315000,0,0
2023-03-20,1250,1257.5,1221.25,1222.5,4094400,5053158500,0,0
2023-03-22,1220,1233.75,1208.75,1211.25,6572400,8030620000,0,0
2023-03-23,1193.75,1197.5,1177.5,1193.75,3966000,4719715000,0,0
2023-03-24,1195,1260,1192.5,1257.5,6011200,7453733500,0,0
2023-03-27,1220,1232.5,1216.25,1220,5599600,6844888000,0,0
2023-03-28,1202.5,1206.25,1191.25,1203.75,3381600,4056761000,0,0
2023-03-29,1188.75,1216.25,1187.5,1216.25,3887200,4678557000,0,0
2023-03-30,1257.5,1275,1246.25,1270,6788800,8561629500,0,0
2023-03-31,1280,1325,1280,1315,6410000,8371809000,0,0
2023-04-03,1322.5,1322.5,1287.5,1295,3744000,4862336000,0,0
2023-04-04,1287.5,1295,1267.5,1290,4168800,5353464000,0,0
2023-04-05,1275,1280,1257.5,1272.5,2995200,3801106000,0,0
2023-04-06,1243.75,1250,1231.25,1240,4759600,5897418000,0,0
2023-04-07,1252.5,1272.5,1250,1262.5,3645200,4603534000,0,0
2023-04-10,1275,1277.5,1252.5,1267.5,2226800,2814923000,0,0
2023-04-11,1305,1317.5,1300,1302.5,3485600,4552163000,0,0
2023-04-12,1297.5,1310,1292.5,1305,2672000,3479931000,0,0
2023-04-13,1290,1292.5,1275,1290,3290000,4227652000,0,0
2023-04-14,1307.5,1307.5,1287.5,1297.5,2359200,3063622000,0,0
2023-04-17,1302.5,1325,1295,1320,2811600,3698027000,0,0
2023-04-18,1300,1305,1285,1302.5,3793200,4915272000,0,0
2023-04-19,1320,1320,1287.5,1297.5,2922800,3797325000,0,0
2023-04-20,1277.5,1290,1267.5,1282.5,3716400,4754486000,0,0
2023-04-21,1257.5,1295,1257.5,1282.5,4050400,5179625000,0,0
2023-04-24,1270,1285,1267.5,1270,2174000,2767213000,0,0
2023-04-25,1270,1280,1250,1252.5,5423200,6828505000,0,0
2023-04-26,1241.25,1250,1226.25,1230,4655600,5749599000,0,0
2023-04-27,1241.25,1245,1220,1230,5439600,6704712500,0,0
2023-04-28,1315,1342.5,1292.5,1330,11319600,14987869000,0,0
2023-05-01,1315,1365,1312.5,1360,7272000,9823813000,0,0
2023-05-02,1430,1520,1427.5,1482.5,23444800,34618815000,0,0
2023-05-08,1500,1505,1460,1467.5,8246800,12160540000,0,0
2023-05-09,1470,1520,1462.5,1517.5,5850800,8807145000,0,0
2023-05-10,1502.5,1512.5,1497.5,1505,3356400,5048863000,0,0
2023-05-11,1510,1537.5,1495,1530,4320400,6559591000,0,0
2023-05-12,1512.5,1545,1512.5,1532.5,4932800,7536571000,0,0
2023-05-15,1530,1532.5,1507.5,1515,2417600,3664313000,0,0
2023-05-16,1550,1560,1540,1555,4072400,6321089000,0,0
2023-05-17,1567.5,1577.5,1555,1560,2914400,4562860000,0,0
2023-05-18,1625,1655,1620,1640,6848400,11244909000,0,0
2023-05-19,1652.5,1665,1615,1627.5,5017200,8203236000,0,0
2023-05-22,1610,1642.5,1605,1620,3597200,5834886000,0,0
2023-05-23,1642.5,1642.5,1600,1605,4360000,7049073000,0,0
2023-05-24,1585,1640,1577.5,1635,4675600,7591712000,0,0
2023-05-25,1797.5,1817.5,1742.5,1785,16292400,28956973000,0,0
2023-05-26,1832.5,1882.5,1825,1840,10678400,19843218000,0,0
2023-05-29,1930,1935,1887.5,1895,11057200,21134748000,0,0
2023-05-30,1870,1927.5,1865,1910,4992000,9493766000,0,0
2023-05-31,1920,1960,1897.5,1905,10689600,20518755000,0,0
2023-06-01,1867.5,1922.5,1857.5,1865,9851600,18566945000,0,0
2023-06-02,1867.5,1882.5,1812.5,1857.5,10112000,18693272000,0,0
2023-06-05,1862.5,1899.75,1837.5,1887,8370800,15658031000,0,0
2023-06-06,1862.5,1885,1836.75,1872.75,8630800,16053978300,0,0
2023-06-07,1900.25,1941.5,1847,1875,12468000,23632320200,0,0
2023-06-08,1847.5,1882,1827.75,1847.5,5280800,9784464000,0,0
2023-06-09,1859.25,1927.25,1843.75,1914,8187600,15438164200,0,0
2023-06-12,1929.25,1936.75,1894,1916,4236400,8108116900,0,0
2023-06-13,1937.5,2015,1935,1992.5,7546800,14986913300,0,0
2023-06-14,2016,2025,1971.75,1981.75,5632400,11217072200,0,0
2023-06-15,2016,2056.25,2010.5,2017.25,6449200,13113413600,0,0
2023-06-16,2018.75,2050,1997.75,2045.5,4855600,9859110400,0,0
2023-06-19,2054.25,2060.75,2006.75,2025.75,5517600,11216937100,0,0
2023-06-20,2012.75,2045.5,2007.5,2036.75,4197600,8515826300,0,0
2023-06-21,2025,2049.75,2017.75,2024.75,3873600,7861766700,0,0
2023-06-22,1972.25,2029.5,1965,1976,5474000,10954911600,0,0
2023-06-23,1989.25,2008,1880.75,1918.5,7733600,14866042000,0,0
2023-06-26,1930.25,1955.5,1921.25,1940,4516000,8752943500,0,0
2023-06-27,1928.5,1944.25,1892.25,1913.75,4363600,8342361200,0,0
2023-06-28,1949.75,1952.75,1919.25,1946,4869600,9445594700,0,0
2023-06-29,1975,2016.5,1974.25,1994.75,4666400,9310810500,0,0
2023-06-30,2025,2047.5,1984.75,2025,5839200,11821459700,0,0
2023-07-03,2061,2109.75,2052.75,2102.75,6349600,13284752500,0,0
2023-07-04,2084,2133.75,2078.25,2100,5481600,11553116300,0,0
2023-07-05,2134,2142.5,2093.75,2106,4708000,9960288900,0,0
2023-07-06,2068.5,2083.25,2040.5,2042,5806000,11940877100,0,0
2023-07-07,2050,2074.25,2029,2038.75,4992800,10219726800,0,0
2023-07-10,2036.25,2061.5,2016.25,2018.25,4546000,9250642300,0,0
2023-07-11,2055.75,2082.5,2036,2050,4180400,8602241400,0,0
2023-07-12,2047.25,2051,1965.75,1997,5563600,11112139800,0,0
2023-07-13,2034.5,2082.5,1995,2070,6094000,12509674400,0,0
2023-07-14,2082.5,2124.5,2078.25,2109.75,6212800,13072737200,0,0
2023-07-18,2127.5,2156.25,2118.75,2145,5367200,11466484700,0,0
2023-07-19,2164.75,2174.5,2125.75,2156.5,5400000,11610041600,0,0
2023-07-20,2119.75,2129.75,2093.25,2113.5,4480000,9463531900,0,0
2023-07-21,2050,2085.75,2020.25,2067.5,6100000,12553452400,0,0
2023-07-24,2099.5,2122.25,2089.25,2118,3392000,7148036000,0,0
2023-07-25,2125,2153.5,2123.25,2152.75,4584800,9810253200,0,0
2023-07-26,2152,2155.25,2101.25,2116,4557600,9664476000,0,0
2023-07-27,2078.5,2096.25,2077,2085,4680800,9766734900,0,0
2023-07-28,2056.75,2161.5,2053.75,2131,9136000,19304384400,0,0
2023-07-31,2140,2177,2127,2156.5,5686800,12234553800,0,0
2023-08-01,2157.5,2205.5,2146.75,2205.5,5158400,11273103000,0,0
2023-08-02,2197.5,2230,2120.25,2140.5,7529200,16341834500,0,0
2023-08-03,2114,2210,2076.25,2198.5,13899600,30121807300,0,0
2023-08-04,2205.5,2211.5,2103,2120,7294000,15633392800,0,0
2023-08-07,2082.5,2131.25,2070.75,2120.5,4482000,9452313700,0,0
2023-08-08,2112.5,2118.5,1977.75,1997,10185600,20572951300,0,0
2023-08-09,1988,2045.5,1977,2033.25,6176000,12475096800,0,0
2023-08-10,1995.75,2004.25,1955.25,2004.25,6104400,12114105100,0,0
2023-08-14,2004.25,2008.25,1958.25,1974,5588000,11044574200,0,0
2023-08-15,2085,2112,2063,2072,5873200,12225425200,0,0
2023-08-16,2050,2055.5,2024.5,2025.5,3575600,7285730700,0,0
2023-08-17,1988,2036.25,1984.5,2020.25,3958000,7964920500,0,0
2023-08-18,1997.5,2037.5,1977.75,2018.5,3855200,7739427700,0,0
2023-08-21,2000.5,2046.75,1997,2003.75,3713200,7493213000,0,0
2023-08-22,2060.5,2068.5,2023.75,2046,4488800,9180366300,0,0
2023-08-23,2046,2081,2029.75,2081,3452800,7125214700,0,0
2023-08-24,2193.5,2257.5,2189.25,2228.25,14268000,31674032300,0,0
2023-08-25,2164.5,2176.25,2061.75,2070,12574000,26516524800,0,0
2023-08-28,2082.75,2159.5,2061.75,2156.25,6212800,13220734600,0,0
2023-08-29,2162.5,2165.5,2115.5,2138,3454400,7384956200,0,0
2023-08-30,2207.5,2221.25,2177.5,2194.25,5159600,11354842600,0,0
2023-08-31,2182.5,2201,2171.5,2198,4702400,10314321800,0,0
2023-09-01,2187.5,2230.5,2171.75,2186.25,4624400,10139072400,0,0
2023-09-04,2212,2217.5,2192.25,2212.5,4178800,9216975100,0,0
2023-09-05,2206.25,2227.75,2195.5,2227.75,3042800,6741541800,0,0
2023-09-06,2225,2321.25,2220,2316,7023200,16047605000,0,0
2023-09-07,2278.5,2287.5,2204,2214.75,6384800,14355480400,0,0
2023-09-08,2177.25,2209,2146,2169,5659200,12279212000,0,0
2023-09-11,2152.75,2171.75,2098.75,2105,4884400,10359373200,0,0
2023-09-12,2094.5,2109,2023.75,2060.75,7885200,16178432800,0,0
2023-09-13,2023.25,2043,2004.25,2030,6232000,12602677600,0,0
2023-09-14,2027.5,2105,2004.75,2089.75,6493600,13501244700,0,0
2023-09-15,2108.5,2115,2067.75,2108,4890800,10284309400,0,0
2023-09-19,2065.75,2065.75,1942,2010,11180400,22301441600,0,0
2023-09-20,1957.75,1994.75,1904.75,1977.75,12272800,23983683100,0,0
2023-09-21,1917.25,1944.25,1872.75,1905.75,11289200,21424071400,0,0
2023-09-22,1872.5,1915.5,1839.25,1898.25,9216000,17341331000,0,0
2023-09-25,1912,1993.75,1912,1988.5,6454800,12666109900,0,0
2023-09-26,1993.75,1993.75,1910,1915.25,7158000,13792186000,0,0
2023-09-27,1892.5,1940,1877.5,1916,7087600,13561098000,0,0
2023-09-28,1902.75,1949.25,1887,1936,5503200,10592900700,0,0
2023-09-29,1965,2001,1950.25,1991,6792400,13489373000,0,0
2023-10-02,1996.25,2045,1979.75,2011.25,6125600,12367694800,0,0
2023-10-03,2004.75,2044,1968,1980,6135600,12288641800,0,0
2023-10-04,1945,1959.75,1911.5,1931.5,5050800,9784886200,0,0
2023-10-05,1953.25,2019,1935.25,2015.5,4810400,9559201600,0,0
2023-10-06,2030.5,2037.25,1970.75,2016.25,5132400,10313665800,0,0
2023-10-10,2037.5,2064.75,2021.25,2045,4640400,9475443400,0,0
2023-10-11,2057.25,2082.5,1985.75,1992.75,6718000,13616987600,0,0
2023-10-12,2061.75,2141.5,2043.25,2113.25,10539200,22266699700,0,0
2023-10-13,2075.75,2116.75,2033.75,2035.5,5863200,12092690600,0,0
2023-10-16,1979.25,2009.5,1957.75,2005.25,4661200,9289800400,0,0
2023-10-17,2012.5,2042.75,1969.75,1985.5,4911200,9810018900,0,0
2023-10-18,1933,1960.5,1917.75,1939.25,8058000,15638536600,0,0
2023-10-19,1897.5,1900.25,1868,1874.5,7408400,13939171200,0,0
2023-10-20,1857.5,1888.5,1832,1853.5,5790800,10748586900,0,0
2023-10-23,1816,1827.25,1790.5,1797.5,8500000,15347732300,0,0
2023-10-24,1825.75,1851.75,1743.5,1845,8402000,15231927200,0,0
2023-10-25,1845.25,1893.75,1839.5,1874.5,6245200,11697331100,0,0
2023-10-26,1809.5,1836.75,1785.25,1800.75,7548000,13635049100,0,0
2023-10-27,1800.75,1833,1600,1638.25,36469600,61798826100,0,0
2023-10-30,1639.5,1650.75,1585.75,1605,19768000,31739493600,0,0
2023-10-31,1585.25,1594.25,1532.75,1585.25,13014000,20412432200,0,0
2023-11-01,1589.5,1615,1575.5,1601.25,9132000,14558638900,0,0
2023-11-02,1661.25,1704.5,1643.75,1668.25,11735200,19656887300,0,0
2023-11-06,1761.25,1783.25,1740.75,1782.25,10828400,19125357000,0,0
2023-11-07,1752,1762,1680,1685.5,7706800,13184646600,0,0
2023-11-08,1710.5,1793.25,1694.75,1777.25,9090400,15995663200,0,0
2023-11-09,1766,1792.75,1757.5,1792.25,5610000,9972259400,0,0
2023-11-10,1786,1797.25,1772.5,1788,3778000,6744638300,0,0
2023-11-13,1821.75,1825,1746.25,1750.5,4807200,8512574800,0,0
2023-11-14,1762.25,1808.75,1758.25,1788.25,4998000,8940411900,0,0
2023-11-15,1863.25,1924.75,1860.5,1906.25,11707200,22212328600,0,0
2023-11-16,1879.75,1883,1821.25,1854.5,6952400,12865117300,0,0
2023-11-17,1833.75,1875,1830,1846.25,5430000,10027461300,0,0
2023-11-20,1837.25,1857.25,1794.25,1799.5,5260000,9547907000,0,0
2023-11-21,1803.25,1869.75,1793.75,1858.75,7333600,13531045600,0,0
2023-11-22,1810,1847.5,1803,1824.25,5072400,9272059800,0,0
2023-11-24,1861.75,1886.25,1821.25,1829,7010800,12965607900,0,0
2023-11-27,1812.5,1825.75,1770,1771,5305600,9482058000,0,0
2023-11-28,1795.75,1796,1741,1772.25,4741600,8367923300,0,0
2023-11-29,1755,1780,1742.75,1774,4600000,8114247700,0,0
2023-11-30,1775,1781.5,1742.25,1767.75,6320400,11157846500,0,0
2023-12-01,1769.75,1824.75,1749.75,1777.75,8646800,15514612700,0,0
2023-12-04,1748.75,1760.75,1693.75,1699,7879200,13502670700,0,0
2023-12-05,1687.25,1704,1617.5,1618.5,10339200,16925253000,0,0
2023-12-06,1633,1668.75,1623,1650.75,5722800,9433493000,0,0
2023-12-07,1626.25,1674.25,1624.25,1637.5,5076800,8352632000,0,0
2023-12-08,1625.75,1670.5,1625.75,1670.5,8324400,13746138900,0,0
2023-12-11,1694.25,1702.5,1652.5,1667.75,7492000,12535922300,0,0
2023-12-12,1736.75,1742.25,1674,1717.5,9251200,15830157100,0,0
2023-12-13,1732.5,1816.25,1726,1774.25,12668000,22515722800,0,0
2023-12-14,1827.5,1852.75,1795,1810,12888800,23522199700,0,0
2023-12-15,1862.5,1915.5,1858.5,1899.75,13165600,24914816900,0,0
2023-12-18,1900.75,1924.75,1869.75,1897,5873200,11096233200,0,0
2023-12-19,1900,1946.5,1883.5,1942.5,6484800,12492875300,0,0
2023-12-20,1952.25,2012.5,1945.5,1955,7389200,14560750300,0,0
2023-12-21,1925,1948.25,1915,1940,4452000,8612338900,0,0
2023-12-22,1952.5,1965.75,1922.5,1933.5,2874400,5565720600,0,0
2023-12-25,1932.75,1935,1868.75,1881.5,4808400,9088520900,0,0
2023-12-26,1858.75,1893.5,1854,1887,3645200,6830870100,0,0
2023-12-27,1945,1969.25,1930.5,1964,5585600,10928198900,0,0
2023-12-28,1956.5,1970,1942.75,1958.25,2596800,5072222100,0,0
2023-12-29,1958,1967.75,1940,1953.75,2960000,5782227300,0,0
2024-01-04,1875.5,1898.75,1858.5,1882.25,5186400,9760152700,0,0
2024-01-05,1900,1906.75,1863,1875.25,3342400,6284369200,0,0
2024-01-09,1973.5,2003.75,1956,1981.75,7353200,14573548800,0,0
2024-01-10,1964.75,2026,1957,2022,5399200,10841801300,0,0
2024-01-11,2050,2068.25,2011.25,2018.5,6445600,13118260400,0,0
2024-01-12,2058.75,2084.25,2009.25,2022.25,6889200,14015055600,0,0
2024-01-15,2034.25,2089.75,2021.25,2089.75,5631200,11651235300,0,0
2024-01-16,2075.5,2084.5,2004.75,2008.5,8763200,17879079500,0,0
2024-01-17,1975,1987.5,1901.75,1915.5,14706800,28434101300,0,0
2024-01-18,1930.25,1939.5,1901.5,1936,6893200,13253754000,0,0
2024-01-19,2050,2052.25,1984,2018.5,8970000,18158928900,0,0
2024-01-22,2046,2054,1994,1997.25,7614400,15365861900,0,0
2024-01-23,2019.75,2071,2003,2010.5,7394800,15056225500,0,0
2024-01-24,2010,2010.5,1942.75,1967,7254000,14294272800,0,0
2024-01-25,1976.5,1986.75,1951,1971.5,4384400,8616187300,0,0
2024-01-26,1880.5,1914.25,1866,1866.25,11195600,21108414600,0,0
2024-01-29,1864.75,1928,1839.25,1915.25,7749200,14706672800,0,0
2024-01-30,1911.75,1939.25,1899.75,1931,4440800,8529029500,0,0
2024-01-31,1856,1886,1847,1886,8100800,15146895900,0,0
2024-02-01,1848.5,1904.75,1818,1891.75,12628000,23429521900,0,0
2024-02-02,1844.25,1924.5,1835,1845,14608400,27360274200,0,0
2024-02-05,1860,1868.75,1775.75,1792.75,9529600,17180346500,0,0
2024-02-06,1820,1824.5,1774,1786.5,8520000,15328791400,0,0
2024-02-07,1782.5,1811,1775.75,1805.5,6017600,10813068300,0,0
2024-02-08,1816,1852.5,1799.25,1850,5778000,10600410300,0,0
2024-02-09,1850,1866,1842.5,1847.25,4481600,8310677300,0,0
2024-02-13,1880,1906.5,1866.25,1897.75,5306800,10040725100,0,0
2024-02-14,1869,1884.25,1853.25,1878.75,5274000,9855342200,0,0
2024-02-15,1896.25,1896.25,1833.75,1834.25,4962400,9225065500,0,0
2024-02-16,1807.25,1845,1772.5,1812.5,9496400,17196870000,0,0
2024-02-19,1812.5,1812.5,1747.5,1789.25,7552800,13425954800,0,0
2024-02-20,1797.5,1852.5,1792.5,1837.5,6942800,12715384600,0,0
2024-02-21,1818.75,1858,1805.25,1839.75,5144800,9458917200,0,0
2024-02-22,1931.5,1945.5,1837.25,1872.25,10477600,19753045600,0,0
2024-02-26,1889.5,1904.25,1878.75,1878.75,5618000,10615412200,0,0
2024-02-27,1895.5,1915.25,1787.75,1815.25,12454000,22727816700,0,0
2024-02-28,1813.75,1815,1759.75,1768.5,7304400,12966561000,0,0
2024-02-29,1675,1728.75,1659.75,1725.25,20340000,34557243600,0,0
2024-03-01,1750.25,1763.75,1724.5,1738.5,9242000,16114773500,0,0
2024-03-04,1774,1790,1725,1750.5,9965200,17488741600,0,0
2024-03-05,1732.75,1815,1727.75,1813,8604400,15336210800,0,0
2024-03-06,1780,1806.25,1760,1798.5,6378000,11415186800,0,0
2024-03-07,1810,1811.75,1725.5,1725.5,7688800,13502797000,0,0
2024-03-08,1716.25,1778,1713.5,1751.25,6590800,11520536300,0,0
2024-03-11,1677.5,1706,1676,1693.25,6299200,10641687700,0,0
2024-03-12,1668,1689.5,1639,1689.25,7717600,12852163000,0,0
2024-03-13,1712.5,1718.75,1634,1653.5,6064400,10048824600,0,0
2024-03-14,1637.75,1653.25,1613.75,1639,5874800,9603636500,0,0
2024-03-15,1630.25,1665.25,1626.75,1658.5,5390400,8905054500,0,0
2024-03-18,1658.5,1739.75,1657.5,1739.75,6136800,10498692800,0,0
2024-03-19,1689.75,1712.5,1643.75,1666.75,10553600,17617200800,0,0
2024-03-21,1704.75,1729.5,1665.5,1676.25,7233600,12221920000,0,0
2024-03-22,1668.75,1674,1626.75,1657.5,7592000,12514651400,0,0
2024-03-25,1655.5,1678.75,1636.5,1649,4392400,7267045600,0,0
2024-03-26,1634.25,1650,1621.25,1638,5273600,8636495400,0,0
2024-03-27,1649.75,1675,1630.5,1658.75,5471600,9090571900,0,0
2024-03-28,1682.5,1731.5,1663.75,1684,9051200,15330651800,0,0
2024-03-29,1678.75,1693.5,1651,1662.25,5562400,9276108300,0,0
2024-04-01,1672.5,1673.5,1610,1626.5,7637200,12479165600,0,0
2024-04-02,1628.25,1651.25,1622.75,1630.5,3954400,6480109900,0,0
2024-04-03,1605.5,1605.5,1570.75,1594.25,7573200,12037745800,0,0
2024-04-04,1620,1648,1606.75,1610.75,5173600,8403753700,0,0
2024-04-05,1585.75,1591.25,1561,1581.75,5512000,8696568300,0,0
2024-04-08,1599.25,1607.25,1568.25,1583,3028400,4797867700,0,0
2024-04-09,1585,1616.25,1581.75,1612,4262800,6851572000,0,0
2024-04-10,1610,1610,1560.5,1569,5195200,8184194500,0,0
2024-04-11,1544.25,1552.25,1535.75,1547.25,4772400,7368112700,0,0
2024-04-12,1538.25,1563.25,1533.75,1540,4272800,6605986700,0,0
2024-04-15,1533.75,1537.75,1498,1504.25,5876800,8860310200,0,0
2024-04-16,1475,1527.25,1475,1512.25,7461200,11220089000,0,0
2024-04-17,1515.25,1539.25,1501,1519,4668400,7113291700,0,0
2024-04-18,1506.25,1555,1500.25,1544.75,4236000,6523206500,0,0
2024-04-19,1516,1519.75,1454.25,1482.75,9206000,13627957600,0,0
2024-04-22,1486.5,1506,1475.75,1492,5047600,7515878700,0,0
2024-04-23,1517,1522,1480,1500.75,2825200,4222607300,0,0
2024-04-24,1510.25,1544.25,1502.25,1534.75,4523200,6917653300,0,0
2024-04-25,1524.5,1532,1502.25,1502.25,3039600,4594471400,0,0
2024-04-26,1504.75,1523.75,1498.5,1513,3759600,5683464700,0,0
2024-04-30,1528.75,1528.75,1506.25,1523.5,4199200,6381015400,0,0
2024-05-01,1512.5,1543,1493.75,1537,5028800,7681190800,0,0
2024-05-02,1462,1501.5,1348,1348,45598800,64184225100,0,0
2024-05-07,1375,1425,1375,1425,21395200,30008137400,0,0
2024-05-08,1375,1407.75,1362.5,1405.25,12484400,17365359800,0,0
2024-05-09,1420,1422.25,1345.25,1353.25,9152400,12528214300,0,0
2024-05-10,1336.25,1355,1300.5,1326,10026800,13252663900,0,0
2024-05-13,1336.25,1341,1295,1304,7846400,10244774800,0,0
2024-05-14,1294.75,1340.75,1283.5,1323.75,9723200,12727860200,0,0
2024-05-15,1331.75,1389.5,1309.25,1312.25,10246800,13662395600,0,0
2024-05-16,1331.25,1337,1286.5,1303,7783200,10155939100,0,0
2024-05-17,1303,1306.25,1291,1296.5,4264000,5526666900,0,0
2024-05-20,1304.25,1350.5,1300.75,1341,7016000,9348366900,0,0
2024-05-21,1344,1374.25,1343.5,1353.75,6764400,9196589500,0,0
2024-05-22,1349.5,1364,1341.75,1349.25,5084800,6889674700,0,0
2024-05-23,1411.25,1481.75,1398.25,1447.5,20029200,29025921900,0,0
2024-05-24,1422.5,1449,1413.5,1420.25,10196800,14582417400,0,0
2024-05-27,1431.75,1516,1429.25,1506,13253600,19811636200,0,0
2024-05-28,1502.5,1567.5,1501,1567.5,14110800,21860535700,0,0
2024-05-29,1585,1613.75,1568,1570.75,15252800,24213466000,0,0
2024-05-30,1546.5,1562.5,1513.5,1550.25,11203200,17288795900,0,0
2024-05-31,1538.75,1594.75,1537.5,1583.25,9860800,15581400200,0,0
2024-06-03,1574,1602,1556.25,1569.75,7670000,12053607200,0,0
2024-06-04,1575,1599.5,1564,1579,6586800,10439151800,0,0
2024-06-05,1574.5,1626.5,1568.25,1604,7803600,12500652100,0,0
2024-06-06,1650,1653.75,1563.5,1563.5,9147200,14598833000,0,0
2024-06-07,1565,1603,1560,1574.75,6868000,10891372200,0,0
2024-06-10,1575.5,1598,1575.5,1595.75,3505200,5576715700,0,0
2024-06-11,1601,1607,1555,1559.5,6661600,10466833300,0,0
2024-06-12,1571,1582.75,1554.75,1556.75,5732400,8977234200,0,0
2024-06-13,1588.75,1615.75,1573,1577.5,6301200,10043115800,0,0
2024-06-14,1585.5,1620.5,1581.75,1620,5840800,9372871800,0,0
2024-06-17,1635,1675.5,1610.5,1657.5,8606800,14209072100,0,0
2024-06-18,1681.25,1712.25,1672.5,1686,9782800,16534848900,0,0
2024-06-19,1708.75,1718.75,1680.75,1710,6667600,11361562400,0,0
2024-06-20,1748.25,1797,1741.5,1787.5,15022800,26631349800,0,0
2024-06-21,1752.5,1759.5,1694.5,1698.25,14643600,25108200100,0,0
2024-06-24,1662.5,1681,1640.5,1660.5,9427200,15639546100,0,0
2024-06-25,1642.25,1654,1628.75,1641.25,7392800,12123837600,0,0
2024-06-26,1691.25,1714.75,1675.25,1692.25,7952000,13459275800,0,0
2024-06-27,1667.25,1680.5,1631.25,1631.5,6669200,10977848800,0,0
2024-06-28,1663.75,1677.25,1637,1637,6761600,11180344300,0,0
2024-07-01,1648.75,1666.25,1624.5,1630.75,4100000,6707850400,0,0
2024-07-02,1627.5,1636,1581.25,1617.25,8103200,13003133600,0,0
2024-07-03,1632.5,1683.75,1626.25,1680,7665200,12781661500,0,0
2024-07-04,1690.5,1694.75,1639,1651,5753600,9537420900,0,0
2024-07-05,1643.75,1649.25,1623.75,1638,5294000,8650921400,0,0
2024-07-08,1652.5,1686,1648,1659.75,5368000,8948711000,0,0
2024-07-09,1709.75,1720,1673.75,1710.75,6860000,11665139300,0,0
2024-07-10,1700,1704,1681.25,1701.25,3780400,6407969400,0,0
2024-07-11,1725,1739.25,1697,1720.25,5624800,9652075100,0,0
2024-07-12,1696,1754,1680.5,1684.75,9474800,16321723200,0,0
2024-07-16,1688.75,1709,1669,1702.75,4978800,8426730500,0,0
2024-07-17,1721.25,1756.25,1680.5,1742.75,9083600,15714300300,0,0
2024-07-18,1690,1731,1672.75,1676.75,7956000,13489334600,0,0
2024-07-19,1687.75,1701.25,1671,1686.75,3209200,5417455600,0,0
2024-07-22,1658.25,1663.5,1615.75,1625,6089600,9924457100,0,0
2024-07-23,1650,1664.75,1604.25,1621.5,4893600,7955755100,0,0
2024-07-24,1612,1625.25,1583.5,1588.25,4185200,6702651600,0,0
2024-07-25,1552.5,1555.75,1493.5,1493.5,7599200,11485692900,0,0
2024-07-26,1468.5,1476,1424.75,1427.5,10551200,15250527700,0,0
2024-07-29,1463.5,1484,1456.75,1477.25,7480000,11014937700,0,0
2024-07-30,1466.5,1483.25,1448.75,1470.5,5826000,8551766500,0,0
2024-07-31,1425,1463,1405.5,1460.75,10668400,15362391900,0,0
2024-08-01,1467.25,1467.5,1385,1410.5,6940000,9850920400,0,0
2024-08-02,1312.25,1319.75,1249.75,1265.25,18131600,23039522300,0,0
2024-08-05,1279.75,1308.5,1022.5,1069.5,26438800,31145412600,0,0
2024-08-06,1192,1214,1132.75,1166.25,18404800,21626641800,0,0
2024-08-07,1137.5,1242.25,1128.25,1194.75,11111200,13214735100,0,0
2024-08-08,1160.5,1167.5,1106.5,1123.5,12323200,13903706000,0,0
2024-08-09,1156.25,1172,1086.5,1110.75,10296800,11547930700,0,0
2024-08-13,1162.5,1205,1153.5,1199.5,9460400,11214009400,0,0
2024-08-14,1252,1298.75,1233.5,1270.25,13552400,17302662900,0,0
2024-08-15,1260,1286.25,1248.5,1265,5412800,6867654800,0,0
2024-08-16,1313.5,1335.5,1310.5,1335.5,7120400,9442552100,0,0
2024-08-19,1324.5,1342.5,1294.25,1300.25,5054400,6654698300,0,0
2024-08-20,1325.25,1345,1308,1337,5570000,7410138900,0,0
2024-08-21,1312,1329,1303.5,1317.25,4401600,5794845900,0,0
2024-08-22,1311.25,1331,1296.25,1300.75,4978000,6513577400,0,0
2024-08-23,1333.25,1346.5,1296,1315,4694800,6175669000,0,0
2024-08-26,1310,1318.75,1288.75,1298.5,3531600,4587431300,0,0
2024-08-27,1294.75,1304.5,1282.75,1297.5,3337600,4314312800,0,0
2024-08-28,1288,1297,1266.75,1297,7043600,9040406100,0,0
2024-08-29,1257.75,1299.25,1246.5,1282,10584000,13543920800,0,0
2024-08-30,1287.5,1307.5,1248.5,1262.75,11525200,14632432600,0,0
2024-09-02,1312.75,1319.25,1283.25,1287.5,5361200,6951050000,0,0
2024-09-03,1284.75,1288.5,1246,1254,4320400,5441687500,0,0
2024-09-04,1188.5,1195.75,1166.25,1166.25,8911600,10511286300,0,0
2024-09-05,1131.25,1153.75,1099,1102,11764800,13162995700,0,0
2024-09-06,1100,1102.5,1058.75,1069.5,7726400,8341805700,0,0
2024-09-09,1026.25,1044.75,1019,1042,7255600,7479068200,0,0
2024-09-10,1059.5,1064.25,1033.75,1047,5731200,6029007000,0,0
2024-09-11,1052.5,1073.75,1000.25,1011.25,6976800,7187725200,0,0
2024-09-12,1059.25,1099.25,1054.75,1095.5,8923600,9644956200,0,0
2024-09-13,1078,1092.5,1064.25,1082.75,6591200,7105804100,0,0
2024-09-17,1100,1114.5,1067.5,1092.5,7940800,8652944500,0,0
2024-09-18,1102.5,1111.25,1078,1111,7545200,8298936200,0,0
2024-09-19,1124.25,1128.25,1098.25,1101.5,7245600,8066604500,0,0
2024-09-20,1136.5,1169.5,1130,1149,12583600,14520989700,0,0
2024-09-24,1146.25,1153.5,1100,1104.75,11615200,12981641800,0,0
2024-09-25,1121,1139.75,1108.75,1111,6100800,6821217300,0,0
2024-09-26,1123.5,1143.25,1109.5,1129,7298400,8203774600,0,0
2024-09-27,1143.5,1164,1128,1150.5,8174800,9369886300,0,0
2024-09-30,1100,1117.25,1086,1106.25,12218800,13480887800,0,0
2024-10-01,1108.75,1155.75,1103.75,1148,6246000,7083796100,0,0
2024-10-02,1120.25,1135.25,1109.5,1122.75,5296800,5940252700,0,0
2024-10-03,1168.75,1182.5,1160.5,1170.5,6582800,7704723600,0,0
2024-10-04,1181.25,1196,1178.75,1192,7873600,9358966600,0,0
2024-10-07,1208,1224.5,1200.25,1200.5,8588400,10381491800,0,0
2024-10-08,1183,1210,1174.5,1187.25,5918000,7051701200,0,0
2024-10-09,1230,1262,1215,1232.25,12664800,15661515300,0,0
2024-10-10,1230,1234,1199.25,1204.25,7066800,8546804000,0,0
2024-10-11,1201,1201.75,1155.5,1157.25,10251600,12031901700,0,0
2024-10-15,1189.75,1232.75,1185.5,1228.5,9216000,11207319500,0,0
2024-10-16,1183,1220,1178.5,1197.25,8086000,9701678400,0,0
2024-10-17,1196.5,1220.25,1188,1216.25,5185600,6264715900,0,0
2024-10-18,1231,1231.25,1198.75,1220.25,5619600,6822389900,0,0
2024-10-21,1226.25,1251.25,1216.5,1238,7019600,8696347200,0,0
2024-10-22,1204,1222,1189.75,1195.25,8809200,10606140100,0,0
2024-10-23,1186.75,1200.5,1171.5,1177.5,7209200,8526565700,0,0
2024-10-24,1162.25,1186.5,1149.25,1179.5,5093200,5977452100,0,0
2024-10-25,1177,1191.25,1171,1188.5,3818400,4512565600,0,0
2024-10-28,1193.25,1238.75,1192,1226,8459600,10364330200,0,0
2024-10-29,1227,1240,1221.25,1231.25,5694800,7007228100,0,0
2024-10-30,1237.5,1260.5,1233.75,1249.75,10399200,12992187300,0,0
2024-10-31,1218.5,1250,1210.5,1242.25,8251600,10119903100,0,0
2024-11-01,1224.5,1235,1125.25,1167,44347200,51965386700,0,0
2024-11-05,1200,1312.75,1194.75,1296.25,27520000,35256689400,0,0
2024-11-06,1293.75,1354.5,1288.75,1300,17394800,22975791900,0,0
2024-11-07,1292.75,1353.75,1262,1325.75,16094000,21151318700,0,0
2024-11-08,1350.75,1354.5,1317.75,1331.75,8088400,10778059900,0,0
2024-11-11,1307.5,1337,1293.25,1335.5,6410400,8462803200,0,0
2024-11-12,1334,1339,1280.5,1298,8909200,11628801600,0,0
2024-11-13,1277.5,1283,1250.25,1260.75,7020000,8873411500,0,0
2024-11-14,1278.75,1279.75,1210.25,1210.25,7178800,8869473800,0,0
2024-11-15,1220,1225.75,1198.75,1202.5,6702000,8087521900,0,0
2024-11-18,1171.5,1191,1152,1155.75,9586000,11158044900,0,0
2024-11-19,1157.75,1168.75,1134.75,1163,9592800,11075741600,0,0
2024-11-20,1174.25,1186.5,1157.75,1169.5,8060000,9428602600,0,0
2024-11-21,1175,1208.5,1146,1190.75,9514800,11230830900,0,0
2024-11-22,1205.25,1247,1203.5,1222,11578000,14190936700,0,0
2024-11-25,1216.25,1227.5,1181.5,1184.75,46161200,54804932200,0,0
2024-11-26,1178,1180.5,1120.25,1125.75,12284000,13967521600,0,0
2024-11-27,1131.25,1147.75,1119.5,1119.5,6278400,7101707000,0,0
2024-11-28,1105,1131.75,1102.5,1119,6549200,7329700700,0,0
2024-11-29,1120.5,1129.75,1101,1101,4794800,5315191800,0,0
2024-12-02,1106.25,1114.75,1082,1086,6515600,7111866400,0,0
2024-12-03,1103,1121.25,1100,1104.5,6598800,7319215900,0,0
2024-12-04,1087.75,1093.5,1053.5,1061.75,9354000,9973353500,0,0
2024-12-05,1063,1075.75,1054.25,1055.25,5565600,5912358400,0,0
2024-12-06,1049.5,1052,1022.5,1029.75,6690400,6885711000,0,0
2024-12-09,1050,1054.75,1022.75,1032.75,4651200,4810693800,0,0
2024-12-10,1044.5,1049.75,1023.75,1029.75,4058000,4189888500,0,0
2024-12-11,1025.5,1052.75,1023,1048,6638800,6914031100,0,0
2024-12-12,1075.5,1076.75,1047.5,1061,5938000,6317707800,0,0
2024-12-13,1050,1058.5,1037,1047.5,4155200,4348885300,0,0
2024-12-16,1044.25,1060.75,1029,1031.75,4741200,4937549800,0,0
2024-12-17,1036.75,1046.25,1016,1042.75,5864000,6052914100,0,0
2024-12-18,1057.5,1100.25,1048.25,1091.5,12085200,13156269500,0,0
2024-12-19,1065,1088.5,1057.75,1079.75,8427600,9088324400,0,0
2024-12-20,1085.25,1098,1079.75,1090.75,7711600,8406001200,0,0
2024-12-23,1090.25,1138.25,1085.5,1134.25,6701200,7504024000,0,0
2024-12-24,1134.25,1151.25,1117.25,1122,6032400,6815357000,0,0
2024-12-25,1120,1128.75,1109.5,1125,3280800,3670177700,0,0
2024-12-26,1126.5,1151,1125.5,1149.5,5660800,6481559500,0,0
2024-12-27,1152.5,1158.5,1141.75,1150,3938800,4522454100,0,0
2024-12-30,1167.5,1213.75,1160,1193.75,13027600,15534373000,0,0
2025-01-06,1197,1220,1192,1211,7888400,9529953400,0,0
2025-01-07,1250,1304.25,1249.75,1290,16972800,21818831500,0,0
2025-01-08,1244.75,1268.25,1235.25,1252,9625600,12089737100,0,0
2025-01-09,1239.75,1246.75,1221.5,1230.25,5945600,7325053000,0,0
2025-01-10,1212.5,1222.25,1201.75,1208.25,6314800,7629012300,0,0
2025-01-14,1188.75,1193.75,1133.25,1134.5,9669600,11134794900,0,0
2025-01-15,1150,1157.5,1109.75,1116.75,7046400,7952612000,0,0
2025-01-16,1134.25,1151.5,1112.75,1123.75,6550800,7392269400,0,0
2025-01-17,1112.5,1132.5,1102.5,1118.25,5968400,6658364000,0,0
2025-01-20,1144.25,1195.25,1138.75,1186.5,10334400,12183898400,0,0
2025-01-21,1232.75,1240.5,1214.25,1221,10238400,12569180700,0,0
2025-01-22,1245,1264.25,1237.75,1262.25,11056800,13861827300,0,0
2025-01-23,1270,1282.75,1251.75,1269,7712800,9767348700,0,0
2025-01-24,1255,1286.25,1246.25,1274.75,5972000,7603555000,0,0
2025-01-27,1264.5,1265.75,1190.75,1198,12782800,15506478600,0,0
2025-01-28,1128,1166.25,1121.5,1161,12498400,14346432700,0,0
2025-01-29,1177,1188.25,1154,1168,7303200,8540586600,0,0
2025-01-30,1142.75,1156.25,1138.25,1153,5855600,6717055500,0,0
2025-01-31,1156.25,1162.25,1133,1149,6344800,7280365700,0,0
2025-02-03,1110,1110.25,1086.25,1091.75,10350400,11338106600,0,0
2025-02-04,1113.5,1141,1109.25,1125,8814800,9931826000,0,0
2025-02-05,951.25,967.5,950,950,25684000,24443537500,0,1
2025-02-06,937.5,947.5,906.75,919.75,27792400,25597961400,0,0
2025-02-07,905,940.25,904.5,933.75,11489200,10654436900,0,0
2025-02-10,927.5,934,909.25,928.25,10910800,10062671500,0,0
2025-02-12,929.75,933,905.5,912.75,9340800,8510603800,0,0
2025-02-13,922.5,956,916,953.25,11177200,10532013000,0,0
2025-02-14,960,965,932.75,934,6915600,6531629600,0,0
2025-02-17,934.25,937.5,914.75,915.5,6491200,5993433000,0,0
2025-02-18,912.5,919.25,905.5,911,7166800,6535034400,0,0
2025-02-19,899.5,929.5,895.25,927.25,8469200,7782293600,0,0
2025-02-20,914.25,915.5,898.25,906,6245600,5657880100,0,0
2025-02-21,911.25,957.5,908.25,957.5,9242800,8643150200,0,0
2025-02-25,930.25,942.5,913.75,913.75,8388400,7738999200,0,0
2025-02-26,914.75,946,911.5,935.25,7481200,6961573900,0,0
2025-02-27,950,1003,949.5,996.75,14735600,14461322700,0,0
2025-02-28,981.75,1022.25,981.75,1014.25,16808400,16976848200,0,0
2025-03-03,1032.5,1099.5,1025.75,1082,13677200,14538524600,0,0
2025-03-04,1037.5,1045.75,1012.75,1029.25,9002800,9251014600,0,0
2025-03-05,1027.5,1063,1026.25,1048,8088400,8504664400,0,0
2025-03-06,1054.25,1061.5,1039,1045.75,5717600,5978988800,0,0
2025-03-07,1028.75,1065.25,1028,1041.75,7138800,7473248400,0,0
2025-03-10,1046.25,1099.5,1039.75,1088.5,8168000,8833551200,0,0
2025-03-11,1062.5,1065.75,1022.5,1043.5,8193200,8523364800,0,0
2025-03-12,1043.25,1098.75,1034,1043.5,13488400,14297981800,0,0
2025-03-13,1100.75,1143.75,1073.5,1076.75,13207200,14481014300,0,0
2025-03-14,1081.75,1103.5,1081.25,1097.5,7391200,8098143500,0,0
2025-03-17,1097.5,1114.75,1090.5,1093.25,5232000,5750521500,0,0
2025-03-18,1125,1144.25,1114,1122.5,6312800,7106784400,0,0
2025-03-19,1122.5,1129.25,1104.5,1111.25,6274000,6995471200,0,0
2025-03-21,1094,1097.5,1058.25,1064,8216000,8803991200,0,0
2025-03-24,1074.25,1098,1061.5,1080.5,5340000,5760522100,0,0
2025-03-25,1106.5,1137.5,1100.75,1105,6906400,7687886800,0,0
2025-03-26,1124.5,1132.5,1101,1115.5,4250800,4735873400,0,0
2025-03-27,1082.75,1093.75,1063.25,1075.25,7023600,7542286900,0,0
2025-03-28,1073,1078.25,1020,1023.5,6944400,7197563400,0,0
2025-03-31,988.5,1001.25,970,997.25,7367600,7306380800,0,0
2025-04-01,1006.75,1033,1000.25,1014,5836800,5956694400,0,0
2025-04-02,1011.75,1033.25,1011.75,1026,4214400,4315082400,0,0
2025-04-03,958.75,997.25,955.25,990.5,5951600,5867778000,0,0
2025-04-04,965.5,976,884.25,914,10150000,9351272100,0,0
2025-04-07,739,785.5,739,743.75,14913200,11349146100,0,1
2025-04-08,804.5,848.5,803.75,844.5,12255600,10201137500,0,0
2025-04-09,800,802.25,760,790,13629200,10692486900,0,0
2025-04-10,900,911.25,883.5,911.25,14297200,12876190400,0,0
2025-04-11,841.25,907.25,828.25,902,9887200,8541351300,0,0
2025-04-14,919.5,936,898.5,905.5,5364400,4893423000,0,0
2025-04-15,909,934,909,924.25,4129200,3823240000,0,0
2025-04-16,909,919,863,878,7578800,6699819600,0,0
2025-04-17,889.75,909.5,883.75,906.75,5411200,4858327600,0,0
2025-04-18,907.75,908.75,873.75,887.75,5473600,4836127500,0,0
2025-04-21,888,890.75,856.5,864.25,4930000,4284622600,0,0
2025-04-22,850,866.75,840,862.5,7374800,6291821500,0,0
2025-04-23,903.5,918.5,891.75,893,7838800,7072538200,0,0
2025-04-24,928,961.75,921.25,944.5,10119200,9568490300,0,0
2025-04-25,963.25,997.75,960.25,971.5,7581200,7402672900,0,0
2025-04-28,972.5,982.25,965,970.75,4425200,4295666500,0,0
2025-04-30,966,994.75,963.5,988,5253600,5160995300,0,0
2025-05-01,984,1017.5,978.5,1013.25,4930000,4958870500,0,0
2025-05-02,1025,1033.75,1003.25,1021.25,3861200,3941309600,0,0
2025-05-07,1023.75,1031,1000,1000,4674800,4713016800,0,0
2025-05-08,1035,1049.5,1009.25,1031,10518800,10812912300,0,0
2025-05-09,1155.75,1206,1140.25,1206,30787200,36247950700,1,0
2025-05-12,1266,1280.25,1230,1241.5,26549200,33223643100,0,0
2025-05-13,1281,1296.25,1212.75,1234.25,11786800,14690949700,0,0
2025-05-14,1269.25,1301.25,1248.5,1277,14701600,18735889800,0,0
2025-05-15,1257,1280.5,1256.5,1276.75,9977200,12695136900,0,0
2025-05-16,1272,1279,1238.5,1266.25,5746800,7237136000,0,0
2025-05-19,1277.5,1298.75,1261.25,1264.5,7108000,9092281700,0,0
2025-05-20,1282.75,1329.75,1266.75,1314.25,11440000,15019645100,0,0
2025-05-21,1313.75,1332,1293,1305.25,10096400,13218228000,0,0
2025-05-22,1280.25,1316.75,1280.25,1299.25,6140400,7988438700,0,0
2025-05-23,1297.5,1314.75,1288.25,1300,4630400,6016515700,0,0
2025-05-26,1317.5,1370,1310,1347,8302000,11183896500,0,0
2025-05-27,1340,1400.75,1331,1391.75,11342400,15595583300,0,0
2025-05-28,1457.75,1464.75,1432.75,1446.25,15896400,23030367400,0,0
2025-05-29,1494.25,1498.5,1447.25,1487.25,12021600,17801614600,0,0
2025-05-30,1469.75,1518.25,1468,1477.75,11079200,16499160100,0,0
2025-06-02,1444.5,1504.5,1437,1493.75,8660400,12772435700,0,0
2025-06-03,1481.5,1491,1454.5,1472.25,7913600,11630929200,0,0
2025-06-04,1466,1504,1464,1484.75,7355200,10931650100,0,0
2025-06-05,1472.75,1492.25,1438,1445.25,8758000,12741100700,0,0
2025-06-06,1495.25,1508.5,1456.25,1457,9956800,14682069300,0,0
2025-06-09,1472,1483.5,1429.25,1435,6946800,10033865500,0,0
2025-06-10,1429.75,1469.25,1426.5,1431.75,8107200,11728229400,0,0
2025-06-11,1465,1485,1454,1475.75,7894800,11604573900,0,0
2025-06-12,1455.25,1464.25,1427.5,1441.25,6244000,9004293600,0,0
2025-06-13,1466.25,1473.75,1426.75,1439.5,6890400,9948597200,0,0
2025-06-16,1452,1491.75,1447.25,1490.5,7403600,10944084500,0,0
2025-06-17,1553.25,1554.75,1512.25,1523,11024800,16879374500,0,0
2025-06-18,1516.5,1554.25,1508,1554.25,7394800,11383360600,0,0
2025-06-19,1559.75,1565,1525.25,1547.25,6832400,10526557600,0,0
2025-06-20,1541,1569.5,1475,1497,21499600,32485392300,0,0
2025-06-23,1453.75,1469.25,1436.25,1457.5,14038000,20387015300,0,0
2025-06-24,1507.5,1512.25,1457.5,1485.5,10266000,15210488800,0,0
2025-06-25,1535.5,1554.5,1497.75,1538,10671600,16399362700,0,0
2025-06-26,1542.5,1595.75,1542.5,1566,8791600,13793566800,0,0
2025-06-27,1600,1613.5,1563.25,1596.25,10658400,16972454200,0,0
2025-06-30,1625.5,1626.25,1582,1586.75,6579200,10559821500,0,0
2025-07-01,1555.5,1612,1551.75,1598.75,6133200,9730832000,0,0
2025-07-02,1548.75,1552.75,1530.5,1541.75,6376400,9834941800,0,0
2025-07-03,1582.5,1596.75,1569,1585,6302400,9982060800,0,0
2025-07-04,1600,1616,1580,1589.25,5123600,8181331900,0,0
2025-07-07,1600,1610,1585,1592.5,4471600,7137466600,0,0
2025-07-08,1590,1663.75,1587.5,1651,8454800,13859811500,0,0
2025-07-09,1637.5,1644.75,1584.5,1608.75,7591600,12215045800,0,0
2025-07-10,1591.5,1617.5,1564,1581.5,6897600,10910700000,0,0
2025-07-11,1573.5,1581.25,1525.75,1554,10465600,16193096400,0,0
2025-07-14,1544.25,1554,1534.5,1550,4370000,6744756300,0,0
2025-07-15,1541.75,1612,1516,1608.5,9569200,15108486400,0,0
2025-07-16,1619.5,1630,1566.25,1592.25,7430000,11828001700,0,0
2025-07-17,1586.5,1611.75,1561,1599.25,5631200,8907550600,0,0
2025-07-18,1612.75,1613.75,1568.75,1573.75,3647200,5769312600,0,0
2025-07-22,1575,1596.25,1556.5,1562.25,3906000,6136728800,0,0
2025-07-23,1575,1580.5,1520.75,1536,8184800,12627286700,0,0
2025-07-24,1542.25,1571.75,1542.25,1563,4465600,6968535100,0,0
2025-07-25,1550.25,1581.75,1549.75,1567,4802000,7527123700,0,0
2025-07-28,1553.75,1591.75,1540.5,1590,5720800,9037857700,0,0
2025-07-29,1566,1569.25,1541.75,1557.75,5911200,9185058700,0,0
2025-07-30,1575,1597.25,1562,1584.25,6666400,10552140800,0,0
2025-07-31,1579.25,1624,1579,1615,4973200,8016633500,0,0
2025-08-01,1579,1589.5,1537.5,1571.5,9068400,14234512700,0,0
2025-08-04,1583,1649,1560.25,1639.75,26478800,42936758400,0,0
2025-08-05,1675.25,1723,1627,1720.5,20054400,33830161600,0,0
2025-08-06,1700,1715,1670,1694,9440000,15949869000,0,0
2025-08-07,1683.5,1719.25,1664,1669,7897200,13338034800,0,0
2025-08-08,1655.75,1660,1618.25,1651,8347600,13687700200,0,0
2025-08-12,1684.75,1717.5,1655.5,1667.75,9672000,16339572300,0,0
2025-08-13,1687.5,1691.5,1648.25,1659.5,8150800,13583861900,0,0
2025-08-14,1638.75,1675.5,1608,1662.25,7007200,11542265900,0,0
2025-08-15,1698.75,1732.5,1679.25,1722.25,8412400,14411866000,0,0
2025-08-18,1737.5,1744.5,1711,1742,5534400,9584597200,0,0
2025-08-19,1762.5,1790,1741.5,1753.75,8600000,15178246000,0,0
2025-08-20,1712.75,1716.25,1648.25,1683,10519600,17639439200,0,0
2025-08-21,1675,1713.25,1662.75,1700.25,5107200,8650912500,0,0
2025-08-22,1706.5,1778.5,1703.25,1764.5,9426000,16523551100,0,0
2025-08-25,1848,1895,1797,1805,7364000,13439505600,0,0
2025-08-26,1797,1865.25,1775.75,1850,7107600,12998173100,0,0
2025-08-27,1843.25,1852.75,1818,1833.75,6532000,11992984100,0,0
2025-08-28,1810.5,1883.75,1800,1871.25,6206000,11530476700,0,0
2025-08-29,1867.5,1867.75,1801,1810.5,7722800,14060568700,0,0
2025-09-01,1767.5,1785,1706.25,1752.5,8249600,14345184700,0,0
2025-09-02,1750,1767.75,1742,1750.75,3832000,6724639000,0,0
2025-09-03,1733.75,1769.25,1732.75,1744.5,3444000,6026768100,0,0
2025-09-04,1740,1762,1723.75,1742,5750400,10010740800,0,0
2025-09-05,1795,1812,1786,1803.5,7820000,14078449600,0,0
2025-09-08,1824.25,1824.25,1786.5,1816.75,4242800,7668089900,0,0
2025-09-09,1825,1826,1766,1799.5,8786800,15745946300,0,0
2025-09-10,1931.5,1989.5,1897.25,1955,21254400,41427402200,0,0
2025-09-11,2067.5,2115.75,2041.25,2115.75,20457600,42682567700,0,0
2025-09-12,2115.5,2146.75,2081.25,2096.75,10676000,22487882000,0,0
2025-09-16,2122,2136.5,2098.25,2101.75,6826800,14428649300,0,0
2025-09-17,2100,2106,1980.5,1984.5,10587200,21410777900,0,0
2025-09-18,1973.75,2026.5,1959.75,1990.5,7073200,14105803000,0,0
2025-09-19,2196.25,2234.25,2105.75,2136.75,19081600,41285035700,0,0
2025-09-22,2211.25,2293.75,2205.75,2256.5,17000800,38389729500,0,0
2025-09-24,2252.5,2270.75,2181.25,2205.5,11566400,25693267900,0,0
2025-09-25,2218.75,2291.75,2196.25,2290,9547200,21465169500,0,0
2025-09-26,2289.5,2293,2210.5,2239.25,7902800,17667123200,0,0
2025-09-29,2237.5,2281.25,2211,2270,5797200,13120247100,0,0
2025-09-30,2280,2291.5,2245.75,2246,4142400,9379270000,0,0
2025-10-01,2225.25,2245,2198.5,2235.25,4562800,10161256200,0,0
2025-10-02,2305.25,2342,2266.5,2288.5,6749600,15490870400,0,0
2025-10-03,2326,2332.5,2273.25,2304.5,5408000,12450061100,0,0
2025-10-06,2363.25,2425,2361.25,2425,9890000,23695632800,0,0
2025-10-07,2497.25,2497.25,2405.25,2411.25,7589600,18566293500,0,0
2025-10-08,2407.5,2475,2386.25,2475,5630000,13770913900,0,0
2025-10-09,2500,2602.5,2499,2583.75,10015200,25595339500,0,0
2025-10-10,2508.75,2555,2470,2487.5,8714000,21817409400,0,0
2025-10-14,2497.75,2561.25,2412.5,2444.5,10946400,27084208300,0,0
2025-10-15,2462.75,2577.5,2445.25,2552.5,6521200,16498367500,0,0
2025-10-16,2586.25,2612.5,2556.25,2612.5,5290800,13690978500,0,0
2025-10-17,2495,2553.75,2493.75,2515,5482000,13798900100,0,0
2025-10-20,2525,2551.25,2488.75,2551.25,5052000,12785489600,0,0
2025-10-21,2550,2581.25,2480.25,2500,5941600,15009115900,0,0
2025-10-22,2480.75,2562.5,2426.25,2541.25,9929600,24778861200,0,0
2025-10-23,2412.75,2471.25,2403.75,2416.25,7617600,18494882500,0,0
2025-10-24,2603.75,2642.5,2513.75,2627.5,10394000,26966081500,0,0
2025-10-27,2675,2747.5,2640,2713.75,8488800,22964032500,0,0
2025-10-28,3238.75,3286.25,3062.5,3158.75,41680800,131220245000,0,0
2025-10-29,3175,3418.75,3138.75,3393.75,31979600,106290223500,0,0
2025-10-30,3287.5,3407.5,3257.5,3398.75,24177200,81273810000,0,0
2025-10-31,3577.5,3796.25,3398.75,3653.75,44395200,160121529000,0,0
2025-11-04,3695,3861.25,3496.25,3588.75,106704000,385300606000,0,0
2025-11-05,3308.75,3416.25,3221.25,3375,20245600,67109548000,0,0
2025-11-06,3445,3495,3350,3463.75,10412000,35733367500,0,0
2025-11-07,3270,3310,3128.75,3205,17132400,54775201000,0,0
2025-11-10,3207.5,3262.5,3145,3258.75,10682000,34260529500,0,0
2025-11-11,3333.75,3410,3300,3343.75,11765600,39447280500,0,0
2025-11-12,3285,3443.75,3250,3426.25,9166000,30914594000,0,0
2025-11-13,3402.5,3462.5,3367.5,3405,7166800,24501842000,0,0
2025-11-14,3302.5,3307.5,3116.25,3116.25,10881600,34818574500,0,0
2025-11-17,3188.75,3352.5,3153.75,3316.25,9643600,31645352000,0,0
2025-11-18,3277.5,3282.5,3035,3035,9812000,30448430500,0,0
2025-11-19,3013.75,3043.75,2910,2910,10204800,30222452500,0,0
2025-11-20,3210,3263.75,3110,3133.75,14748400,46974068000,0,0
2025-11-21,2821.25,2900,2792.5,2832.5,12022800,34117220000,0,0
2025-11-25,2922.5,2957.5,2790,2832.5,9582400,27371448500,0,0
2025-11-26,2757.5,2783.75,2625,2726.25,14691600,39573682000,0,0
2025-11-27,2778.75,2903.75,2757.5,2862.5,8399200,24011814000,0,0
2025-11-28,2862.5,2982.5,2818.75,2970,7444400,21780788500,0,0
2025-12-01,2977.5,3035,2826.25,2830,8311200,24156663500,0,0
2025-12-02,2860,2887.5,2790,2792.5,4622800,13081829000,0,0
2025-12-03,2912.5,2956.25,2880,2951.25,7491200,21920717500,0,0
2025-12-04,2938.75,2972.5,2856.25,2972.5,7314400,21486540500,0,0
2025-12-05,2987.5,3227.5,2937.5,3176.25,14627600,45768330500,0,0
2025-12-08,3246.25,3302.5,3115,3185,9384400,30081704500,0,0
2025-12-09,3185,3332.5,3147.5,3232.5,9989200,32524083000,0,0
2025-12-10,3193.75,3265,3133.75,3152.5,7267200,23143011500,0,0
2025-12-11,3150,3203.75,3102.5,3170,6916000,21880370000,0,0
2025-12-12,3212.5,3226.25,3151.25,3188.75,6038400,19282794000,0,0
2025-12-15,3002.5,3108.75,2921.25,2972.5,10232400,30512385000,0,0
2025-12-16,2928.75,2940,2816.25,2843.75,7801600,22333922500,0,0
2025-12-17,2843.75,2935,2843.75,2915,6935600,20112726000,0,0
2025-12-18,2765,2873.75,2757.5,2788.75,6519600,18306522500,0,0
2025-12-19,2863.75,2912.5,2837.5,2912.5,9317200,26979163000,0,0
2025-12-22,3062.5,3090,3013.75,3062.5,7869200,24070067000,0,0
2025-12-23,3025,3143.75,3020,3143.75,6042800,18756727000,0,0
2025-12-24,3166.25,3317.5,3136.25,3317.5,8005600,26011368500,0,0
2025-12-25,3303.75,3332.5,3217.5,3233.75,3931600,12836138500,0,0
2025-12-26,3260,3346.25,3248.75,3310,4364800,14414527000,0,0
2025-12-29,3297.5,3425,3269.5,3313,5526200,18502500300,0,0
2025-12-30,3256,3410,3232.5,3365.5,5688800,19036201500,0,0
2026-01-05,3460,3605,3456.5,3579,11338800,40271854000,0,0
2026-01-06,3592.5,3605,3468.5,3506,8942200,31378659800,0,0
2026-01-07,3474,3689.5,3468.5,3611,11009800,39652093600,0,0
2026-01-08,3600,3647,3425.5,3425.5,7677000,26912509300,0,0
2026-01-09,3409,3430.5,3296,3357,8279200,27714808900,0,0
2026-01-13,3575,3647.5,3519.5,3635,10435000,37643134200,0,0
2026-01-14,3650,3767,3631,3718,8883200,32944835800,0,0
2026-01-15,3705,3778,3640.5,3741,6927400,25575875500,0,0
2026-01-16,3816,3953.5,3674,3917.5,13115600,50386312500,0,0
2026-01-19,3817.5,3953,3797,3915.5,7086800,27503067500,0,0
2026-01-20,3935,4019,3851.5,3966,8149400,32125532500,0,0
2026-01-21,3816,4221.5,3816,4158.5,12413800,50940583800,0,0
2026-01-22,4237.5,4340,4158,4273,11708800,49907198600,0,0
2026-01-23,4102.5,4211.5,4033.5,4142,13539000,55927572800,0,0
2026-01-26,3955,4037,3879,3960.5,10499600,41607798600,0,0
2026-01-27,3960.5,4012.5,3907.5,4000,8292000,32913479800,0,0
2026-01-28,4094,4153.5,4020,4125,9035200,36945995500,0,0
2026-01-29,4275,4280,4029,4128.5,9005400,37411863300,0,0
2026-01-30,4155.5,4193,4026,4114.5,7316200,30239035100,0,0
2026-02-02,3941,4165.5,3851,3865,11092200,44042524200,0,0
2026-02-03,4054.5,4195.5,4040,4195.5,13475400,55618371300,0,0
2026-02-04,3776,3791.5,3452,3600,36454800,131635233300,0,0
2026-02-05,3600,3624.5,3425,3557.5,15209000,53576910100,0,0
2026-02-06,3382.5,3617,3376,3542.5,11399800,39766790400,0,0
2026-02-09,3800,3954,3731.5,3897,18536400,71728161400,0,0
2026-02-10,3915,4086.5,3815.5,3959,11975800,47287840500,0,0
2026-02-12,4155,4302.5,4119,4252,15054200,63442549200,0,0
2026-02-13,4252,4408,4223.5,4320,13513800,58357256100,0,0
2026-02-16,4536,4548.5,4355,4390,11148600,49511041400,0,0
2026-02-17,4419.5,4520,4350.5,4472.5,8790400,39059847900,0,0
2026-02-18,4472.5,4745,4407.5,4667,12739600,58868676800,0,0
2026-02-19,4675,4887.5,4632.5,4819,11236200,53932738800,0,0
2026-02-20,4717.5,4753.5,4551,4578.5,10666600,49439313400,0,0
2026-02-24,4579,4990,4579,4942,13780200,66871533600,0,0
2026-02-25,4817.5,4924,4660,4826,20823000,99958840900,0,0
2026-02-26,4858,4858,4462,4649.5,18227200,84120222900,0,0
2026-02-27,4574.5,4869.5,4565,4768.5,38499200,183200018500,0,0
2026-03-02,4700,4875,4630,4684,12241400,58054540300,0,0
2026-03-03,4675,4708.5,4283.5,4309,12670000,56549404400,0,0
2026-03-04,4220.5,4355,3949.5,3975,16242800,65979519300,0,0
2026-03-05,4045.5,4202,3981.5,4049.5,20895400,85375576800,0,0
2026-03-06,3975,4082.5,3888.5,3940,11368600,45008077800,0,0
2026-03-09,3560.5,3619,3450,3619,16620000,58776162100,0,0
2026-03-10,3844,3975,3830.5,3916.5,11301600,44125838100,0,0
2026-03-11,3991.5,4057,3898.5,3898.5,16836000,66818543500,0,0
2026-03-12,3892.5,3905,3745,3833,11878600,45403448200,0,0
2026-03-13,3726,3957.5,3708.5,3927,10810600,41586000600,0,0
2026-03-16,3927,4111.5,3910,4074.5,12511600,50592440600,0,0
2026-03-17,4174,4308.5,4119.5,4249.5,14451000,61056962800,0,0
2026-03-18,4265.5,4278.5,4094,4240.5,10863400,45665917300,0,0
2026-03-19,4106,4176,4032.5,4134,10781800,44250824100,0,0
2026-03-23,3909,3954.5,3770,3770,10638600,40645562500,0,0
2026-03-24,4031.5,4081.5,3803.5,3917.5,10483200,41245025600,0,0
2026-03-25,4073,4249,4059,4239,10641400,44432354300,0,0
2026-03-26,4250,4319.5,4159,4230,9377400,39816007100,0,0
2026-03-27,4080,4162,3935,4134.5,9571200,38965457000,0,0
2026-03-30,3856,3890.5,3732,3888,10553400,40400398000,0,0
2026-03-31,3650,3872.5,3599.5,3686,12519400,46561855100,0,0
2026-04-01,3947,4044,3910.5,4035,11523200,45850558800,0,0
2026-04-02,4050,4103,3820.5,3887.5,10893400,42955480300,0,0
2026-04-03,4043,4113.5,3976,4105,8173000,33172599400,0,0
2026-04-06,4136.5,4370,4128.5,4277,9976600,42814343100,0,0
2026-04-07,4325,4449,4245,4359,11995600,52218047100,0,0
2026-04-08,4730,4897,4625.5,4897,16768000,80371206300,0,0
2026-04-09,4843.5,4990,4718.5,4905,14423600,70301606100,0,0
2026-04-10,4911,5025,4886,4944,12564600,62363053100,0,0
2026-04-13,4869,4964.5,4626,4693,12682000,60255978000,0,0
2026-04-14,4853.5,4998.5,4836,4957.5,11236000,55577780100,0,0
2026-04-15,5040,5055,4607.5,4690,15183200,72296378500,0,0
2026-04-16,4745,4824,4700.5,4786,8920800,42626678900,0,0
2026-04-17,4734,4734,4614,4617.5,7428000,34542533000,0,0
2026-04-20,4573.5,4812,4534,4787.5,8498400,40221073900,0,0
2026-04-21,4900,5280,4884.5,5280,16218200,83083225700,0,0
2026-04-22,5250,5600,5197.5,5600,15192400,82599284000,0,0
2026-04-23,5655,5757.5,5435,5567.5,12833400,72088848000,0,0
2026-04-24,6167.5,6415,6045,6270,22157200,138450051000,0,0
2026-04-27,6420,6565,6100,6335,18249600,115603748500,0,0
2026-04-28,6350,6490,6177.5,6280,11627800,73372560000,0,0
2026-04-30,6602.5,6935,6535,6740,16869600,112965790500,0,0
2026-05-01,6622.5,6820,6517.5,6687.5,10201200,67971351500,0,0
2026-05-07,7580,8187.5,7402.5,8187.5,23173600,183823781000,1,0
2026-05-08,7787.5,7802.5,7410,7757.5,21369400,162472200000,0,0
2026-05-11,8000,8040,7600,7827.5,17088400,133677783500,0,0
2026-05-12,7850,9182.5,7617.5,8275,44586200,379715237000,0,0
2026-05-13,7940,8635,7932.5,8530,17374200,146582439000,0,0
2026-05-14,8445,9000,8312.5,8480,17947400,155908616500,0,0
2026-05-18,7775,7855,7485,7817.5,13520600,103945925000,0,0
2026-05-19,7650,8065,7502.5,7660,13371400,103162395000,0,0
2026-05-20,7515,7832.5,7325,7820,13725600,105179606000,0,0
2026-05-21,8600,9112.5,8487.5,8937.5,18249800,161314045500,0,0
2026-05-22,9002.5,9670,8980,9625,17381000,163598664500,0,0
2026-05-25,9825,10637.5,9767.5,10465,15256400,158388466500,0,0
2026-05-26,10250,11165,10205,10482.5,16166600,172664177500,0,0
2026-05-27,10627.5,10805,10055,10212.5,14980800,153968038500,0,0
2026-05-28,9962.5,10422.5,9567.5,9870,16774200,167822490000,0,0
2026-05-29,10000,11500,9752.5,11500,20328200,218903497500,0,0
2026-06-01,11462.5,11572.5,10775,10897.5,20153200,224400947500,0,0
2026-06-02,10897.5,11335,10132.5,10567.5,16169600,171528239500,0,0
2026-06-03,10725,11215,10562.5,10970,13756600,151060663000,0,0
2026-06-04,10720,10932.5,9982.5,10077.5,12635600,129252051500,0,0
2026-06-05,9255,9582.5,8975,9380,16331000,152285131500,0,0
2026-06-08,8400,8775,8060,8530,15415600,131751407500,0,0
2026-06-09,8730,9335,8630,9297.5,19172600,172028783000,0,0
2026-06-10,8897.5,9187.5,8555,8700,16223000,143895107500,0,0
2026-06-11,8260,9205,8252.5,9105,16895600,150991758000,0,0
2026-06-12,9885,10025,9452.5,9552.5,19100800,185936248500,0,0
2026-06-15,10402.5,11400,10282.5,11375,19633200,216464399500,0,0
2026-06-16,11300,11820,11125,11222.5,18679000,212975615500,0,0
2026-06-17,10972.5,12040,10930,12000,18116200,210839282000,0,0
2026-06-18,12240,13195,11925,12857.5,22983400,294744389500,0,0
2026-06-19,13502.5,13510,12272.5,12280,22397600,285470102500,0,0
2026-06-22,12167.5,13642.5,12102.5,13212.5,21411600,281071419000,0,0
2026-06-23,13250,13475,12187.5,12192.5,20186400,259219408000,0,0
2026-06-24,12050,13005,11930,12392.5,21339800,265790694000,0,0
2026-06-25,12902.5,13300,12312.5,13185,17134000,220135559500,0,0
2026-06-26,12685,13402.5,11987.5,12000,20716800,259856907500,0,0
2026-06-29,12000,12035,11027.5,11850,20583600,239325046000,0,0
2026-06-30,12100,12277.5,11657.5,11907.5,14984200,179865947000,0,0
2026-07-01,13000,13740,12562.5,12892.5,23206200,305316734500,0,0
2026-07-02,12027.5,12192.5,11477.5,11710,15442800,183465657000,0,0
2026-07-03,10960,11772.5,10450,11672.5,17446800,194509376500,0,0
2026-07-06,11675,11797.5,10457.5,10695,13448600,147311655000,0,0
2026-07-07,10590,10810,9835,9947.5,15485000,157836366500,0,0
2026-07-08,9547.5,10242.5,9317.5,9550,17900200,175144661000,0,0
2026-07-09,9950,10257.5,9590,9760,15785400,156353645500,0,0
2026-07-10,10102.5,10335,9972.5,10150,12595600,127903811000,0,0
2026-07-13,9942.5,10232.5,9072.5,9345,15334600,145802014000,0,0
2026-07-14,9145,9342.5,8515,8990,20797800,185514504500,0,0
2026-07-15,9035,9727.5,8902.5,9670,17315000,164316688500,0,0
2026-07-16,9400,9407.5,8667.5,8702.5,15167000,134179653000,0,0
2026-07-17,8302.5,8395,7430,7842.5,24206600,188708058000,0,0
2026-07-21,8235,8707.5,7965,8707.5,18348400,153401910000,0,0
2026-07-22,9907.5,9910,8982.5,9125,20581200,192847374000,0,0
2026-07-23,9325,9325,8895,9037.5,14206400,128877218000,0,0
2026-07-24,9000,9385,8412.5,8685,18985200,166883051000,0,0
2026-07-27,8660,8747.5,8210,8350,14046600,117275700500,0,0
2026-07-28,7700,7795,7235,7427.5,15770000,118052060500,0,0
2026-07-29,7577.5,7670,6490,6735,18780400,131422943500,0,0
2026-07-30,6737.5,7350,6547.5,6825,20004200,140061844000,0,0
2026-07-31,8325,8325,8325,8325,2127400,17710605000,1,0
2026-08-03,7925,8147.5,7582.5,7767.5,16211200,127851628500,0,0
2026-08-04,8000,8285,7867.5,8165,20208000,163725955000,0,0
2026-08-05,9965,10165,9577.5,10165,18021800,179938875000,1,0
2026-08-06,9990,10150,9207.5,9505,25369600,242972386000,0,0
2026-08-07,9747.5,10047.5,9075,9555,19113400,181510586000,0,0
2026-08-10,9510,10535,9447.5,9940,20107200,202881500500,0,0
2026-08-12,10000,10400,9880,10240,15900200,161354130000,0,0
2026-08-13,10525,11257.5,10475,10780,21590200,238103243500,0,0
2026-08-14,11250,11250,10215,10392.5,18188600,191850064000,0,0
2026-08-17,10392.5,10805,10230,10790,13624000,143524967500,0,0
2026-08-18,10950,11165,10377.5,10437.5,14825000,159203743000,0,0
2026-08-19,9737.5,10272.5,9675,9857.5,17401000,172991856000,0,0
2026-08-20,9672.5,9787.5,9315,9575,14303800,136837810500,0,0
2026-08-21,9375,9835,9337.5,9595,11452000,110101786000,0,0
2026-08-24,9467.5,9662.5,9205,9397.5,12204600,114974900000,0,0
2026-08-25,9197.5,9990,9097.5,9990,14205800,137027921000,0,0
2026-08-26,9710,10070,9595,10040,12517600,123757262500,0,0
2026-08-27,10500,10705,9815,10272.5,18197400,186258082500,0,0
2026-08-28,10275,10427.5,10020,10087.5,12736000,130503530000,0,0
2026-08-31,9437.5,10237.5,9410,10227.5,12428400,122724196000,0,0
2026-09-01,10067.5,10470,9910,10272.5,13148400,134205064000,0,0
2026-09-02,9992.5,10192.5,9742.5,10102.5,12812400,128625878500,0,0
2026-09-03,10152.5,10287.5,9635,9860,17751800,175522564500,0,0
2026-09-04,9925,10250,9692.5,10237.5,15881200,158726941500,0,0
2026-09-07,10725,11100,10465,11100,19039600,207477765000,0,0
2026-09-08,11000,11055,10362.5,10405,16992000,183150287500,0,0
2026-09-09,10602.5,11185,10472.5,10710,23194400,250799754000,0,0
2026-09-10,10515,10640,10140,10340,16423200,168879615000,0,0
2026-09-11,9800,9940,9450,9780,16918000,164049815000,0,0
2026-09-14,8802.5,9580,8607.5,9570,17224800,158517836000,0,0
2026-09-15,9370,9830,9360,9557.5,14214000,136577626000,0,0
2026-09-16,9442.5,9557.5,9177.5,9475,13165000,123372539000,0,0
2026-09-17,9675,9722.5,9060,9237.5,17326200,160488118000,0,0
2026-09-18,9437.5,9832.5,9375,9777.5,19601800,189385844000,0,0
2026-09-24,10677.5,11467.5,10625,11202.5,24799400,277348319500,0,0
2026-09-25,11240,11880,11152.5,11672.5,22917000,267298794500,0,0
2026-09-28,11650,11752.5,11020,11155,17080800,192360638000,0,0
2026-09-29,11030,11195,10750,11020,7653400,83613730500,0,0
2026-09-30,11280,11280,10790,11030,9789200,107664431000,0,0
2026-10-01,11200,12115,11175,11995,12659600,148706368000,0,0
2026-10-02,11995,12270,11625,12100,11475100,137539940500,0,0
2026-10-05,12400,12580,11945,12265,13985600,172575444000,0,0
