Date,Open,High,Low,Close,Volume,TradingValue,UpLimit,UnderLimit
2016-02-05,493.5,495,481,486,29000,,,
2016-02-08,486,491,484.5,487,41000,,,
2016-02-09,482,485.5,470,471,27500,,,
2016-02-10,471,475.5,466,470.5,42500,,,
2016-02-12,450,450,432,432,21000,,,
2016-02-15,452,459,447.5,458,34000,,,
2016-02-16,450.5,459.5,449.5,449.5,21500,,,
2016-02-17,449.5,452.5,431.5,441,38500,,,
2016-02-18,452.5,459,449,452.5,47000,,,
2016-02-19,446,446,438.5,443,18500,,,
2016-02-22,436.5,438.5,432,434.5,14500,,,
2016-02-23,435,435,425,425,28500,,,
2016-02-24,420,424,416,416,28500,,,
2016-02-25,420.5,425.5,418,420.5,28000,,,
2016-02-26,414,420.5,410,412,67000,,,
2016-02-29,412,420.5,408,408.5,57000,,,
2016-03-01,404,405.5,398,400,84500,,,
2016-03-02,412.5,423.5,410.5,420.5,53000,,,
2016-03-03,417,431.5,417,428.5,43500,,,
2016-03-04,421,446,421,445,69000,,,
2016-03-07,452.5,452.5,445.5,449,34500,,,
2016-03-08,452,452.5,440,442.5,78000,,,
2016-03-09,444,446.5,430,446.5,27000,,,
2016-03-10,446.5,455.5,441,452.5,26000,,,
2016-03-11,456,462,451.5,457,37500,,,
2016-03-14,466,475,464.5,467,24000,,,
2016-03-15,465,474.5,463,467.5,17500,,,
2016-03-16,467.5,468.5,463,464,22500,,,
2016-03-17,464,473,464,469.5,12000,,,
2016-03-18,477,480,466,475,74500,,,
2016-03-22,476,487,473,487,32000,,,
2016-03-23,492,495,486.5,488,65000,,,
2016-03-24,488,489.5,483.5,486,33000,,,
2016-03-25,493.5,495,479.5,481.5,95500,,,
2016-03-28,489.5,490.5,477.5,482.5,89500,,,
2016-03-29,483,488,475.5,488,78500,,,
2016-03-30,489.5,497.5,488,495,29500,,,
2016-03-31,493.5,502.5,484.5,488,97000,,,
2016-04-01,495.5,495.5,459.5,460.5,85500,,,
2016-04-04,468,472,462.5,467,22000,,,
2016-04-05,467,467.5,451,452,22500,,,
2016-04-06,457,458,448.5,450,13000,,,
2016-04-07,450,459,450,453,17000,,,
2016-04-08,458,458,441.5,446.5,25500,,,
2016-04-11,441,444.5,437,443.5,17000,,,
2016-04-12,442,462.5,440,461.5,27000,,,
2016-04-13,459.5,468,459.5,462.5,25000,,,
2016-04-14,462.5,474,459.5,474,65000,,,
2016-04-15,467,475,467,475,22500,,,
2016-04-18,468.5,468.5,461,462.5,22500,,,
2016-04-19,470,472,463.5,471.5,25500,,,
2016-04-20,469,474,466.5,468.5,54500,,,
2016-04-21,470.5,484,470,484,31500,,,
2016-04-22,490.5,492,485,486.5,86000,,,
2016-04-25,494,498,485,489.5,43000,,,
2016-04-26,485,487.5,460.5,464.5,130500,,,
2016-04-27,459,467,446.5,459,86000,,,
2016-04-28,457.5,474,446.5,449.5,64000,,,
2016-05-02,435.5,441,421,423,49000,,,
2016-05-06,428,428.5,414.5,416.5,33000,,,
2016-05-09,414.5,415,405.5,412.5,43000,,,
2016-05-10,411.5,429,411,425,33500,,,
2016-05-11,432,432,417.5,426,24000,,,
2016-05-12,426,429,411.5,428.5,64000,,,
2016-05-13,425,425.5,419,425,25000,,,
2016-05-16,420,429,419.5,428.5,24500,,,
2016-05-17,428.5,432.5,424,432,20500,,,
2016-05-18,432.5,435.5,423.5,426,22500,,,
2016-05-19,426.5,428,426,426,11500,,,
2016-05-20,423.5,426,423.5,426,4500,,,
2016-05-23,426.5,426.5,420.5,425.5,14000,,,
2016-05-24,422,428.5,421,428.5,19500,,,
2016-05-25,428.5,435.5,428.5,430,20000,,,
2016-05-26,430.5,435.5,430.5,433,31000,,,
2016-05-27,433.5,444.5,433.5,437,40000,,,
2016-05-30,437.5,443,437.5,439.5,9000,,,
2016-05-31,435.5,447.5,435.5,447.5,20500,,,
2016-06-01,445,445,435.5,435.5,10500,,,
2016-06-02,436.5,436.5,422.5,424,14500,,,
2016-06-03,424.5,433,424.5,430,8500,,,
2016-06-06,423,429,419,421.5,23000,,,
2016-06-07,423,430,422,425.5,8500,,,
2016-06-08,425.5,432.5,425.5,427.5,9500,,,
2016-06-09,426,429.5,421.5,429,14500,,,
2016-06-10,424.5,430,423,429.5,30000,,,
2016-06-13,428.5,428.5,413,413,26000,,,
2016-06-14,411,411.5,399.5,404,26000,,,
2016-06-15,409,409,402.5,406,12500,,,
2016-06-16,408.5,408.5,403,406,13000,,,
2016-06-17,407.5,419,406,414,56000,,,
2016-06-20,436.5,439,423.5,426.5,56000,,,
2016-06-21,421.5,421.5,414,418.5,22500,,,
2016-06-22,416.5,418,412,417.5,14500,,,
2016-06-23,421.5,425,418,424.5,26500,,,
2016-06-24,423.5,425.5,387.5,392,20000,,,
2016-06-27,403,403.5,399,399,16000,,,
2016-06-28,396,402.5,392,399.5,19000,,,
2016-06-29,402,402,392.5,398,14000,,,
2016-06-30,401.5,402.5,398.5,400,6000,,,
2016-07-01,405,410.5,405,409,11500,,,
2016-07-04,409,412,408,409.5,9500,,,
2016-07-05,406,408.5,401.5,405.5,16500,,,
2016-07-06,401,401.5,394,401.5,16000,,,
2016-07-07,397.5,398,392,394,8500,,,
2016-07-08,400,400,382.5,382.5,13500,,,
2016-07-11,387.5,397.5,387.5,396,10500,,,
2016-07-12,398,413,397.5,407.5,20500,,,
2016-07-13,413,424,412,422.5,23000,,,
2016-07-14,425,434.5,425,430,15500,,,
2016-07-15,430,433.5,427,433.5,16000,,,
2016-07-19,435.5,441.5,435,438.5,18000,,,
2016-07-20,439.5,445,439.5,445,13000,,,
2016-07-21,447,448.5,446,446.5,8000,,,
2016-07-22,444.5,450,444.5,450,6500,,,
2016-07-25,457.5,457.5,450,457.5,17500,,,
2016-07-26,457.5,470.5,457.5,465.5,21500,,,
2016-07-27,466,490,466,486,26000,,,
2016-07-28,478.5,485.5,469,471.5,25500,,,
2016-07-29,479,479,464,469,11000,,,
2016-08-01,455.5,459.5,441.5,452,28000,,,
2016-08-02,446,452.5,446,452,7000,,,
2016-08-03,441,452,441,446,14000,,,
2016-08-04,453.5,457,452.5,453.5,8000,,,
2016-08-05,453.5,453.5,445,445,8000,,,
2016-08-08,452.5,460,452.5,459,7500,,,
2016-08-09,458,459,454.5,457.5,13000,,,
2016-08-10,453,459.5,447.5,459,6000,,,
2016-08-12,460,466.5,458.5,461.5,14000,,,
2016-08-15,464,464,459,459.5,9000,,,
2016-08-16,456.5,462.5,451,451,18000,,,
2016-08-17,450.5,452,446.5,451,13000,,,
2016-08-18,449.5,452.5,445.5,447,25000,,,
2016-08-19,447.5,457.5,447.5,451,7000,,,
2016-08-22,448,451,445,450,12000,,,
2016-08-23,453,453,446.5,447,13000,,,
2016-08-24,447,453,446.5,451.5,8500,,,
2016-08-25,451.5,458,451.5,456,11500,,,
2016-08-26,456,457.5,452,452.5,4500,,,
2016-08-29,465,467.5,457.5,467.5,9000,,,
2016-08-30,462.5,462.5,456.5,459.5,2500,,,
2016-08-31,459.5,472.5,459.5,472.5,19500,,,
2016-09-01,465,465,457.5,461,18000,,,
2016-09-02,456.5,461,456,460.5,11500,,,
2016-09-05,461,474,461,471,20000,,,
2016-09-06,472.5,475,470.5,472,8500,,,
2016-09-07,467.5,470.5,458.5,469.5,26500,,,
2016-09-08,469.5,473,464,473,13500,,,
2016-09-09,473,473,466.5,469,13000,,,
2016-09-12,469,469,465,465,5000,,,
2016-09-13,467.5,470,463.5,466.5,6500,,,
2016-09-14,463.5,469.5,461.5,464,8500,,,
2016-09-15,459,463,458,459,8500,,,
2016-09-16,460.5,461.5,458.5,458.5,16500,,,
2016-09-20,460.5,462.5,456,458,23000,,,
2016-09-21,458.5,462,458.5,462,19000,,,
2016-09-23,468,477.5,468,477.5,19000,,,
2016-09-26,481.5,481.5,470.5,473,9500,,,
2016-09-27,469.5,474.5,461.5,470.5,34500,,,
2016-09-28,467.5,473.5,463.5,466.5,11000,,,
2016-09-29,472,472.5,465,467,9500,,,
2016-09-30,461,463.5,455.5,458.5,11000,,,
2016-10-03,464,465,460.5,465,4500,,,
2016-10-04,468.5,469.5,466.5,468,17000,,,
2016-10-05,467.5,475,467.5,475,8500,,,
2016-10-06,477.5,480,473,475.5,12500,,,
2016-10-07,477,479,472,479,13500,,,
2016-10-11,479,482,472.5,481,7500,,,
2016-10-12,479,479,467.5,472,51000,,,
2016-10-13,470,474,468.5,470,9500,,,
2016-10-14,464.5,474.5,464.5,472.5,10500,,,
2016-10-17,472.5,476.5,468.5,476.5,7500,,,
2016-10-18,480,485,480,481.5,27500,,,
2016-10-19,480,481,479.5,479.5,4500,,,
2016-10-20,479.5,482.5,477.5,482,6500,,,
2016-10-21,480.5,485,480.5,484.5,4000,,,
2016-10-24,489.5,490,487,489.5,13500,,,
2016-10-25,487,490,487,489,20000,,,
2016-10-26,483.5,489,477.5,485.5,14500,,,
2016-10-27,487.5,489,477.5,487.5,11500,,,
2016-10-28,489,494.5,483,494.5,22000,,,
2016-10-31,497,504,497,503,18500,,,
2016-11-01,509.5,509.5,496.5,500.5,13500,,,
2016-11-02,500,500,484.5,485.5,15000,,,
2016-11-04,480.5,483.5,474,480.5,15000,,,
2016-11-07,483.5,483.5,476,482,11500,,,
2016-11-08,489.5,489.5,479,480.5,2500,,,
2016-11-09,478,481.5,458,458,14000,,,
2016-11-10,475.5,490.5,468,486,13500,,,
2016-11-11,495,499,492.5,494,15500,,,
2016-11-14,502.5,505,486,488.5,28500,,,
2016-11-15,485,494.5,481.5,494.5,28000,,,
2016-11-16,494,494,490,493,20000,,,
2016-11-17,492.5,497.5,491.5,496.5,32000,,,
2016-11-18,504,504,493,496.5,27000,,,
2016-11-21,496.5,499.5,491.5,495,17500,,,
2016-11-22,495.5,502.5,495.5,498.5,20000,,,
2016-11-24,501.5,502.5,495.5,498.5,14500,,,
2016-11-25,503.5,505,496,501,31000,,,
2016-11-28,493.5,502,493.5,502,7000,,,
2016-11-29,495,501,494.5,496.5,15000,,,
2016-11-30,501.5,501.5,496.5,500.5,13000,,,
2016-12-01,498,500.5,498,499.5,11500,,,
2016-12-02,498,500,496,497.5,6500,,,
2016-12-05,500,500,496.5,499,12000,,,
2016-12-06,501.5,502.5,495,495,18000,,,
2016-12-07,496,500.5,496,499,8500,,,
2016-12-08,503,505,500.5,505,16500,,,
2016-12-09,502.5,507,502.5,507,36000,,,
2016-12-12,510.5,512.5,507,512.5,20500,,,
2016-12-13,512.5,522,508.5,522,28000,,,
2016-12-14,519.5,520,515,516.5,23000,,,
2016-12-15,516,522,515.5,519.5,16500,,,
2016-12-16,524.5,536.5,523,536,34000,,,
2016-12-19,536,538.5,522.5,527.5,42500,,,
2016-12-20,532,532,523.5,527,11500,,,
2016-12-21,524.5,524.5,518,520,21500,,,
2016-12-22,522.5,524,514,524,23000,,,
2016-12-26,521.5,529,521.5,526.5,31000,,,
2016-12-27,526.5,530,516,529,11000,,,
2016-12-28,526,531.5,526,528.5,10500,,,
2016-12-29,524.5,530,524.5,530,13500,,,
2016-12-30,530,531,526.5,531,24000,,,
2017-01-04,527.5,558,527.5,558,20500,,,
2017-01-05,557,557,548,551.5,22500,,,
2017-01-06,541.5,545,540,541,17000,,,
2017-01-10,542.5,543.5,537,542.5,22000,,,
2017-01-11,542.5,547,540.5,546,21000,,,
2017-01-12,540,542.5,539.5,540.5,14000,,,
2017-01-13,536,539,534,537.5,17500,,,
2017-01-16,541,542.5,536,542,14500,,,
2017-01-17,546.5,547,530,530,36000,,,
2017-01-18,532,532,525,529.5,14000,,,
2017-01-19,530,538.5,530,538,8500,,,
2017-01-20,538,547.5,533,547.5,12000,,,
2017-01-23,546,546,543.5,544.5,9000,,,
2017-01-24,544.5,550,539.5,550,35000,,,
2017-01-25,550,552.5,543.5,548.5,18500,,,
2017-01-26,550,556,545,550,23000,,,
2017-01-27,555,555,548.5,548.5,20000,,,
2017-01-30,542.5,545.5,540.5,542,14000,,,
2017-01-31,537.5,558,537.5,556.5,22500,,,
2017-02-01,548.5,574,548.5,566,18000,,,
2017-02-02,566,570,554,558,21500,,,
2017-02-03,558,566,557.5,561,24500,,,
2017-02-06,566,566,557.5,558.5,18000,,,
2017-02-07,559,559,545.5,549,9500,,,
2017-02-08,550.5,554.5,549.5,553.5,13500,,,
2017-02-09,556,556,548.5,555.5,17000,,,
2017-02-10,556,565,554,563.5,26500,,,
2017-02-13,563.5,568.5,561.5,568.5,15000,,,
2017-02-14,570,573.5,567,569.5,19500,,,
2017-02-15,574,584,574,582,26500,,,
2017-02-16,587.5,608,587.5,604.5,40000,,,
2017-02-17,607.5,607.5,592,592,25500,,,
2017-02-20,592,595.5,591,592.5,15500,,,
2017-02-21,585.5,595.5,585.5,595.5,12000,,,
2017-02-22,599.5,599.5,594,597.5,21000,,,
2017-02-23,594.5,596,588,591.5,19000,,,
2017-02-24,587.5,589,586,588.5,18500,,,
2017-02-27,585,587.5,578.5,579,23000,,,
2017-02-28,586,589,580.5,588.5,46500,,,
2017-03-01,588.5,590,586,589,17000,,,
2017-03-02,598,598,588.5,594,24000,,,
2017-03-03,588,590,583,584,18500,,,
2017-03-06,580,585,579.5,583.5,27500,,,
2017-03-07,582,582,568,576,21500,,,
2017-03-08,591,595.5,577.5,579.5,34500,,,
2017-03-09,577.5,588.5,573,584,35000,,,
2017-03-10,594.5,596.5,590,595.5,42000,,,
2017-03-13,596.5,603,593.5,603,38500,,,
2017-03-14,606.5,606.5,594.5,596,34000,,,
2017-03-15,596.5,598,592.5,595,39000,,,
2017-03-16,595,604.5,589,598.5,33000,,,
2017-03-17,598.5,616.5,596.5,616.5,63000,,,
2017-03-21,612,626.5,612,626.5,43000,,,
2017-03-22,616.5,634.5,616.5,616.5,59000,,,
2017-03-23,619,621,615,619.5,11500,,,
2017-03-24,619.5,637.5,612.5,637,29500,,,
2017-03-27,635,639.5,626.5,627,28000,,,
2017-03-28,629.5,641,629.5,638,61000,,,
2017-03-29,640,640,623,631.5,21000,,,
2017-03-30,631.5,633.5,615.5,624,23000,,,
2017-03-31,621.5,627.5,600.5,600.5,35500,,,
2017-04-03,596.5,623,596.5,609.5,43500,,,
2017-04-04,616,622,608.5,622,28000,,,
2017-04-05,612.5,622,607.5,607.5,11000,,,
2017-04-06,595.5,613.5,590,591.5,34500,,,
2017-04-07,592.5,603.5,592.5,596,25500,,,
2017-04-10,592.5,602,591.5,598.5,28500,,,
2017-04-11,600,600,583,586,16500,,,
2017-04-12,581,585,581,583.5,20500,,,
2017-04-13,584,584,571.5,572,42000,,,
2017-04-14,571.5,571.5,560,564.5,32500,,,
2017-04-17,564.5,576.5,561,575.5,21000,,,
2017-04-18,611,615,592,596.5,58000,,,
2017-04-19,596.5,608.5,589.5,602.5,40000,,,
2017-04-20,602.5,606.5,591,603,37500,,,
2017-04-21,603,605,599,604.5,7500,,,
2017-04-24,619.5,628.5,615,626,40500,,,
2017-04-25,629.5,634,627,630.5,30000,,,
2017-04-26,635,645,633.5,645,31000,,,
2017-04-27,636,640,634.5,635.5,25500,,,
2017-04-28,641,641,637,637.5,9500,,,
2017-05-01,637,664.5,624,664,61000,,,
2017-05-02,664,672.5,651.5,672,53000,,,
2017-05-08,675,719,670.5,712,109500,,,
2017-05-09,715,723,712,717,62000,,,
2017-05-10,717,723,712.5,723,44500,,,
2017-05-11,727.5,747.5,716.5,736,94000,,,
2017-05-12,729,732,719.5,727,50000,,,
2017-05-15,733.5,733.5,682.5,686.5,45000,,,
2017-05-16,686,693.5,673,687,38000,,,
2017-05-17,687,692.5,673.5,685.5,21000,,,
2017-05-18,677.5,685,670.5,673,31500,,,
2017-05-19,675,705,675,687,27000,,,
2017-05-22,688,703.5,686.5,688,17000,,,
2017-05-23,692.5,696.5,677.5,687.5,58000,,,
2017-05-24,687.5,695,680,685,33000,,,
2017-05-25,690,690,678.5,678.5,18500,,,
2017-05-26,685,685,670,670.5,19000,,,
2017-05-29,670.5,679,667.5,669.5,20000,,,
2017-05-30,667.5,673,665,673,16500,,,
2017-05-31,673.5,674,661.5,666.5,41500,,,
2017-06-01,666.5,684.5,666.5,674.5,21500,,,
2017-06-02,680,700,680,694,40500,,,
2017-06-05,684,692.5,682.5,690,22000,,,
2017-06-06,697.5,697.5,676.5,682,36000,,,
2017-06-07,684.5,687.5,673.5,677,38000,,,
2017-06-08,677,677,665,667.5,32000,,,
2017-06-09,666.5,669.5,657.5,664.5,41000,,,
2017-06-12,668.5,676,665,668,24000,,,
2017-06-13,672.5,682.5,670.5,672,17000,,,
2017-06-14,673,684,673,679,13000,,,
2017-06-15,685,689.5,675,677.5,17000,,,
2017-06-16,684,684,651,651,56500,,,
2017-06-19,660,675,659.5,674,42000,,,
2017-06-20,675.5,684,674,678.5,31500,,,
2017-06-21,678.5,678.5,673,678,37500,,,
2017-06-22,677.5,677.5,672.5,674,18000,,,
2017-06-23,674,680,673.5,678.5,22000,,,
2017-06-26,686,690.5,680,690,18500,,,
2017-06-27,687.5,697.5,686,696,32000,,,
2017-06-28,700,700,685.5,688.5,20500,,,
2017-06-29,693.5,693.5,686.5,688.5,16000,,,
2017-06-30,688.5,690,680.5,690,12500,,,
2017-07-03,681.5,684,673.5,673.5,18500,,,
2017-07-04,677,680,667.5,674.5,23000,,,
2017-07-05,668.5,674.5,664,673.5,16500,,,
2017-07-06,671,674.5,670.5,672.5,19500,,,
2017-07-07,662,671,660,670,31500,,,
2017-07-10,672,673.5,667,671.5,17000,,,
2017-07-11,667.5,684,667.5,682.5,22000,,,
2017-07-12,682.5,684,679.5,681.5,9000,,,
2017-07-13,681.5,686,676,678.5,20500,,,
2017-07-14,675,690.5,675,689,14000,,,
2017-07-18,688.5,705.5,683,700.5,44000,,,
2017-07-19,705,712,700.5,703,26000,,,
2017-07-20,703,713.5,703,713.5,10000,,,
2017-07-21,708.5,715,708,715,19500,,,
2017-07-24,711,714,707.5,714,17000,,,
2017-07-25,714,714,703,703,18000,,,
2017-07-26,711.5,712,702,706,30500,,,
2017-07-27,727,792.5,727,733,99000,,,
2017-07-28,748,765,719.5,725.5,79000,,,
2017-07-31,725.5,725.5,687,704.5,56500,,,
2017-08-01,713.5,715,693.5,713.5,41500,,,
2017-08-02,722.5,722.5,716.5,716.5,2000,,,
2017-08-03,714.5,718,711.5,716,10500,,,
2017-08-04,720,730,720,730,10000,,,
2017-08-07,734.5,736.5,723.5,736.5,13000,,,
2017-08-08,739.5,744,727,730.5,28500,,,
2017-08-09,736.5,736.5,704.5,706.5,35500,,,
2017-08-10,712.5,715.5,706,712.5,19000,,,
2017-08-14,712,715.5,701.5,709.5,32000,,,
2017-08-15,720,744,713.5,744,25500,,,
2017-08-16,737.5,737.5,715.5,717,15500,,,
2017-08-17,720,736,718.5,729,22000,,,
2017-08-18,731.5,750,725,736.5,63500,,,
2017-08-21,736.5,738,727,734,17000,,,
2017-08-22,729,734,725.5,730,11000,,,
2017-08-23,734.5,734.5,719,721.5,15500,,,
2017-08-24,728.5,735,720,735,16000,,,
2017-08-25,742,742,721.5,724,13500,,,
2017-08-28,721.5,743,721.5,743,13500,,,
2017-08-29,734,741,725,729.5,11500,,,
2017-08-30,729.5,734.5,723,734.5,12500,,,
2017-08-31,735.5,741.5,730,741,30500,,,
2017-09-01,734,738,734,734.5,3000,,,
2017-09-04,738,741,734,734.5,9500,,,
2017-09-05,734.5,740,728,732.5,19500,,,
2017-09-06,733,733,723.5,730.5,27500,,,
2017-09-07,730.5,749,730.5,749,16500,,,
2017-09-08,734,749,734,748.5,24000,,,
2017-09-11,752.5,764.5,750.5,762,19000,,,
2017-09-12,772,772,756.5,761,23000,,,
2017-09-13,756.5,775,755,766,25000,,,
2017-09-14,766,772.5,764,769.5,16000,,,
2017-09-15,770,815,770,814.5,51000,,,
2017-09-19,815,823.5,815,817.5,30500,,,
2017-09-20,817.5,817.5,795.5,799,33000,,,
2017-09-21,799,811,796,811,28500,,,
2017-09-22,811,811,796.5,806,19000,,,
2017-09-25,811,811,776,801,30000,,,
2017-09-26,788.5,810.5,788.5,810.5,19000,,,
2017-09-27,809.5,816.5,803.5,816.5,29500,,,
2017-09-28,813.5,830,813,826,34500,,,
2017-09-29,821,851,821,851,72000,,,
2017-10-02,840.5,871,840.5,849.5,48250,,,
2017-10-03,860,860,838,841.5,14150,,,
2017-10-04,837.5,843,832.5,835.5,11100,,,
2017-10-05,825.5,833,822.5,827.5,13900,,,
2017-10-06,850,853,831,837,27350,,,
2017-10-10,860,877,852.5,877,44850,,,
2017-10-11,875,875,858.5,859.5,18950,,,
2017-10-12,866.5,870,849.5,852.5,17950,,,
2017-10-13,848.5,865.5,843,862,19350,,,
2017-10-16,896,907,878,894.5,60750,,,
2017-10-17,885.5,894,874,889.5,25950,,,
2017-10-18,879.5,894.5,870.5,893.5,35400,,,
2017-10-19,893.5,893.5,881,889.5,22350,,,
2017-10-20,887.5,887.5,859.5,874.5,57250,,,
2017-10-23,875,895,870,893.5,54350,,,
2017-10-24,893,906.5,887.5,902.5,57850,,,
2017-10-25,910,918,901,903.5,37050,,,
2017-10-26,852,924.5,833.5,900,97000,,,
2017-10-27,908,965.5,906,956.5,73450,,,
2017-10-30,945,969.5,942.5,967,53700,,,
2017-10-31,959.5,964.5,941.5,943,24150,,,
2017-11-01,963.5,963.5,951,957.5,21800,,,
2017-11-02,960,969.5,946.5,953.5,33350,,,
2017-11-06,955.5,955.5,928,936.5,20100,,,
2017-11-07,923.5,940,911.5,932,19300,,,
2017-11-08,926,952.5,923,943,20350,,,
2017-11-09,946.5,971,931,948,43400,,,
2017-11-10,912.5,943,912.5,921.5,27650,,,
2017-11-13,918,927.5,916.5,922,23400,,,
2017-11-14,926,937.5,919,921,34200,,,
2017-11-15,911.5,928,897,900,65950,,,
2017-11-16,897,919,897,914.5,44800,,,
2017-11-17,923.5,928,900.5,903.5,63750,,,
2017-11-20,900,922,900,916.5,15750,,,
2017-11-21,927.5,937,918.5,920,18100,,,
2017-11-22,925.5,936,913,913.5,52250,,,
2017-11-24,910.5,920.5,905.5,918,14900,,,
2017-11-27,922,923.5,900,904,24950,,,
2017-11-28,910,910,892,898.5,12050,,,
2017-11-29,910.5,912,898.5,911.5,26150,,,
2017-11-30,911,926,902,920.5,45250,,,
2017-12-01,919.5,929,898,904,27950,,,
2017-12-04,902.5,910.5,886.5,886.5,23800,,,
2017-12-05,870.5,891.5,865,886,36450,,,
2017-12-06,882.5,890,864.5,866,31000,,,
2017-12-07,871.5,888,871.5,886,17250,,,
2017-12-08,876,898.5,876,896.5,31300,,,
2017-12-11,901.5,907,879,892,22950,,,
2017-12-12,895,895,878.5,884.5,10400,,,
2017-12-13,884.5,888,862.5,866.5,13050,,,
2017-12-14,869.5,876.5,868.5,873,13900,,,
2017-12-15,873,882,864.5,877.5,21000,,,
2017-12-18,892.5,904,881.5,899.5,41000,,,
2017-12-19,903.5,914,892.5,894.5,11800,,,
2017-12-20,891,901,891,898,8600,,,
2017-12-21,903,907,895.5,903,11150,,,
2017-12-22,903.5,905,890.5,899,14050,,,
2017-12-25,900,906.5,896.5,901,16400,,,
2017-12-26,901.5,908,890.5,893.5,10250,,,
2017-12-27,893,918.5,892,918.5,12950,,,
2017-12-28,913,915.5,900,902.5,4150,,,
2017-12-29,902.5,915,895.5,913.5,7700,,,
2018-01-04,921,942,920,939.5,13200,,,
2018-01-05,940,948,933,947,19250,,,
2018-01-09,967,970,943,947,23050,,,
2018-01-10,947,951.5,936.5,942,6650,,,
2018-01-11,935.5,937,923,937,7150,,,
2018-01-12,936.5,955,932,936,13150,,,
2018-01-15,950,950,932,932.5,8400,,,
2018-01-16,931,942.5,929.5,940.5,15700,,,
2018-01-17,935,942.5,933.5,937.5,10850,,,
2018-01-18,950,950,926,926.5,21400,,,
2018-01-19,926.5,939.5,923.5,931,11850,,,
2018-01-22,930,931.5,921,925,8200,,,
2018-01-23,925,932,920.5,928,11350,,,
2018-01-24,923,929,922.5,926.5,7150,,,
2018-01-25,927.5,928,920,921.5,11300,,,
2018-01-26,919.5,928.5,914,922,14800,,,
2018-01-29,935,959.5,932.5,941,27900,,,
2018-01-30,933,934,919,919,17600,,,
2018-01-31,922,927.5,904,907,30650,,,
2018-02-01,900.5,909.5,899.5,900.5,20800,,,
2018-02-02,891.5,895,883,885.5,12850,,,
2018-02-05,873.5,873.5,848.5,851.5,27900,,,
2018-02-06,826,827.5,790,809,35850,,,
2018-02-07,828,835.5,798.5,799.5,30700,,,
2018-02-08,805,812.5,799,804,15750,,,
2018-02-09,783,794,780.5,794,23050,,,
2018-02-13,796,799,774,776,40850,,,
2018-02-14,777.5,781.5,760,763,22050,,,
2018-02-15,776,776.5,764.5,765,27300,,,
2018-02-16,768,769,761,763.5,29700,,,
2018-02-19,770,775,766.5,772,40350,,,
2018-02-20,766.5,766.5,754.5,756.5,36450,,,
2018-02-21,758.5,763.5,748.5,753.5,22700,,,
2018-02-22,747.5,750.5,740,748,23150,,,
2018-02-23,752.5,766,748,756,37300,,,
2018-02-26,789.5,789.5,762.5,774.5,48050,,,
2018-02-27,778,778,764,770.5,31800,,,
2018-02-28,766,769,756,756,31750,,,
2018-03-01,750,759.5,745,752,36000,,,
2018-03-02,725,740.5,719.5,738,36500,,,
2018-03-05,731,740,726,739,31000,,,
2018-03-06,740,764.5,740,753.5,25700,,,
2018-03-07,745,752,738,746,15800,,,
2018-03-08,753.5,753.5,736.5,741.5,15550,,,
2018-03-09,746.5,753,741,747.5,30150,,,
2018-03-12,756,766,755,766,14300,,,
2018-03-13,764,774.5,762,774,15650,,,
2018-03-14,765.5,782,765.5,780.5,13850,,,
2018-03-15,775,778,761,775,11100,,,
2018-03-16,771.5,772.5,756.5,762.5,28550,,,
2018-03-19,750.5,759,742,756,22650,,,
2018-03-20,747.5,753.5,743,753.5,6250,,,
2018-03-22,753.5,767.5,750,765,14900,,,
2018-03-23,745,747,724.5,725.5,25550,,,
2018-03-26,724.5,734,708,732.5,31750,,,
2018-03-27,741.5,777.5,741.5,776,26750,,,
2018-03-28,762.5,777.5,752,777,14900,,,
2018-03-29,783.5,785,766,779.5,12550,,,
2018-03-30,790,790,776.5,785.5,8850,,,
2018-04-02,790,798,784.5,786.5,10900,,,
2018-04-03,780,786,774,776.5,12950,,,
2018-04-04,781,792,775,788,9950,,,
2018-04-05,791,794,779,785,13900,,,
2018-04-06,786,788,777,780.5,7550,,,
2018-04-09,781,786.5,773.5,786.5,10050,,,
2018-04-10,780.5,794,780.5,789,9300,,,
2018-04-11,782.5,798,776,793.5,7700,,,
2018-04-12,796.5,800.5,783,787,11600,,,
2018-04-13,793,816,791.5,810.5,14250,,,
2018-04-16,814.5,821,795,817.5,13500,,,
2018-04-17,817,817,802,803.5,9900,,,
2018-04-18,804.5,827,796.5,821.5,14250,,,
2018-04-19,824.5,824.5,805.5,810,19300,,,
2018-04-20,807,815,798,804,7450,,,
2018-04-23,805,807,794.5,804,10300,,,
2018-04-24,806.5,815,798.5,812,6950,,,
2018-04-25,799.5,812.5,795,809,13200,,,
2018-04-26,806.5,806.5,767,769.5,45500,,,
2018-04-27,761,774.5,761,773.5,24700,,,
2018-05-01,762.5,768.5,757,764,16500,,,
2018-05-02,766.5,769.5,761,767.5,12500,,,
2018-05-07,767,774,765.5,772.5,10950,,,
2018-05-08,775,788,773.5,786.5,13350,,,
2018-05-09,786,792,773,788.5,11100,,,
2018-05-10,788.5,797.5,786,796,7400,,,
2018-05-11,794.5,810,790.5,810,12750,,,
2018-05-14,817,818.5,804,810,9700,,,
2018-05-15,814.5,815,801.5,814.5,10300,,,
2018-05-16,814.5,824,803,810.5,13800,,,
2018-05-17,818.5,818.5,803,804.5,15950,,,
2018-05-18,812,812,792.5,793,16050,,,
2018-05-21,792,795,785,785,10100,,,
2018-05-22,786.5,786.5,777,778.5,9600,,,
2018-05-23,779,783,770,772.5,14500,,,
2018-05-24,779,781.5,772,774,14900,,,
2018-05-25,781,784,774.5,777.5,12950,,,
2018-05-28,779.5,779.5,772,774.5,9200,,,
2018-05-29,778.5,786.5,775,778,15050,,,
2018-05-30,765,766,750,752.5,9100,,,
2018-05-31,755,760,751.5,760,26450,,,
2018-06-01,760,770,750,764.5,23700,,,
2018-06-04,778,781.5,772,778,14950,,,
2018-06-05,782.5,787,779,786.5,7150,,,
2018-06-06,785,790.5,781,784,7050,,,
2018-06-07,786.5,796,786.5,790.5,13100,,,
2018-06-08,782,789,781,782.5,22000,,,
2018-06-11,782.5,788.5,777,781,10850,,,
2018-06-12,780,782,775,777.5,6450,,,
2018-06-13,780,786.5,780,782.5,10050,,,
2018-06-14,785,785,772,775,7750,,,
2018-06-15,782,782,762.5,770,19000,,,
2018-06-18,774,822,770,814.5,40900,,,
2018-06-19,812,824.5,788,792,12950,,,
2018-06-20,792,792,768.5,783,21050,,,
2018-06-21,783,785.5,762.5,767.5,11750,,,
2018-06-22,757,781.5,757,780,24600,,,
2018-06-25,767,777,761,762.5,18750,,,
2018-06-26,762.5,786,759,783.5,9950,,,
2018-06-27,794.5,795.5,771.5,791.5,9900,,,
2018-06-28,788,798.5,776,789.5,12000,,,
2018-06-29,790,790,773,773.5,10800,,,
2018-07-02,772.5,783.5,758.5,762.5,11000,,,
2018-07-03,766.5,797.5,764.5,789.5,22850,,,
2018-07-04,778.5,791.5,775,778.5,12600,,,
2018-07-05,774.5,785,764,767,9700,,,
2018-07-06,769.5,774.5,755.5,762,10150,,,
2018-07-09,760.5,782.5,760.5,779.5,7400,,,
2018-07-10,777.5,786.5,760.5,760.5,12500,,,
2018-07-11,765,766,751,763,9100,,,
2018-07-12,767,769,753.5,753.5,7200,,,
2018-07-13,760,773,754,768,9900,,,
2018-07-17,768,792.5,767.5,785.5,8700,,,
2018-07-18,787,798.5,786,796,12100,,,
2018-07-19,797.5,797.5,784,787,7850,,,
2018-07-20,785,792.5,776,782.5,5200,,,
2018-07-23,779.5,789,779.5,784,7350,,,
2018-07-24,793,793,782,784.5,6250,,,
2018-07-25,797.5,799,791,799,5850,,,
2018-07-26,800,825,794,823,21650,,,
2018-07-27,811.5,811.5,792,801,21150,,,
2018-07-30,825,839,815,838,27750,,,
2018-07-31,830.5,830.5,792,798,19600,,,
2018-08-01,794.5,804,782.5,795,13800,,,
2018-08-02,797.5,804,775.5,779,10450,,,
2018-08-03,781,785,761,763,7800,,,
2018-08-06,750,765.5,741.5,744,6750,,,
2018-08-07,740,768.5,740,766.5,8950,,,
2018-08-08,765,777,758.5,763,12350,,,
2018-08-09,763.5,765.5,749,752.5,8300,,,
2018-08-10,754,755.5,731,733,8750,,,
2018-08-13,729,729,703.5,706,9700,,,
2018-08-14,715,732,715,731.5,6500,,,
2018-08-15,726.5,728.5,702.5,705.5,8400,,,
2018-08-16,698.5,703,691,699,7300,,,
2018-08-17,701.5,703,695,701,5250,,,
2018-08-20,702.5,706,689,693,11400,,,
2018-08-21,686,700,686,693.5,8950,,,
2018-08-22,693.5,699.5,688,697.5,6850,,,
2018-08-23,702,706,698.5,702,6400,,,
2018-08-24,707.5,712,700,703,4400,,,
2018-08-27,718,726.5,714,725.5,8100,,,
2018-08-28,727.5,736,721,727.5,8750,,,
2018-08-29,731,740.5,730,736,7800,,,
2018-08-30,745.5,745.5,734,736.5,4400,,,
2018-08-31,728,742,725.5,731,8350,,,
2018-09-03,731,732,716,728,7400,,,
2018-09-04,733,733,719,720,8200,,,
2018-09-05,724.5,733.5,713.5,722,14300,,,
2018-09-06,720.5,729.5,717,723,11250,,,
2018-09-07,717.5,729.5,712.5,724,10050,,,
2018-09-10,730,743,725,735,13400,,,
2018-09-11,734,734,719.5,725.5,10450,,,
2018-09-12,727.5,727.5,698.5,705.5,14000,,,
2018-09-13,706,722.5,706,720,8250,,,
2018-09-14,714.5,728.5,714.5,724,24900,,,
2018-09-18,729,764,724,758,21300,,,
2018-09-19,774,798,755,792,13600,,,
2018-09-20,792,792.5,776.5,786,18100,,,
2018-09-21,789,799.5,777,798,28150,,,
2018-09-25,810.5,832,801.5,815,42400,,,
2018-09-26,800.5,809,770.5,770.5,26450,,,
2018-09-27,783.5,806.5,774.5,798.5,16050,,,
2018-09-28,798.5,819.5,783,788.5,18000,,,
2018-10-01,788.5,796,781,787.5,12150,,,
2018-10-02,795,806,783.5,789,13550,,,
2018-10-03,790,790,753,753,10800,,,
2018-10-04,757,766.5,751.5,763.5,10650,,,
2018-10-05,761,767.5,750,760,15850,,,
2018-10-09,762,808,759,777.5,33950,,,
2018-10-10,777.5,782,768.5,769,17150,,,
2018-10-11,752,752,725,728,22100,,,
2018-10-12,725,725.5,692.5,696,30250,,,
2018-10-15,689.5,689.5,654.5,657.5,31400,,,
2018-10-16,657.5,691,656,686.5,23750,,,
2018-10-17,690,716.5,690,705.5,23600,,,
2018-10-18,699,718,699,704,20350,,,
2018-10-19,698,708,689,704.5,13200,,,
2018-10-22,692.5,718,692.5,714.5,11350,,,
2018-10-23,709.5,709.5,675.5,676,17250,,,
2018-10-24,677.5,690.5,676,686.5,19200,,,
2018-10-25,671.5,671.5,639.5,642.5,22500,,,
2018-10-26,633,648,615.5,617,44650,,,
2018-10-29,627,627,589.5,597,54650,,,
2018-10-30,600,602.5,573.5,579,117000,,,
2018-10-31,590.5,590.5,571,578,41750,,,
2018-11-01,575,594,568.5,582,39850,,,
2018-11-02,582,589.5,578.5,589.5,45700,,,
2018-11-05,582,590,576,585.5,21400,,,
2018-11-06,587,599.5,580,597.5,20000,,,
2018-11-07,600,617,593.5,596.5,25800,,,
2018-11-08,611.5,626.5,611,623,21300,,,
2018-11-09,623,623.5,614,620.5,10600,,,
2018-11-12,600,615,599,611,25850,,,
2018-11-13,587.5,594.5,573,581.5,38300,,,
2018-11-14,576.5,580,552.5,568,51650,,,
2018-11-15,559,560.5,541,545,32050,,,
2018-11-16,545,548.5,530.5,544,39600,,,
2018-11-19,532,563.5,532,563.5,53150,,,
2018-11-20,562.5,594.5,562.5,593,34400,,,
2018-11-21,582.5,599,582,596,17700,,,
2018-11-22,594.5,602.5,582.5,592.5,18500,,,
2018-11-26,595,599,587,589.5,12100,,,
2018-11-27,594,603,589,599,12500,,,
2018-11-28,604,615,600.5,611.5,11250,,,
2018-11-29,622,622,610,611.5,13200,,,
2018-11-30,610.5,626,609,623,13200,,,
2018-12-03,632.5,646,631,639.5,13700,,,
2018-12-04,638,643,622,624,15200,,,
2018-12-05,611,624.5,604,613.5,14950,,,
2018-12-06,611,611,597,601,19500,,,
2018-12-07,603,611,586.5,608.5,15350,,,
2018-12-10,601.5,601.5,573.5,577,13950,,,
2018-12-11,580,586,562.5,566.5,21450,,,
2018-12-12,575.5,590,569.5,587,15250,,,
2018-12-13,588.5,596,586,591.5,19000,,,
2018-12-14,591,591,566.5,567,29100,,,
2018-12-17,569,583,560.5,579.5,23200,,,
2018-12-18,567.5,568,546.5,551,43150,,,
2018-12-19,552,561,544.5,555.5,9200,,,
2018-12-20,554.5,557.5,524.5,528,19850,,,
2018-12-21,525,530,507,515,19300,,,
2018-12-25,515,515,481,488.5,28200,,,
2018-12-26,492,496,472,481.5,26550,,,
2018-12-27,487,538,487,532,31100,,,
2018-12-28,527,536,507,515,19700,,,
2019-01-04,500,502,483,498.5,27450,,,
2019-01-07,512,531.5,512,527.5,14850,,,
2019-01-08,533,541,525,537.5,11250,,,
2019-01-09,541,541.5,530,540,10650,,,
2019-01-10,529.5,536,525.5,531.5,8900,,,
2019-01-11,538,542,530,538,9900,,,
2019-01-15,527.5,544.5,519,543.5,15350,,,
2019-01-16,541,541,522,528,18700,,,
2019-01-17,532.5,543,528.5,540,18450,,,
2019-01-18,549,559,534.5,542.5,24700,,,
2019-01-21,550.5,552,539.5,545,10950,,,
2019-01-22,551,553.5,539.5,545.5,11550,,,
2019-01-23,537.5,542.5,529.5,538.5,13250,,,
2019-01-24,537,537,527,531,7800,,,
2019-01-25,533,546,527,532,13900,,,
2019-01-28,530,536.5,523.5,525,12850,,,
2019-01-29,527,541.5,527,540,15050,,,
2019-01-30,542.5,556.5,536,536,24050,,,
2019-01-31,596,611,581,600,48300,,,
2019-02-01,598,653,597.5,635,55500,,,
2019-02-04,632,646.5,625.5,638,32200,,,
2019-02-05,644,646.5,632.5,640,12250,,,
2019-02-06,645,645.5,622.5,628,9400,,,
2019-02-07,629,644.5,617.5,640.5,13950,,,
2019-02-08,629.5,632.5,611,613,18900,,,
2019-02-12,613.5,648,611,630,28200,,,
2019-02-13,638.5,649.5,628,645.5,20850,,,
2019-02-14,649,665.5,645.5,660,26450,,,
2019-02-15,658.5,658.5,641,644,13500,,,
2019-02-18,663.5,671.5,655,659,27700,,,
2019-02-19,657.5,664,640,645,18150,,,
2019-02-20,652.5,660,647.5,654,14600,,,
2019-02-21,657.5,657.5,641.5,653.5,7200,,,
2019-02-22,652,655.5,644,653.5,11450,,,
2019-02-25,656,660.5,643,655,19900,,,
2019-02-26,652,661.5,641,655.5,11250,,,
2019-02-27,659.5,663,647,652,17950,,,
2019-02-28,654.5,656,643,647,20200,,,
2019-03-01,643,654.5,635,641,20000,,,
2019-03-04,651,658.5,641,644.5,7550,,,
2019-03-05,636.5,642,630,633.5,8900,,,
2019-03-06,626.5,632.5,616,618,20450,,,
2019-03-07,610.5,624.5,610.5,614,17900,,,
2019-03-08,600.5,614,591,592,31750,,,
2019-03-11,590,591,575,586.5,21650,,,
2019-03-12,588,600.5,581,586,34000,,,
2019-03-13,581.5,586.5,571.5,576,19000,,,
2019-03-14,578,578.5,552.5,561.5,29100,,,
2019-03-15,564,583,564,577,28150,,,
2019-03-18,602,602.5,579.5,602,31700,,,
2019-03-19,594.5,594.5,578.5,586,25550,,,
2019-03-20,592,606.5,591.5,598,30150,,,
2019-03-22,605,622.5,599.5,622.5,35800,,,
2019-03-25,619,619,586,587,31000,,,
2019-03-26,599.5,618.5,593,609.5,67200,,,
2019-03-27,619,626.5,596.5,624.5,25700,,,
2019-03-28,612.5,612.5,593.5,600.5,24050,,,
2019-03-29,604.5,606,590,605,9550,,,
2019-04-01,620,631.5,612.5,621,33900,,,
2019-04-02,631,631,598.5,601.5,21300,,,
2019-04-03,596,619,595,611,47350,,,
2019-04-04,609.5,615,605,609,18500,,,
2019-04-05,611.5,615,601.5,604,24200,,,
2019-04-08,607.5,609,580.5,586,28100,,,
2019-04-09,586.5,594,572.5,585,20600,,,
2019-04-10,588.5,592,579.5,585,24500,,,
2019-04-11,589,592,573,577.5,20300,,,
2019-04-12,581,581.5,571,577,17350,,,
2019-04-15,592,624.5,582.5,611.5,58550,,,
2019-04-16,606,606,591.5,593,22300,,,
2019-04-17,597,610,597,607.5,26350,,,
2019-04-18,603.5,604.5,589.5,593.5,25750,,,
2019-04-19,600,600.5,587,589.5,8100,,,
2019-04-22,584,586,572.5,578.5,16450,,,
2019-04-23,581,595,579.5,582,42600,,,
2019-04-24,589,594,567.5,571,33900,,,
2019-04-25,574,584,566,579,38800,,,
2019-04-26,586,603,577,600,50050,,,
2019-05-07,599,606.5,576,577,37500,,,
2019-05-08,580,580.5,553.5,556.5,38100,,,
2019-05-09,545,545.5,526.5,531,25300,,,
2019-05-10,525.5,544.5,525,534.5,27600,,,
2019-05-13,534.5,543.5,533.5,535,21900,,,
2019-05-14,523.5,532.5,518,528.5,21900,,,
2019-05-15,529.5,539.5,529.5,536.5,13450,,,
2019-05-16,533.5,533.5,520.5,526.5,24550,,,
2019-05-17,532.5,540,532.5,535,16750,,,
2019-05-20,542.5,543.5,527,531,18150,,,
2019-05-21,522.5,528,517.5,526,13250,,,
2019-05-22,528.5,528.5,508,508.5,15500,,,
2019-05-23,499,503.5,495,500,24800,,,
2019-05-24,495,510,490.5,508.5,15050,,,
2019-05-27,513.5,524,508,522.5,25400,,,
2019-05-28,520.5,525.5,510.5,520,52750,,,
2019-05-29,514,526,511.5,517,19200,,,
2019-05-30,512,521,512,516.5,18700,,,
2019-05-31,514,514.5,503,504,26700,,,
2019-06-03,497,510.5,490.5,502,32350,,,
2019-06-04,506.5,515.5,506.5,511,25500,,,
2019-06-05,526,533.5,525,529.5,23750,,,
2019-06-06,528.5,531.5,525,526,14550,,,
2019-06-07,528.5,534.5,526.5,531.5,14150,,,
2019-06-10,536.5,545,532,541.5,21000,,,
2019-06-11,541.5,552,541,547.5,18900,,,
2019-06-12,551.5,558.5,551,553,15200,,,
2019-06-13,550.5,551,536,548.5,24050,,,
2019-06-14,550,559,548.5,552,22250,,,
2019-06-17,548,552,541,545,37350,,,
2019-06-18,548.5,552,539.5,541,53500,,,
2019-06-19,549,563.5,549,561,20350,,,
2019-06-20,565,565,549,551.5,14900,,,
2019-06-21,554,565.5,549,565.5,46550,,,
2019-06-24,567.5,567.5,557,557,17350,,,
2019-06-25,557.5,562.5,552,558.5,12450,,,
2019-06-26,550,558.5,547.5,547.5,12700,,,
2019-06-27,548,567,548,567,10950,,,
2019-06-28,569.5,570,562,563,20150,,,
2019-07-01,575,581,567,581,15200,,,
2019-07-02,581,590,579.5,588,12150,,,
2019-07-03,586.5,592,584,589,20950,,,
2019-07-04,589.5,595,584.5,591,17000,,,
2019-07-05,593,598,585.5,597.5,32050,,,
2019-07-08,596.5,602,594.5,595,24600,,,
2019-07-09,591,597,574.5,576,27850,,,
2019-07-10,570,581,567,575,26900,,,
2019-07-11,576,578.5,571.5,578,16150,,,
2019-07-12,575,575,568.5,570.5,17500,,,
2019-07-16,573.5,576.5,569,573.5,19100,,,
2019-07-17,569,572,561.5,568.5,20300,,,
2019-07-18,562.5,564.5,546,547,47450,,,
2019-07-19,547,565.5,547,564.5,14300,,,
2019-07-22,562.5,562.5,554.5,555.5,11350,,,
2019-07-23,555.5,557.5,550,553.5,15750,,,
2019-07-24,553.5,553.5,545,553.5,15800,,,
2019-07-25,558.5,562,557,561,11900,,,
2019-07-26,556,556,547,549.5,7450,,,
2019-07-29,552,555.5,546,555.5,8800,,,
2019-07-30,563,573,563,572,28900,,,
2019-07-31,559.5,577,559.5,574.5,44600,,,
2019-08-01,566.5,574.5,563,572.5,17200,,,
2019-08-02,553.5,554,540.5,541.5,29200,,,
2019-08-05,535,535.5,525.5,527.5,27450,,,
2019-08-06,502.5,523.5,502.5,521.5,25150,,,
2019-08-07,514,523.5,511.5,518,17300,,,
2019-08-08,510.5,523.5,510.5,520,24100,,,
2019-08-09,529,532.5,515,517.5,13850,,,
2019-08-13,504,505.5,495.5,502.5,23750,,,
2019-08-14,513,517.5,512.5,516,12800,,,
2019-08-15,496,510.5,493.5,508.5,16900,,,
2019-08-16,503,512.5,502.5,510,14350,,,
2019-08-19,514.5,519.5,514,516,20550,,,
2019-08-20,521.5,538,518,537,15700,,,
2019-08-21,523.5,528.5,520,521,11100,,,
2019-08-22,527.5,532,521.5,524,25150,,,
2019-08-23,529,529,508.5,508.5,24250,,,
2019-08-26,493.5,495.5,480.5,487,39350,,,
2019-08-27,496,503,496,498,16900,,,
2019-08-28,499.5,503.5,495.5,502.5,16450,,,
2019-08-29,508.5,508.5,497,503,10350,,,
2019-08-30,507.5,523.5,506.5,516,21950,,,
2019-09-02,509.5,517,507.5,515,12950,,,
2019-09-03,517.5,529.5,517.5,526,10600,,,
2019-09-04,524,525,511.5,513.5,19300,,,
2019-09-05,517,533,517,529,33000,,,
2019-09-06,529,530.5,524,526.5,16550,,,
2019-09-09,528,533,525.5,533,9650,,,
2019-09-10,534,540.5,529,540.5,23500,,,
2019-09-11,546,563.5,542,562.5,32500,,,
2019-09-12,561.5,568.5,558.5,561,39050,,,
2019-09-13,565,573.5,554,569,48200,,,
2019-09-17,571,572.5,560.5,571,26850,,,
2019-09-18,569.5,571,564,569,26350,,,
2019-09-19,565,581.5,565,576.5,34150,,,
2019-09-20,583,584,579,579.5,27600,,,
2019-09-24,579,585,573,582.5,31400,,,
2019-09-25,577,577,568,568.5,17950,,,
2019-09-26,580,588,570.5,577.5,35300,,,
2019-09-27,576.5,576.5,557.5,570.5,29500,,,
2019-09-30,561.5,573.5,561.5,565.5,22100,,,
2019-10-01,570,583.5,569.5,575.5,19750,,,
2019-10-02,572.5,576.5,569.5,573,16600,,,
2019-10-03,558,561.5,552.5,561.5,15750,,,
2019-10-04,558.5,566,553.5,564,11750,,,
2019-10-07,563.5,564.5,555.5,560.5,22200,,,
2019-10-08,567,584,566.5,582,36550,,,
2019-10-09,573.5,580.5,567,580,21900,,,
2019-10-10,581.5,583,566,574,18550,,,
2019-10-11,579.5,579.5,570.5,578,16700,,,
2019-10-15,580,591.5,580,587.5,23200,,,
2019-10-16,599,608.5,587,589.5,26300,,,
2019-10-17,589.5,596.5,584,591.5,18800,,,
2019-10-18,596,606.5,591,595.5,56950,,,
2019-10-21,597,607.5,597,603,28950,,,
2019-10-23,606.5,610,597.5,606,32250,,,
2019-10-24,606.5,608.5,597.5,605,24250,,,
2019-10-25,608,610,604,606,36100,,,
2019-10-28,609.5,614,603,606,22700,,,
2019-10-29,615,623.5,613,620,34400,,,
2019-10-30,615,659.5,615,658.5,117000,,,
2019-10-31,662,662,633,640.5,28300,,,
2019-11-01,631,643.5,629.5,642,35100,,,
2019-11-05,655,665.5,651,663,34400,,,
2019-11-06,663,663.5,653.5,658,24750,,,
2019-11-07,658,658,632.5,634,19100,,,
2019-11-08,642,642,629.5,634,36950,,,
2019-11-11,640,650,638.5,648.5,18300,,,
2019-11-12,642.5,646,641,645,11200,,,
2019-11-13,644,644,630.5,630.5,10100,,,
2019-11-14,632.5,635,628,630,18500,,,
2019-11-15,637,650.5,637,647.5,16500,,,
2019-11-18,644.5,646,635.5,645.5,21700,,,
2019-11-19,639.5,646.5,634.5,637.5,8200,,,
2019-11-20,635,635,622.5,624.5,9000,,,
2019-11-21,622,625.5,611,623,12000,,,
2019-11-22,623.5,641,623,627,7700,,,
2019-11-25,632.5,634.5,624.5,626,13250,,,
2019-11-26,633,651,629,651,23200,,,
2019-11-27,666,669,649,654,28350,,,
2019-11-28,654,657,647,650.5,12450,,,
2019-11-29,635,644,634.5,639,19050,,,
2019-12-02,639,649,638.5,647,9050,,,
2019-12-03,641,646,634,634,15250,,,
2019-12-04,625,633.5,623,624.5,20600,,,
2019-12-05,624.5,629,623,625,21750,,,
2019-12-06,622.5,635,619,634,18350,,,
2019-12-09,634,634.5,627.5,627.5,6900,,,
2019-12-10,625.5,632.5,624,627.5,18750,,,
2019-12-11,625,635,619,631.5,24650,,,
2019-12-12,635,640,631.5,634.5,23100,,,
2019-12-13,649.5,663.5,649,652.5,53600,,,
2019-12-16,652,657,647,647,13450,,,
2019-12-17,655.5,666,649.5,664.5,27550,,,
2019-12-18,663.5,681,654,676.5,60100,,,
2019-12-19,675.5,683.5,669,673,35200,,,
2019-12-20,673.5,683.5,673.5,675,51400,,,
2019-12-23,682.5,691,676,690,26700,,,
2019-12-24,685,692,682,690,18250,,,
2019-12-25,692.5,694.5,686.5,690,24200,,,
2019-12-26,693.5,695,686,695,23550,,,
2019-12-27,695.5,702,695,698.5,12950,,,
2019-12-30,699,701.5,690,690,19050,,,
2020-01-06,675,682.5,664.5,671,33000,,,
2020-01-07,679,697.5,679,693.5,25750,,,
2020-01-08,679.5,679.5,662,665.5,20500,,,
2020-01-09,695.5,696,673,677,16800,,,
2020-01-10,671,681,662.5,677.5,23300,,,
2020-01-14,679.5,681.5,666,672,22950,,,
2020-01-15,672,675,657.5,661.5,10850,,,
2020-01-16,655,658.5,647,647,13100,,,
2020-01-17,650.5,656,647.5,651,11600,,,
2020-01-20,654.5,666.5,654.5,663,14500,,,
2020-01-21,662,664,651.5,657.5,10650,,,
2020-01-22,654,666.5,652.5,661,27700,,,
2020-01-23,650.5,664.5,649,657,17150,,,
2020-01-24,655.5,658.5,646.5,649,9250,,,
2020-01-27,640.5,640.5,629.5,630.5,23300,,,
2020-01-28,622,633.5,612.5,630,22700,,,
2020-01-29,626.5,633.5,626,632.5,10500,,,
2020-01-30,618,629.5,583,595,46250,,,
2020-01-31,595,617,594,610.5,29500,,,
2020-02-03,624,644,612.5,640,46950,,,
2020-02-04,633.5,639,625,631,42450,,,
2020-02-05,639,643.5,636,637.5,24800,,,
2020-02-06,647,667.5,647,661.5,40350,,,
2020-02-07,666,666,652.5,655.5,16950,,,
2020-02-10,647,658,647,653,13400,,,
2020-02-12,653,653,641,648,8250,,,
2020-02-13,653.5,657.5,645.5,650.5,19000,,,
2020-02-14,646.5,656,639.5,646,16550,,,
2020-02-17,640,642,630,637,14850,,,
2020-02-18,631.5,631.5,619.5,623,30950,,,
2020-02-19,628.5,628.5,606,608,14050,,,
2020-02-20,608.5,618.5,605,606,12600,,,
2020-02-21,601.5,619,601.5,615,36850,,,
2020-02-25,604,609,565,568,52900,,,
2020-02-26,554.5,582.5,551,576.5,33250,,,
2020-02-27,572.5,573,560.5,561.5,25450,,,
2020-02-28,544.5,548.5,537.5,541.5,40900,,,
2020-03-02,532.5,576,532.5,565,28750,,,
2020-03-03,565,565.5,542,543,41200,,,
2020-03-04,538.5,551,534,544.5,31200,,,
2020-03-05,552,556,544.5,544.5,21800,,,
2020-03-06,530,530.5,516.5,516.5,21400,,,
2020-03-09,504,508.5,476,481.5,49550,,,
2020-03-10,518.5,518.5,472.5,502.5,38650,,,
2020-03-11,491,505.5,478,478,28750,,,
2020-03-12,470,476,452,456,28500,,,
2020-03-13,417,431.5,407,421,42000,,,
2020-03-16,426,452.5,421,425,36900,,,
2020-03-17,415.5,450.5,402,448,41400,,,
2020-03-18,463,463.5,429.5,430,50300,,,
2020-03-19,445.5,467.5,392.5,395.5,53150,,,
2020-03-23,400,435.5,391.5,433,57150,,,
2020-03-24,448,464.5,439,464,28700,,,
2020-03-25,492.5,502.5,465,502.5,35600,,,
2020-03-26,514,517.5,485,515.5,36000,,,
2020-03-27,544.5,554,525.5,542,70100,,,
2020-03-30,521,535,491.5,535,46450,,,
2020-03-31,526.5,526.5,483,496.5,36150,,,
2020-04-01,483,501,470.5,474.5,25000,,,
2020-04-02,467,477.5,459.5,475.5,30350,,,
2020-04-03,471,488.5,462,467.5,13300,,,
2020-04-06,467,488,460.5,484.5,38550,,,
2020-04-07,492,504,477,496,20200,,,
2020-04-08,498,507.5,492,499.5,22650,,,
2020-04-09,496,497.5,483.5,497.5,15400,,,
2020-04-10,501.5,510,490.5,508,17400,,,
2020-04-13,508,508,490,493,12650,,,
2020-04-14,493,495,484.5,492,18000,,,
2020-04-15,495,497,484,494.5,61950,,,
2020-04-16,493,530.5,493,529,70600,,,
2020-04-17,526.5,542,521.5,540,42650,,,
2020-04-20,534.5,534.5,511,513,25400,,,
2020-04-21,507,514,502,513,14000,,,
2020-04-22,509.5,517,504.5,510.5,27100,,,
2020-04-23,521,543.5,521,543.5,31400,,,
2020-04-24,548.5,549,530.5,534.5,32700,,,
2020-04-27,542,545,518.5,539.5,29900,,,
2020-04-28,543,544,526.5,538.5,14150,,,
2020-04-30,558.5,558.5,535.5,547.5,26100,,,
2020-05-01,546.5,546.5,525,535,15250,,,
2020-05-07,534,540.5,526.5,529.5,49450,,,
2020-05-08,536,547.5,533,541.5,28250,,,
2020-05-11,548,548.5,534,537.5,19050,,,
2020-05-12,536.5,539,529.5,538,18900,,,
2020-05-13,534,538.5,527.5,534,38450,,,
2020-05-14,535,541.5,529.5,534,15650,,,
2020-05-15,544,544,526,535.5,23750,,,
2020-05-18,539.5,539.5,523.5,532.5,29700,,,
2020-05-19,546,580.5,526,539,50350,,,
2020-05-20,536,537.5,527.5,530.5,28150,,,
2020-05-21,536,536,526,528.5,15900,,,
2020-05-22,532.5,532.5,517.5,523,16050,,,
2020-05-25,531.5,531.5,516.5,524.5,26850,,,
2020-05-26,534,535.5,524.5,532,19800,,,
2020-05-27,557.5,578.5,548,568.5,50700,,,
2020-05-28,578,578,554.5,573.5,35600,,,
2020-05-29,575,579.5,567,573,40300,,,
2020-06-01,569.5,570,554,563,22900,,,
2020-06-02,565,570,556.5,558.5,36750,,,
2020-06-03,563,566,551,555.5,36350,,,
2020-06-04,555.5,557.5,549.5,556,36200,,,
2020-06-05,553,553.5,546,552,22350,,,
2020-06-08,567,567,545,560.5,49000,,,
2020-06-09,563.5,563.5,546.5,553.5,27850,,,
2020-06-10,555,573,555,572,19500,,,
2020-06-11,561,572,545.5,547,51650,,,
2020-06-12,533,549,533,537.5,39250,,,
2020-06-15,537.5,539,530,531,36600,,,
2020-06-16,546,559.5,544.5,558,26400,,,
2020-06-17,560,577.5,555,575,31550,,,
2020-06-18,575,575,558,571,52250,,,
2020-06-19,568,569,551,560,48350,,,
2020-06-22,552,570,548.5,564.5,16900,,,
2020-06-23,570,574.5,561.5,570.5,17900,,,
2020-06-24,567.5,567.5,555,557.5,12650,,,
2020-06-25,557.5,563.5,547,551,30150,,,
2020-06-26,561.5,561.5,545,553.5,31100,,,
2020-06-29,550,557.5,546.5,549,32750,,,
2020-06-30,547,560,539,542,22550,,,
2020-07-01,545,559.5,539.5,542,27150,,,
2020-07-02,544,544,533,535.5,25150,,,
2020-07-03,541,543.5,531.5,541,19650,,,
2020-07-06,544.5,544.5,526,539.5,27100,,,
2020-07-07,539.5,539.5,522,530.5,23600,,,
2020-07-08,525,532,521.5,522.5,43200,,,
2020-07-09,522.5,531,515,528.5,27050,,,
2020-07-10,527,529,500.5,502,26950,,,
2020-07-13,517,533,511,533,14750,,,
2020-07-14,537.5,537.5,524,530.5,18800,,,
2020-07-15,529,548.5,529,547,25950,,,
2020-07-16,550,556,546,549,17850,,,
2020-07-17,559.5,560,551,553,23900,,,
2020-07-20,559.5,565,552.5,562,32400,,,
2020-07-21,562.5,576.5,555.5,576,21950,,,
2020-07-22,575.5,578,562,562.5,17200,,,
2020-07-27,564.5,572,557.5,571,31100,,,
2020-07-28,572,574.5,560.5,568,17300,,,
2020-07-29,558.5,567,545,547.5,66450,,,
2020-07-30,548.5,569,544.5,562.5,79600,,,
2020-07-31,562,562,537.5,539.5,31950,,,
2020-08-03,548,557,534,541.5,20550,,,
2020-08-04,556,567,551,566.5,12750,,,
2020-08-05,561.5,566.5,555,561,9750,,,
2020-08-06,560.5,571.5,556.5,569,25200,,,
2020-08-07,571,573.5,563.5,564,24300,,,
2020-08-11,569,575,567,574,20600,,,
2020-08-12,577.5,584.5,571,577.5,19650,,,
2020-08-13,584,584.5,575,579.5,20150,,,
2020-08-14,584.5,584.5,575,580,24950,,,
2020-08-17,580,582.5,571.5,573.5,17100,,,
2020-08-18,571,579.5,569,572,24000,,,
2020-08-19,568,573,560.5,563,15550,,,
2020-08-20,562,565,537,539.5,33700,,,
2020-08-21,541.5,541.5,528.5,539,35950,,,
2020-08-24,539,545,527,543.5,22400,,,
2020-08-25,553,554.5,536.5,541.5,21900,,,
2020-08-26,540.5,548.5,539.5,548.5,13550,,,
2020-08-27,548,548,536.5,538.5,12350,,,
2020-08-28,540.5,549.5,535.5,537.5,35700,,,
2020-08-31,544.5,546.5,537.5,539.5,10600,,,
2020-09-01,537,549,537,542.5,15350,,,
2020-09-02,544,557.5,541.5,554.5,12550,,,
2020-09-03,562.5,562.5,556,559.5,19150,,,
2020-09-04,551,560.5,551,553.5,10450,,,
2020-09-07,553,569.5,553,559.5,19700,,,
2020-09-08,560,569.5,555.5,564.5,26400,,,
2020-09-09,553,569,552.5,566.5,21450,,,
2020-09-10,562.5,580,562.5,576.5,23900,,,
2020-09-11,571.5,572,558,560.5,25700,,,
2020-09-14,565.5,567.5,560.5,563,31700,,,
2020-09-15,563,563,558,561,26300,,,
2020-09-16,561,564.5,553,559,24300,,,
2020-09-17,560,567,557.5,565.5,14950,,,
2020-09-18,567.5,584,562,577,46200,,,
2020-09-23,575.5,579.5,573,575,25600,,,
2020-09-24,573,575.5,567,568,38600,,,
2020-09-25,565,571.5,563,565,43200,,,
2020-09-28,574.5,605.5,571,600,45700,,,
2020-09-29,595,602.5,581.5,592.5,20000,,,
2020-09-30,586.5,594.5,582.5,582.5,27500,,,
2020-10-01,#VALUE!,#VALUE!,#VALUE!,#VALUE!,0,,,
2020-10-02,587.5,589,569.5,569.5,24950,,,
2020-10-05,570,579,568,575,30050,,,
2020-10-06,584,594,580,584,13800,,,
2020-10-07,585,586.5,576,578,18050,,,
2020-10-08,584,588.5,578.5,583.5,13250,,,
2020-10-09,584,584.5,576.5,578,14050,,,
2020-10-12,576.5,581,568,577.5,11550,,,
2020-10-13,577.5,581.5,575,577.5,10100,,,
2020-10-14,573,581,572.5,576.5,8350,,,
2020-10-15,575,578,572,572,15700,,,
2020-10-16,572.5,572.5,565,565,11300,,,
2020-10-19,574,583,570,582,24850,,,
2020-10-20,583,583,577,577.5,15000,,,
2020-10-21,579,588.5,579,582.5,13750,,,
2020-10-22,586.5,586.5,578.5,579,10850,,,
2020-10-23,585,586,576.5,583.5,9650,,,
2020-10-26,587.5,598,587.5,595.5,14000,,,
2020-10-27,585.5,587,577,578.5,26600,,,
2020-10-28,576,582,566,573,34200,,,
2020-10-29,567,575,566,573.5,13600,,,
2020-10-30,574.5,576.5,567,573,18850,,,
2020-11-02,570.5,581,567.5,572,36200,,,
2020-11-04,579,583,572,574.5,21250,,,
2020-11-05,576.5,594.5,575,590,33250,,,
2020-11-06,592.5,603.5,589.5,591.5,27850,,,
2020-11-09,600.5,602,589,600,17250,,,
2020-11-10,609.5,618,605.5,611.5,37450,,,
2020-11-11,624.5,627,616.5,625,27450,,,
2020-11-12,625,630.5,620.5,623.5,17700,,,
2020-11-13,617,617,604,611,19500,,,
2020-11-16,624.5,624.5,615,617.5,26650,,,
2020-11-17,620.5,621,611.5,619.5,19800,,,
2020-11-18,619.5,619.5,608,614,19950,,,
2020-11-19,614,614,606.5,606.5,14200,,,
2020-11-20,602,612.5,571.5,571.5,32600,,,
2020-11-24,616.5,634,601.5,625.5,43500,,,
2020-11-25,640.5,645,619.5,621.5,27250,,,
2020-11-26,612,636,606,629,15250,,,
2020-11-27,638,654.5,630,643,44150,,,
2020-11-30,637,637,596,596,45050,,,
2020-12-01,608,630,606.5,626.5,26600,,,
2020-12-02,632.5,632.5,604,611,43050,,,
2020-12-03,607,625,607,620,23200,,,
2020-12-04,620,628,616.5,622,17700,,,
2020-12-07,629,632.5,618,618.5,29050,,,
2020-12-08,618,622.5,610,613,20050,,,
2020-12-09,607.5,613.5,605,606.5,21750,,,
2020-12-10,605.5,610,596,597,21550,,,
2020-12-11,596,604.5,596,603.5,20650,,,
2020-12-14,602,614,599,600,15850,,,
2020-12-15,612.5,613,599.5,604.5,27300,,,
2020-12-16,611.5,611.5,603,605.5,21000,,,
2020-12-17,612.5,614.5,602,604.5,28200,,,
2020-12-18,606.5,623.5,599.5,619.5,74900,,,
2020-12-21,619,625,607.5,618,18250,,,
2020-12-22,607.5,607.5,588.5,594.5,44400,,,
2020-12-23,599.5,599.5,580.5,598,30350,,,
2020-12-24,600.5,604,589.5,604,15600,,,
2020-12-25,609.5,615.5,602.5,615,11350,,,
2020-12-28,615,615,595.5,604.5,19900,,,
2020-12-29,606,617.5,600,617,21300,,,
2020-12-30,615.5,615.5,598.5,600,31750,,,
2021-01-04,600,600,589.5,596.5,27850,,,
2021-01-05,599,608,592,604,30800,,,
2021-01-06,604,605.5,599,600.5,18200,,,
2021-01-07,611.5,613.5,606.5,611.5,21250,,,
2021-01-08,612.5,614,607,611.5,36400,,,
2021-01-12,604,625,604,621.5,41550,,,
2021-01-13,618.5,631,614,629.5,38700,,,
2021-01-14,622.5,634.5,621.5,625.5,42400,,,
2021-01-15,626,627,601,603.5,24950,,,
2021-01-18,602.5,606.5,600,605,18350,,,
2021-01-19,601,604.5,599,603.5,22550,,,
2021-01-20,598,603.5,589,602,34950,,,
2021-01-21,595.5,608.5,595.5,604,26000,,,
2021-01-22,600,605.5,597,597,19500,,,
2021-01-25,604.5,607,595.5,597.5,31400,,,
2021-01-26,597,599,594,594.5,26500,,,
2021-01-27,596,600.5,591,600,30050,,,
2021-01-28,600,638.5,595,624.5,109450,,,
2021-01-29,621.5,622.5,597,597.5,36050,,,
2021-02-01,596.5,612,594,606,23450,,,
2021-02-02,605.5,614,603.5,610.5,16950,41329300,0,0
2021-02-03,610.5,623,610.5,618.5,17500,43240800,0,0
2021-02-04,616.5,620.5,611.5,618.5,16700,41201000,0,0
2021-02-05,620,624.5,616,624.5,16100,40017700,0,0
2021-02-08,625,626,614,623,26350,65462400,0,0
2021-02-09,623,628,620.5,626,13700,34216600,0,0
2021-02-10,622,623.5,610,611,13950,34278600,0,0
2021-02-12,624.5,625,615.5,617.5,14350,35542100,0,0
2021-02-15,627.5,627.5,618,619,16150,40076600,0,0
2021-02-16,618,623.5,615.5,623.5,16250,40311800,0,0
2021-02-17,625,644.5,624.5,642,27950,71219100,0,0
2021-02-18,642,642,620,629.5,40200,101981400,0,0
2021-02-19,632,642.5,624.5,630.5,36750,93174600,0,0
2021-02-22,640,640,628,630.5,20600,52093100,0,0
2021-02-24,626.5,629,609,612.5,26850,66192300,0,0
2021-02-25,627.5,627.5,611,615,46200,114247500,0,0
2021-02-26,607,610.5,597.5,597.5,37100,89201800,0,0
2021-03-01,618.5,624,611,622,34750,86167500,0,0
2021-03-02,622,622,604.5,610.5,24450,59697200,0,0
2021-03-03,611,615,603,613.5,24100,58949800,0,0
2021-03-04,607.5,614,600,613.5,23450,57061700,0,0
2021-03-05,613.5,617,597.5,615.5,34800,84792500,0,0
2021-03-08,625,625,609,613.5,24400,60272900,0,0
2021-03-09,624,626,612,622,28500,70938000,0,0
2021-03-10,624.5,626.5,612,621.5,22800,56485800,0,0
2021-03-11,624,636,620.5,635,18000,45483600,0,0
2021-03-12,631.5,635.5,624.5,635,34750,87900500,0,0
2021-03-15,644,645,637,643,18600,47752100,0,0
2021-03-16,644,656,637,653.5,36550,94796600,0,0
2021-03-17,655,668,654,667.5,15950,42308500,0,0
2021-03-18,675,675,663,670.5,26900,72072300,0,0
2021-03-19,670,670,651.5,663,29500,77951500,0,0
2021-03-22,658,663,643.5,661.5,31000,81349700,0,0
2021-03-23,659,659,642.5,642.5,18200,47429100,0,0
2021-03-24,632.5,632.5,612,625,28250,70466000,0,0
2021-03-25,639.5,648,631.5,646.5,28200,72320500,0,0
2021-03-26,646.5,649,643.5,648,19500,50483700,0,0
2021-03-29,663,667,653,664,53950,142849800,0,0
2021-03-30,648.5,648.5,630.5,639,30450,77835300,0,0
2021-03-31,628,643,624.5,632.5,34400,87343600,0,0
2021-04-01,640.5,650.5,639,644,24200,62407500,0,0
2021-04-02,654,656.5,646.5,651,9850,25661600,0,0
2021-04-05,659,664,641,663.5,33600,87871800,0,0
2021-04-06,670.5,670.5,644.5,647,23350,60913400,0,0
2021-04-07,647,673.5,647,673,21450,57143800,0,0
2021-04-08,673,674.5,657,659,13900,36915100,0,0
2021-04-09,674,676,664.5,667.5,14350,38403600,0,0
2021-04-12,674,674,660.5,667,11600,30939300,0,0
2021-04-13,673.5,678,667.5,675.5,16200,43684200,0,0
2021-04-14,677,677,660,662,20600,54993400,0,0
2021-04-15,664.5,674,662.5,674,11600,31096100,0,0
2021-04-16,679,686,672.5,677.5,33800,91823400,0,0
2021-04-19,676.5,697.5,674,679,31800,87203600,0,0
2021-04-20,672.5,672.5,653,653,15350,40426700,0,0
2021-04-21,648.5,649.5,634.5,638.5,17050,43625600,0,0
2021-04-22,639.5,653.5,639.5,653.5,10400,27012200,0,0
2021-04-23,643,654,639.5,640.5,10300,26528900,0,0
2021-04-26,652,652,640,640.5,12200,31588200,0,0
2021-04-27,639,639,600,612,17100,42930200,0,0
2021-04-28,607.5,623,607,607,19600,48022300,0,0
2021-04-30,612.5,620.5,608,613.5,31300,76973600,0,0
2021-05-06,613.5,629,613.5,619,20000,49748400,0,0
2021-05-07,627,633.5,624.5,624.5,18650,46859600,0,0
2021-05-10,626.5,633,624.5,625,18200,45672000,0,0
2021-05-11,625,628,612,612,24500,60538600,0,0
2021-05-12,612,616.5,590,590,23150,55632300,0,0
2021-05-13,590,593,573,576,35950,83524800,0,0
2021-05-14,583,599,579.5,592,20850,49443700,0,0
2021-05-17,599.5,600,592.5,596.5,19300,46043100,0,0
2021-05-18,596.5,610.5,592.5,610.5,25050,60255400,0,0
2021-05-19,604,608,602.5,605,13100,31685600,0,0
2021-05-20,603.5,613,599.5,607.5,25650,62218000,0,0
2021-05-21,608.5,615.5,603.5,610.5,18750,45748700,0,0
2021-05-24,610.5,627,610.5,623.5,14450,35901800,0,0
2021-05-25,632.5,632.5,613.5,616.5,25350,63144900,0,0
2021-05-26,610,617.5,609,612.5,12000,29479400,0,0
2021-05-27,606.5,618,604.5,614,37500,91990600,0,0
2021-05-28,621,624,612,622.5,18500,45814100,0,0
2021-05-31,628,628,614.5,614.5,17050,42334300,0,0
2021-06-01,617.5,622,612.5,617,16050,39631300,0,0
2021-06-02,617,623,613.5,617.5,15200,37632400,0,0
2021-06-03,617.5,628,617.5,627,13550,33864400,0,0
2021-06-04,627,628.5,623,624.5,6250,15641800,0,0
2021-06-07,625,630,621.5,621.5,13600,33971500,0,0
2021-06-08,619.5,620,611,614,9450,23234100,0,0
2021-06-09,616,617,607.5,609.5,7900,19366800,0,0
2021-06-10,608,619,601,617.5,15550,38171100,0,0
2021-06-11,620.5,636,618.5,629.5,31250,78257800,0,0
2021-06-14,644.5,647,634,635,26500,68062300,0,0
2021-06-15,635.5,640.5,633,639,13750,35077500,0,0
2021-06-16,639,640.5,628,637.5,24850,63013400,0,0
2021-06-17,637.5,648,636.5,646,14200,36553800,0,0
2021-06-18,650,669.5,646.5,661.5,77900,204438500,0,0
2021-06-21,650.5,653,642,648,19700,51068400,0,0
2021-06-22,663,669.5,659,668,14800,39367600,0,0
2021-06-23,662,668.5,658,667,15750,41842300,0,0
2021-06-24,655.5,667,654.5,660,15500,40980400,0,0
2021-06-25,673.5,673.5,662,663.5,22600,60418000,0,0
2021-06-28,663.5,670,658.5,667,16300,43340000,0,0
2021-06-29,658.5,658.5,649,653,25850,67513300,0,0
2021-06-30,665,666,655,655,22150,58370100,0,0
2021-07-01,660.5,664.5,655,657.5,21400,56396600,0,0
2021-07-02,659.5,667,659.5,663.5,6900,18325500,0,0
2021-07-05,657,658,649.5,649.5,7200,18769900,0,0
2021-07-06,649.5,656,646.5,654,11750,30682400,0,0
2021-07-07,639,646.5,638,642,10400,26718600,0,0
2021-07-08,627,640.5,621,626,32950,82868400,0,0
2021-07-09,620,640.5,611,634.5,33750,84755800,0,0
2021-07-12,642.5,664,642.5,659.5,25250,66584000,0,0
2021-07-13,660.5,674.5,660.5,673,14200,38105400,0,0
2021-07-14,667,667.5,658.5,659,12150,32141200,0,0
2021-07-15,659,666,658.5,658.5,13000,34371700,0,0
2021-07-16,659.5,670,659.5,666.5,10450,27838600,0,0
2021-07-19,666.5,667.5,660,660,24950,66186100,0,0
2021-07-20,653,662.5,653,656,17700,46545400,0,0
2021-07-21,665,673.5,663,669.5,12350,33070700,0,0
2021-07-26,680,682.5,676,680,12600,34245300,0,0
2021-07-27,683,683,673,675,8900,24054000,0,0
2021-07-28,678,678,662,666,6850,18284900,0,0
2021-07-29,667.5,668,647,647,24100,62923400,0,0
2021-07-30,649.5,676,646.5,646.5,21950,58004600,0,0
2021-08-02,668.5,686.5,661.5,676.5,16550,44801800,0,0
2021-08-03,675.5,675.5,659,665,13550,36122300,0,0
2021-08-04,665,665.5,660.5,662.5,8000,21211300,0,0
2021-08-05,659.5,662,646.5,651.5,7050,18386700,0,0
2021-08-06,652.5,658,647,657,5000,13068700,0,0
2021-08-10,658.5,666,657.5,662.5,11400,30215900,0,0
2021-08-11,674,674,661.5,667,11700,31159100,0,0
2021-08-12,670,670,653,657.5,11450,30147800,0,0
2021-08-13,657.5,660,654.5,659,4350,11447600,0,0
2021-08-16,657.5,657.5,637,637,12250,31445200,0,0
2021-08-17,638.5,647,633,641,12250,31435400,0,0
2021-08-18,639,649,637.5,647,14250,36659200,0,0
2021-08-19,641.5,653,641,641.5,9100,23575800,0,0
2021-08-20,639,650,633,637,14050,35972600,0,0
2021-08-23,641.5,651,641.5,642,18150,46945100,0,0
2021-08-24,640.5,648.5,637.5,648,11450,29540300,0,0
2021-08-25,647.5,669.5,647.5,667.5,20500,53874000,0,0
2021-08-26,667.5,673,665,670,17200,46053900,0,0
2021-08-27,672.5,685,671,683,11250,30603400,0,0
2021-08-30,681.5,695,679.5,689.5,14000,38633800,0,0
2021-08-31,686,697,686,689.5,11400,31571800,0,0
2021-09-01,688.5,691.5,683,683,7400,20347000,0,0
2021-09-02,691,691,681,689,11700,32149300,0,0
2021-09-03,690,710.5,685.5,710.5,18950,53380800,0,0
2021-09-06,712.5,727,707,710,29950,85863000,0,0
2021-09-07,719.5,720,704.5,712,18700,53236800,0,0
2021-09-08,710,710,685,709,24200,68418500,0,0
2021-09-09,709.5,713.5,702,705.5,21600,61001600,0,0
2021-09-10,699,720.5,699,720.5,32250,91785200,0,0
2021-09-13,718,730,716,730,28250,81618100,0,0
2021-09-14,732,748,729,748,21100,62605200,0,0
2021-09-15,744,744,725,730.5,23700,69568700,0,0
2021-09-16,723.5,728,719,724.5,21800,63055900,0,0
2021-09-17,719.5,727,719,725.5,32700,94722700,0,0
2021-09-21,718.5,721,713,715.5,26950,77239000,0,0
2021-09-22,715.5,720.5,709.5,709.5,22050,62949600,0,0
2021-09-24,716.5,723,713,718.5,37450,107603500,0,0
2021-09-27,724.5,724.5,715.5,719,18900,54447000,0,0
2021-09-28,719.5,721.5,715.5,719,22700,65217100,0,0
2021-09-29,709.5,717,690.5,697.5,37150,104619000,0,0
2021-09-30,699.5,705.5,697,700,15050,42183400,0,0
2021-10-01,697.5,701,674,677.5,37700,102932000,0,0
2021-10-04,690,696.5,684,695,19250,53234800,0,0
2021-10-05,687.5,694,675.5,677,29350,80240000,0,0
2021-10-06,676,686,670.5,675,16550,44945800,0,0
2021-10-07,675,680.5,673,677,14300,38683900,0,0
2021-10-08,694,694,680.5,685.5,18200,49991600,0,0
2021-10-11,687.5,703,687.5,700.5,21800,60935400,0,0
2021-10-12,698.5,701.5,697.5,697.5,17700,49465700,0,0
2021-10-13,693,697.5,683.5,683.5,28250,77970900,0,0
2021-10-14,683,695.5,682,682,12550,34327800,0,0
2021-10-15,683,694,683,690,14150,38990700,0,0
2021-10-18,694.5,700,689.5,699,27450,76332300,0,0
2021-10-19,697.5,702,696,698,19250,53820600,0,0
2021-10-20,700,700,693.5,694.5,15350,42730500,0,0
2021-10-21,694.5,697.5,691.5,691.5,23900,66338600,0,0
2021-10-22,691.5,706.5,691,699.5,15650,43756000,0,0
2021-10-25,701,706,692.5,692.5,25400,70910800,0,0
2021-10-26,706,731,701,711,30550,87022900,0,0
2021-10-27,711,714.5,704,704,24100,68346200,0,0
2021-10-28,714.5,719,703,703,45550,129093900,0,0
2021-10-29,703,704.5,697.5,699,20200,56623400,0,0
2021-11-01,712.5,723.5,707,719.5,17300,49596000,0,0
2021-11-02,719.5,723.5,713.5,714,17500,50209600,0,0
2021-11-04,714,720.5,708,708,46050,131477500,0,0
2021-11-05,709,713,707,710.5,8900,25259800,0,0
2021-11-08,715.5,720,708.5,708.5,14200,40485000,0,0
2021-11-09,708.5,715.5,708,708,10950,31073400,0,0
2021-11-10,708,711.5,707,710,12350,35007500,0,0
2021-11-11,705,710.5,704,706,14400,40746400,0,0
2021-11-12,708,721,705.5,709.5,18200,51758800,0,0
2021-11-15,709.5,712.5,709,711,6250,17777000,0,0
2021-11-16,714,714,705,705,12850,36366100,0,0
2021-11-17,708,708,695.5,695.5,16750,47042300,0,0
2021-11-18,690,695.5,675.5,680.5,31350,85567000,0,0
2021-11-19,678,696,676.5,689,15400,42409800,0,0
2021-11-22,686,692.5,686,690,12550,34639500,0,0
2021-11-24,690,694.5,690,693,11050,30602000,0,0
2021-11-25,694.5,702,694,699.5,17450,48674800,0,0
2021-11-26,699.5,705,694.5,696,15700,43836700,0,0
2021-11-29,693,697,679.5,682,39250,108156800,0,0
2021-11-30,691,698.5,680,683,42000,115289100,0,0
2021-12-01,678,690,678,682.5,24000,65616100,0,0
2021-12-02,675,692,674.5,677.5,37550,102387600,0,0
2021-12-03,679.5,693,679.5,685,20450,55995400,0,0
2021-12-06,682.5,693.5,682.5,687,19300,53143500,0,0
2021-12-07,696.5,714.5,694.5,708,25300,71515200,0,0
2021-12-08,719.5,724.5,712,712.5,24400,69848800,0,0
2021-12-09,714,718.5,703,711,19700,56076700,0,0
2021-12-10,724,725,713,715,28550,82339500,0,0
2021-12-13,715.5,717,703,708.5,14250,40483500,0,0
2021-12-14,716.5,716.5,700,704.5,18150,51210900,0,0
2021-12-15,704.5,720,704.5,707.5,11350,32267900,0,0
2021-12-16,713,722,712,712.5,25650,73502700,0,0
2021-12-17,682.5,700,682.5,689.5,45050,124027700,0,0
2021-12-20,685.5,689.5,672.5,673,39050,106557300,0,0
2021-12-21,685,699,678.5,683.5,19000,51980000,0,0
2021-12-22,690.5,690.5,682.5,682.5,13850,37961900,0,0
2021-12-23,688.5,692,684,684.5,11400,31351400,0,0
2021-12-24,688,694.5,686,690,11450,31579200,0,0
2021-12-27,692,696,681.5,692,24650,68264000,0,0
2021-12-28,700,711,700,705.5,20800,58822900,0,0
2021-12-29,708,718,708,711.5,19550,55734800,0,0
2021-12-30,704,711,701.5,705.5,3500,9889800,0,0
2022-01-04,717.5,717.5,709,711.5,11600,33087700,0,0
2022-01-05,717.5,720.5,709.5,709.5,10450,29840100,0,0
2022-01-06,699.5,707.5,693,696,25600,71534100,0,0
2022-01-07,703,712.5,694,694,21850,61166600,0,0
2022-01-11,698,699.5,693,696,15050,41861200,0,0
2022-01-12,697.5,715.5,692,708,14450,40881600,0,0
2022-01-13,708,711,700.5,700.5,8100,22849600,0,0
2022-01-14,700.5,703,695,698.5,14150,39548600,0,0
2022-01-17,701,708.5,700.5,703,10850,30520900,0,0
2022-01-18,707.5,717.5,705.5,709,22550,64126000,0,0
2022-01-19,709,709,696.5,696.5,18350,51341900,0,0
2022-01-20,697.5,703.5,693,693,18500,51557000,0,0
2022-01-21,684.5,695,679.5,695,18150,49976700,0,0
2022-01-24,688.5,704,688.5,703,14850,41472100,0,0
2022-01-25,709.5,717.5,699.5,700,28950,81863000,0,0
2022-01-26,698,701.5,694.5,694.5,26900,75077500,0,0
2022-01-27,700,703.5,686.5,686.5,33700,93372200,0,0
2022-01-28,697.5,702,696.5,701,19600,54845900,0,0
2022-01-31,702.5,712,698,711.5,25050,70695400,0,0
2022-02-01,707.5,715,698.5,698.5,13750,38852700,0,0
2022-02-02,702.5,702.5,695.5,700,21050,58877900,0,0
2022-02-03,699,703.5,693,693,8950,24925200,0,0
2022-02-04,698,704.5,696,702,11550,32378900,0,0
2022-02-07,697.5,705,697.5,700,9650,27058700,0,0
2022-02-08,704.5,710,703,705.5,9650,27278100,0,0
2022-02-09,704,707.5,700.5,701.5,8850,24880800,0,0
2022-02-10,705,707,700,705.5,11650,32824600,0,0
2022-02-14,704.5,710,700.5,706,8500,23997000,0,0
2022-02-15,706,720.5,706,716,16900,48321400,0,0
2022-02-16,725,726.5,720.5,725,10950,31720600,0,0
2022-02-17,723,729.5,723,727.5,8050,23376200,0,0
2022-02-18,721.5,728.5,714,717,17850,51402900,0,0
2022-02-21,716.5,721.5,712,718.5,4700,13482300,0,0
2022-02-22,713.5,720.5,713.5,715,16700,47856900,0,0
2022-02-24,712,721,709.5,721,22700,64913000,0,0
2022-02-25,725,725,706.5,712.5,15800,45231200,0,0
2022-02-28,723,728.5,707.5,727,17800,51428900,0,0
2022-03-01,727,727,698,705,21250,60126100,0,0
2022-03-02,684,688.5,667,675,22300,60210700,0,0
2022-03-03,675,675,663,665,18800,50127000,0,0
2022-03-04,659,667.5,646,646,21500,56390900,0,0
2022-03-07,639,649.5,626.5,632.5,17850,45367300,0,0
2022-03-08,624.5,635,624.5,634,22400,56546200,0,0
2022-03-09,638.5,640,626,632.5,20200,50980000,0,0
2022-03-10,653.5,661,645,661,18200,47834400,0,0
2022-03-11,646,654.5,646,649,25500,66231600,0,0
2022-03-14,660.5,670.5,657.5,657.5,11550,30529400,0,0
2022-03-15,664,682.5,660,675.5,19150,51856700,0,0
2022-03-16,682.5,687,673.5,676,17900,48625100,0,0
2022-03-17,690,695,683.5,687.5,22300,61376400,0,0
2022-03-18,696,709.5,691.5,709.5,62150,174557200,0,0
2022-03-22,711,713.5,674,680,23850,65511000,0,0
2022-03-23,680,705.5,675,703,22000,61380100,0,0
2022-03-24,699,702.5,672.5,689,19450,53283200,0,0
2022-03-25,704,704,681.5,689,18300,50714500,0,0
2022-03-28,702.5,702.5,685,695,10700,29736600,0,0
2022-03-29,697.5,703,682.5,697.5,33200,92432700,0,0
2022-03-30,700,700,667,680,28400,77124900,0,0
2022-03-31,668.5,681.5,668.5,670,17750,47802300,0,0
2022-04-01,662,669,661.5,668,10650,28418600,0,0
2022-04-04,668,675,668,671.5,8650,23214400,0,0
2022-04-05,699.5,699.5,684.5,691.5,22500,62271800,0,0
2022-04-06,686,687.5,668.5,674,15000,40546800,0,0
2022-04-07,667,669,655,664.5,15450,40919600,0,0
2022-04-08,659,659.5,639.5,649,30500,79000500,0,0
2022-04-11,637,651.5,636,648.5,21350,55185100,0,0
2022-04-12,645,645,630.5,635.5,16000,40656800,0,0
2022-04-13,635.5,649,635,646,11900,30615300,0,0
2022-04-14,644.5,660.5,644.5,657.5,12400,32475400,0,0
2022-04-15,653,657.5,650,655.5,8950,23421800,0,0
2022-04-18,648,650,630.5,637.5,19750,50554300,0,0
2022-04-19,645,658,643.5,652,15500,40459100,0,0
2022-04-20,652,664.5,650.5,661,19800,52060900,0,0
2022-04-21,660,666.5,657.5,666.5,10600,28117000,0,0
2022-04-22,661,663.5,655.5,658,11350,29915100,0,0
2022-04-25,647,655,645.5,652,20250,52667100,0,0
2022-04-26,651.5,658,645,651.5,15650,40889000,0,0
2022-04-27,642.5,646.5,606.5,606.5,95250,234863000,0,0
2022-04-28,613,649,613,649,32650,83126200,0,0
2022-05-02,646.5,648.5,624,638.5,21300,54233200,0,0
2022-05-06,644.5,647,638.5,644.5,17250,44455900,0,0
2022-05-09,640,640.5,620,620,17150,42772500,0,0
2022-05-10,617,630,612,625.5,11850,29559200,0,0
2022-05-11,619.5,630.5,614.5,623,28550,71402700,0,0
2022-05-12,633,633,617,617,20600,51437900,0,0
2022-05-13,612,623.5,612,623.5,25900,64064800,0,0
2022-05-16,629.5,629.5,614,614,19650,48663600,0,0
2022-05-17,614,621.5,614,617.5,11500,28412400,0,0
2022-05-18,620.5,624.5,619,622,14200,35308300,0,0
2022-05-19,613,619.5,601.5,616,27500,67440500,0,0
2022-05-20,615,628.5,614,626,16550,41297600,0,0
2022-05-23,631.5,631.5,622.5,625,11750,29476600,0,0
2022-05-24,622.5,625.5,617.5,620,9850,24468300,0,0
2022-05-25,627,630,618.5,627,17150,43010200,0,0
2022-05-26,627,628,609.5,612,11900,29423200,0,0
2022-05-27,621,621.5,606.5,615,14950,36743300,0,0
2022-05-30,615.5,636.5,615,625,47150,118399700,0,0
2022-05-31,625,634.5,623.5,627.5,51850,130226500,0,0
2022-06-01,627.5,630.5,621,630,27150,68310100,0,0
2022-06-02,632.5,634.5,629.5,633.5,7250,18339600,0,0
2022-06-03,641,647.5,630.5,630.5,8200,20873400,0,0
2022-06-06,627,630.5,620.5,625,11150,27874400,0,0
2022-06-07,628,639,628,631.5,10650,27002700,0,0
2022-06-08,636,650.5,636,650.5,18650,48302800,0,0
2022-06-09,649.5,660,647,650.5,20800,54415400,0,0
2022-06-10,655,655,640.5,644.5,25150,65316000,0,0
2022-06-13,628,637,628,631.5,12600,31854600,0,0
2022-06-14,621,627.5,620.5,622,14950,37262400,0,0
2022-06-15,612.5,627,612.5,619.5,14950,37199800,0,0
2022-06-16,627,636,627,631.5,12000,30279400,0,0
2022-06-17,614.5,616,610,615.5,25200,61818300,0,0
2022-06-20,622,622,608,614.5,36800,91085300,0,0
2022-06-21,614.5,615.5,606.5,609.5,17100,41704900,0,0
2022-06-22,616.5,620,610,617,7850,19333500,0,0
2022-06-23,613,617.5,610.5,613.5,6500,15931000,0,0
2022-06-24,613,616,607,610,12200,29778600,0,0
2022-06-27,631,631,620.5,626,24000,60237000,0,0
2022-06-28,625.5,630.5,622.5,630,7550,18969300,0,0
2022-06-29,618.5,623,598.5,598.5,36150,87676800,0,0
2022-06-30,609,624,609,620.5,21700,53756100,0,0
2022-07-01,620.5,631,605.5,614,22800,56350900,0,0
2022-07-04,619.5,621,605.5,611,13600,33224400,0,0
2022-07-05,611,612.5,606.5,609.5,10300,25120100,0,0
2022-07-06,604,611.5,602.5,607.5,15250,37053800,0,0
2022-07-07,609.5,621.5,609,619.5,9800,24218100,0,0
2022-07-08,619,629,612,615.5,22000,54425400,0,0
2022-07-11,624.5,634,624,630.5,15300,38548100,0,0
2022-07-12,630.5,630.5,611.5,611.5,12900,31713400,0,0
2022-07-13,616,629.5,615.5,617,6500,16065800,0,0
2022-07-14,617,621.5,611.5,621.5,9750,24122100,0,0
2022-07-15,612.5,630.5,612.5,626.5,10250,25579700,0,0
2022-07-19,632.5,643,632.5,639.5,16050,40862900,0,0
2022-07-20,651.5,653.5,641.5,652,15350,39887900,0,0
2022-07-21,647.5,657.5,647,654.5,10900,28458500,0,0
2022-07-22,653.5,662,652.5,659.5,20700,54419800,0,0
2022-07-25,668.5,668.5,658,660,22150,58770900,0,0
2022-07-26,670.5,674,649.5,650.5,32400,85401400,0,0
2022-07-27,648,648,627.5,628,19850,50168000,0,0
2022-07-28,640,640,621,630.5,24900,62899000,0,0
2022-07-29,638,638,627.5,628,11550,29159500,0,0
2022-08-01,628,628.5,622.5,626,13900,34792200,0,0
2022-08-02,622.5,626.5,606.5,607,14950,36582900,0,0
2022-08-03,607.5,607.5,596.5,598.5,20150,48356900,0,0
2022-08-04,603,603,589,590,20400,48303200,0,0
2022-08-05,588.5,599,584,599,24400,57995600,0,0
2022-08-08,599,605,595,603.5,9950,23909400,0,0
2022-08-09,606.5,615.5,606,606,12900,31448800,0,0
2022-08-10,606,609,601.5,601.5,9000,21777100,0,0
2022-08-12,611.5,620.5,610,620.5,15850,39140800,0,0
2022-08-15,621,622,613,617,9750,24060300,0,0
2022-08-16,617,627,600,623,25650,63277700,0,0
2022-08-17,628,639,627,636.5,22000,55951200,0,0
2022-08-18,635,636,629,633.5,19950,50609600,0,0
2022-08-19,637.5,637.5,624.5,624.5,9350,23570600,0,0
2022-08-22,624,627.5,618.5,622.5,7200,17961000,0,0
2022-08-23,618,628,613.5,622,11500,28642900,0,0
2022-08-24,622,629.5,622,629,5950,14927300,0,0
2022-08-25,635,638,634,637.5,10700,27199100,0,0
2022-08-26,636.5,639.5,633,635.5,2650,6741700,0,0
2022-08-29,635.5,636.5,624.5,626,20000,50485800,0,0
2022-08-30,626,632.5,623.5,631,9800,24644200,0,0
2022-08-31,623.5,630,622,623.5,13700,34256200,0,0
2022-09-01,614.5,616,606,606,21400,52173100,0,0
2022-09-02,605.5,607.5,600.5,604.5,15350,37053600,0,0
2022-09-05,607.5,612.5,603,610,17350,42189800,0,0
2022-09-06,610,616,607.5,612,18200,44564100,0,0
2022-09-07,611,617.5,609,615.5,16200,39862300,0,0
2022-09-08,622,629.5,621,629,21100,52939900,0,0
2022-09-09,623.5,637.5,623,637.5,21850,55007600,0,0
2022-09-12,667.5,672.5,645,648,44200,115941100,0,0
2022-09-13,648,653,640.5,652.5,12150,31444600,0,0
2022-09-14,647.5,647.5,637.5,637.5,21150,54262200,0,0
2022-09-15,638,643,638,639.5,8950,22909300,0,0
2022-09-16,639.5,641.5,632,632,14050,35632000,0,0
2022-09-20,638.5,648,635,636.5,21050,53745800,0,0
2022-09-21,631.5,632,624,624,9700,24294300,0,0
2022-09-22,616,632.5,616,630.5,13400,33640000,0,0
2022-09-26,631.5,632,616,616,29450,73388900,0,0
2022-09-27,618,621.5,614.5,618,14500,35827700,0,0
2022-09-28,612.5,622,609.5,620,23700,58312100,0,0
2022-09-29,613.5,621,613.5,620.5,20250,50196300,0,0
2022-09-30,620.5,622,613,613,16350,40298000,0,0
2022-10-03,610.5,618,610,615,11900,29198800,0,0
2022-10-04,630,634.5,627,633.5,22300,56364600,0,0
2022-10-05,640,643,635.5,637,14400,36771400,0,0
2022-10-06,640,644.5,638.5,641.5,18350,47117100,0,0
2022-10-07,639.5,645.5,635.5,639.5,20850,53366200,0,0
2022-10-11,622.5,625.5,603,603,28200,68925200,0,0
2022-10-12,600,605,594.5,601.5,45100,108355600,0,0
2022-10-13,596.5,602.5,594,602.5,28250,67709900,0,0
2022-10-14,610.5,622,604,619.5,23150,57046700,0,0
2022-10-17,615,620,613.5,616.5,14300,35279900,0,0
2022-10-18,619.5,625,619.5,622.5,22250,55325400,0,0
2022-10-19,619.5,629.5,619.5,626,12850,32105900,0,0
2022-10-20,619,643,619,636.5,26750,68146400,0,0
2022-10-21,632,635,617.5,617.5,18150,45219300,0,0
2022-10-24,629.5,635.5,627.5,631.5,18550,46788600,0,0
2022-10-25,632,632.5,622,629,27600,69366100,0,0
2022-10-26,629,663.5,629,638.5,91050,233918400,0,0
2022-10-27,638.5,650.5,633,645.5,50700,130287700,0,0
2022-10-28,635.5,640,624.5,633,105150,266113100,0,0
2022-10-31,641,651.5,636,648,38950,100731100,0,0
2022-11-01,655,657.5,650.5,655.5,21750,56952700,0,0
2022-11-02,655.5,663,650,654.5,39500,103712300,0,0
2022-11-04,643,654.5,643,652.5,19850,51752100,0,0
2022-11-07,652.5,662.5,652.5,660,19600,51724600,0,0
2022-11-08,660,665,657.5,661.5,31450,83289700,0,0
2022-11-09,664.5,665,659,661,12950,34263200,0,0
2022-11-10,654.5,662.5,654,660,20600,54382900,0,0
2022-11-11,669,669,659,661.5,17100,45337800,0,0
2022-11-14,657.5,661,654,657,16350,43066300,0,0
2022-11-15,658.5,662.5,655.5,657.5,7450,19645200,0,0
2022-11-16,655,664,654.5,660.5,9850,26012300,0,0
2022-11-17,660,666,660,666,10850,28817700,0,0
2022-11-18,669,670,662,662.5,17100,45578700,0,0
2022-11-21,662.5,664.5,658,662,8950,23690000,0,0
2022-11-22,665,680.5,665,677.5,17700,47773000,0,0
2022-11-24,684.5,692.5,683.5,691.5,22000,60643900,0,0
2022-11-25,694,694,683,687.5,17250,47555000,0,0
2022-11-28,693.5,693.5,680.5,684,7800,21363700,0,0
2022-11-29,677.5,681.5,668.5,674.5,13900,37541500,0,0
2022-11-30,670,686.5,667,675.5,29750,80634000,0,0
2022-12-01,682,684.5,673,675,14500,39283100,0,0
2022-12-02,666.5,666.5,653,656,17150,45074200,0,0
2022-12-05,656,664,656,664,12050,31888200,0,0
2022-12-06,661.5,666,658,661,18600,49112300,0,0
2022-12-07,656.5,656.5,645.5,647.5,18200,47315500,0,0
2022-12-08,647.5,652.5,643,650.5,18600,48272100,0,0
2022-12-09,662,662,650.5,655.5,22450,59172200,0,0
2022-12-12,650.5,657,650,651,8000,20890500,0,0
2022-12-13,651.5,658.5,651.5,655,7650,20047800,0,0
2022-12-14,655,675,653.5,672,33950,90989500,0,0
2022-12-15,665.5,674.5,662.5,671.5,29200,78230500,0,0
2022-12-16,666.5,672,659.5,660,125250,333788200,0,0
2022-12-19,659.5,672.5,658.5,672,57350,152098300,0,0
2022-12-20,665.5,673,646,652.5,51750,136522100,0,0
2022-12-21,653,656,639,642,36300,94216100,0,0
2022-12-22,645.5,649.5,641.5,646.5,38800,100153900,0,0
2022-12-23,636,649,636,646.5,196550,501135900,0,0
2022-12-26,651.5,659.5,648.5,657.5,113600,296836600,0,0
2022-12-27,659.5,664.5,655,658.5,52350,137993500,0,0
2022-12-28,658,660.5,652.5,656.5,164050,430954100,0,0
2022-12-29,643,653.5,638.5,650.5,68300,176237500,0,0
2022-12-30,651,659.5,651,651.5,22200,58127100,0,0
2023-01-04,651.5,655.5,645.5,651,20300,52819000,0,0
2023-01-05,647.5,647.5,640,641.5,14100,36237100,0,0
2023-01-06,636,649,636,648,8800,22705500,0,0
2023-01-10,652,657.5,644.5,645.5,10200,26459300,0,0
2023-01-11,643.5,651.5,643.5,649.5,7750,20135500,0,0
2023-01-12,651,655.5,649.5,652.5,5050,13179600,0,0
2023-01-13,649.5,657,649,650.5,18100,47175000,0,0
2023-01-16,645,647,640.5,642,8750,22512700,0,0
2023-01-17,641.5,660,641.5,655,20950,54820500,0,0
2023-01-18,660.5,668.5,655,667,38050,100996300,0,0
2023-01-19,661.5,664.5,659,661,13100,34645700,0,0
2023-01-20,656.5,666.5,656.5,662.5,14550,38562300,0,0
2023-01-23,670.5,676.5,666,674.5,26750,72033900,0,0
2023-01-24,682,687,679.5,684.5,18400,50287900,0,0
2023-01-25,689,689,678,683,21950,60027100,0,0
2023-01-26,683,683,655,675.5,34050,91612400,0,0
2023-01-27,675.5,675.5,642.5,647.5,89050,232687300,0,0
2023-01-30,647.5,653,615.5,618,90950,227559400,0,0
2023-01-31,629.5,645,629.5,636.5,63450,161693300,0,0
2023-02-01,641,650.5,634,636,24550,62837000,0,0
2023-02-02,639,639.5,630.5,632.5,22650,57470200,0,0
2023-02-03,632,633.5,625.5,631,27050,68173500,0,0
2023-02-06,631,637.5,629,632.5,14850,37580000,0,0
2023-02-07,633,641,633,638,10850,27720300,0,0
2023-02-08,636.5,649,636.5,637,14650,37630900,0,0
2023-02-09,634.5,640,633.5,635,7500,19067500,0,0
2023-02-10,631,638,631,633,14150,35849700,0,0
2023-02-13,633,633.5,627.5,629.5,9350,23566400,0,0
2023-02-14,635.5,639,632,638.5,14750,37480200,0,0
2023-02-15,641.5,641.5,634,634,6400,16283700,0,0
2023-02-16,638.5,639,633.5,636.5,8250,20986500,0,0
2023-02-17,632,633.5,629.5,633,7000,17699800,0,0
2023-02-20,633,643,633,641.5,16400,41825400,0,0
2023-02-21,641.5,651,641.5,647,8150,21120100,0,0
2023-02-22,642.5,643.5,636.5,638,10900,27867700,0,0
2023-02-24,638,644,638,643.5,10250,26317800,0,0
2023-02-27,649.5,655,648,651.5,23400,60966500,0,0
2023-02-28,649,652.5,634,637,38850,99639900,0,0
2023-03-01,636,654.5,635.5,654.5,27650,71824800,0,0
2023-03-02,654.5,662,652.5,655,16800,44089900,0,0
2023-03-03,650.5,663,650.5,658,14150,37275800,0,0
2023-03-06,665.5,666,657,661.5,15250,40383700,0,0
2023-03-07,661.5,680,661.5,676,27200,73413900,0,0
2023-03-08,676,685,671.5,675.5,17200,46659600,0,0
2023-03-09,681,686.5,675.5,685.5,13250,36240900,0,0
2023-03-10,677.5,683,668.5,670,29900,80760100,0,0
2023-03-13,670,677.5,656.5,662.5,14800,39147300,0,0
2023-03-14,650,650.5,634,644,17850,45860600,0,0
2023-03-15,651,662.5,651,662.5,13850,36548000,0,0
2023-03-16,643,649,638.5,644,18350,47198700,0,0
2023-03-17,651.5,659,651,658,20150,52858600,0,0
2023-03-20,688,692.5,665.5,671.5,67550,183904700,0,0
2023-03-22,689,691,678,683.5,38900,106594100,0,0
2023-03-23,673.5,682,666,680,23900,64543600,0,0
2023-03-24,675,680.5,670.5,677,17300,46800000,0,0
2023-03-27,687,693,682,686.5,38200,105034800,0,0
2023-03-28,690,690,675.5,678.5,22000,59718200,0,0
2023-03-29,682,700,681.5,700,31250,86833800,0,0
2023-03-30,699.5,703.5,693.5,702.5,23850,66800600,0,0
2023-03-31,702.5,708,690,701.5,19750,55427700,0,0
2023-04-03,702.5,704.5,696.5,700.5,21550,60337500,0,0
2023-04-04,702,710,699.5,708,39300,111014300,0,0
2023-04-05,696,699.5,680,680.5,15950,43613900,0,0
2023-04-06,680.5,680.5,669,671.5,16750,45017500,0,0
2023-04-07,667,677,667,676,19300,52000500,0,0
2023-04-10,675,677.5,667.5,677,23650,63808200,0,0
2023-04-11,678,687.5,673.5,685,15750,43076900,0,0
2023-04-12,682,691.5,682,687.5,15450,42465300,0,0
2023-04-13,685.5,693.5,685,691.5,11950,33026800,0,0
2023-04-14,692.5,696.5,690,692,18750,51969300,0,0
2023-04-17,691.5,693,681.5,691.5,14400,39723200,0,0
2023-04-18,692.5,695.5,688.5,690.5,21650,59919400,0,0
2023-04-19,686.5,687.5,678.5,680.5,19600,53423700,0,0
2023-04-20,674.5,688.5,674.5,685,16200,44370600,0,0
2023-04-21,692.5,693,683,692.5,17950,49624200,0,0
2023-04-24,691.5,694,686.5,693,15200,42032400,0,0
2023-04-25,698.5,703.5,690.5,695,26400,73718000,0,0
2023-04-26,694.5,694.5,683.5,684.5,19300,53091300,0,0
2023-04-27,684.5,690.5,680.5,687.5,16350,44957100,0,0
2023-04-28,700.5,708.5,696.5,706.5,30100,84658100,0,0
2023-05-01,705,726,704,721,39800,114061000,0,0
2023-05-02,720,720,703,705.5,16100,45586400,0,0
2023-05-08,705.5,716,705.5,711.5,13050,37148500,0,0
2023-05-09,726.5,726.5,713,721,24850,71597900,0,0
2023-05-10,723.5,725,712,720,19150,55074500,0,0
2023-05-11,715.5,720,710.5,710.5,12950,37020200,0,0
2023-05-12,715,719.5,708,714,14200,40479100,0,0
2023-05-15,715,719.5,714.5,718,13000,37282500,0,0
2023-05-16,720,724,713.5,724,15350,44213600,0,0
2023-05-17,724,724,713.5,717.5,16550,47528000,0,0
2023-05-18,725,728,715,725,36650,106091300,0,0
2023-05-19,723,723,717.5,718.5,11350,32667300,0,0
2023-05-22,722,728.5,714,727.5,17300,50053100,0,0
2023-05-23,727.5,739.5,720.5,724.5,23100,67486000,0,0
2023-05-24,718,724,718,721,11000,31717200,0,0
2023-05-25,723.5,728,717.5,725,18300,52998000,0,0
2023-05-26,726,727.5,713.5,717,15600,44831200,0,0
2023-05-29,724,730,722,723.5,11400,33113900,0,0
2023-05-30,718,724.5,713.5,722.5,18800,54102200,0,0
2023-05-31,744,744,715.5,723,76750,222678700,0,0
2023-06-01,720,722,715.5,719,32150,92554800,0,0
2023-06-02,725,725,719,719.5,28050,80824500,0,0
2023-06-05,729.5,744,725.5,740,34150,100781300,0,0
2023-06-06,729.5,736,726,734.5,16700,48919900,0,0
2023-06-07,736.5,742.5,729.5,729.5,21300,62498100,0,0
2023-06-08,725,728.5,710,712,21100,60392100,0,0
2023-06-09,727,735.5,725.5,730,41400,120607000,0,0
2023-06-12,732,739,731,736.5,13600,40017600,0,0
2023-06-13,738.5,741,734.5,737,18350,54172000,0,0
2023-06-14,740,748.5,738.5,747.5,31750,94554500,0,0
2023-06-15,746,749,742,746.5,22050,65832600,0,0
2023-06-16,747,758.5,744.5,755.5,40900,123327400,0,0
2023-06-19,753.5,754,741.5,746,25950,77677300,0,0
2023-06-20,738.5,738.5,729,738,20050,58955600,0,0
2023-06-21,731,745,731,738,16750,49565700,0,0
2023-06-22,742.5,746.5,737.5,740.5,15200,45077300,0,0
2023-06-23,740,746,738,742,23750,70456000,0,0
2023-06-26,739,743.5,730.5,736.5,14050,41504300,0,0
2023-06-27,731.5,737.5,731.5,736.5,11600,34084600,0,0
2023-06-28,734.5,756,734.5,754.5,32400,97200100,0,0
2023-06-29,755,761.5,750.5,753,23300,70321800,0,0
2023-06-30,753,758.5,745,752.5,32200,96838500,0,0
2023-07-03,757.5,766,757,765,21450,65456600,0,0
2023-07-04,757.5,757.5,737.5,738,25200,74886200,0,0
2023-07-05,735,736.5,725.5,729.5,26050,76224800,0,0
2023-07-06,718.5,731.5,714.5,730.5,31750,92165100,0,0
2023-07-07,722,735.5,719.5,722,29800,86597900,0,0
2023-07-10,722,722.5,709,715.5,30600,87821700,0,0
2023-07-11,713,721,713,719.5,36700,105382200,0,0
2023-07-12,728,729,716.5,716.5,18400,53099800,0,0
2023-07-13,716.5,721.5,708.5,714,20300,58091300,0,0
2023-07-14,722.5,723.5,711,717,27550,79093500,0,0
2023-07-18,720.5,729,720,724.5,20200,58441100,0,0
2023-07-19,733.5,734,723,730.5,21450,62450800,0,0
2023-07-20,734,738,715.5,715.5,21300,61624500,0,0
2023-07-21,719.5,726,716,718,18500,53165200,0,0
2023-07-24,727.5,733.5,721.5,725,19900,57744200,0,0
2023-07-25,738.5,742,727.5,734.5,41950,123217100,0,0
2023-07-26,734.5,743.5,702.5,706.5,115350,333226200,0,0
2023-07-27,702.5,704.5,683,692,58450,162178700,0,0
2023-07-28,690,699.5,682.5,691,161350,446694400,0,0
2023-07-31,697.5,711,697.5,708.5,46100,130209500,0,0
2023-08-01,707.5,711.5,699.5,707,39850,112371900,0,0
2023-08-02,699.5,708.5,699.5,706,26700,75304300,0,0
2023-08-03,699,702.5,687,690,29800,82340700,0,0
2023-08-04,690,695,686,694,12400,34303500,0,0
2023-08-07,690.5,711,690.5,709.5,15900,44878900,0,0
2023-08-08,712.5,713.5,707,712,16100,45792000,0,0
2023-08-09,712,713.5,706,708,11750,33352700,0,0
2023-08-10,708,714,703.5,714,17750,50437600,0,0
2023-08-14,708.5,713.5,696.5,699.5,15550,43623300,0,0
2023-08-15,694.5,700,694,698.5,17850,49782900,0,0
2023-08-16,690,698,690,693.5,13400,37194700,0,0
2023-08-17,694.5,700.5,690,700.5,15850,44181400,0,0
2023-08-18,696.5,702.5,694.5,697.5,25300,70589200,0,0
2023-08-21,700.5,703,697,697,12050,33719100,0,0
2023-08-22,703,705.5,698.5,705,10750,30244600,0,0
2023-08-23,707.5,712.5,704,712,14500,41156800,0,0
2023-08-24,716.5,717,713,716,11200,32044000,0,0
2023-08-25,715.5,718.5,712,715,18800,53808400,0,0
2023-08-28,717.5,730,717.5,729,23850,69144700,0,0
2023-08-29,724,725.5,719,724,9650,27869000,0,0
2023-08-30,722,725,720,721,16950,48967600,0,0
2023-08-31,722,731.5,722,729,25150,73323200,0,0
2023-09-01,723,735,723,734.5,24850,72804100,0,0
2023-09-04,734.5,738.5,733,736.5,18050,53137000,0,0
2023-09-05,733,736,730,734.5,26250,77058100,0,0
2023-09-06,731.5,734,724,733,25100,73358600,0,0
2023-09-07,726.5,737.5,726.5,728,15600,45568200,0,0
2023-09-08,722,732,719,721.5,36950,106770900,0,0
2023-09-11,725,729,720.5,724,34900,101035400,0,0
2023-09-12,725,731,722.5,730,29000,84159600,0,0
2023-09-13,731,738,729.5,735,28350,83154600,0,0
2023-09-14,736.5,749,734.5,748,26250,78198700,0,0
2023-09-15,749.5,756.5,739,755,68200,204439600,0,0
2023-09-19,760,772.5,755.5,763.5,55700,169891900,0,0
2023-09-20,760,769,753.5,755,29400,89257700,0,0
2023-09-21,750,764,747,757.5,17750,53803800,0,0
2023-09-22,762,764.5,752,761,23150,70340500,0,0
2023-09-25,773.5,791.5,772.5,791,52950,166129500,0,0
2023-09-26,799,814,795,812.5,46850,151422200,0,0
2023-09-27,813.5,835,809.5,832.5,71750,236841500,0,0
2023-09-28,834.5,848.5,828,841.5,68800,231429100,0,0
2023-09-29,841.5,851,823,826,44850,149829200,0,0
2023-10-02,831.5,833.5,804.5,806.5,35050,114093300,0,0
2023-10-03,806.5,818,802.5,808.5,40050,130005000,0,0
2023-10-04,798,807,789.5,798.5,44450,142207700,0,0
2023-10-05,798.5,825,798.5,819,36050,117799700,0,0
2023-10-06,816,829.5,816,823,25950,85529400,0,0
2023-10-10,839,855,839,850,42750,145376200,0,0
2023-10-11,855,857,845.5,853.5,38650,131760400,0,0
2023-10-12,848.5,873.5,848.5,869.5,41550,144012400,0,0
2023-10-13,869.5,879,850.5,857.5,33750,116286800,0,0
2023-10-16,853.5,859.5,841,843,31500,106808900,0,0
2023-10-17,856,869.5,856,865.5,25850,89369900,0,0
2023-10-18,870,876,860,866,36550,126873400,0,0
2023-10-19,857.5,859,845,851,29950,101994200,0,0
2023-10-20,851,854.5,843,851.5,23200,78915500,0,0
2023-10-23,845.5,850,838.5,838.5,22150,74638300,0,0
2023-10-24,838.5,841,817.5,838,33250,110689600,0,0
2023-10-25,847,853,838,842.5,28550,96410900,0,0
2023-10-26,825.5,833,802,818,46450,152343300,0,0
2023-10-27,828,856.5,823,852,45550,153776800,0,0
2023-10-30,844,852.5,830,841.5,45100,151590700,0,0
2023-10-31,833,848,824,848,32600,109367400,0,0
2023-11-01,867,881.5,857,865,40450,140142900,0,0
2023-11-02,871,881,862,872,29750,103608600,0,0
2023-11-06,881,903.5,881,901,61050,218741900,0,0
2023-11-07,896.5,908,884,890,43350,154665800,0,0
2023-11-08,893,922.5,893,917,113550,414298800,0,0
2023-11-09,918,940,916,919.5,59350,220026400,0,0
2023-11-10,919.5,937.5,915.5,935,38500,142953800,0,0
2023-11-13,940,944,913,913,52700,194621500,0,0
2023-11-14,913,925,905.5,906,29350,106987500,0,0
2023-11-15,909.5,919,904.5,915,25500,92956500,0,0
2023-11-16,906,931.5,905.5,920,51700,190238300,0,0
2023-11-17,930,939,916,922.5,65500,242399800,0,0
2023-11-20,927,927,891.5,895.5,47300,170380200,0,0
2023-11-21,887,901,885,895.5,30150,107975700,0,0
2023-11-22,890,892.5,882.5,885.5,20350,72245600,0,0
2023-11-24,881.5,894,877.5,891.5,27200,96556500,0,0
2023-11-27,895,898.5,875,878.5,24550,86837900,0,0
2023-11-28,876.5,881.5,872,881,23900,83975200,0,0
2023-11-29,880.5,881,859,875.5,30550,106614200,0,0
2023-11-30,865.5,880.5,861.5,873.5,46400,161785300,0,0
2023-12-01,881,881,859,861.5,33300,115470800,0,0
2023-12-04,851.5,856,836.5,856,39450,134183200,0,0
2023-12-05,846,859.5,846,853.5,39050,133428500,0,0
2023-12-06,861.5,882.5,860,879.5,32900,115077400,0,0
2023-12-07,875.5,888,874.5,883,39650,139909700,0,0
2023-12-08,874,884,857.5,865,55550,192939200,0,0
2023-12-11,865,869.5,833,864,53050,181240600,0,0
2023-12-12,870,873.5,849,852.5,26500,91055000,0,0
2023-12-13,849.5,850,836,839.5,29500,99588200,0,0
2023-12-14,837,840.5,822,827,34400,114509100,0,0
2023-12-15,827,838.5,827,835,44000,146349800,0,0
2023-12-18,815,825,813,822,50250,164252800,0,0
2023-12-19,819,823,810.5,820,48650,159111300,0,0
2023-12-20,817.5,821.5,810,811.5,46250,150850500,0,0
2023-12-21,802.5,827.5,802,815.5,112350,364638800,0,0
2023-12-22,818,831,818,828,93650,307722800,0,0
2023-12-25,835,837.5,822.5,823.5,141350,470545900,0,0
2023-12-26,836,852.5,835,850.5,149850,503783400,0,0
2023-12-27,890.5,898,873.5,885,232400,822944100,0,0
2023-12-28,878,894,871.5,890,126150,444457400,0,0
2023-12-29,895.5,901.5,887,897.5,32600,116823600,0,0
2024-01-04,888.5,897,876.5,897,26800,95231300,0,0
2024-01-05,904.5,913.5,901.5,909.5,21500,78169500,0,0
2024-01-09,910,911,900,907.5,23600,85550000,0,0
2024-01-10,908,924,907.5,917,39950,146545200,0,0
2024-01-11,940,953.5,940,948,72000,272486000,0,0
2024-01-12,959.5,968,944.5,949.5,68350,261004100,0,0
2024-01-15,944.5,971,941,968.5,39050,150016300,0,0
2024-01-16,970,977.5,932.5,938,83450,317798400,0,0
2024-01-17,935.5,958.5,933.5,936.5,56950,215198300,0,0
2024-01-18,934.5,951,932.5,941.5,49400,185809900,0,0
2024-01-19,940.5,949.5,931.5,940,49800,187031300,0,0
2024-01-22,948.5,960,947.5,951.5,30900,117858300,0,0
2024-01-23,950,958.5,932,936,31450,118733400,0,0
2024-01-24,955,962.5,947.5,954.5,56600,215957300,0,0
2024-01-25,965,989,963,982.5,77050,301708900,0,0
2024-01-26,985,1002.5,978,983,86750,342881000,0,0
2024-01-29,978.5,1001,976.5,999.5,75700,300858000,0,0
2024-01-30,1005.5,1023,918.5,919.5,197650,750494100,0,0
2024-01-31,881,916,878,916,152000,545204500,0,0
2024-02-01,905,927,897.5,918,54950,201504900,0,0
2024-02-02,915.5,918,896.5,901,64200,232030700,0,0
2024-02-05,905,905,885.5,897,50650,181259800,0,0
2024-02-06,889,889,870.5,878,54100,190033700,0,0
2024-02-07,869.5,882.5,869,879.5,30100,105556000,0,0
2024-02-08,878,878,858.5,871.5,40900,142006500,0,0
2024-02-09,866,876.5,863,865,25850,89770900,0,0
2024-02-13,866,881,864,879.5,43750,152874700,0,0
2024-02-14,879.5,879.5,857,870,44900,155649600,0,0
2024-02-15,874,877.5,857,863,40500,139907800,0,0
2024-02-16,871,873,861,862.5,37600,130318300,0,0
2024-02-19,865,883.5,865,880,41200,144418300,0,0
2024-02-20,884,899.5,883.5,891.5,44850,160427100,0,0
2024-02-21,890,891.5,867.5,878,47550,166923500,0,0
2024-02-22,896.5,896.5,880.5,891,42300,150182000,0,0
2024-02-26,900,910,893.5,896,59800,215545900,0,0
2024-02-27,893.5,900,862.5,863.5,55350,194114900,0,0
2024-02-28,867,876,861.5,867.5,57150,198551100,0,0
2024-02-29,920.5,950,904,950,272300,1010956600,0,0
2024-03-01,925,941,917,940.5,100700,374771600,0,0
2024-03-04,949.5,959.5,934,934,71600,270017000,0,0
2024-03-05,925,933.5,903,926,53800,198364000,0,0
2024-03-06,921.5,945,920,926,48100,179183200,0,0
2024-03-07,927.5,938,909,913.5,32400,119126500,0,0
2024-03-08,895,912.5,889,895,73250,263738500,0,0
2024-03-11,875,894,872.5,892.5,28750,101953800,0,0
2024-03-12,889.5,891,867.5,887,33950,119430600,0,0
2024-03-13,899,900,868.5,878.5,48450,170150700,0,0
2024-03-14,889,889,871,880.5,25900,91244900,0,0
2024-03-15,876,900,876,895.5,30300,107951300,0,0
2024-03-18,915.5,916,881.5,892.5,70650,253190400,0,0
2024-03-19,887,893,877,882.5,48150,170261200,0,0
2024-03-21,885,898,877.5,890.5,47750,169935500,0,0
2024-03-22,897,916,897,912,55450,201375200,0,0
2024-03-25,912,928,911.5,914,52450,192773600,0,0
2024-03-26,905,910,897,904.5,35100,126972100,0,0
2024-03-27,907.5,918.5,903,911.5,54650,199184200,0,0
2024-03-28,911.5,911.5,878,879.5,54750,194342700,0,0
2024-03-29,883.5,893,878.5,883,34200,120881900,0,0
2024-04-01,892,892,866,867.5,45200,157528900,0,0
2024-04-02,866,866,843.5,851,72750,248092700,0,0
2024-04-03,848.5,864,845,854,43300,147995700,0,0
2024-04-04,854.5,855,843.5,850.5,49700,169155600,0,0
2024-04-05,844.5,854,836,849.5,39150,132602300,0,0
2024-04-08,854.5,854.5,842.5,854,45250,153857000,0,0
2024-04-09,849.5,858,847.5,855,45800,156418100,0,0
2024-04-10,849,864,848,848,39650,135293100,0,0
2024-04-11,835.5,850,828,844.5,34650,116660600,0,0
2024-04-12,847,853.5,839.5,846,49400,167147700,0,0
2024-04-15,833,848.5,831,847.5,47250,159068000,0,0
2024-04-16,847.5,852,838,841.5,53150,179498400,0,0
2024-04-17,841.5,845,831,840,51300,172175400,0,0
2024-04-18,840,856.5,840,850.5,44350,150774600,0,0
2024-04-19,850.5,858,822.5,832.5,50400,168594000,0,0
2024-04-22,835.5,859.5,830.5,859.5,44200,150332500,0,0
2024-04-23,860,870,852.5,862,49250,169210400,0,0
2024-04-24,868,868,853.5,864,54900,189350100,0,0
2024-04-25,872,889,847,858.5,102000,354136700,0,0
2024-04-26,842.5,902.5,842.5,900,220450,788484900,0,0
2024-04-30,904.5,904.5,881,888.5,82800,294565100,0,0
2024-05-01,872,897,862.5,880.5,38900,137683900,0,0
2024-05-02,890.5,891,866.5,878,19400,68058400,0,0
2024-05-07,875.5,882.5,867.5,880.5,19350,67980100,0,0
2024-05-08,876,883,869.5,871.5,38300,134198000,0,0
2024-05-09,876,895.5,865,890.5,24550,86966800,0,0
2024-05-10,935,940.5,909.5,927,67050,248955400,0,0
2024-05-13,927,969.5,922,965,103000,394642500,0,0
2024-05-14,966,992,966,981.5,77950,306570100,0,0
2024-05-15,981.5,991.5,971.5,979,51150,200963600,0,0
2024-05-16,980.5,980.5,964,967,37400,145375400,0,0
2024-05-17,967,967,951,956,45550,174538900,0,0
2024-05-20,958,971,944,947.5,60000,229143800,0,0
2024-05-21,937.5,945,922.5,938,56500,211636400,0,0
2024-05-22,955,955,919,932,44100,164650000,0,0
2024-05-23,934,966.5,929,962,39750,152078200,0,0
2024-05-24,954,986,954,976.5,56750,221652200,0,0
2024-05-27,977,990,975.5,988,33550,131951900,0,0
2024-05-28,989.5,999,976.5,980.5,40000,157539300,0,0
2024-05-29,991.5,1007.5,983.5,999.5,62100,247495100,0,0
2024-05-30,999.5,1009.5,997,1000.5,66200,265655900,0,0
2024-05-31,1007,1036,995,1027.5,136450,556913600,0,0
2024-06-03,1030,1059,1030,1039.5,76350,319740000,0,0
2024-06-04,1039.5,1039.5,971.5,1015.5,93450,376914700,0,0
2024-06-05,1000,1013,987.5,1013,26800,107466900,0,0
2024-06-06,1025.5,1026,1007.5,1014,22300,90510400,0,0
2024-06-07,1015,1017.5,1003.5,1010,19700,79633600,0,0
2024-06-10,1015,1019,1006,1018.5,33100,134383000,0,0
2024-06-11,1013.5,1016.5,983,986.5,39700,157489600,0,0
2024-06-12,982.5,1004.5,982,991,27450,108927100,0,0
2024-06-13,998.5,1006.5,988.5,991,24800,98740900,0,0
2024-06-14,986.5,1022.5,980,1020.5,38050,153400900,0,0
2024-06-17,1025,1029,1013.5,1020.5,47800,194910000,0,0
2024-06-18,1029,1030.5,1011.5,1030.5,35400,144919900,0,0
2024-06-19,1030.5,1060,1030.5,1054.5,32550,136854700,0,0
2024-06-20,1060,1070,1032.5,1046,40800,171099300,0,0
2024-06-21,1036,1047.5,1028,1028,84500,348994500,0,0
2024-06-24,1035,1041,1020.5,1033.5,22900,94625900,0,0
2024-06-25,1040.5,1054.5,1037,1040.5,32650,136200000,0,0
2024-06-26,1040,1076.5,1039,1076.5,52400,223192700,0,0
2024-06-27,1050,1076,1050,1066.5,49450,209330800,0,0
2024-06-28,1072,1072,1054.5,1065,28250,120203600,0,0
2024-07-01,1058,1068,1054,1065.5,30300,128764800,0,0
2024-07-02,1061,1086,1056,1080,36800,158302300,0,0
2024-07-03,1066,1079.5,1062.5,1064,30250,129392500,0,0
2024-07-04,1062.5,1065.5,1040.5,1044.5,31550,131941900,0,0
2024-07-05,1040.5,1045,1025.5,1028,22650,93488300,0,0
2024-07-08,1040,1121.5,1040,1101.5,152450,670995800,0,0
2024-07-09,1100,1118,1093,1108,57850,256169000,0,0
2024-07-10,1111.5,1118,1090,1100,45200,199420300,0,0
2024-07-11,1100,1134.5,1093.5,1130.5,71350,318828500,0,0
2024-07-12,1125,1149.5,1117.5,1128,51250,232200000,0,0
2024-07-16,1130,1149.5,1129.5,1138,34550,157034000,0,0
2024-07-17,1150,1157.5,1125.5,1135.5,40150,182445500,0,0
2024-07-18,1125.5,1135,1104.5,1105,33800,150993000,0,0
2024-07-19,1100.5,1105.5,1077.5,1087.5,38900,169174800,0,0
2024-07-22,1085.5,1100,1058,1061,36400,156351000,0,0
2024-07-23,1061,1067.5,1044,1044.5,30950,130376200,0,0
2024-07-24,1033.5,1048,1023.5,1033.5,39900,165230200,0,0
2024-07-25,1019.5,1043,1015.5,1027.5,40300,165701100,0,0
2024-07-26,1027,1042.5,1022,1028.5,50750,209188300,0,0
2024-07-29,1037.5,1052.5,1029.5,1046.5,58400,243401600,0,0
2024-07-30,1069.5,1143.5,1057.5,1130.5,194300,860674300,0,0
2024-07-31,1125,1157,1108,1157,98750,449744100,0,0
2024-08-01,1132,1136,1062,1072.5,74700,324784100,0,0
2024-08-02,1022.5,1028.5,976.5,979,92550,368187100,0,0
2024-08-05,919,927.5,850,865.5,76300,272754100,0,0
2024-08-06,877.5,970.5,877.5,941,64700,241284800,0,0
2024-08-07,921,963.5,902.5,938,53100,199972000,0,0
2024-08-08,918,939,896.5,906.5,53450,195812400,0,0
2024-08-09,926.5,926.5,886.5,904,57750,209813000,0,0
2024-08-13,920.5,973.5,920.5,968,55350,211567900,0,0
2024-08-14,968,981.5,956,979.5,36400,141336800,0,0
2024-08-15,979,981,959.5,964,36850,142730500,0,0
2024-08-16,998.5,1032,986.5,1032,46400,188419600,0,0
2024-08-19,1029,1029,997.5,1000,42300,170686700,0,0
2024-08-20,1005.5,1007,983,994,33450,133475200,0,0
2024-08-21,985,1017,983,1011.5,26750,107642700,0,0
2024-08-22,1020,1025.5,1001,1009,29300,118470300,0,0
2024-08-23,1019.5,1034.5,1013.5,1032,27700,113909100,0,0
2024-08-26,1032.5,1037.5,1006.5,1009,30900,125953500,0,0
2024-08-27,1001,1029.5,1001,1026.5,21650,88416000,0,0
2024-08-28,1011,1026.5,1000,1024.5,56100,227603300,0,0
2024-08-29,1005,1024,1005,1016,15500,63007800,0,0
2024-08-30,1020,1029,1010,1015.5,25000,101675200,0,0
2024-09-02,1026,1026,1005,1020,15050,61157000,0,0
2024-09-03,1020.5,1032.5,1020.5,1029.5,11800,48473200,0,0
2024-09-04,1000,1021,996.5,1013.5,31800,128489300,0,0
2024-09-05,995.5,1021.5,995.5,1000.5,29050,117050500,0,0
2024-09-06,1008.5,1020,975.5,982.5,25400,100447900,0,0
2024-09-09,942.5,980,937,969.5,29200,112462600,0,0
2024-09-10,968,981.5,963.5,968,28200,109553500,0,0
2024-09-11,958.5,962,934,935.5,39150,148106000,0,0
2024-09-12,962.5,984.5,948.5,957,26900,103150000,0,0
2024-09-13,948,955.5,943,955.5,38650,146818500,0,0
2024-09-17,962.5,963,939,961.5,31450,119731800,0,0
2024-09-18,980.5,996,960.5,996,71200,279637600,0,0
2024-09-19,1007,1025,1007,1018.5,29850,121419900,0,0
2024-09-20,1031,1041,1025,1036,55100,228083200,0,0
2024-09-24,1038.5,1038.5,1020.5,1027.5,19600,80599000,0,0
2024-09-25,1040.5,1054.5,1027.5,1036,47500,197581100,0,0
2024-09-26,1044.5,1067.5,1044.5,1062.5,51600,217874600,0,0
2024-09-27,1061.5,1066.5,1045,1059,26650,112897800,0,0
2024-09-30,1012.5,1035,1011.5,1028.5,30750,125775900,0,0
2024-10-01,1029.5,1041.5,1018.5,1038.5,31850,131456900,0,0
2024-10-02,1031,1049,1021.5,1027.5,37850,156858700,0,0
2024-10-03,1051,1061.5,1044.5,1053.5,25750,108284500,0,0
2024-10-04,1049,1053,1040.5,1047,20050,83977500,0,0
2024-10-07,1069.5,1086,1057.5,1076.5,34800,150029300,0,0
2024-10-08,1056,1062.5,1034,1034.5,23750,98970700,0,0
2024-10-09,1043.5,1045.5,1026.5,1033.5,16700,69140300,0,0
2024-10-10,1035,1035,1018,1021.5,17100,70019100,0,0
2024-10-11,1024.5,1033,1018,1018,17300,70731800,0,0
2024-10-15,1038,1048.5,1027.5,1039,30750,127846700,0,0
2024-10-16,1024,1040.5,1004.5,1008,31650,128633500,0,0
2024-10-17,1005,1016.5,1004,1011.5,21350,86288200,0,0
2024-10-18,1019,1027.5,1009,1009.5,19000,77121000,0,0
2024-10-21,1002.5,1010.5,992.5,992.5,14000,55870300,0,0
2024-10-22,987.5,994,965,968.5,23900,92980200,0,0
2024-10-23,969,975,954,959,19450,74815500,0,0
2024-10-24,950.5,961,945.5,958,25050,95654300,0,0
2024-10-25,959.5,961.5,942.5,945.5,20950,79681000,0,0
2024-10-28,950,960,940,947,20300,76883600,0,0
2024-10-29,945,949.5,938,949.5,28000,105839000,0,0
2024-10-30,955,1040,952.5,1040,200950,811552900,0,0
2024-10-31,1020,1045.5,999,1038,95600,393982500,0,0
2024-11-01,1024.5,1031.5,992,992,47100,189251200,0,0
2024-11-05,992,1062.5,990,1061,65400,273915800,0,0
2024-11-06,1061,1116.5,1058,1085,57000,247535200,0,0
2024-11-07,1110,1130.5,1102.5,1107,48200,214823500,0,0
2024-11-08,1120,1120,1081.5,1082,29300,128172500,0,0
2024-11-11,1041.5,1065.5,1041.5,1058.5,32500,137098500,0,0
2024-11-12,1058.5,1071,1030.5,1032,51000,213148900,0,0
2024-11-13,1032,1041.5,1009,1011.5,44300,181198800,0,0
2024-11-14,1016,1022,1005,1014,24850,100864000,0,0
2024-11-15,1014,1040,1014,1025,35400,145827800,0,0
2024-11-18,1025.5,1040,1022.5,1029,22700,93473600,0,0
2024-11-19,1038,1048,1025.5,1026.5,20400,84256200,0,0
2024-11-20,1027,1056.5,1027,1051,19350,81021100,0,0
2024-11-21,1057,1072,1050.5,1059.5,25900,110218700,0,0
2024-11-22,1061.5,1077,1057.5,1070.5,24450,104286900,0,0
2024-11-25,1076,1076,1032,1032,83750,348544000,0,0
2024-11-26,1029,1046.5,1018,1037.5,33650,138412200,0,0
2024-11-27,1020.5,1027,999,1006,22150,89367400,0,0
2024-11-28,1006,1020,987.5,1020,24750,100043000,0,0
2024-11-29,1016.5,1024.5,1010,1010,21550,87545200,0,0
2024-12-02,1011.5,1034.5,1001,1024.5,37750,154346000,0,0
2024-12-03,1024.5,1054.5,1024.5,1047,34350,143650300,0,0
2024-12-04,1047,1053,1025,1032.5,30500,126183300,0,0
2024-12-05,1041,1056,1031.5,1050,34950,146435900,0,0
2024-12-06,1056,1056,1037,1047,20500,85909000,0,0
2024-12-09,1050.5,1063.5,1047.5,1052,23950,101039700,0,0
2024-12-10,1073.5,1091.5,1069,1079,47350,204610000,0,0
2024-12-11,1070.5,1071,1054,1057,15950,67583000,0,0
2024-12-12,1072,1094.5,1069,1074.5,31550,136339700,0,0
2024-12-13,1058,1080,1042,1042,32900,138672300,0,0
2024-12-16,1052.5,1070.5,1045.5,1057,26100,110676900,0,0
2024-12-17,1060.5,1070.5,1029,1051.5,32200,134736200,0,0
2024-12-18,1036.5,1054,1031,1031.5,23600,98096400,0,0
2024-12-19,1010,1032,1000.5,1019,41250,168160700,0,0
2024-12-20,1015.5,1016.5,996,1003.5,51550,207843700,0,0
2024-12-23,1005.5,1019,1003.5,1012.5,45150,182620400,0,0
2024-12-24,1012.5,1025,1007,1014,40500,164614000,0,0
2024-12-25,1023,1025,998,1012.5,50300,203143400,0,0
2024-12-26,1012.5,1020.5,1008,1017.5,59150,239870600,0,0
2024-12-27,1019.5,1029.5,1012,1029,36950,151454100,0,0
2024-12-30,1033,1046,1033,1039.5,27800,115549200,0,0
2025-01-06,1040.5,1042.5,1006,1008.5,36650,148984400,0,0
2025-01-07,1009,1015,997.5,1001.5,60050,240688300,0,0
2025-01-08,1000,1004.5,992,992,47800,190708400,0,0
2025-01-09,977.5,983.5,968,974.5,43400,169203200,0,0
2025-01-10,962,967,951.5,958.5,30050,115376500,0,0
2025-01-14,958.5,972.5,958,967,33150,128026800,0,0
2025-01-15,962.5,980,959.5,963,38600,149044500,0,0
2025-01-16,962.5,972,958,959.5,28250,108739100,0,0
2025-01-17,955.5,955.5,940,953.5,30300,115047200,0,0
2025-01-20,959.5,965.5,956.5,959.5,22600,86878800,0,0
2025-01-21,957,961.5,947,950,25550,97237400,0,0
2025-01-22,950,956,946.5,951.5,22100,84108800,0,0
2025-01-23,948.5,950,936.5,950,31250,118113900,0,0
2025-01-24,953.5,960,943,957.5,26900,102762300,0,0
2025-01-27,962.5,965.5,953,957.5,54050,207544700,0,0
2025-01-28,965,965,945,957,55200,210306300,0,0
2025-01-29,965,966.5,926.5,955.5,189550,716027600,0,0
2025-01-30,969,998,959.5,967.5,124600,483576900,0,0
2025-01-31,960.5,965,949,960.5,55600,212823100,0,0
2025-02-03,952.5,962.5,937,952,61550,233473000,0,0
2025-02-04,962.5,980,962.5,963,44800,173857800,0,0
2025-02-05,963.5,990,947.5,987.5,65700,256929200,0,0
2025-02-06,998,1014.5,994,997.5,51150,205053200,0,0
2025-02-07,997.5,1032,997.5,1022,47500,194541600,0,0
2025-02-10,1028.5,1031,1016.5,1025,29850,122072100,0,0
2025-02-12,1030,1039.5,1016.5,1021,36450,149261700,0,0
2025-02-13,1017.5,1022.5,1009.5,1016,21200,86261900,0,0
2025-02-14,1028,1039,1015,1015,27800,114241300,0,0
2025-02-17,1023,1027.5,1003,1007,32000,129334900,0,0
2025-02-18,996,1003,988.5,995.5,39800,158438400,0,0
2025-02-19,998,998,988.5,993,28600,113629100,0,0
2025-02-20,982.5,982.5,963,966.5,21200,82253900,0,0
2025-02-21,957.5,966,944.5,953.5,37850,144342800,0,0
2025-02-25,939.5,957,928,945,33500,126676900,0,0
2025-02-26,928,942,918,940,60750,226436800,0,0
2025-02-27,945,960.5,933.5,960.5,35550,135383300,0,0
2025-02-28,946,951.5,927.5,931.5,41350,154392600,0,0
2025-03-03,943,951,935.5,945.5,27100,102516000,0,0
2025-03-04,951,951,929.5,938.5,30100,112781800,0,0
2025-03-05,941,960,940,950.5,40350,153611200,0,0
2025-03-06,965,969,960,964,28450,109625300,0,0
2025-03-07,949.5,969.5,940,961,25650,98262500,0,0
2025-03-10,961,962.5,945,945,19450,74014600,0,0
2025-03-11,944.5,945,921,932,39400,146447700,0,0
2025-03-12,932,950,925.5,943.5,34050,128076200,0,0
2025-03-13,944,954.5,941,948,15700,59504000,0,0
2025-03-14,936.5,952.5,930,949.5,45850,172925400,0,0
2025-03-17,957.5,962,945.5,957.5,33750,128892000,0,0
2025-03-18,964,965,953.5,956.5,58500,224794100,0,0
2025-03-19,960,980,955.5,963,23400,90804100,0,0
2025-03-21,956,966.5,955,963.5,16350,62962900,0,0
2025-03-24,966.5,970,956,960.5,18750,72106900,0,0
2025-03-25,965.5,970,955,970,34000,131403100,0,0
2025-03-26,973,981.5,964.5,972,39300,152651300,0,0
2025-03-27,961,979.5,958.5,979.5,50900,198390900,0,0
2025-03-28,975,976,947.5,956,37650,144230100,0,0
2025-03-31,928,930.5,906.5,918.5,53100,195414000,0,0
2025-04-01,925,930.5,911,911.5,24800,90938100,0,0
2025-04-02,920,920,899.5,910.5,27600,100019500,0,0
2025-04-03,872.5,880.5,862.5,877.5,47200,164643200,0,0
2025-04-04,850,854,829.5,849,60400,203565000,0,0
2025-04-07,789,800.5,759.5,789.5,46750,147630100,0,0
2025-04-08,805.5,833.5,792.5,829,63700,209442600,0,0
2025-04-09,791.5,804,775,795,53600,169393700,0,0
2025-04-10,855,861,840,854.5,60350,205381500,0,0
2025-04-11,796.5,839,794.5,832,34100,111876800,0,0
2025-04-14,837,841,827,832,42750,142505800,0,0
2025-04-15,840,863.5,833,858,50050,170979900,0,0
2025-04-16,857,865.5,847.5,858.5,37500,128862400,0,0
2025-04-17,872,872,853.5,861.5,16200,55681500,0,0
2025-04-18,867,872.5,858.5,872.5,32700,113535100,0,0
2025-04-21,858,864.5,853,860,23600,80971300,0,0
2025-04-22,859.5,869,852.5,865,21100,72568100,0,0
2025-04-23,867,878.5,860.5,876,54900,191386200,0,0
2025-04-24,877.5,882,867.5,878,40250,140884600,0,0
2025-04-25,880.5,975,855,957,265750,999017100,0,0
2025-04-28,974.5,992.5,940,943,80900,308635400,0,0
2025-04-30,946,946,912.5,917,72400,268280600,0,0
2025-05-01,915.5,929.5,898.5,919,64750,237177200,0,0
2025-05-02,915,928,890.5,924.5,54300,198771000,0,0
2025-05-07,918,918.5,904.5,904.5,59350,216546200,0,0
2025-05-08,896.5,907.5,882,902,62650,224465300,0,0
2025-05-09,909,930,900.5,921,37500,137699200,0,0
2025-05-12,933.5,947,931,936.5,30800,115738200,0,0
2025-05-13,971.5,975,942,950.5,42950,164310200,0,0
2025-05-14,953.5,963.5,935.5,955.5,41150,157291000,0,0
2025-05-15,951,956,942.5,948,26500,100590000,0,0
2025-05-16,946.5,949,936.5,940,21850,82279600,0,0
2025-05-19,927.5,939.5,923.5,935,35450,132400700,0,0
2025-05-20,934,946,932,937.5,32750,123008800,0,0
2025-05-21,939.5,950,932.5,935,37750,141589500,0,0
2025-05-22,925,948.5,920.5,940.5,57150,214157400,0,0
2025-05-23,948.5,959,941,947.5,35600,135124600,0,0
2025-05-26,947,959,947,954,18200,69337600,0,0
2025-05-27,960,974,960,970.5,18550,71952800,0,0
2025-05-28,976,998.5,975,981.5,44300,174605500,0,0
2025-05-29,981.5,989.5,969,973,33900,132436900,0,0
2025-05-30,957,975.5,953,969.5,28150,108998800,0,0
2025-06-02,960.5,974,960.5,974,24450,94995500,0,0
2025-06-03,970,974.5,965.5,969.5,27100,105104700,0,0
2025-06-04,976,983,972.5,978.5,20900,81778900,0,0
2025-06-05,972,975.5,963,969,26750,103737100,0,0
2025-06-06,980.5,984,973.5,977,17900,70048600,0,0
2025-06-09,980,980.5,965,969,24300,94557500,0,0
2025-06-10,975,978,964,964,24500,95114700,0,0
2025-06-11,961,970,952,958.5,27800,106564800,0,0
2025-06-12,958.5,961,948,951,28200,107426700,0,0
2025-06-13,942.5,952.5,931,950,37150,139994200,0,0
2025-06-16,953.5,957.5,946,955.5,17700,67511300,0,0
2025-06-17,954.5,959.5,948.5,950,16800,63970100,0,0
2025-06-18,949,954.5,944,949,24350,92509100,0,0
2025-06-19,950,953.5,941,943,18900,71640000,0,0
2025-06-20,943,946,936,939.5,57050,214583700,0,0
2025-06-23,935.5,948,935,943,19500,73566700,0,0
2025-06-24,956.5,969,955,960,15450,59256000,0,0
2025-06-25,962.5,973.5,959.5,963.5,21100,81317800,0,0
2025-06-26,963.5,990.5,963.5,986,27550,108183600,0,0
2025-06-27,985.5,998.5,985.5,989.5,24900,98718600,0,0
2025-06-30,989.5,1005.5,979.5,979.5,37750,149655900,0,0
2025-07-01,985,985,967,975,26150,101950900,0,0
2025-07-02,967.5,984,965.5,976.5,17600,68766100,0,0
2025-07-03,973.5,982,973.5,979,10000,39138100,0,0
2025-07-04,979,983.5,975.5,978.5,8200,32110000,0,0
2025-07-07,973,984,970,983.5,17050,66907500,0,0
2025-07-08,978,999,978,994.5,28250,112152300,0,0
2025-07-09,994,1024,990,1008.5,37750,152990300,0,0
2025-07-10,1021,1054.5,1015,1044,62400,259861700,0,0
2025-07-11,1037,1107.5,1037,1101.5,115650,502836800,0,0
2025-07-14,1099,1182,1097.5,1173,131550,606833200,0,0
2025-07-15,1165,1219.5,1160,1186,112150,535530200,0,0
2025-07-16,1197.5,1217,1191,1200,83850,404097500,0,0
2025-07-17,1189,1197.5,1170,1175,52500,247899200,0,0
2025-07-18,1189.5,1194,1158.5,1164.5,45900,215549000,0,0
2025-07-22,1153,1167,1148,1150,38400,177390400,0,0
2025-07-23,1153.5,1166,1145.5,1153,31600,146186500,0,0
2025-07-24,1165,1179.5,1153.5,1159.5,26750,124550800,0,0
2025-07-25,1160,1163,1142.5,1152,37600,173151200,0,0
2025-07-28,1155.5,1170.5,1155,1170.5,24550,114606700,0,0
2025-07-29,1160.5,1164,1148,1156.5,24450,112903600,0,0
2025-07-30,1168.5,1190,1004,1056.5,191100,814766000,0,0
2025-07-31,1060,1076.5,1024.5,1050.5,158500,664957700,0,0
2025-08-01,1050,1061,1033,1056.5,57750,243115800,0,0
2025-08-04,1031.5,1038,1017,1031.5,39050,160374200,0,0
2025-08-05,1035,1063,1026.5,1044,39850,166926000,0,0
2025-08-06,1044,1061.5,1042,1053,37250,156661900,0,0
2025-08-07,1045.5,1059,1043,1045,19600,82212500,0,0
2025-08-08,1045,1079,1038,1064,36850,156936700,0,0
2025-08-12,1070,1075,1051,1058,32250,136664300,0,0
2025-08-13,1056.5,1064.5,1048,1058.5,31350,132794000,0,0
2025-08-14,1054,1063,1047.5,1051,23700,99727100,0,0
2025-08-15,1055.5,1070,1051,1062,36250,153730600,0,0
2025-08-18,1060.5,1080,1060.5,1066,35000,149647900,0,0
2025-08-19,1070.5,1089.5,1070.5,1087.5,25150,109083500,0,0
2025-08-20,1095.5,1111.5,1090,1099.5,44400,195498300,0,0
2025-08-21,1093,1105,1087,1099,34900,153346300,0,0
2025-08-22,1110,1131,1083,1121,52200,232935100,0,0
2025-08-25,1120,1128,1104,1104,27150,121092500,0,0
2025-08-26,1104,1106,1088,1103,28850,126920000,0,0
2025-08-27,1099,1103.5,1085,1085,19650,85785300,0,0
2025-08-28,1084,1095.5,1084,1092,18300,79879800,0,0
2025-08-29,1085.5,1096.5,1081.5,1085,11650,50708900,0,0
2025-09-01,1084,1096,1074,1086,19200,83269200,0,0
2025-09-02,1097.5,1106,1082,1083.5,25850,112879400,0,0
2025-09-03,1083.5,1093.5,1082,1082,25950,112720400,0,0
2025-09-04,1081,1088,1069,1075.5,22500,96858700,0,0
2025-09-05,1086.5,1097.5,1076.5,1093,32100,140230600,0,0
2025-09-08,1099.5,1106,1086.5,1092,15500,67848400,0,0
2025-09-09,1094,1118,1085,1106.5,95050,417605700,0,0
2025-09-10,1109.5,1110,1087,1095,32050,140710300,0,0
2025-09-11,1101,1101,1082.5,1090,18650,81463400,0,0
2025-09-12,1089,1106.5,1078,1092,50800,222141800,0,0
2025-09-16,1092,1112.5,1088,1112.5,55100,243320600,0,0
2025-09-17,1105,1107.5,1088,1100,23900,105188900,0,0
2025-09-18,1103.5,1124,1097,1117.5,65100,289303400,0,0
2025-09-19,1125,1132.5,1107.5,1114,60250,269499000,0,0
2025-09-22,1120.5,1164,1118,1147.5,69250,316866500,0,0
2025-09-24,1145,1148,1126,1144,45900,209559300,0,0
2025-09-25,1152.5,1156,1139,1151,46950,216095800,0,0
2025-09-26,1147.5,1159,1141,1152,44700,205800200,0,0
2025-09-29,1150,1150,1120,1123,30950,139635700,0,0
2025-09-30,1127,1131,1116,1119,24700,110916300,0,0
2025-10-01,1115.5,1115.5,1081.5,1095.5,36650,160170200,0,0
2025-10-02,1093.5,1123.5,1086.5,1121.5,34100,151459900,0,0
2025-10-03,1100,1138,1100,1124.5,71950,321659700,0,0
2025-10-06,1172,1186.5,1145,1184.5,87650,412038100,0,0
2025-10-07,1185,1251.5,1183.5,1236,113450,559029500,0,0
2025-10-08,1251.5,1262.5,1200,1206,75350,371184900,0,0
2025-10-09,1213,1249,1208.5,1249,63850,315337700,0,0
2025-10-10,1231.5,1237,1165.5,1172,64300,307069800,0,0
2025-10-14,1152.5,1158.5,1116,1116,52200,235821400,0,0
2025-10-15,1121.5,1147.5,1121.5,1143.5,37900,172408000,0,0
2025-10-16,1150,1182,1150,1177.5,45850,214767700,0,0
2025-10-17,1180,1180.5,1162,1171.5,23650,110723000,0,0
2025-10-20,1200.5,1210,1178.5,1188,45350,216702900,0,0
2025-10-21,1192.5,1212,1187,1192.5,46750,224427700,0,0
2025-10-22,1187,1190.5,1174,1184.5,26950,127316400,0,0
2025-10-23,1175,1192,1169.5,1186,32750,155004300,0,0
2025-10-24,1200,1211,1190.5,1203.5,37950,182546700,0,0
2025-10-27,1224.5,1247,1214,1247,50500,249439000,0,0
2025-10-28,1259.5,1266,1196.5,1203.5,88300,432536500,0,0
2025-10-29,1200,1414.5,1190,1386.5,279100,1509187400,0,0
2025-10-30,1400,1413.5,1377.5,1382.5,161850,902162300,0,0
2025-10-31,1358.5,1384,1353.5,1375,79600,436345700,0,0
2025-11-04,1354,1395.5,1341,1346.5,83550,455746200,0,0
2025-11-05,1338.5,1339,1277,1324.5,78750,413464800,0,0
2025-11-06,1333.5,1346.5,1327,1336.5,55550,297395600,0,0
2025-11-07,1326.5,1333,1304.5,1323.5,52150,275286100,0,0
2025-11-10,1340,1361,1329.5,1343,44800,241520800,0,0
2025-11-11,1349.5,1363.5,1345,1348.5,43350,234458400,0,0
2025-11-12,1373.5,1401.5,1362.5,1395.5,64600,358861100,0,0
2025-11-13,1404,1418,1397,1407,40700,229313700,0,0
2025-11-14,1410,1422.5,1391.5,1408,58700,331385900,0,0
2025-11-17,1425.5,1431,1402.5,1428,46150,262403000,0,0
2025-11-18,1426,1441.5,1399.5,1402.5,56250,318857900,0,0
2025-11-19,1400.5,1406,1342,1350.5,42650,232863400,0,0
2025-11-20,1386,1401.5,1363.5,1383,48550,269240200,0,0
2025-11-21,1365,1396,1332.5,1348,53350,289640600,0,0
2025-11-25,1377,1382,1347.5,1352.5,37450,204099300,0,0
2025-11-26,1369,1388,1354,1358,44700,244036100,0,0
2025-11-27,1360,1421.5,1360,1414.5,68300,383258800,0,0
2025-11-28,1430.5,1434,1412.5,1424,37700,214470400,0,0
2025-12-01,1434.5,1442.5,1387.5,1401.5,52850,297705100,0,0
2025-12-02,1403,1403,1369,1369,42400,233377700,0,0
2025-12-03,1355.5,1367.5,1331.5,1331.5,53050,285215300,0,0
2025-12-04,1331,1354.5,1326,1345.5,26750,143777100,0,0
2025-12-05,1320.5,1342.5,1315,1331,30250,161281400,0,0
2025-12-08,1338.5,1366.5,1338,1359.5,29450,159548800,0,0
2025-12-09,1352,1363,1345,1356,31250,169464700,0,0
2025-12-10,1370,1396,1369.5,1369.5,50350,277449300,0,0
2025-12-11,1371.5,1375,1335,1349.5,37750,204493500,0,0
2025-12-12,1371.5,1404,1364.5,1400.5,43350,240947800,0,0
2025-12-15,1397,1400,1379.5,1394.5,19600,109253900,0,0
2025-12-16,1392.5,1397.5,1359,1360.5,27700,151601200,0,0
2025-12-17,1361.5,1378.5,1350,1376,25350,138833800,0,0
2025-12-18,1372,1376.5,1362,1362.5,26300,143917100,0,0
2025-12-19,1359,1391.5,1359,1381,24800,136971000,0,0
2025-12-22,1384.5,1415,1381,1403,29550,165890800,0,0
2025-12-23,1387.5,1400.5,1376,1385,31700,175810500,0,0
2025-12-24,1390,1416,1390,1396,34850,195427700,0,0
2025-12-25,1396,1411.5,1396,1403.5,22950,128825800,0,0
2025-12-26,1405,1429.5,1396.5,1413.5,43400,245278500,0,0
2025-12-29,1422.5,1422.5,1386,1392.5,46950,262995700,0,0
2025-12-30,1389.5,1396.5,1372.5,1372.5,28200,155657100,0,0
2026-01-05,1370,1383,1359,1363,36750,200869400,0,0
2026-01-06,1370.5,1403,1370.5,1391,29050,161517400,0,0
2026-01-07,1377.5,1399,1371,1388,27600,153286300,0,0
2026-01-08,1381,1400,1372,1376.5,28500,157763900,0,0
2026-01-09,1376.5,1393,1334,1340,46100,248738400,0,0
2026-01-13,1378,1411,1374.5,1381,42800,238022900,0,0
2026-01-14,1375.5,1407.5,1375.5,1393.5,29550,165069000,0,0
2026-01-15,1388,1447,1384,1421.5,96350,546719300,0,0
2026-01-16,1446.5,1537.5,1435,1520,163050,972209900,0,0
2026-01-19,1520,1520,1468.5,1505,108850,650870900,0,0
2026-01-20,1481,1487,1443.5,1456.5,57250,334454300,0,0
2026-01-21,1437.5,1496,1408,1490,63600,374823300,0,0
2026-01-22,1512.5,1550,1496.5,1542.5,69050,422603500,0,0
2026-01-23,1560,1585,1542.5,1562.5,67250,420656500,0,0
2026-01-26,1547.5,1585,1537.5,1542.5,64450,401596000,0,0
2026-01-27,1540,1580,1532.5,1565,49450,309194500,0,0
2026-01-28,1550,1552.5,1512.5,1527.5,58500,357596000,0,0
2026-01-29,1547.5,1877.5,1522.5,1877.5,64350,431847500,1,0
2026-01-30,2045,2227.5,2027.5,2147.5,709300,6157126000,1,0
2026-02-02,2132.5,2197.5,2105,2110,228650,1963205500,0,0
2026-02-03,2117.5,2247.5,2117.5,2220,146500,1289210500,0,0
2026-02-04,2240,2245,2177.5,2200,70950,624468000,0,0
2026-02-05,2202.5,2275,2185,2205,128700,1145744500,0,0
2026-02-06,2182.5,2195,2135,2175,93300,809987000,0,0
2026-02-09,2240,2260,2207.5,2227.5,72550,648895500,0,0
2026-02-10,2245,2325,2202.5,2212.5,84900,763307000,0,0
2026-02-12,2225,2297.5,2212.5,2285,107250,970683500,0,0
2026-02-13,2257.5,2342.5,2257.5,2300,94700,871743000,0,0
2026-02-16,2335,2397.5,2317.5,2357.5,132000,1241549000,0,0
2026-02-17,2362.5,2415,2330,2392.5,121350,1156470500,0,0
2026-02-18,2417.5,2590,2402.5,2515,173350,1742154000,0,0
2026-02-19,2560,2670,2550,2660,176450,1860862000,0,0
2026-02-20,2615,2640,2580,2580,90400,939538000,0,0
2026-02-24,2600,2770,2595,2765,160400,1737438000,0,0
2026-02-25,2815,2920,2770,2790,203850,2306872000,0,0
2026-02-26,2800,2820,2560,2580,212450,2238730000,0,0
2026-02-27,2530,2625,2510,2620,146600,1518665000,0,0
2026-03-02,2555,2600,2530,2585,97600,1003040000,0,0
2026-03-03,2555,2665,2442.5,2447.5,160550,1625476000,0,0
2026-03-04,2377.5,2470,2280,2317.5,148850,1391022500,0,0
2026-03-05,2402.5,2510,2400,2457.5,123950,1219023500,0,0
2026-03-06,2402.5,2600,2362.5,2585,113050,1133226500,0,0
2026-03-09,2380,2425,2315,2405,124700,1181281000,0,0
2026-03-10,2500,2580,2475,2555,103400,1048632500,0,0
2026-03-11,2605,2735,2590,2655,121050,1299245000,0,0
2026-03-12,2605,2635,2515,2535,87050,891933000,0,0
2026-03-13,2460,2565,2457.5,2525,78950,790307000,0,0
2026-03-16,2525,2580,2500,2535,49850,506424000,0,0
2026-03-17,2585,2605,2472.5,2472.5,54150,544582000,0,0
2026-03-18,2535,2605,2515,2605,87750,901823000,0,0
2026-03-19,2510,2525,2440,2452.5,74900,740967500,0,0
2026-03-23,2350,2372.5,2247.5,2260,139100,1274002500,0,0
2026-03-24,2350,2372.5,2295,2312.5,95600,890839000,0,0
2026-03-25,2417.5,2435,2372.5,2392.5,58700,563371500,0,0
2026-03-26,2395,2432.5,2322.5,2352.5,67750,643964000,0,0
2026-03-27,2317.5,2342.5,2275,2320,66050,611415000,0,0
2026-03-30,2200,2220,2152.5,2187.5,91650,801241500,0,0
2026-03-31,2127.5,2190,2107.5,2125,87700,750534500,0,0
2026-04-01,2265,2322.5,2240,2322.5,100550,922689000,0,0
2026-04-02,2320,2375,2212.5,2212.5,85750,780435000,0,0
2026-04-03,2247.5,2282.5,2232.5,2282.5,52100,472678000,0,0
2026-04-06,2282.5,2322.5,2247.5,2317.5,69300,635898000,0,0
2026-04-07,2307.5,2347.5,2287.5,2330,34350,318509500,0,0
2026-04-08,2555,2565,2472.5,2560,127350,1294912500,0,0
2026-04-09,2520,2560,2482.5,2550,91800,931147500,0,0
2026-04-10,2565,2580,2500,2515,78050,790091000,0,0
2026-04-13,2467.5,2525,2437.5,2482.5,76800,760988500,0,0
2026-04-14,2540,2550,2495,2515,87650,883699500,0,0
2026-04-15,2540,2550,2405,2432.5,90800,894335000,0,0
2026-04-16,2452.5,2525,2450,2482.5,74250,738541500,0,0
2026-04-17,2500,2500,2385,2422.5,73250,708844000,0,0
2026-04-20,2395,2425,2332.5,2332.5,65500,620588500,0,0
2026-04-21,2330,2352.5,2307.5,2320,90950,845946500,0,0
2026-04-22,2300,2307.5,2250,2285,70850,646456000,0,0
2026-04-23,2300,2312.5,2257.5,2287.5,71150,649680000,0,0
2026-04-24,2322.5,2350,2267.5,2337.5,62400,578935500,0,0
2026-04-27,2350,2417.5,2302.5,2380,85900,816073000,0,0
2026-04-28,2415,2457.5,2400,2452.5,72850,710774500,0,0
2026-04-30,2450,2545,2430,2520,148050,1482649000,0,0
2026-05-01,2540,2620,2520,2535,96400,989324000,0,0
2026-05-07,2625,2760,2605,2675,133650,1434163000,0,0
2026-05-08,2665,2700,2545,2640,98100,1028503000,0,0
2026-05-11,2690,2710,2645,2695,84450,906252000,0,0
2026-05-12,3045,3045,2795,2850,142950,1644869000,0,0
2026-05-13,2900,2990,2895,2975,155800,1842708000,0,0
2026-05-14,3075,3120,3000,3015,143700,1756066000,0,0
2026-05-18,2990,3000,2855,2910,142150,1654280000,0,0
2026-05-19,2915,2980,2750,2780,111300,1247184000,0,0
2026-05-20,2730,2780,2690,2760,79250,871811000,0,0
2026-05-21,2860,2915,2780,2855,122100,1398982000,0,0
2026-05-22,2955,2990,2910,2965,101850,1203524000,0,0
2026-05-25,3095,3220,3005,3170,145900,1836949000,0,0
2026-05-26,3200,3410,3185,3310,170050,2243548000,0,0
2026-05-27,3345,3460,3130,3130,140850,1831803000,0,0
2026-05-28,3030,3110,2965,3090,110550,1351382000,0,0
2026-05-29,3110,3200,3050,3125,110950,1388531000,0,0
2026-06-01,3075,3290,3050,3265,120250,1552433000,0,0
2026-06-02,3165,3195,3045,3165,88000,1103897000,0,0
2026-06-03,3125,3235,3080,3145,87200,1100323000,0,0
2026-06-04,3125,3205,3080,3135,90450,1136922000,0,0
2026-06-05,3095,3190,2910,3150,116100,1431375000,0,0
2026-06-08,2900,3145,2850,3070,171450,2071915000,0,0
2026-06-09,3170,3170,2990,3065,129050,1587556000,0,0
2026-06-10,3000,3075,2945,2990,71950,863952000,0,0
2026-06-11,2800,3040,2780,3015,79100,939829000,0,0
2026-06-12,3065,3205,3015,3140,95000,1191466000,0,0
2026-06-15,3290,3385,3195,3345,102100,1362925000,0,0
2026-06-16,3295,3355,3265,3305,87850,1165177000,0,0
2026-06-17,3320,3415,3260,3390,89050,1194652000,0,0
2026-06-18,3540,3660,3530,3585,125050,1799842000,0,0
2026-06-19,3530,3610,3505,3535,110150,1560026000,0,0
2026-06-22,3465,3620,3445,3515,84950,1202926000,0,0
2026-06-23,3550,3550,3395,3395,75750,1050764000,0,0
2026-06-24,3315,3515,3310,3455,116900,1610398000,0,0
2026-06-25,3650,3710,3605,3645,392800,1434043000,0,0
2026-06-26,3650,3770,3550,3580,397600,1440938000,0,0
2026-06-29,3505,3555,3370,3455,407200,1412024000,0,0
2026-06-30,3565,3615,3490,3525,348400,1237452500,0,0
2026-07-01,3690,3705,3480,3515,257600,920414500,0,0
2026-07-02,3450,3455,3265,3275,308900,1026242500,0,0
2026-07-03,3210,3310,3145,3310,425900,1385588000,0,0
2026-07-06,3310,3310,3075,3120,558100,1751698500,0,0
2026-07-07,3120,3185,2900,2907,585400,1753250500,0,0
2026-07-08,2761,3010,2748,2849,526500,1520030100,0,0
2026-07-09,2889,2971,2830,2872,317800,917355900,0,0
2026-07-10,3050,3080,2960,3020,379500,1150115500,0,0
