Date,Open,High,Low,Close,Volume,TradingValue,UpLimit,UnderLimit
2016-02-05,1048.75,1073.75,1045,1071.25,692000,,,
2016-02-08,1051.25,1102.5,1050,1096.25,644000,,,
2016-02-09,1040,1051.25,1000,1013.75,1012000,,,
2016-02-10,1011.25,1036.25,957.5,980,1148000,,,
2016-02-12,928.75,941.25,890,890,2188000,,,
2016-02-15,943.75,982.5,932.5,971.25,1360000,,,
2016-02-16,947.5,1006.25,947.5,977.5,928000,,,
2016-02-17,978.75,997.5,952.5,970,752000,,,
2016-02-18,985,986.25,963.75,978.75,964000,,,
2016-02-19,960,978.75,945,951.25,688000,,,
2016-02-22,932.5,967.5,932.5,957.5,452000,,,
2016-02-23,963.75,975,942.5,945,436000,,,
2016-02-24,930,943.75,923.75,932.5,808000,,,
2016-02-25,923.75,946.25,915,933.75,1352000,,,
2016-02-26,947.5,965,941.25,942.5,1364000,,,
2016-02-29,961.25,965,916.25,916.25,1276000,,,
2016-03-01,902.5,920,893.75,901.25,1860000,,,
2016-03-02,948.75,957.5,937.5,941.25,1128000,,,
2016-03-03,941.25,941.25,913.75,918.75,2104000,,,
2016-03-04,920,957.5,920,940,2056000,,,
2016-03-07,958.75,960,941.25,942.5,1152000,,,
2016-03-08,945,961.25,925,947.5,1804000,,,
2016-03-09,931.25,946.25,907.5,912.5,1792000,,,
2016-03-10,920,953.75,920,947.5,1236000,,,
2016-03-11,935,965,935,961.25,1288000,,,
2016-03-14,980,1013.75,980,1007.5,1272000,,,
2016-03-15,1007.5,1025,996.25,1021.25,1516000,,,
2016-03-16,1020,1033.75,1010,1017.5,1232000,,,
2016-03-17,1030,1035,1005,1007.5,1252000,,,
2016-03-18,995,1000,951.25,956.25,2040000,,,
2016-03-22,972.5,1008.75,972.5,990,1488000,,,
2016-03-23,1008.75,1011.25,990,996.25,592000,,,
2016-03-24,996.25,996.25,980,987.5,952000,,,
2016-03-25,998.75,1000,983.75,996.25,444000,,,
2016-03-28,996.25,1011.25,992.5,1011.25,656000,,,
2016-03-29,998.75,1017.5,997.5,1012.5,600000,,,
2016-03-30,1016.25,1016.25,995,996.25,1000000,,,
2016-03-31,997.5,1008.75,990,991.25,920000,,,
2016-04-01,1002.5,1002.5,967.5,971.25,1560000,,,
2016-04-04,963.75,985,963.75,980,924000,,,
2016-04-05,968.75,983.75,937.5,938.75,612000,,,
2016-04-06,941.25,948.75,915,921.25,972000,,,
2016-04-07,920,932.5,912.5,916.25,944000,,,
2016-04-08,901.25,950,900,941.25,756000,,,
2016-04-11,956.25,980,947.5,971.25,1512000,,,
2016-04-12,970,985,965,981.25,1004000,,,
2016-04-13,981.25,1010,981.25,1005,900000,,,
2016-04-14,1023.75,1050,1020,1050,1188000,,,
2016-04-15,1031.25,1047.5,1012.5,1020,1104000,,,
2016-04-18,982.5,1027.5,980,1022.5,1000000,,,
2016-04-19,1016.25,1042.5,1016.25,1031.25,1328000,,,
2016-04-20,1031.25,1048.75,1022.5,1040,1212000,,,
2016-04-21,1041.25,1061.25,1038.75,1061.25,1044000,,,
2016-04-22,1046.25,1072.5,1046.25,1072.5,712000,,,
2016-04-25,1073.75,1081.25,1060,1067.5,428000,,,
2016-04-26,1053.75,1060,1032.5,1045,688000,,,
2016-04-27,1026.25,1053.75,1026.25,1051.25,824000,,,
2016-04-28,1041.25,1112.5,1041.25,1055,3052000,,,
2016-05-02,1041.25,1045,1016.25,1036.25,1720000,,,
2016-05-06,1027.5,1035,1016.25,1027.5,1176000,,,
2016-05-09,1015,1028.75,996.25,998.75,1580000,,,
2016-05-10,998.75,1046.25,998.75,1046.25,1324000,,,
2016-05-11,1043.75,1061.25,1016.25,1046.25,2156000,,,
2016-05-12,1032.5,1042.5,1022.5,1030,804000,,,
2016-05-13,1022.5,1065,1022.5,1057.5,1364000,,,
2016-05-16,1050,1062.5,1043.75,1050,648000,,,
2016-05-17,1056.25,1071.25,1048.75,1063.75,724000,,,
2016-05-18,1055,1077.5,1053.75,1070,804000,,,
2016-05-19,1060,1072.5,1060,1062.5,492000,,,
2016-05-20,1056.25,1070,1056.25,1067.5,412000,,,
2016-05-23,1063.75,1078.75,1050,1076.25,592000,,,
2016-05-24,1070,1073.75,1060,1065,504000,,,
2016-05-25,1071.25,1086.25,1071.25,1078.75,1028000,,,
2016-05-26,1077.5,1093.75,1077.5,1087.5,668000,,,
2016-05-27,1088.75,1108.75,1081.25,1102.5,1028000,,,
2016-05-30,1097.5,1107.5,1087.5,1102.5,544000,,,
2016-05-31,1107.5,1118.75,1097.5,1118.75,572000,,,
2016-06-01,1108.75,1120,1092.5,1117.5,1248000,,,
2016-06-02,1122.5,1122.5,1083.75,1088.75,800000,,,
2016-06-03,1082.5,1100,1077.5,1092.5,1036000,,,
2016-06-06,1087.5,1087.5,1070,1077.5,1024000,,,
2016-06-07,1093.75,1112.5,1087.5,1108.75,1292000,,,
2016-06-08,1117.5,1152.5,1102.5,1152.5,1476000,,,
2016-06-09,1133.75,1146.25,1130,1140,960000,,,
2016-06-10,1143.75,1146.25,1106.25,1117.5,1320000,,,
2016-06-13,1105,1111.25,1076.25,1080,944000,,,
2016-06-14,1072.5,1081.25,1047.5,1068.75,1432000,,,
2016-06-15,1051.25,1091.25,1047.5,1082.5,1144000,,,
2016-06-16,1075,1075,1012.5,1015,1348000,,,
2016-06-17,1033.75,1053.75,1025,1025,1556000,,,
2016-06-20,1081.25,1097.5,1063.75,1095,1544000,,,
2016-06-21,1093.75,1093.75,1042.5,1078.75,888000,,,
2016-06-22,1077.5,1077.5,1045,1055,600000,,,
2016-06-23,1071.25,1072.5,1052.5,1060,556000,,,
2016-06-24,1081.25,1081.25,977.5,982.5,880000,,,
2016-06-27,982.5,1002.5,971.25,977.5,940000,,,
2016-06-28,973.75,976.25,933.75,972.5,1508000,,,
2016-06-29,991.25,998.75,975,990,836000,,,
2016-06-30,990,1002.5,985,990,1472000,,,
2016-07-01,1005,1015,995,1000,844000,,,
2016-07-04,1001.25,1001.25,978.75,983.75,664000,,,
2016-07-05,988.75,990,967.5,976.25,408000,,,
2016-07-06,952.5,962.5,942.5,951.25,688000,,,
2016-07-07,943.75,967.5,941.25,947.5,800000,,,
2016-07-08,947.5,961.25,943.75,943.75,580000,,,
2016-07-11,981.25,993.75,975,981.25,840000,,,
2016-07-12,1006.25,1041.25,1000,1033.75,1288000,,,
2016-07-13,1062.5,1073.75,1043.75,1058.75,928000,,,
2016-07-14,1057.5,1081.25,1055,1073.75,736000,,,
2016-07-15,1066.25,1096.25,1066.25,1076.25,592000,,,
2016-07-19,1091.25,1100,1076.25,1097.5,940000,,,
2016-07-20,1078.75,1096.25,1078.75,1096.25,632000,,,
2016-07-21,1100,1117.5,1098.75,1110,356000,,,
2016-07-22,1087.5,1095,1075,1088.75,404000,,,
2016-07-25,1098.75,1103.75,1068.75,1068.75,616000,,,
2016-07-26,1062.5,1078.75,1061.25,1070,428000,,,
2016-07-27,1078.75,1116.25,1078.75,1112.5,608000,,,
2016-07-28,1115,1123.75,1106.25,1117.5,572000,,,
2016-07-29,1098.75,1125,1065,1117.5,1428000,,,
2016-08-01,1086.25,1125,1086.25,1122.5,872000,,,
2016-08-02,1085,1095,1060,1081.25,2424000,,,
2016-08-03,1058.75,1077.5,1047.5,1050,728000,,,
2016-08-04,1047.5,1070,1043.75,1065,684000,,,
2016-08-05,1062.5,1076.25,1056.25,1058.75,520000,,,
2016-08-08,1102.5,1120,1087.5,1093.75,972000,,,
2016-08-09,1092.5,1093.75,1072.5,1082.5,360000,,,
2016-08-10,1096.25,1096.25,1075,1076.25,540000,,,
2016-08-12,1095,1111.25,1091.25,1106.25,584000,,,
2016-08-15,1087.5,1106.25,1081.25,1085,340000,,,
2016-08-16,1093.75,1093.75,1067.5,1068.75,412000,,,
2016-08-17,1052.5,1080,1052.5,1073.75,692000,,,
2016-08-18,1067.5,1076.25,1051.25,1061.25,396000,,,
2016-08-19,1061.25,1078.75,1056.25,1065,344000,,,
2016-08-22,1062.5,1086.25,1062.5,1082.5,256000,,,
2016-08-23,1063.75,1085,1063.75,1077.5,364000,,,
2016-08-24,1066.25,1090,1065,1078.75,396000,,,
2016-08-25,1070,1075,1047.5,1051.25,812000,,,
2016-08-26,1037.5,1051.25,1025,1032.5,648000,,,
2016-08-29,1051.25,1070,1051.25,1066.25,400000,,,
2016-08-30,1066.25,1067.5,1060,1063.75,344000,,,
2016-08-31,1063.75,1091.25,1063.75,1090,876000,,,
2016-09-01,1096.25,1096.25,1083.75,1092.5,352000,,,
2016-09-02,1073.75,1092.5,1062.5,1072.5,972000,,,
2016-09-05,1091.25,1095,1075,1075,548000,,,
2016-09-06,1075,1100,1071.25,1092.5,464000,,,
2016-09-07,1086.25,1098.75,1081.25,1092.5,652000,,,
2016-09-08,1091.25,1091.25,1075,1082.5,488000,,,
2016-09-09,1070,1081.25,1068.75,1076.25,496000,,,
2016-09-12,1068.75,1080,1050,1058.75,680000,,,
2016-09-13,1073.75,1080,1066.25,1076.25,396000,,,
2016-09-14,1058.75,1078.75,1058.75,1063.75,580000,,,
2016-09-15,1068.75,1068.75,1043.75,1046.25,688000,,,
2016-09-16,1065,1065,1055,1060,420000,,,
2016-09-20,1048.75,1066.25,1046.25,1057.5,616000,,,
2016-09-21,1063.75,1102.5,1053.75,1101.25,508000,,,
2016-09-23,1112.5,1118.75,1093.75,1111.25,636000,,,
2016-09-26,1096.25,1106.25,1081.25,1081.25,448000,,,
2016-09-27,1081.25,1110,1075,1110,504000,,,
2016-09-28,1081.25,1112.5,1077.5,1096.25,61600,,,
2016-09-29,1103.75,1116.25,1082.5,1115,108000,,,
2016-09-30,1082.5,1086.25,1067.5,1072.5,114000,,,
2016-10-03,1090,1101.25,1075,1096.25,97200,,,
2016-10-04,1106.25,1110,1091.25,1110,111200,,,
2016-10-05,1112.5,1125,1101.25,1107.5,160000,,,
2016-10-06,1125,1133.75,1116.25,1127.5,148000,,,
2016-10-07,1127.5,1141.25,1116.25,1127.5,131200,,,
2016-10-11,1127.5,1140,1127.5,1132.5,74000,,,
2016-10-12,1116.25,1128.75,1105,1107.5,102400,,,
2016-10-13,1118.75,1137.5,1118.75,1135,103200,,,
2016-10-14,1133.75,1142.5,1121.25,1140,182400,,,
2016-10-17,1138.75,1141.25,1125,1133.75,88800,,,
2016-10-18,1133.75,1166.25,1131.25,1166.25,163200,,,
2016-10-19,1170,1178.75,1161.25,1178.75,140000,,,
2016-10-20,1180,1197.5,1176.25,1192.5,168000,,,
2016-10-21,1195,1198.75,1186.25,1191.25,137600,,,
2016-10-24,1182.5,1200,1177.5,1193.75,82800,,,
2016-10-25,1202.5,1215,1200,1207.5,119600,,,
2016-10-26,1207.5,1211.25,1201.25,1206.25,84000,,,
2016-10-27,1206.25,1211.25,1171.25,1200,178800,,,
2016-10-28,1206.25,1226.25,1196.25,1218.75,196800,,,
2016-10-31,1236.25,1237.5,1181.25,1188.75,221200,,,
2016-11-01,1152.5,1157.5,1131.25,1137.5,310000,,,
2016-11-02,1128.75,1148.75,1116.25,1138.75,218800,,,
2016-11-04,1132.5,1140,1123.75,1132.5,95200,,,
2016-11-07,1158.75,1158.75,1140,1146.25,102000,,,
2016-11-08,1153.75,1156.25,1138.75,1147.5,113600,,,
2016-11-09,1148.75,1157.5,1085,1091.25,163600,,,
2016-11-10,1150,1166.25,1150,1161.25,132400,,,
2016-11-11,1170,1175,1135,1141.25,126000,,,
2016-11-14,1141.25,1161.25,1141.25,1157.5,116400,,,
2016-11-15,1157.5,1162.5,1133.75,1140,81600,,,
2016-11-16,1138.75,1157.5,1136.25,1157.5,132400,,,
2016-11-17,1148.75,1150,1131.25,1145,122800,,,
2016-11-18,1155,1172.5,1150,1168.75,98400,,,
2016-11-21,1177.5,1191.25,1175,1176.25,96800,,,
2016-11-22,1177.5,1181.25,1173.75,1177.5,49200,,,
2016-11-24,1187.5,1188.75,1168.75,1178.75,65600,,,
2016-11-25,1178.75,1196.25,1171.25,1177.5,99600,,,
2016-11-28,1167.5,1190,1167.5,1190,58800,,,
2016-11-29,1180,1195,1178.75,1193.75,133600,,,
2016-11-30,1195,1207.5,1191.25,1207.5,138800,,,
2016-12-01,1196.25,1198.75,1181.25,1185,176000,,,
2016-12-02,1188.75,1192.5,1178.75,1185,119600,,,
2016-12-05,1183.75,1191.25,1173.75,1188.75,148400,,,
2016-12-06,1202.5,1208.75,1193.75,1203.75,156000,,,
2016-12-07,1203.75,1218.75,1203.75,1218.75,105200,,,
2016-12-08,1225,1237.5,1216.25,1237.5,155600,,,
2016-12-09,1242.5,1246.25,1231.25,1246.25,184000,,,
2016-12-12,1246.25,1247.5,1220,1236.25,157200,,,
2016-12-13,1221.25,1236.25,1221.25,1236.25,98400,,,
2016-12-14,1222.5,1238.75,1220,1235,106400,,,
2016-12-15,1235,1250,1226.25,1248.75,179200,,,
2016-12-16,1250,1272.5,1250,1265,269600,,,
2016-12-19,1270,1270,1252.5,1262.5,128800,,,
2016-12-20,1265,1275,1260,1272.5,154000,,,
2016-12-21,1265,1272.5,1250,1262.5,119200,,,
2016-12-22,1267.5,1275,1260,1272.5,113600,,,
2016-12-26,1260,1265,1252.5,1260,72800,,,
2016-12-27,1262.5,1270,1257.5,1262.5,53200,,,
2016-12-28,1265,1265,1250,1262.5,45200,,,
2016-12-29,1257.5,1260,1237.5,1255,124000,,,
2016-12-30,1252.5,1252.5,1233.75,1250,97200,,,
2017-01-04,1260,1290,1246.25,1290,151600,,,
2017-01-05,1287.5,1290,1262.5,1272.5,106000,,,
2017-01-06,1257.5,1262.5,1247.5,1252.5,124400,,,
2017-01-10,1252.5,1272.5,1250,1257.5,170000,,,
2017-01-11,1260,1270,1260,1260,112000,,,
2017-01-12,1282.5,1285,1257.5,1277.5,285200,,,
2017-01-13,1280,1297.5,1270,1290,201600,,,
2017-01-16,1290,1292.5,1267.5,1275,104400,,,
2017-01-17,1270,1275,1252.5,1252.5,128800,,,
2017-01-18,1242.5,1272.5,1227.5,1270,227600,,,
2017-01-19,1260,1272.5,1241.25,1257.5,166000,,,
2017-01-20,1257.5,1272.5,1252.5,1265,114800,,,
2017-01-23,1247.5,1252.5,1235,1235,132400,,,
2017-01-24,1235,1262.5,1235,1260,206800,,,
2017-01-25,1275,1275,1250,1265,140000,,,
2017-01-26,1275,1285,1272.5,1280,97600,,,
2017-01-27,1280,1287.5,1275,1280,104800,,,
2017-01-30,1282.5,1300,1270,1295,154800,,,
2017-01-31,1287.5,1290,1232.5,1232.5,266000,,,
2017-02-01,1233.75,1240,1215,1226.25,605600,,,
2017-02-02,1237.5,1247.5,1225,1225,176000,,,
2017-02-03,1225,1231.25,1203.75,1218.75,241600,,,
2017-02-06,1232.5,1237.5,1213.75,1232.5,168800,,,
2017-02-07,1227.5,1248.75,1216.25,1245,201600,,,
2017-02-08,1248.75,1252.5,1227.5,1245,236000,,,
2017-02-09,1242.5,1242.5,1227.5,1232.5,68400,,,
2017-02-10,1242.5,1267.5,1242.5,1255,191200,,,
2017-02-13,1250,1260,1225,1230,292400,,,
2017-02-14,1230,1242.5,1221.25,1223.75,350000,,,
2017-02-15,1220,1221.25,1208.75,1218.75,311200,,,
2017-02-16,1212.5,1218.75,1202.5,1215,266400,,,
2017-02-17,1205,1206.25,1178.75,1187.5,368000,,,
2017-02-20,1175,1178.75,1166.25,1177.5,302000,,,
2017-02-21,1177.5,1188.75,1171.25,1172.5,151200,,,
2017-02-22,1175,1185,1166.25,1182.5,296800,,,
2017-02-23,1185,1191.25,1178.75,1183.75,122800,,,
2017-02-24,1181.25,1181.25,1167.5,1170,247200,,,
2017-02-27,1167.5,1167.5,1152.5,1158.75,169200,,,
2017-02-28,1167.5,1183.75,1163.75,1168.75,224400,,,
2017-03-01,1170,1191.25,1170,1190,187600,,,
2017-03-02,1200,1203.75,1188.75,1195,184800,,,
2017-03-03,1187.5,1187.5,1178.75,1185,138400,,,
2017-03-06,1180,1186.25,1176.25,1181.25,107600,,,
2017-03-07,1177.5,1177.5,1165,1168.75,218800,,,
2017-03-08,1172.5,1176.25,1168.75,1175,170800,,,
2017-03-09,1178.75,1188.75,1173.75,1186.25,168000,,,
2017-03-10,1201.25,1202.5,1191.25,1197.5,220800,,,
2017-03-13,1196.25,1202.5,1193.75,1201.25,112800,,,
2017-03-14,1203.75,1207.5,1197.5,1201.25,115200,,,
2017-03-15,1200,1200,1186.25,1192.5,152000,,,
2017-03-16,1182.5,1200,1178.75,1200,158800,,,
2017-03-17,1188.75,1202.5,1187.5,1197.5,129600,,,
2017-03-21,1176.25,1181.25,1155,1171.25,406000,,,
2017-03-22,1150,1153.75,1146.25,1150,210800,,,
2017-03-23,1146.25,1167.5,1142.5,1162.5,266000,,,
2017-03-24,1168.75,1177.5,1160,1172.5,181600,,,
2017-03-27,1161.25,1163.75,1153.75,1160,152800,,,
2017-03-28,1173.75,1187.5,1172.5,1186.25,210400,,,
2017-03-29,1181.25,1197.5,1175,1193.75,330000,,,
2017-03-30,1191.25,1193.75,1182.5,1188.75,246800,,,
2017-03-31,1185,1196.25,1168.75,1168.75,315600,,,
2017-04-03,1165,1185,1161.25,1178.75,211200,,,
2017-04-04,1173.75,1175,1148.75,1157.5,194800,,,
2017-04-05,1157.5,1162.5,1150,1160,294400,,,
2017-04-06,1153.75,1153.75,1125,1126.25,247600,,,
2017-04-07,1142.5,1150,1130,1140,255200,,,
2017-04-10,1146.25,1162.5,1145,1158.75,138800,,,
2017-04-11,1152.5,1166.25,1143.75,1151.25,176800,,,
2017-04-12,1143.75,1146.25,1137.5,1145,159200,,,
2017-04-13,1137.5,1141.25,1128.75,1140,246800,,,
2017-04-14,1126.25,1137.5,1122.5,1130,134400,,,
2017-04-17,1132.5,1136.25,1127.5,1135,123600,,,
2017-04-18,1143.75,1166.25,1143.75,1156.25,298800,,,
2017-04-19,1142.5,1155,1138.75,1147.5,243200,,,
2017-04-20,1145,1156.25,1143.75,1148.75,244800,,,
2017-04-21,1158.75,1161.25,1146.25,1153.75,335200,,,
2017-04-24,1162.5,1168.75,1160,1163.75,226400,,,
2017-04-25,1171.25,1176.25,1163.75,1168.75,252000,,,
2017-04-26,1173.75,1205,1173.75,1205,403200,,,
2017-04-27,1211.25,1217.5,1197.5,1213.75,222800,,,
2017-04-28,1220,1260,1213.75,1250,608400,,,
2017-05-01,1252.5,1320,1252.5,1320,644400,,,
2017-05-02,1320,1340,1312.5,1327.5,512800,,,
2017-05-08,1335,1345,1325,1337.5,267200,,,
2017-05-09,1337.5,1337.5,1315,1317.5,279200,,,
2017-05-10,1320,1322.5,1277.5,1290,576000,,,
2017-05-11,1282.5,1300,1272.5,1282.5,482000,,,
2017-05-12,1275,1282.5,1267.5,1270,242000,,,
2017-05-15,1257.5,1267.5,1246.25,1248.75,298400,,,
2017-05-16,1262.5,1270,1250,1265,284000,,,
2017-05-17,1260,1270,1255,1260,175200,,,
2017-05-18,1245,1245,1223.75,1230,215200,,,
2017-05-19,1228.75,1243.75,1223.75,1242.5,152800,,,
2017-05-22,1246.25,1257.5,1243.75,1255,186000,,,
2017-05-23,1255,1272.5,1252.5,1270,293600,,,
2017-05-24,1282.5,1292.5,1270,1280,200800,,,
2017-05-25,1290,1290,1275,1282.5,209200,,,
2017-05-26,1277.5,1280,1260,1275,294800,,,
2017-05-29,1275,1295,1272.5,1287.5,196800,,,
2017-05-30,1297.5,1302.5,1280,1297.5,126800,,,
2017-05-31,1300,1300,1282.5,1282.5,129200,,,
2017-06-01,1287.5,1305,1285,1297.5,231200,,,
2017-06-02,1307.5,1322.5,1302.5,1317.5,224400,,,
2017-06-05,1312.5,1315,1297.5,1305,200400,,,
2017-06-06,1302.5,1312.5,1300,1300,190800,,,
2017-06-07,1300,1312.5,1295,1305,181200,,,
2017-06-08,1307.5,1315,1300,1310,235600,,,
2017-06-09,1315,1315,1292.5,1307.5,223600,,,
2017-06-12,1312.5,1327.5,1312.5,1327.5,205200,,,
2017-06-13,1330,1332.5,1315,1320,187200,,,
2017-06-14,1325,1327.5,1305,1307.5,174800,,,
2017-06-15,1302.5,1312.5,1295,1295,172400,,,
2017-06-16,1302.5,1332.5,1297.5,1325,397200,,,
2017-06-19,1327.5,1330,1312.5,1315,130400,,,
2017-06-20,1322.5,1335,1322.5,1327.5,116000,,,
2017-06-21,1317.5,1330,1310,1310,166800,,,
2017-06-22,1317.5,1325,1312.5,1320,118400,,,
2017-06-23,1325,1325,1302.5,1307.5,144800,,,
2017-06-26,1312.5,1315,1300,1300,58400,,,
2017-06-27,1307.5,1312.5,1307.5,1307.5,63600,,,
2017-06-28,1315,1320,1307.5,1312.5,158000,,,
2017-06-29,1325,1327.5,1317.5,1322.5,182400,,,
2017-06-30,1325,1325,1302.5,1320,199200,,,
2017-07-03,1320,1347.5,1317.5,1345,192000,,,
2017-07-04,1345,1347.5,1325,1330,205200,,,
2017-07-05,1330,1340,1320,1340,177600,,,
2017-07-06,1332.5,1337.5,1310,1312.5,182400,,,
2017-07-07,1302.5,1332.5,1302.5,1320,164000,,,
2017-07-10,1327.5,1332.5,1315,1315,88000,,,
2017-07-11,1322.5,1332.5,1317.5,1332.5,115200,,,
2017-07-12,1332.5,1332.5,1320,1325,56400,,,
2017-07-13,1325,1330,1315,1327.5,154000,,,
2017-07-14,1332.5,1335,1325,1330,66800,,,
2017-07-18,1330,1337.5,1315,1337.5,203200,,,
2017-07-19,1337.5,1345,1335,1342.5,80000,,,
2017-07-20,1342.5,1360,1337.5,1360,139200,,,
2017-07-21,1362.5,1375,1360,1370,156800,,,
2017-07-24,1370,1370,1350,1370,127200,,,
2017-07-25,1375,1375,1362.5,1367.5,147200,,,
2017-07-26,1372.5,1372.5,1347.5,1352.5,114400,,,
2017-07-27,1357.5,1362.5,1345,1347.5,140800,,,
2017-07-28,1350,1355,1340,1352.5,130800,,,
2017-07-31,1347.5,1362.5,1307.5,1310,357200,,,
2017-08-01,1285,1330,1285,1297.5,347200,,,
2017-08-02,1297.5,1307.5,1292.5,1295,136800,,,
2017-08-03,1297.5,1315,1297.5,1315,213600,,,
2017-08-04,1305,1325,1292.5,1320,252000,,,
2017-08-07,1322.5,1332.5,1317.5,1325,154400,,,
2017-08-08,1330,1332.5,1312.5,1325,120400,,,
2017-08-09,1320,1320,1297.5,1300,134000,,,
2017-08-10,1302.5,1312.5,1297.5,1307.5,141200,,,
2017-08-14,1292.5,1322.5,1287.5,1315,254400,,,
2017-08-15,1320,1340,1320,1332.5,126000,,,
2017-08-16,1337.5,1342.5,1330,1335,94000,,,
2017-08-17,1335,1347.5,1327.5,1337.5,98800,,,
2017-08-18,1330,1330,1315,1320,90400,,,
2017-08-21,1320,1340,1317.5,1337.5,134400,,,
2017-08-22,1337.5,1382.5,1332.5,1380,321200,,,
2017-08-23,1402.5,1410,1385,1397.5,286800,,,
2017-08-24,1385,1395,1377.5,1387.5,204400,,,
2017-08-25,1400,1415,1392.5,1410,222000,,,
2017-08-28,1407.5,1420,1400,1415,170000,,,
2017-08-29,1410,1412.5,1400,1407.5,170800,,,
2017-08-30,1412.5,1425,1405,1415,157200,,,
2017-08-31,1425,1447.5,1422.5,1442.5,263600,,,
2017-09-01,1447.5,1447.5,1425,1437.5,200800,,,
2017-09-04,1432.5,1440,1410,1412.5,93600,,,
2017-09-05,1412.5,1417.5,1390,1395,118400,,,
2017-09-06,1382.5,1400,1380,1400,94800,,,
2017-09-07,1400,1435,1400,1435,164800,,,
2017-09-08,1452.5,1460,1430,1440,226000,,,
2017-09-11,1450,1462.5,1445,1450,143600,,,
2017-09-12,1457.5,1457.5,1447.5,1455,146000,,,
2017-09-13,1460,1462.5,1452.5,1460,122000,,,
2017-09-14,1462.5,1505,1460,1505,338800,,,
2017-09-15,1505,1540,1492.5,1540,297200,,,
2017-09-19,1587.5,1600,1562.5,1592.5,520800,,,
2017-09-20,1592.5,1595,1577.5,1595,190400,,,
2017-09-21,1592.5,1607.5,1585,1600,248800,,,
2017-09-22,1612.5,1617.5,1580,1590,211200,,,
2017-09-25,1605,1612.5,1597.5,1607.5,212800,,,
2017-09-26,1600,1612.5,1590,1600,214000,,,
2017-09-27,1577.5,1625,1575,1625,153600,,,
2017-09-28,1640,1640,1617.5,1630,162000,,,
2017-09-29,1630,1640,1620,1637.5,140400,,,
2017-10-02,1635,1645,1617.5,1632.5,158800,,,
2017-10-03,1640,1645,1625,1640,134800,,,
2017-10-04,1640,1650,1627.5,1642.5,132000,,,
2017-10-05,1630,1645,1627.5,1637.5,113200,,,
2017-10-06,1625,1640,1625,1635,74000,,,
2017-10-10,1635,1660,1627.5,1645,200000,,,
2017-10-11,1635,1657.5,1635,1645,192000,,,
2017-10-12,1640,1647.5,1635,1635,140800,,,
2017-10-13,1625,1640,1620,1627.5,210800,,,
2017-10-16,1622.5,1627.5,1602.5,1607.5,172400,,,
2017-10-17,1615,1617.5,1605,1610,142800,,,
2017-10-18,1610,1612.5,1590,1602.5,149200,,,
2017-10-19,1592.5,1607.5,1592.5,1597.5,154400,,,
2017-10-20,1590,1597.5,1580,1592.5,223200,,,
2017-10-23,1612.5,1630,1612.5,1620,232800,,,
2017-10-24,1620,1630,1612.5,1625,164800,,,
2017-10-25,1625,1630,1607.5,1615,205200,,,
2017-10-26,1612.5,1627.5,1610,1622.5,134400,,,
2017-10-27,1625,1652.5,1625,1647.5,183600,,,
2017-10-30,1662.5,1685,1650,1670,340400,,,
2017-10-31,1687.5,1687.5,1472.5,1487.5,1119200,,,
2017-11-01,1490,1495,1427.5,1432.5,671600,,,
2017-11-02,1412.5,1420,1405,1412.5,617600,,,
2017-11-06,1425,1440,1417.5,1420,440800,,,
2017-11-07,1415,1440,1415,1432.5,418800,,,
2017-11-08,1437.5,1452.5,1425,1450,381200,,,
2017-11-09,1457.5,1460,1427.5,1445,368800,,,
2017-11-10,1427.5,1442.5,1422.5,1435,272400,,,
2017-11-13,1430,1432.5,1417.5,1417.5,134000,,,
2017-11-14,1432.5,1435,1420,1425,228400,,,
2017-11-15,1417.5,1425,1377.5,1382.5,311200,,,
2017-11-16,1400,1420,1385,1405,252000,,,
2017-11-17,1420,1427.5,1407.5,1417.5,292000,,,
2017-11-20,1410,1430,1410,1422.5,241200,,,
2017-11-21,1432.5,1467.5,1427.5,1465,348400,,,
2017-11-22,1475,1485,1457.5,1465,198400,,,
2017-11-24,1465,1480,1447.5,1472.5,240400,,,
2017-11-27,1480,1480,1460,1470,189600,,,
2017-11-28,1460,1475,1452.5,1457.5,106800,,,
2017-11-29,1465,1477.5,1465,1472.5,168400,,,
2017-11-30,1477.5,1485,1462.5,1480,350400,,,
2017-12-01,1475,1502.5,1472.5,1492.5,248800,,,
2017-12-04,1480,1490,1467.5,1467.5,170800,,,
2017-12-05,1462.5,1480,1452.5,1475,154000,,,
2017-12-06,1477.5,1477.5,1447.5,1455,192000,,,
2017-12-07,1447.5,1492.5,1447.5,1490,203600,,,
2017-12-08,1492.5,1517.5,1482.5,1517.5,352800,,,
2017-12-11,1507.5,1507.5,1467.5,1475,181600,,,
2017-12-12,1490,1490,1470,1470,109200,,,
2017-12-13,1472.5,1475,1450,1452.5,104800,,,
2017-12-14,1450,1465,1450,1465,79200,,,
2017-12-15,1462.5,1480,1455,1465,148800,,,
2017-12-18,1477.5,1502.5,1477.5,1502.5,134400,,,
2017-12-19,1492.5,1502.5,1472.5,1482.5,198800,,,
2017-12-20,1487.5,1505,1482.5,1497.5,124000,,,
2017-12-21,1480,1490,1475,1482.5,146800,,,
2017-12-22,1480,1495,1480,1487.5,112400,,,
2017-12-25,1500,1500,1480,1485,70800,,,
2017-12-26,1480,1487.5,1477.5,1480,118000,,,
2017-12-27,1480,1485,1477.5,1482.5,46400,,,
2017-12-28,1480,1495,1480,1487.5,74000,,,
2017-12-29,1480,1487.5,1472.5,1475,86400,,,
2018-01-04,1500,1507.5,1492.5,1507.5,169600,,,
2018-01-05,1512.5,1525,1507.5,1520,137600,,,
2018-01-09,1535,1537.5,1522.5,1530,129200,,,
2018-01-10,1530,1530,1520,1530,73200,,,
2018-01-11,1520,1522.5,1500,1502.5,258800,,,
2018-01-12,1497.5,1500,1482.5,1487.5,354800,,,
2018-01-15,1485,1490,1447.5,1447.5,257200,,,
2018-01-16,1460,1472.5,1450,1457.5,133200,,,
2018-01-17,1460,1462.5,1450,1455,138800,,,
2018-01-18,1462.5,1462.5,1427.5,1430,176000,,,
2018-01-19,1430,1435,1422.5,1432.5,112800,,,
2018-01-22,1437.5,1437.5,1417.5,1427.5,95200,,,
2018-01-23,1430,1437.5,1420,1430,102800,,,
2018-01-24,1427.5,1427.5,1417.5,1420,99600,,,
2018-01-25,1417.5,1425,1410,1410,156800,,,
2018-01-26,1425,1425,1410,1415,115200,,,
2018-01-29,1420,1445,1415,1445,192800,,,
2018-01-30,1442.5,1442.5,1417.5,1420,157600,,,
2018-01-31,1425,1450,1347.5,1442.5,580400,,,
2018-02-01,1435,1482.5,1427.5,1480,379600,,,
2018-02-02,1467.5,1470,1452.5,1457.5,140400,,,
2018-02-05,1425,1432.5,1380,1385,331200,,,
2018-02-06,1337.5,1352.5,1312.5,1337.5,304800,,,
2018-02-07,1362.5,1390,1347.5,1347.5,183200,,,
2018-02-08,1347.5,1352.5,1322.5,1337.5,340000,,,
2018-02-09,1307.5,1317.5,1287.5,1317.5,264000,,,
2018-02-13,1322.5,1322.5,1290,1295,250000,,,
2018-02-14,1285,1302.5,1257.5,1267.5,160000,,,
2018-02-15,1267.5,1282.5,1260,1272.5,131200,,,
2018-02-16,1270,1292.5,1270,1285,126800,,,
2018-02-19,1297.5,1307.5,1290,1307.5,137600,,,
2018-02-20,1295,1320,1282.5,1307.5,203600,,,
2018-02-21,1350,1385,1342.5,1355,368000,,,
2018-02-22,1345,1347.5,1317.5,1330,145600,,,
2018-02-23,1340,1350,1332.5,1345,110000,,,
2018-02-26,1345,1345,1330,1342.5,112000,,,
2018-02-27,1342.5,1355,1340,1350,104400,,,
2018-02-28,1340,1352.5,1327.5,1332.5,118400,,,
2018-03-01,1325,1325,1295,1300,134000,,,
2018-03-02,1275,1285,1272.5,1277.5,132000,,,
2018-03-05,1270,1277.5,1252.5,1257.5,117600,,,
2018-03-06,1270,1297.5,1270,1282.5,102400,,,
2018-03-07,1277.5,1300,1267.5,1275,156000,,,
2018-03-08,1287.5,1287.5,1257.5,1262.5,83200,,,
2018-03-09,1285,1302.5,1267.5,1275,187600,,,
2018-03-12,1295,1300,1287.5,1300,93600,,,
2018-03-13,1295,1297.5,1275,1295,133200,,,
2018-03-14,1287.5,1315,1287.5,1305,132400,,,
2018-03-15,1300,1302.5,1270,1287.5,81200,,,
2018-03-16,1277.5,1282.5,1252.5,1255,264400,,,
2018-03-19,1252.5,1262.5,1238.75,1243.75,125600,,,
2018-03-20,1237.5,1245,1231.25,1241.25,96000,,,
2018-03-22,1235,1255,1235,1252.5,106800,,,
2018-03-23,1227.5,1228.75,1195,1197.5,214000,,,
2018-03-26,1186.25,1211.25,1181.25,1211.25,142800,,,
2018-03-27,1215,1240,1215,1240,236800,,,
2018-03-28,1218.75,1248.75,1217.5,1245,123600,,,
2018-03-29,1252.5,1257.5,1218.75,1238.75,110400,,,
2018-03-30,1255,1257.5,1240,1246.25,126000,,,
2018-04-02,1260,1267.5,1246.25,1255,151200,,,
2018-04-03,1241.25,1252.5,1235,1240,96400,,,
2018-04-04,1238.75,1248.75,1232.5,1242.5,97600,,,
2018-04-05,1255,1272.5,1252.5,1265,121200,,,
2018-04-06,1270,1275,1257.5,1265,122400,,,
2018-04-09,1267.5,1270,1248.75,1265,109200,,,
2018-04-10,1252.5,1287.5,1252.5,1275,146000,,,
2018-04-11,1295,1295,1275,1277.5,88000,,,
2018-04-12,1282.5,1282.5,1257.5,1267.5,74000,,,
2018-04-13,1277.5,1297.5,1277.5,1285,104000,,,
2018-04-16,1285,1302.5,1282.5,1302.5,150800,,,
2018-04-17,1285,1297.5,1270,1277.5,86800,,,
2018-04-18,1277.5,1300,1272.5,1290,92800,,,
2018-04-19,1285,1300,1285,1292.5,124400,,,
2018-04-20,1290,1300,1280,1295,98800,,,
2018-04-23,1297.5,1307.5,1290,1290,74800,,,
2018-04-24,1297.5,1312.5,1295,1305,90400,,,
2018-04-25,1300,1310,1280,1307.5,77200,,,
2018-04-26,1305,1307.5,1292.5,1300,72400,,,
2018-04-27,1300,1300,1280,1292.5,92400,,,
2018-05-01,1297.5,1300,1277.5,1295,81600,,,
2018-05-02,1287.5,1310,1272.5,1307.5,94000,,,
2018-05-07,1307.5,1307.5,1267.5,1275,122400,,,
2018-05-08,1272.5,1400,1272.5,1362.5,926000,,,
2018-05-09,1362.5,1387.5,1290,1320,441600,,,
2018-05-10,1325,1340,1317.5,1330,78000,,,
2018-05-11,1342.5,1352.5,1332.5,1337.5,106400,,,
2018-05-14,1355,1365,1340,1357.5,77600,,,
2018-05-15,1370,1372.5,1357.5,1362.5,54400,,,
2018-05-16,1362.5,1392.5,1362.5,1387.5,78400,,,
2018-05-17,1387.5,1410,1385,1407.5,91600,,,
2018-05-18,1407.5,1407.5,1385,1385,62000,,,
2018-05-21,1387.5,1402.5,1372.5,1375,84800,,,
2018-05-22,1392.5,1392.5,1362.5,1362.5,86800,,,
2018-05-23,1362.5,1405,1362.5,1387.5,155200,,,
2018-05-24,1387.5,1387.5,1327.5,1335,119600,,,
2018-05-25,1337.5,1387.5,1330,1347.5,183200,,,
2018-05-28,1347.5,1357.5,1340,1350,48800,,,
2018-05-29,1342.5,1360,1320,1357.5,113200,,,
2018-05-30,1330,1335,1310,1312.5,149600,,,
2018-05-31,1335,1345,1307.5,1312.5,198000,,,
2018-06-01,1310,1327.5,1292.5,1312.5,144400,,,
2018-06-04,1317.5,1337.5,1305,1315,154000,,,
2018-06-05,1310,1312.5,1295,1297.5,126800,,,
2018-06-06,1300,1337.5,1300,1322.5,115200,,,
2018-06-07,1327.5,1357.5,1327.5,1352.5,72400,,,
2018-06-08,1352.5,1352.5,1332.5,1340,181200,,,
2018-06-11,1340,1352.5,1340,1350,54000,,,
2018-06-12,1350,1352.5,1325,1335,112400,,,
2018-06-13,1325,1327.5,1315,1320,118800,,,
2018-06-14,1305,1310,1282.5,1287.5,135600,,,
2018-06-15,1285,1290,1265,1267.5,146400,,,
2018-06-18,1265,1270,1243.75,1250,90000,,,
2018-06-19,1236.25,1240,1215,1216.25,97600,,,
2018-06-20,1216.25,1226.25,1196.25,1216.25,256800,,,
2018-06-21,1216.25,1217.5,1193.75,1206.25,130400,,,
2018-06-22,1195,1212.5,1187.5,1207.5,264800,,,
2018-06-25,1216.25,1220,1195,1198.75,108000,,,
2018-06-26,1196.25,1230,1183.75,1228.75,188000,,,
2018-06-27,1225,1228.75,1206.25,1216.25,130000,,,
2018-06-28,1212.5,1230,1211.25,1216.25,121200,,,
2018-06-29,1216.25,1218.75,1197.5,1200,204400,,,
2018-07-02,1210,1226.25,1186.25,1190,249200,,,
2018-07-03,1198.75,1205,1186.25,1190,149200,,,
2018-07-04,1191.25,1218.75,1191.25,1207.5,239200,,,
2018-07-05,1211.25,1237.5,1211.25,1220,189600,,,
2018-07-06,1221.25,1240,1212.5,1232.5,178000,,,
2018-07-09,1232.5,1246.25,1227.5,1242.5,100400,,,
2018-07-10,1246.25,1257.5,1245,1245,128800,,,
2018-07-11,1247.5,1280,1235,1265,182800,,,
2018-07-12,1262.5,1267.5,1250,1250,124800,,,
2018-07-13,1250,1262.5,1226.25,1252.5,178000,,,
2018-07-17,1277.5,1300,1275,1280,172800,,,
2018-07-18,1287.5,1317.5,1287.5,1305,233200,,,
2018-07-19,1305,1312.5,1295,1295,68800,,,
2018-07-20,1292.5,1292.5,1265,1275,86000,,,
2018-07-23,1272.5,1287.5,1262.5,1262.5,100400,,,
2018-07-24,1267.5,1270,1252.5,1255,52800,,,
2018-07-25,1267.5,1275,1260,1262.5,62000,,,
2018-07-26,1262.5,1285,1262.5,1280,74800,,,
2018-07-27,1277.5,1297.5,1277.5,1287.5,64400,,,
2018-07-30,1267.5,1295,1265,1285,55600,,,
2018-07-31,1275,1302.5,1275,1292.5,137200,,,
2018-08-01,1317.5,1420,1280,1420,441600,,,
2018-08-02,1350,1410,1340,1352.5,313200,,,
2018-08-03,1350,1370,1332.5,1352.5,137200,,,
2018-08-06,1350,1357.5,1327.5,1327.5,64800,,,
2018-08-07,1327.5,1342.5,1320,1337.5,96400,,,
2018-08-08,1337.5,1350,1330,1332.5,104000,,,
2018-08-09,1317.5,1355,1317.5,1345,134400,,,
2018-08-10,1345,1360,1332.5,1335,99200,,,
2018-08-13,1322.5,1335,1287.5,1295,88400,,,
2018-08-14,1302.5,1307.5,1267.5,1305,138800,,,
2018-08-15,1310,1320,1295,1305,62000,,,
2018-08-16,1290,1307.5,1275,1302.5,106000,,,
2018-08-17,1302.5,1307.5,1290,1302.5,42800,,,
2018-08-20,1300,1305,1290,1297.5,59600,,,
2018-08-21,1272.5,1300,1270,1295,60800,,,
2018-08-22,1302.5,1315,1300,1312.5,50000,,,
2018-08-23,1312.5,1315,1292.5,1297.5,78800,,,
2018-08-24,1305,1305,1292.5,1300,37600,,,
2018-08-27,1300,1335,1300,1332.5,44800,,,
2018-08-28,1342.5,1370,1337.5,1342.5,84000,,,
2018-08-29,1342.5,1367.5,1342.5,1355,84000,,,
2018-08-30,1342.5,1360,1330,1345,191200,,,
2018-08-31,1340,1365,1337.5,1350,101200,,,
2018-09-03,1332.5,1340,1307.5,1317.5,113200,,,
2018-09-04,1320,1320,1307.5,1315,64000,,,
2018-09-05,1315,1350,1315,1340,145200,,,
2018-09-06,1332.5,1332.5,1320,1325,86000,,,
2018-09-07,1322.5,1325,1292.5,1310,112400,,,
2018-09-10,1310,1322.5,1310,1315,111200,,,
2018-09-11,1320,1327.5,1307.5,1325,102000,,,
2018-09-12,1320,1320,1272.5,1310,156000,,,
2018-09-13,1297.5,1340,1290,1327.5,131200,,,
2018-09-14,1340,1355,1340,1350,141200,,,
2018-09-18,1352.5,1385,1350,1372.5,119200,,,
2018-09-19,1392.5,1395,1377.5,1387.5,97200,,,
2018-09-20,1387.5,1390,1365,1385,84400,,,
2018-09-21,1392.5,1427.5,1385,1425,208000,,,
2018-09-25,1417.5,1440,1407.5,1437.5,158400,,,
2018-09-26,1422.5,1442.5,1422.5,1440,63600,,,
2018-09-27,1442.5,1442.5,1415,1435,128000,,,
2018-09-28,1442.5,1470,1437.5,1447.5,173200,,,
2018-10-01,1455,1472.5,1447.5,1457.5,116400,,,
2018-10-02,1472.5,1480,1450,1460,115200,,,
2018-10-03,1450,1465,1422.5,1422.5,97200,,,
2018-10-04,1440,1467.5,1420,1455,194800,,,
2018-10-05,1450,1452.5,1412.5,1420,140000,,,
2018-10-09,1417.5,1417.5,1380,1395,107200,,,
2018-10-10,1402.5,1407.5,1377.5,1380,113200,,,
2018-10-11,1355,1355,1320,1330,186000,,,
2018-10-12,1332.5,1352.5,1322.5,1337.5,160800,,,
2018-10-15,1330,1337.5,1305,1315,126000,,,
2018-10-16,1305,1320,1300,1310,123200,,,
2018-10-17,1340,1387.5,1340,1362.5,204400,,,
2018-10-18,1365,1367.5,1345,1347.5,118000,,,
2018-10-19,1337.5,1365,1327.5,1355,186400,,,
2018-10-22,1342.5,1342.5,1310,1335,160800,,,
2018-10-23,1337.5,1340,1317.5,1325,216000,,,
2018-10-24,1330,1330,1292.5,1312.5,195600,,,
2018-10-25,1275,1282.5,1260,1265,138400,,,
2018-10-26,1270,1290,1232.5,1245,198800,,,
2018-10-29,1245,1285,1245,1257.5,122000,,,
2018-10-30,1250,1290,1250,1277.5,139200,,,
2018-10-31,1290,1307.5,1275,1295,135600,,,
2018-11-01,1275,1305,1262.5,1272.5,186400,,,
2018-11-02,1285,1365,1280,1347.5,517200,,,
2018-11-05,1365,1410,1357.5,1375,392400,,,
2018-11-06,1377.5,1395,1352.5,1377.5,142800,,,
2018-11-07,1365,1380,1310,1312.5,281600,,,
2018-11-08,1330,1345,1325,1340,114400,,,
2018-11-09,1337.5,1360,1335,1352.5,80400,,,
2018-11-12,1335,1370,1335,1362.5,63200,,,
2018-11-13,1335,1355,1317.5,1350,104800,,,
2018-11-14,1357.5,1367.5,1347.5,1365,126800,,,
2018-11-15,1347.5,1382.5,1347.5,1377.5,115200,,,
2018-11-16,1380,1387.5,1362.5,1367.5,112800,,,
2018-11-19,1362.5,1387.5,1362.5,1380,123200,,,
2018-11-20,1360,1385,1355,1377.5,109600,,,
2018-11-21,1352.5,1380,1347.5,1375,74400,,,
2018-11-22,1377.5,1382.5,1365,1380,64000,,,
2018-11-26,1370,1385,1367.5,1372.5,84800,,,
2018-11-27,1377.5,1395,1372.5,1392.5,120800,,,
2018-11-28,1400,1417.5,1397.5,1412.5,111200,,,
2018-11-29,1425,1430,1415,1417.5,106800,,,
2018-11-30,1417.5,1417.5,1397.5,1405,186400,,,
2018-12-03,1430,1430,1405,1412.5,78400,,,
2018-12-04,1412.5,1412.5,1382.5,1390,113200,,,
2018-12-05,1365,1392.5,1365,1380,121600,,,
2018-12-06,1370,1377.5,1352.5,1362.5,153600,,,
2018-12-07,1362.5,1372.5,1345,1362.5,131200,,,
2018-12-10,1382.5,1382.5,1337.5,1365,662000,,,
2018-12-11,1355,1365,1285,1297.5,132400,,,
2018-12-12,1302.5,1322.5,1300,1312.5,82400,,,
2018-12-13,1315,1347.5,1315,1345,92800,,,
2018-12-14,1340,1340,1302.5,1317.5,135600,,,
2018-12-17,1312.5,1322.5,1305,1305,66800,,,
2018-12-18,1290,1307.5,1280,1292.5,130400,,,
2018-12-19,1287.5,1295,1265,1282.5,110400,,,
2018-12-20,1267.5,1270,1217.5,1220,121200,,,
2018-12-21,1212.5,1212.5,1163.75,1170,213200,,,
2018-12-25,1137.5,1141.25,1093.75,1112.5,175200,,,
2018-12-26,1116.25,1140,1116.25,1137.5,138000,,,
2018-12-27,1200,1228.75,1190,1227.5,166400,,,
2018-12-28,1260,1290,1257.5,1267.5,469200,,,
2019-01-04,1242.5,1300,1242.5,1287.5,696800,,,
2019-01-07,1327.5,1355,1282.5,1285,184400,,,
2019-01-08,1285,1292.5,1262.5,1270,197600,,,
2019-01-09,1270,1312.5,1270,1305,154400,,,
2019-01-10,1280,1297.5,1265,1267.5,118400,,,
2019-01-11,1282.5,1297.5,1270,1277.5,96000,,,
2019-01-15,1267.5,1300,1267.5,1292.5,105200,,,
2019-01-16,1275,1287.5,1206.25,1210,604800,,,
2019-01-17,1218.75,1238.75,1216.25,1227.5,727200,,,
2019-01-18,1245,1267.5,1235,1255,240400,,,
2019-01-21,1275,1297.5,1267.5,1267.5,153600,,,
2019-01-22,1280,1280,1255,1265,96000,,,
2019-01-23,1250,1275,1248.75,1260,104800,,,
2019-01-24,1252.5,1272.5,1250,1267.5,69200,,,
2019-01-25,1287.5,1305,1280,1282.5,144400,,,
2019-01-28,1282.5,1292.5,1277.5,1280,77200,,,
2019-01-29,1295,1302.5,1280,1287.5,108400,,,
2019-01-30,1297.5,1315,1285,1285,170000,,,
2019-01-31,1315,1325,1295,1302.5,182800,,,
2019-02-01,1302.5,1317.5,1275,1280,165600,,,
2019-02-04,1305,1342.5,1292.5,1325,350800,,,
2019-02-05,1335,1365,1315,1352.5,155600,,,
2019-02-06,1352.5,1352.5,1300,1302.5,239200,,,
2019-02-07,1297.5,1297.5,1265,1272.5,88800,,,
2019-02-08,1250,1265,1233.75,1242.5,98000,,,
2019-02-12,1255,1287.5,1255,1287.5,76400,,,
2019-02-13,1295,1300,1280,1292.5,58400,,,
2019-02-14,1342.5,1372.5,1325,1347.5,776400,,,
2019-02-15,1347.5,1357.5,1327.5,1357.5,372800,,,
2019-02-18,1375,1385,1357.5,1385,226400,,,
2019-02-19,1380,1382.5,1367.5,1372.5,110400,,,
2019-02-20,1380,1387.5,1365,1375,200800,,,
2019-02-21,1385,1385,1360,1372.5,84800,,,
2019-02-22,1367.5,1377.5,1350,1372.5,126800,,,
2019-02-25,1382.5,1387.5,1370,1372.5,136400,,,
2019-02-26,1372.5,1375,1357.5,1360,88400,,,
2019-02-27,1370,1370,1352.5,1365,84400,,,
2019-02-28,1357.5,1372.5,1345,1357.5,129200,,,
2019-03-01,1352.5,1370,1347.5,1357.5,138000,,,
2019-03-04,1367.5,1367.5,1345,1362.5,129600,,,
2019-03-05,1355,1357.5,1337.5,1355,103200,,,
2019-03-06,1352.5,1370,1352.5,1365,157200,,,
2019-03-07,1355,1360,1327.5,1330,184800,,,
2019-03-08,1305,1310,1290,1297.5,222800,,,
2019-03-11,1307.5,1312.5,1287.5,1292.5,105600,,,
2019-03-12,1307.5,1320,1302.5,1310,106000,,,
2019-03-13,1310,1315,1290,1302.5,78000,,,
2019-03-14,1302.5,1310,1287.5,1292.5,100000,,,
2019-03-15,1310,1347.5,1310,1330,240400,,,
2019-03-18,1337.5,1340,1317.5,1337.5,92400,,,
2019-03-19,1330,1330,1307.5,1322.5,57200,,,
2019-03-20,1300,1332.5,1300,1330,140000,,,
2019-03-22,1330,1340,1320,1340,72000,,,
2019-03-25,1322.5,1322.5,1287.5,1295,136800,,,
2019-03-26,1310,1350,1300,1350,156000,,,
2019-03-27,1302.5,1327.5,1302.5,1325,172400,,,
2019-03-28,1307.5,1307.5,1280,1282.5,104400,,,
2019-03-29,1290,1297.5,1270,1280,101600,,,
2019-04-01,1300,1317.5,1295,1310,148000,,,
2019-04-02,1327.5,1327.5,1300,1310,83200,,,
2019-04-03,1320,1332.5,1307.5,1330,134800,,,
2019-04-04,1335,1335,1315,1320,79200,,,
2019-04-05,1330,1340,1325,1332.5,135200,,,
2019-04-08,1357.5,1357.5,1332.5,1340,73200,,,
2019-04-09,1340,1340,1315,1332.5,120000,,,
2019-04-10,1312.5,1322.5,1302.5,1322.5,95200,,,
2019-04-11,1330,1335,1312.5,1322.5,188400,,,
2019-04-12,1347.5,1347.5,1327.5,1332.5,94000,,,
2019-04-15,1365,1387.5,1365,1385,179200,,,
2019-04-16,1395,1395,1375,1380,138000,,,
2019-04-17,1455,1482.5,1417.5,1452.5,544800,,,
2019-04-18,1472.5,1472.5,1420,1427.5,314800,,,
2019-04-19,1422.5,1430,1397.5,1405,148400,,,
2019-04-22,1405,1412.5,1390,1410,75200,,,
2019-04-23,1415,1425,1400,1402.5,83200,,,
2019-04-24,1402.5,1410,1390,1392.5,114800,,,
2019-04-25,1382.5,1392.5,1372.5,1392.5,127600,,,
2019-04-26,1382.5,1405,1375,1402.5,90400,,,
2019-05-07,1400,1405,1350,1352.5,254800,,,
2019-05-08,1337.5,1405,1327.5,1352.5,417600,,,
2019-05-09,1347.5,1347.5,1300,1307.5,218400,,,
2019-05-10,1300,1335,1292.5,1327.5,255200,,,
2019-05-13,1320,1332.5,1287.5,1300,216400,,,
2019-05-14,1270,1292.5,1262.5,1290,185200,,,
2019-05-15,1290,1305,1262.5,1270,188400,,,
2019-05-16,1272.5,1272.5,1247.5,1252.5,174800,,,
2019-05-17,1265,1282.5,1252.5,1260,151200,,,
2019-05-20,1260,1272.5,1252.5,1262.5,123200,,,
2019-05-21,1252.5,1252.5,1237.5,1245,101600,,,
2019-05-22,1255,1257.5,1238.75,1240,121600,,,
2019-05-23,1237.5,1252.5,1233.75,1246.25,167200,,,
2019-05-24,1235,1262.5,1230,1255,116800,,,
2019-05-27,1262.5,1290,1252.5,1272.5,185600,,,
2019-05-28,1280,1292.5,1277.5,1290,180400,,,
2019-05-29,1302.5,1332.5,1290,1330,275200,,,
2019-05-30,1450,1492.5,1415,1422.5,2277600,,,
2019-05-31,1407.5,1415,1375,1395,682400,,,
2019-06-03,1370,1400,1365,1387.5,471600,,,
2019-06-04,1385,1400,1370,1390,286400,,,
2019-06-05,1410,1427.5,1400,1422.5,517600,,,
2019-06-06,1417.5,1447.5,1412.5,1437.5,212800,,,
2019-06-07,1425,1460,1422.5,1450,354400,,,
2019-06-10,1487.5,1487.5,1435,1460,399200,,,
2019-06-11,1452.5,1467.5,1447.5,1460,378800,,,
2019-06-12,1452.5,1480,1452.5,1477.5,384000,,,
2019-06-13,1462.5,1465,1445,1462.5,244000,,,
2019-06-14,1450,1462.5,1445,1455,287200,,,
2019-06-17,1450,1457.5,1422.5,1422.5,192400,,,
2019-06-18,1420,1432.5,1402.5,1415,211200,,,
2019-06-19,1435,1445,1422.5,1425,172800,,,
2019-06-20,1407.5,1427.5,1402.5,1410,449200,,,
2019-06-21,1405,1407.5,1365,1370,572400,,,
2019-06-24,1390,1390,1367.5,1382.5,146800,,,
2019-06-25,1385,1412.5,1377.5,1412.5,230000,,,
2019-06-26,1405,1410,1365,1372.5,297200,,,
2019-06-27,1370,1387.5,1360,1382.5,650000,,,
2019-06-28,1390,1432.5,1380,1420,434800,,,
2019-07-01,1420,1442.5,1402.5,1430,322000,,,
2019-07-02,1425,1447.5,1415,1435,345200,,,
2019-07-03,1422.5,1422.5,1400,1402.5,210000,,,
2019-07-04,1410,1417.5,1390,1407.5,149600,,,
2019-07-05,1410,1415,1400,1407.5,153600,,,
2019-07-08,1405,1417.5,1402.5,1410,165200,,,
2019-07-09,1405,1410,1385,1392.5,202400,,,
2019-07-10,1385,1397.5,1380,1380,206800,,,
2019-07-11,1380,1390,1375,1382.5,172400,,,
2019-07-12,1380,1387.5,1375,1380,171600,,,
2019-07-16,1372.5,1375,1360,1360,108000,,,
2019-07-17,1352.5,1360,1345,1345,122400,,,
2019-07-18,1340,1340,1305,1310,228800,,,
2019-07-19,1305,1330,1295,1325,190400,,,
2019-07-22,1322.5,1325,1307.5,1310,201200,,,
2019-07-23,1310,1352.5,1310,1342.5,206000,,,
2019-07-24,1335,1357.5,1332.5,1345,194000,,,
2019-07-25,1347.5,1362.5,1342.5,1352.5,182800,,,
2019-07-26,1330,1340,1320,1322.5,215200,,,
2019-07-29,1332.5,1335,1312.5,1317.5,111600,,,
2019-07-30,1315,1327.5,1310,1322.5,365600,,,
2019-07-31,1307.5,1320,1287.5,1297.5,559600,,,
2019-08-01,1272.5,1272.5,1193.75,1208.75,704000,,,
2019-08-02,1188.75,1190,1173.75,1182.5,300400,,,
2019-08-05,1166.25,1166.25,1120,1137.5,353200,,,
2019-08-06,1091.25,1128.75,1088.75,1125,334800,,,
2019-08-07,1117.5,1137.5,1105,1128.75,316800,,,
2019-08-08,1128.75,1141.25,1118.75,1130,147600,,,
2019-08-09,1137.5,1137.5,1122.5,1128.75,182400,,,
2019-08-13,1111.25,1117.5,1097.5,1112.5,136800,,,
2019-08-14,1127.5,1145,1123.75,1136.25,216000,,,
2019-08-15,1101.25,1140,1095,1128.75,194000,,,
2019-08-16,1118.75,1135,1116.25,1125,158000,,,
2019-08-19,1125,1151.25,1125,1151.25,167200,,,
2019-08-20,1155,1175,1155,1170,146400,,,
2019-08-21,1161.25,1161.25,1151.25,1153.75,249600,,,
2019-08-22,1160,1177.5,1157.5,1165,140000,,,
2019-08-23,1176.25,1178.75,1156.25,1156.25,182800,,,
2019-08-26,1126.25,1128.75,1112.5,1115,140400,,,
2019-08-27,1131.25,1135,1123.75,1123.75,119600,,,
2019-08-28,1123.75,1135,1123.75,1123.75,112000,,,
2019-08-29,1132.5,1136.25,1115,1131.25,116400,,,
2019-08-30,1152.5,1162.5,1147.5,1158.75,130400,,,
2019-09-02,1148.75,1151.25,1132.5,1135,88800,,,
2019-09-03,1143.75,1186.25,1140,1178.75,266000,,,
2019-09-04,1175,1182.5,1162.5,1172.5,160000,,,
2019-09-05,1187.5,1208.75,1187.5,1196.25,196400,,,
2019-09-06,1205,1216.25,1201.25,1206.25,157600,,,
2019-09-09,1218.75,1230,1215,1228.75,292000,,,
2019-09-10,1231.25,1242.5,1202.5,1238.75,319600,,,
2019-09-11,1248.75,1260,1233.75,1252.5,311200,,,
2019-09-12,1267.5,1267.5,1250,1250,293600,,,
2019-09-13,1250,1262.5,1243.75,1255,300000,,,
2019-09-17,1252.5,1252.5,1228.75,1240,194800,,,
2019-09-18,1230,1265,1230,1255,280800,,,
2019-09-19,1265,1277.5,1262.5,1262.5,196000,,,
2019-09-20,1270,1270,1248.75,1262.5,125600,,,
2019-09-24,1260,1267.5,1245,1248.75,114000,,,
2019-09-25,1242.5,1242.5,1225,1233.75,186400,,,
2019-09-26,1235,1243.75,1221.25,1225,498400,,,
2019-09-27,1202.5,1202.5,1168.75,1188.75,410800,,,
2019-09-30,1166.25,1175,1156.25,1162.5,251200,,,
2019-10-01,1177.5,1203.75,1173.75,1202.5,243600,,,
2019-10-02,1183.75,1205,1183.75,1203.75,139600,,,
2019-10-03,1177.5,1187.5,1170,1183.75,144000,,,
2019-10-04,1172.5,1175,1146.25,1170,264000,,,
2019-10-07,1187.5,1207.5,1186.25,1196.25,302000,,,
2019-10-08,1207.5,1220,1197.5,1216.25,160000,,,
2019-10-09,1198.75,1210,1193.75,1208.75,123600,,,
2019-10-10,1215,1223.75,1188.75,1222.5,208400,,,
2019-10-11,1232.5,1236.25,1222.5,1230,126400,,,
2019-10-15,1247.5,1267.5,1238.75,1265,283600,,,
2019-10-16,1287.5,1292.5,1257.5,1265,206000,,,
2019-10-17,1267.5,1275,1255,1267.5,106000,,,
2019-10-18,1275,1282.5,1270,1280,103200,,,
2019-10-21,1282.5,1287.5,1272.5,1282.5,108800,,,
2019-10-23,1287.5,1287.5,1270,1280,134400,,,
2019-10-24,1282.5,1290,1277.5,1285,122000,,,
2019-10-25,1285,1305,1280,1297.5,232000,,,
2019-10-28,1297.5,1315,1290,1305,117600,,,
2019-10-29,1317.5,1330,1312.5,1315,194800,,,
2019-10-30,1315,1327.5,1310,1322.5,411600,,,
2019-10-31,1317.5,1317.5,1290,1300,176400,,,
2019-11-01,1295,1315,1267.5,1310,169600,,,
2019-11-05,1352.5,1367.5,1340,1357.5,357200,,,
2019-11-06,1355,1355,1330,1352.5,252000,,,
2019-11-07,1352.5,1360,1337.5,1350,134400,,,
2019-11-08,1362.5,1370,1350,1355,186800,,,
2019-11-11,1357.5,1357.5,1345,1352.5,96000,,,
2019-11-12,1350,1350,1335,1342.5,100800,,,
2019-11-13,1345,1345,1335,1335,48400,,,
2019-11-14,1337.5,1347.5,1325,1342.5,118800,,,
2019-11-15,1347.5,1367.5,1345,1362.5,108400,,,
2019-11-18,1387.5,1392.5,1370,1375,206400,,,
2019-11-19,1370,1370,1340,1352.5,129200,,,
2019-11-20,1352.5,1352.5,1327.5,1330,137600,,,
2019-11-21,1325,1332.5,1300,1327.5,116000,,,
2019-11-22,1327.5,1345,1325,1332.5,89200,,,
2019-11-25,1357.5,1387.5,1355,1362.5,265600,,,
2019-11-26,1377.5,1385,1355,1367.5,213600,,,
2019-11-27,1367.5,1382.5,1367.5,1372.5,252400,,,
2019-11-28,1372.5,1377.5,1365,1370,305200,,,
2019-11-29,1372.5,1397.5,1370,1392.5,284400,,,
2019-12-02,1385,1407.5,1372.5,1372.5,441600,,,
2019-12-03,1352.5,1372.5,1347.5,1362.5,254800,,,
2019-12-04,1345,1355,1337.5,1342.5,315200,,,
2019-12-05,1342.5,1342.5,1325,1325,178000,,,
2019-12-06,1322.5,1325,1305,1325,402000,,,
2019-12-09,1337.5,1362.5,1337.5,1360,234000,,,
2019-12-10,1362.5,1362.5,1350,1357.5,204000,,,
2019-12-11,1352.5,1360,1340,1357.5,146400,,,
2019-12-12,1357.5,1367.5,1355,1360,122400,,,
2019-12-13,1377.5,1402.5,1377.5,1387.5,330800,,,
2019-12-16,1385,1410,1382.5,1405,183600,,,
2019-12-17,1412.5,1422.5,1385,1387.5,504800,,,
2019-12-18,1387.5,1392.5,1362.5,1367.5,280800,,,
2019-12-19,1355,1382.5,1355,1375,178400,,,
2019-12-20,1365,1372.5,1360,1362.5,144400,,,
2019-12-23,1352.5,1365,1340,1342.5,192800,,,
2019-12-24,1350,1355,1340,1345,187200,,,
2019-12-25,1365,1365,1332.5,1337.5,138000,,,
2019-12-26,1337.5,1352.5,1335,1352.5,94800,,,
2019-12-27,1370,1370,1357.5,1357.5,131200,,,
2019-12-30,1350,1365,1342.5,1355,158400,,,
2020-01-06,1330,1345,1330,1335,87200,,,
2020-01-07,1340,1347.5,1327.5,1327.5,203200,,,
2020-01-08,1312.5,1315,1280,1285,200800,,,
2020-01-09,1302.5,1325,1297.5,1312.5,226800,,,
2020-01-10,1325,1327.5,1305,1307.5,136400,,,
2020-01-14,1315,1325,1307.5,1315,154000,,,
2020-01-15,1330,1337.5,1315,1322.5,118400,,,
2020-01-16,1332.5,1332.5,1317.5,1317.5,59200,,,
2020-01-17,1317.5,1345,1317.5,1345,85600,,,
2020-01-20,1350,1362.5,1350,1355,80000,,,
2020-01-21,1350,1355,1332.5,1335,69200,,,
2020-01-22,1350,1350,1330,1335,113200,,,
2020-01-23,1330,1330,1312.5,1322.5,120800,,,
2020-01-24,1327.5,1332.5,1315,1315,210400,,,
2020-01-27,1307.5,1310,1295,1302.5,181200,,,
2020-01-28,1290,1290,1275,1275,155200,,,
2020-01-29,1280,1295,1280,1295,77600,,,
2020-01-30,1282.5,1297.5,1272.5,1277.5,99600,,,
2020-01-31,1287.5,1325,1287.5,1297.5,189600,,,
2020-02-03,1265,1292.5,1265,1277.5,114800,,,
2020-02-04,1275,1297.5,1272.5,1290,136000,,,
2020-02-05,1240,1240,1205,1205,661200,,,
2020-02-06,1221.25,1267.5,1215,1255,702000,,,
2020-02-07,1260,1260,1240,1250,266400,,,
2020-02-10,1243.75,1248.75,1237.5,1247.5,178000,,,
2020-02-12,1242.5,1246.25,1225,1231.25,292800,,,
2020-02-13,1231.25,1248.75,1231.25,1241.25,117200,,,
2020-02-14,1228.75,1240,1228.75,1233.75,209200,,,
2020-02-17,1226.25,1231.25,1216.25,1227.5,367200,,,
2020-02-18,1225,1225,1196.25,1203.75,148000,,,
2020-02-19,1221.25,1235,1206.25,1206.25,489600,,,
2020-02-20,1221.25,1223.75,1205,1208.75,229600,,,
2020-02-21,1205,1217.5,1205,1208.75,138800,,,
2020-02-25,1157.5,1175,1155,1162.5,302400,,,
2020-02-26,1142.5,1161.25,1135,1161.25,246000,,,
2020-02-27,1152.5,1158.75,1131.25,1131.25,355200,,,
2020-02-28,1115,1118.75,1091.25,1097.5,341200,,,
2020-03-02,1091.25,1122.5,1081.25,1107.5,249600,,,
2020-03-03,1133.75,1135,1101.25,1102.5,402000,,,
2020-03-04,1086.25,1121.25,1085,1108.75,353200,,,
2020-03-05,1143.75,1163.75,1130,1140,784400,,,
2020-03-06,1130,1130,1098.75,1100,349200,,,
2020-03-09,1075,1080,1046.25,1053.75,274800,,,
2020-03-10,1020,1052.5,996.25,1046.25,474400,,,
2020-03-11,1047.5,1066.25,1042.5,1047.5,441200,,,
2020-03-12,1001.25,1016.25,988.75,988.75,697200,,,
2020-03-13,920,955,901.25,928.75,399600,,,
2020-03-16,937.5,950,891.25,895,358800,,,
2020-03-17,875,927.5,856.25,917.5,398400,,,
2020-03-18,943.75,948.75,888.75,891.25,492400,,,
2020-03-19,907.5,913.75,875,882.5,454400,,,
2020-03-23,875,890,862.5,870,532800,,,
2020-03-24,880,935,880,933.75,580000,,,
2020-03-25,995,1011.25,960,997.5,701600,,,
2020-03-26,986.25,996.25,958.75,987.5,417200,,,
2020-03-27,1040,1051.25,1003.75,1051.25,411600,,,
2020-03-30,1020,1030,970,1027.5,321200,,,
2020-03-31,1011.25,1013.75,968.75,988.75,360800,,,
2020-04-01,981.25,981.25,922.5,928.75,210000,,,
2020-04-02,910,926.25,906.25,915,177200,,,
2020-04-03,910,935,905,913.75,93200,,,
2020-04-06,912.5,965,905,963.75,179600,,,
2020-04-07,996.25,998.75,966.25,996.25,183200,,,
2020-04-08,998.75,1015,987.5,1007.5,166800,,,
2020-04-09,1021.25,1021.25,988.75,997.5,124400,,,
2020-04-10,985,1003.75,972.5,997.5,117200,,,
2020-04-13,990,990,967.5,970,105600,,,
2020-04-14,967.5,1002.5,961.25,996.25,758800,,,
2020-04-15,1011.25,1011.25,962.5,975,444800,,,
2020-04-16,963.75,976.25,955,976.25,271200,,,
2020-04-17,997.5,1007.5,980,987.5,219200,,,
2020-04-20,982.5,993.75,982.5,992.5,56800,,,
2020-04-21,967.5,990,965,985,173600,,,
2020-04-22,975,1002.5,963.75,1001.25,240400,,,
2020-04-23,1008.75,1041.25,1001.25,1041.25,196800,,,
2020-04-24,1057.5,1071.25,1035,1041.25,375600,,,
2020-04-27,1062.5,1067.5,1055,1062.5,162400,,,
2020-04-28,1062.5,1067.5,1052.5,1062.5,80000,,,
2020-04-30,1075,1091.25,1062.5,1071.25,271200,,,
2020-05-01,1060,1062.5,1047.5,1055,214800,,,
2020-05-07,1055,1071.25,1042.5,1065,188800,,,
2020-05-08,1077.5,1091.25,1065,1078.75,168400,,,
2020-05-11,1087.5,1100,1061.25,1095,482400,,,
2020-05-12,1103.75,1103.75,1067.5,1093.75,173200,,,
2020-05-13,1093.75,1161.25,1080,1116.25,508000,,,
2020-05-14,1116.25,1157.5,1106.25,1147.5,349200,,,
2020-05-15,1143.75,1153.75,1098.75,1100,408800,,,
2020-05-18,1117.5,1130,1101.25,1130,167200,,,
2020-05-19,1142.5,1153.75,1133.75,1150,168400,,,
2020-05-20,1158.75,1186.25,1153.75,1176.25,216400,,,
2020-05-21,1186.25,1197.5,1180,1192.5,193600,,,
2020-05-22,1192.5,1192.5,1177.5,1182.5,146800,,,
2020-05-25,1196.25,1202.5,1183.75,1196.25,94000,,,
2020-05-26,1200,1246.25,1200,1245,408800,,,
2020-05-27,1241.25,1255,1235,1245,238000,,,
2020-05-28,1262.5,1265,1233.75,1265,349600,,,
2020-05-29,1246.25,1255,1233.75,1235,215600,,,
2020-06-01,1221.25,1231.25,1212.5,1230,164800,,,
2020-06-02,1240,1242.5,1218.75,1237.5,160000,,,
2020-06-03,1250,1255,1233.75,1242.5,181200,,,
2020-06-04,1255,1255,1228.75,1241.25,179200,,,
2020-06-05,1255,1255,1231.25,1245,224800,,,
2020-06-08,1242.5,1255,1231.25,1255,141600,,,
2020-06-09,1252.5,1252.5,1238.75,1248.75,156400,,,
2020-06-10,1250,1257.5,1236.25,1236.25,270800,,,
2020-06-11,1231.25,1233.75,1212.5,1212.5,128000,,,
2020-06-12,1170,1208.75,1170,1200,204000,,,
2020-06-15,1196.25,1206.25,1173.75,1175,94400,,,
2020-06-16,1192.5,1213.75,1192.5,1210,193600,,,
2020-06-17,1200,1211.25,1195,1207.5,82000,,,
2020-06-18,1211.25,1221.25,1190,1211.25,182000,,,
2020-06-19,1203.75,1208.75,1188.75,1200,117600,,,
2020-06-22,1200,1212.5,1188.75,1212.5,86800,,,
2020-06-23,1208.75,1223.75,1201.25,1216.25,76800,,,
2020-06-24,1218.75,1221.25,1196.25,1196.25,106800,,,
2020-06-25,1191.25,1191.25,1167.5,1172.5,145200,,,
2020-06-26,1177.5,1183.75,1166.25,1171.25,106000,,,
2020-06-29,1166.25,1166.25,1150,1166.25,180000,,,
2020-06-30,1162.5,1180,1157.5,1157.5,232800,,,
2020-07-01,1157.5,1157.5,1135,1135,213200,,,
2020-07-02,1137.5,1158.75,1123.75,1155,231600,,,
2020-07-03,1160,1165,1143.75,1160,154800,,,
2020-07-06,1162.5,1185,1160,1180,116400,,,
2020-07-07,1185,1185,1162.5,1162.5,81200,,,
2020-07-08,1165,1187.5,1160,1170,134000,,,
2020-07-09,1162.5,1177.5,1153.75,1166.25,114800,,,
2020-07-10,1166.25,1173.75,1136.25,1136.25,126000,,,
2020-07-13,1137.5,1170,1137.5,1165,131600,,,
2020-07-14,1161.25,1183.75,1158.75,1176.25,89600,,,
2020-07-15,1190,1205,1185,1197.5,122000,,,
2020-07-16,1203.75,1216.25,1193.75,1198.75,129600,,,
2020-07-17,1211.25,1211.25,1161.25,1173.75,130400,,,
2020-07-20,1177.5,1188.75,1166.25,1187.5,62000,,,
2020-07-21,1205,1207.5,1175,1183.75,222800,,,
2020-07-22,1207.5,1217.5,1196.25,1197.5,223200,,,
2020-07-27,1187.5,1203.75,1168.75,1203.75,117600,,,
2020-07-28,1201.25,1210,1183.75,1201.25,144000,,,
2020-07-29,1200,1200,1168.75,1175,108000,,,
2020-07-30,1177.5,1181.25,1163.75,1166.25,116800,,,
2020-07-31,1166.25,1166.25,1117.5,1126.25,135600,,,
2020-08-03,1165,1165,1135,1147.5,101200,,,
2020-08-04,1147.5,1181.25,1147.5,1181.25,215600,,,
2020-08-05,1166.25,1166.25,1132.5,1156.25,202800,,,
2020-08-06,1143.75,1192.5,1143.75,1192.5,157600,,,
2020-08-07,1195,1203.75,1187.5,1188.75,209200,,,
2020-08-11,1192.5,1215,1192.5,1213.75,173600,,,
2020-08-12,1215,1228.75,1201.25,1228.75,158400,,,
2020-08-13,1232.5,1237.5,1217.5,1233.75,122400,,,
2020-08-14,1227.5,1228.75,1213.75,1213.75,50400,,,
2020-08-17,1213.75,1218.75,1193.75,1196.25,89600,,,
2020-08-18,1208.75,1213.75,1196.25,1196.25,134400,,,
2020-08-19,1195,1221.25,1187.5,1221.25,116000,,,
2020-08-20,1210,1211.25,1190,1191.25,133200,,,
2020-08-21,1193.75,1208.75,1193.75,1205,37200,,,
2020-08-24,1217.5,1217.5,1203.75,1211.25,99600,,,
2020-08-25,1227.5,1233.75,1212.5,1230,145200,,,
2020-08-26,1220,1235,1210,1230,94800,,,
2020-08-27,1226.25,1226.25,1203.75,1220,93600,,,
2020-08-28,1220,1236.25,1206.25,1217.5,170400,,,
2020-08-31,1217.5,1247.5,1217.5,1232.5,213200,,,
2020-09-01,1233.75,1233.75,1216.25,1226.25,156400,,,
2020-09-02,1243.75,1243.75,1221.25,1237.5,130800,,,
2020-09-03,1246.25,1255,1235,1236.25,134800,,,
2020-09-04,1227.5,1243.75,1221.25,1243.75,136400,,,
2020-09-07,1243.75,1255,1238.75,1238.75,170400,,,
2020-09-08,1242.5,1257.5,1236.25,1243.75,211200,,,
2020-09-09,1228.75,1228.75,1207.5,1225,186800,,,
2020-09-10,1225,1250,1211.25,1246.25,200000,,,
2020-09-11,1245,1272.5,1231.25,1260,195600,,,
2020-09-14,1255,1285,1252.5,1282.5,165600,,,
2020-09-15,1280,1280,1246.25,1260,106400,,,
2020-09-16,1262.5,1262.5,1250,1257.5,77600,,,
2020-09-17,1252.5,1267.5,1231.25,1245,149600,,,
2020-09-18,1250,1262.5,1245,1247.5,227200,,,
2020-09-23,1232.5,1262.5,1220,1255,129600,,,
2020-09-24,1255,1265,1236.25,1242.5,143200,,,
2020-09-25,1252.5,1255,1233.75,1245,159200,,,
2020-09-28,1257.5,1262.5,1241.25,1262.5,252400,,,
2020-09-29,1250,1252.5,1228.75,1238.75,117600,,,
2020-09-30,1242.5,1242.5,1223.75,1225,166000,,,
2020-10-01,#VALUE!,#VALUE!,#VALUE!,#VALUE!,0,,,
2020-10-02,1228.75,1252.5,1223.75,1227.5,229200,,,
2020-10-05,1252.5,1282.5,1252.5,1275,486800,,,
2020-10-06,1287.5,1312.5,1285,1292.5,314800,,,
2020-10-07,1287.5,1287.5,1270,1270,88800,,,
2020-10-08,1275,1295,1246.25,1267.5,379600,,,
2020-10-09,1257.5,1257.5,1226.25,1231.25,459200,,,
2020-10-12,1232.5,1237.5,1221.25,1232.5,156800,,,
2020-10-13,1232.5,1237.5,1220,1226.25,145200,,,
2020-10-14,1222.5,1222.5,1203.75,1208.75,134400,,,
2020-10-15,1200,1216.25,1196.25,1210,140800,,,
2020-10-16,1210,1210,1191.25,1191.25,80800,,,
2020-10-19,1190,1205,1190,1198.75,106400,,,
2020-10-20,1197.5,1197.5,1181.25,1190,168000,,,
2020-10-21,1178.75,1213.75,1178.75,1212.5,150800,,,
2020-10-22,1142.5,1143.75,1117.5,1123.75,1538400,,,
2020-10-23,1127.5,1185,1121.25,1172.5,1003200,,,
2020-10-26,1162.5,1180,1155,1177.5,425600,,,
2020-10-27,1163.75,1170,1148.75,1162.5,320800,,,
2020-10-28,1160,1167.5,1137.5,1150,202400,,,
2020-10-29,1132.5,1147.5,1126.25,1143.75,199200,,,
2020-10-30,1146.25,1146.25,1098.75,1102.5,484000,,,
2020-11-02,1117.5,1143.75,1117.5,1128.75,202000,,,
2020-11-04,1142.5,1145,1123.75,1123.75,228000,,,
2020-11-05,1136.25,1136.25,1105,1122.5,484000,,,
2020-11-06,1125,1137.5,1117.5,1127.5,320800,,,
2020-11-09,1143.75,1143.75,1121.25,1122.5,272400,,,
2020-11-10,1150,1153.75,1132.5,1135,212400,,,
2020-11-11,1148.75,1160,1127.5,1133.75,316800,,,
2020-11-12,1137.5,1148.75,1132.5,1142.5,177600,,,
2020-11-13,1140,1140,1121.25,1128.75,188800,,,
2020-11-16,1138.75,1142.5,1121.25,1126.25,444000,,,
2020-11-17,1130,1133.75,1117.5,1125,240400,,,
2020-11-18,1125,1130,1113.75,1118.75,299600,,,
2020-11-19,1136.25,1158.75,1121.25,1130,313200,,,
2020-11-20,1125,1126.25,1118.75,1125,123200,,,
2020-11-24,1141.25,1142.5,1128.75,1130,448000,,,
2020-11-25,1145,1147.5,1127.5,1131.25,542000,,,
2020-11-26,1126.25,1126.25,1108.75,1111.25,470000,,,
2020-11-27,1111.25,1123.75,1111.25,1113.75,586400,,,
2020-11-30,1122.5,1132.5,1120,1120,706000,,,
2020-12-01,1132.5,1150,1128.75,1146.25,789600,,,
2020-12-02,1163.75,1170,1152.5,1161.25,719600,,,
2020-12-03,1170,1193.75,1166.25,1188.75,703600,,,
2020-12-04,1188.75,1190,1171.25,1172.5,265200,,,
2020-12-07,1180,1181.25,1148.75,1152.5,290400,,,
2020-12-08,1142.5,1143.75,1132.5,1140,218400,,,
2020-12-09,1155,1156.25,1142.5,1156.25,278400,,,
2020-12-10,1157.5,1177.5,1151.25,1168.75,420400,,,
2020-12-11,1162.5,1182.5,1162.5,1182.5,268800,,,
2020-12-14,1187.5,1226.25,1187.5,1218.75,647200,,,
2020-12-15,1242.5,1260,1237.5,1237.5,778400,,,
2020-12-16,1250,1265,1220,1225,348800,,,
2020-12-17,1232.5,1252.5,1220,1236.25,768000,,,
2020-12-18,1255,1267.5,1240,1257.5,496800,,,
2020-12-21,1275,1285,1265,1285,396800,,,
2020-12-22,1332.5,1340,1282.5,1285,879600,,,
2020-12-23,1310,1327.5,1280,1320,652000,,,
2020-12-24,1355,1415,1350,1390,968000,,,
2020-12-25,1455,1492.5,1430,1445,869600,,,
2020-12-28,1450,1455,1392.5,1412.5,589200,,,
2020-12-29,1400,1427.5,1395,1410,333600,,,
2020-12-30,1395,1397.5,1367.5,1377.5,508400,,,
2021-01-04,1382.5,1382.5,1345,1380,290800,,,
2021-01-05,1375,1392.5,1365,1382.5,257200,,,
2021-01-06,1367.5,1375,1347.5,1350,453200,,,
2021-01-07,1367.5,1397.5,1367.5,1385,367200,,,
2021-01-08,1385,1422.5,1375,1412.5,474000,,,
2021-01-12,1412.5,1420,1390,1407.5,298400,,,
2021-01-13,1405,1422.5,1392.5,1412.5,202800,,,
2021-01-14,1412.5,1430,1395,1400,292400,,,
2021-01-15,1405,1405,1367.5,1370,300800,,,
2021-01-18,1360,1367.5,1347.5,1360,134800,,,
2021-01-19,1362.5,1377.5,1345,1352.5,279200,,,
2021-01-20,1350,1365,1342.5,1360,256800,,,
2021-01-21,1362.5,1385,1362.5,1365,205600,,,
2021-01-22,1350,1360,1342.5,1347.5,177200,,,
2021-01-25,1355,1362.5,1342.5,1352.5,179200,,,
2021-01-26,1357.5,1367.5,1340,1350,192800,,,
2021-01-27,1342.5,1345,1332.5,1332.5,200400,,,
2021-01-28,1312.5,1322.5,1292.5,1307.5,630800,,,
2021-01-29,1325,1335,1302.5,1312.5,286400,,,
2021-02-01,1292.5,1320,1287.5,1307.5,293200,,,
2021-02-02,1317.5,1320,1305,1312.5,131200,172330000,0,0
2021-02-03,1320,1340,1320,1337.5,135200,180091000,0,0
2021-02-04,1340,1372.5,1327.5,1340,251200,338715000,0,0
2021-02-05,1345,1380,1330,1350,502800,681391000,0,0
2021-02-08,1352.5,1377.5,1340,1347.5,330800,448806000,0,0
2021-02-09,1350,1350,1327.5,1337.5,183200,244641000,0,0
2021-02-10,1335,1335,1302.5,1322.5,271600,357557000,0,0
2021-02-12,1330,1355,1325,1350,219600,294944000,0,0
2021-02-15,1355,1355,1335,1347.5,146800,197331000,0,0
2021-02-16,1357.5,1357.5,1337.5,1340,278800,375178000,0,0
2021-02-17,1337.5,1340,1312.5,1322.5,196800,260573000,0,0
2021-02-18,1325,1330,1302.5,1312.5,245600,322565000,0,0
2021-02-19,1307.5,1310,1297.5,1307.5,161600,210688000,0,0
2021-02-22,1312.5,1320,1300,1307.5,145200,190089000,0,0
2021-02-24,1307.5,1307.5,1270,1270,278800,358715000,0,0
2021-02-25,1287.5,1292.5,1280,1282.5,89600,115256000,0,0
2021-02-26,1275,1275,1257.5,1260,264800,334939000,0,0
2021-03-01,1267.5,1300,1267.5,1300,212000,273740000,0,0
2021-03-02,1350,1352.5,1305,1307.5,553200,730917000,0,0
2021-03-03,1320,1362.5,1315,1352.5,475600,638833000,0,0
2021-03-04,1350,1370,1340,1360,281200,380408000,0,0
2021-03-05,1360,1367.5,1335,1365,254400,344037000,0,0
2021-03-08,1387.5,1397.5,1360,1367.5,285600,392555000,0,0
2021-03-09,1382.5,1382.5,1355,1375,214400,293495000,0,0
2021-03-10,1412.5,1412.5,1385,1400,370000,517841000,0,0
2021-03-11,1402.5,1425,1395,1407.5,228000,321983000,0,0
2021-03-12,1400,1402.5,1380,1390,412400,573269000,0,0
2021-03-15,1385,1412.5,1375,1412.5,278800,389585000,0,0
2021-03-16,1420,1432.5,1395,1425,422400,598054000,0,0
2021-03-17,1417.5,1450,1417.5,1450,235200,338585000,0,0
2021-03-18,1445,1455,1437.5,1452.5,203200,294403000,0,0
2021-03-19,1440,1457.5,1437.5,1452.5,241200,349627000,0,0
2021-03-22,1447.5,1470,1442.5,1462.5,202800,295877000,0,0
2021-03-23,1465,1465,1420,1420,451200,646996000,0,0
2021-03-24,1402.5,1412.5,1390,1395,257200,360027000,0,0
2021-03-25,1417.5,1432.5,1407.5,1422.5,200400,284748000,0,0
2021-03-26,1437.5,1447.5,1422.5,1440,142000,204123000,0,0
2021-03-29,1447.5,1455,1425,1440,192400,276906000,0,0
2021-03-30,1422.5,1430,1402.5,1415,190400,269513000,0,0
2021-03-31,1402.5,1420,1392.5,1400,165600,233025000,0,0
2021-04-01,1407.5,1412.5,1377.5,1380,156800,217735000,0,0
2021-04-02,1380,1395,1380,1390,74000,102726000,0,0
2021-04-05,1385,1400,1382.5,1392.5,107200,149282000,0,0
2021-04-06,1397.5,1397.5,1360,1370,218000,299675000,0,0
2021-04-07,1382.5,1390,1377.5,1387.5,132800,183788000,0,0
2021-04-08,1385,1387.5,1360,1365,174000,238684000,0,0
2021-04-09,1360,1375,1360,1360,106800,145829000,0,0
2021-04-12,1375,1375,1362.5,1362.5,57200,78252000,0,0
2021-04-13,1362.5,1377.5,1360,1370,104400,143150000,0,0
2021-04-14,1352.5,1360,1340,1352.5,170800,230528000,0,0
2021-04-15,1355,1370,1352.5,1362.5,91200,123925000,0,0
2021-04-16,1377.5,1377.5,1360,1370,98000,134260000,0,0
2021-04-19,1372.5,1385,1370,1382.5,90800,125217000,0,0
2021-04-20,1380,1380,1360,1360,197600,269746000,0,0
2021-04-21,1342.5,1350,1325,1350,250800,335908000,0,0
2021-04-22,1365,1380,1355,1357.5,142000,194075000,0,0
2021-04-23,1350,1360,1345,1345,102800,138812000,0,0
2021-04-26,1345,1345,1320,1322.5,147200,195725000,0,0
2021-04-27,1325,1332.5,1282.5,1305,326800,425993000,0,0
2021-04-28,1297.5,1312.5,1290,1305,114800,149775000,0,0
2021-04-30,1310,1310,1292.5,1297.5,131200,170655000,0,0
2021-05-06,1312.5,1340,1312.5,1332.5,168800,224418000,0,0
2021-05-07,1332.5,1345,1332.5,1335,87600,117122000,0,0
2021-05-10,1357.5,1392.5,1340,1350,289200,394618000,0,0
2021-05-11,1350,1380,1342.5,1357.5,238000,324689000,0,0
2021-05-12,1345,1350,1312.5,1322.5,198800,263568000,0,0
2021-05-13,1325,1352.5,1317.5,1327.5,270400,361440000,0,0
2021-05-14,1340,1350,1332.5,1340,150000,201110000,0,0
2021-05-17,1357.5,1362.5,1332.5,1337.5,160400,215616000,0,0
2021-05-18,1347.5,1352.5,1340,1345,121600,163816000,0,0
2021-05-19,1335,1337.5,1320,1327.5,165600,219769000,0,0
2021-05-20,1340,1347.5,1335,1345,110800,148803000,0,0
2021-05-21,1337.5,1352.5,1337.5,1342.5,132800,178776000,0,0
2021-05-24,1347.5,1362.5,1347.5,1350,91600,124094000,0,0
2021-05-25,1352.5,1352.5,1337.5,1345,122000,164024000,0,0
2021-05-26,1420,1437.5,1382.5,1400,864000,1214886000,0,0
2021-05-27,1405,1405,1387.5,1387.5,493200,688542000,0,0
2021-05-28,1395,1400,1382.5,1400,220800,307605000,0,0
2021-05-31,1400,1407.5,1382.5,1390,300800,418883000,0,0
2021-06-01,1395,1397.5,1375,1395,226800,314206000,0,0
2021-06-02,1385,1397.5,1377.5,1377.5,162000,224715000,0,0
2021-06-03,1382.5,1390,1377.5,1385,123200,170460000,0,0
2021-06-04,1387.5,1392.5,1382.5,1387.5,134800,187026000,0,0
2021-06-07,1395,1397.5,1385,1387.5,101600,141264000,0,0
2021-06-08,1387.5,1417.5,1387.5,1410,174800,245198000,0,0
2021-06-09,1412.5,1417.5,1407.5,1407.5,184400,260360000,0,0
2021-06-10,1412.5,1412.5,1390,1395,168400,235859000,0,0
2021-06-11,1395,1395,1380,1382.5,115600,160354000,0,0
2021-06-14,1387.5,1387.5,1367.5,1367.5,112400,154369000,0,0
2021-06-15,1365,1375,1362.5,1372.5,135200,184975000,0,0
2021-06-16,1370,1390,1370,1387.5,97200,134349000,0,0
2021-06-17,1382.5,1387.5,1370,1372.5,114400,157356000,0,0
2021-06-18,1367.5,1380,1362.5,1375,158000,216987000,0,0
2021-06-21,1357.5,1360,1340,1350,199600,269858000,0,0
2021-06-22,1352.5,1370,1352.5,1370,129600,176887000,0,0
2021-06-23,1362.5,1370,1352.5,1360,77600,105566000,0,0
2021-06-24,1352.5,1357.5,1345,1352.5,119200,161097000,0,0
2021-06-25,1357.5,1365,1352.5,1360,92800,126074000,0,0
2021-06-28,1355,1357.5,1337.5,1340,238800,321198000,0,0
2021-06-29,1340,1342.5,1327.5,1335,166800,222456000,0,0
2021-06-30,1337.5,1357.5,1337.5,1352.5,145200,196110000,0,0
2021-07-01,1352.5,1360,1332.5,1337.5,123600,165611000,0,0
2021-07-02,1347.5,1347.5,1330,1347.5,132400,177471000,0,0
2021-07-05,1352.5,1352.5,1337.5,1340,61200,82165000,0,0
2021-07-06,1340,1342.5,1332.5,1332.5,66400,88787000,0,0
2021-07-07,1317.5,1327.5,1310,1312.5,180400,237525000,0,0
2021-07-08,1315,1315,1295,1302.5,184000,240278000,0,0
2021-07-09,1295,1307.5,1287.5,1302.5,210400,272862000,0,0
2021-07-12,1345,1350,1335,1342.5,158800,213377000,0,0
2021-07-13,1352.5,1380,1352.5,1380,217200,297381000,0,0
2021-07-14,1390,1397.5,1380,1387.5,181600,252281000,0,0
2021-07-15,1432.5,1432.5,1405,1417.5,665200,943592000,0,0
2021-07-16,1415,1452.5,1407.5,1437.5,925200,1329285000,0,0
2021-07-19,1430,1430,1407.5,1410,306000,433432000,0,0
2021-07-20,1387.5,1400,1370,1387.5,333600,463033000,0,0
2021-07-21,1412.5,1422.5,1400,1400,204000,287533000,0,0
2021-07-26,1425,1445,1415,1437.5,343600,492727000,0,0
2021-07-27,1450,1465,1445,1455,390800,568883000,0,0
2021-07-28,1442.5,1465,1435,1457.5,234000,339904000,0,0
2021-07-29,1465,1470,1452.5,1470,259600,379457000,0,0
2021-07-30,1470,1480,1452.5,1477.5,408400,599854000,0,0
2021-08-02,1487.5,1532.5,1487.5,1502.5,586400,883458000,0,0
2021-08-03,1490,1510,1482.5,1495,384000,574765000,0,0
2021-08-04,1470,1470,1417.5,1450,714000,1028651000,0,0
2021-08-05,1462.5,1477.5,1437.5,1442.5,392400,570058000,0,0
2021-08-06,1457.5,1457.5,1435,1447.5,194400,280893000,0,0
2021-08-10,1437.5,1460,1422.5,1445,450800,649772000,0,0
2021-08-11,1457.5,1485,1452.5,1485,305600,449183000,0,0
2021-08-12,1530,1535,1502.5,1517.5,601600,915281000,0,0
2021-08-13,1502.5,1517.5,1500,1515,204000,308054000,0,0
2021-08-16,1520,1520,1485,1495,365200,547401000,0,0
2021-08-17,1520,1532.5,1502.5,1505,376400,571449000,0,0
2021-08-18,1495,1505,1485,1487.5,284000,424227000,0,0
2021-08-19,1467.5,1490,1460,1472.5,200800,296682000,0,0
2021-08-20,1462.5,1475,1437.5,1440,325200,471416000,0,0
2021-08-23,1460,1465,1437.5,1452.5,226000,327837000,0,0
2021-08-24,1462.5,1470,1457.5,1465,167200,244825000,0,0
2021-08-25,1467.5,1467.5,1450,1460,205200,299624000,0,0
2021-08-26,1460,1465,1452.5,1460,153200,223433000,0,0
2021-08-27,1452.5,1465,1447.5,1455,147200,214280000,0,0
2021-08-30,1455,1467.5,1455,1462.5,112000,163475000,0,0
2021-08-31,1457.5,1477.5,1447.5,1472.5,372800,545572000,0,0
2021-09-01,1475,1485,1470,1475,297200,439458000,0,0
2021-09-02,1485,1485,1465,1465,234000,344061000,0,0
2021-09-03,1465,1482.5,1455,1472.5,282800,414854000,0,0
2021-09-06,1487.5,1487.5,1472.5,1477.5,283200,418962000,0,0
2021-09-07,1487.5,1502.5,1485,1500,310800,464455000,0,0
2021-09-08,1515,1582.5,1505,1552.5,900400,1398322000,0,0
2021-09-09,1532.5,1555,1530,1540,258800,399306000,0,0
2021-09-10,1535,1550,1530,1550,280800,432744000,0,0
2021-09-13,1540,1555,1535,1555,252800,390963000,0,0
2021-09-14,1555,1557.5,1532.5,1550,443200,685796000,0,0
2021-09-15,1532.5,1540,1522.5,1530,317200,485305000,0,0
2021-09-16,1530,1535,1500,1507.5,379600,574645000,0,0
2021-09-17,1502.5,1525,1502.5,1520,202000,306801000,0,0
2021-09-21,1490,1507.5,1477.5,1505,320800,480687000,0,0
2021-09-22,1492.5,1505,1487.5,1487.5,216800,323581000,0,0
2021-09-24,1522.5,1522.5,1507.5,1507.5,177600,268573000,0,0
2021-09-27,1510,1512.5,1490,1492.5,274400,411051000,0,0
2021-09-28,1502.5,1510,1485,1510,194000,291060000,0,0
2021-09-29,1467.5,1492.5,1460,1475,322400,474791000,0,0
2021-09-30,1477.5,1480,1465,1465,138400,203489000,0,0
2021-10-01,1457.5,1457.5,1435,1435,303600,438390000,0,0
2021-10-04,1435,1440,1407.5,1410,234800,333381000,0,0
2021-10-05,1390,1397.5,1372.5,1390,349600,484306000,0,0
2021-10-06,1405,1430,1390,1400,215600,303272000,0,0
2021-10-07,1400,1407.5,1385,1395,151600,211767000,0,0
2021-10-08,1412.5,1420,1400,1405,113600,159928000,0,0
2021-10-11,1405,1425,1405,1422.5,80800,114571000,0,0
2021-10-12,1420,1420,1402.5,1410,110000,155125000,0,0
2021-10-13,1412.5,1412.5,1365,1370,377600,521361000,0,0
2021-10-14,1370,1380,1365,1380,195600,268708000,0,0
2021-10-15,1395,1410,1390,1410,108400,152033000,0,0
2021-10-18,1420,1420,1390,1405,154000,216077000,0,0
2021-10-19,1405,1407.5,1390,1397.5,151200,211239000,0,0
2021-10-20,1400,1405,1395,1395,141600,198406000,0,0
2021-10-21,1395,1397.5,1375,1375,202000,279588000,0,0
2021-10-22,1367.5,1382.5,1360,1372.5,200000,274396000,0,0
2021-10-25,1352.5,1367.5,1342.5,1342.5,332400,449408000,0,0
2021-10-26,1365,1380,1355,1377.5,214400,294242000,0,0
2021-10-27,1375,1387.5,1372.5,1385,161200,223111000,0,0
2021-10-28,1382.5,1405,1382.5,1397.5,178000,248575000,0,0
2021-10-29,1405,1420,1395,1407.5,198800,280080000,0,0
2021-11-01,1425,1432.5,1407.5,1432.5,176800,251478000,0,0
2021-11-02,1432.5,1432.5,1400,1400,137600,194598000,0,0
2021-11-04,1425,1427.5,1407.5,1410,281200,398021000,0,0
2021-11-05,1400,1405,1380,1385,326000,453674000,0,0
2021-11-08,1375,1380,1340,1370,312000,424632000,0,0
2021-11-09,1365,1377.5,1342.5,1345,235200,317830000,0,0
2021-11-10,1347.5,1355,1342.5,1350,199600,269113000,0,0
2021-11-11,1350,1357.5,1345,1350,102800,138880000,0,0
2021-11-12,1350,1365,1350,1362.5,102400,139112000,0,0
2021-11-15,1375,1375,1360,1365,82400,112417000,0,0
2021-11-16,1367.5,1372.5,1340,1340,195200,263935000,0,0
2021-11-17,1347.5,1362.5,1342.5,1352.5,146000,197390000,0,0
2021-11-18,1352.5,1355,1332.5,1340,134000,179810000,0,0
2021-11-19,1342.5,1362.5,1340,1357.5,94000,127070000,0,0
2021-11-22,1357.5,1365,1350,1357.5,69200,94092000,0,0
2021-11-24,1352.5,1357.5,1315,1325,311200,413900000,0,0
2021-11-25,1332.5,1342.5,1330,1337.5,157600,210555000,0,0
2021-11-26,1327.5,1332.5,1310,1322.5,196800,260023000,0,0
2021-11-29,1305,1307.5,1272.5,1275,407600,525230000,0,0
2021-11-30,1297.5,1302.5,1272.5,1272.5,381200,491703000,0,0
2021-12-01,1275,1302.5,1265,1297.5,275200,354739000,0,0
2021-12-02,1277.5,1292.5,1277.5,1282.5,218400,280317000,0,0
2021-12-03,1285,1312.5,1285,1312.5,180000,234143000,0,0
2021-12-06,1315,1325,1310,1320,153200,201903000,0,0
2021-12-07,1342.5,1347.5,1322.5,1340,198000,264246000,0,0
2021-12-08,1352.5,1360,1337.5,1340,220400,296354000,0,0
2021-12-09,1340,1345,1320,1325,184400,244822000,0,0
2021-12-10,1325,1327.5,1310,1312.5,272400,359899000,0,0
2021-12-13,1322.5,1325,1310,1312.5,125600,165444000,0,0
2021-12-14,1320,1330,1312.5,1320,188800,249482000,0,0
2021-12-15,1320,1332.5,1315,1315,123200,162916000,0,0
2021-12-16,1332.5,1332.5,1322.5,1330,204400,271695000,0,0
2021-12-17,1317.5,1325,1307.5,1315,234400,308574000,0,0
2021-12-20,1315,1315,1277.5,1277.5,232000,299801000,0,0
2021-12-21,1292.5,1295,1277.5,1285,200000,257056000,0,0
2021-12-22,1285,1305,1285,1305,276800,358203000,0,0
2021-12-23,1305,1307.5,1292.5,1305,124000,161160000,0,0
2021-12-24,1312.5,1317.5,1302.5,1310,187200,245584000,0,0
2021-12-27,1310,1310,1295,1307.5,146000,190500000,0,0
2021-12-28,1317.5,1332.5,1310,1327.5,335200,443009000,0,0
2021-12-29,1327.5,1335,1325,1332.5,102800,136745000,0,0
2021-12-30,1332.5,1345,1320,1335,205200,274078000,0,0
2022-01-04,1355,1357.5,1337.5,1355,198400,267829000,0,0
2022-01-05,1365,1365,1350,1357.5,177600,240853000,0,0
2022-01-06,1350,1355,1340,1340,153200,206058000,0,0
2022-01-07,1342.5,1352.5,1330,1332.5,174800,233500000,0,0
2022-01-11,1335,1337.5,1325,1327.5,110800,147239000,0,0
2022-01-12,1332.5,1347.5,1332.5,1347.5,143600,192625000,0,0
2022-01-13,1342.5,1347.5,1330,1335,111200,148807000,0,0
2022-01-14,1332.5,1335,1305,1315,199200,262285000,0,0
2022-01-17,1322.5,1330,1315,1320,71200,93915000,0,0
2022-01-18,1320,1320,1305,1305,143200,188047000,0,0
2022-01-19,1295,1300,1267.5,1267.5,306000,391114000,0,0
2022-01-20,1267.5,1290,1267.5,1280,144000,184493000,0,0
2022-01-21,1275,1302.5,1270,1300,248400,319998000,0,0
2022-01-24,1292.5,1322.5,1292.5,1320,162800,213662000,0,0
2022-01-25,1322.5,1322.5,1285,1305,213200,277710000,0,0
2022-01-26,1302.5,1310,1292.5,1292.5,87600,113609000,0,0
2022-01-27,1295,1300,1257.5,1275,347200,442087000,0,0
2022-01-28,1295,1317.5,1290,1302.5,291200,379910000,0,0
2022-01-31,1310,1310,1290,1300,132800,172651000,0,0
2022-02-01,1317.5,1317.5,1292.5,1292.5,99200,129202000,0,0
2022-02-02,1297.5,1315,1295,1315,97200,127170000,0,0
2022-02-03,1305,1345,1305,1340,369600,491980000,0,0
2022-02-04,1315,1315,1277.5,1292.5,468800,604892000,0,0
2022-02-07,1287.5,1295,1272.5,1282.5,214800,275392000,0,0
2022-02-08,1287.5,1300,1282.5,1290,168400,217493000,0,0
2022-02-09,1292.5,1310,1290,1297.5,178000,231615000,0,0
2022-02-10,1302.5,1310,1287.5,1287.5,150400,194667000,0,0
2022-02-14,1277.5,1285,1275,1282.5,142000,181811000,0,0
2022-02-15,1290,1290,1270,1277.5,188400,240714000,0,0
2022-02-16,1297.5,1305,1287.5,1302.5,155600,201723000,0,0
2022-02-17,1300,1300,1280,1282.5,82400,106242000,0,0
2022-02-18,1272.5,1287.5,1272.5,1277.5,116400,148833000,0,0
2022-02-21,1272.5,1275,1265,1270,86400,109743000,0,0
2022-02-22,1257.5,1262.5,1252.5,1255,167600,210676000,0,0
2022-02-24,1242.5,1247.5,1231.25,1246.25,230000,285110500,0,0
2022-02-25,1246.25,1252.5,1242.5,1250,164400,205109500,0,0
2022-02-28,1248.75,1282.5,1247.5,1280,270400,343060500,0,0
2022-03-01,1300,1300,1267.5,1272.5,200000,255811000,0,0
2022-03-02,1260,1260,1237.5,1237.5,168000,209532500,0,0
2022-03-03,1260,1272.5,1255,1262.5,170800,215638000,0,0
2022-03-04,1260,1262.5,1236.25,1241.25,170000,211335000,0,0
2022-03-07,1226.25,1233.75,1202.5,1202.5,238400,288940500,0,0
2022-03-08,1186.25,1205,1177.5,1178.75,190800,226544000,0,0
2022-03-09,1185,1198.75,1182.5,1183.75,168400,200498000,0,0
2022-03-10,1221.25,1235,1220,1235,147200,181046000,0,0
2022-03-11,1226.25,1226.25,1212.5,1220,139600,170310500,0,0
2022-03-14,1225,1232.5,1205,1207.5,229200,278107000,0,0
2022-03-15,1207.5,1236.25,1207.5,1232.5,168000,206676000,0,0
2022-03-16,1230,1235,1220,1226.25,139600,171171500,0,0
2022-03-17,1262.5,1280,1250,1270,314400,397981000,0,0
2022-03-18,1272.5,1280,1265,1277.5,310400,395708000,0,0
2022-03-22,1282.5,1292.5,1277.5,1287.5,218400,281099000,0,0
2022-03-23,1297.5,1300,1285,1297.5,149600,193439000,0,0
2022-03-24,1297.5,1300,1287.5,1297.5,113200,146475000,0,0
2022-03-25,1305,1305,1287.5,1297.5,114400,148451000,0,0
2022-03-28,1297.5,1297.5,1282.5,1287.5,81600,105181000,0,0
2022-03-29,1287.5,1300,1282.5,1295,123200,159316000,0,0
2022-03-30,1280,1282.5,1260,1272.5,180400,229022000,0,0
2022-03-31,1272.5,1272.5,1255,1260,94000,118688000,0,0
2022-04-01,1250,1272.5,1245,1272.5,104000,131170000,0,0
2022-04-04,1275,1280,1267.5,1275,70400,89793000,0,0
2022-04-05,1287.5,1295,1272.5,1272.5,117600,150412000,0,0
2022-04-06,1280,1280,1255,1257.5,108400,136734000,0,0
2022-04-07,1247.5,1247.5,1230,1237.5,144800,179066000,0,0
2022-04-08,1247.5,1247.5,1223.75,1238.75,110400,136284500,0,0
2022-04-11,1247.5,1250,1237.5,1241.25,71600,88977500,0,0
2022-04-12,1225,1236.25,1217.5,1227.5,107200,131251000,0,0
2022-04-13,1226.25,1245,1226.25,1242.5,102800,127102000,0,0
2022-04-14,1245,1255,1245,1250,63200,79037000,0,0
2022-04-15,1243.75,1245,1231.25,1233.75,66000,81624500,0,0
2022-04-18,1227.5,1231.25,1217.5,1225,71600,87571500,0,0
2022-04-19,1230,1240,1223.75,1228.75,76400,93838500,0,0
2022-04-20,1232.5,1236.25,1225,1236.25,122800,151217000,0,0
2022-04-21,1242.5,1250,1241.25,1246.25,132000,164475500,0,0
2022-04-22,1237.5,1237.5,1225,1236.25,123600,152238000,0,0
2022-04-25,1212.5,1217.5,1210,1213.75,110000,133429000,0,0
2022-04-26,1222.5,1223.75,1206.25,1206.25,72400,87686000,0,0
2022-04-27,1192.5,1195,1187.5,1188.75,271200,322779500,0,0
2022-04-28,1206.25,1245,1205,1245,135200,166582500,0,0
2022-05-02,1232.5,1238.75,1216.25,1228.75,128000,156753500,0,0
2022-05-06,1243.75,1262.5,1230,1262.5,261200,326181000,0,0
2022-05-09,1252.5,1260,1243.75,1250,142400,178311000,0,0
2022-05-10,1252.5,1267.5,1242.5,1265,98000,123138500,0,0
2022-05-11,1255,1265,1250,1257.5,78800,99113000,0,0
2022-05-12,1265,1265,1172.5,1173.75,577600,691249500,0,0
2022-05-13,1165,1192.5,1141.25,1175,318800,372910500,0,0
2022-05-16,1177.5,1180,1150,1158.75,272800,316659500,0,0
2022-05-17,1156.25,1163.75,1156.25,1156.25,93600,108467000,0,0
2022-05-18,1172.5,1172.5,1152.5,1155,144400,167321000,0,0
2022-05-19,1137.5,1147.5,1128.75,1147.5,188400,214014500,0,0
2022-05-20,1145,1151.25,1140,1147.5,128000,146585000,0,0
2022-05-23,1146.25,1158.75,1146.25,1152.5,113600,131021500,0,0
2022-05-24,1155,1155,1131.25,1132.5,138000,157121500,0,0
2022-05-25,1138.75,1138.75,1127.5,1127.5,189600,214759500,0,0
2022-05-26,1130,1136.25,1125,1125,121600,137211500,0,0
2022-05-27,1140,1143.75,1130,1135,136000,154627500,0,0
2022-05-30,1143.75,1158.75,1136.25,1153.75,287600,331183500,0,0
2022-05-31,1153.75,1170,1152.5,1157.5,183600,213253500,0,0
2022-06-01,1162.5,1185,1157.5,1185,151600,178391500,0,0
2022-06-02,1185,1185,1172.5,1176.25,69200,81529500,0,0
2022-06-03,1176.25,1187.5,1173.75,1185,154400,182443500,0,0
2022-06-06,1175,1178.75,1173.75,1178.75,86000,101209500,0,0
2022-06-07,1182.5,1193.75,1180,1188.75,128400,152629000,0,0
2022-06-08,1177.5,1201.25,1177.5,1198.75,199200,237651000,0,0
2022-06-09,1198.75,1210,1195,1201.25,172400,207045500,0,0
2022-06-10,1193.75,1196.25,1183.75,1191.25,204000,243183500,0,0
2022-06-13,1173.75,1185,1173.75,1181.25,104800,123683500,0,0
2022-06-14,1168.75,1185,1168.75,1176.25,119200,140274500,0,0
2022-06-15,1170,1176.25,1170,1170,128000,149954000,0,0
2022-06-16,1172.5,1190,1172.5,1185,78000,92459000,0,0
2022-06-17,1161.25,1170,1155,1166.25,186400,216761000,0,0
2022-06-20,1173.75,1173.75,1137.5,1138.75,164800,188744000,0,0
2022-06-21,1156.25,1168.75,1153.75,1161.25,114400,132918500,0,0
2022-06-22,1168.75,1170,1155,1155,102400,118721000,0,0
2022-06-23,1163.75,1173.75,1160,1161.25,118800,138413500,0,0
2022-06-24,1165,1178.75,1161.25,1176.25,166400,194872000,0,0
2022-06-27,1185,1193.75,1178.75,1193.75,106000,125992000,0,0
2022-06-28,1192.5,1198.75,1182.5,1197.5,86000,102537000,0,0
2022-06-29,1196.25,1201.25,1188.75,1195,201600,240944000,0,0
2022-06-30,1187.5,1193.75,1182.5,1188.75,125200,148732000,0,0
2022-07-01,1191.25,1200,1172.5,1176.25,103600,122356500,0,0
2022-07-04,1182.5,1193.75,1182.5,1192.5,50400,59910000,0,0
2022-07-05,1192.5,1201.25,1185,1188.75,106000,126433500,0,0
2022-07-06,1188.75,1188.75,1167.5,1176.25,105600,124252500,0,0
2022-07-07,1176.25,1185,1171.25,1181.25,80400,94839500,0,0
2022-07-08,1180,1190,1175,1175,182400,215253000,0,0
2022-07-11,1187.5,1196.25,1185,1193.75,98000,116830000,0,0
2022-07-12,1190,1190,1167.5,1167.5,91600,107270000,0,0
2022-07-13,1170,1177.5,1165,1168.75,72800,85162000,0,0
2022-07-14,1165,1173.75,1161.25,1173.75,71200,83219500,0,0
2022-07-15,1168.75,1168.75,1148.75,1165,296400,344147500,0,0
2022-07-19,1170,1171.25,1161.25,1163.75,81600,95186000,0,0
2022-07-20,1181.25,1193.75,1180,1193.75,188000,223489500,0,0
2022-07-21,1191.25,1195,1183.75,1195,70000,83319000,0,0
2022-07-22,1195,1198.75,1187.5,1196.25,94800,113353500,0,0
2022-07-25,1196.25,1198.75,1190,1192.5,78800,94044500,0,0
2022-07-26,1192.5,1206.25,1190,1203.75,102800,123395500,0,0
2022-07-27,1203.75,1210,1193.75,1208.75,102000,122928500,0,0
2022-07-28,1212.5,1213.75,1202.5,1208.75,78800,95308000,0,0
2022-07-29,1205,1212.5,1198.75,1198.75,79200,95230500,0,0
2022-08-01,1197.5,1211.25,1197.5,1211.25,104000,125535500,0,0
2022-08-02,1207.5,1207.5,1191.25,1193.75,102800,122970000,0,0
2022-08-03,1197.5,1198.75,1186.25,1196.25,104800,125031500,0,0
2022-08-04,1197.5,1197.5,1158.75,1171.25,360800,422777000,0,0
2022-08-05,1165,1175,1161.25,1172.5,109200,127760000,0,0
2022-08-08,1162.5,1170,1162.5,1168.75,87600,102211500,0,0
2022-08-09,1170,1170,1157.5,1157.5,86400,100337000,0,0
2022-08-10,1152.5,1170,1151.25,1170,84000,97658500,0,0
2022-08-12,1178.75,1208.75,1178.75,1202.5,233200,279703500,0,0
2022-08-15,1207.5,1225,1201.25,1202.5,102400,123878500,0,0
2022-08-16,1201.25,1207.5,1195,1203.75,73600,88452000,0,0
2022-08-17,1207.5,1212.5,1203.75,1205,88400,106724500,0,0
2022-08-18,1196.25,1196.25,1190,1191.25,68400,81627000,0,0
2022-08-19,1191.25,1193.75,1186.25,1186.25,72000,85653000,0,0
2022-08-22,1178.75,1195,1175,1193.75,74800,88708000,0,0
2022-08-23,1186.25,1186.25,1177.5,1181.25,68400,80835000,0,0
2022-08-24,1187.5,1195,1182.5,1190,155600,184911000,0,0
2022-08-25,1196.25,1201.25,1191.25,1191.25,76800,91864000,0,0
2022-08-26,1193.75,1196.25,1188.75,1188.75,47200,56267000,0,0
2022-08-29,1170,1181.25,1167.5,1178.75,108000,126911500,0,0
2022-08-30,1186.25,1195,1178.75,1195,72800,86503000,0,0
2022-08-31,1182.5,1196.25,1182.5,1192.5,81200,96572500,0,0
2022-09-01,1180,1197.5,1178.75,1178.75,130800,155071500,0,0
2022-09-02,1180,1180,1162.5,1165,162800,190140000,0,0
2022-09-05,1157.5,1157.5,1145,1147.5,213200,245184500,0,0
2022-09-06,1141.25,1147.5,1137.5,1138.75,287600,328050000,0,0
2022-09-07,1137.5,1137.5,1127.5,1128.75,210400,237926500,0,0
2022-09-08,1135,1147.5,1131.25,1146.25,332800,379515500,0,0
2022-09-09,1140,1155,1140,1155,187600,215553500,0,0
2022-09-12,1157.5,1157.5,1147.5,1156.25,174000,200542000,0,0
2022-09-13,1156.25,1158.75,1147.5,1158.75,198400,229267000,0,0
2022-09-14,1142.5,1150,1138.75,1143.75,235200,269085500,0,0
2022-09-15,1147.5,1147.5,1138.75,1143.75,107200,122601000,0,0
2022-09-16,1145,1145,1136.25,1136.25,99600,113373000,0,0
2022-09-20,1138.75,1151.25,1136.25,1137.5,143600,163929000,0,0
2022-09-21,1142.5,1142.5,1135,1138.75,150400,171221000,0,0
2022-09-22,1135,1136.25,1128.75,1131.25,238800,270245000,0,0
2022-09-26,1126.25,1127.5,1096.25,1101.25,436400,483645000,0,0
2022-09-27,1102.5,1105,1091.25,1091.25,261200,286403000,0,0
2022-09-28,1086.25,1088.75,1077.5,1087.5,306800,332423000,0,0
2022-09-29,1083.75,1091.25,1078.75,1085,261600,283919000,0,0
2022-09-30,1090,1096.25,1087.5,1095,355600,388838500,0,0
2022-10-03,1083.75,1096.25,1076.25,1082.5,266400,288509000,0,0
2022-10-04,1100,1106.25,1093.75,1101.25,302000,332268500,0,0
2022-10-05,1112.5,1112.5,1097.5,1106.25,359200,396647000,0,0
2022-10-06,1106.25,1120,1101.25,1103.75,311600,344816500,0,0
2022-10-07,1095,1095,1087.5,1091.25,191600,209042500,0,0
2022-10-11,1076.25,1081.25,1063.75,1066.25,275600,294677500,0,0
2022-10-12,1057.5,1062.5,1040,1041.25,351600,368516000,0,0
2022-10-13,1038.75,1038.75,1015,1022.5,413200,423550000,0,0
2022-10-14,1042.5,1058.75,1028.75,1052.5,340000,355441500,0,0
2022-10-17,1045,1051.25,1035,1041.25,150400,156667000,0,0
2022-10-18,1052.5,1061.25,1048.75,1057.5,144000,152030500,0,0
2022-10-19,1060,1070,1060,1066.25,116400,123971500,0,0
2022-10-20,1056.25,1063.75,1050,1053.75,156800,165346000,0,0
2022-10-21,1050,1056.25,1037.5,1048.75,280400,294343500,0,0
2022-10-24,1058.75,1062.5,1048.75,1052.5,174000,183685000,0,0
2022-10-25,1062.5,1067.5,1053.75,1056.25,217200,230235000,0,0
2022-10-26,1058.75,1061.25,1047.5,1053.75,267600,281819500,0,0
2022-10-27,1053.75,1053.75,1041.25,1043.75,172800,180664000,0,0
2022-10-28,1032.5,1046.25,1031.25,1038.75,438800,455912000,0,0
2022-10-31,1042.5,1058.75,1042.5,1053.75,132000,139158000,0,0
2022-11-01,1061.25,1063.75,1050,1051.25,180800,191059500,0,0
2022-11-02,1062.5,1068.75,1052.5,1062.5,251600,267075000,0,0
2022-11-04,1047.5,1053.75,1046.25,1053.75,156400,164270500,0,0
2022-11-07,1056.25,1066.25,1055,1058.75,164800,174624000,0,0
2022-11-08,1067.5,1080,1062.5,1080,159600,171476500,0,0
2022-11-09,1081.25,1097.5,1080,1097.5,154400,168405500,0,0
2022-11-10,1097.5,1097.5,1066.25,1072.5,279200,301493000,0,0
2022-11-11,1090,1090,1075,1076.25,231200,249708500,0,0
2022-11-14,1076.25,1085,1067.5,1067.5,174400,187420500,0,0
2022-11-15,1065,1070,1060,1068.75,90000,95989500,0,0
2022-11-16,1061.25,1062.5,1056.25,1062.5,100400,106412000,0,0
2022-11-17,1061.25,1070,1058.75,1070,126000,134277000,0,0
2022-11-18,1072.5,1080,1068.75,1072.5,88000,94546500,0,0
2022-11-21,1076.25,1081.25,1070,1081.25,191200,205718000,0,0
2022-11-22,1081.25,1091.25,1081.25,1083.75,144000,156493000,0,0
2022-11-24,1097.5,1105,1088.75,1105,169600,186422500,0,0
2022-11-25,1110,1110,1100,1103.75,185600,204922000,0,0
2022-11-28,1100,1105,1095,1097.5,132000,145147000,0,0
2022-11-29,1092.5,1100,1085,1091.25,152000,166156000,0,0
2022-11-30,1097.5,1103.75,1092.5,1101.25,166400,182931500,0,0
2022-12-01,1108.75,1108.75,1092.5,1092.5,136000,149236000,0,0
2022-12-02,1088.75,1088.75,1071.25,1073.75,138000,148594000,0,0
2022-12-05,1075,1076.25,1055,1058.75,224800,239252000,0,0
2022-12-06,1052.5,1053.75,1043.75,1048.75,264800,278049000,0,0
2022-12-07,1046.25,1050,1045,1045,267200,279706500,0,0
2022-12-08,1045,1045,1037.5,1043.75,221200,230349500,0,0
2022-12-09,1045,1045,1038.75,1040,246000,256473000,0,0
2022-12-12,1037.5,1038.75,1028.75,1031.25,248800,256798500,0,0
2022-12-13,1040,1042.5,1031.25,1033.75,179200,185616000,0,0
2022-12-14,1037.5,1041.25,1031.25,1041.25,241200,250486000,0,0
2022-12-15,1036.25,1040,1036.25,1040,152800,158696000,0,0
2022-12-16,1028.75,1031.25,1025,1025,355600,365360500,0,0
2022-12-19,1022.5,1023.75,1017.5,1018.75,218400,222792000,0,0
2022-12-20,1023.75,1027.5,1003.75,1007.5,314400,318572500,0,0
2022-12-21,1008.75,1012.5,993.75,995,318800,319044500,0,0
2022-12-22,1000,1006.25,995,1000,177600,177572000,0,0
2022-12-23,1000,1005,995,1003.75,220400,220341500,0,0
2022-12-26,1003.75,1006.25,1001.25,1006.25,182400,183139000,0,0
2022-12-27,1012.5,1012.5,1003.75,1010,307600,310475500,0,0
2022-12-28,1007.5,1010,1002.5,1005,351600,353830000,0,0
2022-12-29,1000,1013.75,995,1011.25,164400,165375000,0,0
2022-12-30,1008.75,1020,1008.75,1011.25,127600,129457000,0,0
2023-01-04,1010,1010,996.25,1002.5,142800,143321000,0,0
2023-01-05,1000,1010,1000,1008.75,100800,101373500,0,0
2023-01-06,1000,1011.25,1000,1008.75,85200,85807500,0,0
2023-01-10,1015,1018.75,1001.25,1001.25,84800,85472000,0,0
2023-01-11,1012.5,1012.5,1003.75,1005,73600,74139500,0,0
2023-01-12,1007.5,1011.25,1003.75,1007.5,61200,61660500,0,0
2023-01-13,1005,1016.25,1005,1008.75,129600,130751000,0,0
2023-01-16,1003.75,1006.25,1001.25,1001.25,96000,96297000,0,0
2023-01-17,1010,1018.75,1007.5,1015,96800,98220000,0,0
2023-01-18,1020,1023.75,1010,1022.5,106000,107976000,0,0
2023-01-19,1017.5,1022.5,1012.5,1018.75,100400,102301000,0,0
2023-01-20,1018.75,1027.5,1018.75,1027.5,56800,58180500,0,0
2023-01-23,1035,1036.25,1028.75,1030,146400,151119000,0,0
2023-01-24,1037.5,1047.5,1037.5,1045,132000,137588500,0,0
2023-01-25,1047.5,1050,1043.75,1045,78400,82069500,0,0
2023-01-26,1046.25,1051.25,1043.75,1051.25,55200,57902500,0,0
2023-01-27,1053.75,1053.75,1043.75,1050,81600,85553000,0,0
2023-01-30,1050,1052.5,1047.5,1048.75,81200,85222000,0,0
2023-01-31,1050,1060,1050,1056.25,124800,131822000,0,0
2023-02-01,1061.25,1061.25,1050,1050,60000,63293500,0,0
2023-02-02,1050,1053.75,1036.25,1040,160400,167595500,0,0
2023-02-03,1033.75,1040,1031.25,1040,68000,70490500,0,0
2023-02-06,1047.5,1047.5,1036.25,1046.25,123600,128931000,0,0
2023-02-07,1047.5,1052.5,1045,1048.75,94000,98572500,0,0
2023-02-08,1048.75,1060,1047.5,1055,151200,159430500,0,0
2023-02-09,1047.5,1050,1036.25,1046.25,174800,182458000,0,0
2023-02-10,1042.5,1053.75,1037.5,1043.75,145200,152033000,0,0
2023-02-13,1045,1045,1030,1042.5,100800,104688500,0,0
2023-02-14,1048.75,1056.25,1045,1046.25,101600,106609500,0,0
2023-02-15,1048.75,1048.75,1038.75,1040,49600,51697500,0,0
2023-02-16,1043.75,1048.75,1040,1046.25,80400,84001500,0,0
2023-02-17,1046.25,1052.5,1042.5,1052.5,129600,135988000,0,0
2023-02-20,1057.5,1072.5,1057.5,1070,139600,148927000,0,0
2023-02-21,1070,1082.5,1070,1081.25,185600,199900500,0,0
2023-02-22,1083.75,1086.25,1058.75,1058.75,200400,214148500,0,0
2023-02-24,1062.5,1075,1062.5,1075,118800,127206500,0,0
2023-02-27,1076.25,1080,1072.5,1080,128800,138823000,0,0
2023-02-28,1080,1083.75,1071.25,1073.75,209200,224820000,0,0
2023-03-01,1073.75,1077.5,1065,1071.25,142000,151907000,0,0
2023-03-02,1078.75,1087.5,1073.75,1077.5,174800,189040500,0,0
2023-03-03,1083.75,1095,1081.25,1095,213600,233137500,0,0
2023-03-06,1100,1105,1090,1103.75,168400,185302500,0,0
2023-03-07,1102.5,1106.25,1095,1097.5,168400,185172000,0,0
2023-03-08,1111.25,1147.5,1108.75,1146.25,535200,607354500,0,0
2023-03-09,1157.5,1161.25,1137.5,1142.5,264000,302943500,0,0
2023-03-10,1135,1141.25,1121.25,1121.25,282800,319644000,0,0
2023-03-13,1117.5,1120,1101.25,1110,203600,225915000,0,0
2023-03-14,1097.5,1097.5,1066.25,1076.25,295200,318444500,0,0
2023-03-15,1087.5,1101.25,1087.5,1095,156800,171500000,0,0
2023-03-16,1077.5,1081.25,1062.5,1073.75,243600,261074500,0,0
2023-03-17,1093.75,1093.75,1072.5,1075,142000,153224500,0,0
2023-03-20,1075,1075,1063.75,1071.25,161200,172519000,0,0
2023-03-22,1088.75,1091.25,1081.25,1088.75,114000,123942000,0,0
2023-03-23,1075,1087.5,1072.5,1086.25,103200,111670000,0,0
2023-03-24,1088.75,1092.5,1077.5,1083.75,134800,146040000,0,0
2023-03-27,1088.75,1093.75,1086.25,1092.5,84800,92573000,0,0
2023-03-28,1087.5,1095,1082.5,1090,86400,94053000,0,0
2023-03-29,1092.5,1108.75,1091.25,1107.5,176400,194505500,0,0
2023-03-30,1095,1098.75,1086.25,1095,156800,171304500,0,0
2023-03-31,1087.5,1093.75,1065,1067.5,296000,318122500,0,0
2023-04-03,1075,1085,1063.75,1085,151600,163268500,0,0
2023-04-04,1087.5,1087.5,1077.5,1082.5,148400,160595000,0,0
2023-04-05,1070,1073.75,1058.75,1061.25,189600,201638500,0,0
2023-04-06,1053.75,1056.25,1043.75,1048.75,198400,208229500,0,0
2023-04-07,1057.5,1057.5,1045,1048.75,184000,193226000,0,0
2023-04-10,1048.75,1050,1041.25,1046.25,167600,175075500,0,0
2023-04-11,1046.25,1051.25,1040,1048.75,222000,231905000,0,0
2023-04-12,1051.25,1062.5,1045,1060,154000,162880000,0,0
2023-04-13,1058.75,1061.25,1051.25,1051.25,172800,181979000,0,0
2023-04-14,1066.25,1078.75,1057.5,1076.25,167200,179294000,0,0
2023-04-17,1075,1075,1066.25,1068.75,73200,78301500,0,0
2023-04-18,1075,1083.75,1071.25,1076.25,124800,134603000,0,0
2023-04-19,1072.5,1077.5,1071.25,1077.5,82800,89019500,0,0
2023-04-20,1072.5,1083.75,1070,1076.25,123200,132839000,0,0
2023-04-21,1072.5,1080,1070,1073.75,100000,107363500,0,0
2023-04-24,1077.5,1080,1071.25,1076.25,101200,108901000,0,0
2023-04-25,1081.25,1085,1066.25,1067.5,154000,165557500,0,0
2023-04-26,1057.5,1057.5,1050,1050,108800,114553500,0,0
2023-04-27,1045,1058.75,1045,1056.25,152400,160530500,0,0
2023-04-28,1068.75,1070,1061.25,1065,167200,178008000,0,0
2023-05-01,1066.25,1076.25,1066.25,1075,102800,110187500,0,0
2023-05-02,1075,1075,1062.5,1067.5,100000,106784000,0,0
2023-05-08,1067.5,1075,1063.75,1073.75,286800,306972500,0,0
2023-05-09,1075,1075,1065,1071.25,170000,182006000,0,0
2023-05-10,1071.25,1077.5,1063.75,1065,202400,216306500,0,0
2023-05-11,1062.5,1066.25,1057.5,1058.75,62800,66576000,0,0
2023-05-12,1071.25,1071.25,1051.25,1056.25,209600,222083000,0,0
2023-05-15,1050,1052.5,1033.75,1037.5,287200,299023000,0,0
2023-05-16,1050,1050,1032.5,1037.5,263200,273171500,0,0
2023-05-17,1037.5,1041.25,1026.25,1026.25,163600,168532500,0,0
2023-05-18,1033.75,1037.5,1027.5,1035,238400,246217000,0,0
2023-05-19,1041.25,1042.5,1033.75,1036.25,146000,151397000,0,0
2023-05-22,1033.75,1036.25,1026.25,1035,206000,212413500,0,0
2023-05-23,1037.5,1056.25,1037.5,1050,362000,379367500,0,0
2023-05-24,1043.75,1051.25,1041.25,1048.75,140400,146963000,0,0
2023-05-25,1050,1050,1042.5,1047.5,125600,131499500,0,0
2023-05-26,1046.25,1046.25,1027.5,1027.5,204000,211119000,0,0
2023-05-29,1040,1045,1030,1030,134400,139403000,0,0
2023-05-30,1028.75,1030,1017.5,1020,234000,239303000,0,0
2023-05-31,1015,1018.75,1003.75,1005,303200,305479000,0,0
2023-06-01,1015,1020,1007.5,1016.25,157600,160096500,0,0
2023-06-02,1017.5,1028.75,1017.5,1027.5,110000,112704500,0,0
2023-06-05,1037.5,1043.75,1035,1036.25,135200,140359000,0,0
2023-06-06,1035,1040,1026.25,1040,140400,145252500,0,0
2023-06-07,1045,1056.25,1038.75,1040,217200,227334500,0,0
2023-06-08,1042.5,1052.5,1041.25,1046.25,142000,148665500,0,0
2023-06-09,1050,1052.5,1043.75,1048.75,294400,308786000,0,0
2023-06-12,1053.75,1067.5,1053.75,1063.75,153200,162793500,0,0
2023-06-13,1060,1065,1057.5,1058.75,115200,122240000,0,0
2023-06-14,1065,1071.25,1060,1066.25,170400,181606000,0,0
2023-06-15,1067.5,1070,1062.5,1066.25,160400,170997500,0,0
2023-06-16,1068.75,1075,1063.75,1063.75,365200,389762000,0,0
2023-06-19,1072.5,1072.5,1061.25,1066.25,110400,117847000,0,0
2023-06-20,1060,1067.5,1060,1067.5,98000,104293000,0,0
2023-06-21,1063.75,1065,1051.25,1052.5,220800,233042000,0,0
2023-06-22,1052.5,1055,1047.5,1052.5,220800,232302000,0,0
2023-06-23,1052.5,1058.75,1047.5,1052.5,196000,206204000,0,0
2023-06-26,1060,1070,1052.5,1056.25,175200,186103500,0,0
2023-06-27,1062.5,1063.75,1053.75,1060,106400,112552000,0,0
2023-06-28,1062.5,1075,1061.25,1075,192800,206206000,0,0
2023-06-29,1075,1078.75,1060,1065,185600,198185500,0,0
2023-06-30,1065,1066.25,1053.75,1060,184400,195156500,0,0
2023-07-03,1071.25,1077.5,1068.75,1076.25,181200,194518000,0,0
2023-07-04,1072.5,1076.25,1060,1060,166800,177423000,0,0
2023-07-05,1060,1066.25,1057.5,1066.25,148800,158208000,0,0
2023-07-06,1061.25,1066.25,1058.75,1061.25,133600,141793500,0,0
2023-07-07,1055,1058.75,1047.5,1050,204000,214677500,0,0
2023-07-10,1050,1058.75,1048.75,1053.75,169600,178664000,0,0
2023-07-11,1053.75,1058.75,1047.5,1047.5,130400,137066500,0,0
2023-07-12,1050,1051.25,1042.5,1045,155200,162463000,0,0
2023-07-13,1045,1050,1042.5,1048.75,138800,145328000,0,0
2023-07-14,1052.5,1053.75,1045,1051.25,114000,119588500,0,0
2023-07-18,1051.25,1058.75,1051.25,1057.5,173200,182678000,0,0
2023-07-19,1058.75,1062.5,1057.5,1061.25,123600,131070000,0,0
2023-07-20,1061.25,1070,1055,1056.25,118800,126228500,0,0
2023-07-21,1056.25,1061.25,1055,1058.75,90800,96129000,0,0
2023-07-24,1065,1068.75,1061.25,1065,80800,85983000,0,0
2023-07-25,1070,1075,1065,1068.75,188400,201850000,0,0
2023-07-26,1072.5,1072.5,1065,1068.75,70800,75708000,0,0
2023-07-27,1073.75,1073.75,1062.5,1066.25,102800,109636500,0,0
2023-07-28,1065,1070,1056.25,1070,161600,171945500,0,0
2023-07-31,1076.25,1081.25,1072.5,1081.25,202000,217771000,0,0
2023-08-01,1082.5,1087.5,1077.5,1085,122400,132602500,0,0
2023-08-02,1082.5,1090,1076.25,1082.5,143200,155290500,0,0
2023-08-03,1077.5,1077.5,1065,1070,228000,244239000,0,0
2023-08-04,1066.25,1067.5,1040,1041.25,441600,463986500,0,0
2023-08-07,1026.25,1026.25,1015,1023.75,392000,400323000,0,0
2023-08-08,1026.25,1032.5,1020,1021.25,205600,210703000,0,0
2023-08-09,1021.25,1022.5,1016.25,1020,278800,284234500,0,0
2023-08-10,1021.25,1036.25,1016.25,1032.5,294000,301894000,0,0
2023-08-14,1043.75,1043.75,1026.25,1031.25,144000,148788000,0,0
2023-08-15,1026.25,1027.5,1016.25,1016.25,194800,198507500,0,0
2023-08-16,1016.25,1022.5,1016.25,1017.5,136800,139178000,0,0
2023-08-17,1016.25,1017.5,1006.25,1016.25,248000,251001000,0,0
2023-08-18,1016.25,1018.75,1005,1010,196000,197961000,0,0
2023-08-21,1017.5,1021.25,1013.75,1016.25,144000,146648000,0,0
2023-08-22,1015,1016.25,1007.5,1012.5,114000,115309500,0,0
2023-08-23,1013.75,1016.25,1010,1016.25,115200,116702000,0,0
2023-08-24,1015,1021.25,1012.5,1021.25,113600,115656500,0,0
2023-08-25,1015,1023.75,1012.5,1023.75,122800,125227500,0,0
2023-08-28,1026.25,1032.5,1018.75,1026.25,177200,181919000,0,0
2023-08-29,1030,1035,1023.75,1023.75,124000,127405500,0,0
2023-08-30,1032.5,1035,1026.25,1031.25,174800,180479000,0,0
2023-08-31,1031.25,1037.5,1027.5,1035,129600,133929500,0,0
2023-09-01,1036.25,1037.5,1032.5,1036.25,158000,163587000,0,0
2023-09-04,1036.25,1045,1035,1045,225200,234576500,0,0
2023-09-05,1045,1047.5,1042.5,1043.75,180800,188881000,0,0
2023-09-06,1052.5,1052.5,1040,1045,211600,221130000,0,0
2023-09-07,1045,1056.25,1045,1051.25,144000,151511500,0,0
2023-09-08,1051.25,1052.5,1040,1042.5,279600,292148500,0,0
2023-09-11,1046.25,1051.25,1037.5,1038.75,182400,190196500,0,0
2023-09-12,1038.75,1056.25,1038.75,1056.25,159200,167328000,0,0
2023-09-13,1056.25,1056.25,1040,1041.25,168400,175669500,0,0
2023-09-14,1045,1046.25,1040,1045,132800,138600500,0,0
2023-09-15,1043.75,1052.5,1043.75,1048.75,147200,154454000,0,0
2023-09-19,1050,1053.75,1045,1050,187600,196809000,0,0
2023-09-20,1057.5,1062.5,1052.5,1060,255600,270602500,0,0
2023-09-21,1058.75,1070,1055,1060,291200,309260500,0,0
2023-09-22,1057.5,1063.75,1048.75,1058.75,280000,295743500,0,0
2023-09-25,1068.75,1068.75,1058.75,1063.75,188400,200438000,0,0
2023-09-26,1063.75,1070,1058.75,1062.5,308000,327418500,0,0
2023-09-27,1060,1070,1051.25,1068.75,250000,265869000,0,0
2023-09-28,1045,1047.5,1037.5,1040,200800,209174000,0,0
2023-09-29,1040,1042.5,1020,1023.75,271200,278539500,0,0
2023-10-02,1032.5,1042.5,1023.75,1026.25,156000,161156000,0,0
2023-10-03,1023.75,1028.75,1000,1000,322800,325498000,0,0
2023-10-04,997.5,997.5,975,975,502800,495122500,0,0
2023-10-05,987.5,995,982.5,990,276400,273059000,0,0
2023-10-06,992.5,1005,992.5,1000,176400,176396500,0,0
2023-10-10,1007.5,1015,1006.25,1013.75,136400,137918000,0,0
2023-10-11,1007.5,1008.75,1000,1002.5,127200,127652500,0,0
2023-10-12,1006.25,1016.25,1002.5,1013.75,119600,120990000,0,0
2023-10-13,1005,1008.75,997.5,998.75,124800,124963500,0,0
2023-10-16,996.25,1003.75,990,992.5,122400,121708500,0,0
2023-10-17,1000,1002.5,992.5,1000,112400,112202500,0,0
2023-10-18,996.25,1002.5,990,993.75,136000,135242000,0,0
2023-10-19,993.75,993.75,985,987.5,112400,111244500,0,0
2023-10-20,987.5,988.75,982.5,985,113600,111972000,0,0
2023-10-23,986.25,987.5,976.25,977.5,143600,140875500,0,0
2023-10-24,980,983.75,965,978.75,209200,203813000,0,0
2023-10-25,987.5,992.5,981.25,982.5,157200,155178500,0,0
2023-10-26,986.25,991.25,977.5,981.25,142800,140184500,0,0
2023-10-27,982.5,1000,981.25,1000,166800,165896000,0,0
2023-10-30,997.5,1000,987.5,993.75,174400,173108500,0,0
2023-10-31,1000,1001.25,988.75,1001.25,156800,156256500,0,0
2023-11-01,1003.75,1013.75,1002.5,1008.75,187600,189378500,0,0
2023-11-02,1012.5,1013.75,1007.5,1013.75,172400,174309500,0,0
2023-11-06,1017.5,1023.75,1006.25,1021.25,310000,315382500,0,0
2023-11-07,1021.25,1033.75,1016.25,1023.75,228400,233985500,0,0
2023-11-08,1012.5,1018.75,1000,1005,232800,234610000,0,0
2023-11-09,1001.25,1013.75,1001.25,1012.5,147200,148671000,0,0
2023-11-10,1012.5,1022.5,1006.25,1022.5,210800,214049000,0,0
2023-11-13,1030,1068.75,1028.75,1068.75,593600,627641500,0,0
2023-11-14,1062.5,1065,1046.25,1050,214000,225357000,0,0
2023-11-15,1062.5,1065,1055,1063.75,183200,194386000,0,0
2023-11-16,1051.25,1058.75,1047.5,1052.5,144000,151522000,0,0
2023-11-17,1057.5,1070,1052.5,1070,179600,191145500,0,0
2023-11-20,1070,1082.5,1068.75,1071.25,257200,276433000,0,0
2023-11-21,1071.25,1081.25,1066.25,1077.5,196400,211215500,0,0
2023-11-22,1073.75,1081.25,1071.25,1075,114000,122753500,0,0
2023-11-24,1080,1087.5,1076.25,1082.5,158000,170926500,0,0
2023-11-27,1085,1085,1067.5,1073.75,76400,82079000,0,0
2023-11-28,1076.25,1077.5,1071.25,1076.25,90000,96767500,0,0
2023-11-29,1076.25,1077.5,1070,1072.5,124000,133188500,0,0
2023-11-30,1077.5,1077.5,1062.5,1071.25,160000,171226500,0,0
2023-12-01,1080,1081.25,1065,1065,282400,302488000,0,0
2023-12-04,1058.75,1072.5,1056.25,1070,143200,152683000,0,0
2023-12-05,1070,1077.5,1070,1072.5,166400,178542000,0,0
2023-12-06,1077.5,1096.25,1075,1092.5,208400,226973000,0,0
2023-12-07,1082.5,1091.25,1081.25,1088.75,148000,160914500,0,0
2023-12-08,1088.75,1088.75,1072.5,1078.75,239600,259136000,0,0
2023-12-11,1075,1081.25,1061.25,1062.5,153600,163888500,0,0
2023-12-12,1071.25,1071.25,1058.75,1058.75,112800,119796000,0,0
2023-12-13,1058.75,1062.5,1050,1058.75,143600,151731500,0,0
2023-12-14,1062.5,1063.75,1057.5,1060,146000,154835500,0,0
2023-12-15,1060,1062.5,1053.75,1062.5,235200,249363500,0,0
2023-12-18,1057.5,1066.25,1051.25,1061.25,146800,155461000,0,0
2023-12-19,1061.25,1066.25,1056.25,1061.25,123200,130642500,0,0
2023-12-20,1062.5,1067.5,1060,1061.25,178000,189277000,0,0
2023-12-21,1053.75,1060,1051.25,1055,84800,89463500,0,0
2023-12-22,1052.5,1060,1051.25,1056.25,98400,103870500,0,0
2023-12-25,1065,1065,1036.25,1036.25,202800,213345500,0,0
2023-12-26,1036.25,1040,1028.75,1033.75,140400,145077000,0,0
2023-12-27,1033.75,1040,1028.75,1038.75,198000,204914000,0,0
2023-12-28,1040,1055,1040,1052.5,86800,91215000,0,0
2023-12-29,1056.25,1060,1048.75,1058.75,102800,108663000,0,0
2024-01-04,1060,1072.5,1052.5,1072.5,93600,99894500,0,0
2024-01-05,1075,1090,1070,1090,170000,184259000,0,0
2024-01-09,1095,1097.5,1087.5,1095,202400,221180500,0,0
2024-01-10,1095,1110,1093.75,1101.25,202400,223140500,0,0
2024-01-11,1110,1117.5,1108.75,1112.5,212800,237074000,0,0
2024-01-12,1116.25,1116.25,1092.5,1095,227200,249945500,0,0
2024-01-15,1092.5,1101.25,1092.5,1093.75,131200,143782000,0,0
2024-01-16,1092.5,1106.25,1090,1097.5,172800,190033000,0,0
2024-01-17,1100,1108.75,1093.75,1095,128000,140815500,0,0
2024-01-18,1098.75,1098.75,1088.75,1088.75,90800,99167500,0,0
2024-01-19,1087.5,1092.5,1085,1090,106400,115818500,0,0
2024-01-22,1096.25,1098.75,1095,1095,90800,99526000,0,0
2024-01-23,1095,1097.5,1083.75,1083.75,117200,127570500,0,0
2024-01-24,1082.5,1085,1071.25,1073.75,157200,169055000,0,0
2024-01-25,1072.5,1075,1067.5,1072.5,126000,134993000,0,0
2024-01-26,1072.5,1087.5,1070,1078.75,193200,208396500,0,0
2024-01-29,1081.25,1083.75,1075,1080,129200,139370000,0,0
2024-01-30,1080,1080,1072.5,1072.5,98400,105774000,0,0
2024-01-31,1070,1081.25,1061.25,1080,236800,253560500,0,0
2024-02-01,1080,1080,1066.25,1072.5,131200,140756000,0,0
2024-02-02,1075,1080,1068.75,1070,92400,99300500,0,0
2024-02-05,1073.75,1087.5,1073.75,1078.75,181600,196569500,0,0
2024-02-06,1061.25,1071.25,1036.25,1036.25,427600,449377500,0,0
2024-02-07,1032.5,1048.75,1032.5,1045,234400,244441000,0,0
2024-02-08,1045,1047.5,1026.25,1043.75,217600,226180000,0,0
2024-02-09,1043.75,1056.25,1041.25,1042.5,216400,226666500,0,0
2024-02-13,1053.75,1057.5,1048.75,1052.5,116400,122515500,0,0
2024-02-14,1047.5,1050,1037.5,1042.5,189600,198071500,0,0
2024-02-15,1050,1050,1036.25,1042.5,115600,120543000,0,0
2024-02-16,1045,1055,1042.5,1048.75,183600,192783000,0,0
2024-02-19,1047.5,1047.5,1041.25,1046.25,104000,108636000,0,0
2024-02-20,1046.25,1048.75,1040,1041.25,154400,161238000,0,0
2024-02-21,1040,1042.5,1033.75,1041.25,114000,118349500,0,0
2024-02-22,1046.25,1046.25,1037.5,1040,141600,147429500,0,0
2024-02-26,1042.5,1046.25,1040,1041.25,165200,172399500,0,0
2024-02-27,1043.75,1058.75,1043.75,1056.25,287600,302869000,0,0
2024-02-28,1056.25,1057.5,1045,1055,200800,211342500,0,0
2024-02-29,1058.75,1077.5,1052.5,1062.5,376400,401055500,0,0
2024-03-01,1062.5,1076.25,1060,1072.5,192800,205845500,0,0
2024-03-04,1080,1080,1053.75,1053.75,224400,238288500,0,0
2024-03-05,1056.25,1056.25,1043.75,1053.75,172000,180690000,0,0
2024-03-06,1052.5,1058.75,1050,1058.75,150000,158456000,0,0
2024-03-07,1055,1056.25,1038.75,1040,296400,309377000,0,0
2024-03-08,1040,1062.5,1040,1057.5,242800,255618000,0,0
2024-03-11,1052.5,1058.75,1037.5,1042.5,163600,171230000,0,0
2024-03-12,1047.5,1056.25,1035,1055,189600,198234000,0,0
2024-03-13,1063.75,1075,1055,1058.75,181600,193381000,0,0
2024-03-14,1051.25,1068.75,1051.25,1067.5,133200,141289000,0,0
2024-03-15,1067.5,1072.5,1061.25,1072.5,128800,137844500,0,0
2024-03-18,1076.25,1082.5,1071.25,1077.5,186000,200526500,0,0
2024-03-19,1081.25,1087.5,1076.25,1080,150800,163115000,0,0
2024-03-21,1085,1095,1081.25,1092.5,165600,180625000,0,0
2024-03-22,1097.5,1102.5,1087.5,1102.5,186800,205056500,0,0
2024-03-25,1101.25,1127.5,1085,1117.5,818800,907700500,0,0
2024-03-26,1105,1112.5,1085,1090,685600,750827500,0,0
2024-03-27,1088.75,1095,1078.75,1081.25,466400,507217500,0,0
2024-03-28,1085,1085,1052.5,1053.75,302400,322396000,0,0
2024-03-29,1056.25,1068.75,1051.25,1065,206400,219241000,0,0
2024-04-01,1071.25,1077.5,1065,1070,191600,205283000,0,0
2024-04-02,1067.5,1067.5,1051.25,1053.75,142800,150763000,0,0
2024-04-03,1050,1057.5,1046.25,1053.75,134400,141569000,0,0
2024-04-04,1050,1057.5,1048.75,1052.5,146400,154103500,0,0
2024-04-05,1050,1051.25,1037.5,1045,130000,135802000,0,0
2024-04-08,1045,1058.75,1041.25,1056.25,149200,156911500,0,0
2024-04-09,1056.25,1060,1050,1057.5,144400,152488000,0,0
2024-04-10,1056.25,1065,1056.25,1065,101600,108009500,0,0
2024-04-11,1058.75,1065,1050,1065,138800,146966000,0,0
2024-04-12,1065,1065,1056.25,1056.25,125200,132783500,0,0
2024-04-15,1053.75,1062.5,1051.25,1061.25,103600,109608000,0,0
2024-04-16,1056.25,1057.5,1040,1041.25,140000,146528000,0,0
2024-04-17,1040,1043.75,1026.25,1026.25,180400,186682000,0,0
2024-04-18,1026.25,1038.75,1025,1037.5,99200,102640500,0,0
2024-04-19,1037.5,1037.5,1016.25,1016.25,168400,172234000,0,0
2024-04-22,1025,1037.5,1020,1035,88800,91708000,0,0
2024-04-23,1038.75,1045,1032.5,1037.5,70000,72741500,0,0
2024-04-24,1041.25,1043.75,1035,1040,146400,152125000,0,0
2024-04-25,1031.25,1036.25,1012.5,1012.5,176000,179608500,0,0
2024-04-26,1012.5,1023.75,1008.75,1022.5,164800,167894500,0,0
2024-04-30,1023.75,1033.75,1018.75,1033.75,90000,92587500,0,0
2024-05-01,1027.5,1028.75,1023.75,1028.75,56400,57909500,0,0
2024-05-02,1025,1027.5,1020,1027.5,74800,76619500,0,0
2024-05-07,1035,1035,1023.75,1028.75,120800,124378000,0,0
2024-05-08,1028.75,1033.75,1022.5,1022.5,139600,143400000,0,0
2024-05-09,1022.5,1041.25,1022.5,1035,82800,85626000,0,0
2024-05-10,1036.25,1037.5,1026.25,1026.25,65200,67173000,0,0
2024-05-13,1026.25,1036.25,1026.25,1032.5,61600,63531000,0,0
2024-05-14,1030,1038.75,1018.75,1025,197600,203218500,0,0
2024-05-15,1017.5,1025,992.5,992.5,369200,370110000,0,0
2024-05-16,993.75,993.75,980,985,208400,205219500,0,0
2024-05-17,983.75,996.25,978.75,996.25,160400,158597500,0,0
2024-05-20,998.75,1007.5,997.5,998.75,126000,126300000,0,0
2024-05-21,997.5,1005,997.5,1001.25,93600,93759000,0,0
2024-05-22,1011.25,1011.25,1003.75,1006.25,115200,116016500,0,0
2024-05-23,1007.5,1025,1001.25,1022.5,167200,170009000,0,0
2024-05-24,1011.25,1027.5,1007.5,1016.25,174800,177966000,0,0
2024-05-27,1028.75,1028.75,1018.75,1025,84000,85948500,0,0
2024-05-28,1027.5,1027.5,1015,1015,104400,106267000,0,0
2024-05-29,1015,1015,995,996.25,134800,134824500,0,0
2024-05-30,993.75,995,980,993.75,162400,160695500,0,0
2024-05-31,1000,1005,993.75,1002.5,198400,198560500,0,0
2024-06-03,1000,1011.25,1000,1002.5,97200,97704000,0,0
2024-06-04,995,1003.75,995,1000,96800,96710000,0,0
2024-06-05,993.75,995,987.5,991.25,176000,174244000,0,0
2024-06-06,991.25,996.25,982.5,987.5,147200,145153500,0,0
2024-06-07,983.75,985,980,985,121200,119110000,0,0
2024-06-10,988.75,990,983.75,988.75,168400,166426500,0,0
2024-06-11,986.25,993.75,986.25,988.75,111200,110010000,0,0
2024-06-12,988.75,991.25,982.5,982.5,108400,106908000,0,0
2024-06-13,981.25,987.5,970,970,236400,230460500,0,0
2024-06-14,970,987.5,970,987.5,162000,158711000,0,0
2024-06-17,980,980,971.25,976.25,157200,153325000,0,0
2024-06-18,977.5,981.25,975,975,92800,90689000,0,0
2024-06-19,977.5,981.25,975,978.75,108800,106393000,0,0
2024-06-20,977.5,981.25,972.5,977.5,135200,132031500,0,0
2024-06-21,977.5,980,967.5,967.5,296800,287968000,0,0
2024-06-24,970,983.75,970,980,187600,183259500,0,0
2024-06-25,986.25,992.5,983.75,990,158400,156597000,0,0
2024-06-26,990,996.25,986.25,995,82000,81444500,0,0
2024-06-27,997.5,997.5,991.25,992.5,93200,92627000,0,0
2024-06-28,992.5,997.5,990,996.25,101200,100667500,0,0
2024-07-01,998.75,1011.25,995,1005,261200,262311500,0,0
2024-07-02,1021.25,1033.75,1015,1028.75,368000,377355500,0,0
2024-07-03,1028.75,1045,1025,1035,203200,210505500,0,0
2024-07-04,1040,1040,1027.5,1033.75,153600,158445000,0,0
2024-07-05,1027.5,1028.75,1020,1020,110400,113038500,0,0
2024-07-08,1017.5,1018.75,1005,1011.25,171200,172932000,0,0
2024-07-09,1005,1025,1005,1022.5,131600,133864500,0,0
2024-07-10,1016.25,1017.5,1010,1015,142000,144018000,0,0
2024-07-11,1020,1028.75,1018.75,1025,84400,86510000,0,0
2024-07-12,1018.75,1031.25,1018.75,1025,100000,102654500,0,0
2024-07-16,1025,1027.5,1018.75,1026.25,110400,113032500,0,0
2024-07-17,1026.25,1031.25,1023.75,1026.25,80800,82982500,0,0
2024-07-18,1021.25,1028.75,1017.5,1023.75,100800,103205500,0,0
2024-07-19,1017.5,1023.75,1012.5,1017.5,125200,127392500,0,0
2024-07-22,1017.5,1017.5,1006.25,1010,70800,71627000,0,0
2024-07-23,1015,1017.5,1007.5,1013.75,68000,68836500,0,0
2024-07-24,1010,1013.75,1001.25,1001.25,83200,83705500,0,0
2024-07-25,1000,1010,995,1002.5,162800,163221000,0,0
2024-07-26,1002.5,1011.25,998.75,1006.25,115600,116241500,0,0
2024-07-29,1012.5,1026.25,1007.5,1022.5,123600,126107500,0,0
2024-07-30,1017.5,1022.5,1011.25,1013.75,102400,103959500,0,0
2024-07-31,1017.5,1033.75,1017.5,1027.5,146800,150447500,0,0
2024-08-01,1020,1020,1002.5,1012.5,163600,165278000,0,0
2024-08-02,997.5,998.75,978.75,981.25,265200,261473500,0,0
2024-08-05,951.25,952.5,875,877.5,534800,492420500,0,0
2024-08-06,937.5,985,936.25,971.25,302400,292947000,0,0
2024-08-07,975,990,953.75,972.5,253200,246815000,0,0
2024-08-08,976.25,981.25,950,952.5,203600,196562000,0,0
2024-08-09,970,976.25,952.5,962.5,207600,200004000,0,0
2024-08-13,963.75,986.25,963.75,985,162800,159397000,0,0
2024-08-14,983.75,983.75,976.25,978.75,58400,57192500,0,0
2024-08-15,986.25,988.75,978.75,983.75,112800,110959000,0,0
2024-08-16,992.5,1000,991.25,1000,111600,111224500,0,0
2024-08-19,1000,1008.75,987.5,987.5,121200,120883000,0,0
2024-08-20,1001.25,1011.25,991.25,1010,67200,67548000,0,0
2024-08-21,1007.5,1013.75,1000,1008.75,62400,62970000,0,0
2024-08-22,1010,1021.25,1010,1021.25,77200,78448000,0,0
2024-08-23,1025,1025,1015,1016.25,47600,48525500,0,0
2024-08-26,1013.75,1022.5,1008.75,1008.75,36400,36812500,0,0
2024-08-27,1008.75,1022.5,1008.75,1013.75,44800,45532000,0,0
2024-08-28,1003.75,1015,1003.75,1015,39600,39983000,0,0
2024-08-29,1015,1022.5,1002.5,1006.25,62400,62912000,0,0
2024-08-30,1008.75,1012.5,1002.5,1005,98400,99080000,0,0
2024-09-02,1020,1020,1001.25,1012.5,67600,68194000,0,0
2024-09-03,1013.75,1016.25,1010,1012.5,28000,28372500,0,0
2024-09-04,998.75,1010,993.75,1002.5,116000,116057000,0,0
2024-09-05,993.75,1010,990,1001.25,102800,102942000,0,0
2024-09-06,1010,1011.25,997.5,1006.25,72000,72365500,0,0
2024-09-09,996.25,1016.25,987.5,1016.25,146800,147367000,0,0
2024-09-10,1016.25,1022.5,1013.75,1020,115600,117751500,0,0
2024-09-11,1007.5,1017.5,1001.25,1003.75,128800,129682000,0,0
2024-09-12,1020,1027.5,1011.25,1023.75,160800,164371500,0,0
2024-09-13,1025,1025,1015,1015,96000,98047500,0,0
2024-09-17,1027.5,1037.5,1023.75,1031.25,181200,186768500,0,0
2024-09-18,1038.75,1046.25,1026.25,1032.5,99200,102508000,0,0
2024-09-19,1037.5,1037.5,1028.75,1030,54000,55790500,0,0
2024-09-20,1030,1046.25,1026.25,1035,180400,186927000,0,0
2024-09-24,1047.5,1047.5,1037.5,1041.25,76000,79177000,0,0
2024-09-25,1047.5,1047.5,1035,1042.5,88000,91717500,0,0
2024-09-26,1048.75,1048.75,1037.5,1047.5,220000,229789000,0,0
2024-09-27,1023.75,1038.75,1022.5,1026.25,152400,156875500,0,0
2024-09-30,1008.75,1043.75,1005,1036.25,211600,218455000,0,0
2024-10-01,1042.5,1067.5,1042.5,1043.75,268400,282128000,0,0
2024-10-02,1042.5,1070,1042.5,1051.25,297600,315355500,0,0
2024-10-03,1061.25,1062.5,1048.75,1053.75,68400,72194000,0,0
2024-10-04,1052.5,1058.75,1045,1056.25,81600,85916500,0,0
2024-10-07,1057.5,1057.5,1042.5,1052.5,171200,179977000,0,0
2024-10-08,1055,1067.5,1052.5,1056.25,194400,205809500,0,0
2024-10-09,1057.5,1062.5,1050,1062.5,65200,69000000,0,0
2024-10-10,1057.5,1057.5,1048.75,1052.5,94000,98999000,0,0
2024-10-11,1052.5,1055,1048.75,1055,59600,62757000,0,0
2024-10-15,1053.75,1057.5,1046.25,1053.75,93200,98226500,0,0
2024-10-16,1046.25,1055,1040,1045,110000,115075000,0,0
2024-10-17,1043.75,1050,1040,1040,41600,43370500,0,0
2024-10-18,1040,1043.75,1035,1038.75,37600,39052500,0,0
2024-10-21,1033.75,1033.75,1028.75,1033.75,42800,44180000,0,0
2024-10-22,1033.75,1033.75,1022.5,1028.75,98400,101206000,0,0
2024-10-23,1028.75,1036.25,1018.75,1018.75,88800,91054000,0,0
2024-10-24,1017.5,1025,1015,1022.5,83200,84952500,0,0
2024-10-25,1022.5,1025,1010,1012.5,103200,104772000,0,0
2024-10-28,1010,1025,1010,1022.5,57600,58735000,0,0
2024-10-29,1026.25,1035,1023.75,1032.5,94000,96825000,0,0
2024-10-30,1027.5,1037.5,1027.5,1031.25,246400,254123500,0,0
2024-10-31,1030,1038.75,1027.5,1037.5,68000,70370000,0,0
2024-11-01,1036.25,1036.25,1023.75,1028.75,59200,60973500,0,0
2024-11-05,1036.25,1037.5,1025,1026.25,48000,49408500,0,0
2024-11-06,1035,1037.5,1023.75,1031.25,62800,64812000,0,0
2024-11-07,1030,1040,1028.75,1036.25,60800,63009000,0,0
2024-11-08,1036.25,1036.25,1021.25,1021.25,38400,39423000,0,0
2024-11-11,1023.75,1027.5,1016.25,1021.25,70000,71523000,0,0
2024-11-12,1027.5,1071.25,1020,1030,366800,383048000,0,0
2024-11-13,1027.5,1042.5,1020,1038.75,162400,168006000,0,0
2024-11-14,1038.75,1038.75,1017.5,1017.5,87200,89369500,0,0
2024-11-15,1022.5,1027.5,1011.25,1011.25,60400,61683000,0,0
2024-11-18,1011.25,1016.25,1005,1013.75,55200,55827000,0,0
2024-11-19,1013.75,1015,1002.5,1005,84000,84586000,0,0
2024-11-20,1001.25,1011.25,995,998.75,126000,126136500,0,0
2024-11-21,998.75,1006.25,995,1003.75,84800,84857000,0,0
2024-11-22,1000,1010,998.75,1002.5,69600,69897000,0,0
2024-11-25,1012.5,1020,997.5,997.5,100800,101167000,0,0
2024-11-26,997.5,1001.25,988.75,996.25,102000,101336500,0,0
2024-11-27,990,997.5,976.25,976.25,132400,130066000,0,0
2024-11-28,976.25,983.75,976.25,977.5,66400,65057500,0,0
2024-11-29,981.25,990,980,983.75,182000,178729500,0,0
2024-12-02,982.5,990,980,987.5,68400,67408000,0,0
2024-12-03,1002.5,1013.75,1002.5,1010,154000,155362500,0,0
2024-12-04,1010,1011.25,998.75,1002.5,96400,96649000,0,0
2024-12-05,1008.75,1008.75,988.75,998.75,103200,102799500,0,0
2024-12-06,998.75,1001.25,995,997.5,85200,85021500,0,0
2024-12-09,997.5,1018.75,997.5,1012.5,327600,331473000,0,0
2024-12-10,1025,1032.5,1016.25,1027.5,256400,263194500,0,0
2024-12-11,1023.75,1028.75,1021.25,1027.5,68800,70594000,0,0
2024-12-12,1033.75,1037.5,1026.25,1027.5,112000,115331000,0,0
2024-12-13,1020,1027.5,1017.5,1020,104000,106150000,0,0
2024-12-16,1022.5,1022.5,1010,1018.75,126400,128462500,0,0
2024-12-17,1018.75,1021.25,1001.25,1001.25,78400,78848000,0,0
2024-12-18,1001.25,1003.75,995,995,98000,97718000,0,0
2024-12-19,987.5,1007.5,987.5,996.25,84000,83893500,0,0
2024-12-20,1000,1002.5,995,997.5,111200,111024500,0,0
2024-12-23,1001.25,1001.25,991.25,996.25,110800,110450500,0,0
2024-12-24,997.5,1001.25,993.75,993.75,72400,72175000,0,0
2024-12-25,998.75,998.75,992.5,998.75,78800,78583000,0,0
2024-12-26,998.75,1008.75,997.5,1008.75,133200,133723000,0,0
2024-12-27,1007.5,1020,1003.75,1020,116400,118226000,0,0
2024-12-30,1023.75,1035,1023.75,1030,107600,110763000,0,0
2025-01-06,1030,1030,1005,1005,148800,150162500,0,0
2025-01-07,1015,1015,1001.25,1003.75,82400,82714000,0,0
2025-01-08,1002.5,1008.75,1000,1000,68400,68575500,0,0
2025-01-09,1001.25,1005,990,991.25,109600,108928000,0,0
2025-01-10,988.75,992.5,985,985,126000,124420500,0,0
2025-01-14,982.5,988.75,967.5,976.25,193600,188757000,0,0
2025-01-15,975,977.5,968.75,976.25,123200,120046000,0,0
2025-01-16,976.25,981.25,973.75,976.25,93600,91458500,0,0
2025-01-17,973.75,976.25,968.75,971.25,88000,85523000,0,0
2025-01-20,971.25,977.5,967.5,973.75,68800,66918500,0,0
2025-01-21,973.75,980,973.75,976.25,54800,53494000,0,0
2025-01-22,980,985,975,980,56800,55651500,0,0
2025-01-23,980,980,972.5,976.25,62400,60921500,0,0
2025-01-24,991.25,991.25,975,980,81600,80196000,0,0
2025-01-27,985,985,977.5,978.75,64000,62750000,0,0
2025-01-28,977.5,986.25,977.5,981.25,44800,44028000,0,0
2025-01-29,985,990,980,980,95200,93574000,0,0
2025-01-30,980,985,977.5,985,100400,98748500,0,0
2025-01-31,985,985,978.75,980,52800,51816000,0,0
2025-02-03,976.25,976.25,961.25,961.25,254400,245508500,0,0
2025-02-04,973.75,975,963.75,966.25,130800,126665000,0,0
2025-02-05,975,982.5,968.75,977.5,195600,190587000,0,0
2025-02-06,977.5,985,966.25,983.75,158800,155054500,0,0
2025-02-07,983.75,996.25,982.5,985,129600,128050000,0,0
2025-02-10,985,990,982.5,983.75,74800,73691500,0,0
2025-02-12,983.75,1006.25,983.75,997.5,168800,168256000,0,0
2025-02-13,1006.25,1022.5,997.5,1022.5,168400,170998500,0,0
2025-02-14,1027.5,1030,1016.25,1022.5,99200,101528000,0,0
2025-02-17,1026.25,1030,1006.25,1006.25,82800,83856500,0,0
2025-02-18,1010,1010,1001.25,1003.75,37200,37379500,0,0
2025-02-19,998.75,1008.75,998.75,1002.5,50800,51001000,0,0
2025-02-20,1002.5,1006.25,995,995,96800,96797500,0,0
2025-02-21,995,1001.25,988.75,996.25,110400,109816500,0,0
2025-02-25,995,1007.5,995,1002.5,132800,132877500,0,0
2025-02-26,1002.5,1008.75,987.5,990,130800,129872000,0,0
2025-02-27,996.25,1006.25,996.25,1002.5,60800,60984500,0,0
2025-02-28,1003.75,1003.75,992.5,995,95600,95318500,0,0
2025-03-03,997.5,1006.25,993.75,997.5,86400,86271500,0,0
2025-03-04,1001.25,1003.75,996.25,1002.5,77200,77222500,0,0
2025-03-05,1002.5,1013.75,997.5,1007.5,127200,128152500,0,0
2025-03-06,1013.75,1018.75,1010,1016.25,100400,101907500,0,0
2025-03-07,1013.75,1013.75,1003.75,1007.5,101200,101914000,0,0
2025-03-10,1007.5,1010,998.75,1000,75600,75760000,0,0
2025-03-11,995,995,981.25,990,126400,124850000,0,0
2025-03-12,990,993.75,986.25,991.25,86400,85594000,0,0
2025-03-13,990,993.75,987.5,991.25,103200,102224000,0,0
2025-03-14,991.25,993.75,987.5,990,83600,82830500,0,0
2025-03-17,998.75,1010,998.75,1000,86000,86247500,0,0
2025-03-18,1000,1008.75,1000,1003.75,98800,99313000,0,0
2025-03-19,1001.25,1016.25,1001.25,1008.75,73200,73971500,0,0
2025-03-21,1016.25,1023.75,1010,1012.5,225200,228718000,0,0
2025-03-24,1020,1023.75,1010,1013.75,108000,109476500,0,0
2025-03-25,1015,1018.75,1008.75,1015,108400,110008500,0,0
2025-03-26,1015,1022.5,1012.5,1022.5,154000,156895000,0,0
2025-03-27,1015,1022.5,1007.5,1022.5,178800,181754500,0,0
2025-03-28,997.5,1008.75,993.75,995,166800,166352000,0,0
2025-03-31,982.5,982.5,972.5,975,182400,178134500,0,0
2025-04-01,977.5,990,976.25,976.25,110400,108392000,0,0
2025-04-02,975,975,958.75,960,211600,203919000,0,0
2025-04-03,937.5,948.75,928.75,941.25,311600,293080000,0,0
2025-04-04,920,921.25,896.25,906.25,347600,315993000,0,0
2025-04-07,850,853.75,827.5,833.75,412800,347023000,0,0
2025-04-08,851.25,873.75,851.25,867.5,212000,183532000,0,0
2025-04-09,850,857.5,838.75,843.75,205200,173638500,0,0
2025-04-10,907.5,912.5,878.75,890,162000,144402500,0,0
2025-04-11,858.75,873.75,851.25,871.25,131600,113635000,0,0
2025-04-14,880,886.25,877.5,881.25,93200,82297500,0,0
2025-04-15,887.5,887.5,878.75,880,66000,58205000,0,0
2025-04-16,880,883.75,875,880,66800,58696000,0,0
2025-04-17,876.25,887.5,875,887.5,167600,147281500,0,0
2025-04-18,895,903.75,895,903.75,55200,49655500,0,0
2025-04-21,903.75,905,897.5,898.75,40400,36359000,0,0
2025-04-22,897.5,902.5,892.5,892.5,70800,63371500,0,0
2025-04-23,906.25,910,898.75,905,156800,141808500,0,0
2025-04-24,907.5,918.75,905,905,77600,70677500,0,0
2025-04-25,916.25,918.75,906.25,911.25,82400,75318000,0,0
2025-04-28,913.75,917.5,907.5,907.5,101200,92057000,0,0
2025-04-30,910,913.75,900,900,144400,130504000,0,0
2025-05-01,900,906.25,898.75,902.5,111600,100667500,0,0
2025-05-02,902.5,911.25,900,910,96800,87754500,0,0
2025-05-07,912.5,916.25,905,908.75,199600,181554000,0,0
2025-05-08,918.75,936.25,870,897.5,830800,756321500,0,0
2025-05-09,911.25,943.75,910,938.75,438400,406666000,0,0
2025-05-12,938.75,947.5,930,945,105200,99042000,0,0
2025-05-13,952.5,963.75,950,960,171600,164523500,0,0
2025-05-14,960,960,938.75,950,120400,113951000,0,0
2025-05-15,947.5,948.75,935,935,86800,81649500,0,0
2025-05-16,932.5,935,920,933.75,107200,99553500,0,0
2025-05-19,933.75,933.75,923.75,933.75,88800,82524000,0,0
2025-05-20,937.5,938.75,918.75,918.75,115600,106842000,0,0
2025-05-21,918.75,925,917.5,920,88400,81396500,0,0
2025-05-22,917.5,925,911.25,912.5,84400,77242500,0,0
2025-05-23,913.75,927.5,911.25,918.75,62400,57318000,0,0
2025-05-26,918.75,922.5,913.75,918.75,99200,91142500,0,0
2025-05-27,921.25,921.25,916.25,918.75,42800,39332000,0,0
2025-05-28,921.25,936.25,920,931.25,159600,148630000,0,0
2025-05-29,921.25,931.25,918.75,925,162400,150063000,0,0
2025-05-30,920,925,918.75,922.5,105600,97389000,0,0
2025-06-02,915,930,915,921.25,128400,118438000,0,0
2025-06-03,923.75,923.75,915,917.5,84800,77910500,0,0
2025-06-04,917.5,927.5,916.25,922.5,83600,77163000,0,0
2025-06-05,917.5,920,915,918.75,107200,98361500,0,0
2025-06-06,921.25,931.25,921.25,927.5,86400,80127000,0,0
2025-06-09,933.75,933.75,927.5,930,106800,99355000,0,0
2025-06-10,937.5,946.25,931.25,932.5,262400,246115000,0,0
2025-06-11,928.75,937.5,928.75,933.75,83200,77614500,0,0
2025-06-12,933.75,941.25,928.75,932.5,91600,85386500,0,0
2025-06-13,930,930,917.5,920,136800,126161500,0,0
2025-06-16,923.75,925,916.25,916.25,70000,64258000,0,0
2025-06-17,916.25,918.75,913.75,916.25,96400,88266000,0,0
2025-06-18,916.25,920,911.25,915,93600,85657500,0,0
2025-06-19,913.75,915,910,912.5,63600,58017500,0,0
2025-06-20,910,917.5,910,911.25,193200,176371500,0,0
2025-06-23,910,911.25,902.5,905,138000,125010500,0,0
2025-06-24,911.25,911.25,903.75,906.25,111200,100782500,0,0
2025-06-25,906.25,911.25,903.75,907.5,130000,117888500,0,0
2025-06-26,907.5,912.5,906.25,911.25,134800,122628000,0,0
2025-06-27,913.75,917.5,912.5,916.25,135200,123776500,0,0
2025-06-30,916.25,917.5,911.25,913.75,121200,110812000,0,0
2025-07-01,913.75,922.5,913.75,918.75,124800,114735500,0,0
2025-07-02,921.25,927.5,917.5,926.25,106000,97989500,0,0
2025-07-03,926.25,941.25,926.25,937.5,94400,88388500,0,0
2025-07-04,938.75,948.75,937.5,941.25,142000,133945500,0,0
2025-07-07,943.75,956.25,941.25,942.5,148800,140930000,0,0
2025-07-08,942.5,952.5,938.75,950,157600,149211500,0,0
2025-07-09,950,968.75,948.75,955,190000,182361500,0,0
2025-07-10,966.25,966.25,943.75,948.75,148000,140421500,0,0
2025-07-11,953.75,961.25,950,955,151600,144780000,0,0
2025-07-14,956.25,966.25,953.75,962.5,96000,92314500,0,0
2025-07-15,960,960,951.25,957.5,117600,112405500,0,0
2025-07-16,958.75,958.75,952.5,952.5,60000,57239500,0,0
2025-07-17,950,953.75,945,952.5,106000,100678000,0,0
2025-07-18,952.5,953.75,945,945,57600,54605500,0,0
2025-07-22,946.25,957.5,946.25,947.5,103200,98153000,0,0
2025-07-23,965,965,953.75,958.75,198800,190544000,0,0
2025-07-24,960,967.5,958.75,966.25,161200,155324500,0,0
2025-07-25,968.75,968.75,952.5,967.5,175200,169065500,0,0
2025-07-28,970,986.25,970,978.75,296000,289690500,0,0
2025-07-29,975,978.75,968.75,977.5,124800,121639500,0,0
2025-07-30,977.5,981.25,972.5,978.75,126800,124005000,0,0
2025-07-31,982.5,991.25,982.5,991.25,214400,211956000,0,0
2025-08-01,992.5,1025,985,1005,618800,619949500,0,0
2025-08-04,983.75,995,971.25,992.5,420800,414303000,0,0
2025-08-05,992.5,1006.25,992.5,993.75,255600,255445000,0,0
2025-08-06,992.5,1003.75,991.25,992.5,265600,264215500,0,0
2025-08-07,990,990,978.75,986.25,218000,214794500,0,0
2025-08-08,990,996.25,981.25,996.25,144000,142823000,0,0
2025-08-12,998.75,1010,995,1007.5,206000,206906000,0,0
2025-08-13,1007.5,1018.75,998.75,1008.75,242400,244964000,0,0
2025-08-14,1006.25,1011.25,993.75,993.75,154400,154461500,0,0
2025-08-15,995,997.5,986.25,995,132800,131896000,0,0
2025-08-18,1002.5,1021.25,1001.25,1013.75,346400,351564000,0,0
2025-08-19,1015,1018.75,1013.75,1016.25,114800,116629000,0,0
2025-08-20,1016.25,1022.5,1013.75,1016.25,122400,124587000,0,0
2025-08-21,1015,1031.25,1015,1026.25,217600,223126500,0,0
2025-08-22,1028.75,1040,1023.75,1037.5,172000,177851000,0,0
2025-08-25,1055,1080,1055,1072.5,645200,690252500,0,0
2025-08-26,1073.75,1073.75,1062.5,1068.75,263200,280975500,0,0
2025-08-27,1066.25,1076.25,1060,1065,312800,333744000,0,0
2025-08-28,1065,1066.25,1053.75,1066.25,214400,227386000,0,0
2025-08-29,1070,1075,1068.75,1071.25,205600,220461500,0,0
2025-09-01,1071.25,1076.25,1057.5,1063.75,197600,210766500,0,0
2025-09-02,1068.75,1072.5,1057.5,1060,191200,203729500,0,0
2025-09-03,1056.25,1066.25,1052.5,1058.75,177600,188069500,0,0
2025-09-04,1057.5,1063.75,1056.25,1063.75,114000,120873000,0,0
2025-09-05,1063.75,1072.5,1061.25,1067.5,112800,120395500,0,0
2025-09-08,1072.5,1075,1067.5,1075,90400,96975000,0,0
2025-09-09,1075,1086.25,1070,1071.25,189600,204162500,0,0
2025-09-10,1075,1080,1066.25,1067.5,135600,145237500,0,0
2025-09-11,1067.5,1068.75,1058.75,1062.5,136400,144943000,0,0
2025-09-12,1062.5,1067.5,1057.5,1057.5,127600,135444500,0,0
2025-09-16,1057.5,1063.75,1055,1060,145200,153870000,0,0
2025-09-17,1057.5,1058.75,1050,1050,140800,148339000,0,0
2025-09-18,1053.75,1056.25,1046.25,1052.5,118800,124918500,0,0
2025-09-19,1058.75,1058.75,1043.75,1045,200000,209449500,0,0
2025-09-22,1047.5,1050,1043.75,1045,110000,115117500,0,0
2025-09-24,1045,1046.25,1036.25,1046.25,217600,226751000,0,0
2025-09-25,1051.25,1057.5,1046.25,1052.5,189600,199636000,0,0
2025-09-26,1055,1062.5,1053.75,1062.5,212000,224736500,0,0
2025-09-29,1041.25,1047.5,1030,1030,166400,172003500,0,0
2025-09-30,1027.5,1033.75,1017.5,1030,188000,192991500,0,0
2025-10-01,1020,1020,1002.5,1005,156800,158225000,0,0
2025-10-02,1005,1013.75,996.25,1005,131200,131702000,0,0
2025-10-03,1006.25,1013.75,1006.25,1008.75,100000,100860500,0,0
2025-10-06,1025,1027.5,1013.75,1013.75,157600,160430500,0,0
2025-10-07,1013.75,1038.75,1012.5,1028.75,231200,237404000,0,0
2025-10-08,1037.5,1037.5,1016.25,1016.25,145600,148913000,0,0
2025-10-09,1021.25,1037.5,1020,1037.5,159600,164381500,0,0
2025-10-10,1032.5,1033.75,1015,1015,171600,175320500,0,0
2025-10-14,998.75,1020,997.5,1010,164400,165593500,0,0
2025-10-15,1017.5,1025,1016.25,1020,122000,124464000,0,0
2025-10-16,1018.75,1025,1015,1018.75,96800,98687000,0,0
2025-10-17,1015,1018.75,1011.25,1011.25,77200,78342500,0,0
2025-10-20,1020,1025,1015,1023.75,116400,118887000,0,0
2025-10-21,1022.5,1032.5,1022.5,1030,122800,126292500,0,0
2025-10-22,1028.75,1040,1026.25,1036.25,327200,338622000,0,0
2025-10-23,1036.25,1047.5,1035,1042.5,242400,252564000,0,0
2025-10-24,1053.75,1071.25,1050,1071.25,356400,379343500,0,0
2025-10-27,1073.75,1083.75,1073.75,1077.5,232000,250120000,0,0
2025-10-28,1075,1075,1047.5,1051.25,212000,224783000,0,0
2025-10-29,1051.25,1051.25,1036.25,1037.5,185600,193545000,0,0
2025-10-30,1037.5,1055,1037.5,1051.25,200400,210257000,0,0
2025-10-31,1048.75,1050,1041.25,1050,162400,169967000,0,0
2025-11-04,1065,1076.25,1052.5,1056.25,424400,451640000,0,0
2025-11-05,1055,1062.5,1027.5,1040,611200,637289000,0,0
2025-11-06,1057.5,1076.25,1045,1065,578800,617715500,0,0
2025-11-07,1065,1083.75,1065,1083.75,300800,323299500,0,0
2025-11-10,1087.5,1108.75,1081.25,1108.75,378400,415631000,0,0
2025-11-11,1097.5,1106.25,1086.25,1093.75,221200,242189500,0,0
2025-11-12,1098.75,1120,1093.75,1113.75,310000,344131000,0,0
2025-11-13,1120,1122.5,1110,1116.25,162000,180606500,0,0
2025-11-14,1117.5,1143.75,1111.25,1137.5,421600,477350000,0,0
2025-11-17,1145,1145,1131.25,1142.5,212800,242089000,0,0
2025-11-18,1130,1142.5,1118.75,1122.5,230400,259986500,0,0
2025-11-19,1117.5,1123.75,1088.75,1090,200400,220042000,0,0
2025-11-20,1101.25,1116.25,1093.75,1111.25,176800,196116500,0,0
2025-11-21,1106.25,1128.75,1105,1128.75,301200,338615500,0,0
2025-11-25,1137.5,1142.5,1128.75,1131.25,244400,277212000,0,0
2025-11-26,1131.25,1143.75,1130,1140,158400,180465500,0,0
2025-11-27,1143.75,1156.25,1143.75,1155,232400,267181000,0,0
2025-11-28,1157.5,1180,1155,1176.25,324400,379272500,0,0
2025-12-01,1182.5,1190,1176.25,1186.25,376800,446098500,0,0
2025-12-02,1186.25,1186.25,1163.75,1172.5,456000,534812500,0,0
2025-12-03,1172.5,1178.75,1152.5,1157.5,401600,466546500,0,0
2025-12-04,1157.5,1168.75,1153.75,1166.25,253600,295132500,0,0
2025-12-05,1166.25,1172.5,1160,1163.75,240000,280090500,0,0
2025-12-08,1175,1195,1173.75,1187.5,260000,308955000,0,0
2025-12-09,1195,1225,1190,1222.5,573200,695811500,0,0
2025-12-10,1231.25,1255,1230,1242.5,647200,804818500,0,0
2025-12-11,1242.5,1248.75,1221.25,1232.5,578000,714973500,0,0
2025-12-12,1247.5,1248.75,1218.75,1226.25,331600,408711000,0,0
2025-12-15,1235,1243.75,1226.25,1237.5,242000,299119500,0,0
2025-12-16,1237.5,1242.5,1225,1225,276800,340826500,0,0
2025-12-17,1225,1232.5,1221.25,1226.25,174000,213571000,0,0
2025-12-18,1227.5,1250,1220,1240,337200,417728500,0,0
2025-12-19,1235,1241.25,1228.75,1235,183200,226242000,0,0
2025-12-22,1243.75,1267.5,1231.25,1255,268400,336972500,0,0
2025-12-23,1255,1287.5,1255,1277.5,470800,599301000,0,0
2025-12-24,1295,1300,1275,1285,486400,627022000,0,0
2025-12-25,1290,1302.5,1287.5,1302.5,416400,539883000,0,0
2025-12-26,1310,1320,1292.5,1300,526000,688319000,0,0
2025-12-29,1305,1315,1300,1312.5,288800,378239000,0,0
2025-12-30,1312.5,1320,1300,1305,176800,231646000,0,0
2026-01-05,1305,1350,1302.5,1332.5,899600,1200894000,0,0
2026-01-06,1345,1375,1340,1362.5,923200,1254844000,0,0
2026-01-07,1347.5,1372.5,1337.5,1340,451600,611346000,0,0
2026-01-08,1340,1340,1282.5,1307.5,538400,703413000,0,0
2026-01-09,1320,1322.5,1260,1282.5,666000,854402000,0,0
2026-01-13,1307.5,1332.5,1290,1332.5,390400,514331000,0,0
2026-01-14,1320,1327.5,1305,1312.5,198000,260002000,0,0
2026-01-15,1320,1352.5,1307.5,1347.5,596800,800730000,0,0
2026-01-16,1365,1385,1350,1382.5,642800,883411000,0,0
2026-01-19,1377.5,1395,1360,1390,449200,621204000,0,0
2026-01-20,1372.5,1372.5,1340,1342.5,286800,387137000,0,0
2026-01-21,1320,1352.5,1320,1352.5,188800,253737000,0,0
2026-01-22,1347.5,1372.5,1347.5,1367.5,191600,261546000,0,0
2026-01-23,1407.5,1412.5,1370,1400,510000,712274000,0,0
2026-01-26,1385,1402.5,1370,1380,326000,452255000,0,0
2026-01-27,1370,1397.5,1365,1397.5,368400,510700000,0,0
2026-01-28,1382.5,1390,1350,1362.5,272800,371252000,0,0
2026-01-29,1350,1372.5,1340,1365,242000,328461000,0,0
2026-01-30,1365,1380,1357.5,1380,230000,315621000,0,0
2026-02-02,1382.5,1412.5,1362.5,1365,353200,490283000,0,0
2026-02-03,1377.5,1392.5,1370,1382.5,255200,352747000,0,0
2026-02-04,1382.5,1405,1375,1402.5,310000,432233000,0,0
2026-02-05,1412.5,1420,1390,1397.5,319600,449095000,0,0
2026-02-06,1397.5,1415,1385,1407.5,252000,353288000,0,0
2026-02-09,1422.5,1425,1397.5,1422.5,359600,509417000,0,0
2026-02-10,1425,1490,1422.5,1480,848800,1243529000,0,0
2026-02-12,1495,1512.5,1485,1507.5,630400,946371000,0,0
2026-02-13,1500,1505,1462.5,1477.5,382800,566396000,0,0
2026-02-16,1475,1477.5,1452.5,1465,248000,363029000,0,0
2026-02-17,1465,1492.5,1450,1470,179600,263680000,0,0
2026-02-18,1475,1500,1470,1492.5,306400,456002000,0,0
2026-02-19,1500,1522.5,1487.5,1520,251200,379584000,0,0
2026-02-20,1502.5,1507.5,1467.5,1470,367200,544819000,0,0
2026-02-24,1470,1517.5,1455,1512.5,258000,387056000,0,0
2026-02-25,1505,1505,1477.5,1482.5,208000,309768000,0,0
2026-02-26,1485,1495,1472.5,1480,166400,246570000,0,0
2026-02-27,1465,1490,1462.5,1490,239200,354556000,0,0
2026-03-02,1465,1487.5,1445,1475,360800,529816000,0,0
2026-03-03,1455,1465,1407.5,1412.5,342400,489818000,0,0
2026-03-04,1362.5,1377.5,1322.5,1345,462400,621876000,0,0
2026-03-05,1395,1400,1360,1370,291600,402112000,0,0
2026-03-06,1340,1362.5,1332.5,1355,253200,341983000,0,0
2026-03-09,1287.5,1315,1272.5,1297.5,461200,595883000,0,0
2026-03-10,1320,1345,1312.5,1337.5,306400,408333000,0,0
2026-03-11,1355,1372.5,1347.5,1365,237200,323322000,0,0
2026-03-12,1360,1360,1322.5,1327.5,174800,232995000,0,0
2026-03-13,1302.5,1325,1300,1310,188000,246354000,0,0
2026-03-16,1297.5,1327.5,1297.5,1315,160000,210304000,0,0
2026-03-17,1317.5,1330,1315,1320,98800,130484000,0,0
2026-03-18,1337.5,1352.5,1327.5,1350,134000,180095000,0,0
2026-03-19,1325,1325,1285,1300,352000,457453000,0,0
2026-03-23,1250,1250,1218.75,1240,388800,480504000,0,0
2026-03-24,1282.5,1282.5,1247.5,1262.5,219600,276860500,0,0
2026-03-25,1310,1312.5,1287.5,1295,230800,299434000,0,0
2026-03-26,1295,1302.5,1272.5,1292.5,134400,173158000,0,0
2026-03-27,1280,1292.5,1270,1287.5,227600,292442000,0,0
2026-03-30,1212.5,1245,1196.25,1245,333600,411962000,0,0
2026-03-31,1237.5,1260,1230,1242.5,302800,376546000,0,0
2026-04-01,1260,1280,1260,1280,246800,312707000,0,0
2026-04-02,1297.5,1300,1246.25,1246.25,266400,336886500,0,0
2026-04-03,1248.75,1257.5,1235,1240,393600,488256500,0,0
2026-04-06,1240,1265,1236.25,1255,170000,213529000,0,0
2026-04-07,1255,1270,1255,1270,139200,175926000,0,0
2026-04-08,1310,1317.5,1297.5,1312.5,184400,241533000,0,0
2026-04-09,1312.5,1312.5,1285,1287.5,181600,235028000,0,0
2026-04-10,1305,1312.5,1295,1305,214400,279604000,0,0
2026-04-13,1307.5,1317.5,1295,1310,245200,320288000,0,0
2026-04-14,1312.5,1327.5,1300,1307.5,264400,346499000,0,0
2026-04-15,1312.5,1327.5,1292.5,1297.5,176000,229821000,0,0
2026-04-16,1305,1310,1300,1305,150800,196746000,0,0
2026-04-17,1302.5,1302.5,1280,1280,192000,246897000,0,0
2026-04-20,1280,1285,1260,1262.5,232400,295558000,0,0
2026-04-21,1280,1287.5,1272.5,1280,316800,405962000,0,0
2026-04-22,1275,1280,1257.5,1260,152400,192959000,0,0
2026-04-23,1262.5,1265,1241.25,1252.5,194000,243020000,0,0
2026-04-24,1260,1270,1255,1257.5,266000,335540000,0,0
2026-04-27,1252.5,1275,1245,1250,213600,268617000,0,0
2026-04-28,1262.5,1265,1252.5,1265,167200,210803000,0,0
2026-04-30,1243.75,1262.5,1235,1247.5,213200,265178500,0,0
2026-05-01,1235,1250,1230,1241.25,208000,258203500,0,0
2026-05-07,1255,1297.5,1255,1292.5,309600,398235000,0,0
2026-05-08,1277.5,1282.5,1252.5,1282.5,272400,346409000,0,0
2026-05-11,1282.5,1305,1282.5,1287.5,208800,269168000,0,0
2026-05-12,1295,1317.5,1282.5,1282.5,234000,302628000,0,0
2026-05-13,1290,1335,1250,1282.5,348000,449107000,0,0
2026-05-14,1257.5,1390,1252.5,1390,643200,867093000,0,0
2026-05-18,1335,1337.5,1295,1302.5,238400,311599000,0,0
2026-05-19,1307.5,1307.5,1272.5,1297.5,272400,351110000,0,0
2026-05-20,1277.5,1280,1242.5,1257.5,307200,386210500,0,0
2026-05-21,1265,1277.5,1252.5,1267.5,356400,452054000,0,0
2026-05-22,1280,1285,1270,1277.5,173600,222036000,0,0
2026-05-25,1300,1310,1282.5,1292.5,213200,275996000,0,0
2026-05-26,1300,1310,1290,1295,297600,386188000,0,0
2026-05-27,1290,1310,1282.5,1290,248000,320355000,0,0
2026-05-28,1270,1305,1262.5,1300,230800,298087000,0,0
2026-05-29,1300,1317.5,1300,1310,232800,304777000,0,0
2026-06-01,1315,1325,1297.5,1315,219600,288332000,0,0
2026-06-02,1302.5,1302.5,1260,1280,184800,236385000,0,0
2026-06-03,1290,1325,1285,1322.5,190400,250423000,0,0
2026-06-04,1312.5,1322.5,1292.5,1305,181200,236669000,0,0
2026-06-05,1305,1305,1282.5,1295,150800,195278000,0,0
2026-06-08,1252.5,1275,1248.75,1265,222400,280181500,0,0
2026-06-09,1285,1287.5,1255,1260,183200,231470000,0,0
2026-06-10,1252.5,1267.5,1238.75,1248.75,274800,344211000,0,0
2026-06-11,1241.25,1252.5,1218.75,1237.5,181600,224064000,0,0
2026-06-12,1255,1302.5,1252.5,1295,303200,388997000,0,0
2026-06-15,1307.5,1337.5,1307.5,1327.5,170400,226228000,0,0
2026-06-16,1340,1340,1317.5,1322.5,315600,419424000,0,0
2026-06-17,1322.5,1340,1312.5,1322.5,334000,443038000,0,0
2026-06-18,1317.5,1327.5,1297.5,1305,258000,337577000,0,0
2026-06-19,1300,1307.5,1277.5,1277.5,233600,300014000,0,0
2026-06-22,1277.5,1282.5,1260,1267.5,266800,337958000,0,0
2026-06-23,1267.5,1267.5,1226.25,1226.25,267200,332124500,0,0
2026-06-24,1226.25,1267.5,1226.25,1243.75,391600,489316000,0,0
2026-06-25,1272.5,1272.5,1246.25,1255,143600,180652500,0,0
2026-06-26,1252.5,1262.5,1243.75,1250,239600,299928500,0,0
2026-06-29,1250,1257.5,1225,1245,198800,246123500,0,0
2026-06-30,1250,1250,1211.25,1220,192400,235456500,0,0
2026-07-01,1237.5,1237.5,1216.25,1216.25,172000,210230500,0,0
2026-07-02,1230,1235,1213.75,1222.5,145600,178300500,0,0
2026-07-03,1222.5,1232.5,1215,1230,142400,174568500,0,0
2026-07-06,1247.5,1260,1236.25,1237.5,238000,296202500,0,0
2026-07-07,1250,1250,1216.25,1216.25,168800,206867000,0,0
2026-07-08,1211.25,1222.5,1202.5,1206.25,202400,245516000,0,0
2026-07-09,1210,1221.25,1202.5,1205,182400,220613500,0,0
2026-07-10,1222.5,1235,1213.75,1218.75,245200,300481000,0,0
2026-07-13,1231.25,1238.75,1203.75,1213.75,302400,367434000,0,0
2026-07-14,1215,1238.75,1215,1236.25,210400,258554000,0,0
2026-07-15,1228.75,1255,1228.75,1250,204400,254274000,0,0
2026-07-16,1247.5,1252.5,1231.25,1236.25,156000,193826500,0,0
2026-07-17,1236.25,1246.25,1196.25,1216.25,334800,407006000,0,0
2026-07-21,1233.75,1257.5,1225,1255,281600,350898500,0,0
2026-07-22,1260,1262.5,1236.25,1246.25,205600,257400000,0,0
2026-07-23,1250,1260,1237.5,1245,161600,201372000,0,0
2026-07-24,1235,1240,1221.25,1230,174800,214894000,0,0
2026-07-27,1241.25,1248.75,1226.25,1246.25,178800,221977500,0,0
2026-07-28,1250,1250,1201.25,1202.5,184800,223759500,0,0
2026-07-29,1202.5,1211.25,1177.5,1201.25,295600,352877500,0,0
2026-07-30,1195,1212.5,1186.25,1206.25,209200,251839500,0,0
2026-07-31,1221.25,1223.75,1197.5,1216.25,251600,305045500,0,0
2026-08-03,1217.5,1231.25,1195,1220,348800,423828000,0,0
2026-08-04,1227.5,1252.5,1220,1250,458400,570609000,0,0
2026-08-05,1255,1317.5,1247.5,1295,722400,934811000,0,0
2026-08-06,1445,1520,1430,1472.5,2600400,3845251000,0,0
2026-08-07,1450,1547.5,1437.5,1530,1572800,2377833000,0,0
2026-08-10,1555,1620,1545,1605,911600,1452291000,0,0
2026-08-12,1605,1605,1577.5,1605,693600,1105744000,0,0
2026-08-13,1607.5,1610,1570,1597.5,500000,796268000,0,0
2026-08-14,1587.5,1612.5,1560,1587.5,618400,981795000,0,0
2026-08-17,1580,1610,1570,1582.5,462000,731758000,0,0
2026-08-18,1590,1622.5,1572.5,1582.5,772400,1235564000,0,0
2026-08-19,1570,1575,1515,1527.5,737200,1131247000,0,0
2026-08-20,1552.5,1562.5,1520,1562.5,470800,725679000,0,0
2026-08-21,1547.5,1605,1542.5,1590,521200,828843000,0,0
2026-08-24,1592.5,1602.5,1575,1577.5,382000,606132000,0,0
2026-08-25,1592.5,1620,1587.5,1595,486800,778158000,0,0
2026-08-26,1605,1632.5,1595,1620,528800,855338000,0,0
2026-08-27,1615,1632.5,1600,1630,492000,797394000,0,0
2026-08-28,1627.5,1630,1592.5,1592.5,625600,1004682000,0,0
2026-08-31,1592.5,1620,1585,1610,1009200,1622048000,0,0
2026-09-01,1592.5,1672.5,1590,1665,763200,1256912000,0,0
2026-09-02,1662.5,1685,1600,1600,488000,791441000,0,0
2026-09-03,1607.5,1615,1572.5,1572.5,456800,726571000,0,0
2026-09-04,1587.5,1592.5,1535,1557.5,550800,856640000,0,0
2026-09-07,1570,1570,1522.5,1530,282000,434026000,0,0
2026-09-08,1525,1530,1447.5,1452.5,421200,623263000,0,0
2026-09-09,1457.5,1500,1452.5,1490,420000,623956000,0,0
2026-09-10,1487.5,1495,1470,1485,321200,476204000,0,0
2026-09-11,1455,1497.5,1452.5,1492.5,433200,641342000,0,0
2026-09-14,1475,1492.5,1452.5,1485,364000,538562000,0,0
2026-09-15,1475,1510,1475,1502.5,283600,424796000,0,0
2026-09-16,1510,1557.5,1502.5,1557.5,368800,567147000,0,0
2026-09-17,1575,1600,1557.5,1592.5,537600,851425000,0,0
2026-09-18,1595,1615,1560,1595,592000,940519000,0,0
2026-09-24,1585,1615,1572.5,1597.5,444400,710427000,0,0
2026-09-25,1612.5,1647.5,1607.5,1635,531600,867519000,0,0
2026-09-28,1635,1647.5,1605,1617.5,426000,689861000,0,0
2026-09-29,1599,1604,1573,1596,424200,675748800,0,0
2026-09-30,1624,1670,1609,1640,639800,1052307200,0,0
2026-10-01,1630,1655,1609,1653,457600,752133600,0,0
2026-10-02,1636,1672,1630,1655,380900,630836300,0,0
2026-10-05,1656,1674,1640,1664,386400,642395300,0,0
