Date,Open,High,Low,Close,Volume,TradingValue,UpLimit,UnderLimit
2016-02-05,363,377,362.5,372.5,16800,,,
2016-02-08,370,389,364.5,378.75,45200,,,
2016-02-09,363.75,367,357,360,22800,,,
2016-02-10,358.75,359.75,326.75,336.25,84400,,,
2016-02-12,332.75,343,325.5,326,53600,,,
2016-02-15,339.25,346,337,341.75,17200,,,
2016-02-16,341.75,366.75,341.75,355.75,36000,,,
2016-02-17,352,360.5,348.25,349.5,23600,,,
2016-02-18,357.5,365,352.75,358,10800,,,
2016-02-19,358,358,344.75,347,22000,,,
2016-02-22,347.25,350.25,335.25,343,36800,,,
2016-02-23,341.25,343.25,327.75,328.25,21200,,,
2016-02-24,328.25,348.5,328.25,341,51200,,,
2016-02-25,341,362,341,349.5,22800,,,
2016-02-26,360,364.5,356.75,356.75,9600,,,
2016-02-29,358.25,363.75,343.75,343.75,24000,,,
2016-03-01,344.5,349.5,344,344.5,15200,,,
2016-03-02,349.5,358,349.5,354,10800,,,
2016-03-03,360.25,364,359.5,364,8000,,,
2016-03-04,368.5,378.75,367.5,376.5,16400,,,
2016-03-07,384,384,377.75,377.75,15600,,,
2016-03-08,374.75,374.75,365,365,19600,,,
2016-03-09,364,368.5,364,365.75,16400,,,
2016-03-10,373.25,375,371,375,16800,,,
2016-03-11,368.5,386,368.5,384.75,51200,,,
2016-03-14,387.25,405,387.25,399.25,32800,,,
2016-03-15,393.25,411,393.25,404,32400,,,
2016-03-16,409.5,412,404.75,408.75,26800,,,
2016-03-17,408.5,411.25,404.25,408.5,31200,,,
2016-03-18,409,412.5,406.5,410,28400,,,
2016-03-22,411.25,417.5,408.75,417.5,40400,,,
2016-03-23,420,420,412.5,415.75,26000,,,
2016-03-24,417.25,417.25,400.25,400.25,36000,,,
2016-03-25,400.5,409.25,400.5,405.25,28800,,,
2016-03-28,407,410.5,395.75,403.75,527200,,,
2016-03-29,396.25,397.5,389.25,395,56400,,,
2016-03-30,395,398,388,388.25,18800,,,
2016-03-31,389.5,391.25,384.5,385.75,15200,,,
2016-04-01,391,391,371.25,371.25,32400,,,
2016-04-04,365.5,381.75,365.5,377.5,24800,,,
2016-04-05,374.5,377.5,359,359,22400,,,
2016-04-06,358.5,361.5,355.75,355.75,9200,,,
2016-04-07,354.5,355,348.75,352.25,16000,,,
2016-04-08,341.5,348.25,329.5,345.75,41600,,,
2016-04-11,346.75,375,346.25,368.75,34400,,,
2016-04-12,375.5,380,368.25,370,31200,,,
2016-04-13,374.75,380.25,374.75,377.25,12400,,,
2016-04-14,377.5,386.75,361,386.75,35200,,,
2016-04-15,387.5,400,387.5,392.5,32000,,,
2016-04-18,392.5,410.25,392.5,400.75,62000,,,
2016-04-19,406,412,401.75,409.25,44800,,,
2016-04-20,413.25,416.75,412.25,413.75,60800,,,
2016-04-21,416,428.5,416,427,77600,,,
2016-04-22,432,432,425,430,59200,,,
2016-04-25,437.5,437.5,427.25,428.5,27600,,,
2016-04-26,425.25,430,425.25,427,26000,,,
2016-04-27,427,428.25,423.5,425.25,34400,,,
2016-04-28,426.25,433.25,423.5,425,49200,,,
2016-05-02,412.5,415,407.25,412.25,44000,,,
2016-05-06,411,427.5,409.5,415,30800,,,
2016-05-09,417.5,427.5,413,413,11200,,,
2016-05-10,411.5,424.75,411.5,422.25,18000,,,
2016-05-11,429.75,429.75,426.25,429.25,25600,,,
2016-05-12,424.25,430,414.25,430,34000,,,
2016-05-13,426.75,445,423,433.5,97200,,,
2016-05-16,437.75,440,412,422.25,98000,,,
2016-05-17,427.25,427.25,422.25,426.25,60400,,,
2016-05-18,426.25,428.5,422.25,423.5,25600,,,
2016-05-19,430,430,420,426.5,39200,,,
2016-05-20,424,427.5,424,425.25,22800,,,
2016-05-23,425,431.25,422.5,430,38000,,,
2016-05-24,429.5,436.25,429.5,434.25,17200,,,
2016-05-25,438.5,440,434.25,436.25,13600,,,
2016-05-26,440.5,450.75,440.5,446,34800,,,
2016-05-27,447.75,454.75,447.75,452.75,22000,,,
2016-05-30,453.5,456.75,453,455.25,24400,,,
2016-05-31,459,464.25,457.5,464.25,40400,,,
2016-06-01,464.25,472,464.25,468.75,14000,,,
2016-06-02,470,472,468.75,468.75,17200,,,
2016-06-03,468.75,470.25,468.75,470.25,44800,,,
2016-06-06,469.25,472.5,466,472.5,42000,,,
2016-06-07,472.5,478.25,472.5,478.25,22400,,,
2016-06-08,478.25,487.75,477.75,487.75,40000,,,
2016-06-09,487.75,494.25,487.75,492.75,41600,,,
2016-06-10,499.75,499.75,492.75,493,80000,,,
2016-06-13,493,497.5,489.5,494.5,46400,,,
2016-06-14,494.5,495.75,493.25,494.75,34000,,,
2016-06-15,494.75,496.75,489.25,494.75,50400,,,
2016-06-16,494.75,497.25,494.5,494.75,86800,,,
2016-06-17,494.75,496.25,491,495,70400,,,
2016-06-20,495,499.75,490,495,75600,,,
2016-06-21,495,527.5,488.5,507.5,127200,,,
2016-06-22,510,524.5,507.5,513,78400,,,
2016-06-23,509.25,519.75,508,515.75,76000,,,
2016-06-24,515.75,515.75,464,477.25,66400,,,
2016-06-27,487.5,517.5,487.5,499.25,29600,,,
2016-06-28,479.25,510.5,479.25,505.5,38000,,,
2016-06-29,518,522.25,505.5,521.25,24000,,,
2016-06-30,525,525,521.25,521.5,19200,,,
2016-07-01,516.75,525,516.75,523,22000,,,
2016-07-04,515.5,515.5,507,511.25,20800,,,
2016-07-05,514.5,517.75,511.5,513.75,17200,,,
2016-07-06,509.5,509.75,502.75,509.5,26800,,,
2016-07-07,509.25,510.5,503.5,510.5,25600,,,
2016-07-08,513.75,514,503,509,30400,,,
2016-07-11,510.25,522,510.25,522,40400,,,
2016-07-12,525,527.25,521.75,524,48000,,,
2016-07-13,527.5,527.5,518.75,520.25,16000,,,
2016-07-14,519.5,522.5,517.75,520.75,17200,,,
2016-07-15,518,522.75,517.5,519,14000,,,
2016-07-19,519,521.25,506.75,512.5,65600,,,
2016-07-20,510.75,521,510.25,520.75,11600,,,
2016-07-21,520.75,523,520,523,15600,,,
2016-07-22,517.25,524.5,509.25,510.25,16800,,,
2016-07-25,510.25,521.5,510.25,521.5,12400,,,
2016-07-26,521.5,527.25,521.5,524.5,30800,,,
2016-07-27,522,527.25,522,527.25,22000,,,
2016-07-28,515.25,527.5,515.25,527.5,30400,,,
2016-07-29,520.25,527.25,520,525.75,16000,,,
2016-08-01,514.5,526,512.5,522,17200,,,
2016-08-02,516.5,527.5,516.5,522,7200,,,
2016-08-03,515,516.5,508,508.25,27200,,,
2016-08-04,508.75,510.75,507.5,509.75,25200,,,
2016-08-05,509.25,510.25,501,509.25,14800,,,
2016-08-08,509.25,512.5,509.25,509.75,12000,,,
2016-08-09,508.75,508.75,502.5,508.75,20000,,,
2016-08-10,508.75,510,508.75,510,6400,,,
2016-08-12,512.5,522.25,511,516.25,26000,,,
2016-08-15,509.25,519.5,509.25,515.5,11200,,,
2016-08-16,510.5,511.25,495.25,498,52000,,,
2016-08-17,498,498,483,490.5,40800,,,
2016-08-18,490.5,498.75,490,490.5,31200,,,
2016-08-19,490.5,497.25,490.5,494.25,20400,,,
2016-08-22,494.25,505.25,490.25,495.75,23200,,,
2016-08-23,495.75,499,495.5,496.5,29600,,,
2016-08-24,496.5,502.75,496.5,497.25,8000,,,
2016-08-25,497.25,501.75,497.25,501.25,12000,,,
2016-08-26,505.25,505.5,500.5,502.25,19600,,,
2016-08-29,514.5,519.75,512.5,519,12800,,,
2016-08-30,527.5,527.5,505.5,509.25,40000,,,
2016-08-31,509.25,526,509.25,523.5,20800,,,
2016-09-01,523.5,525.25,515.25,524.5,10800,,,
2016-09-02,517.75,521.5,516.5,521.5,2800,,,
2016-09-05,524.25,525,521,524,19600,,,
2016-09-06,524,529.75,524,529.25,36000,,,
2016-09-07,530,545.5,529.5,545,38000,,,
2016-09-08,549.75,558.75,548,552.5,35200,,,
2016-09-09,562.5,562.5,549,550,50800,,,
2016-09-12,550,551.5,541,551,19600,,,
2016-09-13,552.5,555.5,551.25,552.5,16000,,,
2016-09-14,542.75,550,542.75,547.75,12400,,,
2016-09-15,542.75,544.75,542.5,544.25,8000,,,
2016-09-16,544.25,561,539,561,26800,,,
2016-09-20,556.25,573.25,549.5,554,52800,,,
2016-09-21,550,591.75,550,591.75,36800,,,
2016-09-23,599.5,605.25,585.5,598,39600,,,
2016-09-26,592.5,592.5,577.5,580.25,24400,,,
2016-09-27,568.5,624.75,556,618.5,47200,,,
2016-09-28,641.5,641.5,604,617.5,55200,,,
2016-09-29,617.5,625,616.25,625,41200,,,
2016-09-30,609.25,613,575.5,575.5,35200,,,
2016-10-03,575.5,590.75,575.5,582.5,15200,,,
2016-10-04,575.25,591.5,575.25,589.25,18000,,,
2016-10-05,589.25,622.25,589.25,612.75,28800,,,
2016-10-06,622.5,625,620,623.75,35600,,,
2016-10-07,624.5,624.5,590.5,600,23200,,,
2016-10-11,605.25,605.25,580.25,597.25,32400,,,
2016-10-12,597.25,613.5,589.5,595.25,26800,,,
2016-10-13,606,607.5,587.75,598.75,21200,,,
2016-10-14,598.75,607.5,598.75,606.25,5600,,,
2016-10-17,600.25,622,600.25,609.75,14000,,,
2016-10-18,609.75,627,609.75,626.25,15200,,,
2016-10-19,625,625,621.25,624.75,24000,,,
2016-10-20,625,629.75,610.75,628.5,33200,,,
2016-10-21,631.5,649.5,630.75,649,27200,,,
2016-10-24,638,661.25,638,657.5,26000,,,
2016-10-25,660,660,654.25,659.75,40800,,,
2016-10-26,659.75,660,648.25,659.5,34000,,,
2016-10-27,659.75,659.75,650.75,658,23200,,,
2016-10-28,660,661.25,652.5,661.25,78000,,,
2016-10-31,662.5,662.5,650,656,33200,,,
2016-11-01,647.25,658.75,625.75,658.5,22400,,,
2016-11-02,657.5,657.5,645.25,645.75,26800,,,
2016-11-04,634.25,645.75,633.75,645.75,12800,,,
2016-11-07,645.75,645.75,639,643.75,13600,,,
2016-11-08,637.5,637.5,615.75,625,13200,,,
2016-11-09,600,600,529.25,529.25,63200,,,
2016-11-10,571.75,622,566.75,608.75,86000,,,
2016-11-11,605.75,620.75,600,606.25,41600,,,
2016-11-14,621.25,628.25,613,627.5,36400,,,
2016-11-15,637.75,645.75,624.25,626.75,30800,,,
2016-11-16,626.75,642.5,622.5,642.5,27600,,,
2016-11-17,632.5,660,632.5,645,59200,,,
2016-11-18,657.25,662.5,650.75,659.75,37600,,,
2016-11-21,662.5,662.5,637.5,654.25,79200,,,
2016-11-22,660,660,644,650.75,42000,,,
2016-11-24,653.5,662.5,651.5,662,25200,,,
2016-11-25,662.5,686.25,659.5,684.75,66800,,,
2016-11-28,691.5,694.75,682.25,685,47200,,,
2016-11-29,686,686,677.5,683,26400,,,
2016-11-30,674,685,674,683,19600,,,
2016-12-01,684.5,686.25,667.25,668.5,46400,,,
2016-12-02,675,675,658.75,658.75,30000,,,
2016-12-05,650,667.5,650,651.75,28400,,,
2016-12-06,650.25,661.75,650.25,656.5,46000,,,
2016-12-07,663.25,674.5,656.25,656.25,29600,,,
2016-12-08,668.75,668.75,647.25,659.75,47600,,,
2016-12-09,647.5,660,647.5,659.5,49200,,,
2016-12-12,659.5,659.5,647.5,652.75,12800,,,
2016-12-13,658.5,702.75,653.5,695,50800,,,
2016-12-14,697,697,685.25,685.5,24400,,,
2016-12-15,695.5,696.5,686.25,695.25,27200,,,
2016-12-16,697,785,686.5,785,94400,,,
2016-12-19,750,750,732.5,745,53600,,,
2016-12-20,750,770,743.5,761.25,37600,,,
2016-12-21,767.5,773.75,765,768.75,20800,,,
2016-12-22,768.75,773.75,750,773.75,34000,,,
2016-12-26,775,775,746.25,751.25,44000,,,
2016-12-27,753.75,761.25,747,752.5,18400,,,
2016-12-28,741,748.25,713,740.25,23600,,,
2016-12-29,731.25,758.75,720.75,744.25,39600,,,
2016-12-30,746,751.25,716,751.25,23200,,,
2017-01-04,765,772.5,756.25,772.5,35600,,,
2017-01-05,772.5,772.5,747.75,757.5,32000,,,
2017-01-06,757.5,771.25,750,768.75,21200,,,
2017-01-10,773.75,773.75,762.5,768.75,36800,,,
2017-01-11,771.25,771.25,760,768.75,15600,,,
2017-01-12,773.75,773.75,750,753.75,25200,,,
2017-01-13,747.5,760,742.25,760,23600,,,
2017-01-16,745.5,761.25,745.5,758.75,9200,,,
2017-01-17,750,756.25,742.5,742.5,18000,,,
2017-01-18,742.5,742.5,733,737,18800,,,
2017-01-19,737,748,737,746.5,14000,,,
2017-01-20,737.25,765,737.25,762.5,20400,,,
2017-01-23,760,760,742.5,746.75,18000,,,
2017-01-24,755,755,742.75,748.25,11600,,,
2017-01-25,742.5,752.5,737.25,738.25,44000,,,
2017-01-26,737.5,737.5,727.25,731,24800,,,
2017-01-27,727.5,747,726.75,740,43600,,,
2017-01-30,740,756.25,730.25,751.25,17600,,,
2017-01-31,733.75,744.25,733.25,735.5,18400,,,
2017-02-01,735.5,736.25,730,732.75,24400,,,
2017-02-02,730,730,715.25,719,40800,,,
2017-02-03,719,728.75,701.25,702.75,30000,,,
2017-02-06,702.75,709.25,693.5,696.5,42400,,,
2017-02-07,692.75,692.75,649.75,676.75,50000,,,
2017-02-08,673.25,687.25,664.5,666.75,40400,,,
2017-02-09,665.5,669.5,659.5,660.75,34800,,,
2017-02-10,667.5,680.75,664.25,678.75,36400,,,
2017-02-13,678,678,664,667.75,44400,,,
2017-02-14,664.5,666,654.75,658.5,58800,,,
2017-02-15,653.5,653.5,637.75,646,50400,,,
2017-02-16,638,641.75,626.25,639.25,36800,,,
2017-02-17,638.75,638.75,626.25,636.5,31200,,,
2017-02-20,636.5,639.25,631.25,638.25,23600,,,
2017-02-21,643.25,653.75,643.25,652,28000,,,
2017-02-22,655,671.25,655,661.25,32400,,,
2017-02-23,667,667,656.5,659.25,18000,,,
2017-02-24,658,668.5,655.5,666.25,34000,,,
2017-02-27,669.75,671.5,665.5,668.25,35200,,,
2017-02-28,668.5,687.5,668.5,683,24400,,,
2017-03-01,687.5,687.5,682.75,687.5,12800,,,
2017-03-02,687.5,693.75,682.5,687.5,32400,,,
2017-03-03,687.5,690.5,684.5,684.5,14800,,,
2017-03-06,689.75,689.75,660.5,677.75,30400,,,
2017-03-07,675.5,677,663.75,672.75,38000,,,
2017-03-08,676.25,677.25,670,677.25,28400,,,
2017-03-09,672,683.5,665.25,680,33600,,,
2017-03-10,700,701,680.25,684.5,79600,,,
2017-03-13,682.5,688,682.5,687.75,15600,,,
2017-03-14,694,695,684.25,690.5,21200,,,
2017-03-15,692.5,694.25,690,694.25,13600,,,
2017-03-16,690,713.25,682.5,713.25,51200,,,
2017-03-17,711.5,711.5,698,706.5,66400,,,
2017-03-21,703.25,708.25,688.5,700,55600,,,
2017-03-22,687.5,694,670.5,680.5,50000,,,
2017-03-23,680.5,685.25,671.5,685.25,23600,,,
2017-03-24,689.5,689.5,677,679.25,28400,,,
2017-03-27,679.75,692.5,670.25,670.25,48800,,,
2017-03-28,675,701.75,675,694.75,183600,,,
2017-03-29,694.75,694.75,677.75,678,72400,,,
2017-03-30,683.25,683.25,665,670,30000,,,
2017-03-31,670.25,679.75,642.75,642.75,55600,,,
2017-04-03,648,654.25,639,645,30000,,,
2017-04-04,653.25,653.25,641.5,649,36400,,,
2017-04-05,651.25,651.25,640.75,640.75,16000,,,
2017-04-06,637.5,646.25,631.25,631.25,32800,,,
2017-04-07,643,650,630.25,630.25,27600,,,
2017-04-10,630.25,643.25,629,638,16000,,,
2017-04-11,636.25,639.5,633,633,12000,,,
2017-04-12,630,630,616,622,27200,,,
2017-04-13,610.25,622.25,605,613.5,20800,,,
2017-04-14,606.25,607.25,601,603.25,26000,,,
2017-04-17,601.25,606,600,604.25,15200,,,
2017-04-18,602.5,615,602.5,604.5,25200,,,
2017-04-19,599,623.75,598.75,602.25,28800,,,
2017-04-20,602.25,610.5,602,608,14000,,,
2017-04-21,620.5,622,613.75,622,19200,,,
2017-04-24,634.5,662.75,628.25,637,26000,,,
2017-04-25,637.5,645.75,633.75,645,20400,,,
2017-04-26,657.5,660,649.5,660,21600,,,
2017-04-27,661.25,672.5,658.75,671.25,27200,,,
2017-04-28,671.25,690,665,672,32800,,,
2017-05-01,672,683,665.75,682.5,31200,,,
2017-05-02,686.25,691.75,680,683.75,42000,,,
2017-05-08,687.5,714,687.5,714,59600,,,
2017-05-09,705,708.75,689.25,699.75,81200,,,
2017-05-10,703.5,712.5,699.75,707.5,33600,,,
2017-05-11,707.5,717.5,705.5,717.5,31200,,,
2017-05-12,707,709.75,705.5,707.5,29200,,,
2017-05-15,703,715,678.25,684,79600,,,
2017-05-16,690,692.75,686.25,692.75,36800,,,
2017-05-17,693.5,693.5,675.25,680.75,24000,,,
2017-05-18,668.25,679.75,668.25,678,14800,,,
2017-05-19,673.25,673.25,668,668.5,23200,,,
2017-05-22,668.75,674,657,671,14000,,,
2017-05-23,666.75,674.25,666.75,671.75,21200,,,
2017-05-24,672.5,676.5,666.75,675,16400,,,
2017-05-25,675,679.25,660.25,666,13200,,,
2017-05-26,665,681.25,661.5,661.5,17200,,,
2017-05-29,665.5,670.75,658.75,668,17200,,,
2017-05-30,660.5,674.5,660.5,668,14800,,,
2017-05-31,660.5,671.75,650,650,18400,,,
2017-06-01,658.5,685.75,658.5,685.25,22800,,,
2017-06-02,679.25,708.5,670.5,708.5,40400,,,
2017-06-05,703.5,712,703.5,711.75,12400,,,
2017-06-06,711.75,711.75,694.75,694.75,20000,,,
2017-06-07,694.75,712,694,701.25,24800,,,
2017-06-08,707.25,715.25,666.5,666.75,27200,,,
2017-06-09,667.75,689.75,667,679.75,44800,,,
2017-06-12,684,693,684,693,14000,,,
2017-06-13,693,694.5,687.5,691.25,11600,,,
2017-06-14,692.75,700,679,679,16400,,,
2017-06-15,679.25,681.25,669,670.5,16800,,,
2017-06-16,670.5,687.25,670.5,687.25,19600,,,
2017-06-19,681.75,696.25,681.75,690.75,11600,,,
2017-06-20,696.25,732,696.25,731.25,44000,,,
2017-06-21,721,731.25,713.75,714.5,32000,,,
2017-06-22,710.75,720,709,712,13600,,,
2017-06-23,719.5,731.25,719.5,727.75,14000,,,
2017-06-26,727.75,738.5,724.5,730.5,12800,,,
2017-06-27,728.75,728.75,711,711,13200,,,
2017-06-28,703,710.75,701.5,706.25,18400,,,
2017-06-29,718.75,722,708,712.75,18800,,,
2017-06-30,700.5,714.25,694.5,710,14400,,,
2017-07-03,707,724.5,705.25,706.25,23200,,,
2017-07-04,705.75,715,705,707,16800,,,
2017-07-05,707,719.5,702.5,712.5,23200,,,
2017-07-06,712.5,714.5,709.75,710.5,10000,,,
2017-07-07,706.25,712.5,695.25,695.25,30000,,,
2017-07-10,693,699.25,691,692.75,19200,,,
2017-07-11,690.75,697.25,690.75,691.5,14000,,,
2017-07-12,698.5,699,690,691.25,13600,,,
2017-07-13,689,689,677.75,680,11200,,,
2017-07-14,678,683.75,675,675,18400,,,
2017-07-18,675,675,667.75,667.75,19200,,,
2017-07-19,665.5,678.5,665.5,673.5,12000,,,
2017-07-20,673.5,686.5,664.5,666,28000,,,
2017-07-21,666,673.75,664.5,667.5,32000,,,
2017-07-24,658.75,674.25,658.75,673.75,28400,,,
2017-07-25,673.75,676.25,663.5,664.25,16800,,,
2017-07-26,666.5,668.25,657.5,658.5,20000,,,
2017-07-27,658.5,662.5,653,654.25,22000,,,
2017-07-28,653.25,658.25,653.25,655.75,13600,,,
2017-07-31,655.75,656.25,646.25,648.75,27200,,,
2017-08-01,653.25,662.25,651.5,660,28000,,,
2017-08-02,658.25,666,655.75,660,14400,,,
2017-08-03,660,675.25,658.5,666.25,26400,,,
2017-08-04,666.25,666.25,653,658.25,14000,,,
2017-08-07,666.25,672.25,662.5,670.75,16800,,,
2017-08-08,664.25,664.5,656.5,660.5,20000,,,
2017-08-09,660.5,664.5,644,657.5,36400,,,
2017-08-10,657,671,644.5,649.75,22800,,,
2017-08-14,647.5,657.25,636,645,38000,,,
2017-08-15,651.75,675,643,643,44000,,,
2017-08-16,645.75,667.75,645.75,657.25,34800,,,
2017-08-17,663.75,670.75,660.75,663.75,22800,,,
2017-08-18,656.5,662,637.5,643.25,34000,,,
2017-08-21,643.75,644.25,631.75,633.5,34400,,,
2017-08-22,637.25,637.75,632.75,632.75,26800,,,
2017-08-23,641.25,641.25,635.25,635.5,23600,,,
2017-08-24,635,645,625.5,626.75,36000,,,
2017-08-25,626.75,642.25,626.75,632.75,32800,,,
2017-08-28,637.25,639.75,636.25,637,16000,,,
2017-08-29,637,637,622.5,633.25,62000,,,
2017-08-30,636.75,636.75,627.5,630,31600,,,
2017-08-31,633.5,637.5,628,630.25,22400,,,
2017-09-01,630.25,638.5,629.25,630,16400,,,
2017-09-04,627.75,627.75,612.5,621.5,44800,,,
2017-09-05,621.5,625,614.75,615.5,29200,,,
2017-09-06,613,627.75,610,617.25,28400,,,
2017-09-07,615.75,629.25,615.75,621.25,23200,,,
2017-09-08,615.25,629.75,615,617.5,62400,,,
2017-09-11,617.5,628,615.75,615.75,36400,,,
2017-09-12,615.75,629.75,615.75,621.5,33200,,,
2017-09-13,625.5,633.75,620.75,625,22400,,,
2017-09-14,625,628,623,628,36000,,,
2017-09-15,628,628.75,622.5,622.5,77200,,,
2017-09-19,630,637.75,628.25,637.75,36000,,,
2017-09-20,637.25,649.5,628.75,647.25,66800,,,
2017-09-21,652.75,658.75,644.5,650,36800,,,
2017-09-22,656,661,647.75,649.5,9200,,,
2017-09-25,650.75,656.5,645.75,647.75,32000,,,
2017-09-26,643.25,652.5,638,650,62800,,,
2017-09-27,648.25,660.75,646.75,659.75,21600,,,
2017-09-28,659.75,659.75,638.25,642,31200,,,
2017-09-29,642.5,644.25,637.75,640,22000,,,
2017-10-02,645,659.75,642.5,655.25,28800,,,
2017-10-03,655.25,657.25,648.25,651.5,19200,,,
2017-10-04,651.5,652.75,642.75,648,7600,,,
2017-10-05,644,661.75,644,658.25,16000,,,
2017-10-06,658.25,662.25,650.5,655,14400,,,
2017-10-10,659.5,659.5,651.75,654.5,13600,,,
2017-10-11,658,665,651.75,663.25,26400,,,
2017-10-12,668.25,668.25,661,662.5,10400,,,
2017-10-13,662.5,677.5,654.5,665.75,60800,,,
2017-10-16,676,683.5,662,678,47600,,,
2017-10-17,676.5,676.5,667.5,672.75,37200,,,
2017-10-18,667.5,667.75,651.75,661.25,18400,,,
2017-10-19,657,657.25,651.75,654.75,18800,,,
2017-10-20,658.75,659.25,647.75,656.5,26400,,,
2017-10-23,661.75,661.75,646.5,654.75,32800,,,
2017-10-24,654.75,667.5,654.75,667.5,20400,,,
2017-10-25,672.5,674.25,663.25,663.25,19200,,,
2017-10-26,663.25,677.25,662.5,672.25,16800,,,
2017-10-27,683.75,686.5,671.25,684.5,20000,,,
2017-10-30,666.5,678.5,666.5,676.25,64000,,,
2017-10-31,679.25,685,677.75,684.75,18000,,,
2017-11-01,685,696.5,672.5,696.25,39200,,,
2017-11-02,691.5,691.5,673,675.5,14400,,,
2017-11-06,676,681.75,667,670.5,34000,,,
2017-11-07,658.75,664.75,650.5,664.5,35200,,,
2017-11-08,660.25,669,660.25,669,11200,,,
2017-11-09,679.75,718.75,678.75,710.5,84800,,,
2017-11-10,698,711,693.5,701.25,30400,,,
2017-11-13,701.25,701.25,689.5,694.5,12400,,,
2017-11-14,694.5,699,688,688.25,9600,,,
2017-11-15,684.25,684.5,662.25,664,30000,,,
2017-11-16,661,675.5,661,671.5,32000,,,
2017-11-17,679.75,679.75,671,671.75,21600,,,
2017-11-20,668.75,685.75,668.75,683.5,24400,,,
2017-11-21,687.5,694,687.5,692.5,15200,,,
2017-11-22,692.5,692.5,687.5,690,14000,,,
2017-11-24,690,690,682.5,689.5,12400,,,
2017-11-27,689,690,674.5,674.5,19200,,,
2017-11-28,680.75,694.25,670,679,65200,,,
2017-11-29,687.75,690,677,678.25,36000,,,
2017-11-30,678.25,684,673.75,674.75,18800,,,
2017-12-01,676.5,686,675.5,677,16800,,,
2017-12-04,679.25,679.5,677.75,677.75,11200,,,
2017-12-05,680.25,681.5,675.5,679,18400,,,
2017-12-06,673,675,663.75,663.75,32000,,,
2017-12-07,663.75,679.25,663.75,672.75,22000,,,
2017-12-08,662.5,680,662.5,673.5,56400,,,
2017-12-11,671.5,671.5,665.25,670.75,19200,,,
2017-12-12,671.5,671.5,666.5,666.5,16000,,,
2017-12-13,668.5,674.25,662.75,663.25,16400,,,
2017-12-14,668.75,673,665.25,670,19600,,,
2017-12-15,666.75,669,649,649.5,70000,,,
2017-12-18,656.75,677.5,656.75,672.25,28000,,,
2017-12-19,678.75,680.75,675.75,678.75,12400,,,
2017-12-20,678.75,687.5,678.75,685.5,20800,,,
2017-12-21,682.5,690.25,679.75,690.25,21200,,,
2017-12-22,690.25,692.25,687.5,689.5,14000,,,
2017-12-25,689.5,691.25,678.5,686.75,17200,,,
2017-12-26,692,692.25,682.5,686.75,19600,,,
2017-12-27,689.75,692.5,689.75,692,14800,,,
2017-12-28,692.25,692.25,688,688.75,3200,,,
2017-12-29,688.25,692.25,683,683,8000,,,
2018-01-04,684.25,688.75,680.75,688,14400,,,
2018-01-05,690.25,692.25,686.25,690.5,20800,,,
2018-01-09,692.5,692.5,685.75,689.25,18800,,,
2018-01-10,683.25,690.5,677.5,677.5,36400,,,
2018-01-11,677.5,682,676.5,681,9200,,,
2018-01-12,676.25,680.75,673.5,675.5,18800,,,
2018-01-15,680.75,681,674.25,675,10800,,,
2018-01-16,677.75,677.75,673.25,674.5,12000,,,
2018-01-17,674.25,674.25,666,666.75,14000,,,
2018-01-18,668,673.25,665.75,666.25,15600,,,
2018-01-19,666.25,677.25,665.75,666.75,20800,,,
2018-01-22,667.5,674,667.5,669.25,12800,,,
2018-01-23,672.25,675.75,668.75,675,12800,,,
2018-01-24,677,679,668,668,15200,,,
2018-01-25,668,673.25,664.5,666.75,22800,,,
2018-01-26,666.75,672,665,666.75,19200,,,
2018-01-29,665.5,666,663.5,663.5,10800,,,
2018-01-30,663.25,664.25,640.75,640.75,44800,,,
2018-01-31,641.25,654.25,636.5,637,35200,,,
2018-02-01,638,657.25,638,647.75,26000,,,
2018-02-02,648.75,655.75,644.5,646,28800,,,
2018-02-05,645.5,645.5,604,606.25,44800,,,
2018-02-06,593.75,593.75,554.75,561.25,77600,,,
2018-02-07,575,587.5,561.75,562.75,57200,,,
2018-02-08,575,578.5,565.5,565.5,52800,,,
2018-02-09,553.75,565.5,553.75,559.75,42000,,,
2018-02-13,567.75,577.75,543.75,553.5,56800,,,
2018-02-14,559.25,574.75,546.25,546.25,66400,,,
2018-02-15,564,586.75,552.5,570.25,64800,,,
2018-02-16,574.5,589.5,574.5,589.5,85200,,,
2018-02-19,589.5,609.75,589.25,609.75,48000,,,
2018-02-20,617.5,637,617.5,629,50800,,,
2018-02-21,631.25,639.25,631.25,637.5,41200,,,
2018-02-22,637.5,640.5,635.75,636.5,33200,,,
2018-02-23,636.5,653.5,632,651.75,18400,,,
2018-02-26,654.25,655,647.5,647.75,16800,,,
2018-02-27,648.25,655,648.25,650.75,30000,,,
2018-02-28,650.25,676.75,650,663.75,89600,,,
2018-03-01,647,647,603.5,603.5,147200,,,
2018-03-02,603.75,654.5,603.75,619.75,145600,,,
2018-03-05,619.75,637.25,606.25,608.25,62400,,,
2018-03-06,609.25,623.25,595.5,599.75,57600,,,
2018-03-07,600,621.75,588,592.5,52400,,,
2018-03-08,605,607.5,570.5,572.25,88800,,,
2018-03-09,582.5,588.75,558.25,561.75,217200,,,
2018-03-12,582.5,595.25,577.5,593.75,280000,,,
2018-03-13,593.5,634.5,591.75,634.5,214800,,,
2018-03-14,632.5,632.5,610.25,612.75,224000,,,
2018-03-15,612.75,625.75,608,624.75,86400,,,
2018-03-16,625.25,652.5,625.25,641,816000,,,
2018-03-19,643.75,643.75,627,641.75,145200,,,
2018-03-20,637.5,652.5,637.25,649.75,100400,,,
2018-03-22,649.75,657.75,649.75,656.25,159200,,,
2018-03-23,650,650,633.5,637,134400,,,
2018-03-26,625,631,615.75,626.5,77600,,,
2018-03-27,625,647.5,625,646.5,290000,,,
2018-03-28,622.75,630,620.25,628.75,130800,,,
2018-03-29,628.75,630.75,615,622.75,48400,,,
2018-03-30,625.25,632.5,622.75,623.25,17200,,,
2018-04-02,627.75,628.5,619,619.75,23600,,,
2018-04-03,613.5,627,611.25,619,24800,,,
2018-04-04,623.5,640.5,623.5,635,40000,,,
2018-04-05,637.25,643.25,632,633.25,34400,,,
2018-04-06,625.75,636.25,621.25,624.25,23200,,,
2018-04-09,623,625,619,622.75,18000,,,
2018-04-10,622.75,626.5,615.25,625.25,22000,,,
2018-04-11,618.75,621.25,613.75,619.75,20400,,,
2018-04-12,613.75,617.75,612.5,615.75,32000,,,
2018-04-13,623.25,623.25,615.75,621.5,22400,,,
2018-04-16,624.75,626.25,620,625,18800,,,
2018-04-17,620.75,620.75,609.25,614.75,13200,,,
2018-04-18,614.75,635,614.75,631.5,22400,,,
2018-04-19,624,629,621.5,622.5,21200,,,
2018-04-20,621.25,623.25,613,615.5,12800,,,
2018-04-23,608.25,613.5,608.25,611,8800,,,
2018-04-24,614.75,622,612,622,22400,,,
2018-04-25,622,630.25,621.25,627,20800,,,
2018-04-26,631.25,636.25,630,632.25,22800,,,
2018-04-27,636,637.25,623.5,627.5,21200,,,
2018-05-01,620.25,623.25,616,618.75,27200,,,
2018-05-02,618.75,623.75,617,622.75,10400,,,
2018-05-07,624.25,625.75,618.75,625.75,22400,,,
2018-05-08,629.5,648.75,629.5,634,40000,,,
2018-05-09,627.5,642,627.5,638.5,36400,,,
2018-05-10,638.5,644.25,632,633,16400,,,
2018-05-11,633,641,628,635.75,16000,,,
2018-05-14,635.75,637.5,620.25,631.25,106000,,,
2018-05-15,632.5,650,632.5,647,49600,,,
2018-05-16,647.25,647.25,634.25,645,30000,,,
2018-05-17,647.5,647.5,638.5,642,21200,,,
2018-05-18,645,645,640,644.25,11600,,,
2018-05-21,644.25,646.5,638.5,646.5,31200,,,
2018-05-22,646.25,652,644,651,27600,,,
2018-05-23,650.75,667.75,650.75,667.75,64000,,,
2018-05-24,667.75,667.75,655.75,657.25,38800,,,
2018-05-25,657.25,660.5,657.25,658,22000,,,
2018-05-28,663,666.25,661.75,666.25,16400,,,
2018-05-29,662.5,672.5,662.5,668,57200,,,
2018-05-30,667.75,667.75,650.75,654.25,26800,,,
2018-05-31,654.25,661.75,654.25,660.5,58400,,,
2018-06-01,660.5,673.5,655.25,669,54400,,,
2018-06-04,669.5,677.5,669.5,677.25,42400,,,
2018-06-05,676.25,676.75,673.75,674.75,34800,,,
2018-06-06,668.5,677.5,668.5,675,33200,,,
2018-06-07,676.25,680,676,678.75,29600,,,
2018-06-08,675,687.25,674.75,679,55200,,,
2018-06-11,679,683.25,676.5,677,16000,,,
2018-06-12,677.5,677.5,673.5,675.75,14000,,,
2018-06-13,675,678.75,675,677.25,23200,,,
2018-06-14,677,677,654,664.25,17600,,,
2018-06-15,669.75,673.25,668.75,673.25,22800,,,
2018-06-18,677.5,682,675.25,680.25,20800,,,
2018-06-19,675,676.75,674.75,676.5,18800,,,
2018-06-20,675.25,681.25,670,680,24800,,,
2018-06-21,678.75,679,675,676,14000,,,
2018-06-22,675,685.25,673.5,684.75,21200,,,
2018-06-25,684.75,684.75,650.5,653.5,26800,,,
2018-06-26,653.5,656,649.5,651.75,14400,,,
2018-06-27,652,662,651.5,662,17600,,,
2018-06-28,654.25,659.25,646,656,32000,,,
2018-06-29,652.5,656.25,651.75,654,14000,,,
2018-07-02,653.5,654.75,629.75,629.75,18800,,,
2018-07-03,630.5,632.5,611,615.5,33200,,,
2018-07-04,609.25,641,609.25,637.25,54800,,,
2018-07-05,628.5,634.75,621.25,622,16800,,,
2018-07-06,627.25,627.25,612.5,617,30000,,,
2018-07-09,617,640,617,639.5,19600,,,
2018-07-10,639.5,644.25,603.25,603.25,43200,,,
2018-07-11,622.5,638,616,632.25,46000,,,
2018-07-12,632.25,648.25,627,638,26000,,,
2018-07-13,638.5,647,636.25,644.75,16800,,,
2018-07-17,650,682.75,650,671.5,31600,,,
2018-07-18,677.5,678.75,674.25,676.25,30400,,,
2018-07-19,676.25,676.25,669.5,674.25,20800,,,
2018-07-20,675,677.25,672.5,675,16800,,,
2018-07-23,675,681.25,672,676,15200,,,
2018-07-24,676.25,678.75,674.5,678.5,15600,,,
2018-07-25,678.5,680,672.5,678.25,34400,,,
2018-07-26,678.75,697.5,678.75,697.5,40400,,,
2018-07-27,687.75,697.5,679,683.75,47600,,,
2018-07-30,683.75,686,680.5,686,14000,,,
2018-07-31,676.25,683.25,674.75,677.75,22800,,,
2018-08-01,677.75,680,673.25,678,24800,,,
2018-08-02,678,678,673.25,675,28800,,,
2018-08-03,670.75,673.5,662.25,667,34000,,,
2018-08-06,667,670,666.75,668.5,30800,,,
2018-08-07,668.5,683.25,668.5,677.5,19600,,,
2018-08-08,675,681.75,674.75,681.5,37200,,,
2018-08-09,673.75,677,668,668,44000,,,
2018-08-10,700,721.5,672,672,122000,,,
2018-08-13,666.75,688.25,666.75,678.75,54800,,,
2018-08-14,678.75,704.25,678.75,701.75,39600,,,
2018-08-15,696.25,701.5,696.25,699.75,52800,,,
2018-08-16,694.25,695.75,691.75,691.75,33200,,,
2018-08-17,691.75,691.75,681.5,690.25,47200,,,
2018-08-20,682,683.75,675.5,677.5,30800,,,
2018-08-21,678,679.75,673,679.75,23600,,,
2018-08-22,679.75,683.75,679.5,683.75,20000,,,
2018-08-23,683.75,689.25,683.75,688.5,24400,,,
2018-08-24,688.5,707.5,688.5,700.5,30800,,,
2018-08-27,703.75,772.5,703.75,749.25,138000,,,
2018-08-28,750,770,746.5,762.5,114400,,,
2018-08-29,761.25,773.75,755,770,88000,,,
2018-08-30,772.5,775,761.25,770,63600,,,
2018-08-31,762.5,775,758.75,768.75,66800,,,
2018-09-03,768.75,768.75,736.25,737.75,50800,,,
2018-09-04,741,741,704.5,704.5,75600,,,
2018-09-05,714.5,740,708.5,719.5,75600,,,
2018-09-06,720.75,726.75,717.5,721,24400,,,
2018-09-07,718.75,719,712.5,716,22800,,,
2018-09-10,726.5,727.25,706.25,710.25,49600,,,
2018-09-11,714,714,687.75,697.5,54000,,,
2018-09-12,697.5,703,697.5,699.25,33200,,,
2018-09-13,704.75,717,698,704,29600,,,
2018-09-14,701.25,714.5,699.5,700.75,85600,,,
2018-09-18,700.75,726,700.75,722.75,34800,,,
2018-09-19,722.25,735,722.25,730.75,52400,,,
2018-09-20,727.75,748.5,713,737.75,53600,,,
2018-09-21,748.75,748.75,718.5,718.5,72800,,,
2018-09-25,729.5,748.75,724.5,742.25,95600,,,
2018-09-26,748.5,762.5,735.75,762.5,66800,,,
2018-09-27,775,775,746.25,751.25,146400,,,
2018-09-28,762.5,762.5,734.75,739.5,62000,,,
2018-10-01,734.75,734.75,720.25,723.25,62000,,,
2018-10-02,733.75,742.75,723.5,739,34400,,,
2018-10-03,734,735.75,713.75,713.75,33600,,,
2018-10-04,726.25,727.5,714.25,718.75,23200,,,
2018-10-05,711.75,717.5,704,708.75,38000,,,
2018-10-09,699.25,699.75,680.25,690.5,119200,,,
2018-10-10,700.5,700.5,683,684,64400,,,
2018-10-11,673.75,688.75,668.25,671,88000,,,
2018-10-12,674.75,687.25,670,678,84000,,,
2018-10-15,679.75,686,661.25,662.75,86800,,,
2018-10-16,662.75,663,651,657.25,66400,,,
2018-10-17,669.75,686.5,669,671.5,62800,,,
2018-10-18,671.5,678.75,658.75,660.75,65200,,,
2018-10-19,655.25,663.5,651.5,657,56000,,,
2018-10-22,657,672.25,643.5,662.25,62400,,,
2018-10-23,662,662,643,643.75,50400,,,
2018-10-24,643.75,648.5,635,643.75,58000,,,
2018-10-25,631.75,635.75,609.5,613,60000,,,
2018-10-26,613,623.25,596,596,74800,,,
2018-10-29,603.75,624.5,598.75,613,82000,,,
2018-10-30,625.5,647,616.5,646.5,250800,,,
2018-10-31,637.5,646,627.25,639.75,44800,,,
2018-11-01,641.25,648.25,630,637.25,56400,,,
2018-11-02,631.25,637.25,619.25,631.25,44000,,,
2018-11-05,631.5,647,631.25,644,50000,,,
2018-11-06,653.5,656.75,646.25,653.25,25200,,,
2018-11-07,659.5,659.75,648.5,651.5,28800,,,
2018-11-08,654.75,677.5,654.75,675,39600,,,
2018-11-09,675.25,679.5,666.25,672.25,32000,,,
2018-11-12,677.5,712.5,677.5,702,128800,,,
2018-11-13,697,701.75,679,699.25,93600,,,
2018-11-14,699.25,703.5,692.5,694,56800,,,
2018-11-15,687.5,707.25,687.5,702.75,42400,,,
2018-11-16,700.25,701,695,698.5,55200,,,
2018-11-19,698.75,702.5,697.5,700.25,20800,,,
2018-11-20,698.25,702.5,691.75,700,29600,,,
2018-11-21,694.5,698,686.25,695.5,38800,,,
2018-11-22,695.75,704,695.5,700.25,17200,,,
2018-11-26,700.25,708.5,699.75,700.25,36800,,,
2018-11-27,700.25,702.5,692,701.5,37200,,,
2018-11-28,701.5,712,699,705,24000,,,
2018-11-29,705.25,712.5,705.25,706.25,12800,,,
2018-11-30,706.25,720.5,705.25,710.25,21200,,,
2018-12-03,710.5,716.75,706,710.5,20400,,,
2018-12-04,703.75,716.25,699.5,699.5,27600,,,
2018-12-05,695,708.75,695,703.75,24800,,,
2018-12-06,700,702.75,697.5,698.75,32400,,,
2018-12-07,698.75,702.5,693.25,698.75,41200,,,
2018-12-10,695,701,695,700,36000,,,
2018-12-11,700,703.5,691.75,696.5,32800,,,
2018-12-12,697,704.75,697,700.25,22800,,,
2018-12-13,700.25,710,700.25,702.5,30800,,,
2018-12-14,711.25,711.25,696.25,700,76000,,,
2018-12-17,700,712.25,700,703.5,17600,,,
2018-12-18,703.5,705.5,697.5,700,41600,,,
2018-12-19,700,705.75,700,701,21200,,,
2018-12-20,700.5,700.5,676.5,676.5,58800,,,
2018-12-21,669.5,683.5,640.25,683.5,88800,,,
2018-12-25,679.75,679.75,613.75,619.5,65200,,,
2018-12-26,632.5,633.25,601,601.25,26400,,,
2018-12-27,621.25,638.5,617.75,636.5,40400,,,
2018-12-28,649,649,630.75,642,22000,,,
2019-01-04,642.25,670.75,637.75,666.75,80400,,,
2019-01-07,660.75,698,650,696.25,92000,,,
2019-01-08,701,711.75,697.75,699.75,48400,,,
2019-01-09,699.75,703.25,688,691.5,39600,,,
2019-01-10,685,685,656,663,38800,,,
2019-01-11,654.25,662.5,652.25,652.5,28000,,,
2019-01-15,640.75,662.5,640.75,657.5,18400,,,
2019-01-16,657.5,660.75,641,643.75,18400,,,
2019-01-17,681.25,687.5,660,670,37600,,,
2019-01-18,665,685.5,665,670.75,21600,,,
2019-01-21,671,680.25,668.5,672.5,22000,,,
2019-01-22,672.5,677.75,663.75,672.5,25200,,,
2019-01-23,662.75,662.75,650.75,657.5,15200,,,
2019-01-24,652,652,634.5,638.5,38000,,,
2019-01-25,638.5,650,638.5,642,26000,,,
2019-01-28,634.75,646.5,634.75,641.25,27600,,,
2019-01-29,636.5,642.5,635,636.5,19200,,,
2019-01-30,639,641.5,629.75,631.75,47200,,,
2019-01-31,637,662,637,639.75,27200,,,
2019-02-01,634.5,643.5,627.5,632,54000,,,
2019-02-04,639.5,658,638.75,645.25,41200,,,
2019-02-05,642.75,664.5,638.75,659,39600,,,
2019-02-06,659,660,642.75,648.25,23200,,,
2019-02-07,648.25,660,645,656.25,18000,,,
2019-02-08,647.75,671.25,647.25,655,34400,,,
2019-02-12,660.5,706.25,660.5,706.25,74800,,,
2019-02-13,705.75,710,686.75,707.5,58000,,,
2019-02-14,695,732.25,693.25,714.5,50400,,,
2019-02-15,715,770,690,727,101200,,,
2019-02-18,727.5,735.5,695.5,698.25,130000,,,
2019-02-19,698.25,701,675.5,683.5,89200,,,
2019-02-20,683.5,711,683.5,707.5,54000,,,
2019-02-21,709,715.5,704.5,704.5,54400,,,
2019-02-22,703.75,730.25,700.25,726.5,84000,,,
2019-02-25,726.5,753.75,726.5,744.75,57200,,,
2019-02-26,744.75,753.75,741.25,741.5,38400,,,
2019-02-27,747,753.75,747,750,68800,,,
2019-02-28,750,760,748.5,749.5,52400,,,
2019-03-01,751.25,755,749.5,750,18800,,,
2019-03-04,750,755,750,755,22400,,,
2019-03-05,750,752.5,750,752.5,16000,,,
2019-03-06,750,756.25,736.75,736.75,45600,,,
2019-03-07,733,745.5,733,738.25,32400,,,
2019-03-08,725.75,738.25,718.75,720.25,46000,,,
2019-03-11,720.25,734.25,720.25,731,32000,,,
2019-03-12,737.25,756.25,737.25,749.75,27600,,,
2019-03-13,753.75,756.25,749.25,750,30800,,,
2019-03-14,750,752.5,749.75,750,21600,,,
2019-03-15,750,756.25,750,750,75200,,,
2019-03-18,751.25,763.75,749.75,757.5,165200,,,
2019-03-19,757.5,760,749.25,749.5,58000,,,
2019-03-20,752.5,752.5,736.5,741.25,97200,,,
2019-03-22,743.75,749.5,732,749.5,117200,,,
2019-03-25,749.25,749.25,712.75,730.5,134800,,,
2019-03-26,735.5,781.25,733,778.75,274000,,,
2019-03-27,776.25,780,771.25,777.5,100800,,,
2019-03-28,768.75,768.75,757.5,758.75,28000,,,
2019-03-29,758.75,762.5,756.25,756.25,16000,,,
2019-04-01,772.5,782.5,770,780,48800,,,
2019-04-02,781.25,781.25,753.75,766.25,22800,,,
2019-04-03,766.25,766.25,756.25,761.25,16400,,,
2019-04-04,757.5,765,757.5,758.75,15200,,,
2019-04-05,766.25,775,760,770,23600,,,
2019-04-08,768.75,768.75,761.25,762.5,11200,,,
2019-04-09,768.75,768.75,756.25,758.75,11200,,,
2019-04-10,751.25,760,746.25,750,24800,,,
2019-04-11,750,755,750,753.75,8400,,,
2019-04-12,746,758.75,746,750,17600,,,
2019-04-15,761.25,772.5,761.25,771.25,19600,,,
2019-04-16,770,775,768.75,772.5,6000,,,
2019-04-17,772.5,772.5,756.25,767.5,17600,,,
2019-04-18,765,765,745.5,760,18800,,,
2019-04-19,763.75,763.75,756.25,760,6400,,,
2019-04-22,756.25,756.25,750,756.25,6000,,,
2019-04-23,753.75,758.75,750,758.75,8800,,,
2019-04-24,762.5,770,760,763.75,19200,,,
2019-04-25,763.75,775,753.75,766.25,19200,,,
2019-04-26,766.25,766.25,756.25,758.75,13600,,,
2019-05-07,755,760,746.25,747.5,24000,,,
2019-05-08,746,752.5,735,738.75,40400,,,
2019-05-09,726.25,730.75,725,725.5,37600,,,
2019-05-10,719.75,741,719.75,731.25,45200,,,
2019-05-13,737.75,739.25,722,722,22400,,,
2019-05-14,684.5,687.5,654,657.5,43200,,,
2019-05-15,670,704.75,661.75,684,50400,,,
2019-05-16,684,684,672.5,677.25,30400,,,
2019-05-17,688.75,714.25,688.75,714.25,24800,,,
2019-05-20,714.25,718,701,710.25,22400,,,
2019-05-21,710.25,721.25,710,721.25,11200,,,
2019-05-22,721.25,726.25,718.75,722,28000,,,
2019-05-23,725,731.5,725,725.25,14000,,,
2019-05-24,725.25,725.25,717.75,722.75,26000,,,
2019-05-27,722.75,726.75,722.75,726.5,4800,,,
2019-05-28,721.5,724,715,715,24000,,,
2019-05-29,715,724.25,715,724.25,13200,,,
2019-05-30,723.5,726.75,715.75,720.75,11200,,,
2019-05-31,720.75,720.75,709,710,72000,,,
2019-06-03,704.75,711.25,704.75,706,25600,,,
2019-06-04,710,744,708,730.25,42800,,,
2019-06-05,725.5,733.25,725.5,733.25,7600,,,
2019-06-06,725.25,729.75,721,721.25,14800,,,
2019-06-07,722,726.25,720,724,15200,,,
2019-06-10,726.25,732.25,721.75,725.75,16800,,,
2019-06-11,732.75,734.25,727.75,733.25,13600,,,
2019-06-12,733.25,733.25,724.75,724.75,10400,,,
2019-06-13,723.75,723.75,716.75,718,20400,,,
2019-06-14,718,723.5,717,721.25,20400,,,
2019-06-17,721.25,723.75,721.25,722.75,15600,,,
2019-06-18,722,722,717,717,28400,,,
2019-06-19,725,737,723.5,723.5,16800,,,
2019-06-20,721.75,725.75,721.75,725.75,1200,,,
2019-06-21,723.75,723.75,717.75,720.75,13600,,,
2019-06-24,720.75,720.75,703.75,704.75,5200,,,
2019-06-25,704.75,704.75,686.75,686.75,15600,,,
2019-06-26,676.5,690.75,676.5,689.75,18400,,,
2019-06-27,693,702,693,698.75,15200,,,
2019-06-28,686.25,689.25,681.5,681.5,32000,,,
2019-07-01,688,723.75,688,722.75,33600,,,
2019-07-02,721.25,735,716.5,732.75,28400,,,
2019-07-03,732.5,765,731,755,29600,,,
2019-07-04,750,755,750,755,2400,,,
2019-07-05,749.25,755,735.5,755,12400,,,
2019-07-08,750,755,744,744,21200,,,
2019-07-09,744,758.75,744,755,21600,,,
2019-07-10,755,755,743.75,748,50000,,,
2019-07-11,749.25,752.5,748,751.25,13200,,,
2019-07-12,755,755,740,740.75,14000,,,
2019-07-16,740.75,745.5,740.75,744.75,9200,,,
2019-07-17,744.75,746,742,742.75,17200,,,
2019-07-18,742.75,745,707,707,40800,,,
2019-07-19,712.75,724,712.75,723.5,18800,,,
2019-07-22,730,737.25,712.5,719.25,34800,,,
2019-07-23,719.25,723,716.75,720.5,9600,,,
2019-07-24,719,724,719,724,8000,,,
2019-07-25,724,735.25,724,734,7600,,,
2019-07-26,734,735.75,726.75,735.75,13600,,,
2019-07-29,739.75,748.5,738,748.5,11200,,,
2019-07-30,748.5,761.25,748.5,760,11600,,,
2019-07-31,751.25,753.75,746.5,746.5,13200,,,
2019-08-01,746.5,748.75,745,748.75,4000,,,
2019-08-02,723.75,742.25,723.75,740.75,33200,,,
2019-08-05,740.75,740.75,713.25,716.75,32000,,,
2019-08-06,704.25,725,700.75,724.5,30400,,,
2019-08-07,718.25,739.25,718.25,738.5,30000,,,
2019-08-08,730,736.25,730,733.5,14000,,,
2019-08-09,733.5,733.5,694.75,706.5,20800,,,
2019-08-13,695,711,695,696,26400,,,
2019-08-14,693,710.25,693,710.25,19600,,,
2019-08-15,694.25,724,694.25,715.75,18000,,,
2019-08-16,725,735,714.5,717.25,22000,,,
2019-08-19,717.5,728.25,715,715,11600,,,
2019-08-20,715,743.5,703.75,743.5,17200,,,
2019-08-21,738.25,762.5,731.25,756.25,27600,,,
2019-08-22,749.5,749.5,732.5,736.25,16800,,,
2019-08-23,736.25,742.25,734,741.25,17600,,,
2019-08-26,727.5,727.5,700.5,700.5,15600,,,
2019-08-27,704,705.75,687.5,687.5,35600,,,
2019-08-28,694.25,696.5,648.75,668.75,62800,,,
2019-08-29,670.75,690,670.75,675,60800,,,
2019-08-30,676,700,676,698,28800,,,
2019-09-02,698,698,687.25,691.75,18800,,,
2019-09-03,692,699.75,690.75,697,35600,,,
2019-09-04,697,707.5,695.75,705,26800,,,
2019-09-05,707.75,727,705.25,727,31200,,,
2019-09-06,726.75,726.75,720.5,721.75,18000,,,
2019-09-09,729.75,733.75,721.5,733.75,16400,,,
2019-09-10,734.5,742.25,727.25,742.25,23200,,,
2019-09-11,742.25,757.5,738.25,757.5,36000,,,
2019-09-12,757.5,772.5,757.5,772.5,38400,,,
2019-09-13,772.5,773.75,747.5,771.25,77200,,,
2019-09-17,768.75,782.5,760,782.5,36800,,,
2019-09-18,781.25,781.25,755,761.25,15600,,,
2019-09-19,767.5,795,767.5,793.75,41200,,,
2019-09-20,791.25,801.25,767.5,801.25,38800,,,
2019-09-24,796.25,821.25,786.25,820,33200,,,
2019-09-25,820,820,798.75,807.5,28400,,,
2019-09-26,815,820,803.75,820,64400,,,
2019-09-27,817.5,817.5,805,816.25,30400,,,
2019-09-30,808.75,813.75,803.75,811.25,20000,,,
2019-10-01,811.25,820,810,818.75,19200,,,
2019-10-02,817.5,858.75,815,850,41600,,,
2019-10-03,832.5,836.25,812.5,827.5,37200,,,
2019-10-04,827.5,836.25,822.5,822.5,40800,,,
2019-10-07,830,840,826.25,840,9200,,,
2019-10-08,842.5,845,836.25,840,11200,,,
2019-10-09,842.5,850,836.25,850,12800,,,
2019-10-10,850,853.75,843.75,843.75,9200,,,
2019-10-11,852.5,852.5,832.5,837.5,26800,,,
2019-10-15,847.5,853.75,833.75,833.75,34800,,,
2019-10-16,842.5,855,837.5,850,28800,,,
2019-10-17,845,845,827.5,830,27600,,,
2019-10-18,831.25,841.25,831.25,841.25,16000,,,
2019-10-21,843.75,848.75,841.25,847.5,10000,,,
2019-10-23,850,857.5,843.75,852.5,11600,,,
2019-10-24,853.75,855,850,850,16400,,,
2019-10-25,850,856.25,842.5,848.75,16000,,,
2019-10-28,848.75,848.75,842.5,847.5,6800,,,
2019-10-29,852.5,865,848.75,856.25,25600,,,
2019-10-30,852.5,875,848.75,875,54000,,,
2019-10-31,877.5,901.25,876.25,900,34800,,,
2019-11-01,900,900,890,893.75,14000,,,
2019-11-05,896.25,913.75,893.75,911.25,40400,,,
2019-11-06,910,921.25,910,912.5,16800,,,
2019-11-07,905,925,885,925,23200,,,
2019-11-08,926.25,926.25,893.75,916.25,37600,,,
2019-11-11,917.5,976.25,893.75,953.75,95200,,,
2019-11-12,953.75,953.75,913.75,933.75,25200,,,
2019-11-13,937.5,937.5,921.25,921.25,11200,,,
2019-11-14,920,921.25,897.5,897.5,18400,,,
2019-11-15,896.25,911.25,896.25,903.75,11600,,,
2019-11-18,912.5,912.5,903.75,906.25,9200,,,
2019-11-19,905,910,895,895,23600,,,
2019-11-20,895,898.75,886.25,892.5,14800,,,
2019-11-21,892.5,903.75,882.5,903.75,15600,,,
2019-11-22,896.25,927.5,895,923.75,20400,,,
2019-11-25,925,935,916.25,918.75,14000,,,
2019-11-26,923.75,927.5,908.75,911.25,20400,,,
2019-11-27,917.5,952.5,913.75,938.75,28800,,,
2019-11-28,938.75,938.75,925,931.25,17200,,,
2019-11-29,921.25,921.25,902.5,902.5,25200,,,
2019-12-02,897.5,917.5,896.25,897.5,62400,,,
2019-12-03,880,880,856.25,867.5,34800,,,
2019-12-04,878.75,878.75,852.5,860,43200,,,
2019-12-05,877.5,883.75,872.5,877.5,18400,,,
2019-12-06,878.75,891.25,876.25,886.25,16800,,,
2019-12-09,898.75,898.75,878.75,886.25,14800,,,
2019-12-10,883.75,905,883.75,903.75,16000,,,
2019-12-11,910,917.5,906.25,910,14000,,,
2019-12-12,910,913.75,898.75,902.5,15200,,,
2019-12-13,926.25,935,912.5,932.5,42400,,,
2019-12-16,932.5,947.5,921.25,947.5,17600,,,
2019-12-17,943.75,945,931.25,945,20800,,,
2019-12-18,942.5,942.5,935,940,15600,,,
2019-12-19,935,937.5,921.25,931.25,16400,,,
2019-12-20,926.25,926.25,893.75,893.75,39200,,,
2019-12-23,905,915,905,915,9600,,,
2019-12-24,920,922.5,910,910,8000,,,
2019-12-25,910,915,898.75,898.75,17600,,,
2019-12-26,900,927.5,898.75,927.5,27600,,,
2019-12-27,936.25,938.75,912.5,912.5,23600,,,
2019-12-30,906.25,915,895,902.5,25600,,,
2020-01-06,890,898.75,880,892.5,42000,,,
2020-01-07,906.25,928.75,906.25,912.5,28400,,,
2020-01-08,912.5,916.25,895,912.5,31200,,,
2020-01-09,913.75,948.75,913.75,947.5,20400,,,
2020-01-10,951.25,955,947.5,952.5,7600,,,
2020-01-14,952.5,956.25,943.75,956.25,8800,,,
2020-01-15,952.5,952.5,936.25,950,26000,,,
2020-01-16,941.25,953.75,940,943.75,24800,,,
2020-01-17,945,953.75,945,951.25,18400,,,
2020-01-20,951.25,951.25,948.75,948.75,4400,,,
2020-01-21,948.75,970,948.75,955,20000,,,
2020-01-22,955,965,952.5,952.5,13200,,,
2020-01-23,952.5,961.25,941.25,941.25,17600,,,
2020-01-24,942.5,957.5,942.5,951.25,27600,,,
2020-01-27,951.25,958.75,946.25,951.25,27200,,,
2020-01-28,941.25,960,918.75,951.25,54000,,,
2020-01-29,943.75,956.25,941.25,951.25,24000,,,
2020-01-30,951.25,956.25,948.75,956.25,14800,,,
2020-01-31,960,975,960,968.75,30000,,,
2020-02-03,951.25,958.75,946.25,948.75,13600,,,
2020-02-04,948.75,966.25,948.75,966.25,12400,,,
2020-02-05,966.25,981.25,965,977.5,26000,,,
2020-02-06,981.25,1021.25,980,1016.25,62800,,,
2020-02-07,1011.25,1011.25,978.75,978.75,16400,,,
2020-02-10,961.25,968.75,951.25,951.25,23600,,,
2020-02-12,953.75,953.75,950,950,13200,,,
2020-02-13,951.25,953.75,928.75,932.5,16000,,,
2020-02-14,941.25,956.25,937.5,956.25,34800,,,
2020-02-17,950,955,947.5,947.5,24800,,,
2020-02-18,947.5,948.75,940,942.5,22800,,,
2020-02-19,943.75,952.5,936.25,938.75,33200,,,
2020-02-20,947.5,950,946.25,947.5,22000,,,
2020-02-21,947.5,957.5,947.5,956.25,17600,,,
2020-02-25,923.75,925,893.75,893.75,97200,,,
2020-02-26,897.5,936.25,877.5,936.25,88000,,,
2020-02-27,937.5,937.5,897.5,900,70400,,,
2020-02-28,900,917.5,891.25,891.25,90800,,,
2020-03-02,891.25,911.25,882.5,905,54800,,,
2020-03-03,903.75,931.25,871.25,871.25,63200,,,
2020-03-04,858.75,871.25,850,850,35600,,,
2020-03-05,858.75,877.5,858.75,860,40000,,,
2020-03-06,847.5,850,795,795,65200,,,
2020-03-09,795,827.5,791.25,818.75,129200,,,
2020-03-10,818.75,903.75,818.75,901.25,173600,,,
2020-03-11,901.25,922.5,862.5,863.75,86000,,,
2020-03-12,857.5,865,838.75,855,92800,,,
2020-03-13,837.5,875,815,871.25,131200,,,
2020-03-16,857.5,883.75,843.75,843.75,80800,,,
2020-03-17,830,928.75,811.25,921.25,135600,,,
2020-03-18,921.25,985,916.25,950,105200,,,
2020-03-19,950,991.25,950,991.25,70800,,,
2020-03-23,991.25,1091.25,973.75,1077.5,166800,,,
2020-03-24,1095,1095,1001.25,1021.25,94800,,,
2020-03-25,1021.25,1021.25,978.75,1020,63200,,,
2020-03-26,1022.5,1076.25,976.25,1066.25,102000,,,
2020-03-27,1070,1127.5,1055,1127.5,256800,,,
2020-03-30,1106.25,1147.5,1087.5,1141.25,149200,,,
2020-03-31,1152.5,1165,1110,1146.25,70000,,,
2020-04-01,1137.5,1137.5,1073.75,1078.75,70400,,,
2020-04-02,1062.5,1092.5,1052.5,1057.5,44400,,,
2020-04-03,1050,1092.5,1032.5,1060,35200,,,
2020-04-06,1047.5,1070,1012.5,1062.5,75600,,,
2020-04-07,1080,1082.5,1047.5,1081.25,50000,,,
2020-04-08,1070,1130,1070,1080,81200,,,
2020-04-09,1086.25,1100,1060,1100,44800,,,
2020-04-10,1103.75,1127.5,1085,1121.25,31600,,,
2020-04-13,1120,1123.75,1077.5,1085,26400,,,
2020-04-14,1085,1086.25,1063.75,1075,30800,,,
2020-04-15,1075,1083.75,1058.75,1058.75,45200,,,
2020-04-16,1048.75,1113.75,1048.75,1113.75,52000,,,
2020-04-17,1122.5,1150,1093.75,1116.25,36800,,,
2020-04-20,1098.75,1116.25,1082.5,1095,39200,,,
2020-04-21,1077.5,1107.5,1077.5,1107.5,23600,,,
2020-04-22,1112.5,1136.25,1090,1101.25,42000,,,
2020-04-23,1101.25,1105,1090,1105,20000,,,
2020-04-24,1105,1153.75,1098.75,1147.5,54800,,,
2020-04-27,1155,1225,1138.75,1223.75,76000,,,
2020-04-28,1220,1220,1171.25,1171.25,45600,,,
2020-04-30,1210,1212.5,1177.5,1202.5,56400,,,
2020-05-01,1202.5,1207.5,1175,1182.5,18400,,,
2020-05-07,1182.5,1208.75,1148.75,1177.5,37200,,,
2020-05-08,1208.75,1221.25,1190,1216.25,27600,,,
2020-05-11,1216.25,1231.25,1185,1200,26000,,,
2020-05-12,1221.25,1231.25,1196.25,1196.25,16000,,,
2020-05-13,1198.75,1230,1198.75,1230,16000,,,
2020-05-14,1230,1230,1213.75,1213.75,11200,,,
2020-05-15,1213.75,1215,1148.75,1187.5,63600,,,
2020-05-18,1187.5,1208.75,1170,1203.75,26800,,,
2020-05-19,1221.25,1227.5,1200,1227.5,22800,,,
2020-05-20,1222.5,1230,1208.75,1230,18400,,,
2020-05-21,1223.75,1255,1222.5,1248.75,61600,,,
2020-05-22,1248.75,1255,1223.75,1250,45600,,,
2020-05-25,1247.5,1280,1243.75,1280,36800,,,
2020-05-26,1280,1292.5,1265,1277.5,57600,,,
2020-05-27,1270,1270,1241.25,1267.5,64400,,,
2020-05-28,1285,1297.5,1247.5,1297.5,53600,,,
2020-05-29,1300,1312.5,1280,1290,47600,,,
2020-06-01,1290,1297.5,1267.5,1282.5,27600,,,
2020-06-02,1282.5,1330,1282.5,1305,57200,,,
2020-06-03,1327.5,1327.5,1287.5,1325,39600,,,
2020-06-04,1335,1335,1317.5,1322.5,27600,,,
2020-06-05,1332.5,1335,1307.5,1315,46800,,,
2020-06-08,1335,1335,1297.5,1322.5,42400,,,
2020-06-09,1320,1320,1300,1300,28400,,,
2020-06-10,1320,1337.5,1302.5,1330,40400,,,
2020-06-11,1307.5,1330,1305,1305,44000,,,
2020-06-12,1302.5,1310,1287.5,1295,47600,,,
2020-06-15,1295,1320,1287.5,1292.5,28400,,,
2020-06-16,1315,1360,1302.5,1345,85200,,,
2020-06-17,1355,1417.5,1355,1390,68000,,,
2020-06-18,1395,1407.5,1387.5,1402.5,45200,,,
2020-06-19,1417.5,1435,1370,1370,112400,,,
2020-06-22,1387.5,1425,1372.5,1387.5,32800,,,
2020-06-23,1395,1412.5,1352.5,1355,33200,,,
2020-06-24,1362.5,1362.5,1325,1325,25600,,,
2020-06-25,1322.5,1345,1312.5,1327.5,45600,,,
2020-06-26,1347.5,1382.5,1347.5,1375,34800,,,
2020-06-29,1375,1397.5,1347.5,1390,31200,,,
2020-06-30,1410,1410,1367.5,1367.5,19600,,,
2020-07-01,1392.5,1392.5,1322.5,1325,40800,,,
2020-07-02,1335,1335,1285,1287.5,27600,,,
2020-07-03,1297.5,1297.5,1272.5,1282.5,27600,,,
2020-07-06,1287.5,1305,1285,1287.5,22800,,,
2020-07-07,1292.5,1300,1255,1260,17200,,,
2020-07-08,1270,1310,1267.5,1300,38000,,,
2020-07-09,1287.5,1295,1280,1287.5,12000,,,
2020-07-10,1280,1280,1193.75,1202.5,56800,,,
2020-07-13,1237.5,1272.5,1230,1252.5,34400,,,
2020-07-14,1262.5,1332.5,1237.5,1332.5,43600,,,
2020-07-15,1340,1372.5,1312.5,1370,45200,,,
2020-07-16,1375,1402.5,1365,1392.5,35200,,,
2020-07-17,1400,1412.5,1372.5,1402.5,18400,,,
2020-07-20,1402.5,1405,1375,1390,27200,,,
2020-07-21,1397.5,1415,1387.5,1412.5,26400,,,
2020-07-22,1412.5,1417.5,1392.5,1392.5,26400,,,
2020-07-27,1392.5,1425,1377.5,1425,23600,,,
2020-07-28,1427.5,1482.5,1422.5,1435,46400,,,
2020-07-29,1435,1435,1392.5,1395,22800,,,
2020-07-30,1397.5,1412.5,1387.5,1387.5,21200,,,
2020-07-31,1400,1400,1350,1365,44800,,,
2020-08-03,1390,1415,1365,1365,1600,,,
2020-08-04,1390,1447.5,1390,1432.5,42000,,,
2020-08-05,1465,1475,1445,1475,33600,,,
2020-08-06,1470,1470,1422.5,1442.5,10400,,,
2020-08-07,1465,1465,1412.5,1415,18000,,,
2020-08-11,1422.5,1540,1410,1535,62000,,,
2020-08-12,1530,1607.5,1497.5,1597.5,71200,,,
2020-08-13,1625,1627.5,1582.5,1590,82400,,,
2020-08-14,1590,1590,1545,1585,41600,,,
2020-08-17,1562.5,1622.5,1552.5,1622.5,50000,,,
2020-08-18,1625,1670,1592.5,1645,57600,,,
2020-08-19,1667.5,1670,1632.5,1637.5,34400,,,
2020-08-20,1615,1637.5,1505,1520,65200,,,
2020-08-21,1567.5,1600,1547.5,1552.5,54400,,,
2020-08-24,1537.5,1562.5,1467.5,1477.5,58800,,,
2020-08-25,1477.5,1522.5,1455,1480,82800,,,
2020-08-26,1490,1492.5,1452.5,1460,23600,,,
2020-08-27,1452.5,1515,1442.5,1502.5,45200,,,
2020-08-28,1527.5,1527.5,1412.5,1430,53600,,,
2020-08-31,1455,1490,1452.5,1457.5,50000,,,
2020-09-01,1457.5,1457.5,1390,1395,43200,,,
2020-09-02,1405,1430,1387.5,1410,33200,,,
2020-09-03,1460,1490,1405,1437.5,65200,,,
2020-09-04,1432.5,1475,1392.5,1412.5,57600,,,
2020-09-07,1437.5,1445,1392.5,1422.5,24000,,,
2020-09-08,1430,1477.5,1412.5,1435,62400,,,
2020-09-09,1460,1487.5,1420,1460,87600,,,
2020-09-10,1510,1562.5,1490,1532.5,107200,,,
2020-09-11,1562.5,1562.5,1500,1530,72800,,,
2020-09-14,1532.5,1537.5,1485,1517.5,73200,,,
2020-09-15,1505,1505,1450,1455,48000,,,
2020-09-16,1455,1525,1450,1517.5,84000,,,
2020-09-17,1532.5,1532.5,1470,1510,71200,,,
2020-09-18,1505,1540,1497.5,1512.5,98800,,,
2020-09-23,1487.5,1547.5,1470,1477.5,83200,,,
2020-09-24,1475,1485,1437.5,1455,54000,,,
2020-09-25,1480,1535,1472.5,1505,108000,,,
2020-09-28,1505,1592.5,1475,1547.5,112400,,,
2020-09-29,1517.5,1607.5,1507.5,1580,122800,,,
2020-09-30,1597.5,1602.5,1520,1520,67600,,,
2020-10-01,#VALUE!,#VALUE!,#VALUE!,#VALUE!,0,,,
2020-10-02,1520,1540,1475,1485,59600,,,
2020-10-05,1480,1492.5,1450,1457.5,72000,,,
2020-10-06,1457.5,1460,1415,1417.5,132400,,,
2020-10-07,1397.5,1435,1377.5,1417.5,123200,,,
2020-10-08,1442.5,1475,1425,1432.5,127200,,,
2020-10-09,1432.5,1442.5,1390,1402.5,63600,,,
2020-10-12,1427.5,1430,1367.5,1397.5,74400,,,
2020-10-13,1397.5,1397.5,1350,1382.5,70400,,,
2020-10-14,1372.5,1387.5,1367.5,1375,38800,,,
2020-10-15,1377.5,1395,1347.5,1352.5,55600,,,
2020-10-16,1342.5,1360,1322.5,1322.5,68000,,,
2020-10-19,1322.5,1340,1305,1317.5,82400,,,
2020-10-20,1310,1340,1272.5,1285,68800,,,
2020-10-21,1285,1295,1270,1270,29200,,,
2020-10-22,1260,1260,1208.75,1213.75,61200,,,
2020-10-23,1213.75,1226.25,1193.75,1206.25,61200,,,
2020-10-26,1215,1215,1162.5,1198.75,44000,,,
2020-10-27,1190,1275,1181.25,1197.5,94800,,,
2020-10-28,1197.5,1202.5,1172.5,1201.25,50800,,,
2020-10-29,1198.75,1208.75,1185,1193.75,37200,,,
2020-10-30,1193.75,1216.25,1173.75,1178.75,56400,,,
2020-11-02,1178.75,1262.5,1178.75,1213.75,56000,,,
2020-11-04,1231.25,1242.5,1180,1198.75,76400,,,
2020-11-05,1203.75,1236.25,1198.75,1222.5,104000,,,
2020-11-06,1236.25,1250,1221.25,1238.75,59600,,,
2020-11-09,1257.5,1262.5,1215,1228.75,88400,,,
2020-11-10,1228.75,1231.25,1185,1196.25,100800,,,
2020-11-11,1228.75,1232.5,1205,1220,80800,,,
2020-11-12,1235,1237.5,1205,1215,34000,,,
2020-11-13,1215,1220,1161.25,1171.25,68800,,,
2020-11-16,1178.75,1187.5,1145,1152.5,76400,,,
2020-11-17,1152.5,1162.5,1145,1151.25,40000,,,
2020-11-18,1146.25,1173.75,1146.25,1163.75,23600,,,
2020-11-19,1163.75,1163.75,1145,1153.75,32800,,,
2020-11-20,1140,1143.75,1131.25,1137.5,22400,,,
2020-11-24,1170,1170,1115,1115,63600,,,
2020-11-25,1127.5,1133.75,1068.75,1075,87600,,,
2020-11-26,1092.5,1092.5,1051.25,1052.5,44800,,,
2020-11-27,1040,1097.5,1038.75,1042.5,98800,,,
2020-11-30,1053.75,1066.25,1042.5,1043.75,49600,,,
2020-12-01,1043.75,1045,1022.5,1028.75,38400,,,
2020-12-02,1046.25,1046.25,1002.5,1013.75,62800,,,
2020-12-03,1026.25,1038.75,990,1022.5,63600,,,
2020-12-04,1012.5,1018.75,1005,1013.75,27600,,,
2020-12-07,1027.5,1027.5,980,980,46000,,,
2020-12-08,988.75,1018.75,988.75,1000,47600,,,
2020-12-09,1015,1020,997.5,1005,25200,,,
2020-12-10,1016.25,1016.25,995,997.5,19600,,,
2020-12-11,1015,1015,991.25,1003.75,58000,,,
2020-12-14,1005,1030,1005,1023.75,38800,,,
2020-12-15,1018.75,1020,1008.75,1017.5,16800,,,
2020-12-16,1026.25,1026.25,1003.75,1016.25,17200,,,
2020-12-17,1007.5,1026.25,996.25,1026.25,46000,,,
2020-12-18,1022.5,1047.5,1015,1040,72800,,,
2020-12-21,1043.75,1048.75,1032.5,1043.75,51200,,,
2020-12-22,1032.5,1035,1011.25,1011.25,33600,,,
2020-12-23,1032.5,1060,1015,1060,53200,,,
2020-12-24,1055,1068.75,1050,1065,50800,,,
2020-12-25,1065,1111.25,1065,1105,58800,,,
2020-12-28,1105,1126.25,1083.75,1103.75,97200,,,
2020-12-29,1105,1110,1070,1107.5,77200,,,
2020-12-30,1107.5,1107.5,1085,1096.25,48400,,,
2021-01-04,1110,1122.5,1081.25,1103.75,40000,,,
2021-01-05,1088.75,1113.75,1088.75,1110,49600,,,
2021-01-06,1097.5,1100,1078.75,1092.5,58800,,,
2021-01-07,1102.5,1123.75,1098.75,1116.25,50000,,,
2021-01-08,1106.25,1122.5,1102.5,1122.5,150400,,,
2021-01-12,1125,1151.25,1111.25,1147.5,52800,,,
2021-01-13,1146.25,1191.25,1132.5,1186.25,88400,,,
2021-01-14,1192.5,1200,1181.25,1193.75,55200,,,
2021-01-15,1195,1195,1148.75,1167.5,83600,,,
2021-01-18,1182.5,1200,1180,1193.75,26800,,,
2021-01-19,1176.25,1217.5,1176.25,1191.25,91200,,,
2021-01-20,1208.75,1208.75,1190,1198.75,62000,,,
2021-01-21,1182.5,1201.25,1161.25,1161.25,49200,,,
2021-01-22,1161.25,1190,1137.5,1176.25,82800,,,
2021-01-25,1176.25,1201.25,1176.25,1187.5,51200,,,
2021-01-26,1175,1183.75,1160,1176.25,37200,,,
2021-01-27,1171.25,1206.25,1171.25,1185,28800,,,
2021-01-28,1182.5,1210,1172.5,1198.75,79600,,,
2021-01-29,1183.75,1210,1170,1171.25,46400,,,
2021-02-01,1156.25,1183.75,1155,1161.25,56800,,,
2021-02-02,1170,1176.25,1151.25,1157.5,39200,45568500,0,0
2021-02-03,1173.75,1212.5,1163.75,1201.25,53600,63932000,0,0
2021-02-04,1203.75,1213.75,1185,1208.75,24400,29304500,0,0
2021-02-05,1202.5,1270,1193.75,1257.5,84800,105428500,0,0
2021-02-08,1247.5,1272.5,1241.25,1262.5,90400,113813000,0,0
2021-02-09,1260,1332.5,1252.5,1320,97200,126507000,0,0
2021-02-10,1305,1305,1267.5,1267.5,37200,47680000,0,0
2021-02-12,1267.5,1272.5,1247.5,1262.5,35200,44360000,0,0
2021-02-15,1262.5,1302.5,1252.5,1287.5,48000,61342000,0,0
2021-02-16,1262.5,1315,1243.75,1305,66000,85180500,0,0
2021-02-17,1305,1335,1290,1320,62800,82812000,0,0
2021-02-18,1300,1350,1300,1350,71200,94824000,0,0
2021-02-19,1330,1345,1312.5,1335,59600,79308000,0,0
2021-02-22,1327.5,1327.5,1201.25,1205,151600,187533500,0,0
2021-02-24,1210,1210,1116.25,1122.5,83600,95897000,0,0
2021-02-25,1122.5,1166.25,1098.75,1166.25,116800,133187500,0,0
2021-02-26,1150,1156.25,1123.75,1131.25,90400,103335500,0,0
2021-03-01,1131.25,1150,1115,1141.25,71200,80677000,0,0
2021-03-02,1133.75,1135,1095,1122.5,71200,79416500,0,0
2021-03-03,1112.5,1145,1090,1132.5,79600,88897000,0,0
2021-03-04,1115,1117.5,1070,1097.5,65200,71024000,0,0
2021-03-05,1083.75,1083.75,1035,1051.25,92800,98043000,0,0
2021-03-08,1068.75,1073.75,1043.75,1052.5,99200,104966500,0,0
2021-03-09,1055,1085,1040,1075,91600,97671000,0,0
2021-03-10,1081.25,1086.25,1051.25,1057.5,65200,69326500,0,0
2021-03-11,1052.5,1063.75,1030,1055,83600,87998500,0,0
2021-03-12,1045,1073.75,1037.5,1070,104800,110580000,0,0
2021-03-15,1063.75,1077.5,1052.5,1061.25,87600,92889000,0,0
2021-03-16,1061.25,1080,1037.5,1076.25,73200,78178500,0,0
2021-03-17,1076.25,1076.25,1057.5,1070,72000,76808000,0,0
2021-03-18,1077.5,1090,1057.5,1070,114000,122420000,0,0
2021-03-19,1055,1100,1055,1096.25,141600,152324000,0,0
2021-03-22,1066.25,1073.75,1043.75,1048.75,222000,235555500,0,0
2021-03-23,1058.75,1058.75,1015,1021.25,127600,132520500,0,0
2021-03-24,1018.75,1018.75,983.75,1006.25,130800,131413500,0,0
2021-03-25,1013.75,1026.25,993.75,1026.25,116000,117669500,0,0
2021-03-26,1021.25,1041.25,1007.5,1030,240800,246870500,0,0
2021-03-29,1045,1058.75,1015,1057.5,443200,461928000,0,0
2021-03-30,1046.25,1056.25,995,1002.5,138800,142147000,0,0
2021-03-31,1000,1021.25,1000,1001.25,66000,66480000,0,0
2021-04-01,1008.75,1026.25,1000,1006.25,50000,50590500,0,0
2021-04-02,1020,1020,1007.5,1007.5,27200,27582500,0,0
2021-04-05,1016.25,1032.5,1008.75,1027.5,55600,56902000,0,0
2021-04-06,1021.25,1026.25,996.25,1003.75,75200,75885000,0,0
2021-04-07,1012.5,1052.5,1010,1047.5,105200,109236000,0,0
2021-04-08,1043.75,1043.75,1006.25,1010,70800,71789000,0,0
2021-04-09,1012.5,1018.75,1000,1007.5,52400,52791500,0,0
2021-04-12,1016.25,1016.25,1001.25,1012.5,24800,25050000,0,0
2021-04-13,1016.25,1032.5,1011.25,1023.75,41200,42095000,0,0
2021-04-14,1006.25,1012.5,990,998.75,77200,77146500,0,0
2021-04-15,998.75,1013.75,998.75,1005,27600,27792500,0,0
2021-04-16,1006.25,1010,1002.5,1002.5,4800,4824000,0,0
2021-04-19,1005,1016.25,998.75,1001.25,20000,20125500,0,0
2021-04-20,998.75,1002.5,987.5,987.5,34800,34516000,0,0
2021-04-21,975,976.25,947.5,957.5,102000,97864500,0,0
2021-04-22,940,963.75,940,963.75,70400,67162500,0,0
2021-04-23,962.5,987.5,960,972.5,48000,46681500,0,0
2021-04-26,968.75,968.75,947.5,947.5,27600,26321000,0,0
2021-04-27,942.5,957.5,941.25,943.75,32400,30670500,0,0
2021-04-28,938.75,941.25,921.25,926.25,59600,55377000,0,0
2021-04-30,920,966.25,920,952.5,102400,96853000,0,0
2021-05-06,962.5,1012.5,960,1000,122400,121523000,0,0
2021-05-07,1015,1015,985,995,59600,59507000,0,0
2021-05-10,992.5,1026.25,992.5,1023.75,72800,74047000,0,0
2021-05-11,1016.25,1016.25,956.25,962.5,77600,75521000,0,0
2021-05-12,978.75,1022.5,942.5,957.5,244800,239165500,0,0
2021-05-13,957.5,978.75,943.75,950,83200,79950500,0,0
2021-05-14,963.75,993.75,950,968.75,60800,59337500,0,0
2021-05-17,960,1000,953.75,988.75,91600,90412000,0,0
2021-05-18,1000,1043.75,1000,1023.75,98000,100622500,0,0
2021-05-19,1021.25,1043.75,1015,1031.25,100400,103770000,0,0
2021-05-20,1026.25,1052.5,1021.25,1038.75,63600,66163000,0,0
2021-05-21,1035,1070,1031.25,1057.5,89600,94827000,0,0
2021-05-24,1058.75,1075,1043.75,1051.25,125600,133297500,0,0
2021-05-25,1051.25,1073.75,1043.75,1061.25,120800,128961000,0,0
2021-05-26,1048.75,1080,1031.25,1067.5,126400,134879500,0,0
2021-05-27,1058.75,1082.5,1040,1041.25,904400,946074500,0,0
2021-05-28,1045,1061.25,1010,1030,135600,139353500,0,0
2021-05-31,1025,1046.25,992.5,993.75,76800,77828500,0,0
2021-06-01,1011.25,1011.25,987.5,1008.75,60800,60949500,0,0
2021-06-02,1002.5,1026.25,997.5,1013.75,46800,47319000,0,0
2021-06-03,1020,1061.25,1020,1053.75,83600,87152500,0,0
2021-06-04,1051.25,1080,1046.25,1060,48000,51156000,0,0
2021-06-07,1065,1071.25,1048.75,1056.25,46000,48705000,0,0
2021-06-08,1057.5,1057.5,1031.25,1032.5,14000,14563000,0,0
2021-06-09,1033.75,1045,1025,1025,26000,26833000,0,0
2021-06-10,1030,1035,1020,1033.75,31600,32581000,0,0
2021-06-11,1027.5,1032.5,1005,1006.25,60000,61059000,0,0
2021-06-14,1006.25,1023.75,1005,1016.25,20400,20742500,0,0
2021-06-15,1008.75,1031.25,1006.25,1026.25,70400,71728500,0,0
2021-06-16,1026.25,1033.75,1018.75,1022.5,24000,24571000,0,0
2021-06-17,1025,1025,1023.75,1023.75,5200,5324500,0,0
2021-06-18,1031.25,1097.5,1022.5,1088.75,104000,111530500,0,0
2021-06-21,1075,1075,1021.25,1021.25,84400,87290000,0,0
2021-06-22,1038.75,1050,1012.5,1021.25,74400,76503000,0,0
2021-06-23,1017.5,1036.25,995,1035,73200,74794000,0,0
2021-06-24,1020,1033.75,1007.5,1011.25,27200,27761000,0,0
2021-06-25,1017.5,1031.25,1012.5,1025,30400,31136500,0,0
2021-06-28,1040,1052.5,1027.5,1043.75,49600,51633000,0,0
2021-06-29,1037.5,1057.5,1032.5,1050,54400,56814000,0,0
2021-06-30,1045,1060,1043.75,1055,57600,60609000,0,0
2021-07-01,1048.75,1048.75,1016.25,1016.25,46400,47659500,0,0
2021-07-02,1021.25,1021.25,1012.5,1018.75,16800,17105000,0,0
2021-07-05,1017.5,1040,1008.75,1028.75,34000,34895500,0,0
2021-07-06,1028.75,1058.75,1023.75,1058.75,40800,42758500,0,0
2021-07-07,1056.25,1056.25,1038.75,1046.25,28400,29662000,0,0
2021-07-08,1047.5,1082.5,1040,1062.5,84000,89584000,0,0
2021-07-09,1045,1097.5,1033.75,1081.25,124400,132756000,0,0
2021-07-12,1081.25,1103.75,1073.75,1086.25,98800,107587000,0,0
2021-07-13,1080,1100,1076.25,1088.75,93600,101737000,0,0
2021-07-14,1088.75,1100,1071.25,1088.75,56000,61150000,0,0
2021-07-15,1088.75,1100,1076.25,1097.5,57200,62449500,0,0
2021-07-16,1085,1091.25,1051.25,1051.25,44000,46742000,0,0
2021-07-19,1051.25,1051.25,1026.25,1028.75,58400,60469000,0,0
2021-07-20,1041.25,1042.5,1015,1022.5,59600,61203500,0,0
2021-07-21,1027.5,1095,1027.5,1093.75,136800,146451000,0,0
2021-07-26,1096.25,1155,1096.25,1148.75,136000,154287000,0,0
2021-07-27,1160,1170,1128.75,1138.75,45200,51686000,0,0
2021-07-28,1146.25,1146.25,1125,1125,10000,11282000,0,0
2021-07-29,1140,1142.5,1133.75,1142.5,22800,25990500,0,0
2021-07-30,1125,1130,1103.75,1111.25,33200,36981000,0,0
2021-08-02,1146.25,1183.75,1137.5,1183.75,58000,67689000,0,0
2021-08-03,1183.75,1183.75,1153.75,1156.25,16000,18683000,0,0
2021-08-04,1146.25,1150,1130,1150,37600,43021000,0,0
2021-08-05,1132.5,1166.25,1128.75,1147.5,17200,19676000,0,0
2021-08-06,1138.75,1175,1126.25,1175,51600,59771000,0,0
2021-08-10,1175,1196.25,1155,1176.25,36000,42308500,0,0
2021-08-11,1181.25,1198.75,1176.25,1197.5,44000,52449500,0,0
2021-08-12,1197.5,1200,1145,1200,34000,40399000,0,0
2021-08-13,1223.75,1223.75,1206.25,1210,20800,25278000,0,0
2021-08-16,1210,1216.25,1193.75,1201.25,47600,57301500,0,0
2021-08-17,1213.75,1213.75,1176.25,1176.25,11200,13394500,0,0
2021-08-18,1176.25,1236.25,1176.25,1236.25,40400,49290500,0,0
2021-08-19,1222.5,1277.5,1222.5,1262.5,60800,76666000,0,0
2021-08-20,1280,1280,1200,1252.5,58400,72769000,0,0
2021-08-23,1246.25,1412.5,1246.25,1397.5,313200,433154500,0,0
2021-08-24,1407.5,1447.5,1397.5,1415,144000,204699000,0,0
2021-08-25,1415,1457.5,1415,1455,118000,170183000,0,0
2021-08-26,1465,1507.5,1455,1490,108400,161617000,0,0
2021-08-27,1492.5,1522.5,1472.5,1500,137200,205842000,0,0
2021-08-30,1500,1565,1500,1555,111600,171928000,0,0
2021-08-31,1555,1587.5,1505,1580,106800,166442000,0,0
2021-09-01,1562.5,1562.5,1512.5,1545,71200,109432000,0,0
2021-09-02,1545,1572.5,1517.5,1525,75200,115906000,0,0
2021-09-03,1515,1587.5,1507.5,1587.5,111200,174433000,0,0
2021-09-06,1565,1585,1557.5,1575,47600,74966000,0,0
2021-09-07,1587.5,1665,1585,1630,163200,265192000,0,0
2021-09-08,1605,1647.5,1595,1647.5,103200,168255000,0,0
2021-09-09,1657.5,1677.5,1625,1642.5,118800,196235000,0,0
2021-09-10,1630,1630,1582.5,1612.5,191200,307806000,0,0
2021-09-13,1592.5,1665,1590,1665,96000,157296000,0,0
2021-09-14,1640,1727.5,1640,1725,150400,256564000,0,0
2021-09-15,1700,1732.5,1687.5,1712.5,91200,156229000,0,0
2021-09-16,1725,1725,1687.5,1702.5,115200,196915000,0,0
2021-09-17,1702.5,1790,1680,1755,1456400,2557087000,0,0
2021-09-21,1755,1757.5,1700,1722.5,194000,336715000,0,0
2021-09-22,1747.5,1795,1715,1732.5,154800,269944000,0,0
2021-09-24,1752.5,1817.5,1750,1795,179600,321554000,0,0
2021-09-27,1775,1782.5,1752.5,1772.5,172000,304652000,0,0
2021-09-28,1777.5,1815,1747.5,1805,101600,181850000,0,0
2021-09-29,1775,1805,1750,1805,128400,229109000,0,0
2021-09-30,1805,1820,1752.5,1805,152000,272914000,0,0
2021-10-01,1785,1785,1745,1747.5,97200,170537000,0,0
2021-10-04,1775,1800,1762.5,1797.5,104800,187103000,0,0
2021-10-05,1782.5,1817.5,1752.5,1797.5,102000,182719000,0,0
2021-10-06,1795,1837.5,1795,1810,72800,132145000,0,0
2021-10-07,1810,1867.5,1807.5,1832.5,103200,190310000,0,0
2021-10-08,1860,1902.5,1860,1887.5,108000,203247000,0,0
2021-10-11,1887.5,1932.5,1817.5,1832.5,178400,332496000,0,0
2021-10-12,1820,1825,1782.5,1805,118000,212573000,0,0
2021-10-13,1787.5,1787.5,1732.5,1732.5,76800,134719000,0,0
2021-10-14,1715,1760,1697.5,1757.5,84800,146849000,0,0
2021-10-15,1765,1810,1762.5,1795,62000,111164000,0,0
2021-10-18,1825,1842.5,1810,1835,52400,95916000,0,0
2021-10-19,1837.5,1847.5,1817.5,1820,30800,56370000,0,0
2021-10-20,1820,1820,1765,1772.5,56400,100336000,0,0
2021-10-21,1772.5,1772.5,1745,1747.5,36000,63176000,0,0
2021-10-22,1725,1767.5,1725,1762.5,44400,77892000,0,0
2021-10-25,1762.5,1785,1747.5,1747.5,64000,112554000,0,0
2021-10-26,1777.5,1787.5,1755,1785,38000,67581000,0,0
2021-10-27,1782.5,1790,1772.5,1790,26000,46405000,0,0
2021-10-28,1780,1815,1757.5,1795,67200,120320000,0,0
2021-10-29,1795,1825,1787.5,1807.5,30800,55771000,0,0
2021-11-01,1845,1942.5,1842.5,1935,112000,213282000,0,0
2021-11-02,1932.5,1952.5,1895,1910,83600,160654000,0,0
2021-11-04,1895,1967.5,1895,1960,77200,150757000,0,0
2021-11-05,1960,1985,1947.5,1980,63200,124514000,0,0
2021-11-08,1992.5,2052.5,1992.5,2030,104000,210940000,0,0
2021-11-09,2030,2050,1990,1990,98400,198185000,0,0
2021-11-10,1987.5,2032.5,1870,1872.5,136400,260992000,0,0
2021-11-11,1867.5,1867.5,1790,1797.5,97200,176283000,0,0
2021-11-12,1795,1865,1795,1845,101200,185060000,0,0
2021-11-15,1875,1905,1840,1845,45200,84300000,0,0
2021-11-16,1855,1910,1855,1885,99600,188053000,0,0
2021-11-17,1897.5,1935,1890,1892.5,93200,178116000,0,0
2021-11-18,1860,1880,1807.5,1815,238800,439402000,0,0
2021-11-19,1815,1862.5,1775,1842.5,247200,453025000,0,0
2021-11-22,1807.5,1822.5,1797.5,1805,24800,44846000,0,0
2021-11-24,1820,1822.5,1760,1772.5,58400,104196000,0,0
2021-11-25,1772.5,1772.5,1722.5,1745,45600,79512000,0,0
2021-11-26,1720,1755,1707.5,1740,62800,108825000,0,0
2021-11-29,1715,1762.5,1705,1715,65600,113169000,0,0
2021-11-30,1740,1775,1707.5,1770,227600,399055000,0,0
2021-12-01,1757.5,1765,1727.5,1742.5,88400,154308000,0,0
2021-12-02,1752.5,1762.5,1730,1732.5,71600,124840000,0,0
2021-12-03,1767.5,1842.5,1750,1842.5,91600,166164000,0,0
2021-12-06,1825,1877.5,1810,1850,83600,154583000,0,0
2021-12-07,1862.5,1927.5,1850,1922.5,74000,140846000,0,0
2021-12-08,1960,1992.5,1927.5,1960,80800,158911000,0,0
2021-12-09,1955,1987.5,1927.5,1972.5,63200,124452000,0,0
2021-12-10,1972.5,1985,1947.5,1970,66400,130602000,0,0
2021-12-13,1987.5,2032.5,1987.5,2022.5,64000,129052000,0,0
2021-12-14,2022.5,2037.5,2000,2035,55200,111783000,0,0
2021-12-15,2035,2077.5,2022.5,2065,67200,138096000,0,0
2021-12-16,2047.5,2047.5,2007.5,2007.5,72400,146668000,0,0
2021-12-17,2042.5,2042.5,1955,1965,97200,192406000,0,0
2021-12-20,1947.5,1950,1880,1890,109600,208838000,0,0
2021-12-21,1890,1907.5,1830,1850,116400,216478000,0,0
2021-12-22,1887.5,1895,1832.5,1875,72000,134347000,0,0
2021-12-23,1887.5,1900,1862.5,1885,19200,36160000,0,0
2021-12-24,1885,1930,1885,1900,29600,56446000,0,0
2021-12-27,1912.5,1912.5,1857.5,1885,52800,99306000,0,0
2021-12-28,1885,1892.5,1872.5,1890,69600,131333000,0,0
2021-12-29,1900,1927.5,1857.5,1882.5,75200,141011000,0,0
2021-12-30,1912.5,1927.5,1890,1915,89600,171914000,0,0
2022-01-04,1940,1945,1830,1835,91600,170119000,0,0
2022-01-05,1840,1840,1770,1780,110000,196695000,0,0
2022-01-06,1750,1755,1712.5,1712.5,80000,138148000,0,0
2022-01-07,1702.5,1702.5,1642.5,1642.5,98800,163730000,0,0
2022-01-11,1622.5,1657.5,1607.5,1652.5,75600,123723000,0,0
2022-01-12,1652.5,1727.5,1652.5,1700,74400,126972000,0,0
2022-01-13,1720,1720,1630,1632.5,62000,102395000,0,0
2022-01-14,1620,1662.5,1595,1640,126000,205398000,0,0
2022-01-17,1627.5,1637.5,1605,1625,52000,84411000,0,0
2022-01-18,1622.5,1635,1592.5,1592.5,39600,63666000,0,0
2022-01-19,1570,1595,1555,1555,97600,153392000,0,0
2022-01-20,1567.5,1615,1560,1585,99200,157762000,0,0
2022-01-21,1560,1597.5,1557.5,1587.5,109600,173032000,0,0
2022-01-24,1585,1605,1562.5,1597.5,53200,84503000,0,0
2022-01-25,1602.5,1612.5,1565,1577.5,74000,117149000,0,0
2022-01-26,1592.5,1595,1565,1577.5,81200,128195000,0,0
2022-01-27,1597.5,1597.5,1520,1540,122000,188632000,0,0
2022-01-28,1565,1587.5,1540,1577.5,95200,149202000,0,0
2022-01-31,1577.5,1627.5,1572.5,1610,61600,99085000,0,0
2022-02-01,1635,1660,1595,1597.5,68400,110414000,0,0
2022-02-02,1610,1645,1595,1630,98000,159861000,0,0
2022-02-03,1635,1635,1605,1612.5,38400,62125000,0,0
2022-02-04,1637.5,1652.5,1612.5,1640,67200,110152000,0,0
2022-02-07,1650,1650,1620,1630,60000,97919000,0,0
2022-02-08,1637.5,1655,1625,1632.5,44800,73250000,0,0
2022-02-09,1655,1657.5,1625,1652.5,58400,96267000,0,0
2022-02-10,1670,1675,1655,1667.5,49200,81963000,0,0
2022-02-14,1692.5,1700,1672.5,1682.5,88800,149577000,0,0
2022-02-15,1682.5,1710,1627.5,1655,115600,193106000,0,0
2022-02-16,1680,1682.5,1607.5,1632.5,92800,151647000,0,0
2022-02-17,1637.5,1642.5,1605,1612.5,75600,122616000,0,0
2022-02-18,1597.5,1620,1582.5,1612.5,73600,118175000,0,0
2022-02-21,1610,1610,1557.5,1565,80800,127008000,0,0
2022-02-22,1555,1557.5,1520,1525,67200,103153000,0,0
2022-02-24,1500,1557.5,1422.5,1472.5,102800,151792000,0,0
2022-02-25,1472.5,1512.5,1440,1512.5,60800,90514000,0,0
2022-02-28,1505,1537.5,1480,1537.5,124400,188316000,0,0
2022-03-01,1560,1575,1540,1555,66000,103039000,0,0
2022-03-02,1555,1555,1512.5,1512.5,39600,60480000,0,0
2022-03-03,1537.5,1560,1532.5,1557.5,36400,56286000,0,0
2022-03-04,1547.5,1547.5,1502.5,1507.5,59600,90502000,0,0
2022-03-07,1497.5,1505,1475,1497.5,76400,113919000,0,0
2022-03-08,1472.5,1525,1467.5,1512.5,72000,108446000,0,0
2022-03-09,1512.5,1540,1510,1522.5,58400,88880000,0,0
2022-03-10,1547.5,1612.5,1540,1612.5,70400,112152000,0,0
2022-03-11,1587.5,1635,1587.5,1615,76800,123376000,0,0
2022-03-14,1635,1652.5,1620,1632.5,42400,69384000,0,0
2022-03-15,1657.5,1682.5,1617.5,1675,74800,124270000,0,0
2022-03-16,1687.5,1725,1665,1685,100000,169488000,0,0
2022-03-17,1737.5,1737.5,1670,1705,92400,157313000,0,0
2022-03-18,1702.5,1835,1690,1802.5,256400,457407000,0,0
2022-03-22,1815,1817.5,1715,1722.5,89200,156559000,0,0
2022-03-23,1735,1772.5,1730,1765,56000,98319000,0,0
2022-03-24,1765,1797.5,1740,1790,50800,90230000,0,0
2022-03-25,1807.5,1837.5,1792.5,1792.5,72000,130143000,0,0
2022-03-28,1767.5,1775,1707.5,1730,114400,200588000,0,0
2022-03-29,1732.5,1732.5,1662.5,1725,196800,338064000,0,0
2022-03-30,1745,1745,1650,1685,120400,202312000,0,0
2022-03-31,1640,1692.5,1640,1665,78000,129791000,0,0
2022-04-01,1672.5,1672.5,1632.5,1647.5,40000,66033000,0,0
2022-04-04,1647.5,1665,1575,1657.5,50400,83110000,0,0
2022-04-05,1650,1670,1635,1637.5,42000,69075000,0,0
2022-04-06,1612.5,1622.5,1572.5,1610,83600,134304000,0,0
2022-04-07,1587.5,1587.5,1532.5,1550,83200,129341000,0,0
2022-04-08,1542.5,1550,1490,1512.5,88400,133934000,0,0
2022-04-11,1510,1510,1465,1490,62800,93085000,0,0
2022-04-12,1440,1477.5,1422.5,1435,89600,129012000,0,0
2022-04-13,1422.5,1435,1407.5,1425,92400,131268000,0,0
2022-04-14,1450,1450,1422.5,1437.5,34400,49396000,0,0
2022-04-15,1427.5,1432.5,1410,1422.5,41600,59268000,0,0
2022-04-18,1397.5,1415,1390,1405,52800,74216000,0,0
2022-04-19,1385,1402.5,1380,1387.5,40000,55572000,0,0
2022-04-20,1390,1390,1345,1345,38000,51643000,0,0
2022-04-21,1295,1347.5,1295,1340,66400,88690000,0,0
2022-04-22,1315,1390,1290,1330,56000,74632000,0,0
2022-04-25,1280,1310,1275,1290,47600,61566000,0,0
2022-04-26,1280,1335,1280,1325,62400,82345000,0,0
2022-04-27,1285,1300,1260,1275,168800,215775000,0,0
2022-04-28,1275,1305,1275,1300,136000,176102000,0,0
2022-05-02,1307.5,1307.5,1292.5,1297.5,54800,71139000,0,0
2022-05-06,1300,1300,1282.5,1287.5,59200,76233000,0,0
2022-05-09,1250,1252.5,1193.75,1193.75,71200,86688500,0,0
2022-05-10,1176.25,1187.5,1148.75,1170,82000,95755500,0,0
2022-05-11,1150,1165,1137.5,1155,71600,82596500,0,0
2022-05-12,1137.5,1137.5,1110,1116.25,92400,103491500,0,0
2022-05-13,1116.25,1143.75,1101.25,1132.5,110800,124589500,0,0
2022-05-16,1177.5,1197.5,1163.75,1181.25,63600,75298000,0,0
2022-05-17,1166.25,1216.25,1156.25,1207.5,94400,113713500,0,0
2022-05-18,1207.5,1272.5,1207.5,1270,80000,100333500,0,0
2022-05-19,1235,1265,1215,1250,71200,88404000,0,0
2022-05-20,1245,1290,1235,1252.5,51200,64106500,0,0
2022-05-23,1272.5,1302.5,1270,1290,46400,59581000,0,0
2022-05-24,1270,1295,1250,1262.5,34800,43954000,0,0
2022-05-25,1262.5,1272.5,1245,1265,51200,64667000,0,0
2022-05-26,1282.5,1287.5,1260,1270,70400,89593000,0,0
2022-05-27,1287.5,1287.5,1220,1232.5,80000,98788000,0,0
2022-05-30,1233.75,1300,1233.75,1292.5,163200,210313000,0,0
2022-05-31,1295,1295,1255,1270,56800,71906000,0,0
2022-06-01,1246.25,1297.5,1246.25,1295,28800,37004500,0,0
2022-06-02,1292.5,1292.5,1250,1265,38800,49042000,0,0
2022-06-03,1277.5,1285,1267.5,1280,27600,35244000,0,0
2022-06-06,1245,1257.5,1233.75,1242.5,43600,54308000,0,0
2022-06-07,1241.25,1255,1228.75,1232.5,50400,62595500,0,0
2022-06-08,1226.25,1250,1226.25,1242.5,52400,65159000,0,0
2022-06-09,1225,1248.75,1223.75,1236.25,42000,51996500,0,0
2022-06-10,1206.25,1206.25,1170,1170,52400,62153500,0,0
2022-06-13,1137.5,1167.5,1130,1156.25,28400,32770000,0,0
2022-06-14,1122.5,1175,1122.5,1122.5,29200,32946500,0,0
2022-06-15,1132.5,1132.5,1080,1081.25,60400,66153000,0,0
2022-06-16,1107.5,1118.75,1086.25,1091.25,46400,51040000,0,0
2022-06-17,1056.25,1111.25,1052.5,1085,71600,77754000,0,0
2022-06-20,1085,1085,1050,1063.75,54000,57664000,0,0
2022-06-21,1063.75,1083.75,1053.75,1068.75,50800,54330500,0,0
2022-06-22,1083.75,1101.25,1065,1071.25,35200,37896500,0,0
2022-06-23,1088.75,1088.75,1050,1065,46800,49754000,0,0
2022-06-24,1086.25,1086.25,1058.75,1076.25,44400,47427500,0,0
2022-06-27,1086.25,1086.25,1057.5,1078.75,44800,48006500,0,0
2022-06-28,1063.75,1098.75,1063.75,1087.5,68000,73937500,0,0
2022-06-29,1072.5,1108.75,1066.25,1102.5,112800,124075000,0,0
2022-06-30,1082.5,1097.5,1075,1075,47600,51488000,0,0
2022-07-01,1075,1086.25,1051.25,1051.25,65600,69512500,0,0
2022-07-04,1078.75,1106.25,1075,1090,43200,47178500,0,0
2022-07-05,1110,1127.5,1086.25,1097.5,61600,67906500,0,0
2022-07-06,1081.25,1086.25,1051.25,1051.25,52800,55940000,0,0
2022-07-07,1052.5,1070,1046.25,1062.5,63600,67412500,0,0
2022-07-08,1052.5,1083.75,1045,1046.25,80000,84696000,0,0
2022-07-11,1046.25,1078.75,1046.25,1066.25,51600,55003000,0,0
2022-07-12,1061.25,1061.25,1032.5,1032.5,46400,48223500,0,0
2022-07-13,1041.25,1041.25,1032.5,1033.75,23600,24428000,0,0
2022-07-14,1033.75,1033.75,1015,1027.5,32400,33198500,0,0
2022-07-15,1033.75,1033.75,1017.5,1022.5,26800,27488000,0,0
2022-07-19,1022.5,1023.75,1008.75,1011.25,26000,26389000,0,0
2022-07-20,1020,1043.75,1015,1035,90400,93498000,0,0
2022-07-21,1020,1031.25,1011.25,1027.5,59200,60659000,0,0
2022-07-22,1035,1035,1022.5,1030,36800,37898500,0,0
2022-07-25,1030,1030,1006.25,1006.25,32800,33233000,0,0
2022-07-26,1010,1012.5,1006.25,1010,15600,15750000,0,0
2022-07-27,1002.5,1003.75,995,998.75,40400,40356500,0,0
2022-07-28,998.75,1003.75,990,991.25,66000,65645000,0,0
2022-07-29,1000,1000,975,985,42000,41395000,0,0
2022-08-01,985,988.75,976.25,980,43200,42452000,0,0
2022-08-02,988.75,988.75,953.75,956.25,47600,45793500,0,0
2022-08-03,966.25,976.25,957.5,968.75,90400,87485000,0,0
2022-08-04,975,975,947.5,953.75,51600,49462500,0,0
2022-08-05,960,971.25,958.75,966.25,59600,57516500,0,0
2022-08-08,973.75,973.75,951.25,951.25,30800,29451500,0,0
2022-08-09,962.5,962.5,918.75,918.75,50400,46877000,0,0
2022-08-10,901.25,923.75,898.75,898.75,66000,59941000,0,0
2022-08-12,898.75,921.25,898.75,917.5,85600,78432000,0,0
2022-08-15,915,915,900,902.5,36400,32997000,0,0
2022-08-16,900,900,887.5,895,41200,36850000,0,0
2022-08-17,895,922.5,895,912.5,64000,58227000,0,0
2022-08-18,912.5,912.5,895,898.75,48800,43921500,0,0
2022-08-19,898.75,900,891.25,897.5,45200,40536000,0,0
2022-08-22,896.25,902.5,878.75,898.75,38800,34569000,0,0
2022-08-23,892.5,896.25,887.5,892.5,46400,41419000,0,0
2022-08-24,891.25,907.5,890,893.75,36800,32880500,0,0
2022-08-25,893.75,913.75,893.75,905,33200,30042000,0,0
2022-08-26,918.75,927.5,906.25,915,32800,29917000,0,0
2022-08-29,900,902.5,886.25,886.25,70000,62405000,0,0
2022-08-30,898.75,902.5,888.75,896.25,22800,20380000,0,0
2022-08-31,882.5,907.5,882.5,906.25,58400,52441000,0,0
2022-09-01,907.5,907.5,885,885,59200,52737000,0,0
2022-09-02,885,897.5,878.75,897.5,54400,48396500,0,0
2022-09-05,897.5,925,896.25,910,37600,34118500,0,0
2022-09-06,923.75,932.5,912.5,915,61600,56563000,0,0
2022-09-07,916.25,917.5,901.25,915,47200,43022500,0,0
2022-09-08,915,941.25,915,927.5,62400,57789000,0,0
2022-09-09,945,976.25,938.75,953.75,106400,101293500,0,0
2022-09-12,971.25,978.75,952.5,952.5,46400,44425500,0,0
2022-09-13,968.75,968.75,931.25,931.25,56400,53013000,0,0
2022-09-14,925,935,918.75,931.25,60800,56456500,0,0
2022-09-15,931.25,945,931.25,943.75,41200,38702500,0,0
2022-09-16,943.75,948.75,932.5,935,49600,46487000,0,0
2022-09-20,927.5,938.75,927.5,935,29600,27658000,0,0
2022-09-21,937.5,937.5,926.25,926.25,47600,44277500,0,0
2022-09-22,922.5,922.5,888.75,891.25,69200,62102500,0,0
2022-09-26,883.75,883.75,831.25,831.25,78800,66699500,0,0
2022-09-27,851.25,853.75,825,833.75,60400,50547000,0,0
2022-09-28,833.75,836.25,800,827.5,73200,59954000,0,0
2022-09-29,837.5,880,836.25,872.5,52800,45651000,0,0
2022-09-30,877.5,905,848.75,866.25,56400,48997000,0,0
2022-10-03,875,883.75,856.25,873.75,35600,30984500,0,0
2022-10-04,900,918.75,887.5,910,74800,67855500,0,0
2022-10-05,937.5,943.75,908.75,916.25,64000,59197500,0,0
2022-10-06,922.5,955,922.5,948.75,87600,83010000,0,0
2022-10-07,931.25,950,931.25,932.5,46000,43073000,0,0
2022-10-11,930,930,882.5,882.5,63200,56710500,0,0
2022-10-12,870,871.25,838.75,848.75,54800,46679500,0,0
2022-10-13,837.5,841.25,818.75,821.25,56000,46349500,0,0
2022-10-14,832.5,867.5,832.5,858.75,62000,52800500,0,0
2022-10-17,847.5,880,847.5,861.25,53200,46127500,0,0
2022-10-18,860,888.75,860,885,51200,45025000,0,0
2022-10-19,883.75,893.75,868.75,891.25,48800,43180000,0,0
2022-10-20,885,885,852.5,863.75,42800,36920500,0,0
2022-10-21,880,880,847.5,847.5,24000,20506000,0,0
2022-10-24,870,945,866.25,936.25,159200,146076500,0,0
2022-10-25,936.25,955,920,923.75,82400,77157500,0,0
2022-10-26,931.25,945,931.25,935,45600,42751500,0,0
2022-10-27,935,937.5,921.25,930,36400,33776500,0,0
2022-10-28,915,952.5,915,937.5,337600,315996000,0,0
2022-10-31,925,962.5,921.25,957.5,74000,70263500,0,0
2022-11-01,957.5,976.25,932.5,938.75,26000,24508500,0,0
2022-11-02,942.5,962.5,935,951.25,50800,48328000,0,0
2022-11-04,923.75,941.25,901.25,903.75,45600,41579000,0,0
2022-11-07,903.75,923.75,903.75,920,34800,31844000,0,0
2022-11-08,920,933.75,902.5,931.25,40400,37392000,0,0
2022-11-09,921.25,927.5,900,911.25,30400,27680000,0,0
2022-11-10,940,962.5,920,946.25,62800,59538000,0,0
2022-11-11,963.75,992.5,962.5,990,40000,39128000,0,0
2022-11-14,972.5,998.75,972.5,981.25,63600,62597500,0,0
2022-11-15,981.25,991.25,980,987.5,55200,54447500,0,0
2022-11-16,998.75,1002.5,988.75,997.5,39600,39510000,0,0
2022-11-17,997.5,1016.25,997.5,1007.5,21200,21359000,0,0
2022-11-18,1007.5,1023.75,1007.5,1012.5,38000,38553500,0,0
2022-11-21,1021.25,1027.5,1002.5,1027.5,25600,26163000,0,0
2022-11-22,1027.5,1063.75,1007.5,1061.25,55200,58096000,0,0
2022-11-24,1077.5,1136.25,1077.5,1126.25,49600,55443500,0,0
2022-11-25,1132.5,1172.5,1132.5,1166.25,27200,31494500,0,0
2022-11-28,1096.25,1137.5,1092.5,1118.75,33200,36922500,0,0
2022-11-29,1101.25,1110,1062.5,1075,45200,48930500,0,0
2022-11-30,1065,1070,1043.75,1052.5,56400,59487500,0,0
2022-12-01,1060,1060,985,1006.25,47600,48651000,0,0
2022-12-02,993.75,996.25,967.5,986.25,51200,50342500,0,0
2022-12-05,1003.75,1020,981.25,1015,36400,36558500,0,0
2022-12-06,1016.25,1016.25,983.75,988.75,36000,35709500,0,0
2022-12-07,982.5,1010,982.5,983.75,29200,28859000,0,0
2022-12-08,983.75,992.5,971.25,986.25,48400,47578500,0,0
2022-12-09,985,1017.5,985,1008.75,32400,32438500,0,0
2022-12-12,1016.25,1018.75,990,993.75,20400,20374500,0,0
2022-12-13,993.75,1001.25,992.5,995,23600,23513500,0,0
2022-12-14,1006.25,1042.5,1002.5,1040,30800,31789500,0,0
2022-12-15,1040,1040,1006.25,1007.5,17200,17537000,0,0
2022-12-16,1011.25,1020,991.25,991.25,41200,41170500,0,0
2022-12-19,991.25,998.75,985,995,33600,33325000,0,0
2022-12-20,1006.25,1006.25,942.5,943.75,47200,45521000,0,0
2022-12-21,943.75,948.75,916.25,942.5,78400,73255500,0,0
2022-12-22,942.5,972.5,942.5,971.25,22800,21976000,0,0
2022-12-23,962.5,985,947.5,985,38800,37778500,0,0
2022-12-26,977.5,1012.5,977.5,998.75,19200,19170000,0,0
2022-12-27,1010,1030,1010,1027.5,12800,13087000,0,0
2022-12-28,1027.5,1057.5,1027.5,1050,34400,35891000,0,0
2022-12-29,1060,1072.5,1046.25,1063.75,40800,43386500,0,0
2022-12-30,1063.75,1071.25,1043.75,1043.75,34000,35847500,0,0
2023-01-04,1043.75,1043.75,978.75,978.75,46400,46371500,0,0
2023-01-05,972.5,972.5,917.5,918.75,62000,58032500,0,0
2023-01-06,901.25,953.75,898.75,953.75,39600,37425500,0,0
2023-01-10,953.75,975,937.5,938.75,26000,24666500,0,0
2023-01-11,956.25,975,933.75,975,37200,35797500,0,0
2023-01-12,985,985,941.25,952.5,40400,38732500,0,0
2023-01-13,948.75,983.75,948.75,948.75,36000,34555000,0,0
2023-01-16,948.75,956.25,923.75,933.75,27600,25881000,0,0
2023-01-17,937.5,956.25,935,937.5,34800,32731500,0,0
2023-01-18,937.5,981.25,937.5,966.25,23200,22314000,0,0
2023-01-19,955,978.75,955,957.5,24400,23458500,0,0
2023-01-20,955,971.25,943.75,953.75,20800,19850500,0,0
2023-01-23,965,995,937.5,981.25,32800,32138500,0,0
2023-01-24,981.25,1016.25,963.75,995,56800,56686000,0,0
2023-01-25,995,1020,995,1007.5,23200,23355500,0,0
2023-01-26,1023.75,1032.5,1017.5,1018.75,28000,28675500,0,0
2023-01-27,1020,1026.25,1002.5,1017.5,28400,28909000,0,0
2023-01-30,1026.25,1046.25,1006.25,1007.5,70800,72348500,0,0
2023-01-31,1016.25,1063.75,1016.25,1058.75,71600,75337000,0,0
2023-02-01,1055,1058.75,1028.75,1035,24400,25405000,0,0
2023-02-02,1052.5,1053.75,1023.75,1040,23600,24582500,0,0
2023-02-03,1040,1040,1006.25,1011.25,18800,19098500,0,0
2023-02-06,1011.25,1031.25,1011.25,1021.25,29600,30253500,0,0
2023-02-07,1020,1035,1018.75,1021.25,12000,12299000,0,0
2023-02-08,1022.5,1026.25,1007.5,1012.5,24400,24813000,0,0
2023-02-09,1012.5,1051.25,998.75,1030,48400,49694000,0,0
2023-02-10,1015,1042.5,1015,1037.5,38000,39302000,0,0
2023-02-13,1027.5,1051.25,1022.5,1031.25,30000,31045000,0,0
2023-02-14,1048.75,1071.25,1015,1015,60800,64098000,0,0
2023-02-15,1048.75,1071.25,1048.75,1053.75,33600,35610500,0,0
2023-02-16,1067.5,1117.5,1067.5,1100,38400,42095500,0,0
2023-02-17,1082.5,1091.25,1075,1077.5,33200,35940500,0,0
2023-02-20,1085,1105,1085,1098.75,12800,14058500,0,0
2023-02-21,1095,1103.75,1058.75,1066.25,31200,33434000,0,0
2023-02-22,1053.75,1057.5,1026.25,1035,52000,54027500,0,0
2023-02-24,1035,1082.5,1035,1072.5,40000,42337500,0,0
2023-02-27,1076.25,1101.25,1072.5,1096.25,28400,30930500,0,0
2023-02-28,1096.25,1107.5,1091.25,1095,25600,28061000,0,0
2023-03-01,1103.75,1115,1086.25,1091.25,26000,28422500,0,0
2023-03-02,1096.25,1133.75,1096.25,1130,65600,73127000,0,0
2023-03-03,1141.25,1207.5,1141.25,1202.5,108400,127956000,0,0
2023-03-06,1202.5,1221.25,1172.5,1191.25,54400,64822500,0,0
2023-03-07,1191.25,1241.25,1191.25,1233.75,48800,60089000,0,0
2023-03-08,1217.5,1243.75,1216.25,1237.5,48400,59497500,0,0
2023-03-09,1237.5,1292.5,1237.5,1267.5,49600,62694000,0,0
2023-03-10,1255,1257.5,1223.75,1228.75,91200,113794000,0,0
2023-03-13,1220,1221.25,1157.5,1183.75,52000,62022000,0,0
2023-03-14,1171.25,1175,1102.5,1107.5,82800,93110000,0,0
2023-03-15,1138.75,1167.5,1133.75,1148.75,58000,66821500,0,0
2023-03-16,1131.25,1131.25,1086.25,1106.25,98000,108929500,0,0
2023-03-17,1103.75,1130,1101.25,1115,152400,168605000,0,0
2023-03-20,1111.25,1115,1095,1108.75,88400,98033500,0,0
2023-03-22,1126.25,1128.75,1093.75,1093.75,84400,93790000,0,0
2023-03-23,1077.5,1077.5,1042.5,1071.25,71600,76636000,0,0
2023-03-24,1067.5,1081.25,1052.5,1071.25,206800,220878500,0,0
2023-03-27,1087.5,1091.25,1071.25,1086.25,180400,196023000,0,0
2023-03-28,1086.25,1088.75,1038.75,1042.5,139600,150250000,0,0
2023-03-29,1042.5,1116.25,1041.25,1110,436400,465303000,0,0
2023-03-30,1100,1156.25,1100,1145,100000,112556000,0,0
2023-03-31,1150,1183.75,1150,1167.5,71200,83171500,0,0
2023-04-03,1187.5,1223.75,1187.5,1218.75,64000,77345500,0,0
2023-04-04,1217.5,1225,1200,1216.25,75200,91453500,0,0
2023-04-05,1183.75,1183.75,1151.25,1153.75,70400,81671000,0,0
2023-04-06,1136.25,1136.25,1103.75,1105,66800,74417500,0,0
2023-04-07,1097.5,1128.75,1097.5,1118.75,71600,80210500,0,0
2023-04-10,1118.75,1118.75,1086.25,1098.75,56400,61967000,0,0
2023-04-11,1116.25,1138.75,1098.75,1135,42000,47427000,0,0
2023-04-12,1117.5,1167.5,1117.5,1158.75,38400,44453000,0,0
2023-04-13,1158.75,1162.5,1142.5,1161.25,36000,41649500,0,0
2023-04-14,1162.5,1195,1162.5,1186.25,46800,55441000,0,0
2023-04-17,1186.25,1186.25,1158.75,1171.25,44000,51504500,0,0
2023-04-18,1171.25,1197.5,1157.5,1166.25,42000,49259000,0,0
2023-04-19,1148.75,1162.5,1135,1143.75,43200,49508500,0,0
2023-04-20,1131.25,1200,1131.25,1187.5,44800,52821000,0,0
2023-04-21,1187.5,1193.75,1170,1176.25,34000,40212500,0,0
2023-04-24,1158.75,1182.5,1158.75,1177.5,28000,32852500,0,0
2023-04-25,1177.5,1192.5,1170,1173.75,44000,51881500,0,0
2023-04-26,1156.25,1181.25,1155,1161.25,46400,54085000,0,0
2023-04-27,1161.25,1161.25,1125,1136.25,76400,87175000,0,0
2023-04-28,1166.25,1200,1166.25,1197.5,62800,74720000,0,0
2023-05-01,1212.5,1233.75,1207.5,1230,43200,52815000,0,0
2023-05-02,1247.5,1250,1233.75,1243.75,34000,42288500,0,0
2023-05-08,1297.5,1310,1242.5,1260,92000,116779500,0,0
2023-05-09,1250,1302.5,1250,1292.5,49200,63089000,0,0
2023-05-10,1277.5,1302.5,1257.5,1267.5,43600,55534000,0,0
2023-05-11,1262.5,1295,1260,1285,26800,34272000,0,0
2023-05-12,1297.5,1297.5,1265,1285,47200,60351000,0,0
2023-05-15,1260,1260,1180,1182.5,54800,66670000,0,0
2023-05-16,1177.5,1220,1172.5,1211.25,40800,49021500,0,0
2023-05-17,1193.75,1242.5,1193.75,1233.75,40000,49245500,0,0
2023-05-18,1235,1235,1213.75,1228.75,40800,50043500,0,0
2023-05-19,1228.75,1242.5,1210,1223.75,32000,39190000,0,0
2023-05-22,1223.75,1257.5,1217.5,1255,36000,44912000,0,0
2023-05-23,1255,1262.5,1216.25,1227.5,52400,64565500,0,0
2023-05-24,1210,1243.75,1210,1232.5,30400,37506500,0,0
2023-05-25,1220,1220,1192.5,1202.5,46400,55927500,0,0
2023-05-26,1205,1220,1191.25,1200,42000,50525000,0,0
2023-05-29,1203.75,1208.75,1177.5,1198.75,41600,49788500,0,0
2023-05-30,1198.75,1205,1178.75,1191.25,48400,57799500,0,0
2023-05-31,1182.5,1222.5,1182.5,1203.75,221200,265983500,0,0
2023-06-01,1186.25,1227.5,1186.25,1208.75,64000,77427500,0,0
2023-06-02,1208.75,1262.5,1208.75,1252.5,46000,57522500,0,0
2023-06-05,1277.5,1290,1262.5,1285,54000,69020000,0,0
2023-06-06,1240,1275,1235,1270,32800,41352500,0,0
2023-06-07,1245,1290,1245,1277.5,66000,84249000,0,0
2023-06-08,1292.5,1300,1267.5,1290,64000,82300000,0,0
2023-06-09,1307.5,1307.5,1252.5,1257.5,81600,105006000,0,0
2023-06-12,1257.5,1277.5,1255,1277.5,31600,40017000,0,0
2023-06-13,1285,1285,1255,1257.5,30800,38937000,0,0
2023-06-14,1257.5,1277.5,1240,1270,41200,52216000,0,0
2023-06-15,1280,1295,1270,1280,30400,38837000,0,0
2023-06-16,1292.5,1300,1280,1287.5,67200,86525000,0,0
2023-06-19,1282.5,1307.5,1282.5,1300,41600,53979000,0,0
2023-06-20,1282.5,1300,1275,1287.5,42800,55166000,0,0
2023-06-21,1287.5,1310,1287.5,1300,28000,36417000,0,0
2023-06-22,1300,1322.5,1272.5,1282.5,46400,59957000,0,0
2023-06-23,1282.5,1297.5,1270,1272.5,45200,57795000,0,0
2023-06-26,1260,1262.5,1231.25,1231.25,30800,38276500,0,0
2023-06-27,1213.75,1227.5,1206.25,1221.25,30800,37449500,0,0
2023-06-28,1221.25,1260,1221.25,1257.5,19600,24547500,0,0
2023-06-29,1257.5,1282.5,1245,1260,58000,72923500,0,0
2023-06-30,1257.5,1262.5,1218.75,1227.5,62800,77604000,0,0
2023-07-03,1243.75,1250,1207.5,1211.25,51200,62391500,0,0
2023-07-04,1202.5,1203.75,1166.25,1172.5,72800,85780500,0,0
2023-07-05,1168.75,1172.5,1140,1141.25,50000,57713500,0,0
2023-07-06,1137.5,1137.5,1085,1096.25,80400,88967000,0,0
2023-07-07,1076.25,1121.25,1068.75,1103.75,98400,108173000,0,0
2023-07-10,1103.75,1123.75,1098.75,1118.75,59200,66091500,0,0
2023-07-11,1131.25,1138.75,1121.25,1127.5,49200,55561000,0,0
2023-07-12,1138.75,1138.75,1115,1128.75,32800,36987500,0,0
2023-07-13,1140,1145,1128.75,1140,27200,30934500,0,0
2023-07-14,1157.5,1165,1120,1130,43600,49458500,0,0
2023-07-18,1136.25,1152.5,1135,1141.25,22000,25114500,0,0
2023-07-19,1141.25,1158.75,1133.75,1140,41200,47161500,0,0
2023-07-20,1140,1152.5,1136.25,1137.5,36400,41529000,0,0
2023-07-21,1141.25,1148.75,1136.25,1141.25,34000,38806000,0,0
2023-07-24,1150,1151.25,1142.5,1148.75,7200,8260500,0,0
2023-07-25,1148.75,1152.5,1133.75,1150,42800,49022500,0,0
2023-07-26,1155,1156.25,1143.75,1150,22800,26225500,0,0
2023-07-27,1150,1150,1137.5,1146.25,24800,28374000,0,0
2023-07-28,1137.5,1165,1132.5,1160,61600,70983500,0,0
2023-07-31,1185,1215,1183.75,1205,40400,48511500,0,0
2023-08-01,1203.75,1203.75,1177.5,1192.5,29600,35285000,0,0
2023-08-02,1180,1190,1165,1176.25,62000,72994500,0,0
2023-08-03,1160,1160,1108.75,1122.5,74800,84751500,0,0
2023-08-04,1122.5,1122.5,1103.75,1103.75,34000,37733000,0,0
2023-08-07,1102.5,1132.5,1100,1130,27200,30459500,0,0
2023-08-08,1128.75,1148.75,1128.75,1145,26000,29665000,0,0
2023-08-09,1142.5,1143.75,1132.5,1142.5,20400,23245000,0,0
2023-08-10,1142.5,1157.5,1115,1148.75,32000,36556500,0,0
2023-08-14,1163.75,1186.25,1153.75,1183.75,36000,42335000,0,0
2023-08-15,1188.75,1212.5,1186.25,1198.75,46800,56090500,0,0
2023-08-16,1196.25,1225,1191.25,1225,30800,37412500,0,0
2023-08-17,1222.5,1225,1206.25,1216.25,37600,45726500,0,0
2023-08-18,1198.75,1213.75,1197.5,1197.5,38400,46271500,0,0
2023-08-21,1197.5,1215,1197.5,1200,33200,39948000,0,0
2023-08-22,1223.75,1242.5,1211.25,1223.75,73200,89641000,0,0
2023-08-23,1223.75,1238.75,1217.5,1227.5,30800,37866000,0,0
2023-08-24,1227.5,1237.5,1226.25,1231.25,28400,34988000,0,0
2023-08-25,1223.75,1240,1213.75,1238.75,44800,54971000,0,0
2023-08-28,1240,1257.5,1235,1252.5,38400,47908000,0,0
2023-08-29,1252.5,1262.5,1247.5,1262.5,21200,26627500,0,0
2023-08-30,1275,1292.5,1257.5,1265,44800,56835000,0,0
2023-08-31,1267.5,1282.5,1267.5,1270,37200,47354000,0,0
2023-09-01,1277.5,1302.5,1275,1287.5,32000,41228000,0,0
2023-09-04,1302.5,1330,1302.5,1327.5,51600,68280000,0,0
2023-09-05,1317.5,1317.5,1275,1287.5,47600,61377000,0,0
2023-09-06,1285,1295,1272.5,1285,35600,45726000,0,0
2023-09-07,1270,1312.5,1270,1295,35200,45552000,0,0
2023-09-08,1280,1305,1255,1255,70000,89392000,0,0
2023-09-11,1265,1280,1250,1252.5,27600,34751000,0,0
2023-09-12,1267.5,1272.5,1260,1270,10000,12651000,0,0
2023-09-13,1255,1270,1243.75,1247.5,31600,39571500,0,0
2023-09-14,1255,1282.5,1255,1282.5,44000,56101000,0,0
2023-09-15,1282.5,1290,1262.5,1282.5,56000,71680000,0,0
2023-09-19,1290,1292.5,1252.5,1285,44400,56645000,0,0
2023-09-20,1285,1285,1241.25,1247.5,62400,78216000,0,0
2023-09-21,1247.5,1260,1246.25,1257.5,24000,30086000,0,0
2023-09-22,1252.5,1252.5,1233.75,1233.75,47600,58984500,0,0
2023-09-25,1233.75,1233.75,1205,1207.5,37600,45651500,0,0
2023-09-26,1197.5,1197.5,1161.25,1166.25,39200,45978000,0,0
2023-09-27,1146.25,1196.25,1146.25,1192.5,59200,70184500,0,0
2023-09-28,1185,1207.5,1153.75,1167.5,76000,88907500,0,0
2023-09-29,1185,1185,1146.25,1153.75,51600,59691000,0,0
2023-10-02,1153.75,1173.75,1143.75,1147.5,47600,54954500,0,0
2023-10-03,1130,1143.75,1112.5,1118.75,38400,43237000,0,0
2023-10-04,1113.75,1126.25,1097.5,1108.75,50800,56633500,0,0
2023-10-05,1107.5,1130,1090,1130,44000,49294500,0,0
2023-10-06,1131.25,1177.5,1131.25,1152.5,36400,42129000,0,0
2023-10-10,1160,1178.75,1128.75,1140,47200,54049500,0,0
2023-10-11,1147.5,1147.5,1122.5,1123.75,36800,41506000,0,0
2023-10-12,1135,1143.75,1118.75,1125,50800,57221500,0,0
2023-10-13,1115,1115,1063.75,1072.5,50400,54653000,0,0
2023-10-16,1055,1076.25,1053.75,1073.75,54800,58600000,0,0
2023-10-17,1088.75,1097.5,1076.25,1093.75,24800,27045500,0,0
2023-10-18,1100,1113.75,1092.5,1110,30800,34026000,0,0
2023-10-19,1110,1110,1091.25,1100,24800,27218000,0,0
2023-10-20,1091.25,1111.25,1080,1091.25,36000,39434500,0,0
2023-10-23,1080,1096.25,1071.25,1071.25,24400,26317000,0,0
2023-10-24,1082.5,1093.75,1061.25,1087.5,52400,56472000,0,0
2023-10-25,1087.5,1112.5,1082.5,1097.5,34000,37341500,0,0
2023-10-26,1092.5,1097.5,1070,1082.5,38800,41975500,0,0
2023-10-27,1082.5,1116.25,1082.5,1113.75,34800,38593000,0,0
2023-10-30,1100,1108.75,1091.25,1093.75,69600,76431500,0,0
2023-10-31,1086.25,1137.5,1086.25,1132.5,40800,45688000,0,0
2023-11-01,1132.5,1160,1130,1153.75,39600,45568500,0,0
2023-11-02,1136.25,1163.75,1136.25,1161.25,55200,63737500,0,0
2023-11-06,1175,1188.75,1162.5,1166.25,68800,80634500,0,0
2023-11-07,1183.75,1183.75,1136.25,1140,50800,58373500,0,0
2023-11-08,1142.5,1146.25,1118.75,1120,44400,50080000,0,0
2023-11-09,1101.25,1152.5,1101.25,1130,33600,38183000,0,0
2023-11-10,1112.5,1138.75,1112.5,1130,40800,45897500,0,0
2023-11-13,1165,1165,1062.5,1081.25,76400,83725000,0,0
2023-11-14,1098.75,1098.75,1075,1077.5,40800,44164500,0,0
2023-11-15,1076.25,1082.5,1060,1078.75,49600,53155500,0,0
2023-11-16,1072.5,1090,1068.75,1078.75,50800,54862500,0,0
2023-11-17,1078.75,1101.25,1057.5,1101.25,151200,164603000,0,0
2023-11-20,1101.25,1101.25,1071.25,1081.25,52400,56722000,0,0
2023-11-21,1081.25,1088.75,1066.25,1085,46000,49666500,0,0
2023-11-22,1085,1097.5,1085,1092.5,26000,28352000,0,0
2023-11-24,1092.5,1102.5,1087.5,1098.75,38800,42482500,0,0
2023-11-27,1107.5,1107.5,1080,1092.5,40400,44084500,0,0
2023-11-28,1092.5,1098.75,1075,1090,55600,60376500,0,0
2023-11-29,1090,1113.75,1073.75,1093.75,34800,38033000,0,0
2023-11-30,1083.75,1111.25,1082.5,1097.5,37200,40741500,0,0
2023-12-01,1101.25,1112.5,1101.25,1102.5,27200,30042500,0,0
2023-12-04,1092.5,1112.5,1083.75,1103.75,20400,22478500,0,0
2023-12-05,1105,1111.25,1093.75,1096.25,40800,44920500,0,0
2023-12-06,1091.25,1126.25,1091.25,1113.75,46800,52162500,0,0
2023-12-07,1105,1116.25,1093.75,1110,44000,48794000,0,0
2023-12-08,1110,1116.25,1081.25,1086.25,73200,80375500,0,0
2023-12-11,1086.25,1118.75,1086.25,1113.75,30000,33255500,0,0
2023-12-12,1107.5,1122.5,1107.5,1113.75,30800,34344500,0,0
2023-12-13,1113.75,1123.75,1108.75,1117.5,27200,30372500,0,0
2023-12-14,1130,1130,1106.25,1111.25,42800,47683000,0,0
2023-12-15,1125,1133.75,1122.5,1126.25,26800,30195500,0,0
2023-12-18,1125,1125,1097.5,1116.25,54400,60594500,0,0
2023-12-19,1127.5,1132.5,1123.75,1130,17600,19874000,0,0
2023-12-20,1141.25,1147.5,1130,1136.25,18400,20953500,0,0
2023-12-21,1136.25,1136.25,1116.25,1117.5,24400,27392000,0,0
2023-12-22,1146.25,1146.25,1133.75,1136.25,34800,39607000,0,0
2023-12-25,1145,1145,1126.25,1135,29600,33604000,0,0
2023-12-26,1145,1170,1140,1155,34400,39690000,0,0
2023-12-27,1166.25,1171.25,1152.5,1168.75,36800,42866500,0,0
2023-12-28,1168.75,1181.25,1168.75,1181.25,10000,11774000,0,0
2023-12-29,1188.75,1201.25,1187.5,1195,24400,29169000,0,0
2024-01-04,1370,1370,1260,1265,172400,225672000,1,0
2024-01-05,1300,1305,1280,1285,38000,49057000,0,0
2024-01-09,1297.5,1330,1297.5,1327.5,44800,59035000,0,0
2024-01-10,1330,1330,1300,1300,32800,42885000,0,0
2024-01-11,1315,1357.5,1307.5,1345,38400,51469000,0,0
2024-01-12,1345,1352.5,1315,1320,24400,32353000,0,0
2024-01-15,1335,1360,1327.5,1350,28400,38294000,0,0
2024-01-16,1300,1325,1280,1292.5,72400,93877000,0,0
2024-01-17,1312.5,1320,1292.5,1292.5,36800,47896000,0,0
2024-01-18,1307.5,1312.5,1287.5,1287.5,24000,31056000,0,0
2024-01-19,1277.5,1282.5,1252.5,1257.5,54000,68319000,0,0
2024-01-22,1257.5,1295,1257.5,1285,45200,57630000,0,0
2024-01-23,1290,1290,1262.5,1265,22800,29023000,0,0
2024-01-24,1262.5,1265,1250,1257.5,28800,36208000,0,0
2024-01-25,1260,1272.5,1250,1272.5,27200,34413000,0,0
2024-01-26,1272.5,1285,1250,1250,34000,42799000,0,0
2024-01-29,1250,1270,1250,1265,10000,12621000,0,0
2024-01-30,1257.5,1267.5,1255,1257.5,20800,26202000,0,0
2024-01-31,1255,1275,1252.5,1275,20800,26312000,0,0
2024-02-01,1262.5,1285,1262.5,1275,20400,26012000,0,0
2024-02-02,1285,1312.5,1275,1310,26000,33809000,0,0
2024-02-05,1310,1320,1305,1307.5,12400,16238000,0,0
2024-02-06,1332.5,1350,1300,1312.5,32400,42657000,0,0
2024-02-07,1302.5,1312.5,1285,1310,28400,36991000,0,0
2024-02-08,1310,1342.5,1297.5,1327.5,39200,51737000,0,0
2024-02-09,1315,1332.5,1312.5,1312.5,35600,47050000,0,0
2024-02-13,1317.5,1360,1315,1360,30400,40773000,0,0
2024-02-14,1325,1335,1270,1300,60800,79812000,0,0
2024-02-15,1325,1325,1277.5,1297.5,46400,60339000,0,0
2024-02-16,1315,1385,1315,1370,68000,92435000,0,0
2024-02-19,1385,1420,1365,1420,26400,36951000,0,0
2024-02-20,1425,1517.5,1425,1460,48000,70554000,0,0
2024-02-21,1410,1417.5,1375,1415,40800,57187000,0,0
2024-02-22,1427.5,1437.5,1395,1410,23600,33401000,0,0
2024-02-26,1395,1420,1395,1402.5,16800,23607000,0,0
2024-02-27,1402.5,1430,1390,1397.5,39600,55789000,0,0
2024-02-28,1385,1427.5,1385,1395,31600,44291000,0,0
2024-02-29,1395,1410,1385,1385,49200,68677000,0,0
2024-03-01,1375,1430,1357.5,1375,32000,44060000,0,0
2024-03-04,1425,1425,1330,1332.5,68800,94822000,0,0
2024-03-05,1327.5,1390,1320,1390,36800,50010000,0,0
2024-03-06,1362.5,1387.5,1330,1377.5,68800,94087000,0,0
2024-03-07,1402.5,1402.5,1362.5,1387.5,30800,42831000,0,0
2024-03-08,1362.5,1410,1362.5,1397.5,66800,91853000,0,0
2024-03-11,1387.5,1387.5,1327.5,1352.5,44000,60239000,0,0
2024-03-12,1345,1357.5,1322.5,1352.5,68400,91761000,0,0
2024-03-13,1372.5,1375,1337.5,1345,47200,64042000,0,0
2024-03-14,1360,1365,1345,1365,55200,75040000,0,0
2024-03-15,1372.5,1420,1372.5,1415,47200,65982000,0,0
2024-03-18,1422.5,1432.5,1387.5,1402.5,70800,100034000,0,0
2024-03-19,1410,1432.5,1397.5,1432.5,54800,77436000,0,0
2024-03-21,1452.5,1460,1442.5,1447.5,104800,152183000,0,0
2024-03-22,1462.5,1462.5,1400,1410,98400,141972000,0,0
2024-03-25,1422.5,1442.5,1400,1407.5,224000,318153000,0,0
2024-03-26,1432.5,1482.5,1425,1475,118400,171163000,0,0
2024-03-27,1525,1537.5,1500,1515,265600,403699000,0,0
2024-03-28,1515,1517.5,1487.5,1500,102400,154321000,0,0
2024-03-29,1500,1605,1500,1547.5,91600,142138000,0,0
2024-04-01,1532.5,1565,1517.5,1525,41200,63242000,0,0
2024-04-02,1525,1590,1517.5,1540,118400,184189000,0,0
2024-04-03,1540,1600,1535,1565,95200,149510000,0,0
2024-04-04,1540,1620,1540,1605,74400,118632000,0,0
2024-04-05,1595,1600,1545,1562.5,46000,71931000,0,0
2024-04-08,1587.5,1597.5,1567.5,1567.5,36800,58046000,0,0
2024-04-09,1550,1567.5,1550,1550,36400,56620000,0,0
2024-04-10,1550,1570,1545,1560,13200,20585000,0,0
2024-04-11,1535,1590,1535,1562.5,38800,60636000,0,0
2024-04-12,1587.5,1587.5,1525,1537.5,38000,59128000,0,0
2024-04-15,1530,1537.5,1515,1530,26400,40314000,0,0
2024-04-16,1510,1525,1470,1492.5,54000,80628000,0,0
2024-04-17,1467.5,1477.5,1382.5,1382.5,118400,167038000,0,0
2024-04-18,1407.5,1412.5,1342.5,1387.5,49200,67501000,0,0
2024-04-19,1410,1410,1310,1325,88000,117484000,0,0
2024-04-22,1337.5,1365,1325,1355,18800,25433000,0,0
2024-04-23,1377.5,1395,1357.5,1387.5,22400,30954000,0,0
2024-04-24,1387.5,1407.5,1375,1382.5,24400,33761000,0,0
2024-04-25,1367.5,1382.5,1307.5,1345,64800,86476000,0,0
2024-04-26,1355,1407.5,1355,1407.5,61200,85466000,0,0
2024-04-30,1407.5,1452.5,1400,1452.5,23200,33227000,0,0
2024-05-01,1427.5,1445,1427.5,1432.5,7200,10315000,0,0
2024-05-02,1420,1455,1420,1432.5,16400,23651000,0,0
2024-05-07,1447.5,1447.5,1395,1405,28800,40611000,0,0
2024-05-08,1395,1405,1355,1355,52400,71498000,0,0
2024-05-09,1352.5,1400,1352.5,1380,29200,40273000,0,0
2024-05-10,1380,1380,1335,1347.5,52400,70929000,0,0
2024-05-13,1347.5,1365,1315,1342.5,36000,48351000,0,0
2024-05-14,1340,1370,1305,1345,65200,86815000,0,0
2024-05-15,1342.5,1342.5,1262.5,1292.5,119200,153687000,0,0
2024-05-16,1292.5,1297.5,1250,1285,125600,160140000,0,0
2024-05-17,1285,1295,1270,1287.5,22000,28193000,0,0
2024-05-20,1287.5,1307.5,1287.5,1295,39200,50848000,0,0
2024-05-21,1300,1305,1287.5,1287.5,18400,23848000,0,0
2024-05-22,1287.5,1290,1260,1280,63200,80618000,0,0
2024-05-23,1285,1310,1260,1285,41600,53363000,0,0
2024-05-24,1282.5,1312.5,1248.75,1287.5,60400,77225500,0,0
2024-05-27,1285,1292.5,1236.25,1277.5,175200,221799500,0,0
2024-05-28,1277.5,1295,1277.5,1282.5,18800,24134000,0,0
2024-05-29,1282.5,1292.5,1248.75,1282.5,27600,35276500,0,0
2024-05-30,1265,1297.5,1265,1292.5,27600,35516000,0,0
2024-05-31,1300,1425,1300,1425,97600,135929000,0,0
2024-06-03,1442.5,1467.5,1390,1415,71600,101656000,0,0
2024-06-04,1410,1440,1392.5,1392.5,62000,87748000,0,0
2024-06-05,1392.5,1392.5,1350,1367.5,18800,25764000,0,0
2024-06-06,1372.5,1377.5,1352.5,1360,15200,20722000,0,0
2024-06-07,1370,1387.5,1357.5,1380,16400,22527000,0,0
2024-06-10,1370,1457.5,1370,1440,33200,47628000,0,0
2024-06-11,1440,1482.5,1440,1452.5,43600,63795000,0,0
2024-06-12,1450,1465,1445,1460,20400,29692000,0,0
2024-06-13,1452.5,1475,1442.5,1442.5,25600,37218000,0,0
2024-06-14,1442.5,1550,1417.5,1545,86400,129279000,0,0
2024-06-17,1532.5,1532.5,1452.5,1467.5,39200,58048000,0,0
2024-06-18,1467.5,1552.5,1467.5,1495,48000,72813000,0,0
2024-06-19,1497.5,1502.5,1445,1477.5,30400,44928000,0,0
2024-06-20,1457.5,1495,1445,1482.5,43200,63573000,0,0
2024-06-21,1477.5,1485,1450,1450,72000,104970000,0,0
2024-06-24,1470,1485,1462.5,1477.5,35200,51737000,0,0
2024-06-25,1477.5,1512.5,1462.5,1485,31600,47013000,0,0
2024-06-26,1485,1507.5,1460,1500,28800,43059000,0,0
2024-06-27,1500,1535,1492.5,1535,35200,53726000,0,0
2024-06-28,1547.5,1550,1477.5,1512.5,76000,115659000,0,0
2024-07-01,1515,1517.5,1465,1482.5,32000,47694000,0,0
2024-07-02,1482.5,1492.5,1437.5,1450,38800,56691000,0,0
2024-07-03,1445,1482.5,1415,1440,36400,52665000,0,0
2024-07-04,1437.5,1457.5,1415,1430,34000,48667000,0,0
2024-07-05,1427.5,1435,1402.5,1415,33200,47050000,0,0
2024-07-08,1402.5,1402.5,1350,1390,44800,62104000,0,0
2024-07-09,1390,1422.5,1377.5,1405,29200,40942000,0,0
2024-07-10,1405,1407.5,1370,1395,59600,82847000,0,0
2024-07-11,1415,1422.5,1395,1417.5,37200,52502000,0,0
2024-07-12,1405,1417.5,1385,1417.5,16000,22515000,0,0
2024-07-16,1417.5,1512.5,1417.5,1450,30000,43952000,0,0
2024-07-17,1457.5,1470,1420,1435,30800,44351000,0,0
2024-07-18,1432.5,1455,1395,1427.5,50400,72012000,0,0
2024-07-19,1420,1445,1402.5,1425,45200,64245000,0,0
2024-07-22,1425,1425,1377.5,1377.5,46000,64232000,0,0
2024-07-23,1377.5,1400,1360,1380,41600,57477000,0,0
2024-07-24,1375,1387.5,1345,1357.5,67200,91614000,0,0
2024-07-25,1357.5,1372.5,1302.5,1325,72800,97239000,0,0
2024-07-26,1320,1360,1305,1330,48800,65009000,0,0
2024-07-29,1330,1385,1305,1377.5,44800,60953000,0,0
2024-07-30,1365,1370,1335,1355,41200,55848000,0,0
2024-07-31,1330,1417.5,1330,1407.5,44800,61928000,0,0
2024-08-01,1370,1375,1322.5,1332.5,95600,128754000,0,0
2024-08-02,1310,1355,1255,1287.5,245600,319284000,0,0
2024-08-05,1202.5,1225,1160,1192.5,102400,122117000,0,0
2024-08-06,1192.5,1337.5,1192.5,1210,76400,95285500,0,0
2024-08-07,1192.5,1290,1192.5,1257.5,25600,32340000,0,0
2024-08-08,1215,1305,1185,1235,39600,48841000,0,0
2024-08-09,1237.5,1287.5,1222.5,1237.5,39200,48966500,0,0
2024-08-13,1280,1310,1270,1297.5,51600,66666000,0,0
2024-08-14,1297.5,1332.5,1262.5,1317.5,37200,48232000,0,0
2024-08-15,1317.5,1345,1250,1330,84400,109188000,0,0
2024-08-16,1355,1395,1287.5,1357.5,65600,88010000,0,0
2024-08-19,1352.5,1375,1345,1357.5,36800,50049000,0,0
2024-08-20,1372.5,1372.5,1317.5,1362.5,48800,65561000,0,0
2024-08-21,1342.5,1362.5,1320,1350,25600,34415000,0,0
2024-08-22,1350,1375,1347.5,1375,22400,30491000,0,0
2024-08-23,1375,1380,1350,1360,12400,16930000,0,0
2024-08-26,1355,1380,1347.5,1367.5,20400,27761000,0,0
2024-08-27,1365,1407.5,1365,1402.5,28400,39551000,0,0
2024-08-28,1385,1410,1357.5,1397.5,42000,58306000,0,0
2024-08-29,1395,1395,1330,1347.5,60400,81476000,0,0
2024-08-30,1347.5,1380,1347.5,1362.5,30400,41502000,0,0
2024-09-02,1367.5,1385,1342.5,1380,17200,23492000,0,0
2024-09-03,1380,1417.5,1355,1402.5,54800,76222000,0,0
2024-09-04,1370,1435,1362.5,1420,51200,72044000,0,0
2024-09-05,1410,1460,1402.5,1422.5,34400,49037000,0,0
2024-09-06,1447.5,1447.5,1420,1422.5,30000,42856000,0,0
2024-09-09,1390,1422.5,1372.5,1410,34400,48145000,0,0
2024-09-10,1407.5,1415,1395,1407.5,13600,19130000,0,0
2024-09-11,1382.5,1400,1370,1385,34400,47592000,0,0
2024-09-12,1400,1442.5,1400,1420,44000,62648000,0,0
2024-09-13,1412.5,1430,1390,1400,50000,70360000,0,0
2024-09-17,1387.5,1405,1375,1405,41200,57378000,0,0
2024-09-18,1405,1420,1380,1407.5,38400,53846000,0,0
2024-09-19,1430,1455,1380,1427.5,51200,72910000,0,0
2024-09-20,1452.5,1452.5,1420,1425,38800,55387000,0,0
2024-09-24,1450,1450,1425,1437.5,21600,31081000,0,0
2024-09-25,1462.5,1462.5,1420,1435,28800,41317000,0,0
2024-09-26,1445,1500,1435,1492.5,81200,120230000,0,0
2024-09-27,1455,1507.5,1455,1482.5,40400,60072000,0,0
2024-09-30,1407.5,1457.5,1407.5,1420,34400,49202000,0,0
2024-10-01,1425,1480,1425,1445,20000,28976000,0,0
2024-10-02,1420,1442.5,1412.5,1425,47200,67432000,0,0
2024-10-03,1462.5,1475,1445,1465,23600,34508000,0,0
2024-10-04,1470,1495,1462.5,1465,23600,34758000,0,0
2024-10-07,1465,1497.5,1455,1480,26400,39011000,0,0
2024-10-08,1455,1487.5,1455,1472.5,13600,19988000,0,0
2024-10-09,1472.5,1482.5,1450,1477.5,25200,37102000,0,0
2024-10-10,1480,1480,1450,1470,9600,14071000,0,0
2024-10-11,1465,1467.5,1437.5,1457.5,26800,39045000,0,0
2024-10-15,1480,1480,1452.5,1465,20800,30435000,0,0
2024-10-16,1455,1477.5,1447.5,1447.5,17600,25629000,0,0
2024-10-17,1467.5,1467.5,1432.5,1432.5,21600,31062000,0,0
2024-10-18,1432.5,1432.5,1417.5,1430,3600,5146000,0,0
2024-10-21,1440,1460,1415,1447.5,17600,25249000,0,0
2024-10-22,1445,1472.5,1435,1472.5,36800,53715000,0,0
2024-10-23,1457.5,1482.5,1457.5,1470,14000,20583000,0,0
2024-10-24,1450,1525,1450,1502.5,55200,82888000,0,0
2024-10-25,1502.5,1525,1480,1512.5,46000,69049000,0,0
2024-10-28,1500,1550,1500,1535,14400,22003000,0,0
2024-10-29,1535,1570,1535,1565,21200,33025000,0,0
2024-10-30,1575,1585,1540,1570,73200,114763000,0,0
2024-10-31,1545,1595,1545,1580,35600,56068000,0,0
2024-11-01,1567.5,1575,1537.5,1537.5,22400,34879000,0,0
2024-11-05,1560,1582.5,1535,1577.5,43200,67515000,0,0
2024-11-06,1590,1612.5,1572.5,1600,25600,40753000,0,0
2024-11-07,1597.5,1635,1590,1632.5,37600,60812000,0,0
2024-11-08,1622.5,1670,1622.5,1632.5,40400,66602000,0,0
2024-11-11,1612.5,1687.5,1612.5,1620,41200,68236000,0,0
2024-11-12,1627.5,1692.5,1610,1620,82400,135688000,0,0
2024-11-13,1570,1625,1487.5,1515,94000,146542000,0,0
2024-11-14,1515,1515,1452.5,1452.5,42400,62500000,0,0
2024-11-15,1502.5,1525,1452.5,1490,79600,118489000,0,0
2024-11-18,1480,1512.5,1470,1497.5,41200,61578000,0,0
2024-11-19,1487.5,1535,1457.5,1457.5,99200,146526000,0,0
2024-11-20,1440,1492.5,1440,1482.5,61600,90376000,0,0
2024-11-21,1472.5,1527.5,1472.5,1472.5,37200,55561000,0,0
2024-11-22,1472.5,1520,1465,1477.5,39600,58866000,0,0
2024-11-25,1477.5,1482.5,1460,1462.5,31200,45898000,0,0
2024-11-26,1480,1480,1445,1445,23200,34004000,0,0
2024-11-27,1425,1435,1377.5,1410,26800,37512000,0,0
2024-11-28,1410,1412.5,1375,1410,16000,22442000,0,0
2024-11-29,1410,1442.5,1387.5,1415,40000,57014000,0,0
2024-12-02,1415,1427.5,1395,1417.5,33600,47424000,0,0
2024-12-03,1417.5,1542.5,1417.5,1512.5,74400,111306000,0,0
2024-12-04,1507.5,1522.5,1485,1520,23200,34941000,0,0
2024-12-05,1532.5,1532.5,1502.5,1517.5,13600,20648000,0,0
2024-12-06,1517.5,1540,1507.5,1520,18400,28078000,0,0
2024-12-09,1520,1550,1520,1522.5,18800,28747000,0,0
2024-12-10,1537.5,1537.5,1500,1522.5,32800,49910000,0,0
2024-12-11,1542.5,1542.5,1515,1530,27600,42210000,0,0
2024-12-12,1540,1560,1487.5,1537.5,71600,109804000,0,0
2024-12-13,1522.5,1547.5,1510,1520,40800,62188000,0,0
2024-12-16,1520,1537.5,1500,1515,23600,35788000,0,0
2024-12-17,1527.5,1527.5,1430,1435,56800,82784000,0,0
2024-12-18,1435,1435,1377.5,1392.5,38000,53021000,0,0
2024-12-19,1385,1390,1342.5,1352.5,41600,56627000,0,0
2024-12-20,1370,1370,1332.5,1355,44400,59929000,0,0
2024-12-23,1352.5,1395,1352.5,1392.5,27600,37997000,0,0
2024-12-24,1372.5,1372.5,1330,1340,42400,56984000,0,0
2024-12-25,1342.5,1350,1310,1347.5,45600,60592000,0,0
2024-12-26,1337.5,1390,1327.5,1365,102400,139176000,0,0
2024-12-27,1380,1427.5,1362.5,1407.5,47200,65946000,0,0
2024-12-30,1400,1425,1382.5,1387.5,29600,41503000,0,0
2025-01-06,1380,1382.5,1307.5,1325,72400,96777000,0,0
2025-01-07,1320,1350,1280,1340,50000,66586000,0,0
2025-01-08,1340,1342.5,1312.5,1322.5,44000,58212000,0,0
2025-01-09,1312.5,1335,1305,1312.5,40400,53206000,0,0
2025-01-10,1312.5,1312.5,1282.5,1292.5,39200,50779000,0,0
2025-01-14,1285,1285,1233.75,1240,63200,78949000,0,0
2025-01-15,1240,1262.5,1208.75,1235,125200,154636000,0,0
2025-01-16,1241.25,1242.5,1201.25,1208.75,78400,95091000,0,0
2025-01-17,1203.75,1222.5,1196.25,1220,64400,78009500,0,0
2025-01-20,1226.25,1241.25,1215,1222.5,45600,55767500,0,0
2025-01-21,1232.5,1232.5,1208.75,1217.5,35200,43009500,0,0
2025-01-22,1230,1257.5,1208.75,1245,53200,66007500,0,0
2025-01-23,1247.5,1257.5,1235,1235,46800,58232500,0,0
2025-01-24,1252.5,1252.5,1230,1235,31600,39174000,0,0
2025-01-27,1252.5,1265,1238.75,1255,44000,55151500,0,0
2025-01-28,1255,1270,1237.5,1246.25,46800,58621000,0,0
2025-01-29,1255,1255,1227.5,1235,43600,53855000,0,0
2025-01-30,1226.25,1260,1217.5,1260,453600,569227500,0,0
2025-01-31,1270,1297.5,1257.5,1272.5,61200,78162000,0,0
2025-02-03,1262.5,1277.5,1248.75,1250,54400,68486500,0,0
2025-02-04,1275,1297.5,1245,1245,26000,32766000,0,0
2025-02-05,1250,1250,1216.25,1226.25,56800,69776500,0,0
2025-02-06,1240,1252.5,1235,1237.5,36400,45230500,0,0
2025-02-07,1237.5,1267.5,1233.75,1246.25,38400,47933000,0,0
2025-02-10,1246.25,1252.5,1237.5,1240,20400,25387000,0,0
2025-02-12,1257.5,1272.5,1250,1267.5,30000,37875000,0,0
2025-02-13,1287.5,1300,1272.5,1300,29600,38246000,0,0
2025-02-14,1287.5,1317.5,1277.5,1297.5,98800,128202000,0,0
2025-02-17,1315,1470,1315,1467.5,88000,123305000,0,0
2025-02-18,1457.5,1495,1427.5,1465,56800,83029000,0,0
2025-02-19,1465,1482.5,1452.5,1462.5,36000,52808000,0,0
2025-02-20,1462.5,1475,1455,1460,25200,36895000,0,0
2025-02-21,1460,1467.5,1447.5,1460,27600,40221000,0,0
2025-02-25,1435,1490,1412.5,1480,91600,132069000,0,0
2025-02-26,1462.5,1490,1432.5,1480,69200,101585000,0,0
2025-02-27,1500,1547.5,1500,1535,53200,81243000,0,0
2025-02-28,1535,1560,1500,1500,107200,162019000,0,0
2025-03-03,1545,1562.5,1540,1557.5,41600,64472000,0,0
2025-03-04,1542.5,1562.5,1537.5,1540,30400,46928000,0,0
2025-03-05,1542.5,1557.5,1537.5,1537.5,27200,41970000,0,0
2025-03-06,1560,1595,1560,1590,28800,45435000,0,0
2025-03-07,1580,1600,1567.5,1580,27600,43678000,0,0
2025-03-10,1580,1580,1547.5,1562.5,43200,67812000,0,0
2025-03-11,1555,1557.5,1522.5,1542.5,41200,63558000,0,0
2025-03-12,1545,1570,1542.5,1552.5,40400,62842000,0,0
2025-03-13,1575,1575,1552.5,1552.5,39200,61363000,0,0
2025-03-14,1567.5,1572.5,1557.5,1557.5,40000,62651000,0,0
2025-03-17,1575,1595,1557.5,1570,91200,143286000,0,0
2025-03-18,1575,1577.5,1562.5,1565,40800,64043000,0,0
2025-03-19,1562.5,1620,1562.5,1610,64000,101178000,0,0
2025-03-21,1625,1650,1612.5,1647.5,83600,136503000,0,0
2025-03-24,1642.5,1657.5,1632.5,1637.5,99600,163615000,0,0
2025-03-25,1652.5,1655,1630,1640,82800,136409000,0,0
2025-03-26,1655,1672.5,1642.5,1662.5,98000,162301000,0,0
2025-03-27,1687.5,1687.5,1620,1675,360000,604250000,0,0
2025-03-28,1675,1702.5,1640,1690,116800,196114000,0,0
2025-03-31,1690,1690,1587.5,1610,63200,102789000,0,0
2025-04-01,1627.5,1650,1605,1605,29600,47954000,0,0
2025-04-02,1605,1605,1545,1550,30400,47431000,0,0
2025-04-03,1477.5,1522.5,1470,1512.5,45200,68033000,0,0
2025-04-04,1490,1507.5,1400,1425,70000,101122000,0,0
2025-04-07,1375,1375,1295,1325,46800,62364000,0,0
2025-04-08,1325,1430,1325,1405,26800,37358000,0,0
2025-04-09,1355,1400,1352.5,1367.5,43600,59808000,0,0
2025-04-10,1567.5,1615,1530,1597.5,38400,60687000,0,0
2025-04-11,1572.5,1595,1525,1577.5,28000,43798000,0,0
2025-04-14,1602.5,1625,1567.5,1597.5,22000,35198000,0,0
2025-04-15,1582.5,1605,1565,1565,16400,25858000,0,0
2025-04-16,1577.5,1605,1575,1605,28800,46004000,0,0
2025-04-17,1620,1635,1617.5,1635,10000,16284000,0,0
2025-04-18,1660,1742.5,1660,1732.5,44400,75880000,0,0
2025-04-21,1730,1780,1730,1775,28800,50770000,0,0
2025-04-22,1782.5,1822.5,1757.5,1787.5,29200,52210000,0,0
2025-04-23,1820,1862.5,1780,1817.5,43200,78608000,0,0
2025-04-24,1827.5,1830,1707.5,1727.5,27600,48157000,0,0
2025-04-25,1725,1735,1660,1692.5,22800,38737000,0,0
2025-04-28,1692.5,1757.5,1692.5,1710,38000,65163000,0,0
2025-04-30,1710,1727.5,1680,1692.5,27600,46866000,0,0
2025-05-01,1685,1690,1642.5,1662.5,31600,52419000,0,0
2025-05-02,1662.5,1670,1635,1665,23600,39091000,0,0
2025-05-07,1650,1727.5,1635,1710,42000,71004000,0,0
2025-05-08,1697.5,1747.5,1697.5,1740,13600,23380000,0,0
2025-05-09,1745,1755,1712.5,1720,27600,47713000,0,0
2025-05-12,1737.5,1742.5,1717.5,1725,11200,19372000,0,0
2025-05-13,1762.5,1775,1737.5,1737.5,33600,58988000,0,0
2025-05-14,1740,1807.5,1717.5,1770,62800,110929000,0,0
2025-05-15,1772.5,1797.5,1712.5,1735,59200,104250000,0,0
2025-05-16,1720,1762.5,1707.5,1762.5,17200,29993000,0,0
2025-05-19,1740,1755,1705,1717.5,20400,35179000,0,0
2025-05-20,1717.5,1717.5,1652.5,1662.5,34000,56805000,0,0
2025-05-21,1662.5,1662.5,1605,1612.5,23600,38199000,0,0
2025-05-22,1612.5,1710,1585,1650,38800,64734000,0,0
2025-05-23,1657.5,1672.5,1637.5,1650,16000,26418000,0,0
2025-05-26,1650,1660,1625,1652.5,12800,21079000,0,0
2025-05-27,1632.5,1677.5,1632.5,1647.5,10800,17828000,0,0
2025-05-28,1660,1712.5,1652.5,1677.5,49200,82903000,0,0
2025-05-29,1685,1735,1675,1735,37200,63772000,0,0
2025-05-30,1725,1850,1722.5,1820,62000,111423000,0,0
2025-06-02,1797.5,1892.5,1797.5,1842.5,43600,80707000,0,0
2025-06-03,1842.5,1887.5,1825,1827.5,56000,103581000,0,0
2025-06-04,1810,1945,1752.5,1927.5,63200,117653000,0,0
2025-06-05,1932.5,1932.5,1855,1857.5,52800,99619000,0,0
2025-06-06,1857.5,1880,1830,1850,29600,54863000,0,0
2025-06-09,1850,1907.5,1840,1907.5,20400,38466000,0,0
2025-06-10,1910,1925,1850,1870,23200,43599000,0,0
2025-06-11,1870,2015,1870,1992.5,74400,146817000,0,0
2025-06-12,1962.5,2000,1937.5,1942.5,43200,84341000,0,0
2025-06-13,1935,1950,1882.5,1897.5,43600,83264000,0,0
2025-06-16,1935,1935,1877.5,1910,29200,55576000,0,0
2025-06-17,1892.5,1925,1885,1910,38000,72383000,0,0
2025-06-18,1892.5,1920,1842.5,1895,52800,99692000,0,0
2025-06-19,1932.5,1975,1915,1935,60800,118075000,0,0
2025-06-20,1935,1967.5,1877.5,1927.5,194400,374917000,0,0
2025-06-23,1902.5,1945,1882.5,1882.5,33200,63218000,0,0
2025-06-24,1915,1925,1870,1925,34800,66361000,0,0
2025-06-25,1925,1942.5,1880,1930,42400,81534000,0,0
2025-06-26,1930,1975,1930,1962.5,44000,86154000,0,0
2025-06-27,1970,2042.5,1970,2007.5,54800,110049000,0,0
2025-06-30,2025,2075,2002.5,2037.5,53200,108517000,0,0
2025-07-01,2045,2070,2000,2000,35200,71246000,0,0
2025-07-02,2005,2047.5,1957.5,1985,39600,79281000,0,0
2025-07-03,1995,1997.5,1900,1900,45200,87235000,0,0
2025-07-04,1917.5,1942.5,1862.5,1927.5,30800,58921000,0,0
2025-07-07,1942.5,1950,1900,1907.5,12400,23717000,0,0
2025-07-08,1912.5,1972.5,1912.5,1950,34000,66300000,0,0
2025-07-09,1937.5,2020,1937.5,1997.5,40400,80424000,0,0
2025-07-10,1997.5,1997.5,1945,1945,55600,108414000,0,0
2025-07-11,1977.5,2000,1945,1945,18000,35407000,0,0
2025-07-14,1945,1995,1945,1977.5,32000,63079000,0,0
2025-07-15,2002.5,2012.5,1960,1960,13600,26948000,0,0
2025-07-16,1982.5,1995,1967.5,1967.5,12800,25242000,0,0
2025-07-17,1967.5,2017.5,1967.5,2000,17200,34349000,0,0
2025-07-18,2000,2020,2000,2005,19600,39343000,0,0
2025-07-22,2005,2010,1975,1990,34000,67865000,0,0
2025-07-23,1982.5,2012.5,1960,2005,50000,99562000,0,0
2025-07-24,1987.5,2070,1987.5,2070,28400,58271000,0,0
2025-07-25,2070,2110,2037.5,2062.5,26400,54689000,0,0
2025-07-28,2087.5,2087.5,2047.5,2062.5,15200,31406000,0,0
2025-07-29,2032.5,2075,2032.5,2060,16800,34536000,0,0
2025-07-30,2032.5,2160,2032.5,2145,42800,91348000,0,0
2025-07-31,2170,2210,2150,2160,44400,96667000,0,0
2025-08-01,2160,2195,2147.5,2180,17200,37419000,0,0
2025-08-04,2150,2190,2115,2140,20800,44648000,0,0
2025-08-05,2132.5,2210,2115,2170,43200,93703000,0,0
2025-08-06,2192.5,2247.5,2175,2225,20400,45203000,0,0
2025-08-07,2235,2292.5,2222.5,2245,39600,89183000,0,0
2025-08-08,2262.5,2310,2240,2275,25600,58311000,0,0
2025-08-12,2312.5,2337.5,2232.5,2287.5,34000,77578000,0,0
2025-08-13,2312.5,2332.5,2275,2322.5,28000,64823000,0,0
2025-08-14,2292.5,2345,2290,2320,44400,103142000,0,0
2025-08-15,2320,2320,2152.5,2210,62800,138565000,0,0
2025-08-18,2247.5,2290,2230,2290,42000,95181000,0,0
2025-08-19,2312.5,2340,2250,2337.5,45600,104664000,0,0
2025-08-20,2337.5,2337.5,2280,2287.5,16800,38534000,0,0
2025-08-21,2280,2292.5,2190,2205,41200,91582000,0,0
2025-08-22,2205,2265,2175,2232.5,35600,79255000,0,0
2025-08-25,2200,2237.5,2177.5,2225,27200,60189000,0,0
2025-08-26,2195,2245,2195,2235,38000,84563000,0,0
2025-08-27,2235,2272.5,2197.5,2250,50800,113272000,0,0
2025-08-28,2265,2265,2212.5,2212.5,27600,61452000,0,0
2025-08-29,2215,2232.5,2200,2202.5,28400,62736000,0,0
2025-09-01,2202.5,2232.5,2190,2225,40000,88656000,0,0
2025-09-02,2230,2250,2195,2220,39600,88226000,0,0
2025-09-03,2235,2235,2192.5,2192.5,38000,83753000,0,0
2025-09-04,2172.5,2200,2170,2182.5,50000,109124000,0,0
2025-09-05,2180,2212.5,2155,2187.5,31200,68358000,0,0
2025-09-08,2187.5,2217.5,2177.5,2217.5,33600,73854000,0,0
2025-09-09,2220,2240,2200,2220,36800,81772000,0,0
2025-09-10,2220,2220,2185,2195,24400,53567000,0,0
2025-09-11,2197.5,2212.5,2130,2135,50400,108934000,0,0
2025-09-12,2155,2155,2090,2127.5,50400,107538000,0,0
2025-09-16,2127.5,2162.5,2125,2147.5,32000,68585000,0,0
2025-09-17,2117.5,2117.5,2050,2072.5,54800,113549000,0,0
2025-09-18,2090,2115,2060,2115,34400,72254000,0,0
2025-09-19,2135,2202.5,2135,2182.5,64000,139361000,0,0
2025-09-22,2207.5,2220,2180,2182.5,45600,100249000,0,0
2025-09-24,2202.5,2217.5,2165,2187.5,46800,102643000,0,0
2025-09-25,2212.5,2225,2187.5,2217.5,35200,77907000,0,0
2025-09-26,2222.5,2250,2187.5,2205,52800,116496000,0,0
2025-09-29,2227.5,2227.5,2162.5,2185,36800,80450000,0,0
2025-09-30,2205,2205,2180,2190,26400,57821000,0,0
2025-10-01,2205,2210,2132.5,2142.5,50800,109593000,0,0
2025-10-02,2180,2180,2097.5,2120,66000,140669000,0,0
2025-10-03,2120,2180,2120,2155,27600,59544000,0,0
2025-10-06,2175,2200,2150,2195,57200,124914000,0,0
2025-10-07,2217.5,2225,2190,2200,43600,96224000,0,0
2025-10-08,2212.5,2212.5,2120,2120,52800,113585000,0,0
2025-10-09,2107.5,2115,2010,2027.5,81200,166368000,0,0
2025-10-10,1990,2030,1975,2030,83200,166894000,0,0
2025-10-14,1995,2032.5,1952.5,1970,77200,152800000,0,0
2025-10-15,1997.5,1997.5,1967.5,1982.5,45200,89658000,0,0
2025-10-16,2000,2010,1970,1987.5,28800,57231000,0,0
2025-10-17,1987.5,1987.5,1957.5,1965,26400,52007000,0,0
2025-10-20,2002.5,2005,1962.5,1977.5,27600,54778000,0,0
2025-10-21,1995,2007.5,1967.5,1977.5,39600,78488000,0,0
2025-10-22,1977.5,2025,1972.5,1972.5,49600,98301000,0,0
2025-10-23,1970,2010,1970,1990,40000,79743000,0,0
2025-10-24,2027.5,2027.5,1980,1987.5,32000,63815000,0,0
2025-10-27,2015,2040,1997.5,2030,35600,71990000,0,0
2025-10-28,2000,2000,1880,1897.5,64400,124349000,0,0
2025-10-29,1900,1912.5,1877.5,1895,59200,112300000,0,0
2025-10-30,1915,1935,1862.5,1862.5,337600,632054000,0,0
2025-10-31,1865,1890,1807.5,1885,121200,224430000,0,0
2025-11-04,1885,1920,1845,1865,44800,84145000,0,0
2025-11-05,1875,1902.5,1847.5,1875,67600,126540000,0,0
2025-11-06,1900,1952.5,1887.5,1915,32800,63110000,0,0
2025-11-07,1897.5,1930,1882.5,1907.5,43600,82845000,0,0
2025-11-10,1912.5,1947.5,1887.5,1890,31600,60239000,0,0
2025-11-11,1890,1905,1862.5,1895,31600,59508000,0,0
2025-11-12,1925,2047.5,1900,1930,138400,270954000,0,0
2025-11-13,1920,1932.5,1830,1847.5,84000,157654000,0,0
2025-11-14,1847.5,1847.5,1787.5,1812.5,58000,105310000,0,0
2025-11-17,1812.5,1855,1812.5,1845,31200,57414000,0,0
2025-11-18,1852.5,1855,1810,1845,38800,71311000,0,0
2025-11-19,1845,1860,1835,1835,36000,66336000,0,0
2025-11-20,1840,1882.5,1840,1882.5,27200,50913000,0,0
2025-11-21,1882.5,1990,1882.5,1970,74800,146478000,0,0
2025-11-25,1990,2035,1917.5,1937.5,81200,160487000,0,0
2025-11-26,1975,2020,1975,2005,48000,96218000,0,0
2025-11-27,2022.5,2042.5,2022.5,2027.5,39600,80346000,0,0
2025-11-28,2042.5,2067.5,2027.5,2060,46400,95361000,0,0
2025-12-01,2070,2087.5,2037.5,2060,41600,85812000,0,0
2025-12-02,2022.5,2040,1995,2025,27600,55753000,0,0
2025-12-03,2007.5,2007.5,1927.5,1927.5,47600,92932000,0,0
2025-12-04,1945,2000,1945,1995,34400,68432000,0,0
2025-12-05,1995,1995,1960,1960,25200,49638000,0,0
2025-12-08,1970,1982.5,1947.5,1977.5,36800,72318000,0,0
2025-12-09,1985,2005,1985,1990,35600,70962000,0,0
2025-12-10,2027.5,2027.5,1987.5,2012.5,17600,35374000,0,0
2025-12-11,1975,2027.5,1975,1977.5,34800,69569000,0,0
2025-12-12,2037.5,2075,2035,2060,48000,98590000,0,0
2025-12-15,2075,2085,2060,2082.5,29600,61485000,0,0
2025-12-16,2087.5,2087.5,2045,2050,28800,59262000,0,0
2025-12-17,2072.5,2072.5,2015,2017.5,20800,42149000,0,0
2025-12-18,2040,2085,2035,2065,36000,74487000,0,0
2025-12-19,2065,2080,2052.5,2075,38000,78698000,0,0
2025-12-22,2112.5,2112.5,2057.5,2057.5,18800,38894000,0,0
2025-12-23,2095,2097.5,2052.5,2097.5,18400,38332000,0,0
2025-12-24,2097.5,2125,2060,2072.5,22800,47501000,0,0
2025-12-25,2072.5,2097.5,2072.5,2085,12000,24971000,0,0
2025-12-26,2097.5,2097.5,2062.5,2072.5,18000,37386000,0,0
2025-12-29,2072.5,2097.5,2060,2097.5,36400,76094000,0,0
2025-12-30,2072.5,2085,2045,2045,25600,52634000,0,0
2026-01-05,2007.5,2035,1992.5,2000,30000,60179000,0,0
2026-01-06,2000,2055,2000,2042.5,27200,55439000,0,0
2026-01-07,2042.5,2057.5,2015,2032.5,21600,44003000,0,0
2026-01-08,2032.5,2070,2000,2000,26400,53163000,0,0
2026-01-09,1982.5,1990,1962.5,1982.5,24800,49122000,0,0
2026-01-13,2057.5,2077.5,2017.5,2022.5,28800,58660000,0,0
2026-01-14,2032.5,2032.5,1992.5,2005,24800,49737000,0,0
2026-01-15,2005,2040,2005,2022.5,25200,50997000,0,0
2026-01-16,2022.5,2075,2020,2050,20800,42542000,0,0
2026-01-19,2050,2052.5,2017.5,2030,35600,72618000,0,0
2026-01-20,2022.5,2022.5,1990,2002.5,23200,46434000,0,0
2026-01-21,1965,2002.5,1950,1987.5,22000,43517000,0,0
2026-01-22,1990,2017.5,1987.5,1997.5,13200,26371000,0,0
2026-01-23,2015,2042.5,2002.5,2005,19200,38744000,0,0
2026-01-26,1977.5,2022.5,1975,1977.5,35200,70070000,0,0
2026-01-27,1975,1975,1930,1940,35200,68481000,0,0
2026-01-28,1920,1932.5,1885,1922.5,32800,62841000,0,0
2026-01-29,1885,1917.5,1860,1905,36000,68225000,0,0
2026-01-30,1942.5,1942.5,1897.5,1912.5,33600,64387000,0,0
2026-02-02,1912.5,1960,1887.5,1892.5,40400,77165000,0,0
2026-02-03,1912.5,1962.5,1912.5,1950,27600,53735000,0,0
2026-02-04,1927.5,1962.5,1925,1925,21600,41781000,0,0
2026-02-05,1952.5,1972.5,1915,1930,32800,63921000,0,0
2026-02-06,1917.5,1930,1900,1900,25200,48185000,0,0
2026-02-09,1930,1982.5,1907.5,1980,52000,101731000,0,0
2026-02-10,1987.5,2045,1987.5,2005,26400,53161000,0,0
2026-02-12,2037.5,2060,2010,2045,40000,81813000,0,0
2026-02-13,2045,2052.5,1947.5,1955,47600,93840000,0,0
2026-02-16,1992.5,1997.5,1825,1830,96400,182354000,0,0
2026-02-17,1842.5,1842.5,1772.5,1772.5,62800,113047000,0,0
2026-02-18,1770,1812.5,1750,1782.5,55200,98459000,0,0
2026-02-19,1782.5,1822.5,1760,1822.5,44800,80527000,0,0
2026-02-20,1800,1855,1767.5,1817.5,57600,104807000,0,0
2026-02-24,1817.5,1862.5,1800,1812.5,40400,73794000,0,0
2026-02-25,1800,1997.5,1800,1975,114400,219819000,0,0
2026-02-26,1990,2050,1960,1990,100800,202969000,0,0
2026-02-27,1965,2057.5,1940,2057.5,65200,129890000,0,0
2026-03-02,2042.5,2042.5,1970,1985,49200,98086000,0,0
2026-03-03,1962.5,1975,1912.5,1927.5,44400,86320000,0,0
2026-03-04,1890,1892.5,1805,1815,43600,80003000,0,0
2026-03-05,1852.5,1910,1842.5,1860,50000,93469000,0,0
2026-03-06,1825,1880,1825,1860,43600,80911000,0,0
2026-03-09,1767.5,1790,1717.5,1762.5,82800,145107000,0,0
2026-03-10,1800,1835,1790,1815,39200,71007000,0,0
2026-03-11,1840,1847.5,1820,1822.5,17200,31456000,0,0
2026-03-12,1812.5,1825,1785,1790,46800,84126000,0,0
2026-03-13,1752.5,1810,1752.5,1772.5,59600,105244000,0,0
2026-03-16,1770,1795,1770,1770,49200,87457000,0,0
2026-03-17,1785,1810,1785,1785,40000,71734000,0,0
2026-03-18,1820,1867.5,1820,1852.5,45200,83540000,0,0
2026-03-19,1807.5,1807.5,1767.5,1767.5,68800,122971000,0,0
2026-03-23,1745,1760,1700,1720,102000,177260000,0,0
2026-03-24,1770,1800,1750,1792.5,54800,97273000,0,0
2026-03-25,1837.5,1870,1827.5,1842.5,62800,115583000,0,0
2026-03-26,1842.5,1845,1795,1830,96800,177326000,0,0
2026-03-27,1817.5,1857.5,1815,1840,196800,359628000,0,0
2026-03-30,1860,1870,1757,1855,151100,275863400,0,0
2026-03-31,1815,1855,1721,1740,87200,152837600,0,0
2026-04-01,1800,1820,1769,1781,61200,109182200,0,0
2026-04-02,1809,1874,1790,1804,51700,93751400,0,0
2026-04-03,1799,1836,1778,1787,39000,70009800,0,0
2026-04-06,1787,1819,1782,1784,25300,45385900,0,0
2026-04-07,1799,1850,1794,1838,36900,67263800,0,0
2026-04-08,1897,1938,1873,1900,74600,141754700,0,0
2026-04-09,1898,1930,1850,1862,45200,84865000,0,0
2026-04-10,1880,1890,1844,1868,23400,43667200,0,0
2026-04-13,1895,1900,1825,1834,48000,88616100,0,0
2026-04-14,1835,1846,1776,1776,43100,77346600,0,0
2026-04-15,1816,1840,1766,1777,49200,88075100,0,0
2026-04-16,1809,1849,1790,1799,56700,102457700,0,0
2026-04-17,1777,1793,1756,1768,35600,62910300,0,0
2026-04-20,1797,1810,1750,1764,60300,107034500,0,0
2026-04-21,1793,1793,1752,1766,26900,47591200,0,0
2026-04-22,1763,1766,1721,1732,38300,66469500,0,0
2026-04-23,1722,1756,1710,1756,61300,106437200,0,0
2026-04-24,1739,1761,1728,1734,38500,67067500,0,0
2026-04-27,1734,1756,1716,1743,36600,63786000,0,0
2026-04-28,1757,1765,1746,1763,39200,68986800,0,0
2026-04-30,1750,1750,1709,1716,57800,99488200,0,0
2026-05-01,1720,1721,1670,1691,68000,115049300,0,0
2026-05-07,1709,1746,1709,1733,44600,77351600,0,0
2026-05-08,1725,1747,1696,1708,53700,91879900,0,0
2026-05-11,1712,1753,1698,1753,57200,99344000,0,0
2026-05-12,1755,1795,1751,1755,40000,70501800,0,0
2026-05-13,1750,1775,1735,1739,40900,71503400,0,0
2026-05-14,1752,1760,1526,1566,82800,137686300,0,0
2026-05-18,1617,1642,1533,1594,119300,188838100,0,0
2026-05-19,1595,1624,1564,1571,64900,103437600,0,0
2026-05-20,1571,1599,1490,1533,88800,135693200,0,0
2026-05-21,1545,1584,1545,1558,35400,55222900,0,0
2026-05-22,1551,1600,1508,1573,95500,149243800,0,0
2026-05-25,1573,1597,1570,1579,58600,92753900,0,0
2026-05-26,1573,1606,1539,1574,50600,79746300,0,0
2026-05-27,1568,1569,1504,1524,58400,88896200,0,0
2026-05-28,1526,1550,1498,1535,67800,103704100,0,0
2026-05-29,1544,1566,1527,1565,145900,227257100,0,0
2026-06-01,1531,1574,1515,1541,119200,183870500,0,0
2026-06-02,1516,1541,1497,1508,50600,76929300,0,0
2026-06-03,1511,1525,1408,1463,182700,265090900,0,0
2026-06-04,1460,1469,1435,1452,72600,105757000,0,0
2026-06-05,1452,1485,1452,1462,55200,81120400,0,0
2026-06-08,1442,1463,1412,1429,76300,109336900,0,0
2026-06-09,1429,1457,1422,1449,53500,77418800,0,0
2026-06-10,1428,1456,1400,1402,68500,97252500,0,0
2026-06-11,1401,1411,1362,1409,52700,73531000,0,0
2026-06-12,1420,1430,1395,1398,72700,102510400,0,0
2026-06-15,1448,1455,1422,1426,54700,78484400,0,0
2026-06-16,1413,1425,1400,1415,46200,65166700,0,0
2026-06-17,1424,1442,1417,1418,41300,58871900,0,0
2026-06-18,1412,1431,1402,1408,51700,73082100,0,0
2026-06-19,1427,1448,1405,1448,90800,130689600,0,0
2026-06-22,1418,1474,1418,1456,72700,106119800,0,0
2026-06-23,1447,1456,1433,1437,51300,74063300,0,0
2026-06-24,1437,1469,1382,1447,118700,169242700,0,0
2026-06-25,1460,1501,1442,1466,73400,108293700,0,0
2026-06-26,1477,1534,1477,1526,62000,94218400,0,0
2026-06-29,1537,1569,1537,1568,67700,105557900,0,0
2026-06-30,1568,1568,1530,1530,80700,124901900,0,0
2026-07-01,1530,1555,1528,1543,40000,61630300,0,0
2026-07-02,1582,1595,1555,1583,50100,79382100,0,0
2026-07-03,1596,1633,1596,1628,46400,75181100,0,0
2026-07-06,1630,1757,1630,1750,104500,179566200,0,0
2026-07-07,1750,1807,1740,1777,94700,168266700,0,0
2026-07-08,1767,1770,1730,1754,60800,106632600,0,0
2026-07-09,1716,1733,1701,1714,56000,96041900,0,0
2026-07-10,1715,1742,1715,1721,66500,114760600,0,0
2026-07-13,1761,1762,1718,1732,42100,73278200,0,0
2026-07-14,1752,1800,1745,1761,38700,68560600,0,0
2026-07-15,1764,1795,1752,1783,37200,66167100,0,0
2026-07-16,1777,1803,1763,1784,40100,71498000,0,0
2026-07-17,1800,1819,1723,1740,52100,91851500,0,0
2026-07-21,1780,1791,1756,1761,71700,126947400,0,0
2026-07-22,1775,1781,1750,1765,64100,113043600,0,0
2026-07-23,1765,1772,1725,1743,27900,48651000,0,0
2026-07-24,1728,1750,1720,1742,35000,60752600,0,0
2026-07-27,1767,1849,1760,1839,56200,102673000,0,0
2026-07-28,1839,1859,1820,1846,57200,105363000,0,0
2026-07-29,1870,1910,1834,1897,76200,143515900,0,0
2026-07-30,1880,1933,1872,1929,94100,180197100,0,0
2026-07-31,1937,1954,1907,1909,60900,117041100,0,0
2026-08-03,1878,1901,1834,1886,44500,83431200,0,0
2026-08-04,1858,1878,1832,1852,54200,100467400,0,0
2026-08-05,1886,1886,1819,1851,64400,119190900,0,0
2026-08-06,1811,1882,1802,1874,65200,121652900,0,0
2026-08-07,1909,1909,1863,1863,42700,80053200,0,0
2026-08-10,1850,1865,1822,1843,48800,89817600,0,0
2026-08-12,1872,1897,1856,1863,64600,121144300,0,0
2026-08-13,1892,1953,1818,1862,166400,311898900,0,0
2026-08-14,1836,1975,1800,1943,84800,162685500,0,0
2026-08-17,1924,1980,1919,1950,61000,119429500,0,0
2026-08-18,1949,2017,1934,1996,94100,187865900,0,0
2026-08-19,1996,1996,1918,1926,48300,93479800,0,0
2026-08-20,1947,1985,1939,1962,50000,98116400,0,0
2026-08-21,1967,1981,1943,1968,44200,86773800,0,0
2026-08-24,1981,2011,1969,2008,59300,118267000,0,0
2026-08-25,2037,2086,2028,2047,46500,95498300,0,0
2026-08-26,2049,2086,2028,2078,56500,116695500,0,0
2026-08-27,2100,2150,2080,2104,63900,134618700,0,0
2026-08-28,2138,2138,2081,2108,50500,106337300,0,0
2026-08-31,2108,2155,2090,2134,48800,104236800,0,0
