Date,Open,High,Low,Close,Volume,TradingValue,UpLimit,UnderLimit
2016-02-05,627.5,630,612.5,617.5,236000,,,
2016-02-08,635,642.5,630,640,278000,,,
2016-02-09,615,620,612.5,612.5,284000,,,
2016-02-10,620,620,600,602.5,284000,,,
2016-02-12,595,600,587.5,587.5,626000,,,
2016-02-15,612.5,615,602.5,612.5,234000,,,
2016-02-16,612.5,625,612.5,612.5,234000,,,
2016-02-17,615,617.5,595,605,268000,,,
2016-02-18,615,622.5,610,617.5,250000,,,
2016-02-19,615,617.5,602.5,605,222000,,,
2016-02-22,600,612.5,600,607.5,142000,,,
2016-02-23,610,610,605,605,130000,,,
2016-02-24,602.5,610,600,600,226000,,,
2016-02-25,605,617.5,602.5,617.5,212000,,,
2016-02-26,620,625,612.5,617.5,162000,,,
2016-02-29,622.5,625,602.5,602.5,270000,,,
2016-03-01,602.5,610,597.5,607.5,174000,,,
2016-03-02,615,620,612.5,617.5,204000,,,
2016-03-03,617.5,625,617.5,625,118000,,,
2016-03-04,620,635,620,630,370000,,,
2016-03-07,630,630,622.5,627.5,160000,,,
2016-03-08,627.5,630,622.5,622.5,184000,,,
2016-03-09,625,625,617.5,617.5,140000,,,
2016-03-10,620,632.5,620,630,364000,,,
2016-03-11,622.5,637.5,622.5,635,366000,,,
2016-03-14,642.5,650,640,647.5,298000,,,
2016-03-15,640,655,640,650,296000,,,
2016-03-16,647.5,650,642.5,642.5,146000,,,
2016-03-17,645,650,637.5,640,112000,,,
2016-03-18,640,647.5,640,642.5,596000,,,
2016-03-22,642.5,660,640,655,240000,,,
2016-03-23,652.5,660,652.5,657.5,138000,,,
2016-03-24,657.5,657.5,647.5,647.5,126000,,,
2016-03-25,647.5,650,640,645,212000,,,
2016-03-28,650,650,635,650,460000,,,
2016-03-29,642.5,652.5,637.5,650,188000,,,
2016-03-30,650,650,637.5,637.5,178000,,,
2016-03-31,640,640,635,635,146000,,,
2016-04-01,637.5,637.5,615,615,328000,,,
2016-04-04,620,620,605,612.5,300000,,,
2016-04-05,610,610,600,600,204000,,,
2016-04-06,600,605,587.5,587.5,348000,,,
2016-04-07,590,610,585,590,230000,,,
2016-04-08,582.5,597.5,582.5,590,334000,,,
2016-04-11,590,590,582.5,590,200000,,,
2016-04-12,590,597.5,587.5,590,156000,,,
2016-04-13,597.5,600,595,597.5,144000,,,
2016-04-14,605,622.5,602.5,622.5,216000,,,
2016-04-15,617.5,625,615,620,126000,,,
2016-04-18,612.5,612.5,602.5,602.5,128000,,,
2016-04-19,615,617.5,605,615,290000,,,
2016-04-20,615,627.5,612.5,612.5,184000,,,
2016-04-21,622.5,627.5,617.5,625,292000,,,
2016-04-22,622.5,627.5,612.5,622.5,348000,,,
2016-04-25,627.5,627.5,620,622.5,180000,,,
2016-04-26,620,622.5,602.5,615,246000,,,
2016-04-27,615,617.5,610,612.5,84000,,,
2016-04-28,620,620,602.5,605,300000,,,
2016-05-02,595,597.5,590,592.5,302000,,,
2016-05-06,600,600,582.5,587.5,448000,,,
2016-05-09,592.5,600,592.5,595,236000,,,
2016-05-10,602.5,615,600,615,244000,,,
2016-05-11,615,620,612.5,617.5,194000,,,
2016-05-12,617.5,625,602.5,620,364000,,,
2016-05-13,620,620,595,595,460000,,,
2016-05-16,600,610,595,597.5,302000,,,
2016-05-17,600,615,600,610,222000,,,
2016-05-18,612.5,612.5,600,607.5,364000,,,
2016-05-19,610,617.5,610,615,240000,,,
2016-05-20,615,632.5,615,627.5,274000,,,
2016-05-23,627.5,637.5,617.5,632.5,350000,,,
2016-05-24,630,635,625,627.5,150000,,,
2016-05-25,637.5,637.5,630,635,134000,,,
2016-05-26,635,637.5,625,635,212000,,,
2016-05-27,637.5,650,630,642.5,348000,,,
2016-05-30,647.5,650,645,647.5,174000,,,
2016-05-31,645,662.5,640,662.5,518000,,,
2016-06-01,662.5,662.5,650,652.5,158000,,,
2016-06-02,650,650,637.5,637.5,130000,,,
2016-06-03,635,637.5,625,635,116000,,,
2016-06-06,625,632.5,625,630,186000,,,
2016-06-07,630,640,620,640,228000,,,
2016-06-08,640,640,627.5,637.5,128000,,,
2016-06-09,627.5,630,620,630,160000,,,
2016-06-10,625,627.5,617.5,625,512000,,,
2016-06-13,615,617.5,602.5,602.5,262000,,,
2016-06-14,605,605,595,595,168000,,,
2016-06-15,595,610,595,602.5,144000,,,
2016-06-16,605,605,590,590,218000,,,
2016-06-17,597.5,602.5,590,597.5,392000,,,
2016-06-20,602.5,605,597.5,597.5,170000,,,
2016-06-21,597.5,597.5,587.5,597.5,480000,,,
2016-06-22,602.5,602.5,595,602.5,150000,,,
2016-06-23,607.5,612.5,600,612.5,170000,,,
2016-06-24,625,625,575,580,600000,,,
2016-06-27,580,592.5,567.5,580,408000,,,
2016-06-28,570,580,567.5,572.5,316000,,,
2016-06-29,580,587.5,577.5,582.5,164000,,,
2016-06-30,597.5,597.5,582.5,582.5,136000,,,
2016-07-01,585,592.5,580,587.5,212000,,,
2016-07-04,587.5,590,582.5,587.5,132000,,,
2016-07-05,592.5,592.5,585,590,306000,,,
2016-07-06,577.5,582.5,567.5,582.5,310000,,,
2016-07-07,577.5,580,575,577.5,170000,,,
2016-07-08,577.5,582.5,570,570,174000,,,
2016-07-11,575,595,575,595,284000,,,
2016-07-12,597.5,610,592.5,607.5,294000,,,
2016-07-13,607.5,612.5,605,610,190000,,,
2016-07-14,610,615,605,610,140000,,,
2016-07-15,602.5,612.5,602.5,610,172000,,,
2016-07-19,610,612.5,605,612.5,208000,,,
2016-07-20,610,615,602.5,615,172000,,,
2016-07-21,610,612.5,607.5,612.5,146000,,,
2016-07-22,607.5,612.5,607.5,610,84000,,,
2016-07-25,615,615,605,612.5,250000,,,
2016-07-26,612.5,612.5,600,602.5,256000,,,
2016-07-27,607.5,612.5,602.5,605,362000,,,
2016-07-28,600,602.5,595,600,248000,,,
2016-07-29,605,605,590,597.5,296000,,,
2016-08-01,592.5,595,582.5,590,438000,,,
2016-08-02,590,592.5,587.5,587.5,190000,,,
2016-08-03,582.5,582.5,570,570,540000,,,
2016-08-04,575,590,572.5,580,354000,,,
2016-08-05,575,590,570,570,538000,,,
2016-08-08,582.5,582.5,572.5,577.5,322000,,,
2016-08-09,575,577.5,570,575,282000,,,
2016-08-10,575,577.5,570,575,174000,,,
2016-08-12,577.5,582.5,572.5,580,230000,,,
2016-08-15,582.5,582.5,570,570,386000,,,
2016-08-16,572.5,575,567.5,567.5,196000,,,
2016-08-17,567.5,577.5,567.5,577.5,270000,,,
2016-08-18,575,577.5,567.5,570,188000,,,
2016-08-19,572.5,575,570,575,128000,,,
2016-08-22,575,577.5,570,572.5,192000,,,
2016-08-23,572.5,582.5,572.5,577.5,350000,,,
2016-08-24,575,577.5,570,570,204000,,,
2016-08-25,575,575,570,570,120000,,,
2016-08-26,570,570,567.5,567.5,200000,,,
2016-08-29,572.5,575,570,572.5,146000,,,
2016-08-30,577.5,577.5,572.5,575,124000,,,
2016-08-31,575,580,572.5,580,166000,,,
2016-09-01,580,590,575,587.5,318000,,,
2016-09-02,585,585,577.5,582.5,178000,,,
2016-09-05,582.5,590,580,580,160000,,,
2016-09-06,580,585,580,582.5,190000,,,
2016-09-07,577.5,582.5,575,582.5,238000,,,
2016-09-08,577.5,585,577.5,585,124000,,,
2016-09-09,585,592.5,582.5,585,344000,,,
2016-09-12,580,587.5,577.5,585,204000,,,
2016-09-13,587.5,587.5,580,582.5,166000,,,
2016-09-14,582.5,585,580,580,110000,,,
2016-09-15,580,582.5,577.5,577.5,82000,,,
2016-09-16,582.5,592.5,577.5,592.5,284000,,,
2016-09-20,590,592.5,580,582.5,206000,,,
2016-09-21,582.5,600,580,600,248000,,,
2016-09-23,597.5,600,592.5,600,170000,,,
2016-09-26,607.5,610,602.5,605,306000,,,
2016-09-27,592.5,607.5,592.5,607.5,278000,,,
2016-09-28,612.5,614,602,612.75,26800,,,
2016-09-29,609.5,614,601,603.25,48000,,,
2016-09-30,591.75,592,582,583.75,41200,,,
2016-10-03,590.25,590.25,580.75,581.75,35000,,,
2016-10-04,594,594.25,589.5,594,20800,,,
2016-10-05,590,600,590,597.25,34200,,,
2016-10-06,600,604,598,601.75,19600,,,
2016-10-07,601.75,606,599.75,605.5,17800,,,
2016-10-11,605,612.5,603,607.75,14200,,,
2016-10-12,608,610,603.25,605.75,18400,,,
2016-10-13,606.25,610.75,601.25,605.5,24200,,,
2016-10-14,602.75,607.75,602.75,606.25,13400,,,
2016-10-17,605.5,607.75,597.5,598.5,19800,,,
2016-10-18,587.75,590.25,587.5,588,36200,,,
2016-10-19,590.25,591,585,587.25,29400,,,
2016-10-20,587.5,592.5,587.5,591.25,14000,,,
2016-10-21,590,592.5,587,590,22600,,,
2016-10-24,590,595,590,592.25,18600,,,
2016-10-25,592.25,599,592.25,596.5,35800,,,
2016-10-26,595.5,602.25,592.5,596.75,26600,,,
2016-10-27,598.5,598.5,594,597.75,21200,,,
2016-10-28,601,601,595.75,597.25,47000,,,
2016-10-31,597.25,599.75,595.75,599.25,36800,,,
2016-11-01,596.25,598.25,595.75,597.25,22800,,,
2016-11-02,596.25,596.25,580.25,584.25,64000,,,
2016-11-04,580.25,584,575,580.5,27600,,,
2016-11-07,589.75,599,587,596.75,45800,,,
2016-11-08,596.75,598.75,591,594.75,22000,,,
2016-11-09,582.25,593,568.75,575,73400,,,
2016-11-10,587.5,599.75,587.5,599,49600,,,
2016-11-11,599,612,596.75,600.5,43400,,,
2016-11-14,604,609.5,599.5,605.75,41600,,,
2016-11-15,601,609,599.75,607.75,31200,,,
2016-11-16,611.25,612.5,606,612.5,34200,,,
2016-11-17,607.5,612,603.25,612,21400,,,
2016-11-18,612.25,617,605,608.75,92000,,,
2016-11-21,612.5,616,605.75,613.75,39800,,,
2016-11-22,616,625,612,625,41600,,,
2016-11-24,625.5,637.5,625.5,636.25,59600,,,
2016-11-25,637.5,647,637.5,645.5,65200,,,
2016-11-28,645.25,645.25,632.5,644,35400,,,
2016-11-29,644,645.5,615.25,632.75,57400,,,
2016-11-30,634.75,648,634.75,647,54000,,,
2016-12-01,647.25,650,639,642.25,36600,,,
2016-12-02,646.75,649,642.5,647,52600,,,
2016-12-05,647,650,638.25,644.25,30000,,,
2016-12-06,650,664.75,650,664.5,69600,,,
2016-12-07,667.5,677.25,652.5,664.5,78400,,,
2016-12-08,675.5,682.25,667.5,675.75,64000,,,
2016-12-09,682.5,692.5,672.5,680.25,122200,,,
2016-12-12,682.25,685.5,669.75,672.75,52400,,,
2016-12-13,666.5,674.25,663.75,670.5,32800,,,
2016-12-14,671,679.75,670,678,31600,,,
2016-12-15,678,683.25,677.75,679.25,29400,,,
2016-12-16,683.25,686.5,678.5,682,47800,,,
2016-12-19,685,690,681.25,685.5,53000,,,
2016-12-20,686.5,694.25,682,692,70600,,,
2016-12-21,690.5,696.5,682.75,686.5,68200,,,
2016-12-22,686.5,695.25,686.5,692.5,64200,,,
2016-12-26,692.5,700,688.75,689.75,49000,,,
2016-12-27,690,700,689.75,698,67000,,,
2016-12-28,699.5,709.5,691.5,706,85200,,,
2016-12-29,705,710.75,703,707.5,59400,,,
2016-12-30,710,711.75,701.25,711.75,47200,,,
2017-01-04,714.25,731.75,714.25,731.75,107800,,,
2017-01-05,733.25,740.5,726.75,731.75,81800,,,
2017-01-06,728.75,728.75,720,723.25,73800,,,
2017-01-10,730,739,725,733.5,97000,,,
2017-01-11,733.5,737.5,728.75,737.5,38200,,,
2017-01-12,737.5,741.25,728.75,734.25,51800,,,
2017-01-13,736.5,736.75,729.5,735.5,43200,,,
2017-01-16,726.25,732.25,713,717.75,27200,,,
2017-01-17,713.25,714.5,703.75,705,27600,,,
2017-01-18,708,711.5,695.25,710,36200,,,
2017-01-19,712.5,726,712.5,725,36400,,,
2017-01-20,718,720,713.5,715.5,37600,,,
2017-01-23,710.5,723,710.5,719.5,45000,,,
2017-01-24,713.25,720,711.25,715.75,31400,,,
2017-01-25,723,731,722.5,729.5,47600,,,
2017-01-26,732.25,733.25,723.25,727.5,40400,,,
2017-01-27,731,733,723.5,723.75,47000,,,
2017-01-30,726.75,730,721.25,729.25,37200,,,
2017-01-31,717.5,727.25,717.25,724.5,31400,,,
2017-02-01,714.5,729.5,714.5,727.5,41200,,,
2017-02-02,727.5,730,716,718.25,31600,,,
2017-02-03,714,728,714,721.25,30000,,,
2017-02-06,725,729.75,719,724.25,26800,,,
2017-02-07,719.25,729.5,715.75,720.5,40600,,,
2017-02-08,725.25,726.75,709.25,724.25,35400,,,
2017-02-09,722.75,723.5,712.5,721.5,26200,,,
2017-02-10,726.25,727.5,722.5,723.5,33000,,,
2017-02-13,726.25,731.75,722.5,728.75,25600,,,
2017-02-14,731,742,725.75,727.5,43000,,,
2017-02-15,737.25,740,734.75,737.5,41200,,,
2017-02-16,737.25,737.5,731.25,734.75,20200,,,
2017-02-17,734.25,737.25,725.75,735.25,18000,,,
2017-02-20,735.25,735.25,726.5,731.25,11000,,,
2017-02-21,731.25,738.5,731.25,738.5,17800,,,
2017-02-22,738.75,741.75,734.5,741.25,25000,,,
2017-02-23,741.25,746.25,735.25,746.25,45000,,,
2017-02-24,741,746.25,737.5,744,20200,,,
2017-02-27,739,739.75,727.5,730,31000,,,
2017-02-28,733.25,741.75,729.75,733.5,45200,,,
2017-03-01,739.25,741.25,731.5,739.75,12800,,,
2017-03-02,744.5,746.75,741.5,745.25,25000,,,
2017-03-03,742.25,747.5,741,743,30400,,,
2017-03-06,743,743.25,732.25,734.5,30200,,,
2017-03-07,731.25,736.25,730,735.5,25400,,,
2017-03-08,735.5,740,733,736,22600,,,
2017-03-09,734.5,742.25,733.5,742,16000,,,
2017-03-10,749,749.25,737,745,49000,,,
2017-03-13,743.75,749.25,740.75,749.25,20000,,,
2017-03-14,749,749,741,744.25,16600,,,
2017-03-15,744.5,747,741.5,744.25,8600,,,
2017-03-16,736,747.5,736,747.5,19200,,,
2017-03-17,747.25,747.25,738.75,741.75,12800,,,
2017-03-21,741.25,745,737,744.5,13200,,,
2017-03-22,744,744,724.75,730.25,29000,,,
2017-03-23,732.75,735.5,725,728.5,16800,,,
2017-03-24,725.25,740.75,725.25,739,22400,,,
2017-03-27,729.5,740,729.5,730,20200,,,
2017-03-28,741.25,744.25,735,744.25,42400,,,
2017-03-29,741.5,741.5,696.5,729,33200,,,
2017-03-30,729.5,747.75,729.5,743.75,48200,,,
2017-03-31,745,745,712.75,712.75,33200,,,
2017-04-03,732.5,760,730,757.5,163200,,,
2017-04-04,750,758.75,746.25,755,96400,,,
2017-04-05,751.25,756.25,746,752.5,49800,,,
2017-04-06,752.5,752.5,733.75,734,52000,,,
2017-04-07,732.75,741.25,730.25,732.5,38000,,,
2017-04-10,733.75,746.25,733.25,739,13000,,,
2017-04-11,739,741.75,736.25,738.75,15000,,,
2017-04-12,730.5,733,720.25,732,29400,,,
2017-04-13,723,723,704.25,713.25,45000,,,
2017-04-14,706.5,713.5,705,710.75,17800,,,
2017-04-17,706.25,718.75,706.25,712.5,13000,,,
2017-04-18,725,736,722.5,723.75,26400,,,
2017-04-19,724,731.5,720.5,726.25,27800,,,
2017-04-20,719.75,726.75,718,719.75,19600,,,
2017-04-21,723.25,734,718.25,729,18800,,,
2017-04-24,730,746,730,742.25,26400,,,
2017-04-25,747.25,753.75,745.75,751.25,44200,,,
2017-04-26,746.25,753.75,739,751.25,29600,,,
2017-04-27,751.25,753.75,744.25,753.75,26800,,,
2017-04-28,752.5,752.5,746.5,747.25,23600,,,
2017-05-01,744.75,755,744.5,755,16400,,,
2017-05-02,755,760,749.25,755,33200,,,
2017-05-08,757.5,772.5,757.5,770,74000,,,
2017-05-09,770,772.5,761.25,770,38800,,,
2017-05-10,770,773.75,763.75,768.75,31600,,,
2017-05-11,768.75,797.5,762.5,792.5,104600,,,
2017-05-12,793.75,808.75,785,805,99600,,,
2017-05-15,770,800,770,796.25,46200,,,
2017-05-16,796.25,797.5,791.25,795,31800,,,
2017-05-17,781.25,787.5,781.25,785,26800,,,
2017-05-18,767.5,785,766.25,785,53400,,,
2017-05-19,791.25,805,781.25,801.25,57800,,,
2017-05-22,805,831.25,800,828.75,75000,,,
2017-05-23,831.25,831.25,820,826.25,63600,,,
2017-05-24,818.75,831.25,818.75,830,59200,,,
2017-05-25,822.5,837.5,821.25,831.25,73200,,,
2017-05-26,832.5,832.5,818.75,823.75,29000,,,
2017-05-29,830,832.5,820,832.5,47000,,,
2017-05-30,835,837.5,825,836.25,39400,,,
2017-05-31,827.5,852.5,827.5,848.75,71600,,,
2017-06-01,850,863.75,850,860,53000,,,
2017-06-02,865,886.25,863.75,886.25,109200,,,
2017-06-05,887.5,917.5,882.5,915,83400,,,
2017-06-06,915,916.25,883.75,888.75,114000,,,
2017-06-07,885,900,883.75,895,58200,,,
2017-06-08,895,900,888.75,896.25,73200,,,
2017-06-09,900,928.75,897.5,927.5,91000,,,
2017-06-12,910,920,892.5,911.25,79400,,,
2017-06-13,917.5,917.5,906.25,910,52800,,,
2017-06-14,903.75,926.25,897.5,917.5,81600,,,
2017-06-15,906.25,916.25,900,903.75,55800,,,
2017-06-16,903.75,921.25,895,917.5,86200,,,
2017-06-19,908.75,923.75,900,911.25,73800,,,
2017-06-20,920,957.5,920,933.75,142400,,,
2017-06-21,932.5,972.5,932.5,963.75,151800,,,
2017-06-22,968.75,983.75,961.25,977.5,99800,,,
2017-06-23,977.5,992.5,958.75,968.75,112400,,,
2017-06-26,970,972.5,943.75,943.75,87200,,,
2017-06-27,950,962.5,945,961.25,90000,,,
2017-06-28,953.75,983.75,953.75,981.25,150400,,,
2017-06-29,981.25,992.5,966.25,971.25,104400,,,
2017-06-30,971.25,971.25,946.25,961.25,105200,,,
2017-07-03,960,976.25,951.25,951.25,62000,,,
2017-07-04,967.5,1000,953.75,957.5,151000,,,
2017-07-05,965,971.25,950,960,68400,,,
2017-07-06,962.5,977.5,961.25,968.75,66000,,,
2017-07-07,968.75,986.25,957.5,958.75,81800,,,
2017-07-10,968.75,975,955,971.25,60000,,,
2017-07-11,968.75,988.75,968.75,988.75,70800,,,
2017-07-12,986.25,986.25,965,968.75,62000,,,
2017-07-13,983.75,1015,977.5,1015,193000,,,
2017-07-14,1021.25,1048.75,1020,1021.25,110800,,,
2017-07-18,1018.75,1031.25,1007.5,1022.5,77800,,,
2017-07-19,1030,1042.5,1021.25,1038.75,103000,,,
2017-07-20,1045,1068.75,1042.5,1057.5,117400,,,
2017-07-21,1062.5,1075,1062.5,1068.75,91800,,,
2017-07-24,1068.75,1093.75,1060,1093.75,108200,,,
2017-07-25,1091.25,1093.75,1068.75,1072.5,108400,,,
2017-07-26,1065,1073.75,1055,1065,75800,,,
2017-07-27,1071.25,1091.25,1060,1067.5,102200,,,
2017-07-28,1076.25,1076.25,1045,1052.5,70000,,,
2017-07-31,1050,1062.5,1028.75,1057.5,69000,,,
2017-08-01,1062.5,1073.75,1040,1047.5,71000,,,
2017-08-02,1047.5,1076.25,1047.5,1071.25,71000,,,
2017-08-03,1071.25,1076.25,1056.25,1060,83000,,,
2017-08-04,1062.5,1092.5,1058.75,1065,103600,,,
2017-08-07,1132.5,1211.25,1128.75,1207.5,392000,,,
2017-08-08,1200,1202.5,1150,1157.5,191400,,,
2017-08-09,1140,1168.75,1128.75,1150,188200,,,
2017-08-10,1136.25,1152.5,1118.75,1145,112400,,,
2017-08-14,1110,1143.75,1110,1111.25,106600,,,
2017-08-15,1115,1157.5,1115,1132.5,80000,,,
2017-08-16,1133.75,1146.25,1125,1133.75,71800,,,
2017-08-17,1143.75,1172.5,1136.25,1165,112800,,,
2017-08-18,1145,1155,1130,1140,87800,,,
2017-08-21,1150,1163.75,1140,1140,62200,,,
2017-08-22,1142.5,1145,1127.5,1132.5,39400,,,
2017-08-23,1150,1165,1136.25,1146.25,85600,,,
2017-08-24,1146.25,1172.5,1143.75,1158.75,110000,,,
2017-08-25,1172.5,1175,1151.25,1160,59200,,,
2017-08-28,1165,1165,1146.25,1156.25,39800,,,
2017-08-29,1158.75,1220,1151.25,1217.5,193200,,,
2017-08-30,1225,1246.25,1206.25,1222.5,150600,,,
2017-08-31,1233.75,1241.25,1213.75,1223.75,101400,,,
2017-09-01,1235,1235,1202.5,1220,90800,,,
2017-09-04,1218.75,1223.75,1185,1195,78800,,,
2017-09-05,1196.25,1207.5,1172.5,1176.25,105600,,,
2017-09-06,1150,1195,1147.5,1192.5,67600,,,
2017-09-07,1195,1215,1192.5,1205,71200,,,
2017-09-08,1191.25,1207.5,1183.75,1203.75,73200,,,
2017-09-11,1225,1237.5,1218.75,1223.75,63400,,,
2017-09-12,1237.5,1272.5,1237.5,1260,176600,,,
2017-09-13,1262.5,1275,1260,1267.5,107000,,,
2017-09-14,1292.5,1332.5,1292.5,1322.5,203600,,,
2017-09-15,1322.5,1385,1315,1382.5,189000,,,
2017-09-19,1397.5,1410,1350,1395,185400,,,
2017-09-20,1395,1395,1332.5,1345,148800,,,
2017-09-21,1342.5,1355,1332.5,1337.5,134200,,,
2017-09-22,1332.5,1342.5,1312.5,1317.5,102600,,,
2017-09-25,1315,1340,1315,1330,80200,,,
2017-09-26,1332.5,1332.5,1305,1317.5,95000,,,
2017-09-27,1327.5,1327.5,1297.5,1322.5,126200,,,
2017-09-28,1332.5,1335,1307.5,1325,104800,,,
2017-09-29,1325,1345,1317.5,1345,82000,,,
2017-10-02,1365,1380,1322.5,1330,215800,,,
2017-10-03,1347.5,1357.5,1307.5,1350,152800,,,
2017-10-04,1342.5,1362.5,1330,1360,115000,,,
2017-10-05,1360,1365,1340,1345,82600,,,
2017-10-06,1340,1370,1332.5,1360,136200,,,
2017-10-10,1355,1395,1352.5,1395,140200,,,
2017-10-11,1390,1402.5,1375,1382.5,87200,,,
2017-10-12,1382.5,1382.5,1357.5,1367.5,96400,,,
2017-10-13,1380,1385,1360,1375,92200,,,
2017-10-16,1380,1380,1355,1357.5,76000,,,
2017-10-17,1355,1360,1345,1355,58000,,,
2017-10-18,1342.5,1350,1327.5,1340,63400,,,
2017-10-19,1332.5,1342.5,1320,1325,79600,,,
2017-10-20,1307.5,1332.5,1307.5,1315,75400,,,
2017-10-23,1325,1360,1322.5,1352.5,117800,,,
2017-10-24,1360,1375,1347.5,1352.5,177600,,,
2017-10-25,1350,1365,1342.5,1350,74600,,,
2017-10-26,1362.5,1375,1347.5,1347.5,94600,,,
2017-10-27,1367.5,1367.5,1327.5,1337.5,99800,,,
2017-10-30,1345,1345,1332.5,1342.5,93800,,,
2017-10-31,1342.5,1370,1342.5,1365,86400,,,
2017-11-01,1347.5,1357.5,1337.5,1352.5,99200,,,
2017-11-02,1352.5,1360,1340,1350,89000,,,
2017-11-06,1342.5,1355,1327.5,1327.5,139400,,,
2017-11-07,1347.5,1405,1335,1395,291400,,,
2017-11-08,1352.5,1362.5,1265,1275,446800,,,
2017-11-09,1282.5,1295,1247.5,1280,310400,,,
2017-11-10,1247.5,1275,1247.5,1267.5,127800,,,
2017-11-13,1270,1275,1252.5,1262.5,82800,,,
2017-11-14,1270,1280,1260,1275,123400,,,
2017-11-15,1267.5,1267.5,1212.5,1226.25,157800,,,
2017-11-16,1213.75,1257.5,1212.5,1252.5,90800,,,
2017-11-17,1265,1277.5,1252.5,1260,148400,,,
2017-11-20,1265,1312.5,1265,1305,216400,,,
2017-11-21,1305,1327.5,1302.5,1315,122000,,,
2017-11-22,1322.5,1332.5,1317.5,1332.5,94600,,,
2017-11-24,1330,1347.5,1322.5,1340,93600,,,
2017-11-27,1337.5,1352.5,1322.5,1347.5,97200,,,
2017-11-28,1325,1332.5,1305,1312.5,70200,,,
2017-11-29,1300,1312.5,1290,1292.5,123600,,,
2017-11-30,1292.5,1295,1260,1292.5,125400,,,
2017-12-01,1295,1300,1280,1282.5,63400,,,
2017-12-04,1295,1297.5,1267.5,1270,113600,,,
2017-12-05,1345,1405,1340,1385,588800,,,
2017-12-06,1375,1375,1335,1352.5,255000,,,
2017-12-07,1365,1490,1365,1480,488200,,,
2017-12-08,1480,1507.5,1470,1480,271400,,,
2017-12-11,1487.5,1517.5,1445,1470,185800,,,
2017-12-12,1470,1542.5,1457.5,1460,233800,,,
2017-12-13,1460,1470,1432.5,1432.5,99800,,,
2017-12-14,1417.5,1427.5,1382.5,1390,236000,,,
2017-12-15,1390,1425,1387.5,1417.5,166200,,,
2017-12-18,1442.5,1457.5,1422.5,1452.5,93800,,,
2017-12-19,1452.5,1462.5,1427.5,1427.5,72400,,,
2017-12-20,1420,1445,1405,1440,84000,,,
2017-12-21,1420,1445,1415,1440,56400,,,
2017-12-22,1437.5,1452.5,1437.5,1437.5,65000,,,
2017-12-25,1437.5,1447.5,1427.5,1437.5,51800,,,
2017-12-26,1445,1452.5,1427.5,1427.5,40000,,,
2017-12-27,1425,1440,1425,1440,41000,,,
2017-12-28,1447.5,1452.5,1430,1432.5,51000,,,
2017-12-29,1437.5,1445,1427.5,1427.5,49600,,,
2018-01-04,1442.5,1470,1442.5,1467.5,92800,,,
2018-01-05,1477.5,1487.5,1455,1462.5,99200,,,
2018-01-09,1465,1470,1440,1452.5,127600,,,
2018-01-10,1447.5,1450,1425,1437.5,85200,,,
2018-01-11,1430,1477.5,1427.5,1477.5,149600,,,
2018-01-12,1477.5,1477.5,1437.5,1440,97200,,,
2018-01-15,1450,1460,1432.5,1432.5,52600,,,
2018-01-16,1432.5,1437.5,1422.5,1437.5,47400,,,
2018-01-17,1435,1492.5,1435,1490,184800,,,
2018-01-18,1490,1510,1442.5,1442.5,132000,,,
2018-01-19,1457.5,1462.5,1447.5,1462.5,40200,,,
2018-01-22,1452.5,1465,1447.5,1460,45400,,,
2018-01-23,1475,1485,1470,1485,58200,,,
2018-01-24,1482.5,1487.5,1467.5,1480,62000,,,
2018-01-25,1480,1480,1460,1467.5,74400,,,
2018-01-26,1457.5,1487.5,1457.5,1470,54200,,,
2018-01-29,1462.5,1495,1462.5,1490,61600,,,
2018-01-30,1495,1517.5,1472.5,1477.5,127600,,,
2018-01-31,1462.5,1482.5,1455,1455,77200,,,
2018-02-01,1462.5,1495,1460,1495,61400,,,
2018-02-02,1477.5,1487.5,1462.5,1475,75200,,,
2018-02-05,1442.5,1450,1410,1425,99000,,,
2018-02-06,1300,1342.5,1252.5,1307.5,206600,,,
2018-02-07,1417.5,1465,1367.5,1370,269000,,,
2018-02-08,1402.5,1455,1402.5,1425,190200,,,
2018-02-09,1320,1385,1320,1382.5,170400,,,
2018-02-13,1407.5,1410,1327.5,1330,142400,,,
2018-02-14,1342.5,1355,1287.5,1297.5,111200,,,
2018-02-15,1300,1322.5,1295,1302.5,63200,,,
2018-02-16,1310,1327.5,1302.5,1310,67200,,,
2018-02-19,1327.5,1360,1325,1357.5,50200,,,
2018-02-20,1335,1350,1327.5,1340,60800,,,
2018-02-21,1325,1357.5,1325,1347.5,49600,,,
2018-02-22,1330,1372.5,1327.5,1367.5,82200,,,
2018-02-23,1367.5,1367.5,1345,1355,54400,,,
2018-02-26,1372.5,1372.5,1345,1357.5,40400,,,
2018-02-27,1372.5,1372.5,1332.5,1352.5,78200,,,
2018-02-28,1340,1372.5,1332.5,1360,68600,,,
2018-03-01,1370,1370,1310,1312.5,97200,,,
2018-03-02,1282.5,1302.5,1275,1287.5,62200,,,
2018-03-05,1287.5,1290,1230,1241.25,99000,,,
2018-03-06,1265,1295,1252.5,1285,79400,,,
2018-03-07,1262.5,1272.5,1243.75,1255,84600,,,
2018-03-08,1262.5,1272.5,1248.75,1252.5,49200,,,
2018-03-09,1255,1287.5,1250,1262.5,74800,,,
2018-03-12,1277.5,1292.5,1267.5,1285,57400,,,
2018-03-13,1270,1295,1262.5,1292.5,61000,,,
2018-03-14,1267.5,1280,1262.5,1270,61600,,,
2018-03-15,1267.5,1267.5,1232.5,1247.5,112400,,,
2018-03-16,1247.5,1247.5,1217.5,1230,105400,,,
2018-03-19,1220,1228.75,1192.5,1196.25,62800,,,
2018-03-20,1181.25,1202.5,1175,1201.25,58200,,,
2018-03-22,1201.25,1201.25,1177.5,1190,59800,,,
2018-03-23,1163.75,1166.25,1126.25,1131.25,77400,,,
2018-03-26,1110,1152.5,1103.75,1152.5,93000,,,
2018-03-27,1170,1175,1155,1165,69600,,,
2018-03-28,1127.5,1142.5,1123.75,1137.5,60000,,,
2018-03-29,1142.5,1160,1110,1123.75,85400,,,
2018-03-30,1130,1155,1126.25,1152.5,60600,,,
2018-04-02,1160,1178.75,1156.25,1172.5,62800,,,
2018-04-03,1160,1177.5,1146.25,1168.75,61200,,,
2018-04-04,1186.25,1186.25,1166.25,1170,82400,,,
2018-04-05,1172.5,1176.25,1132.5,1138.75,86400,,,
2018-04-06,1123.75,1132.5,1096.25,1098.75,138400,,,
2018-04-09,1093.75,1105,1081.25,1093.75,93800,,,
2018-04-10,1091.25,1118.75,1082.5,1115,56400,,,
2018-04-11,1127.5,1135,1105,1126.25,60200,,,
2018-04-12,1126.25,1130,1106.25,1113.75,41000,,,
2018-04-13,1117.5,1138.75,1116.25,1133.75,61000,,,
2018-04-16,1146.25,1161.25,1142.5,1152.5,77600,,,
2018-04-17,1156.25,1162.5,1117.5,1121.25,48400,,,
2018-04-18,1132.5,1136.25,1111.25,1132.5,74400,,,
2018-04-19,1127.5,1146.25,1120,1128.75,58400,,,
2018-04-20,1127.5,1140,1121.25,1126.25,43800,,,
2018-04-23,1128.75,1130,1105,1111.25,51200,,,
2018-04-24,1125,1157.5,1125,1156.25,100800,,,
2018-04-25,1160,1173.75,1138.75,1153.75,71400,,,
2018-04-26,1171.25,1181.25,1148.75,1172.5,143800,,,
2018-04-27,1177.5,1178.75,1143.75,1171.25,91800,,,
2018-05-01,1172.5,1172.5,1152.5,1155,60800,,,
2018-05-02,1170,1185,1161.25,1183.75,70000,,,
2018-05-07,1185,1185,1165,1180,44000,,,
2018-05-08,1170,1208.75,1170,1198.75,73800,,,
2018-05-09,1207.5,1210,1182.5,1192.5,74600,,,
2018-05-10,1191.25,1226.25,1191.25,1223.75,189200,,,
2018-05-11,1211.25,1257.5,1188.75,1255,150400,,,
2018-05-14,1247.5,1280,1237.5,1275,87200,,,
2018-05-15,1287.5,1312.5,1277.5,1307.5,97400,,,
2018-05-16,1302.5,1335,1300,1325,80600,,,
2018-05-17,1320,1335,1312.5,1315,103200,,,
2018-05-18,1302.5,1302.5,1262.5,1295,144200,,,
2018-05-21,1297.5,1325,1297.5,1312.5,106400,,,
2018-05-22,1317.5,1340,1315,1327.5,65600,,,
2018-05-23,1345,1375,1342.5,1367.5,191400,,,
2018-05-24,1377.5,1377.5,1330,1335,74600,,,
2018-05-25,1335,1340,1295,1305,114000,,,
2018-05-28,1307.5,1332.5,1295,1327.5,70600,,,
2018-05-29,1327.5,1362.5,1317.5,1360,123000,,,
2018-05-30,1327.5,1350,1310,1312.5,66400,,,
2018-05-31,1337.5,1375,1330,1365,132800,,,
2018-06-01,1362.5,1382.5,1347.5,1375,97600,,,
2018-06-04,1385,1400,1377.5,1377.5,42400,,,
2018-06-05,1360,1367.5,1342.5,1352.5,30800,,,
2018-06-06,1352.5,1355,1320,1330,47000,,,
2018-06-07,1332.5,1372.5,1332.5,1360,41600,,,
2018-06-08,1372.5,1395,1352.5,1357.5,137000,,,
2018-06-11,1365,1365,1327.5,1340,80800,,,
2018-06-12,1347.5,1365,1325,1360,55000,,,
2018-06-13,1357.5,1357.5,1327.5,1345,81400,,,
2018-06-14,1335,1335,1300,1315,59600,,,
2018-06-15,1332.5,1332.5,1290,1310,83600,,,
2018-06-18,1310,1357.5,1310,1352.5,114000,,,
2018-06-19,1347.5,1352.5,1312.5,1325,122200,,,
2018-06-20,1325,1325,1262.5,1292.5,109200,,,
2018-06-21,1310,1482.5,1297.5,1475,595600,,,
2018-06-22,1462.5,1495,1440,1495,289200,,,
2018-06-25,1492.5,1522.5,1487.5,1502.5,247200,,,
2018-06-26,1495,1550,1475,1540,194800,,,
2018-06-27,1537.5,1550,1500,1510,174200,,,
2018-06-28,1487.5,1532.5,1477.5,1520,131800,,,
2018-06-29,1520,1547.5,1502.5,1535,118600,,,
2018-07-02,1535,1542.5,1497.5,1500,146200,,,
2018-07-03,1500,1502.5,1465,1475,76200,,,
2018-07-04,1472.5,1480,1447.5,1460,117200,,,
2018-07-05,1460,1460,1422.5,1440,106800,,,
2018-07-06,1452.5,1487.5,1447.5,1470,101000,,,
2018-07-09,1472.5,1507.5,1462.5,1497.5,79200,,,
2018-07-10,1495,1497.5,1450,1450,77600,,,
2018-07-11,1442.5,1457.5,1432.5,1445,70800,,,
2018-07-12,1445,1447.5,1427.5,1435,44400,,,
2018-07-13,1450,1450,1432.5,1437.5,47000,,,
2018-07-17,1450,1465,1435,1445,104800,,,
2018-07-18,1467.5,1470,1425,1445,50400,,,
2018-07-19,1465,1495,1457.5,1485,96200,,,
2018-07-20,1505,1537.5,1502.5,1522.5,184400,,,
2018-07-23,1525,1567.5,1522.5,1560,248200,,,
2018-07-24,1562.5,1572.5,1532.5,1542.5,72800,,,
2018-07-25,1560,1572.5,1545,1572.5,59000,,,
2018-07-26,1572.5,1572.5,1560,1567.5,57600,,,
2018-07-27,1567.5,1585,1567.5,1577.5,72600,,,
2018-07-30,1575,1580,1540,1552.5,87400,,,
2018-07-31,1547.5,1547.5,1507.5,1525,89000,,,
2018-08-01,1560,1572.5,1535,1570,75400,,,
2018-08-02,1575,1582.5,1537.5,1557.5,73000,,,
2018-08-03,1550,1550,1495,1502.5,121600,,,
2018-08-06,1727.5,1752.5,1715,1752.5,512000,,,
2018-08-07,1745,1812.5,1732.5,1792.5,438600,,,
2018-08-08,1792.5,1807.5,1745,1750,192400,,,
2018-08-09,1745,1750,1722.5,1747.5,91400,,,
2018-08-10,1747.5,1747.5,1670,1675,148200,,,
2018-08-13,1652.5,1667.5,1610,1645,181000,,,
2018-08-14,1650,1687.5,1650,1682.5,72200,,,
2018-08-15,1700,1700,1657.5,1680,71800,,,
2018-08-16,1670,1685,1635,1662.5,87200,,,
2018-08-17,1662.5,1682.5,1635,1637.5,58800,,,
2018-08-20,1637.5,1637.5,1607.5,1610,68800,,,
2018-08-21,1605,1605,1567.5,1585,77600,,,
2018-08-22,1587.5,1645,1585,1637.5,77400,,,
2018-08-23,1647.5,1655,1612.5,1640,65600,,,
2018-08-24,1662.5,1677.5,1650,1662.5,55800,,,
2018-08-27,1665,1720,1662.5,1700,69800,,,
2018-08-28,1710,1715,1672.5,1685,73800,,,
2018-08-29,1672.5,1682.5,1665,1670,53200,,,
2018-08-30,1667.5,1677.5,1637.5,1665,113000,,,
2018-08-31,1660,1677.5,1645,1670,78400,,,
2018-09-03,1677.5,1710,1645,1670,78600,,,
2018-09-04,1670,1680,1652.5,1670,40200,,,
2018-09-05,1670,1675,1645,1647.5,42000,,,
2018-09-06,1645,1650,1622.5,1625,69000,,,
2018-09-07,1627.5,1642.5,1615,1635,106400,,,
2018-09-10,1680,1687.5,1655,1670,101600,,,
2018-09-11,1675,1717.5,1657.5,1677.5,114000,,,
2018-09-12,1692.5,1692.5,1655,1682.5,101000,,,
2018-09-13,1695,1712.5,1680,1695,72400,,,
2018-09-14,1715,1735,1697.5,1717.5,104200,,,
2018-09-18,1730,1775,1727.5,1757.5,85800,,,
2018-09-19,1772.5,1795,1752.5,1757.5,90400,,,
2018-09-20,1767.5,1845,1742.5,1842.5,218600,,,
2018-09-21,1850,1890,1847.5,1882.5,175000,,,
2018-09-25,1867.5,1885,1800,1842.5,135400,,,
2018-09-26,1835,1842.5,1805,1815,115800,,,
2018-09-27,1815,1830,1782.5,1800,124200,,,
2018-09-28,1830,1845,1790,1792.5,91400,,,
2018-10-01,1830,1832.5,1752.5,1770,359600,,,
2018-10-02,1770,1787.5,1745,1750,170200,,,
2018-10-03,1737.5,1742.5,1670,1672.5,203600,,,
2018-10-04,1705,1712.5,1680,1697.5,128200,,,
2018-10-05,1702.5,1720,1680,1697.5,123400,,,
2018-10-09,1682.5,1685,1605,1610,141000,,,
2018-10-10,1635,1652.5,1582.5,1640,195400,,,
2018-10-11,1557.5,1582.5,1530,1537.5,141400,,,
2018-10-12,1507.5,1567.5,1507.5,1557.5,164600,,,
2018-10-15,1547.5,1547.5,1495,1500,137600,,,
2018-10-16,1522.5,1542.5,1507.5,1532.5,144000,,,
2018-10-17,1557.5,1585,1550,1570,136200,,,
2018-10-18,1582.5,1582.5,1527.5,1530,88600,,,
2018-10-19,1507.5,1537.5,1490,1525,72400,,,
2018-10-22,1520,1520,1485,1490,94600,,,
2018-10-23,1485,1487.5,1445,1445,108800,,,
2018-10-24,1445,1450,1405,1427.5,99600,,,
2018-10-25,1372.5,1380,1352.5,1355,115000,,,
2018-10-26,1392.5,1395,1322.5,1345,145200,,,
2018-10-29,1370,1387.5,1315,1315,86800,,,
2018-10-30,1305,1362.5,1297.5,1337.5,266400,,,
2018-10-31,1367.5,1410,1355,1410,101400,,,
2018-11-01,1425,1452.5,1407.5,1447.5,160400,,,
2018-11-02,1462.5,1480,1432.5,1467.5,137400,,,
2018-11-05,1445,1465,1425,1457.5,87400,,,
2018-11-06,1467.5,1475,1422.5,1430,75600,,,
2018-11-07,1435,1457.5,1412.5,1437.5,106200,,,
2018-11-08,1487.5,1497.5,1442.5,1495,217800,,,
2018-11-09,1507.5,1560,1495,1500,265200,,,
2018-11-12,1482.5,1482.5,1400,1407.5,141800,,,
2018-11-13,1360,1432.5,1340,1427.5,135200,,,
2018-11-14,1427.5,1430,1392.5,1397.5,59800,,,
2018-11-15,1397.5,1420,1385,1405,75000,,,
2018-11-16,1410,1430,1380,1385,71600,,,
2018-11-19,1402.5,1437.5,1387.5,1427.5,92400,,,
2018-11-20,1407.5,1407.5,1382.5,1395,70600,,,
2018-11-21,1370,1402.5,1360,1392.5,84600,,,
2018-11-22,1407.5,1407.5,1360,1382.5,53400,,,
2018-11-26,1375,1377.5,1352.5,1370,65800,,,
2018-11-27,1382.5,1392.5,1367.5,1377.5,90400,,,
2018-11-28,1380,1387.5,1362.5,1380,83800,,,
2018-11-29,1402.5,1412.5,1377.5,1387.5,96400,,,
2018-11-30,1392.5,1407.5,1387.5,1407.5,62000,,,
2018-12-03,1415,1442.5,1412.5,1425,58200,,,
2018-12-04,1425,1427.5,1367.5,1367.5,73400,,,
2018-12-05,1327.5,1347.5,1322.5,1332.5,115600,,,
2018-12-06,1320,1322.5,1265,1280,181000,,,
2018-12-07,1270,1285,1226.25,1243.75,185600,,,
2018-12-10,1230,1233.75,1175,1198.75,151600,,,
2018-12-11,1183.75,1183.75,1135,1156.25,224200,,,
2018-12-12,1167.5,1198.75,1166.25,1188.75,119200,,,
2018-12-13,1212.5,1220,1191.25,1208.75,115400,,,
2018-12-14,1196.25,1202.5,1153.75,1156.25,166000,,,
2018-12-17,1145,1167.5,1120,1157.5,116600,,,
2018-12-18,1150,1195,1131.25,1173.75,166600,,,
2018-12-19,1181.25,1208.75,1158.75,1183.75,152800,,,
2018-12-20,1183.75,1211.25,1137.5,1142.5,206000,,,
2018-12-21,1161.25,1167.5,1096.25,1141.25,161000,,,
2018-12-25,1123.75,1123.75,1068.75,1070,133200,,,
2018-12-26,1100,1127.5,1090,1106.25,97400,,,
2018-12-27,1141.25,1160,1115,1131.25,149000,,,
2018-12-28,1125,1143.75,1122.5,1135,77400,,,
2019-01-04,1123.75,1143.75,1113.75,1141.25,126400,,,
2019-01-07,1171.25,1188.75,1145,1147.5,101600,,,
2019-01-08,1173.75,1223.75,1173.75,1208.75,125800,,,
2019-01-09,1213.75,1245,1212.5,1233.75,145400,,,
2019-01-10,1240,1243.75,1181.25,1198.75,144600,,,
2019-01-11,1206.25,1248.75,1206.25,1212.5,90600,,,
2019-01-15,1195,1246.25,1188.75,1232.5,95800,,,
2019-01-16,1252.5,1255,1225,1227.5,71800,,,
2019-01-17,1236.25,1265,1235,1260,87200,,,
2019-01-18,1267.5,1305,1260,1295,106000,,,
2019-01-21,1312.5,1322.5,1300,1300,61200,,,
2019-01-22,1305,1315,1277.5,1282.5,52400,,,
2019-01-23,1262.5,1290,1240,1285,76200,,,
2019-01-24,1282.5,1290,1270,1277.5,43000,,,
2019-01-25,1285,1305,1272.5,1277.5,58600,,,
2019-01-28,1282.5,1297.5,1270,1282.5,48400,,,
2019-01-29,1275,1287.5,1255,1275,67000,,,
2019-01-30,1285,1287.5,1257.5,1257.5,69600,,,
2019-01-31,1275,1295,1262.5,1290,64800,,,
2019-02-01,1287.5,1300,1272.5,1280,54200,,,
2019-02-04,1292.5,1307.5,1282.5,1300,64600,,,
2019-02-05,1300,1345,1292.5,1342.5,114200,,,
2019-02-06,1367.5,1372.5,1270,1340,275400,,,
2019-02-07,1297.5,1302.5,1250,1282.5,174600,,,
2019-02-08,1252.5,1267.5,1237.5,1260,89400,,,
2019-02-12,1285,1312.5,1275,1300,86000,,,
2019-02-13,1310,1317.5,1285,1302.5,121800,,,
2019-02-14,1310,1327.5,1287.5,1290,72000,,,
2019-02-15,1267.5,1277.5,1257.5,1260,57000,,,
2019-02-18,1275,1292.5,1272.5,1292.5,45000,,,
2019-02-19,1295,1297.5,1282.5,1292.5,47000,,,
2019-02-20,1310,1350,1300,1325,136400,,,
2019-02-21,1330,1335,1312.5,1330,37000,,,
2019-02-22,1327.5,1337.5,1307.5,1330,52400,,,
2019-02-25,1362.5,1392.5,1362.5,1382.5,86600,,,
2019-02-26,1372.5,1380,1340,1342.5,70000,,,
2019-02-27,1350,1382.5,1350,1372.5,81800,,,
2019-02-28,1375,1377.5,1360,1365,59000,,,
2019-03-01,1362.5,1372.5,1350,1365,51200,,,
2019-03-04,1387.5,1415,1372.5,1407.5,61800,,,
2019-03-05,1397.5,1400,1375,1385,54400,,,
2019-03-06,1382.5,1382.5,1352.5,1355,48600,,,
2019-03-07,1337.5,1352.5,1317.5,1325,59200,,,
2019-03-08,1302.5,1312.5,1267.5,1275,85200,,,
2019-03-11,1275,1292.5,1267.5,1280,33200,,,
2019-03-12,1302.5,1322.5,1300,1302.5,51200,,,
2019-03-13,1287.5,1310,1282.5,1285,56000,,,
2019-03-14,1285,1285,1250,1250,76800,,,
2019-03-15,1262.5,1297.5,1257.5,1292.5,89200,,,
2019-03-18,1300,1322.5,1290,1302.5,74200,,,
2019-03-19,1302.5,1305,1275,1282.5,54800,,,
2019-03-20,1302.5,1320,1295,1310,79800,,,
2019-03-22,1310,1332.5,1290,1330,134000,,,
2019-03-25,1287.5,1290,1270,1282.5,80400,,,
2019-03-26,1295,1320,1282.5,1317.5,109600,,,
2019-03-27,1310,1355,1305,1350,81800,,,
2019-03-28,1325,1330,1310,1320,62600,,,
2019-03-29,1322.5,1332.5,1315,1325,45600,,,
2019-04-01,1332.5,1350,1327.5,1332.5,97800,,,
2019-04-02,1332.5,1352.5,1330,1347.5,60000,,,
2019-04-03,1330,1360,1330,1355,60200,,,
2019-04-04,1355,1387.5,1352.5,1360,58200,,,
2019-04-05,1362.5,1372.5,1360,1367.5,41000,,,
2019-04-08,1385,1385,1352.5,1360,49400,,,
2019-04-09,1360,1372.5,1352.5,1372.5,48600,,,
2019-04-10,1347.5,1357.5,1337.5,1350,25400,,,
2019-04-11,1340,1347.5,1335,1342.5,31600,,,
2019-04-12,1335,1337.5,1315,1327.5,52000,,,
2019-04-15,1352.5,1357.5,1340,1355,60600,,,
2019-04-16,1342.5,1350,1325,1340,32600,,,
2019-04-17,1340,1365,1340,1362.5,49600,,,
2019-04-18,1362.5,1362.5,1330,1337.5,37600,,,
2019-04-19,1337.5,1372.5,1337.5,1360,42600,,,
2019-04-22,1345,1355,1330,1337.5,29000,,,
2019-04-23,1335,1347.5,1325,1342.5,49400,,,
2019-04-24,1342.5,1350,1327.5,1335,63800,,,
2019-04-25,1345,1345,1330,1345,35800,,,
2019-04-26,1330,1357.5,1312.5,1347.5,65200,,,
2019-05-07,1327.5,1345,1315,1337.5,73600,,,
2019-05-08,1312.5,1325,1297.5,1300,94800,,,
2019-05-09,1302.5,1315,1160,1187.5,296400,,,
2019-05-10,1171.25,1207.5,1167.5,1197.5,112600,,,
2019-05-13,1206.25,1262.5,1193.75,1193.75,101000,,,
2019-05-14,1162.5,1221.25,1157.5,1206.25,60400,,,
2019-05-15,1216.25,1225,1197.5,1223.75,65000,,,
2019-05-16,1223.75,1223.75,1193.75,1212.5,79600,,,
2019-05-17,1201.25,1203.75,1175,1197.5,72000,,,
2019-05-20,1193.75,1228.75,1193.75,1213.75,71400,,,
2019-05-21,1198.75,1215,1185,1188.75,84600,,,
2019-05-22,1206.25,1211.25,1191.25,1193.75,78200,,,
2019-05-23,1178.75,1190,1152.5,1161.25,119000,,,
2019-05-24,1156.25,1195,1150,1195,68800,,,
2019-05-27,1191.25,1205,1177.5,1190,30400,,,
2019-05-28,1178.75,1191.25,1177.5,1181.25,41000,,,
2019-05-29,1163.75,1171.25,1147.5,1151.25,70000,,,
2019-05-30,1133.75,1150,1133.75,1141.25,45200,,,
2019-05-31,1128.75,1155,1117.5,1145,94000,,,
2019-06-03,1127.5,1145,1122.5,1133.75,56800,,,
2019-06-04,1130,1142.5,1121.25,1135,52400,,,
2019-06-05,1153.75,1170,1145,1158.75,82000,,,
2019-06-06,1158.75,1161.25,1125,1125,98200,,,
2019-06-07,1125,1172.5,1121.25,1152.5,95000,,,
2019-06-10,1163.75,1166.25,1150,1160,85600,,,
2019-06-11,1160,1166.25,1141.25,1153.75,120800,,,
2019-06-12,1152.5,1165,1146.25,1148.75,95000,,,
2019-06-13,1130,1131.25,1092.5,1096.25,135400,,,
2019-06-14,1100,1152.5,1100,1141.25,125000,,,
2019-06-17,1137.5,1142.5,1123.75,1127.5,43000,,,
2019-06-18,1125,1136.25,1102.5,1103.75,49200,,,
2019-06-19,1130,1141.25,1123.75,1137.5,50600,,,
2019-06-20,1135,1156.25,1135,1147.5,64000,,,
2019-06-21,1141.25,1157.5,1138.75,1147.5,157400,,,
2019-06-24,1143.75,1146.25,1135,1135,44800,,,
2019-06-25,1137.5,1148.75,1111.25,1113.75,55200,,,
2019-06-26,1105,1126.25,1105,1106.25,27600,,,
2019-06-27,1107.5,1133.75,1107.5,1131.25,31800,,,
2019-06-28,1117.5,1135,1117.5,1128.75,57200,,,
2019-07-01,1150,1186.25,1145,1182.5,109400,,,
2019-07-02,1182.5,1197.5,1182.5,1191.25,48600,,,
2019-07-03,1182.5,1182.5,1167.5,1180,51800,,,
2019-07-04,1177.5,1186.25,1175,1180,18000,,,
2019-07-05,1180,1180,1161.25,1163.75,35600,,,
2019-07-08,1152.5,1156.25,1137.5,1137.5,75400,,,
2019-07-09,1138.75,1141.25,1121.25,1132.5,86600,,,
2019-07-10,1120,1123.75,1108.75,1123.75,53200,,,
2019-07-11,1125,1135,1118.75,1128.75,44800,,,
2019-07-12,1118.75,1128.75,1106.25,1107.5,39600,,,
2019-07-16,1100,1106.25,1086.25,1087.5,92600,,,
2019-07-17,1083.75,1095,1078.75,1086.25,48600,,,
2019-07-18,1080,1080,1042.5,1045,66200,,,
2019-07-19,1045,1071.25,1040,1067.5,50800,,,
2019-07-22,1068.75,1093.75,1068.75,1080,82800,,,
2019-07-23,1083.75,1116.25,1083.75,1113.75,58000,,,
2019-07-24,1111.25,1121.25,1103.75,1107.5,69400,,,
2019-07-25,1101.25,1123.75,1101.25,1113.75,44800,,,
2019-07-26,1101.25,1108.75,1088.75,1093.75,33800,,,
2019-07-29,1086.25,1090,1063.75,1063.75,98800,,,
2019-07-30,1066.25,1093.75,1066.25,1083.75,132400,,,
2019-07-31,1066.25,1086.25,1065,1066.25,151000,,,
2019-08-01,1062.5,1081.25,1057.5,1080,50800,,,
2019-08-02,1052.5,1057.5,1020,1028.75,106400,,,
2019-08-05,1046.25,1095,1026.25,1052.5,214600,,,
2019-08-06,1016.25,1027.5,998.75,1007.5,110400,,,
2019-08-07,1006.25,1006.25,980,982.5,82600,,,
2019-08-08,972.5,1005,970,996.25,65800,,,
2019-08-09,992.5,1003.75,977.5,980,48600,,,
2019-08-13,962.5,965,951.25,953.75,54000,,,
2019-08-14,965,975,957.5,970,51600,,,
2019-08-15,948.75,977.5,943.75,972.5,76000,,,
2019-08-16,966.25,966.25,951.25,951.25,30600,,,
2019-08-19,952.5,980,952.5,970,77000,,,
2019-08-20,970,983.75,970,983.75,27000,,,
2019-08-21,963.75,970,960,965,32600,,,
2019-08-22,966.25,972.5,958.75,965,35000,,,
2019-08-23,970,971.25,965,971.25,54000,,,
2019-08-26,950,950,927.5,927.5,74800,,,
2019-08-27,942.5,948.75,937.5,942.5,53400,,,
2019-08-28,937.5,940,931.25,935,30200,,,
2019-08-29,930,935,921.25,935,47000,,,
2019-08-30,943.75,973.75,943.75,968.75,73200,,,
2019-09-02,957.5,960,950,953.75,24200,,,
2019-09-03,951.25,971.25,951.25,965,20600,,,
2019-09-04,952.5,955,946.25,951.25,21200,,,
2019-09-05,953.75,975,953.75,968.75,53000,,,
2019-09-06,968.75,976.25,952.5,957.5,61800,,,
2019-09-09,963.75,966.25,952.5,961.25,45200,,,
2019-09-10,961.25,990,961.25,988.75,54200,,,
2019-09-11,993.75,1012.5,990,1011.25,95800,,,
2019-09-12,1016.25,1031.25,1007.5,1007.5,101600,,,
2019-09-13,1010,1017.5,996.25,1006.25,109800,,,
2019-09-17,1003.75,1021.25,996.25,1013.75,62200,,,
2019-09-18,1010,1012.5,997.5,1005,55400,,,
2019-09-19,1005,1021.25,1000,1007.5,57200,,,
2019-09-20,1012.5,1015,1002.5,1010,67200,,,
2019-09-24,1006.25,1016.25,1000,1016.25,78800,,,
2019-09-25,1015,1018.75,1003.75,1012.5,52400,,,
2019-09-26,1020,1035,1007.5,1022.5,116200,,,
2019-09-27,1013.75,1015,986.25,1002.5,101200,,,
2019-09-30,1001.25,1006.25,983.75,993.75,72600,,,
2019-10-01,1001.25,1025,1001.25,1020,60400,,,
2019-10-02,1018.75,1018.75,1003.75,1008.75,45000,,,
2019-10-03,982.5,1006.25,976.25,1005,100400,,,
2019-10-04,992.5,1002.5,988.75,1002.5,47200,,,
2019-10-07,1008.75,1008.75,993.75,1000,34200,,,
2019-10-08,1010,1022.5,1000,1020,44600,,,
2019-10-09,1020,1022.5,1008.75,1020,36400,,,
2019-10-10,1020,1022.5,1000,1013.75,63200,,,
2019-10-11,1016.25,1033.75,1008.75,1027.5,67200,,,
2019-10-15,1050,1057.5,1038.75,1040,53000,,,
2019-10-16,1050,1062.5,1045,1053.75,47000,,,
2019-10-17,1045,1045,1030,1036.25,44800,,,
2019-10-18,1041.25,1085,1041.25,1080,121600,,,
2019-10-21,1082.5,1097.5,1077.5,1095,74800,,,
2019-10-23,1097.5,1136.25,1083.75,1131.25,131400,,,
2019-10-24,1142.5,1181.25,1131.25,1172.5,119600,,,
2019-10-25,1171.25,1177.5,1146.25,1172.5,121600,,,
2019-10-28,1172.5,1198.75,1171.25,1192.5,100800,,,
2019-10-29,1207.5,1220,1205,1210,105600,,,
2019-10-30,1222.5,1242.5,1211.25,1241.25,158800,,,
2019-10-31,1232.5,1257.5,1210,1252.5,85000,,,
2019-11-01,1227.5,1236.25,1217.5,1218.75,68200,,,
2019-11-05,1221.25,1240,1221.25,1227.5,60400,,,
2019-11-06,1227.5,1238.75,1216.25,1231.25,41600,,,
2019-11-07,1225,1225,1156.25,1167.5,208200,,,
2019-11-08,1162.5,1221.25,1162.5,1207.5,154400,,,
2019-11-11,1207.5,1215,1166.25,1177.5,75800,,,
2019-11-12,1177.5,1185,1151.25,1180,81800,,,
2019-11-13,1171.25,1183.75,1147.5,1165,86600,,,
2019-11-14,1165,1177.5,1145,1145,72200,,,
2019-11-15,1158.75,1172.5,1145,1166.25,37600,,,
2019-11-18,1166.25,1172.5,1152.5,1162.5,44600,,,
2019-11-19,1167.5,1177.5,1147.5,1147.5,40400,,,
2019-11-20,1147.5,1147.5,1123.75,1136.25,53400,,,
2019-11-21,1137.5,1146.25,1116.25,1136.25,45200,,,
2019-11-22,1136.25,1147.5,1133.75,1137.5,26000,,,
2019-11-25,1137.5,1158.75,1137.5,1158.75,49400,,,
2019-11-26,1167.5,1172.5,1157.5,1165,56800,,,
2019-11-27,1175,1177.5,1163.75,1171.25,25800,,,
2019-11-28,1167.5,1167.5,1150,1150,23600,,,
2019-11-29,1156.25,1165,1142.5,1160,26800,,,
2019-12-02,1173.75,1191.25,1173.75,1190,52600,,,
2019-12-03,1188.75,1191.25,1170,1177.5,72200,,,
2019-12-04,1186.25,1190,1173.75,1182.5,25600,,,
2019-12-05,1192.5,1193.75,1170,1182.5,50000,,,
2019-12-06,1181.25,1203.75,1178.75,1182.5,36800,,,
2019-12-09,1185,1197.5,1170,1182.5,24200,,,
2019-12-10,1178.75,1203.75,1167.5,1198.75,51000,,,
2019-12-11,1200,1200,1177.5,1192.5,39200,,,
2019-12-12,1201.25,1217.5,1190,1192.5,55800,,,
2019-12-13,1226.25,1226.25,1197.5,1198.75,80800,,,
2019-12-16,1198.75,1217.5,1177.5,1177.5,62200,,,
2019-12-17,1200,1205,1180,1188.75,69800,,,
2019-12-18,1181.25,1185,1161.25,1175,105600,,,
2019-12-19,1168.75,1182.5,1163.75,1176.25,34600,,,
2019-12-20,1181.25,1187.5,1176.25,1181.25,39800,,,
2019-12-23,1181.25,1182.5,1157.5,1157.5,33400,,,
2019-12-24,1157.5,1160,1150,1153.75,20200,,,
2019-12-25,1158.75,1158.75,1127.5,1141.25,30600,,,
2019-12-26,1140,1157.5,1140,1156.25,44000,,,
2019-12-27,1152.5,1190,1152.5,1190,63600,,,
2019-12-30,1187.5,1187.5,1165,1170,47800,,,
2020-01-06,1168.75,1168.75,1127.5,1136.25,58200,,,
2020-01-07,1136.25,1153.75,1135,1151.25,37800,,,
2020-01-08,1138.75,1138.75,1107.5,1122.5,40000,,,
2020-01-09,1150,1156.25,1135,1148.75,70200,,,
2020-01-10,1147.5,1171.25,1145,1157.5,47800,,,
2020-01-14,1157.5,1157.5,1118.75,1123.75,83000,,,
2020-01-15,1123.75,1132.5,1112.5,1128.75,49200,,,
2020-01-16,1130,1130,1112.5,1112.5,17200,,,
2020-01-17,1112.5,1135,1108.75,1127.5,64800,,,
2020-01-20,1140,1186.25,1140,1171.25,79400,,,
2020-01-21,1160,1173.75,1153.75,1171.25,31000,,,
2020-01-22,1156.25,1171.25,1153.75,1162.5,33400,,,
2020-01-23,1157.5,1157.5,1136.25,1138.75,31600,,,
2020-01-24,1131.25,1138.75,1128.75,1128.75,33800,,,
2020-01-27,1111.25,1115,1100,1105,48600,,,
2020-01-28,1095,1098.75,1078.75,1090,51400,,,
2020-01-29,1107.5,1110,1082.5,1091.25,46800,,,
2020-01-30,1088.75,1088.75,1058.75,1066.25,46600,,,
2020-01-31,1083.75,1108.75,1068.75,1098.75,43200,,,
2020-02-03,1062.5,1078.75,1062.5,1068.75,28400,,,
2020-02-04,1057.5,1073.75,1052.5,1072.5,32200,,,
2020-02-05,1073.75,1096.25,1073.75,1088.75,51200,,,
2020-02-06,1106.25,1152.5,1098.75,1138.75,115400,,,
2020-02-07,1145,1145,1097.5,1123.75,61200,,,
2020-02-10,1106.25,1110,1093.75,1095,20200,,,
2020-02-12,1101.25,1101.25,1073.75,1078.75,33200,,,
2020-02-13,1086.25,1086.25,1068.75,1070,25600,,,
2020-02-14,1062.5,1065,1055,1061.25,29600,,,
2020-02-17,1053.75,1062.5,1036.25,1058.75,26000,,,
2020-02-18,1058.75,1058.75,1038.75,1043.75,28400,,,
2020-02-19,1040,1045,1030,1032.5,31200,,,
2020-02-20,1035,1056.25,1035,1042.5,26000,,,
2020-02-21,1042.5,1056.25,1041.25,1048.75,25000,,,
2020-02-25,1000,1012.5,988.75,1000,63200,,,
2020-02-26,978.75,998.75,977.5,996.25,55400,,,
2020-02-27,983.75,987.5,962.5,970,47600,,,
2020-02-28,947.5,960,931.25,950,95400,,,
2020-03-02,923.75,988.75,923.75,962.5,74800,,,
2020-03-03,980,985,931.25,931.25,60600,,,
2020-03-04,913.75,938.75,912.5,918.75,43600,,,
2020-03-05,940,957.5,897.5,912.5,85000,,,
2020-03-06,900,903.75,886.25,887.5,75200,,,
2020-03-09,867.5,871.25,827.5,840,106800,,,
2020-03-10,822.5,860,795,855,70400,,,
2020-03-11,855,870,830,831.25,66200,,,
2020-03-12,813.75,813.75,767.5,767.5,96000,,,
2020-03-13,720,757.5,700.75,727.25,111400,,,
2020-03-16,738.5,763.75,730.5,733.5,95800,,,
2020-03-17,727.75,775,706.25,760,108800,,,
2020-03-18,777.5,803.75,743,747.5,69400,,,
2020-03-19,770,770,733.5,749.25,80200,,,
2020-03-23,762.5,790,741,781.25,76800,,,
2020-03-24,798.75,812.5,780,812.5,76800,,,
2020-03-25,837.5,847.5,817.5,847.5,51600,,,
2020-03-26,846.25,858.75,818.75,852.5,82800,,,
2020-03-27,900,923.75,872.5,923.75,109600,,,
2020-03-30,876.25,885,837.5,881.25,91400,,,
2020-03-31,872.5,872.5,828.75,860,66200,,,
2020-04-01,857.5,875,816.25,821.25,44800,,,
2020-04-02,807.5,813.75,785,793.75,34600,,,
2020-04-03,793.75,812.5,780,793.75,36000,,,
2020-04-06,793.75,840,782.5,835,54200,,,
2020-04-07,848.75,863.75,822.5,855,30600,,,
2020-04-08,856.25,881.25,852.5,870,47400,,,
2020-04-09,870,870,846.25,861.25,22800,,,
2020-04-10,861.25,872.5,845,871.25,20600,,,
2020-04-13,866.25,866.25,837.5,838.75,24600,,,
2020-04-14,838.75,850,830,833.75,58200,,,
2020-04-15,841.25,842.5,806.25,813.75,69000,,,
2020-04-16,820,821.25,808.75,821.25,64200,,,
2020-04-17,837.5,855,826.25,838.75,52400,,,
2020-04-20,826.25,835,818.75,835,25800,,,
2020-04-21,817.5,827.5,810,817.5,21800,,,
2020-04-22,808.75,826.25,797.5,823.75,57000,,,
2020-04-23,826.25,856.25,826.25,855,37600,,,
2020-04-24,861.25,861.25,835,852.5,41600,,,
2020-04-27,852.5,861.25,852.5,858.75,26000,,,
2020-04-28,856.25,863.75,842.5,857.5,21800,,,
2020-04-30,875,891.25,868.75,885,61400,,,
2020-05-01,882.5,882.5,853.75,856.25,31400,,,
2020-05-07,853.75,860,832.5,833.75,30600,,,
2020-05-08,851.25,871.25,845,871.25,43800,,,
2020-05-11,868.75,900,862.5,896.25,33000,,,
2020-05-12,878.75,900,866.25,886.25,23200,,,
2020-05-13,870,906.25,862.5,868.75,29400,,,
2020-05-14,860,860,830,833.75,48600,,,
2020-05-15,841.25,841.25,808.75,812.5,31400,,,
2020-05-18,813.75,813.75,791.25,801.25,49600,,,
2020-05-19,802.5,818.75,798.75,805,61800,,,
2020-05-20,805,827.5,800,827.5,38200,,,
2020-05-21,825,827.5,816.25,823.75,25200,,,
2020-05-22,823.75,836.25,800,806.25,31400,,,
2020-05-25,826.25,838.75,815,838.75,35200,,,
2020-05-26,821.25,866.25,821.25,866.25,54600,,,
2020-05-27,876.25,896.25,866.25,896.25,45200,,,
2020-05-28,891.25,910,883.75,910,42600,,,
2020-05-29,908.75,923.75,893.75,917.5,53000,,,
2020-06-01,900,908.75,881.25,881.25,47400,,,
2020-06-02,887.5,908.75,882.5,906.25,49200,,,
2020-06-03,908.75,913.75,890,895,38800,,,
2020-06-04,912.5,912.5,891.25,898.75,41600,,,
2020-06-05,906.25,941.25,900,941.25,45800,,,
2020-06-08,938.75,938.75,923.75,926.25,31800,,,
2020-06-09,925,925,895,911.25,37600,,,
2020-06-10,911.25,930,905,925,38000,,,
2020-06-11,916.25,927.5,885,887.5,44800,,,
2020-06-12,861.25,862.5,837.5,858.75,55000,,,
2020-06-15,856.25,858.75,828.75,828.75,41800,,,
2020-06-16,836.25,887.5,836.25,885,59600,,,
2020-06-17,876.25,876.25,857.5,863.75,32000,,,
2020-06-18,867.5,885,852.5,876.25,59000,,,
2020-06-19,876.25,918.75,866.25,911.25,124400,,,
2020-06-22,903.75,917.5,887.5,890,49200,,,
2020-06-23,890,915,882.5,908.75,38400,,,
2020-06-24,908.75,908.75,877.5,885,36400,,,
2020-06-25,890,890,865,865,42200,,,
2020-06-26,875,896.25,871.25,890,40800,,,
2020-06-29,881.25,888.75,860,885,39000,,,
2020-06-30,908.75,912.5,880,880,35400,,,
2020-07-01,880,880,845,845,33200,,,
2020-07-02,850,855,832.5,838.75,36000,,,
2020-07-03,838.75,856.25,838.75,855,19600,,,
2020-07-06,855,883.75,855,872.5,38000,,,
2020-07-07,878.75,880,855,863.75,20200,,,
2020-07-08,860,863.75,836.25,836.25,29000,,,
2020-07-09,836.25,836.25,815,817.5,27400,,,
2020-07-10,812.5,817.5,790,793.75,46800,,,
2020-07-13,795,847.5,795,845,47600,,,
2020-07-14,840,840,826.25,828.75,45800,,,
2020-07-15,837.5,871.25,837.5,851.25,71800,,,
2020-07-16,840,853.75,827.5,833.75,54400,,,
2020-07-17,832.5,833.75,822.5,830,16000,,,
2020-07-20,831.25,850,813.75,847.5,36000,,,
2020-07-21,843.75,863.75,842.5,861.25,28800,,,
2020-07-22,865,865,841.25,842.5,17800,,,
2020-07-27,830,836.25,820,835,34800,,,
2020-07-28,835,845,828.75,837.5,20800,,,
2020-07-29,838.75,838.75,815,815,17800,,,
2020-07-30,821.25,848.75,812.5,841.25,43800,,,
2020-07-31,826.25,826.25,791.25,791.25,38400,,,
2020-08-03,788.75,805,788.75,796.25,18600,,,
2020-08-04,808.75,815,796.25,808.75,26000,,,
2020-08-05,810,821.25,793.75,795,27800,,,
2020-08-06,792.5,792.5,775,790,30800,,,
2020-08-07,795,800,762.5,765,32200,,,
2020-08-11,765,813.75,765,812.5,52400,,,
2020-08-12,812.5,835,811.25,833.75,38600,,,
2020-08-13,837.5,840,812.5,826.25,50600,,,
2020-08-14,821.25,836.25,816.25,827.5,28800,,,
2020-08-17,822.5,827.5,813.75,816.25,11000,,,
2020-08-18,816.25,830,815,816.25,25400,,,
2020-08-19,816.25,840,812.5,835,27600,,,
2020-08-20,821.25,827.5,795,797.5,66400,,,
2020-08-21,798.75,806.25,797.5,806.25,8200,,,
2020-08-24,810,815,797.5,815,19400,,,
2020-08-25,821.25,823.75,812.5,816.25,22200,,,
2020-08-26,821.25,842.5,806.25,835,28800,,,
2020-08-27,831.25,860,820,851.25,52600,,,
2020-08-28,850,876.25,823.75,830,72400,,,
2020-08-31,832.5,880,832.5,850,59600,,,
2020-09-01,850,850,818.75,818.75,32600,,,
2020-09-02,827.5,840,802.5,812.5,42000,,,
2020-09-03,826.25,830,800,806.25,51800,,,
2020-09-04,798.75,815,792.5,812.5,17800,,,
2020-09-07,813.75,832.5,812.5,817.5,15600,,,
2020-09-08,828.75,848.75,815,843.75,34400,,,
2020-09-09,835,837.5,818.75,833.75,44800,,,
2020-09-10,837.5,860,836.25,853.75,31800,,,
2020-09-11,868.75,868.75,847.5,851.25,40400,,,
2020-09-14,851.25,893.75,851.25,871.25,62000,,,
2020-09-15,877.5,902.5,877.5,881.25,64000,,,
2020-09-16,883.75,911.25,882.5,887.5,44400,,,
2020-09-17,887.5,893.75,873.75,875,31400,,,
2020-09-18,880,896.25,878.75,892.5,61000,,,
2020-09-23,885,885,862.5,870,41800,,,
2020-09-24,866.25,870,850,857.5,29400,,,
2020-09-25,858.75,870,858.75,858.75,41200,,,
2020-09-28,875,875,853.75,861.25,91400,,,
2020-09-29,848.75,853.75,840,847.5,45400,,,
2020-09-30,840,856.25,820,826.25,87800,,,
2020-10-01,#VALUE!,#VALUE!,#VALUE!,#VALUE!,0,,,
2020-10-02,840,843.75,807.5,811.25,52600,,,
2020-10-05,821.25,841.25,815,823.75,73000,,,
2020-10-06,818.75,827.5,816.25,821.25,31200,,,
2020-10-07,821.25,826.25,805,821.25,43000,,,
2020-10-08,823.75,831.25,812.5,812.5,49600,,,
2020-10-09,818.75,821.25,800,810,38400,,,
2020-10-12,802.5,805,790,795,44400,,,
2020-10-13,795,808.75,793.75,807.5,24200,,,
2020-10-14,800,800,790,790,21600,,,
2020-10-15,791.25,795,777.5,781.25,25000,,,
2020-10-16,781.25,787.5,776.25,780,22400,,,
2020-10-19,778.75,795,776.25,788.75,34400,,,
2020-10-20,785,791.25,768.75,770,54600,,,
2020-10-21,768.75,791.25,768.75,773.75,68000,,,
2020-10-22,773.75,781.25,765,770,45200,,,
2020-10-23,776.25,781.25,761.25,776.25,28400,,,
2020-10-26,776.25,790,765,775,40200,,,
2020-10-27,773.75,778.75,762.5,767.5,76200,,,
2020-10-28,757.5,781.25,751.25,780,90800,,,
2020-10-29,768.75,788.75,763.75,783.75,44200,,,
2020-10-30,780,780,757.5,766.25,70400,,,
2020-11-02,755,776.25,745,762.5,94800,,,
2020-11-04,777.5,787.5,763.75,766.25,61200,,,
2020-11-05,768.75,778.75,748.25,767.5,147200,,,
2020-11-06,768.75,778.75,760,766.25,108600,,,
2020-11-09,766.25,768.75,750,758.75,77000,,,
2020-11-10,773.75,781.25,758.75,766.25,86600,,,
2020-11-11,776.25,781.25,755,768.75,110600,,,
2020-11-12,775,775,761.25,762.5,49400,,,
2020-11-13,762.5,762.5,747.75,751.25,67200,,,
2020-11-16,753.75,761.25,751.25,751.25,48600,,,
2020-11-17,760,760,742.5,745,83400,,,
2020-11-18,744.25,744.25,730.5,734.25,78600,,,
2020-11-19,726,741,726,734.5,87400,,,
2020-11-20,727.25,744,725.5,743.25,74800,,,
2020-11-24,755,757.5,742.75,752.5,77200,,,
2020-11-25,766.25,773.75,755,755,73000,,,
2020-11-26,757.5,760,750,751.25,46800,,,
2020-11-27,753.75,762.5,751.25,761.25,203000,,,
2020-11-30,761.25,761.25,732.75,732.75,206800,,,
2020-12-01,734.5,741,731.25,737.5,193600,,,
2020-12-02,737.25,740.5,730,733.5,104000,,,
2020-12-03,733.25,745.75,733.25,742.5,109400,,,
2020-12-04,742.25,747.75,739,742.5,106000,,,
2020-12-07,748.75,748.75,730.5,735.75,108800,,,
2020-12-08,730,739.5,723.75,736.5,132600,,,
2020-12-09,736.5,744.75,736,742.75,81200,,,
2020-12-10,738.25,743,732.5,739.5,85400,,,
2020-12-11,736.5,742,734,740,82600,,,
2020-12-14,742.5,751.25,742.5,744.75,95000,,,
2020-12-15,742,755,739.75,751.25,81600,,,
2020-12-16,756.25,762.5,751.25,755,58800,,,
2020-12-17,758.75,761.25,750,760,69400,,,
2020-12-18,767.5,782.5,761.25,781.25,112400,,,
2020-12-21,788.75,797.5,758.75,768.75,81400,,,
2020-12-22,767.5,767.5,751.25,755,58200,,,
2020-12-23,755,758.75,744.75,751.25,55000,,,
2020-12-24,747.5,758.75,747,750,96600,,,
2020-12-25,757.5,758.75,749.75,758.75,38400,,,
2020-12-28,767.5,768.75,750,753.75,56200,,,
2020-12-29,760,762.5,748.5,753.75,62000,,,
2020-12-30,758.75,758.75,746.25,748.5,81600,,,
2021-01-04,755,755,738.25,743,95800,,,
2021-01-05,743,746,734,744.25,81000,,,
2021-01-06,744.75,756.25,741.5,747.25,47400,,,
2021-01-07,757.5,770,749,762.5,91400,,,
2021-01-08,763.75,778.75,760,778.75,64000,,,
2021-01-12,785,791.25,777.5,791.25,64600,,,
2021-01-13,793.75,798.75,787.5,795,50600,,,
2021-01-14,795,798.75,791.25,795,67200,,,
2021-01-15,782.5,788.75,765,768.75,106200,,,
2021-01-18,766.25,781.25,761.25,778.75,73200,,,
2021-01-19,780,787.5,773.75,781.25,57400,,,
2021-01-20,785,787.5,780,785,48800,,,
2021-01-21,785,807.5,785,798.75,115000,,,
2021-01-22,797.5,811.25,790,801.25,63000,,,
2021-01-25,802.5,810,797.5,802.5,41600,,,
2021-01-26,807.5,807.5,798.75,806.25,42400,,,
2021-01-27,805,820,805,817.5,41800,,,
2021-01-28,801.25,823.75,801.25,818.75,76200,,,
2021-01-29,816.25,822.5,806.25,811.25,71200,,,
2021-02-01,808.75,827.5,806.25,822.5,56200,,,
2021-02-02,831.25,876.25,828.75,867.5,254400,217828000,0,0
2021-02-03,910,912.5,865,867.5,364000,320082500,0,0
2021-02-04,862.5,907.5,853.75,902.5,194800,173594500,0,0
2021-02-05,902.5,910,883.75,888.75,97600,87287500,0,0
2021-02-08,888.75,923.75,888.75,915,147200,134297000,0,0
2021-02-09,918.75,935,913.75,918.75,125200,115390500,0,0
2021-02-10,918.75,918.75,895,896.25,74400,67346000,0,0
2021-02-12,897.5,901.25,890,898.75,62000,55567000,0,0
2021-02-15,901.25,917.5,895,915,110800,100978500,0,0
2021-02-16,917.5,917.5,883.75,886.25,93600,83752000,0,0
2021-02-17,887.5,906.25,887.5,895,67600,60635000,0,0
2021-02-18,895,895,880,885,122400,108339000,0,0
2021-02-19,877.5,897.5,875,890,100800,89376500,0,0
2021-02-22,890,911.25,890,903.75,81200,73438500,0,0
2021-02-24,903.75,911.25,891.25,891.25,143200,128764500,0,0
2021-02-25,908.75,921.25,898.75,920,128400,117549500,0,0
2021-02-26,918.75,928.75,910,913.75,193600,178053500,0,0
2021-03-01,930,952.5,918.75,945,170400,160205500,0,0
2021-03-02,961.25,961.25,920,925,185200,173151500,0,0
2021-03-03,928.75,948.75,928.75,937.5,122000,114208000,0,0
2021-03-04,930,937.5,921.25,936.25,124000,115345000,0,0
2021-03-05,936.25,963.75,927.5,963.75,220000,208535000,0,0
2021-03-08,973.75,976.25,942.5,950,133200,127695500,0,0
2021-03-09,957.5,957.5,935,943.75,130400,123145000,0,0
2021-03-10,947.5,947.5,921.25,935,121200,112748000,0,0
2021-03-11,935,951.25,933.75,946.25,97600,92114000,0,0
2021-03-12,938.75,947.5,931.25,947.5,97600,91824000,0,0
2021-03-15,947.5,972.5,943.75,971.25,138400,133739000,0,0
2021-03-16,965,970,955,968.75,108000,104052000,0,0
2021-03-17,970,973.75,941.25,948.75,193600,184420500,0,0
2021-03-18,951.25,951.25,937.5,950,198000,186990000,0,0
2021-03-19,935,938.75,918.75,932.5,476000,443038000,0,0
2021-03-22,920,940,906.25,928.75,236800,219158500,0,0
2021-03-23,928.75,930,912.5,912.5,113600,104589500,0,0
2021-03-24,895,898.75,880,882.5,179600,159489500,0,0
2021-03-25,880,905,880,901.25,120800,108454500,0,0
2021-03-26,907.5,921.25,902.5,905,198800,180253500,0,0
2021-03-29,922.5,922.5,905,918.75,160800,147507500,0,0
2021-03-30,911.25,911.25,886.25,908.75,158400,142966000,0,0
2021-03-31,896.25,900,881.25,887.5,173600,154574500,0,0
2021-04-01,896.25,897.5,878.75,882.5,114000,100904000,0,0
2021-04-02,882.5,891.25,878.75,887.5,88400,78172000,0,0
2021-04-05,890,903.75,887.5,896.25,94000,84093000,0,0
2021-04-06,893.75,898.75,876.25,880,138000,122093500,0,0
2021-04-07,880,893.75,880,891.25,81600,72584000,0,0
2021-04-08,888.75,890,876.25,878.75,112000,98606500,0,0
2021-04-09,880,887.5,875,880,113200,99751000,0,0
2021-04-12,892.5,892.5,882.5,882.5,60400,53557000,0,0
2021-04-13,886.25,886.25,875,877.5,75600,66459500,0,0
2021-04-14,875,877.5,862.5,877.5,104800,91090000,0,0
2021-04-15,882.5,882.5,875,881.25,50800,44627500,0,0
2021-04-16,881.25,891.25,870,887.5,119600,105798500,0,0
2021-04-19,888.75,895,882.5,882.5,48000,42600000,0,0
2021-04-20,880,885,868.75,873.75,70000,61358500,0,0
2021-04-21,865,865,855,861.25,115600,99570000,0,0
2021-04-22,872.5,875,862.5,866.25,48000,41695000,0,0
2021-04-23,867.5,867.5,856.25,858.75,51600,44456000,0,0
2021-04-26,865,865,853.75,857.5,52000,44601000,0,0
2021-04-27,860,863.75,852.5,853.75,44400,38056500,0,0
2021-04-28,897.5,912.5,886.25,887.5,364800,327552500,0,0
2021-04-30,887.5,911.25,876.25,903.75,200000,180180500,0,0
2021-05-06,915,946.25,906.25,931.25,198400,184887000,0,0
2021-05-07,931.25,945,918.75,921.25,118000,109801000,0,0
2021-05-10,922.5,953.75,922.5,946.25,130000,122311000,0,0
2021-05-11,938.75,1111.25,917.5,1105,1220800,1281480000,0,0
2021-05-12,1076.25,1098.75,1058.75,1073.75,623600,672609500,0,0
2021-05-13,1052.5,1060,1022.5,1026.25,328000,340965500,0,0
2021-05-14,1040,1063.75,1040,1052.5,142000,149605500,0,0
2021-05-17,1063.75,1073.75,1013.75,1016.25,195200,200951000,0,0
2021-05-18,1027.5,1046.25,1012.5,1046.25,131600,136293000,0,0
2021-05-19,1016.25,1051.25,1006.25,1042.5,285200,293593000,0,0
2021-05-20,1048.75,1061.25,1041.25,1048.75,101600,107005500,0,0
2021-05-21,1056.25,1057.5,1038.75,1048.75,105600,110896500,0,0
2021-05-24,1047.5,1060,1045,1060,56400,59434500,0,0
2021-05-25,1055,1066.25,1046.25,1046.25,72000,75843500,0,0
2021-05-26,1045,1051.25,1026.25,1042.5,122000,126806000,0,0
2021-05-27,1041.25,1055,1030,1030,149200,154940000,0,0
2021-05-28,1041.25,1050,1033.75,1050,127200,132836000,0,0
2021-05-31,1041.25,1046.25,1028.75,1046.25,168000,174463500,0,0
2021-06-01,1043.75,1046.25,1030,1042.5,58000,60256000,0,0
2021-06-02,1033.75,1042.5,1030,1036.25,61600,63795500,0,0
2021-06-03,1047.5,1047.5,1030,1047.5,83600,87054500,0,0
2021-06-04,1047.5,1065,1042.5,1056.25,192400,202746000,0,0
2021-06-07,1075,1076.25,1056.25,1068.75,91600,97736500,0,0
2021-06-08,1070,1070,1047.5,1052.5,82400,87010000,0,0
2021-06-09,1052.5,1065,1048.75,1052.5,65600,69252000,0,0
2021-06-10,1050,1057.5,1043.75,1053.75,62000,65213500,0,0
2021-06-11,1055,1058.75,1037.5,1048.75,106000,111358000,0,0
2021-06-14,1050,1070,1042.5,1067.5,70800,75010000,0,0
2021-06-15,1067.5,1081.25,1058.75,1076.25,105600,113264500,0,0
2021-06-16,1072.5,1081.25,1063.75,1068.75,56400,60470000,0,0
2021-06-17,1062.5,1076.25,1058.75,1072.5,47200,50442500,0,0
2021-06-18,1083.75,1083.75,1041.25,1041.25,183200,192661500,0,0
2021-06-21,1023.75,1030,1011.25,1013.75,152000,154779000,0,0
2021-06-22,1036.25,1047.5,1025,1046.25,76400,79419500,0,0
2021-06-23,1037.5,1050,1037.5,1050,59600,62243000,0,0
2021-06-24,1046.25,1055,1037.5,1050,70000,73309000,0,0
2021-06-25,1062.5,1063.75,1047.5,1050,77200,81489000,0,0
2021-06-28,1050,1066.25,1047.5,1065,86000,91111500,0,0
2021-06-29,1048.75,1056.25,1031.25,1053.75,152800,159723500,0,0
2021-06-30,1051.25,1067.5,1037.5,1055,195200,205978500,0,0
2021-07-01,1056.25,1065,1036.25,1040,104400,108895500,0,0
2021-07-02,1047.5,1052.5,1043.75,1047.5,36800,38553500,0,0
2021-07-05,1042.5,1070,1037.5,1060,87600,92752500,0,0
2021-07-06,1060,1072.5,1056.25,1070,59600,63589000,0,0
2021-07-07,1052.5,1076.25,1048.75,1062.5,83200,88754500,0,0
2021-07-08,1062.5,1067.5,1043.75,1043.75,121200,127308000,0,0
2021-07-09,1031.25,1042.5,1021.25,1035,152400,157176500,0,0
2021-07-12,1048.75,1075,1048.75,1073.75,111200,118890000,0,0
2021-07-13,1073.75,1092.5,1067.5,1091.25,94400,102286000,0,0
2021-07-14,1086.25,1091.25,1075,1083.75,108000,117144500,0,0
2021-07-15,1085,1088.75,1070,1070,55200,59294000,0,0
2021-07-16,1062.5,1073.75,1057.5,1066.25,66400,70733000,0,0
2021-07-19,1053.75,1061.25,1036.25,1040,86000,89779500,0,0
2021-07-20,1027.5,1038.75,1012.5,1027.5,139200,142952000,0,0
2021-07-21,1040,1060,1040,1050,74000,77623500,0,0
2021-07-26,1072.5,1086.25,1063.75,1083.75,89200,96166000,0,0
2021-07-27,1085,1086.25,1073.75,1076.25,42800,46224500,0,0
2021-07-28,1070,1073.75,1055,1066.25,48400,51439000,0,0
2021-07-29,1060,1068.75,1053.75,1063.75,85600,91073500,0,0
2021-07-30,1038.75,1070,1037.5,1052.5,174000,183089500,0,0
2021-08-02,1067.5,1102.5,1058.75,1102.5,116000,126646000,0,0
2021-08-03,1102.5,1108.75,1097.5,1098.75,45200,49808000,0,0
2021-08-04,1098.75,1100,1082.5,1082.5,63200,68862500,0,0
2021-08-05,1083.75,1130,1075,1112.5,166800,185313500,0,0
2021-08-06,1068.75,1110,1057.5,1080,334400,361041000,0,0
2021-08-10,1071.25,1080,1055,1057.5,120800,128841000,0,0
2021-08-11,1070,1080,1066.25,1068.75,70400,75435500,0,0
2021-08-12,1075,1076.25,1060,1063.75,60400,64548500,0,0
2021-08-13,1063.75,1071.25,1046.25,1050,58800,61894000,0,0
2021-08-16,1047.5,1048.75,1025,1037.5,95600,98883000,0,0
2021-08-17,1041.25,1051.25,1026.25,1030,62800,65038500,0,0
2021-08-18,1028.75,1028.75,1005,1011.25,58000,59001500,0,0
2021-08-19,1005,1005,985,985,90000,89366500,0,0
2021-08-20,985,985,957.5,972.5,89200,86652000,0,0
2021-08-23,981.25,991.25,968.75,975,96000,93884500,0,0
2021-08-24,983.75,1015,983.75,1015,102000,102746000,0,0
2021-08-25,1015,1026.25,991.25,993.75,68400,68625500,0,0
2021-08-26,1005,1013.75,992.5,1011.25,41200,41492000,0,0
2021-08-27,1011.25,1011.25,995,1001.25,33200,33233000,0,0
2021-08-30,1012.5,1048.75,1002.5,1040,114400,118266500,0,0
2021-08-31,1036.25,1072.5,1035,1062.5,122400,129711500,0,0
2021-09-01,1058.75,1062.5,1048.75,1055,59200,62542000,0,0
2021-09-02,1051.25,1051.25,1027.5,1036.25,56400,58355500,0,0
2021-09-03,1036.25,1067.5,1033.75,1067.5,76800,81377000,0,0
2021-09-06,1075,1075,1052.5,1060,101200,107260500,0,0
2021-09-07,1073.75,1073.75,1062.5,1067.5,63600,67899500,0,0
2021-09-08,1073.75,1086.25,1070,1083.75,78400,84713000,0,0
2021-09-09,1082.5,1090,1075,1085,70800,76684500,0,0
2021-09-10,1088.75,1113.75,1082.5,1113.75,108400,119388000,0,0
2021-09-13,1183.75,1185,1152.5,1165,304400,356053500,0,0
2021-09-14,1148.75,1170,1147.5,1170,112000,130393500,0,0
2021-09-15,1147.5,1153.75,1136.25,1152.5,126800,145149500,0,0
2021-09-16,1176.25,1196.25,1157.5,1166.25,208000,243496500,0,0
2021-09-17,1175,1175,1158.75,1175,118800,138931000,0,0
2021-09-21,1146.25,1160,1140,1151.25,114400,131629500,0,0
2021-09-22,1151.25,1158.75,1130,1130,102400,116702000,0,0
2021-09-24,1161.25,1168.75,1153.75,1166.25,98400,114353500,0,0
2021-09-27,1342.5,1342.5,1305,1335,1202000,1606033000,1,0
2021-09-28,1310,1340,1282.5,1320,494800,647156000,0,0
2021-09-29,1277.5,1285,1255,1275,244000,310163000,0,0
2021-09-30,1262.5,1272.5,1232.5,1255,157200,197310000,0,0
2021-10-01,1230,1252.5,1215,1222.5,219600,269987500,0,0
2021-10-04,1248.75,1248.75,1210,1216.25,171200,210000000,0,0
2021-10-05,1198.75,1202.5,1172.5,1193.75,248800,296093000,0,0
2021-10-06,1188.75,1235,1188.75,1201.25,181600,219751000,0,0
2021-10-07,1193.75,1201.25,1181.25,1193.75,108400,129038500,0,0
2021-10-08,1205,1226.25,1191.25,1202.5,84000,101655500,0,0
2021-10-11,1210,1220,1203.75,1220,63200,76690000,0,0
2021-10-12,1205,1205,1192.5,1197.5,83200,99783000,0,0
2021-10-13,1200,1200,1176.25,1190,65600,77997000,0,0
2021-10-14,1187.5,1187.5,1172.5,1187.5,46800,55296500,0,0
2021-10-15,1197.5,1235,1197.5,1230,119200,145625000,0,0
2021-10-18,1241.25,1262.5,1230,1255,136400,170635500,0,0
2021-10-19,1246.25,1260,1242.5,1252.5,64800,81202000,0,0
2021-10-20,1248.75,1252.5,1232.5,1232.5,62800,77986500,0,0
2021-10-21,1225,1243.75,1217.5,1217.5,68800,84488500,0,0
2021-10-22,1217.5,1222.5,1190,1222.5,77200,93466500,0,0
2021-10-25,1222.5,1232.5,1216.25,1217.5,33200,40535500,0,0
2021-10-26,1228.75,1235,1215,1227.5,49200,60296500,0,0
2021-10-27,1236.25,1236.25,1218.75,1232.5,55200,67754000,0,0
2021-10-28,1223.75,1245,1218.75,1232.5,88400,109092000,0,0
2021-10-29,1240,1245,1233.75,1241.25,93200,115620000,0,0
2021-11-01,1260,1270,1236.25,1262.5,159200,199880500,0,0
2021-11-02,1270,1280,1245,1255,167600,211858500,0,0
2021-11-04,1265,1280,1255,1265,226000,286852000,0,0
2021-11-05,1280,1280,1245,1252.5,98400,123973500,0,0
2021-11-08,1262.5,1280,1192.5,1255,348400,433590000,0,0
2021-11-09,1250,1250,1181.25,1197.5,325600,392065000,0,0
2021-11-10,1197.5,1200,1161.25,1167.5,125200,146960500,0,0
2021-11-11,1167.5,1167.5,1148.75,1153.75,117200,135410000,0,0
2021-11-12,1155,1190,1155,1190,112000,132528500,0,0
2021-11-15,1205,1205,1173.75,1188.75,96400,114513000,0,0
2021-11-16,1197.5,1197.5,1167.5,1167.5,80000,94363000,0,0
2021-11-17,1173.75,1190,1166.25,1178.75,82000,96688500,0,0
2021-11-18,1176.25,1182.5,1170,1175,48400,56931500,0,0
2021-11-19,1163.75,1192.5,1163.75,1192.5,55200,65308000,0,0
2021-11-22,1200,1218.75,1198.75,1215,98000,118590000,0,0
2021-11-24,1217.5,1220,1200,1200,61200,73787000,0,0
2021-11-25,1217.5,1230,1206.25,1208.75,58000,70516500,0,0
2021-11-26,1211.25,1212.5,1182.5,1203.75,165200,198215000,0,0
2021-11-29,1177.5,1195,1152.5,1156.25,159200,186463500,0,0
2021-11-30,1163.75,1201.25,1157.5,1157.5,250800,295272500,0,0
2021-12-01,1158.75,1186.25,1151.25,1180,157600,185371000,0,0
2021-12-02,1182.5,1212.5,1182.5,1188.75,236000,282818500,0,0
2021-12-03,1206.25,1206.25,1192.5,1203.75,102400,122844500,0,0
2021-12-06,1202.5,1210,1193.75,1198.75,84800,101843000,0,0
2021-12-07,1215,1227.5,1205,1227.5,121200,147821500,0,0
2021-12-08,1237.5,1237.5,1206.25,1211.25,80000,97295500,0,0
2021-12-09,1198.75,1211.25,1187.5,1200,72000,86336500,0,0
2021-12-10,1208.75,1208.75,1182.5,1186.25,51200,61360500,0,0
2021-12-13,1195,1207.5,1183.75,1200,63200,75662000,0,0
2021-12-14,1208.75,1208.75,1188.75,1200,66800,80014500,0,0
2021-12-15,1200,1212.5,1200,1206.25,45600,54998500,0,0
2021-12-16,1215,1223.75,1208.75,1218.75,78000,94927500,0,0
2021-12-17,1223.75,1255,1222.5,1235,230800,285680000,0,0
2021-12-20,1232.5,1232.5,1173.75,1178.75,142000,169893000,0,0
2021-12-21,1182.5,1190,1175,1180,102400,120953500,0,0
2021-12-22,1188.75,1188.75,1173.75,1177.5,80400,94954000,0,0
2021-12-23,1181.25,1192.5,1177.5,1181.25,54800,64861000,0,0
2021-12-24,1186.25,1207.5,1186.25,1196.25,128000,152966500,0,0
2021-12-27,1203.75,1215,1200,1210,74000,89403500,0,0
2021-12-28,1216.25,1241.25,1216.25,1238.75,134000,164672000,0,0
2021-12-29,1243.75,1257.5,1225,1237.5,90000,111606000,0,0
2021-12-30,1243.75,1255,1230,1255,91600,114436500,0,0
2022-01-04,1260,1260,1241.25,1243.75,92400,115652500,0,0
2022-01-05,1248.75,1257.5,1243.75,1250,80000,100047500,0,0
2022-01-06,1236.25,1242.5,1220,1223.75,110000,135338000,0,0
2022-01-07,1227.5,1235,1202.5,1216.25,99200,120488500,0,0
2022-01-11,1210,1241.25,1210,1215,115600,141210000,0,0
2022-01-12,1221.25,1247.5,1220,1238.75,139200,171994000,0,0
2022-01-13,1250,1255,1227.5,1227.5,146000,181141500,0,0
2022-01-14,1230,1232.5,1206.25,1220,118400,144351000,0,0
2022-01-17,1228.75,1231.25,1208.75,1210,41600,50643000,0,0
2022-01-18,1208.75,1213.75,1186.25,1192.5,124800,149483500,0,0
2022-01-19,1170,1180,1135,1140,168400,193829500,0,0
2022-01-20,1140,1156.25,1128.75,1145,105200,120264000,0,0
2022-01-21,1131.25,1140,1120,1138.75,100400,113478500,0,0
2022-01-24,1131.25,1150,1126.25,1148.75,45600,52035500,0,0
2022-01-25,1158.75,1158.75,1116.25,1125,80800,91234500,0,0
2022-01-26,1125,1135,1115,1120,62000,69585500,0,0
2022-01-27,1123.75,1141.25,1088.75,1098.75,136400,150771000,0,0
2022-01-28,1116.25,1122.5,1100,1117.5,98800,110153500,0,0
2022-01-31,1125,1150,1117.5,1140,146000,165993500,0,0
2022-02-01,1155,1157.5,1143.75,1145,74400,85508000,0,0
2022-02-02,1155,1180,1153.75,1175,304800,356405500,0,0
2022-02-03,1157.5,1176.25,1145,1153.75,284400,329080500,0,0
2022-02-04,1147.5,1152.5,1120,1145,207600,236269500,0,0
2022-02-07,1132.5,1142.5,1126.25,1127.5,88000,99636500,0,0
2022-02-08,1135,1143.75,1126.25,1130,63600,72001500,0,0
2022-02-09,1135,1150,1135,1143.75,77600,88825500,0,0
2022-02-10,1152.5,1181.25,1138.75,1147.5,119600,138376000,0,0
2022-02-14,1137.5,1141.25,1126.25,1132.5,98000,111118000,0,0
2022-02-15,1135,1142.5,1122.5,1123.75,72000,81261000,0,0
2022-02-16,1126.25,1146.25,1126.25,1142.5,94800,108156000,0,0
2022-02-17,1142.5,1142.5,1125,1132.5,56800,64418000,0,0
2022-02-18,1116.25,1131.25,1115,1127.5,64000,71887000,0,0
2022-02-21,1112.5,1117.5,1105,1113.75,52400,58165000,0,0
2022-02-22,1096.25,1100,1080,1080,135600,147202000,0,0
2022-02-24,1073.75,1101.25,1072.5,1101.25,130000,141779500,0,0
2022-02-25,1096.25,1108.75,1087.5,1105,121200,133475500,0,0
2022-02-28,1120,1147.5,1115,1142.5,154000,174922000,0,0
2022-03-01,1107.5,1135,1107.5,1130,274800,308553000,0,0
2022-03-02,1106.25,1118.75,1083.75,1083.75,206800,227616500,0,0
2022-03-03,1105,1115,1086.25,1086.25,260800,287250000,0,0
2022-03-04,1085,1096.25,1051.25,1063.75,588000,627257000,0,0
2022-03-07,1063.75,1063.75,1023.75,1023.75,354400,369037500,0,0
2022-03-08,1010,1023.75,1006.25,1007.5,176800,179303000,0,0
2022-03-09,1016.25,1032.5,1007.5,1018.75,172000,175592000,0,0
2022-03-10,1061.25,1068.75,1050,1067.5,229600,243746500,0,0
2022-03-11,1051.25,1071.25,1045,1057.5,119600,126223500,0,0
2022-03-14,1073.75,1080,1062.5,1062.5,94400,101089500,0,0
2022-03-15,1076.25,1080,1061.25,1071.25,176400,188942500,0,0
2022-03-16,1071.25,1073.75,1057.5,1068.75,90800,96721000,0,0
2022-03-17,1082.5,1091.25,1070,1077.5,115600,124682000,0,0
2022-03-18,1077.5,1096.25,1063.75,1096.25,182800,198673500,0,0
2022-03-22,1108.75,1108.75,1082.5,1088.75,162000,176925500,0,0
2022-03-23,1093.75,1117.5,1087.5,1111.25,148400,164230000,0,0
2022-03-24,1111.25,1112.5,1096.25,1112.5,75600,83676500,0,0
2022-03-25,1127.5,1140,1115,1118.75,103200,115970000,0,0
2022-03-28,1118.75,1131.25,1111.25,1116.25,88400,98846000,0,0
2022-03-29,1128.75,1133.75,1116.25,1128.75,112400,126583000,0,0
2022-03-30,1108.75,1123.75,1102.5,1123.75,122800,136918000,0,0
2022-03-31,1107.5,1125,1101.25,1115,160800,179568000,0,0
2022-04-01,1100,1103.75,1091.25,1092.5,63200,69228000,0,0
2022-04-04,1092.5,1102.5,1083.75,1096.25,48000,52529000,0,0
2022-04-05,1102.5,1112.5,1096.25,1096.25,93200,102692000,0,0
2022-04-06,1083.75,1088.75,1058.75,1058.75,107600,115094500,0,0
2022-04-07,1043.75,1061.25,1028.75,1033.75,157200,162935000,0,0
2022-04-08,1035,1040,1025,1027.5,120000,123701500,0,0
2022-04-11,1025,1037.5,1015,1020,90800,92833500,0,0
2022-04-12,1012.5,1016.25,1002.5,1006.25,83600,84250000,0,0
2022-04-13,1000,1026.25,1000,1025,157200,159063000,0,0
2022-04-14,1023.75,1041.25,1023.75,1037.5,71600,73913000,0,0
2022-04-15,1037.5,1040,1027.5,1031.25,64800,66983500,0,0
2022-04-18,1023.75,1025,1008.75,1016.25,86800,88094500,0,0
2022-04-19,1022.5,1028.75,1017.5,1021.25,246400,251448500,0,0
2022-04-20,1023.75,1038.75,1022.5,1028.75,79600,81974000,0,0
2022-04-21,1027.5,1051.25,1027.5,1042.5,135200,140564000,0,0
2022-04-22,1031.25,1036.25,1023.75,1032.5,49600,51120000,0,0
2022-04-25,1010,1012.5,1005,1008.75,55200,55698000,0,0
2022-04-26,1010,1012.5,998.75,1001.25,100400,100729500,0,0
2022-04-27,987.5,991.25,978.75,981.25,133600,131451500,0,0
2022-04-28,983.75,1033.75,983.75,1032.5,131600,133959500,0,0
2022-05-02,1017.5,1035,1017.5,1028.75,113200,116264000,0,0
2022-05-06,1038.75,1048.75,1028.75,1046.25,126400,131659500,0,0
2022-05-09,1046.25,1057.5,1036.25,1042.5,125600,131338500,0,0
2022-05-10,1050,1126.25,1032.5,1057.5,254800,270333000,0,0
2022-05-11,1052.5,1057.5,1033.75,1043.75,116000,121387000,0,0
2022-05-12,1043.75,1047.5,1028.75,1033.75,94400,97875500,0,0
2022-05-13,1041.25,1053.75,1030,1050,112400,117466500,0,0
2022-05-16,1055,1055,1022.5,1023.75,103200,106777000,0,0
2022-05-17,1023.75,1028.75,1020,1026.25,87200,89287000,0,0
2022-05-18,1026.25,1035,1021.25,1035,59200,60979500,0,0
2022-05-19,1003.75,1020,1002.5,1017.5,104400,105556000,0,0
2022-05-20,1016.25,1037.5,1016.25,1036.25,61600,63502500,0,0
2022-05-23,1036.25,1046.25,1025,1031.25,78000,80626000,0,0
2022-05-24,1030,1038.75,1020,1021.25,76000,78083000,0,0
2022-05-25,1021.25,1023.75,1013.75,1015,79600,81048000,0,0
2022-05-26,1015,1027.5,1015,1015,51600,52608000,0,0
2022-05-27,1020,1040,1020,1038.75,94000,97045000,0,0
2022-05-30,1048.75,1057.5,1042.5,1047.5,128400,134778500,0,0
2022-05-31,1050,1057.5,1047.5,1055,89200,93946000,0,0
2022-06-01,1056.25,1066.25,1056.25,1063.75,100800,107008500,0,0
2022-06-02,1063.75,1078.75,1061.25,1070,70800,75805000,0,0
2022-06-03,1075,1080,1072.5,1076.25,59600,64152500,0,0
2022-06-06,1066.25,1077.5,1066.25,1072.5,63600,68209000,0,0
2022-06-07,1076.25,1095,1076.25,1091.25,67200,73242000,0,0
2022-06-08,1097.5,1110,1090,1110,102800,113358500,0,0
2022-06-09,1108.75,1108.75,1081.25,1086.25,114000,124403000,0,0
2022-06-10,1068.75,1072.5,1063.75,1063.75,117600,125437500,0,0
2022-06-13,1050,1060,1048.75,1051.25,82800,87163000,0,0
2022-06-14,1037.5,1050,1035,1050,108000,112766500,0,0
2022-06-15,1047.5,1052.5,1035,1035,82800,86051000,0,0
2022-06-16,1035,1061.25,1035,1050,96400,101411500,0,0
2022-06-17,1032.5,1037.5,1017.5,1025,258000,264890000,0,0
2022-06-20,1028.75,1030,1003.75,1007.5,115600,116897500,0,0
2022-06-21,1025,1041.25,1017.5,1037.5,92800,95863000,0,0
2022-06-22,1050,1053.75,1018.75,1022.5,107600,110760000,0,0
2022-06-23,1022.5,1023.75,1002.5,1011.25,140800,142739500,0,0
2022-06-24,1010,1018.75,1002.5,1012.5,156800,158333000,0,0
2022-06-27,1025,1037.5,1015,1020,124000,126672000,0,0
2022-06-28,1013.75,1027.5,1013.75,1027.5,113600,116098000,0,0
2022-06-29,1018.75,1018.75,1010,1013.75,76000,77071500,0,0
2022-06-30,1005,1017.5,1003.75,1007.5,183600,184803000,0,0
2022-07-01,1011.25,1015,997.5,1003.75,138000,138296500,0,0
2022-07-04,1013.75,1013.75,1006.25,1011.25,74400,75171500,0,0
2022-07-05,1026.25,1027.5,1015,1015,72400,73784500,0,0
2022-07-06,1002.5,1022.5,1001.25,1016.25,126400,128067000,0,0
2022-07-07,1022.5,1032.5,1015,1027.5,79200,81198500,0,0
2022-07-08,1035,1056.25,1035,1038.75,177200,185144000,0,0
2022-07-11,1050,1056.25,1040,1050,83200,87377000,0,0
2022-07-12,1050,1050,1021.25,1021.25,84800,87171500,0,0
2022-07-13,1023.75,1037.5,1023.75,1035,37600,38832000,0,0
2022-07-14,1026.25,1038.75,1023.75,1033.75,55200,57004000,0,0
2022-07-15,1038.75,1057.5,1033.75,1050,100800,105494000,0,0
2022-07-19,1055,1060,1048.75,1052.5,76800,80882000,0,0
2022-07-20,1073.75,1078.75,1067.5,1075,96800,104089000,0,0
2022-07-21,1070,1080,1067.5,1080,72400,77887500,0,0
2022-07-22,1080,1083.75,1073.75,1076.25,55600,59921500,0,0
2022-07-25,1076.25,1077.5,1060,1062.5,66000,70411000,0,0
2022-07-26,1062.5,1075,1058.75,1070,24000,25662000,0,0
2022-07-27,1065,1068.75,1060,1063.75,36400,38763500,0,0
2022-07-28,1072.5,1073.75,1058.75,1070,81600,87030500,0,0
2022-07-29,1077.5,1077.5,1056.25,1060,46000,48868000,0,0
2022-08-01,1062.5,1072.5,1062.5,1067.5,53600,57234500,0,0
2022-08-02,1057.5,1061.25,1047.5,1055,74000,78010000,0,0
2022-08-03,1066.25,1066.25,1041.25,1042.5,134400,140624000,0,0
2022-08-04,1045,1056.25,1041.25,1052.5,64000,67243000,0,0
2022-08-05,1047.5,1062.5,1040,1062.5,100000,105538000,0,0
2022-08-08,1052.5,1060,1038.75,1042.5,148000,154724500,0,0
2022-08-09,1038.75,1042.5,1022.5,1026.25,127600,131542500,0,0
2022-08-10,1026.25,1040,1021.25,1033.75,57200,58983500,0,0
2022-08-12,1051.25,1066.25,1050,1057.5,136000,143975000,0,0
2022-08-15,1065,1065,1056.25,1060,40000,42377000,0,0
2022-08-16,1048.75,1050,1038.75,1041.25,88000,91773500,0,0
2022-08-17,1041.25,1061.25,1041.25,1055,103600,109307000,0,0
2022-08-18,1045,1050,1037.5,1042.5,131600,137217000,0,0
2022-08-19,1052.5,1052.5,1043.75,1045,49600,51985000,0,0
2022-08-22,1041.25,1052.5,1038.75,1046.25,51200,53559500,0,0
2022-08-23,1046.25,1046.25,1037.5,1038.75,45200,46996000,0,0
2022-08-24,1038.75,1047.5,1038.75,1041.25,83600,87071500,0,0
2022-08-25,1051.25,1065,1046.25,1056.25,133600,141374000,0,0
2022-08-26,1060,1060,1042.5,1042.5,63600,66728000,0,0
2022-08-29,1026.25,1040,1023.75,1040,118400,122411000,0,0
2022-08-30,1045,1062.5,1038.75,1062.5,120000,126431500,0,0
2022-08-31,1050,1053.75,1037.5,1050,169600,177508000,0,0
2022-09-01,1036.25,1038.75,1026.25,1031.25,104400,107632500,0,0
2022-09-02,1032.5,1033.75,1025,1028.75,82800,85156000,0,0
2022-09-05,1022.5,1022.5,1017.5,1022.5,131600,134369500,0,0
2022-09-06,1023.75,1031.25,1020,1022.5,116000,118791500,0,0
2022-09-07,1027.5,1027.5,1020,1026.25,71200,72897500,0,0
2022-09-08,1035,1035,1026.25,1032.5,118800,122449000,0,0
2022-09-09,1022.5,1040,1022.5,1040,140800,145080500,0,0
2022-09-12,1047.5,1052.5,1038.75,1040,91200,95200000,0,0
2022-09-13,1046.25,1046.25,1032.5,1036.25,65600,68028500,0,0
2022-09-14,1025,1025,1017.5,1025,132000,135022500,0,0
2022-09-15,1025,1025,1012.5,1017.5,144800,147263000,0,0
2022-09-16,1017.5,1021.25,1012.5,1018.75,120000,122075000,0,0
2022-09-20,1023.75,1028.75,1018.75,1018.75,104400,106812000,0,0
2022-09-21,1016.25,1018.75,1011.25,1012.5,116800,118473000,0,0
2022-09-22,1012.5,1018.75,1002.5,1017.5,162400,164251000,0,0
2022-09-26,1012.5,1012.5,988.75,992.5,233600,232789500,0,0
2022-09-27,1000,1000,993.75,995,99200,98845500,0,0
2022-09-28,1000,1001.25,987.5,997.5,188800,187857500,0,0
2022-09-29,996.25,1002.5,985,1000,169600,169022000,0,0
2022-09-30,1005,1013.75,993.75,1003.75,224800,225762500,0,0
2022-10-03,990,1005,987.5,993.75,148000,147235500,0,0
2022-10-04,1018.75,1021.25,1010,1020,164800,167687500,0,0
2022-10-05,1030,1031.25,1020,1022.5,126000,129174000,0,0
2022-10-06,1022.5,1032.5,1022.5,1025,154000,158332500,0,0
2022-10-07,1013.75,1020,1007.5,1016.25,118000,119813000,0,0
2022-10-11,1001.25,1007.5,995,1000,195600,195559500,0,0
2022-10-12,995,1000,991.25,997.5,128400,127712000,0,0
2022-10-13,995,997.5,990,992.5,115200,114408000,0,0
2022-10-14,1003.75,1011.25,993.75,1002.5,123200,123852500,0,0
2022-10-17,998.75,1003.75,996.25,1001.25,65200,65209000,0,0
2022-10-18,1012.5,1013.75,1002.5,1013.75,100000,101115000,0,0
2022-10-19,1012.5,1017.5,1003.75,1012.5,70800,71657500,0,0
2022-10-20,1002.5,1012.5,1000,1012.5,115600,116296000,0,0
2022-10-21,1008.75,1012.5,1003.75,1007.5,74800,75290500,0,0
2022-10-24,1017.5,1018.75,1006.25,1006.25,125200,126689500,0,0
2022-10-25,1013.75,1022.5,1010,1022.5,91200,92917500,0,0
2022-10-26,1022.5,1028.75,1013.75,1025,180000,184108500,0,0
2022-10-27,1016.25,1017.5,1005,1010,108000,109205500,0,0
2022-10-28,1001.25,1010,998.75,1006.25,623200,626507000,0,0
2022-10-31,1017.5,1035,1016.25,1032.5,158000,162479500,0,0
2022-11-01,1037.5,1037.5,1027.5,1027.5,61200,63195500,0,0
2022-11-02,1027.5,1032.5,1017.5,1028.75,245600,252094500,0,0
2022-11-04,1021.25,1021.25,1006.25,1010,112400,113707000,0,0
2022-11-07,1010,1018.75,1006.25,1015,75200,76305500,0,0
2022-11-08,1017.5,1032.5,968.75,998.75,570000,568338500,0,0
2022-11-09,1003.75,1016.25,1002.5,1007.5,243200,244995000,0,0
2022-11-10,1000,1003.75,987.5,997.5,202400,201700500,0,0
2022-11-11,1005,1015,997.5,998.75,139600,139749000,0,0
2022-11-14,993.75,995,982.5,982.5,161600,159561500,0,0
2022-11-15,983.75,991.25,982.5,986.25,126800,124945000,0,0
2022-11-16,986.25,990,981.25,988.75,91200,89863000,0,0
2022-11-17,986.25,993.75,986.25,990,104000,102924000,0,0
2022-11-18,995,1005,992.5,996.25,117600,117287000,0,0
2022-11-21,1005,1008.75,998.75,1006.25,87200,87471000,0,0
2022-11-22,1010,1016.25,1010,1016.25,124000,125728000,0,0
2022-11-24,1028.75,1035,1025,1032.5,131200,135328500,0,0
2022-11-25,1036.25,1038.75,1030,1036.25,71200,73713000,0,0
2022-11-28,1037.5,1037.5,1026.25,1028.75,82400,84876000,0,0
2022-11-29,1017.5,1025,1013.75,1016.25,100400,102260500,0,0
2022-11-30,1018.75,1021.25,1010,1010,100800,102181000,0,0
2022-12-01,1010,1012.5,1005,1007.5,237200,238922500,0,0
2022-12-02,1003.75,1005,991.25,993.75,248800,247707500,0,0
2022-12-05,993.75,996.25,988.75,990,262800,260407000,0,0
2022-12-06,995,1000,987.5,1000,366000,364711500,0,0
2022-12-07,995,996.25,990,990,303600,301553000,0,0
2022-12-08,987.5,993.75,982.5,990,334000,329672000,0,0
2022-12-09,987.5,1001.25,987.5,997.5,158400,157657500,0,0
2022-12-12,997.5,1001.25,995,1001.25,78800,78746500,0,0
2022-12-13,1003.75,1008.75,998.75,998.75,125200,125599000,0,0
2022-12-14,1008.75,1008.75,1002.5,1006.25,83200,83724500,0,0
2022-12-15,1006.25,1012.5,1003.75,1008.75,59200,59821500,0,0
2022-12-16,1006.25,1012.5,1003.75,1008.75,194000,195688500,0,0
2022-12-19,1005,1008.75,1003.75,1003.75,61600,61936500,0,0
2022-12-20,1006.25,1010,987.5,993.75,159600,159014000,0,0
2022-12-21,991.25,991.25,981.25,981.25,172000,169403500,0,0
2022-12-22,988.75,988.75,980,980,128000,125957500,0,0
2022-12-23,980,982.5,972.5,981.25,149600,146243500,0,0
2022-12-26,981.25,988.75,981.25,986.25,84800,83579500,0,0
2022-12-27,991.25,992.5,986.25,990,61600,60974000,0,0
2022-12-28,991.25,997.5,988.75,992.5,102000,101223500,0,0
2022-12-29,992.5,1003.75,986.25,1001.25,147600,147305500,0,0
2022-12-30,1007.5,1012.5,1005,1005,126000,127063000,0,0
2023-01-04,1000,1005,985,987.5,106800,105955500,0,0
2023-01-05,990,995,986.25,993.75,100400,99405500,0,0
2023-01-06,993.75,1002.5,988.75,997.5,76800,76549000,0,0
2023-01-10,1006.25,1006.25,997.5,997.5,61600,61649000,0,0
2023-01-11,991.25,998.75,990,996.25,114400,113848000,0,0
2023-01-12,998.75,1007.5,997.5,1002.5,84800,85085500,0,0
2023-01-13,1005,1010,997.5,997.5,85200,85485500,0,0
2023-01-16,996.25,1000,988.75,988.75,56800,56373500,0,0
2023-01-17,990,1001.25,990,998.75,40800,40727000,0,0
2023-01-18,1000,1012.5,995,1007.5,71200,71664000,0,0
2023-01-19,1005,1005,996.25,996.25,50000,49961000,0,0
2023-01-20,993.75,1001.25,992.5,998.75,36800,36717000,0,0
2023-01-23,1001.25,1008.75,1001.25,1003.75,53600,53903500,0,0
2023-01-24,1007.5,1022.5,1007.5,1021.25,112000,114057500,0,0
2023-01-25,1022.5,1022.5,1013.75,1015,66000,67115000,0,0
2023-01-26,1018.75,1030,1018.75,1025,112400,115383500,0,0
2023-01-27,1027.5,1031.25,1023.75,1026.25,65200,66985500,0,0
2023-01-30,1028.75,1035,1025,1026.25,128800,132561500,0,0
2023-01-31,1033.75,1050,1032.5,1050,90800,94791500,0,0
2023-02-01,1050,1055,1042.5,1042.5,99200,104031000,0,0
2023-02-02,1051.25,1051.25,1030,1036.25,83600,86844000,0,0
2023-02-03,1053.75,1076.25,1043.75,1061.25,204800,217311500,0,0
2023-02-06,1065,1077.5,1058.75,1070,89600,95904000,0,0
2023-02-07,1070,1071.25,1052.5,1057.5,98400,104238500,0,0
2023-02-08,1057.5,1065,1053.75,1065,48000,50963000,0,0
2023-02-09,1050,1053.75,1048.75,1048.75,103200,108421500,0,0
2023-02-10,1048.75,1061.25,1045,1055,108000,113903500,0,0
2023-02-13,1055,1065,1052.5,1057.5,58800,62245500,0,0
2023-02-14,1062.5,1076.25,1062.5,1073.75,266000,285091000,0,0
2023-02-15,1073.75,1080,1065,1068.75,272000,291253500,0,0
2023-02-16,1075,1095,1075,1095,180000,195355500,0,0
2023-02-17,1090,1106.25,1087.5,1097.5,129600,142220500,0,0
2023-02-20,1105,1121.25,1105,1117.5,100800,112553000,0,0
2023-02-21,1116.25,1135,1116.25,1130,115200,129795000,0,0
2023-02-22,1123.75,1128.75,1112.5,1113.75,115200,128733000,0,0
2023-02-24,1125,1128.75,1116.25,1117.5,88000,98664000,0,0
2023-02-27,1118.75,1142.5,1118.75,1137.5,149600,169560500,0,0
2023-02-28,1143.75,1145,1123.75,1132.5,147200,166855000,0,0
2023-03-01,1127.5,1135,1126.25,1133.75,113600,128571000,0,0
2023-03-02,1135,1137.5,1118.75,1118.75,84800,95296500,0,0
2023-03-03,1117.5,1132.5,1117.5,1122.5,135600,152484000,0,0
2023-03-06,1131.25,1143.75,1122.5,1143.75,122400,139343000,0,0
2023-03-07,1140,1147.5,1135,1137.5,89200,101725500,0,0
2023-03-08,1146.25,1176.25,1146.25,1176.25,225600,263450000,0,0
2023-03-09,1181.25,1187.5,1167.5,1170,113200,132883500,0,0
2023-03-10,1156.25,1170,1150,1158.75,144800,167705000,0,0
2023-03-13,1143.75,1147.5,1127.5,1135,116000,131618500,0,0
2023-03-14,1128.75,1130,1092.5,1100,194800,215108000,0,0
2023-03-15,1125,1141.25,1121.25,1138.75,140000,158447500,0,0
2023-03-16,1126.25,1132.5,1110,1130,135600,152358500,0,0
2023-03-17,1138.75,1153.75,1126.25,1126.25,334800,379498000,0,0
2023-03-20,1121.25,1126.25,1100,1110,98400,109516000,0,0
2023-03-22,1127.5,1130,1117.5,1120,100800,113124500,0,0
2023-03-23,1116.25,1127.5,1110,1125,81200,91085500,0,0
2023-03-24,1125,1125,1111.25,1115,53200,59366000,0,0
2023-03-27,1126.25,1138.75,1123.75,1137.5,82800,93816000,0,0
2023-03-28,1137.5,1150,1135,1142.5,108000,123562500,0,0
2023-03-29,1150,1157.5,1146.25,1157.5,142400,164374500,0,0
2023-03-30,1135,1143.75,1118.75,1138.75,117200,132855500,0,0
2023-03-31,1143.75,1157.5,1142.5,1147.5,92000,105627500,0,0
2023-04-03,1151.25,1152.5,1143.75,1148.75,82800,95118000,0,0
2023-04-04,1150,1158.75,1148.75,1158.75,100400,116055500,0,0
2023-04-05,1150,1150,1121.25,1123.75,156800,177103000,0,0
2023-04-06,1117.5,1117.5,1097.5,1103.75,111200,122742000,0,0
2023-04-07,1103.75,1113.75,1103.75,1110,65200,72380500,0,0
2023-04-10,1117.5,1118.75,1102.5,1107.5,54800,60724500,0,0
2023-04-11,1113.75,1118.75,1108.75,1117.5,69200,77187000,0,0
2023-04-12,1117.5,1123.75,1117.5,1121.25,54400,60978500,0,0
2023-04-13,1118.75,1121.25,1113.75,1118.75,48000,53638000,0,0
2023-04-14,1118.75,1130,1118.75,1130,80400,90529500,0,0
2023-04-17,1125,1132.5,1125,1130,43600,49195000,0,0
2023-04-18,1130,1130,1118.75,1122.5,52000,58390000,0,0
2023-04-19,1116.25,1123.75,1115,1123.75,52000,58259500,0,0
2023-04-20,1118.75,1132.5,1118.75,1132.5,49200,55512000,0,0
2023-04-21,1130,1143.75,1125,1138.75,78400,89223500,0,0
2023-04-24,1142.5,1146.25,1138.75,1146.25,72400,82808500,0,0
2023-04-25,1146.25,1163.75,1146.25,1148.75,98000,113017500,0,0
2023-04-26,1150,1150,1138.75,1142.5,60000,68668000,0,0
2023-04-27,1137.5,1151.25,1137.5,1148.75,82800,94963500,0,0
2023-04-28,1157.5,1165,1155,1165,99600,115572000,0,0
2023-05-01,1168.75,1181.25,1167.5,1181.25,104000,122177000,0,0
2023-05-02,1183.75,1183.75,1172.5,1181.25,74800,88235000,0,0
2023-05-08,1181.25,1195,1181.25,1191.25,76800,91372000,0,0
2023-05-09,1185,1192.5,1175,1178.75,199200,235489000,0,0
2023-05-10,1181.25,1190,1170,1178.75,93200,109848500,0,0
2023-05-11,1172.5,1241.25,1166.25,1201.25,398000,481951000,0,0
2023-05-12,1200,1211.25,1183.75,1197.5,206400,247251500,0,0
2023-05-15,1212.5,1216.25,1187.5,1211.25,124400,149973000,0,0
2023-05-16,1221.25,1222.5,1206.25,1220,94400,114859000,0,0
2023-05-17,1216.25,1218.75,1205,1210,96800,117141500,0,0
2023-05-18,1222.5,1222.5,1207.5,1218.75,114000,138548000,0,0
2023-05-19,1223.75,1240,1223.75,1237.5,122800,151528500,0,0
2023-05-22,1240,1255,1233.75,1250,100400,125131500,0,0
2023-05-23,1257.5,1270,1250,1255,136400,171867000,0,0
2023-05-24,1250,1257.5,1232.5,1241.25,134800,167310500,0,0
2023-05-25,1241.25,1257.5,1237.5,1257.5,107200,133939000,0,0
2023-05-26,1257.5,1260,1232.5,1232.5,144800,180015500,0,0
2023-05-29,1257.5,1270,1247.5,1260,144000,181413500,0,0
2023-05-30,1267.5,1280,1255,1255,140000,176810000,0,0
2023-05-31,1248.75,1252.5,1220,1223.75,241600,297038500,0,0
2023-06-01,1223.75,1230,1211.25,1216.25,102400,124712000,0,0
2023-06-02,1225,1235,1225,1231.25,78800,96954500,0,0
2023-06-05,1247.5,1255,1242.5,1255,92000,114993500,0,0
2023-06-06,1252.5,1257.5,1240,1252.5,82400,103074500,0,0
2023-06-07,1260,1265,1247.5,1252.5,104000,130480500,0,0
2023-06-08,1262.5,1262.5,1235,1240,104800,130543000,0,0
2023-06-09,1255,1270,1255,1265,164000,206857000,0,0
2023-06-12,1275,1295,1270,1290,130800,168381000,0,0
2023-06-13,1307.5,1307.5,1285,1290,109200,141447000,0,0
2023-06-14,1300,1305,1287.5,1292.5,124000,160451000,0,0
2023-06-15,1297.5,1315,1292.5,1302.5,137200,178920000,0,0
2023-06-16,1312.5,1317.5,1300,1307.5,246800,323099000,0,0
2023-06-19,1320,1320,1300,1307.5,98000,128341000,0,0
2023-06-20,1332.5,1355,1320,1350,222000,297521000,0,0
2023-06-21,1347.5,1352.5,1335,1350,129200,173926000,0,0
2023-06-22,1360,1365,1350,1352.5,134400,182422000,0,0
2023-06-23,1362.5,1375,1327.5,1337.5,232400,313369000,0,0
2023-06-26,1337.5,1367.5,1322.5,1350,115200,155311000,0,0
2023-06-27,1330,1350,1327.5,1342.5,78400,104891000,0,0
2023-06-28,1342.5,1360,1337.5,1357.5,98400,132911000,0,0
2023-06-29,1352.5,1372.5,1352.5,1365,141200,192518000,0,0
2023-06-30,1372.5,1380,1360,1365,128800,176243000,0,0
2023-07-03,1387.5,1402.5,1382.5,1390,152000,211612000,0,0
2023-07-04,1392.5,1405,1390,1395,118000,164899000,0,0
2023-07-05,1387.5,1400,1377.5,1390,126800,176185000,0,0
2023-07-06,1387.5,1402.5,1372.5,1377.5,138400,191635000,0,0
2023-07-07,1375,1380,1357.5,1360,145600,199212000,0,0
2023-07-10,1367.5,1392.5,1362.5,1375,135200,186422000,0,0
2023-07-11,1380,1382.5,1360,1362.5,86400,118283000,0,0
2023-07-12,1362.5,1362.5,1335,1340,108400,145825000,0,0
2023-07-13,1335,1340,1320,1327.5,95600,127095000,0,0
2023-07-14,1322.5,1327.5,1310,1320,121200,159702000,0,0
2023-07-18,1320,1337.5,1317.5,1322.5,77600,102996000,0,0
2023-07-19,1337.5,1337.5,1320,1337.5,93200,124116000,0,0
2023-07-20,1340,1342.5,1327.5,1332.5,76800,102552000,0,0
2023-07-21,1327.5,1340,1322.5,1330,59200,78865000,0,0
2023-07-24,1332.5,1347.5,1330,1340,57200,76603000,0,0
2023-07-25,1342.5,1352.5,1340,1352.5,69600,93758000,0,0
2023-07-26,1357.5,1357.5,1345,1350,57200,77329000,0,0
2023-07-27,1355,1357.5,1340,1352.5,58400,78845000,0,0
2023-07-28,1350,1355,1335,1355,113200,152603000,0,0
2023-07-31,1372.5,1392.5,1372.5,1385,141200,195385000,0,0
2023-08-01,1390,1417.5,1387.5,1415,141600,198915000,0,0
2023-08-02,1402.5,1427.5,1402.5,1402.5,148400,209302000,0,0
2023-08-03,1390,1390,1365,1365,141600,194506000,0,0
2023-08-04,1360,1377.5,1345,1352.5,186400,253210000,0,0
2023-08-07,1477.5,1510,1445,1485,598400,884436000,0,0
2023-08-08,1505,1520,1482.5,1482.5,311600,465274000,0,0
2023-08-09,1482.5,1515,1480,1510,258400,388490000,0,0
2023-08-10,1517.5,1545,1500,1545,238000,364600000,0,0
2023-08-14,1545,1545,1517.5,1517.5,106000,162038000,0,0
2023-08-15,1515,1535,1512.5,1532.5,103600,158205000,0,0
2023-08-16,1515,1525,1505,1512.5,79600,120736000,0,0
2023-08-17,1500,1507.5,1472.5,1482.5,160400,238144000,0,0
2023-08-18,1472.5,1485,1465,1470,88000,129645000,0,0
2023-08-21,1470,1480,1465,1465,92000,135384000,0,0
2023-08-22,1465,1472.5,1460,1470,64800,95084000,0,0
2023-08-23,1470,1492.5,1467.5,1490,79200,117551000,0,0
2023-08-24,1490,1492.5,1482.5,1487.5,82800,123148000,0,0
2023-08-25,1472.5,1485,1472.5,1477.5,107600,159020000,0,0
2023-08-28,1490,1505,1487.5,1497.5,80400,120214000,0,0
2023-08-29,1500,1510,1495,1505,92000,138308000,0,0
2023-08-30,1500,1527.5,1500,1512.5,128800,194960000,0,0
2023-08-31,1512.5,1517.5,1502.5,1507.5,93600,141205000,0,0
2023-09-01,1517.5,1537.5,1512.5,1532.5,158800,242479000,0,0
2023-09-04,1537.5,1560,1537.5,1560,144800,224462000,0,0
2023-09-05,1560,1562.5,1540,1562.5,141200,219251000,0,0
2023-09-06,1545,1567.5,1545,1562.5,161200,251156000,0,0
2023-09-07,1567.5,1602.5,1567.5,1592.5,245200,389778000,0,0
2023-09-08,1567.5,1597.5,1567.5,1592.5,260400,412214000,0,0
2023-09-11,1600,1612.5,1595,1595,195600,313239000,0,0
2023-09-12,1617.5,1620,1597.5,1607.5,145600,233771000,0,0
2023-09-13,1597.5,1610,1585,1590,142000,226350000,0,0
2023-09-14,1575,1597.5,1575,1590,174400,276935000,0,0
2023-09-15,1612.5,1625,1602.5,1617.5,310000,501034000,0,0
2023-09-19,1615,1642.5,1612.5,1642.5,198000,322087000,0,0
2023-09-20,1645,1655,1602.5,1602.5,180000,291458000,0,0
2023-09-21,1602.5,1610,1582.5,1585,114800,182596000,0,0
2023-09-22,1577.5,1577.5,1560,1570,206800,324782000,0,0
2023-09-25,1577.5,1587.5,1565,1577.5,116800,184212000,0,0
2023-09-26,1577.5,1580,1562.5,1570,126000,197824000,0,0
2023-09-27,1555,1595,1545,1590,229200,361547000,0,0
2023-09-28,1562.5,1582.5,1555,1562.5,177600,278342000,0,0
2023-09-29,1562.5,1567.5,1540,1555,275600,428560000,0,0
2023-10-02,1555,1587.5,1555,1570,205200,323195000,0,0
2023-10-03,1567.5,1567.5,1500,1500,236800,360741000,0,0
2023-10-04,1457.5,1472.5,1445,1447.5,276800,403275000,0,0
2023-10-05,1447.5,1465,1427.5,1442.5,318000,457526000,0,0
2023-10-06,1450,1462.5,1440,1450,174800,254064000,0,0
2023-10-10,1500,1500,1472.5,1477.5,210800,312233000,0,0
2023-10-11,1477.5,1480,1465,1465,180400,265228000,0,0
2023-10-12,1472.5,1507.5,1467.5,1507.5,161600,241890000,0,0
2023-10-13,1510,1512.5,1480,1480,211600,316417000,0,0
2023-10-16,1480,1485,1462.5,1477.5,142400,209795000,0,0
2023-10-17,1495,1502.5,1472.5,1485,129600,192528000,0,0
2023-10-18,1485,1492.5,1477.5,1485,129600,192413000,0,0
2023-10-19,1472.5,1485,1465,1472.5,122800,180886000,0,0
2023-10-20,1462.5,1470,1452.5,1457.5,108800,158883000,0,0
2023-10-23,1457.5,1467.5,1445,1447.5,136000,197967000,0,0
2023-10-24,1445,1452.5,1405,1442.5,236400,338161000,0,0
2023-10-25,1462.5,1467.5,1447.5,1452.5,218000,318169000,0,0
2023-10-26,1442.5,1452.5,1425,1432.5,216800,311154000,0,0
2023-10-27,1457.5,1480,1455,1475,226000,332609000,0,0
2023-10-30,1462.5,1462.5,1435,1440,535600,772252000,0,0
2023-10-31,1440,1462.5,1437.5,1462.5,230800,334722000,0,0
2023-11-01,1480,1500,1475,1495,174000,259001000,0,0
2023-11-02,1502.5,1507.5,1477.5,1492.5,220000,327917000,0,0
2023-11-06,1515,1517.5,1502.5,1515,192000,290211000,0,0
2023-11-07,1515,1662.5,1505,1657.5,922400,1474874000,0,0
2023-11-08,1587.5,1605,1552.5,1602.5,797200,1259761000,0,0
2023-11-09,1605,1665,1602.5,1657.5,481600,792560000,0,0
2023-11-10,1642.5,1672.5,1625,1665,276800,457162000,0,0
2023-11-13,1675,1690,1642.5,1657.5,200400,332691000,0,0
2023-11-14,1660,1672.5,1655,1662.5,157600,262418000,0,0
2023-11-15,1672.5,1675,1647.5,1655,174000,288628000,0,0
2023-11-16,1650,1670,1645,1652.5,154000,255114000,0,0
2023-11-17,1652.5,1667.5,1647.5,1662.5,189200,313836000,0,0
2023-11-20,1665,1677.5,1645,1645,218800,362361000,0,0
2023-11-21,1647.5,1652.5,1622.5,1645,150400,246745000,0,0
2023-11-22,1627.5,1697.5,1627.5,1685,150800,253227000,0,0
2023-11-24,1692.5,1695,1677.5,1690,104000,175671000,0,0
2023-11-27,1690,1707.5,1675,1680,103600,174955000,0,0
2023-11-28,1677.5,1692.5,1672.5,1692.5,100400,168980000,0,0
2023-11-29,1692.5,1692.5,1672.5,1682.5,92000,154552000,0,0
2023-11-30,1700,1742.5,1695,1735,283600,488604000,0,0
2023-12-01,1732.5,1745,1720,1740,186000,322938000,0,0
2023-12-04,1745,1745,1705,1720,127200,219005000,0,0
2023-12-05,1697.5,1720,1697.5,1702.5,185200,316484000,0,0
2023-12-06,1710,1747.5,1710,1742.5,199600,347040000,0,0
2023-12-07,1725,1747.5,1725,1730,150800,261597000,0,0
2023-12-08,1725,1727.5,1670,1675,326400,550779000,0,0
2023-12-11,1717.5,1720,1680,1687.5,311200,527628000,0,0
2023-12-12,1710,1710,1680,1680,169200,286593000,0,0
2023-12-13,1705,1705,1685,1690,134400,227732000,0,0
2023-12-14,1692.5,1692.5,1655,1662.5,132000,219969000,0,0
2023-12-15,1662.5,1675,1652.5,1660,195200,324233000,0,0
2023-12-18,1642.5,1652.5,1630,1652.5,117600,193271000,0,0
2023-12-19,1652.5,1667.5,1640,1657.5,132800,219628000,0,0
2023-12-20,1657.5,1672.5,1652.5,1657.5,115200,191424000,0,0
2023-12-21,1650,1660,1645,1650,147600,243827000,0,0
2023-12-22,1662.5,1670,1655,1662.5,110800,184263000,0,0
2023-12-25,1672.5,1672.5,1620,1630,156400,256500000,0,0
2023-12-26,1632.5,1650,1625,1647.5,132800,217631000,0,0
2023-12-27,1657.5,1667.5,1645,1665,109200,180984000,0,0
2023-12-28,1650,1672.5,1645,1667.5,106800,177624000,0,0
2023-12-29,1667.5,1722.5,1667.5,1712.5,282000,482604000,0,0
2024-01-04,1717.5,1745,1702.5,1735,177200,306392000,0,0
2024-01-05,1747.5,1772.5,1747.5,1760,174400,306790000,0,0
2024-01-09,1775,1797.5,1765,1775,212400,376964000,0,0
2024-01-10,1785,1802.5,1782.5,1785,182400,326907000,0,0
2024-01-11,1797.5,1802.5,1772.5,1792.5,211600,378046000,0,0
2024-01-12,1800,1815,1782.5,1790,202400,363124000,0,0
2024-01-15,1795,1845,1795,1837.5,198000,362265000,0,0
2024-01-16,1847.5,1852.5,1820,1827.5,198400,364338000,0,0
2024-01-17,1832.5,1860,1807.5,1807.5,176800,323561000,0,0
2024-01-18,1802.5,1817.5,1795,1810,129200,233642000,0,0
2024-01-19,1825,1840,1820,1830,121200,221442000,0,0
2024-01-22,1862.5,1862.5,1832.5,1847.5,178000,328343000,0,0
2024-01-23,1847.5,1867.5,1840,1850,198800,368373000,0,0
2024-01-24,1865,1890,1855,1882.5,233200,437373000,0,0
2024-01-25,1882.5,1922.5,1882.5,1905,292400,557875000,0,0
2024-01-26,1910,1910,1885,1897.5,297200,564279000,0,0
2024-01-29,1902.5,1915,1892.5,1905,130800,248994000,0,0
2024-01-30,1905,1952.5,1905,1945,248400,481185000,0,0
2024-01-31,1950,1975,1930,1972.5,265200,519251000,0,0
2024-02-01,1972.5,1982.5,1950,1952.5,219200,429728000,0,0
2024-02-02,1950,1952.5,1912.5,1942.5,230000,445037000,0,0
2024-02-05,1950,1967.5,1942.5,1965,291600,570972000,0,0
2024-02-06,1955,1977.5,1950,1955,212800,417428000,0,0
2024-02-07,1955,1975,1937.5,1972.5,421200,826057000,0,0
2024-02-08,2070,2110,2002.5,2027.5,526800,1077668000,0,0
2024-02-09,2000,2022.5,1980,2000,231600,463668000,0,0
2024-02-13,2012.5,2050,2010,2035,236000,480106000,0,0
2024-02-14,2025,2037.5,1987.5,1995,170400,342358000,0,0
2024-02-15,1995,2015,1967.5,1977.5,128400,254568000,0,0
2024-02-16,1977.5,2012.5,1977.5,2007.5,154800,309407000,0,0
2024-02-19,1995,2007.5,1980,1997.5,113600,226497000,0,0
2024-02-20,2002.5,2030,1997.5,2007.5,190400,383654000,0,0
2024-02-21,2000,2027.5,1997.5,2015,179200,360486000,0,0
2024-02-22,2045,2045,2017.5,2040,218400,444246000,0,0
2024-02-26,2037.5,2040,2012.5,2017.5,185200,374547000,0,0
2024-02-27,2032.5,2075,2030,2060,201200,414124000,0,0
2024-02-28,2075,2100,2060,2095,212000,443187000,0,0
2024-02-29,2087.5,2100,2070,2087.5,264000,550662000,0,0
2024-03-01,2097.5,2097.5,2065,2075,280000,580703000,0,0
2024-03-04,2097.5,2135,2075,2085,316800,665084000,0,0
2024-03-05,2077.5,2105,2067.5,2105,171600,358519000,0,0
2024-03-06,2080,2125,2080,2112.5,174800,369094000,0,0
2024-03-07,2132.5,2132.5,2092.5,2102.5,180800,381158000,0,0
2024-03-08,2087.5,2135,2087.5,2130,169600,358151000,0,0
2024-03-11,2092.5,2097.5,2032.5,2042.5,235200,484548000,0,0
2024-03-12,2017.5,2025,1975,2015,192800,386541000,0,0
2024-03-13,2045,2057.5,1987.5,2000,144800,290955000,0,0
2024-03-14,1995,2025,1980,2025,140000,280636000,0,0
2024-03-15,2030,2105,2025,2087.5,314000,652774000,0,0
2024-03-18,2092.5,2125,2092.5,2112.5,160000,337395000,0,0
2024-03-19,2102.5,2115,2082.5,2100,136000,284718000,0,0
2024-03-21,2105,2145,2105,2137.5,343600,732828000,0,0
2024-03-22,2137.5,2145,2102.5,2102.5,230000,487117000,0,0
2024-03-25,2102.5,2125,2095,2105,117200,246961000,0,0
2024-03-26,2100,2145,2095,2137.5,155600,331340000,0,0
2024-03-27,2152.5,2157.5,2127.5,2147.5,204400,438591000,0,0
2024-03-28,2082.5,2127.5,2067.5,2100,242000,509140000,0,0
2024-03-29,2102.5,2145,2080,2145,286400,606595500,0,0
2024-04-01,2145,2145,2032.5,2035,248200,513432500,0,0
2024-04-02,2047.5,2085,2040,2080,188200,390046000,0,0
2024-04-03,2057.5,2090,2050,2072.5,135400,280861500,0,0
2024-04-04,2072.5,2110,2067.5,2085,170600,356382000,0,0
2024-04-05,2055,2065,2032.5,2057.5,170600,350162500,0,0
2024-04-08,2067.5,2072.5,2035,2052.5,137000,281602500,0,0
2024-04-09,2080,2115,2075,2077.5,259800,542423000,0,0
2024-04-10,2075,2137.5,2075,2120,159400,336913000,0,0
2024-04-11,2097.5,2117.5,2077.5,2115,93000,195615000,0,0
2024-04-12,2115,2115,2082.5,2107.5,130800,274625500,0,0
2024-04-15,2075,2107.5,2062.5,2107.5,126800,264925000,0,0
2024-04-16,2080,2080,1995,2002.5,226400,457899000,0,0
2024-04-17,2020,2020,1977.5,1982.5,154600,308121000,0,0
2024-04-18,1987.5,2005,1960,1995,179000,356016000,0,0
2024-04-19,1970,1972.5,1900,1932.5,349000,673363500,0,0
2024-04-22,1957.5,1972.5,1947.5,1960,202400,396446500,0,0
2024-04-23,1977.5,1990,1962.5,1985,153200,303145500,0,0
2024-04-24,1990,2035,1985,2027.5,142400,287307000,0,0
2024-04-25,2022.5,2042.5,1992.5,2002.5,137800,276514000,0,0
2024-04-26,2005,2022.5,1972.5,2022.5,128800,258923500,0,0
2024-04-30,2037.5,2080,2012.5,2080,161600,332921000,0,0
2024-05-01,2050,2060,2022.5,2040,161800,330425500,0,0
2024-05-02,2035,2042.5,2022.5,2042.5,84800,172610500,0,0
2024-05-07,2042.5,2042.5,2002.5,2022.5,159400,322205500,0,0
2024-05-08,2020,2040,2007.5,2025,210200,425390000,0,0
2024-05-09,2032.5,2065,1972.5,2000,417600,847433000,0,0
2024-05-10,2017.5,2070,2000,2050,280600,573487000,0,0
2024-05-13,2027.5,2032.5,1965,2000,293400,584471500,0,0
2024-05-14,2005,2027.5,2000,2022.5,228600,460533500,0,0
2024-05-15,2025,2032.5,2007.5,2027.5,117800,238310500,0,0
2024-05-16,2032.5,2037.5,1995,1995,215600,433397500,0,0
2024-05-17,1995,2022.5,1985,2002.5,76800,153935000,0,0
2024-05-20,2005,2022.5,1997.5,2005,88000,176808000,0,0
2024-05-21,2010,2062.5,2010,2017.5,116400,236901500,0,0
2024-05-22,2020,2040,2015,2037.5,106600,216227000,0,0
2024-05-23,2027.5,2040,2000,2040,108600,220295500,0,0
2024-05-24,2010,2037.5,2010,2017.5,78600,159054000,0,0
2024-05-27,2025,2025,1995,2015,69800,140561500,0,0
2024-05-28,2015,2030,2000,2000,83800,168930000,0,0
2024-05-29,2012.5,2017.5,1950,1952.5,150600,296835000,0,0
2024-05-30,1955,1972.5,1930,1965,86800,169813000,0,0
2024-05-31,1980,2005,1970,2000,176400,351381000,0,0
2024-06-03,2010,2020,1997.5,2007.5,115600,232306500,0,0
2024-06-04,2007.5,2007.5,1987.5,2000,79400,158674500,0,0
2024-06-05,1990,1995,1965,1965,117600,232980500,0,0
2024-06-06,1972.5,1977.5,1965,1965,75400,148321500,0,0
2024-06-07,1972.5,1972.5,1927.5,1932.5,69600,135390000,0,0
2024-06-10,1925,1975,1925,1967.5,85000,166500500,0,0
2024-06-11,1965,1985,1957.5,1957.5,58200,114443000,0,0
2024-06-12,1992.5,1992.5,1960,1960,114800,226154000,0,0
2024-06-13,1960,1967.5,1937.5,1940,107800,209868500,0,0
2024-06-14,1935,1967.5,1935,1960,111800,217828500,0,0
2024-06-17,1940,1950,1910,1930,119200,229953000,0,0
2024-06-18,1957.5,1997.5,1955,1970,84600,167360500,0,0
2024-06-19,1972.5,1992.5,1965,1977.5,40400,79869500,0,0
2024-06-20,1977.5,1982.5,1947.5,1962.5,58200,113979000,0,0
2024-06-21,1965,1967.5,1947.5,1950,199600,389808000,0,0
2024-06-24,1960,1970,1952.5,1957.5,77400,151756500,0,0
2024-06-25,1945,1977.5,1945,1972.5,96000,188889000,0,0
2024-06-26,1972.5,2000,1972.5,1985,103200,204969500,0,0
2024-06-27,1997.5,1997.5,1980,1997.5,93200,185658500,0,0
2024-06-28,2005,2005,1987.5,1992.5,79000,157674500,0,0
2024-07-01,2005,2025,2000,2012.5,109200,219517000,0,0
2024-07-02,2022.5,2025,1997.5,2015,107000,215618500,0,0
2024-07-03,2015,2040,2015,2035,121800,247036000,0,0
2024-07-04,2050,2072.5,2045,2072.5,98400,202841000,0,0
2024-07-05,2075,2100,2045,2045,137600,284340500,0,0
2024-07-08,2042.5,2055,2030,2047.5,113800,232825500,0,0
2024-07-09,2060,2085,2060,2077.5,109000,226003000,0,0
2024-07-10,2077.5,2087.5,2060,2085,136200,282995500,0,0
2024-07-11,2095,2130,2090,2125,158200,333928500,0,0
2024-07-12,2145,2175,2125,2135,202400,434972000,0,0
2024-07-16,2145,2172.5,2132.5,2145,111400,239308500,0,0
2024-07-17,2160,2172.5,2145,2145,122600,263957000,0,0
2024-07-18,2115,2145,2107.5,2107.5,126600,268923500,0,0
2024-07-19,2107.5,2120,2097.5,2115,88200,186064000,0,0
2024-07-22,2115,2115,2055,2055,113200,234352000,0,0
2024-07-23,2082.5,2112.5,2082.5,2112.5,128200,269494500,0,0
2024-07-24,2087.5,2110,2080,2090,131600,275337000,0,0
2024-07-25,2055,2060,1967.5,1967.5,258400,519379500,0,0
2024-07-26,1967.5,1975,1940,1940,131400,257025500,0,0
2024-07-29,1975,2000,1967.5,1977.5,89200,176750500,0,0
2024-07-30,1977.5,1980,1960,1972.5,77600,152757500,0,0
2024-07-31,1952.5,2010,1952.5,2000,127000,252937000,0,0
2024-08-01,1985,1985,1932.5,1932.5,171600,334624500,0,0
2024-08-02,1862.5,1862.5,1810,1822.5,243400,447548500,0,0
2024-08-05,1750,1750,1550,1555,332400,550712500,0,0
2024-08-06,1670,1770,1667.5,1707.5,192400,330265000,0,0
2024-08-07,1742.5,1905,1742.5,1872.5,441600,815852500,0,0
2024-08-08,1802.5,1835,1787.5,1787.5,267200,482879500,0,0
2024-08-09,1822.5,1875,1802.5,1827.5,219200,401781500,0,0
2024-08-13,1885,1910,1867.5,1910,119800,226967000,0,0
2024-08-14,1910,1932.5,1892.5,1932.5,142600,273144000,0,0
2024-08-15,1940,1980,1937.5,1950,113000,221206500,0,0
2024-08-16,1987.5,1997.5,1972.5,1982.5,99400,197338000,0,0
2024-08-19,1965,1995,1927.5,1927.5,124600,244181500,0,0
2024-08-20,1952.5,1965,1937.5,1940,67000,130294000,0,0
2024-08-21,1925,1952.5,1917.5,1952.5,84400,163434500,0,0
2024-08-22,1957.5,1960,1935,1942.5,68200,132672500,0,0
2024-08-23,1947.5,1947.5,1925,1937.5,86200,166925000,0,0
2024-08-26,1937.5,1945,1910,1925,89200,171918000,0,0
2024-08-27,1927.5,1947.5,1912.5,1947.5,65000,125702000,0,0
2024-08-28,1935,1955,1925,1955,71800,139476500,0,0
2024-08-29,1955,1962.5,1935,1947.5,68200,132864500,0,0
2024-08-30,1965,1992.5,1962.5,1985,105600,209275000,0,0
2024-09-02,1992.5,1992.5,1945,1967.5,79400,155952000,0,0
2024-09-03,1975,1992.5,1972.5,1980,70200,139143500,0,0
2024-09-04,1942.5,1952.5,1910,1922.5,113800,219602000,0,0
2024-09-05,1917.5,1975,1917.5,1942.5,124000,241090000,0,0
2024-09-06,1947.5,1955,1905,1915,94600,181864000,0,0
2024-09-09,1880,1897.5,1860,1892.5,109600,206083000,0,0
2024-09-10,1890,1900,1872.5,1872.5,76000,143097000,0,0
2024-09-11,1870,1875,1815,1827.5,176600,325472000,0,0
2024-09-12,1890,1900,1860,1875,138000,258928500,0,0
2024-09-13,1875,1875,1847.5,1855,107800,200890500,0,0
2024-09-17,1850,1867.5,1822.5,1850,91200,167977500,0,0
2024-09-18,1865,1882.5,1855,1877.5,68800,128764500,0,0
2024-09-19,1900,1912.5,1870,1900,67600,128528000,0,0
2024-09-20,1925,1927.5,1900,1900,141000,269135500,0,0
2024-09-24,1930,1930,1905,1905,54400,104009000,0,0
2024-09-25,1905,1925,1885,1910,72600,138692000,0,0
2024-09-26,1945,2012.5,1935,2005,205000,407386500,0,0
2024-09-27,1970,2005,1955,1995,115200,229375000,0,0
2024-09-30,1930,1975,1922.5,1952.5,127400,248860000,0,0
2024-10-01,1952.5,1990,1952.5,1987.5,57000,112952500,0,0
2024-10-02,1987.5,2000,1967.5,1980,102600,203343000,0,0
2024-10-03,2010,2022.5,1965,1975,97600,193709500,0,0
2024-10-04,1977.5,1982.5,1967.5,1977.5,68000,134384000,0,0
2024-10-07,2012.5,2022.5,2005,2020,78200,157544000,0,0
2024-10-08,1997.5,2017.5,1987.5,1992.5,68000,135871000,0,0
2024-10-09,2000,2007.5,1977.5,1982.5,48200,95772000,0,0
2024-10-10,2005,2005,1965,1975,61000,120573500,0,0
2024-10-11,1985,1992.5,1972.5,1980,59800,118547500,0,0
2024-10-15,1992.5,2015,1992.5,1995,76200,152342500,0,0
2024-10-16,1980,2005,1972.5,1980,63400,126014000,0,0
2024-10-17,1995,1997.5,1980,1980,70600,140220000,0,0
2024-10-18,1980,2022.5,1980,2002.5,93800,188186500,0,0
2024-10-21,2000,2015,1990,1990,63400,126661500,0,0
2024-10-22,1990,2000,1955,1962.5,58000,114118000,0,0
2024-10-23,1957.5,1967.5,1935,1950,45600,88945500,0,0
2024-10-24,1925,1937.5,1920,1927.5,74200,143082500,0,0
2024-10-25,1935,1935,1887.5,1902.5,74200,141045500,0,0
2024-10-28,1897.5,1937.5,1880,1930,66600,127944000,0,0
2024-10-29,1930,1930,1907.5,1925,79600,152894500,0,0
2024-10-30,1940,1962.5,1932.5,1955,158800,309756500,0,0
2024-10-31,1955,1955,1930,1940,100000,193925500,0,0
2024-11-01,1917.5,1930,1912.5,1917.5,82000,157370000,0,0
2024-11-05,1900,1960,1900,1935,105400,204072000,0,0
2024-11-06,1940,1990,1940,1972.5,102400,201900000,0,0
2024-11-07,1990,2050,1990,2030,188600,382982500,0,0
2024-11-08,2040,2065,1977.5,1990,99200,198331500,0,0
2024-11-11,2000,2005,1967.5,1982.5,60200,119467000,0,0
2024-11-12,1985,1992.5,1942.5,1942.5,113800,223082500,0,0
2024-11-13,1947.5,1947.5,1920,1927.5,75400,145560000,0,0
2024-11-14,1930,1945,1920,1925,98800,190528000,0,0
2024-11-15,1925,1930,1910,1915,100000,191818000,0,0
2024-11-18,1910,1920,1892.5,1915,122400,234129000,0,0
2024-11-19,1915,1945,1907.5,1925,186800,359585500,0,0
2024-11-20,1920,1935,1900,1917.5,101400,193978500,0,0
2024-11-21,1925,1945,1920,1927.5,93200,179979500,0,0
2024-11-22,1945,1960,1942.5,1950,99800,194797500,0,0
2024-11-25,1962.5,1972.5,1907.5,1907.5,152200,292421000,0,0
2024-11-26,1900,1915,1885,1905,108800,206458000,0,0
2024-11-27,1897.5,1897.5,1867.5,1877.5,101200,190239000,0,0
2024-11-28,1875,1895,1870,1880,90000,169474500,0,0
2024-11-29,1875,1892.5,1872.5,1890,135800,256318500,0,0
2024-12-02,1872.5,1895,1870,1870,228000,427890000,0,0
2024-12-03,1870,1917.5,1867.5,1905,296000,559740000,0,0
2024-12-04,1900,1900,1857.5,1875,150400,281884500,0,0
2024-12-05,1892.5,1915,1892.5,1900,92800,176551500,0,0
2024-12-06,1900,1905,1865,1870,91400,171358000,0,0
2024-12-09,1882.5,1895,1870,1880,107600,202704500,0,0
2024-12-10,1887.5,1895,1877.5,1877.5,63400,119435000,0,0
2024-12-11,1877.5,1887.5,1860,1860,104000,194091000,0,0
2024-12-12,1877.5,1890,1867.5,1872.5,80600,151471000,0,0
2024-12-13,1867.5,1912.5,1867.5,1912.5,110600,209060000,0,0
2024-12-16,1912.5,1942.5,1907.5,1920,66600,128338500,0,0
2024-12-17,1927.5,1937.5,1905,1907.5,63600,121808500,0,0
2024-12-18,1907.5,1907.5,1882.5,1890,85800,162137000,0,0
2024-12-19,1875,1910,1867.5,1905,88800,168553000,0,0
2024-12-20,1900,1915,1887.5,1887.5,125200,237225000,0,0
2024-12-23,1895,1942.5,1895,1932.5,84000,161682000,0,0
2024-12-24,1932.5,1932.5,1917.5,1925,28600,55032000,0,0
2024-12-25,1925,1932.5,1910,1920,55000,105568000,0,0
2024-12-26,1920,1940,1920,1940,85000,164490000,0,0
2024-12-27,1950,1987.5,1932.5,1965,163800,320592000,0,0
2024-12-30,1967.5,1997.5,1962.5,1985,107600,213218000,0,0
2025-01-06,1982.5,1995,1947.5,1950,151800,298094500,0,0
2025-01-07,1952.5,1955,1935,1935,116000,225228000,0,0
2025-01-08,1925,1942.5,1917.5,1925,84800,163442000,0,0
2025-01-09,1915,1915,1880,1880,119400,225653500,0,0
2025-01-10,1880,1887.5,1860,1865,97400,182061000,0,0
2025-01-14,1855,1855,1827.5,1837.5,138800,255209000,0,0
2025-01-15,1840,1862.5,1840,1847.5,82200,152276500,0,0
2025-01-16,1847.5,1847.5,1827.5,1827.5,78000,143026000,0,0
2025-01-17,1825,1830,1812.5,1830,59600,108663500,0,0
2025-01-20,1840,1870,1840,1857.5,81000,150452500,0,0
2025-01-21,1857.5,1885,1850,1867.5,62800,117202500,0,0
2025-01-22,1877.5,1902.5,1877.5,1892.5,73200,138547000,0,0
2025-01-23,1882.5,1895,1877.5,1885,95600,180363000,0,0
2025-01-24,1885,1905,1877.5,1877.5,79600,150413000,0,0
2025-01-27,1892.5,1900,1877.5,1897.5,65400,123739000,0,0
2025-01-28,1887.5,1910,1880,1900,77800,147705000,0,0
2025-01-29,1900,1910,1890,1892.5,87000,165041000,0,0
2025-01-30,1895,1937.5,1895,1922.5,120200,230891000,0,0
2025-01-31,1930,1935,1917.5,1930,68200,131425000,0,0
2025-02-03,1902.5,1912.5,1877.5,1877.5,136600,258513000,0,0
2025-02-04,1902.5,1907.5,1852.5,1852.5,103800,194545500,0,0
2025-02-05,1857.5,1880,1837.5,1840,149000,275965500,0,0
2025-02-06,1845,1867.5,1842.5,1850,80800,149695500,0,0
2025-02-07,1845,1847.5,1815,1815,87200,159637000,0,0
2025-02-10,1817.5,1817.5,1802.5,1812.5,67800,122796500,0,0
2025-02-12,1825,1825,1807.5,1815,58200,105704500,0,0
2025-02-13,1835,1842.5,1815,1840,64200,117859500,0,0
2025-02-14,1840,1840,1805,1807.5,46600,84653000,0,0
2025-02-17,1805,1805,1787.5,1792.5,83800,150421500,0,0
2025-02-18,1795,1797.5,1785,1787.5,58200,104209000,0,0
2025-02-19,1787.5,1802.5,1785,1795,54200,97164500,0,0
2025-02-20,1785,1800,1765,1775,76800,136349500,0,0
2025-02-21,1770,1770,1747.5,1752.5,114600,200970500,0,0
2025-02-25,1740,1760,1732.5,1747.5,86000,150327000,0,0
2025-02-26,1737.5,1747.5,1722.5,1747.5,88400,153397000,0,0
2025-02-27,1775,1777.5,1762.5,1777.5,96800,171651000,0,0
2025-02-28,1772.5,1775,1757.5,1772.5,90800,160685000,0,0
2025-03-03,1790,1792.5,1780,1792.5,85800,153434000,0,0
2025-03-04,1792.5,1800,1785,1795,64000,114820000,0,0
2025-03-05,1797.5,1802.5,1790,1792.5,71800,128909000,0,0
2025-03-06,1810,1837.5,1792.5,1820,95800,174943500,0,0
2025-03-07,1820,1850,1815,1837.5,117000,214795500,0,0
2025-03-10,1837.5,1837.5,1810,1810,92400,168025000,0,0
2025-03-11,1790,1805,1772.5,1787.5,135600,241601500,0,0
2025-03-12,1767.5,1780,1760,1770,123600,218768500,0,0
2025-03-13,1770,1800,1770,1790,104800,187296500,0,0
2025-03-14,1770,1792.5,1770,1780,91400,162501000,0,0
2025-03-17,1780,1805,1780,1797.5,87200,156679000,0,0
2025-03-18,1810,1842.5,1810,1812.5,126200,229641000,0,0
2025-03-19,1812.5,1860,1812.5,1835,107000,196963500,0,0
2025-03-21,1835,1860,1830,1860,250200,463599500,0,0
2025-03-24,1852.5,1852.5,1822.5,1837.5,90000,165342500,0,0
2025-03-25,1837.5,1847.5,1835,1837.5,44000,80960500,0,0
2025-03-26,1845,1852.5,1835,1852.5,82200,151696000,0,0
2025-03-27,1845,1855,1830,1850,110000,202885000,0,0
2025-03-28,1800,1812.5,1780,1787.5,97800,175220000,0,0
2025-03-31,1755,1775,1742.5,1750,157200,275847000,0,0
2025-04-01,1750,1780,1750,1765,94600,166979500,0,0
2025-04-02,1772.5,1772.5,1735,1740,114400,199856000,0,0
2025-04-03,1670,1695,1662.5,1695,208400,350631500,0,0
2025-04-04,1642.5,1652.5,1597.5,1635,221400,359441000,0,0
2025-04-07,1495,1580,1494.5,1547.5,283600,438482600,0,0
2025-04-08,1582.5,1647.5,1580,1630,221600,360111500,0,0
2025-04-09,1595,1622.5,1562.5,1607.5,269400,430913000,0,0
2025-04-10,1715,1725,1692.5,1710,272800,466315500,0,0
2025-04-11,1647.5,1697.5,1627.5,1690,177000,294414500,0,0
2025-04-14,1702.5,1732.5,1700,1712.5,104600,179774500,0,0
2025-04-15,1712.5,1737.5,1712.5,1725,66000,114129500,0,0
2025-04-16,1737.5,1745,1730,1735,70600,122575000,0,0
2025-04-17,1732.5,1752.5,1730,1747.5,58000,101329000,0,0
2025-04-18,1752.5,1785,1752.5,1780,70400,124981500,0,0
2025-04-21,1757.5,1775,1750,1757.5,65400,115132500,0,0
2025-04-22,1770,1787.5,1767.5,1775,86200,153139000,0,0
2025-04-23,1795,1817.5,1795,1810,123800,224097000,0,0
2025-04-24,1815,1832.5,1812.5,1817.5,108800,198180000,0,0
2025-04-25,1825,1840,1825,1835,109600,201002500,0,0
2025-04-28,1842.5,1860,1842.5,1857.5,241000,447164000,0,0
2025-04-30,1860,1867.5,1852.5,1857.5,127000,235980500,0,0
2025-05-01,1855,1870,1855,1862.5,127000,236614500,0,0
2025-05-02,1860,1872.5,1857.5,1867.5,117600,219313000,0,0
2025-05-07,1865,1872.5,1852.5,1867.5,120200,224208500,0,0
2025-05-08,1860,1885,1857.5,1877.5,77400,144847000,0,0
2025-05-09,1890,1930,1825,1845,345400,648486500,0,0
2025-05-12,1845,1885,1810,1812.5,242000,445703500,0,0
2025-05-13,1847.5,1860,1840,1855,171600,317734000,0,0
2025-05-14,1855,1855,1780,1807.5,194400,350831000,0,0
2025-05-15,1785,1805,1777.5,1797.5,139800,250788500,0,0
2025-05-16,1797.5,1807.5,1782.5,1802.5,83000,149017500,0,0
2025-05-19,1810,1827.5,1797.5,1812.5,150600,272981000,0,0
2025-05-20,1812.5,1822.5,1792.5,1792.5,119800,216338000,0,0
2025-05-21,1792.5,1805,1775,1790,212400,380149000,0,0
2025-05-22,1772.5,1792.5,1760,1787.5,125200,222676500,0,0
2025-05-23,1797.5,1800,1772.5,1782.5,187800,334637000,0,0
2025-05-26,1782.5,1822.5,1777.5,1805,147600,266617000,0,0
2025-05-27,1802.5,1842.5,1790,1830,90800,165757000,0,0
2025-05-28,1845,1847.5,1835,1842.5,87400,161023500,0,0
2025-05-29,1842.5,1860,1842.5,1855,85400,158380000,0,0
2025-05-30,1840,1870,1840,1865,101400,188929500,0,0
2025-06-02,1850,1855,1837.5,1855,105400,194699000,0,0
2025-06-03,1855,1855,1835,1842.5,72200,133158500,0,0
2025-06-04,1837.5,1847.5,1832.5,1840,139400,256487500,0,0
2025-06-05,1817.5,1822.5,1807.5,1810,111000,201338500,0,0
2025-06-06,1825,1825,1805,1810,63600,115380000,0,0
2025-06-09,1812.5,1822.5,1797.5,1802.5,90800,163930500,0,0
2025-06-10,1800,1830,1800,1810,113200,205415000,0,0
2025-06-11,1815,1817.5,1787.5,1810,153800,277682000,0,0
2025-06-12,1810,1830,1810,1825,114600,208941500,0,0
2025-06-13,1812.5,1820,1795,1795,110200,198722500,0,0
2025-06-16,1815,1832.5,1807.5,1817.5,169200,307656000,0,0
2025-06-17,1807.5,1827.5,1807.5,1822.5,129800,236123500,0,0
2025-06-18,1820,1832.5,1820,1830,76200,139339000,0,0
2025-06-19,1827.5,1835,1822.5,1835,116600,213462000,0,0
2025-06-20,1830,1830,1815,1815,194000,352573500,0,0
2025-06-23,1810,1812.5,1795,1800,138000,248780500,0,0
2025-06-24,1817.5,1817.5,1787.5,1792.5,88800,159682500,0,0
2025-06-25,1785,1795,1775,1790,109000,194909000,0,0
2025-06-26,1787.5,1807.5,1787.5,1807.5,141800,255520000,0,0
2025-06-27,1825,1825,1810,1825,117200,213481500,0,0
2025-06-30,1832.5,1837.5,1825,1827.5,91000,166503500,0,0
2025-07-01,1810,1827.5,1810,1812.5,63600,115456000,0,0
2025-07-02,1805,1817.5,1805,1810,53800,97370500,0,0
2025-07-03,1802.5,1825,1802.5,1822.5,74600,135682500,0,0
2025-07-04,1822.5,1832.5,1815,1825,76000,138621000,0,0
2025-07-07,1825,1847.5,1822.5,1837.5,122000,223898500,0,0
2025-07-08,1830,1862.5,1820,1862.5,196400,363372500,0,0
2025-07-09,1867.5,1912.5,1862.5,1875,159000,300809500,0,0
2025-07-10,1897.5,1905,1882.5,1905,158800,301487000,0,0
2025-07-11,1910,1930,1910,1927.5,130200,250453000,0,0
2025-07-14,1927.5,1945,1927.5,1935,101800,197142000,0,0
2025-07-15,1937.5,1957.5,1937.5,1945,159600,310983500,0,0
2025-07-16,1955,1962.5,1945,1957.5,72200,141233000,0,0
2025-07-17,1957.5,1957.5,1947.5,1955,75200,146943000,0,0
2025-07-18,2165,2170,2097.5,2110,770400,1641902500,0,0
2025-07-22,2132.5,2155,2097.5,2107.5,285400,606094000,0,0
2025-07-23,2122.5,2125,2097.5,2117.5,247800,523375500,0,0
2025-07-24,2115,2137.5,2107.5,2122.5,127200,269981500,0,0
2025-07-25,2102.5,2120,2087.5,2117.5,116400,245507000,0,0
2025-07-28,2107.5,2140,2107.5,2130,117600,250263500,0,0
2025-07-29,2102.5,2127.5,2102.5,2127.5,133000,281736500,0,0
2025-07-30,2137.5,2142.5,2127.5,2132.5,69400,148133000,0,0
2025-07-31,2140,2165,2132.5,2157.5,104800,225666500,0,0
2025-08-01,2192.5,2200,2175,2182.5,125600,274682500,0,0
2025-08-04,2157.5,2185,2155,2180,128400,279230000,0,0
2025-08-05,2195,2217.5,2187.5,2210,134200,296122000,0,0
2025-08-06,2220,2247.5,2220,2240,128400,287094500,0,0
2025-08-07,2240,2262.5,2220,2225,214800,480998500,0,0
2025-08-08,2222.5,2257.5,2215,2250,346600,777760500,0,0
2025-08-12,2275,2277.5,2247.5,2265,230400,520551500,0,0
2025-08-13,2265,2270,2250,2257.5,103400,233465000,0,0
2025-08-14,2235,2245,2217.5,2227.5,137600,306755500,0,0
2025-08-15,2230,2250,2210,2220,186200,414333000,0,0
2025-08-18,2225,2250,2220,2240,176200,394494000,0,0
2025-08-19,2230,2265,2230,2262.5,133800,301575500,0,0
2025-08-20,2255,2257.5,2237.5,2257.5,81400,183241000,0,0
2025-08-21,2255,2275,2245,2260,150800,340830500,0,0
2025-08-22,2260,2262.5,2247.5,2255,118800,267996500,0,0
2025-08-25,2255,2267.5,2250,2250,157000,354671500,0,0
2025-08-26,2255,2257.5,2240,2240,107400,241200000,0,0
2025-08-27,2240,2250,2230,2250,79800,179064500,0,0
2025-08-28,2247.5,2262.5,2242.5,2257.5,110600,249564000,0,0
2025-08-29,2257.5,2260,2242.5,2260,111800,251947500,0,0
2025-09-01,2255,2262.5,2240,2260,68600,154476000,0,0
2025-09-02,2267.5,2312.5,2267.5,2300,129200,296094000,0,0
2025-09-03,2312.5,2337.5,2312.5,2327.5,151800,353008500,0,0
2025-09-04,2325,2337.5,2315,2335,151600,353064000,0,0
2025-09-05,2345,2347.5,2325,2347.5,130000,304076500,0,0
2025-09-08,2345,2375,2327.5,2372.5,151800,358144000,0,0
2025-09-09,2425,2435,2377.5,2392.5,232000,558074500,0,0
2025-09-10,2380,2382.5,2350,2362.5,165600,391399000,0,0
2025-09-11,2370,2410,2352.5,2400,150800,360608000,0,0
2025-09-12,2400,2410,2387.5,2400,187600,450482000,0,0
2025-09-16,2390,2402.5,2385,2387.5,103600,247940500,0,0
2025-09-17,2375,2380,2347.5,2370,102600,242641500,0,0
2025-09-18,2367.5,2385,2357.5,2357.5,101600,240435500,0,0
2025-09-19,2380,2385,2345,2360,176600,417204500,0,0
2025-09-22,2342.5,2377.5,2342.5,2360,66000,156063500,0,0
2025-09-24,2357.5,2360,2342.5,2352.5,112600,265069500,0,0
2025-09-25,2345,2367.5,2345,2367.5,123000,290533000,0,0
2025-09-26,2370,2410,2367.5,2410,230400,552869500,0,0
2025-09-29,2385,2395,2367.5,2385,160200,381802000,0,0
2025-09-30,2372.5,2390,2355,2365,145800,345529500,0,0
2025-10-01,2350,2352.5,2315,2330,170800,398052000,0,0
2025-10-02,2330,2342.5,2315,2325,122600,285366500,0,0
2025-10-03,2322.5,2360,2317.5,2360,107400,252272000,0,0
2025-10-06,2395,2410,2392.5,2400,167800,402828000,0,0
2025-10-07,2405,2412.5,2392.5,2400,194400,466653000,0,0
2025-10-08,2410,2425,2382.5,2382.5,134400,322498500,0,0
2025-10-09,2410,2420,2395,2400,166800,400812000,0,0
2025-10-10,2372.5,2397.5,2367.5,2385,151800,361844500,0,0
2025-10-14,2350,2380,2330,2342.5,165800,389434500,0,0
2025-10-15,2367.5,2382.5,2355,2372.5,125600,297870000,0,0
2025-10-16,2375,2380,2335,2347.5,109800,258270500,0,0
2025-10-17,2335,2340,2310,2330,84600,196842500,0,0
2025-10-20,2352.5,2365,2335,2360,122400,288286000,0,0
2025-10-21,2360,2375,2345,2357.5,158400,373797000,0,0
2025-10-22,2367.5,2405,2352.5,2402.5,165600,396060500,0,0
2025-10-23,2412.5,2420,2395,2405,118800,286263000,0,0
2025-10-24,2410,2425,2405,2417.5,110800,267636500,0,0
2025-10-27,2452.5,2457.5,2432.5,2447.5,133000,325428500,0,0
2025-10-28,2432.5,2442.5,2367.5,2367.5,105400,252545000,0,0
2025-10-29,2357.5,2372.5,2355,2360,129600,306211000,0,0
2025-10-30,2395,2455,2385,2400,283400,679955500,0,0
2025-10-31,2405,2417.5,2395,2417.5,145000,349043000,0,0
2025-11-04,2415,2442.5,2410,2420,186600,452792500,0,0
2025-11-05,2415,2427.5,2360,2417.5,143200,343839000,0,0
2025-11-06,2417.5,2460,2412.5,2445,192600,470624500,0,0
2025-11-07,2440,2560,2405,2545,427800,1057355000,0,0
2025-11-10,2545,2545,2465,2510,261600,655057500,0,0
2025-11-11,2500,2510,2452.5,2487.5,191000,474366000,0,0
2025-11-12,2520,2630,2492.5,2615,300000,776228500,0,0
2025-11-13,2615,2615,2560,2565,102400,263909000,0,0
2025-11-14,2555,2555,2515,2525,105800,267909000,0,0
2025-11-17,2530,2555,2530,2535,78000,198043000,0,0
2025-11-18,2525,2540,2497.5,2505,92600,233057500,0,0
2025-11-19,2510,2530,2475,2477.5,93200,232497000,0,0
2025-11-20,2515,2545,2515,2525,87400,220898000,0,0
2025-11-21,2525,2605,2525,2595,167200,431909000,0,0
2025-11-25,2600,2640,2595,2615,123000,321845000,0,0
2025-11-26,2620,2650,2620,2640,101000,266023000,0,0
2025-11-27,2650,2690,2650,2685,108600,290857000,0,0
2025-11-28,2695,2755,2690,2735,131600,358878000,0,0
2025-12-01,2735,2735,2695,2695,91000,246715000,0,0
2025-12-02,2695,2715,2690,2700,80000,216035000,0,0
2025-12-03,2705,2710,2685,2690,104600,282118000,0,0
2025-12-04,2690,2725,2690,2710,75800,205452000,0,0
2025-12-05,2710,2720,2690,2705,81000,219140000,0,0
2025-12-08,2710,2760,2710,2760,95600,262475000,0,0
2025-12-09,2760,2775,2730,2760,78600,216339000,0,0
2025-12-10,2760,2770,2735,2745,63400,174513000,0,0
2025-12-11,2795,2825,2765,2765,106000,295327000,0,0
2025-12-12,2805,2840,2800,2835,106400,300430000,0,0
2025-12-15,2835,2850,2820,2850,60200,171007000,0,0
2025-12-16,2840,2840,2780,2795,107200,300028000,0,0
2025-12-17,2795,2795,2760,2765,52600,145690000,0,0
2025-12-18,2775,2780,2755,2775,52600,145682000,0,0
2025-12-19,2785,2825,2760,2800,191600,535074000,0,0
2025-12-22,2805,2815,2775,2775,90600,252939000,0,0
2025-12-23,2775,2795,2760,2795,70200,195239000,0,0
2025-12-24,2795,2795,2765,2770,51600,143221000,0,0
2025-12-25,2770,2785,2750,2770,44800,123888000,0,0
2025-12-26,2785,2785,2750,2765,82400,228060000,0,0
2025-12-29,2785,2870,2785,2870,141200,401607000,0,0
2025-12-30,2865,2895,2845,2855,82200,235800000,0,0
2026-01-05,2865,2900,2865,2880,102600,295330000,0,0
2026-01-06,2880,2900,2855,2885,167200,481897000,0,0
2026-01-07,2870,2990,2855,2970,217600,641432000,0,0
2026-01-08,2930,2980,2920,2920,149200,438860000,0,0
2026-01-09,2970,2990,2930,2990,140000,415025000,0,0
2026-01-13,3075,3075,3010,3040,138600,422405000,0,0
2026-01-14,3035,3070,3030,3045,90000,274607000,0,0
2026-01-15,3055,3095,3055,3090,94600,291451000,0,0
2026-01-16,3100,3165,3090,3160,95200,298675000,0,0
2026-01-19,3160,3190,3125,3145,79400,250554000,0,0
2026-01-20,3145,3150,3090,3115,80600,251020000,0,0
2026-01-21,3090,3135,3085,3125,78800,245701000,0,0
2026-01-22,3125,3205,3120,3175,94800,300527000,0,0
2026-01-23,3185,3200,3150,3170,76200,241856000,0,0
2026-01-26,3120,3130,3065,3090,103400,320391000,0,0
2026-01-27,3100,3140,3070,3135,126000,392651000,0,0
2026-01-28,3110,3120,3080,3095,84200,260788000,0,0
2026-01-29,3095,3100,3050,3080,92800,285426000,0,0
2026-01-30,3090,3100,3055,3070,90600,278515000,0,0
2026-02-02,3075,3100,3070,3070,96400,296839000,0,0
2026-02-03,3095,3165,3090,3160,91200,287061000,0,0
2026-02-04,3175,3270,3175,3250,185600,601463000,0,0
2026-02-05,3280,3290,3240,3270,118000,384850000,0,0
2026-02-06,3260,3285,3235,3260,82800,269492000,0,0
2026-02-09,3300,3325,3260,3320,113600,375105000,0,0
2026-02-10,3305,3345,3120,3240,242200,787646000,0,0
2026-02-12,3230,3370,3220,3355,213800,707647000,0,0
2026-02-13,3360,3360,3245,3250,108000,353639000,0,0
2026-02-16,3255,3255,3190,3220,100800,324385000,0,0
2026-02-17,3210,3250,3195,3225,92200,297182000,0,0
2026-02-18,3225,3725,3225,3420,1687400,5888472000,1,0
2026-02-19,3595,3595,3305,3345,912600,3113517000,0,0
2026-02-20,3325,3475,3325,3460,569800,1954367000,0,0
2026-02-24,3590,3635,3520,3545,774400,2769951000,0,0
2026-02-25,3545,3545,3395,3465,492800,1705848000,0,0
2026-02-26,3415,3465,3400,3435,218400,749503000,0,0
2026-02-27,3440,3505,3425,3500,179400,622925000,0,0
2026-03-02,3400,3530,3390,3525,306000,1065311000,0,0
2026-03-03,3495,3525,3380,3405,297000,1021860000,0,0
2026-03-04,3205,3275,3090,3165,584600,1854517000,0,0
2026-03-05,3285,3325,3225,3295,239000,785003000,0,0
2026-03-06,3255,3280,3205,3255,118600,385254000,0,0
2026-03-09,3075,3155,3055,3150,297400,922607000,0,0
2026-03-10,3210,3270,3210,3250,130600,423795000,0,0
2026-03-11,3325,3345,3290,3290,98400,326290000,0,0
2026-03-12,3250,3280,3210,3230,121800,394099000,0,0
2026-03-13,3180,3225,3180,3215,153800,492276000,0,0
2026-03-16,3190,3230,3180,3220,104000,334043000,0,0
2026-03-17,3250,3265,3210,3215,72200,233229000,0,0
2026-03-18,3250,3320,3240,3320,81400,267325000,0,0
2026-03-19,3250,3260,3195,3195,170600,548050000,0,0
2026-03-23,3110,3115,3045,3065,169200,520391000,0,0
2026-03-24,3165,3180,3115,3135,130800,411238000,0,0
2026-03-25,3230,3250,3200,3215,164800,531760000,0,0
2026-03-26,3220,3255,3185,3230,117800,379584000,0,0
2026-03-27,3250,3290,3195,3250,248600,804393000,0,0
2026-03-30,3035,3180,3025,3155,266800,836770000,0,0
2026-03-31,3095,3165,3085,3115,280900,875899000,0,0
2026-04-01,3185,3230,3180,3220,130700,419596500,0,0
2026-04-02,3225,3285,3180,3195,131800,424159000,0,0
2026-04-03,3170,3230,3165,3185,97000,308981000,0,0
2026-04-06,3185,3205,3175,3180,64900,206842000,0,0
2026-04-07,3185,3220,3180,3195,177700,567437000,0,0
2026-04-08,3320,3325,3275,3305,188500,622519000,0,0
2026-04-09,3310,3315,3255,3275,134400,440525500,0,0
2026-04-10,3260,3280,3240,3245,169900,552547500,0,0
2026-04-13,3220,3260,3220,3250,145200,470080000,0,0
2026-04-14,3250,3265,3215,3235,169200,547907000,0,0
2026-04-15,3255,3270,3220,3250,160700,521127500,0,0
2026-04-16,3265,3310,3265,3295,124400,408885500,0,0
2026-04-17,3260,3280,3220,3255,145600,472779500,0,0
2026-04-20,3285,3290,3235,3260,91500,298123500,0,0
2026-04-21,3290,3335,3250,3330,157800,521962500,0,0
2026-04-22,3320,3345,3260,3270,165700,545270000,0,0
2026-04-23,3260,3290,3210,3285,144000,469750500,0,0
2026-04-24,3315,3330,3250,3295,103200,339526000,0,0
2026-04-27,3325,3460,3295,3410,265400,905668500,0,0
2026-04-28,3410,3505,3400,3445,299200,1035042500,0,0
2026-04-30,3410,3455,3395,3450,178200,611747000,0,0
2026-05-01,3420,3450,3365,3365,131700,446129000,0,0
2026-05-07,3480,3565,3435,3550,310800,1095237500,0,0
2026-05-08,3525,3570,3465,3555,257200,905966000,0,0
2026-05-11,3570,3645,3540,3645,268000,967541500,0,0
2026-05-12,3655,3735,3300,3460,557200,1988721500,0,0
2026-05-13,3425,3540,3350,3500,421100,1464008000,0,0
2026-05-14,3490,3565,3445,3545,221800,782782500,0,0
2026-05-18,3450,3450,3350,3420,299400,1017991000,0,0
2026-05-19,3490,3540,3360,3415,195700,667283000,0,0
2026-05-20,3380,3380,3255,3300,142300,469814000,0,0
2026-05-21,3360,3410,3320,3400,151800,514679000,0,0
2026-05-22,3430,3495,3415,3495,189400,657973500,0,0
2026-05-25,3520,3660,3500,3660,334100,1208964500,0,0
2026-05-26,3790,3805,3690,3780,297100,1119115000,0,0
2026-05-27,3810,3900,3645,3695,304800,1133479000,0,0
2026-05-28,3675,3850,3625,3785,357100,1348025500,0,0
2026-05-29,3850,4020,3840,3935,724600,2867028000,0,0
2026-06-01,3990,4635,3965,4420,1934900,8615985000,1,0
2026-06-02,4350,4535,4040,4135,2083100,8862196500,0,0
2026-06-03,4120,4185,3945,4035,1024500,4155918000,0,0
2026-06-04,3980,4035,3890,3945,472800,1864733000,0,0
2026-06-05,3960,4145,3825,4050,500700,2013130500,0,0
2026-06-08,3840,3940,3720,3905,446000,1725139000,0,0
2026-06-09,3975,3975,3755,3830,627300,2405169000,0,0
2026-06-10,3875,3945,3750,3775,398800,1522455500,0,0
2026-06-11,3630,3890,3585,3840,295300,1123270500,0,0
2026-06-12,3825,3955,3785,3820,573200,2206561000,0,0
2026-06-15,4030,4085,3955,4020,825800,3312358500,0,0
2026-06-16,3990,4335,3975,4230,594300,2497487000,0,0
2026-06-17,4350,4410,4275,4345,606800,2631060500,0,0
2026-06-18,4370,4500,4320,4405,426000,1884738500,0,0
2026-06-19,4500,4560,4365,4410,610800,2708289000,0,0
2026-06-22,4475,4550,4430,4540,411700,1857548500,0,0
2026-06-23,4530,4530,4235,4260,400100,1746244500,0,0
2026-06-24,4250,4315,4180,4250,310600,1320774000,0,0
2026-06-25,4390,4390,4285,4340,279300,1214464500,0,0
2026-06-26,4340,4340,4045,4155,409600,1700816500,0,0
2026-06-29,4170,4190,4000,4140,449100,1834955500,0,0
2026-06-30,4180,4180,4035,4080,359100,1467668000,0,0
2026-07-01,4130,4190,4085,4095,194000,799188500,0,0
2026-07-02,4060,4080,3940,3965,387800,1548016000,0,0
2026-07-03,3905,4115,3850,4075,348600,1393892000,0,0
2026-07-06,4080,4095,3955,3985,249200,997291500,0,0
2026-07-07,3955,3985,3760,3765,392900,1504420000,0,0
2026-07-08,3715,3825,3680,3695,296300,1104282500,0,0
2026-07-09,3715,3765,3650,3665,209000,769001000,0,0
2026-07-10,3725,3725,3625,3640,230100,842981000,0,0
2026-07-13,3655,3670,3510,3510,324200,1154064500,0,0
2026-07-14,3500,3520,3405,3455,254500,879026000,0,0
2026-07-15,3480,3510,3420,3510,253200,879108000,0,0
2026-07-16,3445,3465,3400,3435,227500,781057500,0,0
2026-07-17,3370,3380,3160,3270,368500,1201428000,0,0
2026-07-21,3380,3415,3270,3415,383900,1291035000,0,0
2026-07-22,3465,3505,3430,3455,207800,719272500,0,0
2026-07-23,3525,3580,3465,3520,318500,1123919000,0,0
2026-07-24,3470,3515,3440,3485,170400,591782000,0,0
2026-07-27,3455,3490,3390,3485,252400,873024000,0,0
2026-07-28,3420,3425,3240,3280,253700,838222500,0,0
2026-07-29,3285,3285,3025,3110,409400,1277834000,0,0
2026-07-30,3050,3220,3045,3155,400700,1258522000,0,0
2026-07-31,3360,3430,3280,3400,467700,1580345000,0,0
2026-08-03,3330,3445,3300,3425,391000,1327818500,0,0
2026-08-04,3470,3540,3470,3510,386800,1357018500,0,0
2026-08-05,3580,3670,3565,3665,280000,1018370500,0,0
2026-08-06,3595,3655,3540,3635,329500,1187755000,0,0
2026-08-07,3595,3630,3460,3560,282700,1000105000,0,0
2026-08-10,4100,4185,3800,3860,1059000,4193792500,0,0
2026-08-12,3860,3860,3730,3765,431600,1625278500,0,0
2026-08-13,3900,3945,3840,3870,380700,1478072000,0,0
2026-08-14,3850,3925,3810,3870,234300,904055500,0,0
2026-08-17,3895,3905,3840,3900,169900,659590500,0,0
2026-08-18,3890,3950,3780,3795,257900,994352000,0,0
2026-08-19,3655,3705,3555,3590,255900,922986500,0,0
2026-08-20,3640,3640,3560,3635,162700,588226500,0,0
2026-08-21,3570,3625,3535,3595,157700,564688500,0,0
2026-08-24,3600,3635,3565,3610,101200,364796500,0,0
2026-08-25,3605,3615,3555,3610,131300,471455000,0,0
2026-08-26,3645,3705,3585,3700,218400,801235500,0,0
2026-08-27,3715,3750,3625,3690,234600,865841500,0,0
2026-08-28,3695,3745,3640,3660,137100,504130000,0,0
2026-08-31,3590,3710,3580,3695,189100,694091000,0,0
