Date,Open,High,Low,Close,Volume,TradingValue,UpLimit,UnderLimit
2016-02-05,184,186,178,182,144690000,,,
2016-02-08,179,184,175,184,117850000,,,
2016-02-09,177,178,170,173,93150000,,,
2016-02-10,171,183,156,161,205480000,,,
2016-02-12,153,156,150,151,156250000,,,
2016-02-15,155,161,152,158,168920000,,,
2016-02-16,157,166,157,161,175610000,,,
2016-02-17,160,165,156,160,103400000,,,
2016-02-18,164,169,162,167,131650000,,,
2016-02-19,163,164,158,160,116200000,,,
2016-02-22,159,162,158,160,52300000,,,
2016-02-23,165,173,164,170,124660000,,,
2016-02-24,169,173,166,169,98580000,,,
2016-02-25,174,177,171,177,110720000,,,
2016-02-26,179,180,172,173,75860000,,,
2016-02-29,175,178,173,174,53260000,,,
2016-03-01,174,175,169,174,73700000,,,
2016-03-02,178,183,176,183,84700000,,,
2016-03-03,183,192,183,191,88180000,,,
2016-03-04,191,198,190,197,95070000,,,
2016-03-07,197,200,194,198,77350000,,,
2016-03-08,203,205,193,199,184990000,,,
2016-03-09,191,193,186,191,121090000,,,
2016-03-10,194,195,189,190,58920000,,,
2016-03-11,187,194,186,193,90340000,,,
2016-03-14,198,199,193,195,47720000,,,
2016-03-15,194,197,190,196,65060000,,,
2016-03-16,194,195,190,191,42990000,,,
2016-03-17,193,197,189,191,60830000,,,
2016-03-18,191,197,191,196,76060000,,,
2016-03-22,200,200,193,198,57630000,,,
2016-03-23,200,201,193,194,49410000,,,
2016-03-24,192,193,180,181,128900000,,,
2016-03-25,183,184,179,184,69540000,,,
2016-03-28,185,186,182,186,62310000,,,
2016-03-29,183,184,181,184,54780000,,,
2016-03-30,182,183,175,176,96990000,,,
2016-03-31,178,184,177,180,79370000,,,
2016-04-01,178,180,173,174,74870000,,,
2016-04-04,170,179,170,175,64300000,,,
2016-04-05,173,174,168,170,63640000,,,
2016-04-06,166,176,166,174,89040000,,,
2016-04-07,170,171,164,166,105470000,,,
2016-04-08,167,174,163,171,106910000,,,
2016-04-11,173,179,169,177,84480000,,,
2016-04-12,176,186,176,182,80800000,,,
2016-04-13,187,193,185,191,121470000,,,
2016-04-14,192,197,191,195,89280000,,,
2016-04-15,193,194,190,192,65110000,,,
2016-04-18,185,188,183,187,80910000,,,
2016-04-19,193,195,191,195,71460000,,,
2016-04-20,199,202,196,197,108970000,,,
2016-04-21,202,207,201,206,112430000,,,
2016-04-22,205,213,205,213,148100000,,,
2016-04-25,215,217,211,213,101130000,,,
2016-04-26,211,211,206,210,84370000,,,
2016-04-27,211,214,209,214,62660000,,,
2016-04-28,214,217,203,208,98650000,,,
2016-05-02,200,204,198,203,58130000,,,
2016-05-06,202,204,193,194,91380000,,,
2016-05-09,197,199,189,189,93880000,,,
2016-05-10,189,191,184,191,80300000,,,
2016-05-11,192,195,183,184,103680000,,,
2016-05-12,177,185,172,184,180290000,,,
2016-05-13,186,193,184,184,130390000,,,
2016-05-16,187,192,184,190,80050000,,,
2016-05-17,195,197,191,195,84230000,,,
2016-05-18,195,204,194,203,101140000,,,
2016-05-19,204,206,200,201,99820000,,,
2016-05-20,199,200,195,198,93420000,,,
2016-05-23,198,198,190,196,76180000,,,
2016-05-24,194,194,189,191,64100000,,,
2016-05-25,195,196,191,192,55250000,,,
2016-05-26,193,194,189,189,51600000,,,
2016-05-27,187,190,184,187,69250000,,,
2016-05-30,190,192,187,189,81140000,,,
2016-05-31,189,195,187,195,67960000,,,
2016-06-01,193,195,189,190,65350000,,,
2016-06-02,188,189,184,186,78910000,,,
2016-06-03,184,187,183,185,32650000,,,
2016-06-06,181,189,180,188,62850000,,,
2016-06-07,191,196,191,194,75450000,,,
2016-06-08,195,201,193,199,85590000,,,
2016-06-09,197,199,192,192,53060000,,,
2016-06-10,192,192,188,190,64620000,,,
2016-06-13,187,190,185,187,80610000,,,
2016-06-14,187,192,185,187,49170000,,,
2016-06-15,184,189,182,185,72560000,,,
2016-06-16,185,187,178,179,69290000,,,
2016-06-17,181,187,181,186,122210000,,,
2016-06-20,190,199,188,195,100160000,,,
2016-06-21,192,195,191,195,71520000,,,
2016-06-22,193,195,190,192,91500000,,,
2016-06-23,192,194,190,194,40800000,,,
2016-06-24,196,197,175,178,134930000,,,
2016-06-27,178,178,166,169,114130000,,,
2016-06-28,166,170,162,168,80870000,,,
2016-06-29,175,175,168,169,86290000,,,
2016-06-30,172,173,168,169,83210000,,,
2016-07-01,170,172,169,169,64310000,,,
2016-07-04,170,177,169,175,86650000,,,
2016-07-05,175,180,174,178,78780000,,,
2016-07-06,173,175,169,171,78520000,,,
2016-07-07,172,177,172,174,95150000,,,
2016-07-08,176,178,172,173,73330000,,,
2016-07-11,178,188,176,186,112420000,,,
2016-07-12,188,194,187,192,112920000,,,
2016-07-13,199,202,192,201,128520000,,,
2016-07-14,197,202,195,202,93110000,,,
2016-07-15,204,206,198,201,93820000,,,
2016-07-19,198,205,198,205,92510000,,,
2016-07-20,203,204,196,198,99200000,,,
2016-07-21,202,203,195,198,108860000,,,
2016-07-22,195,200,194,197,87680000,,,
2016-07-25,201,201,194,195,67320000,,,
2016-07-26,195,195,189,193,65650000,,,
2016-07-27,196,201,194,199,95110000,,,
2016-07-28,196,200,195,197,57100000,,,
2016-07-29,197,199,193,197,64010000,,,
2016-08-01,195,198,191,195,54780000,,,
2016-08-02,192,194,190,191,52960000,,,
2016-08-03,187,188,181,182,82020000,,,
2016-08-04,184,191,182,190,111680000,,,
2016-08-05,189,189,179,185,93630000,,,
2016-08-08,190,195,188,195,64400000,,,
2016-08-09,192,198,191,198,49700000,,,
2016-08-10,207,209,202,203,77290000,,,
2016-08-12,206,206,202,205,29430000,,,
2016-08-15,202,205,199,199,29070000,,,
2016-08-16,200,205,198,198,36990000,,,
2016-08-17,195,204,195,204,26740000,,,
2016-08-18,201,204,196,199,66350000,,,
2016-08-19,201,210,200,207,84140000,,,
2016-08-22,211,213,207,211,55310000,,,
2016-08-23,210,211,203,204,50000000,,,
2016-08-24,205,208,204,204,35650000,,,
2016-08-25,203,204,200,201,46970000,,,
2016-08-26,199,200,195,198,66380000,,,
2016-08-29,202,205,201,203,46300000,,,
2016-08-30,205,210,202,208,109700000,,,
2016-08-31,211,213,209,211,71300000,,,
2016-09-01,210,215,207,213,88330000,,,
2016-09-02,213,215,210,212,60260000,,,
2016-09-05,215,220,215,217,46070000,,,
2016-09-06,217,221,216,220,71760000,,,
2016-09-07,218,221,217,219,94910000,,,
2016-09-08,219,220,217,219,36890000,,,
2016-09-09,219,221,218,219,69820000,,,
2016-09-12,216,222,211,213,91800000,,,
2016-09-13,215,216,211,213,41040000,,,
2016-09-14,210,214,209,211,35650000,,,
2016-09-15,211,211,208,210,34470000,,,
2016-09-16,210,211,206,207,85610000,,,
2016-09-20,204,208,204,207,49800000,,,
2016-09-21,209,212,205,210,56650000,,,
2016-09-23,211,215,209,212,39880000,,,
2016-09-26,208,209,206,207,41310000,,,
2016-09-27,204,209,201,209,52060000,,,
2016-09-28,207,211,207,208,39190000,,,
2016-09-29,211,218,211,216,55290000,,,
2016-09-30,212,214,210,210,45870000,,,
2016-10-03,216,221,213,219,74520000,,,
2016-10-04,220,221,218,220,33420000,,,
2016-10-05,219,224,218,222,48830000,,,
2016-10-06,224,225,222,223,35580000,,,
2016-10-07,229,233,227,229,123910000,,,
2016-10-11,231,236,231,234,58440000,,,
2016-10-12,228,230,227,228,60950000,,,
2016-10-13,231,233,227,228,43680000,,,
2016-10-14,225,228,224,227,37340000,,,
2016-10-17,227,231,227,230,43340000,,,
2016-10-18,230,233,227,232,25660000,,,
2016-10-19,234,235,232,233,33210000,,,
2016-10-20,233,237,233,236,29470000,,,
2016-10-21,239,239,221,223,231680000,,,
2016-10-24,226,229,225,227,53130000,,,
2016-10-25,229,235,228,235,89550000,,,
2016-10-26,233,240,232,238,72390000,,,
2016-10-27,240,242,236,238,79170000,,,
2016-10-28,240,241,236,238,69600000,,,
2016-10-31,234,235,232,234,41500000,,,
2016-11-01,234,235,232,233,39440000,,,
2016-11-02,229,231,226,230,58100000,,,
2016-11-04,228,232,227,231,43180000,,,
2016-11-07,234,236,233,235,30400000,,,
2016-11-08,235,238,233,237,45230000,,,
2016-11-09,233,233,208,213,191050000,,,
2016-11-10,227,228,222,228,78090000,,,
2016-11-11,234,244,233,240,154830000,,,
2016-11-14,239,248,239,247,82050000,,,
2016-11-15,250,254,245,246,83140000,,,
2016-11-16,253,253,246,246,88790000,,,
2016-11-17,242,242,236,237,101480000,,,
2016-11-18,242,242,239,240,57670000,,,
2016-11-21,238,239,236,238,60500000,,,
2016-11-22,241,249,239,248,99660000,,,
2016-11-24,254,258,253,257,114330000,,,
2016-11-25,259,271,259,263,170610000,,,
2016-11-28,263,268,261,265,71240000,,,
2016-11-29,267,272,265,265,126200000,,,
2016-11-30,263,267,262,266,97860000,,,
2016-12-01,273,275,271,272,119310000,,,
2016-12-02,275,288,275,286,180900000,,,
2016-12-05,283,292,282,289,140860000,,,
2016-12-06,294,307,293,305,221680000,,,
2016-12-07,308,309,303,308,153290000,,,
2016-12-08,310,311,306,310,109970000,,,
2016-12-09,316,319,312,317,158160000,,,
2016-12-12,323,324,316,321,203320000,,,
2016-12-13,307,318,305,317,129410000,,,
2016-12-14,315,317,309,314,80300000,,,
2016-12-15,314,314,303,307,125920000,,,
2016-12-16,310,316,308,311,103820000,,,
2016-12-19,306,314,305,314,87820000,,,
2016-12-20,308,309,301,305,121000000,,,
2016-12-21,306,308,297,299,92940000,,,
2016-12-22,298,300,296,299,86450000,,,
2016-12-26,297,299,293,295,67700000,,,
2016-12-27,294,297,293,295,63540000,,,
2016-12-28,297,305,297,302,64210000,,,
2016-12-29,301,301,295,297,70100000,,,
2016-12-30,295,298,291,296,65300000,,,
2017-01-04,299,308,298,307,96140000,,,
2017-01-05,312,313,301,304,101240000,,,
2017-01-06,300,300,296,299,80620000,,,
2017-01-10,295,299,293,297,87480000,,,
2017-01-11,298,304,296,301,97990000,,,
2017-01-12,304,306,301,304,61010000,,,
2017-01-13,301,305,296,297,99210000,,,
2017-01-16,296,298,291,292,74540000,,,
2017-01-17,291,297,289,294,64170000,,,
2017-01-18,290,301,290,300,83560000,,,
2017-01-19,305,307,301,304,57660000,,,
2017-01-20,303,307,303,306,56040000,,,
2017-01-23,306,314,303,310,113930000,,,
2017-01-24,307,317,307,316,129520000,,,
2017-01-25,318,323,315,321,168790000,,,
2017-01-26,324,324,318,322,110090000,,,
2017-01-27,325,330,323,325,127760000,,,
2017-01-30,325,327,322,325,55340000,,,
2017-01-31,320,321,316,317,61440000,,,
2017-02-01,313,318,312,315,72370000,,,
2017-02-02,318,319,311,313,71300000,,,
2017-02-03,315,322,312,315,79170000,,,
2017-02-06,316,318,314,316,33640000,,,
2017-02-07,315,321,312,318,68350000,,,
2017-02-08,321,325,319,323,96220000,,,
2017-02-09,327,330,324,326,108580000,,,
2017-02-10,332,333,324,326,92880000,,,
2017-02-13,330,334,328,328,91640000,,,
2017-02-14,350,376,350,371,470000000,,,
2017-02-15,371,391,370,388,302810000,,,
2017-02-16,384,396,382,396,254240000,,,
2017-02-17,391,394,383,389,121390000,,,
2017-02-20,385,386,377,381,93820000,,,
2017-02-21,385,385,378,382,53990000,,,
2017-02-22,386,397,386,393,140620000,,,
2017-02-23,388,390,382,384,108950000,,,
2017-02-24,378,379,370,370,164390000,,,
2017-02-27,363,370,362,367,148840000,,,
2017-02-28,372,378,371,371,94310000,,,
2017-03-01,382,387,378,384,199330000,,,
2017-03-02,391,410,391,404,352900000,,,
2017-03-03,411,416,405,409,303440000,,,
2017-03-06,409,412,405,407,148580000,,,
2017-03-07,403,404,399,403,143900000,,,
2017-03-08,401,403,390,393,190190000,,,
2017-03-09,398,407,396,405,172410000,,,
2017-03-10,406,407,396,397,146250000,,,
2017-03-13,394,395,388,394,101120000,,,
2017-03-14,395,398,391,394,85670000,,,
2017-03-15,391,391,387,390,72440000,,,
2017-03-16,393,404,392,399,138120000,,,
2017-03-17,393,397,390,390,90480000,,,
2017-03-21,390,392,386,388,65530000,,,
2017-03-22,378,380,372,374,96720000,,,
2017-03-23,379,384,376,377,66560000,,,
2017-03-24,374,379,372,373,109710000,,,
2017-03-27,368,370,364,367,78910000,,,
2017-03-28,368,372,366,369,68960000,,,
2017-03-29,367,376,367,373,99810000,,,
2017-03-30,370,390,370,386,135690000,,,
2017-03-31,386,389,378,379,93150000,,,
2017-04-03,379,379,364,369,103790000,,,
2017-04-04,364,366,353,356,132660000,,,
2017-04-05,364,367,357,366,97370000,,,
2017-04-06,358,361,346,353,138330000,,,
2017-04-07,357,359,347,350,111130000,,,
2017-04-10,355,359,351,355,66590000,,,
2017-04-11,349,349,342,347,93420000,,,
2017-04-12,341,344,332,335,131790000,,,
2017-04-13,326,338,324,336,133670000,,,
2017-04-14,336,347,333,338,124780000,,,
2017-04-17,335,338,331,336,69810000,,,
2017-04-18,341,348,333,336,92850000,,,
2017-04-19,330,339,328,336,125030000,,,
2017-04-20,338,357,337,348,193270000,,,
2017-04-21,364,364,351,354,118350000,,,
2017-04-24,358,359,350,352,80700000,,,
2017-04-25,355,370,352,370,138090000,,,
2017-04-26,375,386,375,382,167990000,,,
2017-04-27,383,383,375,383,74260000,,,
2017-04-28,378,383,372,376,81770000,,,
2017-05-01,375,378,373,376,60470000,,,
2017-05-02,379,385,372,381,137040000,,,
2017-05-08,389,390,381,385,78900000,,,
2017-05-09,382,383,370,371,120740000,,,
2017-05-10,371,381,371,374,77490000,,,
2017-05-11,398,408,392,403,234620000,,,
2017-05-12,402,404,392,395,107670000,,,
2017-05-15,390,391,379,385,113940000,,,
2017-05-16,401,406,396,400,144600000,,,
2017-05-17,392,395,389,392,78870000,,,
2017-05-18,384,387,382,384,95730000,,,
2017-05-19,387,391,383,389,91130000,,,
2017-05-22,393,401,393,401,125260000,,,
2017-05-23,407,418,402,403,156530000,,,
2017-05-24,409,417,408,416,122250000,,,
2017-05-25,412,418,406,417,110780000,,,
2017-05-26,419,426,416,419,158630000,,,
2017-05-29,419,421,412,415,68520000,,,
2017-05-30,414,425,412,425,90420000,,,
2017-05-31,433,445,429,441,229140000,,,
2017-06-01,439,442,435,440,120200000,,,
2017-06-02,450,453,437,440,184910000,,,
2017-06-05,435,438,433,435,87790000,,,
2017-06-06,434,434,424,426,104750000,,,
2017-06-07,420,434,415,431,95750000,,,
2017-06-08,435,435,428,431,67710000,,,
2017-06-09,432,441,428,441,90560000,,,
2017-06-12,444,447,432,432,77440000,,,
2017-06-13,434,434,426,430,60900000,,,
2017-06-14,432,433,421,421,69150000,,,
2017-06-15,417,418,406,410,101280000,,,
2017-06-16,412,417,410,412,69500000,,,
2017-06-19,410,415,406,407,69220000,,,
2017-06-20,413,419,413,417,59840000,,,
2017-06-21,419,422,413,416,76270000,,,
2017-06-22,416,426,415,423,72560000,,,
2017-06-23,426,427,416,417,67100000,,,
2017-06-26,417,430,417,424,72010000,,,
2017-06-27,427,439,425,437,91660000,,,
2017-06-28,438,447,437,441,84490000,,,
2017-06-29,447,451,445,448,105630000,,,
2017-06-30,441,445,436,439,88780000,,,
2017-07-03,437,444,436,442,65230000,,,
2017-07-04,449,451,439,441,109560000,,,
2017-07-05,438,459,438,459,119520000,,,
2017-07-06,457,463,452,461,98530000,,,
2017-07-07,456,466,454,465,79310000,,,
2017-07-10,473,481,469,475,96830000,,,
2017-07-11,476,479,472,476,77300000,,,
2017-07-12,476,477,470,472,68890000,,,
2017-07-13,474,476,466,469,91860000,,,
2017-07-14,476,484,475,483,109320000,,,
2017-07-18,484,484,476,481,59640000,,,
2017-07-19,481,483,476,482,55320000,,,
2017-07-20,480,488,479,487,70540000,,,
2017-07-21,487,498,485,494,80580000,,,
2017-07-24,492,493,486,488,57260000,,,
2017-07-25,491,497,488,489,58290000,,,
2017-07-26,495,506,493,496,104410000,,,
2017-07-27,495,498,491,494,69030000,,,
2017-07-28,493,494,474,477,101700000,,,
2017-07-31,480,485,479,483,75540000,,,
2017-08-01,484,484,460,471,129020000,,,
2017-08-02,468,477,468,476,72080000,,,
2017-08-03,476,488,471,488,86200000,,,
2017-08-04,481,487,475,479,86080000,,,
2017-08-07,479,496,478,496,81340000,,,
2017-08-08,497,502,488,490,74180000,,,
2017-08-09,492,496,486,494,84100000,,,
2017-08-10,522,567,519,550,322030000,,,
2017-08-14,557,576,547,548,151680000,,,
2017-08-15,548,551,533,542,106170000,,,
2017-08-16,541,557,541,556,75670000,,,
2017-08-17,564,572,555,562,94310000,,,
2017-08-18,556,563,553,556,69830000,,,
2017-08-21,554,556,547,553,69220000,,,
2017-08-22,555,564,549,560,67720000,,,
2017-08-23,566,568,554,565,72940000,,,
2017-08-24,573,588,568,575,152670000,,,
2017-08-25,579,584,567,576,89000000,,,
2017-08-28,576,581,573,575,57100000,,,
2017-08-29,571,578,568,574,52590000,,,
2017-08-30,575,578,572,578,56640000,,,
2017-08-31,579,588,576,584,80850000,,,
2017-09-01,584,585,570,575,60000000,,,
2017-09-04,575,577,563,570,74660000,,,
2017-09-05,571,573,552,559,88250000,,,
2017-09-06,556,563,544,563,106040000,,,
2017-09-07,576,577,563,573,89480000,,,
2017-09-08,570,571,561,566,64370000,,,
2017-09-11,565,570,563,565,55770000,,,
2017-09-12,569,588,564,587,120520000,,,
2017-09-13,591,608,589,589,134770000,,,
2017-09-14,581,583,556,557,192440000,,,
2017-09-15,557,574,557,573,176710000,,,
2017-09-19,582,597,574,596,128360000,,,
2017-09-20,593,599,588,589,76300000,,,
2017-09-21,592,593,569,573,136540000,,,
2017-09-22,570,571,542,555,150090000,,,
2017-09-25,555,562,551,558,64610000,,,
2017-09-26,555,565,551,562,49520000,,,
2017-09-27,572,575,557,563,6012000,,,
2017-09-28,564,579,563,578,8331000,,,
2017-09-29,580,593,578,583,12794000,,,
2017-10-02,586,586,572,573,4954000,,,
2017-10-03,576,588,574,588,6273000,,,
2017-10-04,588,589,581,585,5739000,,,
2017-10-05,587,587,578,581,4492000,,,
2017-10-06,580,600,580,600,10272000,,,
2017-10-10,600,603,592,597,4939000,,,
2017-10-11,598,607,596,604,8078000,,,
2017-10-12,607,607,575,575,11934000,,,
2017-10-13,574,588,571,585,7152000,,,
2017-10-16,589,597,586,588,4926000,,,
2017-10-17,590,592,567,585,16107000,,,
2017-10-18,569,579,565,567,12327000,,,
2017-10-19,567,573,562,567,7590000,,,
2017-10-20,562,564,551,553,12385000,,,
2017-10-23,556,567,552,565,9877000,,,
2017-10-24,562,568,554,567,5720000,,,
2017-10-25,566,574,564,566,8722000,,,
2017-10-26,565,568,557,561,4603000,,,
2017-10-27,566,569,562,568,5030000,,,
2017-10-30,568,581,566,580,10333000,,,
2017-10-31,583,591,581,587,9476000,,,
2017-11-01,591,603,590,601,10124000,,,
2017-11-02,600,612,599,611,9674000,,,
2017-11-06,618,620,602,608,7517000,,,
2017-11-07,605,611,602,608,7331000,,,
2017-11-08,605,608,596,606,7212000,,,
2017-11-09,606,615,591,602,9976000,,,
2017-11-10,586,600,585,593,6644000,,,
2017-11-13,653,693,640,693,34000000,,,
2017-11-14,693,704,674,689,13281000,,,
2017-11-15,691,715,676,690,16774000,,,
2017-11-16,683,693,669,688,9015000,,,
2017-11-17,700,704,680,685,8352000,,,
2017-11-20,685,695,681,686,5694000,,,
2017-11-21,694,702,692,696,4629000,,,
2017-11-22,702,708,697,698,5366000,,,
2017-11-24,694,701,684,689,4530000,,,
2017-11-27,688,694,675,679,4272000,,,
2017-11-28,674,678,653,655,8110000,,,
2017-11-29,671,674,650,655,5369000,,,
2017-11-30,645,647,628,634,9733000,,,
2017-12-01,634,636,622,624,8386000,,,
2017-12-04,634,636,615,617,5826000,,,
2017-12-05,615,621,610,616,5033000,,,
2017-12-06,609,610,586,592,10023000,,,
2017-12-07,598,599,582,594,8086000,,,
2017-12-08,598,601,593,600,6800000,,,
2017-12-11,605,609,598,605,6281000,,,
2017-12-12,605,609,595,597,7563000,,,
2017-12-13,607,614,598,600,9612000,,,
2017-12-14,597,606,596,599,5826000,,,
2017-12-15,599,609,591,603,7380000,,,
2017-12-18,611,632,611,626,10421000,,,
2017-12-19,629,635,624,629,6082000,,,
2017-12-20,629,652,627,640,8396000,,,
2017-12-21,642,656,640,651,6321000,,,
2017-12-22,651,661,645,658,6489000,,,
2017-12-25,658,658,647,654,4401000,,,
2017-12-26,652,652,641,646,4447000,,,
2017-12-27,639,663,628,661,8504000,,,
2017-12-28,656,663,651,659,6940000,,,
2017-12-29,663,668,656,659,3925000,,,
2018-01-04,669,678,668,675,8078000,,,
2018-01-05,677,691,675,688,7723000,,,
2018-01-09,696,705,690,701,10293000,,,
2018-01-10,699,701,689,697,5474000,,,
2018-01-11,690,703,683,701,5550000,,,
2018-01-12,704,715,703,711,7870000,,,
2018-01-15,718,720,699,702,5232000,,,
2018-01-16,703,705,694,703,4157000,,,
2018-01-17,692,696,680,692,6284000,,,
2018-01-18,702,702,672,674,7644000,,,
2018-01-19,679,683,672,682,4438000,,,
2018-01-22,673,674,652,663,8794000,,,
2018-01-23,664,669,654,668,5368000,,,
2018-01-24,661,663,645,650,8773000,,,
2018-01-25,642,651,635,640,9534000,,,
2018-01-26,638,638,618,631,11435000,,,
2018-01-29,624,625,615,622,10852000,,,
2018-01-30,612,619,603,607,12583000,,,
2018-01-31,609,622,601,610,11536000,,,
2018-02-01,613,633,613,627,12902000,,,
2018-02-02,620,639,620,633,10341000,,,
2018-02-05,610,617,599,614,11204000,,,
2018-02-06,574,585,561,578,16107000,,,
2018-02-07,598,599,562,567,14140000,,,
2018-02-08,562,570,548,559,18269000,,,
2018-02-09,529,549,523,545,16758000,,,
2018-02-13,546,568,546,549,19494000,,,
2018-02-14,540,547,518,523,16622000,,,
2018-02-15,529,537,522,525,13562000,,,
2018-02-16,530,531,511,518,13565000,,,
2018-02-19,516,524,516,522,10453000,,,
2018-02-20,522,522,511,515,7715000,,,
2018-02-21,515,523,508,512,8811000,,,
2018-02-22,514,518,508,517,7616000,,,
2018-02-23,513,524,510,521,9870000,,,
2018-02-26,529,530,505,511,9285000,,,
2018-02-27,518,540,517,537,13600000,,,
2018-02-28,530,550,527,539,13759000,,,
2018-03-01,530,532,517,525,11836000,,,
2018-03-02,510,513,499,504,11688000,,,
2018-03-05,494,494,466,467,21538000,,,
2018-03-06,479.5,488.5,473,479,14514000,,,
2018-03-07,472.5,475,454.5,457,20476000,,,
2018-03-08,460,467.5,456.5,457,11172000,,,
2018-03-09,462,469,459,460,10896000,,,
2018-03-12,473.5,483,471.5,476,11896000,,,
2018-03-13,477.5,482,471,480,8028000,,,
2018-03-14,472,494.5,469.5,485.5,11079000,,,
2018-03-15,486.5,491.5,476,487,8370000,,,
2018-03-16,490,498.5,489,493.5,10977000,,,
2018-03-19,490,499.5,488.5,492,8709000,,,
2018-03-20,487,497.5,484.5,495,7791000,,,
2018-03-22,499.5,503,487,489.5,10245000,,,
2018-03-23,470.5,472.5,458,460.5,10300000,,,
2018-03-26,454,455.5,441.5,455.5,8881000,,,
2018-03-27,467.5,479.5,465.5,478,9877000,,,
2018-03-28,464,467.5,458,465,6360000,,,
2018-03-29,453,479.5,452.5,464,18129000,,,
2018-03-30,468,487.5,467,483,11381000,,,
2018-04-02,486,490,474.5,479,7160000,,,
2018-04-03,470,472.5,467,472,6615000,,,
2018-04-04,473.5,473.5,450.5,454.5,9137000,,,
2018-04-05,454.5,457.5,444.5,449,7322000,,,
2018-04-06,450,454.5,445.5,448.5,5628000,,,
2018-04-09,442.5,447.5,434.5,441,8687000,,,
2018-04-10,441,467,440,465,11792000,,,
2018-04-11,482.5,489.5,475.5,475.5,10742000,,,
2018-04-12,477.5,479,468,474,6298000,,,
2018-04-13,488,502,483.5,489,13998000,,,
2018-04-16,493.5,498.5,475,483.5,10368000,,,
2018-04-17,480,486.5,461,481.5,10948000,,,
2018-04-18,481,484.5,475.5,481.5,6411000,,,
2018-04-19,488.5,511,485,504,11607000,,,
2018-04-20,500,511,495.5,508,8512000,,,
2018-04-23,505,507,489.5,492,10053000,,,
2018-04-24,487,493.5,478,492.5,6913000,,,
2018-04-25,480,486,475,482,6193000,,,
2018-04-26,485,485,467.5,470,8332000,,,
2018-04-27,470,470.5,461,465.5,9181000,,,
2018-05-01,463.5,471,462.5,467,4686000,,,
2018-05-02,464.5,480.5,462.5,476,6086000,,,
2018-05-07,480,482,471.5,481.5,4572000,,,
2018-05-08,476,478.5,467.5,469,7719000,,,
2018-05-09,465,470.5,458.5,469.5,8823000,,,
2018-05-10,479.5,502,478.5,484,16288000,,,
2018-05-11,491,506,489,502,8889000,,,
2018-05-14,509,513,497,498.5,4873000,,,
2018-05-15,501,513,499.5,508,6761000,,,
2018-05-16,507,514,504,509,4334000,,,
2018-05-17,516,540,516,537,14123000,,,
2018-05-18,538,560,538,553,12509000,,,
2018-05-21,544,551,533,542,7127000,,,
2018-05-22,540,543,523,532,8407000,,,
2018-05-23,532,533,513,515,8245000,,,
2018-05-24,513,513,490.5,494,12441000,,,
2018-05-25,492.5,498.5,482,497.5,8046000,,,
2018-05-28,498.5,499,487,488.5,7627000,,,
2018-05-29,482.5,486,472.5,478.5,7364000,,,
2018-05-30,468,478,463,471,7614000,,,
2018-05-31,477.5,484.5,469,477,7631000,,,
2018-06-01,478.5,485,468,479.5,6638000,,,
2018-06-04,484,495,483,489.5,5823000,,,
2018-06-05,494,494,487,492.5,4474000,,,
2018-06-06,502,514,501,507,8841000,,,
2018-06-07,517,524,510,513,6226000,,,
2018-06-08,518,530,515,518,8376000,,,
2018-06-11,511,514,503,511,4789000,,,
2018-06-12,509,511,495,500,9047000,,,
2018-06-13,496,509,492.5,504,5349000,,,
2018-06-14,501,504,496.5,500,4311000,,,
2018-06-15,505,519,497,515,7058000,,,
2018-06-18,506,508,475,481,13011000,,,
2018-06-19,472,480,461.5,464,12056000,,,
2018-06-20,459.5,462.5,446,461.5,9857000,,,
2018-06-21,458.5,470.5,454.5,466.5,7620000,,,
2018-06-22,459,470.5,455,469,6754000,,,
2018-06-25,469,473.5,460,462.5,7928000,,,
2018-06-26,452.5,469.5,450,465,5846000,,,
2018-06-27,465,469.5,456.5,460,6179000,,,
2018-06-28,463,466.5,456.5,465,5743000,,,
2018-06-29,464.5,472,461,471.5,5516000,,,
2018-07-02,471.5,474.5,461,462.5,5561000,,,
2018-07-03,456.5,457,430.5,439,12917000,,,
2018-07-04,432,438.5,423.5,425,12120000,,,
2018-07-05,415.5,420,404,408,15354000,,,
2018-07-06,409,416.5,406,413.5,12127000,,,
2018-07-09,419,428.5,412,426.5,8502000,,,
2018-07-10,433.5,435.5,428.5,431.5,6754000,,,
2018-07-11,424.5,428,418.5,422.5,10745000,,,
2018-07-12,415.5,425,406.5,415.5,10954000,,,
2018-07-13,422.5,428.5,419,423.5,7904000,,,
2018-07-17,426,430,420.5,425,6116000,,,
2018-07-18,427.5,428,420.5,422,6530000,,,
2018-07-19,421,427.5,419,424.5,6772000,,,
2018-07-20,417.5,424,413.5,417,7830000,,,
2018-07-23,414,425.5,411.5,422,5767000,,,
2018-07-24,426,435,425.5,433,5625000,,,
2018-07-25,441.5,448,436.5,438.5,7701000,,,
2018-07-26,445,448,439.5,440,4574000,,,
2018-07-27,440,444,439,444,4008000,,,
2018-07-30,446.5,447,441,442,2647000,,,
2018-07-31,446,448.5,440.5,441.5,5528000,,,
2018-08-01,446,450.5,445,447,5633000,,,
2018-08-02,440,444,431,433,8593000,,,
2018-08-03,431,436.5,428.5,433.5,4773000,,,
2018-08-06,433,434.5,426,430,4282000,,,
2018-08-07,427.5,431.5,424,430,4664000,,,
2018-08-08,429,442,429,434.5,6170000,,,
2018-08-09,429,429.5,419.5,426,6060000,,,
2018-08-10,430,430,416,418.5,4990000,,,
2018-08-13,355.5,363,348.5,359.5,31306000,,,
2018-08-14,365,371.5,363,365,10867000,,,
2018-08-15,360,360,340,344,15077000,,,
2018-08-16,328,335.5,326.5,328.5,15370000,,,
2018-08-17,328.5,333,324.5,326,13977000,,,
2018-08-20,324,325,309,310,15116000,,,
2018-08-21,305,317,302.5,314.5,12707000,,,
2018-08-22,308.5,324.5,305,322.5,13060000,,,
2018-08-23,319,320.5,309,310,13753000,,,
2018-08-24,308,309,302,305.5,13651000,,,
2018-08-27,309,318,308.5,315.5,11205000,,,
2018-08-28,325,326.5,317.5,319,9411000,,,
2018-08-29,313.5,329.5,313.5,327,9687000,,,
2018-08-30,332,336,327.5,331,10229000,,,
2018-08-31,323,324,318,318.5,10803000,,,
2018-09-03,317,321,314,318,6959000,,,
2018-09-04,318,321,315.5,317.5,7267000,,,
2018-09-05,310,314.5,303,306,10335000,,,
2018-09-06,305,308.5,300,301.5,9471000,,,
2018-09-07,298.7,298.7,287.8,289.7,19287000,,,
2018-09-10,290.2,297.1,289.4,290.1,11008000,,,
2018-09-11,290,291.1,286.6,289.1,6500000,,,
2018-09-12,286.8,287.3,277.8,281,11674000,,,
2018-09-13,282.7,291,282.3,287,9560000,,,
2018-09-14,292,304.5,291,303,14289000,,,
2018-09-18,299,306.5,293.4,303.5,12306000,,,
2018-09-19,312.5,313.5,306,308,10638000,,,
2018-09-20,313.5,319,309.5,313,12779000,,,
2018-09-21,320,337,317,331.5,19165000,,,
2018-09-25,328.5,334,315.5,321.5,15605000,,,
2018-09-26,323.5,332,318,331.5,15247000,,,
2018-09-27,330.5,331,323,324,10400000,,,
2018-09-28,329.5,331,326,329,6987000,,,
2018-10-01,333,341.5,325,341,13471000,,,
2018-10-02,345,349.5,335,336,13360000,,,
2018-10-03,340,345.5,337,338,11206000,,,
2018-10-04,348,352,344,345,11361000,,,
2018-10-05,338.5,343,333,334.5,9097000,,,
2018-10-09,325.5,326.5,309,315,14164000,,,
2018-10-10,322,324.5,313,318,7602000,,,
2018-10-11,298.6,305.5,298.2,302.5,12748000,,,
2018-10-12,305,319,303.5,318,12622000,,,
2018-10-15,314,325,311.5,317.5,6744000,,,
2018-10-16,320.5,328,320,328,8411000,,,
2018-10-17,335,335.5,327.5,329.5,7815000,,,
2018-10-18,329.5,332,320.5,321,7140000,,,
2018-10-19,316.5,322,313,320,6857000,,,
2018-10-22,315,327,315,325,5474000,,,
2018-10-23,323,323.5,315,316.5,4310000,,,
2018-10-24,311,312,304,306.5,8864000,,,
2018-10-25,295.5,297.4,289.3,291.3,10865000,,,
2018-10-26,295.2,302,288,291.9,10056000,,,
2018-10-29,295.8,307,295.8,305,10350000,,,
2018-10-30,299.1,314.5,298.2,312,8651000,,,
2018-10-31,315.5,320.5,313,319.5,7926000,,,
2018-11-01,319.5,323,314,317.5,7047000,,,
2018-11-02,324.5,329.5,314.5,326.5,11381000,,,
2018-11-05,325,334,321.5,327.5,8221000,,,
2018-11-06,326,332,324.5,325.5,5668000,,,
2018-11-07,322.5,324,314.5,316,9444000,,,
2018-11-08,323,330,319,322,9065000,,,
2018-11-09,317,317.5,309.5,315.5,10043000,,,
2018-11-12,264.5,274.5,255,258.7,47184000,,,
2018-11-13,248.9,249,234.1,241.6,31268000,,,
2018-11-14,240.4,245.5,237.4,242.1,14209000,,,
2018-11-15,241.1,248.5,240,244.6,12138000,,,
2018-11-16,246.1,248.8,240.1,240.9,11046000,,,
2018-11-19,239.1,243.8,237.2,239.4,9092000,,,
2018-11-20,237,241.4,235.1,240.1,7832000,,,
2018-11-21,235.1,239.2,231.8,237.3,10917000,,,
2018-11-22,238.9,246.1,238,241.8,8086000,,,
2018-11-26,241,249.1,240.9,247.9,8537000,,,
2018-11-27,249.2,250,244.2,249.7,8723000,,,
2018-11-28,249.1,256.5,248.1,256,8822000,,,
2018-11-29,258.2,259.8,254.2,257.4,6016000,,,
2018-11-30,256.3,260.3,255.6,259.3,5768000,,,
2018-12-03,263.8,270.5,262.5,269.7,10870000,,,
2018-12-04,264.7,268.7,260,262.7,9398000,,,
2018-12-05,259.6,264.5,257.9,259.6,7197000,,,
2018-12-06,256.1,257.5,248,251.1,8338000,,,
2018-12-07,254.1,254.5,240.3,244.1,10320000,,,
2018-12-10,242,244.8,238,242.3,9263000,,,
2018-12-11,240,241.9,230.8,233.4,9922000,,,
2018-12-12,234.9,240.7,231.4,238.3,8852000,,,
2018-12-13,241.7,246,239.5,243.3,6855000,,,
2018-12-14,241.4,242.4,232.4,235,10825000,,,
2018-12-17,235,240.4,233.5,234.4,9231000,,,
2018-12-18,231,236.7,226.3,234.7,10752000,,,
2018-12-19,235.1,240.5,232.5,235.1,8084000,,,
2018-12-20,230.9,235.5,223.9,226.5,9999000,,,
2018-12-21,223.3,226.2,216.1,217.6,15739000,,,
2018-12-25,205,209.5,200.8,207.3,11892000,,,
2018-12-26,209.3,214.2,206.1,210.5,9329000,,,
2018-12-27,222.8,225.9,220.3,221.3,10781000,,,
2018-12-28,219.6,231.4,219.6,227.7,12594000,,,
2019-01-04,225,225,211.3,219.6,14119000,,,
2019-01-07,232.3,239,228.7,229.7,14793000,,,
2019-01-08,235,238.5,232.6,235.8,11664000,,,
2019-01-09,238.7,240,234.9,239.2,7089000,,,
2019-01-10,235.4,236.6,230.5,232.4,11123000,,,
2019-01-11,234,240,233.7,238.5,7366000,,,
2019-01-15,236.3,241.5,235,239.9,8415000,,,
2019-01-16,240.9,243.1,235.3,237.1,6177000,,,
2019-01-17,240,243.2,238.4,240,7840000,,,
2019-01-18,243,249.8,242.8,248.9,12354000,,,
2019-01-21,253.6,256.2,251.8,253.7,8744000,,,
2019-01-22,254.9,255,246.6,247.5,9234000,,,
2019-01-23,243.3,246.8,240.7,243.7,6135000,,,
2019-01-24,242,250.2,241.6,249.7,5698000,,,
2019-01-25,252.2,258.4,252.2,256.1,10241000,,,
2019-01-28,258.7,259.4,252.7,253.5,5811000,,,
2019-01-29,249.9,250.5,246.3,249.9,6801000,,,
2019-01-30,254.5,255.1,245.9,248.7,7904000,,,
2019-01-31,257.5,263.4,254.8,255.3,12270000,,,
2019-02-01,255.1,255.1,248.8,250.5,8313000,,,
2019-02-04,249.4,256.4,249.4,255.5,7959000,,,
2019-02-05,255.6,259.6,254.3,256.9,6165000,,,
2019-02-06,255.1,255.7,250.7,254.2,6904000,,,
2019-02-07,253.7,258.6,250.9,258,8831000,,,
2019-02-08,252.5,252.5,241,243.8,12431000,,,
2019-02-12,237.5,254.8,229.3,253.9,22085000,,,
2019-02-13,256.5,266.2,253,265.7,17296000,,,
2019-02-14,265.5,269.2,259.8,265.2,10854000,,,
2019-02-15,260.5,260.8,255.1,256,10263000,,,
2019-02-18,265.9,266.9,261.8,265.9,8354000,,,
2019-02-19,264.5,267.4,263.5,265.8,6248000,,,
2019-02-20,270.5,272,267.9,268.5,7228000,,,
2019-02-21,273,274.4,268.7,271.8,8004000,,,
2019-02-22,267.9,269.7,261.7,269,7419000,,,
2019-02-25,274,274.2,271.6,272.1,4592000,,,
2019-02-26,274.7,280.4,273.4,275.8,9994000,,,
2019-02-27,278.3,280.1,276,279.2,6590000,,,
2019-02-28,276.8,277.7,269.7,270,12230000,,,
2019-03-01,270,275.8,268.9,273.5,8200000,,,
2019-03-04,276.9,285.2,276.9,283.6,13463000,,,
2019-03-05,279.5,280.9,273.5,274.9,10338000,,,
2019-03-06,274.9,277.8,274.1,277.1,4292000,,,
2019-03-07,270.5,270.6,261.9,263.8,11220000,,,
2019-03-08,261.7,262.2,252,253.2,9909000,,,
2019-03-11,253.4,256.9,249.9,256.9,6232000,,,
2019-03-12,264.7,267.8,262.3,265.3,8257000,,,
2019-03-13,266.5,268,259.5,262,4978000,,,
2019-03-14,266.9,271.2,264,264.8,7758000,,,
2019-03-15,264.9,268.3,263.9,264.6,5178000,,,
2019-03-18,267.1,275,266.4,274.3,9472000,,,
2019-03-19,271.5,278,271.1,276.7,6553000,,,
2019-03-20,282.9,290.7,282.6,288,14933000,,,
2019-03-22,290.6,294.4,289.8,293.4,9783000,,,
2019-03-25,285.5,285.6,276.8,281.1,12157000,,,
2019-03-26,285.7,290.6,281.8,289.6,8328000,,,
2019-03-27,286.8,288.9,283.3,287.8,8487000,,,
2019-03-28,283.1,284.9,278.9,284.6,6571000,,,
2019-03-29,288,288.7,281,283.9,7519000,,,
2019-04-01,288.9,296.6,288.8,291.3,10424000,,,
2019-04-02,303.5,307,300.5,302,14274000,,,
2019-04-03,300.5,311,300.5,307.5,9176000,,,
2019-04-04,312.5,320,310.5,311,11604000,,,
2019-04-05,310.5,316,306,308.5,9275000,,,
2019-04-08,313.5,314.5,304,304.5,6591000,,,
2019-04-09,301,303,298.5,302.5,7854000,,,
2019-04-10,296.2,302,292.8,301.5,8364000,,,
2019-04-11,300.5,302,294.1,295.2,6220000,,,
2019-04-12,294.7,297.8,291.9,294.6,4936000,,,
2019-04-15,305,307,301,304,6811000,,,
2019-04-16,300,304.5,296.7,300.5,5739000,,,
2019-04-17,303,307.5,301.5,302.5,6563000,,,
2019-04-18,310.5,312,302.5,304,7005000,,,
2019-04-19,308,310.5,304.5,310,6185000,,,
2019-04-22,311,314,304.5,313,7476000,,,
2019-04-23,312.5,312.5,303,305,6488000,,,
2019-04-24,305.5,306.5,295.9,297.9,9016000,,,
2019-04-25,296.6,296.6,289.5,291.8,11347000,,,
2019-04-26,283.6,288,279.3,287.6,9354000,,,
2019-05-07,280.3,280.9,272.1,273.2,14392000,,,
2019-05-08,258.2,261.3,252.7,255.6,18502000,,,
2019-05-09,251.4,254.1,246.1,247,19813000,,,
2019-05-10,267,268.7,254.8,260.8,29309000,,,
2019-05-13,257.3,263.5,256.3,258,12715000,,,
2019-05-14,245.1,263.2,243.6,262.8,18606000,,,
2019-05-15,262.8,262.8,253.6,262.3,13777000,,,
2019-05-16,258.7,261.7,256.8,257.7,9175000,,,
2019-05-17,254.5,257.3,248.8,255.6,16190000,,,
2019-05-20,256,258.6,244.6,246,11977000,,,
2019-05-21,239.7,242.2,233.1,236.8,20033000,,,
2019-05-22,240.7,241.7,237,237.3,11149000,,,
2019-05-23,229.1,232.2,224.5,225.5,18343000,,,
2019-05-24,221.2,222.6,217,221.7,16245000,,,
2019-05-27,220.6,222.3,217.8,218.2,10376000,,,
2019-05-28,219.7,221,216.6,219.2,9237000,,,
2019-05-29,217,222.7,214.6,222.3,12634000,,,
2019-05-30,222.6,229.8,221.5,229.5,14063000,,,
2019-05-31,227.5,232.5,225.3,230,15228000,,,
2019-06-03,225,230.7,225,226.9,11317000,,,
2019-06-04,230.8,235.2,229,235,16079000,,,
2019-06-05,240.9,243.5,238,241.6,11207000,,,
2019-06-06,236.6,241.5,235.4,240,8274000,,,
2019-06-07,240.2,244.9,240.1,242.7,9807000,,,
2019-06-10,246,248,243.5,244.2,6762000,,,
2019-06-11,243.2,248.5,242.6,247.2,7922000,,,
2019-06-12,249.5,249.9,246.3,247.1,8744000,,,
2019-06-13,244.1,248.7,243.2,246,9204000,,,
2019-06-14,250,252.1,248.6,249.1,9423000,,,
2019-06-17,246.2,248,241.7,243.2,8628000,,,
2019-06-18,241.1,245.9,240.1,241.6,6645000,,,
2019-06-19,251,258.8,251,254.8,13071000,,,
2019-06-20,255.9,256.3,247.3,254.5,9980000,,,
2019-06-21,258.5,259.4,255.6,256.8,7435000,,,
2019-06-24,255.2,258.1,254.2,255.4,3186000,,,
2019-06-25,258,260.7,254.9,256.2,5611000,,,
2019-06-26,255.3,259.4,255.2,255.7,6855000,,,
2019-06-27,261.3,263,258.9,261.1,6151000,,,
2019-06-28,259.9,260.3,256.3,257.6,7418000,,,
2019-07-01,265,265,258,263,9688000,,,
2019-07-02,258.2,260.1,255.5,258.9,7481000,,,
2019-07-03,252.5,253.4,245.7,248.8,13313000,,,
2019-07-04,249.7,252.3,247.8,250.9,6574000,,,
2019-07-05,251.3,260.2,251,257.3,11309000,,,
2019-07-08,254.8,254.9,251,253.4,6537000,,,
2019-07-09,252.1,252.5,246.8,249.3,8643000,,,
2019-07-10,246.9,246.9,242.1,242.8,10992000,,,
2019-07-11,241,245.8,240.2,244.6,7638000,,,
2019-07-12,245.8,249.9,243.9,248.8,9658000,,,
2019-07-16,249.8,255.1,248.9,254.5,9722000,,,
2019-07-17,253.5,261.1,252.8,258.6,9321000,,,
2019-07-18,256.1,257.7,249.3,250.5,7683000,,,
2019-07-19,250.3,259.3,249.2,257.5,8150000,,,
2019-07-22,259.6,261.5,252,253.9,7185000,,,
2019-07-23,250.8,256.2,246.6,255.1,8765000,,,
2019-07-24,255.1,260.6,255,256,7350000,,,
2019-07-25,259.7,259.7,254.1,255.8,4593000,,,
2019-07-26,252.3,253.3,247.8,248.8,6864000,,,
2019-07-29,248.6,248.7,242.2,246.2,5080000,,,
2019-07-30,246.3,250.7,246,248,4286000,,,
2019-07-31,248.5,253.6,247,253.2,9170000,,,
2019-08-01,249.3,257.8,248.1,255.1,6810000,,,
2019-08-02,246,247.3,237.9,238.3,13041000,,,
2019-08-05,234.5,236.5,229.1,233.7,7631000,,,
2019-08-06,223.7,237.6,222.2,236.2,8237000,,,
2019-08-07,233.7,237.5,229.7,231,7739000,,,
2019-08-08,229.8,231.9,226.4,229.9,6941000,,,
2019-08-09,227.7,233.2,222.3,223.8,13332000,,,
2019-08-13,219.2,219.3,213.3,216.4,9807000,,,
2019-08-14,222.3,224.7,217,221.4,7027000,,,
2019-08-15,212,218.9,209.5,217.4,7866000,,,
2019-08-16,215.7,218.7,214.6,218.2,5638000,,,
2019-08-19,219.5,221.1,216.4,216.5,4411000,,,
2019-08-20,218.2,219.1,216.8,219,7494000,,,
2019-08-21,216.5,218.2,213.5,214.9,7456000,,,
2019-08-22,215.4,216.8,213.8,215.6,6228000,,,
2019-08-23,216.5,217.1,214.2,215.8,4156000,,,
2019-08-26,209.1,212.9,208.2,210.9,6093000,,,
2019-08-27,211.7,218.1,211.4,214.5,8148000,,,
2019-08-28,214.5,215.5,210.5,211,5142000,,,
2019-08-29,213.4,216.4,212.7,214.6,8497000,,,
2019-08-30,218.1,224.2,218,222.9,9893000,,,
2019-09-02,222.1,225.4,220,224,5657000,,,
2019-09-03,224.2,228.3,224,226.8,4806000,,,
2019-09-04,225,226,223.1,225.6,3559000,,,
2019-09-05,230,237.4,230,235,11082000,,,
2019-09-06,235.2,236.8,230.9,235.8,8178000,,,
2019-09-09,236,237.4,234.3,236.6,3570000,,,
2019-09-10,241.5,244.5,241.1,243.3,7145000,,,
2019-09-11,248.8,251.5,247.1,249.8,7581000,,,
2019-09-12,254.2,258,251.7,255.8,9321000,,,
2019-09-13,257.8,261.8,253.2,261.3,9449000,,,
2019-09-17,258.3,265.5,258.3,261.3,7048000,,,
2019-09-18,258,259.6,253.7,259,9557000,,,
2019-09-19,258.9,262.7,257.7,258.2,5282000,,,
2019-09-20,257.7,258.4,254.7,255.9,6088000,,,
2019-09-24,255.5,257.7,253,253.9,5285000,,,
2019-09-25,251.6,253.6,249,252.7,4726000,,,
2019-09-26,256.7,261.1,256.1,258.5,8616000,,,
2019-09-27,257,259.5,251.6,255.2,5428000,,,
2019-09-30,254.9,257.9,252.9,255.3,4643000,,,
2019-10-01,255.6,261.2,254.6,258,6350000,,,
2019-10-02,253,256.7,251.1,256.5,5118000,,,
2019-10-03,251.8,255.5,251.6,254.2,5574000,,,
2019-10-04,253.1,253.9,249.2,253.2,6407000,,,
2019-10-07,257.2,258.1,250.4,251.3,4118000,,,
2019-10-08,252.8,257.8,252.8,256.5,6161000,,,
2019-10-09,252.5,253.8,249.7,253.6,4653000,,,
2019-10-10,253.6,255.4,250.2,255,3710000,,,
2019-10-11,260.6,266,259.7,265.2,10570000,,,
2019-10-15,274,276,271.1,271.3,8652000,,,
2019-10-16,272.8,276.5,269.9,270.1,9703000,,,
2019-10-17,269.7,271.2,267.3,270.3,4461000,,,
2019-10-18,271.4,278.6,271.4,276.6,10497000,,,
2019-10-21,276.6,282.8,275.2,281.5,11495000,,,
2019-10-23,281.8,286,280.1,284.5,7110000,,,
2019-10-24,287.3,296.5,287.3,292.9,9413000,,,
2019-10-25,295.3,302.5,294.3,302.5,10105000,,,
2019-10-28,311,315.5,307.5,309,10440000,,,
2019-10-29,311,317.5,310,317.5,6693000,,,
2019-10-30,313,313.5,304.5,305,8765000,,,
2019-10-31,308,308.5,303,306.5,5691000,,,
2019-11-01,296,304,294,303.5,6606000,,,
2019-11-05,312,317.5,310.5,316,9440000,,,
2019-11-06,318,324.5,316.5,324,6144000,,,
2019-11-07,320,323.5,317.5,320.5,6400000,,,
2019-11-08,327,329.5,322.5,327,7180000,,,
2019-11-11,324,327,316.5,317.5,9048000,,,
2019-11-12,276.5,279.8,270.6,275.6,39645000,,,
2019-11-13,275.1,276.8,266.7,271.6,19031000,,,
2019-11-14,273.7,276.6,269.8,270.6,9564000,,,
2019-11-15,270.7,274.6,269.6,272.4,6110000,,,
2019-11-18,272.9,274,270.3,271.4,6498000,,,
2019-11-19,269.8,273.3,268.3,272.5,7457000,,,
2019-11-20,270.6,276,270.6,273.3,8780000,,,
2019-11-21,271.9,273.5,267.5,268.4,10487000,,,
2019-11-22,268.4,273.8,268.1,271,5823000,,,
2019-11-25,274.6,278.7,273.6,277.2,7640000,,,
2019-11-26,282.2,285.5,279.5,279.6,9701000,,,
2019-11-27,282,284,278.5,278.7,6886000,,,
2019-11-28,279.2,281.7,277.2,277.4,7249000,,,
2019-11-29,278.1,278.5,274.1,275.1,5411000,,,
2019-12-02,274,276.6,273.1,276.1,3539000,,,
2019-12-03,271.7,273.4,269.7,272.9,5542000,,,
2019-12-04,270.7,271.2,267.4,269.7,5928000,,,
2019-12-05,275,276.7,272.4,273.3,6407000,,,
2019-12-06,275,277.4,274,275.5,6572000,,,
2019-12-09,280.1,286.2,278.9,282.1,7580000,,,
2019-12-10,282.8,288,281.9,285.2,8624000,,,
2019-12-11,289,290.6,286,290,7861000,,,
2019-12-12,295,295.7,290.2,292,8313000,,,
2019-12-13,297,298.8,293.4,293.5,10647000,,,
2019-12-16,295.9,295.9,289.3,289.6,5340000,,,
2019-12-17,289.4,290.8,287.1,288.2,5003000,,,
2019-12-18,288,290.6,287.1,289,4657000,,,
2019-12-19,285.7,285.8,281.6,283.4,6698000,,,
2019-12-20,283.5,286.4,283.5,283.8,4533000,,,
2019-12-23,284.7,285.1,280,281.7,5746000,,,
2019-12-24,281.6,282,279.1,279.6,3906000,,,
2019-12-25,283,285.9,281.5,283.8,7260000,,,
2019-12-26,282,288.4,282,287.2,7016000,,,
2019-12-27,289.3,298.5,288.8,297.1,11050000,,,
2019-12-30,296.1,296.1,289,292.4,6166000,,,
2020-01-06,288,291.3,285.1,291.3,6961000,,,
2020-01-07,291.2,295.2,289.2,291.8,5637000,,,
2020-01-08,287.5,287.6,279.1,284.1,8600000,,,
2020-01-09,290,290.1,286.5,289.1,5281000,,,
2020-01-10,287.3,287.3,282.4,284,6973000,,,
2020-01-14,287.8,292.5,286,291,7153000,,,
2020-01-15,290,290,280.2,282.7,10557000,,,
2020-01-16,283.2,283.5,279.6,283,4583000,,,
2020-01-17,284.9,286.5,282.6,285.5,5763000,,,
2020-01-20,285.6,290.8,285.6,290.7,6226000,,,
2020-01-21,288,290.2,283.7,284.5,5406000,,,
2020-01-22,280.1,281,275.7,280.9,7956000,,,
2020-01-23,276.1,276.2,269.5,271.3,11679000,,,
2020-01-24,270.2,273.2,267.7,271.1,5061000,,,
2020-01-27,263,265.1,260.7,263.1,8865000,,,
2020-01-28,258.6,264.9,257.2,264.9,6839000,,,
2020-01-29,265.2,268.8,262.6,265.6,7832000,,,
2020-01-30,264.9,264.9,258.3,260.5,5994000,,,
2020-01-31,260.7,265.8,260.1,263.4,4750000,,,
2020-02-03,253.5,260.7,252,259.2,5797000,,,
2020-02-04,259.2,263.7,257.9,261.5,4510000,,,
2020-02-05,269,269.4,264,265.2,4844000,,,
2020-02-06,269.6,272.8,267.5,269.8,6956000,,,
2020-02-07,269.8,270.7,267.7,268.9,3366000,,,
2020-02-10,263.9,265.9,262.4,264.4,6412000,,,
2020-02-12,264.6,269.8,263.6,267.5,7636000,,,
2020-02-13,284.9,294.7,283.9,284.6,21489000,,,
2020-02-14,283,287.3,282.2,285.7,10115000,,,
2020-02-17,284.1,290.4,282.5,289.9,8229000,,,
2020-02-18,286.3,288,279.3,285,7319000,,,
2020-02-19,287,287.5,280.5,284.3,5930000,,,
2020-02-20,293.2,296.8,290.2,292.1,9682000,,,
2020-02-21,295.7,305,295.4,299,10510000,,,
2020-02-25,284,288,281.6,287.3,10799000,,,
2020-02-26,282.5,282.5,273.3,281,12695000,,,
2020-02-27,278.5,279,265.2,267.2,15507000,,,
2020-02-28,257.2,259.8,253,258.9,12692000,,,
2020-03-02,253.2,259.3,242.6,254.7,16439000,,,
2020-03-03,260.4,261.1,244.9,245.2,16170000,,,
2020-03-04,241.7,246.4,240.6,243.7,9930000,,,
2020-03-05,246.7,249.9,240.2,243.3,8582000,,,
2020-03-06,238.3,238.3,230.3,232.5,11172000,,,
2020-03-09,220,220.6,210.7,212,17050000,,,
2020-03-10,202,219.1,198.3,214.3,15931000,,,
2020-03-11,211.3,215.2,205.6,205.7,15305000,,,
2020-03-12,197.1,199.8,187.4,189.9,20759000,,,
2020-03-13,171.1,182,170.5,175.4,22664000,,,
2020-03-16,179.4,182.4,166.9,167.1,12436000,,,
2020-03-17,163.7,171.8,159.5,169.9,15040000,,,
2020-03-18,171.1,171.7,160.3,160.4,17193000,,,
2020-03-19,162.6,164.5,152.2,155.3,16871000,,,
2020-03-23,156.1,161,151.1,160.4,12791000,,,
2020-03-24,168.4,180.3,167.4,179.6,15460000,,,
2020-03-25,199.6,199.6,184.3,190.5,16951000,,,
2020-03-26,187.2,192,184.9,185.6,9309000,,,
2020-03-27,186.8,193.8,182.2,188.8,15739000,,,
2020-03-30,175,182.7,173.8,180.3,9880000,,,
2020-03-31,179,186.9,177.3,180.7,7355000,,,
2020-04-01,179.6,179.9,170,171.5,8099000,,,
2020-04-02,168.7,174,166.3,169.2,6473000,,,
2020-04-03,172.8,177.5,167.8,170.9,6372000,,,
2020-04-06,169.1,181.3,165.7,179.9,7245000,,,
2020-04-07,187.1,189.5,179.9,185.3,9161000,,,
2020-04-08,184.2,185.7,177.7,183.5,7519000,,,
2020-04-09,183.8,187.3,181.2,186.6,8260000,,,
2020-04-10,191.1,196.2,186.3,189,8303000,,,
2020-04-13,186.9,189.3,183.6,184.1,5516000,,,
2020-04-14,186.8,190.5,183.6,189.3,7336000,,,
2020-04-15,187.7,190.4,184.8,188.5,8876000,,,
2020-04-16,184.5,185,179.7,181.3,10287000,,,
2020-04-17,187.2,191.4,186.4,190.8,11319000,,,
2020-04-20,187,190.4,186.4,190.2,6201000,,,
2020-04-21,189.9,190.7,184.6,186.2,9479000,,,
2020-04-22,183.8,185.9,181.2,183,10099000,,,
2020-04-23,184.2,190.5,184.2,190.4,6690000,,,
2020-04-24,191.2,191.5,186.4,187.2,4981000,,,
2020-04-27,190.5,199.7,189.8,198.3,12651000,,,
2020-04-28,200.9,201.9,195.6,197.7,6259000,,,
2020-04-30,203.8,208.7,203.4,205,8201000,,,
2020-05-01,201.3,202.8,198,201.2,7488000,,,
2020-05-07,197.2,201.6,196.5,199.1,5736000,,,
2020-05-08,204.5,210.6,203.3,207.1,11290000,,,
2020-05-11,210.6,216.9,210.4,213.9,9103000,,,
2020-05-12,211,212.3,207.8,211.2,5555000,,,
2020-05-13,204.2,209.1,201.3,208.3,8139000,,,
2020-05-14,205.6,207,202.3,203.1,5737000,,,
2020-05-15,206.7,206.7,199.5,202.6,5581000,,,
2020-05-18,206.2,206.2,198.7,203,3277000,,,
2020-05-19,212,214.6,209.3,209.8,8450000,,,
2020-05-20,212.4,214.8,209.2,213.3,6041000,,,
2020-05-21,216.2,218.4,215.1,216.1,7562000,,,
2020-05-22,217.4,219.7,211.4,213,5923000,,,
2020-05-25,219.8,221.4,216.5,219.2,7866000,,,
2020-05-26,223.8,231.3,223.5,227.3,10824000,,,
2020-05-27,230.6,241.7,230,237.2,12207000,,,
2020-05-28,244.5,247.4,232,237.9,10918000,,,
2020-05-29,232.9,235,229.5,232.2,9791000,,,
2020-06-01,227,228.9,220.7,224.9,15921000,,,
2020-06-02,230.1,236.4,228.3,233.7,11775000,,,
2020-06-03,240.8,243.5,235.2,237.9,9496000,,,
2020-06-04,244.5,245.2,237.3,240.1,9811000,,,
2020-06-05,241.7,242.8,238.2,242.6,6112000,,,
2020-06-08,247.6,250.3,245.2,248.1,5739000,,,
2020-06-09,248.3,248.3,240.9,245.6,5633000,,,
2020-06-10,237.9,241,235.5,240,10326000,,,
2020-06-11,236,237.6,232.1,232.1,6912000,,,
2020-06-12,220.1,225.9,215.4,224.7,14056000,,,
2020-06-15,224.3,225.9,220.1,220.5,5522000,,,
2020-06-16,225.5,238.5,225.5,235.5,10619000,,,
2020-06-17,237.5,239.2,233.1,236,5928000,,,
2020-06-18,231,232.8,226.8,232.1,6514000,,,
2020-06-19,232.4,232.8,229.3,231.5,4014000,,,
2020-06-22,228.6,229.7,224.6,226.8,7779000,,,
2020-06-23,231,232.3,226.3,227.7,7153000,,,
2020-06-24,226.2,227.8,223.2,224.5,5188000,,,
2020-06-25,220.5,220.5,215.3,218,9477000,,,
2020-06-26,222.3,223.7,219,220.9,4937000,,,
2020-06-29,215.9,220.5,213.9,217.5,5005000,,,
2020-06-30,222.1,223.6,218.5,218.8,4589000,,,
2020-07-01,220.6,221.9,215.2,217.8,4730000,,,
2020-07-02,215,218.1,210.7,216.4,7208000,,,
2020-07-03,217.5,219.7,214.9,217.7,4283000,,,
2020-07-06,215.6,223.7,215,222.8,7321000,,,
2020-07-07,224,224.5,219.5,221.6,4071000,,,
2020-07-08,220.8,223.4,217.9,220.8,3781000,,,
2020-07-09,221.4,229,220.8,226.2,8822000,,,
2020-07-10,227.4,228,223.9,224.5,5343000,,,
2020-07-13,230.6,237.5,230.3,234.8,10490000,,,
2020-07-14,234.7,240.1,233.3,237.3,5949000,,,
2020-07-15,244.2,246,239.3,240.2,6860000,,,
2020-07-16,240.2,242.3,234.8,237.5,6613000,,,
2020-07-17,237.7,238.6,231.5,234,4894000,,,
2020-07-20,235.8,236.7,232.4,234.8,2921000,,,
2020-07-21,233.6,238.1,232.7,237.6,4214000,,,
2020-07-22,238.3,241.5,238.1,238.9,5621000,,,
2020-07-27,233.1,238.1,231.4,237.7,4370000,,,
2020-07-28,238.9,240.6,236.6,237,2876000,,,
2020-07-29,234.2,235.7,232.6,234.6,3293000,,,
2020-07-30,235.2,236.9,228.9,230.9,5236000,,,
2020-07-31,228,228,220.1,220.9,7418000,,,
2020-08-03,225.3,229.2,223.7,225.1,4841000,,,
2020-08-04,226.8,232.4,226.8,231.3,5657000,,,
2020-08-05,230.1,239.9,229.3,239.9,7280000,,,
2020-08-06,239.2,245.6,238.5,243.8,7580000,,,
2020-08-07,241.5,241.7,231.6,233.4,9752000,,,
2020-08-11,263.4,269,260,261,20189000,,,
2020-08-12,263,267.6,261,262.3,10158000,,,
2020-08-13,266.5,267.7,259.6,260.3,6540000,,,
2020-08-14,261,262.5,256.3,258.1,5108000,,,
2020-08-17,259.3,259.3,254.1,255.8,3786000,,,
2020-08-18,257.3,257.5,252.1,254.4,3553000,,,
2020-08-19,253.6,253.8,250.1,252.8,3967000,,,
2020-08-20,250.6,251.9,247.4,249.9,4962000,,,
2020-08-21,251.6,254.1,249.1,250.3,3292000,,,
2020-08-24,250.3,251.2,245.6,249.5,3551000,,,
2020-08-25,255,256.5,252.8,253.9,5067000,,,
2020-08-26,252.2,255.6,251.3,255.3,4109000,,,
2020-08-27,253.2,258.4,250.3,255.9,6126000,,,
2020-08-28,255.9,259.8,249.3,252.3,6775000,,,
2020-08-31,257,258.3,254.6,254.8,3295000,,,
2020-09-01,256,256.8,253.5,256.6,2447000,,,
2020-09-02,257.7,258.9,256,257.9,2982000,,,
2020-09-03,264,267.9,263.7,264.5,9247000,,,
2020-09-04,262.5,268.2,262.2,266.5,5794000,,,
2020-09-07,267.8,272.4,267,271.1,5462000,,,
2020-09-08,276.1,279.2,274,274.5,6419000,,,
2020-09-09,275.5,278.6,270.5,275.5,8657000,,,
2020-09-10,276.7,277.9,272.7,276.5,4146000,,,
2020-09-11,274.9,276,270.9,274.3,7627000,,,
2020-09-14,277,279.4,275.9,276.3,5878000,,,
2020-09-15,275,276.2,270.9,273.7,6968000,,,
2020-09-16,272.8,275.2,272,273.3,2840000,,,
2020-09-17,274.7,274.8,268.5,269.2,3981000,,,
2020-09-18,270.3,270.5,267.1,269,4449000,,,
2020-09-23,264.8,266,261.3,263.9,5614000,,,
2020-09-24,259.2,259.3,253.5,255.2,7565000,,,
2020-09-25,261.9,262,255.4,256.8,3999000,,,
2020-09-28,260.7,261.9,256.9,261.9,5851000,,,
2020-09-29,259.8,264,258.2,259.9,3716000,,,
2020-09-30,260.1,261.8,254.2,254.5,5458000,,,
2020-10-01,#VALUE!,#VALUE!,#VALUE!,#VALUE!,0,,,
2020-10-02,252.1,252.8,239.7,242.4,11479000,,,
2020-10-05,247.4,249.5,245.6,246,4348000,,,
2020-10-06,248.2,252.1,247.3,250.2,5085000,,,
2020-10-07,247.1,254,245,252.8,4854000,,,
2020-10-08,256.3,259.3,253.7,255.4,4963000,,,
2020-10-09,255.4,257,251.9,254,4255000,,,
2020-10-12,252.1,252.1,248.6,251.1,3026000,,,
2020-10-13,251.1,253.9,247.7,253.2,3471000,,,
2020-10-14,253.1,253.1,248.9,250.6,3495000,,,
2020-10-15,253.4,254,249.5,249.8,3206000,,,
2020-10-16,249.9,251.2,245.5,246.9,5269000,,,
2020-10-19,250.6,256.2,250.6,254.4,7292000,,,
2020-10-20,250.9,254.1,249.4,253.7,3871000,,,
2020-10-21,256.6,266.9,256.6,262.7,9720000,,,
2020-10-22,261,269.7,260.8,265.5,7318000,,,
2020-10-23,268.9,272.6,266.4,270.9,7158000,,,
2020-10-26,270.7,276,269.7,274.4,6470000,,,
2020-10-27,278.2,279.8,275.3,276,8329000,,,
2020-10-28,272.6,273.1,266.4,271,6353000,,,
2020-10-29,261.8,269.5,259.6,268.9,6139000,,,
2020-10-30,269.6,270.4,260.1,261.5,5080000,,,
2020-11-02,261.8,266.4,260.3,262.5,3985000,,,
2020-11-04,267.5,272,265.1,268.2,5611000,,,
2020-11-05,266.6,271.2,264.2,269,5244000,,,
2020-11-06,270.2,276,270,273.6,5711000,,,
2020-11-09,279.8,283.5,277.5,281.3,8748000,,,
2020-11-10,308.5,309.5,291.4,296.7,16212000,,,
2020-11-11,300,304.5,295.4,297.3,10490000,,,
2020-11-12,292.3,295,289.3,292.1,7823000,,,
2020-11-13,290,294.9,288.2,294.2,6036000,,,
2020-11-16,302,305.5,301,302,6842000,,,
2020-11-17,305,306,296.1,301.5,4462000,,,
2020-11-18,297,298.2,294.2,297.2,5220000,,,
2020-11-19,295.1,295.1,289.6,292.1,5806000,,,
2020-11-20,289.5,290,286,289,5232000,,,
2020-11-24,296,296.7,289.6,291.4,5524000,,,
2020-11-25,299.6,303.5,294.5,295.7,7087000,,,
2020-11-26,290.7,296.9,288.1,296.1,4853000,,,
2020-11-27,294,304,294,301.5,6105000,,,
2020-11-30,304,306.5,294.9,295.8,6324000,,,
2020-12-01,295.8,301,295.8,297,2437000,,,
2020-12-02,300.5,302.5,298,300,4514000,,,
2020-12-03,303.5,313.5,301,311,9402000,,,
2020-12-04,313,318,310,315,6688000,,,
2020-12-07,320.5,324,312.5,313,7859000,,,
2020-12-08,320,328.5,316.5,320,8502000,,,
2020-12-09,322,337.5,321,333.5,9534000,,,
2020-12-10,360,364,347.5,353.5,24829000,,,
2020-12-11,357.5,359,348,352,10183000,,,
2020-12-14,353,361,351.5,358.5,7453000,,,
2020-12-15,357,360.5,355,356,5160000,,,
2020-12-16,356.5,375.5,356,374,11993000,,,
2020-12-17,381,382,367.5,373.5,8475000,,,
2020-12-18,375,388,373.5,382.5,9491000,,,
2020-12-21,386,390.5,377.5,384.5,7223000,,,
2020-12-22,376,380,362,363,11576000,,,
2020-12-23,363,365.5,352.5,356.5,9196000,,,
2020-12-24,367.5,370.5,363.5,369.5,5896000,,,
2020-12-25,372.5,378,369.5,377.5,5034000,,,
2020-12-28,380,384,376,377.5,4740000,,,
2020-12-29,373.5,381,371.5,380,4850000,,,
2020-12-30,376,381,372.5,378.5,4561000,,,
2021-01-04,377.5,378,366,377.5,6098000,,,
2021-01-05,374.5,380,370.5,374.5,6220000,,,
2021-01-06,380,392,378.5,385,10824000,,,
2021-01-07,392,405.5,391,399.5,15588000,,,
2021-01-08,403.5,409.5,401,409,8584000,,,
2021-01-12,395.5,406.5,392.5,404.5,9154000,,,
2021-01-13,411.5,416.5,407.5,414,7543000,,,
2021-01-14,411.5,413,402.5,405,8743000,,,
2021-01-15,406,409,393.5,394.5,7881000,,,
2021-01-18,383.5,391.5,381,390.5,5894000,,,
2021-01-19,393,402,392,396.5,5237000,,,
2021-01-20,395,401,392.5,398,4463000,,,
2021-01-21,399.5,404.5,391.5,403,7783000,,,
2021-01-22,397,401,395,395,4782000,,,
2021-01-25,400,403.5,398,403.5,5747000,,,
2021-01-26,400,401.5,384,384,9408000,,,
2021-01-27,380,383,374.5,378.5,9252000,,,
2021-01-28,364.5,374,363.5,371.5,9471000,,,
2021-01-29,374,374.5,362,363.5,8994000,,,
2021-02-01,361,377.5,360,376.5,6043000,,,
2021-02-02,383,388.5,380.5,384.5,5556000,2136600000,0,0
2021-02-03,389.5,391.5,382,382.5,5924000,2288475500,0,0
2021-02-04,384.5,389,381,384,4170000,1603082500,0,0
2021-02-05,387,391,379.5,381.5,5051000,1937918500,0,0
2021-02-08,388,401.5,387,398,10509000,4167897000,0,0
2021-02-09,409.5,412.5,389.5,395.5,9439000,3757068500,0,0
2021-02-10,381.5,387.5,371,384.5,18423000,7031553000,0,0
2021-02-12,382,383.5,373,379.5,8684000,3275119000,0,0
2021-02-15,383,383,374.5,376.5,7702000,2909014000,0,0
2021-02-16,380,388,374.5,384.5,9693000,3699055500,0,0
2021-02-17,380,392.5,376.5,391,9296000,3598047500,0,0
2021-02-18,390,393.5,373,373.5,11510000,4353106000,0,0
2021-02-19,371,375,366,368,9917000,3666573000,0,0
2021-02-22,378,391.5,378,388.5,15129000,5852723000,0,0
2021-02-24,389.5,389.5,372,373,9966000,3758589000,0,0
2021-02-25,387,387,378.5,379.5,7295000,2787292000,0,0
2021-02-26,367,377.5,367,371,8798000,3280139000,0,0
2021-03-01,373.5,375,366.5,373,5874000,2176514500,0,0
2021-03-02,377.5,379.5,366,366.5,6711000,2485110500,0,0
2021-03-03,373.5,382,370.5,382,8784000,3327297000,0,0
2021-03-04,373.5,377,360.5,365.5,14024000,5145341500,0,0
2021-03-05,365,365.5,348.5,360.5,12407000,4419576500,0,0
2021-03-08,367,368.5,355.5,356.5,8186000,2951138500,0,0
2021-03-09,360.5,368,357,363,7092000,2569267500,0,0
2021-03-10,359.5,360,352,355,8512000,3024711500,0,0
2021-03-11,350,356,346.5,355.5,10700000,3766628000,0,0
2021-03-12,359.5,363.5,357,362,8318000,2999348000,0,0
2021-03-15,366.5,370,364,366.5,6719000,2464538500,0,0
2021-03-16,368,369,363.5,367,6049000,2219418000,0,0
2021-03-17,364.5,375,364.5,369.5,7398000,2736080500,0,0
2021-03-18,376.5,377,367.5,373.5,6924000,2582612000,0,0
2021-03-19,367,376,365.5,376,6883000,2569527500,0,0
2021-03-22,376,386.5,372,383.5,10868000,4143439000,0,0
2021-03-23,388,389,370,371,11577000,4376712500,0,0
2021-03-24,361,364.5,357,361,8814000,3183174000,0,0
2021-03-25,371,387,370.5,382,19011000,7225445500,0,0
2021-03-26,387,393,382,388.5,14705000,5694557500,0,0
2021-03-29,397.5,401.5,385,389,16387000,6426378500,0,0
2021-03-30,383,393.5,380.5,389.5,9441000,3677418500,0,0
2021-03-31,389,390.5,384,384,7238000,2800368000,0,0
2021-04-01,390.5,391,375.5,377,7258000,2761475000,0,0
2021-04-02,384,386.5,378,385.5,5714000,2188899000,0,0
2021-04-05,385.5,394.5,384.5,394,7665000,2998404500,0,0
2021-04-06,397,401,387.5,393,8081000,3181576000,0,0
2021-04-07,393,402,390.5,397,7571000,2999153000,0,0
2021-04-08,393.5,395,389,394.5,7223000,2832351000,0,0
2021-04-09,394.5,395,388.5,389,7052000,2751208500,0,0
2021-04-12,394,394,378.5,379.5,8414000,3219890500,0,0
2021-04-13,378.5,381,376,377,5270000,1991853000,0,0
2021-04-14,373.5,373.5,364,366.5,8902000,3266737500,0,0
2021-04-15,373,380.5,372,375.5,9924000,3728685500,0,0
2021-04-16,379,379,371.5,373,7278000,2716879000,0,0
2021-04-19,375,377,369.5,372,9648000,3591906000,0,0
2021-04-20,366.5,369.5,364,367.5,8643000,3167445500,0,0
2021-04-21,357,359,349.5,354.5,11104000,3936690000,0,0
2021-04-22,361,362,357.5,359.5,7544000,2707893000,0,0
2021-04-23,355.5,362,355,358.5,4723000,1693459000,0,0
2021-04-26,360.5,367.5,359.5,366,5749000,2092427000,0,0
2021-04-27,368,373,367,369.5,5859000,2167715000,0,0
2021-04-28,365,370.5,363.5,370,3930000,1447469000,0,0
2021-04-30,371.5,377,370,371.5,6994000,2608820500,0,0
2021-05-06,379.5,387.5,376,387.5,13480000,5178148500,0,0
2021-05-07,390.5,400.5,384.5,398,14911000,5883225000,0,0
2021-05-10,401,412.5,401,408,16543000,6740205000,0,0
2021-05-11,402.5,405,383,389.5,16950000,6618790000,0,0
2021-05-12,372,377,344,354,34640000,12279071000,0,0
2021-05-13,350.5,357,342.5,343.5,14739000,5150209000,0,0
2021-05-14,349.5,350.5,338.5,339,11427000,3917540000,0,0
2021-05-17,341.5,342,324,328,13739000,4524790000,0,0
2021-05-18,333.5,340,331.5,336,9550000,3214961500,0,0
2021-05-19,330.5,340.5,329.5,333.5,7203000,2410640500,0,0
2021-05-20,323.5,326,318,320.5,13556000,4346364500,0,0
2021-05-21,321,323,317.5,320.5,6202000,1987752000,0,0
2021-05-24,320.5,324.5,316,316.5,9540000,3043830500,0,0
2021-05-25,320.5,320.5,316,318,8045000,2561456500,0,0
2021-05-26,316,316.5,312,312.5,6666000,2088914500,0,0
2021-05-27,313,315.5,309.5,309.5,6654000,2074388500,0,0
2021-05-28,316.5,321.5,314.5,321,9671000,3083818000,0,0
2021-05-31,322,324,318.5,323.5,5996000,1930759500,0,0
2021-06-01,326.5,329.5,322,322.5,6762000,2190762500,0,0
2021-06-02,323.5,324.5,316,317,9064000,2891351000,0,0
2021-06-03,316,317.5,313.5,316.5,5884000,1855853000,0,0
2021-06-04,317,322,313.5,317,9296000,2955562500,0,0
2021-06-07,317.5,319,315.5,317.5,4903000,1556841500,0,0
2021-06-08,315.5,319,314,317,7181000,2273546000,0,0
2021-06-09,324,328.5,320,320,8015000,2586511500,0,0
2021-06-10,317,321.5,316.5,318,5571000,1774315500,0,0
2021-06-11,317,319.5,315.5,318,6042000,1916523000,0,0
2021-06-14,317,319,313,316,7095000,2239400000,0,0
2021-06-15,316,317.5,313.5,314,4303000,1354506500,0,0
2021-06-16,310,314,309.5,311.5,5128000,1599820000,0,0
2021-06-17,312.5,313,305,309,7266000,2237600500,0,0
2021-06-18,304.5,305,299.6,302,8341000,2519448900,0,0
2021-06-21,293,297,293,295.3,11912000,3509039600,0,0
2021-06-22,305.5,306.5,299.1,301,7665000,2313388900,0,0
2021-06-23,299.8,302.5,296.2,301.5,10884000,3259508100,0,0
2021-06-24,302.5,313,302.5,309.5,8579000,2649873500,0,0
2021-06-25,313,317.5,313,317,5908000,1868404000,0,0
2021-06-28,317.5,319.5,316.5,317.5,4828000,1534063500,0,0
2021-06-29,310.5,313,306,311,6657000,2065246500,0,0
2021-06-30,311,313,307,308,4697000,1448946000,0,0
2021-07-01,311,312,305,306,3975000,1222491000,0,0
2021-07-02,307,309.5,304.5,308.5,3908000,1200727000,0,0
2021-07-05,308.5,310.5,306.5,310,4064000,1254996000,0,0
2021-07-06,311,312.5,308.5,310,4598000,1429066000,0,0
2021-07-07,303.5,307,302,305.5,4916000,1496671500,0,0
2021-07-08,304,307,301.5,301.5,4904000,1486169000,0,0
2021-07-09,296.7,301,294,301,8774000,2610377800,0,0
2021-07-12,305,311,304,305,6484000,1987847000,0,0
2021-07-13,309.5,313,309,311,5327000,1658128000,0,0
2021-07-14,308,310.5,305.5,308.5,3500000,1079562000,0,0
2021-07-15,307,308.5,305.5,306.5,3273000,1005108000,0,0
2021-07-16,309,314,308,311.5,4784000,1490079500,0,0
2021-07-19,306.5,306.5,302,304.5,7232000,2197677500,0,0
2021-07-20,301.5,305,298.1,298.5,9125000,2742323500,0,0
2021-07-21,303.5,304.5,298.6,300.5,5624000,1696137200,0,0
2021-07-26,305.5,306.5,303.5,304.5,5871000,1790851500,0,0
2021-07-27,309.5,316.5,308.5,311.5,7112000,2225172500,0,0
2021-07-28,308.5,314,308.5,310.5,4262000,1326329500,0,0
2021-07-29,312,313.5,310.5,313,3414000,1066216500,0,0
2021-07-30,313.5,315.5,309.5,310.5,5095000,1585181000,0,0
2021-08-02,314.5,316,312.5,314.5,4236000,1333008500,0,0
2021-08-03,310.5,313.5,309.5,312.5,3480000,1084404000,0,0
2021-08-04,314,314.5,309.5,311.5,4087000,1273322500,0,0
2021-08-05,308.5,311.5,306,308.5,4707000,1450433500,0,0
2021-08-06,309.5,312,305.5,308.5,3723000,1147350000,0,0
2021-08-10,335,345,330.5,335.5,36020000,12219219500,0,0
2021-08-11,335.5,351,335.5,346,17228000,5970409500,0,0
2021-08-12,349.5,359.5,349,356.5,13424000,4780340500,0,0
2021-08-13,360,362.5,353,357.5,8221000,2938290000,0,0
2021-08-16,359,359,349.5,353.5,7832000,2765273000,0,0
2021-08-17,354,356.5,344.5,346.5,5597000,1948411500,0,0
2021-08-18,342,346,338.5,343,5491000,1883295500,0,0
2021-08-19,335,335,327,328.5,9481000,3133719500,0,0
2021-08-20,325,326,317.5,320.5,10824000,3469809500,0,0
2021-08-23,322.5,324.5,317,318,5028000,1606547000,0,0
2021-08-24,325,327.5,322,322.5,4729000,1532035000,0,0
2021-08-25,327.5,335.5,327,327.5,7170000,2365620000,0,0
2021-08-26,330,330,320.5,320.5,6463000,2085642500,0,0
2021-08-27,320,323,318,321.5,4204000,1347336000,0,0
2021-08-30,326.5,331,325,331,8959000,2953990500,0,0
2021-08-31,331,336,328.5,334,7629000,2545552000,0,0
2021-09-01,336,338,333.5,337,5751000,1930249000,0,0
2021-09-02,331,331.5,321,327,11902000,3877627000,0,0
2021-09-03,329,339.5,328.5,338.5,10886000,3663600000,0,0
2021-09-06,348.5,351,343,344.5,8708000,3010933000,0,0
2021-09-07,350,354,346.5,352,10149000,3568228000,0,0
2021-09-08,347.5,356,346,355,7519000,2655336000,0,0
2021-09-09,349.5,353,348.5,349.5,5918000,2073692500,0,0
2021-09-10,354,354,348.5,351.5,6872000,2413394000,0,0
2021-09-13,353,360.5,351.5,360,8633000,3087591500,0,0
2021-09-14,362,363.5,356.5,360,6805000,2449637500,0,0
2021-09-15,350.5,352.5,343.5,347,9993000,3474276500,0,0
2021-09-16,351.5,353,342.5,343.5,7420000,2577878000,0,0
2021-09-17,343,344,335,336,10401000,3508811000,0,0
2021-09-21,323.5,329.5,323,328,7837000,2563211500,0,0
2021-09-22,322,322.5,315.5,320,11441000,3652973000,0,0
2021-09-24,330.5,331,325,326,9091000,2975248000,0,0
2021-09-27,326.5,331.5,326.5,328.5,5259000,1727588000,0,0
2021-09-28,331,332.5,325.5,327.5,6233000,2043837000,0,0
2021-09-29,321,324.5,315.5,320,9652000,3083779000,0,0
2021-09-30,320.5,320.5,311.5,313.5,8597000,2706845000,0,0
2021-10-01,308.5,313,305,306.5,9556000,2941265500,0,0
2021-10-04,310.5,312,300,301,9184000,2783151000,0,0
2021-10-05,299.4,305.5,295.6,303,8431000,2536493600,0,0
2021-10-06,307.5,312,302.5,306.5,9121000,2804611500,0,0
2021-10-07,307,313.5,304.5,308,5839000,1802912000,0,0
2021-10-08,312.5,315.5,306.5,307,5552000,1725505500,0,0
2021-10-11,308.5,314,307.5,313,5293000,1652335500,0,0
2021-10-12,313,319,313,316.5,7239000,2295114500,0,0
2021-10-13,318,318,309,312,6737000,2110285500,0,0
2021-10-14,322,329,318,324,12343000,3987691500,0,0
2021-10-15,329,334.5,328,334.5,10428000,3466657500,0,0
2021-10-18,341.5,354,341.5,352,20579000,7199944000,0,0
2021-10-19,350.5,358,347,357,11974000,4238623000,0,0
2021-10-20,353.5,357,344,345,11895000,4140847500,0,0
2021-10-21,343,352,341.5,341.5,7301000,2524604000,0,0
2021-10-22,332,334,327.5,332,11242000,3725190000,0,0
2021-10-25,329.5,336.5,326.5,334.5,6464000,2152943000,0,0
2021-10-26,338.5,342,336,339.5,5018000,1704056500,0,0
2021-10-27,339.5,339.5,332,335.5,4796000,1606906500,0,0
2021-10-28,330,330.5,322.5,324.5,8697000,2834807000,0,0
2021-10-29,325,331,321,326,5745000,1873720000,0,0
2021-11-01,331,335,329.5,334,5826000,1938957500,0,0
2021-11-02,335,335.5,322.5,324.5,7685000,2509599000,0,0
2021-11-04,327.5,330,324,326.5,5252000,1714447500,0,0
2021-11-05,325,325,319,322.5,6495000,2094322000,0,0
2021-11-08,322,322,315.5,320.5,8156000,2597835000,0,0
2021-11-09,327.5,329.5,318,319.5,11644000,3780174500,0,0
2021-11-10,298.7,309,296,305.5,22421000,6808599300,0,0
2021-11-11,306.5,313,306,311.5,9168000,2850516000,0,0
2021-11-12,312,318,312,313,6386000,2006375000,0,0
2021-11-15,312.5,318,311.5,315.5,5463000,1721201000,0,0
2021-11-16,310.5,312.5,308,309.5,6954000,2155214500,0,0
2021-11-17,308.5,308.5,303.5,307.5,6304000,1933453000,0,0
2021-11-18,306,311,303.5,308,7116000,2185470500,0,0
2021-11-19,310.5,311,306,307,6036000,1855977500,0,0
2021-11-22,303.5,308.5,301.5,307,5092000,1554687000,0,0
2021-11-24,310,314.5,307.5,309,6575000,2042204000,0,0
2021-11-25,309.5,313,308,310,3629000,1127042000,0,0
2021-11-26,307,307,300,302.5,9288000,2803043500,0,0
2021-11-29,296,301,293.5,295.7,9533000,2825255100,0,0
2021-11-30,301,303.5,293,293,8469000,2521953900,0,0
2021-12-01,294.2,297.7,290.1,296.5,7090000,2092641500,0,0
2021-12-02,290.8,296,290.4,293.7,6396000,1878114800,0,0
2021-12-03,296,299.5,294.3,299.4,4933000,1467909600,0,0
2021-12-06,299.7,302,297.2,298.9,3802000,1137584700,0,0
2021-12-07,301,303.5,300.5,303,7152000,2162301500,0,0
2021-12-08,308,309,304.5,305.5,5574000,1707217000,0,0
2021-12-09,303,305.5,301,302.5,5025000,1521114000,0,0
2021-12-10,304,306,301,302.5,3983000,1207878000,0,0
2021-12-13,304,306.5,301,305.5,4227000,1286951500,0,0
2021-12-14,302,305.5,299.1,301.5,5551000,1674562000,0,0
2021-12-15,303.5,306.5,303.5,304.5,4425000,1349078500,0,0
2021-12-16,307.5,307.5,304.5,304.5,3912000,1195598500,0,0
2021-12-17,308,311,305.5,306.5,6470000,1990984000,0,0
2021-12-20,301.5,304.5,298.7,301,7849000,2361400400,0,0
2021-12-21,304,305,293.5,300.5,9621000,2872458900,0,0
2021-12-22,302.5,303.5,299.4,303.5,5457000,1648037500,0,0
2021-12-23,304.5,313,304.5,310.5,9073000,2807191500,0,0
2021-12-24,312,315,309.5,311,4898000,1528049000,0,0
2021-12-27,312,313,303.5,305,5608000,1720244000,0,0
2021-12-28,306.5,308,304.5,307.5,4582000,1403924000,0,0
2021-12-29,308,313,308,311.5,5161000,1604372000,0,0
2021-12-30,311.5,315,310,313.5,4008000,1255081500,0,0
2022-01-04,316,317,313,316,3894000,1229434500,0,0
2022-01-05,319,323,317.5,322.5,6644000,2133094000,0,0
2022-01-06,321.5,323,316.5,317.5,6034000,1926638500,0,0
2022-01-07,316.5,321,313,318.5,5629000,1785268500,0,0
2022-01-11,319,321,316,319,6065000,1933268000,0,0
2022-01-12,322.5,329,322,326.5,8395000,2740887500,0,0
2022-01-13,331,336.5,327,335,10983000,3658244500,0,0
2022-01-14,333,336.5,328.5,336,8032000,2675025000,0,0
2022-01-17,338,338.5,328,330,6934000,2303722000,0,0
2022-01-18,328,332,324.5,327.5,7253000,2381124500,0,0
2022-01-19,320.5,326.5,318.5,319.5,6825000,2190627000,0,0
2022-01-20,317,323.5,315.5,321.5,6312000,2025050000,0,0
2022-01-21,316,320,309.5,319.5,11138000,3511108000,0,0
2022-01-24,314.5,322.5,314.5,321,5060000,1618873500,0,0
2022-01-25,319.5,320,309.5,313.5,8621000,2703454500,0,0
2022-01-26,320,328,318,322,9239000,2979563500,0,0
2022-01-27,323,323,307,309.5,11857000,3692634500,0,0
2022-01-28,314,317.5,311,317.5,6421000,2025717500,0,0
2022-01-31,313,321,312.5,321,4571000,1454521500,0,0
2022-02-01,319,322.5,314.5,316,6338000,2014240500,0,0
2022-02-02,320,326.5,319,324.5,7629000,2470381500,0,0
2022-02-03,324,325.5,321.5,325,4439000,1438840500,0,0
2022-02-04,325,326,320.5,324,5321000,1722564000,0,0
2022-02-07,325,327,322.5,326,5067000,1646989000,0,0
2022-02-08,327.5,327.5,322,322.5,5221000,1689597500,0,0
2022-02-09,328,328.5,322.5,327.5,8650000,2822280000,0,0
2022-02-10,330.5,340.5,325,338.5,18375000,6157014000,0,0
2022-02-14,339,341,330.5,339.5,9629000,3254066500,0,0
2022-02-15,341,341,331.5,333,8553000,2868944000,0,0
2022-02-16,339,339,335,337.5,4865000,1640600500,0,0
2022-02-17,337,343.5,335,340.5,9360000,3180300000,0,0
2022-02-18,339.5,344,337.5,340.5,6007000,2050800000,0,0
2022-02-21,336,336.5,330.5,332.5,6391000,2129539000,0,0
2022-02-22,328.5,331,324,327.5,5677000,1855578000,0,0
2022-02-24,327.5,332.5,324,329,7560000,2480118500,0,0
2022-02-25,327,331.5,324,330.5,5671000,1866545500,0,0
2022-02-28,333.5,338.5,331,336.5,7337000,2467471500,0,0
2022-03-01,344.5,346,339.5,339.5,6747000,2307163500,0,0
2022-03-02,337,347,335.5,343,7744000,2655980500,0,0
2022-03-03,348,356.5,346,354,9928000,3496772000,0,0
2022-03-04,365,365.5,345.5,350.5,11795000,4166594000,0,0
2022-03-07,357.5,359,348.5,349,10334000,3630820500,0,0
2022-03-08,348,348,327,328.5,14567000,4841920000,0,0
2022-03-09,325.5,330,318.5,318.5,8885000,2866543000,0,0
2022-03-10,321,324.5,316.5,323.5,7539000,2423616000,0,0
2022-03-11,322.5,332,322,323.5,5490000,1784424000,0,0
2022-03-14,326,330,322.5,326.5,5997000,1961022500,0,0
2022-03-15,322.5,322.5,310,315,15483000,4867071000,0,0
2022-03-16,317,321,315,317,6862000,2177275000,0,0
2022-03-17,319,327.5,315.5,327.5,6767000,2190545000,0,0
2022-03-18,338.5,350.5,337.5,346.5,17187000,5944810000,0,0
2022-03-22,349.5,353,348,351,6850000,2402345500,0,0
2022-03-23,350,352,346.5,348,7181000,2505957500,0,0
2022-03-24,350,354.5,347,353.5,5914000,2079603500,0,0
2022-03-25,356,360,353,360,7386000,2639867000,0,0
2022-03-28,358.5,359.5,343.5,343.5,8254000,2871650500,0,0
2022-03-29,347,349,343,349,5744000,1991077000,0,0
2022-03-30,335,338.5,332,335,5165000,1728283500,0,0
2022-03-31,335.5,342,334,335.5,5246000,1769213000,0,0
2022-04-01,334,335.5,330.5,335.5,3737000,1248477000,0,0
2022-04-04,336.5,341.5,336,341,4284000,1455983000,0,0
2022-04-05,341,343,334,337.5,5470000,1848777000,0,0
2022-04-06,333.5,336,327.5,331.5,6090000,2014642500,0,0
2022-04-07,326,327,319.5,322,6731000,2171010500,0,0
2022-04-08,325,330.5,323,330,5236000,1717677500,0,0
2022-04-11,335,340,330.5,331.5,4235000,1413298500,0,0
2022-04-12,335,335.5,331,331.5,5918000,1968632500,0,0
2022-04-13,336,336.5,330.5,334,3588000,1197249500,0,0
2022-04-14,335,346,334.5,344,6582000,2254749500,0,0
2022-04-15,342.5,343,337.5,340.5,5211000,1773242000,0,0
2022-04-18,338,340.5,335.5,338.5,3051000,1031361500,0,0
2022-04-19,341,346.5,339.5,345.5,5874000,2020492000,0,0
2022-04-20,352.5,352.5,344.5,346.5,4579000,1588855000,0,0
2022-04-21,343.5,347,340.5,343.5,3894000,1339732500,0,0
2022-04-22,337.5,339.5,334,336,5910000,1987728000,0,0
2022-04-25,323.5,331,323.5,327,6802000,2222695000,0,0
2022-04-26,316,321,311,319,13149000,4152751500,0,0
2022-04-27,311.5,319,311.5,316.5,6725000,2124477000,0,0
2022-04-28,318,332,317.5,330,8039000,2633943000,0,0
2022-05-02,328.5,331,321,325,5082000,1652974000,0,0
2022-05-06,324,334,324,331,5392000,1782338000,0,0
2022-05-09,327.5,328.5,319,322.5,7256000,2340169500,0,0
2022-05-10,317.5,319,310.5,318.5,6902000,2177290500,0,0
2022-05-11,314,314.5,307.5,308.5,10470000,3241681500,0,0
2022-05-12,300,308.5,296.5,299.5,19967000,6010105800,0,0
2022-05-13,298.4,314,296.8,314,12375000,3828121800,0,0
2022-05-16,312.5,313.5,306.5,310,9564000,2969651000,0,0
2022-05-17,316,323,313,319,7570000,2418736500,0,0
2022-05-18,323.5,328,321.5,325,7058000,2292550500,0,0
2022-05-19,315.5,329.5,315,328.5,6498000,2119426500,0,0
2022-05-20,333.5,342.5,332.5,338,10432000,3530874500,0,0
2022-05-23,341.5,342,334,337,6266000,2115602000,0,0
2022-05-24,340.5,347,340,344,9885000,3402341500,0,0
2022-05-25,345,348,342,346.5,6905000,2388994500,0,0
2022-05-26,343,346,334.5,336.5,7094000,2399955500,0,0
2022-05-27,340,341.5,337,338.5,4444000,1505157500,0,0
2022-05-30,342.5,344,339,341.5,6120000,2090226000,0,0
2022-05-31,341,343,339.5,340.5,5706000,1945378500,0,0
2022-06-01,338,346,337,344.5,5642000,1933055000,0,0
2022-06-02,347,347,343,344,3175000,1095001000,0,0
2022-06-03,349.5,351,347.5,347.5,4724000,1647287000,0,0
2022-06-06,345.5,347.5,342.5,344,4225000,1454669500,0,0
2022-06-07,346,353,344,351,5871000,2056982000,0,0
2022-06-08,352,352,347,349.5,3819000,1334175500,0,0
2022-06-09,345.5,347.5,342.5,344.5,4381000,1512543500,0,0
2022-06-10,343,344,338.5,342.5,4269000,1458678000,0,0
2022-06-13,335.5,339.5,331,334,6914000,2310595000,0,0
2022-06-14,328,332,327,331.5,5190000,1712179500,0,0
2022-06-15,332.5,334.5,326,327,4456000,1466735000,0,0
2022-06-16,326.5,331.5,325,326,5005000,1641187000,0,0
2022-06-17,317.5,320,313,319,6536000,2072871000,0,0
2022-06-20,320,322,308.5,312.5,5466000,1711289500,0,0
2022-06-21,319,325,318.5,323,5026000,1619168000,0,0
2022-06-22,324.5,325,318,318.5,3233000,1034701500,0,0
2022-06-23,317.5,320.5,310.5,314,5603000,1763412000,0,0
2022-06-24,313.5,317.5,308.5,317.5,4101000,1292394500,0,0
2022-06-27,324,325,320,323.5,3676000,1187353500,0,0
2022-06-28,324,328,322,323.5,3045000,987542500,0,0
2022-06-29,324.5,328,322.5,324.5,4641000,1506603500,0,0
2022-06-30,324.5,325.5,315.5,317,3709000,1180869000,0,0
2022-07-01,316,318,310,312.5,4779000,1497073000,0,0
2022-07-04,313,314.5,310.5,314.5,2938000,919267500,0,0
2022-07-05,315,321.5,315,317.5,4274000,1361354000,0,0
2022-07-06,306,308,302,305,6861000,2094015000,0,0
2022-07-07,303.5,306,297.3,304,6582000,1987371400,0,0
2022-07-08,308.5,315,308,309.5,7401000,2302015500,0,0
2022-07-11,314,315,308,309,3339000,1035184500,0,0
2022-07-12,307.5,308,301,304,4813000,1461492500,0,0
2022-07-13,301,303,298.9,302,7861000,2363042200,0,0
2022-07-14,303,305.5,300.5,304.5,5119000,1553227000,0,0
2022-07-15,306,306,299.7,301.5,4030000,1216508100,0,0
2022-07-19,306.5,309,304.5,307.5,4845000,1488945500,0,0
2022-07-20,312,314.5,309,313.5,5119000,1599579500,0,0
2022-07-21,310,315.5,310,315,3161000,992396500,0,0
2022-07-22,314,315,312.5,313,2459000,770911500,0,0
2022-07-25,315,316,312,313.5,2897000,908974500,0,0
2022-07-26,316,319,315,315.5,3514000,1113308000,0,0
2022-07-27,315,317,314.5,316,1972000,623329000,0,0
2022-07-28,318,318,314.5,316.5,2675000,846371500,0,0
2022-07-29,317.5,319,313.5,317,2522000,800269000,0,0
2022-08-01,319,321.5,317.5,319.5,4728000,1509377000,0,0
2022-08-02,314.5,315,309,312,4730000,1473751000,0,0
2022-08-03,310,310.5,305.5,310.5,3409000,1049190500,0,0
2022-08-04,306.5,310,304,309,2783000,857224000,0,0
2022-08-05,310.5,315,310,314,3804000,1190499500,0,0
2022-08-08,315,317.5,314.5,316,3357000,1061905000,0,0
2022-08-09,319,320,314,314,3944000,1247426500,0,0
2022-08-10,313,313,304.5,311,9172000,2830883500,0,0
2022-08-12,316,324,314,319,8372000,2676382000,0,0
2022-08-15,322,323,319.5,321,3316000,1065684000,0,0
2022-08-16,319,320.5,315.5,317.5,3767000,1194824500,0,0
2022-08-17,320.5,325.5,320.5,323,5886000,1899679500,0,0
2022-08-18,318,324.5,318,323.5,2442000,787816000,0,0
2022-08-19,327,327,322.5,324,2472000,801987000,0,0
2022-08-22,319.5,324.5,319,324,2272000,732695000,0,0
2022-08-23,321.5,324.5,321,323.5,2564000,828820000,0,0
2022-08-24,330.5,332.5,327,328,4485000,1475713000,0,0
2022-08-25,329,329.5,326,328,2633000,863095000,0,0
2022-08-26,330.5,331.5,327.5,329,2217000,728765000,0,0
2022-08-29,322,327,322,326,2542000,827897000,0,0
2022-08-30,327,330,327,330,2681000,881845000,0,0
2022-08-31,326,331.5,325.5,330,4212000,1388271500,0,0
2022-09-01,320.5,322.5,313,317,9840000,3115919000,0,0
2022-09-02,315,315,310.5,312,4630000,1444264000,0,0
2022-09-05,312.5,316.5,311.5,314.5,3295000,1035041000,0,0
2022-09-06,316.5,318,314.5,317,2764000,875623000,0,0
2022-09-07,316.5,317.5,312.5,316,2758000,869389000,0,0
2022-09-08,318,319,314,319,3260000,1034980000,0,0
2022-09-09,321,322.5,318.5,321.5,4089000,1311630000,0,0
2022-09-12,325,325.5,320.5,322.5,2275000,733483000,0,0
2022-09-13,322.5,326.5,322,324.5,2749000,892352000,0,0
2022-09-14,317.5,321,316,319,3308000,1055922500,0,0
2022-09-15,317.5,318.5,314,317,3036000,960200500,0,0
2022-09-16,314,316.5,310,312.5,4416000,1380944500,0,0
2022-09-20,317,321,316,317.5,3602000,1144397500,0,0
2022-09-21,312,316,312,315,2992000,942225500,0,0
2022-09-22,310,313,308,312,3696000,1149120500,0,0
2022-09-26,307.5,308,300,303,7134000,2167472000,0,0
2022-09-27,303.5,311,303,305.5,5008000,1536603500,0,0
2022-09-28,305.5,308.5,299.9,302.5,6233000,1887325800,0,0
2022-09-29,309.5,310.5,302.5,306.5,4916000,1507044500,0,0
2022-09-30,307,308,301.5,304,4839000,1472058500,0,0
2022-10-03,300,303.5,297,303,4157000,1250670700,0,0
2022-10-04,311.5,312.5,308.5,310.5,6709000,2082918000,0,0
2022-10-05,314,314,309,311.5,3635000,1132297000,0,0
2022-10-06,310.5,313,309.5,311,2744000,853638000,0,0
2022-10-07,306,308.5,306,307.5,3346000,1028103000,0,0
2022-10-11,305,306,301.5,301.5,4318000,1307387500,0,0
2022-10-12,301.5,302.5,298.1,299.6,5137000,1538525400,0,0
2022-10-13,299.6,301,297.4,298.3,3565000,1064246700,0,0
2022-10-14,303.5,304.5,300.5,302,3968000,1200735500,0,0
2022-10-17,299,301.5,298.9,301.5,3378000,1014911200,0,0
2022-10-18,304,304,299.8,302,3547000,1070531900,0,0
2022-10-19,301.5,304.5,301,302.5,2165000,655504000,0,0
2022-10-20,298,301,297.7,300.5,4324000,1293592400,0,0
2022-10-21,299,299.9,297,297.4,3888000,1158351900,0,0
2022-10-24,302.5,305.5,299.8,300.5,4101000,1239231900,0,0
2022-10-25,302.5,304,300.5,301.5,2688000,811865500,0,0
2022-10-26,303.5,303.5,300.5,300.5,2184000,658426000,0,0
2022-10-27,302.5,302.5,299.9,302.5,3303000,995250400,0,0
2022-10-28,299.3,300.5,297.9,297.9,4618000,1380216600,0,0
2022-10-31,299.5,301,299.2,301,3491000,1047986000,0,0
2022-11-01,303,304.5,300.5,303,3132000,948416000,0,0
2022-11-02,305,306.5,302.5,304.5,4246000,1293893000,0,0
2022-11-04,302.5,307,302.5,306.5,5341000,1631835000,0,0
2022-11-07,311,315,309.5,311.5,5603000,1748491500,0,0
2022-11-08,312,316,311,315.5,3540000,1111925000,0,0
2022-11-09,314,316.5,313,314.5,5127000,1613782500,0,0
2022-11-10,309,316,307,312,5606000,1750802500,0,0
2022-11-11,317,317,309.5,313.5,4744000,1485014500,0,0
2022-11-14,314.5,314.5,308,309,4510000,1398077500,0,0
2022-11-15,309.5,314.5,309,314,3295000,1031129500,0,0
2022-11-16,312.5,315.5,311.5,315,3257000,1022294500,0,0
2022-11-17,314.5,315,309,310,4734000,1472337000,0,0
2022-11-18,310,313.5,310,310.5,3129000,974660500,0,0
2022-11-21,313,316.5,312,314,3424000,1075444500,0,0
2022-11-22,314.5,316.5,312.5,312.5,2930000,919953000,0,0
2022-11-24,315.5,317,314.5,315.5,2996000,945759500,0,0
2022-11-25,317,317,315,316.5,1919000,606532500,0,0
2022-11-28,317.5,318.5,312,312.5,4924000,1545900000,0,0
2022-11-29,310,313.5,308.5,313,3464000,1079886000,0,0
2022-11-30,312.5,314,310.5,313.5,9083000,2841754500,0,0
2022-12-01,313.5,319.5,313,316,5473000,1733900000,0,0
2022-12-02,315,315.5,310.5,314,4134000,1293495000,0,0
2022-12-05,315,319.5,314.5,317,4424000,1402871000,0,0
2022-12-06,315,319,314.5,317.5,3373000,1070394500,0,0
2022-12-07,316.5,321.5,316,319.5,3857000,1233173500,0,0
2022-12-08,320,322,318,320.5,5177000,1657491500,0,0
2022-12-09,324.5,325.5,321,322.5,4088000,1320364000,0,0
2022-12-12,322,323,317,318,3519000,1121146500,0,0
2022-12-13,315,321,315,317,3323000,1057113000,0,0
2022-12-14,319,319.5,317,319,2119000,675134500,0,0
2022-12-15,320,321.5,318.5,319.5,2347000,750610000,0,0
2022-12-16,316,318,314,315.5,4412000,1392790500,0,0
2022-12-19,315,315.5,310.5,313,3689000,1153077000,0,0
2022-12-20,314,315,304.5,307.5,4821000,1483187000,0,0
2022-12-21,308.5,309,304.5,307,4229000,1298601000,0,0
2022-12-22,308,308,304,306,3597000,1099486000,0,0
2022-12-23,304,306,303,304.5,2998000,912440000,0,0
2022-12-26,306.5,309.5,305.5,309,3136000,966720000,0,0
2022-12-27,310,310.5,306.5,308,2515000,775107000,0,0
2022-12-28,308.5,310.5,308,310,2279000,705070000,0,0
2022-12-29,308.5,310.5,307,310,2445000,755590000,0,0
2022-12-30,309.5,311.5,308,308.5,2161000,668384500,0,0
2023-01-04,307.5,308,305,305,3641000,1114224500,0,0
2023-01-05,305,307.5,304.5,306,3100000,948082000,0,0
2023-01-06,306,308.5,305.5,306.5,2972000,912166500,0,0
2023-01-10,311.5,315,309.5,314,5032000,1576760500,0,0
2023-01-11,318.5,320.5,317,317.5,4583000,1459093000,0,0
2023-01-12,318.5,335,318.5,329,9383000,3089267500,0,0
2023-01-13,329,330.5,326.5,327,4516000,1483326000,0,0
2023-01-16,325,327,320.5,322,6125000,1979771000,0,0
2023-01-17,323.5,328.5,323.5,326.5,3153000,1030748500,0,0
2023-01-18,326,334.5,323.5,330,4387000,1446804500,0,0
2023-01-19,330,330,326.5,327,4471000,1465158500,0,0
2023-01-20,329,331.5,327,331.5,2763000,912454500,0,0
2023-01-23,334.5,336,332,335,5341000,1786764500,0,0
2023-01-24,336,339.5,335.5,336.5,3304000,1114309500,0,0
2023-01-25,336.5,342,336.5,339.5,4677000,1589518000,0,0
2023-01-26,342,343,340,342,4533000,1549157500,0,0
2023-01-27,344,345,341,343,3777000,1295478500,0,0
2023-01-30,343,345.5,341.5,343.5,4841000,1663492000,0,0
2023-01-31,343.5,348,343.5,344.5,10153000,3507129000,0,0
2023-02-01,344.5,346,340.5,341,3780000,1292365500,0,0
2023-02-02,341.5,342,335.5,338,4415000,1492043500,0,0
2023-02-03,336.5,338.5,334,335,3865000,1297644000,0,0
2023-02-06,339,339.5,333,335,3760000,1259871000,0,0
2023-02-07,333,337,331,335,4230000,1413822500,0,0
2023-02-08,320,328,319.5,326,11645000,3768899500,0,0
2023-02-09,326,331.5,326,329.5,6878000,2265605000,0,0
2023-02-10,330.5,333,330,331,4282000,1417816500,0,0
2023-02-13,330,330,326,328.5,2926000,959071500,0,0
2023-02-14,331.5,332,328,330,2441000,805968500,0,0
2023-02-15,333.5,334,328,330,2233000,738124500,0,0
2023-02-16,330,335,329.5,333,4192000,1395279000,0,0
2023-02-17,332.5,337.5,332,337.5,2750000,923394000,0,0
2023-02-20,338.5,339.5,336.5,338.5,2604000,881336500,0,0
2023-02-21,340.5,346,339,346,4670000,1607776500,0,0
2023-02-22,344,346.5,341,341,4311000,1477680500,0,0
2023-02-24,340,340,337,339,3279000,1110384500,0,0
2023-02-27,340,342,339.5,340,3218000,1095354500,0,0
2023-02-28,341.5,342,335.5,335.5,3719000,1255326000,0,0
2023-03-01,337,344.5,337,343,3862000,1318920500,0,0
2023-03-02,348,351.5,345.5,347,5315000,1853559500,0,0
2023-03-03,345,348,343.5,346,4699000,1624974000,0,0
2023-03-06,348,349,345,348,3699000,1285427500,0,0
2023-03-07,346.5,349,346,348,2342000,813410500,0,0
2023-03-08,345.5,347,343,344,4488000,1547352500,0,0
2023-03-09,346.5,347,343.5,345.5,3025000,1045037500,0,0
2023-03-10,339.5,341.5,336.5,337.5,6473000,2193335000,0,0
2023-03-13,334,334,328.5,332,4450000,1472559000,0,0
2023-03-14,325.5,326,321.5,322.5,4809000,1551939000,0,0
2023-03-15,328,330.5,327,329,3800000,1248924500,0,0
2023-03-16,320,321.5,316.5,320.5,7127000,2275918500,0,0
2023-03-17,321,321.5,314,317,6727000,2133520500,0,0
2023-03-20,314.5,319.5,313.5,315.5,4394000,1391775500,0,0
2023-03-22,320.5,321,316.5,319,3972000,1265093000,0,0
2023-03-23,317,322.5,315,322.5,2674000,856343500,0,0
2023-03-24,322.5,323.5,319,320.5,2917000,936037000,0,0
2023-03-27,324,324.5,320.5,323.5,4263000,1377402500,0,0
2023-03-28,326.5,328.5,324.5,327.5,4517000,1478744500,0,0
2023-03-29,331.5,331.5,327.5,329.5,6246000,2060713000,0,0
2023-03-30,317,320,315.5,319.5,6835000,2174020000,0,0
2023-03-31,319.5,324.5,319.5,321.5,5572000,1793866000,0,0
2023-04-03,323.5,323.5,320.5,323,4722000,1521505500,0,0
2023-04-04,327,327,323.5,323.5,3972000,1291341000,0,0
2023-04-05,319,319.5,316,317.5,4007000,1272611500,0,0
2023-04-06,315,316,313,314.5,4391000,1380966500,0,0
2023-04-07,316.5,318.5,315.5,317,2984000,945931000,0,0
2023-04-10,319.5,321,317.5,317.5,3087000,983140000,0,0
2023-04-11,320.5,322.5,318.5,321.5,4024000,1291008000,0,0
2023-04-12,322.5,323.5,321,321.5,3195000,1029403000,0,0
2023-04-13,322,324,320.5,321.5,2840000,914432000,0,0
2023-04-14,323.5,326,322.5,324.5,4474000,1451874000,0,0
2023-04-17,324.5,325,321.5,324.5,2491000,806561000,0,0
2023-04-18,324.5,326,322.5,325,3092000,1003695000,0,0
2023-04-19,325.5,326.5,324,326,3004000,978118500,0,0
2023-04-20,324.5,326.5,324,326.5,3516000,1143777500,0,0
2023-04-21,325,325.5,323,324,3709000,1202732500,0,0
2023-04-24,323,324.5,322,323,2112000,683055500,0,0
2023-04-25,325,326,319.5,319.5,4188000,1345221500,0,0
2023-04-26,316.5,320,315,319,3495000,1111286500,0,0
2023-04-27,319,321,317.5,321,2428000,776396000,0,0
2023-04-28,322,323,320,323,3971000,1278467500,0,0
2023-05-01,325.5,326.5,324,325.5,3449000,1122667500,0,0
2023-05-02,326.5,328.5,325,326.5,3589000,1171521000,0,0
2023-05-08,326.5,330,325.5,329.5,3925000,1290054500,0,0
2023-05-09,331.5,331.5,329,331,3408000,1127003000,0,0
2023-05-10,330.5,334,327.5,328,5723000,1892509500,0,0
2023-05-11,314,320.5,313.5,315,11135000,3517807500,0,0
2023-05-12,311,314.5,305,306,14141000,4355052000,0,0
2023-05-15,312.5,315,309.5,314,8259000,2585145000,0,0
2023-05-16,315.5,317,312.5,314.5,5165000,1623736000,0,0
2023-05-17,314,314,308,312,5071000,1577415500,0,0
2023-05-18,315.5,318,312,317,4549000,1435918500,0,0
2023-05-19,317,318.5,315,316,2473000,783217000,0,0
2023-05-22,316.5,316.5,313,316,4237000,1335677500,0,0
2023-05-23,317,318.5,314,315,3389000,1072070500,0,0
2023-05-24,315,318,315,316,2789000,882989500,0,0
2023-05-25,314,316.5,312.5,315.5,2560000,806927500,0,0
2023-05-26,315,316,313.5,314,2807000,883209000,0,0
2023-05-29,317,321,316.5,318,4957000,1577996000,0,0
2023-05-30,313.5,314.5,309,311.5,5068000,1579268000,0,0
2023-05-31,309,310,304.5,305.5,6277000,1923420000,0,0
2023-06-01,305,307,304.5,306.5,3195000,977414500,0,0
2023-06-02,307.5,313,306,313,4691000,1456536000,0,0
2023-06-05,318.5,321.4,317.2,318.4,5563000,1773770000,0,0
2023-06-06,317.3,321.6,315.3,321.6,3727000,1191126500,0,0
2023-06-07,325,328.9,321.7,321.7,6184000,2009602800,0,0
2023-06-08,324.6,326.5,319.5,321.4,3499000,1128746900,0,0
2023-06-09,322,325.4,322,324.6,4032000,1305353400,0,0
2023-06-12,325,327.3,324.8,326.2,2413000,787165400,0,0
2023-06-13,330.6,343.4,329.8,337.3,12833000,4330668000,0,0
2023-06-14,341.3,357.4,341.1,355.9,14126000,4954949900,0,0
2023-06-15,355.9,360.1,354.2,358.9,8872000,3173544200,0,0
2023-06-16,360,361.3,355.8,358.2,10057000,3608555000,0,0
2023-06-19,359.6,359.7,343.8,344.1,9065000,3152783900,0,0
2023-06-20,337.5,340.6,334.4,335.6,7944000,2677821300,0,0
2023-06-21,332.3,334.7,330.7,333.7,6141000,2044797000,0,0
2023-06-22,333.5,336.3,331.7,332,4255000,1419856200,0,0
2023-06-23,333.9,334.6,325.1,327.8,4510000,1483735400,0,0
2023-06-26,330.3,334.4,329.1,329.7,4980000,1650145700,0,0
2023-06-27,333,333.7,325.4,327.6,3561000,1168086500,0,0
2023-06-28,329.5,331.2,326.7,330.8,4977000,1640062800,0,0
2023-06-29,328.8,331.3,327.8,328.8,3958000,1302828100,0,0
2023-06-30,330,332,326.5,330.9,4526000,1491587200,0,0
2023-07-03,332.5,335.5,331.6,334.1,3825000,1276395900,0,0
2023-07-04,336.8,340.5,335.5,335.7,5168000,1742417800,0,0
2023-07-05,335.7,337.9,334.1,337.9,3418000,1151294300,0,0
2023-07-06,333.9,334.1,329.2,329.7,5472000,1811741200,0,0
2023-07-07,324.2,327.1,322.6,324.8,5787000,1881265100,0,0
2023-07-10,328,329.2,322.9,323.8,4268000,1386418800,0,0
2023-07-11,326.8,327,323.1,323.9,2884000,937273000,0,0
2023-07-12,326,326,319.4,320.3,4072000,1306948100,0,0
2023-07-13,323,324,320.6,321,3917000,1260987100,0,0
2023-07-14,320.9,322.9,320.4,321.5,3281000,1054389200,0,0
2023-07-18,322.4,322.6,320.3,322.2,3598000,1157032600,0,0
2023-07-19,324.2,325.7,322.7,324.4,3441000,1114803300,0,0
2023-07-20,324.5,324.8,322.4,322.5,3011000,973418900,0,0
2023-07-21,322.9,323,320,320.6,3415000,1095991100,0,0
2023-07-24,322.3,325,322.2,324.2,3201000,1036413700,0,0
2023-07-25,327.2,330.8,325.2,329.8,5616000,1844762600,0,0
2023-07-26,331.8,331.8,328.1,329.9,3481000,1149208100,0,0
2023-07-27,330,333,329.7,332.2,3754000,1245670200,0,0
2023-07-28,329.5,331.8,326.2,331.6,5217000,1718706600,0,0
2023-07-31,334.8,337.5,332.3,335.8,8657000,2905024500,0,0
2023-08-01,338,339.6,336.1,337.8,4420000,1493422400,0,0
2023-08-02,335,340.7,334.1,336.3,4222000,1423847600,0,0
2023-08-03,334,334.7,329.9,330.9,4792000,1591424100,0,0
2023-08-04,330,332.3,329,331.4,3910000,1293741000,0,0
2023-08-07,329.1,329.2,325.6,328.4,4930000,1615283500,0,0
2023-08-08,327.5,328.6,324.1,325.6,5617000,1829976400,0,0
2023-08-09,335,342.7,334.9,341,13114000,4445293100,0,0
2023-08-10,341.2,353.9,339.1,353.9,13322000,4654428200,0,0
2023-08-14,352.5,356.9,350.4,354.3,6925000,2450069300,0,0
2023-08-15,356.9,357.4,351.6,355,6022000,2135261100,0,0
2023-08-16,349.5,349.5,344.2,344.2,7571000,2624265400,0,0
2023-08-17,344.2,344.5,336.5,343,5077000,1732864100,0,0
2023-08-18,341.4,346,340.8,345.8,3538000,1218188900,0,0
2023-08-21,345.3,352.8,343.7,349.2,5285000,1846802800,0,0
2023-08-22,349.7,356.6,349.5,355.2,6782000,2405548800,0,0
2023-08-23,355.5,359.9,355.1,358.6,5795000,2074010000,0,0
2023-08-24,360,366.7,359.3,366.6,7854000,2859577100,0,0
2023-08-25,362.3,371.6,361.3,371.6,6646000,2449996300,0,0
2023-08-28,372.3,375.1,368.7,369.2,6670000,2477792800,0,0
2023-08-29,370.3,372.4,367.1,371.7,5164000,1913881300,0,0
2023-08-30,372.2,374.4,368.7,371.3,5457000,2029371500,0,0
2023-08-31,371.3,374.3,368.4,372.2,5745000,2133460800,0,0
2023-09-01,373,381.5,372.5,379.2,7090000,2682922200,0,0
2023-09-04,384,384.5,380.8,382.4,5238000,2004529100,0,0
2023-09-05,383.4,384.8,379.1,384,4838000,1848897400,0,0
2023-09-06,382.9,389.2,381.7,386.9,4153000,1605180600,0,0
2023-09-07,385.2,388.8,381.6,381.6,4674000,1795578100,0,0
2023-09-08,383.7,383.8,376.7,377.4,4827000,1832328200,0,0
2023-09-11,378.1,380.6,376.7,379.2,2705000,1024244300,0,0
2023-09-12,383,384.9,379,382.6,3930000,1500328300,0,0
2023-09-13,383.5,396.2,383.5,395,8789000,3444961900,0,0
2023-09-14,395.6,402.8,394,399.4,8317000,3313473900,0,0
2023-09-15,403,407.4,400.7,401.6,7972000,3218607200,0,0
2023-09-19,403.3,409.1,402.1,406.9,7742000,3143783300,0,0
2023-09-20,405,408.5,401.1,401.2,6275000,2541553600,0,0
2023-09-21,402.1,411,394.6,397.3,10896000,4368045200,0,0
2023-09-22,393.6,394.5,388.2,391.2,5759000,2255476200,0,0
2023-09-25,398.2,401.2,394.9,400.8,6357000,2539390400,0,0
2023-09-26,399,399.6,391.5,394.8,5444000,2146747000,0,0
2023-09-27,391.8,396.3,388.8,395.4,4914000,1933321300,0,0
2023-09-28,385.9,389.1,380.7,382.9,6112000,2350699600,0,0
2023-09-29,386.8,388.1,377.8,379.5,5488000,2087489100,0,0
2023-10-02,383.1,390,381.5,381.5,4465000,1718443900,0,0
2023-10-03,377.2,377.4,368.1,368.1,5113000,1893539900,0,0
2023-10-04,365.1,366,358.6,361,5018000,1819181800,0,0
2023-10-05,362.1,371.4,361.7,368.1,5037000,1851147400,0,0
2023-10-06,365.2,371.5,364.6,366.2,4270000,1569195300,0,0
2023-10-10,373.2,377.5,373.2,376.4,4142000,1556623400,0,0
2023-10-11,375.5,377.3,372.7,372.7,2996000,1121153700,0,0
2023-10-12,377,381.5,374,381.1,4737000,1795239000,0,0
2023-10-13,374.4,376.3,371.6,372.1,6227000,2324549700,0,0
2023-10-16,375.4,384.3,375.1,377.7,5628000,2130960700,0,0
2023-10-17,379.6,382.7,371.7,372.5,4734000,1777267300,0,0
2023-10-18,377.8,379,374,378,4835000,1821683800,0,0
2023-10-19,374.2,379.3,373.7,377.5,4340000,1638802800,0,0
2023-10-20,378.5,381,376.2,376.2,2624000,991824400,0,0
2023-10-23,373.1,373.5,366.7,369.9,3218000,1192096600,0,0
2023-10-24,370.9,382.3,370,380.5,5915000,2229047800,0,0
2023-10-25,383,384.9,375.9,377.3,3105000,1180366700,0,0
2023-10-26,372.3,377.7,371.7,376.6,2912000,1095626900,0,0
2023-10-27,381.2,386.5,381,385.9,3677000,1413404200,0,0
2023-10-30,386,388.2,384.5,386.5,3505000,1353594500,0,0
2023-10-31,389.8,391.6,384,389.9,4849000,1881504900,0,0
2023-11-01,387.6,394.3,385.8,387.9,5486000,2135238900,0,0
2023-11-02,392.1,392.1,380.3,384.1,5335000,2048549800,0,0
2023-11-06,389.3,392.7,387.9,391.6,4145000,1619648000,0,0
2023-11-07,392,393.4,388.7,390.1,3463000,1352994500,0,0
2023-11-08,387.1,390,372.4,373.7,4801000,1814047900,0,0
2023-11-09,374.8,380,374.7,379.9,4025000,1521655400,0,0
2023-11-10,375.4,381.7,373.5,381.1,3509000,1328184500,0,0
2023-11-13,394,421,393.9,420.8,21872000,9075739400,0,0
2023-11-14,422,435.5,418.6,430.5,11102000,4758497200,0,0
2023-11-15,431.8,434.6,426.2,433.9,8030000,3463797600,0,0
2023-11-16,435,444.4,431.1,443,6758000,2971889300,0,0
2023-11-17,438,442.7,433.7,442.3,5330000,2340146000,0,0
2023-11-20,441,442.7,426.4,428.2,6158000,2658738100,0,0
2023-11-21,427,437.9,425.9,436,5471000,2371730200,0,0
2023-11-22,436.1,451.5,435,443.2,6492000,2896729600,0,0
2023-11-24,447.6,456.5,447.6,451.8,5639000,2548964800,0,0
2023-11-27,454,457.3,447.1,450.6,4594000,2074404700,0,0
2023-11-28,453.5,456.2,445.5,451.1,6220000,2799950300,0,0
2023-11-29,451.7,453,445.9,452.5,5573000,2515435200,0,0
2023-11-30,450,454,447.9,454,8755000,3963528100,0,0
2023-12-01,453.2,456.1,449.7,455.3,2947000,1338841000,0,0
2023-12-04,453.4,461.2,451.6,456.6,3637000,1663052800,0,0
2023-12-05,451.6,455.7,445.1,446.1,4451000,1995700000,0,0
2023-12-06,452.2,459.8,450.3,456.8,5190000,2371368300,0,0
2023-12-07,450.5,458.2,449.2,455.1,5296000,2410062200,0,0
2023-12-08,454.5,456.5,437.7,440,5788000,2571179400,0,0
2023-12-11,445.8,445.8,430.4,433,7362000,3200708000,0,0
2023-12-12,440,444.3,436.4,442,7068000,3118809100,0,0
2023-12-13,443.7,444,435.5,438.1,3764000,1651163400,0,0
2023-12-14,433,434.4,417.4,420.1,5827000,2465011800,0,0
2023-12-15,427.1,432.7,424.9,431.9,5689000,2444493200,0,0
2023-12-18,422.9,430.3,422.9,429,3875000,1656211100,0,0
2023-12-19,426,434.2,422.6,434.2,4764000,2048664800,0,0
2023-12-20,434.2,440.2,432.4,434,5113000,2228836600,0,0
2023-12-21,427.7,429.5,421.1,423.4,3071000,1301549900,0,0
2023-12-22,423.2,426.8,419.5,421.6,3423000,1442550900,0,0
2023-12-25,426.5,426.5,419.4,424.5,2441000,1033667000,0,0
2023-12-26,424.9,427.1,423.4,424.8,2169000,921558800,0,0
2023-12-27,426.2,432.2,425.8,430,2214000,951422700,0,0
2023-12-28,428.9,435.4,427.2,434.6,2317000,1004289300,0,0
2023-12-29,432.9,436,430.4,433.5,2224000,962554200,0,0
2024-01-04,432,439.8,426.7,439.2,3135000,1367934500,0,0
2024-01-05,440.3,443.4,439.4,442,2907000,1283787200,0,0
2024-01-09,443,448,440.7,446.6,3635000,1616489100,0,0
2024-01-10,446,447,441.4,443.6,3288000,1460735400,0,0
2024-01-11,450.6,463.6,450.6,453.9,7017000,3207707800,0,0
2024-01-12,458.4,458.4,451.5,454.3,3466000,1575463400,0,0
2024-01-15,459.3,474.4,459.3,473,6602000,3101065100,0,0
2024-01-16,473.8,475.8,463.9,468.1,4050000,1897975700,0,0
2024-01-17,472,477.8,467.7,468.1,4072000,1924056800,0,0
2024-01-18,466.1,468.7,461,463,2930000,1361892500,0,0
2024-01-19,469.9,474.5,467.4,472.7,3183000,1498432200,0,0
2024-01-22,478.5,478.9,469.7,475.7,3726000,1768494600,0,0
2024-01-23,472.1,473.8,461.3,463.2,6990000,3249880100,0,0
2024-01-24,462.7,463,456.9,457,2863000,1313031900,0,0
2024-01-25,456.8,465.7,456,465.7,3339000,1546105600,0,0
2024-01-26,463.5,471.5,458.6,460.7,3710000,1722656600,0,0
2024-01-29,461.6,466.5,458.9,466.1,3160000,1467119500,0,0
2024-01-30,465.9,466.7,462,464.2,3096000,1436451900,0,0
2024-01-31,461,461,450.3,458.7,11627000,5306913500,0,0
2024-02-01,458.7,463.5,456.3,457.8,3312000,1520460100,0,0
2024-02-02,470,481.2,467.2,476,8587000,4096462200,0,0
2024-02-05,480.5,490.3,477,485.9,7701000,3735057300,0,0
2024-02-06,488,488,476.9,477.7,3364000,1612588600,0,0
2024-02-07,479,487.5,477.8,486.4,5742000,2779977000,0,0
2024-02-08,451.4,453,435.5,441.5,15788000,6957491100,0,0
2024-02-09,441.2,441.3,432.2,438.8,6482000,2836846200,0,0
2024-02-13,440,451.6,430.4,450.9,8711000,3860068200,0,0
2024-02-14,448.6,449,436.6,439.9,4121000,1814750000,0,0
2024-02-15,443,444.2,426.8,430.5,7128000,3073107200,0,0
2024-02-16,431.1,435.9,430,432.7,5578000,2414942600,0,0
2024-02-19,432,438.5,431,438.5,3669000,1596606300,0,0
2024-02-20,438.5,443.4,435.9,442.3,4135000,1823983400,0,0
2024-02-21,442.7,444.2,432.1,433.7,5285000,2300944200,0,0
2024-02-22,440,446.1,438.4,444.2,5495000,2433458700,0,0
2024-02-26,447.9,453.6,441.5,442.1,4805000,2144929500,0,0
2024-02-27,441.1,445.9,439.5,445.7,3940000,1745931800,0,0
2024-02-28,443.2,449.1,442.6,445.8,4150000,1852602700,0,0
2024-02-29,441.1,444.2,437.3,441.2,4127000,1816336500,0,0
2024-03-01,443.5,445.8,433.6,435.1,7085000,3098203900,0,0
2024-03-04,440,445.1,435.6,439.2,6687000,2943990300,0,0
2024-03-05,435.7,441.3,434.6,437.5,3483000,1525798900,0,0
2024-03-06,433.1,457.2,432.5,450.2,8248000,3702204000,0,0
2024-03-07,459.9,471.7,453.7,460.1,8479000,3910592900,0,0
2024-03-08,453.1,460.3,452.8,459.9,7688000,3512863200,0,0
2024-03-11,449.6,451.4,424.8,427.7,11575000,5007141600,0,0
2024-03-12,424.4,428.8,420.8,427.1,6823000,2900314900,0,0
2024-03-13,429.5,434.6,426.7,433.4,6667000,2871460900,0,0
2024-03-14,438.2,454.2,437.5,453.5,7593000,3404320600,0,0
2024-03-15,452,452.7,436.4,438.4,7297000,3224979100,0,0
2024-03-18,444,457,442.9,455.9,5972000,2702841800,0,0
2024-03-19,457.9,465.5,454,463.9,4993000,2296990200,0,0
2024-03-21,465.1,465.5,455.8,463.5,7022000,3233649000,0,0
2024-03-22,464.5,472.3,461.4,470.6,4791000,2245176200,0,0
2024-03-25,471.5,473.9,459,466.6,4159000,1937600700,0,0
2024-03-26,464.1,467.8,461.1,461.6,3780000,1750491000,0,0
2024-03-27,461.5,464.3,456,462.2,4562000,2101802400,0,0
2024-03-28,457.6,468,456.6,461.9,4781000,2210146900,0,0
2024-03-29,463.5,474,463.5,470.7,4678000,2198214400,0,0
2024-04-01,470.5,471.6,451.2,451.4,5813000,2653155800,0,0
2024-04-02,451,455.8,446.9,455.5,3529000,1599408500,0,0
2024-04-03,455.5,466.6,453.4,460.8,4439000,2043180800,0,0
2024-04-04,467.8,484.5,463.8,482.9,8622000,4133494100,0,0
2024-04-05,475.9,477.9,466.7,477.7,7277000,3446927300,0,0
2024-04-08,478,481,473.7,479,4730000,2260720300,0,0
2024-04-09,483,494.9,481.9,494.4,8105000,3980673700,0,0
2024-04-10,500,510.8,496.2,503.5,7512000,3788905100,0,0
2024-04-11,496.9,507.4,496,506.1,4439000,2235210200,0,0
2024-04-12,509.9,510,499.7,501,3563000,1793424700,0,0
2024-04-15,500.7,517.3,497.4,512.4,6656000,3393153200,0,0
2024-04-16,503.7,508.5,487.5,489.9,6689000,3304937500,0,0
2024-04-17,491.3,498.1,486.3,491.9,5424000,2670740500,0,0
2024-04-18,490.5,502.4,488.5,499.5,3406000,1695512500,0,0
2024-04-19,499.4,503.1,489,495.1,4474000,2216084500,0,0
2024-04-22,497.9,505.8,486.3,493.2,5544000,2741234000,0,0
2024-04-23,494.7,495,482.3,486,3724000,1816319800,0,0
2024-04-24,492.2,492.2,479.1,484.8,5491000,2653785500,0,0
2024-04-25,480.5,483.4,468.9,470.4,4981000,2356216900,0,0
2024-04-26,477.4,486.7,475.4,486.5,4592000,2217848900,0,0
2024-04-30,492,499,489.8,496.8,4018000,1990001200,0,0
2024-05-01,488.9,490.2,484.4,485.9,3146000,1531314000,0,0
2024-05-02,486,491.2,485.6,489.4,2224000,1088322800,0,0
2024-05-07,495,498.4,491.7,495,3631000,1798569500,0,0
2024-05-08,495.8,503.7,494.4,502,4853000,2430433900,0,0
2024-05-09,498.4,501.1,489.4,494.6,3650000,1810800700,0,0
2024-05-10,504.5,511.6,497.5,507.3,5253000,2650827000,0,0
2024-05-13,505.5,506.8,492.6,500.7,5534000,2758507400,0,0
2024-05-14,480.7,495.2,475.1,490.5,9696000,4718410700,0,0
2024-05-15,500,505.8,484.7,486.1,5370000,2634891000,0,0
2024-05-16,483.7,488.4,474.6,482.5,4666000,2244179000,0,0
2024-05-17,475.5,484.6,472.2,484.6,3624000,1738559900,0,0
2024-05-20,486,510.8,485.1,509.9,7614000,3845859300,0,0
2024-05-21,517.8,526.4,509.3,511.2,7892000,4076931500,0,0
2024-05-22,510.4,516.8,503.3,503.3,5639000,2868868100,0,0
2024-05-23,489,506,481.7,504.4,5085000,2528471600,0,0
2024-05-24,494.8,509.2,493.7,505.5,3915000,1973811900,0,0
2024-05-27,501,509.2,497,508.9,2921000,1475527500,0,0
2024-05-28,513,518.5,510.4,516.8,3763000,1940028100,0,0
2024-05-29,520.8,521.8,510,513,4200000,2159854800,0,0
2024-05-30,506,509.6,499.8,506.6,6404000,3239478100,0,0
2024-05-31,506,513.9,500.5,507.6,7665000,3885181100,0,0
2024-06-03,509.7,514.9,504.8,505.9,2693000,1369473600,0,0
2024-06-04,503.3,504.6,493.2,500.7,4617000,2305543900,0,0
2024-06-05,496.1,498.5,481.6,484.3,4765000,2319077000,0,0
2024-06-06,494,500.3,492,497.5,3738000,1856955300,0,0
2024-06-07,503,505,497.1,498.5,2127000,1063508200,0,0
2024-06-10,491.5,498.5,490,496.8,2370000,1175316400,0,0
2024-06-11,495.5,497.3,485.8,486.5,3788000,1853642800,0,0
2024-06-12,486,491.2,484.4,489.8,2500000,1223462100,0,0
2024-06-13,490.2,491,472.8,473.7,3904000,1866351000,0,0
2024-06-14,472.3,493.7,470.6,491,6050000,2929215200,0,0
2024-06-17,484.5,485.7,474.7,478.3,5446000,2605281200,0,0
2024-06-18,483.2,488.3,479,487.1,4710000,2285355000,0,0
2024-06-19,487.6,508.3,484.8,506.4,6417000,3218547100,0,0
2024-06-20,502.9,503.3,489.5,500.4,4188000,2084144900,0,0
2024-06-21,506.4,507,497,497.4,4213000,2103351800,0,0
2024-06-24,499.3,503,486.1,490,4001000,1968179000,0,0
2024-06-25,490,511.3,487.7,508.4,4539000,2286985600,0,0
2024-06-26,504,513.5,501.5,506.1,3898000,1975811800,0,0
2024-06-27,506.1,518.9,503.9,513.8,4773000,2451548800,0,0
2024-06-28,513.8,523.5,512.2,513.9,3629000,1873395300,0,0
2024-07-01,518.2,522.6,510.9,513.2,2182000,1123286700,0,0
2024-07-02,512,521.9,506.5,516.6,4077000,2101346900,0,0
2024-07-03,513.5,515.6,508.1,508.7,3702000,1889011100,0,0
2024-07-04,515.8,535,512.5,534.6,8072000,4266254600,0,0
2024-07-05,539.8,541.7,528.8,530.7,4965000,2643919100,0,0
2024-07-08,534.2,538.9,526.6,526.6,3867000,2049979800,0,0
2024-07-09,533,538.8,528.5,535.3,4651000,2485962900,0,0
2024-07-10,537.2,545,531.1,536.9,5052000,2715532100,0,0
2024-07-11,538.5,543.7,535.4,541.1,3796000,2050974900,0,0
2024-07-12,541.1,545.4,534.7,537.7,5823000,3138055200,0,0
2024-07-16,538.9,541.1,532.6,536.1,3181000,1705453400,0,0
2024-07-17,538.2,556.4,536.8,554.7,7183000,3956678700,0,0
2024-07-18,550.7,554.8,545.7,545.7,5015000,2756245400,0,0
2024-07-19,542.8,546.4,538,539.5,2900000,1568686200,0,0
2024-07-22,538.5,542.6,533.4,535.9,3948000,2122025200,0,0
2024-07-23,548,553.9,541.9,541.9,4605000,2514518800,0,0
2024-07-24,536,536,525.5,526.6,4355000,2309683800,0,0
2024-07-25,514.4,514.4,486.1,488.4,7231000,3571845800,0,0
2024-07-26,488.1,502.2,479.1,489.7,5543000,2724590000,0,0
2024-07-29,496.7,508.6,490.6,503.3,3865000,1943605400,0,0
2024-07-30,498.5,500.9,494.4,495.5,4244000,2107237900,0,0
2024-07-31,484,502.9,481.9,502.9,7820000,3891708300,0,0
2024-08-01,497.8,501.6,477.7,479.8,4135000,2004403000,0,0
2024-08-02,458.8,462.1,424.8,424.8,8947000,3908814700,0,0
2024-08-05,396.8,401.1,354.8,357.2,8812000,3326359300,0,1
2024-08-06,378.2,410.4,375.2,399,8577000,3406693800,0,0
2024-08-07,378.7,413.2,378.7,398.4,7906000,3162096100,0,0
2024-08-08,390,411.1,386.2,394.3,8511000,3377651800,0,0
2024-08-09,429.3,451.9,406.3,420.5,19977000,8490057800,0,0
2024-08-13,429.9,440.6,422.7,436.6,5454000,2363990700,0,0
2024-08-14,439.4,448.9,436.3,441.5,5931000,2621621900,0,0
2024-08-15,444,459.9,443,457.3,6284000,2862928600,0,0
2024-08-16,473.4,478.3,467.1,471.6,5799000,2737410600,0,0
2024-08-19,470.3,477,463.5,469,4102000,1932027000,0,0
2024-08-20,475.3,477.2,468.9,473.7,3072000,1453306800,0,0
2024-08-21,463.2,466.5,458.2,466.4,4252000,1971007600,0,0
2024-08-22,468.7,470.9,461.1,463.7,3633000,1686601000,0,0
2024-08-23,462.1,462.5,454.1,458.9,7239000,3311562700,0,0
2024-08-26,461,462,453.8,456,3652000,1670340000,0,0
2024-08-27,462.8,466.7,459.2,464.2,4107000,1902894900,0,0
2024-08-28,461.5,463.1,457.6,461.9,2269000,1046655700,0,0
2024-08-29,457.9,462.7,454.5,458.2,3854000,1763344300,0,0
2024-08-30,463,468.5,461.2,468.4,3473000,1618791100,0,0
2024-09-02,471,472,462.3,467.3,2577000,1203489700,0,0
2024-09-03,471,475.2,467.2,470.3,2980000,1403335200,0,0
2024-09-04,448.6,452,441.2,445.9,4722000,2108968200,0,0
2024-09-05,441.9,451.9,439.2,446.1,4153000,1851540600,0,0
2024-09-06,452,455.1,437.3,442.8,5941000,2626771300,0,0
2024-09-09,423,435.9,420,435.8,3854000,1655782100,0,0
2024-09-10,444.7,447.9,437.5,438,5472000,2423690500,0,0
2024-09-11,432.8,435.3,420.8,425.5,4703000,2008955300,0,0
2024-09-12,441.5,446.2,437.9,444.1,4659000,2061610500,0,0
2024-09-13,443.7,448.9,440.3,445.8,5434000,2419813200,0,0
2024-09-17,452.8,452.9,435.9,443.8,5278000,2335501400,0,0
2024-09-18,449,452.8,445.1,452.8,4620000,2078110600,0,0
2024-09-19,459.8,469.4,457.3,465.7,4846000,2251397200,0,0
2024-09-20,475.8,478.9,471.8,474.4,3626000,1723284000,0,0
2024-09-24,481.4,489.2,480.4,487.6,4872000,2366657500,0,0
2024-09-25,494,501.8,490.8,498.2,6307000,3138042500,0,0
2024-09-26,510,513,502.6,510.4,6126000,3107216700,0,0
2024-09-27,514,515.6,507.8,515.6,5028000,2580019900,0,0
2024-09-30,487.6,499,483.7,488,9560000,4667230000,0,0
2024-10-01,491.7,497.7,490,493.2,4024000,1987582000,0,0
2024-10-02,489,499.4,486,487.6,4295000,2109635300,0,0
2024-10-03,504.7,504.7,486.6,489.7,4664000,2296329900,0,0
2024-10-04,491.8,499.3,489,498.3,5114000,2529508000,0,0
2024-10-07,511.7,513.7,503.2,506.9,4411000,2243841600,0,0
2024-10-08,505,511.2,498.6,500.9,4415000,2218149000,0,0
2024-10-09,505.9,511,498.9,506.1,4454000,2245832900,0,0
2024-10-10,509.8,510.8,503.5,507.5,2906000,1475124600,0,0
2024-10-11,511.3,511.7,500.8,502.8,3250000,1642461400,0,0
2024-10-15,507.6,507.6,499.6,504.2,3398000,1711750600,0,0
2024-10-16,496,501.4,492.4,496.3,2220000,1104430000,0,0
2024-10-17,501.2,501.9,494.3,495.2,2690000,1338485400,0,0
2024-10-18,498.3,498.5,490.8,494.6,2678000,1322998100,0,0
2024-10-21,495.8,498.3,488.8,489.6,2360000,1163097200,0,0
2024-10-22,488.5,491.2,481.2,487.3,3503000,1704350000,0,0
2024-10-23,484.4,494.6,483.4,487.2,2611000,1277025800,0,0
2024-10-24,480.9,489.7,474.6,488.6,4257000,2059202500,0,0
2024-10-25,486,489.5,477.6,480.6,2633000,1265795800,0,0
2024-10-28,476,486.5,473.7,485.7,3371000,1630863500,0,0
2024-10-29,483.5,489.2,483,485.8,2527000,1226935200,0,0
2024-10-30,484.5,494.2,484.5,489,13225000,6469997100,0,0
2024-10-31,491.3,494.6,484.1,493.1,4074000,1999847900,0,0
2024-11-01,483.1,483.9,471.2,471.2,4800000,2281591100,0,0
2024-11-05,468.1,477.8,468.1,476.3,4687000,2222767200,0,0
2024-11-06,477,484.4,472.8,479.2,3419000,1636285500,0,0
2024-11-07,483.5,489.9,477.6,483.8,4223000,2042956500,0,0
2024-11-08,488.5,489,470.7,482.7,6342000,3040769700,0,0
2024-11-11,458.1,488.2,456.8,485.9,13400000,6366118100,0,0
2024-11-12,480.9,505.9,480.1,493.4,8552000,4240887200,0,0
2024-11-13,489,494.7,478.4,478.4,4709000,2275986700,0,0
2024-11-14,473.6,478.7,463.2,464.4,5097000,2397587200,0,0
2024-11-15,467.7,473.9,463.1,463.1,5925000,2771090800,0,0
2024-11-18,463,470.7,459.1,461.8,3588000,1662206800,0,0
2024-11-19,463,468.8,455.2,468,4532000,2100954900,0,0
2024-11-20,468,473.2,465.3,465.9,2708000,1266151100,0,0
2024-11-21,479.7,482.6,469.8,471.5,4335000,2057273800,0,0
2024-11-22,474.9,480.1,469.3,477.2,3083000,1466723700,0,0
2024-11-25,484.2,486.6,472.5,472.8,3413000,1626655600,0,0
2024-11-26,474,477.4,468.1,475.7,3107000,1470475000,0,0
2024-11-27,469.3,470.3,456.1,460.4,5623000,2589992200,0,0
2024-11-28,460,470.2,457.9,467.8,4588000,2135493500,0,0
2024-11-29,472.8,475.8,464.5,467.5,3796000,1778032000,0,0
2024-12-02,469.6,482.7,468.3,481.1,4221000,2018358800,0,0
2024-12-03,484,487,478.5,483.6,6581000,3175999500,0,0
2024-12-04,490,494.6,486.8,489.8,4799000,2354257900,0,0
2024-12-05,491.5,492.5,479.1,480.3,4639000,2236063800,0,0
2024-12-06,476.8,477.4,469,471.9,3230000,1527084600,0,0
2024-12-09,472.9,474.4,467,470.1,3534000,1661908600,0,0
2024-12-10,477.1,487,475.2,475.3,4790000,2295051300,0,0
2024-12-11,477.3,481.1,472.5,478.8,2870000,1369649800,0,0
2024-12-12,484.1,484.4,478.6,479.9,3424000,1648049400,0,0
2024-12-13,472.9,476.9,467.1,470.6,3834000,1806287000,0,0
2024-12-16,470.6,473,466.5,469.1,2715000,1273987600,0,0
2024-12-17,463.2,466.9,458.2,459.1,4700000,2162817600,0,0
2024-12-18,458.2,461.9,452.6,454.5,3733000,1702129300,0,0
2024-12-19,442.7,455.6,442.7,453.5,3918000,1767611200,0,0
2024-12-20,455.4,456.7,450.6,452.4,3104000,1406071800,0,0
2024-12-23,453,457.7,449.3,457.7,2776000,1262465400,0,0
2024-12-24,457.4,457.4,452.6,453.8,2290000,1039951900,0,0
2024-12-25,455,455.4,448,452.8,4081000,1839884800,0,0
2024-12-26,452.8,461,451,461,3626000,1656349400,0,0
2024-12-27,462.7,468.1,461.3,466.8,2985000,1388037800,0,0
2024-12-30,466.8,469,465,466.7,2359000,1101386800,0,0
2025-01-06,466,468.4,459.7,460.6,3385000,1563508200,0,0
2025-01-07,465.5,466.7,459,463.6,3227000,1496700900,0,0
2025-01-08,469.4,501.5,468.5,483.5,12968000,6326257900,0,0
2025-01-09,482.3,488,471,485.4,7106000,3411201100,0,0
2025-01-10,478.4,479.1,451.1,452.4,16248000,7424373700,0,0
2025-01-14,453,459.5,445.3,449.8,5863000,2645541700,0,0
2025-01-15,452.9,454.4,448.5,451.2,3227000,1455320800,0,0
2025-01-16,454.7,462.4,452.8,458.7,5418000,2483341200,0,0
2025-01-17,455,464.7,453.2,462.9,3270000,1506175000,0,0
2025-01-20,464.9,473.5,464,470.2,3554000,1669636900,0,0
2025-01-21,472.5,474.2,465.3,467.5,3469000,1625965500,0,0
2025-01-22,472.5,476.3,468.2,474.5,4148000,1964541200,0,0
2025-01-23,470.4,477.3,468.2,474.8,3064000,1451732800,0,0
2025-01-24,477.8,479.4,473.4,474,2979000,1418050300,0,0
2025-01-27,479,479,470.7,474,2430000,1152982000,0,0
2025-01-28,467,469.7,451.9,451.9,8337000,3808612900,0,0
2025-01-29,458.3,462.2,455.2,458.3,3576000,1640671600,0,0
2025-01-30,460.7,461.9,455.2,461.4,2477000,1139265800,0,0
2025-01-31,462.5,463.1,459.4,460.8,2922000,1347087200,0,0
2025-02-03,453.8,454.6,444.1,445,4605000,2058437700,0,0
2025-02-04,450.6,453.5,446.6,446.9,4204000,1889075000,0,0
2025-02-05,449.4,453.2,446.5,446.6,3411000,1528122600,0,0
2025-02-06,451.4,456.3,449.7,453.2,2811000,1274824100,0,0
2025-02-07,453.2,461.1,452.8,458,3483000,1594988200,0,0
2025-02-10,459.3,462.6,455.4,462.6,3221000,1482398700,0,0
2025-02-12,467.9,478.4,466.3,468.7,8952000,4224953800,0,0
2025-02-13,449,463.1,434.9,459.4,18993000,8593088600,0,0
2025-02-14,458.5,459.5,448.4,453.2,6240000,2816929500,0,0
2025-02-17,447.4,450.6,442.5,444,6912000,3081627900,0,0
2025-02-18,442.9,449.5,440.7,446.8,3356000,1494828800,0,0
2025-02-19,444.4,447.2,436.8,437.9,6802000,2992439000,0,0
2025-02-20,435.6,439.6,431.1,431.5,5306000,2302299400,0,0
2025-02-21,431.7,435.1,428.8,428.8,6022000,2594912400,0,0
2025-02-25,421.8,431.6,419.5,430.2,5774000,2470834800,0,0
2025-02-26,423.9,425,418,424.6,5793000,2443290300,0,0
2025-02-27,429.1,434.3,428.1,433.6,3174000,1372718300,0,0
2025-02-28,429,432.5,422,425.5,4067000,1730434600,0,0
2025-03-03,437.5,437.5,431.1,431.1,4397000,1902782800,0,0
2025-03-04,428.7,429.1,421.8,424.5,4286000,1820191300,0,0
2025-03-05,425,430.7,424.5,429.8,2943000,1261508600,0,0
2025-03-06,439,440,434.4,436.1,3173000,1385984800,0,0
2025-03-07,432.6,437.3,429.6,437.2,2899000,1260034500,0,0
2025-03-10,440,444.1,436.7,442.1,3734000,1648805900,0,0
2025-03-11,433,438.7,431.2,437.7,5479000,2383873700,0,0
2025-03-12,442.1,445.2,437.1,439.4,4957000,2182572900,0,0
2025-03-13,440.1,443.9,439,440,4063000,1791829800,0,0
2025-03-14,440,445.3,437.5,443.2,3490000,1544657800,0,0
2025-03-17,446.3,448.9,443.4,448.9,3827000,1710652200,0,0
2025-03-18,451.6,457.8,450.9,456.1,5497000,2503457900,0,0
2025-03-19,459.4,473,458.3,460.4,7198000,3351532400,0,0
2025-03-21,460.8,475.7,459.7,465.3,7345000,3440216300,0,0
2025-03-24,465,466.3,458.3,460.8,3637000,1677193700,0,0
2025-03-25,464.8,468.6,461.6,461.9,4282000,1988316100,0,0
2025-03-26,468.3,484.9,466,483,9378000,4484166000,0,0
2025-03-27,479.6,480.6,465.3,471.6,7162000,3375829300,0,0
2025-03-28,460,463.9,455.1,456.8,4144000,1897419000,0,0
2025-03-31,440.1,440.2,431.3,434.5,5112000,2224509400,0,0
2025-04-01,434.8,436.5,427.9,429.7,5261000,2270787800,0,0
2025-04-02,428.2,430,423.6,426.5,3074000,1310860500,0,0
2025-04-03,399,406,397.5,402.3,6175000,2481666500,0,0
2025-04-04,388.3,389.7,367.8,380,7300000,2762468500,0,0
2025-04-07,331,339.1,325.5,331.1,7532000,2508312100,0,0
2025-04-08,352.1,362.9,349.9,354.9,8292000,2948070700,0,0
2025-04-09,345,346.9,331,336.9,4882000,1645306000,0,0
2025-04-10,371.9,376,364.1,372.3,7502000,2786083500,0,0
2025-04-11,353.7,365.7,350.4,364.1,4277000,1536088500,0,0
2025-04-14,373.9,375.4,367.7,367.7,4122000,1526119000,0,0
2025-04-15,372,372.7,367.1,367.1,3552000,1310405000,0,0
2025-04-16,366.3,368.2,355,355.4,4288000,1539288700,0,0
2025-04-17,357.8,363.8,355.8,362.9,1978000,714881300,0,0
2025-04-18,365,371,363.7,370.2,1999000,736778800,0,0
2025-04-21,365.6,367.6,362.7,365.5,2419000,884045700,0,0
2025-04-22,365.1,373,364.7,372.3,3584000,1329153600,0,0
2025-04-23,379.3,379.4,372.6,373.8,4134000,1549038100,0,0
2025-04-24,377.9,383.3,376.2,378.7,4218000,1600925500,0,0
2025-04-25,384.7,389.7,384.1,387.6,3891000,1504395200,0,0
2025-04-28,390,391,386.5,386.7,3214000,1248389500,0,0
2025-04-30,388.5,391.2,383.1,387.3,4161000,1607328400,0,0
2025-05-01,385.3,389.5,383.3,387.3,4739000,1831717900,0,0
2025-05-02,391.7,391.7,387.2,388.2,3043000,1184492900,0,0
2025-05-07,391,392.4,387.5,390.3,3779000,1473148100,0,0
2025-05-08,390.3,392.6,388,388.9,2342000,913307600,0,0
2025-05-09,395.9,397.4,392.4,395.3,2882000,1139297100,0,0
2025-05-12,398.7,402.6,397.8,402.2,2646000,1060252000,0,0
2025-05-13,409.2,411,403,404.2,4276000,1735055400,0,0
2025-05-14,436.6,439,424,434.3,11983000,5182888700,0,0
2025-05-15,427.3,448.8,427,441,10299000,4552945100,0,0
2025-05-16,442.3,456.3,438.2,454.4,8279000,3722641900,0,0
2025-05-19,447.4,451.9,442.5,443.6,4648000,2068317300,0,0
2025-05-20,447.1,448.9,441.1,442.5,3682000,1633045900,0,0
2025-05-21,447.9,466,446.3,461.5,10890000,4976318700,0,0
2025-05-22,459.5,472.8,459.5,465.8,7648000,3567453900,0,0
2025-05-23,469,478.4,467.6,476,5769000,2735331000,0,0
2025-05-26,477,484,472.1,483.6,4250000,2037187800,0,0
2025-05-27,484.3,490.5,481.6,490.4,4612000,2247803200,0,0
2025-05-28,497.4,498.4,491.1,492.6,5672000,2801482000,0,0
2025-05-29,495.8,500.7,489.6,499.7,6108000,3036056600,0,0
2025-05-30,490,499.7,489.8,495,5573000,2762663500,0,0
2025-06-02,489.5,494.5,485.2,493.4,4787000,2348862000,0,0
2025-06-03,493,495.4,488.9,493.4,4440000,2188268800,0,0
2025-06-04,498.4,500.1,492.2,494.4,4768000,2368054900,0,0
2025-06-05,501.4,514.8,499.6,504.1,7338000,3697688200,0,0
2025-06-06,502,506.9,499.9,502.4,4557000,2294186000,0,0
2025-06-09,501.5,512.4,498.3,508,4614000,2335878100,0,0
2025-06-10,507.7,509.1,493.3,493.3,6203000,3093363100,0,0
2025-06-11,490.5,497.1,489.3,495.3,5450000,2687883800,0,0
2025-06-12,485.6,486.4,479.5,482.8,7224000,3483490900,0,0
2025-06-13,482.5,482.5,469.5,470.6,4208000,1993094800,0,0
2025-06-16,473.8,480.7,472.4,475.1,4211000,2006486600,0,0
2025-06-17,475.1,482,473.2,479.6,2907000,1391631100,0,0
2025-06-18,474.9,476.9,472.5,476.9,2963000,1408588000,0,0
2025-06-19,476,477.4,471.6,473.4,2263000,1072837900,0,0
2025-06-20,471.2,473.4,468.5,469.9,4475000,2106356600,0,0
2025-06-23,464.4,466.7,460.3,466.5,3578000,1662911100,0,0
2025-06-24,467.8,472.8,465.5,468.7,5258000,2464106500,0,0
2025-06-25,469.5,473,465.2,471.2,4728000,2220959200,0,0
2025-06-26,473,480.4,471.2,477.8,5195000,2475287100,0,0
2025-06-27,497.5,508.8,495.7,506.2,10497000,5288091300,0,0
2025-06-30,506.4,509.3,502.3,503.9,5398000,2724715000,0,0
2025-07-01,499.1,504.3,498,500,4896000,2453649500,0,0
2025-07-02,495.9,513.5,494.1,508.6,5089000,2581593900,0,0
2025-07-03,518.6,523.9,510.7,515,6336000,3266608800,0,0
2025-07-04,516.6,519.2,503.7,505.1,4867000,2475311900,0,0
2025-07-07,502,503.6,499.1,500.7,2544000,1274526600,0,0
2025-07-08,501,518.9,500.3,511.8,3943000,2018492800,0,0
2025-07-09,519.6,521.8,511.8,516.8,6905000,3571338000,0,0
2025-07-10,514.4,524.2,513.5,521.8,5914000,3074425700,0,0
2025-07-11,523.3,526.4,519.4,523.5,3799000,1987364600,0,0
2025-07-14,525,526.4,517,517.9,2724000,1416424700,0,0
2025-07-15,518.4,522.5,516,522.5,3026000,1575822900,0,0
2025-07-16,521,525.9,518.3,520.8,3365000,1756407400,0,0
2025-07-17,516,523.1,512.7,523.1,2833000,1474094000,0,0
2025-07-18,524,526.9,522.7,525.4,2856000,1499123500,0,0
2025-07-22,530,540.4,529.4,539,5751000,3086067800,0,0
2025-07-23,546.8,552.4,543.5,546.8,5878000,3213827300,0,0
2025-07-24,547.3,565,546.5,563.1,6407000,3585353600,0,0
2025-07-25,560,585.8,559.2,582.6,13777000,7959628200,0,0
2025-07-28,587,591.3,578.7,588.1,7005000,4095648500,0,0
2025-07-29,587.5,603.9,581.8,599,13694000,8179975800,0,0
2025-07-30,593.8,613.4,593.4,613,9001000,5480996900,0,0
2025-07-31,603.1,647.9,600.8,645,14986000,9499147100,0,0
2025-08-01,645,661,643,660.5,10200000,6684124700,0,0
2025-08-04,646.1,669.1,641,660.7,11567000,7616213600,0,0
2025-08-05,666.6,673.9,661.5,670,6532000,4374363600,0,0
2025-08-06,674,684.6,671,683,8147000,5551109700,0,0
2025-08-07,685,689.5,676.1,684.6,7780000,5321003800,0,0
2025-08-08,680.7,686.2,661.6,669.3,9742000,6557827600,0,0
2025-08-12,696.1,767.2,695.9,755.6,21966000,16403231800,0,0
2025-08-13,763.2,788.2,753,785,12474000,9669967300,0,0
2025-08-14,772.2,792.6,767.6,768.6,9053000,7030504800,0,0
2025-08-15,770.1,848.3,768.6,846.1,19961000,16484222000,0,0
2025-08-18,845,911.7,836.4,903.7,22540000,20062656100,0,0
2025-08-19,890,928,882.2,914.1,23807000,21641590300,0,0
2025-08-20,850,876,839.1,857,29142000,24915009400,0,0
2025-08-21,892.1,965,891.1,923,62155000,58010186300,0,0
2025-08-22,924.7,953.7,907.5,931,31483000,29549299600,0,0
2025-08-25,976,987.6,956.9,984.8,22164000,21584736300,0,0
2025-08-26,980.6,995.5,962.8,980.3,20105000,19723718100,0,0
2025-08-27,987.4,1040,975.6,1012,35699000,36136496700,0,0
2025-08-28,1004.5,1062,997.5,1040,25061000,25936459500,0,0
2025-08-29,1052,1067.5,1028,1052.5,23923000,25141256000,0,0
2025-09-01,1040,1050,1013.5,1021.5,22318000,22964709500,0,0
2025-09-02,1036.5,1087.5,1014,1070.5,30928000,32997371000,0,0
2025-09-03,1068.5,1094.5,1058,1072.5,23451000,25314776500,0,0
2025-09-04,1080,1105.5,1055,1067,24420000,26457470500,0,0
2025-09-05,1077,1085.5,1036,1055,21878000,23089943500,0,0
2025-09-08,1070,1072.5,1045.5,1067.5,18181000,19254505500,0,0
2025-09-09,1071,1074,996.1,996.1,29831000,30281476100,0,0
2025-09-10,995,1040,993.6,1030,23065000,23623629500,0,0
2025-09-11,1037,1099,1030,1080,25485000,27461572500,0,0
2025-09-12,1094,1095,1032.5,1032.5,17903000,18927230500,0,0
2025-09-16,1049,1071,1016,1070.5,16566000,17406898500,0,0
2025-09-17,1056,1065,1007.5,1020.5,15480000,15923674000,0,0
2025-09-18,1047,1088.5,1029.5,1081,16487000,17544560500,0,0
2025-09-19,1100,1134,1059,1081,25748000,28034701000,0,0
2025-09-22,1090,1090,1053.5,1063,11595000,12345436500,0,0
2025-09-24,1083,1100.5,1069.5,1100.5,11591000,12623909500,0,0
2025-09-25,1130,1191.5,1104.5,1180.5,27075000,31403781500,0,0
2025-09-26,1165.5,1169,1133,1152,19275000,22190568000,0,0
2025-09-29,1169,1176.5,1142,1158.5,9892000,11438388000,0,0
2025-09-30,1172,1173,1133.5,1150.5,9851000,11352611000,0,0
2025-10-01,1134.5,1164.5,1116.5,1163,10933000,12517458000,0,0
2025-10-02,1191.5,1244,1186,1235,20500000,25016382500,0,0
2025-10-03,1244,1329,1226.5,1318,26804000,34637102000,0,0
2025-10-06,1357.5,1366,1301,1321.5,17015000,22527829500,0,0
2025-10-07,1390,1425.5,1303,1307,26168000,35507599500,0,0
2025-10-08,1277,1374,1274,1368.5,19716000,26462094000,0,0
2025-10-09,1414,1428,1380.5,1406,16631000,23345071500,0,0
2025-10-10,1405,1408.5,1361.5,1366,11729000,16119690000,0,0
2025-10-14,1366.5,1429,1319.5,1319.5,25154000,34481397500,0,0
2025-10-15,1330,1371,1330,1361.5,12887000,17467486500,0,0
2025-10-16,1375,1391,1356,1368,10425000,14293209000,0,0
2025-10-17,1345.5,1409.5,1337.5,1367.5,13111000,17951902000,0,0
2025-10-20,1395.5,1420.5,1350.5,1420.5,15346000,21406791000,0,0
2025-10-21,1412.5,1429,1367.5,1371.5,14037000,19639136500,0,0
2025-10-22,1341.5,1384.5,1303,1373.5,17211000,23124888500,0,0
2025-10-23,1337,1383,1337,1360.5,9750000,13249213500,0,0
2025-10-24,1390.5,1413.5,1365,1408,16567000,23032986500,0,0
2025-10-27,1468,1491.5,1424,1485,14814000,21671211500,0,0
2025-10-28,1470,1473,1427.5,1436.5,12252000,17735811000,0,0
2025-10-29,1500,1560,1474,1553,18202000,27660014000,0,0
2025-10-30,1557,1576,1513.5,1550.5,16212000,25068808000,0,0
2025-10-31,1590.5,1616.5,1533,1576,12831000,20165104500,0,0
2025-11-04,1651.5,1701.5,1587,1606.5,22367000,36949145000,0,0
2025-11-05,1526.5,1550,1427.5,1534,25814000,38719620000,0,0
2025-11-06,1585,1650.5,1556.5,1650.5,15590000,25092360500,0,0
2025-11-07,1570,1603.5,1537,1565,16290000,25471298000,0,0
2025-11-10,1563.5,1638.5,1535.5,1596.5,14254000,22892372500,0,0
2025-11-11,1628,1628.5,1539.5,1553.5,15326000,24284040500,0,0
2025-11-12,1731.5,1931,1673.5,1915,78243000,143759514000,0,0
2025-11-13,1931,2001,1802.5,1940,52505000,101041792500,0,0
2025-11-14,1820,1995,1820,1950,43053000,83180245000,0,0
2025-11-17,2020,2123,2020,2123,35167000,73355470500,0,0
2025-11-18,2073,2115,1942.5,1942.5,41871000,84679133500,0,0
2025-11-19,1911.5,1999,1844.5,1940,38722000,74974261500,0,0
2025-11-20,2120,2122,2012.5,2085,27443000,57005468500,0,0
2025-11-21,1905,1952.5,1787.5,1829,38892000,72136182000,0,0
2025-11-25,1837,1846,1676,1748,53480000,93741162000,0,0
2025-11-26,1788,1851,1761,1791,31309000,56669031000,0,0
2025-11-27,1838.5,1861.5,1812,1822,17521000,32185698500,0,0
2025-11-28,1828.5,1849.5,1781,1783,13768000,24823998500,0,0
2025-12-01,1790,1791.5,1648.5,1662,28206000,47706737500,0,0
2025-12-02,1676,1742.5,1662,1697.5,18285000,31236050500,0,0
2025-12-03,1750,1815,1742,1777.5,20002000,35732425000,0,0
2025-12-04,1765,1796.5,1737.5,1752.5,11439000,20169093500,0,0
2025-12-05,1774,1812,1733.5,1798.5,12676000,22557012000,0,0
2025-12-08,1801,1846.5,1790.5,1838.5,14997000,27342306000,0,0
2025-12-09,1811,1824.5,1761,1800,12113000,21786425500,0,0
2025-12-10,1900,1935,1831.5,1841.5,33620000,62931227000,0,0
2025-12-11,1808,1855.5,1752.5,1758,21836000,39284436500,0,0
2025-12-12,1830,1835,1773.5,1810,12381000,22284235000,0,0
2025-12-15,1745,1780,1714,1731,10215000,17787064000,0,0
2025-12-16,1715.5,1718,1633,1673.5,17891000,29895878000,0,0
2025-12-17,1662,1726,1644,1720,13239000,22497468000,0,0
2025-12-18,1690,1754.5,1680.5,1725,15711000,27115441000,0,0
2025-12-19,1728,1737,1677.5,1715,15632000,26651645000,0,0
2025-12-22,1800.5,1878,1767.5,1844.5,22585000,41434424000,0,0
2025-12-23,1823,1832,1789.5,1811,9314000,16862229000,0,0
2025-12-24,1843,1844.5,1799,1804.5,12022000,21853821500,0,0
2025-12-25,1835,1849.5,1781,1786,7937000,14374757500,0,0
2025-12-26,1780,1782.5,1727,1732.5,11354000,19860342000,0,0
2025-12-29,1764.5,1816,1753.5,1780,15249000,27238835000,0,0
2025-12-30,1740,1790.5,1722.5,1763.5,9786000,17221689000,0,0
2026-01-05,1817,1886.5,1799.5,1859.5,17383000,32322125500,0,0
2026-01-06,1888,1917.5,1853,1917.5,16440000,31100686000,0,0
2026-01-07,1942,2054.5,1926.5,1926.5,24150000,47809163000,0,0
2026-01-08,1931,2072.5,1924,2014,34812000,70014203500,0,0
2026-01-09,1984.5,2030,1948,1990,18449000,36503350500,0,0
2026-01-13,2120,2139.5,2025,2029.5,20639000,42781703500,0,0
2026-01-14,2067,2160,2046,2144.5,21740000,45931713500,0,0
2026-01-15,2145.5,2217.5,2125,2164.5,25330000,55199547500,0,0
2026-01-16,2167.5,2253.5,2155,2222,21383000,47292265000,0,0
2026-01-19,2198.5,2296,2188,2292,26920000,60477053500,0,0
2026-01-20,2263,2266,2130.5,2204,24490000,53805950000,0,0
2026-01-21,2141,2241,2140.5,2197,17043000,37502039500,0,0
2026-01-22,2216.5,2269,2157.5,2168.5,22745000,49858409500,0,0
2026-01-23,2180,2219.5,2152,2181.5,13391000,29294000000,0,0
2026-01-26,2170,2248.5,2146.5,2170.5,15826000,34776107000,0,0
2026-01-27,2150.5,2201,2140,2190,14334000,31219719000,0,0
2026-01-28,2200,2256.5,2119.5,2157,20377000,44210972500,0,0
2026-01-29,2157,2189.5,2090.5,2163,17677000,38109466500,0,0
2026-01-30,2121,2147,2007.5,2037,20959000,43516645000,0,0
2026-02-02,1998.5,2122,1951,1979.5,30819000,62582211500,0,0
2026-02-03,2042.5,2109,2011,2081.5,19748000,40792702500,0,0
2026-02-04,2110.5,2210,2102,2201.5,22488000,48824366000,0,0
2026-02-05,2209.5,2228,2046,2108.5,21390000,45630037000,0,0
2026-02-06,2058.5,2135,2050.5,2078.5,13210000,27586955500,0,0
2026-02-09,2223,2316.5,2192,2259.5,27868000,63238161500,0,0
2026-02-10,2350,2379,2302.5,2343,14466000,33964483000,0,0
2026-02-12,2486,2643,2472,2599,25771000,66659707500,0,0
2026-02-13,2580,2688,2543.5,2654,28188000,74014409500,0,0
2026-02-16,3000,3000,2789.5,2836,38434000,110549536500,0,0
2026-02-17,2869,2870,2729,2746,21340000,59170678500,0,0
2026-02-18,2718,2904,2703.5,2851.5,31959000,90536519500,0,0
2026-02-19,2901.5,3023,2881,2967.5,22356000,65804733000,0,0
2026-02-20,2990,3186,2971.5,3129,34479000,106769659000,0,0
2026-02-24,3221,3338,3143,3304,28924000,93867873000,0,0
2026-02-25,3304,3582,3252,3574,36282000,124351731000,0,0
2026-02-26,3644,3850,3557,3620,50617000,187155466000,0,0
2026-02-27,3534,3738,3508,3691,27540000,100712643000,0,0
2026-03-02,3660,3899,3590,3868,33274000,126381192000,0,0
2026-03-03,3872,3960,3591,3613,37029000,139888072000,0,0
2026-03-04,3445,3555,3185,3283,47955000,159805628000,0,0
2026-03-05,3504,3586,3318,3417,32141000,111138430000,0,0
2026-03-06,3322,3385,3174,3274,23643000,77247168000,0,0
2026-03-09,3001,3061,2787,2948.5,40551000,117448180500,0,0
2026-03-10,3101,3200,3059,3079,21375000,66750295000,0,0
2026-03-11,3200,3353,3173,3238,20770000,67948316000,0,0
2026-03-12,3168,3234,3089,3126,20493000,64461401000,0,0
2026-03-13,3013,3240,3011,3158,22771000,71941736000,0,0
2026-03-16,3228,3249,3031,3160,19682000,61989819000,0,0
2026-03-17,3260,3313,3011,3011,22222000,69805187000,0,0
2026-03-18,3125,3250,3070,3240,18626000,59091652000,0,0
2026-03-19,3142,3204,3027,3111,22118000,69133020000,0,0
2026-03-23,2882,2923.5,2788,2919,27999000,80142239500,0,0
2026-03-24,3019,3104,2891,3010,21281000,63542733000,0,0
2026-03-25,3200,3269,3101,3163,19662000,62748134000,0,0
2026-03-26,3198,3239,3055,3089,15183000,47717545000,0,0
2026-03-27,3019,3149,2935,3127,19468000,59428285500,0,0
2026-03-30,2973,2980.5,2899,2956.5,21331000,62763167500,0,0
2026-03-31,2757.5,2878.5,2739,2804,24892000,69913969000,0,0
2026-04-01,3004,3073,2968.5,3073,15002000,45299004000,0,0
2026-04-02,3143,3164,2925,2965,19976000,60435018000,0,0
2026-04-03,3113,3164,3080,3152,14042000,43970054000,0,0
2026-04-06,3152,3240,3130,3196,16890000,53979093000,0,0
2026-04-07,3162,3184,3085,3155,13865000,43468196000,0,0
2026-04-08,3400,3533,3347,3500,24428000,84507409000,0,0
2026-04-09,3432,3520,3374,3477,18770000,64645166000,0,0
2026-04-10,3539,3720,3480,3720,24186000,87463947000,0,0
2026-04-13,3650,3698,3547,3643,20127000,72815801000,0,0
2026-04-14,3845,3873,3795,3826,17870000,68470406000,0,0
2026-04-15,3966,3983,3538,3569,27070000,100499674000,0,0
2026-04-16,3600,3805,3573,3775,22343000,83309976000,0,0
2026-04-17,3749,3760,3639,3650,12629000,46530220000,0,0
2026-04-20,3621,3665,3540,3548,10235000,36890029000,0,0
2026-04-21,3584,3755,3577,3739,14729000,54456744000,0,0
2026-04-22,3720,3857,3623,3826,16967000,63716484000,0,0
2026-04-23,3900,3906,3640,3683,15601000,58542067000,0,0
2026-04-24,3800,3929,3762,3866,15707000,60409693000,0,0
2026-04-27,3870,4005,3712,3930,21561000,83957164000,0,0
2026-04-28,3989,4167,3938,4137,23868000,97739833000,0,0
2026-04-30,4103,4288,4056,4235,24641000,103420568000,0,0
2026-05-01,4234,4295,4105,4106,16693000,69695535000,0,0
2026-05-07,4596,4806,4550,4806,21519000,101552569000,1,0
2026-05-08,4800,5000,4732,5000,25826000,125654313000,0,0
2026-05-11,5200,5320,5030,5125,25514000,132229882000,0,0
2026-05-12,5150,5297,4964,5085,20981000,107680305000,0,0
2026-05-13,4984,5586,4981,5490,33178000,177514624000,0,0
2026-05-14,4990,5334,4790,5066,61855000,312266609000,0,0
2026-05-18,4610,4959,4521,4732,28729000,138799043000,0,0
2026-05-19,4749,4820,4390,4479,21048000,96041225000,0,0
2026-05-20,4371,4511,4302,4436,17599000,77443279000,0,0
2026-05-21,4576,4813,4457,4667,19792000,92653581000,0,0
2026-05-22,4746,5061,4708,4961,19648000,96766886000,0,0
2026-05-25,5079,5399,5008,5333,18474000,97218427000,0,0
2026-05-26,5290,5488,5207,5374,17187000,92201816000,0,0
2026-05-27,5565,5770,5163,5180,18913000,102025667000,0,0
2026-05-28,5015,5114,4783,4875,21494000,105629045000,0,0
2026-05-29,5015,5192,4881,5163,52441000,268988295000,0,0
2026-06-01,5212,5523,5194,5384,18648000,100716146000,0,0
2026-06-02,5327,5329,4826,4955,22878000,114216699000,0,0
2026-06-03,4992,5087,4722,4760,23088000,111610508000,0,0
2026-06-04,4653,4739,4510,4605,17830000,81859065000,0,0
2026-06-05,4401,4513,4253,4449,17024000,75137527000,0,0
2026-06-08,4029,4193,4004,4135,15146000,61860299000,0,0
2026-06-09,4205,4239,3874,3946,26223000,104087831000,0,0
2026-06-10,3870,3911,3624,3698,19787000,74458358000,0,0
2026-06-11,3566,3784,3504,3733,16989000,62464359000,0,0
2026-06-12,4100,4424,4053,4390,38681000,166354456000,0,0
2026-06-15,4559,4695,4461,4469,24340000,110903715000,0,0
2026-06-16,4500,4875,4499,4850,27359000,129390370000,0,0
2026-06-17,4710,4875,4609,4760,17168000,81342062000,0,0
2026-06-18,4718,4970,4699,4810,19724000,96041979000,0,0
2026-06-19,4985,5067,4711,4882,21425000,104321083000,0,0
2026-06-22,5022,5357,4965,5293,17896000,93435820000,0,0
2026-06-23,5419,5444,4573,4625,23274000,113704715000,0,0
2026-06-24,4629,4837,4511,4604,16469000,77134676000,0,0
2026-06-25,4755,4769,4544,4639,11548000,53566113000,0,0
2026-06-26,4499,4557,4195,4239,13241000,57408656000,0,0
2026-06-29,4239,4250,4036,4194,22420000,92743648000,0,0
2026-06-30,4264,4302,4170,4255,12115000,51425884000,0,0
2026-07-01,4365,4459,4218,4316,15737000,67962833000,0,0
2026-07-02,4150,4154,3808,3825,15951000,62663334000,0,0
2026-07-03,3767,3886,3619,3874,21850000,82657762000,0,0
2026-07-06,3891,3906,3716,3752,8432000,31973073000,0,0
2026-07-07,3715,3764,3527,3593,11993000,43477191000,0,0
2026-07-08,3492,3608,3370,3373,17011000,58730897000,0,0
2026-07-09,3443,3612,3428,3509,14219000,49784865000,0,0
2026-07-10,3649,3764,3612,3646,12922000,47674456000,0,0
2026-07-13,3588,3710,3446,3528,7798000,27628194000,0,0
2026-07-14,3500,3509,3326,3439,13857000,47159771000,0,0
2026-07-15,3549,3583,3375,3498,9408000,32675275000,0,0
2026-07-16,3330,3332,3177,3228,9618000,31159074000,0,0
2026-07-17,3059,3076,2859.5,2998,15343000,45498634500,0,0
2026-07-21,3048,3140,2933.5,3129,10961000,33447255000,0,0
2026-07-22,3428,3529,3339,3360,16656000,57216085000,0,0
2026-07-23,3480,3521,3332,3390,7921000,26895898000,0,0
2026-07-24,3333,3366,3138,3191,7229000,23211350000,0,0
2026-07-27,3191,3223,3024,3123,9441000,29200340000,0,0
2026-07-28,2997.5,2999.5,2772,2801,11164000,31799347000,0,0
2026-07-29,2801,2843.5,2478,2566.5,14569000,38174576500,0,0
2026-07-30,2567,2808,2495,2709.5,16140000,43678202000,0,0
2026-07-31,3080,3197,3011,3095,21259000,66264655000,0,0
2026-08-03,3047,3127,2961,3089,9761000,29838626000,0,0
2026-08-04,3050,3203,3044,3190,10642000,33392205000,0,0
2026-08-05,3390,3544,3337,3538,15055000,52295778000,0,0
2026-08-06,3480,3520,3172,3197,13679000,45196670000,0,0
2026-08-07,3205,3282,3045,3222,18323000,58215157000,0,0
2026-08-10,2742,2824.5,2572.5,2785.5,54842000,148842015000,0,0
2026-08-12,2820,2901.5,2768,2900,26558000,75801687500,0,0
2026-08-13,2998,3096,2926.5,2950,21999000,65356957500,0,0
2026-08-14,2985,3014,2898.5,2937.5,19352000,56996360000,0,0
2026-08-17,3038,3178,2983,3159,16104000,49434907000,0,0
2026-08-18,3270,3312,2982,3006,21406000,66537865500,0,0
2026-08-19,2886,2909,2725.5,2750.5,20592000,57733319500,0,0
2026-08-20,2750,2907,2704.5,2857,20584000,58428010500,0,0
2026-08-21,2757,2845.5,2753,2821,13618000,38227282500,0,0
2026-08-24,2871,2898.5,2789,2846.5,16183000,46028143000,0,0
2026-08-25,2818,2883.5,2738.5,2833,14076000,39704874500,0,0
2026-08-26,2807.5,2909.5,2773.5,2902.5,11852000,33762637500,0,0
2026-08-27,2952.5,2953.5,2775,2885,13328000,38132383000,0,0
2026-08-28,2898,2938,2872,2900,8576000,24924063000,0,0
2026-08-31,2750,2939,2735.5,2934.5,12394000,35400129000,0,0
2026-09-01,2858,2906.5,2821,2882.5,10445000,29970985500,0,0
2026-09-02,2782.5,2790.5,2619,2634,19198000,51191648500,0,0
2026-09-03,2632,2649,2528,2550.5,15940000,41068343500,0,0
2026-09-04,2574.5,2609,2537,2563.5,14591000,37475845000,0,0
2026-09-07,2638,2648,2561.5,2580,14954000,38895693000,0,0
2026-09-08,2570,2624,2490.5,2490.5,11541000,29666857000,0,0
2026-09-09,2606,2679.5,2572.5,2620,17734000,46556873000,0,0
2026-09-10,2621.5,2624.5,2414.5,2470.5,20494000,50555833500,0,0
2026-09-11,2320.5,2359,2294,2324,18665000,43285904500,0,0
2026-09-14,2200,2288.5,2175,2282.5,13570000,30418485000,0,0
2026-09-15,2255,2331,2238,2280.5,11162000,25549392500,0,0
2026-09-16,2266.5,2283,2216,2276,7744000,17474846000,0,0
2026-09-17,2280,2290,2121,2123.5,18594000,40396940000,0,0
2026-09-18,2173.5,2280,2139,2279.5,26356000,58650672000,0,0
2026-09-24,2235.5,2371,2222,2302.5,19539000,45211534500,0,0
2026-09-25,2295,2330,2252,2297.5,10827000,24758804000,0,0
2026-09-28,2335,2364.5,2290,2308,10849000,25217015000,0,0
2026-09-29,2280,2305,2211,2272,6878100,15469919200,0,0
2026-09-30,2305.5,2335,2232,2291.5,11667000,26799850350,0,0
2026-10-01,2360,2484.5,2345.5,2464.5,16244900,39577888750,0,0
2026-10-02,2488,2647,2479,2553.5,18997300,48808827500,0,0
