Date,Open,High,Low,Close,Volume,TradingValue,UpLimit,UnderLimit
2016-02-05,89.166667,90.666667,87.5,89,19362000,,,
2016-02-08,87.333333,90.666667,86.666667,89.833333,12336000,,,
2016-02-09,86.166667,86.166667,83.666667,84,11166000,,,
2016-02-10,84.833333,85.333333,81,82.666667,13380000,,,
2016-02-12,79,80,77.166667,77.333333,18120000,,,
2016-02-15,81.666667,83.833333,80,83.166667,14790000,,,
2016-02-16,81.333333,84.5,79.5,82.666667,21066000,,,
2016-02-17,82.333333,85,81,82.166667,12036000,,,
2016-02-18,85,85,83.5,83.666667,8304000,,,
2016-02-19,82,82.666667,79.5,80.5,18066000,,,
2016-02-22,78.833333,79.333333,77,77.666667,19920000,,,
2016-02-23,83,85.5,81,82.833333,48546000,,,
2016-02-24,82,83.666667,80.5,83.5,18936000,,,
2016-02-25,85.333333,88,84.333333,87.333333,22434000,,,
2016-02-26,88.666667,89.666667,87.666667,87.666667,17490000,,,
2016-02-29,88.833333,89.833333,87,87,12312000,,,
2016-03-01,86.666667,87,85,86.833333,15450000,,,
2016-03-02,89.5,90.833333,88.166667,90.5,13260000,,,
2016-03-03,90,92.5,89.666667,92.166667,8418000,,,
2016-03-04,93,95,92.666667,94.666667,12306000,,,
2016-03-07,95,96.5,94.666667,95.333333,17274000,,,
2016-03-08,94.333333,95.666667,90.833333,92.333333,19440000,,,
2016-03-09,92.333333,93.833333,91.5,92.833333,17112000,,,
2016-03-10,94.5,95.333333,93.5,94.333333,8862000,,,
2016-03-11,92.666667,95.333333,91.833333,94.666667,17904000,,,
2016-03-14,95.833333,96.333333,95.166667,95.166667,9090000,,,
2016-03-15,94.833333,95.5,93.333333,93.666667,12894000,,,
2016-03-16,93.666667,95,93.166667,93.5,9900000,,,
2016-03-17,94.166667,95.5,92.333333,92.833333,11154000,,,
2016-03-18,92.833333,94,91.833333,92.5,11244000,,,
2016-03-22,94.5,95.833333,93.333333,94.833333,10458000,,,
2016-03-23,95,95.333333,92.666667,93.333333,8676000,,,
2016-03-24,93.333333,93.333333,91.166667,91.166667,13302000,,,
2016-03-25,92,92.833333,91.166667,92.666667,5832000,,,
2016-03-28,93.333333,94,91.5,93,10002000,,,
2016-03-29,91.5,92.833333,90.666667,92.333333,8706000,,,
2016-03-30,92.666667,92.666667,90.333333,90.333333,11178000,,,
2016-03-31,90.5,91.666667,88.166667,88.333333,17166000,,,
2016-04-01,89,89,86,86.166667,14994000,,,
2016-04-04,86.333333,88,85.833333,86.5,11070000,,,
2016-04-05,86.5,87.333333,83.833333,84.166667,16698000,,,
2016-04-06,83.666667,85.166667,83.333333,84.833333,11202000,,,
2016-04-07,84.166667,85.166667,83.166667,84.333333,11478000,,,
2016-04-08,83.833333,88.333333,83.666667,87,14772000,,,
2016-04-11,87,87.5,85.5,87.166667,12366000,,,
2016-04-12,87.166667,89.5,86.833333,89,13326000,,,
2016-04-13,90.333333,92.5,90.333333,92.166667,12786000,,,
2016-04-14,93.666667,95,92.833333,94.666667,13842000,,,
2016-04-15,93.833333,95.166667,93,93.333333,11232000,,,
2016-04-18,90,91,89.333333,89.5,12774000,,,
2016-04-19,92.666667,93.833333,91.5,93.666667,11172000,,,
2016-04-20,95.666667,96,93.166667,93.5,9756000,,,
2016-04-21,95.833333,95.833333,94,94.833333,10668000,,,
2016-04-22,93.5,94,92,93.833333,18438000,,,
2016-04-25,94.833333,95,93.333333,94.333333,10014000,,,
2016-04-26,93.333333,93.833333,91.166667,93,12822000,,,
2016-04-27,93.666667,94,92,92.833333,10044000,,,
2016-04-28,94.166667,94.833333,90,90.5,13452000,,,
2016-05-02,86.833333,87,85.5,86.333333,11292000,,,
2016-05-06,87.166667,88,85.166667,85.833333,10182000,,,
2016-05-09,86.333333,86.833333,85.333333,86.5,7290000,,,
2016-05-10,86.5,87.666667,85,87.333333,12696000,,,
2016-05-11,92,92,87,88,27972000,,,
2016-05-12,86.666667,89.166667,86.666667,89,9048000,,,
2016-05-13,89.5,90,85.5,86.666667,22044000,,,
2016-05-16,86.333333,89.166667,86.166667,88.166667,13896000,,,
2016-05-17,89.833333,90.833333,89,90.833333,13062000,,,
2016-05-18,90.666667,92.833333,90.333333,92.166667,13434000,,,
2016-05-19,92.833333,94,91.166667,92,12198000,,,
2016-05-20,91.5,93.333333,91,92.5,15462000,,,
2016-05-23,91.5,92,89.666667,91.833333,13314000,,,
2016-05-24,91.5,91.833333,90.5,91.5,10992000,,,
2016-05-25,94.166667,94.666667,93.166667,93.5,16758000,,,
2016-05-26,94.666667,95.166667,93.666667,94.166667,12894000,,,
2016-05-27,95.333333,96.333333,95.333333,96,14946000,,,
2016-05-30,96.666667,97.5,95,95.833333,15642000,,,
2016-05-31,95,96.666667,94.5,96.333333,9594000,,,
2016-06-01,96.166667,97,95.333333,95.333333,13002000,,,
2016-06-02,95.166667,95.166667,92.833333,93.166667,9540000,,,
2016-06-03,93.166667,94,92.666667,93.333333,7536000,,,
2016-06-06,91.666667,92.833333,90.333333,92.5,12306000,,,
2016-06-07,91.333333,92.666667,90.666667,92.5,15516000,,,
2016-06-08,92.166667,92.666667,90.333333,91.833333,12594000,,,
2016-06-09,91,91.166667,89.833333,90.333333,7956000,,,
2016-06-10,89.833333,90.5,88.833333,89.5,12714000,,,
2016-06-13,88.166667,88.166667,85,85,9462000,,,
2016-06-14,85.833333,85.833333,83.666667,84.5,10008000,,,
2016-06-15,84,85.333333,83.166667,84.5,10890000,,,
2016-06-16,83.833333,84,80.666667,80.833333,13488000,,,
2016-06-17,81.666667,82.833333,81.166667,81.166667,17532000,,,
2016-06-20,83.333333,85.333333,83.166667,84.833333,12918000,,,
2016-06-21,83.166667,84.333333,82.166667,84.166667,11070000,,,
2016-06-22,83,83.5,82.5,82.833333,8364000,,,
2016-06-23,82.833333,84,82,84,7650000,,,
2016-06-24,84.833333,85.333333,75.666667,76,16650000,,,
2016-06-27,77.333333,77.333333,74.833333,76.166667,10326000,,,
2016-06-28,74.166667,76.166667,73.666667,75.666667,8130000,,,
2016-06-29,77.333333,77.666667,75.833333,77,9630000,,,
2016-06-30,78.833333,79.5,78,78,12060000,,,
2016-07-01,78.166667,78.333333,77.166667,77.333333,6234000,,,
2016-07-04,76.5,78.333333,76.166667,77.333333,6738000,,,
2016-07-05,76.666667,77.166667,76,76.5,7752000,,,
2016-07-06,75.666667,75.833333,73.333333,74.666667,10278000,,,
2016-07-07,73.5,74.333333,72.666667,73,13434000,,,
2016-07-08,73.166667,74.166667,72.166667,72.5,10194000,,,
2016-07-11,75.166667,77.166667,74.833333,76.333333,11484000,,,
2016-07-12,78.333333,80.333333,78.333333,78.833333,10302000,,,
2016-07-13,81.5,81.666667,79.5,80.166667,9948000,,,
2016-07-14,79.833333,81.833333,79.833333,81.166667,13074000,,,
2016-07-15,80.833333,83,80.166667,82.166667,21006000,,,
2016-07-19,81.333333,81.666667,80,80.5,14622000,,,
2016-07-20,80.5,80.666667,79.833333,80.5,9180000,,,
2016-07-21,81.833333,83.5,81.833333,83,8142000,,,
2016-07-22,82,83.166667,81.666667,82.833333,9396000,,,
2016-07-25,82.666667,83.833333,82.333333,83.333333,10542000,,,
2016-07-26,83.5,83.833333,81.666667,82.333333,10464000,,,
2016-07-27,83,86.666667,83,85.666667,14124000,,,
2016-07-28,85.666667,88.5,85.166667,87.666667,16032000,,,
2016-07-29,99.333333,100,94.5,97.333333,51726000,,,
2016-08-01,95.333333,97.5,95,95.333333,24048000,,,
2016-08-02,92,92.333333,89.166667,90.166667,24612000,,,
2016-08-03,88.5,89.166667,88,88.5,16164000,,,
2016-08-04,88.5,92.666667,88.333333,92.333333,16926000,,,
2016-08-05,91,92.166667,90.5,91.5,12288000,,,
2016-08-08,91.166667,94.666667,91,94.5,11448000,,,
2016-08-09,96,97.666667,95.5,96.833333,12846000,,,
2016-08-10,95,96.166667,94.833333,95.666667,10350000,,,
2016-08-12,95.333333,95.5,93.333333,93.833333,15978000,,,
2016-08-15,93.333333,93.5,91.833333,92.833333,11232000,,,
2016-08-16,92.5,94.5,92,92.333333,10746000,,,
2016-08-17,91.5,92.666667,91.166667,92.333333,11466000,,,
2016-08-18,90.166667,91.833333,89.833333,90.833333,13860000,,,
2016-08-19,91.333333,93.333333,90.833333,91.833333,11508000,,,
2016-08-22,91.833333,93.5,91.5,93.333333,7200000,,,
2016-08-23,93.166667,93.166667,89.5,90,12150000,,,
2016-08-24,90.5,92.166667,90.5,91.333333,10212000,,,
2016-08-25,90.166667,92.166667,90.166667,92,11088000,,,
2016-08-26,91.833333,91.833333,90.333333,90.666667,11958000,,,
2016-08-29,93.333333,95.166667,93.166667,94.666667,13812000,,,
2016-08-30,94.666667,95.166667,94,95.166667,7062000,,,
2016-08-31,95.833333,97.5,95.666667,96.833333,10026000,,,
2016-09-01,94.5,95,93.5,94,15246000,,,
2016-09-02,93.833333,93.833333,92.333333,92.5,10650000,,,
2016-09-05,94.166667,95,93.833333,94.166667,9588000,,,
2016-09-06,93.666667,95,92.666667,94.833333,10188000,,,
2016-09-07,93.333333,94,92.333333,92.833333,10632000,,,
2016-09-08,93.666667,94.5,92.5,93,8574000,,,
2016-09-09,92.833333,93.5,92,92.833333,13248000,,,
2016-09-12,91.833333,92,90.333333,90.5,10476000,,,
2016-09-13,91,91.5,90.166667,90.666667,9576000,,,
2016-09-14,90.666667,91.333333,90.166667,91,7944000,,,
2016-09-15,90.5,91.5,89.666667,89.833333,7416000,,,
2016-09-16,90.666667,92.666667,90.5,92.333333,12342000,,,
2016-09-20,91.333333,93,90.833333,93,11796000,,,
2016-09-21,92.666667,94,90.833333,93.666667,11562000,,,
2016-09-23,94.333333,94.333333,92.666667,92.666667,7020000,,,
2016-09-26,92.333333,92.333333,90.166667,90.333333,6678000,,,
2016-09-27,90,93.166667,89,93.166667,10032000,,,
2016-09-28,92,92.833333,90.666667,91.666667,6492000,,,
2016-09-29,93,95.333333,93,95.166667,13674000,,,
2016-09-30,93.166667,93.166667,90.666667,91.166667,16740000,,,
2016-10-03,92.166667,93.833333,91.666667,93.666667,15439200,,,
2016-10-04,93.833333,95.333333,93.666667,95.333333,8716200,,,
2016-10-05,95.333333,97.833333,95.166667,96.5,13155600,,,
2016-10-06,97.833333,99.166667,97.833333,98.5,13886400,,,
2016-10-07,98.5,99.5,98.166667,99.333333,9165600,,,
2016-10-11,100,103.166667,99.833333,102.833333,15393600,,,
2016-10-12,101.666667,102,100.833333,101.333333,9652200,,,
2016-10-13,102.166667,104.333333,101.166667,103.666667,17022000,,,
2016-10-14,103.333333,103.833333,100.166667,103,17600400,,,
2016-10-17,103.666667,104.833333,103.166667,104,7516800,,,
2016-10-18,103.166667,104.666667,102.333333,104.5,6645000,,,
2016-10-19,105.166667,105.333333,104,104.833333,9290400,,,
2016-10-20,105.666667,106,104.5,105.333333,9422400,,,
2016-10-21,106.666667,108,105.666667,105.833333,13258800,,,
2016-10-24,105.666667,106,104.5,105.333333,8323200,,,
2016-10-25,106.5,106.5,104.166667,104.833333,10585200,,,
2016-10-26,103.5,104.833333,103.333333,104.666667,8950800,,,
2016-10-27,104.833333,106,104.333333,105,7971600,,,
2016-10-28,105,105.333333,103.166667,105,15435000,,,
2016-10-31,100.5,104.5,100.5,103,18659400,,,
2016-11-01,103,104.666667,102.833333,104.333333,10670400,,,
2016-11-02,102.666667,103.166667,100.5,100.666667,13027200,,,
2016-11-04,99.666667,100.666667,98.666667,99.5,10805400,,,
2016-11-07,101,102.166667,100,100.333333,11424600,,,
2016-11-08,100,102,99.833333,101.833333,8937600,,,
2016-11-09,103,103.833333,94,95.166667,18396600,,,
2016-11-10,101.833333,104,100.666667,103.333333,15639600,,,
2016-11-11,105,105.5,103.5,103.833333,12067200,,,
2016-11-14,103.833333,106.5,103.5,106.333333,11358000,,,
2016-11-15,106.833333,107.166667,104.166667,104.333333,9560400,,,
2016-11-16,106,106.333333,103.666667,105.5,8248200,,,
2016-11-17,104.666667,104.833333,103.833333,104.5,8823000,,,
2016-11-18,105.833333,105.833333,104.666667,104.666667,8170200,,,
2016-11-21,104.666667,105.5,103.666667,104.666667,10113000,,,
2016-11-22,104.166667,104.666667,103.5,104.5,6679200,,,
2016-11-24,105.5,106,104.5,105.666667,9957000,,,
2016-11-25,105,106.333333,103.833333,104.833333,15892200,,,
2016-11-28,103.166667,104.833333,102.833333,104.666667,9222000,,,
2016-11-29,105.166667,105.666667,104,105.666667,13462800,,,
2016-11-30,104.666667,105.333333,102.5,102.833333,13852800,,,
2016-12-01,104.166667,107.166667,104,105.5,17923200,,,
2016-12-02,104.666667,104.666667,101.666667,102.833333,15399000,,,
2016-12-05,102.166667,102.833333,101,102.666667,11946600,,,
2016-12-06,104.666667,104.833333,103.333333,104.666667,15116400,,,
2016-12-07,105.833333,107.666667,105.833333,107.333333,15417000,,,
2016-12-08,108,109.833333,107.333333,109,12569400,,,
2016-12-09,108.833333,109.5,108,108.833333,16546800,,,
2016-12-12,109.5,109.666667,106.833333,107.833333,11802600,,,
2016-12-13,108.333333,109.5,107.5,109.333333,11346600,,,
2016-12-14,109.5,109.5,107.5,108.333333,7705800,,,
2016-12-15,108.666667,109.5,107.666667,107.833333,10777200,,,
2016-12-16,107.666667,108.5,107.333333,108,12819600,,,
2016-12-19,107.666667,107.666667,105.666667,106,7743000,,,
2016-12-20,106,106.833333,105,106.666667,11055000,,,
2016-12-21,106.5,107.833333,106.5,107,12210000,,,
2016-12-22,107.5,108,107,107.5,10420800,,,
2016-12-26,107.166667,107.5,106,106.166667,5073600,,,
2016-12-27,106,106.833333,105.5,106.333333,7530600,,,
2016-12-28,106.5,108.833333,106.5,108.5,10009800,,,
2016-12-29,109,109.166667,106.333333,106.833333,11571600,,,
2016-12-30,105.833333,106.833333,104.666667,105.833333,8215800,,,
2017-01-04,107.166667,110.833333,107,110.666667,12582000,,,
2017-01-05,110.833333,111.5,109.5,110,11628600,,,
2017-01-06,109.833333,111.333333,109.166667,110.5,13176600,,,
2017-01-10,110,113.333333,109.666667,111.666667,18223200,,,
2017-01-11,112.333333,112.833333,111.666667,111.833333,8204400,,,
2017-01-12,111.666667,112.666667,109.333333,110.166667,10534800,,,
2017-01-13,110.833333,112.5,110.5,111.666667,12601800,,,
2017-01-16,110.166667,110.666667,109,109.5,8180400,,,
2017-01-17,109.166667,110.166667,108.5,108.833333,8546400,,,
2017-01-18,110,110.5,108,110,8738400,,,
2017-01-19,110.5,112.5,110.5,112.333333,10993200,,,
2017-01-20,113.333333,115.833333,113,114.5,17637600,,,
2017-01-23,112.833333,114.5,112.166667,113.5,12542400,,,
2017-01-24,112.5,115.333333,112.166667,114.333333,13279200,,,
2017-01-25,118.833333,119,116.5,118.666667,21188400,,,
2017-01-26,119.666667,121,118.666667,120.833333,16702200,,,
2017-01-27,121.666667,123.5,121.166667,122.666667,22454400,,,
2017-01-30,122.333333,122.333333,119.833333,120.833333,11743200,,,
2017-01-31,119.833333,120.166667,118.833333,119.333333,10448400,,,
2017-02-01,117.5,120.333333,116.833333,120,9029400,,,
2017-02-02,121.5,121.666667,118,118.666667,11577000,,,
2017-02-03,128.666667,134.166667,128.666667,133.333333,47809200,,,
2017-02-06,135,136.5,133.833333,135.666667,20610000,,,
2017-02-07,134.333333,137.666667,133.333333,136.666667,17681400,,,
2017-02-08,135.166667,136.666667,134,136.333333,15733800,,,
2017-02-09,136.166667,139,136,136.5,13647600,,,
2017-02-10,139.833333,140.5,139,139.833333,12277200,,,
2017-02-13,140.833333,141.666667,139.5,141.166667,9460800,,,
2017-02-14,141.666667,143,140.166667,140.5,10114800,,,
2017-02-15,140.833333,142.666667,140.666667,141.5,9580800,,,
2017-02-16,141,141.5,140.166667,141,10707600,,,
2017-02-17,140.166667,142.5,139.666667,142.166667,11206800,,,
2017-02-20,141.833333,143.333333,140.833333,142.166667,8338800,,,
2017-02-21,141.666667,142,140.166667,141.333333,8394000,,,
2017-02-22,141.666667,141.666667,140.5,141.5,7219800,,,
2017-02-23,141.666667,143,141.5,142.333333,9840000,,,
2017-02-24,141.5,142,140.166667,140.666667,8950800,,,
2017-02-27,139.166667,139.666667,137.166667,138.666667,8433000,,,
2017-02-28,138.5,141.333333,138.5,139,13467000,,,
2017-03-01,138.333333,140.5,136.833333,140.166667,11995800,,,
2017-03-02,142.166667,142.166667,140.666667,141,9163200,,,
2017-03-03,140.833333,141.333333,139.166667,139.833333,11679600,,,
2017-03-06,138.833333,140.833333,138.333333,139.833333,7243200,,,
2017-03-07,137.5,137.5,135.333333,136.833333,18983400,,,
2017-03-08,137.166667,138,134.5,135.166667,16422000,,,
2017-03-09,136.333333,139,135.833333,138.833333,14758200,,,
2017-03-10,139.833333,140.166667,137.833333,139,13397400,,,
2017-03-13,138.333333,138.666667,137,137.166667,8434800,,,
2017-03-14,137.5,138.5,136.5,136.666667,7722600,,,
2017-03-15,135.833333,136.666667,135.333333,135.5,5266800,,,
2017-03-16,135,137.666667,134.333333,137.5,9138000,,,
2017-03-17,136,137.5,136,136,9750000,,,
2017-03-21,135.166667,136.166667,134.5,135.333333,7496400,,,
2017-03-22,133.166667,133.166667,131.666667,131.833333,11662200,,,
2017-03-23,132,132.333333,130.833333,131.666667,6919800,,,
2017-03-24,132,134.333333,131.5,132.166667,9825600,,,
2017-03-27,130.166667,131.166667,129.333333,129.666667,9109200,,,
2017-03-28,130.5,131.666667,129.833333,130.5,13566600,,,
2017-03-29,130.666667,132.666667,130,131.833333,12975000,,,
2017-03-30,131.166667,132.5,130.666667,130.833333,11494800,,,
2017-03-31,132.833333,139,132.833333,133.5,30753000,,,
2017-04-03,134.666667,135,131,132.833333,11194200,,,
2017-04-04,132.5,133,127,129.833333,15510000,,,
2017-04-05,129.833333,132.833333,129.5,132.666667,16100400,,,
2017-04-06,131.166667,132,129,130.333333,14723400,,,
2017-04-07,132.166667,132.666667,130.5,131.5,11605200,,,
2017-04-10,132,133.833333,131.333333,133.5,9511800,,,
2017-04-11,132.666667,134.833333,131.666667,134.666667,13740600,,,
2017-04-12,132,132.5,128.333333,128.666667,13117800,,,
2017-04-13,126.666667,128,124.833333,127.5,21875400,,,
2017-04-14,129.833333,129.833333,126.333333,127.5,11746200,,,
2017-04-17,126,127.666667,124,126.666667,18041400,,,
2017-04-18,128,129,125.5,126.166667,11289600,,,
2017-04-19,124.833333,126.833333,124.333333,126.333333,7540800,,,
2017-04-20,127.166667,129.5,126.166667,128.833333,14102400,,,
2017-04-21,130.333333,131.333333,129.166667,130.833333,11387400,,,
2017-04-24,132.166667,133,129.833333,130.833333,7812600,,,
2017-04-25,130.833333,133.5,129.5,133.5,10271400,,,
2017-04-26,134.833333,137.5,134.5,137.333333,10779000,,,
2017-04-27,137.5,139.666667,137.333333,139.333333,10699200,,,
2017-04-28,138.5,139.833333,138.5,139.5,9138000,,,
2017-05-01,138.5,140.333333,138.5,139.666667,10666800,,,
2017-05-02,139.666667,140.833333,139.333333,140.166667,9007200,,,
2017-05-08,142.5,144.5,141.666667,144.166667,13650600,,,
2017-05-09,143.833333,144,140.666667,141,10722000,,,
2017-05-10,146,151.166667,145.833333,147.5,36055800,,,
2017-05-11,147.5,148.833333,147,148.333333,9931200,,,
2017-05-12,149.166667,149.666667,144.5,145.333333,19210200,,,
2017-05-15,144.666667,146.166667,143.166667,146,12686400,,,
2017-05-16,146.666667,148.5,146.333333,147.666667,12267000,,,
2017-05-17,146.166667,147.666667,145.333333,147.166667,10827600,,,
2017-05-18,142.5,144,142.5,143.166667,11602800,,,
2017-05-19,143.833333,145,142.666667,143.666667,7741200,,,
2017-05-22,143.833333,146.333333,143.833333,146.333333,7379400,,,
2017-05-23,153.5,159.833333,153.5,158,48108600,,,
2017-05-24,159.5,160.833333,158.5,158.666667,17151000,,,
2017-05-25,159.166667,160.666667,157.666667,160.166667,11923200,,,
2017-05-26,159.333333,159.5,156.833333,157.166667,13857000,,,
2017-05-29,157.166667,158.166667,156.333333,157.5,7672800,,,
2017-05-30,157,159.333333,156.666667,158.166667,9403800,,,
2017-05-31,157.5,158.833333,157.166667,158.166667,9040800,,,
2017-06-01,160.666667,163.166667,159.833333,162.166667,15822600,,,
2017-06-02,163.333333,167.333333,163.333333,163.666667,14588400,,,
2017-06-05,162.833333,164,161.833333,163.666667,11754600,,,
2017-06-06,162.833333,163,160.333333,161.666667,11513400,,,
2017-06-07,161.666667,166.666667,161.666667,166.5,14770800,,,
2017-06-08,167.5,170.5,167.5,169.333333,18244800,,,
2017-06-09,170.333333,171.666667,168.5,169.666667,16146600,,,
2017-06-12,168.833333,170.166667,165.5,166.5,12397200,,,
2017-06-13,166.166667,168.333333,164.5,165,11562600,,,
2017-06-14,165.333333,165.833333,161.666667,161.833333,13810200,,,
2017-06-15,160.666667,162.833333,159.5,160.333333,7934400,,,
2017-06-16,160.833333,161.166667,158.666667,160.5,11279400,,,
2017-06-19,160.666667,162.166667,159.333333,161.333333,5338200,,,
2017-06-20,162.166667,165.166667,161.666667,163.5,11676600,,,
2017-06-21,162,162.333333,160.5,160.5,7348200,,,
2017-06-22,159.666667,161,158.5,159,9322200,,,
2017-06-23,161.166667,162.333333,160.333333,160.666667,7724400,,,
2017-06-26,160.333333,161.166667,159.5,160.666667,6357000,,,
2017-06-27,161.166667,162.166667,160.666667,162,5551800,,,
2017-06-28,161.333333,162.333333,158.166667,158.166667,7918200,,,
2017-06-29,159.166667,160.166667,158.333333,159.166667,6810600,,,
2017-06-30,157.166667,157.833333,155.166667,156.833333,13023600,,,
2017-07-03,157.166667,159.166667,157.166667,157.833333,7326000,,,
2017-07-04,158.666667,158.833333,156.166667,156.666667,6964200,,,
2017-07-05,156.333333,157.666667,153.833333,157.333333,10688400,,,
2017-07-06,157.5,158.333333,156.166667,157.5,5992800,,,
2017-07-07,157.833333,158.5,156.666667,157.5,7027800,,,
2017-07-10,160,162.833333,160,162.666667,11364000,,,
2017-07-11,162.333333,164.166667,161.833333,164,5956200,,,
2017-07-12,164,164.666667,161,161.5,5800200,,,
2017-07-13,162.166667,162.166667,160.833333,161.666667,4554600,,,
2017-07-14,162.5,165.166667,162.333333,164.833333,8707800,,,
2017-07-18,164.333333,167.5,164.166667,165.666667,10863000,,,
2017-07-19,165.333333,165.666667,163.833333,164.666667,4689600,,,
2017-07-20,164.833333,168,164.333333,166.833333,6760800,,,
2017-07-21,166.666667,171,165.666667,166,13911000,,,
2017-07-24,165,166.333333,163.166667,165.666667,7106400,,,
2017-07-25,165.833333,165.833333,164,164.166667,5128800,,,
2017-07-26,165,166,163.833333,165,5241000,,,
2017-07-27,163.5,164.5,162.666667,163.5,9435600,,,
2017-07-28,163.5,165.333333,159.833333,160.5,13675800,,,
2017-07-31,148,156.166667,146.333333,155,36329400,,,
2017-08-01,155.5,157.166667,151.166667,152.833333,13961400,,,
2017-08-02,152.833333,153.5,151.333333,152.333333,8857200,,,
2017-08-03,154,154.166667,151.666667,153.333333,12530400,,,
2017-08-04,153.333333,155.333333,152.333333,153.833333,8329800,,,
2017-08-07,156.333333,156.666667,153.5,153.666667,9036000,,,
2017-08-08,154.666667,157.166667,154.666667,155,10294200,,,
2017-08-09,154.5,155.5,151.833333,154.333333,13022400,,,
2017-08-10,156,159.5,154.833333,156.333333,15169200,,,
2017-08-14,153.333333,155.5,151.166667,153.833333,12883200,,,
2017-08-15,155.833333,157.5,154,154.166667,8145600,,,
2017-08-16,154.166667,154.666667,153.166667,153.833333,6557400,,,
2017-08-17,153.833333,156,153,155,6814200,,,
2017-08-18,151.666667,152.166667,148.333333,148.833333,14077200,,,
2017-08-21,150,150.333333,148.333333,148.833333,5667600,,,
2017-08-22,148,149,147,147.833333,9006600,,,
2017-08-23,149.833333,150,146.5,148,7490400,,,
2017-08-24,146.666667,148.666667,146.333333,147.833333,6443400,,,
2017-08-25,148.833333,149.166667,147.5,147.833333,5811600,,,
2017-08-28,149,149,146.333333,147.166667,5363400,,,
2017-08-29,145.5,147.333333,145.5,146.833333,5781600,,,
2017-08-30,147.333333,147.333333,145.333333,145.833333,6874800,,,
2017-08-31,147.333333,149.333333,146.833333,149,9212400,,,
2017-09-01,148.666667,149,143.666667,145.333333,20951400,,,
2017-09-04,144.333333,146,143.666667,144.666667,7798800,,,
2017-09-05,145.833333,146.666667,143.833333,145.166667,9535200,,,
2017-09-06,144.166667,145.833333,143.166667,143.833333,12195600,,,
2017-09-07,144.833333,145,141,143,11266200,,,
2017-09-08,142.833333,144.166667,142.166667,142.666667,11296200,,,
2017-09-11,144.5,147.666667,144.166667,147.333333,11985600,,,
2017-09-12,149.333333,149.5,146.5,146.833333,8051400,,,
2017-09-13,148.333333,150.333333,148.166667,148.5,7671000,,,
2017-09-14,151.666667,153.666667,147.666667,148.166667,12810600,,,
2017-09-15,149.5,150.833333,148.333333,149.166667,10975800,,,
2017-09-19,150.833333,154.5,150.333333,154.166667,11602200,,,
2017-09-20,153.166667,153.833333,151.5,152.5,7236600,,,
2017-09-21,152.833333,153.833333,152.166667,153.333333,7636800,,,
2017-09-22,154.166667,154.666667,150.833333,151.666667,6176400,,,
2017-09-25,152.166667,152.833333,150.166667,150.333333,8399400,,,
2017-09-26,150.5,150.833333,147.5,148.166667,8502600,,,
2017-09-27,147.833333,149.333333,146.666667,149,6626400,,,
2017-09-28,150.666667,151.5,149.5,151,7231800,,,
2017-09-29,151,151.5,150.166667,150.666667,6767400,,,
2017-10-02,151.5,152.166667,150.5,151.5,4376400,,,
2017-10-03,152.333333,153.5,152,152.833333,7059600,,,
2017-10-04,153.333333,154.666667,151.833333,152.333333,7049400,,,
2017-10-05,152.166667,153,151.166667,151.833333,5141400,,,
2017-10-06,152.166667,152.5,151,152.333333,6028200,,,
2017-10-10,151.666667,152.333333,150.166667,152.333333,8184600,,,
2017-10-11,152.333333,153,151.5,152.5,4538400,,,
2017-10-12,152.5,153,151.833333,152.333333,3956400,,,
2017-10-13,151.333333,153.666667,150.333333,152.833333,10938000,,,
2017-10-16,153,153.166667,146.166667,146.833333,21429000,,,
2017-10-17,147.5,149.5,146.666667,148,9435600,,,
2017-10-18,147,149,145.833333,149,12565200,,,
2017-10-19,149,149.333333,147.833333,149,8358000,,,
2017-10-20,147.5,150.833333,146.666667,150.5,13172400,,,
2017-10-23,152.333333,154,150.166667,153.333333,12871200,,,
2017-10-24,153.333333,155,152,155,9130200,,,
2017-10-25,156.666667,159.5,154.666667,155.333333,15269400,,,
2017-10-26,154,155.833333,153.833333,155.166667,9464400,,,
2017-10-27,155.333333,159,154.5,158.833333,14011200,,,
2017-10-30,163.333333,166.166667,160.5,164.833333,43587600,,,
2017-10-31,163.166667,165.833333,160.833333,163.666667,19653000,,,
2017-11-01,164.666667,165.5,162,165.333333,12818400,,,
2017-11-02,165.5,166.5,164.666667,166,10986600,,,
2017-11-06,164.833333,168,163.666667,164.5,13465800,,,
2017-11-07,164.5,166.333333,163.5,166,13592400,,,
2017-11-08,165.5,166.333333,164.5,166.166667,7038000,,,
2017-11-09,165.666667,167.833333,160.833333,163.5,17953200,,,
2017-11-10,162,164.333333,160.5,161.666667,13150800,,,
2017-11-13,161,161.333333,155.5,155.666667,14625000,,,
2017-11-14,156.333333,158.5,156.166667,157.333333,9691200,,,
2017-11-15,156.833333,157.666667,154.5,155.166667,10343400,,,
2017-11-16,154.666667,157.833333,154,156.833333,11821800,,,
2017-11-17,160,161.166667,157,158,16029000,,,
2017-11-20,157.666667,168.666667,157.666667,167.5,32365200,,,
2017-11-21,169.166667,174.666667,169,173.833333,26516400,,,
2017-11-22,174.333333,176.166667,173.5,174.833333,17140200,,,
2017-11-24,174.166667,175.333333,172.333333,174.666667,12663000,,,
2017-11-27,176,177.5,173,174.5,9579600,,,
2017-11-28,173.333333,175.666667,172.166667,173.833333,10602600,,,
2017-11-29,174.5,175.666667,172.333333,173.333333,11640000,,,
2017-11-30,175,176.5,172.333333,174.5,13707600,,,
2017-12-01,177,179.666667,175.333333,176.166667,12174600,,,
2017-12-04,176.5,177.666667,173.666667,174.166667,8537400,,,
2017-12-05,174.833333,176,173.5,174.5,8303400,,,
2017-12-06,173.833333,174,165.333333,165.666667,19813200,,,
2017-12-07,167.166667,168.666667,165.666667,167.833333,11197800,,,
2017-12-08,169.833333,171,168.166667,169.166667,12076200,,,
2017-12-11,171.666667,171.666667,167.833333,169,6764400,,,
2017-12-12,169,169.5,167.333333,167.666667,6730200,,,
2017-12-13,168.333333,169,164.333333,164.666667,6866400,,,
2017-12-14,163.5,166.166667,163.333333,164.333333,6721800,,,
2017-12-15,164.333333,165,162.166667,162.833333,8422800,,,
2017-12-18,164.166667,166.5,163.333333,166.166667,6115800,,,
2017-12-19,166.666667,166.666667,163.5,164,8415600,,,
2017-12-20,163,165.833333,162.666667,165.833333,6763800,,,
2017-12-21,166.166667,171.833333,165.833333,171.5,12881400,,,
2017-12-22,171.166667,173.333333,169.833333,172.833333,10255800,,,
2017-12-25,173.333333,173.833333,171.5,172.666667,4444800,,,
2017-12-26,171,171.666667,170,170.166667,4585800,,,
2017-12-27,168.333333,168.833333,167,168.333333,9511200,,,
2017-12-28,168.333333,169.333333,166.5,167,5491200,,,
2017-12-29,167.833333,168.5,165.333333,165.666667,5008200,,,
2018-01-04,167.5,171.333333,166.833333,171.166667,9368400,,,
2018-01-05,173.833333,176.5,173.333333,176.333333,14234400,,,
2018-01-09,178.333333,184.5,178.333333,183.666667,17545200,,,
2018-01-10,182.666667,185,182,183.5,12419400,,,
2018-01-11,181.666667,184.833333,180.166667,184.833333,9793800,,,
2018-01-12,185.166667,186.833333,184.333333,186.333333,14280600,,,
2018-01-15,188.166667,191,186.333333,187,9671400,,,
2018-01-16,189,190.833333,186.333333,190.333333,9709800,,,
2018-01-17,189,190.166667,187.666667,188.5,8010000,,,
2018-01-18,192,193,187.333333,187.833333,14081400,,,
2018-01-19,188.333333,191.5,188.166667,190.833333,8140800,,,
2018-01-22,192.666667,194.166667,191.333333,194,10787400,,,
2018-01-23,196,197.333333,195.5,196.166667,11992800,,,
2018-01-24,195.666667,196.666667,192.666667,194.333333,9366600,,,
2018-01-25,192.333333,193,187.833333,189.5,14338200,,,
2018-01-26,191.333333,192.666667,187,187.5,13560600,,,
2018-01-29,186.5,188.166667,184.5,186.833333,14596800,,,
2018-01-30,184.5,185,178.833333,179.5,20748000,,,
2018-01-31,180.5,182,177.833333,178,15997200,,,
2018-02-01,179,181.5,178,181.5,8563800,,,
2018-02-02,180.333333,180.666667,178,179.166667,8880000,,,
2018-02-05,154.166667,154.666667,148.5,149.5,74299800,,,
2018-02-06,144.5,145.333333,137.833333,141.666667,45617400,,,
2018-02-07,146.666667,146.833333,139.833333,140,35171400,,,
2018-02-08,139.833333,141.666667,138.166667,140.5,24265200,,,
2018-02-09,133,134.5,132,134.5,27611400,,,
2018-02-13,137,137.333333,131,131.333333,22914000,,,
2018-02-14,131,132,127,127.666667,20380800,,,
2018-02-15,127.833333,128.666667,126.166667,127,24643800,,,
2018-02-16,124.5,127.666667,121.333333,127.333333,33817200,,,
2018-02-19,128.5,130,127.833333,129.333333,16416600,,,
2018-02-20,128.333333,128.666667,126.666667,128.5,15205200,,,
2018-02-21,127.5,129.333333,126,128.166667,21424200,,,
2018-02-22,126.166667,127.166667,124.666667,126.833333,18034800,,,
2018-02-23,127,131.833333,126.666667,130.5,21214800,,,
2018-02-26,132.166667,132.5,129.5,129.666667,16970400,,,
2018-02-27,131.5,131.833333,129.5,129.666667,16804800,,,
2018-02-28,130.166667,133,130,131.333333,23364600,,,
2018-03-01,130,130.166667,128.166667,128.666667,13994400,,,
2018-03-02,125,126,123.833333,124.5,17829600,,,
2018-03-05,123.5,123.833333,120.166667,120.666667,15749400,,,
2018-03-06,123.166667,126,123,123.166667,13761000,,,
2018-03-07,122,123.5,121,121.833333,13659000,,,
2018-03-08,122.666667,125.166667,122.666667,123.666667,12684600,,,
2018-03-09,123.833333,128.5,123.333333,127.166667,32975400,,,
2018-03-12,129,129.166667,127,128,13731600,,,
2018-03-13,126.5,128.5,125.166667,128.166667,11428200,,,
2018-03-14,126,127.833333,125.666667,127.5,8796000,,,
2018-03-15,127,127.333333,123.833333,126,12993600,,,
2018-03-16,126.5,128.166667,126,126,13239000,,,
2018-03-19,124.833333,126.666667,123.166667,123.833333,11838000,,,
2018-03-20,122.166667,124.5,122,123.166667,12330600,,,
2018-03-22,122.833333,123.833333,121.166667,122.166667,15055800,,,
2018-03-23,117.666667,118.666667,116,116.5,20394600,,,
2018-03-26,115.333333,117,114,117,13871400,,,
2018-03-27,118.5,121.166667,117.5,120.666667,13014600,,,
2018-03-28,117,119.166667,116.833333,118.833333,11766600,,,
2018-03-29,119.5,120.166667,116.833333,117.833333,14280600,,,
2018-03-30,119.5,121.5,119.166667,120.333333,13294800,,,
2018-04-02,120.5,122,119.333333,119.333333,8394000,,,
2018-04-03,117.5,117.833333,116.666667,117.333333,18871800,,,
2018-04-04,118.333333,118.5,116.5,116.833333,11488800,,,
2018-04-05,118,118.5,116.666667,117.5,14313600,,,
2018-04-06,117.666667,118.333333,117,117.5,12442200,,,
2018-04-09,116.333333,116.833333,113.833333,115,15679200,,,
2018-04-10,114.166667,118,112.833333,117.666667,23218200,,,
2018-04-11,117.833333,119.666667,117.666667,118.5,14346000,,,
2018-04-12,117.5,117.666667,115.333333,115.5,12354600,,,
2018-04-13,116.666667,119.833333,116.166667,119,13294800,,,
2018-04-16,119,120.5,118,119.166667,9120000,,,
2018-04-17,118.666667,119.333333,117.333333,118.5,8892000,,,
2018-04-18,119.5,121.833333,118.833333,121.5,8815200,,,
2018-04-19,122.5,125.666667,122.333333,124.333333,13225200,,,
2018-04-20,124.166667,124.166667,121.833333,123.333333,12068400,,,
2018-04-23,123.666667,125.5,122.5,124.333333,9387000,,,
2018-04-24,125,126.333333,124.166667,126,10099800,,,
2018-04-25,124.5,125.333333,123.333333,125.333333,11280000,,,
2018-04-26,126.166667,126.5,124.333333,124.666667,11910000,,,
2018-04-27,125.833333,126.166667,123.5,125,12837600,,,
2018-05-01,123.833333,125,123.333333,124.333333,9487800,,,
2018-05-02,125.333333,125.833333,124.833333,125.166667,6980400,,,
2018-05-07,125,125,123.166667,124,7315200,,,
2018-05-08,123.5,126,123.333333,125.5,9067200,,,
2018-05-09,125.333333,125.5,123.333333,123.833333,8668200,,,
2018-05-10,123.333333,125.333333,122.666667,123.833333,9448800,,,
2018-05-11,123.833333,124.833333,123.333333,123.833333,10090800,,,
2018-05-14,133.333333,137,131.833333,134.5,35066400,,,
2018-05-15,134.833333,134.833333,130,131.666667,15768600,,,
2018-05-16,130.666667,131,127.5,129.333333,17309400,,,
2018-05-17,130.333333,135.166667,130.333333,134.333333,18580200,,,
2018-05-18,134.833333,135.666667,134.333333,135,14297400,,,
2018-05-21,135.833333,142.166667,135.666667,140,30211800,,,
2018-05-22,139.166667,139.5,136.333333,137.5,14503800,,,
2018-05-23,136,136.166667,133.333333,133.333333,13676400,,,
2018-05-24,132.5,132.5,127.333333,128.666667,18393600,,,
2018-05-25,128.833333,128.833333,125.333333,126,16286400,,,
2018-05-28,127,128.5,126.333333,128,11196600,,,
2018-05-29,128,128.833333,125.666667,127,11806200,,,
2018-05-30,124.666667,124.666667,122.666667,123.833333,12052800,,,
2018-05-31,125.166667,126.166667,121.833333,123.666667,20224200,,,
2018-06-01,122.666667,126.5,122.666667,125.666667,13311600,,,
2018-06-04,128,129.333333,126.5,128.666667,12339600,,,
2018-06-05,129,130.5,128.666667,129.333333,10491600,,,
2018-06-06,128.833333,130.5,128.166667,129.833333,8450400,,,
2018-06-07,131.333333,132.166667,129.833333,129.833333,9568800,,,
2018-06-08,128.5,129.166667,125.833333,126,16277400,,,
2018-06-11,126.666667,129.5,126.666667,128.833333,15723600,,,
2018-06-12,130.666667,131.666667,128.333333,130.166667,13506600,,,
2018-06-13,130.666667,131.166667,129.166667,130.666667,7731600,,,
2018-06-14,130.166667,130.166667,128,128.166667,9922800,,,
2018-06-15,128.833333,129,125.833333,126,11146800,,,
2018-06-18,125.333333,125.833333,122.166667,122.833333,8902200,,,
2018-06-19,121.833333,123,119.5,120.666667,15379200,,,
2018-06-20,119.5,121,116.833333,120.666667,13866600,,,
2018-06-21,119.5,120.666667,118.166667,119.166667,16372800,,,
2018-06-22,117,117.666667,115.333333,116.833333,22612200,,,
2018-06-25,117,117.833333,114.666667,114.666667,14770800,,,
2018-06-26,113.666667,116.333333,112.666667,116,13990800,,,
2018-06-27,116.5,117.166667,114.833333,115.5,7144800,,,
2018-06-28,115.666667,116.833333,114.5,116.333333,7012800,,,
2018-06-29,116.333333,117.666667,115.166667,117.5,6114000,,,
2018-07-02,117,118.666667,114.666667,114.833333,9169800,,,
2018-07-03,115.5,116.166667,112.333333,114,10666800,,,
2018-07-04,114.666667,115.333333,113.333333,114.166667,9803400,,,
2018-07-05,114,114,109.666667,110.166667,19340400,,,
2018-07-06,110,111.166667,109.166667,110.5,18430800,,,
2018-07-09,111,113.166667,111,112.5,8461800,,,
2018-07-10,114.166667,116.333333,113,115.333333,9961200,,,
2018-07-11,114.166667,114.333333,111.333333,112.5,8841600,,,
2018-07-12,112.5,112.5,110.166667,111.166667,9924600,,,
2018-07-13,112.833333,115.5,112.666667,114.166667,15942600,,,
2018-07-17,114,115.666667,112.833333,114.666667,11319600,,,
2018-07-18,115.666667,116.5,114.666667,114.666667,6218400,,,
2018-07-19,115.666667,117.333333,115.333333,116.833333,9040800,,,
2018-07-20,116.166667,116.666667,113.5,114,11576400,,,
2018-07-23,112.833333,113.666667,112,112,10969800,,,
2018-07-24,113.333333,115.833333,113,115.333333,9137400,,,
2018-07-25,116.5,117.666667,116.333333,117.5,8718600,,,
2018-07-26,118.5,119.833333,117,119.666667,13159200,,,
2018-07-27,120.833333,121.5,119.833333,121.333333,12692400,,,
2018-07-30,120.166667,120.833333,118.5,118.833333,10141800,,,
2018-07-31,119.333333,120.166667,118.5,119.5,11127000,,,
2018-08-01,120,123.5,118.666667,121.833333,21640200,,,
2018-08-02,120.833333,121.666667,117.5,117.833333,11747400,,,
2018-08-03,117.5,117.666667,115.333333,116.666667,10537800,,,
2018-08-06,115.333333,116.833333,114.5,114.666667,9031200,,,
2018-08-07,113.666667,115,112.333333,113.333333,12268200,,,
2018-08-08,113.666667,114.5,112.833333,113.833333,13330200,,,
2018-08-09,113.833333,114.5,113,113.333333,8470200,,,
2018-08-10,113,113,110.333333,110.666667,14062200,,,
2018-08-13,110,110.166667,106.666667,107,15087000,,,
2018-08-14,107.666667,110,107.333333,110,10203600,,,
2018-08-15,108.833333,110,107.5,108.666667,13075200,,,
2018-08-16,106.166667,106.666667,104.333333,106.166667,19401000,,,
2018-08-17,107.5,107.833333,106.333333,106.666667,12708000,,,
2018-08-20,107,108.833333,106.833333,106.833333,7447800,,,
2018-08-21,106,106,104.166667,105,9692400,,,
2018-08-22,105,108.5,104.666667,108.166667,10240200,,,
2018-08-23,108.333333,108.666667,106.666667,106.833333,10402800,,,
2018-08-24,106.833333,106.833333,105,106,8730600,,,
2018-08-27,106.833333,110,106.833333,109.333333,10632600,,,
2018-08-28,110.666667,111.333333,110,110.166667,8091000,,,
2018-08-29,110.166667,112.833333,110.166667,112.333333,9822600,,,
2018-08-30,113.333333,114.5,112,112.666667,8117400,,,
2018-08-31,111,114.833333,111,114.333333,14997000,,,
2018-09-03,105.833333,107.833333,102.5,103.833333,42319200,,,
2018-09-04,103.5,103.666667,100.166667,101.333333,23044800,,,
2018-09-05,100.5,102.833333,99.833333,102.166667,25312800,,,
2018-09-06,101.833333,103.166667,101.333333,102,11851200,,,
2018-09-07,101,101,99.333333,100.166667,18681000,,,
2018-09-10,99,99.833333,98.5,98.833333,13001400,,,
2018-09-11,100,100.166667,98.666667,99.5,10916400,,,
2018-09-12,99.166667,99.333333,95.333333,96.5,19213800,,,
2018-09-13,96.833333,98.333333,96.5,97.333333,10339200,,,
2018-09-14,98.5,100.333333,98.333333,99.833333,19390800,,,
2018-09-18,99.333333,102.166667,98.5,101.666667,15441600,,,
2018-09-19,102.5,102.666667,100.333333,100.666667,20212800,,,
2018-09-20,100.833333,102.833333,100,102.5,17309400,,,
2018-09-21,103.333333,105.5,103.333333,104.666667,21395400,,,
2018-09-25,105,105.833333,104.166667,105,15134400,,,
2018-09-26,103.833333,104.833333,102.666667,104.5,12478200,,,
2018-09-27,94.833333,95.166667,90.333333,92,83406000,,,
2018-09-28,92,92.666667,89.166667,89.5,64665000,,,
2018-10-01,90,90.333333,88.5,89.333333,46484400,,,
2018-10-02,89.833333,92,89.333333,89.333333,45157200,,,
2018-10-03,89.5,90.166667,88.5,88.666667,22357200,,,
2018-10-04,88.333333,88.5,86.333333,86.5,47184600,,,
2018-10-05,85.666667,87,85.5,85.5,26104800,,,
2018-10-09,84.666667,85.166667,83.666667,84.166667,26353800,,,
2018-10-10,84,84.833333,83.166667,83.5,24193800,,,
2018-10-11,80.5,82,80,81.666667,35748600,,,
2018-10-12,81.333333,84,81.166667,83.833333,31583400,,,
2018-10-15,83.333333,83.833333,82.5,82.833333,18768000,,,
2018-10-16,82.166667,84,82,83.833333,18563400,,,
2018-10-17,84.666667,85.333333,84,84.5,17823600,,,
2018-10-18,84.333333,84.833333,82.333333,82.5,14817000,,,
2018-10-19,81.333333,81.833333,80.333333,80.833333,18186000,,,
2018-10-22,80.333333,82.333333,80.333333,81.833333,14616600,,,
2018-10-23,81.166667,81.666667,80.166667,80.166667,14602800,,,
2018-10-24,80.5,81.333333,80,80,16273800,,,
2018-10-25,77.833333,78,75.833333,76.166667,25496400,,,
2018-10-26,77.333333,78,75.5,76.333333,20032800,,,
2018-10-29,76.666667,78.5,76.666667,76.833333,13884000,,,
2018-10-30,76.166667,79.166667,75.666667,78.5,15187200,,,
2018-10-31,79.666667,81.5,79,81.166667,16978200,,,
2018-11-01,80.166667,81.666667,79.5,81,18216000,,,
2018-11-02,81.666667,83.833333,80.833333,83.333333,22932600,,,
2018-11-05,82.5,84.166667,81.666667,83.833333,15702600,,,
2018-11-06,84,84.5,82.833333,83.166667,13292400,,,
2018-11-07,83.333333,84.166667,81.666667,82.166667,19395600,,,
2018-11-08,83.5,84.666667,82.666667,83,14877000,,,
2018-11-09,83.166667,83.5,82.5,83,10183800,,,
2018-11-12,81.333333,81.5,79.5,80,16835400,,,
2018-11-13,78.333333,79.666667,77,79.333333,19734600,,,
2018-11-14,79.333333,82,79.333333,81.5,14973000,,,
2018-11-15,81.166667,81.833333,80.333333,81,11687400,,,
2018-11-16,81.5,81.5,78.666667,79,16896600,,,
2018-11-19,78.166667,79,77.666667,78.333333,17680200,,,
2018-11-20,77.166667,78.333333,76.833333,77.5,14866800,,,
2018-11-21,76.166667,76.5,74.5,76.333333,25899000,,,
2018-11-22,76.666667,76.666667,74.833333,75,14116200,,,
2018-11-26,75.666667,77.833333,75.333333,77.5,14058000,,,
2018-11-27,79.166667,80.333333,78.166667,80,13735800,,,
2018-11-28,80.666667,81.666667,80,81.666667,13284000,,,
2018-11-29,82.333333,83,81.166667,81.333333,11361600,,,
2018-11-30,82.166667,82.5,81.166667,82.166667,11950800,,,
2018-12-03,82.666667,84.166667,82.5,83.5,15313800,,,
2018-12-04,83.833333,83.833333,81.333333,81.833333,15618000,,,
2018-12-05,79.166667,80.333333,78.5,78.833333,19329000,,,
2018-12-06,78.666667,78.666667,76.666667,77.666667,17758800,,,
2018-12-07,78.5,78.5,75.333333,76.166667,17069400,,,
2018-12-10,75.166667,75.666667,73.166667,75.333333,19122600,,,
2018-12-11,75.166667,75.166667,72.833333,73.166667,20359200,,,
2018-12-12,73.5,76.333333,73.166667,75.333333,19649400,,,
2018-12-13,75.666667,77.666667,74.833333,76.666667,18521400,,,
2018-12-14,76.333333,76.666667,74.666667,76,21217200,,,
2018-12-17,75.666667,77.333333,75.166667,75.5,16186800,,,
2018-12-18,74.5,76.333333,73.5,75.333333,17580000,,,
2018-12-19,75,76.5,74.166667,76.166667,17126400,,,
2018-12-20,75.166667,75.333333,72.5,72.833333,23040000,,,
2018-12-21,71.333333,72.166667,68.833333,69.333333,36127800,,,
2018-12-25,65.833333,67.166667,64.666667,66.5,26361000,,,
2018-12-26,66.5,68.166667,65.5,67,23005200,,,
2018-12-27,69.5,70.666667,68.833333,70.333333,27898200,,,
2018-12-28,70.333333,73.666667,70.333333,72.833333,20083200,,,
2019-01-04,70.333333,70.666667,67.333333,69,23075400,,,
2019-01-07,71.666667,73.666667,71.166667,72.166667,17112600,,,
2019-01-08,73,74.833333,72.666667,74,18084000,,,
2019-01-09,74,74.666667,72.833333,73.666667,16547400,,,
2019-01-10,72.833333,73.5,71.833333,72.5,16085400,,,
2019-01-11,73,74.833333,72.833333,74.666667,18440400,,,
2019-01-15,74,76.333333,73.333333,76,12762600,,,
2019-01-16,75.833333,76.166667,73.666667,75.5,13285200,,,
2019-01-17,76.333333,77.333333,75.5,75.666667,11793000,,,
2019-01-18,76.166667,76.333333,74.666667,76,15157200,,,
2019-01-21,77,78.666667,77,77.833333,14011200,,,
2019-01-22,78,79,75.666667,75.833333,12475800,,,
2019-01-23,75,77,74.5,76.5,12746400,,,
2019-01-24,74.5,76.5,74,76.166667,13894200,,,
2019-01-25,77.166667,78.833333,76.833333,78.833333,13186800,,,
2019-01-28,79.833333,81,78.333333,79,15382800,,,
2019-01-29,78.333333,78.833333,76.5,77.833333,14784600,,,
2019-01-30,77,77.666667,76,77,14174400,,,
2019-01-31,78.333333,80,78.333333,79.333333,12690600,,,
2019-02-01,79.666667,80.333333,78.666667,79,11437200,,,
2019-02-04,78.666667,79.666667,77.833333,78.166667,13568400,,,
2019-02-05,80.833333,85.5,79.666667,81,53061000,,,
2019-02-06,81,82.833333,80.5,82.166667,16856400,,,
2019-02-07,81,82.5,81,81.333333,14826600,,,
2019-02-08,80,80.5,76.5,76.833333,18327600,,,
2019-02-12,77.166667,80.333333,77.166667,80,14594400,,,
2019-02-13,80.666667,82.666667,80.5,82.333333,14860200,,,
2019-02-14,82,82.666667,81.333333,82.166667,9216000,,,
2019-02-15,81.166667,81.333333,79.666667,80.666667,11332200,,,
2019-02-18,81.833333,82.333333,81,81.666667,13779000,,,
2019-02-19,82.166667,82.166667,80.833333,81.166667,9885000,,,
2019-02-20,81.666667,82.5,81.5,82.166667,12808800,,,
2019-02-21,82.333333,82.666667,80.833333,81.166667,11587800,,,
2019-02-22,81,81.333333,79.833333,81.333333,12755400,,,
2019-02-25,82,83.5,82,82.5,14846400,,,
2019-02-26,83,83.333333,81.5,81.833333,11698200,,,
2019-02-27,81.5,82.5,80.666667,80.833333,10593600,,,
2019-02-28,81,81.166667,78.5,78.5,15509400,,,
2019-03-01,78,79.666667,77.5,79,18574800,,,
2019-03-04,80.166667,81.833333,80.166667,81.166667,12738000,,,
2019-03-05,80.666667,81.166667,79.666667,80,9235800,,,
2019-03-06,79.666667,80.666667,79.333333,80,9786000,,,
2019-03-07,79.666667,79.666667,78,78.5,10919400,,,
2019-03-08,77.5,77.666667,74.666667,75,17715600,,,
2019-03-11,75.833333,76.333333,74.833333,76.166667,7436400,,,
2019-03-12,77.333333,77.5,76.333333,76.666667,13959600,,,
2019-03-13,75,75,69.833333,70.166667,42336000,,,
2019-03-14,70.833333,72.333333,70,70.333333,23425800,,,
2019-03-15,70.833333,71.833333,70.5,70.666667,18636000,,,
2019-03-18,71.166667,73,71.166667,72.5,16399800,,,
2019-03-19,71.666667,73.166667,70.833333,72.833333,16512600,,,
2019-03-20,71.833333,73.166667,71.666667,72.333333,15618600,,,
2019-03-22,73,73,71.5,72.333333,10282800,,,
2019-03-25,70.166667,70.5,68.666667,69.333333,19810800,,,
2019-03-26,70.333333,71.666667,69.833333,71.5,16828800,,,
2019-03-27,70.333333,70.666667,68.666667,70,22507800,,,
2019-03-28,68.666667,68.666667,67.5,68.166667,19221600,,,
2019-03-29,69.666667,69.666667,68.833333,69.5,15535800,,,
2019-04-01,70.5,72.5,70.5,72,18097200,,,
2019-04-02,72.666667,74,72.5,73.833333,15891600,,,
2019-04-03,73.333333,75,73,74.666667,15910200,,,
2019-04-04,74.833333,76,74.666667,75.333333,12729000,,,
2019-04-05,76.166667,76.666667,75.666667,76.5,17245200,,,
2019-04-08,76.666667,77.333333,75.5,75.833333,11431200,,,
2019-04-09,75.5,76.5,75.166667,76.5,8887800,,,
2019-04-10,75.166667,76,74.833333,75.833333,10686600,,,
2019-04-11,75.5,75.833333,74.833333,75.666667,11077800,,,
2019-04-12,75.666667,76.5,75,75.666667,14150400,,,
2019-04-15,77,77.333333,76.166667,76.5,16606200,,,
2019-04-16,76.5,76.833333,76,76.166667,8097600,,,
2019-04-17,76.833333,79.666667,76.333333,79.666667,21669000,,,
2019-04-18,79.5,81.333333,79.5,80.166667,21327000,,,
2019-04-19,81,81.166667,80,81,10077000,,,
2019-04-22,81.166667,81.166667,79.333333,79.666667,12107400,,,
2019-04-23,79.666667,79.833333,78,78.333333,9789600,,,
2019-04-24,79.166667,79.166667,77.166667,77.333333,11323800,,,
2019-04-25,77.5,78,76.833333,77.666667,11056200,,,
2019-04-26,77.166667,77.166667,75.333333,76.333333,13053000,,,
2019-05-07,75.333333,75.5,72.5,72.833333,15663600,,,
2019-05-08,71.666667,71.833333,70.166667,70.333333,14157000,,,
2019-05-09,70.833333,71.166667,69.666667,69.666667,19824600,,,
2019-05-10,69.833333,71,69,70.333333,18826800,,,
2019-05-13,69.333333,70,68.833333,69,12630000,,,
2019-05-14,68.166667,69.666667,67,69.666667,16971000,,,
2019-05-15,69.666667,69.666667,66.5,67.833333,28065000,,,
2019-05-16,67.333333,67.333333,65.666667,66.166667,21547200,,,
2019-05-17,66,66.833333,65.833333,66.166667,18012000,,,
2019-05-20,65.666667,65.833333,63.666667,64,19901400,,,
2019-05-21,63.666667,63.666667,61.5,62.833333,19533600,,,
2019-05-22,63.5,64.333333,63.333333,63.833333,16774200,,,
2019-05-23,63.333333,63.333333,61.5,61.833333,14892600,,,
2019-05-24,61.5,63,60.666667,62.166667,15040200,,,
2019-05-27,63,63.166667,61.5,61.5,12075000,,,
2019-05-28,61.833333,62,61,61.5,15360000,,,
2019-05-29,61,61.166667,59.333333,60.333333,15460800,,,
2019-05-30,60,61.666667,60,61.333333,10244400,,,
2019-05-31,60.5,61,59.333333,59.666667,15856200,,,
2019-06-03,58.833333,59.166667,57.166667,57.333333,19669800,,,
2019-06-04,58.333333,60.666667,58.166667,60.333333,19710000,,,
2019-06-05,62.166667,63.5,61.666667,63.166667,19803600,,,
2019-06-06,61.666667,61.666667,60.666667,60.833333,13944600,,,
2019-06-07,61.333333,62,60.833333,61.5,10293600,,,
2019-06-10,61.666667,62.5,61.5,62,12285000,,,
2019-06-11,62.666667,63.333333,62.166667,62.833333,9085800,,,
2019-06-12,61.666667,62.666667,61.166667,62.333333,10228800,,,
2019-06-13,61.666667,62.166667,60.666667,61.5,12366600,,,
2019-06-14,62.333333,62.666667,61.666667,62.166667,13701000,,,
2019-06-17,61.5,61.666667,60.833333,61.333333,7708800,,,
2019-06-18,61,61.666667,60.666667,61,9865200,,,
2019-06-19,61.666667,64,61.5,63.5,15850200,,,
2019-06-20,64.5,64.5,62.833333,64,12497400,,,
2019-06-21,65.833333,66,63.833333,64.166667,23764800,,,
2019-06-24,63.666667,64.666667,63,64.666667,8368800,,,
2019-06-25,65,65.5,64.5,64.666667,11382600,,,
2019-06-26,64.166667,66,63.666667,65.666667,10813200,,,
2019-06-27,66.166667,67.166667,65.833333,67,11700600,,,
2019-06-28,67,67.833333,66.833333,67.5,14827800,,,
2019-07-01,69.5,70.333333,68.833333,70.166667,15809400,,,
2019-07-02,69.333333,70.5,69,70.166667,9447600,,,
2019-07-03,69.5,70,68.666667,69.5,12457800,,,
2019-07-04,69.666667,70.833333,69.5,70.666667,11026800,,,
2019-07-05,70.833333,71,70,70.333333,7921800,,,
2019-07-08,70.333333,70.666667,69.166667,70.333333,11789400,,,
2019-07-09,70.333333,71.166667,69.5,70,13953600,,,
2019-07-10,69.333333,69.5,68.833333,68.833333,9843600,,,
2019-07-11,68.666667,68.833333,68,68.666667,10819200,,,
2019-07-12,70.166667,70.333333,68,68,16578000,,,
2019-07-16,68,69,68,68.333333,9822600,,,
2019-07-17,67.833333,68.166667,66.833333,67.666667,14507400,,,
2019-07-18,66.833333,67,64.666667,65,14568000,,,
2019-07-19,64.666667,66.666667,64.5,66.333333,13005000,,,
2019-07-22,66.666667,67.5,66.5,66.833333,9342000,,,
2019-07-23,67.166667,68.666667,67,68.333333,10202400,,,
2019-07-24,69.5,70.833333,69.5,70.666667,16686600,,,
2019-07-25,71.5,71.5,70.333333,70.666667,13963200,,,
2019-07-26,70.166667,70.166667,68.5,69,10711800,,,
2019-07-29,69.5,69.5,68,68.5,10319400,,,
2019-07-30,68.666667,70.333333,68.666667,69,10541400,,,
2019-07-31,68.666667,69.166667,66.666667,67,20865600,,,
2019-08-01,65.666667,67.333333,65,67.333333,15126000,,,
2019-08-02,62,63.166667,60.333333,60.666667,35292000,,,
2019-08-05,60,60.166667,58.666667,59.166667,19429200,,,
2019-08-06,56.666667,59.166667,56.333333,58.833333,22759200,,,
2019-08-07,58.833333,59,56.833333,57.333333,22838400,,,
2019-08-08,57.166667,57.833333,56.333333,56.5,16224000,,,
2019-08-09,57.5,57.5,56.5,56.833333,15538200,,,
2019-08-13,55.666667,55.833333,54.5,54.666667,22268400,,,
2019-08-14,56,56.666667,55.5,55.833333,18907800,,,
2019-08-15,54,54.833333,53.666667,54.666667,15610200,,,
2019-08-16,53.833333,54.333333,53.666667,54,14513400,,,
2019-08-19,55,55.5,54.666667,55.333333,8362800,,,
2019-08-20,55.333333,55.666667,55,55.333333,7903200,,,
2019-08-21,55.5,56.333333,55.166667,55.666667,9739800,,,
2019-08-22,55.833333,56,55,55.166667,10113600,,,
2019-08-23,55.833333,56.166667,55.166667,55.666667,7635000,,,
2019-08-26,54.333333,54.5,53.333333,53.666667,16812000,,,
2019-08-27,54.166667,55.166667,54,54.833333,9072600,,,
2019-08-28,54.333333,54.666667,54.166667,54.166667,6008400,,,
2019-08-29,54.833333,55,53.666667,54,11062200,,,
2019-08-30,55,56.666667,54.833333,56.333333,13132800,,,
2019-09-02,56.333333,57,56,56.5,6981600,,,
2019-09-03,56.333333,57.333333,56,57.166667,6781200,,,
2019-09-04,56.5,56.833333,55.833333,56.5,6843600,,,
2019-09-05,56.666667,59.166667,56.666667,58.666667,13188000,,,
2019-09-06,59.833333,59.833333,58.833333,59.166667,11261400,,,
2019-09-09,59.333333,60.833333,59,60.5,15130800,,,
2019-09-10,61.666667,63.666667,61.5,63.166667,15796200,,,
2019-09-11,64.5,66.5,64.5,65.833333,21397200,,,
2019-09-12,65.833333,67.166667,65.666667,66.666667,17269800,,,
2019-09-13,67.333333,68.5,66,68.166667,21657600,,,
2019-09-17,67,69.333333,66.833333,68.666667,14436600,,,
2019-09-18,66.833333,67,64.666667,65.833333,26035800,,,
2019-09-19,66.5,68,65.5,65.666667,19127400,,,
2019-09-20,65.5,66.666667,65.166667,66.5,12374400,,,
2019-09-24,66.166667,69.333333,65.5,67.666667,14761200,,,
2019-09-25,66.333333,67.833333,66.166667,67.666667,10552800,,,
2019-09-26,69.333333,71.5,69.333333,70,25235400,,,
2019-09-27,68.5,69.5,67.833333,69.166667,14428800,,,
2019-09-30,69,70.333333,68.666667,69,12459600,,,
2019-10-01,69.666667,70.5,69.333333,69.5,12406800,,,
2019-10-02,67.833333,69.166667,67.666667,68.833333,12109800,,,
2019-10-03,66.833333,68.5,66.666667,68.5,10060200,,,
2019-10-04,68.333333,69.166667,68.166667,68.333333,9707400,,,
2019-10-07,68.833333,69.666667,68.166667,68.5,8995800,,,
2019-10-08,69,71.166667,69,70,15621000,,,
2019-10-09,68.833333,70.666667,68.833333,70,11263800,,,
2019-10-10,70.666667,71.166667,70,70.833333,14241000,,,
2019-10-11,71.666667,72.833333,71.5,72.666667,19865400,,,
2019-10-15,74.666667,76.333333,73.833333,74,25370400,,,
2019-10-16,76.333333,76.666667,74.333333,74.5,18636600,,,
2019-10-17,74.333333,74.666667,73.666667,74.333333,8046000,,,
2019-10-18,74.333333,75.833333,74.333333,75.333333,10279800,,,
2019-10-21,75.833333,76.5,75.333333,76.166667,8010000,,,
2019-10-23,76.5,77.833333,75.5,77.5,13386600,,,
2019-10-24,77.833333,79.833333,77.833333,79.666667,13927800,,,
2019-10-25,79,81.166667,78.833333,81,16418400,,,
2019-10-28,81,82.5,81,81.666667,11508600,,,
2019-10-29,82.5,84.333333,81.833333,84.166667,16870200,,,
2019-10-30,83.166667,83.333333,81,82.833333,16475400,,,
2019-10-31,84,85.333333,83,84.5,18235200,,,
2019-11-01,79.5,79.833333,76.166667,78.833333,34749600,,,
2019-11-05,79.666667,81.166667,78.5,78.666667,23953800,,,
2019-11-06,77.333333,79.333333,76.166667,79,22369200,,,
2019-11-07,79,80.5,78.5,79.833333,14392200,,,
2019-11-08,81.166667,81.666667,80.5,81.166667,15624000,,,
2019-11-11,81.166667,82.833333,81.166667,81.333333,17788800,,,
2019-11-12,81.666667,83,81.166667,83,10068600,,,
2019-11-13,82.833333,83.666667,81.166667,81.833333,11388600,,,
2019-11-14,81.666667,82,80,80.166667,9991200,,,
2019-11-15,79.5,81.833333,79.166667,81.166667,9006600,,,
2019-11-18,82.166667,82.333333,79.333333,79.833333,12298800,,,
2019-11-19,77.5,77.5,75.666667,76.5,19612800,,,
2019-11-20,75.666667,77,75.333333,75.833333,13288200,,,
2019-11-21,75,75.833333,74.166667,75.333333,22264200,,,
2019-11-22,75.666667,77.166667,75.666667,76.166667,15803400,,,
2019-11-25,77.166667,77.333333,76.333333,76.5,9994200,,,
2019-11-26,77.833333,79.5,77.333333,77.333333,13011000,,,
2019-11-27,77.5,79.166667,77.5,79,21155400,,,
2019-11-28,79.333333,79.833333,78.833333,79,8650200,,,
2019-11-29,78.833333,79.666667,78.333333,78.5,13792200,,,
2019-12-02,76.666667,77.666667,76.166667,76.5,16556400,,,
2019-12-03,75.5,76.333333,74.5,76.333333,12784200,,,
2019-12-04,75.166667,76.833333,74.833333,76.5,16683600,,,
2019-12-05,77.5,78.833333,77.5,78.166667,17428800,,,
2019-12-06,78.666667,80.166667,78.666667,79,17171400,,,
2019-12-09,79.166667,80.5,78.666667,79.833333,11121600,,,
2019-12-10,79.666667,80.333333,78.666667,79.166667,9862800,,,
2019-12-11,80,81,79.666667,80.5,13072800,,,
2019-12-12,80.666667,81,79.5,79.5,8189400,,,
2019-12-13,82.166667,82.5,81.5,81.833333,16438200,,,
2019-12-16,82,82.666667,80.666667,81,8278200,,,
2019-12-17,80.666667,81,79.166667,79.5,12142200,,,
2019-12-18,79.333333,79.333333,76.5,77.166667,19693800,,,
2019-12-19,77,77.333333,76,77,17142000,,,
2019-12-20,77.166667,78.166667,76.833333,77.5,17173800,,,
2019-12-23,77.666667,78.5,77.166667,77.666667,8312400,,,
2019-12-24,78.166667,78.333333,76.666667,77.333333,5172600,,,
2019-12-25,76.666667,76.666667,75,75.5,11518800,,,
2019-12-26,75.5,76.666667,75.5,76.166667,6434400,,,
2019-12-27,76,77.166667,76,76.833333,7796400,,,
2019-12-30,75.833333,76,74.833333,75.333333,7834200,,,
2020-01-06,73.333333,74.833333,72.666667,74.5,14086200,,,
2020-01-07,74.5,74.833333,73.666667,74.666667,12790200,,,
2020-01-08,73.333333,73.333333,71.666667,72.666667,16863000,,,
2020-01-09,74.333333,74.5,73.5,74.166667,12072600,,,
2020-01-10,75,75.333333,73.5,74.333333,11422800,,,
2020-01-14,74.666667,75.666667,73.833333,74.333333,9753600,,,
2020-01-15,74.166667,74.166667,72.5,73,12693000,,,
2020-01-16,73,73,72,72.5,8377800,,,
2020-01-17,73.333333,74.666667,73,74.333333,12632400,,,
2020-01-20,74.333333,75.333333,74.333333,74.666667,6226800,,,
2020-01-21,73.666667,74.333333,72.666667,73.166667,15067800,,,
2020-01-22,72.5,72.5,71.5,71.833333,13237200,,,
2020-01-23,71.333333,71.5,69.833333,70.5,13434600,,,
2020-01-24,71.166667,71.166667,69.666667,70,8618400,,,
2020-01-27,67.5,68.166667,67,67,12513600,,,
2020-01-28,67,67.833333,65.666667,67.666667,17610600,,,
2020-01-29,68.166667,69.333333,68,69,12900600,,,
2020-01-30,67.666667,68.5,67.166667,68,11947200,,,
2020-01-31,68.5,69,67.333333,68.5,11010600,,,
2020-02-03,66.333333,68,66,67.833333,14502600,,,
2020-02-04,68,68.833333,67.333333,68.5,14067000,,,
2020-02-05,69.666667,72,68.5,71.5,23076000,,,
2020-02-06,66.333333,67.833333,64.333333,64.833333,37162200,,,
2020-02-07,64.333333,64.333333,61.5,63.333333,35340600,,,
2020-02-10,62,64.166667,61.666667,63.5,14783400,,,
2020-02-12,64.333333,65.666667,64.166667,65,15051600,,,
2020-02-13,64,64.833333,63.5,64,13002600,,,
2020-02-14,64,64.833333,63.666667,64.5,10515600,,,
2020-02-17,63.833333,64.666667,63.166667,64.5,8198400,,,
2020-02-18,63.833333,64.333333,62.833333,63.333333,10471800,,,
2020-02-19,64,64.333333,63,63.666667,9298200,,,
2020-02-20,64.666667,65.166667,63.833333,64.166667,11603400,,,
2020-02-21,63.5,65,63.5,64.5,11132400,,,
2020-02-25,61.166667,62.166667,61,61.5,17922000,,,
2020-02-26,60.666667,61.666667,60,61.5,11262600,,,
2020-02-27,61,61,59.166667,59.666667,18714000,,,
2020-02-28,57.166667,58.5,56.833333,57.666667,20710200,,,
2020-03-02,56.833333,58.166667,56,57,20126400,,,
2020-03-03,58.666667,58.833333,55.833333,55.833333,17874000,,,
2020-03-04,55,55.833333,54.833333,55.5,11764200,,,
2020-03-05,56.833333,57,54.166667,54.666667,17092200,,,
2020-03-06,53.333333,53.333333,51,51.333333,18377400,,,
2020-03-09,49.333333,49.5,46.333333,47,22015800,,,
2020-03-10,45.666667,48.166667,44.666667,47.666667,23167200,,,
2020-03-11,47.833333,49.333333,47.5,47.666667,18406800,,,
2020-03-12,46,47.166667,44.666667,44.833333,19136400,,,
2020-03-13,40.833333,45.333333,40.833333,43.5,36097200,,,
2020-03-16,44.833333,45.166667,42.666667,43,23032800,,,
2020-03-17,41.666667,45.333333,40.833333,44.833333,30225600,,,
2020-03-18,44.833333,46.833333,43.5,45.833333,22341000,,,
2020-03-19,47.333333,51.666667,46.333333,49.833333,35412600,,,
2020-03-23,50,51.166667,47,48.166667,22968600,,,
2020-03-24,50,50.5,48.166667,50.333333,15904800,,,
2020-03-25,53,53,50.333333,51.833333,21834600,,,
2020-03-26,49.833333,51.166667,48.833333,49.166667,15977400,,,
2020-03-27,51.333333,52,50.166667,52,17318400,,,
2020-03-30,49,52.833333,49,52.833333,17216400,,,
2020-03-31,52.833333,54,51.833333,52.166667,13473000,,,
2020-04-01,51.666667,52.5,50.333333,50.833333,11785800,,,
2020-04-02,49.833333,50.166667,47.333333,47.333333,16831200,,,
2020-04-03,47.833333,48.333333,46,46.5,15534600,,,
2020-04-06,45.833333,48,44.333333,47.333333,20062200,,,
2020-04-07,48.833333,49.166667,46.666667,48.5,16338000,,,
2020-04-08,48.166667,48.833333,46.666667,48.166667,13929600,,,
2020-04-09,48.666667,51,48.666667,50.5,19006800,,,
2020-04-10,51.5,52,50.166667,50.5,14237400,,,
2020-04-13,49.333333,49.833333,48.666667,48.666667,7519800,,,
2020-04-14,48.333333,50.333333,47.833333,49.833333,11972400,,,
2020-04-15,49.333333,49.333333,47.333333,48,14058600,,,
2020-04-16,46.833333,47.666667,46.666667,47.333333,12369600,,,
2020-04-17,47.833333,49.166667,47.5,48.333333,11533200,,,
2020-04-20,47.166667,48,47,47.5,9333600,,,
2020-04-21,46.166667,46.666667,45.166667,45.166667,14305800,,,
2020-04-22,44.333333,44.833333,43.666667,44,11716800,,,
2020-04-23,44.5,46,44.5,46,10505400,,,
2020-04-24,46.333333,48,46,47.166667,15118200,,,
2020-04-27,47.666667,50.833333,47.166667,50.666667,16866000,,,
2020-04-28,50.5,51.333333,49.833333,50.5,9618600,,,
2020-04-30,52.166667,53.833333,52,53.166667,17521800,,,
2020-05-01,52.5,52.5,51,51.333333,13105800,,,
2020-05-07,50.166667,50.5,49.5,49.833333,12310800,,,
2020-05-08,50.833333,51.333333,50.166667,51,10936800,,,
2020-05-11,52.333333,54.833333,52,54.833333,14749200,,,
2020-05-12,54.166667,54.333333,52.333333,53.166667,8751600,,,
2020-05-13,50.5,52,50.333333,51.5,13477800,,,
2020-05-14,50.166667,50.833333,48.5,48.666667,15919800,,,
2020-05-15,50.333333,50.666667,48.833333,50.333333,12610800,,,
2020-05-18,50.333333,50.833333,49.166667,49.333333,11391000,,,
2020-05-19,51.833333,52.833333,51.833333,52.166667,14274000,,,
2020-05-20,52.666667,55.333333,52.5,55.333333,20495400,,,
2020-05-21,55,56.166667,54.666667,54.833333,10678200,,,
2020-05-22,55.333333,55.333333,52.666667,53.166667,11631000,,,
2020-05-25,54.333333,54.333333,52.666667,53.666667,9577800,,,
2020-05-26,51,52.666667,50,50.666667,47708400,,,
2020-05-27,51.333333,53.666667,51,53.666667,30022200,,,
2020-05-28,54.166667,56,54.166667,55.833333,23908200,,,
2020-05-29,55,55.166667,52.833333,52.833333,16177800,,,
2020-06-01,53.833333,54.166667,52.333333,52.833333,12922200,,,
2020-06-02,53.833333,55,53.333333,54,12657600,,,
2020-06-03,56.166667,56.666667,54.833333,55.5,17041200,,,
2020-06-04,56.666667,56.833333,54,54.666667,14826000,,,
2020-06-05,55.333333,56.333333,54.666667,56.333333,12224400,,,
2020-06-08,57.5,58.166667,57,58.166667,17649000,,,
2020-06-09,58.333333,58.5,56,56.833333,12615600,,,
2020-06-10,56,56.833333,55.166667,56.666667,11956200,,,
2020-06-11,54.333333,55.5,52.666667,52.666667,25680000,,,
2020-06-12,50.333333,53.666667,49.666667,53.166667,29868600,,,
2020-06-15,53.333333,54.833333,52.5,52.5,22843200,,,
2020-06-16,55,57,54.833333,56.5,24759000,,,
2020-06-17,56.5,57,55.5,56.5,17239800,,,
2020-06-18,57,57,55,55.5,17955000,,,
2020-06-19,55.833333,56,54.5,55.666667,15774600,,,
2020-06-22,54.333333,55.5,54.166667,54.333333,14925000,,,
2020-06-23,55,56.833333,54.833333,55.333333,17369400,,,
2020-06-24,56.333333,56.333333,54.5,54.833333,13792200,,,
2020-06-25,54,54,52.833333,53.333333,12187200,,,
2020-06-26,53,53.833333,51.833333,52,12721800,,,
2020-06-29,52,52.333333,51,51.333333,14238600,,,
2020-06-30,53,53.666667,51.5,51.666667,13269600,,,
2020-07-01,52.666667,53.333333,52,52.333333,16884000,,,
2020-07-02,51.666667,53.166667,51.333333,52.5,17796000,,,
2020-07-03,53.333333,53.833333,52.5,53,12027600,,,
2020-07-06,53.333333,54.5,53.166667,54.333333,11208600,,,
2020-07-07,54.333333,55.5,54.333333,54.833333,13430400,,,
2020-07-08,54.5,54.833333,53.5,53.666667,10256400,,,
2020-07-09,53.5,53.5,51.833333,52.333333,12659400,,,
2020-07-10,52,52,50.5,50.666667,15721200,,,
2020-07-13,51.333333,52.833333,50.833333,52.666667,16066800,,,
2020-07-14,52.5,53.333333,51.5,53,9929400,,,
2020-07-15,53.5,55,53.333333,54.166667,14756400,,,
2020-07-16,55,56.333333,54.666667,55.333333,15061800,,,
2020-07-17,55.333333,55.5,54.166667,54.5,12160800,,,
2020-07-20,53.833333,54.666667,52.833333,54.666667,13936200,,,
2020-07-21,54.666667,55.666667,53.666667,55.5,12873000,,,
2020-07-22,55.833333,56,52.5,52.5,18983400,,,
2020-07-27,51.833333,52.333333,51.5,52.333333,7885200,,,
2020-07-28,52.5,53,52,52.666667,9096000,,,
2020-07-29,52.333333,52.333333,51,51,9247200,,,
2020-07-30,50.833333,50.833333,48.666667,48.833333,13188600,,,
2020-07-31,48.5,48.666667,47,47.166667,14403600,,,
2020-08-03,47.5,49.333333,47.5,48.333333,17231400,,,
2020-08-04,48.5,51,48,50.666667,20010600,,,
2020-08-05,50.5,50.5,49.333333,49.666667,15903000,,,
2020-08-06,50.5,51.833333,50,50.5,16952400,,,
2020-08-07,49.5,49.5,48.333333,49,16150800,,,
2020-08-11,50,52.833333,50,52.5,19666200,,,
2020-08-12,52.833333,53.333333,51.833333,53,11841600,,,
2020-08-13,53.833333,54,52.666667,53.166667,11819400,,,
2020-08-14,53.833333,53.833333,52.166667,52.5,8182800,,,
2020-08-17,52.333333,52.833333,51.5,51.833333,7325400,,,
2020-08-18,51.5,51.666667,50,50.166667,13011000,,,
2020-08-19,50.166667,51.666667,50,51.333333,9951000,,,
2020-08-20,50.833333,52.166667,50.666667,51.166667,10013400,,,
2020-08-21,51.5,52.666667,51.5,52,7741800,,,
2020-08-24,51.833333,51.833333,50,50.166667,13558800,,,
2020-08-25,51.5,53,51.5,52.166667,15096600,,,
2020-08-26,52.333333,52.5,51.5,51.666667,5956800,,,
2020-08-27,51.833333,51.833333,51,51.166667,5332200,,,
2020-08-28,51.333333,52.5,50.833333,51.166667,17655000,,,
2020-08-31,52,53,52,52,14149200,,,
2020-09-01,51.166667,52.166667,51.166667,51.5,8683800,,,
2020-09-02,52,52,50.833333,51,7006200,,,
2020-09-03,51,51.833333,50.833333,50.833333,8133000,,,
2020-09-04,50.166667,51.5,50.166667,51.5,9093600,,,
2020-09-07,51.333333,52.333333,51.166667,51.5,11164800,,,
2020-09-08,51.5,52.166667,50.666667,51.5,7744800,,,
2020-09-09,51,51.166667,50.333333,50.833333,8617200,,,
2020-09-10,51.166667,52.333333,51,52.166667,11091000,,,
2020-09-11,52.166667,52.666667,51.333333,52.166667,12877200,,,
2020-09-14,52.833333,54,52.666667,53.833333,13920000,,,
2020-09-15,53.166667,53.166667,51.666667,52,15564600,,,
2020-09-16,52.333333,52.5,51.5,52,13699200,,,
2020-09-17,51.833333,52.333333,50.666667,51,12914400,,,
2020-09-18,51.333333,51.5,50.5,51,33973800,,,
2020-09-23,50.166667,51.333333,50.166667,51,9713400,,,
2020-09-24,50.833333,50.833333,48.833333,48.833333,21216000,,,
2020-09-25,49.833333,49.833333,48.666667,49.166667,11789400,,,
2020-09-28,49.833333,50.833333,49.166667,50.833333,15097200,,,
2020-09-29,51,51.333333,50.166667,50.5,11565600,,,
2020-09-30,49.833333,50.166667,48.333333,48.333333,18677400,,,
2020-10-01,#VALUE!,#VALUE!,#VALUE!,#VALUE!,0,,,
2020-10-02,49.333333,49.5,47.333333,47.666667,17929200,,,
2020-10-05,48.333333,49.666667,48.333333,48.666667,12610200,,,
2020-10-06,49.166667,50.833333,49.166667,50.5,22597800,,,
2020-10-07,49.333333,50.333333,49.166667,50,10209600,,,
2020-10-08,50.5,52.166667,49.833333,50.166667,23040000,,,
2020-10-09,50.333333,50.833333,49.5,49.666667,12245400,,,
2020-10-12,49.5,49.833333,48.666667,49.166667,10714200,,,
2020-10-13,49.333333,49.833333,48.666667,49.5,8459400,,,
2020-10-14,48.833333,48.833333,47.666667,48,16226400,,,
2020-10-15,48.5,48.833333,48,48.333333,11408400,,,
2020-10-16,48,48,46.166667,46.5,18560400,,,
2020-10-19,47,48,47,47.5,16452600,,,
2020-10-20,46.666667,47.166667,46.333333,46.666667,11856000,,,
2020-10-21,46.5,48.666667,46.5,48.333333,13860600,,,
2020-10-22,47.833333,49.166667,47.833333,48.5,9923400,,,
2020-10-23,49,49.5,48.166667,49,8539200,,,
2020-10-26,49.666667,50.166667,49.5,49.666667,10419000,,,
2020-10-27,48.666667,49.333333,48.333333,49.166667,8493000,,,
2020-10-28,48.166667,48.333333,46.833333,47.333333,13434000,,,
2020-10-29,46.5,47.333333,46,47.166667,10743600,,,
2020-10-30,47.333333,47.333333,45.5,45.833333,16558200,,,
2020-11-02,46.333333,47.666667,46.166667,47.166667,15910800,,,
2020-11-04,56.5,60.5,55.833333,60.333333,130116600,,,
2020-11-05,59,62.833333,58.166667,62.166667,66192000,,,
2020-11-06,61.666667,64.166667,61.666667,63.666667,33001800,,,
2020-11-09,64,67.166667,63.5,65.5,39142800,,,
2020-11-10,67.5,68.833333,66,66.666667,32773200,,,
2020-11-11,67.166667,68.166667,66,67,20238600,,,
2020-11-12,65.833333,67.333333,65.333333,67.166667,20515800,,,
2020-11-13,66.5,66.5,64.5,65.5,19451400,,,
2020-11-16,66.333333,67.5,66.166667,67,16928400,,,
2020-11-17,68.666667,69,67.5,69,19640400,,,
2020-11-18,68.166667,70.166667,67.833333,69.333333,18363600,,,
2020-11-19,68.833333,69.5,65.5,66,25841400,,,
2020-11-20,65.833333,68.333333,65.5,68.166667,18612000,,,
2020-11-24,69.5,71.333333,69.166667,70.5,15549000,,,
2020-11-25,71.5,73,71.5,71.833333,21419400,,,
2020-11-26,70.666667,72,70.166667,71.833333,13947000,,,
2020-11-27,71.833333,72.166667,70.666667,71.166667,14575200,,,
2020-11-30,71.666667,71.833333,67.666667,67.833333,18544200,,,
2020-12-01,68.666667,70.666667,68.166667,70.166667,16542600,,,
2020-12-02,73.5,76.333333,73.333333,75.333333,40459800,,,
2020-12-03,76.666667,78.666667,75.333333,76.666667,34009800,,,
2020-12-04,75.833333,77.5,75.5,77,14952000,,,
2020-12-07,77.5,77.666667,74.833333,75.333333,13471800,,,
2020-12-08,74.833333,76,74.333333,75,14016600,,,
2020-12-09,75,78.333333,75,77.333333,16770600,,,
2020-12-10,77.666667,79,77.5,77.5,10132200,,,
2020-12-11,77.5,78,76.5,77.333333,8783400,,,
2020-12-14,77,80,77,79.5,12868200,,,
2020-12-15,79.333333,80.166667,78.333333,79,10802400,,,
2020-12-16,80.166667,81.166667,79.5,80.333333,11952600,,,
2020-12-17,80.666667,81,78.833333,79,9940800,,,
2020-12-18,79.333333,80.833333,79,79.833333,13971000,,,
2020-12-21,80,80.5,78.5,78.666667,10982400,,,
2020-12-22,77.666667,78.666667,77,77.666667,11349600,,,
2020-12-23,77.833333,78.166667,74.333333,75.166667,13789800,,,
2020-12-24,76.5,79,76.5,77.833333,15780600,,,
2020-12-25,78.333333,78.666667,77.5,78.666667,7370400,,,
2020-12-28,79,79.333333,77.666667,78.333333,7893000,,,
2020-12-29,78.666667,80.5,78.5,80.166667,11142000,,,
2020-12-30,79.333333,79.833333,78,79.166667,10573200,,,
2021-01-04,79.666667,79.666667,76.333333,76.833333,11629200,,,
2021-01-05,75.5,77.833333,75.5,77.333333,11571600,,,
2021-01-06,77.333333,79,77.166667,78.833333,13117200,,,
2021-01-07,79.833333,83,79.666667,81.666667,27486600,,,
2021-01-08,82.333333,82.333333,81,82,11265600,,,
2021-01-12,81,81.833333,80.5,81.5,11680200,,,
2021-01-13,81.166667,85,80.833333,84.166667,16969800,,,
2021-01-14,83.333333,85,83,84,13609200,,,
2021-01-15,84.166667,85.5,83.166667,83.833333,14427000,,,
2021-01-18,82.5,82.666667,81.5,82.333333,7925400,,,
2021-01-19,82.666667,83.333333,81.833333,82.166667,7255200,,,
2021-01-20,82.833333,83,81.166667,82.333333,8768400,,,
2021-01-21,83,83.5,81.666667,81.666667,8829600,,,
2021-01-22,81.166667,81.166667,79.833333,80.166667,10416000,,,
2021-01-25,80.666667,81.5,79.666667,81.166667,9155400,,,
2021-01-26,81.833333,82.666667,80.666667,81,11090400,,,
2021-01-27,81.166667,82.833333,80.833333,81.666667,10977000,,,
2021-01-28,80,85,79.833333,84.833333,24762000,,,
2021-01-29,84.166667,84.5,81.166667,81.666667,15169800,,,
2021-02-01,81.5,85.166667,81.5,84.833333,14062800,,,
2021-02-02,85.166667,88.5,84.666667,87.5,19486800,1699800300,0,0
2021-02-03,88.333333,93,88,92.5,34275000,3125583200,0,0
2021-02-04,91.333333,93,91,91.5,14161200,1300854700,0,0
2021-02-05,92.5,93.333333,91.166667,92,14367000,1324000700,0,0
2021-02-08,92.166667,92.333333,89.833333,91.666667,19717800,1798294800,0,0
2021-02-09,94.166667,94.333333,84.333333,86.5,37690800,3281676300,0,0
2021-02-10,86.5,87.166667,84.666667,84.666667,14520000,1242660300,0,0
2021-02-12,84.666667,84.666667,82,82.666667,17026800,1413472200,0,0
2021-02-15,84,84.833333,81.666667,82.5,13163400,1087654200,0,0
2021-02-16,82.833333,85,82.166667,84.333333,13438800,1128230800,0,0
2021-02-17,84.333333,88,84.166667,87.5,16276200,1415498100,0,0
2021-02-18,87.666667,88,85.166667,85.166667,15476400,1331393700,0,0
2021-02-19,84.666667,85.166667,82.166667,83,10791000,897654400,0,0
2021-02-22,85.5,88.5,84.833333,87.5,18191400,1591993000,0,0
2021-02-24,87.666667,88.833333,87,87.166667,11949600,1049332500,0,0
2021-02-25,89.333333,89.5,87.833333,88.166667,9288000,821941300,0,0
2021-02-26,86.666667,87.333333,85.333333,85.5,13223400,1138288600,0,0
2021-03-01,86,88,85.5,87.5,7741200,675327000,0,0
2021-03-02,88.333333,89,86.833333,87.666667,10295400,906123600,0,0
2021-03-03,88,91,87.333333,90.333333,12399600,1112571500,0,0
2021-03-04,90,90.166667,87,88.166667,10194000,901504600,0,0
2021-03-05,88.833333,89.5,88,89.5,10941000,973154600,0,0
2021-03-08,90.666667,92.833333,90.166667,91.333333,16317600,1492426700,0,0
2021-03-09,92.666667,93.666667,91.333333,92.666667,11587200,1075728600,0,0
2021-03-10,93,93,91.5,92.666667,7957800,735109500,0,0
2021-03-11,93,94,91.666667,92.333333,10953600,1018653200,0,0
2021-03-12,92.5,92.5,90.666667,92.333333,13706400,1260131200,0,0
2021-03-15,93.333333,95.666667,92.666667,93.833333,14213400,1336550500,0,0
2021-03-16,93.833333,94.666667,91.666667,92,11782200,1092339600,0,0
2021-03-17,91.333333,92.666667,91,92.333333,8702400,800561200,0,0
2021-03-18,93.666667,95,93.166667,94.166667,11101200,1045433100,0,0
2021-03-19,93.333333,94.833333,91.833333,94.5,14707800,1377283100,0,0
2021-03-22,93.666667,93.833333,92,92.833333,14600400,1353085000,0,0
2021-03-23,92.5,93.166667,90.833333,91,10954200,1006314700,0,0
2021-03-24,89.666667,90.166667,86,86.666667,12597000,1102205200,0,0
2021-03-25,86.833333,90.166667,86.833333,89,9100200,811179900,0,0
2021-03-26,90.166667,90.666667,88.833333,89.5,7399800,663127900,0,0
2021-03-29,91.166667,91.333333,89.5,90.333333,10355400,936753000,0,0
2021-03-30,90.666667,92.333333,90,91.833333,6957000,635586000,0,0
2021-03-31,91.666667,92,90,90.5,8298000,753417900,0,0
2021-04-01,91.5,92,89.833333,90,6969600,632005600,0,0
2021-04-02,90.833333,92.166667,90.166667,91.666667,8167200,745419800,0,0
2021-04-05,92.5,93.333333,91.333333,93.333333,6535200,606739600,0,0
2021-04-06,93,93.333333,90.666667,91.333333,8416800,771533700,0,0
2021-04-07,91.333333,92.166667,90.333333,91.5,6793200,620376800,0,0
2021-04-08,91,91,88.166667,89.5,10129200,903347300,0,0
2021-04-09,89.333333,90,88.166667,88.333333,10543200,938120300,0,0
2021-04-12,88.833333,89.666667,88,88.333333,6294600,558813600,0,0
2021-04-13,88.333333,92,88.166667,92,13527000,1230922700,0,0
2021-04-14,90.5,92.166667,90,91.833333,8596800,784332400,0,0
2021-04-15,92.333333,93.666667,92,92.5,6738000,624678100,0,0
2021-04-16,93.166667,93.166667,90.5,91,8079600,738139200,0,0
2021-04-19,91.166667,91.166667,89.666667,90.333333,5434200,491333800,0,0
2021-04-20,89.833333,89.833333,87.333333,88,10405800,916188500,0,0
2021-04-21,85.833333,86.666667,84.5,85,11004600,938162600,0,0
2021-04-22,86.666667,87.666667,85.333333,85.833333,5246400,451844500,0,0
2021-04-23,85,85.166667,84,84.5,4784400,404773200,0,0
2021-04-26,85.333333,86,84.333333,85.666667,6706800,572370800,0,0
2021-04-27,86.333333,88.166667,86.166667,86.666667,7107600,618628500,0,0
2021-04-28,90,94.166667,89.666667,93.5,28299600,2617935300,0,0
2021-04-30,94.166667,95,92.666667,93.833333,14094000,1323803700,0,0
2021-05-06,94.5,98.5,94.333333,97.833333,19663200,1914008200,0,0
2021-05-07,98.5,98.833333,96.5,97.166667,9154200,891355900,0,0
2021-05-10,97.833333,99.666667,97.833333,98.333333,12526200,1236455100,0,0
2021-05-11,96.666667,98.5,95.5,96,7597200,732514500,0,0
2021-05-12,95.5,96.333333,93,94,8768400,827807600,0,0
2021-05-13,93.333333,96.666667,93.333333,94.666667,9249000,880468600,0,0
2021-05-14,96,96.833333,91.5,93.333333,11434800,1067538300,0,0
2021-05-17,86.666667,86.833333,76.833333,79,39640800,3172638500,0,0
2021-05-18,80,82.166667,78,81.333333,23934600,1936793800,0,0
2021-05-19,79,79.166667,76.5,76.666667,21650400,1676582900,0,0
2021-05-20,76.666667,78.333333,76.5,77.166667,10926000,846528500,0,0
2021-05-21,77,77.5,75.166667,76,11942400,908062700,0,0
2021-05-24,75.666667,77.166667,75.666667,76.833333,5946600,455691400,0,0
2021-05-25,77.833333,79,76.833333,78.166667,12043800,942341900,0,0
2021-05-26,77,77.833333,76.666667,77.833333,6786600,525379700,0,0
2021-05-27,77.166667,77.833333,76.166667,76.666667,8605200,661934400,0,0
2021-05-28,79,79.666667,78.166667,79.5,12250200,970382100,0,0
2021-05-31,79.166667,79.5,77.166667,78,9281400,721958700,0,0
2021-06-01,78.666667,79.666667,78.166667,78.833333,6063600,477821600,0,0
2021-06-02,79.166667,80.166667,78.333333,78.833333,8563800,678740700,0,0
2021-06-03,78.166667,79.166667,78,79,6006600,472938300,0,0
2021-06-04,78.5,79.666667,77.333333,79.5,7714200,609171700,0,0
2021-06-07,79.833333,80.666667,79.166667,80.333333,8921400,714016700,0,0
2021-06-08,79.166667,80.5,78.666667,80.166667,7618800,606977200,0,0
2021-06-09,80.666667,81.166667,79.5,79.5,4234800,339198400,0,0
2021-06-10,78.333333,78.833333,77.833333,78.666667,7158600,561258500,0,0
2021-06-11,79,79,77.333333,77.833333,9101400,712383200,0,0
2021-06-14,79.166667,80.666667,79.166667,80.5,11873400,950910800,0,0
2021-06-15,80,80.333333,79.666667,80,6556800,524550800,0,0
2021-06-16,80,82,79.833333,81.5,8479800,690237700,0,0
2021-06-17,81.5,81.5,79.5,80.666667,6598800,531015400,0,0
2021-06-18,80,80.333333,78.5,78.666667,9153600,724584300,0,0
2021-06-21,77.333333,77.333333,75.166667,76,12763200,970205900,0,0
2021-06-22,78.166667,79.333333,77.5,78.333333,11181600,877291800,0,0
2021-06-23,79.333333,80.166667,78.5,80,9428400,751388700,0,0
2021-06-24,80.166667,81.666667,80.166667,81,14047800,1138607700,0,0
2021-06-25,82.833333,85.833333,82.666667,84.333333,18130800,1529853900,0,0
2021-06-28,85,86.5,84.5,85.833333,10014000,857276100,0,0
2021-06-29,84.5,84.666667,82.833333,84.5,10608600,892606400,0,0
2021-06-30,84.666667,87.666667,84.5,86,13997400,1210021900,0,0
2021-07-01,87.5,87.833333,85,85.5,9736800,835285700,0,0
2021-07-02,85.166667,87.666667,85.166667,87.5,9863400,856779100,0,0
2021-07-05,89,92.333333,88.833333,89.166667,17548200,1585527200,0,0
2021-07-06,89.5,91.833333,89,89.166667,10295400,929492700,0,0
2021-07-07,87.5,89.166667,87,88.333333,11028000,972937300,0,0
2021-07-08,88.666667,91,88.5,89.166667,11890200,1066998000,0,0
2021-07-09,87.5,91.166667,87.333333,90.833333,13567200,1215287900,0,0
2021-07-12,91.666667,94,91.5,93.333333,12612600,1174045100,0,0
2021-07-13,93.333333,94.666667,93.333333,94.166667,7257000,682298200,0,0
2021-07-14,93.5,94.166667,92.5,93.833333,6951600,650274800,0,0
2021-07-15,92.5,92.666667,91,92.333333,7922400,729227100,0,0
2021-07-16,92.5,94.5,92.5,93.333333,11832600,1106544100,0,0
2021-07-19,91.833333,91.833333,89.166667,90,11957400,1077154400,0,0
2021-07-20,88.333333,89.166667,87.333333,88.5,10056000,886862900,0,0
2021-07-21,91.166667,92.166667,89.5,89.5,13059600,1184114600,0,0
2021-07-26,91.166667,93,90.833333,91.833333,12115800,1111901600,0,0
2021-07-27,93.333333,96.5,93,93.833333,24094800,2285337300,0,0
2021-07-28,92.833333,94.666667,92.666667,93,9297000,869560000,0,0
2021-07-29,93.666667,93.666667,91.666667,93,7737600,718121300,0,0
2021-07-30,93,93.833333,92.666667,92.833333,8197800,764669300,0,0
2021-08-02,93,95.5,92,95,11623800,1096597000,0,0
2021-08-03,93.833333,94.833333,93.5,94.666667,6270600,591545200,0,0
2021-08-04,94.5,94.666667,92.5,92.666667,8093400,755413200,0,0
2021-08-05,92.333333,93.166667,91.833333,92,7693200,710964400,0,0
2021-08-06,97.833333,108.333333,97,107,68100000,7102920600,0,0
2021-08-10,106.333333,109.5,105,107.333333,33855000,3639708900,0,0
2021-08-11,108,109.5,106.333333,109,17242200,1871304700,0,0
2021-08-12,109.5,110.5,106,107.166667,17872800,1922174600,0,0
2021-08-13,105.666667,105.666667,103,103.333333,17662800,1835369700,0,0
2021-08-16,102.333333,102.333333,99.333333,100,21499200,2152517100,0,0
2021-08-17,100.5,100.666667,97.666667,98,14844000,1465191300,0,0
2021-08-18,98.666667,101.833333,97.166667,101.5,11255400,1129169200,0,0
2021-08-19,99.833333,100.666667,96.5,96.833333,15292800,1496145200,0,0
2021-08-20,99.166667,101.666667,98.833333,99,23814600,2381561300,0,0
2021-08-23,101.166667,101.5,98.166667,99,11649000,1157064600,0,0
2021-08-24,100.333333,104.833333,99.833333,104.666667,15310200,1586277500,0,0
2021-08-25,106.166667,106.333333,103.166667,104.333333,11062200,1153668300,0,0
2021-08-26,103.666667,104.833333,102.666667,104.666667,7831200,814318200,0,0
2021-08-27,104.166667,105.5,103.166667,103.5,11097600,1156133900,0,0
2021-08-30,104.666667,104.833333,103.5,104.166667,5963400,622427900,0,0
2021-08-31,103.333333,105.833333,101,105.666667,13138200,1364444700,0,0
2021-09-01,104.666667,106.333333,104.166667,105.333333,8653200,912299000,0,0
2021-09-02,106,106.666667,104.666667,106,10668600,1129975400,0,0
2021-09-03,108.333333,110,107.5,108.5,12982200,1411031300,0,0
2021-09-06,110.166667,111.333333,109,109.5,13632000,1499912000,0,0
2021-09-07,110.666667,110.833333,108.333333,108.333333,9154200,1000301500,0,0
2021-09-08,108,108.166667,106.166667,108.166667,12251400,1314694700,0,0
2021-09-09,106.833333,108.166667,106.333333,107.166667,9531000,1021404700,0,0
2021-09-10,107.5,110.5,107.333333,110.5,14140200,1542819300,0,0
2021-09-13,109.166667,112,109,111.166667,8363400,928406500,0,0
2021-09-14,112.833333,116.333333,112.333333,115.833333,15374400,1771633000,0,0
2021-09-15,116.666667,116.833333,112.666667,114,13234200,1513259500,0,0
2021-09-16,117,120.5,116.166667,118.666667,31399200,3726169300,0,0
2021-09-17,119,120,117.333333,117.666667,18168600,2152097200,0,0
2021-09-21,113.5,116,113,114.5,11612400,1329955100,0,0
2021-09-22,112.833333,113.166667,110.333333,111.333333,12054000,1345485400,0,0
2021-09-24,114.666667,114.833333,112.5,112.666667,8643000,978477400,0,0
2021-09-27,113,114.666667,112.5,113.666667,9966600,1133657700,0,0
2021-09-28,114.666667,114.833333,111.833333,113.666667,9970800,1130291600,0,0
2021-09-29,111,112.833333,109.5,110.833333,14610000,1617175800,0,0
2021-09-30,111.833333,111.833333,109.166667,110.5,12217200,1349330300,0,0
2021-10-01,109.333333,110.666667,106.5,106.833333,9293400,1002062000,0,0
2021-10-04,108.833333,109.833333,105.166667,106,8317200,887249900,0,0
2021-10-05,104.333333,105.166667,101.333333,104.833333,11984400,1245323800,0,0
2021-10-06,105.833333,106.5,100.333333,102.333333,13906200,1429253600,0,0
2021-10-07,103.333333,105.666667,102,105.166667,14405400,1505442800,0,0
2021-10-08,106.5,110,105.833333,108,16305600,1769772800,0,0
2021-10-11,107.333333,108.666667,106.666667,108,7689000,829459400,0,0
2021-10-12,107.333333,110.166667,107,109.333333,9562200,1044438900,0,0
2021-10-13,110.5,115.5,108.5,113.333333,18299400,2071165000,0,0
2021-10-14,113,113.833333,109.166667,113.5,14422800,1613572800,0,0
2021-10-15,114.333333,115.166667,113,115,8894400,1017073300,0,0
2021-10-18,115.666667,115.833333,112.5,113,8710800,989012000,0,0
2021-10-19,112.666667,114.166667,111.666667,112.333333,6877200,776361300,0,0
2021-10-20,112.333333,113.333333,110,110.166667,10662000,1182763300,0,0
2021-10-21,110.166667,111,108.5,108.833333,6293400,688549600,0,0
2021-10-22,107.166667,110.833333,106.833333,110.166667,7755600,849238900,0,0
2021-10-25,109.5,111,109,110.666667,7995000,881090600,0,0
2021-10-26,111.833333,112.666667,110.666667,112,8821800,987384000,0,0
2021-10-27,110.333333,110.5,101.833333,102.666667,31952400,3312405500,0,0
2021-10-28,101.333333,104,101.166667,103.166667,28253400,2913382000,0,0
2021-10-29,103.666667,104,101.333333,102,18475200,1888055300,0,0
2021-11-01,104.833333,105.5,103.333333,104.333333,10031400,1047795000,0,0
2021-11-02,104.166667,104.333333,100.5,101.5,11317200,1151978300,0,0
2021-11-04,103.333333,103.666667,101,103.5,8924400,916005700,0,0
2021-11-05,103,103,100.166667,101.666667,11083800,1123916500,0,0
2021-11-08,102.333333,104,101.333333,103.333333,13613400,1401334200,0,0
2021-11-09,100.333333,102.833333,95,96.5,40060800,3928492700,0,0
2021-11-10,96,98.333333,94.166667,95.166667,19722600,1893360800,0,0
2021-11-11,95.166667,96.666667,95.166667,95.833333,10213800,979568700,0,0
2021-11-12,96,98.5,95.666667,98,13278600,1297717200,0,0
2021-11-15,98.5,99.333333,97.833333,98.333333,7642800,754413100,0,0
2021-11-16,98.666667,99.833333,97.666667,98,9220200,908939400,0,0
2021-11-17,98.5,98.5,96.833333,97.333333,7827600,764349800,0,0
2021-11-18,96.333333,97.833333,95.166667,97.833333,8079000,784048500,0,0
2021-11-19,98,100.833333,97.666667,98.666667,9549600,946120300,0,0
2021-11-22,98.166667,100.666667,97.333333,100.5,6929400,690175300,0,0
2021-11-24,101.5,102,99.166667,100.333333,7807200,784691200,0,0
2021-11-25,102,103,100,102.166667,11007000,1121975100,0,0
2021-11-26,101,101,98.333333,100,11873400,1186144600,0,0
2021-11-29,98.166667,98.833333,96,96.5,11886600,1155739300,0,0
2021-11-30,97.833333,98.5,95.333333,95.5,9992400,964856900,0,0
2021-12-01,95.833333,97.666667,94.833333,97.5,11160000,1078410900,0,0
2021-12-02,95.333333,96.5,94.833333,95.333333,8331000,794904000,0,0
2021-12-03,97,99.166667,95.833333,99.166667,7419600,725906400,0,0
2021-12-06,99.166667,99.666667,97.833333,98.833333,5631000,555993200,0,0
2021-12-07,98.833333,100,96.5,99.333333,12225000,1203489600,0,0
2021-12-08,99.5,99.833333,97.166667,97.333333,8751600,855886000,0,0
2021-12-09,96.833333,98.666667,96.5,97.5,6943200,677787600,0,0
2021-12-10,97,98.166667,96.833333,97.166667,6239400,606318500,0,0
2021-12-13,98.833333,99.5,97.666667,98,5248800,516720100,0,0
2021-12-14,97.833333,98,95.5,96.333333,5396400,520306200,0,0
2021-12-15,96.333333,97,95.833333,96.333333,4863000,468784600,0,0
2021-12-16,97.666667,98.5,96.166667,96.5,5627400,545425500,0,0
2021-12-17,96.666667,97,94.333333,94.5,7249200,688216600,0,0
2021-12-20,93.333333,93.833333,89.666667,89.833333,11237400,1022467100,0,0
2021-12-21,91,92.166667,90.166667,90.5,7475400,679292500,0,0
2021-12-22,90.5,91.333333,89.666667,90.333333,5494200,496441100,0,0
2021-12-23,91.166667,92.833333,91,92.333333,5836200,538074000,0,0
2021-12-24,93,95.166667,92.833333,94.666667,6769800,639300900,0,0
2021-12-27,94.166667,94.166667,92.166667,92.5,4501800,418153900,0,0
2021-12-28,93.333333,94.166667,93,93.5,3087600,288699400,0,0
2021-12-29,93.5,94.166667,93,93.666667,3367200,314912400,0,0
2021-12-30,93.166667,95,92.5,94.166667,6076200,571812300,0,0
2022-01-04,96.166667,98,95,96.833333,9251400,896623600,0,0
2022-01-05,97,98,96,97.5,5951400,579221900,0,0
2022-01-06,97,97.166667,94.333333,95.333333,7347000,702654000,0,0
2022-01-07,95.5,98,95.166667,96,6327000,608830500,0,0
2022-01-11,96,97.5,95.666667,97.166667,4206000,407110800,0,0
2022-01-12,98.166667,100.833333,98.166667,100.833333,9605400,962988400,0,0
2022-01-13,101.166667,103.666667,101,103.5,9598800,987261400,0,0
2022-01-14,101.833333,104.833333,101.666667,104.166667,17872200,1850192200,0,0
2022-01-17,104.5,105,102.5,102.666667,6500400,671334300,0,0
2022-01-18,102.666667,103.333333,101,101.833333,7822800,799883100,0,0
2022-01-19,99.666667,100,97,97.5,8951400,879460600,0,0
2022-01-20,97.166667,101.666667,96.666667,101.666667,12028800,1207367200,0,0
2022-01-21,100,100,94.333333,96.666667,13406400,1290578700,0,0
2022-01-24,95.5,99,95.166667,98.166667,6894000,673488800,0,0
2022-01-25,97.5,97.833333,95.166667,96.5,9687000,932928700,0,0
2022-01-26,97.5,99.833333,96.5,96.666667,10522200,1028209800,0,0
2022-01-27,97.666667,98.833333,92.5,93,10939800,1038151000,0,0
2022-01-28,96.333333,100.333333,95.666667,99.5,18541800,1831310400,0,0
2022-01-31,98.5,105.333333,98.333333,102.666667,20126400,2075994800,0,0
2022-02-01,103,104.833333,101.666667,101.833333,8799000,905759300,0,0
2022-02-02,103.333333,105.666667,103.166667,105.666667,9112200,955872900,0,0
2022-02-03,105.166667,106.666667,104.166667,104.666667,11348400,1194339700,0,0
2022-02-04,103.333333,104.166667,100.5,103.166667,11805600,1210834100,0,0
2022-02-07,103,105,102.666667,103.333333,12793800,1325283800,0,0
2022-02-08,103.5,105.833333,102.333333,103.666667,13651200,1416586800,0,0
2022-02-09,104.666667,105.166667,102.333333,104.166667,9915000,1030288600,0,0
2022-02-10,110.833333,115.5,107.333333,113.166667,37777800,4231042600,0,0
2022-02-14,109.833333,109.833333,106.5,108.5,17508000,1895809500,0,0
2022-02-15,108.333333,110,107.166667,108.333333,9193800,997929600,0,0
2022-02-16,110.333333,111.666667,109.833333,110.333333,7059600,781827300,0,0
2022-02-17,109.833333,111.666667,109.666667,110.5,7804800,863744700,0,0
2022-02-18,108.333333,111.166667,108.333333,111,6273000,691721400,0,0
2022-02-21,108.333333,109.666667,107,109.166667,8464800,919404000,0,0
2022-02-22,107.5,108.5,106.666667,107.666667,8601000,924408000,0,0
2022-02-24,106.333333,106.333333,100.333333,101.333333,19274400,1969308200,0,0
2022-02-25,102.666667,103.666667,100.833333,102,10462800,1070956900,0,0
2022-02-28,101,103.666667,100.166667,102.833333,15948600,1633456500,0,0
2022-03-01,103.833333,104.666667,102.166667,102.333333,8191800,843126500,0,0
2022-03-02,99.833333,100.5,96.833333,96.833333,14707200,1444952000,0,0
2022-03-03,99.333333,101.333333,97.333333,100.5,14418600,1440526500,0,0
2022-03-04,99.166667,99.166667,94.5,95.833333,19370400,1857933100,0,0
2022-03-07,94.166667,94.333333,88.833333,89.166667,14364600,1294886700,0,0
2022-03-08,87.5,87.666667,84.666667,85.166667,14079600,1206602400,0,0
2022-03-09,86,86.5,83.333333,83.833333,9930600,838421800,0,0
2022-03-10,89.166667,89.666667,87.166667,87.833333,24017400,2119880600,0,0
2022-03-11,86.333333,88.833333,85.666667,86.833333,12837000,1112191700,0,0
2022-03-14,86.5,90,86.5,88.833333,11884800,1054394700,0,0
2022-03-15,89,89.666667,87.166667,88.833333,8154000,723568400,0,0
2022-03-16,90.333333,90.666667,88.833333,89.5,9021000,809478000,0,0
2022-03-17,91.166667,96.333333,91.166667,95.833333,16239600,1537255500,0,0
2022-03-18,94.166667,95.666667,93.666667,95.5,7942800,754388400,0,0
2022-03-22,98,98.166667,95.5,96,8489400,818452900,0,0
2022-03-23,97.333333,99.833333,96.666667,99.333333,9587400,947096400,0,0
2022-03-24,97.666667,101.166667,97.333333,101.166667,7416000,742078300,0,0
2022-03-25,102.166667,103.166667,99.5,100.5,13515600,1361994900,0,0
2022-03-28,100.833333,101.5,99.666667,100.833333,6421800,646726900,0,0
2022-03-29,101.166667,103.333333,101.166667,102.5,8634000,884548100,0,0
2022-03-30,104,104.166667,101.666667,103.166667,8608800,885683700,0,0
2022-03-31,101.5,104.666667,101.166667,104.166667,10866600,1124233500,0,0
2022-04-01,103,103.5,100.666667,100.666667,10975200,1112085600,0,0
2022-04-04,100.166667,101.166667,98.333333,101.166667,5766000,577854600,0,0
2022-04-05,102.5,102.833333,99,99.5,9004200,903231000,0,0
2022-04-06,98.5,98.833333,95.833333,96.5,9048000,875898900,0,0
2022-04-07,94,94.833333,91.5,94.333333,10609200,995131800,0,0
2022-04-08,94.666667,96,94.333333,95.5,8267400,787195200,0,0
2022-04-11,95.666667,96.5,94,94.833333,4651800,442275800,0,0
2022-04-12,93.333333,94,92.333333,92.5,8911800,828947700,0,0
2022-04-13,93.5,94,92.166667,92.666667,7470600,694200700,0,0
2022-04-14,92.833333,93.833333,92,92.833333,9360600,867372300,0,0
2022-04-15,92.166667,92.166667,90.166667,92.166667,10191000,927946700,0,0
2022-04-18,90.5,91,88.833333,89.833333,7062000,634416200,0,0
2022-04-19,92.166667,94.333333,91.666667,94.333333,10957800,1020860100,0,0
2022-04-20,95.833333,96.166667,94.333333,94.5,7839600,745446100,0,0
2022-04-21,95.666667,102,95.333333,100.666667,26515200,2651384000,0,0
2022-04-22,98.5,98.666667,95.833333,96.166667,13278600,1283541200,0,0
2022-04-25,93.833333,94,92.833333,93.166667,8332200,777916800,0,0
2022-04-26,94.166667,94.666667,92,93.5,6394200,596063100,0,0
2022-04-27,90.666667,91.166667,89,89.333333,18285600,1645690500,0,0
2022-04-28,99.333333,103.666667,98.666667,103.5,47807400,4872784500,0,0
2022-05-02,100.666667,106.833333,100.666667,106.333333,24464400,2557970200,0,0
2022-05-06,105.5,106.5,104.166667,104.666667,14041800,1476671700,0,0
2022-05-09,103.333333,104,101.666667,103.166667,10034400,1032020100,0,0
2022-05-10,101.833333,102.5,99.666667,102.166667,10839600,1097785100,0,0
2022-05-11,99,99,97.5,98.833333,15760200,1549384100,0,0
2022-05-12,98,101.333333,97.833333,99.333333,11431800,1140480900,0,0
2022-05-13,115.833333,116,115.5,116,17273400,2002678900,1,0
2022-05-16,114.333333,126.166667,114.166667,124.5,49036200,6004368700,0,0
2022-05-17,124.333333,124.666667,122.166667,124.333333,14316000,1769547000,0,0
2022-05-18,126.833333,128.833333,123.333333,124.333333,14561400,1828150300,0,0
2022-05-19,121.166667,127,120.833333,126.666667,15527400,1941188200,0,0
2022-05-20,126.333333,129.833333,125,129.833333,15638400,2004771000,0,0
2022-05-23,129.833333,130.666667,126.5,127.833333,8926200,1140308200,0,0
2022-05-24,128,128.5,124.666667,127.833333,12309000,1558305700,0,0
2022-05-25,130.333333,131.333333,126.833333,126.833333,13278000,1706238000,0,0
2022-05-26,126.666667,127.333333,124,125,11724600,1469045900,0,0
2022-05-27,126.666667,127.333333,125,126.833333,10134000,1280156700,0,0
2022-05-30,128.666667,129.333333,125.666667,127.166667,12793200,1624618400,0,0
2022-05-31,129,134.5,128.333333,132.166667,29140200,3856233800,0,0
2022-06-01,131.5,135.333333,131.166667,133.5,14647800,1961054700,0,0
2022-06-02,135,135.833333,134,134.5,9183600,1238651500,0,0
2022-06-03,135.833333,136.166667,133.333333,133.666667,7863600,1055159100,0,0
2022-06-06,132.833333,134.833333,132,134,10644600,1426126500,0,0
2022-06-07,134.833333,139.5,134,137.5,11870400,1632079700,0,0
2022-06-08,144,146,140.166667,141.5,14583000,2076641800,0,0
2022-06-09,140.5,143.333333,139,142.333333,12319200,1746745600,0,0
2022-06-10,142,142.166667,138,139.166667,16357800,2291691200,0,0
2022-06-13,136.666667,137.833333,135,136.166667,11193000,1521955200,0,0
2022-06-14,134.166667,137.5,132.833333,137.5,12937200,1750904500,0,0
2022-06-15,135,136,132.5,134.166667,12246600,1641712400,0,0
2022-06-16,136.166667,137.166667,134.5,134.833333,9204000,1247191000,0,0
2022-06-17,129.833333,133.333333,128.833333,132.333333,12102000,1589965600,0,0
2022-06-20,133.166667,133.166667,129.333333,130.166667,10335000,1347621700,0,0
2022-06-21,132.333333,134.5,131.5,132.5,9174600,1217819900,0,0
2022-06-22,133.5,135.833333,131.833333,132.333333,10643400,1421256100,0,0
2022-06-23,132.666667,133.166667,129.5,130.666667,7588800,995685700,0,0
2022-06-24,129.833333,131,128.333333,130.666667,7355400,955792600,0,0
2022-06-27,132,133,131,131.333333,5613600,739115200,0,0
2022-06-28,131.333333,133.333333,131.333333,133,6657000,881733600,0,0
2022-06-29,132.333333,133.666667,130,130.333333,10330800,1352108700,0,0
2022-06-30,130.333333,130.666667,126.833333,128.166667,12074400,1549833200,0,0
2022-07-01,127.166667,127.166667,121.333333,123.166667,20423400,2524632000,0,0
2022-07-04,123.833333,125.166667,122.166667,124,8629200,1068011400,0,0
2022-07-05,126.333333,127.166667,124.833333,125.5,7635000,961422800,0,0
2022-07-06,121.833333,123,121.166667,121.5,7065000,860104700,0,0
2022-07-07,124,124,119.166667,121.666667,9022200,1093167600,0,0
2022-07-08,122.833333,125.333333,122.333333,122.666667,12554400,1551524500,0,0
2022-07-11,125.166667,126.166667,123.833333,123.833333,5691000,710099500,0,0
2022-07-12,122.166667,122.833333,119.666667,120,7024200,847615700,0,0
2022-07-13,121.166667,122.333333,120,122.166667,7223400,878329500,0,0
2022-07-14,121.5,126,120.666667,124.833333,10925400,1360485500,0,0
2022-07-15,126.666667,128.833333,124.833333,128.166667,13972800,1780988400,0,0
2022-07-19,129.333333,131.166667,128.166667,131,10036800,1307455800,0,0
2022-07-20,133.333333,134.333333,132.166667,133.166667,9351600,1247657900,0,0
2022-07-21,133.166667,134.666667,132,133.166667,7627200,1014712300,0,0
2022-07-22,131.833333,133.666667,131.333333,132.833333,5521800,732746000,0,0
2022-07-25,131.333333,133.333333,128.666667,131.166667,8847000,1156032000,0,0
2022-07-26,132.333333,136.5,131.666667,135.666667,11320200,1526849000,0,0
2022-07-27,134.833333,136.5,133.5,135.166667,10729800,1452524900,0,0
2022-07-28,136.166667,136.166667,133.833333,134.666667,6268200,844418100,0,0
2022-07-29,135.166667,135.166667,132.666667,133.333333,7516200,1004336300,0,0
2022-08-01,135.166667,135.166667,133.333333,134,6540000,876344800,0,0
2022-08-02,132,132,130.166667,130.833333,6393600,837030900,0,0
2022-08-03,130.666667,131.166667,128.666667,129,7104600,918888800,0,0
2022-08-04,128.833333,132.666667,128,131.833333,10527000,1374921000,0,0
2022-08-05,130,131.666667,129.5,130.666667,10413000,1359660200,0,0
2022-08-08,144,153,143.666667,151.666667,45880800,6845480400,0,0
2022-08-09,152.5,153.833333,148.166667,150.333333,21397800,3221374500,0,0
2022-08-10,150.666667,151.666667,146.666667,151.5,16450800,2473134100,0,0
2022-08-12,153.833333,154.333333,151.833333,153,14224200,2182585400,0,0
2022-08-15,153,156.166667,152.333333,155,11352000,1756509500,0,0
2022-08-16,154,154.166667,151.333333,152.666667,9150600,1395615600,0,0
2022-08-17,154,156.166667,153.333333,154.333333,9019200,1394555100,0,0
2022-08-18,152.5,155.166667,152.333333,154,7351800,1132151900,0,0
2022-08-19,158,164.166667,157.333333,164.166667,23442600,3799713000,0,0
2022-08-22,161.833333,164.833333,161.666667,162.333333,15058800,2456172000,0,0
2022-08-23,162,164.666667,161.333333,163,9960600,1624474500,0,0
2022-08-24,164,164.166667,161.833333,161.833333,7873200,1280819300,0,0
2022-08-25,162.5,168.833333,162.5,164.5,18592200,3085906100,0,0
2022-08-26,164.666667,166,162.666667,163.833333,8086800,1329849200,0,0
2022-08-29,161.333333,164.833333,160.5,164.833333,10180800,1664066700,0,0
2022-08-30,165.5,167.5,165,165.666667,7847400,1301247900,0,0
2022-08-31,164.166667,167,163.333333,165.666667,10444200,1727603100,0,0
2022-09-01,165.333333,165.666667,162.833333,163.833333,8173800,1342177600,0,0
2022-09-02,162.5,162.5,159.666667,161.333333,9388800,1509750200,0,0
2022-09-05,161.833333,162.833333,159.166667,161.5,6402600,1033704600,0,0
2022-09-06,163.833333,164.833333,161.333333,164.5,7787400,1276132100,0,0
2022-09-07,164,164.5,162.333333,164.333333,8035800,1314804100,0,0
2022-09-08,165.333333,166.5,163.833333,164.333333,8815200,1454069200,0,0
2022-09-09,165.833333,166.166667,162.5,163.666667,9195600,1512158600,0,0
2022-09-12,163,164.833333,161.5,164.5,7887000,1289897900,0,0
2022-09-13,165,165.166667,162.666667,164.333333,6039600,989202500,0,0
2022-09-14,161,164.833333,160.833333,164,7681200,1255988500,0,0
2022-09-15,164,164,160.166667,160.333333,6451800,1041228600,0,0
2022-09-16,158.666667,158.833333,156.666667,157.333333,9879600,1555024700,0,0
2022-09-20,159.166667,163.333333,158.666667,161.5,8698800,1405520300,0,0
2022-09-21,159,160.166667,157.333333,159.166667,8882400,1412626200,0,0
2022-09-22,156.5,158.833333,155.333333,158.5,10434000,1639664200,0,0
2022-09-26,153.666667,153.833333,146.333333,146.833333,15639600,2326510600,0,0
2022-09-27,149,151,147,150.166667,8182800,1224355300,0,0
2022-09-28,148.666667,151.5,145.166667,148,13350000,1970393600,0,0
2022-09-29,152,152.666667,146.833333,149.166667,8379000,1252322100,0,0
2022-09-30,146.666667,146.833333,143.333333,143.666667,13327800,1921858100,0,0
2022-10-03,142.833333,147,142.166667,147,8437200,1226803100,0,0
2022-10-04,151.666667,152.333333,149.5,149.833333,9598200,1445415600,0,0
2022-10-05,151.5,151.666667,148.5,149.833333,7980000,1198406800,0,0
2022-10-06,150.166667,152.333333,149.833333,150.166667,6573000,992027900,0,0
2022-10-07,148.666667,151.166667,147.166667,149.333333,9141000,1366590000,0,0
2022-10-11,147.5,148,146,147,8684400,1277056000,0,0
2022-10-12,148.333333,149,144,146,10459200,1524792200,0,0
2022-10-13,145.166667,145.5,143.333333,143.833333,8794800,1269381200,0,0
2022-10-14,146.333333,149.833333,145,149.333333,12336000,1828367800,0,0
2022-10-17,147.333333,151,147.333333,149.666667,7354800,1100853500,0,0
2022-10-18,152.166667,152.666667,149,151,10513200,1585005700,0,0
2022-10-19,151.166667,154.166667,151,154,9145800,1400774300,0,0
2022-10-20,151.5,152,144.333333,146,22983600,3372284800,0,0
2022-10-21,145.5,146.666667,144,144.166667,12453000,1805258200,0,0
2022-10-24,146.166667,147.166667,144.5,146.5,7756800,1134783100,0,0
2022-10-25,147.166667,147.833333,145.666667,147.166667,8631000,1269264800,0,0
2022-10-26,148,148,144.666667,144.666667,7578600,1104811400,0,0
2022-10-27,145.833333,146.166667,144,144.666667,7959000,1153095500,0,0
2022-10-28,143.666667,146.333333,143,145.166667,21502200,3121508500,0,0
2022-10-31,146.666667,146.833333,144.833333,146.666667,6829200,998235200,0,0
2022-11-01,149.166667,150.833333,147.166667,150.166667,10903200,1629799000,0,0
2022-11-02,149.666667,154.5,149,152.333333,11839800,1802571300,0,0
2022-11-04,150.333333,153,150.166667,152.5,10132800,1538816300,0,0
2022-11-07,152.666667,153,149.5,150.166667,9834000,1478442400,0,0
2022-11-08,152.666667,155,151,152.333333,12795600,1962694600,0,0
2022-11-09,153.833333,155.166667,152.333333,152.5,19497000,2994689200,0,0
2022-11-10,172.5,177.5,170.833333,177.5,49431600,8685997700,1,0
2022-11-11,180.833333,190.833333,179.166667,185,66324600,12230080900,0,0
2022-11-14,180,182,171.833333,172,25588800,4499719900,0,0
2022-11-15,174.833333,183.833333,172.166667,181.833333,18704400,3349869000,0,0
2022-11-16,180.166667,187.333333,179.166667,186.333333,17805000,3280384900,0,0
2022-11-17,183.5,189.833333,183.5,187.166667,14299800,2672723500,0,0
2022-11-18,187.5,190.166667,185.5,186.833333,11381400,2132827900,0,0
2022-11-21,188,189.833333,186.166667,187.166667,8362800,1569158500,0,0
2022-11-22,188.333333,188.333333,184.333333,184.833333,9214200,1710999300,0,0
2022-11-24,187.166667,188.833333,185,187,9402000,1759386000,0,0
2022-11-25,190.166667,193.5,189,189.5,12178800,2325631900,0,0
2022-11-28,193,193,184.833333,186.666667,11022600,2063602000,0,0
2022-11-29,185,188.666667,183.5,187.5,9735600,1815751700,0,0
2022-11-30,187.333333,188.833333,184,186.166667,10265400,1909006400,0,0
2022-12-01,182,184.5,180.833333,182.666667,11764800,2148314700,0,0
2022-12-02,182.166667,182.333333,173.833333,175,11968200,2103905800,0,0
2022-12-05,174.333333,175.166667,171.333333,172.166667,10102200,1745861100,0,0
2022-12-06,172.5,173,168.666667,172,11724000,2009264600,0,0
2022-12-07,175,180.166667,174,178.333333,16333200,2904348400,0,0
2022-12-08,180.666667,180.833333,176.833333,178.666667,11046000,1971926200,0,0
2022-12-09,183.166667,187.5,181.333333,186,19557000,3623624800,0,0
2022-12-12,185,188.5,184.166667,187,10797000,2019466200,0,0
2022-12-13,186.833333,189.833333,184.833333,185.333333,9374400,1747415800,0,0
2022-12-14,186.333333,187.5,184.333333,187,8169600,1523229900,0,0
2022-12-15,188.5,194.333333,187.166667,192.666667,15774000,3027645400,0,0
2022-12-16,189.666667,193.333333,189.333333,189.666667,12728400,2426758400,0,0
2022-12-19,190.666667,191,186.166667,187.333333,8818200,1654318300,0,0
2022-12-20,186.833333,187.666667,175.666667,177.166667,18062400,3246342800,0,0
2022-12-21,173.5,173.833333,167.833333,169,22651200,3866706600,0,0
2022-12-22,171,171.166667,165.5,167.5,16178400,2713757900,0,0
2022-12-23,164.833333,165.166667,162,163.166667,10132200,1654911100,0,0
2022-12-26,165,168.333333,164.833333,168.166667,7517400,1256660600,0,0
2022-12-27,168.166667,169,165.5,165.833333,6976800,1163015100,0,0
2022-12-28,168.333333,169,166.333333,167.833333,8593800,1439573100,0,0
2022-12-29,166.833333,167,164.5,166.333333,7419600,1230219000,0,0
2022-12-30,167.333333,169.333333,165.833333,167.333333,9176400,1538955700,0,0
2023-01-04,164.666667,164.666667,159.833333,160.333333,11056800,1783738500,0,0
2023-01-05,160,161.333333,157.833333,158.833333,9226800,1467937400,0,0
2023-01-06,157.333333,161,157.333333,160.333333,8203200,1309499900,0,0
2023-01-10,160.5,163,159.166667,161.333333,9321000,1504798900,0,0
2023-01-11,161.833333,164.166667,161.833333,163.166667,6983400,1139316800,0,0
2023-01-12,163.666667,166.833333,163.166667,164,10991400,1811190100,0,0
2023-01-13,161.5,163.666667,159.833333,162.333333,11098200,1799097500,0,0
2023-01-16,160.166667,160.166667,154.5,154.833333,12312600,1923146500,0,0
2023-01-17,156.833333,158.5,156.333333,156.666667,7562400,1189819300,0,0
2023-01-18,157.166667,164.666667,156.666667,161.5,15453000,2478125400,0,0
2023-01-19,158.833333,159,155.5,156,16105800,2526766100,0,0
2023-01-20,154.333333,157.5,151.5,157.5,16067400,2485834800,0,0
2023-01-23,161.333333,162.5,159.666667,161,10757400,1733320900,0,0
2023-01-24,162.833333,164,161.833333,162.166667,12202800,1986786100,0,0
2023-01-25,161.5,165.166667,161.333333,164.833333,9949800,1632401800,0,0
2023-01-26,165.833333,166.333333,163.833333,165.666667,9565800,1581206100,0,0
2023-01-27,165.666667,166.333333,164.5,165.833333,7123800,1178787800,0,0
2023-01-30,164.5,164.666667,162,163.166667,8130000,1328575200,0,0
2023-01-31,164.166667,165,162.5,163.666667,9339000,1529203500,0,0
2023-02-01,163.666667,164.333333,160.5,160.833333,15509400,2506941100,0,0
2023-02-02,161,162.333333,159,159.166667,6651600,1065084900,0,0
2023-02-03,160.666667,164.166667,159.5,163.166667,14658600,2371116000,0,0
2023-02-06,166.333333,168,163.666667,164.333333,14295000,2367561000,0,0
2023-02-07,165.5,168.333333,163.333333,167,12948600,2155268300,0,0
2023-02-08,163.666667,166.333333,163.666667,165.833333,15102000,2494774400,0,0
2023-02-09,164.333333,167.166667,164.166667,166.166667,13651200,2264827200,0,0
2023-02-10,166.333333,166.833333,153,154.166667,51781800,8205803000,0,0
2023-02-13,153.333333,155.5,149.666667,155.5,23477400,3595709100,0,0
2023-02-14,157.166667,159.666667,156.166667,158.166667,13056600,2065084100,0,0
2023-02-15,160,160.666667,157,158.5,9957000,1580359800,0,0
2023-02-16,160.166667,162.666667,159.666667,162,14211600,2294816700,0,0
2023-02-17,161.166667,163.166667,160.166667,161.166667,8310000,1341950100,0,0
2023-02-20,161.666667,162.5,160.333333,161,7705200,1242992700,0,0
2023-02-21,161.5,164.833333,160.833333,164.666667,13191000,2158934400,0,0
2023-02-22,162.833333,163,156.833333,156.833333,22432800,3553524200,0,0
2023-02-24,161.166667,162.5,158.833333,160.666667,13396200,2150027900,0,0
2023-02-27,158.5,159.5,157,158.666667,11156400,1766002700,0,0
2023-02-28,162.666667,164,160.666667,161,20511000,3325125600,0,0
2023-03-01,160.666667,163.5,159.833333,162.666667,12943800,2096682600,0,0
2023-03-02,163.666667,164.833333,162.833333,163.666667,13477200,2208043400,0,0
2023-03-03,163.333333,164.333333,160.666667,162.166667,15489000,2508334600,0,0
2023-03-06,163.333333,163.333333,161.833333,162.166667,9951000,1617340400,0,0
2023-03-07,162.666667,164.833333,162.166667,163.833333,11209800,1838054800,0,0
2023-03-08,163,166.166667,162.666667,165.666667,12102600,1988564500,0,0
2023-03-09,166.5,166.666667,164.833333,165.666667,10629000,1759201100,0,0
2023-03-10,163.166667,164,162.333333,163.166667,15969000,2605370400,0,0
2023-03-13,159,159.166667,156.333333,157.166667,16641000,2623259500,0,0
2023-03-14,153.666667,154.333333,150.333333,151.166667,18076200,2739693900,0,0
2023-03-15,153.833333,154.666667,151.333333,152.5,13625400,2077500000,0,0
2023-03-16,147.5,151.166667,146,149.333333,14849400,2205850500,0,0
2023-03-17,151,151.166667,147.5,147.666667,30922800,4576824600,0,0
2023-03-20,147.166667,149.666667,145.5,146,14037000,2062463800,0,0
2023-03-22,150,150.5,147.166667,149.166667,10939200,1627474600,0,0
2023-03-23,147.5,150.666667,146.5,149.833333,10503000,1566975600,0,0
2023-03-24,150.5,151.5,148.666667,150.666667,7981200,1199271200,0,0
2023-03-27,150.5,151.666667,149.833333,150.833333,6647400,1002179300,0,0
2023-03-28,153.166667,154.666667,151.833333,153.333333,10141800,1555824600,0,0
2023-03-29,153.5,155,152.5,155,9583800,1477695200,0,0
2023-03-30,154.166667,155.333333,153,154.5,6334800,977245000,0,0
2023-03-31,155,157.333333,154.5,156.333333,10737000,1678034000,0,0
2023-04-03,157.5,157.5,154.5,155.333333,10839000,1683558000,0,0
2023-04-04,155.333333,155.5,150.833333,152.833333,20947200,3195825700,0,0
2023-04-05,149.333333,150.333333,147.5,147.666667,18032400,2677413500,0,0
2023-04-06,145.166667,146.666667,144.833333,145.666667,11453400,1667422900,0,0
2023-04-07,144.666667,146.5,143.833333,146,8464800,1230491500,0,0
2023-04-10,147,148.166667,144.333333,145.833333,10801800,1572302000,0,0
2023-04-11,148.333333,149.166667,147.333333,148.166667,12486000,1851040300,0,0
2023-04-12,148.833333,152.166667,148.5,150.5,12649200,1905806700,0,0
2023-04-13,150,150.166667,148.166667,149.166667,8647200,1288157900,0,0
2023-04-14,150,150.666667,147.833333,149,9848400,1467589600,0,0
2023-04-17,149.666667,150.666667,148.666667,150,6537000,978577100,0,0
2023-04-18,149.666667,150.666667,148,150.166667,7510800,1125030100,0,0
2023-04-19,151.166667,151.166667,149.5,150,6214800,933270200,0,0
2023-04-20,149.5,151.5,149.333333,151.333333,8129400,1226871300,0,0
2023-04-21,151.5,153.5,149.5,149.833333,14164800,2139531500,0,0
2023-04-24,150.333333,151.333333,149.166667,150.833333,6450000,970366400,0,0
2023-04-25,151.666667,152.666667,149.666667,149.833333,5518200,831522100,0,0
2023-04-26,148.833333,150.333333,148.5,150.166667,8962200,1341495500,0,0
2023-04-27,149.333333,151.666667,149.333333,151.166667,6907200,1041279100,0,0
2023-04-28,152.666667,153.333333,151.666667,153.333333,9156000,1399102200,0,0
2023-05-01,155.166667,155.5,154.166667,154.666667,8067600,1249090000,0,0
2023-05-02,155,155.166667,152.666667,154.333333,7144200,1098578800,0,0
2023-05-08,155.5,156.5,153.666667,156,13275000,2064109100,0,0
2023-05-09,156,158,155.333333,157.166667,9667200,1516468800,0,0
2023-05-10,157.5,157.666667,155,156.166667,8235000,1286581200,0,0
2023-05-11,154.833333,156.5,152.333333,153,10775400,1652475200,0,0
2023-05-12,152.166667,153.833333,150.166667,153.333333,22497000,3432001700,0,0
2023-05-15,155.833333,158.833333,152.833333,158.166667,30980400,4847135800,0,0
2023-05-16,158.833333,159.666667,154.333333,156.833333,15889800,2490776800,0,0
2023-05-17,157.833333,160.666667,156,156,19374600,3064887500,0,0
2023-05-18,158.166667,162.5,157.833333,160.833333,20089200,3230799200,0,0
2023-05-19,160.833333,162,160,160.5,13005600,2089720000,0,0
2023-05-22,160.833333,173,159.166667,172.666667,41955000,7043281800,0,0
2023-05-23,172.5,175.333333,171.833333,173.666667,28339800,4919760700,0,0
2023-05-24,173.333333,174.333333,171.333333,172.666667,12957000,2240312500,0,0
2023-05-25,172.333333,176.666667,170.333333,176.333333,15739800,2740434000,0,0
2023-05-26,176.666667,186,176,184.166667,33461400,6111535900,0,0
2023-05-29,185.666667,187,180.666667,181.666667,17374200,3173417500,0,0
2023-05-30,180.833333,188.833333,180.833333,188.833333,20176200,3772613300,0,0
2023-05-31,188.333333,188.333333,185,186.666667,24976200,4658245600,0,0
2023-06-01,184.333333,185.5,182.166667,185.333333,17235000,3170698200,0,0
2023-06-02,183.666667,189.166667,183,189.166667,18921000,3542610500,0,0
2023-06-05,191.5,194.916667,190.666667,194.583333,17041800,3300485100,0,0
2023-06-06,193,196.5,191.916667,195.916667,13509000,2628497450,0,0
2023-06-07,196.5,198.916667,190.916667,191,22592400,4376785500,0,0
2023-06-08,192.916667,194.25,186.666667,188,16436400,3122495050,0,0
2023-06-09,189.75,192.916667,188.916667,192,15223200,2908435850,0,0
2023-06-12,192.916667,197.25,192.166667,195.25,16387200,3199769300,0,0
2023-06-13,195.333333,200.416667,194.833333,198,17277000,3425661650,0,0
2023-06-14,200,202.666667,197.583333,200.333333,15006000,2997650250,0,0
2023-06-15,198.333333,200.5,196.166667,196.333333,14853000,2940205500,0,0
2023-06-16,196.666667,199.5,193.666667,198.666667,15313800,3024123200,0,0
2023-06-19,200,201,196.416667,197.416667,9289800,1842355500,0,0
2023-06-20,197.166667,200.666667,195.916667,200.333333,9943800,1979965150,0,0
2023-06-21,200.25,203.833333,197.666667,203.25,13854600,2796859700,0,0
2023-06-22,203,206.333333,201.916667,204.416667,11861400,2427293550,0,0
2023-06-23,202.666667,205,194.25,196.25,15840000,3129339200,0,0
2023-06-26,199,200.666667,195.5,198.583333,10245600,2038601750,0,0
2023-06-27,198.583333,198.916667,194,197,8878200,1742801600,0,0
2023-06-28,200.833333,201.916667,197.333333,201.916667,9691200,1941274850,0,0
2023-06-29,202.333333,203.916667,200.666667,202,7690200,1554378800,0,0
2023-06-30,201.333333,202.833333,199.416667,200.416667,10992600,2204990700,0,0
2023-07-03,202.5,207.5,202.5,205.416667,9808800,2018733650,0,0
2023-07-04,205,205.083333,202.916667,203.75,5096400,1038752800,0,0
2023-07-05,203.166667,203.166667,200.583333,202.416667,7533600,1521540850,0,0
2023-07-06,199.5,201.5,197,197.75,10363200,2060605600,0,0
2023-07-07,195.916667,198.083333,195.083333,196.333333,7093800,1396440850,0,0
2023-07-10,197.666667,198,194.416667,195.75,8611800,1687553850,0,0
2023-07-11,197.666667,197.75,193.583333,194.25,6324600,1235291850,0,0
2023-07-12,196.083333,196.166667,191.333333,191.583333,7768800,1493895600,0,0
2023-07-13,191.333333,194.166667,189.333333,192.5,5539200,1064671050,0,0
2023-07-14,193.416667,195.916667,191.166667,192.916667,8548200,1650652450,0,0
2023-07-18,194.25,196.666667,193.916667,195.583333,5605800,1095681250,0,0
2023-07-19,196.833333,197.333333,192.583333,195.666667,9255600,1802838350,0,0
2023-07-20,195.833333,196.666667,193.25,193.333333,7230000,1404217100,0,0
2023-07-21,192,194.666667,191.166667,193.416667,5618400,1085964500,0,0
2023-07-24,193.416667,197.583333,193,196.666667,6975000,1371034250,0,0
2023-07-25,197.416667,197.916667,195.583333,197.916667,7187400,1418146650,0,0
2023-07-26,199.916667,199.916667,196.583333,197.5,9220200,1825129300,0,0
2023-07-27,195.75,198.083333,194.833333,197.083333,8203200,1614623900,0,0
2023-07-28,194.666667,198.5,192.25,196.916667,12428400,2426902500,0,0
2023-07-31,199.166667,200.333333,196.666667,197.833333,7661400,1520345100,0,0
2023-08-01,200.25,203.833333,199.583333,202.166667,10504200,2117185150,0,0
2023-08-02,202.666667,213.75,201.75,207.25,28495800,5954840400,0,0
2023-08-03,200.666667,201.083333,192.833333,194.583333,18585600,3646362300,0,0
2023-08-04,192.833333,196.25,191.25,193.25,16798200,3244107650,0,0
2023-08-07,192.5,192.833333,189.5,191.583333,8391600,1606942750,0,0
2023-08-08,189.416667,190.583333,187.166667,187.583333,11661000,2196890600,0,0
2023-08-09,187.166667,189.166667,186.5,188.416667,10088400,1894966750,0,0
2023-08-10,186.416667,191.083333,185.083333,191.083333,15011400,2838492900,0,0
2023-08-14,208.5,217.416667,201,202,31996800,6624543850,0,0
2023-08-15,203.333333,203.333333,193.333333,194,16771200,3293308450,0,0
2023-08-16,192.333333,193.833333,188,193.25,12594600,2407892650,0,0
2023-08-17,194.833333,199.666667,193.666667,198.416667,12616200,2483659400,0,0
2023-08-18,193.333333,193.5,187.833333,190.5,13421400,2557493950,0,0
2023-08-21,190.5,191.916667,187.916667,188.583333,11334600,2149999100,0,0
2023-08-22,188.75,190.75,186.583333,190.166667,10179600,1920779750,0,0
2023-08-23,189.833333,193.583333,188.666667,192.5,6990000,1343794350,0,0
2023-08-24,193.5,198.166667,192.916667,196.833333,9884400,1938608500,0,0
2023-08-25,193.833333,194.166667,192.5,193.083333,9194400,1774852400,0,0
2023-08-28,194.833333,198.166667,194.666667,197.416667,7870800,1550116850,0,0
2023-08-29,198.583333,199.166667,197.25,198.083333,6363600,1260991250,0,0
2023-08-30,199.166667,201.75,197.833333,200.25,10301400,2064004400,0,0
2023-08-31,200.166667,202.333333,198.416667,201.166667,13077000,2625551350,0,0
2023-09-01,202.166667,202.833333,200.75,202,6824400,1377732450,0,0
2023-09-04,202.5,203.25,201.416667,203.166667,5975400,1210910350,0,0
2023-09-05,204,204,200.833333,203.583333,5940600,1205675350,0,0
2023-09-06,203.583333,208.25,203.5,207.833333,8789400,1818297700,0,0
2023-09-07,206.666667,209.75,205,205,9220800,1907036150,0,0
2023-09-08,203.25,203.25,199.333333,200.75,11392200,2293998800,0,0
2023-09-11,201.25,202.25,198.666667,199.083333,5198400,1038498350,0,0
2023-09-12,199.916667,201.75,198.333333,201.083333,5638200,1128403100,0,0
2023-09-13,202.166667,206.583333,201,206.416667,12232800,2498145350,0,0
2023-09-14,206.75,207.083333,202.416667,204.583333,11677800,2381929150,0,0
2023-09-15,208.583333,210.25,206.166667,206.833333,12031200,2503405550,0,0
2023-09-19,205.833333,210.416667,204.75,208.25,6235200,1298035800,0,0
2023-09-20,208.166667,208.833333,205.25,206.25,7573800,1561926450,0,0
2023-09-21,205.416667,208,204.333333,205.083333,6413400,1318181350,0,0
2023-09-22,201,205.5,199.25,204.333333,9265200,1880379250,0,0
2023-09-25,206.583333,208.666667,205.333333,207.5,5669400,1176109350,0,0
2023-09-26,207.5,207.75,205.083333,205.75,6951600,1434542100,0,0
2023-09-27,204.166667,211,204,209,10536000,2193469050,0,0
2023-09-28,205,208,202.083333,203.583333,10071000,2058492200,0,0
2023-09-29,202.5,202.833333,199.416667,200.25,11171400,2241876400,0,0
2023-10-02,201.333333,205.666667,201.166667,201.666667,8849400,1796951250,0,0
2023-10-03,200.666667,200.75,193,194.083333,12217200,2381655950,0,0
2023-10-04,190.166667,190.416667,183.5,184.75,14548800,2709898650,0,0
2023-10-05,187.833333,189.916667,184.416667,189.833333,10916400,2055140750,0,0
2023-10-06,191.666667,194.416667,191.333333,191.666667,8055600,1551304200,0,0
2023-10-10,196.25,202.75,196.25,200.583333,11679600,2343726050,0,0
2023-10-11,200.666667,201.166667,196.916667,197.166667,7546800,1496463700,0,0
2023-10-12,198.916667,202,197.75,202,8841600,1775488650,0,0
2023-10-13,201.833333,202.166667,199.333333,200,8070600,1620582400,0,0
2023-10-16,196.833333,197.583333,195.5,196.666667,6493800,1276550450,0,0
2023-10-17,199.916667,202.333333,198.166667,199.5,6526800,1304393800,0,0
2023-10-18,201.5,201.5,196.416667,196.416667,9277800,1834791700,0,0
2023-10-19,191.916667,191.916667,187.75,188.75,9640200,1826482450,0,0
2023-10-20,187.166667,190.833333,185.583333,189.25,7518000,1417263900,0,0
2023-10-23,187.5,188.666667,185.583333,186.916667,7194000,1345611550,0,0
2023-10-24,187.666667,187.75,179.083333,185.666667,11749800,2161490700,0,0
2023-10-25,187.166667,188.25,184.166667,184.5,8814600,1640165600,0,0
2023-10-26,180.416667,181.916667,178.333333,179.916667,14158800,2547125850,0,0
2023-10-27,180.75,185.416667,180.75,185.25,11326800,2088591300,0,0
2023-10-30,183.583333,183.583333,175.416667,179.916667,27350400,4911653250,0,0
2023-10-31,179.666667,179.75,175.25,178.5,13058400,2317241800,0,0
2023-11-01,183.333333,184.166667,181.583333,183.916667,13195200,2414392800,0,0
2023-11-02,187.083333,187.916667,181.25,182.333333,10089600,1849574150,0,0
2023-11-06,189.583333,194.333333,189,193.833333,17536800,3382773350,0,0
2023-11-07,195.083333,197.166667,193.416667,194.25,18735600,3656994050,0,0
2023-11-08,194.333333,199.333333,192,192.416667,24337200,4726161200,0,0
2023-11-09,175.166667,176.75,168.166667,172.75,70554600,12109921150,0,0
2023-11-10,172.5,178.583333,171.083333,176.25,23094600,4042639900,0,0
2023-11-13,180.333333,185,178.083333,179.083333,17211000,3102411700,0,0
2023-11-14,179.166667,181.5,177.166667,178.583333,12672600,2267850500,0,0
2023-11-15,181.166667,182.666667,176.416667,182,16418400,2962829950,0,0
2023-11-16,183.333333,191.333333,183.166667,190.416667,28508400,5371251950,0,0
2023-11-17,187.166667,188.666667,185.666667,188.5,17490000,3275516750,0,0
2023-11-20,189.833333,192.75,187.666667,187.666667,14346600,2715457450,0,0
2023-11-21,186.666667,187.916667,185.25,187.416667,9047400,1688915950,0,0
2023-11-22,186.833333,190.916667,186.166667,190.166667,10221000,1939662600,0,0
2023-11-24,191.666667,192.916667,190.583333,191,9613800,1839807650,0,0
2023-11-27,191.666667,191.666667,188.583333,190,7872600,1494462350,0,0
2023-11-28,190,190.333333,187.166667,187.416667,11733000,2204981750,0,0
2023-11-29,188.833333,191.5,187.916667,189.083333,11692200,2218056000,0,0
2023-11-30,189.916667,190.75,187.75,189.75,11625000,2202895600,0,0
2023-12-01,188.5,189.166667,185.75,188.166667,16701000,3128819900,0,0
2023-12-04,187.5,188.5,184.083333,187.333333,9162000,1711157100,0,0
2023-12-05,186.666667,187.083333,184.083333,185.083333,10765200,1994620500,0,0
2023-12-06,184.75,187.333333,183.75,186.333333,10767000,2004413600,0,0
2023-12-07,185,185,179.666667,180,16219800,2941919300,0,0
2023-12-08,177.833333,178.25,173.916667,175.5,18319200,3216099550,0,0
2023-12-11,178.833333,179.75,175.75,177.25,10498800,1860052900,0,0
2023-12-12,181,181,177.583333,178.583333,9700800,1733143950,0,0
2023-12-13,180,181.583333,179.75,181.083333,11919600,2154319600,0,0
2023-12-14,181,181,172.083333,172.083333,19023600,3322310350,0,0
2023-12-15,171.833333,176.166667,171.5,175.583333,13059000,2280056750,0,0
2023-12-18,173.666667,174.833333,171.083333,174.25,8938800,1545322750,0,0
2023-12-19,172.833333,176.583333,170.916667,174.25,17382000,3014680300,0,0
2023-12-20,179.333333,182.083333,178.666667,181.25,17352600,3134392550,0,0
2023-12-21,180.583333,181.166667,177.583333,178.5,7535400,1350557850,0,0
2023-12-22,179.583333,181,178.583333,179.916667,6774600,1217733300,0,0
2023-12-25,183.333333,185.583333,179.75,180,7137600,1300565500,0,0
2023-12-26,180.833333,181.333333,176.25,177.833333,13560600,2412602150,0,0
2023-12-27,179.5,181,178.916667,181,10243200,1846919300,0,0
2023-12-28,180.25,181.833333,179.833333,180.666667,5727600,1036684400,0,0
2023-12-29,180.083333,182.5,179.583333,180.75,8139600,1471059650,0,0
2024-01-04,182,186.333333,179.25,185.583333,10711200,1971049650,0,0
2024-01-05,186.666667,189.083333,185.333333,185.333333,10353600,1933336400,0,0
2024-01-09,185.916667,186.583333,181.833333,183.583333,12478800,2295083050,0,0
2024-01-10,182.333333,186.5,182.083333,186,10893600,2021190850,0,0
2024-01-11,188.583333,190.416667,188.083333,189.5,10861200,2053469700,0,0
2024-01-12,191.666667,191.666667,186.916667,188.166667,12284400,2319238650,0,0
2024-01-15,190,191.5,189.666667,190.5,6427200,1224353350,0,0
2024-01-16,191.333333,193.5,190.583333,192.666667,8882400,1706780150,0,0
2024-01-17,195.333333,200.333333,194.083333,194.083333,15412800,3032452700,0,0
2024-01-18,193.25,195.75,192.416667,194.5,7856400,1527338700,0,0
2024-01-19,197.666667,199.083333,195.333333,196.75,6909000,1360192300,0,0
2024-01-22,198.333333,198.833333,197.25,198.25,7935000,1573082800,0,0
2024-01-23,199.166667,203.75,198.75,199.5,10719000,2149793350,0,0
2024-01-24,201.166667,202,197.416667,198.833333,7721400,1540801600,0,0
2024-01-25,198.5,200.75,197.75,199.166667,7929600,1582032250,0,0
2024-01-26,197.5,197.5,193.5,194.166667,12838800,2501738250,0,0
2024-01-29,194,198.083333,193.833333,196.25,9233400,1811343200,0,0
2024-01-30,198.333333,198.666667,195.666667,196.333333,5287200,1039332150,0,0
2024-01-31,198.333333,204.333333,197.166667,203.916667,18258600,3694829200,0,0
2024-02-01,201,201.583333,199.25,200.416667,11282400,2260827500,0,0
2024-02-02,202.166667,202.5,200.5,201.083333,6887400,1388364900,0,0
2024-02-05,204.5,208.583333,203.916667,206.833333,14257800,2951410950,0,0
2024-02-06,205.666667,206.916667,201.75,205.333333,11560200,2365962250,0,0
2024-02-07,204.25,209.333333,203,207,12006600,2490988950,0,0
2024-02-08,210,211.5,207,209.666667,17684400,3703645600,0,0
2024-02-09,259.666667,259.666667,259.583333,259.666667,22926000,5953117400,1,0
2024-02-13,260.166667,287.5,260.166667,284.5,70125600,19312383150,0,0
2024-02-14,283.166667,284.833333,278.083333,282,22117800,6232832100,0,0
2024-02-15,281.833333,283.25,272,282.666667,23362800,6496425750,0,0
2024-02-16,283.333333,295.166667,283.083333,289.166667,27066000,7876494400,0,0
2024-02-19,294.333333,298.583333,290.25,293.25,16906800,4963537100,0,0
2024-02-20,291.666667,294.083333,289.333333,290.833333,16187400,4717043200,0,0
2024-02-21,292.833333,297.666667,291.166667,292.583333,13626000,4013405400,0,0
2024-02-22,294.666667,300.75,293.416667,298.666667,13209600,3930891300,0,0
2024-02-26,300,302.666667,293.166667,293.166667,11180400,3306672800,0,0
2024-02-27,294.916667,295,290.166667,291.833333,11829600,3450024600,0,0
2024-02-28,315.083333,318.5,307.083333,312.75,23755800,7397468850,0,0
2024-02-29,309.416667,309.416667,301.666667,304.666667,19123200,5832896800,0,0
2024-03-01,299.833333,313.416667,298.583333,308.75,18909000,5797515650,0,0
2024-03-04,308.833333,313.25,306.416667,311.333333,20598600,6385019800,0,0
2024-03-05,318,332.833333,313.25,327.916667,22651200,7391452650,0,0
2024-03-06,328.75,337.75,328.416667,334.5,15478200,5170685100,0,0
2024-03-07,334.833333,337.083333,327,327.666667,16173000,5353848500,0,0
2024-03-08,327.75,332.416667,325.25,328.583333,13728000,4515306550,0,0
2024-03-11,320.833333,321.583333,312.666667,316.333333,13145400,4154610400,0,0
2024-03-12,318.5,319.666667,310.583333,316.166667,12207000,3852637350,0,0
2024-03-13,321.666667,322.333333,310.666667,317,12854400,4057392850,0,0
2024-03-14,322.333333,324.833333,319.333333,320,11636400,3736792400,0,0
2024-03-15,317.333333,327.833333,316.166667,322.583333,12834600,4143284850,0,0
2024-03-18,324.416667,336.25,323.166667,336.166667,11670000,3889093300,0,0
2024-03-19,334.25,342.833333,333.666667,342.416667,12820200,4349744150,0,0
2024-03-21,349.916667,355,346.916667,349.583333,11322000,3955490500,0,0
2024-03-22,352.25,360.333333,349.833333,358,15298200,5472122100,0,0
2024-03-25,358,372.25,356.666667,362,21029400,7676884200,0,0
2024-03-26,359.666667,371.333333,355.833333,368.583333,13788600,5056258450,0,0
2024-03-27,365.75,368.083333,357.083333,361.416667,16965600,6138577500,0,0
2024-03-28,358.75,374.583333,356.75,371.666667,19690200,7286033450,0,0
2024-03-29,374.416667,383,374.166667,379.666667,19870200,7538258950,0,0
2024-04-01,380.666667,381.5,360.416667,363.25,18543000,6809328400,0,0
2024-04-02,371.5,379.5,367.25,374.166667,13953600,5215269200,0,0
2024-04-03,370.583333,378.333333,369.833333,373.083333,11653200,4366576350,0,0
2024-04-04,383.333333,399.833333,383.333333,388.166667,31762800,12467510800,0,0
2024-04-05,379.833333,391.5,376.666667,390.333333,14957400,5769081800,0,0
2024-04-08,395.5,404.5,395,401.583333,17212800,6898205750,0,0
2024-04-09,407.833333,425,407.833333,422.166667,35572800,14938049550,0,0
2024-04-10,419.416667,435.166667,416.916667,432.083333,34331400,14717170200,0,0
2024-04-11,429.583333,451.75,428.833333,444.416667,46944600,20804892550,0,0
2024-04-12,452.333333,461.666667,447,461.416667,36076200,16462757300,0,0
2024-04-15,459.166667,468.916667,443.083333,464.916667,40478400,18578480250,0,0
2024-04-16,453.25,459,421.666667,425.833333,54739800,23833786850,0,0
2024-04-17,442.5,450.916667,432.583333,435.5,33540000,14769740950,0,0
2024-04-18,413.5,450.416667,408.333333,443.666667,34901400,15150983300,0,0
2024-04-19,441,441.5,418.583333,431.666667,36566400,15747799600,0,0
2024-04-22,441.75,444.833333,413.416667,427,35578800,15125833100,0,0
2024-04-23,441.666667,446.333333,430.416667,434.5,19690800,8580067050,0,0
2024-04-24,442.833333,454.916667,438.5,448.333333,27126600,12093382150,0,0
2024-04-25,442.333333,448.833333,436,438.583333,18452400,8146375100,0,0
2024-04-26,430.25,452.25,429.166667,450,19734000,8785551200,0,0
2024-04-30,454.166667,464.333333,448.333333,454.666667,24446400,11172468950,0,0
2024-05-01,440.666667,466.5,439.25,458.75,25672800,11752469700,0,0
2024-05-02,451.166667,463.5,446.166667,463.25,17578200,8044596300,0,0
2024-05-07,466.666667,492.166667,466.583333,489.833333,34566600,16742143200,0,0
2024-05-08,473.166667,479.75,465.416667,478.583333,26515800,12590565950,0,0
2024-05-09,477,482.916667,461.75,465.416667,29483400,13917494500,0,0
2024-05-10,459.416667,481.166667,455.333333,472,27876600,13147622900,0,0
2024-05-13,466.666667,474.166667,461.5,474.166667,21323400,9991942750,0,0
2024-05-14,450.166667,477.666667,437.916667,471.833333,42687600,19654707900,0,0
2024-05-15,466.666667,466.666667,451.75,460.166667,24439200,11215677150,0,0
2024-05-16,467.5,476.833333,451.833333,476.416667,25195800,11851514750,0,0
2024-05-17,469.166667,480.166667,468.5,474.416667,12034200,5723686300,0,0
2024-05-20,480.833333,496.5,479.916667,485,26560200,12972191900,0,0
2024-05-21,490,511.5,489.916667,504.166667,28143000,14187252900,0,0
2024-05-22,509.666667,513,501.5,502.5,19386000,9815221600,0,0
2024-05-23,509.166667,515.666667,491.666667,509.333333,20280000,10226003300,0,0
2024-05-24,509,534.833333,503.5,534.166667,30823200,16183897000,0,0
2024-05-27,537.166667,557.166667,535.5,556.666667,39114600,21569533200,0,0
2024-05-28,563,570,556.5,569.333333,37345800,21075954200,0,0
2024-05-29,571.833333,576,546.333333,546.333333,36997800,20697852700,0,0
2024-05-30,535.833333,541.5,523.833333,538,27154800,14505714900,0,0
2024-05-31,537.333333,540,529.666667,537.333333,22510800,12072007200,0,0
2024-06-03,545.833333,545.833333,510.166667,512.666667,30999000,16078873200,0,0
2024-06-04,512.5,526.166667,503.333333,504.166667,30277800,15517907200,0,0
2024-06-05,499.666667,511.166667,497.25,507.666667,25789800,13009219850,0,0
2024-06-06,518.833333,533.166667,515.833333,524.333333,22054800,11597680500,0,0
2024-06-07,524.333333,535,519.166667,526.333333,16585200,8745194500,0,0
2024-06-10,528.666667,548,527.5,543.166667,18686400,10096612500,0,0
2024-06-11,549.166667,556.5,544.166667,551.5,20323800,11176383800,0,0
2024-06-12,541.666667,548.833333,525,539,19354800,10475674900,0,0
2024-06-13,550,554.333333,529,529.5,15752400,8472751300,0,0
2024-06-14,525.666667,564.833333,519.333333,562.833333,36063000,19764829100,0,0
2024-06-17,554,554.5,537.166667,545.5,23550600,12855106700,0,0
2024-06-18,551.666667,552.833333,533.666667,539.333333,16647000,9025415800,0,0
2024-06-19,543.166667,548.666667,528.666667,532.166667,14952000,8024373300,0,0
2024-06-20,525,526.5,500,520,28521600,14638799800,0,0
2024-06-21,520,527.5,504.833333,511.666667,26922600,13777543900,0,0
2024-06-24,506.5,522.5,505.833333,519,13764000,7128421200,0,0
2024-06-25,514.166667,522.166667,510.666667,518.5,11485200,5929805600,0,0
2024-06-26,525,528.5,518.666667,521.166667,11134200,5827693900,0,0
2024-06-27,518.5,528.833333,518.5,526.333333,11217000,5890881100,0,0
2024-06-28,525,531.666667,523.666667,529.333333,13391400,7071142000,0,0
2024-07-01,528.333333,532.5,514.166667,519.666667,16325400,8528784500,0,0
2024-07-02,522,540.666667,521.333333,531.666667,19908000,10578781600,0,0
2024-07-03,530,535,518.833333,531,14731800,7793394600,0,0
2024-07-04,530.5,530.666667,512.833333,516.5,16313400,8471336200,0,0
2024-07-05,518.333333,526.666667,515.666667,521.666667,15261000,7957434300,0,0
2024-07-08,516,523.166667,510.166667,514.666667,12509400,6452253800,0,0
2024-07-09,548.166667,582.833333,547.333333,573.166667,61896600,35217123900,0,0
2024-07-10,580,591.833333,566.666667,583.833333,41724000,24254796300,0,0
2024-07-11,598.5,600.833333,555.833333,566.166667,31177200,17863533700,0,0
2024-07-12,564.166667,565.166667,550.166667,554.166667,19044000,10616175400,0,0
2024-07-16,554.666667,566.166667,552,554.166667,11373000,6349713300,0,0
2024-07-17,555,558.833333,544.666667,549.5,13818000,7620153200,0,0
2024-07-18,526.166667,530,512.833333,518.333333,23554800,12269691000,0,0
2024-07-19,530,542.833333,525.166667,528.5,24810600,13230641300,0,0
2024-07-22,532.166667,536.5,515,516.333333,15386400,8029141200,0,0
2024-07-23,520.833333,523.666667,512.5,520.166667,10141200,5258824600,0,0
2024-07-24,521,529.5,505.166667,505.5,15186000,7798791200,0,0
2024-07-25,486.583333,493.5,457.75,476.583333,31425000,14936352650,0,0
2024-07-26,479.916667,485,467.333333,467.75,23276400,11053854800,0,0
2024-07-29,490.5,503.333333,490,496.166667,23826600,11810521350,0,0
2024-07-30,492.75,495.666667,484.333333,492.416667,14127000,6922794050,0,0
2024-07-31,482.5,510.333333,479.333333,509.833333,22572000,11340189400,0,0
2024-08-01,501.166667,506.5,483.583333,494.583333,18289200,9029985100,0,0
2024-08-02,457.5,471.833333,449.666667,451.666667,23065800,10559021050,0,0
2024-08-05,384.25,405.333333,368.333333,368.333333,36325800,13855835650,0,1
2024-08-06,393.666667,416.166667,385,408,38757000,15566427350,0,0
2024-08-07,391.333333,450.916667,389.166667,441.666667,34443600,14916556200,0,0
2024-08-08,425,438.166667,418.5,423,25392000,10807100200,0,0
2024-08-09,506.333333,506.333333,506.333333,506.333333,3722400,1884775200,1,0
2024-08-13,523,565.833333,521.666667,561.833333,72784800,39929987100,0,0
2024-08-14,562.5,604,561.166667,601.833333,58074000,33870993400,0,0
2024-08-15,585,616.166667,584,594.5,48622200,29198744500,0,0
2024-08-16,617.166667,665.333333,617.166667,662.333333,79410600,51465797900,0,0
2024-08-19,655.166667,679,650.333333,659.833333,60909600,40633428500,0,0
2024-08-20,662.833333,690,657,687.166667,54723600,36997112800,0,0
2024-08-21,679.833333,699.666667,662.666667,680,45655800,30937064700,0,0
2024-08-22,679.833333,682.333333,660.5,674.666667,30399600,20468793100,0,0
2024-08-23,663,674.833333,660,669.666667,27865200,18584984300,0,0
2024-08-26,663.166667,666.166667,636.666667,641.166667,27156000,17570651500,0,0
2024-08-27,637.5,649,625.333333,641.833333,27949800,17839755100,0,0
2024-08-28,639.333333,668.166667,631.833333,664.833333,29410800,19255008200,0,0
2024-08-29,658.333333,680.5,644.166667,680,42486000,28340001100,0,0
2024-08-30,696.166667,708.833333,690.166667,701.166667,47070000,32931533300,0,0
2024-09-02,717.5,736.666667,709.5,735.833333,39891600,28814187200,0,0
2024-09-03,741,741.666667,700.666667,708.333333,49494000,35281059800,0,0
2024-09-04,670.833333,678.833333,644.166667,649,55052400,36309067600,0,0
2024-09-05,639.166667,673.5,636,653,44540400,29277582300,0,0
2024-09-06,650,657.166667,622.666667,633.833333,37089600,23527261500,0,0
2024-09-09,607.833333,649.666667,600,641,44130600,27679230100,0,0
2024-09-10,643.333333,659.5,628.5,644.5,38988000,25203702400,0,0
2024-09-11,640.333333,654.5,631.833333,642.833333,36282000,23443771700,0,0
2024-09-12,675,691.333333,665.333333,679.833333,35759400,24241334900,0,0
2024-09-13,679.833333,695.5,670,688.333333,40690200,27898020600,0,0
2024-09-17,691.5,700,674.833333,689.333333,29855400,20439129500,0,0
2024-09-18,698.333333,715.666667,675.166667,692.333333,34117200,23657535400,0,0
2024-09-19,714.833333,741.5,703.333333,736.333333,46381800,33674901800,0,0
2024-09-20,755,778,749.166667,769.333333,70446600,53820104700,0,0
2024-09-24,781,810,775.5,810,59149800,47167899800,0,0
2024-09-25,806.666667,817.5,797.333333,801.5,41289600,33266450800,0,0
2024-09-26,821.333333,832.833333,803.5,831.666667,49872600,40989069600,0,0
2024-09-27,833,850.5,815.166667,836.166667,55200000,45861326200,0,0
2024-09-30,808.333333,847.5,800.5,803,52768800,43043734500,0,0
2024-10-01,818.333333,842.166667,812.166667,833.333333,42720600,35441163600,0,0
2024-10-02,818,842.5,801.666667,801.666667,40059000,32865254300,0,0
2024-10-03,836.333333,849.166667,792.166667,801.166667,53878200,44041752300,0,0
2024-10-04,802.5,814.666667,792.333333,796.5,28801200,23112310100,0,0
2024-10-07,819.833333,840.166667,808.666667,831.166667,40660200,33648553900,0,0
2024-10-08,846.666667,880,843.166667,865,70050000,60479708600,0,0
2024-10-09,885,903.833333,866.833333,874.333333,76805400,67814749500,0,0
2024-10-10,880.166667,882.166667,840.166667,861.666667,53035200,45449065400,0,0
2024-10-11,871.666667,913.5,867.166667,909.333333,83397000,74964264800,0,0
2024-10-15,920.166667,926.333333,883.333333,883.333333,68684400,61423637200,0,0
2024-10-16,869.166667,906.666667,858.5,906.666667,69163200,61530682800,0,0
2024-10-17,885.5,887.5,844.333333,862.166667,94043400,81674673400,0,0
2024-10-18,870.333333,894.166667,856.333333,884.666667,61098600,53733478100,0,0
2024-10-21,894.166667,895,852.666667,855.166667,44353800,38518969000,0,0
2024-10-22,866.666667,879.833333,831.666667,843,64691400,55138634500,0,0
2024-10-23,835.666667,843.5,816.833333,837.5,46261800,38581171700,0,0
2024-10-24,821.666667,856.333333,812,855.5,62354400,52406585000,0,0
2024-10-25,838.833333,854,833.666667,849.833333,46321200,39065317500,0,0
2024-10-28,851.666667,872.5,833.5,849,64607400,54781935200,0,0
2024-10-29,844,888.166667,840,879.833333,58975200,51395521500,0,0
2024-10-30,892.333333,951.333333,885,936.166667,105415200,98015939500,0,0
2024-10-31,928.666667,962.5,921.833333,955.333333,63163800,59706140400,0,0
2024-11-01,922,923.666667,893,905,57479400,52112719500,0,0
2024-11-05,925,926.666667,895.5,901.833333,57883200,52713927200,0,0
2024-11-06,918.5,964.166667,918.5,961.666667,78082200,73810029400,0,0
2024-11-07,978.5,985.333333,936.833333,968,97930200,94684088900,0,0
2024-11-08,1000,1055.333333,890,925.333333,220398600,208618552200,0,0
2024-11-11,921.666667,1000,919.5,984.666667,141599400,138340772000,0,0
2024-11-12,974.166667,1007.166667,944.166667,965.833333,106485600,104043767400,0,0
2024-11-13,965.833333,986.833333,955,959.5,74445000,72236419800,0,0
2024-11-14,956.5,977,935.166667,940,77763000,74527123900,0,0
2024-11-15,943.333333,949.833333,918.166667,920.666667,74785200,69636954900,0,0
2024-11-18,913.166667,917.333333,876.333333,878.666667,76844400,68575087200,0,0
2024-11-19,883.166667,957.666667,882.333333,941.666667,134684400,124513561900,0,0
2024-11-20,947.5,955.833333,921,940.5,78614400,73664342500,0,0
2024-11-21,966.666667,1005.666667,929.5,931.166667,119721600,116267578300,0,0
2024-11-22,947.833333,977,922.5,958.166667,133775400,127419050300,0,0
2024-11-25,965,973.333333,932.5,940,190240800,180073474800,0,0
2024-11-26,933,937.333333,868.333333,876.5,113370600,100587472900,0,0
2024-11-27,862.5,891.333333,845.833333,888.333333,132410400,115641905400,0,0
2024-11-28,880,924.5,859.666667,880,143769000,127497174500,0,0
2024-11-29,874.333333,887,862,887,83797800,73199650100,0,0
2024-12-02,891.666667,943.666667,881.666667,943.666667,140515800,128855460900,0,0
2024-12-03,937,1005,930.833333,1002,157923600,154412246500,0,0
2024-12-04,1003.333333,1047.333333,995.833333,1030.333333,145284000,149640854700,0,0
2024-12-05,1068,1094.833333,1047.833333,1062.5,160116600,172258793300,0,0
2024-12-06,1073,1075,1011.666667,1020.333333,147197400,151932790000,0,0
2024-12-09,1032,1050.5,1001.833333,1031.333333,135958800,139373196900,0,0
2024-12-10,1000.666667,1007.166667,965,975.166667,118453800,116094409500,0,0
2024-12-11,975,995.833333,965.166667,995.833333,99967800,97939278500,0,0
2024-12-12,1025,1056.5,1017.666667,1021.666667,160276800,166478924300,0,0
2024-12-13,1022.333333,1047.5,1009.166667,1045.5,113046000,116833445500,0,0
2024-12-16,1058,1084.5,1040,1081.666667,128556000,137509386000,0,0
2024-12-17,1089.333333,1116.666667,1051.166667,1051.166667,127273200,138058517700,0,0
2024-12-18,1045.166667,1077,1038.5,1041.333333,94919400,100029897100,0,0
2024-12-19,1008,1053.333333,1000.166667,1040.666667,102180600,105598338200,0,0
2024-12-20,1034.166667,1051.666667,1012,1040.666667,91944000,95129775900,0,0
2024-12-23,1070,1083,1033.5,1057.666667,94265400,99011657200,0,0
2024-12-24,1067,1070.5,1017.833333,1025,80674800,83160935500,0,0
2024-12-25,1038.833333,1048,1029.666667,1048,65182800,67610967700,0,0
2024-12-26,1043.5,1113.333333,1037.166667,1113.333333,147144600,159280131600,0,0
2024-12-27,1121.666667,1131.333333,1096.833333,1116.833333,111554400,124384685300,0,0
2024-12-30,1118,1120.666667,1068.833333,1091.333333,115836600,125619882700,0,0
2025-01-06,1113.333333,1129.333333,1091,1101.333333,114045000,126363110000,0,0
2025-01-07,1116.666667,1122.666667,1073.333333,1088,108892800,119415135500,0,0
2025-01-08,1077.5,1100.666667,1068.666667,1094.666667,98402400,106921164500,0,0
2025-01-09,1094.833333,1135.833333,1045.833333,1048.833333,203056800,221702229100,0,0
2025-01-10,1053.166667,1084.833333,1044.166667,1050.833333,152406000,162358571900,0,0
2025-01-14,1044.166667,1046,997.166667,1017.666667,106141200,107773630200,0,0
2025-01-15,1015.833333,1029.166667,990,1004.666667,88109400,88608619000,0,0
2025-01-16,1021.333333,1026.333333,988.166667,990,94168200,95099837900,0,0
2025-01-17,982.833333,997.333333,964.666667,993.666667,82921200,81661976700,0,0
2025-01-20,1000,1015,983.833333,1006.666667,79096800,79211293900,0,0
2025-01-21,1016.5,1023.5,985.333333,1007.833333,84573600,85118185500,0,0
2025-01-22,1022.5,1166.166667,1017.666667,1157.166667,305887200,342308972500,0,0
2025-01-23,1183.333333,1247,1169.5,1212.666667,253397400,304978743100,0,0
2025-01-24,1201.666667,1221.666667,1185.333333,1216.666667,148400400,178808832300,0,0
2025-01-27,1197.5,1199,1083.333333,1087,193296000,217375634400,0,0
2025-01-28,1041.666667,1046.833333,983.5,986.833333,192107400,192618005200,0,0
2025-01-29,1022.5,1024.833333,947.333333,1003.333333,276453000,271219358500,0,0
2025-01-30,996.666667,1021.833333,978.666667,1007.166667,136201200,136938346500,0,0
2025-01-31,1023.833333,1063.166667,1018.833333,1048.333333,189448800,198498314800,0,0
2025-02-03,1016.333333,1033.333333,995.833333,1008.166667,104935800,106235363600,0,0
2025-02-04,1024.833333,1058.333333,1014.666667,1051.333333,143974800,150310206000,0,0
2025-02-05,1064.166667,1088,1030,1047.666667,150031200,158197569000,0,0
2025-02-06,1063.333333,1075.5,1036.833333,1056.666667,114262800,120018433400,0,0
2025-02-07,1060.166667,1071.166667,1038.333333,1038.333333,107409000,113084347000,0,0
2025-02-10,1049,1112.5,1033.5,1112.5,191002200,204072743000,0,0
2025-02-12,1123.166667,1259.166667,1112.833333,1227.666667,413539200,497220282700,0,0
2025-02-13,1244.5,1270,1183.666667,1204.666667,242359200,294548340200,0,0
2025-02-14,1206.333333,1227.666667,1144.5,1155.333333,212530200,250558324200,0,0
2025-02-17,1150,1178,1136.666667,1172,125109600,145408516500,0,0
2025-02-18,1172,1209.166667,1146.833333,1148.333333,132689400,155258347500,0,0
2025-02-19,1149,1162.666667,1123.666667,1149.333333,89630400,102159330900,0,0
2025-02-20,1139.166667,1165.333333,1115.666667,1122.333333,143344800,162924302800,0,0
2025-02-21,1105.666667,1113.666667,1085.833333,1102.166667,107500200,118033872000,0,0
2025-02-25,1018.833333,1053,1008.333333,1019.5,126750600,131314313500,0,0
2025-02-26,1007.333333,1053.5,992,1053.5,182801400,187194069100,0,0
2025-02-27,1083.333333,1147.666667,1064.666667,1104.166667,305515800,337621918500,0,0
2025-02-28,1054.166667,1064.666667,995.5,1023.333333,216063600,219558463000,0,0
2025-03-03,1049.333333,1061.333333,1025,1033.666667,158190600,164829821500,0,0
2025-03-04,983.666667,992.833333,942.666667,968,174596400,168171514000,0,0
2025-03-05,984.666667,1043.833333,979.166667,1039.833333,173758200,176635441000,0,0
2025-03-06,1050.5,1052.833333,1001.166667,1021.666667,148450800,152083339000,0,0
2025-03-07,987.166667,1006.333333,967.333333,974.833333,126315000,124089871700,0,0
2025-03-10,972.666667,978.833333,950.166667,962.166667,99868800,96143808500,0,0
2025-03-11,903.833333,944.666667,877.166667,942.833333,183431400,167298171200,0,0
2025-03-12,937.833333,972.166667,937.833333,951.833333,153091800,146583160100,0,0
2025-03-13,977.5,992.333333,956.666667,958.166667,128937600,125990761500,0,0
2025-03-14,958.166667,1036.166667,956.5,1035.333333,208976400,210264077000,0,0
2025-03-17,1053.333333,1053.333333,1012.333333,1021.166667,131258400,134991448300,0,0
2025-03-18,1035.5,1056.5,1015.833333,1033,139843200,144497527900,0,0
2025-03-19,1027.833333,1033.666667,975.833333,978.166667,148874400,148422736400,0,0
2025-03-21,992.833333,1020,985.833333,993.166667,152711400,153173547400,0,0
2025-03-24,1010.333333,1029.833333,997.166667,1019.5,174675600,177487697800,0,0
2025-03-25,1064.666667,1098.166667,1026.666667,1035.333333,170501400,180153835600,0,0
2025-03-26,1061.666667,1067.833333,1029.166667,1045.166667,158232600,165361344300,0,0
2025-03-27,1004.833333,1004.833333,966.666667,971.833333,128657400,126300020500,0,0
2025-03-28,933,959.666667,932,948.5,105094200,99024654600,0,0
2025-03-31,900,912.333333,871,899.666667,155396400,139112886800,0,0
2025-04-01,908.333333,913.166667,869.666667,871.833333,126314400,111407892200,0,0
2025-04-02,880.5,899.5,863.166667,892.166667,136194000,120379431200,0,0
2025-04-03,825.5,850,804.666667,815.333333,150993000,124642073600,0,0
2025-04-04,771.666667,774,698.666667,715.333333,184565400,133315504600,0,1
2025-04-07,598.666667,632.166667,598.666667,598.833333,143424000,87870475400,0,1
2025-04-08,692.166667,715.5,692,715.5,44455200,31506899200,1,0
2025-04-09,668.833333,675.833333,642,668.333333,200997000,132908330300,0,0
2025-04-10,785,785,785,785,7406400,5814024000,1,0
2025-04-11,750,781.333333,726.166667,776.833333,186045600,140762191600,0,0
2025-04-14,797.333333,811.166667,775.166667,775.5,154891800,122776200100,0,0
2025-04-15,780.833333,800.666667,769.833333,784.833333,154275600,121863316200,0,0
2025-04-16,780.333333,791.666667,749.833333,760.833333,154629600,119758077400,0,0
2025-04-17,758,772.333333,746.666667,767.5,124651200,94756063300,0,0
2025-04-18,757.666667,784.166667,755.666667,780.833333,102073800,79218616900,0,0
2025-04-21,776.666667,784.5,756.833333,759,108349800,83220739200,0,0
2025-04-22,747.333333,754.166667,733.833333,738.666667,114196200,84640180100,0,0
2025-04-23,769.666667,783,760.5,782.666667,138313800,106926273000,0,0
2025-04-24,805.166667,817.5,798.333333,807.666667,133568400,108058419400,0,0
2025-04-25,841.666667,887.166667,832.833333,878.666667,245049600,212896779800,0,0
2025-04-28,887.5,887.833333,857.5,868.166667,142580400,123900068200,0,0
2025-04-30,850,876,847.166667,874.5,114669000,99256029800,0,0
2025-05-01,888.166667,932,878.333333,926,218813400,198887460200,0,0
2025-05-02,926.833333,933.166667,900.833333,921.5,166179000,152302166500,0,0
2025-05-07,931.666667,947.333333,921.5,946,130540200,122385913000,0,0
2025-05-08,962.5,983.333333,953.833333,983.166667,165465600,160134738900,0,0
2025-05-09,995,1006.166667,980.333333,999.166667,131686800,130764952800,0,0
2025-05-12,1002.5,1027.166667,1000.833333,1009.333333,122913600,124640049100,0,0
2025-05-13,1033.333333,1038.666667,953.833333,957.166667,266065200,266541363600,0,0
2025-05-14,990.5,1021.666667,967.833333,1004.5,220276200,219669039100,0,0
2025-05-15,987.833333,1001.833333,957.166667,960,140493600,136502981400,0,0
2025-05-16,950.333333,967.166667,943.666667,964.166667,118984800,113757596200,0,0
2025-05-19,954.166667,991.5,952.833333,965.666667,135592200,132133820000,0,0
2025-05-20,970.666667,1026,963.666667,1020.333333,165002400,166139025500,0,0
2025-05-21,1016.666667,1026.666667,995,1009.833333,119748600,120711735900,0,0
2025-05-22,980,1002.5,962.833333,993,127092600,125269975300,0,0
2025-05-23,997,1048.333333,996.833333,1041.166667,171404400,177000354000,0,0
2025-05-26,1050,1058.833333,1030.833333,1051.333333,142657200,149086801800,0,0
2025-05-27,1059.5,1080.333333,1043.666667,1080.333333,157572600,166945860400,0,0
2025-05-28,1100.166667,1123.833333,1080.833333,1085.666667,143574000,157751140600,0,0
2025-05-29,1125,1163.333333,1113.5,1145.833333,220879200,251795270700,0,0
2025-05-30,1113.333333,1127.5,1103,1119.666667,149736000,167014959100,0,0
2025-06-02,1112,1138,1101,1134.666667,130230600,146292420000,0,0
2025-06-03,1142.5,1148.666667,1114.666667,1114.666667,112734600,127177694100,0,0
2025-06-04,1140.666667,1144.5,1103.666667,1116.5,122979600,137390481700,0,0
2025-06-05,1111.666667,1146.5,1110.333333,1145.166667,144510600,163193532300,0,0
2025-06-06,1138.333333,1160.333333,1138.333333,1149.833333,109590000,125787704100,0,0
2025-06-09,1164.5,1185,1156.833333,1178.333333,117684000,138419730500,0,0
2025-06-10,1180,1186.333333,1145.166667,1146.5,126792000,147261273200,0,0
2025-06-11,1158,1159.666667,1113.333333,1113.333333,94712400,106851617600,0,0
2025-06-12,1120,1127.333333,1110,1119.166667,79649400,89011664600,0,0
2025-06-13,1120,1130,1098.833333,1130,90244200,100675528000,0,0
2025-06-16,1134.166667,1146.166667,1119.666667,1142.5,63976200,72635890800,0,0
2025-06-17,1149.833333,1168,1143.333333,1147.5,78556200,90820663200,0,0
2025-06-18,1139.166667,1143.833333,1121.666667,1130,74775000,84651906100,0,0
2025-06-19,1130,1153.833333,1124.166667,1149.666667,70354200,80370219600,0,0
2025-06-20,1144.333333,1161.166667,1137.166667,1143.333333,59624400,68531323700,0,0
2025-06-23,1124.666667,1129.333333,1104.5,1118.833333,61975200,69236997600,0,0
2025-06-24,1147.833333,1182.833333,1141.5,1182.833333,114256800,133242814600,0,0
2025-06-25,1191.666667,1216.333333,1182,1197.833333,101074200,121143748800,0,0
2025-06-26,1190.5,1240.833333,1190.166667,1240.833333,106593600,130837481700,0,0
2025-06-27,1253.5,1273.833333,1240,1266.5,101028600,127126250400,0,0
2025-06-30,1291.5,1295.5,1250.333333,1261.833333,103935000,132921044700,0,0
2025-07-01,1253.5,1320.833333,1242.666667,1313.333333,139915200,181509267600,0,0
2025-07-02,1263.333333,1279.833333,1233.833333,1260.833333,151939800,191731985200,0,0
2025-07-03,1279.166667,1305,1271.166667,1284.166667,121171800,155744352100,0,0
2025-07-04,1300,1300.833333,1253,1253.333333,99552000,126646729900,0,0
2025-07-07,1236.666667,1253.333333,1226.666667,1235,74461800,92282691400,0,0
2025-07-08,1260,1304.166667,1252,1302.5,100874400,129670287400,0,0
2025-07-09,1313.166667,1313.166667,1261.666667,1285.666667,105710400,135537032500,0,0
2025-07-10,1295,1315.166667,1286.5,1293.333333,92983800,121327323700,0,0
2025-07-11,1289.666667,1308.166667,1247.166667,1252,107304600,136242903700,0,0
2025-07-14,1256.666667,1262.333333,1235.333333,1258.666667,64876800,81080432400,0,0
2025-07-15,1271.666667,1309.166667,1265,1308.333333,120760800,155797487100,0,0
2025-07-16,1309,1340.833333,1294.5,1325.833333,119364600,158111621100,0,0
2025-07-17,1320.333333,1336.333333,1300.5,1336,85652400,112754667900,0,0
2025-07-18,1347,1367.666667,1328.666667,1347.5,129797400,174926038100,0,0
2025-07-22,1363.333333,1413.333333,1362.333333,1407.166667,120553200,168358437200,0,0
2025-07-23,1432.166667,1440.166667,1354.166667,1393.166667,146499600,203277820500,0,0
2025-07-24,1407.666667,1453.333333,1406.833333,1450.666667,138613800,198924221300,0,0
2025-07-25,1461.833333,1485.333333,1457.166667,1476.166667,111569400,164609024500,0,0
2025-07-28,1485.833333,1487.333333,1452.833333,1469,114360000,168556391200,0,0
2025-07-29,1458.333333,1492.833333,1455.5,1490,97929600,145011941600,0,0
2025-07-30,1559.666667,1635.5,1550.166667,1622.666667,173414400,279985277000,0,0
2025-07-31,1661.333333,1733.333333,1660,1729.166667,116350800,199512618000,0,0
2025-08-01,1690.833333,1730,1659.166667,1715,82730400,140699649000,0,0
2025-08-04,1639,1720,1638.333333,1711.666667,68212800,115552388900,0,0
2025-08-05,1746.666667,1779.166667,1720.833333,1779.166667,73965000,130038798000,0,0
2025-08-06,1758.333333,1822.5,1740,1821.666667,68484600,122681301000,0,0
2025-08-07,1825,1953.333333,1725,1918.333333,150049200,280046443500,0,0
2025-08-08,1918.333333,1980,1836.666667,1849.166667,123525600,235479296000,0,0
2025-08-12,1915,1955,1900.833333,1938.333333,73978800,143176933000,0,0
2025-08-13,1996.666667,2005.833333,1943.333333,2000,75985800,150524436000,0,0
2025-08-14,1995,2003.333333,1948.333333,1984.166667,56997600,112672447000,0,0
2025-08-15,1983.333333,2065,1955.833333,2045.833333,87120000,175817524500,0,0
2025-08-18,2029.166667,2075,2009.166667,2066.666667,51924000,106450589000,0,0
2025-08-19,2061.666667,2070,1958.333333,2001.666667,69486600,139928764500,0,0
2025-08-20,1890,1918.333333,1875,1888.333333,55290000,104579335500,0,0
2025-08-21,1871.666667,1941.666667,1870,1907.5,46152000,88269408000,0,0
2025-08-22,1913.333333,1931.666667,1891.666667,1914.166667,31732200,60604958500,0,0
2025-08-25,1964.166667,1968.333333,1896.666667,1915.833333,47047800,90549890000,0,0
2025-08-26,1925,1950,1883.333333,1920.833333,39877800,76168398000,0,0
2025-08-27,1950,1955.833333,1906.666667,1945.833333,40321200,77794959000,0,0
2025-08-28,1895.833333,2054.166667,1885.833333,2053.333333,81501000,163323995500,0,0
2025-08-29,2060,2133.333333,2040.833333,2128.333333,81165600,171016745500,0,0
2025-09-01,2105,2126.666667,2036.666667,2069.166667,67172400,140097492000,0,0
2025-09-02,2083.333333,2120,2041.666667,2070.833333,65391600,135813390500,0,0
2025-09-03,2083.333333,2115,2055,2083.333333,66064800,138078816000,0,0
2025-09-04,2130.833333,2228.333333,2129.166667,2190,87938400,193134964500,0,0
2025-09-05,2249.166667,2263.333333,2183.333333,2223.333333,73345800,163061882000,0,0
2025-09-08,2241.666667,2259.166667,2219.166667,2259.166667,54690000,122695861500,0,0
2025-09-09,2299.166667,2313.333333,2150,2150.833333,69784200,155817726500,0,0
2025-09-10,2223.333333,2280.833333,2216.666667,2271.666667,55356000,124727806000,0,0
2025-09-11,2333.333333,2378.333333,2286.666667,2331.666667,83454600,195175183000,0,0
2025-09-12,2375,2392.5,2340,2350,57183000,135171768000,0,0
2025-09-16,2391.666667,2426.666667,2301.666667,2328.333333,63183000,148159167500,0,0
2025-09-17,2310,2325,2223.333333,2242.5,54577800,123902601000,0,0
2025-09-18,2275,2282.5,2232.5,2267.5,35992200,81411209500,0,0
2025-09-19,2333.333333,2367.5,2258.333333,2329.166667,58656000,135863850500,0,0
2025-09-22,2366.666667,2392.5,2347.5,2375,38878800,92187135000,0,0
2025-09-24,2347.5,2428.333333,2313.333333,2428.333333,46083000,109807436500,0,0
2025-09-25,2379.166667,2458.333333,2361.666667,2425,49841400,120926227000,0,0
2025-09-26,2408.333333,2443.333333,2345.833333,2350,37692000,90004340000,0,0
2025-09-29,2361.666667,2455.833333,2348.333333,2446.666667,49536000,119918814500,0,0
2025-09-30,2452.5,2455.833333,2400.833333,2409.166667,36900000,89384318500,0,0
2025-10-01,2425,2445,2352.5,2382.5,34999800,83362325500,0,0
2025-10-02,2445,2464.166667,2359.166667,2359.166667,41755200,100128231000,0,0
2025-10-03,2335.833333,2358.333333,2310,2355.833333,37356600,87124809000,0,0
2025-10-06,2423.333333,2428.333333,2350,2416.666667,54336000,130149299000,0,0
2025-10-07,2450,2669.166667,2450,2548.333333,116530800,301412356500,0,0
2025-10-08,2498.333333,2696.666667,2495,2660.833333,95051400,251147204500,0,0
2025-10-09,2738.333333,2874.166667,2736.666667,2797.5,82489800,230854202000,0,0
2025-10-10,2825.833333,2826.666667,2730,2760,66166200,183336434500,0,0
2025-10-14,2731.666667,2790,2620,2624.166667,77106600,208545287500,0,0
2025-10-15,2625,2718.333333,2610.833333,2693.333333,42944400,114955576500,0,0
2025-10-16,2760,2800,2720,2800,42950400,118484477500,0,0
2025-10-17,2750,2824.166667,2734.166667,2740.833333,58775400,163099057500,0,0
2025-10-20,2796.666667,2865.833333,2750.833333,2865.833333,51750000,145247144000,0,0
2025-10-21,2915.833333,2929.166667,2756.666667,2779.166667,81551400,232036349500,0,0
2025-10-22,2800,2841.666667,2671.666667,2822.5,69339600,190927424500,0,0
2025-10-23,2760,2875.833333,2755.833333,2874.166667,63685800,180957336000,0,0
2025-10-24,2916.666667,2990.833333,2880.833333,2987.5,69499200,204374549000,0,0
2025-10-27,3066.666667,3243.333333,3040,3225.833333,94599600,297098141500,0,0
2025-10-28,3238.333333,3268.333333,3181.666667,3199.166667,63802800,205909934500,0,0
2025-10-29,3295,3390,3292.5,3351.666667,79837800,267464303500,0,0
2025-10-30,3375,3499.166667,3348.333333,3467.5,107487000,369655265500,0,0
2025-10-31,3459.166667,3558.333333,3420,3528.333333,86006400,302780980000,0,0
2025-11-04,3611.666667,3613.333333,3437.5,3451.666667,78445200,278337479000,0,0
2025-11-05,3230,3314.166667,3105.833333,3269.166667,98646600,317893695500,0,0
2025-11-06,3405,3612.5,3372.5,3587.5,93903000,331102516500,0,0
2025-11-07,3476.666667,3591.666667,3250,3402.5,171774600,587871396500,0,0
2025-11-10,3481.666667,3549.166667,3379.166667,3418.333333,112076400,389708858000,0,0
2025-11-11,3501.666667,3581.666667,3191.666667,3214.166667,123032400,418725972000,0,0
2025-11-12,3114.166667,3380,3030,3345.833333,109725000,358202012000,0,0
2025-11-13,3331.666667,3522.5,3308.333333,3450.833333,90940200,313430203500,0,0
2025-11-14,3258.333333,3318.333333,3200,3230,88141800,286984882500,0,0
2025-11-17,3230,3340.833333,3202.5,3306.666667,62336400,205421833000,0,0
2025-11-18,3216.666667,3228.333333,2976.666667,2979.166667,97620600,299686531500,0,0
2025-11-19,2966.666667,3125,2851.666667,2973.333333,135253200,406088738500,0,0
2025-11-20,3306.666667,3308.333333,3034.166667,3148.333333,100230600,318419076500,0,0
2025-11-21,2930,2953.333333,2837.5,2887.5,82782600,239314880000,0,0
2025-11-25,2998.333333,3032.5,2891.666667,2896.666667,60391800,178748363500,0,0
2025-11-26,2920,3038.333333,2903.333333,3005.833333,64838400,193528008500,0,0
2025-11-27,3055.833333,3060.833333,2992.5,3016.666667,47694000,144294293000,0,0
2025-11-28,3040,3072.5,2973.333333,2991.666667,38382000,115301355000,0,0
2025-12-01,2969.166667,2970.833333,2700,2724.166667,87987000,244594054500,0,0
2025-12-02,2761.666667,2836.666667,2754.166667,2766.666667,63933000,178018681500,0,0
2025-12-03,2825,2885.833333,2800,2838.333333,47457000,134817124500,0,0
2025-12-04,2803.333333,2885,2801.666667,2825,34066200,96425330000,0,0
2025-12-05,2850,2905.833333,2798.333333,2875,39488400,112585434000,0,0
2025-12-08,2950,3098.333333,2906.666667,3075.833333,68891400,208941462500,0,0
2025-12-09,3085.833333,3095,2977.5,3078.333333,50341800,153389026000,0,0
2025-12-10,3141.666667,3161.666667,3006.666667,3076.666667,48423600,148781295500,0,0
2025-12-11,3100,3178.333333,3023.333333,3036.666667,60822000,188254090500,0,0
2025-12-12,3083.333333,3098.333333,3010.833333,3083.333333,46669200,142964506500,0,0
2025-12-15,2916.666667,2996.666667,2880.833333,2948.333333,47135400,138982596000,0,0
2025-12-16,2854.166667,2872.5,2725.833333,2750,54128400,150465310000,0,0
2025-12-17,2750.833333,2776.666667,2655.833333,2754.166667,62266800,169727562000,0,0
2025-12-18,2633.333333,2705,2622.5,2660,53815800,143048615500,0,0
2025-12-19,2689.166667,2813.333333,2679.166667,2771.666667,56459400,156037222500,0,0
2025-12-22,2887.5,2974.166667,2860.833333,2964.166667,50685000,148948700500,0,0
2025-12-23,2966.666667,2980,2920.833333,2973.333333,29496600,87158030500,0,0
2025-12-24,2973.333333,3038.333333,2963.333333,3011.666667,38307000,114917041000,0,0
2025-12-25,2980.833333,3001.666667,2910,2936.666667,27222000,80357647000,0,0
2025-12-26,2948.333333,2959.166667,2838.333333,2860,40194000,116297821000,0,0
2025-12-29,2902.5,2993.333333,2886.666667,2967.5,46771800,138456494000,0,0
2025-12-30,2925.833333,2972.5,2896.666667,2906.666667,41250000,120870026000,0,0
2026-01-05,3016.666667,3091.666667,2955,3074.166667,47028000,143202387000,0,0
2026-01-06,3111.666667,3116.666667,3023.333333,3083.333333,37619400,115227369000,0,0
2026-01-07,3078.333333,3111.666667,2998.333333,3040.833333,35679000,109306082500,0,0
2026-01-08,3020,3071.666667,2930.833333,2930.833333,39559200,118563626500,0,0
2026-01-09,2880,2895.833333,2775,2847.5,48004800,135593675500,0,0
2026-01-13,2950.833333,2958.333333,2840,2860.833333,45054600,129647136000,0,0
2026-01-14,2883.333333,2898.333333,2812.5,2882.5,38852400,110810196500,0,0
2026-01-15,2834.166667,2888.333333,2817.5,2883.333333,29047200,83141273500,0,0
2026-01-16,2883.333333,2963.333333,2846.666667,2951.666667,36906600,107287634500,0,0
2026-01-19,2833.333333,2905.833333,2794.166667,2881.666667,41718000,119292421500,0,0
2026-01-20,2849.166667,2854.166667,2773.333333,2813.333333,41403600,116394673000,0,0
2026-01-21,2746.666667,3001.666667,2741.666667,2988.333333,58160400,169977182500,0,0
2026-01-22,3044.166667,3070.833333,2967.5,3027.5,51573600,155908553500,0,0
2026-01-23,3050.833333,3053.333333,2957.5,2984.166667,38798400,116637669000,0,0
2026-01-26,2917.5,3061.666667,2916.666667,2993.333333,41225400,123805464500,0,0
2026-01-27,2991.666667,3061.666667,2937.5,3061.666667,33706800,101423096500,0,0
2026-01-28,3261.666667,3436.666667,3249.166667,3345,87822000,294802076000,0,0
2026-01-29,3338.333333,3344.166667,3174.166667,3245,53349600,173334930500,0,0
2026-01-30,3250,3350,3170.833333,3261.666667,53564400,174865779500,0,0
2026-02-02,3328.333333,3517.5,3250,3310,77544600,261986115000,0,0
2026-02-03,3500,3678.333333,3457.5,3630,68664000,243869220500,0,0
2026-02-04,3666.666667,3861.666667,3643.333333,3801.666667,74277600,280949316000,0,0
2026-02-05,3750,3794.166667,3556.666667,3609.166667,54597600,200224131000,0,0
2026-02-06,3550,3760.833333,3543.333333,3732.5,50444400,185056301500,0,0
2026-02-09,3890,4099.166667,3525,3659.166667,158833200,609757218500,0,0
2026-02-10,3866.666667,3970.833333,3767.5,3843.333333,104797200,405060365500,0,0
2026-02-12,3895.833333,3905.833333,3709.166667,3841.666667,65264400,248538650500,0,0
2026-02-13,3780.833333,3828.333333,3617.5,3632.5,59426400,221526464000,0,0
2026-02-16,3647.5,3690.833333,3551.666667,3574.166667,31216200,112880730000,0,0
2026-02-17,3566.666667,3640,3485,3570,33411000,118657925500,0,0
2026-02-18,3600,3733.333333,3552.5,3723.333333,41362800,152598304000,0,0
2026-02-19,3783.333333,3860.833333,3764.166667,3825,42879600,163908866000,0,0
2026-02-20,3826.666667,3860,3761.666667,3816.666667,31679400,120768086500,0,0
2026-02-24,3900,4253.333333,3898.333333,4198.333333,86143200,354733141000,0,0
2026-02-25,4204.166667,4486.666667,4098.333333,4470.833333,90829800,391146768500,0,0
2026-02-26,4554.166667,4850,4434.166667,4577.5,96706200,442540204000,0,0
2026-02-27,4410.833333,4465.833333,4291.666667,4460.833333,66498600,291709713500,0,0
2026-03-02,4316.666667,4745.833333,4315,4737.5,85656000,394487859000,0,0
2026-03-03,4850,4968.333333,4505,4558.333333,95626800,454284342500,0,0
2026-03-04,4418.333333,4550,4131.666667,4229.166667,88846800,380319809500,0,0
2026-03-05,4479.166667,4619.166667,4304.166667,4386.666667,86735400,387193765500,0,0
2026-03-06,4303.333333,4326.666667,4022.5,4183.333333,82907400,344054228500,0,0
2026-03-09,3766.666667,3873.333333,3560,3769.166667,77989200,287705903500,0,0
2026-03-10,4033.333333,4171.666667,3935.833333,4010.833333,55357800,223973668500,0,0
2026-03-11,4200,4376.666667,4158.333333,4275,65273400,279246709500,0,0
2026-03-12,4229.166667,4415,4147.5,4283.333333,74997600,320277199000,0,0
2026-03-13,4116.666667,4538.333333,4106.666667,4420,105901200,459509215000,0,0
2026-03-16,4450,4450.833333,4116.666667,4271.666667,82700400,352066921500,0,0
2026-03-17,4346.666667,4350,4067.5,4100.833333,56506800,235772657500,0,0
2026-03-18,4166.666667,4285,4150.833333,4284.166667,43075800,182706592000,0,0
2026-03-19,4215,4338.333333,4194.166667,4221.666667,59898600,254911490000,0,0
2026-03-23,4010.833333,4135.833333,3940,4055,57577200,233412513000,0,0
2026-03-24,4203.333333,4323.333333,4125,4266.666667,61704600,260362291000,0,0
2026-03-25,4483.333333,4610.833333,4469.166667,4579.166667,57943200,263667690000,0,0
2026-03-26,4610.833333,4847.5,4609.166667,4685.833333,77554200,368151013500,0,0
2026-03-27,4583.333333,4687.5,4416.666667,4605,71943600,327616845000,0,0
2026-03-30,4445,4526,4230,4505,43818400,192774333300,0,0
2026-03-31,4250,4281,4056,4090,58825600,245356074400,0,0
2026-04-01,4370,4470,4291,4446,48295400,213312102800,0,0
2026-04-02,4535,4662,4238,4293,56992200,251913136900,0,0
2026-04-03,4430,4654,4420,4616,51978000,238025749800,0,0
2026-04-06,4679,4732,4560,4600,46016200,214417683300,0,0
2026-04-07,4597,4600,4320,4370,47494600,210399711700,0,0
2026-04-08,4835,4888,4709,4876,61297000,295855869600,0,0
2026-04-09,4806,5073,4740,5028,70638500,349576451500,0,0
2026-04-10,5176,5644,5173,5630,83540900,460606331900,0,0
2026-04-13,5914,6004,5647,5698,67148400,388322196700,0,0
2026-04-14,5947,5985,5782,5935,63357200,371980499600,0,0
2026-04-15,5960,6037,5625,5683,57485900,333191379000,0,0
2026-04-16,5600,5959,5550,5951,53271700,311268263700,0,0
2026-04-17,5903,5987,5756,5762,49543600,290633200200,0,0
2026-04-20,5692,5898,5523,5529,49029200,279669769000,0,0
2026-04-21,5577,5889,5574,5889,49306000,285602073800,0,0
2026-04-22,5833,5989,5688,5985,42928800,251639150400,0,0
2026-04-23,6119,6218,5780,5893,57099000,340366833000,0,0
2026-04-24,5987,6100,5894,6037,40846300,246170036800,0,0
2026-04-27,6037,6397,5993,6347,52739100,329171558700,0,0
2026-04-28,6231,6321,6120,6281,46167300,287369345400,0,0
2026-04-30,5981,6083,5916,5971,39274600,235066697200,0,0
2026-05-01,5983,6027,5803,5808,28397000,166763347400,0,0
2026-05-07,6300,6500,6225,6498,49010500,312694215600,0,0
2026-05-08,6428,6582,6262,6582,43386200,278109380000,0,0
2026-05-11,6780,6980,6634,6832,40738700,276990352700,0,0
2026-05-12,7250,7770,7085,7624,90480800,671967499500,0,0
2026-05-13,7324,7915,7303,7855,62691200,482305316900,0,0
2026-05-14,7662,7933,6355,6355,57118100,434963243700,0,1
2026-05-18,5842,5969,5580,5653,86555100,495229963900,0,0
2026-05-19,5600,5639,4660,4695,124339100,639194380900,0,0
2026-05-20,4275,4516,4156,4295,116069900,502313199700,0,0
2026-05-21,4550,4662,4315,4501,98432700,442044460500,0,0
2026-05-22,4650,5031,4558,4850,105386700,511155681600,0,0
2026-05-25,5360,5550,5151,5550,60516700,322778930800,1,0
2026-05-26,5650,5653,5068,5329,93052900,495883758000,0,0
2026-05-27,5500,5555,5035,5140,71871700,379062470300,0,0
2026-05-28,4998,5196,4803,5017,66629900,333226920500,0,0
2026-05-29,5044,5047,4668,4771,71394000,341482211300,0,0
2026-06-01,4769,4895,4561,4677,51636800,242420922200,0,0
2026-06-02,4607,4666,4351,4574,48742800,220734229900,0,0
2026-06-03,4854,5163,4745,5001,82340200,413212945200,0,0
2026-06-04,4831,4866,4610,4805,45052400,214345582800,0,0
2026-06-05,4654,4825,4523,4747,46983000,220306886100,0,0
2026-06-08,4386,4525,4337,4401,45195300,200082358800,0,0
2026-06-09,4458,4557,4260,4499,60698500,268277499400,0,0
2026-06-10,4320,4412,4118,4194,54543200,230106564200,0,0
2026-06-11,4006,4162,3888,4142,51253400,207588395400,0,0
2026-06-12,4352,4357,4136,4256,45471600,193908867800,0,0
2026-06-15,4450,4492,4301,4346,37526700,163791992300,0,0
2026-06-16,4400,4829,4308,4738,68142600,317159147400,0,0
2026-06-17,4600,4763,4562,4729,35504300,166508142200,0,0
2026-06-18,4791,4910,4461,4461,48865900,228819791300,0,0
2026-06-19,5161,5161,5161,5161,3131200,16160123200,1,0
2026-06-22,6161,6161,6161,6161,2675400,16483139400,1,0
2026-06-23,7023,7068,6314,6487,154230200,1036674366300,0,0
2026-06-24,6400,6568,6138,6313,80829900,513258921500,0,0
2026-06-25,6613,6649,6302,6436,50848200,326916221800,0,0
2026-06-26,6360,6579,6066,6131,61307100,385954161800,0,0
2026-06-29,6127,6166,5611,5885,56572900,327055960200,0,0
2026-06-30,6085,6320,6039,6238,46151000,285652247500,0,0
2026-07-01,6350,6431,5802,5826,39659300,238967325000,0,0
2026-07-02,5500,5555,5361,5368,34213100,186815151000,0,0
2026-07-03,5100,5379,5006,5358,42677500,221827726600,0,0
2026-07-06,5299,5452,5221,5354,32123000,171827519800,0,0
2026-07-07,5254,5370,5050,5072,35968500,187259670000,0,0
2026-07-08,4910,5106,4816,4824,40311200,199555482400,0,0
2026-07-09,4961,5209,4904,4938,45092500,227100123100,0,0
2026-07-10,5125,5437,5095,5150,42643000,224783995200,0,0
2026-07-13,5134,5380,4915,5007,40749200,207862128700,0,0
2026-07-14,4800,4820,4564,4800,44664300,210049126900,0,0
2026-07-15,4948,5149,4834,5145,32782500,164403540800,0,0
2026-07-16,5000,5004,4738,4761,36029500,173854426900,0,0
2026-07-17,4561,4611,4280,4472,47075400,209605042800,0,0
2026-07-21,4542,4707,4472,4672,29986600,137759432100,0,0
2026-07-22,4954,5026,4741,4751,38205300,187388274400,0,0
2026-07-23,4888,4935,4652,4727,31624200,149564998700,0,0
2026-07-24,4659,4740,4511,4593,28103100,129007859800,0,0
2026-07-27,4532,4565,4233,4325,41066100,177608848600,0,0
2026-07-28,4199,4216,4013,4073,39640100,162122971300,0,0
2026-07-29,4003,4129,3665,3760,53924500,208404451500,0,0
2026-07-30,3750,3927,3690,3720,48318100,182528991400,0,0
2026-07-31,4210,4339,4130,4172,73627300,310803587800,0,0
2026-08-03,4079,4325,4008,4290,38401200,162003954700,0,0
2026-08-04,4324,4657,4268,4628,54429600,245598557600,0,0
2026-08-05,4830,5110,4799,5073,48207800,240575608300,0,0
2026-08-06,4833,4917,4566,4596,57561600,269822120700,0,0
2026-08-07,4650,5280,4380,5185,128679300,621534866300,0,0
2026-08-10,5210,5730,5122,5580,118555300,659688627000,0,0
2026-08-12,5386,5800,5306,5800,72558500,404776140100,0,0
2026-08-13,5895,5990,5725,5760,69216100,404496481200,0,0
2026-08-14,5780,5868,5632,5665,55238000,315266277800,0,0
2026-08-17,5750,6078,5720,6078,66184600,389299830500,0,0
2026-08-18,6100,6433,5872,5902,75702500,465146082600,0,0
2026-08-19,5502,5627,5292,5328,71416300,387777541200,0,0
2026-08-20,5347,5478,5201,5341,54776700,292239546500,0,0
2026-08-21,5200,5422,5144,5280,62417600,330175051200,0,0
