Date,Open,High,Low,Close,Volume,TradingValue,UpLimit,UnderLimit
2016-02-05,298.75,298.75,295.75,296.75,96000,,,
2016-02-08,295.5,298,295.5,297.25,52000,,,
2016-02-09,294.75,295.25,291.75,293.75,136000,,,
2016-02-10,293,294.75,286.75,286.75,128000,,,
2016-02-12,286,292.5,281.25,281.5,108000,,,
2016-02-15,284,299.75,281.25,298.5,128000,,,
2016-02-16,298.75,302.25,292.5,292.5,132000,,,
2016-02-17,292.5,298.25,287.5,289.75,132000,,,
2016-02-18,291.5,294.5,290.25,292.5,96000,,,
2016-02-19,287,296.75,287,296,176000,,,
2016-02-22,297.25,298.5,295,297.5,108000,,,
2016-02-23,298,299.75,289.5,290.75,220000,,,
2016-02-24,287.75,302.5,287.75,298.5,284000,,,
2016-02-25,299,305,299,302.5,112000,,,
2016-02-26,302,305,292.75,296,164000,,,
2016-02-29,300.5,300.5,292.5,292.5,200000,,,
2016-03-01,292.5,293.25,290,292,136000,,,
2016-03-02,299.5,299.5,297.5,297.5,96000,,,
2016-03-03,295.5,299,295.5,299,88000,,,
2016-03-04,295.25,297.5,295,296.25,156000,,,
2016-03-07,298.25,305,297.75,300.5,168000,,,
2016-03-08,302.5,302.5,298.5,299,88000,,,
2016-03-09,299.25,301.25,297.75,300.75,92000,,,
2016-03-10,300.75,301.5,299.25,299.25,56000,,,
2016-03-11,299.25,305.75,299.25,304.25,168000,,,
2016-03-14,306.5,312,306.5,308,156000,,,
2016-03-15,308,308,304,304.75,176000,,,
2016-03-16,305.25,306,300.25,300.5,196000,,,
2016-03-17,304.75,304.75,300.5,301.5,116000,,,
2016-03-18,304,305.5,300.5,301.5,144000,,,
2016-03-22,303.25,304.75,303.25,304.5,116000,,,
2016-03-23,304.5,307,304.5,307,104000,,,
2016-03-24,307,307.75,305.75,305.75,144000,,,
2016-03-25,309,309.75,307.5,308.25,128000,,,
2016-03-28,311.5,311.5,306.75,310,268000,,,
2016-03-29,299.75,301,297.75,300.75,184000,,,
2016-03-30,296.25,297.5,293.5,293.5,220000,,,
2016-03-31,291.75,292.25,289,289,132000,,,
2016-04-01,291.5,291.5,278,278,164000,,,
2016-04-04,283,287,280.75,285.25,112000,,,
2016-04-05,286,286,276.5,276.5,160000,,,
2016-04-06,278.5,279,272.75,276,112000,,,
2016-04-07,276,281.75,273.25,278.5,108000,,,
2016-04-08,281.75,283.5,271,278,116000,,,
2016-04-11,274.25,277.75,272.25,275,120000,,,
2016-04-12,273.75,276.75,273.75,275,140000,,,
2016-04-13,275,279.25,275,278.75,100000,,,
2016-04-14,279.5,285.25,279,284.5,140000,,,
2016-04-15,284.5,285,279.25,283.25,68000,,,
2016-04-18,280,283,278.75,282.5,120000,,,
2016-04-19,284.75,288,281,286.5,156000,,,
2016-04-20,290.5,290.75,285,285,196000,,,
2016-04-21,285.5,290.5,285.5,289.5,116000,,,
2016-04-22,289.5,291,287.5,290.5,84000,,,
2016-04-25,290.5,292.5,289,292.25,116000,,,
2016-04-26,290.25,291.5,289,290.5,60000,,,
2016-04-27,292,292,290.75,291.75,84000,,,
2016-04-28,291.75,293.75,281.75,288.25,128000,,,
2016-05-02,295.75,306.25,295,301.75,376000,,,
2016-05-06,308.75,313.5,308.5,311.5,564000,,,
2016-05-09,310.25,311.5,303.25,305.5,152000,,,
2016-05-10,310.75,317.5,308.75,317.5,316000,,,
2016-05-11,317.5,317.5,311.25,313.75,196000,,,
2016-05-12,316,316,307.75,312.75,164000,,,
2016-05-13,312.75,315,306.5,307.75,196000,,,
2016-05-16,307.75,317.25,307.75,317,76000,,,
2016-05-17,318.75,318.75,313.5,316,104000,,,
2016-05-18,316.5,316.5,312.75,315,132000,,,
2016-05-19,315,318.25,315,318.25,116000,,,
2016-05-20,317.25,318.5,313.25,317.25,180000,,,
2016-05-23,317,318.75,316,318.75,120000,,,
2016-05-24,318.25,318.5,317.25,317.25,52000,,,
2016-05-25,320,320.5,318.25,319.5,164000,,,
2016-05-26,320.75,322,320.25,320.5,84000,,,
2016-05-27,320.5,321.75,318.25,319.5,176000,,,
2016-05-30,320,324.75,317.75,319.75,500000,,,
2016-05-31,316.25,321.75,315,321,616000,,,
2016-06-01,320.75,322,316.5,317.5,160000,,,
2016-06-02,319.75,319.75,315,315,108000,,,
2016-06-03,310,319.5,310,317.25,164000,,,
2016-06-06,316,317,315,315.75,168000,,,
2016-06-07,315.25,318.5,315.25,316,56000,,,
2016-06-08,316,318,313,316.5,132000,,,
2016-06-09,316,316.25,311.75,312.25,100000,,,
2016-06-10,309.75,315,308,312.25,240000,,,
2016-06-13,305.5,306.25,298,298.25,176000,,,
2016-06-14,298.25,302.5,288.5,299,184000,,,
2016-06-15,299.5,308.75,299.5,306.25,144000,,,
2016-06-16,308.75,310.5,299,299.5,228000,,,
2016-06-17,299.5,301.5,286,286,364000,,,
2016-06-20,291.5,295,286.5,286.5,312000,,,
2016-06-21,282.75,292.5,282.75,289.5,276000,,,
2016-06-22,289.5,289.5,284,285.75,108000,,,
2016-06-23,285.75,286,284,285.5,64000,,,
2016-06-24,286.5,289.5,265.5,277,196000,,,
2016-06-27,282.25,289.75,280.25,282.25,308000,,,
2016-06-28,282,290,281,285.5,168000,,,
2016-06-29,286.5,288.75,284.75,286,272000,,,
2016-06-30,291,297.25,288.75,291.5,220000,,,
2016-07-01,298.25,305.25,298.25,305.25,168000,,,
2016-07-04,306.75,308,304.25,305.75,164000,,,
2016-07-05,305.75,310.75,302.75,303.75,168000,,,
2016-07-06,303.75,304.25,297,300,176000,,,
2016-07-07,292.5,296,292.5,295.25,132000,,,
2016-07-08,295.25,296.5,290.25,290.75,108000,,,
2016-07-11,297,303.5,293.25,295.25,204000,,,
2016-07-12,300.75,309.75,297.5,302.25,292000,,,
2016-07-13,302.25,309,300.25,308.25,136000,,,
2016-07-14,305.25,309,304,307.75,144000,,,
2016-07-15,310.5,310.5,298.5,300.25,292000,,,
2016-07-19,301.5,306.25,301,304.5,160000,,,
2016-07-20,309,309,304.5,307,268000,,,
2016-07-21,307,307,304.5,306,72000,,,
2016-07-22,304.75,307,303.75,304.5,92000,,,
2016-07-25,308.75,313.75,307,312.25,224000,,,
2016-07-26,315,315,312.5,312.75,196000,,,
2016-07-27,315.25,318.5,315.25,316.5,212000,,,
2016-07-28,318.5,321.75,317.25,321.75,244000,,,
2016-07-29,322.25,327.5,320.25,327,356000,,,
2016-08-01,325.5,325.5,322.5,325,592000,,,
2016-08-02,324.75,326.25,320.25,320.5,236000,,,
2016-08-03,318.25,322,318,320.25,116000,,,
2016-08-04,321,321.25,311.75,314.5,412000,,,
2016-08-05,313.5,313.5,300,300,552000,,,
2016-08-08,303.75,304,298.75,300.25,128000,,,
2016-08-09,302.75,302.75,296.25,299.75,188000,,,
2016-08-10,296.25,300.75,296.25,300.75,96000,,,
2016-08-12,304.75,304.75,299.75,300.5,96000,,,
2016-08-15,303.5,303.5,297.75,298.75,60000,,,
2016-08-16,298.5,298.5,288,288,148000,,,
2016-08-17,284.25,295,284.25,291.25,280000,,,
2016-08-18,285.25,288,280.75,280.75,200000,,,
2016-08-19,281.5,283.5,281.25,282.5,48000,,,
2016-08-22,286.5,287.5,281.5,287.5,148000,,,
2016-08-23,283,285.75,283,283.5,104000,,,
2016-08-24,283.5,284.75,281,283.75,80000,,,
2016-08-25,287.75,288,284.5,285,72000,,,
2016-08-26,283.25,283.25,277.5,277.75,160000,,,
2016-08-29,283.5,283.5,278.75,280.25,148000,,,
2016-08-30,280.5,282.75,279.5,279.75,120000,,,
2016-08-31,280,281.75,276.25,279.5,344000,,,
2016-09-01,279.75,282.5,279.75,282.5,140000,,,
2016-09-02,283.75,283.75,280.5,282.75,132000,,,
2016-09-05,288.5,288.5,285.25,285.5,196000,,,
2016-09-06,285.5,286.25,284,285.25,132000,,,
2016-09-07,284.5,285.25,284.5,285.25,104000,,,
2016-09-08,286.75,290,285,290,244000,,,
2016-09-09,293.25,298.25,290,292.25,268000,,,
2016-09-12,287.5,288,285,287,108000,,,
2016-09-13,287,287,284,285,72000,,,
2016-09-14,283.5,284.75,282.5,283.5,92000,,,
2016-09-15,282.5,283,281.25,282,128000,,,
2016-09-16,282.5,287.25,282.5,285,132000,,,
2016-09-20,288.25,291,288,288.5,192000,,,
2016-09-21,287.75,298,287.75,298,136000,,,
2016-09-23,295.25,296,290.25,296,120000,,,
2016-09-26,296,298.5,294.75,298.25,192000,,,
2016-09-27,294.75,306.5,293.5,306.5,208000,,,
2016-09-28,306.5,306.75,305,306.25,124000,,,
2016-09-29,308.5,310,306.75,309.25,108000,,,
2016-09-30,303,307.25,303,304.25,132000,,,
2016-10-03,309.75,310,305.75,307.75,116000,,,
2016-10-04,309.25,317.75,306.25,317.75,312000,,,
2016-10-05,320,320,307.75,314.75,324000,,,
2016-10-06,314.75,319.5,310.75,312.25,208000,,,
2016-10-07,310,314.25,308.25,310.5,132000,,,
2016-10-11,312.5,312.5,300,311,184000,,,
2016-10-12,311,311.5,307,309,104000,,,
2016-10-13,310.25,316.25,308,314.5,164000,,,
2016-10-14,314.5,317.75,314,317.5,76000,,,
2016-10-17,316.75,317.25,313.5,313.5,36000,,,
2016-10-18,314,314,310,310.5,100000,,,
2016-10-19,310,311,308.75,311,72000,,,
2016-10-20,310,310,309,309,124000,,,
2016-10-21,309.25,312.25,308.75,312.25,176000,,,
2016-10-24,309.25,312.75,308,312.75,320000,,,
2016-10-25,313,315.25,307.5,309.25,348000,,,
2016-10-26,307.75,310.25,307.5,310.25,380000,,,
2016-10-27,309.75,309.75,307.5,308.75,136000,,,
2016-10-28,308.75,312.5,308.5,312.5,272000,,,
2016-10-31,313.75,317.25,310.25,316.5,244000,,,
2016-11-01,318.75,320,316.25,320,268000,,,
2016-11-02,318.5,326.25,316.5,324.75,500000,,,
2016-11-04,320,326.25,316.5,325.75,304000,,,
2016-11-07,327.5,327.5,323,324.25,220000,,,
2016-11-08,323.25,324.75,322.25,324.25,208000,,,
2016-11-09,324.5,324.5,305,312,240000,,,
2016-11-10,319.5,323.25,312.75,314.75,196000,,,
2016-11-11,317,318.25,309.75,315.75,260000,,,
2016-11-14,316.75,318.75,313.75,317,208000,,,
2016-11-15,318.25,319.5,313.75,319.5,164000,,,
2016-11-16,317.5,324.5,317.5,324,232000,,,
2016-11-17,322.75,322.75,317.75,320,84000,,,
2016-11-18,322,324,318.25,322.75,188000,,,
2016-11-21,322.75,323.75,320.25,323.75,108000,,,
2016-11-22,324.5,325.5,322.75,324.5,136000,,,
2016-11-24,326,327.25,325,327.25,80000,,,
2016-11-25,327.5,332.5,327.5,330.5,264000,,,
2016-11-28,330.5,335.5,326,334.5,296000,,,
2016-11-29,334.5,339.5,331.5,335.75,356000,,,
2016-11-30,339,339,334.5,336.5,228000,,,
2016-12-01,338.75,347.25,337.75,346.5,260000,,,
2016-12-02,346.5,357.25,343.75,357.25,460000,,,
2016-12-05,354.5,362.75,353.5,360,396000,,,
2016-12-06,360,360,353,354.5,292000,,,
2016-12-07,355,356.75,352.5,355.75,220000,,,
2016-12-08,361,361,352.5,360.75,352000,,,
2016-12-09,355,361,355,359.5,380000,,,
2016-12-12,361.75,361.75,354.75,356.75,316000,,,
2016-12-13,358,365.75,354.25,364.5,420000,,,
2016-12-14,365,365,356.25,358.75,212000,,,
2016-12-15,358.75,359,355.5,357.75,176000,,,
2016-12-16,359,361,357.75,360.25,248000,,,
2016-12-19,356.75,362.5,356.75,362.5,180000,,,
2016-12-20,363.5,363.5,358,362.5,212000,,,
2016-12-21,360.75,360.75,351.25,353.25,208000,,,
2016-12-22,353.25,354.75,351.25,353.75,144000,,,
2016-12-26,353,354.5,350.75,351.75,116000,,,
2016-12-27,351,355,351,354.5,148000,,,
2016-12-28,354.5,362.5,354.5,359.75,132000,,,
2016-12-29,358,360.5,354.75,357.25,356000,,,
2016-12-30,357,358,353.75,357,184000,,,
2017-01-04,357.5,362.25,357.25,362.25,208000,,,
2017-01-05,362.5,364.25,361.5,364.25,220000,,,
2017-01-06,364.25,367.5,360.5,362.75,444000,,,
2017-01-10,362.75,367.5,360,367.25,260000,,,
2017-01-11,365.5,367.5,363.75,364.5,68000,,,
2017-01-12,363.25,366.75,358.25,366.25,324000,,,
2017-01-13,363.25,369,362.25,367.75,296000,,,
2017-01-16,370,370,363.5,364.25,120000,,,
2017-01-17,363,363,356.75,357.25,128000,,,
2017-01-18,357.75,358.25,345.75,354.5,192000,,,
2017-01-19,354.75,357.5,352.5,357,180000,,,
2017-01-20,358.25,360.75,353.75,358.25,160000,,,
2017-01-23,355.25,355.25,348.75,350,216000,,,
2017-01-24,349.25,352.75,347.5,352,144000,,,
2017-01-25,358.25,361.5,354.25,358,456000,,,
2017-01-26,361.5,369,361.5,367.25,292000,,,
2017-01-27,364.75,368.75,364.25,365.5,228000,,,
2017-01-30,368,386.25,368,385,724000,,,
2017-01-31,379.75,386.25,377.5,385.75,244000,,,
2017-02-01,384.25,385.5,378.25,383.25,244000,,,
2017-02-02,385.5,385.5,375.5,380,156000,,,
2017-02-03,384,384,378.5,382.75,144000,,,
2017-02-06,380.5,381,376.25,378.25,328000,,,
2017-02-07,378.5,379,374.25,374.25,188000,,,
2017-02-08,377,379.5,374,375.5,104000,,,
2017-02-09,374.25,381.75,374,381,232000,,,
2017-02-10,382.75,388.75,381,386.75,204000,,,
2017-02-13,387.5,390,386.25,387.75,224000,,,
2017-02-14,391,397.5,390,392,280000,,,
2017-02-15,392.25,395.25,392,393.25,168000,,,
2017-02-16,393.5,394,389.5,390.5,92000,,,
2017-02-17,390.25,390.25,378,388.25,112000,,,
2017-02-20,385.75,385.75,381.75,381.75,92000,,,
2017-02-21,382.75,386,381.75,382.5,80000,,,
2017-02-22,382.5,386,380.5,385.25,160000,,,
2017-02-23,383.25,387.5,382,386.5,100000,,,
2017-02-24,383,386,383,386,120000,,,
2017-02-27,382.5,382.5,373.5,376.25,260000,,,
2017-02-28,376.25,384,376.25,381.5,176000,,,
2017-03-01,381.5,387.25,380,386.25,220000,,,
2017-03-02,388.5,390.5,385,390,168000,,,
2017-03-03,388.5,388.75,386.25,388.75,100000,,,
2017-03-06,388.75,391.75,386,391.75,152000,,,
2017-03-07,391,392,387,387.5,148000,,,
2017-03-08,384.75,387.25,381.75,384.25,148000,,,
2017-03-09,384.75,385,382.25,383.75,164000,,,
2017-03-10,383.75,395.5,383.75,393.75,364000,,,
2017-03-13,395.5,395.75,392.5,393.75,112000,,,
2017-03-14,393.75,393.75,388.25,390,80000,,,
2017-03-15,389.25,394.5,388,389.5,152000,,,
2017-03-16,389,389.25,387.75,389.25,112000,,,
2017-03-17,388.5,399,387.5,399,420000,,,
2017-03-21,395,398.75,392.5,398.25,188000,,,
2017-03-22,395.25,396.5,390,391.25,172000,,,
2017-03-23,391.25,391.75,386.75,388,84000,,,
2017-03-24,388,391,386.25,389.25,100000,,,
2017-03-27,388.5,388.5,386,386.5,168000,,,
2017-03-28,391.25,396,386.5,396,420000,,,
2017-03-29,391.75,391.75,375,386.5,236000,,,
2017-03-30,380,382.5,376.75,381.75,196000,,,
2017-03-31,380.25,380.25,370,370,172000,,,
2017-04-03,370,377,370,372.5,160000,,,
2017-04-04,374.5,381.75,372.5,376.75,240000,,,
2017-04-05,379.25,381.5,376.25,378,168000,,,
2017-04-06,374.5,377.5,367.5,373.5,316000,,,
2017-04-07,373.75,374,369.5,371.75,108000,,,
2017-04-10,370,377,367.75,369,132000,,,
2017-04-11,367.75,373,367.25,367.75,132000,,,
2017-04-12,368.5,371.25,355.75,370.75,352000,,,
2017-04-13,369.25,370.5,367.25,367.5,84000,,,
2017-04-14,367.5,367.5,360,364.75,172000,,,
2017-04-17,360.75,361.5,360.75,361.5,32000,,,
2017-04-18,361.75,369,361.75,366.5,128000,,,
2017-04-19,363.25,370.5,363.25,365,264000,,,
2017-04-20,363.75,372.5,363.75,369.25,308000,,,
2017-04-21,369.75,374.75,369.75,373.5,216000,,,
2017-04-24,375,383.75,374,383.75,248000,,,
2017-04-25,385.75,387.75,383.25,387.5,156000,,,
2017-04-26,385.25,385.25,376,379.5,328000,,,
2017-04-27,376,388,374.5,385.5,260000,,,
2017-04-28,388.75,410.5,381.25,407.5,576000,,,
2017-05-01,407.5,407.5,399.25,399.25,276000,,,
2017-05-02,403.25,404.75,397.25,403.75,224000,,,
2017-05-08,408.75,413.5,406.75,412.25,660000,,,
2017-05-09,412.25,414.5,407.25,414.5,288000,,,
2017-05-10,412,415,409.5,412.5,280000,,,
2017-05-11,414.5,423.25,414.5,422.5,236000,,,
2017-05-12,421.75,421.75,412.5,419.25,160000,,,
2017-05-15,414.5,417.5,413.75,417.25,228000,,,
2017-05-16,419.25,420,415.75,418,324000,,,
2017-05-17,412.5,416,406.75,409.75,376000,,,
2017-05-18,408,409.75,404.5,408.75,144000,,,
2017-05-19,404.75,409,402.75,406,252000,,,
2017-05-22,406,413.75,406,408.5,172000,,,
2017-05-23,408.5,410,405,408.5,116000,,,
2017-05-24,410,411.5,408,409,184000,,,
2017-05-25,407.5,415.25,405.5,411.25,436000,,,
2017-05-26,413.75,413.75,406.25,407.25,148000,,,
2017-05-29,404.5,406.5,401,403.5,344000,,,
2017-05-30,404.75,409.75,402.5,403.75,280000,,,
2017-05-31,406.75,407.75,400.75,402.5,248000,,,
2017-06-01,405.25,408.75,403.75,407.5,244000,,,
2017-06-02,412,413.5,409.25,413.5,232000,,,
2017-06-05,411.5,411.5,405,407,272000,,,
2017-06-06,404,408.75,402.5,404,328000,,,
2017-06-07,404.25,407.25,402.5,402.5,272000,,,
2017-06-08,402.75,410.75,402.75,404.5,384000,,,
2017-06-09,402.75,404.75,399,402,372000,,,
2017-06-12,402,402,398.25,402,116000,,,
2017-06-13,405,408.25,403.25,407.25,168000,,,
2017-06-14,407.25,409.5,402.75,403.5,260000,,,
2017-06-15,403.5,408.75,403.5,407,208000,,,
2017-06-16,409.5,409.5,399.75,400.25,532000,,,
2017-06-19,400.5,404.75,400.5,401.75,180000,,,
2017-06-20,406.75,413.5,405.5,413.5,244000,,,
2017-06-21,408.5,412,407,408.25,96000,,,
2017-06-22,408.25,412.75,406.75,409,316000,,,
2017-06-23,408,412,408,411.25,100000,,,
2017-06-26,407.25,412.75,407.25,412.75,156000,,,
2017-06-27,412.5,416.25,410.75,415,188000,,,
2017-06-28,412.75,416,410.5,410.5,164000,,,
2017-06-29,411.25,417.5,411.25,413.75,392000,,,
2017-06-30,411.5,411.75,404.5,405.5,204000,,,
2017-07-03,409.25,410,406,406,184000,,,
2017-07-04,408,411,406.25,409,128000,,,
2017-07-05,409.25,410,404.5,404.5,268000,,,
2017-07-06,407.25,407.25,401.75,404,112000,,,
2017-07-07,402.5,402.75,394.5,397.25,280000,,,
2017-07-10,399.25,400.75,394.75,395,268000,,,
2017-07-11,397.75,398.75,394.5,396.75,256000,,,
2017-07-12,399.75,400.25,397,398.5,120000,,,
2017-07-13,398.5,398.5,395.75,396.75,104000,,,
2017-07-14,397,398.5,396,397.5,64000,,,
2017-07-18,395,397.5,393,395.5,180000,,,
2017-07-19,398.5,401.75,397.25,401,324000,,,
2017-07-20,402.25,404,400.5,402.25,260000,,,
2017-07-21,402,407.75,401.75,404.5,248000,,,
2017-07-24,406.75,408.75,402.25,405.75,364000,,,
2017-07-25,408.5,408.5,402,405.25,392000,,,
2017-07-26,406.5,408.25,403.75,405.5,220000,,,
2017-07-27,406.25,407.5,398,401,424000,,,
2017-07-28,399.5,401.5,398.75,401.5,220000,,,
2017-07-31,399.5,399.5,375.5,377.25,880000,,,
2017-08-01,377.25,380.25,364,367,664000,,,
2017-08-02,366,366.75,361.25,364.75,268000,,,
2017-08-03,364,365.75,362.75,364.25,284000,,,
2017-08-04,363.5,365.25,357.75,360.5,556000,,,
2017-08-07,364.25,368.5,363.5,366.5,556000,,,
2017-08-08,366.75,370.5,365.75,370.25,192000,,,
2017-08-09,368,369,361.75,366.25,248000,,,
2017-08-10,371,371,360.5,362.25,292000,,,
2017-08-14,362.75,362.75,358.75,361.5,236000,,,
2017-08-15,362,365.75,360.75,365,216000,,,
2017-08-16,363.75,368.25,363.75,367.25,112000,,,
2017-08-17,367.25,369,363.5,364,232000,,,
2017-08-18,364,368.25,363,365.25,244000,,,
2017-08-21,365.25,366.75,363.25,366.5,140000,,,
2017-08-22,366.5,367.5,365,365.5,96000,,,
2017-08-23,365.5,367.5,364.25,365.5,112000,,,
2017-08-24,365,371,365,369.25,136000,,,
2017-08-25,368,368,360.25,364,304000,,,
2017-08-28,363.75,364,361.25,363.75,116000,,,
2017-08-29,362.5,365.75,362,365.75,96000,,,
2017-08-30,365.75,365.75,358.25,358.75,364000,,,
2017-08-31,358.25,361,357.5,360.5,232000,,,
2017-09-01,359,363.75,359,363.25,176000,,,
2017-09-04,364.25,364.25,358.5,360.75,160000,,,
2017-09-05,360.75,360.75,354,354,140000,,,
2017-09-06,354,357.75,353,357.25,96000,,,
2017-09-07,358,360.25,358,360.25,112000,,,
2017-09-08,359.75,360.75,358.25,360,288000,,,
2017-09-11,361,365.25,361,364,212000,,,
2017-09-12,367,370,367,367.5,208000,,,
2017-09-13,367.5,373.75,364.5,372.25,196000,,,
2017-09-14,372.25,373.75,368.75,369.75,168000,,,
2017-09-15,371.25,382.75,370.25,382.75,316000,,,
2017-09-19,381.75,385.25,378.5,385,284000,,,
2017-09-20,385,385,379,383,228000,,,
2017-09-21,381.75,384.5,380.75,381.5,212000,,,
2017-09-22,384.75,384.75,379.5,381.5,168000,,,
2017-09-25,381.5,387.5,381.5,387,312000,,,
2017-09-26,386.25,388.75,384,388.75,152000,,,
2017-09-27,387.5,389.25,386,389.25,44000,,,
2017-09-28,390,395.5,390,395.5,144000,,,
2017-09-29,391.75,394.75,386.5,389.75,200000,,,
2017-10-02,395,395.25,383.75,389,358400,,,
2017-10-03,387,388.25,379,381.5,294400,,,
2017-10-04,381.75,387.75,377.5,386,386400,,,
2017-10-05,387,390.75,383.25,386.75,295600,,,
2017-10-06,387.25,387.25,382.25,383,87600,,,
2017-10-10,385.75,393.25,383,393,203600,,,
2017-10-11,393.75,393.75,388,389.25,124800,,,
2017-10-12,391.75,393,389,389.75,189200,,,
2017-10-13,390.25,403.5,390.25,402.5,421200,,,
2017-10-16,401,402.25,396.5,397.5,162800,,,
2017-10-17,396.5,398,394.25,396.75,158400,,,
2017-10-18,396.75,396.75,392.75,394.25,120000,,,
2017-10-19,394,395.75,392.25,393.5,83200,,,
2017-10-20,391.5,394,389.5,392,140000,,,
2017-10-23,395.25,399.25,392.75,397.25,174000,,,
2017-10-24,397.25,404,396.5,404,201200,,,
2017-10-25,407.5,408.5,403.25,404,212400,,,
2017-10-26,402.25,403.75,396.5,397.25,139200,,,
2017-10-27,401,407.25,397.5,406,215200,,,
2017-10-30,406.25,406.75,397.75,403,362000,,,
2017-10-31,395.25,404,395.25,400.5,263200,,,
2017-11-01,400.75,404,391.25,403,342800,,,
2017-11-02,399.75,406.5,396,405.5,292400,,,
2017-11-06,402.75,405.5,399.25,405.25,291600,,,
2017-11-07,400,404.25,398.75,403.5,188400,,,
2017-11-08,402.75,407.25,401.5,406,145600,,,
2017-11-09,407.5,412,401,406.75,306800,,,
2017-11-10,400.5,404.75,400.5,403.5,102000,,,
2017-11-13,400.25,400.75,395.75,397.25,147200,,,
2017-11-14,395.25,397.25,393,393,104800,,,
2017-11-15,391.25,391.25,377.5,377.5,232800,,,
2017-11-16,378,384,376.25,381.5,98000,,,
2017-11-17,381,385.5,376.25,377,198400,,,
2017-11-20,378,387.25,378,385,150800,,,
2017-11-21,390.5,393.25,389.75,391.5,115600,,,
2017-11-22,390.5,395,389.75,393.25,110000,,,
2017-11-24,393.25,393.75,390,392.75,76800,,,
2017-11-27,398.25,398.5,391.25,392.5,69200,,,
2017-11-28,395.5,396.25,391.25,392.25,107600,,,
2017-11-29,396,400.5,395.25,400.25,120000,,,
2017-11-30,395.75,396,390.25,393.25,175600,,,
2017-12-01,395.5,395.5,387.5,390.75,140800,,,
2017-12-04,391.75,392.5,388.25,389,128400,,,
2017-12-05,388,395.25,386.25,395.25,208000,,,
2017-12-06,392.75,392.75,387,387,150000,,,
2017-12-07,390,396,387.5,395.25,165600,,,
2017-12-08,391.25,396,391.25,395,224400,,,
2017-12-11,395.75,399,392.75,399,184800,,,
2017-12-12,399,400,393,393.25,190000,,,
2017-12-13,394,394.5,390,390.5,198800,,,
2017-12-14,390.5,393,390.5,391.5,84800,,,
2017-12-15,390,390.75,386.25,388,128800,,,
2017-12-18,389.5,392.5,389.5,389.75,95600,,,
2017-12-19,391.5,393.25,389,389.75,136800,,,
2017-12-20,386,390.5,386,387.75,152400,,,
2017-12-21,387.75,395.75,386.75,395.25,181200,,,
2017-12-22,394.5,397.25,394.25,395,109200,,,
2017-12-25,396.75,402,395.25,401.5,153600,,,
2017-12-26,401.75,406,401,403.5,119600,,,
2017-12-27,400,405.75,400,403.75,157200,,,
2017-12-28,400,405.75,400,404.25,127200,,,
2017-12-29,404.25,405.75,403,403.5,90800,,,
2018-01-04,410.5,411,406,410,190000,,,
2018-01-05,410.5,411.25,401.5,408.25,191200,,,
2018-01-09,411.25,412,405.5,407.5,136000,,,
2018-01-10,408.25,408.25,404,404.25,154400,,,
2018-01-11,403.75,403.75,399.5,400.75,164800,,,
2018-01-12,398.75,404,398.75,400.75,104400,,,
2018-01-15,400,404,398,398.5,119600,,,
2018-01-16,398.5,412,398.5,410.25,230000,,,
2018-01-17,408.25,409.75,404.5,406.5,154800,,,
2018-01-18,408.5,409.75,402.25,402.25,170800,,,
2018-01-19,404.25,407.5,404,405.25,144800,,,
2018-01-22,406.25,406.25,401.25,402.5,166000,,,
2018-01-23,404,406,403,403.75,82800,,,
2018-01-24,402.5,403.75,401,401.25,111600,,,
2018-01-25,401.25,401.25,396,396,161600,,,
2018-01-26,396.5,402.25,396.5,398.75,174800,,,
2018-01-29,400.25,400.25,394,394.75,177600,,,
2018-01-30,397,397,388.75,390.5,262400,,,
2018-01-31,388.75,388.75,376,379.75,490400,,,
2018-02-01,381.75,387,380.25,387,132800,,,
2018-02-02,386.75,396,385.25,395,224000,,,
2018-02-05,389.5,389.75,380.5,382.25,261600,,,
2018-02-06,370,371,356,363.5,496400,,,
2018-02-07,371,383,365.5,365.5,283200,,,
2018-02-08,366.75,372.75,365.25,366.25,176800,,,
2018-02-09,361.75,363.75,358.5,362.25,186400,,,
2018-02-13,365.5,365.5,357.5,357.5,183200,,,
2018-02-14,358,359.5,345.5,346.75,278000,,,
2018-02-15,352,358.75,349.5,354,236000,,,
2018-02-16,358,366,357.75,361.25,203600,,,
2018-02-19,367.75,372.75,364.25,372.75,85600,,,
2018-02-20,372.75,373,366,372.25,135600,,,
2018-02-21,372.5,381,372.5,375.5,82000,,,
2018-02-22,376,376,373,374.25,93600,,,
2018-02-23,375,378.5,375,378.25,80800,,,
2018-02-26,382.5,384,379.25,380.25,85200,,,
2018-02-27,382.5,383.5,374.75,379.5,184400,,,
2018-02-28,380.75,383.25,373,373.5,167600,,,
2018-03-01,373.5,374.5,366.25,368,337600,,,
2018-03-02,362.5,370.75,362.5,367.25,171200,,,
2018-03-05,367.25,367.25,362.5,364.75,230400,,,
2018-03-06,366.5,376,366.5,370,212000,,,
2018-03-07,367.25,367.5,361.5,362.25,160000,,,
2018-03-08,364.75,365,357.75,358.75,224800,,,
2018-03-09,363.25,368.25,362,363.5,322800,,,
2018-03-12,365.5,366.5,360,361.5,204000,,,
2018-03-13,359.25,364.75,356.25,364.25,218800,,,
2018-03-14,360.25,362.25,357.5,362,128400,,,
2018-03-15,357.25,358.75,354,358,194000,,,
2018-03-16,356.75,358.25,352.25,353.75,262800,,,
2018-03-19,353.5,353.5,347.5,349,159200,,,
2018-03-20,347.25,348.5,341.75,348.5,222800,,,
2018-03-22,347.25,350.25,346.75,349.25,150000,,,
2018-03-23,342.5,342.5,337,338.75,355200,,,
2018-03-26,337.25,338,329.5,338,272000,,,
2018-03-27,344.75,347.75,341.75,347.75,400400,,,
2018-03-28,332,338,330,338,208800,,,
2018-03-29,339.25,342.5,334.5,339,191600,,,
2018-03-30,340.25,343,338.75,341.5,136400,,,
2018-04-02,339.5,341.25,338,338.5,82000,,,
2018-04-03,337.25,338.5,333,334.25,194800,,,
2018-04-04,338,346.5,337,344.25,286000,,,
2018-04-05,347.75,348.25,341.75,344,227200,,,
2018-04-06,344,344.75,340.5,341,170800,,,
2018-04-09,340.5,340.5,336.75,339,166000,,,
2018-04-10,336.75,341.75,334,340.5,265600,,,
2018-04-11,342.5,344,340,340,167600,,,
2018-04-12,340.5,342,335.25,335.75,121200,,,
2018-04-13,336.25,339,330.75,333,209200,,,
2018-04-16,335.25,338,333.75,336.25,162400,,,
2018-04-17,336.25,342.25,336.25,340,266400,,,
2018-04-18,340,347.75,340,345.75,293200,,,
2018-04-19,347.5,358,347.5,354.5,207600,,,
2018-04-20,355.5,355.5,346.5,350.5,262000,,,
2018-04-23,350.5,355.25,348.75,350.75,84400,,,
2018-04-24,352.5,355.5,351,353.75,212000,,,
2018-04-25,352.5,354.5,349.5,353.5,162800,,,
2018-04-26,353.5,356,352.25,354.25,130800,,,
2018-04-27,353.5,356.25,346.5,356.25,216000,,,
2018-05-01,358,367.5,353.25,363.25,295200,,,
2018-05-02,363.75,369.75,362,368,152000,,,
2018-05-07,368,368.75,363.5,367.5,138400,,,
2018-05-08,369.5,379.75,369.5,377,289200,,,
2018-05-09,375.75,377.25,368.5,370.25,190800,,,
2018-05-10,370.75,371.25,366.25,368.5,104800,,,
2018-05-11,371,377.75,371,376.25,226000,,,
2018-05-14,376.25,376.5,368.25,370.5,221200,,,
2018-05-15,368.5,374,366.5,370.75,272400,,,
2018-05-16,370,372.5,366.5,367,128800,,,
2018-05-17,369,371,362.5,363.5,195600,,,
2018-05-18,364.5,364.5,360.5,362.25,139600,,,
2018-05-21,362.75,366.75,361.75,364.75,124000,,,
2018-05-22,367.25,367.25,361.25,363.75,66000,,,
2018-05-23,364.5,364.5,360.25,362.5,93200,,,
2018-05-24,365,365,357.5,359,116800,,,
2018-05-25,360.5,361.25,355.5,357.5,120400,,,
2018-05-28,358.75,359.75,356.25,359.75,81200,,,
2018-05-29,361.25,362.5,357.75,361.25,128800,,,
2018-05-30,356.25,356.25,350.25,353,170000,,,
2018-05-31,354,359.25,352.25,358.75,252800,,,
2018-06-01,354,357.5,350,355.25,149200,,,
2018-06-04,359.25,364.25,358.25,364,194000,,,
2018-06-05,364.5,364.5,359,363,130400,,,
2018-06-06,363,367.5,359.5,364.5,185200,,,
2018-06-07,366.75,371,366.75,370,114400,,,
2018-06-08,365.5,367.75,365,365.25,174400,,,
2018-06-11,364,364.5,360.75,362.25,70800,,,
2018-06-12,362.25,363,355.75,356.5,87600,,,
2018-06-13,356.5,361.5,356,361,49200,,,
2018-06-14,359.25,360.5,356.5,359.25,112800,,,
2018-06-15,359.25,370.5,357.5,369,261600,,,
2018-06-18,368.75,369.75,362,365,179600,,,
2018-06-19,361.5,363,352,354.25,140000,,,
2018-06-20,354.5,354.5,346,349,145200,,,
2018-06-21,348,352.25,346.75,346.75,105200,,,
2018-06-22,344.75,355.5,341.25,355.5,363600,,,
2018-06-25,350.5,351.75,345,346,145200,,,
2018-06-26,347.25,353.75,343.5,353.25,157200,,,
2018-06-27,354.25,354.25,348.5,351.5,130400,,,
2018-06-28,351,356.75,350.25,356.5,162800,,,
2018-06-29,353.25,354.25,349,350.5,170000,,,
2018-07-02,350.5,350.5,342,343.5,264000,,,
2018-07-03,341.5,342.75,333,336.5,191600,,,
2018-07-04,335.75,339,334.5,337.25,81600,,,
2018-07-05,336.25,336.25,329,330.5,152000,,,
2018-07-06,332.75,337,332,336.25,80400,,,
2018-07-09,337.25,339,334.75,338.25,47200,,,
2018-07-10,338.5,343.5,335.25,336,156400,,,
2018-07-11,337.5,337.5,329.25,333.5,111200,,,
2018-07-12,335.75,336.25,332,333.5,65200,,,
2018-07-13,333.25,339.25,330.5,337.5,128000,,,
2018-07-17,337.25,343,336,338.75,102800,,,
2018-07-18,343.5,349.25,337.5,346.25,132800,,,
2018-07-19,346.25,353.25,346.25,353,165600,,,
2018-07-20,358.5,358.5,350.25,355.5,308000,,,
2018-07-23,351.5,352.75,345,346.5,162400,,,
2018-07-24,347.75,348.5,345.5,347.5,80000,,,
2018-07-25,349.25,353.75,349.25,353.25,121200,,,
2018-07-26,355,359,352.5,359,171600,,,
2018-07-27,359,368.25,358.5,364.25,219200,,,
2018-07-30,419.25,425,392.5,409.75,1945200,,,
2018-07-31,405.5,407,393.25,396.25,582800,,,
2018-08-01,394.25,408.75,394,406.25,380800,,,
2018-08-02,403.25,409.75,396,398.5,426000,,,
2018-08-03,405.75,405.75,394.25,402,389600,,,
2018-08-06,411.75,411.75,399.5,403.25,465200,,,
2018-08-07,400.5,409,400,407.75,178000,,,
2018-08-08,403,405.5,396.25,397,210000,,,
2018-08-09,397,399.5,393.75,397,89200,,,
2018-08-10,394.25,395.25,386.75,392.25,223200,,,
2018-08-13,389,390,377,383,162400,,,
2018-08-14,384,399.75,384,398.25,162000,,,
2018-08-15,396.75,398.5,386,389,159200,,,
2018-08-16,382.75,389.5,381.75,385.25,124400,,,
2018-08-17,386.5,393,385.5,392.5,98800,,,
2018-08-20,391,391,385,386.5,105200,,,
2018-08-21,382.75,386.75,380,381.5,172400,,,
2018-08-22,384,392.5,384,388.5,146400,,,
2018-08-23,392,393,388.5,389,120400,,,
2018-08-24,393.75,394.75,390,392.5,63600,,,
2018-08-27,395,399,394.5,395.75,138000,,,
2018-08-28,394.25,404,394,399.25,162400,,,
2018-08-29,398.5,400,393.25,398,107200,,,
2018-08-30,400,403.25,394.25,402,204400,,,
2018-08-31,398.75,402,395,397.75,139600,,,
2018-09-03,399.5,399.75,387.75,389.5,95600,,,
2018-09-04,389.75,395,384.75,392,175200,,,
2018-09-05,391,392.25,386.25,387.5,135600,,,
2018-09-06,385.5,390,384.25,387,83600,,,
2018-09-07,383.75,387.5,378,386,116800,,,
2018-09-10,387,396.5,385,388.25,121200,,,
2018-09-11,390,392.5,385,390.25,109200,,,
2018-09-12,389.25,389.25,377.5,385.25,232000,,,
2018-09-13,384.75,393.25,381.75,389.25,138400,,,
2018-09-14,390,398,390,397.25,256000,,,
2018-09-18,395.75,402,395.75,401.25,178000,,,
2018-09-19,407.75,412.5,406.5,412.5,304000,,,
2018-09-20,412.5,424.25,412,416.5,452000,,,
2018-09-21,418.75,423,413.75,422.5,368800,,,
2018-09-25,423.75,432.5,417.75,424.75,624400,,,
2018-09-26,423.75,433,422,432.5,273200,,,
2018-09-27,429.5,429.5,420,420,126400,,,
2018-09-28,422.75,427,418,424.25,161200,,,
2018-10-01,425.5,431.5,420.75,429.25,166400,,,
2018-10-02,432.5,433.75,423.75,424.5,239200,,,
2018-10-03,425,427.25,415.5,416,144400,,,
2018-10-04,422,430,419,427.25,200000,,,
2018-10-05,422,424,413.25,416.5,186800,,,
2018-10-09,415.75,415.75,407.5,409,99200,,,
2018-10-10,409,412.25,403.25,405.75,123200,,,
2018-10-11,393.5,400,388.25,389.25,205600,,,
2018-10-12,388.25,390.25,381.5,382.5,181600,,,
2018-10-15,379.5,384,376.5,379.75,218400,,,
2018-10-16,376,379.75,376,377.5,109600,,,
2018-10-17,381.25,391.5,381.25,389.25,160800,,,
2018-10-18,389.25,400,385,388.75,225600,,,
2018-10-19,384.25,389.75,380,386.5,126800,,,
2018-10-22,386.5,391.5,380.25,388.25,135600,,,
2018-10-23,381.5,384,374.5,374.5,158400,,,
2018-10-24,374.5,381.5,372.5,379.75,161200,,,
2018-10-25,370,372,363.25,365,168400,,,
2018-10-26,366,366.25,351.75,362.25,368000,,,
2018-10-29,372.5,377.25,351.5,353,593600,,,
2018-10-30,358.25,373.5,356,370.5,363200,,,
2018-10-31,369.5,383,366.75,380.25,277600,,,
2018-11-01,377,382.25,373,379.25,168000,,,
2018-11-02,380.25,394.75,380,394.5,229600,,,
2018-11-05,392.25,392.25,383,384.25,232800,,,
2018-11-06,387.25,390.5,382,383.5,112400,,,
2018-11-07,383.5,384.75,378,380,136800,,,
2018-11-08,386.25,389.25,379.75,381.5,141200,,,
2018-11-09,381.75,382.25,377.25,379.75,141200,,,
2018-11-12,377,382.75,373.75,380.75,121200,,,
2018-11-13,380,380,367.25,373.25,122000,,,
2018-11-14,374.5,377.75,373,374.5,131200,,,
2018-11-15,370,374.5,370,373.75,72400,,,
2018-11-16,372.5,372.75,360.75,366.75,158000,,,
2018-11-19,367.5,368.5,363.25,364.75,154800,,,
2018-11-20,362.5,363.75,355.5,360,141600,,,
2018-11-21,353,362.25,352.25,360.25,155200,,,
2018-11-22,360.75,365.5,358,361.25,146800,,,
2018-11-26,361,363.5,356.25,360.75,150800,,,
2018-11-27,363.75,363.75,356.25,361.5,104000,,,
2018-11-28,361.5,368,361.5,368,158800,,,
2018-11-29,371.25,373.75,365.25,368.5,170800,,,
2018-11-30,367.75,376.25,365,373,289200,,,
2018-12-03,373.5,378.25,368.75,371,175600,,,
2018-12-04,371.75,384,367.5,369.75,308400,,,
2018-12-05,362.5,366.75,358,362,184400,,,
2018-12-06,361,361,354,357.25,132800,,,
2018-12-07,355,363.75,352.5,362,180000,,,
2018-12-10,364.25,364.25,353,355.25,131200,,,
2018-12-11,357.5,357.5,346.5,349.25,141600,,,
2018-12-12,353.25,358,352.25,355.5,95600,,,
2018-12-13,359,360,354.5,358.5,165600,,,
2018-12-14,362.75,362.75,355.75,356.25,242800,,,
2018-12-17,360,360,350,351.25,147600,,,
2018-12-18,350.75,350.75,341.25,341.75,210800,,,
2018-12-19,343.75,345,338.75,343,174400,,,
2018-12-20,342,342,331.25,334.75,212400,,,
2018-12-21,334.5,334.5,312.25,312.25,508000,,,
2018-12-25,308.75,312.5,298.5,310,259200,,,
2018-12-26,325,325,314.5,317.75,168000,,,
2018-12-27,325,341,325,341,197200,,,
2018-12-28,339.25,343,337.5,341,105600,,,
2019-01-04,340.75,341.75,335,340.25,338800,,,
2019-01-07,354.75,355,348.25,349,241200,,,
2019-01-08,351.5,354.25,346.5,351,142800,,,
2019-01-09,353.75,357.5,353,354.75,126800,,,
2019-01-10,354.25,356.75,349.25,356,162000,,,
2019-01-11,358.75,364.75,358.75,360,150800,,,
2019-01-15,356.25,370.25,353.25,367.5,169200,,,
2019-01-16,367.25,370,355.25,356.5,122400,,,
2019-01-17,352.75,356.25,344.5,348.5,236400,,,
2019-01-18,345,352.5,344.25,351,153200,,,
2019-01-21,353,355,349.5,354.75,128400,,,
2019-01-22,354.75,356.25,348.5,351.75,117200,,,
2019-01-23,347.25,352.25,346,348.25,108000,,,
2019-01-24,346.25,350.75,345,348.25,117600,,,
2019-01-25,347.75,353,347.75,349.25,111600,,,
2019-01-28,346.25,348.5,343,344,110000,,,
2019-01-29,341.75,344.75,337.5,342.5,209200,,,
2019-01-30,345.75,348.75,339.5,340,308400,,,
2019-01-31,358.75,384.25,358.25,362.5,625600,,,
2019-02-01,355.5,366.75,353.75,356.75,400000,,,
2019-02-04,359,375,358,373.75,306400,,,
2019-02-05,369.5,371.25,358.25,362,285600,,,
2019-02-06,361,368.25,354.25,361,249200,,,
2019-02-07,359.5,360.75,350.5,359.5,283600,,,
2019-02-08,354.25,359.5,352.75,357,203600,,,
2019-02-12,358.25,372.25,358.25,370,260800,,,
2019-02-13,377.5,380.5,365.25,372.25,226000,,,
2019-02-14,372,373.5,365.25,369,125600,,,
2019-02-15,363.75,363.75,355.5,357.25,368400,,,
2019-02-18,366.75,372.5,365.25,369.75,308800,,,
2019-02-19,367.75,374.75,365.75,374,294800,,,
2019-02-20,377.25,392.25,375.25,378.25,352000,,,
2019-02-21,375.25,375.25,367.75,372,226800,,,
2019-02-22,367.5,372,363.75,370.25,218000,,,
2019-02-25,371.5,376,369.5,373.5,148400,,,
2019-02-26,373,377.75,369.75,371.75,165200,,,
2019-02-27,376.5,386.25,373.75,384,291200,,,
2019-02-28,386,394,382.5,390.5,352800,,,
2019-03-01,389.5,389.75,379.25,379.75,253200,,,
2019-03-04,383.25,388.5,381.75,384.25,233200,,,
2019-03-05,384.25,395.5,381,395.25,386400,,,
2019-03-06,396,398.75,391,393,218400,,,
2019-03-07,393.25,396.25,390.75,394.5,202800,,,
2019-03-08,384.5,386.75,374.5,375.25,385600,,,
2019-03-11,375.5,384.5,373.75,379.25,106000,,,
2019-03-12,384.75,387.75,381.75,383.25,144800,,,
2019-03-13,383.25,390,379.75,380.75,105600,,,
2019-03-14,380.75,385.25,378.75,380.25,140800,,,
2019-03-15,380.5,387,378,385.5,255600,,,
2019-03-18,387.5,399.5,387.5,399.5,316800,,,
2019-03-19,399,399,392.5,395,180800,,,
2019-03-20,397.5,399.25,395.25,398,257600,,,
2019-03-22,398,403.75,395.75,403.75,421600,,,
2019-03-25,402.25,402.25,391.5,396.25,257600,,,
2019-03-26,403.5,413.5,398.5,411.25,520400,,,
2019-03-27,403.25,403.5,390.25,395,304800,,,
2019-03-28,407.5,413,401.5,407,692800,,,
2019-03-29,411.25,411.25,406.25,407,452000,,,
2019-04-01,415.5,425.5,412.5,421.5,496000,,,
2019-04-02,424.75,427.5,418.5,424,544000,,,
2019-04-03,424,427.5,418.75,422.75,581600,,,
2019-04-04,425,436,422.5,426.75,724000,,,
2019-04-05,432.5,438.75,425.75,431,635200,,,
2019-04-08,431,436.75,422.75,425.25,403200,,,
2019-04-09,426.5,426.5,420.25,425.5,401200,,,
2019-04-10,422.25,424.5,419,423.25,266000,,,
2019-04-11,422.5,425.5,419,421,284000,,,
2019-04-12,423.5,423.75,415.75,423,314000,,,
2019-04-15,432.25,440.25,432,439.25,644000,,,
2019-04-16,435.25,435.25,431.25,434.25,244000,,,
2019-04-17,436.25,439.25,429.25,431,317600,,,
2019-04-18,433,433,423.25,424.75,159600,,,
2019-04-19,428,429.75,420.5,429,191200,,,
2019-04-22,428.75,432,426,431.5,228000,,,
2019-04-23,435,441.5,434,436.5,364800,,,
2019-04-24,437.25,438.75,424.25,424.5,436800,,,
2019-04-25,430,439.75,423.25,439.75,502400,,,
2019-04-26,436.5,436.75,417.25,424.75,770000,,,
2019-05-07,382.5,398.5,361.25,390,2286800,,,
2019-05-08,391.5,401.25,388.75,399,784000,,,
2019-05-09,391.25,396,387.75,394,594400,,,
2019-05-10,394.25,398,385,386.75,443200,,,
2019-05-13,382.5,388.5,380,380.25,360000,,,
2019-05-14,371.75,378.25,368.5,377.5,320000,,,
2019-05-15,378.75,381.25,372.5,380.75,270400,,,
2019-05-16,380.75,382.25,376.75,379.5,373600,,,
2019-05-17,386.25,390,384.75,385.75,246400,,,
2019-05-20,385.5,385.5,377.5,379.25,210400,,,
2019-05-21,376.25,376.75,370.75,374.25,235200,,,
2019-05-22,375.25,378.25,374,377,201600,,,
2019-05-23,371.25,379,371.25,377.25,290000,,,
2019-05-24,370.5,380,368.5,378.25,284400,,,
2019-05-27,380.25,387.75,377.5,384.25,177200,,,
2019-05-28,384.5,385.75,375.75,375.75,419600,,,
2019-05-29,376.5,379.5,373.5,378,296400,,,
2019-05-30,373.75,380.25,372.75,379,298400,,,
2019-05-31,376.5,377.25,371.5,374.25,325200,,,
2019-06-03,369,372,365.75,370.25,210800,,,
2019-06-04,370.25,373,363,372,275200,,,
2019-06-05,376.25,385.25,373.75,377.75,437600,,,
2019-06-06,376.25,378.75,373,376.5,142400,,,
2019-06-07,378.25,383.25,378,379.25,245200,,,
2019-06-10,382,385.5,381.5,383,311600,,,
2019-06-11,383.5,386.75,382,386.75,220000,,,
2019-06-12,386,397.75,386,394.25,327200,,,
2019-06-13,392.75,398.75,390.75,392.75,379600,,,
2019-06-14,390,390,382.25,383.75,322400,,,
2019-06-17,384.5,384.5,380.25,382.25,228400,,,
2019-06-18,382.25,383,370.25,372.5,236000,,,
2019-06-19,376.5,385,376.5,383.25,238400,,,
2019-06-20,384,390,383.5,387,352400,,,
2019-06-21,387.5,388,375.5,376.25,728000,,,
2019-06-24,378.25,383.5,375.5,382.5,239600,,,
2019-06-25,380.75,385.75,380.25,380.25,238400,,,
2019-06-26,377.5,384.25,377.5,378.75,268000,,,
2019-06-27,378.75,385.5,378.25,385.5,229600,,,
2019-06-28,402.25,407,389.25,390.5,698800,,,
2019-07-01,398.75,400.25,394.25,400.25,403600,,,
2019-07-02,399.5,401.25,394.5,400.25,356400,,,
2019-07-03,400,400,392.25,396.5,348400,,,
2019-07-04,396.5,398,390.75,394.5,292400,,,
2019-07-05,393,395.25,390.75,395.25,264000,,,
2019-07-08,394.25,400,393.25,397,378000,,,
2019-07-09,397.25,403.75,395.75,395.75,408000,,,
2019-07-10,393.5,399.75,389.75,397,392000,,,
2019-07-11,399.25,405.5,399,401.75,536000,,,
2019-07-12,403.75,404.75,398.5,398.75,392000,,,
2019-07-16,398.25,402.5,398.25,399.75,201200,,,
2019-07-17,398,399,392.75,394.5,330400,,,
2019-07-18,393,396,381,382.75,415200,,,
2019-07-19,386.25,398.75,385.25,397.5,438800,,,
2019-07-22,395,402.25,394.75,399.5,607200,,,
2019-07-23,398.5,403.25,395.5,401,462000,,,
2019-07-24,401,404.75,398.25,403.25,542400,,,
2019-07-25,403.5,412.5,402.75,407.5,476000,,,
2019-07-26,401.75,402.5,393,398.5,863600,,,
2019-07-29,427.5,442,422.5,435.5,2188000,,,
2019-07-30,437.5,453.5,433.25,438.5,2014000,,,
2019-07-31,433,438.75,430.5,431,735200,,,
2019-08-01,427.5,442,426,438.75,566400,,,
2019-08-02,432.5,435.5,424.25,432,782400,,,
2019-08-05,429.25,429.75,411,418.5,784400,,,
2019-08-06,408.25,418.25,402.5,411.25,620000,,,
2019-08-07,408.5,409,400.25,404.5,566800,,,
2019-08-08,404.5,406.25,400.5,401.25,385200,,,
2019-08-09,406,411.5,405,409.5,298400,,,
2019-08-13,401.25,408,401,406.25,294000,,,
2019-08-14,411.25,416.25,410.5,412.75,240000,,,
2019-08-15,401.5,410.75,400.5,406.75,315200,,,
2019-08-16,406,410.75,404.25,408.5,222800,,,
2019-08-19,413.75,417.5,412,415,243200,,,
2019-08-20,417,423,414.75,417.75,349200,,,
2019-08-21,412.5,414.25,408,410.75,235600,,,
2019-08-22,414.5,415.25,404.25,406.25,148800,,,
2019-08-23,408.5,414.25,408.5,412,140400,,,
2019-08-26,401.25,405.25,398.75,404.75,310000,,,
2019-08-27,409.75,412.5,407.75,408,132800,,,
2019-08-28,409.5,410.5,405.5,407.25,87200,,,
2019-08-29,409.75,415.25,408.5,415.25,235600,,,
2019-08-30,421.75,430.75,420.5,428.5,536800,,,
2019-09-02,428.5,428.5,422.25,423,240800,,,
2019-09-03,420.25,426.25,418.25,420.5,154800,,,
2019-09-04,419.5,420,416.5,416.5,216800,,,
2019-09-05,419.5,434.5,418.5,431,321600,,,
2019-09-06,430.75,433,426.25,428.75,192000,,,
2019-09-09,428.75,434.25,424.5,434.25,240400,,,
2019-09-10,434.5,445.5,434.5,441.25,382000,,,
2019-09-11,445.25,450.5,439.5,450.25,418400,,,
2019-09-12,453.25,459,448.75,455.25,571600,,,
2019-09-13,459.75,463.5,453.75,463,546000,,,
2019-09-17,464.25,468.75,456,464.75,438800,,,
2019-09-18,458.5,461,454,458,446000,,,
2019-09-19,453.75,465,453.75,460,387600,,,
2019-09-20,460.5,462.5,455,460,453600,,,
2019-09-24,457.75,460.5,453.25,455,336000,,,
2019-09-25,452.75,453.5,445,452.75,356000,,,
2019-09-26,460,463.25,453.25,455.25,392400,,,
2019-09-27,456.25,459,452.75,459,266000,,,
2019-09-30,457.25,458.5,449.75,452.75,223200,,,
2019-10-01,455.25,461.25,453.75,459.25,192400,,,
2019-10-02,455,459.25,452.75,455.5,283200,,,
2019-10-03,447,448.25,439.5,448,419600,,,
2019-10-04,446.75,447,439.5,446.75,245200,,,
2019-10-07,448.25,450.75,442.75,450,481600,,,
2019-10-08,452.25,458.25,452.25,455.75,333600,,,
2019-10-09,454.5,462.75,452,461.5,394400,,,
2019-10-10,462.75,462.75,448,456.75,204800,,,
2019-10-11,460,461.25,453,460.5,297600,,,
2019-10-15,465.5,474.75,465.5,468.5,533200,,,
2019-10-16,476,486.25,475.75,480.25,533200,,,
2019-10-17,480.5,485,478.25,479.75,390800,,,
2019-10-18,482.5,484.75,472.5,473.5,239200,,,
2019-10-21,476,480.5,475,478,183200,,,
2019-10-23,482.5,488,475.25,487.5,468400,,,
2019-10-24,492.75,493.75,484.5,489.25,213600,,,
2019-10-25,491.25,493,483,492.5,265600,,,
2019-10-28,493.75,495.5,488.75,491.5,306400,,,
2019-10-29,496,502,493.25,498,506800,,,
2019-10-30,494.25,497.75,485.5,497.75,550400,,,
2019-10-31,495,502,479.25,499.25,412000,,,
2019-11-01,492.5,496.25,490,491.5,269600,,,
2019-11-05,495.75,505.25,494,499.5,569600,,,
2019-11-06,500,506.5,498,501.25,356800,,,
2019-11-07,505,510.75,501,506.75,458000,,,
2019-11-08,511.25,514,505,506.75,393200,,,
2019-11-11,509.25,511.25,504.25,506.25,322800,,,
2019-11-12,510.75,515,504.75,513.5,436800,,,
2019-11-13,517,523.5,515.25,517.25,448400,,,
2019-11-14,525,525.5,514.25,517.25,491200,,,
2019-11-15,520.25,526.75,518.5,525.75,453200,,,
2019-11-18,532.5,538.5,530.25,537.75,780000,,,
2019-11-19,538.5,549,536.75,547.5,802400,,,
2019-11-20,549,569,548.5,558.25,1125600,,,
2019-11-21,551.5,551.5,529.25,541,819200,,,
2019-11-22,540,540.5,528.5,531.25,555600,,,
2019-11-25,538.25,543.5,533.75,535.5,437600,,,
2019-11-26,533.75,538,530.5,533.75,640800,,,
2019-11-27,533.25,534.75,530.25,534.25,382000,,,
2019-11-28,532.5,533.25,526.75,531.5,488000,,,
2019-11-29,531.25,533,521.75,530.25,558800,,,
2019-12-02,529.25,532.25,524.5,526.5,288000,,,
2019-12-03,516.25,521.5,512.75,521.5,588800,,,
2019-12-04,518.25,533,518.25,531.75,616800,,,
2019-12-05,532,538.25,530.5,536.75,393200,,,
2019-12-06,536.75,537.75,530,536.75,282000,,,
2019-12-09,542.25,543.25,536.25,538.75,240400,,,
2019-12-10,536.25,538.25,534.5,536.5,169600,,,
2019-12-11,534.75,535.5,530.75,533,313200,,,
2019-12-12,537.25,537.25,528.25,528.75,220800,,,
2019-12-13,538.25,540,526,527.75,564400,,,
2019-12-16,528.75,534.75,528.25,534,298400,,,
2019-12-17,534,534,526.5,532.5,348800,,,
2019-12-18,529,529,523.75,529,478000,,,
2019-12-19,528.75,536.25,527.75,533.5,315600,,,
2019-12-20,536.5,536.5,530.5,534,332000,,,
2019-12-23,534,536,530.75,534,249600,,,
2019-12-24,534,537.25,531.5,536.25,240800,,,
2019-12-25,537.5,542.5,537.25,540,249600,,,
2019-12-26,540,544.5,538.75,544.25,195600,,,
2019-12-27,549.25,549.5,545.5,546.75,331200,,,
2019-12-30,545,550,542.5,548.5,389600,,,
2020-01-06,540,543,536,538,433200,,,
2020-01-07,546,551.5,545,550.75,392800,,,
2020-01-08,540,541.5,530,535.5,487200,,,
2020-01-09,539,541.5,536.25,537.5,325200,,,
2020-01-10,536.5,537.75,533,534,362400,,,
2020-01-14,537,540.5,530.5,533.25,440400,,,
2020-01-15,533.75,539.5,533.5,539.25,370000,,,
2020-01-16,539,539,533.75,535.5,202000,,,
2020-01-17,532.25,536.25,530.5,532.75,373600,,,
2020-01-20,533.75,537,533,535,347200,,,
2020-01-21,536,539.25,534,535,286000,,,
2020-01-22,532.75,538.75,532,537.75,296000,,,
2020-01-23,530,535.75,530,535,284800,,,
2020-01-24,537.75,537.75,530.25,531,300400,,,
2020-01-27,531,531,516.75,518.5,412400,,,
2020-01-28,508.25,518.25,506,516.5,437600,,,
2020-01-29,517.75,523.75,516.25,521,270800,,,
2020-01-30,522.5,523.75,512.75,516.5,352800,,,
2020-01-31,507.5,521.75,507.5,516.25,391200,,,
2020-02-03,503.75,512.75,503.75,508.5,193200,,,
2020-02-04,505,509,504.25,508.75,199600,,,
2020-02-05,512.5,516.25,509.75,510.5,270400,,,
2020-02-06,523,523.25,516.75,520.5,238400,,,
2020-02-07,525,525,515,521,134400,,,
2020-02-10,515,519,512.5,517.25,140800,,,
2020-02-12,515.5,525.75,515.5,519.75,290000,,,
2020-02-13,524.75,527,520.75,522.75,205600,,,
2020-02-14,520.5,524.25,517,520.5,168400,,,
2020-02-17,520,521.5,511.5,520,159600,,,
2020-02-18,520,520.25,509.5,510.75,192800,,,
2020-02-19,512.25,513,508.75,508.75,154000,,,
2020-02-20,508.75,509.5,501.75,501.75,419200,,,
2020-02-21,501.25,507,500.25,501.5,638400,,,
2020-02-25,479,488.5,478.75,479.25,668400,,,
2020-02-26,472,478.5,470,478,896000,,,
2020-02-27,471.25,472.5,458,459.25,690800,,,
2020-02-28,445.75,452.25,439.75,445.75,613600,,,
2020-03-02,437.5,455.75,437.5,450.75,609600,,,
2020-03-03,459.75,459.75,437.5,437.5,403600,,,
2020-03-04,429.5,437.25,426.75,433.5,620800,,,
2020-03-05,437,438,429.75,430.25,410800,,,
2020-03-06,424.75,426.5,414.25,415,616000,,,
2020-03-09,405,407,383,389.5,566800,,,
2020-03-10,379.5,393.5,366.5,390.25,818000,,,
2020-03-11,389,398.75,387.75,389,492400,,,
2020-03-12,379,380.5,359.5,363.75,653600,,,
2020-03-13,341.25,350.25,326.25,339.25,720800,,,
2020-03-16,356.25,370.75,350,350.5,725600,,,
2020-03-17,340,372.5,336,368.75,588400,,,
2020-03-18,371.75,380.5,349.25,350,533600,,,
2020-03-19,354.75,359,321.25,328.75,873600,,,
2020-03-23,331,343.5,327.75,342.75,721600,,,
2020-03-24,370.5,379.25,363.25,377,566000,,,
2020-03-25,397,402,385.5,401.25,553200,,,
2020-03-26,401.25,411.25,390.25,403,562400,,,
2020-03-27,420.75,430,409,430,591200,,,
2020-03-30,411.25,414.75,401,413,621200,,,
2020-03-31,408.25,423.75,406,416.25,668800,,,
2020-04-01,408.25,408.25,383,387.5,488800,,,
2020-04-02,376,384.5,369.75,371.75,311600,,,
2020-04-03,373,382.25,366.25,368.25,400000,,,
2020-04-06,369.5,389,362,385.5,532800,,,
2020-04-07,400,406.75,394.25,403.75,509200,,,
2020-04-08,404.75,404.75,391,396.5,424400,,,
2020-04-09,396.5,404.5,387.25,396.25,320000,,,
2020-04-10,406.25,416.5,393.75,414.75,371200,,,
2020-04-13,408.25,408.25,395.75,398.5,254800,,,
2020-04-14,395.75,402.75,392.5,401.25,406800,,,
2020-04-15,381.75,387.75,376,378.75,674400,,,
2020-04-16,374.5,386.25,374.5,385.5,576400,,,
2020-04-17,387.25,395.75,383.25,390.25,460800,,,
2020-04-20,384.75,387.25,377.25,383,390000,,,
2020-04-21,375.25,379.5,372.5,376,265600,,,
2020-04-22,366,375.75,363.75,373.25,462400,,,
2020-04-23,377,389,377,388.25,227600,,,
2020-04-24,383,391.75,380.5,390.5,190000,,,
2020-04-27,396.25,399.25,394.5,397,199200,,,
2020-04-28,399.25,399.25,392.75,397.25,226000,,,
2020-04-30,400,405.5,400,403.25,296400,,,
2020-05-01,402,402,390.5,393.75,166800,,,
2020-05-07,394.75,397.25,387.75,393.5,292800,,,
2020-05-08,400.5,406.5,399,405.75,214400,,,
2020-05-11,410.75,416.75,408.5,414.25,260000,,,
2020-05-12,416.25,416.75,411.25,413.5,183600,,,
2020-05-13,404,407.75,400.75,405,190800,,,
2020-05-14,395.25,399.75,383.75,385.5,416000,,,
2020-05-15,392.25,393,376.25,380,227200,,,
2020-05-18,393.25,393.25,377,384.75,285600,,,
2020-05-19,394.75,394.75,379.25,383.75,420000,,,
2020-05-20,385,404.25,385,394.75,660800,,,
2020-05-21,396.25,398.5,385.25,389.75,388000,,,
2020-05-22,389.75,390.75,379,383.75,366000,,,
2020-05-25,389.5,389.5,379.75,386.5,290000,,,
2020-05-26,390.5,395,384.75,393.75,409600,,,
2020-05-27,400.5,415.5,394.75,410.75,666800,,,
2020-05-28,412.25,416.25,403.75,415,437600,,,
2020-05-29,416.75,423,414.5,414.5,584800,,,
2020-06-01,420.5,424.5,415.5,421.25,325600,,,
2020-06-02,421,422.5,413.5,421.25,295600,,,
2020-06-03,425,428.5,416,418.5,294400,,,
2020-06-04,428.25,428.25,414.25,423.25,203600,,,
2020-06-05,423.25,424.25,416.75,422.75,254000,,,
2020-06-08,430.75,431,420.5,424.75,150400,,,
2020-06-09,426.25,426.25,416.75,420.25,130000,,,
2020-06-10,420.25,422,414.75,419.25,192800,,,
2020-06-11,419.5,419.5,406.75,406.75,200000,,,
2020-06-12,401.75,407,394.5,404.75,267600,,,
2020-06-15,403.25,404.5,392.75,392.75,191200,,,
2020-06-16,411.5,422.25,406.75,412.5,545200,,,
2020-06-17,409.5,419,401.75,410.5,362800,,,
2020-06-18,409.25,409.25,396,403.75,342800,,,
2020-06-19,409.75,409.75,396,400.75,420000,,,
2020-06-22,401.25,401.25,394.5,395.75,199200,,,
2020-06-23,397.75,403.75,395.75,399.25,121600,,,
2020-06-24,397.25,397.25,388.75,390.75,333600,,,
2020-06-25,390.75,390.75,381,381.25,392800,,,
2020-06-26,384.75,385.25,380.5,385,392000,,,
2020-06-29,382.25,382.25,372.75,378,384000,,,
2020-06-30,383.5,388.5,380.25,380.25,355600,,,
2020-07-01,381.5,381.5,373.75,375,387200,,,
2020-07-02,380,381.25,374.75,375.75,583200,,,
2020-07-03,384.75,386.25,377.25,382,275200,,,
2020-07-06,381.75,389.25,381.25,387.5,466000,,,
2020-07-07,392,392,378.75,381.5,321200,,,
2020-07-08,382.25,390.5,378.25,378.25,246400,,,
2020-07-09,380,381,374,376.25,189200,,,
2020-07-10,375.5,375.5,369.75,372,312400,,,
2020-07-13,372,383.75,372,383.75,206400,,,
2020-07-14,382.5,383.25,376.75,382,184400,,,
2020-07-15,389.75,389.75,379,386.5,280400,,,
2020-07-16,389,389,378,382.5,228400,,,
2020-07-17,387,389.75,383.25,388.75,254800,,,
2020-07-20,392,393.75,386.25,393.75,358400,,,
2020-07-21,393.75,393.75,382.5,386.75,472800,,,
2020-07-22,396.75,396.75,387.25,388.5,392400,,,
2020-07-27,387.5,390,379.5,387.75,411600,,,
2020-07-28,390.75,399.25,387.5,395.5,278000,,,
2020-07-29,397,400.5,389.75,390,326400,,,
2020-07-30,398,405,393.75,395.25,1111200,,,
2020-07-31,396,400.5,390.75,394.75,480400,,,
2020-08-03,399.5,407.75,393.25,395.5,471200,,,
2020-08-04,395.5,410.75,394.75,409.75,454800,,,
2020-08-05,409.75,409.75,392.5,403.75,906400,,,
2020-08-06,395.75,401.75,394,399.5,345600,,,
2020-08-07,393.25,395.5,382.5,389.75,572400,,,
2020-08-11,387.25,399.75,387.25,398,386400,,,
2020-08-12,396.5,410.5,396.5,407.25,395200,,,
2020-08-13,406.75,416,406.75,411,404400,,,
2020-08-14,412,412.5,405,410,227200,,,
2020-08-17,407,408.75,402,402.25,139600,,,
2020-08-18,406,407.5,397.25,398.5,248000,,,
2020-08-19,393,405,392.25,403,230800,,,
2020-08-20,400,402,395.25,397,251600,,,
2020-08-21,393.25,399,390,390,114000,,,
2020-08-24,388.75,398.25,383.75,396.5,344000,,,
2020-08-25,402.75,405.5,384.5,400.5,310800,,,
2020-08-26,394.5,402.75,392.25,401.5,222400,,,
2020-08-27,393.5,398.5,391,397.75,348000,,,
2020-08-28,390,397.25,382.5,389.5,470000,,,
2020-08-31,392,404,390,397.5,404000,,,
2020-09-01,393.5,394.5,387.5,393.25,220400,,,
2020-09-02,392.5,396.5,390,395.25,185600,,,
2020-09-03,395.25,397.75,389,397,236400,,,
2020-09-04,392.25,393,386.75,391.75,172000,,,
2020-09-07,388.25,394.5,386.25,393.75,276000,,,
2020-09-08,393.5,397.75,390.5,395.25,238000,,,
2020-09-09,387.5,389.5,380,388.75,431600,,,
2020-09-10,386.25,390.5,385,389.5,252000,,,
2020-09-11,385.75,387.5,382.25,384.75,324800,,,
2020-09-14,382.75,391.25,381.75,388.75,459600,,,
2020-09-15,385,387.25,383.25,387,209200,,,
2020-09-16,387,393,384.5,391.5,254800,,,
2020-09-17,388.75,391.75,383,387.5,321200,,,
2020-09-18,391,400.25,390,397.75,381600,,,
2020-09-23,391.5,394.5,384,391.75,327600,,,
2020-09-24,388.25,391.75,384.75,387.25,247600,,,
2020-09-25,388.25,401.5,388.25,400,501600,,,
2020-09-28,401.25,409.5,398.75,407.75,461600,,,
2020-09-29,407.75,407.75,398.25,400.5,376800,,,
2020-09-30,400,400,387.5,394,313600,,,
2020-10-01,#VALUE!,#VALUE!,#VALUE!,#VALUE!,0,,,
2020-10-02,390.75,392.5,383.5,386.5,429600,,,
2020-10-05,389.5,396.5,384.5,395,385200,,,
2020-10-06,393.25,395,385.75,394.5,293200,,,
2020-10-07,385,389.25,380.25,386.75,549200,,,
2020-10-08,382.75,387.75,378.75,386.25,458800,,,
2020-10-09,383.5,384.75,379.25,384.5,336000,,,
2020-10-12,381.25,384.25,377.5,382,278400,,,
2020-10-13,380,384.75,380,383.75,154400,,,
2020-10-14,375.5,377.25,369.75,372.25,346000,,,
2020-10-15,372.5,375.25,369.25,372.75,306400,,,
2020-10-16,368.75,370.75,365,370,343200,,,
2020-10-19,370.25,378.5,370.25,377.5,310800,,,
2020-10-20,372.75,372.75,364,366.25,308000,,,
2020-10-21,369,377.5,368.5,375.5,160800,,,
2020-10-22,373.75,376.5,370.25,375,274000,,,
2020-10-23,376.5,381.25,373.5,379.25,262400,,,
2020-10-26,383.75,389,380.25,380.25,420000,,,
2020-10-27,375.25,381.25,374.25,380,221600,,,
2020-10-28,376,378.75,369.25,376.5,300400,,,
2020-10-29,370.25,378.75,367,374.75,390400,,,
2020-10-30,372.5,372.75,361.5,363.75,398000,,,
2020-11-02,363.75,371.5,363.75,368,345200,,,
2020-11-04,369.75,370.75,362.5,364.25,348800,,,
2020-11-05,364.25,370.25,358.75,369.5,916800,,,
2020-11-06,370.25,375.25,366.25,371,386800,,,
2020-11-09,370,372.75,363.75,371.25,475200,,,
2020-11-10,377.5,382.75,373.75,381,446400,,,
2020-11-11,383.25,388.75,374.5,377.25,516800,,,
2020-11-12,373.25,378,371,374,345600,,,
2020-11-13,370.25,372.75,365.5,371.25,404800,,,
2020-11-16,375,377.75,370.75,374.75,392400,,,
2020-11-17,370.75,372,367,368.75,372400,,,
2020-11-18,362.5,363.75,356.25,360.75,508400,,,
2020-11-19,358.5,368,356.25,362,387200,,,
2020-11-20,357.25,360.75,356.75,359.75,237600,,,
2020-11-24,367.25,371.25,365,366.75,360000,,,
2020-11-25,370.5,371.5,364.75,364.75,326400,,,
2020-11-26,359.75,360.75,357.25,359.5,320000,,,
2020-11-27,359.25,363,356.75,359.5,594800,,,
2020-11-30,357.5,357.5,350,350,662400,,,
2020-12-01,346.5,355,345.5,353.5,593200,,,
2020-12-02,351,366,349,358.5,819600,,,
2020-12-03,354,360,350.5,358.25,410000,,,
2020-12-04,354.75,359.5,354.25,359.5,312000,,,
2020-12-07,360.5,362.5,354.5,355,377200,,,
2020-12-08,351.75,354.75,349.25,354,367600,,,
2020-12-09,352,359.5,351.75,357,155600,,,
2020-12-10,350.25,354,346.75,352,292000,,,
2020-12-11,350,352.25,347.5,351.25,298000,,,
2020-12-14,350,357.5,350,351.25,285600,,,
2020-12-15,350,354,350,353.5,308800,,,
2020-12-16,358,358,354.25,354.5,133200,,,
2020-12-17,357.5,357.5,351.5,353.25,198000,,,
2020-12-18,353.75,355,350.25,354.5,223600,,,
2020-12-21,355.75,358,352.25,357.75,218800,,,
2020-12-22,356.75,359,354,356.75,295200,,,
2020-12-23,360.25,360.25,349.5,354.5,253200,,,
2020-12-24,354.5,358.5,352,355,244400,,,
2020-12-25,357.5,358.25,355.25,357.25,144400,,,
2020-12-28,355,362,355,360,370800,,,
2020-12-29,362.5,367.75,359.75,367.5,423600,,,
2020-12-30,365.25,365.25,358.75,359.75,557200,,,
2021-01-04,362.25,362.25,350.25,353,432800,,,
2021-01-05,351.75,358,350.75,355.25,360400,,,
2021-01-06,354.5,361,352.25,359,392800,,,
2021-01-07,365.75,368,358,359,622800,,,
2021-01-08,359,360.5,354.75,358.25,354400,,,
2021-01-12,357,360.75,354,357.75,490800,,,
2021-01-13,357.25,363.25,355.75,361.75,393200,,,
2021-01-14,362.75,367.5,360.25,362.5,457600,,,
2021-01-15,362,364.25,360,362.25,269600,,,
2021-01-18,360.5,362.25,359,360.25,152800,,,
2021-01-19,360.25,361.5,355.25,355.25,206800,,,
2021-01-20,354,357.75,351.75,357,436400,,,
2021-01-21,356.75,365.25,356.75,363,374800,,,
2021-01-22,360,362.25,356.75,360.25,229200,,,
2021-01-25,360.25,366.25,357.25,365.5,329200,,,
2021-01-26,367.25,370,364.25,366.5,356400,,,
2021-01-27,367.25,374.25,366.25,372.75,435200,,,
2021-01-28,371,383,369,380,1249200,,,
2021-01-29,379.25,382,376,380.25,631200,,,
2021-02-01,418.25,418.25,400.25,400.25,783200,,,
2021-02-02,399.5,404.75,397.25,401.75,394000,158078000,0,0
2021-02-03,402,402,398.75,399.75,200800,80342100,0,0
2021-02-04,400,405,398.5,404.25,166400,66904800,0,0
2021-02-05,403.5,405,401.25,404.25,193600,78136700,0,0
2021-02-08,404.75,410.75,403.75,410.25,262800,107065300,0,0
2021-02-09,417,417,403.75,407,327200,133460300,0,0
2021-02-10,405.25,406.25,401.75,402,210800,85002500,0,0
2021-02-12,402.5,406.5,401.5,402.75,145600,58725300,0,0
2021-02-15,404.25,410.5,404,409,172400,70421800,0,0
2021-02-16,410,410,400,402,199600,80467000,0,0
2021-02-17,403,406.25,400.25,402.75,155600,62639500,0,0
2021-02-18,402.5,403.25,399.5,401.25,242000,97009300,0,0
2021-02-19,399.5,404.75,397.75,402.75,259600,104223500,0,0
2021-02-22,405.25,407.25,403.5,403.5,178800,72423000,0,0
2021-02-24,405.25,405.75,398.75,399,237600,95254100,0,0
2021-02-25,403.25,406.5,401,402.25,346000,139759900,0,0
2021-02-26,402.5,405.75,399,399,490800,197451200,0,0
2021-03-01,404.5,408.25,404,406.75,298800,121294000,0,0
2021-03-02,408,408,403.5,405.75,256800,104188700,0,0
2021-03-03,405.75,410,403.25,407,239200,97451700,0,0
2021-03-04,407.75,410.75,403,406.75,290000,117961000,0,0
2021-03-05,405.25,411.75,403.75,411,350400,142884600,0,0
2021-03-08,415,419.25,405.75,409.5,222800,91763300,0,0
2021-03-09,415.25,417.5,412.25,416,287600,119489500,0,0
2021-03-10,417,420.5,414.25,414.75,184000,76588900,0,0
2021-03-11,416,418.25,414,415.5,226800,94386100,0,0
2021-03-12,413.75,416,407.25,415.25,256800,106268100,0,0
2021-03-15,417.5,423,415,423,280400,118092100,0,0
2021-03-16,421,425.5,420.5,424.5,250000,105898500,0,0
2021-03-17,420,424.75,418.5,423,200400,84535400,0,0
2021-03-18,419.25,424.75,417.25,422.5,422000,177942700,0,0
2021-03-19,420.25,434.75,418.5,433.75,658800,284786200,0,0
2021-03-22,428.25,431,425,428.25,454400,194827000,0,0
2021-03-23,428.25,428.5,417.5,418.25,258800,109376700,0,0
2021-03-24,414.75,416.25,404.25,405,271200,110729800,0,0
2021-03-25,411.75,415.25,407.75,409.75,324000,133342900,0,0
2021-03-26,413.75,417.75,411.75,412.5,398400,164720100,0,0
2021-03-29,420.5,423.75,411,417.25,438000,182535600,0,0
2021-03-30,411.5,412.5,401,410,513600,209829400,0,0
2021-03-31,406,410.5,401.75,409.25,385200,156922000,0,0
2021-04-01,409,411,404.75,405.25,362800,147729500,0,0
2021-04-02,406.25,410,404.25,409,140000,57119500,0,0
2021-04-05,408,408,400.25,401.25,217600,87961100,0,0
2021-04-06,403,407.5,396.75,400.25,286400,115246300,0,0
2021-04-07,400.25,407,400.25,406.75,170400,68975500,0,0
2021-04-08,402,405.25,394.25,394.75,263200,104544200,0,0
2021-04-09,395,400,394.5,394.75,240000,95118100,0,0
2021-04-12,402.25,402.25,395,400.5,188800,75549500,0,0
2021-04-13,403.5,407.5,401,404.5,218000,88246800,0,0
2021-04-14,406.75,408.5,401.5,408.25,241200,98114000,0,0
2021-04-15,408.25,412.25,405.5,406.5,155200,63384500,0,0
2021-04-16,409.5,410.5,403.25,404.25,141600,57518000,0,0
2021-04-19,406.25,410.5,405.25,410,203600,83155400,0,0
2021-04-20,410.5,410.5,404.5,408.5,258000,105254300,0,0
2021-04-21,405,405,394.5,395.75,224000,88779900,0,0
2021-04-22,400.75,402.75,396.5,400.25,157200,62854700,0,0
2021-04-23,397.5,397.5,392.5,395.5,92800,36725300,0,0
2021-04-26,397.25,403.75,395.5,401,329600,132203900,0,0
2021-04-27,402,402,393.25,393.25,211600,83750900,0,0
2021-04-28,393.25,400,390.25,392.75,342000,134736700,0,0
2021-04-30,414.5,423,411.25,418.25,758000,315950400,0,0
2021-05-06,418.25,419.75,412.75,416,435200,181334700,0,0
2021-05-07,418,422.25,414.5,416,310800,129689000,0,0
2021-05-10,420,420,414.5,416.25,205600,85860700,0,0
2021-05-11,416.25,418.5,408.5,409.5,253200,104338600,0,0
2021-05-12,409.5,415.5,399.25,404.75,248000,100862500,0,0
2021-05-13,402.25,412.25,402.25,403.5,264800,107750000,0,0
2021-05-14,409.75,411.75,406,406,165200,67367700,0,0
2021-05-17,403.5,408.25,402.75,405.5,254800,103243700,0,0
2021-05-18,409,412,405.25,409.5,153200,62670100,0,0
2021-05-19,408.75,411.5,404.25,406.25,320400,130465700,0,0
2021-05-20,409,416.25,408.25,414.5,246000,101834000,0,0
2021-05-21,416.75,418.25,413.25,415.75,217200,90276000,0,0
2021-05-24,415.5,422,414.25,417.75,228400,95684700,0,0
2021-05-25,415,419.5,414.5,417.25,196000,81751300,0,0
2021-05-26,417.5,419.75,415.75,416.25,181200,75558200,0,0
2021-05-27,415.5,416.25,408,411.5,333200,137032200,0,0
2021-05-28,419.75,421.25,415.75,419.25,302000,126475900,0,0
2021-05-31,420.75,420.75,414,419.25,232000,97184000,0,0
2021-06-01,421.75,421.75,416,420,126000,52798600,0,0
2021-06-02,420,424.75,418.5,422.5,155600,65651000,0,0
2021-06-03,423,425.75,417.75,418.25,99200,41769700,0,0
2021-06-04,417.25,424.75,415.75,424.75,168800,71256000,0,0
2021-06-07,422.25,423.5,418,419.75,200800,84426900,0,0
2021-06-08,418,422.5,416.25,419,71200,29828500,0,0
2021-06-09,418.75,419,413.5,417,92800,38708100,0,0
2021-06-10,422.75,422.75,413.75,415.5,96400,40197000,0,0
2021-06-11,417,418.75,411.75,418.25,174000,72514600,0,0
2021-06-14,418.75,419.25,415,415.5,59600,24824400,0,0
2021-06-15,418.25,419.5,414.75,418.75,126400,52814800,0,0
2021-06-16,420.25,428.75,420,427.25,292800,124300900,0,0
2021-06-17,432.5,438.5,428.5,436.75,299200,129890700,0,0
2021-06-18,440,445,436.5,439,224800,98955700,0,0
2021-06-21,430,435,419,432.5,381200,163939200,0,0
2021-06-22,445.5,450.5,440.75,448,347600,155406500,0,0
2021-06-23,453.25,457.25,448.25,450,270000,121693900,0,0
2021-06-24,448,448,440.75,445.25,127600,56706200,0,0
2021-06-25,449.25,451.25,440.25,449.75,213600,95693500,0,0
2021-06-28,449.5,451.75,445.5,449.5,154800,69555900,0,0
2021-06-29,445.25,445.5,441,444.5,159200,70696800,0,0
2021-06-30,445.75,456.5,445.25,455.5,340800,154317900,0,0
2021-07-01,455.25,455.25,447,447.25,199600,89851400,0,0
2021-07-02,447.75,451.25,446.5,450,144400,64873700,0,0
2021-07-05,449.5,452.75,446.75,449.25,116800,52447000,0,0
2021-07-06,449.75,449.75,441.5,443.5,60000,26672300,0,0
2021-07-07,439.75,445.5,437.5,443.5,149600,66085800,0,0
2021-07-08,440,445.75,438.75,438.75,149200,65894700,0,0
2021-07-09,432.25,438.5,424.5,435,458000,197064300,0,0
2021-07-12,455,464.25,450.25,459.25,544800,249216700,0,0
2021-07-13,458.5,464.5,455.25,461.75,198400,91533500,0,0
2021-07-14,460.25,468.75,459.5,462.5,162400,75458700,0,0
2021-07-15,462.5,463.25,455.75,457.5,170800,78188300,0,0
2021-07-16,452.75,461,452.75,457.5,221200,101291700,0,0
2021-07-19,455,457,450.5,454,200400,90912700,0,0
2021-07-20,444.75,452.25,442.5,450.5,270800,121334000,0,0
2021-07-21,455.75,458.75,451.75,454.25,154400,70235500,0,0
2021-07-26,459,467,455.5,466.5,266400,123089100,0,0
2021-07-27,472.75,474.25,467.75,470,252000,118542300,0,0
2021-07-28,469,475.75,466.5,467.5,201200,94708900,0,0
2021-07-29,471.25,472.5,462.5,471.75,244400,114341600,0,0
2021-07-30,470.75,475,467.5,470.75,698800,329124200,0,0
2021-08-02,470.25,475.25,458.5,474.25,420400,197703300,0,0
2021-08-03,473.5,475.25,462.25,465.25,353200,164702900,0,0
2021-08-04,466.5,468.75,464.25,466.75,301600,140701200,0,0
2021-08-05,465.25,468.25,462.75,467.5,453200,211040000,0,0
2021-08-06,468.25,468.25,462.25,465,110400,51253200,0,0
2021-08-10,467.5,470.5,462,466.5,146400,68323200,0,0
2021-08-11,467.5,473.25,467.5,473,142400,67209900,0,0
2021-08-12,472.5,474,469.25,472.75,139200,65671400,0,0
2021-08-13,474,475.25,467.75,469.75,76400,35984000,0,0
2021-08-16,469.25,471,463.75,467,154800,72285400,0,0
2021-08-17,467,468.5,463,464.25,168800,78533800,0,0
2021-08-18,464.25,464.5,458.25,460.75,120400,55585900,0,0
2021-08-19,459.5,460.75,456.5,459.5,108800,49963800,0,0
2021-08-20,456.25,462,455,456.5,142000,64985500,0,0
2021-08-23,462.75,462.75,456.5,460.25,205600,94528600,0,0
2021-08-24,461,464.25,457.25,464,226800,104923700,0,0
2021-08-25,464.25,465.5,457.75,464.25,162400,75180200,0,0
2021-08-26,463.75,466.75,462,465.75,120400,55988800,0,0
2021-08-27,464,469.25,463,468,183600,85733800,0,0
2021-08-30,470.25,480.75,470.25,480.75,233200,111165700,0,0
2021-08-31,481.5,487.5,478.75,481.75,240400,116454500,0,0
2021-09-01,477,479,471.5,474,138800,65865100,0,0
2021-09-02,472,480,467.25,480,188000,89216400,0,0
2021-09-03,476,486.5,474.75,486,179600,86741300,0,0
2021-09-06,490,490,483.5,489.75,159600,77938700,0,0
2021-09-07,487.5,498.5,487.5,495.75,292400,144677400,0,0
2021-09-08,496.25,499.5,493.25,496.5,189200,93830100,0,0
2021-09-09,493.5,494,487.75,493,171600,84416500,0,0
2021-09-10,492,500,491.25,500,364000,180665300,0,0
2021-09-13,495.75,500,494.5,500,209600,104604100,0,0
2021-09-14,500,505.75,499,504.25,424400,213463100,0,0
2021-09-15,496.25,500.25,492.25,499.25,280000,139015600,0,0
2021-09-16,501.5,507,495.75,499.75,292000,146061200,0,0
2021-09-17,499.75,502.5,494.25,502.25,283600,141911500,0,0
2021-09-21,491,499.75,488,496.75,172400,85565400,0,0
2021-09-22,492.5,493.25,487.25,487.25,179600,87938200,0,0
2021-09-24,492.25,499.25,492.25,498.5,193200,96017300,0,0
2021-09-27,498.25,498.25,485,486.5,219200,107070400,0,0
2021-09-28,484,490.25,479.5,488.75,274400,133523100,0,0
2021-09-29,481.5,484,472.75,484,423600,203528400,0,0
2021-09-30,482.5,492.25,482.25,487.25,412400,201253100,0,0
2021-10-01,487,487.75,471.5,474,296800,141581200,0,0
2021-10-04,480,480,464,467.25,166000,77919200,0,0
2021-10-05,460.5,460.5,450,454.5,392800,178810100,0,0
2021-10-06,457.5,461.25,448.75,451,216800,98490500,0,0
2021-10-07,452.25,455,448.5,448.75,195200,88071600,0,0
2021-10-08,452,455,449,451.25,246000,111207500,0,0
2021-10-11,452.5,456.5,448.5,455,246400,111834600,0,0
2021-10-12,450.5,450.75,438.75,439.5,194400,86238500,0,0
2021-10-13,439.75,444.5,437,441.5,257200,113601800,0,0
2021-10-14,437.75,439.75,433,439,174400,76363300,0,0
2021-10-15,440.5,446.75,439.5,445.25,222400,98472000,0,0
2021-10-18,443,449.25,441,449.25,213200,95142700,0,0
2021-10-19,446,449.25,445,447,156000,69728400,0,0
2021-10-20,449.5,454,444.75,450.25,248400,111772400,0,0
2021-10-21,447.25,449.25,444.25,445.5,157200,70206800,0,0
2021-10-22,445,452.5,442.75,444.25,175600,78555700,0,0
2021-10-25,442.25,445.25,440.75,444.25,106800,47391300,0,0
2021-10-26,447.25,449,444.25,447,106800,47710000,0,0
2021-10-27,445,446.25,442,445.25,120400,53486500,0,0
2021-10-28,442.5,444.75,437.75,439,269200,118544300,0,0
2021-10-29,445.5,452.5,442,452.5,431200,193699300,0,0
2021-11-01,472.5,479.5,455.75,467.75,688000,321273700,0,0
2021-11-02,462,464.5,453.25,456.75,238000,109105100,0,0
2021-11-04,462.75,473.5,455.25,471.25,412000,192609500,0,0
2021-11-05,467.5,468,458.25,466.5,285600,133059000,0,0
2021-11-08,466.5,467.5,458,464.5,160000,74235400,0,0
2021-11-09,464.5,465.75,456.25,461.5,218400,100791900,0,0
2021-11-10,462.5,464.25,457.25,464,161600,74704400,0,0
2021-11-11,459.75,467,459.5,463.75,138400,64255500,0,0
2021-11-12,464.5,470.75,461.75,467.25,198000,92596200,0,0
2021-11-15,475,476.5,468.5,469.5,172800,81309200,0,0
2021-11-16,469.5,470.5,467.25,468.25,117200,54924400,0,0
2021-11-17,465.5,465.75,457.5,457.5,108000,49711100,0,0
2021-11-18,460.25,466.25,459,464.25,148800,68908900,0,0
2021-11-19,462.75,465.25,460.25,463,106800,49526200,0,0
2021-11-22,464.5,466.25,459.5,462.25,79600,36844500,0,0
2021-11-24,465.25,468.5,462.5,462.75,99600,46289800,0,0
2021-11-25,465,467,462.25,465.25,103600,48133500,0,0
2021-11-26,463.5,463.5,450.5,454.25,112000,50959700,0,0
2021-11-29,444.25,449.5,441.5,444.25,236800,105506300,0,0
2021-11-30,455.25,458.75,447,448.75,339600,153515600,0,0
2021-12-01,445,451.25,442.25,447.75,142800,63934800,0,0
2021-12-02,439.75,450.5,439.75,446.75,280800,125479400,0,0
2021-12-03,447.25,452.5,446.75,452.25,184400,83118600,0,0
2021-12-06,452,456,449.75,452.5,158000,71504600,0,0
2021-12-07,457.25,468.5,455.75,466.75,184800,85801700,0,0
2021-12-08,472.25,472.25,466.5,469,254400,119595300,0,0
2021-12-09,466.5,467.75,460,461,79200,36581500,0,0
2021-12-10,466.25,470,462.75,465.25,249600,116278800,0,0
2021-12-13,466.75,466.75,462,464.75,119600,55521600,0,0
2021-12-14,464,467.75,460,466.5,91200,42481500,0,0
2021-12-15,466.5,470.75,464.5,467,95200,44537300,0,0
2021-12-16,473.5,476.5,470.5,472.75,190000,89891200,0,0
2021-12-17,472.25,473.25,463,466.25,140800,65723400,0,0
2021-12-20,458.75,462,451.75,451.75,84400,38415400,0,0
2021-12-21,457.5,461.75,453.75,461.25,104000,47794200,0,0
2021-12-22,461.5,464,458.5,461.25,91200,42089700,0,0
2021-12-23,462.25,465,461,462.25,50400,23312000,0,0
2021-12-24,464.5,471,464,467,128800,60265000,0,0
2021-12-27,472.75,472.75,468.25,470.5,91600,43085800,0,0
2021-12-28,470.5,479.75,470.5,479.5,154400,73589800,0,0
2021-12-29,476.5,481.75,475.25,480.25,92400,44245700,0,0
2021-12-30,478,485.75,476.25,480,170800,82373200,0,0
2022-01-04,490,491.5,480.25,486.5,77600,37670200,0,0
2022-01-05,486.25,490.5,478.75,487,118800,57845100,0,0
2022-01-06,485.5,489.5,472.5,472.5,190800,91400200,0,0
2022-01-07,472.5,480,472.5,474.75,152000,72246300,0,0
2022-01-11,477.25,477.25,464,465.75,98000,45963600,0,0
2022-01-12,467.5,477.25,466.75,474.5,181600,86057600,0,0
2022-01-13,474.5,476.75,467,471.75,148400,70158700,0,0
2022-01-14,469,470.75,461.5,466.5,172000,80196900,0,0
2022-01-17,472.25,472.25,461.5,462.25,60400,28061700,0,0
2022-01-18,464.5,468.5,460,461.25,111600,51718100,0,0
2022-01-19,458.5,459.5,446.25,448.75,120000,54165600,0,0
2022-01-20,447.5,453.5,447,447.5,113600,51049600,0,0
2022-01-21,443.25,453.75,441.5,451.75,108400,48792000,0,0
2022-01-24,452.5,460.75,452.25,458.25,194800,88904300,0,0
2022-01-25,462.5,462.5,446.5,450.25,151600,68427900,0,0
2022-01-26,449.5,450.5,441.75,443.75,149200,66366400,0,0
2022-01-27,448.25,451.5,436,439,190800,84147500,0,0
2022-01-28,442,449,440.25,449,184000,82177600,0,0
2022-01-31,446.75,459.25,444.5,455.5,169600,76731600,0,0
2022-02-01,454,456.25,446.5,447.25,141200,63464500,0,0
2022-02-02,447.25,452,443,449.75,149200,66962700,0,0
2022-02-03,447.5,447.5,438.5,439.5,118000,52121800,0,0
2022-02-04,439.25,447,438.25,446.25,115600,51345000,0,0
2022-02-07,440,443.5,438.25,443.5,209600,92415400,0,0
2022-02-08,443.25,445.25,433.25,435.25,234400,102523300,0,0
2022-02-09,435,438.25,432.75,433.25,205200,89240200,0,0
2022-02-10,435.5,437.25,428,431.75,232800,100447500,0,0
2022-02-14,429.5,429.5,421.25,422.75,302800,128337100,0,0
2022-02-15,425.75,429,421,422.5,227200,96355400,0,0
2022-02-16,422.5,431.5,421.75,430.25,183200,78401700,0,0
2022-02-17,428.25,429.75,424.25,426.5,163600,69914900,0,0
2022-02-18,422.5,431,422.5,430.75,106000,45397000,0,0
2022-02-21,425.25,431,420.75,427.75,226000,96371200,0,0
2022-02-22,424.5,427.75,417.5,423.75,240800,101965100,0,0
2022-02-24,420.5,431.75,420.25,430,211200,90189900,0,0
2022-02-25,434.5,434.5,425,429.75,209200,90003000,0,0
2022-02-28,434.5,445.75,429.25,442.5,286000,126017000,0,0
2022-03-01,443.25,443.25,428.5,430.25,222800,96479900,0,0
2022-03-02,427.75,432.75,424.5,427.5,198400,85021700,0,0
2022-03-03,434.25,435.75,429.25,429.75,156800,67614500,0,0
2022-03-04,428.25,432,422.5,422.75,179600,76341500,0,0
2022-03-07,418,418.75,410.5,412,278400,115208500,0,0
2022-03-08,407.5,410.25,400.25,403,210800,85316400,0,0
2022-03-09,404,408.75,402.75,403.5,161600,65456700,0,0
2022-03-10,417.75,421.25,413.75,418.75,277600,116100000,0,0
2022-03-11,408.75,414.25,407.75,411,198000,81193300,0,0
2022-03-14,413.75,418.25,413.75,414.5,183600,76470700,0,0
2022-03-15,413.25,422.25,413.25,417,258800,107991900,0,0
2022-03-16,420.25,424,417,417.75,247200,103684500,0,0
2022-03-17,425.25,434.5,423.5,432.25,307600,132523300,0,0
2022-03-18,435.75,440.25,430.75,438.25,384800,167726000,0,0
2022-03-22,442.5,442.5,429.5,430.5,237600,102872700,0,0
2022-03-23,435,436,426.25,433.25,277200,120056400,0,0
2022-03-24,432.25,434.5,425.25,434.5,186400,80436200,0,0
2022-03-25,437.25,437.25,427.5,427.5,230000,98920200,0,0
2022-03-28,431.5,433.5,428.5,432.5,180800,78044600,0,0
2022-03-29,432.5,438,430.5,436.5,290400,126235100,0,0
2022-03-30,429.5,429.5,417,422.25,305600,129110400,0,0
2022-03-31,422,430,421.5,425.75,275200,117460100,0,0
2022-04-01,419.25,426.75,418,424.25,106000,44916500,0,0
2022-04-04,425.5,430.75,422.5,428,108000,46197600,0,0
2022-04-05,429.5,431.25,424.5,429,201200,86336700,0,0
2022-04-06,424.25,425.25,420,420,158800,66952200,0,0
2022-04-07,414.25,414.25,409.5,411.25,163600,67282900,0,0
2022-04-08,409.5,410.25,400.25,403,366800,148028900,0,0
2022-04-11,400,402.75,393.75,398.25,271200,108027600,0,0
2022-04-12,395.25,396.5,390.5,391.5,167200,65592700,0,0
2022-04-13,390,397.25,389.5,394.25,212400,83682800,0,0
2022-04-14,395.75,403,395,399.75,129600,51889800,0,0
2022-04-15,395.25,396,391.75,393,146000,57432400,0,0
2022-04-18,389,392.5,382,387.25,194000,74902100,0,0
2022-04-19,390.25,391.25,386.75,387.5,224400,87006300,0,0
2022-04-20,393,395.5,389.5,390.25,213600,83549000,0,0
2022-04-21,391.5,396,391.5,394.5,236800,93318500,0,0
2022-04-22,389,391.5,387.25,390.25,163200,63603200,0,0
2022-04-25,382.75,386.75,382.5,384.5,129600,49738000,0,0
2022-04-26,384.25,386.5,382,383.25,116800,44826500,0,0
2022-04-27,381.25,385.25,379,381,418400,159306000,0,0
2022-04-28,379.5,398.75,379.5,397.75,226400,89280400,0,0
2022-05-02,400,405,388.75,392.75,309600,122383800,0,0
2022-05-06,394.75,400,393.5,398.25,305600,121420300,0,0
2022-05-09,392.5,397,388.5,389.5,348800,136150500,0,0
2022-05-10,393,401.75,390.25,401.75,233200,92615700,0,0
2022-05-11,401.75,403,394,394,250400,99682000,0,0
2022-05-12,390.75,395,389,389,138800,54246900,0,0
2022-05-13,388.75,396.75,388.5,396.75,250400,98279400,0,0
2022-05-16,402,405.25,394.75,395.75,234800,93834800,0,0
2022-05-17,397.25,397.75,393,394.75,133600,52755500,0,0
2022-05-18,392.75,395.25,388.25,392.75,152800,59843200,0,0
2022-05-19,387.5,392.75,386,391.5,109600,42757100,0,0
2022-05-20,390.5,394,388.25,390.75,115600,45196500,0,0
2022-05-23,393.75,394.75,389,391.75,158400,62049500,0,0
2022-05-24,390.5,390.5,385.5,385.5,167600,64996700,0,0
2022-05-25,387,388.75,382,383,165200,63510400,0,0
2022-05-26,382.5,385.25,377.75,377.75,181200,69062200,0,0
2022-05-27,383.25,384.5,380,384,140800,53901800,0,0
2022-05-30,391,394.5,388.5,392.75,423600,166117100,0,0
2022-05-31,391.75,393.25,388,389.75,328000,127932600,0,0
2022-06-01,391.75,394.75,391.75,393.25,177600,69872200,0,0
2022-06-02,394.5,395,389.25,393.25,135600,53251100,0,0
2022-06-03,394,398,393.75,396.5,157200,62330500,0,0
2022-06-06,394.75,396.5,392.5,395.75,192400,76011900,0,0
2022-06-07,398.75,403.25,397.5,400.5,252400,101149700,0,0
2022-06-08,400.5,408,400.5,407.25,178800,72676500,0,0
2022-06-09,404.75,407.5,402.5,402.5,170000,68688200,0,0
2022-06-10,400,403.25,399.25,402.25,286400,114906400,0,0
2022-06-13,400.25,401.75,394.5,399,186000,74091700,0,0
2022-06-14,395,401.75,394.75,399.25,130000,51872700,0,0
2022-06-15,399.5,402.75,399.25,399.75,174000,69758900,0,0
2022-06-16,403.25,407,402.75,403.5,230000,92966500,0,0
2022-06-17,399.5,401.5,396.5,398.25,171200,68254600,0,0
2022-06-20,400.25,403,394.25,394.75,202000,80249500,0,0
2022-06-21,399,403.5,398.5,401.25,124400,49973700,0,0
2022-06-22,406,407,399.75,399.75,116400,46723300,0,0
2022-06-23,399.75,402.5,398.75,399.5,130800,52333800,0,0
2022-06-24,400.75,405.75,400,404.75,159200,64281900,0,0
2022-06-27,412.5,413,406.5,410.25,203200,83138600,0,0
2022-06-28,412.25,413.75,408.25,408.75,234800,96347100,0,0
2022-06-29,405.75,408.5,403,403.75,360000,145720500,0,0
2022-06-30,404.25,405.25,398,402.75,294800,118652400,0,0
2022-07-01,407,408.75,397.25,398.5,226000,90530100,0,0
2022-07-04,405,410.75,403.25,409,206400,84014000,0,0
2022-07-05,410,410,404.5,405,220800,89778900,0,0
2022-07-06,403.75,403.75,399.75,402.5,162000,65037300,0,0
2022-07-07,407,408,401.75,405.25,205200,83179200,0,0
2022-07-08,407,411,405,407.75,357600,145977600,0,0
2022-07-11,416,421,411.25,414.25,446000,185413700,0,0
2022-07-12,411.75,411.75,398.75,399.5,292400,117292700,0,0
2022-07-13,404.25,405.5,400,400.25,148800,59659700,0,0
2022-07-14,400,403.75,398.5,402.5,138800,55709800,0,0
2022-07-15,404.5,405.25,401.25,403.75,95200,38446700,0,0
2022-07-19,408.75,411.75,405.25,411.25,105200,43067000,0,0
2022-07-20,419.5,421.5,417.5,421.25,181600,76312000,0,0
2022-07-21,420,422.25,417.25,421,95200,40044400,0,0
2022-07-22,421.25,427.25,420,425.75,142000,60363800,0,0
2022-07-25,425,425,420.75,421,145200,61319700,0,0
2022-07-26,422.5,428.25,420.75,424.75,155600,66160700,0,0
2022-07-27,425.5,431,425.5,427.5,180400,77218800,0,0
2022-07-28,430,434.25,425.25,431.25,311600,134128700,0,0
2022-07-29,428.75,429,422.25,424.5,266400,113353000,0,0
2022-08-01,454.5,472.5,452.25,472.25,1442000,664728500,0,0
2022-08-02,474.25,474.25,461,467,559200,261099500,0,0
2022-08-03,468.25,473.75,467,469.5,364800,171713300,0,0
2022-08-04,472.5,481.25,471.5,478.5,500400,238924400,0,0
2022-08-05,480,486.75,479.25,483.25,847600,408377500,0,0
2022-08-08,483.25,483.25,476.5,478.5,198000,94896100,0,0
2022-08-09,477.75,477.75,470.75,472,221200,104752000,0,0
2022-08-10,475.75,477.25,472,475,156000,74227800,0,0
2022-08-12,477.75,488,474.25,483.5,347200,168004000,0,0
2022-08-15,486.75,487.25,481,485.5,202400,98319400,0,0
2022-08-16,487,491.25,483,489.75,203200,99224700,0,0
2022-08-17,490.75,503.5,490.75,502.75,370400,184746400,0,0
2022-08-18,497,506.75,491.75,503.25,329200,165594600,0,0
2022-08-19,502.5,508.25,500.5,501.25,270400,136244700,0,0
2022-08-22,496.5,505.25,493.25,502.5,175200,87989700,0,0
2022-08-23,501,501,493.75,493.75,101200,50292800,0,0
2022-08-24,494.25,497.75,489.75,497,269600,133421400,0,0
2022-08-25,498.75,506.25,497,503.75,199200,100122500,0,0
2022-08-26,503.5,505,499.25,503,152000,76387800,0,0
2022-08-29,490.5,495.75,489.75,492.5,321200,158340100,0,0
2022-08-30,496,500,495,500,177200,88206400,0,0
2022-08-31,491.5,502,491.25,502,208400,104085500,0,0
2022-09-01,505,518.5,501,502,374800,189605000,0,0
2022-09-02,504.75,504.75,498,500,240800,120391400,0,0
2022-09-05,494.75,500,494.25,496.5,138400,68708700,0,0
2022-09-06,496.5,508,495.25,504.5,261200,131562100,0,0
2022-09-07,504.5,504.5,493,497,134400,66713200,0,0
2022-09-08,507,510.25,503,509.25,230800,117249800,0,0
2022-09-09,506,513.25,504.5,512.75,262400,133911100,0,0
2022-09-12,517.5,517.5,507.75,509.75,130800,66897200,0,0
2022-09-13,511,513.75,507.5,507.75,124000,63080100,0,0
2022-09-14,493.5,501,490,495.5,158400,78685500,0,0
2022-09-15,495.5,500.25,493.75,499.25,126400,62901700,0,0
2022-09-16,496.25,500.5,491.5,491.75,349200,172259200,0,0
2022-09-20,491.75,502.75,491.75,498.25,161600,80480200,0,0
2022-09-21,494.5,494.5,486.5,487,160000,78134100,0,0
2022-09-22,482.5,488.5,480.75,486.75,149600,72612800,0,0
2022-09-26,484.5,486,479.75,483.5,222400,107534000,0,0
2022-09-27,482.75,487,481.5,483.25,221200,107001300,0,0
2022-09-28,483.5,494.25,481.25,492.25,358800,175227000,0,0
2022-09-29,501,502,493.5,500.5,222000,110845900,0,0
2022-09-30,494.5,500,492,497.25,252400,125507400,0,0
2022-10-03,493.75,499.5,488.5,496.5,322400,159237500,0,0
2022-10-04,500.5,512.5,500.5,509.25,278800,141711900,0,0
2022-10-05,512.5,515,509.25,511.5,278000,142399000,0,0
2022-10-06,513.5,520.75,512,518.5,232800,120633100,0,0
2022-10-07,514,514.5,508.75,512.75,179600,92065300,0,0
2022-10-11,504.75,506,494.5,497.75,293200,146247700,0,0
2022-10-12,497.75,500.5,492.5,499.5,161200,80347600,0,0
2022-10-13,499.5,503.5,495,498,228800,114118100,0,0
2022-10-14,503.75,513,500.5,509,202800,103181700,0,0
2022-10-17,503.75,507,501.25,505.75,119200,60224400,0,0
2022-10-18,512.5,514.25,509.25,514.25,147200,75425500,0,0
2022-10-19,512,523.5,511.25,520.5,212400,110514100,0,0
2022-10-20,515.25,520.5,514.25,517.25,145200,75035300,0,0
2022-10-21,515,515.75,511,512.25,282400,144957900,0,0
2022-10-24,527.5,529.5,519.5,521.75,268000,140344500,0,0
2022-10-25,525,532.25,523.75,529.25,306800,162145500,0,0
2022-10-26,531.25,535,530,531.5,269200,143333300,0,0
2022-10-27,527,528.25,523.5,525.75,272000,143088300,0,0
2022-10-28,518.5,518.75,504.25,512.25,1010800,517577100,0,0
2022-10-31,524.75,536,515.25,530.75,607600,321523200,0,0
2022-11-01,533.5,535.75,518,520.75,352800,184943200,0,0
2022-11-02,519.25,519.25,510,515.5,805600,414810900,0,0
2022-11-04,515,517.25,506.25,509.5,262400,133726200,0,0
2022-11-07,513.75,515.25,508.5,509.75,285600,146102600,0,0
2022-11-08,510,513.25,506.25,506.25,281600,143342300,0,0
2022-11-09,510.5,512.25,506.25,511.25,208800,106478600,0,0
2022-11-10,510,511.5,504.75,507,236400,120012400,0,0
2022-11-11,512.5,513.25,505.5,509.5,202800,103335700,0,0
2022-11-14,510.75,511.75,502.5,502.5,235600,119508300,0,0
2022-11-15,499,503.25,484,500.25,108800,54417000,0,0
2022-11-16,501,506.25,498.5,504,90400,45553900,0,0
2022-11-17,504,507,498.75,500,148800,74578700,0,0
2022-11-18,504,504,495,499.25,380800,189785700,0,0
2022-11-21,502,506.25,502,504.5,101600,51224100,0,0
2022-11-22,506,514.5,506,511.25,206800,105611700,0,0
2022-11-24,512.75,521.25,512.75,519,153600,79658800,0,0
2022-11-25,520,520,514,515.5,110000,56832300,0,0
2022-11-28,519.5,521.25,512.75,515.5,209200,107962400,0,0
2022-11-29,510,515.25,508.25,513.5,160000,82095500,0,0
2022-11-30,510.25,515.25,508.25,514.75,262000,134486300,0,0
2022-12-01,514.75,515.5,506.5,508.75,143200,73001100,0,0
2022-12-02,508.75,508.75,497.75,500,218800,109508700,0,0
2022-12-05,496.75,500,493.75,496,176800,87742200,0,0
2022-12-06,493.75,498.5,493.75,496,167200,82953800,0,0
2022-12-07,494.25,498.75,494.25,495.5,146400,72638200,0,0
2022-12-08,496.25,497.5,489,495,252800,124954000,0,0
2022-12-09,495,501.5,495,500,114000,56854600,0,0
2022-12-12,500.5,501.75,497.5,498,134800,67322500,0,0
2022-12-13,502.5,504.75,499,500.5,81600,40915700,0,0
2022-12-14,502.25,504.75,501,504.25,59600,30030000,0,0
2022-12-15,502.5,509,501.25,506,59200,29946800,0,0
2022-12-16,501.75,503,498.25,500.5,144800,72474200,0,0
2022-12-19,497.5,497.5,494.25,494.25,120400,59650300,0,0
2022-12-20,495,496.5,480.75,483,259200,125899600,0,0
2022-12-21,483.5,483.75,474.5,477.5,210400,100633600,0,0
2022-12-22,481,482.75,476.25,482.75,187200,89975500,0,0
2022-12-23,478.5,480,476.25,479.5,84800,40601000,0,0
2022-12-26,484.75,484.75,476.5,480.5,136000,65163500,0,0
2022-12-27,480.5,483.75,479,480.75,112800,54300500,0,0
2022-12-28,480.75,484,478.75,483.5,143600,69223200,0,0
2022-12-29,480,486.5,477.25,485,141600,68488500,0,0
2022-12-30,488,494.5,485.75,487.5,176400,86290700,0,0
2023-01-04,491,491,478.25,478.25,160000,76822100,0,0
2023-01-05,474.5,475.5,468.75,472.75,182400,86185400,0,0
2023-01-06,465.75,470.5,463,469.75,232400,108639800,0,0
2023-01-10,470.25,473.5,467.75,469,148800,69935500,0,0
2023-01-11,471.75,478,471.75,478,128000,61020000,0,0
2023-01-12,479,479.75,476.25,478.5,100000,47839000,0,0
2023-01-13,475,480.25,473.5,474.75,139600,66397700,0,0
2023-01-16,470.25,473.75,469,469.75,95600,44991500,0,0
2023-01-17,473,477.75,472.75,476.5,103600,49337100,0,0
2023-01-18,478.75,497.5,476.5,483.5,128400,61967000,0,0
2023-01-19,483.5,483.5,477,477.75,87600,41971300,0,0
2023-01-20,476.75,482.75,476.75,479.75,78800,37758600,0,0
2023-01-23,484.25,487.5,483.5,486.5,107200,52071500,0,0
2023-01-24,491.25,494.5,487.5,493,125600,61835000,0,0
2023-01-25,493.75,494.75,490.25,492.75,117200,57767600,0,0
2023-01-26,492.75,495.75,492,494.25,122800,60707300,0,0
2023-01-27,497,498,492.75,496.5,152800,75749000,0,0
2023-01-30,497.5,498.5,493.25,494.25,275600,136634100,0,0
2023-01-31,494.25,509.25,494.25,506.25,268400,135671900,0,0
2023-02-01,543.75,560,530.25,535,722800,390757400,0,0
2023-02-02,536.5,553.75,531.75,535.25,392000,212021300,0,0
2023-02-03,535.25,536,529.25,532.25,136400,72626100,0,0
2023-02-06,533.5,534.5,521.5,524.25,250400,131709100,0,0
2023-02-07,524.5,527.25,520,526.75,122800,64441600,0,0
2023-02-08,524.25,528,521,522.75,96800,50637900,0,0
2023-02-09,520,528.25,520,527,75200,39571200,0,0
2023-02-10,529.25,533,524.5,528,111600,59102700,0,0
2023-02-13,530.25,531,522.75,523.5,82000,43106900,0,0
2023-02-14,531,534.25,528.75,533.5,104800,55797600,0,0
2023-02-15,532,536,530,533.5,152800,81429400,0,0
2023-02-16,537.5,537.5,528,530.75,156800,83208400,0,0
2023-02-17,525,530.25,525,529.75,127200,67205000,0,0
2023-02-20,531,537.75,531,535.75,203200,108863200,0,0
2023-02-21,536.75,541,535.5,539.75,150800,81296300,0,0
2023-02-22,536.25,536.25,527.75,528.75,107200,56823400,0,0
2023-02-24,529.25,535,529.25,534.5,102800,54843100,0,0
2023-02-27,537.5,540.25,536.5,538.75,108800,58536300,0,0
2023-02-28,540,546.5,538.25,541.5,370400,200838900,0,0
2023-03-01,539.5,548.75,539.5,542.5,169200,92036300,0,0
2023-03-02,540.25,546.25,537.75,539.5,108000,58353400,0,0
2023-03-03,543.5,547.5,538.5,546.75,218800,119236600,0,0
2023-03-06,546.75,547.25,539.75,546.75,241200,131522300,0,0
2023-03-07,546.75,557.25,545.25,555.75,237600,131552600,0,0
2023-03-08,555.25,563,552.5,558.5,190400,106477400,0,0
2023-03-09,561.5,565.75,560.5,564.25,181600,102386000,0,0
2023-03-10,552.75,563.5,550,550,275600,152362800,0,0
2023-03-13,547.25,547.5,534.25,541.25,106400,57353100,0,0
2023-03-14,528.75,529.75,515,521.25,164000,85415600,0,0
2023-03-15,525.5,536,525.5,529.75,99200,52545600,0,0
2023-03-16,515.25,517.75,512.25,517,172000,88733700,0,0
2023-03-17,525,527.25,518.25,520.75,118800,61899500,0,0
2023-03-20,515,517.25,511.25,511.75,94400,48410000,0,0
2023-03-22,524.25,525.5,520,521.75,112400,58718200,0,0
2023-03-23,517.5,522.5,513.5,522.25,72800,37870500,0,0
2023-03-24,520,525.75,516.5,523,87200,45505100,0,0
2023-03-27,525.5,529,523.75,526.75,125600,66182100,0,0
2023-03-28,534,534,528,528,144000,76286900,0,0
2023-03-29,533,544.5,531.75,543,330000,178188500,0,0
2023-03-30,525.75,527.25,514,522.25,211600,110206400,0,0
2023-03-31,528.25,531.75,524.25,530,173200,91635600,0,0
2023-04-03,535,535,528.25,530.75,120000,63692800,0,0
2023-04-04,531.5,536.75,527.5,536.25,244400,130497800,0,0
2023-04-05,528.5,528.5,517,517.25,167600,87415200,0,0
2023-04-06,514.25,514.25,504,505.5,144400,73135900,0,0
2023-04-07,507.25,512.5,505.5,510.75,92400,47150000,0,0
2023-04-10,516.25,517,509.5,512,99600,51113200,0,0
2023-04-11,518,518,510.25,512.5,99600,51064400,0,0
2023-04-12,514,520.75,513.5,519.5,84000,43607600,0,0
2023-04-13,513.5,523.25,513.5,522.75,90800,47330300,0,0
2023-04-14,525,529.25,524.5,528,110800,58405600,0,0
2023-04-17,534.5,534.5,529.25,532.5,73200,38953100,0,0
2023-04-18,534.5,538.75,532.75,535.75,118400,63460200,0,0
2023-04-19,532.25,535.25,531,534.5,95200,50802400,0,0
2023-04-20,530,534.5,530,533.25,55600,29620900,0,0
2023-04-21,533,538.5,530,532,112400,59967100,0,0
2023-04-24,539.75,544.25,537.5,539.75,106400,57580800,0,0
2023-04-25,542.5,549,542.5,545,128400,70054100,0,0
2023-04-26,537.75,539.25,530.5,531.5,151200,80854600,0,0
2023-04-27,529.25,531.75,523.5,525.5,159600,83901600,0,0
2023-04-28,533.75,541.5,532.25,541,186800,100612200,0,0
2023-05-01,540,551,534.75,548.75,279200,151896800,0,0
2023-05-02,552.5,553.5,544.25,544.25,147600,80727900,0,0
2023-05-08,550,561.75,549.75,550.25,242000,133773000,0,0
2023-05-09,554.5,561.75,554.5,559.5,204400,114261000,0,0
2023-05-10,560.75,562,552,559.25,160800,89669800,0,0
2023-05-11,555.25,560.75,553.5,557,121600,67735500,0,0
2023-05-12,560.75,567.25,557,565.25,178400,100689100,0,0
2023-05-15,571.5,581.75,569.25,577.5,259200,149328200,0,0
2023-05-16,585,585,580,583,169600,98859300,0,0
2023-05-17,577.75,584.25,577.75,580.25,256800,149430100,0,0
2023-05-18,583.75,587.25,580,584.5,201600,117694800,0,0
2023-05-19,585.75,590.5,582,586.5,264800,155610700,0,0
2023-05-22,588,591.25,586.25,590.5,211200,124283400,0,0
2023-05-23,590,594,583.5,588,214800,126332600,0,0
2023-05-24,588,589.25,580.75,580.75,107600,62802200,0,0
2023-05-25,581.25,584.75,579,583.75,100400,58511700,0,0
2023-05-26,583.75,585.75,578,578,194000,112573400,0,0
2023-05-29,583,588.75,583,584.25,161600,94587900,0,0
2023-05-30,583.75,583.75,575.5,577.75,193600,112170700,0,0
2023-05-31,571,572.75,559.25,560,402800,226899400,0,0
2023-06-01,559.75,563.75,558.75,559.5,134000,75048200,0,0
2023-06-02,566.5,575,566.5,574,110800,63407400,0,0
2023-06-05,586.5,587.25,581.75,583.75,155200,90731700,0,0
2023-06-06,574,583.5,574,583.25,140800,81721500,0,0
2023-06-07,586.25,586.75,576,578,295600,171497500,0,0
2023-06-08,574.5,581.25,572.5,576.5,275600,158668800,0,0
2023-06-09,586.25,591.75,581,591,371600,218437400,0,0
2023-06-12,596.5,607.5,596.5,607.5,299200,180545200,0,0
2023-06-13,611,617.5,611,615.5,270000,165968700,0,0
2023-06-14,619.75,620.75,602.5,609.5,263200,160367800,0,0
2023-06-15,618.5,629.25,615.5,624.75,261600,163386200,0,0
2023-06-16,624.75,624.75,620.25,621,419600,261056500,0,0
2023-06-19,625,630.5,622.25,630.5,170000,106741900,0,0
2023-06-20,630,644,630,644,349600,224038900,0,0
2023-06-21,634.75,646.25,634.75,643.5,252800,162658700,0,0
2023-06-22,647.5,653.25,645.25,646.25,183600,119025700,0,0
2023-06-23,647.5,657.75,633.5,637.75,194000,124548000,0,0
2023-06-26,641,649.75,632.75,642.75,186800,119946300,0,0
2023-06-27,638.25,641.25,630,636.5,187200,118815200,0,0
2023-06-28,643,656,639,655.25,276800,180165000,0,0
2023-06-29,659.5,669,659.5,663.5,385600,255895100,0,0
2023-06-30,663.5,665,650.75,659.75,309200,203593700,0,0
2023-07-03,680,690,675,687,401600,275117500,0,0
2023-07-04,676.25,681.5,676.25,679,216400,146824900,0,0
2023-07-05,675,677.75,671.75,674.75,205200,138442100,0,0
2023-07-06,671.25,674,666,670,176000,117966600,0,0
2023-07-07,663.75,670.5,651.5,665.25,299600,198932200,0,0
2023-07-10,669,677.5,663,663.5,418400,279682800,0,0
2023-07-11,664.75,665,655,655.25,148000,97472600,0,0
2023-07-12,654.75,656,636.75,639,271200,173949300,0,0
2023-07-13,639.25,640.75,628,634,158800,100873400,0,0
2023-07-14,639.25,642.5,634,641.5,251200,160545400,0,0
2023-07-18,650,661.5,648,657.75,303600,199341500,0,0
2023-07-19,668.75,669.5,657.5,661.25,165600,109594400,0,0
2023-07-20,659,660.75,646.5,646.5,122800,79880500,0,0
2023-07-21,649.25,649.25,637.25,639,128400,82136600,0,0
2023-07-24,649,662.5,646.75,651,194000,126489400,0,0
2023-07-25,657,657,647.25,652,244800,159325600,0,0
2023-07-26,654.25,654.25,646.25,647.25,167600,108713000,0,0
2023-07-27,649,652,642.5,650.25,264400,171277900,0,0
2023-07-28,646.25,658.75,646,657.5,409600,267493700,0,0
2023-07-31,668.75,671.5,660.5,665,921600,614617000,0,0
2023-08-01,740,740,698.25,701.75,852400,608218600,0,0
2023-08-02,698,704.5,687.75,697.5,404800,282278800,0,0
2023-08-03,689.25,693.75,684.25,688,286000,197197700,0,0
2023-08-04,687.25,704.75,686,703.25,454400,318528800,0,0
2023-08-07,697.75,700.5,685.5,695.25,669600,466090600,0,0
2023-08-08,704.75,708.25,698.75,699,182400,127957300,0,0
2023-08-09,697.75,698,690.75,696,158800,110443200,0,0
2023-08-10,697.5,707,693.75,705.25,168800,118521800,0,0
2023-08-14,697.75,700.5,691.5,694.25,197200,137008600,0,0
2023-08-15,694,697,690.25,692.75,184400,128014200,0,0
2023-08-16,681.75,687.75,679,683.5,161600,110532800,0,0
2023-08-17,683.5,684.25,673.75,683.25,154800,105316900,0,0
2023-08-18,684.25,688,668.5,674.5,258800,174688200,0,0
2023-08-21,670.25,676.75,669.25,669.5,190000,127713400,0,0
2023-08-22,674.25,674.25,661,663.75,174800,116081400,0,0
2023-08-23,663.75,665.75,660.25,665.75,239600,159133400,0,0
2023-08-24,669.25,670.5,665.25,665.5,248800,166112900,0,0
2023-08-25,660,661,654.75,657.25,184400,121238300,0,0
2023-08-28,664,667,658.5,666,129600,85986200,0,0
2023-08-29,669.25,671,665.25,671,120000,80306100,0,0
2023-08-30,669.75,681.25,668,680.5,374800,254082900,0,0
2023-08-31,680.5,688,677.5,685,191200,130929300,0,0
2023-09-01,684.25,692.5,681.25,688.75,144000,99138800,0,0
2023-09-04,689.25,699.5,688.25,699.5,189600,131871900,0,0
2023-09-05,695.25,698.75,689.25,698.25,246000,171103300,0,0
2023-09-06,698.25,702.25,696,700.5,168800,118041000,0,0
2023-09-07,700.75,703.75,692.5,693.75,246000,171486000,0,0
2023-09-08,681.25,683,672.5,673,372000,251888500,0,0
2023-09-11,677.25,682,670.5,673,263200,177749500,0,0
2023-09-12,680,680,671.75,678.75,211200,142786000,0,0
2023-09-13,678.5,686.75,676,684,394400,269154300,0,0
2023-09-14,687.5,688.75,679.25,682.25,198400,135528400,0,0
2023-09-15,683,695,683,687.25,320000,220284000,0,0
2023-09-19,690.75,695.5,687.5,695.25,232000,160573500,0,0
2023-09-20,695.75,697.5,674.25,674.75,259200,176264700,0,0
2023-09-21,673.5,679,670.5,671.5,232400,156455300,0,0
2023-09-22,667.5,676.75,664.25,673,273200,183437300,0,0
2023-09-25,678.75,684.25,674,680.5,186000,126665600,0,0
2023-09-26,693,698.5,686,690,328400,227442800,0,0
2023-09-27,685.5,698.25,675,697.5,358000,247804800,0,0
2023-09-28,698.25,707,694.75,700.5,330000,231050900,0,0
2023-09-29,700.25,703,683,685.75,289200,199181100,0,0
2023-10-02,693.25,696,673,673,488800,333765800,0,0
2023-10-03,667,667,653.25,653.75,326800,215194500,0,0
2023-10-04,650,650.25,642,645,400400,258825400,0,0
2023-10-05,652,653,643,653,332800,216257400,0,0
2023-10-06,653,657.75,646.25,646.25,243200,157962600,0,0
2023-10-10,662.5,662.5,654.5,657,378000,248733300,0,0
2023-10-11,657,657,649.25,649.75,302000,197043800,0,0
2023-10-12,651.75,668.25,649.5,665.25,559200,369219600,0,0
2023-10-13,661.75,663.75,652,655.5,342800,225444200,0,0
2023-10-16,650,651,637.75,640.75,220400,141674000,0,0
2023-10-17,645,651.75,641,645,169600,109396300,0,0
2023-10-18,650,650,638,643.25,167200,107367400,0,0
2023-10-19,635.75,644.25,632.25,638.75,142400,91092000,0,0
2023-10-20,632.25,638.5,630.75,633.5,185200,117597300,0,0
2023-10-23,634,635.25,623.75,624.5,229200,143723900,0,0
2023-10-24,624.5,624.5,604,618.75,405600,249116400,0,0
2023-10-25,626,628.75,618.75,619,283600,176535500,0,0
2023-10-26,619.75,620,605,608.25,300800,183314900,0,0
2023-10-27,617.5,625,614.25,625,310800,193075300,0,0
2023-10-30,617.75,621,609.25,614,1622400,996599200,0,0
2023-10-31,616.5,632.25,610,632.25,584800,365032500,0,0
2023-11-01,636,661.5,636,660,770000,501528400,0,0
2023-11-02,665.25,679.5,664.75,678.25,520800,351006500,0,0
2023-11-06,687.5,710,687.5,706.75,528800,370886400,0,0
2023-11-07,702,717,700.25,707.25,339200,240531800,0,0
2023-11-08,710,710,696.75,705,348000,244978300,0,0
2023-11-09,706.5,713,703,710.25,240400,170656000,0,0
2023-11-10,707.75,710.5,700,703,326800,230067500,0,0
2023-11-13,703,705.75,684,686,342800,236079200,0,0
2023-11-14,686,704.75,685.75,695.5,338800,236723400,0,0
2023-11-15,700,700,684,698.75,330800,229127500,0,0
2023-11-16,692,699.25,689,695,196400,136387300,0,0
2023-11-17,700,716.25,699,716.25,218000,154676100,0,0
2023-11-20,718.5,726.25,714,714,227600,163254000,0,0
2023-11-21,711.75,721.75,710.25,720,206400,148086400,0,0
2023-11-22,720,729.25,713,715.25,237200,170698000,0,0
2023-11-24,716.75,720,708.75,713.5,192800,137549100,0,0
2023-11-27,714.75,715,703.25,706,160000,113079700,0,0
2023-11-28,702.75,705.5,693.75,699.5,207600,145230000,0,0
2023-11-29,700.75,704.5,697.25,701.75,212800,149244600,0,0
2023-11-30,700.5,704.75,696,703.5,339200,237895200,0,0
2023-12-01,708.25,717.5,708.25,714.25,262800,187622600,0,0
2023-12-04,713.75,713.75,701,710.25,330000,233896000,0,0
2023-12-05,703.75,713.5,703.75,707.25,265600,188436400,0,0
2023-12-06,709,736,709,734.25,409200,298323800,0,0
2023-12-07,735.25,736.75,728.5,733.25,337600,247505600,0,0
2023-12-08,732.25,732.75,719,724.5,510400,370868200,0,0
2023-12-11,748.5,750,741,745.25,341600,254702100,0,0
2023-12-12,745.75,762.5,744,750,409600,308049100,0,0
2023-12-13,750,751.25,741.25,745.25,298800,223075100,0,0
2023-12-14,750,750,728,732.75,299600,220225700,0,0
2023-12-15,735.5,742.75,734,741,243200,179826300,0,0
2023-12-18,735.5,740.25,724.75,735.5,163600,119982600,0,0
2023-12-19,737.5,741.25,731,738.75,220000,161967800,0,0
2023-12-20,749.5,760,748.75,753.75,363600,274084900,0,0
2023-12-21,746,757.5,746,748,221200,166357200,0,0
2023-12-22,750,762.5,750,761.25,309200,234717000,0,0
2023-12-25,778.75,791.25,768.75,771.25,595200,462947000,0,0
2023-12-26,776.25,795,771.25,792.5,355600,280322000,0,0
2023-12-27,798.75,808.75,790,806.25,319200,256147500,0,0
2023-12-28,805,816.25,800,812.5,309600,251100000,0,0
2023-12-29,812.5,825,810,821.25,409600,335954000,0,0
2024-01-04,821.25,821.25,792.5,802.5,384000,308127000,0,0
2024-01-05,802.5,808.75,790,797.5,275200,219513000,0,0
2024-01-09,802.5,811.25,800,805,242000,194582000,0,0
2024-01-10,810,822.5,810,815,289600,236241500,0,0
2024-01-11,825,827.5,820,821.25,233200,192017000,0,0
2024-01-12,828.75,830,812.5,821.25,241600,198086500,0,0
2024-01-15,822.5,848.75,822.5,843.75,241600,202732000,0,0
2024-01-16,846.25,846.25,826.25,830,234000,194737500,0,0
2024-01-17,841.25,851.25,832.5,832.5,258000,217156000,0,0
2024-01-18,828.75,843.75,828.75,840,256000,214516500,0,0
2024-01-19,850,850,830,833.75,229200,191673000,0,0
2024-01-22,838.75,845,836.25,840,112800,94738000,0,0
2024-01-23,838.75,845,832.5,836.25,200800,168452500,0,0
2024-01-24,830,830,817.5,817.5,232800,191297500,0,0
2024-01-25,812.5,836.25,812.5,831.25,280400,232736500,0,0
2024-01-26,826.25,828.75,813.75,813.75,206800,169508500,0,0
2024-01-29,818.75,832.5,818.75,828.75,180800,149873500,0,0
2024-01-30,826.25,830,822.5,826.25,297600,245982000,0,0
2024-01-31,820,825,815,825,284400,233475500,0,0
2024-02-01,817.5,817.5,795,810,382800,309649500,0,0
2024-02-02,810,816.25,802.5,808.75,212400,172298500,0,0
2024-02-05,821.25,823.75,816.25,817.5,183600,150489000,0,0
2024-02-06,810,810,777.5,777.5,272400,215158000,0,0
2024-02-07,776.25,791.25,776.25,785,190800,150078000,0,0
2024-02-08,785,797.5,782.5,790,263600,208079000,0,0
2024-02-09,787.5,795,778.75,780,157600,123624000,0,0
2024-02-13,795,797.5,781.25,795,239200,189640000,0,0
2024-02-14,787.5,788.75,776.25,783.75,229200,179203500,0,0
2024-02-15,795,795,776.25,781.25,264000,206465000,0,0
2024-02-16,792.5,792.5,778.75,778.75,224400,175454000,0,0
2024-02-19,775,777.5,766.25,775,238000,183591000,0,0
2024-02-20,785,792.5,780,783.75,256000,201283500,0,0
2024-02-21,781.25,788.75,773.75,777.5,118400,92162500,0,0
2024-02-22,775,781.25,761.25,768.75,327600,251557500,0,0
2024-02-26,772.5,775,762.5,767.5,236400,181211000,0,0
2024-02-27,771.25,776.25,767.5,771.25,252400,194847500,0,0
2024-02-28,771.25,781.25,767.5,778.75,242800,188635500,0,0
2024-02-29,786.25,803.75,786.25,796.25,463600,369181000,0,0
2024-03-01,792.5,792.5,783.75,787.5,192800,151795000,0,0
2024-03-04,790,790,777.5,780,242800,189700000,0,0
2024-03-05,770,782.5,768.75,777.5,191600,148798500,0,0
2024-03-06,785,796.25,778.75,788.75,314000,247854500,0,0
2024-03-07,792.5,796.25,776.25,782.5,350000,274659000,0,0
2024-03-08,777.5,800,777.5,796.25,268000,211257000,0,0
2024-03-11,786.25,788.75,771.25,781.25,309600,241164000,0,0
2024-03-12,770,795,770,793.75,270800,212366000,0,0
2024-03-13,800,800,781.25,790,174400,137440000,0,0
2024-03-14,790,791.25,778.75,790,218000,171478000,0,0
2024-03-15,788.75,801.25,783.75,798.75,577600,460159000,0,0
2024-03-18,810,821.25,805,816.25,362400,295441000,0,0
2024-03-19,815,825,808.75,823.75,320400,262233000,0,0
2024-03-21,841.25,843.75,828.75,830,321600,268325000,0,0
2024-03-22,832.5,842.5,827.5,840,290000,242643000,0,0
2024-03-25,838.75,841.25,826.25,827.5,338400,281572000,0,0
2024-03-26,823.75,830,818.75,826.25,330400,272746000,0,0
2024-03-27,836.25,840,825,832.5,500000,416468000,0,0
2024-03-28,801.25,812.5,795,795,346000,276809500,0,0
2024-03-29,795,817.5,795,813.75,344800,279395500,0,0
2024-04-01,806.25,813.75,795,796.25,183200,146996000,0,0
2024-04-02,791.25,791.25,777.5,785,237600,186243000,0,0
2024-04-03,785,798.75,775,793.75,306000,242571000,0,0
2024-04-04,802.5,807.5,793.75,801.25,250400,200849500,0,0
2024-04-05,787.5,801.25,787.5,801.25,192800,153515500,0,0
2024-04-08,808.75,808.75,795,800,285600,229044000,0,0
2024-04-09,800,817.5,800,812.5,225200,182466000,0,0
2024-04-10,815,827.5,811.25,825,284000,233606500,0,0
2024-04-11,825,825,813.75,823.75,155600,127730000,0,0
2024-04-12,827.5,832.5,815,818.75,198800,163914000,0,0
2024-04-15,812.5,822.5,808.75,822.5,163200,133353000,0,0
2024-04-16,812.5,815,795,807.5,244400,196684000,0,0
2024-04-17,812.5,812.5,793.75,806.25,219600,176752000,0,0
2024-04-18,806.25,811.25,796.25,810,169600,136739000,0,0
2024-04-19,801.25,805,776.25,790,302400,238746500,0,0
2024-04-22,797.5,802.5,790,800,244000,194555500,0,0
2024-04-23,805,807.5,795,797.5,128000,102406500,0,0
2024-04-24,800,821.25,800,810,268000,217462500,0,0
2024-04-25,806.25,808.75,787.5,793.75,219200,174089500,0,0
2024-04-26,800,821.25,785,818.75,405200,328597500,0,0
2024-04-30,858.75,892.5,850,882.5,1002400,879686000,0,0
2024-05-01,871.25,906.25,866.25,900,529200,473038500,0,0
2024-05-02,913.75,936.25,902.5,930,385200,355051500,0,0
2024-05-07,922.5,927.5,913.75,922.5,280800,258311500,0,0
2024-05-08,925,925,912.5,917.5,219200,201151500,0,0
2024-05-09,925,925,896.25,896.25,252400,228556500,0,0
2024-05-10,906.25,906.25,891.25,897.5,274800,246617500,0,0
2024-05-13,895,895,877.5,885,232400,205335500,0,0
2024-05-14,876.25,876.25,841.25,845,281600,239068500,0,0
2024-05-15,850,852.5,831.25,831.25,239600,201206000,0,0
2024-05-16,842.5,852.5,835,846.25,250400,211792500,0,0
2024-05-17,853.75,885,845,882.5,341200,298573000,0,0
2024-05-20,891.25,898.75,878.75,892.5,272400,242295500,0,0
2024-05-21,892.5,908.75,892.5,900,251200,226344500,0,0
2024-05-22,898.75,903.75,880,886.25,289200,257460500,0,0
2024-05-23,882.5,907.5,877.5,902.5,270800,243577500,0,0
2024-05-24,885,912.5,885,901.25,246400,222766500,0,0
2024-05-27,907.5,917.5,902.5,917.5,261200,238151500,0,0
2024-05-28,918.75,920,901.25,902.5,204400,186125000,0,0
2024-05-29,910,911.25,893.75,897.5,235200,211994500,0,0
2024-05-30,882.5,913.75,861.25,913.75,426000,383438000,0,0
2024-05-31,922.5,935,916.25,935,641600,596694500,0,0
2024-06-03,926.25,933.75,918.75,930,194400,180398000,0,0
2024-06-04,920,936.25,920,921.25,154400,143185000,0,0
2024-06-05,917.5,931.25,908.75,923.75,377600,348508500,0,0
2024-06-06,933.75,935,906.25,910,226800,207424500,0,0
2024-06-07,910,942.5,910,940,315200,293609500,0,0
2024-06-10,955,963.75,947.5,951.25,270800,258437500,0,0
2024-06-11,953.75,961.25,942.5,946.25,192800,183137000,0,0
2024-06-12,950,970,950,955,317200,304202500,0,0
2024-06-13,958.75,958.75,941.25,946.25,238400,226172500,0,0
2024-06-14,953.75,982.5,953.75,982.5,417600,404447500,0,0
2024-06-17,972.5,976.25,948.75,962.5,362400,349922000,0,0
2024-06-18,982.5,983.75,967.5,971.25,229600,223505000,0,0
2024-06-19,962.5,976.25,957.5,968.75,299600,289359500,0,0
2024-06-20,953.75,962.5,937.5,943.75,497200,470889000,0,0
2024-06-21,947.5,950,925,927.5,682800,637390000,0,0
2024-06-24,940,940,926.25,927.5,322800,300699500,0,0
2024-06-25,927.5,957.5,927.5,948.75,250800,237520500,0,0
2024-06-26,953.75,966.25,947.5,963.75,238000,228442500,0,0
2024-06-27,962.5,977.5,958.75,963.75,251200,242778500,0,0
2024-06-28,961.25,966.25,952.5,961.25,342000,328157000,0,0
2024-07-01,966.25,973.75,942.5,950,357600,342350500,0,0
2024-07-02,950,955,942.5,955,215200,204713000,0,0
2024-07-03,955,961.25,947.5,950,263600,251261500,0,0
2024-07-04,952.5,970,946.25,967.5,223600,214970000,0,0
2024-07-05,967.5,967.5,931.25,931.25,233600,220749500,0,0
2024-07-08,931.25,941.25,923.75,925,275200,255572000,0,0
2024-07-09,925,941.25,925,935,278000,259771000,0,0
2024-07-10,946.25,946.25,925,937.5,394800,370723000,0,0
2024-07-11,946.25,948.75,933.75,940,225600,212623000,0,0
2024-07-12,927.5,951.25,927.5,940,216000,202988000,0,0
2024-07-16,940,952.5,938.75,941.25,153600,144829000,0,0
2024-07-17,946.25,957.5,942.5,943.75,172400,163357500,0,0
2024-07-18,927.5,945,927.5,932.5,156400,146423500,0,0
2024-07-19,936.25,943.75,926.25,936.25,207600,193916000,0,0
2024-07-22,926.25,931.25,911.25,917.5,218400,200554500,0,0
2024-07-23,926.25,931.25,906.25,908.75,242400,221643500,0,0
2024-07-24,903.75,915,897.5,898.75,289600,261698500,0,0
2024-07-25,885,891.25,872.5,886.25,348400,307707500,0,0
2024-07-26,886.25,897.5,883.75,886.25,162800,144933000,0,0
2024-07-29,903.75,923.75,898.75,923.75,341200,313553000,0,0
2024-07-30,925,930,913.75,930,691600,639465000,0,0
2024-07-31,928.75,950,917.5,950,350400,329769500,0,0
2024-08-01,932.5,943.75,897.5,898.75,442400,404161500,0,0
2024-08-02,865,868.75,845,847.5,435600,371511000,0,0
2024-08-05,831.25,831.25,751.25,773.75,1068400,862431500,0,0
2024-08-06,826.25,867.5,813.75,850,422800,357318000,0,0
2024-08-07,828.75,877.5,828.75,846.25,385600,329397500,0,0
2024-08-08,828.75,853.75,821.25,840,210000,176181000,0,0
2024-08-09,857.5,865,827.5,847.5,268800,228418000,0,0
2024-08-13,855,878.75,853.75,873.75,208000,180684500,0,0
2024-08-14,886.25,898.75,877.5,890,207200,183951000,0,0
2024-08-15,893.75,893.75,878.75,878.75,173200,152769500,0,0
2024-08-16,888.75,897.5,882.5,893.75,142000,126674000,0,0
2024-08-19,876.25,891.25,866.25,866.25,169600,148242000,0,0
2024-08-20,866.25,876.25,862.5,871.25,194000,168953000,0,0
2024-08-21,862.5,900,855,890,176400,155886500,0,0
2024-08-22,896.25,901.25,887.5,898.75,114000,101929500,0,0
2024-08-23,900,908.75,892.5,895,148800,133687500,0,0
2024-08-26,895,895,872.5,883.75,196000,172758000,0,0
2024-08-27,873.75,895,873.75,885,132000,116876500,0,0
2024-08-28,882.5,885,875,883.75,85200,75087000,0,0
2024-08-29,882.5,895,882.5,888.75,136000,120815000,0,0
2024-08-30,887.5,887.5,878.75,881.25,221200,195069000,0,0
2024-09-02,882.5,882.5,857.5,862.5,179600,155273500,0,0
2024-09-03,872.5,878.75,865,872.5,126000,109889000,0,0
2024-09-04,855,873.75,848.75,867.5,261600,226735500,0,0
2024-09-05,861.25,893.75,861.25,888.75,307600,271278500,0,0
2024-09-06,895,898.75,877.5,877.5,217200,192126500,0,0
2024-09-09,861.25,882.5,861.25,882.5,227200,198898500,0,0
2024-09-10,882.5,898.75,882.5,890,228400,203436500,0,0
2024-09-11,890,903.75,883.75,893.75,191600,171227500,0,0
2024-09-12,900,906.25,883.75,891.25,218400,194745000,0,0
2024-09-13,875,886.25,865,867.5,274400,239160000,0,0
2024-09-17,875,877.5,853.75,866.25,238800,206715500,0,0
2024-09-18,875,881.25,872.5,878.75,203200,178176000,0,0
2024-09-19,885,886.25,868.75,872.5,183600,160499000,0,0
2024-09-20,877.5,886.25,875,876.25,358000,314431000,0,0
2024-09-24,887.5,892.5,880,886.25,258000,228786000,0,0
2024-09-25,887.5,900,883.75,892.5,249600,222675500,0,0
2024-09-26,906.25,938.75,901.25,933.75,380800,353636000,0,0
2024-09-27,936.25,936.25,923.75,930,203200,188863500,0,0
2024-09-30,890,903.75,887.5,900,351600,315368000,0,0
2024-10-01,896.25,912.5,890,908.75,137200,124446500,0,0
2024-10-02,897.5,905,883.75,887.5,222000,197508500,0,0
2024-10-03,911.25,911.25,886.25,886.25,148800,133035000,0,0
2024-10-04,892.5,902.5,890,896.25,181200,162492500,0,0
2024-10-07,910,918.75,898.75,913.75,198400,180975000,0,0
2024-10-08,900,910,895,903.75,214800,193895500,0,0
2024-10-09,905,915,905,913.75,176800,161226000,0,0
2024-10-10,918.75,922.5,900,906.25,140800,127810000,0,0
2024-10-11,901.25,916.25,901.25,907.5,164000,148968500,0,0
2024-10-15,908.75,915,902.5,911.25,215600,196324000,0,0
2024-10-16,905,923.75,900,906.25,189600,172760000,0,0
2024-10-17,912.5,912.5,902.5,908.75,195600,177496000,0,0
2024-10-18,908.75,913.75,901.25,908.75,109600,99376000,0,0
2024-10-21,907.5,908.75,893.75,897.5,168000,150856500,0,0
2024-10-22,892.5,892.5,876.25,876.25,238800,210244500,0,0
2024-10-23,875,876.25,862.5,866.25,197600,171737000,0,0
2024-10-24,861.25,867.5,853.75,862.5,165600,142622000,0,0
2024-10-25,863.75,871.25,851.25,857.5,150000,128600000,0,0
2024-10-28,855,876.25,855,873.75,215600,187985000,0,0
2024-10-29,868.75,877.5,863.75,875,269200,234889500,0,0
2024-10-30,877.5,882.5,866.25,873.75,1702000,1487812000,0,0
2024-10-31,876.25,903.75,868.75,887.5,297600,263400500,0,0
2024-11-01,842.5,885,827.5,830,394400,333802500,0,0
2024-11-05,835,868.75,831.25,855,335600,286896000,0,0
2024-11-06,848.75,850,831.25,831.25,250400,209918500,0,0
2024-11-07,841.25,868.75,841.25,855,268000,229595500,0,0
2024-11-08,872.5,885,845,845,222000,190836500,0,0
2024-11-11,840,857.5,838.75,856.25,120400,102262000,0,0
2024-11-12,855,865,845,851.25,142400,121355500,0,0
2024-11-13,857.5,861.25,847.5,853.75,132000,112681000,0,0
2024-11-14,853.75,861.25,850,852.5,137600,117727000,0,0
2024-11-15,861.25,861.25,845,848.75,138400,117595000,0,0
2024-11-18,848.75,856.25,845,856.25,135600,115389500,0,0
2024-11-19,861.25,867.5,857.5,866.25,155600,134359500,0,0
2024-11-20,833.75,861.25,830,838.75,1277600,1077892500,0,0
2024-11-21,841.25,845,827.5,828.75,485200,404124000,0,0
2024-11-22,827.5,847.5,826.25,840,472800,396315000,0,0
2024-11-25,847.5,852.5,843.75,843.75,295600,250276500,0,0
2024-11-26,843.75,850,825,833.75,323600,270094000,0,0
2024-11-27,832.5,862.5,816.25,862.5,1443200,1220307000,0,0
2024-11-28,861.25,867.5,845,851.25,825200,707133500,0,0
2024-11-29,847.5,876.25,847.5,857.5,430000,371395500,0,0
2024-12-02,868.75,877.5,860,860,246000,213405000,0,0
2024-12-03,865,878.75,861.25,871.25,312000,272055000,0,0
2024-12-04,861.25,861.25,828.75,831.25,1768000,1495695000,0,0
2024-12-05,838.75,846.25,833.75,838.75,614400,515794000,0,0
2024-12-06,842.5,843.75,831.25,835,233600,195336000,0,0
2024-12-09,845,845,833.75,837.5,366800,308388500,0,0
2024-12-10,842.5,842.5,832.5,837.5,329600,275956500,0,0
2024-12-11,837.5,847.5,836.25,841.25,350800,295232500,0,0
2024-12-12,841.25,848.75,836.25,841.25,458800,387135500,0,0
2024-12-13,830,846.25,830,840,313200,262176500,0,0
2024-12-16,843.75,862.5,842.5,856.25,456400,389804000,0,0
2024-12-17,858.75,858.75,841.25,846.25,196800,166599500,0,0
2024-12-18,846.25,851.25,836.25,840,175200,147654000,0,0
2024-12-19,837.5,850,833.75,850,185200,156575500,0,0
2024-12-20,843.75,852.5,837.5,842.5,350000,295065500,0,0
2024-12-23,842.5,862.5,842.5,861.25,316400,270917000,0,0
2024-12-24,852.5,857.5,845,850,164400,139722000,0,0
2024-12-25,853.75,853.75,838.75,846.25,152400,128698000,0,0
2024-12-26,850,853.75,837.5,853.75,254800,215813000,0,0
2024-12-27,855,861.25,851.25,860,236000,202442500,0,0
2024-12-30,862.5,883.75,862.5,880,557200,487278500,0,0
2025-01-06,882.5,885,851.25,851.25,399200,344272000,0,0
2025-01-07,860,862.5,847.5,856.25,313200,268408000,0,0
2025-01-08,853.75,853.75,845,847.5,263600,223696000,0,0
2025-01-09,847.5,877.5,845,861.25,492400,424704500,0,0
2025-01-10,861.25,875,855,867.5,355600,308292000,0,0
2025-01-14,867.5,880,853.75,860,402800,348183000,0,0
2025-01-15,868.75,915,868.75,901.25,989600,888504500,0,0
2025-01-16,893.75,911.25,893.75,906.25,459200,414323500,0,0
2025-01-17,900,920,897.5,916.25,479200,435908000,0,0
2025-01-20,916.25,931.25,915,918.75,464400,428471000,0,0
2025-01-21,933.75,943.75,926.25,938.75,408800,382023000,0,0
2025-01-22,947.5,955,941.25,951.25,400000,379556000,0,0
2025-01-23,950,967.5,950,960,526400,505308500,0,0
2025-01-24,965,985,958.75,978.75,480000,469070500,0,0
2025-01-27,982.5,998.75,982.5,991.25,422800,419357000,0,0
2025-01-28,991.25,1018.75,991.25,1007.5,562000,566251000,0,0
2025-01-29,1012.5,1027.5,1007.5,1008.75,598000,606763000,0,0
2025-01-30,1008.75,1020,1000,1016.25,689200,698479500,0,0
2025-01-31,1016.25,1017.5,987.5,993.75,606400,607058500,0,0
2025-02-03,1028.75,1088.75,1026.25,1080,1589200,1698469000,0,0
2025-02-04,1080,1112.5,1070,1100,1073600,1177411000,0,0
2025-02-05,1113.75,1120,1082.5,1088.75,763200,835970500,0,0
2025-02-06,1088.75,1097.5,1075,1097.5,486000,528403500,0,0
2025-02-07,1090,1091.25,1070,1076.25,467200,504310000,0,0
2025-02-10,1073.75,1076.25,1060,1060,456000,485806500,0,0
2025-02-12,1061.25,1063.75,1037.5,1041.25,531600,556524000,0,0
2025-02-13,1048.75,1065,1046.25,1052.5,282400,298070500,0,0
2025-02-14,1046.25,1070,1045,1060,369600,391877000,0,0
2025-02-17,1061.25,1067.5,1037.5,1038.75,253600,265870500,0,0
2025-02-18,1038.75,1053.75,1035,1038.75,258000,268927000,0,0
2025-02-19,1038.75,1042.5,1027.5,1033.75,197600,204670500,0,0
2025-02-20,1028.75,1036.25,1008.75,1016.25,332400,339260500,0,0
2025-02-21,1022.5,1045,1020,1026.25,511200,528077000,0,0
2025-02-25,1018.75,1037.5,1012.5,1016.25,457600,467922000,0,0
2025-02-26,1015,1017.5,1005,1016.25,299200,302695000,0,0
2025-02-27,1025,1025,1012.5,1012.5,290800,295888000,0,0
2025-02-28,1011.25,1051.25,1003.75,1046.25,694800,719382000,0,0
2025-03-03,1050,1078.75,1045,1066.25,538800,573586500,0,0
2025-03-04,1066.25,1087.5,1063.75,1086.25,504000,544504500,0,0
2025-03-05,1086.25,1093.75,1077.5,1085,418800,455064500,0,0
2025-03-06,1090,1100,1073.75,1086.25,418800,456312000,0,0
2025-03-07,1082.5,1133.75,1065,1113.75,847200,941839000,0,0
2025-03-10,1117.5,1121.25,1087.5,1091.25,514800,564639000,0,0
2025-03-11,1085,1090,1055,1083.75,522800,560615000,0,0
2025-03-12,1082.5,1087.5,1057.5,1087.5,551600,593558500,0,0
2025-03-13,1088.75,1116.25,1088.75,1115,661600,734107000,0,0
2025-03-14,1115,1123.75,1106.25,1108.75,464000,516437000,0,0
2025-03-17,1122.5,1133.75,1120,1121.25,289200,325154500,0,0
2025-03-18,1128.75,1137.5,1121.25,1125,297200,335234500,0,0
2025-03-19,1130,1142.5,1125,1127.5,324400,366903000,0,0
2025-03-21,1127.5,1131.25,1120,1120,386800,434677000,0,0
2025-03-24,1123.75,1123.75,1103.75,1107.5,335200,371647000,0,0
2025-03-25,1107.5,1110,1091.25,1105,229200,252680500,0,0
2025-03-26,1113.75,1118.75,1103.75,1117.5,491600,546379000,0,0
2025-03-27,1112.5,1120,1102.5,1117.5,389600,433533000,0,0
2025-03-28,1096.25,1098.75,1080,1085,374000,405985500,0,0
2025-03-31,1078.75,1078.75,1052.5,1061.25,387600,410895500,0,0
2025-04-01,1061.25,1066.25,1052.5,1058.75,328000,347109500,0,0
2025-04-02,1062.5,1066.25,1042.5,1048.75,291200,305686000,0,0
2025-04-03,1031.25,1051.25,1026.25,1043.75,496800,517388500,0,0
2025-04-04,1008.75,1016.25,973.75,990,550000,545104000,0,0
2025-04-07,902.5,956.25,898.75,937.5,760400,708399000,0,0
2025-04-08,962.5,981.25,955,970,760800,736405000,0,0
2025-04-09,960,976.25,947.5,957.5,400800,385169500,0,0
2025-04-10,1010,1016.25,995,1010,409600,412884000,0,0
2025-04-11,996.25,1012.5,970,1012.5,624400,620832000,0,0
2025-04-14,1030,1030,1016.25,1022.5,269600,275616000,0,0
2025-04-15,1026.25,1042.5,1015,1017.5,308400,316672000,0,0
2025-04-16,1018.75,1031.25,1006.25,1013.75,308400,313569000,0,0
2025-04-17,1000,1018.75,997.5,1016.25,295600,298460500,0,0
2025-04-18,1033.75,1033.75,1020,1030,189200,194352000,0,0
2025-04-21,1025,1026.25,1017.5,1026.25,192000,196659000,0,0
2025-04-22,1021.25,1028.75,1020,1023.75,142400,145850000,0,0
2025-04-23,1038.75,1047.5,1031.25,1031.25,246400,255785000,0,0
2025-04-24,1043.75,1045,1022.5,1022.5,262400,270763000,0,0
2025-04-25,1023.75,1040,1023.75,1033.75,257200,265557500,0,0
2025-04-28,1031.25,1053.75,1031.25,1053.75,353600,370846000,0,0
2025-04-30,1053.75,1060,1037.5,1051.25,457600,480794000,0,0
2025-05-01,1033.75,1096.25,1023.75,1050,1047600,1108475000,0,0
2025-05-02,1065,1110,1065,1077.5,719200,777305000,0,0
2025-05-07,1073.75,1123.75,1071.25,1107.5,615600,680961500,0,0
2025-05-08,1107.5,1118.75,1097.5,1107.5,336400,371852500,0,0
2025-05-09,1110,1122.5,1098.75,1115,270400,300074000,0,0
2025-05-12,1132.5,1137.5,1108.75,1121.25,249200,279569500,0,0
2025-05-13,1123.75,1150,1123.75,1135,331200,377182000,0,0
2025-05-14,1128.75,1141.25,1112.5,1128.75,174400,196592500,0,0
2025-05-15,1123.75,1135,1116.25,1123.75,219200,246267000,0,0
2025-05-16,1125,1132.5,1108.75,1123.75,214800,241141500,0,0
2025-05-19,1117.5,1132.5,1113.75,1126.25,244800,274947500,0,0
2025-05-20,1125,1126.25,1110,1116.25,204000,227766500,0,0
2025-05-21,1123.75,1125,1116.25,1117.5,234000,261846000,0,0
2025-05-22,1135,1140,1130,1133.75,403600,458119500,0,0
2025-05-23,1151.25,1190,1150,1166.25,638000,746437000,0,0
2025-05-26,1166.25,1171.25,1152.5,1167.5,254000,295952000,0,0
2025-05-27,1163.75,1170,1155,1155,208800,242019500,0,0
2025-05-28,1166.25,1197.5,1162.5,1177.5,498000,588240000,0,0
2025-05-29,1176.25,1193.75,1173.75,1192.5,248000,294426000,0,0
2025-05-30,1187.5,1192.5,1176.25,1180,519200,613252000,0,0
2025-06-02,1177.5,1186.25,1172.5,1172.5,264000,310727500,0,0
2025-06-03,1173.75,1173.75,1142.5,1142.5,219600,252654500,0,0
2025-06-04,1136.25,1168.75,1130,1156.25,321600,371333000,0,0
2025-06-05,1148.75,1148.75,1131.25,1136.25,242800,276535500,0,0
2025-06-06,1142.5,1152.5,1137.5,1138.75,229600,262501000,0,0
2025-06-09,1141.25,1152.5,1141.25,1150,155600,178730000,0,0
2025-06-10,1153.75,1167.5,1150,1158.75,341600,396131500,0,0
2025-06-11,1153.75,1195,1153.75,1188.75,432400,512126000,0,0
2025-06-12,1177.5,1191.25,1170,1178.75,248000,292445500,0,0
2025-06-13,1186.25,1186.25,1160,1180,302400,355572000,0,0
2025-06-16,1188.75,1195,1165,1173.75,249200,293539000,0,0
2025-06-17,1173.75,1196.25,1172.5,1172.5,276400,326128000,0,0
2025-06-18,1165,1173.75,1141.25,1161.25,316400,366486000,0,0
2025-06-19,1173.75,1181.25,1160,1161.25,226400,263683500,0,0
2025-06-20,1165,1177.5,1156.25,1156.25,373200,433340500,0,0
2025-06-23,1153.75,1160,1142.5,1147.5,143600,164934000,0,0
2025-06-24,1147.5,1156.25,1140,1140,118400,135284500,0,0
2025-06-25,1137.5,1146.25,1126.25,1145,249200,283758000,0,0
2025-06-26,1136.25,1152.5,1135,1152.5,222400,254973500,0,0
2025-06-27,1151.25,1165,1143.75,1158.75,308000,355965000,0,0
2025-06-30,1175,1183.75,1163.75,1163.75,338800,396019500,0,0
2025-07-01,1163.75,1172.5,1155,1161.25,201200,233907000,0,0
2025-07-02,1157.5,1177.5,1155,1155,191200,221947500,0,0
2025-07-03,1155,1177.5,1145,1162.5,574800,666126000,0,0
2025-07-04,1162.5,1171.25,1148.75,1148.75,215200,248773000,0,0
2025-07-07,1160,1171.25,1152.5,1165,373600,434355500,0,0
2025-07-08,1181.25,1198.75,1165,1172.5,427200,501754000,0,0
2025-07-09,1175,1190,1171.25,1188.75,267600,316652000,0,0
2025-07-10,1200,1203.75,1165,1176.25,510000,603909000,0,0
2025-07-11,1186.25,1216.25,1185,1200,395200,474763000,0,0
2025-07-14,1206.25,1218.75,1202.5,1212.5,244400,296282000,0,0
2025-07-15,1223.75,1225,1208.75,1217.5,157200,191293500,0,0
2025-07-16,1217.5,1220,1211.25,1220,143200,174316000,0,0
2025-07-17,1220,1226.25,1212.5,1226.25,204000,249053000,0,0
2025-07-18,1231.25,1231.25,1207.5,1210,190800,231406000,0,0
2025-07-22,1200,1221.25,1200,1210,230800,279777000,0,0
2025-07-23,1212.5,1245,1202.5,1230,388400,476374000,0,0
2025-07-24,1236.25,1243.75,1226.25,1242.5,271200,335845500,0,0
2025-07-25,1242.5,1255,1237.5,1250,216400,269992500,0,0
2025-07-28,1257.5,1257.5,1238.75,1247.5,489200,610120000,0,0
2025-07-29,1245,1267.5,1243.75,1265,277600,348638500,0,0
2025-07-30,1260,1267.5,1257.5,1260,554000,698476000,0,0
2025-07-31,1267.5,1267.5,1248.75,1265,303600,383129000,0,0
2025-08-01,1315,1357.5,1305,1352.5,964800,1289709000,0,0
2025-08-04,1332.5,1387.5,1332.5,1380,757600,1036690000,0,0
2025-08-05,1397.5,1400,1365,1375,787600,1090269000,0,0
2025-08-06,1375,1385,1370,1380,267200,367810000,0,0
2025-08-07,1375,1405,1375,1402.5,344000,479737000,0,0
2025-08-08,1422.5,1442.5,1400,1415,389600,551448000,0,0
2025-08-12,1425,1450,1415,1420,496000,708245000,0,0
2025-08-13,1412.5,1432.5,1407.5,1430,320000,455512000,0,0
2025-08-14,1425,1427.5,1407.5,1410,224400,316971000,0,0
2025-08-15,1420,1422.5,1400,1422.5,317600,450245000,0,0
2025-08-18,1422.5,1440,1422.5,1430,326800,468465000,0,0
2025-08-19,1425,1427.5,1402.5,1407.5,244000,344528000,0,0
2025-08-20,1417.5,1437.5,1400,1405,371200,524597000,0,0
2025-08-21,1405,1417.5,1397.5,1417.5,273200,384836000,0,0
2025-08-22,1420,1420,1405,1415,171200,241611000,0,0
2025-08-25,1415,1425,1410,1415,191200,271047000,0,0
2025-08-26,1422.5,1422.5,1402.5,1410,198400,280062000,0,0
2025-08-27,1410,1417.5,1402.5,1412.5,221200,312348000,0,0
2025-08-28,1420,1422.5,1405,1412.5,193200,272990000,0,0
2025-08-29,1405,1420,1402.5,1417.5,148000,209019000,0,0
2025-09-01,1400,1430,1400,1410,249200,351748000,0,0
2025-09-02,1410,1415,1400,1405,171600,241451000,0,0
2025-09-03,1417.5,1417.5,1400,1405,144800,203718000,0,0
2025-09-04,1415,1417.5,1405,1412.5,166000,234147000,0,0
2025-09-05,1417.5,1432.5,1407.5,1430,270400,385151000,0,0
2025-09-08,1432.5,1445,1427.5,1440,173200,248959000,0,0
2025-09-09,1440,1450,1420,1427.5,151200,216250000,0,0
2025-09-10,1427.5,1445,1422.5,1442.5,156400,224975000,0,0
2025-09-11,1440,1447.5,1427.5,1445,219200,315908000,0,0
2025-09-12,1447.5,1450,1437.5,1442.5,230800,333494000,0,0
2025-09-16,1437.5,1450,1437.5,1442.5,152400,219856000,0,0
2025-09-17,1437.5,1440,1407.5,1412.5,216000,305845000,0,0
2025-09-18,1412.5,1412.5,1400,1407.5,121200,170619000,0,0
2025-09-19,1407.5,1415,1397.5,1410,354000,498588000,0,0
2025-09-22,1402.5,1410,1392.5,1397.5,204800,286530000,0,0
2025-09-24,1400,1405,1380,1387.5,187600,260686000,0,0
2025-09-25,1385,1402.5,1385,1390,177200,246693000,0,0
2025-09-26,1400,1422.5,1380,1405,468800,658352000,0,0
2025-09-29,1410,1412.5,1390,1402.5,214000,300251000,0,0
2025-09-30,1412.5,1420,1402.5,1410,208000,293335000,0,0
2025-10-01,1400,1407.5,1385,1400,254400,355326000,0,0
2025-10-02,1395,1407.5,1377.5,1382.5,188800,261768000,0,0
2025-10-03,1377.5,1400,1377.5,1395,200400,278551000,0,0
2025-10-06,1415,1437.5,1410,1435,268400,382653000,0,0
2025-10-07,1425,1442.5,1417.5,1417.5,216400,308677000,0,0
2025-10-08,1402.5,1425,1400,1405,238400,336534000,0,0
2025-10-09,1405,1415,1395,1400,218800,306565000,0,0
2025-10-10,1380,1400,1375,1377.5,310000,428267000,0,0
2025-10-14,1352.5,1385,1352.5,1375,454000,622251000,0,0
2025-10-15,1387.5,1402.5,1380,1390,296400,411807000,0,0
2025-10-16,1390,1400,1372.5,1375,190000,261798000,0,0
2025-10-17,1367.5,1375,1345,1355,218400,295858000,0,0
2025-10-20,1370,1387.5,1365,1385,209200,288802000,0,0
2025-10-21,1387.5,1402.5,1375,1390,220000,305955000,0,0
2025-10-22,1397.5,1405,1392.5,1400,474800,664366000,0,0
2025-10-23,1400,1417.5,1395,1410,270000,380817000,0,0
2025-10-24,1412.5,1420,1397.5,1397.5,212400,298784000,0,0
2025-10-27,1417.5,1430,1407.5,1427.5,229200,326138000,0,0
2025-10-28,1412.5,1430,1367.5,1375,324000,448878000,0,0
2025-10-29,1385,1390,1370,1372.5,403600,555975000,0,0
2025-10-30,1382.5,1392.5,1375,1390,1305600,1813000000,0,0
2025-10-31,1410,1410,1377.5,1397.5,304400,423063000,0,0
2025-11-04,1522.5,1602.5,1520,1565,1194000,1866277000,0,0
2025-11-05,1545,1560,1472.5,1500,720000,1090895000,0,0
2025-11-06,1507.5,1562.5,1507.5,1555,537600,828763000,0,0
2025-11-07,1542.5,1580,1540,1570,418000,652434000,0,0
2025-11-10,1587.5,1602.5,1570,1582.5,241200,382102000,0,0
2025-11-11,1585,1587.5,1555,1585,281200,443434000,0,0
2025-11-12,1605,1645,1600,1635,415200,676165000,0,0
2025-11-13,1640,1657.5,1625,1630,248000,406293000,0,0
2025-11-14,1630,1632.5,1595,1612.5,341600,551232000,0,0
2025-11-17,1612.5,1612.5,1580,1592.5,259600,413193000,0,0
2025-11-18,1597.5,1600,1557.5,1565,197600,310459000,0,0
2025-11-19,1567.5,1570,1550,1562.5,260000,405685000,0,0
2025-11-20,1582.5,1582.5,1557.5,1565,259200,406869000,0,0
2025-11-21,1565,1630,1557.5,1630,571200,921698000,0,0
2025-11-25,1630,1637.5,1600,1612.5,295600,478031000,0,0
2025-11-26,1622.5,1640,1617.5,1640,247200,403906000,0,0
2025-11-27,1657.5,1680,1647.5,1672.5,288400,479691000,0,0
2025-11-28,1677.5,1722.5,1675,1717.5,336800,574720000,0,0
2025-12-01,1725,1742.5,1675,1687.5,318000,542032000,0,0
2025-12-02,1675,1700,1670,1680,173600,291481000,0,0
2025-12-03,1677.5,1682.5,1650,1650,203600,338007000,0,0
2025-12-04,1650,1672.5,1650,1672.5,134000,223458000,0,0
2025-12-05,1667.5,1680,1662.5,1672.5,166000,277460000,0,0
2025-12-08,1697.5,1700,1677.5,1690,242800,410932000,0,0
2025-12-09,1690,1692.5,1650,1657.5,250800,416748000,0,0
2025-12-10,1657.5,1665,1642.5,1645,172000,283811000,0,0
2025-12-11,1670,1677.5,1635,1642.5,152400,251418000,0,0
2025-12-12,1667.5,1677.5,1655,1662.5,257200,428224000,0,0
2025-12-15,1662.5,1680,1650,1675,152000,253800000,0,0
2025-12-16,1680,1687.5,1665,1670,266000,445306000,0,0
2025-12-17,1670,1682.5,1657.5,1665,201600,336151000,0,0
2025-12-18,1662.5,1667.5,1640,1640,166000,274139000,0,0
2025-12-19,1650,1687.5,1642.5,1680,258800,433528000,0,0
2025-12-22,1697.5,1697.5,1660,1665,223600,373903000,0,0
2025-12-23,1665,1700,1665,1700,139200,235511000,0,0
2025-12-24,1700,1705,1685,1692.5,130000,220084000,0,0
2025-12-25,1700,1700,1685,1690,84000,142236000,0,0
2025-12-26,1702.5,1712.5,1685,1697.5,191600,325334000,0,0
2025-12-29,1705,1725,1695,1725,283200,485873000,0,0
2025-12-30,1737.5,1737.5,1720,1727.5,234000,404763000,0,0
2026-01-05,1725,1732.5,1707.5,1727.5,352400,607414000,0,0
2026-01-06,1745,1752.5,1727.5,1742.5,280400,488470000,0,0
2026-01-07,1727.5,1767.5,1715,1752.5,252800,441687000,0,0
2026-01-08,1750,1760,1717.5,1717.5,242000,419420000,0,0
2026-01-09,1722.5,1727.5,1682.5,1700,358000,607624000,0,0
2026-01-13,1725,1727.5,1702.5,1705,326800,559603000,0,0
2026-01-14,1705,1725,1697.5,1707.5,306400,523387000,0,0
2026-01-15,1700,1717.5,1695,1705,214400,365851000,0,0
2026-01-16,1707.5,1740,1700,1727.5,248000,427623000,0,0
2026-01-19,1727.5,1730,1707.5,1707.5,202400,347573000,0,0
2026-01-20,1707.5,1707.5,1660,1680,226000,379779000,0,0
2026-01-21,1657.5,1685,1655,1672.5,260400,434496000,0,0
2026-01-22,1682.5,1682.5,1670,1680,221200,371228000,0,0
2026-01-23,1695,1697.5,1662.5,1665,195600,327818000,0,0
2026-01-26,1640,1657.5,1635,1657.5,232000,383287000,0,0
2026-01-27,1655,1657.5,1632.5,1645,288000,473790000,0,0
2026-01-28,1632.5,1642.5,1605,1617.5,378400,612038000,0,0
2026-01-29,1625,1650,1602.5,1640,347600,566659000,0,0
2026-01-30,1640,1662.5,1610,1635,484800,791930000,0,0
2026-02-02,1500,1557.5,1467.5,1542.5,2112400,3223754000,0,0
2026-02-03,1545,1595,1535,1540,719600,1126475000,0,0
2026-02-04,1547.5,1580,1482.5,1560,1115600,1723353000,0,0
2026-02-05,1565,1587.5,1545,1572.5,375200,589389000,0,0
2026-02-06,1572.5,1610,1572.5,1600,324400,518413000,0,0
2026-02-09,1657.5,1682.5,1632.5,1675,376800,627029000,0,0
2026-02-10,1655,1675,1645,1665,289600,482141000,0,0
2026-02-12,1660,1702.5,1657.5,1685,312000,526202000,0,0
2026-02-13,1675,1692.5,1662.5,1662.5,244000,407359000,0,0
2026-02-16,1665,1672.5,1650,1665,248800,413784000,0,0
2026-02-17,1655,1675,1650,1665,198000,329777000,0,0
2026-02-18,1677.5,1692.5,1675,1685,156400,263316000,0,0
2026-02-19,1677.5,1687.5,1672.5,1680,212400,357137000,0,0
2026-02-20,1675,1680,1625,1675,395200,654746000,0,0
2026-02-24,1675,1725,1675,1712.5,208800,356279000,0,0
2026-02-25,1717.5,1745,1702.5,1740,309200,534625000,0,0
2026-02-26,1735,1745,1700,1700,232400,399402000,0,0
2026-02-27,1710,1745,1702.5,1740,237200,410482000,0,0
2026-03-02,1727.5,1745,1705,1727.5,178000,308000000,0,0
2026-03-03,1725,1762.5,1712.5,1717.5,418400,725415000,0,0
2026-03-04,1672.5,1675,1637.5,1660,420800,697685000,0,0
2026-03-05,1685,1725,1685,1705,339200,577830000,0,0
2026-03-06,1680,1702.5,1672.5,1700,193200,326715000,0,0
2026-03-09,1620,1655,1597.5,1640,454000,740269000,0,0
2026-03-10,1740,1757.5,1705,1727.5,629600,1090006000,0,0
2026-03-11,1750,1787.5,1747.5,1757.5,425200,750213000,0,0
2026-03-12,1742.5,1755,1707.5,1717.5,314400,542662000,0,0
2026-03-13,1755,1827.5,1735,1752.5,1073600,1903299000,0,0
2026-03-16,1750,1785,1737.5,1765,357200,630348000,0,0
2026-03-17,1790,1817.5,1755,1755,390400,692278000,0,0
2026-03-18,1772.5,1800,1770,1797.5,327200,585822000,0,0
2026-03-19,1780,1780,1727.5,1727.5,440400,765628000,0,0
2026-03-23,1677.5,1690,1615,1615,315600,515460000,0,0
2026-03-24,1665,1677.5,1640,1650,252000,417319000,0,0
2026-03-25,1695,1722.5,1687.5,1705,280400,478682000,0,0
2026-03-26,1705,1707.5,1670,1685,158800,267765000,0,0
2026-03-27,1710,1710,1680,1687.5,370400,626742000,0,0
2026-03-30,1578,1635,1524,1635,456200,738914200,0,0
2026-03-31,1602,1632,1588,1605,347100,558423300,0,0
2026-04-01,1648,1666,1634,1663,300000,496879000,0,0
2026-04-02,1671,1707,1669,1679,242700,408214900,0,0
2026-04-03,1682,1706,1666,1673,143300,240330800,0,0
2026-04-06,1669,1691,1655,1658,171800,286180400,0,0
2026-04-07,1668,1685,1648,1657,166600,276401600,0,0
2026-04-08,1713,1715,1682,1687,332500,562847600,0,0
2026-04-09,1687,1699,1644,1646,285800,473249100,0,0
2026-04-10,1649,1661,1644,1654,187800,310268700,0,0
2026-04-13,1651,1662,1628,1647,211000,346885600,0,0
2026-04-14,1647,1664,1637,1640,216300,355596500,0,0
2026-04-15,1639,1667,1638,1641,206600,340113600,0,0
2026-04-16,1638,1708,1636,1708,315300,533046500,0,0
2026-04-17,1703,1739,1703,1723,230900,397584800,0,0
2026-04-20,1730,1746,1718,1741,194900,338252800,0,0
2026-04-21,1760,1784,1747,1753,261200,459599600,0,0
2026-04-22,1753,1763,1720,1720,287000,497451700,0,0
2026-04-23,1702,1723,1676,1693,254200,430383200,0,0
2026-04-24,1693,1700,1683,1691,168200,284557900,0,0
2026-04-27,1690,1716,1678,1698,344400,585211300,0,0
2026-04-28,1696,1729,1696,1727,231500,398733400,0,0
2026-04-30,1713,1724,1673,1693,312500,529451000,0,0
2026-05-01,1748,1850,1724,1796,835100,1498479700,0,0
2026-05-07,1836,1836,1790,1800,449500,811325100,0,0
2026-05-08,1787,1814,1775,1795,309500,554736100,0,0
2026-05-11,1800,1809,1770,1773,198600,353449300,0,0
2026-05-12,1792,1808,1780,1789,247900,444125500,0,0
2026-05-13,1772,1809,1772,1805,204100,366575700,0,0
2026-05-14,1806,1815,1785,1785,233800,419776800,0,0
2026-05-18,1770,1779,1738,1752,280900,492684100,0,0
2026-05-19,1765,1794,1742,1752,268600,472661200,0,0
2026-05-20,1733,1734,1632,1649,270700,449423800,0,0
2026-05-21,1684,1691,1641,1643,217800,359624300,0,0
2026-05-22,1650,1650,1614,1631,286700,467392300,0,0
2026-05-25,1652,1685,1612,1646,354900,582060000,0,0
2026-05-26,1649,1657,1609,1609,254100,414121200,0,0
2026-05-27,1615,1632,1598,1611,322400,519161500,0,0
2026-05-28,1620,1630,1598,1613,251900,406276000,0,0
2026-05-29,1620,1685,1620,1659,377700,628643000,0,0
2026-06-01,1650,1666,1619,1640,331700,545357900,0,0
2026-06-02,1616,1630,1585,1620,263000,424618000,0,0
2026-06-03,1620,1637,1606,1611,217200,351256800,0,0
2026-06-04,1600,1655,1600,1641,191700,313172700,0,0
2026-06-05,1643,1653,1619,1628,132500,216443100,0,0
2026-06-08,1588,1619,1586,1619,246200,395184000,0,0
2026-06-09,1633,1658,1626,1651,221300,364351000,0,0
2026-06-10,1648,1665,1591,1604,231300,372756900,0,0
2026-06-11,1607,1612,1583,1611,189300,303614300,0,0
2026-06-12,1624,1651,1612,1647,329500,538539000,0,0
2026-06-15,1664,1676,1636,1636,194900,322259100,0,0
2026-06-16,1676,1676,1621,1658,320200,529981200,0,0
2026-06-17,1669,1673,1639,1648,135500,224097500,0,0
2026-06-18,1641,1667,1641,1657,111300,184227400,0,0
2026-06-19,1653,1669,1642,1661,214200,354892300,0,0
2026-06-22,1640,1658,1633,1640,149600,245574800,0,0
2026-06-23,1655,1670,1647,1655,267100,442471300,0,0
2026-06-24,1642,1662,1642,1651,166900,275957000,0,0
2026-06-25,1672,1690,1659,1676,203800,342112000,0,0
2026-06-26,1687,1709,1677,1709,183600,312240400,0,0
2026-06-29,1717,1740,1698,1718,275900,473044500,0,0
2026-06-30,1713,1726,1699,1700,190400,324716100,0,0
2026-07-01,1709,1740,1701,1739,207500,359259700,0,0
2026-07-02,1750,1757,1719,1719,177400,307155700,0,0
2026-07-03,1716,1733,1703,1703,209800,359428300,0,0
2026-07-06,1720,1746,1719,1746,148800,258391900,0,0
2026-07-07,1746,1763,1736,1748,139400,243774300,0,0
2026-07-08,1748,1763,1732,1747,193400,338027000,0,0
2026-07-09,1747,1758,1742,1748,174900,305816700,0,0
2026-07-10,1739,1745,1701,1710,210900,362752100,0,0
2026-07-13,1725,1730,1686,1700,242000,411477200,0,0
2026-07-14,1708,1723,1701,1711,174600,298904700,0,0
2026-07-15,1729,1736,1700,1723,127300,218948000,0,0
2026-07-16,1723,1744,1721,1725,136500,236218000,0,0
2026-07-17,1724,1741,1691,1712,214500,367457800,0,0
2026-07-21,1717,1725,1698,1720,257600,442024800,0,0
2026-07-22,1721,1725,1707,1709,247900,424783800,0,0
2026-07-23,1696,1698,1680,1698,175300,296272600,0,0
2026-07-24,1690,1717,1688,1714,190200,324602200,0,0
2026-07-27,1727,1766,1722,1766,386800,675867600,0,0
2026-07-28,1759,1763,1714,1730,286600,496353100,0,0
2026-07-29,1750,1759,1730,1746,343400,599202000,0,0
2026-07-30,1741,1741,1701,1709,631700,1090201200,0,0
2026-07-31,1829,1941,1802,1843,1053800,1975743400,0,0
2026-08-03,1829,1894,1800,1869,502900,934625300,0,0
2026-08-04,1890,1926,1875,1911,401800,765546600,0,0
2026-08-05,1946,1950,1904,1940,500100,967853600,0,0
2026-08-06,1949,1963,1911,1922,208300,401349100,0,0
2026-08-07,1934,1934,1879,1895,234100,444266500,0,0
2026-08-10,1902,1916,1860,1869,222300,417329200,0,0
2026-08-12,1869,1869,1840,1845,180300,333205600,0,0
2026-08-13,1868,1871,1817,1842,178900,328681600,0,0
2026-08-14,1823,1832,1807,1822,214200,389612000,0,0
2026-08-17,1846,1862,1813,1836,226700,416641800,0,0
2026-08-18,1836,1842,1811,1811,171200,311284400,0,0
2026-08-19,1800,1807,1746,1750,197800,348162000,0,0
2026-08-20,1761,1779,1753,1771,164200,290602400,0,0
2026-08-21,1776,1811,1772,1777,273000,487099300,0,0
2026-08-24,1777,1803,1773,1782,252500,451781000,0,0
2026-08-25,1785,1827,1768,1817,320800,579427900,0,0
2026-08-26,1839,1858,1819,1836,299200,551197500,0,0
2026-08-27,1841,1859,1836,1845,312800,578057500,0,0
2026-08-28,1845,1881,1845,1866,233600,435685600,0,0
2026-08-31,1864,1874,1851,1856,350400,652474000,0,0
2026-09-01,1856,1866,1817,1832,242600,445168200,0,0
2026-09-02,1800,1822,1780,1802,243000,437256300,0,0
