Date,Open,High,Low,Close,Volume,TradingValue,UpLimit,UnderLimit
2016-02-05,322,342.666667,317.666667,335,66300,,,
2016-02-08,330.333333,369.666667,326,363.666667,145500,,,
2016-02-09,353.666667,356.666667,331.666667,342,216600,,,
2016-02-10,344.666667,358.333333,336,353.333333,186000,,,
2016-02-12,343.333333,352.333333,336,337.333333,145800,,,
2016-02-15,363.333333,363.333333,343.666667,348.333333,88800,,,
2016-02-16,339,366.333333,339,361.333333,160800,,,
2016-02-17,351.333333,368,350,362.333333,89100,,,
2016-02-18,366.666667,370,362.666667,366.333333,87600,,,
2016-02-19,364.333333,367.333333,358.666667,366.666667,39900,,,
2016-02-22,360,378,360,378,127500,,,
2016-02-23,377,391,375,384,174900,,,
2016-02-24,384,398,373.666667,396,153000,,,
2016-02-25,398.333333,409.666667,398,406,195300,,,
2016-02-26,408.666667,413,399.333333,400,99900,,,
2016-02-29,406.333333,406.666667,393.666667,394.666667,88500,,,
2016-03-01,397.333333,400.666667,393.666667,399.333333,67200,,,
2016-03-02,400.666667,410,400.666667,404.666667,98400,,,
2016-03-03,402.666667,411.666667,402.666667,411.333333,59100,,,
2016-03-04,407.333333,410.666667,407,410.333333,52800,,,
2016-03-07,411.333333,415.666667,400,409.666667,113400,,,
2016-03-08,406.333333,410,391.666667,406.333333,63300,,,
2016-03-09,402.666667,416.333333,400,415.666667,96000,,,
2016-03-10,428,430,423.666667,430,173100,,,
2016-03-11,427.333333,432,421,428,137400,,,
2016-03-14,428.333333,441,427.333333,436,94500,,,
2016-03-15,437.333333,437.666667,421.666667,428.666667,117000,,,
2016-03-16,424.666667,433,424.666667,430.333333,54300,,,
2016-03-17,431.333333,437,429,430.333333,89100,,,
2016-03-18,428.333333,441,428.333333,440,114300,,,
2016-03-22,443.333333,455,443.333333,454.666667,109500,,,
2016-03-23,453.333333,459,450.666667,452.666667,75300,,,
2016-03-24,453,453,436.666667,437.333333,132000,,,
2016-03-25,435.666667,445,435.666667,440.666667,102600,,,
2016-03-28,444,444,427,440.666667,95100,,,
2016-03-29,435.666667,439.666667,410,434.666667,107400,,,
2016-03-30,430,435,426.333333,429.666667,99000,,,
2016-03-31,427.666667,438,427,429.666667,59400,,,
2016-04-01,429.666667,429.666667,408,408,84600,,,
2016-04-04,405.333333,421.333333,405.333333,420.666667,72000,,,
2016-04-05,413.333333,419,400.333333,405.333333,93300,,,
2016-04-06,405.333333,407.666667,401.333333,404.666667,38700,,,
2016-04-07,401.666667,425,401.666667,411,67500,,,
2016-04-08,403.333333,431.333333,403.333333,426,99000,,,
2016-04-11,428.333333,430.333333,416.333333,426,42900,,,
2016-04-12,419.333333,428.666667,419.333333,421,44100,,,
2016-04-13,422.333333,428.666667,416.666667,428,60300,,,
2016-04-14,432.666667,444.666667,428,442.666667,106800,,,
2016-04-15,443.333333,443.333333,433,436.666667,69600,,,
2016-04-18,433.666667,433.666667,417.333333,424.333333,54000,,,
2016-04-19,425,433.333333,425,432.666667,29700,,,
2016-04-20,430.333333,435,430,431.333333,37200,,,
2016-04-21,435,439,430.333333,435.333333,57300,,,
2016-04-22,435,438,432,436.666667,44700,,,
2016-04-25,438.666667,438.666667,430,433.333333,31200,,,
2016-04-26,429.666667,429.666667,416.666667,423.666667,58800,,,
2016-04-27,427.666667,427.666667,414.666667,416.666667,62400,,,
2016-04-28,414.666667,422.333333,406.333333,408,59100,,,
2016-05-02,388,408,388,395,78300,,,
2016-05-06,391.666667,405.333333,389,401.666667,82500,,,
2016-05-09,401.666667,409.666667,394,400.666667,35400,,,
2016-05-10,408,437.333333,397.666667,422,123600,,,
2016-05-11,422,429.333333,402.333333,427.666667,113400,,,
2016-05-12,422.666667,450.333333,422,437.333333,129300,,,
2016-05-13,436,438.333333,426.333333,427.666667,51900,,,
2016-05-16,423.333333,445.666667,423.333333,429.666667,80400,,,
2016-05-17,434.333333,440.666667,428,438,85200,,,
2016-05-18,438,443.333333,431.666667,436.666667,59700,,,
2016-05-19,441.333333,441.333333,434.333333,438,71400,,,
2016-05-20,438.666667,441,434.666667,440,34500,,,
2016-05-23,433.666667,443,430.333333,434,62400,,,
2016-05-24,434.666667,441.666667,433.333333,438.666667,41700,,,
2016-05-25,446,446,433.333333,439.333333,52800,,,
2016-05-26,435.333333,441.333333,432,434.666667,54300,,,
2016-05-27,440,440,433,436.333333,49500,,,
2016-05-30,435,440.333333,435,438,28800,,,
2016-05-31,438,447.666667,436,446.666667,34200,,,
2016-06-01,440.333333,446,431,435,49500,,,
2016-06-02,432,432.333333,426,427.333333,42900,,,
2016-06-03,426.333333,430,423,428.666667,57000,,,
2016-06-06,421,429.333333,405.333333,428,69300,,,
2016-06-07,427.333333,440.666667,426,437,85200,,,
2016-06-08,441.333333,447,437.666667,443.666667,113400,,,
2016-06-09,439.333333,444.666667,438.333333,440.333333,51000,,,
2016-06-10,442.333333,444,428.666667,432.666667,99900,,,
2016-06-13,436,439,425,429.666667,78300,,,
2016-06-14,424.666667,426.666667,420,421.333333,36600,,,
2016-06-15,418.666667,426,401.333333,404,204900,,,
2016-06-16,404,411,391.666667,391.666667,56700,,,
2016-06-17,395.666667,399.666667,388.666667,389,50700,,,
2016-06-20,393,404,393,396.666667,18900,,,
2016-06-21,396.666667,398.333333,393.666667,397.333333,19500,,,
2016-06-22,394.666667,394.666667,386.333333,387.666667,24900,,,
2016-06-23,390,390.333333,384,387.333333,28200,,,
2016-06-24,388,394,346.333333,372.333333,96900,,,
2016-06-27,389.333333,391.666667,379,381,42600,,,
2016-06-28,391,391,376.666667,381.666667,62100,,,
2016-06-29,384.666667,384.666667,374.666667,376.333333,81900,,,
2016-06-30,388.333333,388.333333,374.666667,375.333333,92700,,,
2016-07-01,374,383.333333,373,381,72900,,,
2016-07-04,376,383.666667,370.333333,371.666667,79800,,,
2016-07-05,369.333333,369.333333,360.666667,362.666667,51000,,,
2016-07-06,377.666667,393.333333,371,391.666667,219600,,,
2016-07-07,396,407.333333,395.666667,401.666667,191700,,,
2016-07-08,410,410,387.333333,387.666667,123300,,,
2016-07-11,388,404.333333,388,397.666667,75300,,,
2016-07-12,409.333333,416.666667,405.666667,415,108000,,,
2016-07-13,421,423,399,400.666667,133500,,,
2016-07-14,399.333333,404.666667,399.333333,402.333333,49800,,,
2016-07-15,400.333333,402,393,400,77700,,,
2016-07-19,400,406,398,406,52500,,,
2016-07-20,403,405.666667,400,404.666667,43200,,,
2016-07-21,405,405.666667,395,400,72000,,,
2016-07-22,393.333333,398.333333,392.666667,397.666667,59400,,,
2016-07-25,394,399.666667,394,395.666667,51900,,,
2016-07-26,393.333333,403,393.333333,399.333333,70200,,,
2016-07-27,396.666667,397,388,393.666667,93300,,,
2016-07-28,387.666667,391.666667,379,379.666667,77100,,,
2016-07-29,375,386.333333,375,384.666667,79200,,,
2016-08-01,381.666667,385.666667,374.333333,380,51000,,,
2016-08-02,375.666667,380.666667,375.666667,378.666667,39300,,,
2016-08-03,373.333333,373.333333,366.666667,367,58500,,,
2016-08-04,370,422.666667,367.333333,414,258600,,,
2016-08-05,419.666667,420,387.333333,389.333333,136200,,,
2016-08-08,389.666667,389.666667,375.666667,381.333333,74400,,,
2016-08-09,381.333333,396.666667,377.333333,388,56400,,,
2016-08-10,388.333333,388.333333,376.666667,381,65700,,,
2016-08-12,386.333333,396,385,393.333333,72600,,,
2016-08-15,387.666667,395,387.666667,390.666667,39300,,,
2016-08-16,388.666667,391.666667,387.666667,387.666667,60000,,,
2016-08-17,383.333333,385.666667,373.333333,378,77700,,,
2016-08-18,375,376.666667,369.333333,373.666667,60000,,,
2016-08-19,373,382,373,377,81300,,,
2016-08-22,377,385,377,378.666667,26100,,,
2016-08-23,377.333333,380,372,376.666667,51300,,,
2016-08-24,376.666667,378.333333,374.666667,377.333333,25800,,,
2016-08-25,377.333333,379,373.666667,376.666667,46200,,,
2016-08-26,375.333333,375.333333,369.333333,371,37200,,,
2016-08-29,380,380,375.666667,379,48300,,,
2016-08-30,373.666667,373.666667,369,371.666667,40500,,,
2016-08-31,371.666667,376.333333,370,376,36900,,,
2016-09-01,373.333333,377.333333,371.666667,377.333333,29100,,,
2016-09-02,375.666667,375.666667,371,373,28200,,,
2016-09-05,375.666667,376.666667,369.666667,370.333333,37500,,,
2016-09-06,370.333333,371.333333,369.333333,370.666667,31800,,,
2016-09-07,369.333333,373.333333,368.666667,373.333333,50700,,,
2016-09-08,371,371.666667,367.666667,371.333333,43500,,,
2016-09-09,373,373,369,370,48000,,,
2016-09-12,364.333333,366.666667,362,364.666667,46800,,,
2016-09-13,363.333333,363.666667,360,360.666667,39600,,,
2016-09-14,360,366.666667,358,365.333333,51600,,,
2016-09-15,362.666667,363.333333,357.333333,357.333333,35100,,,
2016-09-16,357.666667,359.333333,356.666667,357.333333,29700,,,
2016-09-20,350,356.666667,348.333333,355,99300,,,
2016-09-21,355,362.333333,348.666667,360.333333,69900,,,
2016-09-23,364.333333,366.666667,360.333333,366.333333,99300,,,
2016-09-26,364.666667,364.666667,360,362.666667,39000,,,
2016-09-27,361,365,354,365,97200,,,
2016-09-28,364.666667,370.666667,363.666667,369.333333,57900,,,
2016-09-29,369.666667,374.666667,368.333333,373.333333,39000,,,
2016-09-30,371.666667,374.666667,367.333333,373.333333,58200,,,
2016-10-03,373.666667,376.666667,373.333333,373.333333,29400,,,
2016-10-04,373.333333,375,370.666667,374,75900,,,
2016-10-05,373,376.666667,373,376,54900,,,
2016-10-06,377,378.333333,372,373.333333,45600,,,
2016-10-07,373.333333,375.666667,369,374.666667,46200,,,
2016-10-11,375,377.666667,355.333333,365.666667,181200,,,
2016-10-12,366.666667,372,366.666667,366.666667,49800,,,
2016-10-13,369.333333,374,366.666667,373.333333,54600,,,
2016-10-14,372,373.333333,368.333333,370.333333,41700,,,
2016-10-17,369.333333,374.333333,368.666667,373.333333,89400,,,
2016-10-18,373.333333,378,371,374.333333,99300,,,
2016-10-19,375,377.333333,373.666667,374,42600,,,
2016-10-20,373,377.333333,373,377.333333,46800,,,
2016-10-21,377.666667,381,376.666667,377.333333,78900,,,
2016-10-24,378,401,378,389,229800,,,
2016-10-25,391,395.666667,390,393.666667,150300,,,
2016-10-26,394.333333,406.666667,394.333333,400.333333,182100,,,
2016-10-27,401.333333,405.666667,399,401.666667,124800,,,
2016-10-28,404.666667,412.666667,401.333333,412,139200,,,
2016-10-31,410.333333,413.666667,404.333333,412.666667,150000,,,
2016-11-01,416,425,414.333333,425,172500,,,
2016-11-02,420,423,396.333333,411.666667,204000,,,
2016-11-04,412.333333,430.333333,406,428.333333,184200,,,
2016-11-07,433.333333,433.333333,415,420.666667,187200,,,
2016-11-08,425,425,416,420,109500,,,
2016-11-09,440,444.333333,414.333333,424.333333,247200,,,
2016-11-10,440,445,431,431.666667,198000,,,
2016-11-11,435,446.666667,427.666667,445.333333,227700,,,
2016-11-14,445.666667,448.333333,435,442,119700,,,
2016-11-15,442,447,438.666667,446.333333,70200,,,
2016-11-16,446.666667,451.333333,442,451,123900,,,
2016-11-17,445.333333,452,445.333333,451.666667,78000,,,
2016-11-18,451.666667,453.333333,448.333333,450.666667,69300,,,
2016-11-21,453,456.666667,453,456.333333,58500,,,
2016-11-22,457.333333,463,457.333333,462.666667,84300,,,
2016-11-24,462.666667,464.333333,448.333333,450,118500,,,
2016-11-25,455.333333,456,449.666667,455.333333,96600,,,
2016-11-28,459.333333,466.333333,454.333333,466.333333,104400,,,
2016-11-29,462,466,460.333333,462,102000,,,
2016-11-30,460.333333,464.333333,456.666667,458.666667,73800,,,
2016-12-01,462.333333,462.666667,457.666667,462,117300,,,
2016-12-02,456.666667,456.666667,443.666667,447,140700,,,
2016-12-05,443.666667,445,438.333333,440.666667,132900,,,
2016-12-06,440.666667,446.666667,438.666667,444.666667,78600,,,
2016-12-07,441.666667,444.333333,431.666667,432.666667,119400,,,
2016-12-08,433.666667,439.666667,430,436.666667,63600,,,
2016-12-09,433.666667,437,425,436.666667,136500,,,
2016-12-12,440,440,423.666667,432.333333,136200,,,
2016-12-13,434.333333,444.666667,434,442.666667,100800,,,
2016-12-14,443,444,439.333333,443.666667,63900,,,
2016-12-15,443.666667,449,439.333333,440,92700,,,
2016-12-16,442.333333,447.666667,441.333333,446.666667,77400,,,
2016-12-19,445.333333,454,442.333333,453.333333,89400,,,
2016-12-20,454.666667,460,450.666667,460,69600,,,
2016-12-21,465,465.666667,457,459.333333,92700,,,
2016-12-22,459.666667,460.333333,454.666667,460.333333,54000,,,
2016-12-26,462.333333,470,460.333333,468.333333,141300,,,
2016-12-27,469.333333,472.666667,467.666667,470,81900,,,
2016-12-28,469.666667,479.333333,465.333333,478,59700,,,
2016-12-29,477.666667,477.666667,467.666667,472,66300,,,
2016-12-30,473.333333,475.666667,467.333333,475.333333,63000,,,
2017-01-04,477,482.666667,471.666667,478.666667,78000,,,
2017-01-05,479.333333,484,474.333333,480,87900,,,
2017-01-06,476.666667,487.666667,453.333333,485,129000,,,
2017-01-10,489.666667,490,476.666667,482.666667,108300,,,
2017-01-11,485,488,478.333333,488,44700,,,
2017-01-12,484.666667,487,474,478,105300,,,
2017-01-13,473.666667,486.666667,473.666667,482.666667,53700,,,
2017-01-16,483.666667,485.333333,475,478,46800,,,
2017-01-17,474.333333,477.333333,470.666667,475.333333,56100,,,
2017-01-18,473.666667,473.666667,463.666667,469,44400,,,
2017-01-19,472.666667,478.333333,471,474.666667,28800,,,
2017-01-20,473,480.333333,472,478.666667,58800,,,
2017-01-23,479,479.666667,473.666667,473.666667,37800,,,
2017-01-24,473.666667,479,471.666667,476,53400,,,
2017-01-25,476.666667,480,472,472.333333,54600,,,
2017-01-26,476.333333,480,472,478,46800,,,
2017-01-27,482.333333,482.333333,472.666667,473.666667,49800,,,
2017-01-30,472.333333,475.333333,467.666667,474.333333,36900,,,
2017-01-31,469.333333,472.666667,464.666667,468.333333,42900,,,
2017-02-01,464.666667,470,463.333333,468.666667,45900,,,
2017-02-02,471.666667,474,454.333333,462.666667,53400,,,
2017-02-03,460,466.333333,460,463.333333,54300,,,
2017-02-06,462.666667,470,447,453,75300,,,
2017-02-07,455.666667,463,447.333333,461.333333,64500,,,
2017-02-08,462.333333,462.333333,429.666667,457,184200,,,
2017-02-09,454.666667,462,452.666667,460.666667,76200,,,
2017-02-10,466,472.666667,460,464,78300,,,
2017-02-13,470,472,466.333333,470.333333,58200,,,
2017-02-14,471,477,466,474.666667,67800,,,
2017-02-15,478,482,473.333333,477,47700,,,
2017-02-16,477.333333,477.333333,467.333333,473.333333,43800,,,
2017-02-17,472.666667,473.666667,466.666667,472.666667,57600,,,
2017-02-20,472.666667,473.333333,470.333333,472,22500,,,
2017-02-21,472,473.333333,469.333333,471,73800,,,
2017-02-22,473.666667,479.666667,472.333333,474.333333,57600,,,
2017-02-23,472.333333,480.333333,469.333333,480,69300,,,
2017-02-24,480,481.666667,475,481,74700,,,
2017-02-27,477,480,470.666667,479.666667,95700,,,
2017-02-28,480,483,469.666667,470.666667,108600,,,
2017-03-01,473.333333,480,470,477.333333,99900,,,
2017-03-02,480,480,468.333333,471.666667,174300,,,
2017-03-03,467.666667,475.333333,467.666667,470.666667,146100,,,
2017-03-06,470.666667,476,463.333333,473.333333,70200,,,
2017-03-07,471.666667,477.666667,469.333333,477.333333,53700,,,
2017-03-08,477,477,473.333333,475,42600,,,
2017-03-09,473.333333,480,473.333333,478.333333,54900,,,
2017-03-10,481.666667,486,478.666667,484,99600,,,
2017-03-13,481.333333,486.333333,480.333333,485.666667,55500,,,
2017-03-14,483.333333,485,479.333333,481.666667,48600,,,
2017-03-15,479.666667,482.666667,476,476.333333,46800,,,
2017-03-16,475,476.666667,466.666667,469,95400,,,
2017-03-17,470,474.666667,468.333333,472.666667,57900,,,
2017-03-21,472.666667,483.666667,472.333333,480,106200,,,
2017-03-22,476.333333,491.333333,475.333333,486.333333,166200,,,
2017-03-23,485,493,484,490.333333,143700,,,
2017-03-24,492.333333,504.333333,490.333333,496.666667,186300,,,
2017-03-27,496.666667,500,494,496.666667,102600,,,
2017-03-28,499.333333,502,495.333333,502,88200,,,
2017-03-29,503.333333,504.666667,492,496,91500,,,
2017-03-30,494,497.666667,485.666667,491.333333,128400,,,
2017-03-31,491.666667,493.333333,485.666667,485.666667,97500,,,
2017-04-03,486,494.666667,477,486,78900,,,
2017-04-04,480.666667,483.333333,472.333333,473.666667,81600,,,
2017-04-05,471,475,466,467.333333,67200,,,
2017-04-06,460,460.333333,445.666667,448.333333,98100,,,
2017-04-07,446.666667,456.666667,446.666667,449,84000,,,
2017-04-10,453,456.666667,449.666667,449.666667,38100,,,
2017-04-11,449.333333,449.333333,445,445,51000,,,
2017-04-12,442.666667,442.666667,436.333333,440.333333,62700,,,
2017-04-13,434.333333,445.333333,434,442.333333,57300,,,
2017-04-14,436.666667,442.333333,431,431.333333,49200,,,
2017-04-17,431.333333,438,431.333333,435.666667,33600,,,
2017-04-18,436.333333,441.333333,436.333333,439.333333,48300,,,
2017-04-19,439.666667,450.333333,439.666667,447,87600,,,
2017-04-20,452.333333,454,445.666667,446.666667,60900,,,
2017-04-21,449.666667,453.333333,446.333333,453,42900,,,
2017-04-24,456.666667,461.333333,456,459,63900,,,
2017-04-25,461.666667,468.666667,460,468,63900,,,
2017-04-26,471.333333,478.666667,470,476.666667,76200,,,
2017-04-27,479.333333,488,476.666667,487.666667,130800,,,
2017-04-28,493,495,473,478.666667,150600,,,
2017-05-01,498.666667,517,490,516.333333,303300,,,
2017-05-02,516.333333,519,510.666667,510.666667,124800,,,
2017-05-08,515,526.666667,515,526.666667,133200,,,
2017-05-09,529,531.666667,526,527.333333,88200,,,
2017-05-10,529.333333,534,524.333333,534,106500,,,
2017-05-11,529.666667,533.333333,526,530.666667,88200,,,
2017-05-12,531.333333,531.333333,526.333333,530,55500,,,
2017-05-15,522,529,522,527,58200,,,
2017-05-16,527,532,524,532,54300,,,
2017-05-17,523.333333,531.666667,522.333333,528.333333,67800,,,
2017-05-18,516.666667,526.666667,516.666667,525,53400,,,
2017-05-19,521.666667,531.333333,521.666667,529.333333,51300,,,
2017-05-22,531.333333,540,529.333333,537,88500,,,
2017-05-23,538.333333,542.333333,532.666667,533.666667,59700,,,
2017-05-24,536.666667,541.666667,536.666667,540.333333,59400,,,
2017-05-25,540.333333,542.333333,529.666667,529.666667,73800,,,
2017-05-26,530,532.666667,522.333333,524.666667,45300,,,
2017-05-29,526.333333,527,522.666667,523,33000,,,
2017-05-30,523.666667,526,518.333333,525,36300,,,
2017-05-31,525,528.666667,521,524.666667,65400,,,
2017-06-01,525,540,525,532.666667,52800,,,
2017-06-02,532.666667,541.666667,528.333333,538.333333,90600,,,
2017-06-05,533.666667,542.333333,533.333333,541.333333,37800,,,
2017-06-06,539.666667,546.666667,534.666667,538.333333,74700,,,
2017-06-07,537,545,535.666667,543,46200,,,
2017-06-08,546.666667,553,545,545.333333,127800,,,
2017-06-09,546,548.666667,534.666667,538.333333,113700,,,
2017-06-12,545,545,535,540,64200,,,
2017-06-13,536.333333,549,534.666667,544.666667,79200,,,
2017-06-14,550.666667,572.333333,548.333333,569,198000,,,
2017-06-15,569,589.333333,569,580,212400,,,
2017-06-16,593.333333,608.333333,584.666667,586.666667,184800,,,
2017-06-19,587,621.333333,587,617.666667,319800,,,
2017-06-20,622,633.333333,596.666667,627,243000,,,
2017-06-21,622,631,616.333333,628,123000,,,
2017-06-22,633.333333,648,632.666667,644,130500,,,
2017-06-23,642.666667,643.666667,601,605.666667,403200,,,
2017-06-26,598.333333,605.333333,578.333333,604.666667,357300,,,
2017-06-27,605,605.333333,589.666667,592,229200,,,
2017-06-28,601,602,592.333333,593.333333,158100,,,
2017-06-29,593,596.333333,589.333333,594.333333,212700,,,
2017-06-30,592.666667,598.333333,588.666667,598.333333,129300,,,
2017-07-03,594.333333,625.333333,594.333333,622.666667,197700,,,
2017-07-04,621.333333,621.333333,601.333333,607.666667,195000,,,
2017-07-05,597.666667,611.666667,592,609,212400,,,
2017-07-06,605.333333,616.666667,596.666667,614.666667,169200,,,
2017-07-07,606.666667,607,597.333333,599.333333,177900,,,
2017-07-10,597,618.666667,596.333333,617.666667,110100,,,
2017-07-11,619.333333,634.666667,613.666667,630.333333,180000,,,
2017-07-12,617,622.333333,603.666667,613.666667,362400,,,
2017-07-13,618,632,618,630,154800,,,
2017-07-14,622,628,617.666667,619.666667,167100,,,
2017-07-18,610,622,606.333333,620,120300,,,
2017-07-19,623,631,615.333333,627.333333,114600,,,
2017-07-20,629.666667,663.333333,629.666667,663,211200,,,
2017-07-21,650.333333,658.333333,634,654.333333,294300,,,
2017-07-24,648.666667,655.666667,629.333333,654,182100,,,
2017-07-25,654,654,634.666667,635.666667,110100,,,
2017-07-26,648.666667,648.666667,622.666667,639,125700,,,
2017-07-27,640,643,628.333333,631.666667,78600,,,
2017-07-28,623.333333,634,621.333333,634,128100,,,
2017-07-31,635.333333,639,620.333333,632,123300,,,
2017-08-01,578.666667,597,570,596.333333,556500,,,
2017-08-02,599,611,592.333333,608.333333,180300,,,
2017-08-03,611.666667,611.666667,598.333333,600.666667,99600,,,
2017-08-04,599.333333,605.333333,593,603.333333,125700,,,
2017-08-07,613.666667,613.666667,603,605,69600,,,
2017-08-08,606.666667,609,601.333333,606,69900,,,
2017-08-09,605,605,592.666667,598.666667,91800,,,
2017-08-10,598.666667,601.333333,594,599.666667,51600,,,
2017-08-14,593.333333,597.666667,586.666667,589.333333,63900,,,
2017-08-15,596.666667,626,596.666667,623.666667,158700,,,
2017-08-16,620.333333,626,614.333333,621,117300,,,
2017-08-17,623.666667,638.333333,623,634.666667,123000,,,
2017-08-18,627,651.333333,625.666667,641.666667,207000,,,
2017-08-21,654,659.333333,635.666667,642.333333,83400,,,
2017-08-22,642.333333,655,637,643.666667,187500,,,
2017-08-23,651.666667,682,651.666667,669,297000,,,
2017-08-24,663.333333,678.333333,663.333333,673,126000,,,
2017-08-25,672.666667,673,634,660,203100,,,
2017-08-28,665.333333,678,663,670.333333,155400,,,
2017-08-29,660.666667,665.333333,658.333333,663.333333,72000,,,
2017-08-30,667.333333,671.666667,662.666667,670.666667,102900,,,
2017-08-31,666.666667,678,657.666667,673,276000,,,
2017-09-01,673,682.666667,669,673,231900,,,
2017-09-04,673,674.666667,662.333333,667.333333,195900,,,
2017-09-05,667.333333,677,665,670.333333,177600,,,
2017-09-06,660.666667,677,658,675.666667,150000,,,
2017-09-07,673,675.666667,662.333333,672,163500,,,
2017-09-08,666.666667,688.333333,666.666667,686.666667,201000,,,
2017-09-11,686.666667,709.666667,686.666667,708.333333,210000,,,
2017-09-12,713.333333,716,699.333333,707.666667,194400,,,
2017-09-13,705.333333,729.333333,705.333333,719,243000,,,
2017-09-14,728.333333,728.333333,704,711.333333,174000,,,
2017-09-15,707,728.666667,701.333333,701.333333,930900,,,
2017-09-19,703.333333,717.333333,701.333333,706,336000,,,
2017-09-20,706,727,699.666667,705.666667,179100,,,
2017-09-21,706.666667,718.666667,700,713.333333,209400,,,
2017-09-22,706.666667,714.333333,704,710.666667,124500,,,
2017-09-25,713.333333,726.333333,713,720.666667,132600,,,
2017-09-26,720.666667,728.333333,714.666667,718.666667,166500,,,
2017-09-27,721.666667,725.333333,712.666667,722,85200,,,
2017-09-28,723.333333,731.333333,717.666667,730.666667,153900,,,
2017-09-29,732,750.333333,731,740,200400,,,
2017-10-02,739.666667,742.666667,718.666667,719.333333,147300,,,
2017-10-03,734,734,723,727,96600,,,
2017-10-04,729.666667,734.666667,719.666667,732.666667,117000,,,
2017-10-05,726,731.333333,715.666667,718,121500,,,
2017-10-06,718,722,706.333333,709.666667,86100,,,
2017-10-10,710.666667,731.666667,710.666667,728.666667,159600,,,
2017-10-11,729,738.333333,722,725.666667,140400,,,
2017-10-12,732.666667,734.666667,725,725,165600,,,
2017-10-13,722.666667,747.666667,718.666667,745.333333,265200,,,
2017-10-16,747,763,741.666667,742,211200,,,
2017-10-17,739.333333,746.333333,729,738,185100,,,
2017-10-18,728,736.666667,721.666667,724,123300,,,
2017-10-19,720.333333,738.333333,719,725,112800,,,
2017-10-20,719.333333,734.333333,719.333333,725.333333,98700,,,
2017-10-23,740,750,740,746.333333,163500,,,
2017-10-24,749.333333,749.333333,740.666667,745,115200,,,
2017-10-25,742.333333,766.333333,741.333333,747.666667,218700,,,
2017-10-26,748,756.666667,746.333333,753.333333,128100,,,
2017-10-27,760,762.333333,750.333333,756.333333,88500,,,
2017-10-30,759.666667,766.666667,751.333333,758.333333,139200,,,
2017-10-31,760,783.333333,759,780.666667,184200,,,
2017-11-01,730.666667,818.666667,713.333333,814.666667,533400,,,
2017-11-02,848,896.666667,827,879,554100,,,
2017-11-06,879,929.666667,868.666667,927.333333,442200,,,
2017-11-07,927.666667,946.333333,906.666667,913.666667,503700,,,
2017-11-08,904.333333,927,898.333333,909,242400,,,
2017-11-09,911.333333,929.333333,884,903.666667,245100,,,
2017-11-10,887,903.666667,882,895.333333,177000,,,
2017-11-13,890.333333,909,888.333333,898.333333,160200,,,
2017-11-14,913.333333,914.333333,886.666667,888.333333,135900,,,
2017-11-15,889,889.666667,848.333333,861.333333,178800,,,
2017-11-16,851,872.333333,847.333333,862.666667,140700,,,
2017-11-17,871,874.666667,856,858,88800,,,
2017-11-20,850.333333,871,850.333333,866,89100,,,
2017-11-21,873.333333,877.666667,863.333333,863.666667,120900,,,
2017-11-22,872.666667,873.666667,853.333333,858.666667,159000,,,
2017-11-24,850,865.666667,850,852,135600,,,
2017-11-27,868.666667,870.333333,852,853.333333,106800,,,
2017-11-28,848.666667,854.666667,843.666667,850.333333,111900,,,
2017-11-29,856.666667,880.333333,847,877.666667,233400,,,
2017-11-30,868.666667,882,831.666667,851.666667,859200,,,
2017-12-01,852,856,806.333333,834.333333,199200,,,
2017-12-04,836,838,813.333333,814,96300,,,
2017-12-05,823.333333,824.666667,807.333333,812,111300,,,
2017-12-06,810.333333,821.666667,793.666667,795.333333,140700,,,
2017-12-07,804,813.666667,799,809.666667,107100,,,
2017-12-08,797.333333,833.333333,797.333333,830,183600,,,
2017-12-11,819.666667,822,799.666667,811.666667,100200,,,
2017-12-12,822,822,803.666667,810.666667,89700,,,
2017-12-13,826.333333,837,807.333333,810.666667,123000,,,
2017-12-14,806,806,788.333333,793.333333,165600,,,
2017-12-15,798.333333,826.666667,796,823.666667,243900,,,
2017-12-18,817,819.333333,789,806.333333,322800,,,
2017-12-19,810.666667,811.666667,793.333333,807.333333,162300,,,
2017-12-20,808,821.333333,794.333333,819.333333,211800,,,
2017-12-21,809,817.333333,803.333333,817.333333,53100,,,
2017-12-22,817.666667,820.333333,812.333333,817,62100,,,
2017-12-25,817,822.666667,806.333333,820.666667,52200,,,
2017-12-26,821.333333,830,814.666667,815.666667,48900,,,
2017-12-27,822,829.666667,812.333333,817,66900,,,
2017-12-28,818.333333,820,806.333333,810,66000,,,
2017-12-29,810,813,805.333333,808.666667,64200,,,
2018-01-04,809,828,809,828,64800,,,
2018-01-05,828,828,819.666667,827.333333,64800,,,
2018-01-09,828,845.666667,825.666667,845,96600,,,
2018-01-10,843.333333,844.666667,827.333333,835.333333,51900,,,
2018-01-11,836,838.333333,824.666667,832.333333,60600,,,
2018-01-12,829.666667,834.333333,815.333333,821.333333,69000,,,
2018-01-15,833.333333,833.333333,819.333333,822,26700,,,
2018-01-16,829,844.666667,828,841.333333,70500,,,
2018-01-17,841,856,839,852,57300,,,
2018-01-18,856.666667,871.666667,848.666667,852.333333,81000,,,
2018-01-19,853.333333,853.333333,831.666667,839,74100,,,
2018-01-22,840,840.666667,826.666667,833.333333,56100,,,
2018-01-23,842,842,833.333333,835.333333,33600,,,
2018-01-24,833.666667,840.333333,826.666667,836,63000,,,
2018-01-25,836,850,828,832.333333,73800,,,
2018-01-26,834,850,807.333333,828.333333,141600,,,
2018-01-29,836.333333,836.333333,828.333333,836,41700,,,
2018-01-30,829.333333,829.333333,815.666667,823,47100,,,
2018-01-31,818.333333,835.333333,803.333333,805.666667,75300,,,
2018-02-01,725.333333,735,701.666667,733,533400,,,
2018-02-02,731.666667,761.333333,725.333333,761.333333,229800,,,
2018-02-05,744.666667,748,724,742.333333,162300,,,
2018-02-06,703.333333,714.333333,668,687.333333,283500,,,
2018-02-07,704,717.333333,691.666667,698.333333,201900,,,
2018-02-08,703.666667,710.333333,682.666667,684.666667,144900,,,
2018-02-09,659.333333,669.666667,653,669,152100,,,
2018-02-13,664,679,645.666667,647.333333,252900,,,
2018-02-14,642.666667,646,621.666667,629.333333,187500,,,
2018-02-15,630.333333,631.333333,616.666667,619,165300,,,
2018-02-16,632.333333,643,624,626.333333,98700,,,
2018-02-19,636.333333,660,632.333333,660,107400,,,
2018-02-20,650,669.333333,643.333333,662.333333,103500,,,
2018-02-21,666.666667,683,655.666667,671.333333,89400,,,
2018-02-22,682,699.666667,673.333333,679,124200,,,
2018-02-23,693.666667,693.666667,667,673.666667,63300,,,
2018-02-26,675.666667,682,663.333333,666,85800,,,
2018-02-27,665.666667,670,654,666,146100,,,
2018-02-28,653,685,653,675.333333,176100,,,
2018-03-01,663,669,653.666667,656.666667,102900,,,
2018-03-02,646.666667,664.333333,641.666667,655,129900,,,
2018-03-05,650,650,622.666667,626,124500,,,
2018-03-06,621.666667,657.666667,610.333333,650,339000,,,
2018-03-07,649.666667,670.333333,636.333333,663,177000,,,
2018-03-08,673.666667,683,666.666667,670.666667,117600,,,
2018-03-09,675,693,660.333333,664.666667,128100,,,
2018-03-12,670,677,660.333333,662.666667,166200,,,
2018-03-13,662.333333,668.333333,652,656,71700,,,
2018-03-14,659,662.333333,647,653.333333,112200,,,
2018-03-15,653.333333,658.333333,642.666667,655.333333,43200,,,
2018-03-16,663.333333,674.666667,659.666667,664.333333,90000,,,
2018-03-19,652.666667,652.666667,629.666667,631,91500,,,
2018-03-20,627.666667,632.333333,615,631.666667,76200,,,
2018-03-22,632,655.666667,632,647.333333,171600,,,
2018-03-23,647.666667,647.666667,616.333333,621.666667,153600,,,
2018-03-26,616.333333,625.666667,608.333333,621.333333,78000,,,
2018-03-27,634.666667,649,634.666667,648.333333,93300,,,
2018-03-28,622.333333,640,619,637,61500,,,
2018-03-29,640.333333,655,639,654,105300,,,
2018-03-30,662.666667,668,658.333333,663.666667,52500,,,
2018-04-02,663.666667,663.666667,648,654,88200,,,
2018-04-03,645,664,644,660.333333,55500,,,
2018-04-04,666.666667,685.333333,663.333333,683.333333,71700,,,
2018-04-05,682.333333,695,674,693.666667,102900,,,
2018-04-06,693,722.333333,687.333333,717.333333,167100,,,
2018-04-09,712,716.333333,699,706.333333,99600,,,
2018-04-10,708,723.333333,697,714,67200,,,
2018-04-11,714,714,690.666667,691.666667,46500,,,
2018-04-12,693.666667,699.333333,682.666667,686.333333,45900,,,
2018-04-13,689,697,688,694.333333,35700,,,
2018-04-16,699.666667,705,697.666667,705,46500,,,
2018-04-17,706.666667,710,698.666667,702,40200,,,
2018-04-18,707.333333,709.666667,695.666667,702.333333,51300,,,
2018-04-19,706,731.333333,700.666667,727.333333,82800,,,
2018-04-20,727.333333,727.333333,706.666667,713.666667,58500,,,
2018-04-23,717,717,700.666667,708.666667,37800,,,
2018-04-24,719.666667,733.333333,715.666667,733.333333,51600,,,
2018-04-25,733.333333,736,718.333333,736,87900,,,
2018-04-26,742.666667,744,727.666667,739.333333,94500,,,
2018-04-27,743.333333,743.333333,718,732.666667,112800,,,
2018-05-01,751.666667,806.333333,728.333333,735,264600,,,
2018-05-02,744.333333,757.666667,730,733,153600,,,
2018-05-07,733.333333,734.666667,730.333333,732.666667,102600,,,
2018-05-08,739,767.333333,730,740.333333,111900,,,
2018-05-09,735.333333,747.666667,735.333333,737.666667,58500,,,
2018-05-10,738,741,727.666667,731.333333,81600,,,
2018-05-11,735.666667,752.666667,735,739,113100,,,
2018-05-14,735.333333,739,732,736.666667,51600,,,
2018-05-15,741.666667,741.666667,733,736,42600,,,
2018-05-16,736.666667,739.333333,729,733.666667,48600,,,
2018-05-17,737.666667,737.666667,711.666667,726,67800,,,
2018-05-18,727.666667,741,727.666667,732.333333,90900,,,
2018-05-21,738.333333,740,726.333333,728.333333,91200,,,
2018-05-22,728.666667,728.666667,710,711,49200,,,
2018-05-23,713.333333,731,713.333333,719.333333,78900,,,
2018-05-24,719.333333,721.666667,709.333333,720.333333,51000,,,
2018-05-25,720,730.666667,703.333333,709.666667,69900,,,
2018-05-28,711,730.666667,702,723,100500,,,
2018-05-29,726.666667,729.333333,700.333333,703,71100,,,
2018-05-30,700.333333,703.666667,685,702.333333,63900,,,
2018-05-31,700.666667,742.333333,692.333333,742.333333,225300,,,
2018-06-01,729.666667,748.333333,724,741,208500,,,
2018-06-04,740,775.333333,731.333333,743.333333,185100,,,
2018-06-05,743.333333,743.333333,719.666667,724.333333,64800,,,
2018-06-06,721.333333,730.666667,715.666667,730.333333,57000,,,
2018-06-07,733,735.333333,728.666667,732,96000,,,
2018-06-08,726,736.666667,726,732.333333,131700,,,
2018-06-11,736.333333,736.333333,730.333333,735,84000,,,
2018-06-12,739.333333,760,739.333333,756.333333,78300,,,
2018-06-13,756.333333,761.666667,750,753,63600,,,
2018-06-14,748.666667,752.666667,736.666667,740.333333,55200,,,
2018-06-15,743.333333,743.333333,718.666667,726,124500,,,
2018-06-18,734,734,710.333333,718.666667,58200,,,
2018-06-19,722.666667,735.666667,712.666667,718.666667,78000,,,
2018-06-20,716,719.666667,703.666667,713,63900,,,
2018-06-21,712,728.333333,708.333333,722.333333,105000,,,
2018-06-22,725.333333,754.333333,719.666667,750,196500,,,
2018-06-25,750,750,721.333333,725,81000,,,
2018-06-26,730.666667,748.333333,713,741.666667,112500,,,
2018-06-27,749.666667,750.666667,730.333333,731.666667,110700,,,
2018-06-28,732,740.333333,723.666667,737,73200,,,
2018-06-29,748.333333,748.333333,730.666667,738.333333,117000,,,
2018-07-02,721.666667,727.333333,709,714.666667,120300,,,
2018-07-03,715,717,688.666667,703.666667,109800,,,
2018-07-04,697.666667,705.666667,692.333333,703,63900,,,
2018-07-05,701.333333,707,697.666667,703.333333,81900,,,
2018-07-06,700.333333,704,697.333333,701,92100,,,
2018-07-09,702,714.666667,701.333333,703.333333,78300,,,
2018-07-10,702,704.333333,698.666667,698.666667,66900,,,
2018-07-11,690.666667,699.666667,681,693.666667,71400,,,
2018-07-12,687.666667,693.333333,683.333333,683.666667,30300,,,
2018-07-13,681,701,675,696.333333,101700,,,
2018-07-17,694,708.666667,693.333333,706,112500,,,
2018-07-18,706,718,703,706.333333,72600,,,
2018-07-19,700,700.333333,695.333333,699,22500,,,
2018-07-20,695.666667,695.666667,682.666667,687.333333,45300,,,
2018-07-23,680.666667,680.666667,669,678.666667,57000,,,
2018-07-24,683,688.333333,669.666667,682,139500,,,
2018-07-25,679.666667,700.666667,675,698,113100,,,
2018-07-26,705.666667,714,700.333333,710.666667,90900,,,
2018-07-27,721.333333,723.333333,705.333333,709,99000,,,
2018-07-30,709.333333,713.333333,696.666667,698,41400,,,
2018-07-31,705,705,672.666667,695,66300,,,
2018-08-01,635,650.666667,616.666667,618.333333,378000,,,
2018-08-02,616.666667,623.666667,607,607.666667,249600,,,
2018-08-03,600,600.333333,581,583,144600,,,
2018-08-06,582.666667,582.666667,567,567.666667,104700,,,
2018-08-07,566.666667,575.333333,564.666667,575,104400,,,
2018-08-08,582,602.666667,582,589.666667,186300,,,
2018-08-09,589.666667,603,576,580.333333,224400,,,
2018-08-10,575,578.666667,568.666667,574.666667,129600,,,
2018-08-13,574,574.666667,556,557.666667,107400,,,
2018-08-14,564.333333,564.333333,547,554.333333,108000,,,
2018-08-15,553.333333,553.333333,534,536,116700,,,
2018-08-16,529.333333,529.333333,516,523.333333,147300,,,
2018-08-17,526.666667,545.666667,525.666667,545.333333,159600,,,
2018-08-20,545.333333,545.333333,513.666667,517.333333,117300,,,
2018-08-21,517.333333,517.333333,502,506,112800,,,
2018-08-22,510,519.666667,504,511.666667,163800,,,
2018-08-23,509.333333,528,508.333333,527.666667,138000,,,
2018-08-24,533.333333,534.333333,521.666667,531,131100,,,
2018-08-27,539.666667,542.333333,535.666667,538.666667,77700,,,
2018-08-28,538.666667,555.333333,538.666667,552.333333,141300,,,
2018-08-29,549,556.333333,543.333333,551.333333,122100,,,
2018-08-30,552,573.333333,551.666667,561.333333,233400,,,
2018-08-31,553.333333,556,548.666667,549,68100,,,
2018-09-03,536.333333,537.333333,525,533.666667,289500,,,
2018-09-04,533.666667,546,528.666667,541.333333,82500,,,
2018-09-05,540,546,530,532.666667,128400,,,
2018-09-06,527.333333,537.333333,523,529,145800,,,
2018-09-07,527.333333,528,514.666667,517.666667,77700,,,
2018-09-10,517.666667,527.333333,516.666667,518,86400,,,
2018-09-11,515,516.333333,503.333333,513.666667,92700,,,
2018-09-12,513.666667,515,495.666667,507.666667,168900,,,
2018-09-13,507.666667,515.333333,505.666667,509.333333,98400,,,
2018-09-14,516,538.333333,515.333333,530,181200,,,
2018-09-18,531,542,503.666667,535.666667,255300,,,
2018-09-19,545,558,534,553.666667,138300,,,
2018-09-20,558.333333,563.666667,550.333333,562.333333,99300,,,
2018-09-21,566.666667,585,551.666667,585,285900,,,
2018-09-25,575,584.333333,569.333333,583.333333,168000,,,
2018-09-26,583.333333,593.666667,580,592,88500,,,
2018-09-27,586.666667,591.333333,566.333333,570.333333,180900,,,
2018-09-28,570.333333,573,553,555.333333,178800,,,
2018-10-01,552.666667,565,540.333333,550.666667,138900,,,
2018-10-02,559.666667,569,557.333333,558.333333,124200,,,
2018-10-03,559,569.666667,553.333333,554,96000,,,
2018-10-04,560.333333,563,545.666667,553.666667,72300,,,
2018-10-05,544,556.666667,541,551,113700,,,
2018-10-09,543,543,514.666667,526.666667,277500,,,
2018-10-10,533,542,525.666667,535.333333,102600,,,
2018-10-11,520,522,505,507,107700,,,
2018-10-12,507,514.666667,501.666667,511.333333,101100,,,
2018-10-15,510,515,496.666667,498.333333,125700,,,
2018-10-16,495,503.666667,492,496,86400,,,
2018-10-17,506,514,498.666667,512.333333,84900,,,
2018-10-18,499,510.666667,499,500.666667,129300,,,
2018-10-19,497,505,490.333333,501.666667,85500,,,
2018-10-22,494,513.333333,490.333333,505.666667,82200,,,
2018-10-23,500,503.333333,485.666667,486.333333,108000,,,
2018-10-24,493.666667,498.333333,484.666667,493.666667,90000,,,
2018-10-25,476.666667,476.666667,448.333333,451,178800,,,
2018-10-26,457.333333,463.666667,443,451,129600,,,
2018-10-29,456.666667,476.666667,445,449,216600,,,
2018-10-30,444,462.666667,440,461,467400,,,
2018-10-31,461.666667,473.333333,455.333333,461,201300,,,
2018-11-01,415,447.333333,415,447.333333,375900,,,
2018-11-02,427.333333,443,426.333333,436.333333,258300,,,
2018-11-05,426,431.666667,413,425.333333,311700,,,
2018-11-06,432,440.666667,423.666667,436,151800,,,
2018-11-07,439,444.666667,427,431.666667,168000,,,
2018-11-08,434.333333,442.333333,431.333333,434.666667,119400,,,
2018-11-09,433.666667,440.666667,427,435,137400,,,
2018-11-12,427.333333,429,417.333333,420.666667,156000,,,
2018-11-13,410.666667,413.666667,401.333333,401.333333,194100,,,
2018-11-14,413.333333,413.666667,393.333333,395.333333,232800,,,
2018-11-15,394,410.333333,391.666667,406.666667,99600,,,
2018-11-16,407,411.333333,395.333333,397.333333,75000,,,
2018-11-19,395.666667,406.666667,395.666667,403.666667,62700,,,
2018-11-20,400,401.666667,387.666667,394,136800,,,
2018-11-21,388.333333,396,382.333333,393.333333,113700,,,
2018-11-22,399.333333,405.333333,393.333333,402.666667,98400,,,
2018-11-26,402.333333,409.333333,401.333333,404.666667,78900,,,
2018-11-27,405,413.666667,398.666667,412,131700,,,
2018-11-28,410.333333,423.333333,410.333333,421.333333,75600,,,
2018-11-29,421.333333,436,421.333333,432,102600,,,
2018-11-30,432,438.333333,429,437.666667,86100,,,
2018-12-03,441.666667,450.666667,440,447,115800,,,
2018-12-04,447,449.333333,435,439,110700,,,
2018-12-05,427,437.333333,426.333333,434,82800,,,
2018-12-06,434.333333,437.333333,419.333333,424.333333,168600,,,
2018-12-07,424.333333,427.666667,418.666667,421,150600,,,
2018-12-10,420.666667,420.666667,406.333333,408.666667,107400,,,
2018-12-11,411.666667,411.666667,398,405,129900,,,
2018-12-12,404,417.666667,402.666667,403.333333,134400,,,
2018-12-13,407,414,406,407.333333,122400,,,
2018-12-14,411.333333,416.666667,407.333333,409.333333,231000,,,
2018-12-17,418.333333,418.333333,392.333333,397,216300,,,
2018-12-18,394,394.666667,377,381.333333,191700,,,
2018-12-19,381.333333,388.666667,380,385.333333,96300,,,
2018-12-20,380.333333,385.666667,368.333333,371,120300,,,
2018-12-21,370.666667,376.333333,360.666667,365.666667,220800,,,
2018-12-25,355.666667,359.333333,345.333333,353.333333,363600,,,
2018-12-26,351,365.666667,350,360.333333,184800,,,
2018-12-27,390.333333,390.666667,377,385,222300,,,
2018-12-28,384,388,380.333333,384.333333,91800,,,
2019-01-04,375,390.666667,365.666667,371,137400,,,
2019-01-07,383.333333,400.333333,383.333333,389.666667,118200,,,
2019-01-08,390.666667,394.333333,382.666667,382.666667,85200,,,
2019-01-09,389.333333,389.333333,374.333333,375.333333,94500,,,
2019-01-10,371.666667,371.666667,360.666667,363.666667,141000,,,
2019-01-11,364.333333,367.333333,363.333333,366,110700,,,
2019-01-15,361.333333,373,361.333333,367,139800,,,
2019-01-16,368,378.333333,365.666667,370.333333,153000,,,
2019-01-17,371.666667,378.333333,362,366.666667,140100,,,
2019-01-18,373,377,367,367,114900,,,
2019-01-21,374,379.333333,366,371.666667,243300,,,
2019-01-22,377,377,366,368,105900,,,
2019-01-23,365,372.666667,360,362.666667,89700,,,
2019-01-24,360,368,352.666667,356.333333,125100,,,
2019-01-25,358,370.666667,354.666667,362.666667,128400,,,
2019-01-28,380.333333,380.333333,359.333333,359.666667,174900,,,
2019-01-29,357.666667,360,350.333333,353.666667,179400,,,
2019-01-30,354,361.666667,352,352.333333,172200,,,
2019-01-31,351,359,345.333333,352,236400,,,
2019-02-01,352,368.666667,349,349.666667,216000,,,
2019-02-04,349.333333,369.666667,346.666667,369,216600,,,
2019-02-05,378,383.666667,369.333333,373.333333,234600,,,
2019-02-06,376.333333,383.666667,371.333333,375.666667,150000,,,
2019-02-07,374.666667,377.666667,363.666667,370,138000,,,
2019-02-08,363.666667,366.333333,349.333333,352.333333,124800,,,
2019-02-12,354.333333,368.333333,354.333333,360,131100,,,
2019-02-13,360,372,353.666667,362,137400,,,
2019-02-14,362,374.333333,359.666667,360.333333,102600,,,
2019-02-15,355,365.666667,352.333333,361.666667,76800,,,
2019-02-18,365.666667,378,365.666667,373.333333,91500,,,
2019-02-19,369.333333,378.666667,369.333333,376.333333,118200,,,
2019-02-20,376,389.666667,376,384.666667,115500,,,
2019-02-21,385,400.666667,381.666667,384,162600,,,
2019-02-22,384.333333,391,381,385.333333,73800,,,
2019-02-25,387,390,384,385.333333,56700,,,
2019-02-26,385.666667,390,381,386,86700,,,
2019-02-27,390.333333,394,381.333333,389,134400,,,
2019-02-28,389,391.666667,382.666667,386.333333,63000,,,
2019-03-01,386.666667,388.333333,383.333333,385.666667,44100,,,
2019-03-04,391,391,383,389.666667,37500,,,
2019-03-05,386.666667,388.666667,380.666667,388.666667,66000,,,
2019-03-06,385.333333,393.333333,385.333333,393,43500,,,
2019-03-07,390.666667,392.666667,383.333333,387.333333,87600,,,
2019-03-08,384.333333,387.666667,370,376.666667,131700,,,
2019-03-11,374.666667,377,367.333333,375.333333,74400,,,
2019-03-12,378.333333,385.333333,378.333333,383,62100,,,
2019-03-13,380,384,373,373,66600,,,
2019-03-14,373.333333,375,363.666667,363.666667,59100,,,
2019-03-15,363.333333,372.333333,350,350,128700,,,
2019-03-18,359,380.333333,359,379.666667,114000,,,
2019-03-19,381,386.333333,374.333333,385.333333,104700,,,
2019-03-20,385.333333,390,379.333333,383.333333,57300,,,
2019-03-22,383.333333,386.333333,377.666667,384.333333,63600,,,
2019-03-25,382,382,364,365.666667,73800,,,
2019-03-26,375.666667,393,368.666667,391.666667,148800,,,
2019-03-27,393.333333,393.333333,379.333333,389.666667,92400,,,
2019-03-28,387,387,371.333333,373.333333,73500,,,
2019-03-29,379,381,367,371,44100,,,
2019-04-01,381,389.333333,378.333333,388.333333,107400,,,
2019-04-02,392,392,382.666667,386,47400,,,
2019-04-03,386,399.333333,385,399.333333,83700,,,
2019-04-04,398.333333,407.666667,398.333333,402.666667,48000,,,
2019-04-05,404.666667,416.666667,403.333333,416.333333,85800,,,
2019-04-08,416.333333,416.333333,410,411.666667,89100,,,
2019-04-09,410.333333,416,404.666667,414.666667,114900,,,
2019-04-10,413.333333,414.666667,410.333333,412,67200,,,
2019-04-11,412,412.333333,404,404.333333,97500,,,
2019-04-12,407,407,393,399,45000,,,
2019-04-15,402.333333,416.666667,402.333333,413.333333,101400,,,
2019-04-16,417.666667,424.666667,414,417.333333,104100,,,
2019-04-17,416.666667,419.333333,413.666667,415.333333,58200,,,
2019-04-18,415.333333,416.666667,403,406.666667,102300,,,
2019-04-19,407.666667,411.333333,407.666667,411.333333,23700,,,
2019-04-22,412.666667,414,405.666667,411.666667,42600,,,
2019-04-23,406,411.333333,404.333333,410.333333,48900,,,
2019-04-24,408.666667,412,404,405.666667,48600,,,
2019-04-25,405.666667,416.333333,403.333333,416.333333,63900,,,
2019-04-26,414.666667,426.666667,406,421.666667,109200,,,
2019-05-07,426.333333,442,426.333333,430.666667,167100,,,
2019-05-08,430.666667,443.333333,426.666667,433.333333,269100,,,
2019-05-09,432.333333,436,427.666667,433,149100,,,
2019-05-10,433,437,427,432.666667,116100,,,
2019-05-13,433.333333,437,412,414.333333,124200,,,
2019-05-14,404.333333,417.333333,399,417,104700,,,
2019-05-15,418.333333,423,395.333333,402,109200,,,
2019-05-16,398.666667,398.666667,381.333333,384.666667,144000,,,
2019-05-17,392.666667,394.333333,387.666667,392.666667,108300,,,
2019-05-20,392.333333,400.333333,389.333333,399,54600,,,
2019-05-21,402.666667,410.666667,396.333333,410.666667,76800,,,
2019-05-22,415.333333,415.333333,402.333333,402.333333,39000,,,
2019-05-23,405,405,398.666667,403.666667,50400,,,
2019-05-24,400.666667,403.666667,395.666667,400.666667,62700,,,
2019-05-27,403.666667,403.666667,398,400.333333,61500,,,
2019-05-28,401.333333,401.333333,396,399.333333,75000,,,
2019-05-29,391.666667,394,385,390.666667,52200,,,
2019-05-30,388,398,387.666667,396.333333,45300,,,
2019-05-31,393.333333,396,379.333333,379.333333,84900,,,
2019-06-03,372,374.666667,362.666667,364.333333,118800,,,
2019-06-04,359.666667,373.666667,359.666667,366.666667,148800,,,
2019-06-05,374.666667,381.333333,372.333333,374.333333,112800,,,
2019-06-06,375.333333,377,370,373.333333,79500,,,
2019-06-07,373.666667,377.666667,367.666667,376,67800,,,
2019-06-10,378.333333,387,377,385.666667,59700,,,
2019-06-11,388.333333,404.333333,388.333333,402.666667,117300,,,
2019-06-12,408.333333,423.666667,407,416.333333,154500,,,
2019-06-13,417,421,408,413,96600,,,
2019-06-14,414.333333,417.666667,406.333333,412,90600,,,
2019-06-17,409.666667,409.666667,403.333333,405.333333,39300,,,
2019-06-18,408,408.333333,398.666667,398.666667,65400,,,
2019-06-19,405,409,403.333333,406.333333,50400,,,
2019-06-20,409,410.333333,404.333333,404.333333,46800,,,
2019-06-21,404.333333,436.333333,403.333333,435,450000,,,
2019-06-24,433,442,431,433.333333,123000,,,
2019-06-25,435,457,435,443.333333,220800,,,
2019-06-26,442.333333,446.333333,432.666667,433,116700,,,
2019-06-27,436.333333,457.333333,436.333333,457.333333,129600,,,
2019-06-28,463.666667,469.333333,443,444.333333,271500,,,
2019-07-01,464.333333,464.333333,450.333333,462,179700,,,
2019-07-02,461.666667,465,451.666667,464.666667,96900,,,
2019-07-03,464.333333,464.666667,457,463.333333,98100,,,
2019-07-04,465.333333,475.666667,465.333333,472.333333,147900,,,
2019-07-05,470,471,467.666667,468.333333,64500,,,
2019-07-08,468.333333,469.333333,452.333333,453.333333,72300,,,
2019-07-09,453.333333,453.333333,437.666667,442,105900,,,
2019-07-10,440,448.333333,437.333333,444.333333,84000,,,
2019-07-11,448,463.333333,448,460.666667,93300,,,
2019-07-12,461,463.333333,451.666667,453.333333,43200,,,
2019-07-16,450.333333,453.666667,444.333333,450.333333,63300,,,
2019-07-17,450.666667,450.666667,441.333333,446.333333,49200,,,
2019-07-18,445,445,432.333333,433.333333,109500,,,
2019-07-19,436,444.666667,434,441,73500,,,
2019-07-22,440,440,433,434.666667,54300,,,
2019-07-23,434.666667,439.666667,434.333333,437,40800,,,
2019-07-24,435.666667,435.666667,430.333333,435.666667,54000,,,
2019-07-25,436.333333,440.333333,436.333333,439.666667,28200,,,
2019-07-26,437,438.666667,432.666667,438,36900,,,
2019-07-29,438.666667,438.666667,433.333333,435.333333,37800,,,
2019-07-30,434.333333,449.666667,434.333333,448.333333,75000,,,
2019-07-31,446.666667,458.333333,445.333333,454,67800,,,
2019-08-01,450.666667,453.666667,438.333333,441.666667,84900,,,
2019-08-02,431.666667,437,424,425.333333,141000,,,
2019-08-05,423.333333,423.333333,414.666667,419.333333,94500,,,
2019-08-06,409.666667,422,401.333333,420.666667,116400,,,
2019-08-07,420.666667,422.333333,412.666667,418,69300,,,
2019-08-08,418,428,413.333333,417.666667,75000,,,
2019-08-09,424.666667,428,422.333333,427.666667,49500,,,
2019-08-13,421.666667,425,414.666667,423.333333,84600,,,
2019-08-14,424,432.666667,420.333333,432.666667,54300,,,
2019-08-15,422.666667,432.666667,422.333333,432.666667,107400,,,
2019-08-16,430,444,430,443,94800,,,
2019-08-19,448.666667,450,436.666667,444,92100,,,
2019-08-20,443,444,438.333333,443.666667,55500,,,
2019-08-21,437.666667,442.666667,437.333333,438,35400,,,
2019-08-22,439.666667,441.666667,436,440.333333,67800,,,
2019-08-23,438.333333,444.333333,437.333333,442,35400,,,
2019-08-26,432,439.666667,432,438.333333,90600,,,
2019-08-27,444.333333,448,439.666667,441.666667,88500,,,
2019-08-28,442.666667,442.666667,436.666667,440.333333,47700,,,
2019-08-29,438.666667,438.666667,433.666667,438.333333,177900,,,
2019-08-30,440.333333,449.666667,440.333333,448,106200,,,
2019-09-02,446.333333,446.333333,429.666667,440,82800,,,
2019-09-03,439.666667,442.666667,437.333333,442,28500,,,
2019-09-04,442,470.333333,442,465.666667,280200,,,
2019-09-05,471.333333,473.333333,455.666667,455.666667,160800,,,
2019-09-06,454.333333,465,452.666667,460.333333,66900,,,
2019-09-09,460,467.333333,459.666667,467,48300,,,
2019-09-10,465.666667,478,465.666667,466.666667,226500,,,
2019-09-11,465.333333,480.333333,463.666667,479.333333,136200,,,
2019-09-12,484.666667,489.666667,481.666667,485,108900,,,
2019-09-13,487,487,474.333333,483.333333,138600,,,
2019-09-17,483.333333,490.666667,476.666667,488,74400,,,
2019-09-18,491.666667,498.666667,488.333333,495.666667,85500,,,
2019-09-19,500,519.333333,500,511,204000,,,
2019-09-20,510,532.333333,507.666667,531.333333,162000,,,
2019-09-24,527.666667,536.333333,523.333333,529.333333,96300,,,
2019-09-25,529.333333,529.333333,519.666667,524.333333,66000,,,
2019-09-26,524.333333,531.333333,511,512.333333,107400,,,
2019-09-27,502,511.666667,497.333333,499,117300,,,
2019-09-30,491.333333,496.666667,486.333333,492.333333,57900,,,
2019-10-01,493,504.333333,493,500,61500,,,
2019-10-02,498,512.333333,490.666667,508.666667,95700,,,
2019-10-03,493.333333,495.666667,487.333333,489.333333,86100,,,
2019-10-04,486.666667,487.666667,471.333333,474.333333,99300,,,
2019-10-07,474.333333,474.666667,466,467.333333,92700,,,
2019-10-08,472.666667,488,469.666667,473,186600,,,
2019-10-09,468.333333,468.666667,455.666667,468.333333,141600,,,
2019-10-10,465.666667,477.666667,464,477.333333,54000,,,
2019-10-11,482,482,469,479,66900,,,
2019-10-15,482,493.666667,481.333333,481.333333,63900,,,
2019-10-16,487.333333,495.666667,487.333333,493.333333,97500,,,
2019-10-17,493.333333,496,487.333333,487.666667,89100,,,
2019-10-18,491.333333,498.333333,481.666667,486.333333,65100,,,
2019-10-21,486.666667,495.666667,483.333333,484,48300,,,
2019-10-23,486.333333,496,479,493.333333,92700,,,
2019-10-24,492.333333,494,490,490.666667,54000,,,
2019-10-25,493.666667,497.666667,485.666667,489.333333,122700,,,
2019-10-28,493.333333,494.666667,488,489.666667,76500,,,
2019-10-29,493.333333,497.333333,489.666667,491.666667,104400,,,
2019-10-30,487.666667,488,478,484.666667,446400,,,
2019-10-31,490,511.666667,487.333333,506.333333,263100,,,
2019-11-01,501,519,500.666667,512.666667,270000,,,
2019-11-05,533,540.333333,524.333333,530,274500,,,
2019-11-06,520,521,487.333333,495.666667,485100,,,
2019-11-07,496.666667,505,496.333333,500,195300,,,
2019-11-08,504,506.666667,496.333333,500,108000,,,
2019-11-11,502.666667,512.333333,497,497.333333,152400,,,
2019-11-12,498.333333,512,498.333333,510.666667,74100,,,
2019-11-13,513,522,512.333333,517,116100,,,
2019-11-14,514,516.666667,512,513.333333,66300,,,
2019-11-15,513.333333,521.666667,513.333333,520.333333,94200,,,
2019-11-18,523.666667,525,517.666667,522.666667,45000,,,
2019-11-19,525,529.666667,519.333333,527,87900,,,
2019-11-20,523.666667,523.666667,507,512.333333,110100,,,
2019-11-21,512.333333,520.333333,511.333333,519.666667,114300,,,
2019-11-22,521.666667,537.333333,519.666667,530.333333,134400,,,
2019-11-25,538.333333,539,527,533.666667,95100,,,
2019-11-26,535.333333,536,527.666667,531.666667,119700,,,
2019-11-27,531.666667,539.666667,522.666667,538.333333,98100,,,
2019-11-28,539,539.666667,525,539.333333,68400,,,
2019-11-29,540,549,533.333333,543.666667,197700,,,
2019-12-02,546.666667,561.333333,546.333333,555.666667,208500,,,
2019-12-03,552,557.666667,540,555.333333,125100,,,
2019-12-04,553.333333,572,551,570.333333,203100,,,
2019-12-05,580,593,580,588.666667,268200,,,
2019-12-06,583,584.333333,569.666667,576.333333,177000,,,
2019-12-09,576.666667,583.333333,576,582.666667,96000,,,
2019-12-10,583.333333,590,582.666667,588.333333,86700,,,
2019-12-11,595,595.666667,587.666667,592.666667,115200,,,
2019-12-12,597.666667,606,590,604,144300,,,
2019-12-13,613,615.333333,600.333333,601.666667,201600,,,
2019-12-16,603.333333,604.666667,600,601,126300,,,
2019-12-17,600.333333,608,589,606.666667,144600,,,
2019-12-18,605.666667,606,593.333333,596.333333,78600,,,
2019-12-19,596.666667,604.333333,596.666667,602,72900,,,
2019-12-20,601,606,598,602,88500,,,
2019-12-23,597,601,578.666667,589.666667,104700,,,
2019-12-24,589.666667,592,581.666667,587.333333,99300,,,
2019-12-25,583.666667,583.666667,575.333333,577.666667,42900,,,
2019-12-26,571,588.333333,567,588,132300,,,
2019-12-27,587,595.333333,579.666667,595,108900,,,
2019-12-30,593.666667,593.666667,581,587,68700,,,
2020-01-06,573.666667,579.333333,569.333333,575,106200,,,
2020-01-07,575,576,567.666667,574,97200,,,
2020-01-08,566.666667,566.666667,550.666667,557,117300,,,
2020-01-09,558,568.333333,558,563,71100,,,
2020-01-10,562.666667,565,559,562,50100,,,
2020-01-14,558.333333,558.333333,550.333333,555,85800,,,
2020-01-15,550.333333,557.666667,548.333333,553,171900,,,
2020-01-16,552.666667,556.666667,550.333333,552.666667,134100,,,
2020-01-17,552,556.333333,549,549.666667,113100,,,
2020-01-20,548.666667,551.333333,548.666667,550,129600,,,
2020-01-21,554.333333,556.333333,548.666667,550,218700,,,
2020-01-22,553.333333,566.666667,553,558.666667,285300,,,
2020-01-23,558.666667,567.666667,553,559.666667,173100,,,
2020-01-24,564.333333,564.333333,548.666667,550.333333,110100,,,
2020-01-27,533.666667,533.666667,520,521.666667,160800,,,
2020-01-28,518.333333,526.666667,515,526.666667,99000,,,
2020-01-29,524,525,516.666667,523,60900,,,
2020-01-30,514,520,505.666667,507.666667,126000,,,
2020-01-31,501.666667,521.333333,501.666667,512.333333,75900,,,
2020-02-03,484,500.666667,484,494.666667,93300,,,
2020-02-04,494.666667,506.333333,494,502.333333,72000,,,
2020-02-05,512.666667,520.666667,493,494.666667,86100,,,
2020-02-06,504.333333,506,499.333333,499.333333,87000,,,
2020-02-07,498,499,490.333333,493.666667,77100,,,
2020-02-10,486.666667,493.666667,480.333333,480.666667,54900,,,
2020-02-12,480,492,480,488.333333,98400,,,
2020-02-13,490.666667,491.333333,483,485.666667,61200,,,
2020-02-14,478,480.333333,472,478.333333,52800,,,
2020-02-17,478.333333,478.333333,462.666667,469,117300,,,
2020-02-18,468,468,455.333333,460.666667,93900,,,
2020-02-19,460.666667,469.333333,460.333333,460.333333,43800,,,
2020-02-20,463.333333,471.666667,458.333333,458.333333,51600,,,
2020-02-21,458.333333,463.666667,455.333333,459,67800,,,
2020-02-25,431.333333,442.333333,429.333333,435,131400,,,
2020-02-26,426.666667,436.666667,424,436.666667,118800,,,
2020-02-27,435,435,418.333333,420,138600,,,
2020-02-28,404,413.666667,396.666667,399.666667,284700,,,
2020-03-02,409.666667,427,401,422.666667,164400,,,
2020-03-03,428.333333,431.666667,408.333333,408.333333,137100,,,
2020-03-04,400,409.333333,399.666667,403.666667,70500,,,
2020-03-05,412,413.666667,402.666667,404.666667,75600,,,
2020-03-06,397.333333,399.666667,388.333333,390.666667,116100,,,
2020-03-09,383,384.333333,370,374.333333,126000,,,
2020-03-10,366.333333,386,350.333333,385.666667,142500,,,
2020-03-11,383.333333,390,380.666667,380.666667,180600,,,
2020-03-12,370.666667,373,356.333333,364.333333,252600,,,
2020-03-13,333.333333,366,329,356.333333,243600,,,
2020-03-16,364.333333,365.666667,345,345,170700,,,
2020-03-17,343.333333,378,336,375.666667,183600,,,
2020-03-18,379.333333,387.666667,367.333333,368,141000,,,
2020-03-19,380,425,378.666667,425,220500,,,
2020-03-23,425,432,380.666667,421.333333,273600,,,
2020-03-24,421.666667,433.333333,392,402.333333,133200,,,
2020-03-25,411.666667,428,395,415,125100,,,
2020-03-26,409.666667,438,402.333333,435.333333,138000,,,
2020-03-27,455,456.666667,424.333333,456.666667,185400,,,
2020-03-30,457.666667,479.333333,445,478.666667,155400,,,
2020-03-31,473.333333,473.333333,445.333333,455.333333,86100,,,
2020-04-01,447.666667,460.333333,424.666667,431.333333,117000,,,
2020-04-02,421.666667,421.666667,397.333333,406,96300,,,
2020-04-03,408.666667,420.333333,390.333333,394.333333,101400,,,
2020-04-06,388.333333,414.333333,382,413,98400,,,
2020-04-07,423,432,404.666667,416,72300,,,
2020-04-08,416.666667,438.666667,407.333333,429.333333,77700,,,
2020-04-09,426.333333,442,424.333333,440,76800,,,
2020-04-10,442.333333,453.333333,428,453.333333,45000,,,
2020-04-13,453.333333,453.333333,429.333333,432.333333,37500,,,
2020-04-14,432.666667,436.666667,420.333333,432.333333,45600,,,
2020-04-15,441.333333,441.333333,409.666667,414.666667,79800,,,
2020-04-16,433.333333,456.666667,426.666667,456.666667,93900,,,
2020-04-17,456.666667,460,437,440,76200,,,
2020-04-20,434,444,427.666667,431,34800,,,
2020-04-21,423.333333,439.333333,418.666667,425.666667,65700,,,
2020-04-22,420.333333,432,409.333333,429.333333,66600,,,
2020-04-23,439.333333,444.333333,420.666667,437.666667,72600,,,
2020-04-24,436.333333,442.666667,424.333333,439,77400,,,
2020-04-27,447.666667,450.666667,435,450.666667,88500,,,
2020-04-28,456,456,419.666667,440,99300,,,
2020-04-30,460,477.333333,433.333333,474.666667,200100,,,
2020-05-01,468.333333,480.333333,458.666667,460.333333,131700,,,
2020-05-07,462,475.333333,431.333333,434.666667,157800,,,
2020-05-08,426.333333,440,421.333333,439,141300,,,
2020-05-11,446.666667,455.666667,441.666667,447.666667,64500,,,
2020-05-12,446.666667,457.666667,445.666667,452.666667,60900,,,
2020-05-13,446.666667,452.666667,434.333333,448,90600,,,
2020-05-14,448,448,427,427.333333,48600,,,
2020-05-15,437,437,414.666667,430.666667,75000,,,
2020-05-18,429,429,415.666667,419.333333,57300,,,
2020-05-19,429.333333,437.333333,423.666667,426.333333,90300,,,
2020-05-20,429.666667,437.333333,428,437.333333,63600,,,
2020-05-21,440,449.333333,435,437.666667,56700,,,
2020-05-22,442.333333,446.666667,425.333333,433.666667,78900,,,
2020-05-25,440.333333,440.333333,431.666667,435.333333,24300,,,
2020-05-26,437.333333,459,437.333333,459,128700,,,
2020-05-27,461,461,442,450,138300,,,
2020-05-28,458,463.333333,448.666667,463.333333,110100,,,
2020-05-29,459.333333,465.666667,454,455.333333,66000,,,
2020-06-01,452.333333,455,444,453,67500,,,
2020-06-02,461.666667,462,453.333333,457.666667,54900,,,
2020-06-03,463,463,454.666667,457.666667,88500,,,
2020-06-04,464,470,458,470,75900,,,
2020-06-05,473.333333,473.333333,457,459.666667,69900,,,
2020-06-08,468,468,458.666667,464.666667,63600,,,
2020-06-09,464.666667,466.333333,457,465.333333,73800,,,
2020-06-10,461,480.333333,458.666667,480.333333,129000,,,
2020-06-11,478.666667,478.666667,435.666667,439.666667,247800,,,
2020-06-12,423.666667,430.666667,418,427,120300,,,
2020-06-15,430.333333,433.333333,421,421,86100,,,
2020-06-16,434,435,424.333333,434.666667,86100,,,
2020-06-17,433,438.333333,431.333333,435.666667,60600,,,
2020-06-18,437.333333,441.333333,428,438.333333,109800,,,
2020-06-19,434,438.333333,427.666667,438.333333,177600,,,
2020-06-22,437,438.666667,426.333333,430.333333,120000,,,
2020-06-23,429,439.333333,427,435,120000,,,
2020-06-24,435,435,425.333333,432.666667,56700,,,
2020-06-25,426.666667,426.666667,412,414.333333,82500,,,
2020-06-26,417.333333,423.333333,413,422.333333,140700,,,
2020-06-29,424.333333,426.666667,407.666667,424.666667,200400,,,
2020-06-30,429.666667,430,408,408,97200,,,
2020-07-01,411.666667,413.333333,404,406,75000,,,
2020-07-02,406.666667,415.333333,406.333333,409.333333,67200,,,
2020-07-03,412.666667,413.333333,404,411,32400,,,
2020-07-06,411.666667,416.666667,408.666667,412.666667,52800,,,
2020-07-07,409,418,405.333333,413.666667,56400,,,
2020-07-08,411.333333,418.333333,406.666667,406.666667,42900,,,
2020-07-09,408,419.333333,405.333333,415,57900,,,
2020-07-10,411,413.333333,396.666667,396.666667,75900,,,
2020-07-13,401.666667,417.666667,401.666667,415.333333,52200,,,
2020-07-14,417,418.333333,411,418.333333,39900,,,
2020-07-15,422,423.666667,414.666667,417.666667,56400,,,
2020-07-16,417.666667,417.666667,407.333333,409,60000,,,
2020-07-17,409,411.333333,405.333333,411,34200,,,
2020-07-20,412.666667,414.666667,402.666667,414.666667,32700,,,
2020-07-21,417,417.333333,403.333333,406.666667,151800,,,
2020-07-22,406.666667,411.666667,403.333333,408,60300,,,
2020-07-27,405.333333,405.333333,393.666667,399.666667,94800,,,
2020-07-28,399.666667,403.666667,397.333333,403.666667,59400,,,
2020-07-29,397,403,381.333333,383,250200,,,
2020-07-30,390.333333,397,359,365.333333,270600,,,
2020-07-31,358.333333,373.333333,358.333333,358.666667,122100,,,
2020-08-03,360,376.333333,357.666667,364.333333,112200,,,
2020-08-04,369.666667,378.666667,362.666667,378.666667,100500,,,
2020-08-05,378.666667,385,371.333333,373.666667,82200,,,
2020-08-06,373.666667,378.333333,366.666667,366.666667,89100,,,
2020-08-07,366.666667,374.333333,365.333333,370.666667,62700,,,
2020-08-11,372.666667,395.666667,372.666667,395.666667,133200,,,
2020-08-12,394,399.333333,388.666667,391.666667,66600,,,
2020-08-13,400,406.333333,396.333333,406.333333,107400,,,
2020-08-14,406.666667,409.333333,398.666667,402.666667,83100,,,
2020-08-17,407,407,396,397.666667,45000,,,
2020-08-18,400,404.666667,390,400,90300,,,
2020-08-19,397.333333,401.333333,390,400,54300,,,
2020-08-20,396.333333,400.666667,386,387.333333,87300,,,
2020-08-21,387.333333,391,383.666667,390,57000,,,
2020-08-24,397.333333,403.666667,391.333333,403.333333,41100,,,
2020-08-25,407,407,398,402.333333,55200,,,
2020-08-26,402.333333,406.333333,398.666667,405.666667,29400,,,
2020-08-27,407.333333,407.333333,396.333333,401.333333,37200,,,
2020-08-28,405.666667,405.666667,392,392.333333,91200,,,
2020-08-31,393.333333,406,393.333333,395.333333,77100,,,
2020-09-01,393.333333,401.666667,389,400,69600,,,
2020-09-02,400,402,395.666667,398.666667,41100,,,
2020-09-03,403.666667,403.666667,391.333333,400,60300,,,
2020-09-04,395,398,391,392.333333,52800,,,
2020-09-07,392.333333,400,391,396.666667,49800,,,
2020-09-08,400,409,398.666667,407.666667,41100,,,
2020-09-09,399.666667,403.333333,392.666667,396,73200,,,
2020-09-10,398.333333,404.666667,397.333333,403,33900,,,
2020-09-11,410.666667,410.666667,403.666667,405.666667,50100,,,
2020-09-14,408,436,404.666667,436,118800,,,
2020-09-15,434,437.666667,431,435.333333,65700,,,
2020-09-16,437.666667,439.666667,433.333333,435.666667,64200,,,
2020-09-17,439.666667,441.666667,432,432.333333,86100,,,
2020-09-18,435.333333,440.666667,433.333333,433.666667,72300,,,
2020-09-23,431.666667,438.333333,431.333333,434.666667,94500,,,
2020-09-24,427.666667,437.333333,427,435,110700,,,
2020-09-25,435.333333,440.666667,434.666667,437.666667,97500,,,
2020-09-28,442.666667,444.666667,432.333333,439.666667,183300,,,
2020-09-29,439.666667,443.333333,434,438.333333,75000,,,
2020-09-30,436.333333,437,427.333333,427.333333,119700,,,
2020-10-01,#VALUE!,#VALUE!,#VALUE!,#VALUE!,0,,,
2020-10-02,426,426.666667,411.333333,411.333333,94800,,,
2020-10-05,411.333333,428,411.333333,426.666667,55200,,,
2020-10-06,432,432,421,422.333333,24600,,,
2020-10-07,420.333333,422,413,413,31200,,,
2020-10-08,413,422.666667,413,419.333333,46200,,,
2020-10-09,421.666667,421.666667,412.333333,419,34200,,,
2020-10-12,422.666667,422.666667,411.333333,414,25800,,,
2020-10-13,417.666667,419.333333,407.666667,412.666667,18000,,,
2020-10-14,411,414.666667,405.666667,410,40800,,,
2020-10-15,407.666667,416.333333,407,412.333333,56700,,,
2020-10-16,413,417.666667,405.666667,406,66000,,,
2020-10-19,407.333333,418.666667,407,418.666667,58500,,,
2020-10-20,418.666667,418.666667,406.333333,406.333333,30600,,,
2020-10-21,405.666667,412.333333,405.666667,410.333333,24900,,,
2020-10-22,413,414.666667,404.666667,412,53100,,,
2020-10-23,412.333333,415,402.666667,405,31800,,,
2020-10-26,403.333333,414.333333,400.333333,404,46500,,,
2020-10-27,406,412.666667,398,409.666667,63900,,,
2020-10-28,409.666667,409.666667,399,409.333333,39900,,,
2020-10-29,400,406.333333,398.666667,404,36300,,,
2020-10-30,406,416.666667,397.333333,404.333333,95100,,,
2020-11-02,404.333333,416.666667,393.666667,410,115800,,,
2020-11-04,410,416.333333,401.333333,411.666667,74700,,,
2020-11-05,413.666667,432.666667,394.666667,403.333333,283200,,,
2020-11-06,413.333333,435,408.333333,435,162600,,,
2020-11-09,435,435,420.666667,429.333333,65100,,,
2020-11-10,435.666667,435.666667,423,432.666667,97500,,,
2020-11-11,436.666667,436.666667,428.666667,433.333333,82200,,,
2020-11-12,435.666667,435.666667,418,422,79500,,,
2020-11-13,424,424,407,407,51000,,,
2020-11-16,407.333333,415,403.333333,414.666667,97200,,,
2020-11-17,421.333333,422.666667,412.666667,420.333333,75000,,,
2020-11-18,421.333333,424.666667,411.333333,411.333333,62700,,,
2020-11-19,411.333333,427.666667,411.333333,425.333333,51600,,,
2020-11-20,421,435,421,432.666667,36300,,,
2020-11-24,441.666667,441.666667,432.666667,436,70500,,,
2020-11-25,436,436.666667,415.333333,417.333333,68400,,,
2020-11-26,421.666667,434,420.333333,432.666667,49200,,,
2020-11-27,433.333333,439,432.666667,433.333333,67500,,,
2020-11-30,428.333333,428.333333,415.333333,415.333333,72600,,,
2020-12-01,416,422.666667,416,418.666667,27600,,,
2020-12-02,421,423.333333,417,417.333333,59100,,,
2020-12-03,418.333333,427,417.666667,424.666667,27600,,,
2020-12-04,423.666667,432.666667,418,432.333333,25800,,,
2020-12-07,432.333333,433.333333,426.666667,431.666667,47100,,,
2020-12-08,430,435.666667,430,432,41100,,,
2020-12-09,430.333333,434.333333,430.333333,433.333333,32700,,,
2020-12-10,430.333333,434.333333,426.666667,431.333333,61500,,,
2020-12-11,430.333333,431,421.666667,424.333333,55200,,,
2020-12-14,431.666667,434,426.333333,433.333333,92700,,,
2020-12-15,429,435,426.666667,433.666667,67800,,,
2020-12-16,433.333333,437.333333,430,433.333333,72300,,,
2020-12-17,433.333333,433.333333,424.333333,427,60300,,,
2020-12-18,426,435.666667,424.333333,430,102300,,,
2020-12-21,433,434.666667,429.333333,433.333333,66900,,,
2020-12-22,428,434.666667,425,429.333333,63900,,,
2020-12-23,429.333333,429.333333,418.666667,421.333333,30600,,,
2020-12-24,426.333333,430.333333,419.333333,422,34500,,,
2020-12-25,425.333333,429.333333,423.333333,429.333333,37500,,,
2020-12-28,433.333333,433.333333,423.333333,429.333333,61500,,,
2020-12-29,427.333333,432.666667,427,431.333333,29700,,,
2020-12-30,433,433,425,425,44700,,,
2021-01-04,425,425,410.333333,410.666667,49500,,,
2021-01-05,410.333333,421,410.333333,420.333333,49800,,,
2021-01-06,420.333333,426.666667,420.333333,422.666667,29700,,,
2021-01-07,426,435,423,426,70800,,,
2021-01-08,427,434,424.666667,433.333333,54000,,,
2021-01-12,432.666667,432.666667,427.666667,429.666667,15000,,,
2021-01-13,429.666667,434.333333,428,433.333333,36900,,,
2021-01-14,430.666667,433.666667,426.666667,431.333333,36300,,,
2021-01-15,431.333333,431.333333,416.666667,416.666667,36900,,,
2021-01-18,413.666667,418.333333,413.333333,417.666667,40500,,,
2021-01-19,417.666667,417.666667,410,410,43200,,,
2021-01-20,414,415.333333,407.666667,414.333333,30600,,,
2021-01-21,414,416,409.333333,411.333333,44100,,,
2021-01-22,409,411.333333,408,409.666667,21900,,,
2021-01-25,408,413.333333,407.666667,412.333333,28200,,,
2021-01-26,410,414.333333,410,414,24600,,,
2021-01-27,420,423.333333,415,423.333333,47700,,,
2021-01-28,421.666667,431.666667,416.666667,431.666667,67500,,,
2021-01-29,430.333333,430.333333,420.333333,420.333333,41700,,,
2021-02-01,416.666667,428.666667,416.666667,425.666667,34200,,,
2021-02-02,426.666667,433.333333,426.666667,433.333333,50400,21709700,0,0
2021-02-03,433.333333,436.666667,430.666667,432.333333,57900,25077100,0,0
2021-02-04,433.333333,435.666667,431.333333,433.333333,48600,21067100,0,0
2021-02-05,435.333333,437.666667,431.333333,434.666667,72000,31253100,0,0
2021-02-08,436,438.666667,430.666667,436.666667,78600,34273800,0,0
2021-02-09,436,445,433,444,74100,32554800,0,0
2021-02-10,444,444,431.666667,437,45000,19691500,0,0
2021-02-12,438,438,431,432,46800,20301200,0,0
2021-02-15,436.666667,440.666667,434.333333,439,102000,44674100,0,0
2021-02-16,440,440,430.666667,434,66000,28583900,0,0
2021-02-17,433.333333,436.333333,429.333333,433.333333,27000,11699500,0,0
2021-02-18,433.333333,437,429.333333,433,78900,34195500,0,0
2021-02-19,429.333333,429.333333,425,425.666667,47700,20368700,0,0
2021-02-22,431.666667,434.333333,429.333333,431.333333,38700,16732500,0,0
2021-02-24,432,432,426,427,37800,16170600,0,0
2021-02-25,427,429,422.666667,423.666667,52800,22498600,0,0
2021-02-26,421.666667,429,413,425.333333,158100,66619200,0,0
2021-03-01,428.333333,436.333333,426.333333,436.333333,68100,29417600,0,0
2021-03-02,439.333333,449.666667,433.333333,448,98700,43602300,0,0
2021-03-03,448,448,440,442.666667,55500,24595000,0,0
2021-03-04,444,446.333333,438.333333,443.666667,51600,22829000,0,0
2021-03-05,440,449.333333,434.666667,449.333333,85200,37774300,0,0
2021-03-08,450,450,436.666667,444.666667,48300,21526200,0,0
2021-03-09,449.666667,460,446.666667,460,110700,50223200,0,0
2021-03-10,460,462.666667,456.666667,462.333333,41100,18948100,0,0
2021-03-11,462.666667,470,459.333333,465.333333,51900,24113300,0,0
2021-03-12,465.333333,467,459.666667,465.333333,106500,49564400,0,0
2021-03-15,465.333333,473.333333,462.333333,473.333333,119400,56031600,0,0
2021-03-16,477.666667,505.666667,472,505.666667,109200,53992200,0,0
2021-03-17,500,522,491.666667,522,135600,68746700,0,0
2021-03-18,518.333333,518.333333,497,504,111300,56137700,0,0
2021-03-19,506.333333,509,501,507.333333,105300,53314600,0,0
2021-03-22,509.333333,509.333333,495,499.666667,78600,39260800,0,0
2021-03-23,496.666667,496.666667,485.666667,487.666667,40200,19742400,0,0
2021-03-24,480.666667,487.666667,472,472,69900,33326600,0,0
2021-03-25,472,498.333333,471,488.666667,181200,87697000,0,0
2021-03-26,493.333333,509.666667,475.333333,489.666667,108900,53067500,0,0
2021-03-29,498.666667,498.666667,475.666667,485.666667,111300,54046000,0,0
2021-03-30,478.666667,478.666667,465,471.666667,79500,37503300,0,0
2021-03-31,467,472.666667,456.333333,456.333333,58500,27134900,0,0
2021-04-01,459.666667,469.666667,457,463,74100,34262600,0,0
2021-04-02,463,468.666667,463,467,18300,8537800,0,0
2021-04-05,475,475,464.333333,466.333333,50700,23669800,0,0
2021-04-06,464,469.666667,454,455.333333,53400,24558900,0,0
2021-04-07,457.666667,468.333333,457.666667,468.333333,36300,16853400,0,0
2021-04-08,462,465.333333,448.333333,448.333333,42600,19366500,0,0
2021-04-09,453,457.333333,449.333333,452.333333,50700,22928700,0,0
2021-04-12,452.333333,465.333333,452.333333,460.333333,54600,25115400,0,0
2021-04-13,458,465.333333,452.666667,452.666667,34800,15951700,0,0
2021-04-14,452.666667,457.333333,452,454.333333,14700,6675000,0,0
2021-04-15,451,455.666667,449.333333,450.333333,17100,7715700,0,0
2021-04-16,450.666667,453.333333,449,452.333333,21300,9611900,0,0
2021-04-19,453,456.333333,452.333333,455,22800,10379400,0,0
2021-04-20,451.666667,457.666667,445.666667,447.666667,44100,19860000,0,0
2021-04-21,443.666667,449.666667,440,442.666667,63900,28329300,0,0
2021-04-22,444.333333,450.333333,442.666667,448.666667,34200,15284300,0,0
2021-04-23,445.333333,445.333333,441.666667,442.666667,16200,7183900,0,0
2021-04-26,443.666667,450.666667,436.666667,436.666667,63900,28205000,0,0
2021-04-27,441,445.333333,436.666667,436.666667,63900,28177500,0,0
2021-04-28,438.333333,450.666667,427.666667,433,172500,75788700,0,0
2021-04-30,427,435.666667,420,422.666667,94200,40069800,0,0
2021-05-06,425.333333,436,425.333333,425.333333,76500,32934900,0,0
2021-05-07,427.666667,441.333333,427,433.333333,51300,22409200,0,0
2021-05-10,438.333333,446,434.666667,437,60900,26772100,0,0
2021-05-11,437.666667,438.666667,425,425,63900,27475200,0,0
2021-05-12,425.666667,425.666667,402,405.666667,164400,67397700,0,0
2021-05-13,409.666667,421.333333,409.666667,416,114300,47679900,0,0
2021-05-14,416.666667,419,409,411.333333,114600,47287300,0,0
2021-05-17,417,419.333333,412.333333,412.333333,112200,46720600,0,0
2021-05-18,412.333333,418,404.333333,415,132000,54439500,0,0
2021-05-19,411.666667,411.666667,402,402.333333,119100,48226300,0,0
2021-05-20,402.333333,409.333333,401.666667,401.666667,94500,38249600,0,0
2021-05-21,404,406,398.333333,400.666667,130500,52526000,0,0
2021-05-24,400,402,391.333333,400,200700,79757300,0,0
2021-05-25,400,400,390,390,257700,101435500,0,0
2021-05-26,390,393.333333,388,389,182100,70991500,0,0
2021-05-27,388,400,384.333333,391.333333,735900,287424800,0,0
2021-05-28,399.666667,402.666667,394,402.666667,150300,59864700,0,0
2021-05-31,402.333333,405.333333,396.666667,404.333333,110100,44218800,0,0
2021-06-01,405.666667,419.333333,405.666667,419.333333,119400,49264100,0,0
2021-06-02,419.333333,423.333333,404,404.333333,126900,52143800,0,0
2021-06-03,402.666667,404.333333,398,402.666667,106200,42619800,0,0
2021-06-04,400,403.666667,394,394,118200,46962500,0,0
2021-06-07,398.333333,400.333333,394.666667,400,81000,32294400,0,0
2021-06-08,398.333333,402.333333,398.333333,400,57600,23059400,0,0
2021-06-09,403.333333,406.333333,402,402.333333,73200,29561800,0,0
2021-06-10,402.666667,410.333333,402.333333,408.666667,87300,35552600,0,0
2021-06-11,408.666667,408.666667,398.333333,399.666667,129000,52286600,0,0
2021-06-14,400,401.333333,395.333333,396.666667,65100,25895700,0,0
2021-06-15,398.333333,398.333333,390.666667,394.666667,74100,29186000,0,0
2021-06-16,394.666667,398.666667,394.333333,398.666667,54000,21401000,0,0
2021-06-17,394,398.333333,394,395,49200,19448300,0,0
2021-06-18,396.666667,397,391.666667,391.666667,36300,14288200,0,0
2021-06-21,390,390.333333,382,382,114600,44173600,0,0
2021-06-22,390.666667,395,388.666667,391.666667,60300,23628600,0,0
2021-06-23,391.666667,399.333333,390.333333,399.333333,87900,34806100,0,0
2021-06-24,399.333333,399.333333,395.666667,397.333333,33000,13123900,0,0
2021-06-25,400,402,398.333333,399.666667,74100,29673400,0,0
2021-06-28,397.666667,401.333333,396,401,55200,22015300,0,0
2021-06-29,402.333333,402.333333,396,398,105900,42403000,0,0
2021-06-30,396.666667,402.333333,391.333333,391.333333,56100,22154900,0,0
2021-07-01,391.333333,393,383.666667,383.666667,60000,23166900,0,0
2021-07-02,388,389.666667,386,386.666667,49500,19181400,0,0
2021-07-05,389,389,385.333333,387.666667,26100,10106800,0,0
2021-07-06,385.666667,387.666667,383,384.333333,23400,8997500,0,0
2021-07-07,383,386,381,381,57000,21817500,0,0
2021-07-08,380.333333,387.666667,380.333333,381.333333,75300,28908200,0,0
2021-07-09,380.333333,382.666667,375,379,114900,43493900,0,0
2021-07-12,384.333333,392.666667,384.333333,392.666667,51300,19962000,0,0
2021-07-13,393.666667,397.666667,391.333333,397.666667,38100,15062800,0,0
2021-07-14,393,397.333333,393,393.333333,26700,10542800,0,0
2021-07-15,393,393.333333,382,382,36000,13878300,0,0
2021-07-16,382,385,382,383.666667,18300,7019100,0,0
2021-07-19,381.666667,381.666667,376.333333,380,56400,21399300,0,0
2021-07-20,380,382.333333,377.666667,378.666667,52500,19947000,0,0
2021-07-21,379.666667,382.666667,375.333333,375.333333,64500,24391400,0,0
2021-07-26,379.666667,387,379.666667,387,37800,14517500,0,0
2021-07-27,391.333333,391.333333,386.666667,390.333333,43500,16962200,0,0
2021-07-28,390.666667,390.666667,379.333333,379.333333,34500,13230100,0,0
2021-07-29,380.666667,383.666667,377,383.666667,42900,16372300,0,0
2021-07-30,383.666667,383.666667,373.333333,375.333333,48900,18414800,0,0
2021-08-02,375.333333,387.666667,375.333333,387.666667,50100,19219900,0,0
2021-08-03,387.666667,387.666667,381.666667,381.666667,24300,9358500,0,0
2021-08-04,380.333333,380.333333,367.666667,367.666667,55500,20651600,0,0
2021-08-05,367,372.666667,367,368.333333,31500,11645600,0,0
2021-08-06,368.666667,372,368.666667,369.666667,27600,10227900,0,0
2021-08-10,371.666667,376,370.666667,372,46500,17345700,0,0
2021-08-11,375.333333,379,372.666667,375.666667,33600,12619700,0,0
2021-08-12,379,380,376.333333,378.666667,25800,9758300,0,0
2021-08-13,377.666667,377.666667,371.333333,371.333333,40500,15147800,0,0
2021-08-16,371.333333,373.333333,364.333333,364.666667,78600,28798200,0,0
2021-08-17,370,374.333333,369.333333,373.666667,47700,17754600,0,0
2021-08-18,373.666667,376,367,370.666667,53100,19763900,0,0
2021-08-19,369.333333,376,369.333333,371.666667,48600,18155700,0,0
2021-08-20,374.666667,375.333333,370,373.333333,56400,21067600,0,0
2021-08-23,373.666667,376.666667,370.333333,371.666667,54600,20365200,0,0
2021-08-24,374,380,374,379.333333,41100,15546200,0,0
2021-08-25,382,382,375,376.666667,28800,10905800,0,0
2021-08-26,377,385.333333,376.333333,380.333333,90900,34579900,0,0
2021-08-27,381.666667,384.333333,379,384.333333,47100,18017800,0,0
2021-08-30,392.333333,398.333333,390.333333,398.333333,69600,27453400,0,0
2021-08-31,396,397.333333,391.333333,391.333333,32400,12753400,0,0
2021-09-01,391.333333,395.333333,390.333333,391.666667,11400,4464200,0,0
2021-09-02,391.333333,391.333333,384.333333,386,25500,9861400,0,0
2021-09-03,386.333333,394,386,393.333333,40200,15737500,0,0
2021-09-06,395.666667,396,392.333333,396,43200,17057000,0,0
2021-09-07,398.333333,406.333333,398.333333,406.333333,88500,35714800,0,0
2021-09-08,407.666667,409.333333,401.333333,404.666667,69600,28277300,0,0
2021-09-09,404,407.666667,402.333333,404.333333,52200,21128700,0,0
2021-09-10,408.333333,409.333333,403.666667,407.666667,106200,43266700,0,0
2021-09-13,407.333333,409.666667,403.333333,409.666667,42600,17340000,0,0
2021-09-14,410,420,406,420,107100,44399200,0,0
2021-09-15,414.666667,414.666667,405,408.666667,49800,20351800,0,0
2021-09-16,409.333333,409.333333,401.333333,407.666667,54000,21882200,0,0
2021-09-17,407.333333,412.333333,402.666667,412.333333,78600,32216400,0,0
2021-09-21,408.666667,408.666667,401,401.666667,65700,26559100,0,0
2021-09-22,400,400.666667,395,396,36000,14297500,0,0
2021-09-24,403.666667,405,396.666667,405,64200,25818800,0,0
2021-09-27,409.666667,409.666667,404.666667,408.333333,53700,21912900,0,0
2021-09-28,409.666667,409.666667,400.333333,408.666667,54900,22277800,0,0
2021-09-29,400.666667,400.666667,392,399,105000,41649500,0,0
2021-09-30,398,405.666667,396.666667,401.333333,49800,20036300,0,0
2021-10-01,396,398.666667,391.666667,391.666667,93300,36737400,0,0
2021-10-04,395.333333,397.666667,392,397.666667,37800,14924900,0,0
2021-10-05,393.333333,399.333333,391.333333,392,73800,29058000,0,0
2021-10-06,392,399.666667,389.333333,389.666667,108000,42388400,0,0
2021-10-07,392.666667,403.666667,392.666667,397.666667,89400,35653400,0,0
2021-10-08,401.666667,406.333333,401,404,45000,18146400,0,0
2021-10-11,403.333333,406,401,402.666667,26400,10660700,0,0
2021-10-12,398.666667,401,393.666667,397,41700,16553100,0,0
2021-10-13,393,394.333333,387.666667,388.666667,68100,26598400,0,0
2021-10-14,389,390.333333,385.333333,390.333333,32100,12453400,0,0
2021-10-15,392.666667,404,392.666667,404,35400,14167500,0,0
2021-10-18,403,404.333333,398,403.333333,42000,16878700,0,0
2021-10-19,400.333333,403.666667,400,402.666667,27300,10969500,0,0
2021-10-20,405.333333,405.333333,400,400.666667,20700,8336300,0,0
2021-10-21,403.333333,405.333333,400,400,28500,11472500,0,0
2021-10-22,399.666667,405.333333,398.333333,403.333333,24600,9894000,0,0
2021-10-25,400.666667,405,400,400.333333,19200,7710500,0,0
2021-10-26,399.666667,406.333333,399.666667,405,21900,8835600,0,0
2021-10-27,408.333333,408.333333,404,405.666667,34500,14023500,0,0
2021-10-28,407.666667,407.666667,399.666667,403.333333,64500,26019700,0,0
2021-10-29,403.333333,428,400,417,156900,64952900,0,0
2021-11-01,427,428.333333,417,422.666667,89400,37810900,0,0
2021-11-02,420,433,420,425,75000,32067900,0,0
2021-11-04,426.333333,468.666667,423,468.666667,224400,101027100,0,0
2021-11-05,450,450,427,427,108000,47137400,0,0
2021-11-08,427,430,425.666667,429,33300,14257500,0,0
2021-11-09,427,435.333333,426,433.333333,47100,20247700,0,0
2021-11-10,430.666667,430.666667,425,428,26700,11407400,0,0
2021-11-11,429.333333,429.333333,422.666667,423.666667,23400,9952400,0,0
2021-11-12,423.666667,447.666667,423.666667,446,89400,39394100,0,0
2021-11-15,446,450.666667,440,441.333333,62100,27671800,0,0
2021-11-16,444.666667,449.666667,443,446.333333,25200,11273400,0,0
2021-11-17,441.666667,441.666667,433,433,21900,9593100,0,0
2021-11-18,432.666667,437.333333,427.333333,431.333333,33600,14530600,0,0
2021-11-19,430,434.333333,424.333333,433,32400,13949900,0,0
2021-11-22,435.666667,435.666667,428.666667,432.333333,10800,4667900,0,0
2021-11-24,435.333333,435.333333,427.333333,428.333333,59700,25698500,0,0
2021-11-25,427.333333,429.666667,427,428,9000,3851000,0,0
2021-11-26,427,427,411,411,51300,21289700,0,0
2021-11-29,410.666667,418.333333,407.333333,415.666667,78000,32215000,0,0
2021-11-30,419.333333,429,415.333333,415.333333,87600,37029300,0,0
2021-12-01,408.333333,418,408.333333,408.666667,67200,27684600,0,0
2021-12-02,400.333333,419.666667,400,408,62100,25541400,0,0
2021-12-03,411,417.333333,408.666667,414.666667,22200,9186500,0,0
2021-12-06,416,430.666667,408.333333,408.333333,53400,22163500,0,0
2021-12-07,408.333333,434.333333,408.333333,434.333333,57600,24451300,0,0
2021-12-08,432,432,421.333333,423.666667,46500,19734900,0,0
2021-12-09,420.666667,423.666667,412.666667,415.666667,37200,15527500,0,0
2021-12-10,419.666667,420,412.333333,415,74700,31092700,0,0
2021-12-13,422.333333,429,416.666667,429,74700,31592900,0,0
2021-12-14,426,432.333333,423.666667,432.333333,27600,11862900,0,0
2021-12-15,428.333333,437.666667,428.333333,435,40200,17499400,0,0
2021-12-16,435.666667,443.333333,428,439.666667,42900,18843900,0,0
2021-12-17,436.666667,438,430,435,37500,16273800,0,0
2021-12-20,441.333333,446.333333,433.333333,433.333333,96300,42334400,0,0
2021-12-21,440.333333,440.333333,429.666667,433.666667,30900,13405100,0,0
2021-12-22,430.333333,430.333333,425,425,33300,14219000,0,0
2021-12-23,429.666667,429.666667,425.666667,428.333333,11700,5009700,0,0
2021-12-24,428.666667,430,423.666667,426.666667,30600,13049000,0,0
2021-12-27,430.333333,436.333333,426.666667,436.333333,42600,18389900,0,0
2021-12-28,436.666667,440,432.666667,437.666667,49800,21712000,0,0
2021-12-29,436.333333,443.333333,431.333333,443.333333,25200,11081000,0,0
2021-12-30,436.666667,441.666667,434,434,12300,5367000,0,0
2022-01-04,435.666667,442.333333,434,439.666667,27900,12219900,0,0
2022-01-05,442,442,438,441.333333,26100,11501900,0,0
2022-01-06,436.666667,436.666667,423.666667,423.666667,34800,14914000,0,0
2022-01-07,426,431.666667,422,422.666667,36300,15394300,0,0
2022-01-11,422.666667,423.333333,416.666667,416.666667,30600,12797900,0,0
2022-01-12,416.666667,428.333333,416.666667,426.333333,28500,12119800,0,0
2022-01-13,424.666667,425.666667,418.666667,421.333333,33900,14319600,0,0
2022-01-14,420,437.666667,417.333333,425,190500,81229100,0,0
2022-01-17,425,427.333333,416,416.666667,52200,21920300,0,0
2022-01-18,419.666667,420.333333,410.666667,413.333333,40200,16668000,0,0
2022-01-19,410,410,400,403,112800,45633400,0,0
2022-01-20,396.666667,409,396.666667,400.333333,63600,25664600,0,0
2022-01-21,404.333333,406.666667,399,403,64800,26104200,0,0
2022-01-24,404.333333,415,397.666667,414.333333,40800,16640600,0,0
2022-01-25,409,412.333333,402.333333,406.666667,52800,21432800,0,0
2022-01-26,405.333333,406.666667,401,401.666667,36000,14524100,0,0
2022-01-27,403,403,391.333333,394.333333,81000,32108900,0,0
2022-01-28,399.333333,401.666667,395,397,51000,20279100,0,0
2022-01-31,393,400,388.333333,398.333333,80400,31654700,0,0
2022-02-01,403.333333,407,393.666667,395.666667,109800,43798100,0,0
2022-02-02,393.333333,413,393.333333,410.666667,85200,34436400,0,0
2022-02-03,410.666667,410.666667,402,402.666667,43800,17769500,0,0
2022-02-04,401.666667,405,395.666667,398,69900,27924600,0,0
2022-02-07,396,405,395,403,38400,15389100,0,0
2022-02-08,403,405.333333,400.333333,402.333333,16200,6525800,0,0
2022-02-09,402.333333,404.333333,400.666667,403.333333,25800,10392600,0,0
2022-02-10,406.666667,408.666667,405,408.333333,36300,14794700,0,0
2022-02-14,406.666667,410.333333,402,404.666667,45000,18279200,0,0
2022-02-15,404.666667,409,403,406,49800,20237700,0,0
2022-02-16,411.666667,414.666667,408.333333,412.333333,41100,16903600,0,0
2022-02-17,411.333333,411.333333,404.333333,404.333333,24300,9891000,0,0
2022-02-18,404,409.666667,402.333333,409.333333,63000,25565800,0,0
2022-02-21,405.333333,408,400.666667,404.333333,29100,11770300,0,0
2022-02-22,400,401,394,398.333333,88500,35169600,0,0
2022-02-24,397,401.333333,393.333333,401.333333,44700,17743900,0,0
2022-02-25,401.333333,402.666667,395.666667,399.333333,54900,21927600,0,0
2022-02-28,406.666667,407.333333,399,406.333333,93000,37635600,0,0
2022-03-01,410.333333,410.333333,400.666667,404,47100,19012800,0,0
2022-03-02,397,401,396.333333,396.333333,42600,16946200,0,0
2022-03-03,399.333333,402,394.666667,395.666667,61500,24461600,0,0
2022-03-04,395.666667,398.666667,394.333333,395,42000,16615200,0,0
2022-03-07,392.333333,394,381.666667,386,79500,30783500,0,0
2022-03-08,386,389,380.333333,388.666667,61800,23845200,0,0
2022-03-09,390,393.333333,384.666667,387.333333,79500,30906800,0,0
2022-03-10,392.333333,411.666667,390.333333,411.666667,67500,27280000,0,0
2022-03-11,402.666667,412.333333,401.666667,408.666667,105600,42916300,0,0
2022-03-14,408,412,404,408.333333,49200,20083100,0,0
2022-03-15,406,412.666667,404.666667,412.333333,30900,12695500,0,0
2022-03-16,400,406.666667,399.666667,406.666667,114900,46375700,0,0
2022-03-17,416.333333,421,410.333333,421,82800,34570500,0,0
2022-03-18,418.333333,423.333333,414,420.666667,98400,41272500,0,0
2022-03-22,420.333333,426.333333,417,426,76500,32389600,0,0
2022-03-23,426.666667,434,425.333333,431.333333,61500,26448200,0,0
2022-03-24,428.333333,428.333333,419.333333,424.333333,39000,16522000,0,0
2022-03-25,424.333333,424.333333,419,421,43200,18207000,0,0
2022-03-28,425.666667,432.333333,417.333333,427,65100,27689100,0,0
2022-03-29,428.333333,433.666667,421,433.666667,90900,39024300,0,0
2022-03-30,429.333333,429.333333,421.333333,422,128700,54552600,0,0
2022-03-31,417.333333,422.666667,410,411.333333,57900,23954500,0,0
2022-04-01,411.333333,414,405.333333,412.666667,31500,12973300,0,0
2022-04-04,411,414.666667,411,412.666667,21000,8667800,0,0
2022-04-05,416.333333,417,409,411,33600,13809900,0,0
2022-04-06,408.333333,409,400,400,39600,15948300,0,0
2022-04-07,399.333333,402,392.333333,399.333333,54300,21568100,0,0
2022-04-08,399.333333,400,391,394.666667,70500,27747400,0,0
2022-04-11,393.666667,400.333333,388,394.333333,78900,31003400,0,0
2022-04-12,391,392,385.666667,388,50100,19435500,0,0
2022-04-13,384,394,384,393.333333,61200,23883900,0,0
2022-04-14,393.333333,397.666667,391.666667,397.666667,16500,6514100,0,0
2022-04-15,397.666667,399,391.333333,394.333333,25500,10038200,0,0
2022-04-18,391.666667,391.666667,385,388,22500,8731300,0,0
2022-04-19,390.333333,394.666667,389,390.333333,22200,8678100,0,0
2022-04-20,396,396.666667,391.666667,393.666667,36000,14194100,0,0
2022-04-21,396,396,391,394.666667,39300,15469000,0,0
2022-04-22,394.666667,398.666667,388.666667,396.666667,40800,16091900,0,0
2022-04-25,396.666667,396.666667,388.333333,391,38100,14918200,0,0
2022-04-26,391,396.333333,390.333333,393.666667,48600,19105500,0,0
2022-04-27,391.666667,402,379.666667,379.666667,224700,87073500,0,0
2022-04-28,385,402.333333,385,401,94500,37391900,0,0
2022-05-02,398.333333,402,394.666667,396,47100,18728300,0,0
2022-05-06,393,393,388,390,55800,21787100,0,0
2022-05-09,389.333333,396,384.666667,386.333333,88200,34213600,0,0
2022-05-10,385.333333,411,375,402,226200,89021100,0,0
2022-05-11,405.333333,405.333333,395.666667,399,100200,40192100,0,0
2022-05-12,399,411,392.666667,410.333333,88500,35728600,0,0
2022-05-13,410.333333,416,406.333333,416,51900,21381700,0,0
2022-05-16,417.666667,417.666667,409.333333,414,38400,15856800,0,0
2022-05-17,414.666667,427.333333,414.666667,427.333333,45300,19168800,0,0
2022-05-18,428.666667,431.666667,420.666667,424.333333,78600,33574000,0,0
2022-05-19,414.333333,420.333333,410,410,109200,45278000,0,0
2022-05-20,410,421,407.666667,417,69300,28875400,0,0
2022-05-23,422.333333,424.666667,418,423,59400,25017700,0,0
2022-05-24,420,420,412,415,38700,16046200,0,0
2022-05-25,415,425,414.666667,425,95700,40258900,0,0
2022-05-26,425,427.333333,418.666667,420.333333,96900,40933300,0,0
2022-05-27,425,425,414,419.333333,63600,26688500,0,0
2022-05-30,424,424,406.666667,406.666667,241500,99381400,0,0
2022-05-31,409.333333,409.333333,401.666667,406.666667,109500,44284600,0,0
2022-06-01,405,417,404.333333,413,95100,39196600,0,0
2022-06-02,413,421.666667,413,421.333333,42900,17924300,0,0
2022-06-03,424,428.666667,421,422,59700,25321700,0,0
2022-06-06,420.666667,423.333333,416.666667,423,34200,14423600,0,0
2022-06-07,422.666667,425.666667,420.333333,420.333333,21300,8995100,0,0
2022-06-08,422.666667,428.333333,422.666667,426.666667,41700,17776600,0,0
2022-06-09,428.333333,428.333333,421.333333,425.666667,58800,24952100,0,0
2022-06-10,420,427,415.333333,423,93300,39371400,0,0
2022-06-13,416.666667,422,415.333333,420,59700,24946900,0,0
2022-06-14,419.333333,419.333333,413.333333,414.333333,40800,16955100,0,0
2022-06-15,410,418.666667,410,413,64500,26818900,0,0
2022-06-16,418,420.666667,413,415,72300,30025700,0,0
2022-06-17,404,411.333333,398.666667,399,230100,92617900,0,0
2022-06-20,403,408,400,401,44400,17887000,0,0
2022-06-21,404,409.333333,403.666667,408.666667,54600,22215300,0,0
2022-06-22,413,413.333333,406,409,27300,11166700,0,0
2022-06-23,409,414.333333,405,407.666667,37200,15190300,0,0
2022-06-24,408.666667,412,407,412,34800,14273300,0,0
2022-06-27,419,419,413.333333,417.666667,56700,23646800,0,0
2022-06-28,418.333333,423.666667,417.666667,423,60900,25586400,0,0
2022-06-29,414.666667,421,414.333333,416.666667,144300,60254800,0,0
2022-06-30,426.666667,432.333333,421.333333,429.333333,244500,104604200,0,0
2022-07-01,427.666667,430,417.666667,420.666667,92700,39112300,0,0
2022-07-04,423.333333,426.333333,419,426,57900,24480200,0,0
2022-07-05,426,429.666667,423,427,116700,49591100,0,0
2022-07-06,424.333333,425.666667,419,421,53400,22492700,0,0
2022-07-07,422.333333,429.666667,419.333333,428.666667,63000,26887000,0,0
2022-07-08,428.666667,434.333333,425.333333,427.333333,103800,44583400,0,0
2022-07-11,431.333333,438.333333,425.333333,435.333333,75300,32824100,0,0
2022-07-12,436,436.666667,429,431.333333,60900,26346000,0,0
2022-07-13,431.333333,432,426,427.333333,26400,11313900,0,0
2022-07-14,427,434.666667,427,429.666667,29100,12518700,0,0
2022-07-15,430,433,428.333333,429,27900,12001300,0,0
2022-07-19,432,432,426.666667,431.666667,47100,20205500,0,0
2022-07-20,433.666667,440.333333,433.666667,440,69000,30201500,0,0
2022-07-21,437.333333,441.333333,432.666667,441.333333,37500,16449400,0,0
2022-07-22,443.333333,446.333333,443,443.666667,58800,26129200,0,0
2022-07-25,443.333333,443.333333,436,440,27300,11984400,0,0
2022-07-26,439.666667,441.666667,438.333333,441.666667,59700,26274300,0,0
2022-07-27,443.333333,446,439.333333,444.333333,84300,37372200,0,0
2022-07-28,449,451.333333,440.333333,446.333333,110400,49336200,0,0
2022-07-29,444.666667,445.666667,441,442.333333,35100,15563900,0,0
2022-08-01,450,450,442.666667,446.666667,52800,23559700,0,0
2022-08-02,445.666667,445.666667,438.666667,439.333333,43200,19042600,0,0
2022-08-03,441,448.333333,439,440.333333,84600,37483400,0,0
2022-08-04,445.666667,450.333333,442,443.333333,78900,35242600,0,0
2022-08-05,449,449.666667,440,445,50100,22253600,0,0
2022-08-08,443.666667,444.333333,441,444.333333,42300,18741100,0,0
2022-08-09,444.333333,447.666667,434,434,42000,18428700,0,0
2022-08-10,434.666667,436.333333,430.666667,434,66900,29008700,0,0
2022-08-12,435.666667,444.333333,435.666667,442.333333,83700,36960600,0,0
2022-08-15,442.333333,443.333333,437.333333,440,46200,20317200,0,0
2022-08-16,440,440,431.333333,434.333333,65700,28552500,0,0
2022-08-17,434,435.333333,432.666667,434,70800,30730500,0,0
2022-08-18,431.666667,431.666667,420.666667,426.333333,135300,57606500,0,0
2022-08-19,433.333333,443.333333,433.333333,440,109800,48109900,0,0
2022-08-22,441.333333,454.666667,438.333333,450.666667,90900,40856500,0,0
2022-08-23,451.333333,451.333333,447.666667,449,64500,29005300,0,0
2022-08-24,447.333333,452.333333,446,448.666667,56400,25349000,0,0
2022-08-25,448.666667,453.333333,448.666667,451,22800,10291300,0,0
2022-08-26,454,456,451.666667,453.333333,26100,11847800,0,0
2022-08-29,449,450.333333,444.666667,447.666667,67800,30388300,0,0
2022-08-30,447,454,447,453.333333,25800,11670900,0,0
2022-08-31,450.666667,451.666667,447,448,31800,14270900,0,0
2022-09-01,445.333333,448.333333,443.333333,445,60000,26738400,0,0
2022-09-02,447,449.333333,441.666667,446.666667,73800,32912700,0,0
2022-09-05,447,447,441,442.333333,32400,14370700,0,0
2022-09-06,442,444,438,441.666667,57900,25548100,0,0
2022-09-07,441.666667,444.666667,441.666667,442.666667,47700,21116000,0,0
2022-09-08,444.666667,451,444.666667,451,64500,28999200,0,0
2022-09-09,445,455.666667,444.666667,453,101100,45398000,0,0
2022-09-12,456,456.666667,451.666667,456,43200,19635100,0,0
2022-09-13,454.333333,455,451,453,50400,22834100,0,0
2022-09-14,450,450,441.666667,441.666667,78300,34809500,0,0
2022-09-15,447,452,444.333333,447.333333,51900,23262800,0,0
2022-09-16,446.333333,448,441.333333,441.333333,44400,19685400,0,0
2022-09-20,441.333333,449.333333,441.333333,446.666667,78900,35202400,0,0
2022-09-21,447.666667,449,442.666667,442.666667,44100,19620600,0,0
2022-09-22,441.333333,448,439.333333,445,63000,27960400,0,0
2022-09-26,436,437.333333,430.333333,431.333333,111000,48038600,0,0
2022-09-27,436.333333,436.333333,431.666667,432.333333,68700,29826600,0,0
2022-09-28,432.333333,439,428.666667,439,82800,36012300,0,0
2022-09-29,439.666667,446.333333,437.333333,440,113700,50037000,0,0
2022-09-30,440,440.333333,429,429,59100,25629800,0,0
2022-10-03,428.333333,433.333333,426,433,50100,21586400,0,0
2022-10-04,440.666667,442.333333,430,440.333333,115800,50856700,0,0
2022-10-05,446,447.333333,439.333333,442.333333,78000,34567400,0,0
2022-10-06,443.333333,448.666667,442,446.333333,56100,25051700,0,0
2022-10-07,441.333333,448.333333,441.333333,446,57900,25838700,0,0
2022-10-11,451.666667,468.333333,451,464,216900,100530600,0,0
2022-10-12,465,474.333333,461.333333,472.333333,129300,60695700,0,0
2022-10-13,472,479,464.666667,477,119100,56530100,0,0
2022-10-14,483.333333,488.666667,478.333333,483.666667,121200,58777900,0,0
2022-10-17,480.666667,484,477.666667,478.333333,37500,18034600,0,0
2022-10-18,488.333333,488.333333,476,479,45900,22020900,0,0
2022-10-19,479.666667,487.666667,475.333333,487.666667,63600,30680700,0,0
2022-10-20,483,486.333333,480.666667,484.666667,36900,17863200,0,0
2022-10-21,481.333333,484.333333,480,480,52500,25320000,0,0
2022-10-24,487.666667,487.666667,477.333333,478.333333,38700,18607200,0,0
2022-10-25,478.333333,485.666667,478,484.666667,45300,21849200,0,0
2022-10-26,488.333333,491.333333,485,491.333333,56700,27723500,0,0
2022-10-27,490,490,476.666667,480,60600,29308100,0,0
2022-10-28,474.666667,487,473.666667,481,263100,126750600,0,0
2022-10-31,481,481,473,475,53700,25556100,0,0
2022-11-01,475.666667,475.666667,469.666667,472.333333,33300,15727600,0,0
2022-11-02,471,487.666667,471,487.666667,108300,52329000,0,0
2022-11-04,474.666667,482.333333,448.666667,449,237900,110117600,0,0
2022-11-07,448.333333,454.666667,438.333333,450.666667,105000,47028100,0,0
2022-11-08,452.333333,455,444,448.333333,98700,44295000,0,0
2022-11-09,444.333333,449.666667,442,443.666667,39300,17510500,0,0
2022-11-10,442.333333,449,442,445.333333,43500,19390800,0,0
2022-11-11,450,450,443,446.666667,42300,18846400,0,0
2022-11-14,445.666667,445.666667,441,441,38100,16873200,0,0
2022-11-15,441,443.333333,438,441.333333,42000,18524700,0,0
2022-11-16,441.333333,443.666667,438,440,29700,13098000,0,0
2022-11-17,438.333333,447,437.666667,445.333333,22800,10100400,0,0
2022-11-18,454,455.666667,451.666667,454.333333,54900,24925300,0,0
2022-11-21,454.333333,454.666667,451.666667,453,43500,19718000,0,0
2022-11-22,460,466.666667,457.666667,465.666667,48000,22218300,0,0
2022-11-24,472.666667,477,469.666667,476,56700,26918200,0,0
2022-11-25,479,485,478,482,53100,25579800,0,0
2022-11-28,485.333333,486,470.333333,472,55500,26626000,0,0
2022-11-29,465.666667,477.333333,464.666667,476.666667,66900,31726300,0,0
2022-11-30,475.333333,484.666667,475.333333,481.666667,64800,31213000,0,0
2022-12-01,488,488,472.333333,472.333333,54600,26157600,0,0
2022-12-02,470.666667,470.666667,450.333333,451.666667,68100,31101500,0,0
2022-12-05,452.666667,455,448.333333,455,44400,20128000,0,0
2022-12-06,448.666667,454.666667,448.666667,453,51900,23474000,0,0
2022-12-07,450,478.333333,450,474,75300,35556800,0,0
2022-12-08,473.666667,473.666667,461.666667,464.333333,44100,20496000,0,0
2022-12-09,458.333333,467.666667,458.333333,464,36300,16800500,0,0
2022-12-12,472.666667,474.666667,470,472,46800,22109300,0,0
2022-12-13,477.333333,477.333333,468,468,47700,22419700,0,0
2022-12-14,468,476.333333,465.333333,474.666667,39300,18594600,0,0
2022-12-15,470.666667,479,470.666667,474.333333,23400,11113900,0,0
2022-12-16,474.333333,478,470,470,42300,20030200,0,0
2022-12-19,467.333333,472.333333,466.666667,469.333333,28800,13517100,0,0
2022-12-20,471,476.333333,461.666667,462.333333,37800,17604900,0,0
2022-12-21,462.333333,464.333333,455.666667,456.666667,55200,25327000,0,0
2022-12-22,455.666667,461,455.666667,457.333333,22500,10309300,0,0
2022-12-23,456.666667,461,456,460,25800,11813900,0,0
2022-12-26,459.666667,461,458.666667,460.666667,21900,10076300,0,0
2022-12-27,464.333333,470.666667,464.333333,469.666667,30300,14149000,0,0
2022-12-28,470.333333,476.333333,464,476.333333,24000,11356000,0,0
2022-12-29,471.666667,475.333333,466.333333,474,50700,23918800,0,0
2022-12-30,475,477,467,467,36900,17394600,0,0
2023-01-04,471,471,460,460,37200,17215300,0,0
2023-01-05,463.333333,463.333333,453.333333,455,40200,18353800,0,0
2023-01-06,454.333333,462,453.333333,461,34800,15979600,0,0
2023-01-10,465.666667,466.666667,457,458,23700,10893300,0,0
2023-01-11,464.333333,464.666667,457.333333,460.666667,24900,11470200,0,0
2023-01-12,457,461.666667,455.333333,461.666667,19800,9096000,0,0
2023-01-13,464,465,456,457.333333,26400,12125800,0,0
2023-01-16,454.333333,469.666667,454.333333,463.333333,50700,23536500,0,0
2023-01-17,466.333333,473,465.333333,469.666667,31200,14648200,0,0
2023-01-18,459.666667,471.666667,456.333333,464.666667,41400,19187800,0,0
2023-01-19,463.666667,471.666667,461.666667,468.333333,32700,15315400,0,0
2023-01-20,468.666667,473.333333,468,468.666667,28800,13538300,0,0
2023-01-23,473.333333,481.333333,472.666667,480,30600,14646600,0,0
2023-01-24,480,488.333333,480,488.333333,46500,22560500,0,0
2023-01-25,484.333333,486.333333,475.333333,479,46500,22287400,0,0
2023-01-26,479.333333,487.333333,478.333333,487,54000,26121300,0,0
2023-01-27,487,487,477.333333,479.666667,38100,18373600,0,0
2023-01-30,480,484.666667,476.666667,481.333333,57600,27704400,0,0
2023-01-31,486.333333,486.333333,479.333333,482.333333,31200,15076300,0,0
2023-02-01,484.333333,488.666667,484.333333,488,20400,9936400,0,0
2023-02-02,489.666667,489.666667,484,485.333333,28800,14011400,0,0
2023-02-03,479,493.333333,472.666667,486.333333,101100,49054100,0,0
2023-02-06,494,494.333333,485.666667,492.333333,61800,30365800,0,0
2023-02-07,493.666667,500,492,498.333333,60300,30031700,0,0
2023-02-08,499.333333,499.333333,483.666667,484.666667,78900,38766200,0,0
2023-02-09,484.666667,496.666667,484.333333,494.666667,42000,20680800,0,0
2023-02-10,490,494.333333,485.333333,491.666667,40500,19906900,0,0
2023-02-13,492.333333,496.666667,479,483,142500,68956700,0,0
2023-02-14,490.333333,492,485.333333,489,34500,16878900,0,0
2023-02-15,489.333333,489.333333,477.666667,481.666667,77700,37609200,0,0
2023-02-16,481.666667,486.333333,480,483.333333,74400,35922700,0,0
2023-02-17,479.666667,483.333333,473.666667,479.666667,87000,41606000,0,0
2023-02-20,483,491,481.333333,485.666667,66300,32291200,0,0
2023-02-21,486,494,484,487.666667,83100,40700100,0,0
2023-02-22,485.666667,492.666667,482,491.333333,72000,35238400,0,0
2023-02-24,492.666667,493.333333,487.666667,493,60900,29950500,0,0
2023-02-27,489,496.666667,489,495.333333,85500,42104000,0,0
2023-02-28,495.333333,495.333333,489.333333,491.666667,59700,29346600,0,0
2023-03-01,489.333333,502,488.666667,500.333333,87900,43689100,0,0
2023-03-02,500.666667,507,479,492.333333,164700,81604700,0,0
2023-03-03,496.333333,510,496.333333,509.666667,88500,44825600,0,0
2023-03-06,511.666667,515.333333,499,507,129000,65386300,0,0
2023-03-07,507.333333,514,507.333333,513.333333,67200,34462900,0,0
2023-03-08,513.333333,525.666667,510,524,103500,53808600,0,0
2023-03-09,524,531.666667,524,531,67500,35706900,0,0
2023-03-10,520.333333,525,509.333333,509.333333,139500,72139200,0,0
2023-03-13,507.666667,507.666667,491.333333,501,112800,56210600,0,0
2023-03-14,496,496,487,491.333333,150900,74119500,0,0
2023-03-15,492.666667,506,492.666667,503,78900,39675500,0,0
2023-03-16,495.333333,503.333333,490.666667,502,121500,60711000,0,0
2023-03-17,502,514.666667,501,511.333333,186900,95221200,0,0
2023-03-20,511,512.666667,497.666667,497.666667,81900,41055100,0,0
2023-03-22,507.666667,514,504.666667,511.333333,88500,45211300,0,0
2023-03-23,510,513.333333,504.333333,513.333333,60300,30802700,0,0
2023-03-24,513.333333,514.333333,510.666667,512.333333,62400,32012900,0,0
2023-03-27,515,515,511,511.666667,44100,22621100,0,0
2023-03-28,515,515,511,511.666667,42000,21522600,0,0
2023-03-29,514.333333,526,514,522.666667,110700,57656800,0,0
2023-03-30,514.333333,514.333333,502.666667,513.666667,77700,39716500,0,0
2023-03-31,512.333333,517,510.333333,516,51300,26402400,0,0
2023-04-03,520.333333,531,520.333333,527.333333,66900,35248000,0,0
2023-04-04,526.666667,532.333333,518.333333,532,98100,51849600,0,0
2023-04-05,528,528,512.333333,513.333333,66000,34121600,0,0
2023-04-06,512,512.333333,504.333333,505.666667,59700,30306800,0,0
2023-04-07,505.666667,517.333333,505.666667,513.333333,58200,29904500,0,0
2023-04-10,518.333333,519.666667,512.333333,515,81600,41984400,0,0
2023-04-11,518,524,513.666667,520,82500,42715400,0,0
2023-04-12,522,528.333333,520,525.333333,62700,32952400,0,0
2023-04-13,524,524,518.333333,519.666667,64800,33740000,0,0
2023-04-14,519.666667,522,511.666667,520.333333,73800,38315200,0,0
2023-04-17,521,521,516.333333,517.666667,53400,27693000,0,0
2023-04-18,518.666667,523,515.333333,517,97500,50592300,0,0
2023-04-19,516,519,512.666667,518.333333,46500,24032400,0,0
2023-04-20,516.666667,519,516,519,48600,25147600,0,0
2023-04-21,519,522,515.333333,516.666667,63000,32671200,0,0
2023-04-24,516.666667,527.666667,516.333333,525.666667,38700,20271500,0,0
2023-04-25,525.666667,531.666667,525.666667,527,44100,23270200,0,0
2023-04-26,526,526,519,522,43200,22611700,0,0
2023-04-27,522,525.666667,520,524.333333,51300,26861800,0,0
2023-04-28,531.333333,537.666667,530.666667,537.666667,77100,41281800,0,0
2023-05-01,540,540,537.666667,539.333333,50400,27175700,0,0
2023-05-02,540,542.666667,535.666667,537,80400,43378700,0,0
2023-05-08,537,545,537,543,64200,34871900,0,0
2023-05-09,546.333333,555.666667,544.666667,554.333333,90900,50075300,0,0
2023-05-10,555,576.666667,524,544.666667,295800,161883700,0,0
2023-05-11,547.333333,547.333333,520,528.333333,84300,44722200,0,0
2023-05-12,528.333333,538.666667,524.666667,538.666667,81300,43460200,0,0
2023-05-15,544.333333,553,541.666667,553,110700,60632000,0,0
2023-05-16,553,553.333333,538,545.333333,77700,42447600,0,0
2023-05-17,548,554.666667,544,549.333333,65700,36158700,0,0
2023-05-18,552.333333,552.333333,536.666667,544.333333,72600,39420800,0,0
2023-05-19,544.333333,553,543,544.333333,100200,54763500,0,0
2023-05-22,544.333333,549.666667,541.333333,545.333333,61500,33534300,0,0
2023-05-23,550,554.666667,534.333333,541.666667,107700,58462200,0,0
2023-05-24,541.666667,550.666667,540,546.333333,60600,33148300,0,0
2023-05-25,544.333333,548.666667,538,544,58800,31954800,0,0
2023-05-26,544,547.333333,541.666667,542.333333,48900,26603800,0,0
2023-05-29,551,551.333333,541.333333,542.333333,70200,38321200,0,0
2023-05-30,542.333333,549.333333,542.333333,546.333333,57600,31477200,0,0
2023-05-31,540,540,522.333333,523.333333,111000,58683600,0,0
2023-06-01,525.333333,537.333333,523.666667,525,99000,52301900,0,0
2023-06-02,529,540.333333,529,535,138600,74012600,0,0
2023-06-05,588.333333,593.333333,570.666667,579.666667,416100,241930300,0,0
2023-06-06,579.666667,579.666667,563.333333,568,197100,112449800,0,0
2023-06-07,564.333333,568,552.666667,554,155100,86586200,0,0
2023-06-08,557.666667,566,550.666667,556,106800,59354100,0,0
2023-06-09,562.666667,569.666667,561,569.666667,141300,79830100,0,0
2023-06-12,573.333333,576.333333,570.666667,575.333333,82800,47498600,0,0
2023-06-13,579,585,579,580.333333,98700,57399300,0,0
2023-06-14,585,586.666667,578.666667,581.666667,64500,37607900,0,0
2023-06-15,581.666667,587.333333,577,583.333333,74100,43146000,0,0
2023-06-16,588.333333,588.333333,576.666667,585,106200,61959500,0,0
2023-06-19,590,596,589.333333,596,66000,39196600,0,0
2023-06-20,591,591.666667,577,586.333333,143400,83697100,0,0
2023-06-21,588.333333,599,587,587.666667,88200,52147600,0,0
2023-06-22,592.333333,594.333333,583.666667,585.333333,81300,47787700,0,0
2023-06-23,587.666667,592,581.333333,585.333333,85500,49975900,0,0
2023-06-26,585.333333,593.333333,578.333333,587,36000,21131400,0,0
2023-06-27,591,592.333333,583,590,42300,24948200,0,0
2023-06-28,596.666667,602.333333,595.333333,602,64500,38670300,0,0
2023-06-29,604.666667,609.333333,602,607.666667,69900,42372700,0,0
2023-06-30,611.666667,612,595,595.333333,157200,95108000,0,0
2023-07-03,599.666667,611.666667,599.666667,605.666667,51600,31230700,0,0
2023-07-04,605,606.333333,596.666667,598.333333,83400,50061300,0,0
2023-07-05,596,602.666667,591.666667,592.666667,81000,48214500,0,0
2023-07-06,588.666667,591.333333,583.333333,584.666667,47400,27768900,0,0
2023-07-07,581,581,570.333333,574.666667,86400,49756500,0,0
2023-07-10,574.666667,583.666667,574.666667,577.666667,95100,54957200,0,0
2023-07-11,579.333333,585.666667,573.666667,573.666667,67800,39251500,0,0
2023-07-12,577.666667,579.666667,573,573,40800,23472600,0,0
2023-07-13,574.333333,578.666667,567.333333,573.666667,62400,35774100,0,0
2023-07-14,577.666667,580.666667,563.333333,567,54300,30874900,0,0
2023-07-18,568.666667,582.666667,568.666667,581.666667,33900,19646400,0,0
2023-07-19,589.333333,594,585,588.333333,54600,32166900,0,0
2023-07-20,588.333333,591.666667,583,583.666667,48300,28238700,0,0
2023-07-21,584.333333,584.666667,579.666667,582.333333,58800,34228000,0,0
2023-07-24,583.333333,591,582.333333,587.666667,43800,25721100,0,0
2023-07-25,592,598.666667,591.333333,597,66300,39573800,0,0
2023-07-26,597,603.333333,590.666667,599.666667,93600,56033700,0,0
2023-07-27,599.666667,599.666667,587.333333,594,56100,33292200,0,0
2023-07-28,591,595,583.666667,595,80400,47528100,0,0
2023-07-31,603.666667,607,600.333333,601.333333,67500,40720700,0,0
2023-08-01,604.333333,610.333333,602.666667,610.333333,83100,50427600,0,0
2023-08-02,597,606.333333,593.333333,597.666667,135000,80743300,0,0
2023-08-03,596.666667,597.666667,576,587.333333,375000,220464800,0,0
2023-08-04,587.333333,598,582.333333,583.666667,139800,82066500,0,0
2023-08-07,583.333333,588.333333,560.333333,561,120900,68593900,0,0
2023-08-08,563.666667,564.333333,549.666667,553.333333,98100,54465400,0,0
2023-08-09,556,556,540.666667,552.333333,112500,61865000,0,0
2023-08-10,538.333333,545.333333,532,545.333333,260400,140550900,0,0
2023-08-14,558.666667,562.333333,540,541.333333,103800,56559600,0,0
2023-08-15,546.666667,546.666667,537.666667,544.333333,80100,43491000,0,0
2023-08-16,537,540,532.333333,532.666667,96000,51337400,0,0
2023-08-17,536.666667,539.333333,527,538.333333,63300,33836500,0,0
2023-08-18,535,537,528.666667,532.333333,54900,29234300,0,0
2023-08-21,535.333333,536,531.666667,533.666667,34200,18270300,0,0
2023-08-22,536,539,532.333333,539,39000,20938100,0,0
2023-08-23,536.666667,548.333333,536.666667,548.333333,33900,18442000,0,0
2023-08-24,551.666667,554.666667,548.333333,552.333333,45900,25345400,0,0
2023-08-25,550,550,543.666667,547.666667,65400,35803300,0,0
2023-08-28,556,560.333333,551,559.333333,49500,27598600,0,0
2023-08-29,559.666667,561.666667,555,557.666667,42000,23417200,0,0
2023-08-30,559,559,551.333333,554,48000,26579700,0,0
2023-08-31,559.333333,559.333333,555,556.666667,51600,28763700,0,0
2023-09-01,556.333333,557.666667,551,555.666667,64500,35823400,0,0
2023-09-04,556.666667,566.666667,556.666667,566.666667,79800,45008800,0,0
2023-09-05,569,569,558.333333,564.666667,95700,53904700,0,0
2023-09-06,566.333333,575,561,570.333333,101700,57933300,0,0
2023-09-07,566.666667,568.666667,563,564.666667,72600,41003900,0,0
2023-09-08,554.333333,557.333333,547,547.333333,147300,81271600,0,0
2023-09-11,549.333333,553.333333,540.666667,547.333333,93300,50921300,0,0
2023-09-12,546,549.666667,544.333333,547,56700,30997100,0,0
2023-09-13,547,547,539.333333,543,98100,53300500,0,0
2023-09-14,543.333333,549,538,546.333333,119400,65095900,0,0
2023-09-15,547.333333,556.333333,547.333333,554.333333,97200,53794600,0,0
2023-09-19,553.333333,557,549.666667,555.666667,96000,53181600,0,0
2023-09-20,555.666667,556,547,547,93300,51338400,0,0
2023-09-21,547,547,536,537,111000,59968500,0,0
2023-09-22,534.333333,543.333333,533.333333,539,102000,55042000,0,0
2023-09-25,542,545.666667,540.333333,543.666667,42300,22981900,0,0
2023-09-26,544,545.333333,539.333333,543,67200,36490800,0,0
2023-09-27,542.333333,557.333333,537.333333,556.666667,165600,91157300,0,0
2023-09-28,550,550,542,545,86400,47147600,0,0
2023-09-29,544.666667,546.666667,537.333333,539.333333,52200,28233600,0,0
2023-10-02,543,549.333333,542,544,67800,36954000,0,0
2023-10-03,543.333333,543.333333,535,538.666667,57900,31232600,0,0
2023-10-04,533.333333,536.333333,525,528.333333,142200,75569800,0,0
2023-10-05,532.666667,539.666667,530.666667,538.333333,66300,35579800,0,0
2023-10-06,540,551.333333,540,544.666667,56700,30980300,0,0
2023-10-10,549,556.333333,548.333333,556,59400,32917300,0,0
2023-10-11,557.333333,557.333333,547.666667,549.666667,50100,27620600,0,0
2023-10-12,550.666667,555.333333,548.333333,554.333333,54000,29858700,0,0
2023-10-13,552.333333,556.666667,546,547.666667,49200,27085300,0,0
2023-10-16,547.333333,552,542.666667,546.333333,52800,28856200,0,0
2023-10-17,548.666667,554,542,543.333333,38700,21112000,0,0
2023-10-18,543.666667,547.333333,540,546.333333,36000,19588100,0,0
2023-10-19,540.666667,543.666667,538.666667,542,32100,17384100,0,0
2023-10-20,540.333333,548.333333,540,544,26100,14184900,0,0
2023-10-23,544.333333,544.333333,537.666667,537.666667,35400,19133200,0,0
2023-10-24,537.666667,539,524.333333,535.666667,76500,40760400,0,0
2023-10-25,537,541.333333,533.666667,534.666667,50700,27236500,0,0
2023-10-26,537.666667,543.666667,533.333333,533.333333,45300,24298300,0,0
2023-10-27,540.666667,548,539.666667,546,64800,35296400,0,0
2023-10-30,545.333333,545.333333,529.666667,538.333333,111300,59767900,0,0
2023-10-31,535.333333,566,535.333333,558,195900,108415700,0,0
2023-11-01,554.333333,566.333333,554.333333,564.333333,95400,53511600,0,0
2023-11-02,568,569.333333,557.333333,563,58800,33152900,0,0
2023-11-06,564.333333,598.333333,561.666667,576.666667,305700,176372000,0,0
2023-11-07,576.666667,578.333333,566.666667,569.666667,78000,44598200,0,0
2023-11-08,572.333333,572.333333,556,568,102600,58038800,0,0
2023-11-09,569.666667,575,566.666667,575,63000,36022300,0,0
2023-11-10,573,573,566,573,39900,22776600,0,0
2023-11-13,570,571.666667,557,571,46200,26293000,0,0
2023-11-14,571,572.666667,569,570.333333,24900,14194200,0,0
2023-11-15,570.333333,570.333333,565,568.333333,25800,14662200,0,0
2023-11-16,565.333333,566.666667,557.333333,561.333333,33000,18571200,0,0
2023-11-17,562.666667,566.666667,560,566.666667,47700,26879900,0,0
2023-11-20,570.666667,574.333333,560,560,51300,28954600,0,0
2023-11-21,557,562,552,554.666667,53100,29476500,0,0
2023-11-22,556.666667,563.666667,556.666667,558.333333,24600,13785100,0,0
2023-11-24,565,566,552.333333,553.333333,78000,43391200,0,0
2023-11-27,557.333333,557.333333,548.333333,550,36000,19895500,0,0
2023-11-28,553,553,548.666667,550.333333,25200,13872100,0,0
2023-11-29,549.666667,553.666667,544.333333,545,45300,24768400,0,0
2023-11-30,547.333333,556.333333,545.666667,551,72300,39757200,0,0
2023-12-01,553,555.666667,551,552,44400,24545400,0,0
2023-12-04,552.333333,552.333333,547.666667,550,45900,25247700,0,0
2023-12-05,549,552,542.666667,542.666667,85800,46901800,0,0
2023-12-06,545.333333,560,545.333333,555.666667,83400,46150800,0,0
2023-12-07,553,553.666667,547,548.666667,56100,30810500,0,0
2023-12-08,544,544.333333,528,531.666667,159900,85618300,0,0
2023-12-11,534,534,521.666667,531,140100,73884300,0,0
2023-12-12,544.333333,544.333333,531,532.666667,188700,101425800,0,0
2023-12-13,534.666667,539.333333,532,536,69900,37456900,0,0
2023-12-14,539,539,526.666667,530,77700,41237300,0,0
2023-12-15,532.666667,535,529.666667,530.666667,40500,21532300,0,0
2023-12-18,529,529,521,526.333333,64800,34016000,0,0
2023-12-19,527,531.333333,525,531.333333,24900,13181500,0,0
2023-12-20,533.333333,536.666667,532,533.333333,51000,27227700,0,0
2023-12-21,531.666667,533.666667,530.333333,531.666667,32700,17387500,0,0
2023-12-22,533.333333,536.666667,531.666667,536,33000,17658000,0,0
2023-12-25,541.666667,554,541.666667,552.333333,73500,40400700,0,0
2023-12-26,553.666667,568.333333,553.333333,562,166800,93735400,0,0
2023-12-27,564,573,562,570.666667,117000,66567900,0,0
2023-12-28,575,582.666667,574.333333,579.666667,70500,40757300,0,0
2023-12-29,579.666667,582.666667,575.666667,582.333333,66000,38262200,0,0
2024-01-04,595.666667,599.666667,588.333333,596.666667,127200,75849800,0,0
2024-01-05,601.333333,602.333333,594.666667,598,60600,36314900,0,0
2024-01-09,596.333333,601.666667,591.666667,595.333333,72000,42955900,0,0
2024-01-10,595.333333,600,589.666667,598,86100,51457200,0,0
2024-01-11,601,610,600.666667,609.333333,76500,46383000,0,0
2024-01-12,609.333333,609.333333,600,602.666667,62100,37468200,0,0
2024-01-15,601.333333,617.666667,601.333333,617,72900,44661300,0,0
2024-01-16,618,632,613.666667,628.666667,122700,76558100,0,0
2024-01-17,630.333333,660.333333,624.666667,638.333333,241500,155551600,0,0
2024-01-18,641.333333,693.333333,635,677.666667,340500,228839000,0,0
2024-01-19,677,678,664,668,144300,96985900,0,0
2024-01-22,673.333333,676.666667,668,668,152700,102416900,0,0
2024-01-23,670,682.666667,664.666667,666.666667,138300,92954600,0,0
2024-01-24,662,664.666667,650.333333,653,99900,65509200,0,0
2024-01-25,647,663.666667,643.666667,661.333333,63000,41452000,0,0
2024-01-26,654,660.333333,646.333333,651.333333,123600,80733100,0,0
2024-01-29,653,665,653,658.333333,93900,61826500,0,0
2024-01-30,656,659.333333,654.666667,655.333333,42600,27974400,0,0
2024-01-31,655.333333,665,654.666667,661.333333,59700,39448100,0,0
2024-02-01,664.333333,668.333333,656,663.333333,78600,52182700,0,0
2024-02-02,668,676,659.666667,665.333333,195600,129977500,0,0
2024-02-05,673.333333,794,670,737.333333,1523400,1113499400,0,0
2024-02-06,739,753.333333,714,718.333333,567900,414959800,0,0
2024-02-07,718.333333,720,700,708.666667,132600,94091800,0,0
2024-02-08,706,725.333333,689.333333,720,126300,89653200,0,0
2024-02-09,707.333333,719,701,717.333333,153300,109145300,0,0
2024-02-13,726.666667,736.333333,720,732.333333,118500,86517800,0,0
2024-02-14,722,739.333333,720.333333,738,137400,100546400,0,0
2024-02-15,740.666667,749.666667,723.333333,744.666667,122700,90633400,0,0
2024-02-16,749.666667,749.666667,734.333333,740.333333,102300,75996800,0,0
2024-02-19,729,747.333333,729,746.333333,66900,49537200,0,0
2024-02-20,750,764.333333,745.333333,749.666667,150000,112883000,0,0
2024-02-21,749,757.333333,746.666667,751.333333,40500,30470800,0,0
2024-02-22,757.333333,757.333333,737.666667,740.333333,57900,42967600,0,0
2024-02-26,741.333333,744.666667,725.333333,729.666667,115200,84416900,0,0
2024-02-27,729.666667,740.333333,725.333333,733.333333,87900,64419800,0,0
2024-02-28,723,738.666667,718.333333,729.666667,63000,46052600,0,0
2024-02-29,725.666667,740,725.666667,737.333333,51300,37726000,0,0
2024-03-01,740,747,726,734,120300,88211000,0,0
2024-03-04,731.333333,732.666667,722.333333,729.666667,110400,80355800,0,0
2024-03-05,728,743,722,737.666667,79500,58438100,0,0
2024-03-06,737.666667,746.666667,726,726,146100,107620500,0,0
2024-03-07,727,731.333333,705.333333,724,144000,103675600,0,0
2024-03-08,718.333333,733,713.666667,727.666667,105300,76078900,0,0
2024-03-11,726.333333,726.333333,713.666667,725,94200,67873900,0,0
2024-03-12,725,725,712.666667,718,43200,30974800,0,0
2024-03-13,723,723,713.666667,720,56100,40313600,0,0
2024-03-14,722.333333,729.333333,713.666667,728.333333,58200,42135800,0,0
2024-03-15,728.333333,738.333333,727,736.666667,64200,47197200,0,0
2024-03-18,737.666667,743.333333,727.333333,729.333333,56400,41344300,0,0
2024-03-19,730.333333,739,721.333333,736.333333,51000,37351400,0,0
2024-03-21,743,748.333333,734.333333,735.666667,64200,47499200,0,0
2024-03-22,736.666667,762.333333,736.666667,753.666667,156600,117668700,0,0
2024-03-25,744,750,740,740.666667,74700,55543700,0,0
2024-03-26,740,746.666667,731.666667,743.333333,48300,35789700,0,0
2024-03-27,752.666667,754.333333,738.333333,752.666667,113700,85266300,0,0
2024-03-28,742,742,707,722.333333,72900,52926400,0,0
2024-03-29,718.666667,746.666667,718.666667,745.333333,92400,68288300,0,0
2024-04-01,738.333333,738.333333,722,724.333333,64800,47159900,0,0
2024-04-02,724.333333,729.666667,711.333333,719,96300,69305800,0,0
2024-04-03,716.666667,731.333333,716.666667,726.333333,67800,49192100,0,0
2024-04-04,733.333333,736.666667,720.666667,736.333333,59700,43752900,0,0
2024-04-05,733.333333,736.333333,713.333333,727.666667,54900,39949200,0,0
2024-04-08,728.666667,746,728.666667,741.666667,42000,31132500,0,0
2024-04-09,741.666667,758,741.666667,757,85200,63993000,0,0
2024-04-10,757.666667,757.666667,743.666667,744.333333,33000,24723700,0,0
2024-04-11,731.666667,743.333333,729.333333,737.333333,53700,39485200,0,0
2024-04-12,738.666667,749.666667,738.666667,746.666667,66600,49614800,0,0
2024-04-15,743.333333,755.666667,740.333333,753.333333,55500,41634100,0,0
2024-04-16,747,749.666667,736,736.666667,59700,44207000,0,0
2024-04-17,740.333333,740.333333,718,727,56400,41070400,0,0
2024-04-18,727,737.666667,727,736.666667,33300,24442900,0,0
2024-04-19,736.333333,736.333333,704,727,103200,74501300,0,0
2024-04-22,730.666667,736,719.333333,727.333333,62100,45136900,0,0
2024-04-23,727.666667,745.333333,727.666667,741.333333,39900,29551800,0,0
2024-04-24,743,761.333333,743,761.333333,61200,46333900,0,0
2024-04-25,753.666667,763.333333,752.666667,754.666667,49500,37403700,0,0
2024-04-26,760.333333,777,756,775,81300,62440800,0,0
2024-04-30,785,807,779.333333,806.333333,117600,93675500,0,0
2024-05-01,806.333333,816,806.333333,813.333333,69900,56748700,0,0
2024-05-02,816.666667,830.666667,816.666667,830.666667,118500,97751200,0,0
2024-05-07,833.666667,848.333333,813.666667,817.666667,140400,116819200,0,0
2024-05-08,806.666667,816.333333,762,769,357600,282117700,0,0
2024-05-09,769,769,719.333333,738,295800,218234100,0,0
2024-05-10,738,754,732,739.666667,124500,92004700,0,0
2024-05-13,736.666667,742.666667,726.333333,733,54900,40401400,0,0
2024-05-14,733,737,721.333333,721.333333,69300,50284400,0,0
2024-05-15,733,733,711.666667,711.666667,43200,30989800,0,0
2024-05-16,711.666667,721.666667,706.666667,708.333333,49200,34964400,0,0
2024-05-17,706,712,697.333333,711.333333,57600,40478500,0,0
2024-05-20,711.333333,722.333333,710.666667,715,52200,37332200,0,0
2024-05-21,715,725,715,716.666667,45600,32772800,0,0
2024-05-22,717,736.333333,715.333333,722,59100,42665900,0,0
2024-05-23,719.666667,719.666667,705,705.666667,74700,52946400,0,0
2024-05-24,697.666667,700.333333,691.333333,695.333333,126900,88322300,0,0
2024-05-27,697.666667,701.666667,693.333333,697.666667,96300,67211300,0,0
2024-05-28,697.666667,713.333333,697.666667,710,38400,27184200,0,0
2024-05-29,711,726.666667,710.666667,716.666667,56700,40668700,0,0
2024-05-30,717.666667,728,713.333333,727.333333,80400,58188700,0,0
2024-05-31,726.666667,749.666667,726.666667,749.666667,71400,52981400,0,0
2024-06-03,751,758.333333,737.666667,746,72000,53718600,0,0
2024-06-04,741,754.666667,741,750.333333,68400,51142100,0,0
2024-06-05,739.666667,756,733.666667,738.666667,33900,25090100,0,0
2024-06-06,738.666667,742.666667,731.666667,741.666667,66300,48953000,0,0
2024-06-07,733,736.333333,700.333333,710.666667,314100,223554600,0,0
2024-06-10,711.666667,730,701,723.333333,168600,120420500,0,0
2024-06-11,725.333333,739.333333,722.666667,724,125100,90913500,0,0
2024-06-12,723.333333,728.666667,722.666667,722.666667,69300,50229300,0,0
2024-06-13,722.333333,730.333333,721.333333,724,100800,73072600,0,0
2024-06-14,727.666667,740.666667,726,734.666667,120900,88363600,0,0
2024-06-17,734.666667,741.333333,731.666667,741,51900,38278700,0,0
2024-06-18,743.333333,759.333333,742,759.333333,75900,56842900,0,0
2024-06-19,764,771.666667,744.333333,760.333333,50700,38466600,0,0
2024-06-20,754.333333,766,753,758,40800,30936000,0,0
2024-06-21,757.666667,766,736,740.333333,102300,76693300,0,0
2024-06-24,751.333333,751.333333,737.333333,742.333333,79500,58970900,0,0
2024-06-25,745.666667,771,743.666667,770,90000,68862300,0,0
2024-06-26,770,786,766.666667,781.333333,120900,94166700,0,0
2024-06-27,787.333333,793.333333,756.666667,774.333333,173100,134281900,0,0
2024-06-28,761.666667,766,738.333333,747,133800,101152400,0,0
2024-07-01,756.333333,758,741,742.666667,84900,63411000,0,0
2024-07-02,743.333333,750.333333,740.333333,742.666667,91800,68271700,0,0
2024-07-03,741,748,735.333333,744,79500,59108200,0,0
2024-07-04,749,753.333333,738.333333,743.333333,75900,56512700,0,0
2024-07-05,743.333333,743.333333,723,726.666667,70800,51720400,0,0
2024-07-08,724.666667,726.666667,717.333333,721,76200,54963400,0,0
2024-07-09,724.333333,744.666667,721,739.666667,114300,83951800,0,0
2024-07-10,733.666667,774,733.666667,767.333333,160800,122646300,0,0
2024-07-11,774.666667,796.333333,766.333333,769.666667,108000,83623300,0,0
2024-07-12,768.666667,781.666667,766.666667,773.333333,71400,55202400,0,0
2024-07-16,783.333333,790.666667,776.666667,781.666667,91200,71472900,0,0
2024-07-17,781.666667,789.666667,777.333333,779.666667,37800,29598100,0,0
2024-07-18,766.666667,774.333333,752.333333,768,67200,51594000,0,0
2024-07-19,774.666667,784.666667,772.333333,773.333333,42900,33307600,0,0
2024-07-22,773.333333,785,757,764.666667,62100,47764300,0,0
2024-07-23,763.666667,770.666667,757.333333,762.666667,42000,32091600,0,0
2024-07-24,753.666667,764.333333,748.333333,751,60600,45624100,0,0
2024-07-25,735,750,729,735.333333,115800,85379400,0,0
2024-07-26,742,742,720.333333,732.666667,78900,57863900,0,0
2024-07-29,749.333333,756,737.666667,754.333333,57300,43060600,0,0
2024-07-30,753.333333,758,736.666667,745,84000,62654700,0,0
2024-07-31,736.666667,766.666667,734,766.666667,58500,44250800,0,0
2024-08-01,766.333333,780.666667,751.333333,754,117900,89545000,0,0
2024-08-02,747.666667,747.666667,703,711.666667,153600,110631700,0,0
2024-08-05,678.333333,699.666667,633.333333,657,144000,95813800,0,0
2024-08-06,656.666667,686.333333,617,671.333333,183300,121178700,0,0
2024-08-07,641.333333,703,631.333333,674,205200,138020700,0,0
2024-08-08,657.333333,681,644.666667,669.666667,221100,147729900,0,0
2024-08-09,699,724.666667,694.333333,707,169200,119568500,0,0
2024-08-13,713.666667,725.333333,713.666667,715.333333,50100,35989600,0,0
2024-08-14,715.333333,725.666667,703.333333,723.666667,57300,41211800,0,0
2024-08-15,739.666667,748.333333,719,726.333333,85800,62751300,0,0
2024-08-16,732,743,715.333333,738.333333,53400,39285400,0,0
2024-08-19,732.666667,742.666667,724.333333,728.666667,93600,68515600,0,0
2024-08-20,732,754.333333,730,746.666667,91800,68116100,0,0
2024-08-21,744,761.333333,741.666667,761.333333,34200,25835700,0,0
2024-08-22,761.333333,762.666667,750,754.333333,23400,17681600,0,0
2024-08-23,763,783,750.333333,754.666667,96300,73520200,0,0
2024-08-26,756.666667,759.666667,752,757,52200,39430500,0,0
2024-08-27,755.333333,774.666667,751.333333,774.666667,55200,42161500,0,0
2024-08-28,772,772,753,764,32700,24927600,0,0
2024-08-29,758.333333,768.333333,754,768.333333,28500,21786100,0,0
2024-08-30,769,777.666667,767,769.666667,29100,22441400,0,0
2024-09-02,719.666667,725,701.333333,701.333333,2106600,1503311200,0,0
2024-09-03,707,716,702,703.333333,801900,567562400,0,0
2024-09-04,686.666667,702.333333,678.333333,686.666667,890400,613071900,0,0
2024-09-05,682.333333,694.666667,674,678.333333,494100,337794400,0,0
2024-09-06,671.333333,678,656.666667,661.666667,831300,553122800,0,0
2024-09-09,638,643.333333,602.333333,602.333333,3522300,2171542800,0,0
2024-09-10,604.333333,643,603.666667,632.666667,4502700,2774967900,0,0
2024-09-11,634.666667,648.666667,617.666667,621.666667,1422600,897713500,0,0
2024-09-12,634,636,621.666667,635.333333,1290900,816009300,0,0
2024-09-13,628.666667,636.666667,619,623,973200,608426400,0,0
2024-09-17,627.333333,654.666667,627,640.333333,5974500,3768406600,0,0
2024-09-18,639.333333,655.666667,639.333333,651.333333,772500,499041700,0,0
2024-09-19,660,671.666667,650.666667,667.333333,747600,495930200,0,0
2024-09-20,673,684,665.666667,682,498000,337058600,0,0
2024-09-24,686.333333,686.333333,675,683.333333,516000,351556700,0,0
2024-09-25,680,682.333333,668,676.666667,232800,156955500,0,0
2024-09-26,675.666667,696.333333,674,696.333333,558900,384372800,0,0
2024-09-27,700.666667,700.666667,682.666667,691.333333,261600,180382000,0,0
2024-09-30,682.333333,722.666667,680.333333,707,990300,700702500,0,0
2024-10-01,690.333333,723,681,712.666667,633000,449777500,0,0
2024-10-02,706.666667,710,670.333333,674.666667,525900,360002500,0,0
2024-10-03,691.333333,698.666667,678.666667,684,412200,282842300,0,0
2024-10-04,684,709,683,701.666667,395400,276714600,0,0
2024-10-07,704.333333,715.333333,703.666667,712.333333,159900,113703600,0,0
2024-10-08,706.666667,716,706.333333,713,227100,161489000,0,0
2024-10-09,714.333333,723,707.333333,718.333333,243600,174802300,0,0
2024-10-10,713,713,698.666667,705,414000,291296200,0,0
2024-10-11,715,721.333333,708,710.666667,283500,202211100,0,0
2024-10-15,710.666667,745.333333,707,738.666667,500100,365868900,0,0
2024-10-16,725,734.333333,712.666667,716.666667,275400,198209000,0,0
2024-10-17,722,724.666667,715.666667,724.333333,141900,102492700,0,0
2024-10-18,726.333333,734.666667,720,722.333333,120600,87695700,0,0
2024-10-21,723.333333,725.666667,717,719.666667,139200,100413400,0,0
2024-10-22,723.333333,725.333333,703.333333,705,250800,177826300,0,0
2024-10-23,703.666667,708.333333,697,699.333333,180600,126753500,0,0
2024-10-24,705,707.333333,691.333333,697.333333,201000,140514700,0,0
2024-10-25,705.333333,713,699.666667,707,287100,202644300,0,0
2024-10-28,711.333333,719,700,702,229200,161869300,0,0
2024-10-29,700.333333,711,700.333333,708.333333,156900,110846500,0,0
2024-10-30,708.333333,715,705.333333,709,844500,598800700,0,0
2024-10-31,706,715.333333,698,712.333333,180300,127701700,0,0
2024-11-01,729,732,711.333333,715.333333,329700,237064500,0,0
2024-11-05,709,733,709,732,203700,147986600,0,0
2024-11-06,733.333333,756.666667,727.666667,744.333333,651900,485186200,0,0
2024-11-07,759.666667,794,751.333333,777,693300,539228200,0,0
2024-11-08,776.333333,789.666667,770,772,235800,183386100,0,0
2024-11-11,768.333333,785,768.333333,782.666667,192300,150085200,0,0
2024-11-12,793.333333,820.666667,783.333333,805.333333,262200,211004500,0,0
2024-11-13,794,807.666667,793,794,166500,132730900,0,0
2024-11-14,798.666667,814.666667,794,805,158400,127939300,0,0
2024-11-15,805,807,796.333333,798.333333,96000,76979800,0,0
2024-11-18,794.666667,810.333333,794.666667,804.666667,90600,72877600,0,0
2024-11-19,804.666667,809.333333,793,795,127200,101402300,0,0
2024-11-20,797.333333,810,793.333333,806.333333,84300,67573100,0,0
2024-11-21,806.333333,807.666667,788,788,148800,117908400,0,0
2024-11-22,787.666667,793.666667,780.666667,789.333333,116700,92143000,0,0
2024-11-25,793.333333,795.666667,787.666667,787.666667,107100,84718300,0,0
2024-11-26,783,789.333333,776,784,257400,201623500,0,0
2024-11-27,786.333333,790,758.666667,761,165900,127502300,0,0
2024-11-28,761,783.333333,760.666667,777.333333,86400,66807500,0,0
2024-11-29,778.333333,802.666667,778.333333,793,143400,114095600,0,0
2024-12-02,793.333333,801.333333,788.333333,791,122100,96835800,0,0
2024-12-03,793.666667,811.666667,792.666667,804.666667,166800,133974700,0,0
2024-12-04,809,809,792,796.333333,174900,139367100,0,0
2024-12-05,796.333333,816.666667,789.333333,816.666667,120000,97038000,0,0
2024-12-06,816.666667,819.666667,803.666667,812.333333,111600,90475900,0,0
2024-12-09,816.333333,828,815.333333,820,97200,79891700,0,0
2024-12-10,836.666667,836.666667,826,826.333333,137100,113982200,0,0
2024-12-11,833,849.666667,830.333333,847,201600,169466800,0,0
2024-12-12,846.666667,847,826.333333,830,176400,147219400,0,0
2024-12-13,826.666667,833.333333,817.666667,823.333333,93900,77473200,0,0
2024-12-16,823.333333,835.333333,820.333333,829,125700,104389700,0,0
2024-12-17,829,833.333333,814.333333,816.333333,48900,40176700,0,0
2024-12-18,821.666667,825.333333,811.666667,811.666667,55500,45369200,0,0
2024-12-19,800.333333,831,800,822.666667,89400,73212000,0,0
2024-12-20,829,872.333333,825.666667,842.333333,173400,147479600,0,0
2024-12-23,860,885.333333,860,874.333333,223500,194840600,0,0
2024-12-24,879,883.333333,862,864.333333,96600,83964200,0,0
2024-12-25,872.666667,874,852,860.333333,70200,60327500,0,0
2024-12-26,860.333333,868.333333,854.333333,867.333333,156300,134901800,0,0
2024-12-27,875,886.666667,869.666667,875.333333,111600,97896200,0,0
2024-12-30,884.666667,884.666667,867,867.666667,102300,89227600,0,0
2025-01-06,871,876,832,850,263700,223167000,0,0
2025-01-07,850,850.666667,832.666667,836,140400,118091600,0,0
2025-01-08,837.666667,840.666667,829.666667,832.666667,108600,90528900,0,0
2025-01-09,840,840,804.666667,807.666667,190800,155273500,0,0
2025-01-10,795,813.666667,789.666667,805.333333,99900,80291300,0,0
2025-01-14,793,804.333333,786.666667,788.666667,121200,95992200,0,0
2025-01-15,786.666667,804.666667,779.666667,797.333333,180300,142331900,0,0
2025-01-16,790,805.333333,790,798.666667,160800,128534300,0,0
2025-01-17,792.666667,804,787.333333,799.333333,101400,80771500,0,0
2025-01-20,808,824.333333,808,817.333333,101100,82535600,0,0
2025-01-21,826.666667,829.333333,808.666667,814.333333,92400,75547600,0,0
2025-01-22,818.333333,848.666667,817.666667,843,164100,137845200,0,0
2025-01-23,843,855.333333,837.666667,847.333333,144300,122503200,0,0
2025-01-24,854.666667,854.666667,829.666667,832.666667,175500,147484600,0,0
2025-01-27,832.666667,834.666667,821.333333,823,107100,88658900,0,0
2025-01-28,825,842.666667,825,837.333333,123000,102876200,0,0
2025-01-29,846,846,821.333333,822,98400,81527200,0,0
2025-01-30,814.666667,826,809.333333,825,111000,91042100,0,0
2025-01-31,825,835.333333,816.333333,824,95400,78834000,0,0
2025-02-03,828,839,816.333333,822,143100,118016800,0,0
2025-02-04,834.666667,837,813.333333,814,107100,88201100,0,0
2025-02-05,810.333333,821.333333,808.333333,815.666667,117900,96034200,0,0
2025-02-06,832.333333,856.333333,825.666667,852,400200,336504900,0,0
2025-02-07,768.666667,841,755.333333,824.666667,1572000,1259325400,0,0
2025-02-10,823.333333,856.333333,818.666667,856.333333,440100,370265900,0,0
2025-02-12,856.666667,870,855.333333,870,268500,232115700,0,0
2025-02-13,883.333333,890,853.333333,881.333333,306600,267969600,0,0
2025-02-14,873.333333,881.666667,856,860,258300,223311900,0,0
2025-02-17,863.333333,868.666667,856.333333,860.666667,130800,112660200,0,0
2025-02-18,846.666667,853,835.333333,847,148200,125474000,0,0
2025-02-19,849,849,835.666667,845.666667,115800,97511000,0,0
2025-02-20,845.666667,853,837.666667,845.666667,133800,113234200,0,0
2025-02-21,841.333333,841.666667,807,813,328200,268674600,0,0
2025-02-25,816.666667,823.333333,800.333333,812,196200,159048200,0,0
2025-02-26,805.333333,843.666667,805.333333,843.666667,199200,165178900,0,0
2025-02-27,841.666667,841.666667,826,838.333333,146700,122467100,0,0
2025-02-28,830.333333,839,822.666667,830.333333,175200,145166400,0,0
2025-03-03,827.666667,854.666667,827.666667,850,138300,116994900,0,0
2025-03-04,840,846.666667,832.666667,836.666667,154500,129413900,0,0
2025-03-05,844.666667,892,842,859.666667,483900,420562200,0,0
2025-03-06,868.333333,871.333333,852.666667,861,125700,108703200,0,0
2025-03-07,855.666667,865.666667,836.666667,857.666667,150900,128831800,0,0
2025-03-10,864,873.666667,858.666667,860,100800,87013000,0,0
2025-03-11,848.333333,848.333333,814.666667,823.333333,229800,189465700,0,0
2025-03-12,818,833.333333,805,831,132900,109589700,0,0
2025-03-13,838.666667,839.666667,823.666667,826.333333,80400,66847300,0,0
2025-03-14,820,834.666667,816.666667,828,103200,85204100,0,0
2025-03-17,836.666667,849.666667,832.333333,846.666667,89100,74981100,0,0
2025-03-18,847.333333,848.666667,834.333333,834.333333,108900,91579900,0,0
2025-03-19,840.333333,849.666667,836.333333,836.333333,123300,103889000,0,0
2025-03-21,837,850.666667,836.666667,843.666667,93300,78728600,0,0
2025-03-24,853.666667,861.666667,834.333333,836.666667,167700,140825500,0,0
2025-03-25,848.666667,848.666667,835,842.666667,89100,74944900,0,0
2025-03-26,845.333333,852.666667,837.666667,847,157500,132855800,0,0
2025-03-27,841.666667,867,837,867,214500,184093200,0,0
2025-03-28,858.666667,882.666667,856.333333,865,192600,167493500,0,0
2025-03-31,850,854.333333,830.333333,838.666667,306600,257840700,0,0
2025-04-01,843.333333,848.333333,835.333333,841.666667,143700,121121000,0,0
2025-04-02,835,845.666667,830,840,148800,124876200,0,0
2025-04-03,799.666667,812,786,793.666667,353100,280398200,0,0
2025-04-04,767.333333,767.333333,731.666667,751,383700,287601000,0,0
2025-04-07,684.333333,722.666667,676.666667,701,460800,323567800,0,0
2025-04-08,729.333333,748.333333,715.333333,736.333333,462900,339994400,0,0
2025-04-09,719.666667,724.333333,704,713,373500,266602500,0,0
2025-04-10,766.666667,769,747.333333,761,320400,243052200,0,0
2025-04-11,711,746.666667,702.333333,743.333333,276900,201664400,0,0
2025-04-14,751.666667,755,734.333333,734.666667,212100,157214900,0,0
2025-04-15,743.333333,771.333333,740,768.333333,196800,149334900,0,0
2025-04-16,770.333333,776,763.333333,766.333333,96900,74421900,0,0
2025-04-17,769,775.333333,763.333333,773.333333,57900,44600000,0,0
2025-04-18,782.333333,797.666667,777,796.666667,104100,82129100,0,0
2025-04-21,783.333333,794,776.333333,780.333333,79800,62408500,0,0
2025-04-22,785.666667,794.666667,784,788.666667,119400,94126100,0,0
2025-04-23,790,798,788.333333,792.666667,136500,108090900,0,0
2025-04-24,794.333333,801,789,791.666667,87300,69210200,0,0
2025-04-25,793.333333,804,790,797.666667,106200,84728200,0,0
2025-04-28,805,810.333333,794.666667,810.333333,403800,326221700,0,0
2025-04-30,808.666667,820,800.333333,813.333333,134400,109211700,0,0
2025-05-01,821.666667,821.666667,804.666667,817.666667,141600,115310900,0,0
2025-05-02,819.333333,829.666667,812.333333,826.333333,106200,87305300,0,0
2025-05-07,819.666667,839,813,824,324600,268084400,0,0
2025-05-08,831.666667,876.666667,814.666667,864,663600,563904600,0,0
2025-05-09,823.333333,901,822.333333,849,892800,760584400,0,0
2025-05-12,849,892.666667,842.333333,890,421500,367864800,0,0
2025-05-13,885,885,846.666667,869.333333,316200,272902200,0,0
2025-05-14,869,900,856.333333,889,321000,283761400,0,0
2025-05-15,883.333333,896.333333,872,885.333333,188700,167149000,0,0
2025-05-16,885.333333,902.666667,874.333333,895.666667,151500,135148600,0,0
2025-05-19,904.666667,918.666667,904.333333,912.666667,238800,217578000,0,0
2025-05-20,906.333333,915,902.666667,905.666667,117000,106184300,0,0
2025-05-21,906,911.333333,897,902,114900,103731900,0,0
2025-05-22,889.666667,901,885.333333,887.333333,71400,63528700,0,0
2025-05-23,891,902,888.333333,890,108900,97408500,0,0
2025-05-26,893.666667,896.666667,878.333333,879.666667,83400,73578400,0,0
2025-05-27,890.666667,899.666667,885.333333,888,129900,115673700,0,0
2025-05-28,901.333333,958,889,952.333333,483600,454588900,0,0
2025-05-29,950,963.333333,935.333333,945.666667,214800,203435900,0,0
2025-05-30,937,958.333333,936.666667,943.333333,165000,156312900,0,0
2025-06-02,951.333333,964.666667,951.333333,955,161100,154077400,0,0
2025-06-03,968,976.333333,962,968.666667,183300,177385400,0,0
2025-06-04,983.333333,999.666667,978.333333,985,215700,213215400,0,0
2025-06-05,993.333333,1006.666667,971.666667,981.333333,240000,236856600,0,0
2025-06-06,989.333333,998.333333,980.666667,993,140100,138954700,0,0
2025-06-09,993.666667,1016.666667,991.333333,1005,182700,183143700,0,0
2025-06-10,1008.333333,1013.333333,992.666667,1000,157800,158219600,0,0
2025-06-11,1008.333333,1008.333333,985.666667,994.333333,115500,115214400,0,0
2025-06-12,1000,1006.666667,987.666667,1000,93000,92873600,0,0
2025-06-13,1000,1000,986.666667,991.666667,126900,126061700,0,0
2025-06-16,997.666667,998.666667,987,998.333333,67200,66909800,0,0
2025-06-17,990,1028.333333,985.666667,1021.666667,172800,175854900,0,0
2025-06-18,1021.666667,1036.666667,1016.666667,1016.666667,152400,155934000,0,0
2025-06-19,1021.666667,1021.666667,1008.333333,1013.333333,78600,79613500,0,0
2025-06-20,1011.666667,1023.333333,1008.333333,1010,174000,176304000,0,0
2025-06-23,1010,1018.333333,1005,1015,113100,114541500,0,0
2025-06-24,1033.333333,1033.333333,1015,1018.333333,67200,68643000,0,0
2025-06-25,1008.333333,1015,1001.666667,1008.333333,94800,95648000,0,0
2025-06-26,1008.333333,1058.333333,1008.333333,1035,233400,242113500,0,0
2025-06-27,1046.666667,1046.666667,1030,1043.333333,158100,164524500,0,0
2025-06-30,1051.666667,1056.666667,1035,1038.333333,170700,178633500,0,0
2025-07-01,1038.333333,1046.666667,1030,1045,147300,153335000,0,0
2025-07-02,1031.666667,1048.333333,1018.333333,1046.666667,138600,144636500,0,0
2025-07-03,1046.666667,1050,1016.666667,1020,104400,107396000,0,0
2025-07-04,1020,1030,1008.333333,1015,102900,104581000,0,0
2025-07-07,1018.333333,1018.333333,998.333333,1011.666667,137400,138366500,0,0
2025-07-08,1018.333333,1025,1011.666667,1015,92100,93667500,0,0
2025-07-09,1013.333333,1035,1003.333333,1020,114900,117532500,0,0
2025-07-10,1021.666667,1026.666667,1010,1023.333333,158100,161214500,0,0
2025-07-11,1026.666667,1040,1011.666667,1018.333333,100200,102405500,0,0
2025-07-14,1013.333333,1015,1005,1008.333333,72000,72660500,0,0
2025-07-15,1003.333333,1010,1000,1010,73800,74261500,0,0
2025-07-16,1010,1015,1000,1001.666667,67500,67925000,0,0
2025-07-17,996.666667,1011.666667,992.333333,1006.666667,74700,75029600,0,0
2025-07-18,1006.666667,1011.666667,1000,1000,99600,100151500,0,0
2025-07-22,1006.666667,1010,999.666667,1003.333333,67200,67460800,0,0
2025-07-23,1011.666667,1020,1001.666667,1016.666667,89400,90685000,0,0
2025-07-24,1021.666667,1038.333333,1016.666667,1020,82500,84620000,0,0
2025-07-25,1016.666667,1031.666667,1013.333333,1020,81600,83348500,0,0
2025-07-28,1030,1035,1016.666667,1030,87300,89650000,0,0
2025-07-29,1015,1038.333333,1015,1035,72600,74784500,0,0
2025-07-30,1036.666667,1056.666667,1030,1043.333333,168300,175692000,0,0
2025-07-31,1056.666667,1070,1050,1060,108300,115047000,0,0
2025-08-01,1051.666667,1078.333333,1051.666667,1071.666667,99900,106785000,0,0
2025-08-04,1048.333333,1076.666667,1041.666667,1066.666667,95400,101527500,0,0
2025-08-05,1063.333333,1086.666667,1060,1068.333333,203700,218612500,0,0
2025-08-06,1115,1130,1075,1111.666667,371700,411446500,0,0
2025-08-07,1110,1128.333333,1103.333333,1128.333333,178500,199143000,0,0
2025-08-08,1133.333333,1165,1133.333333,1153.333333,154800,178296500,0,0
2025-08-12,1165,1165,1126.666667,1141.666667,140400,160298000,0,0
2025-08-13,1148.333333,1156.666667,1136.666667,1150,93000,106924500,0,0
2025-08-14,1146.666667,1153.333333,1130,1153.333333,109200,125096500,0,0
2025-08-15,1153.333333,1155,1145,1153.333333,67800,78036500,0,0
2025-08-18,1156.666667,1166.666667,1153.333333,1165,78900,91696000,0,0
2025-08-19,1165,1195,1156.666667,1190,160200,188681500,0,0
2025-08-20,1190,1190,1168.333333,1180,75600,89199000,0,0
2025-08-21,1183.333333,1196.666667,1173.333333,1195,77700,92410000,0,0
2025-08-22,1215,1216.666667,1188.333333,1208.333333,104700,126412000,0,0
2025-08-25,1205,1211.666667,1185,1190,124500,149147000,0,0
2025-08-26,1200,1200,1183.333333,1183.333333,108000,128336500,0,0
2025-08-27,1178.333333,1185,1170,1173.333333,132600,156044000,0,0
2025-08-28,1181.666667,1186.666667,1171.666667,1181.666667,89100,105303000,0,0
2025-08-29,1193.333333,1201.666667,1186.666667,1193.333333,101700,121468000,0,0
2025-09-01,1196.666667,1196.666667,1171.666667,1178.333333,144600,170939500,0,0
2025-09-02,1200,1200,1161.666667,1168.333333,108300,127555500,0,0
2025-09-03,1170,1196.666667,1160,1190,215100,254310000,0,0
2025-09-04,1188.333333,1215,1185,1211.666667,150600,180920500,0,0
2025-09-05,1225,1260,1213.333333,1253.333333,175500,217863500,0,0
2025-09-08,1261.666667,1323.333333,1260,1290,345600,448545500,0,0
2025-09-09,1303.333333,1346.666667,1300,1336.666667,355800,475018000,0,0
2025-09-10,1331.666667,1393.333333,1326.666667,1375,291300,399778000,0,0
2025-09-11,1368.333333,1408.333333,1363.333333,1375,410700,565897500,0,0
2025-09-12,1366.666667,1375,1328.333333,1338.333333,268500,363966500,0,0
2025-09-16,1335,1368.333333,1318.333333,1360,198900,269280500,0,0
2025-09-17,1350,1350,1300,1310,223500,293155500,0,0
2025-09-18,1296.666667,1311.666667,1281.666667,1298.333333,199800,259391000,0,0
2025-09-19,1313.333333,1325,1296.666667,1325,298800,393848000,0,0
2025-09-22,1333.333333,1346.666667,1318.333333,1325,164100,218013000,0,0
2025-09-24,1325,1338.333333,1308.333333,1338.333333,186000,247475000,0,0
2025-09-25,1336.666667,1343.333333,1330,1331.666667,110700,147906000,0,0
2025-09-26,1326.666667,1346.666667,1325,1338.333333,131100,175539500,0,0
2025-09-29,1341.666667,1346.666667,1300,1303.333333,105600,138236500,0,0
2025-09-30,1303.333333,1321.666667,1298.333333,1306.666667,163200,213726000,0,0
2025-10-01,1303.333333,1303.333333,1258.333333,1265,166500,211771500,0,0
2025-10-02,1271.666667,1290,1268.333333,1288.333333,206400,264742500,0,0
2025-10-03,1278.333333,1308.333333,1265,1276.666667,129900,166171000,0,0
2025-10-06,1323.333333,1328.333333,1290,1311.666667,278700,365698500,0,0
2025-10-07,1325,1330,1305,1325,151200,199419500,0,0
2025-10-08,1313.333333,1328.333333,1300,1303.333333,154200,202263500,0,0
2025-10-09,1306.666667,1330,1303.333333,1330,127800,168824500,0,0
2025-10-10,1308.333333,1313.333333,1268.333333,1275,157800,202604000,0,0
2025-10-14,1256.666667,1290,1243.333333,1271.666667,210600,268274500,0,0
2025-10-15,1278.333333,1315,1278.333333,1291.666667,137700,178584000,0,0
2025-10-16,1285,1305,1273.333333,1285,84300,108373000,0,0
2025-10-17,1261.666667,1278.333333,1256.666667,1261.666667,84900,107404500,0,0
2025-10-20,1285,1306.666667,1270,1298.333333,102300,132327500,0,0
2025-10-21,1305,1316.666667,1280,1281.666667,126900,163434000,0,0
2025-10-22,1288.333333,1310,1286.666667,1295,214200,277858500,0,0
2025-10-23,1300,1341.666667,1288.333333,1318.333333,244800,323398500,0,0
2025-10-24,1320,1325,1308.333333,1321.666667,93000,122622500,0,0
2025-10-27,1335,1336.666667,1316.666667,1320,128700,170374000,0,0
2025-10-28,1320,1330,1286.666667,1286.666667,150300,196066000,0,0
2025-10-29,1286.666667,1308.333333,1273.333333,1278.333333,295200,377928500,0,0
2025-10-30,1290,1311.666667,1283.333333,1283.333333,892800,1147885000,0,0
2025-10-31,1260,1293.333333,1256.666667,1286.666667,331200,422948500,0,0
2025-11-04,1293.333333,1340,1280,1315,307800,405779000,0,0
2025-11-05,1291.666667,1355,1260,1326.666667,591600,778068000,0,0
2025-11-06,1326.666667,1366.666667,1323.333333,1351.666667,292500,395659500,0,0
2025-11-07,1358.333333,1416.666667,1316.666667,1331.666667,561600,766266500,0,0
2025-11-10,1331.666667,1348.333333,1310,1320,152700,201760500,0,0
2025-11-11,1306.666667,1346.666667,1293.333333,1346.666667,299400,397125000,0,0
2025-11-12,1325,1373.333333,1325,1351.666667,216900,293649000,0,0
2025-11-13,1366.666667,1408.333333,1366.666667,1378.333333,287100,399192000,0,0
2025-11-14,1355,1368.333333,1316.666667,1330,171900,229624000,0,0
2025-11-17,1338.333333,1356.666667,1330,1356.666667,120600,162370000,0,0
2025-11-18,1348.333333,1348.333333,1305,1306.666667,150000,198667500,0,0
2025-11-19,1303.333333,1315,1285,1303.333333,125700,163489000,0,0
2025-11-20,1325,1340,1315,1328.333333,157500,209072500,0,0
2025-11-21,1321.666667,1353.333333,1305,1353.333333,329700,441032500,0,0
2025-11-25,1365,1365,1346.666667,1363.333333,129300,175532500,0,0
2025-11-26,1356.666667,1391.666667,1353.333333,1390,168900,233044500,0,0
2025-11-27,1400,1410,1395,1405,171300,240089500,0,0
2025-11-28,1405,1428.333333,1376.666667,1421.666667,225600,318373000,0,0
2025-12-01,1430,1433.333333,1370,1375,201000,279824500,0,0
2025-12-02,1373.333333,1381.666667,1355,1373.333333,148800,203964500,0,0
2025-12-03,1381.666667,1406.666667,1376.666667,1396.666667,151800,211348500,0,0
2025-12-04,1420,1466.666667,1413.333333,1446.666667,368100,531135000,0,0
2025-12-05,1451.666667,1501.666667,1450,1476.666667,374700,553400000,0,0
2025-12-08,1490,1543.333333,1485,1506.666667,400800,606094500,0,0
2025-12-09,1526.666667,1526.666667,1463.333333,1473.333333,340200,504187000,0,0
2025-12-10,1488.333333,1511.666667,1478.333333,1498.333333,222300,332530000,0,0
2025-12-11,1516.666667,1521.666667,1478.333333,1480,145500,216583000,0,0
2025-12-12,1503.333333,1503.333333,1483.333333,1490,176400,263443000,0,0
2025-12-15,1491.666667,1500,1453.333333,1471.666667,169500,250684000,0,0
2025-12-16,1471.666667,1471.666667,1435,1436.666667,140100,202375500,0,0
2025-12-17,1450,1460,1428.333333,1456.666667,98100,142314000,0,0
2025-12-18,1446.666667,1466.666667,1440,1450,132300,192104000,0,0
2025-12-19,1456.666667,1480,1441.666667,1476.666667,223800,329680000,0,0
2025-12-22,1500,1541.666667,1498.333333,1525,220500,335438500,0,0
2025-12-23,1510,1521.666667,1488.333333,1496.666667,123000,184515000,0,0
2025-12-24,1496.666667,1498.333333,1470,1470,109800,163114000,0,0
2025-12-25,1470,1490,1446.666667,1473.333333,219300,322592500,0,0
2025-12-26,1473.333333,1476.666667,1445,1458.333333,123300,180078500,0,0
2025-12-29,1465,1471.666667,1445,1465,117300,171171000,0,0
2025-12-30,1470,1500,1458.333333,1480,131700,194944000,0,0
2026-01-05,1466.666667,1480,1451.666667,1465,164100,240164000,0,0
2026-01-06,1488.333333,1513.333333,1466.666667,1485,186000,277503500,0,0
2026-01-07,1461.666667,1505,1453.333333,1491.666667,102600,152460000,0,0
2026-01-08,1481.666667,1511.666667,1480,1483.333333,108300,161547500,0,0
2026-01-09,1483.333333,1496.666667,1465,1485,109500,162159500,0,0
2026-01-13,1531.666667,1533.333333,1513.333333,1518.333333,130500,199189000,0,0
2026-01-14,1533.333333,1563.333333,1528.333333,1553.333333,151500,235016000,0,0
2026-01-15,1556.666667,1573.333333,1546.666667,1563.333333,141600,220710500,0,0
2026-01-16,1550,1603.333333,1541.666667,1603.333333,209400,331460500,0,0
2026-01-19,1603.333333,1633.333333,1593.333333,1626.666667,199200,322195000,0,0
2026-01-20,1631.666667,1640,1603.333333,1610,226500,366459500,0,0
2026-01-21,1586.666667,1625,1571.666667,1610,145800,233813500,0,0
2026-01-22,1626.666667,1680,1616.666667,1670,217200,359911500,0,0
2026-01-23,1670,1670,1628.333333,1635,171900,281735500,0,0
2026-01-26,1598.333333,1630,1596.666667,1630,166200,268268000,0,0
2026-01-27,1608.333333,1651.666667,1605,1630,142200,232040500,0,0
2026-01-28,1625,1643.333333,1615,1631.666667,146100,238035000,0,0
2026-01-29,1618.333333,1635,1601.666667,1631.666667,127500,206922000,0,0
2026-01-30,1625,1645,1615,1643.333333,139500,228387500,0,0
2026-02-02,1650,1666.666667,1600,1601.666667,192000,313080500,0,0
2026-02-03,1610,1666.666667,1610,1666.666667,256200,423506000,0,0
2026-02-04,1665,1666.666667,1635,1648.333333,299100,493450000,0,0
2026-02-05,1665,1733.333333,1593.333333,1686.666667,525600,883213000,0,0
2026-02-06,1693.333333,1723.333333,1673.333333,1720,245100,417783000,0,0
2026-02-09,1736.666667,1760,1703.333333,1746.666667,252900,437554000,0,0
2026-02-10,1753.333333,1820,1750,1810,204600,367770000,0,0
2026-02-12,1820,1883.333333,1820,1873.333333,284700,529587000,0,0
2026-02-13,1850,1860,1806.666667,1833.333333,206100,377756000,0,0
2026-02-16,1836.666667,1843.333333,1773.333333,1833.333333,378300,684890000,0,0
2026-02-17,1840,1950,1816.666667,1940,573300,1099786000,0,0
2026-02-18,1926.666667,2013.333333,1910,2003.333333,342300,679999000,0,0
2026-02-19,2003.333333,2030,1993.333333,2000,262800,527003000,0,0
2026-02-20,1996.666667,2043.333333,1960,1973.333333,227400,452021000,0,0
2026-02-24,1973.333333,2026.666667,1966.666667,2016.666667,381900,763670000,0,0
2026-02-25,2020,2060,2000,2056.666667,316800,647959000,0,0
2026-02-26,2076.666667,2120,2056.666667,2056.666667,410400,854525000,0,0
2026-02-27,2053.333333,2143.333333,2026.666667,2143.333333,386100,812962000,0,0
2026-03-02,2113.333333,2193.333333,2096.666667,2183.333333,425100,918295000,0,0
2026-03-03,2173.333333,2190,2113.333333,2113.333333,313800,674488000,0,0
2026-03-04,2056.666667,2113.333333,2013.333333,2053.333333,404700,830751000,0,0
2026-03-05,2140,2230,2126.666667,2170,375300,815742000,0,0
2026-03-06,2136.666667,2226.666667,2086.666667,2226.666667,537900,1169335000,0,0
2026-03-09,2060,2080,1960,2016.666667,465300,934297000,0,0
2026-03-10,2050,2166.666667,2040,2136.666667,364200,771725000,0,0
2026-03-11,2170,2210,2143.333333,2166.666667,386700,843804000,0,0
2026-03-12,2133.333333,2150,2053.333333,2076.666667,293400,614406000,0,0
2026-03-13,2043.333333,2176.666667,2030,2133.333333,459900,977008000,0,0
2026-03-16,2136.666667,2180,2123.333333,2180,344400,744442000,0,0
2026-03-17,2260,2330,2243.333333,2250,591000,1347628000,0,0
2026-03-18,2246.666667,2256.666667,2190,2240,213600,477093000,0,0
2026-03-19,2173.333333,2186.666667,2136.666667,2150,415200,893977000,0,0
2026-03-23,2043.333333,2056.666667,1983.333333,2013.333333,406200,820453000,0,0
2026-03-24,2146.666667,2173.333333,2100,2130,443400,947649000,0,0
2026-03-25,2163.333333,2223.333333,2146.666667,2203.333333,238800,525878000,0,0
2026-03-26,2190,2216.666667,2163.333333,2200,156000,341576000,0,0
2026-03-27,2133.333333,2206.666667,2130,2200,261900,569916000,0,0
2026-03-30,1988,2150,1988,2114,357000,749291500,0,0
2026-03-31,2088,2116,2032,2058,224300,463872900,0,0
2026-04-01,2126,2174,2105,2168,241300,518637800,0,0
2026-04-02,2156,2213,2106,2114,249500,534564900,0,0
2026-04-03,2100,2130,2061,2079,202500,422472800,0,0
2026-04-06,2050,2081,2024,2031,186400,381410700,0,0
2026-04-07,2030,2072,2028,2055,149300,305305900,0,0
2026-04-08,2145,2154,2106,2134,204800,436802300,0,0
2026-04-09,2151,2156,2099,2135,241600,514512100,0,0
2026-04-10,2145,2168,2125,2135,170400,364695000,0,0
2026-04-13,2119,2149,2084,2107,149700,316218900,0,0
2026-04-14,2160,2188,2127,2155,216000,464683000,0,0
2026-04-15,2179,2190,2111,2122,152500,326082800,0,0
2026-04-16,2123,2132,2067,2093,221900,464258100,0,0
2026-04-17,2050,2052,1976,2004,313600,630270400,0,0
2026-04-20,1968,1981,1927,1954,381700,743806900,0,0
2026-04-21,1980,2025,1960,1982,294100,584671000,0,0
2026-04-22,1995,2011,1951,1953,207400,407531300,0,0
2026-04-23,1940,1950,1887,1928,269500,516918100,0,0
2026-04-24,1955,1971,1889,1921,169300,325547600,0,0
2026-04-27,1926,1935,1895,1908,205300,393554400,0,0
2026-04-28,1907,1944,1898,1925,197500,379442400,0,0
2026-04-30,1925,1933,1871,1926,222600,423979600,0,0
2026-05-01,1927,1993,1909,1976,272400,535099400,0,0
2026-05-07,2049,2070,2005,2034,453600,924823500,0,0
2026-05-08,1988,2008,1945,1959,306300,602793800,0,0
2026-05-11,2111,2115,1953,1953,500300,1002151500,0,0
2026-05-12,1983,1995,1915,1930,342100,665927600,0,0
2026-05-13,1953,1982,1918,1966,263200,515139600,0,0
2026-05-14,2006,2143,1995,2130,471700,985699100,0,0
2026-05-18,2115,2199,2057,2175,432700,921949300,0,0
2026-05-19,2210,2357,2200,2338,598000,1384350300,0,0
2026-05-20,2288,2292,2097,2152,709300,1545839800,0,0
2026-05-21,2183,2240,2153,2164,314200,688066000,0,0
2026-05-22,2146,2146,1947,2014,682200,1386395900,0,0
2026-05-25,2064,2170,2053,2144,325500,692141200,0,0
2026-05-26,2099,2238,2078,2236,296700,650659200,0,0
2026-05-27,2259,2285,2125,2129,212000,458665600,0,0
2026-05-28,2079,2108,2004,2066,289500,597298300,0,0
2026-05-29,2116,2145,1973,1973,1092700,2180850200,0,0
2026-06-01,2000,2013,1920,1930,401400,786220900,0,0
2026-06-02,1933,1959,1870,1920,371000,707989300,0,0
2026-06-03,1952,1986,1911,1918,307000,593537800,0,0
2026-06-04,1891,1938,1888,1905,200200,381819200,0,0
2026-06-05,1923,1983,1896,1969,220700,430315900,0,0
2026-06-08,1889,1925,1840,1900,272900,514756400,0,0
2026-06-09,1910,1960,1910,1949,183300,355109100,0,0
2026-06-10,1920,2014,1920,1960,324500,640236000,0,0
2026-06-11,1920,1946,1881,1946,232900,448589400,0,0
2026-06-12,1977,2003,1900,1914,187900,364609000,0,0
2026-06-15,2034,2034,1921,1930,210700,413702800,0,0
2026-06-16,2060,2068,1952,2000,291700,578485900,0,0
2026-06-17,2030,2049,1968,2027,320500,643719400,0,0
2026-06-18,2045,2100,2022,2025,231100,472417200,0,0
2026-06-19,2053,2074,1988,2004,660100,1328679500,0,0
2026-06-22,1983,2030,1964,2010,224000,448778200,0,0
2026-06-23,2028,2031,1960,1988,252500,504342500,0,0
2026-06-24,1963,2042,1935,1935,154200,303816800,0,0
2026-06-25,1951,1965,1922,1936,101500,197413000,0,0
2026-06-26,1902,1939,1890,1931,157300,302765400,0,0
2026-06-29,1986,2000,1900,1955,289200,562803300,0,0
2026-06-30,1954,1955,1919,1938,142800,277160200,0,0
2026-07-01,1960,1965,1864,1895,192600,365217100,0,0
2026-07-02,1878,2018,1869,2007,243500,477753800,0,0
2026-07-03,2007,2087,2005,2084,400800,821615500,0,0
2026-07-06,2034,2152,2033,2129,210900,445335000,0,0
2026-07-07,2121,2161,2066,2067,326500,687497900,0,0
2026-07-08,2117,2117,2010,2018,390900,807890900,0,0
2026-07-09,2030,2075,2005,2057,295800,607443600,0,0
2026-07-10,2061,2092,2003,2030,228500,466188500,0,0
2026-07-13,2029,2049,1951,1968,188100,372001700,0,0
2026-07-14,1990,2006,1940,1951,201500,394168700,0,0
2026-07-15,1967,1987,1940,1979,202700,398496300,0,0
2026-07-16,1969,1969,1925,1925,132300,256600400,0,0
2026-07-17,1905,1928,1789,1841,283000,519162100,0,0
2026-07-21,1860,1954,1837,1936,230800,443295300,0,0
2026-07-22,1955,1963,1903,1909,200500,386605700,0,0
2026-07-23,1895,1946,1882,1915,171200,327109900,0,0
2026-07-24,1877,1969,1874,1955,151600,292610800,0,0
2026-07-27,1945,1972,1914,1972,108800,212597500,0,0
2026-07-28,1936,1940,1892,1913,128200,245622000,0,0
2026-07-29,1919,1919,1836,1859,238600,445925400,0,0
2026-07-30,1819,1892,1778,1865,201300,373226500,0,0
2026-07-31,1865,1962,1820,1930,227000,436295100,0,0
2026-08-03,1890,1939,1844,1910,236000,448430800,0,0
2026-08-04,1928,1980,1916,1954,156100,305378900,0,0
2026-08-05,2000,2048,1976,2019,171400,344461500,0,0
2026-08-06,2021,2193,2019,2144,394300,840412500,0,0
2026-08-07,2121,2121,1994,2040,224200,456389000,0,0
2026-08-10,2040,2106,2016,2070,178300,369006200,0,0
2026-08-12,2080,2080,2010,2050,189800,386499100,0,0
2026-08-13,2073,2076,2030,2052,137400,281112000,0,0
2026-08-14,2050,2094,2035,2073,103300,213781200,0,0
2026-08-17,2070,2132,2066,2087,154700,323151300,0,0
2026-08-18,2087,2097,1996,2001,113100,229195900,0,0
2026-08-19,1980,2001,1895,1907,194600,372869900,0,0
2026-08-20,1947,2042,1939,2027,264600,531303000,0,0
2026-08-21,1983,2030,1963,2015,121600,243746700,0,0
2026-08-24,1980,2037,1980,2024,151700,306270700,0,0
2026-08-25,2034,2044,2004,2034,129000,261294500,0,0
2026-08-26,2040,2054,1982,1982,144200,288277900,0,0
2026-08-27,1988,2008,1976,2001,130000,259861800,0,0
2026-08-28,1990,2035,1986,1989,124800,249772400,0,0
2026-08-31,1971,1990,1925,1946,163300,318384200,0,0
2026-09-01,1947,1999,1934,1957,149000,293109400,0,0
