Date,Open,High,Low,Close,Volume,TradingValue,UpLimit,UnderLimit
2016-02-05,376.9,385.6,374.4,383.8,5563,,,
2016-02-08,373.1,388.8,373.1,382.5,6513,,,
2016-02-09,368.8,373,357.6,369,5950,,,
2016-02-10,378.1,378.1,339.8,341.6,9125,,,
2016-02-12,291.6,322.1,291.6,300.6,14538,,,
2016-02-15,313.1,330.5,313.1,329.1,4900,,,
2016-02-16,324,341.5,324,330.3,5600,,,
2016-02-17,329.4,344.5,328.8,335.1,5875,,,
2016-02-18,341.4,345.5,325.3,330.3,7450,,,
2016-02-19,324.9,333.9,322.4,324.5,4350,,,
2016-02-22,324.5,331.4,321.8,324.6,3200,,,
2016-02-23,324.1,331.6,320.6,321.1,3925,,,
2016-02-24,316.3,335.4,316.3,321.4,6125,,,
2016-02-25,321.4,334.4,319,320,8850,,,
2016-02-26,320.6,328.6,318,318.5,3213,,,
2016-02-29,324.8,332.3,321.4,321.4,5975,,,
2016-03-01,322.5,331,317.6,328.9,5525,,,
2016-03-02,335.1,336.6,327.6,333.1,4225,,,
2016-03-03,332.4,349.3,332.4,348.1,3775,,,
2016-03-04,346.4,348.6,335.8,338.6,8813,,,
2016-03-07,343.6,347.5,341,344.3,2913,,,
2016-03-08,342.8,348.5,333.9,338.8,7563,,,
2016-03-09,337.6,341.1,331.3,338.4,4475,,,
2016-03-10,342.9,355.3,339.4,352.1,6438,,,
2016-03-11,354.6,364.9,352.3,362.8,9425,,,
2016-03-14,367.9,374.4,364.5,372.1,6188,,,
2016-03-15,372.1,375,365.9,373.6,4938,,,
2016-03-16,368,372,359.3,360.4,4425,,,
2016-03-17,363,370.1,358.6,362.1,3150,,,
2016-03-18,360,361.9,346.5,360,7038,,,
2016-03-22,365.4,371.6,359.8,370.1,5325,,,
2016-03-23,370.5,371.8,361.4,362.9,3000,,,
2016-03-24,360.6,362.8,346.5,348.1,5338,,,
2016-03-25,347,350,340.5,348,4638,,,
2016-03-28,352,353.9,340.8,351.5,6588,,,
2016-03-29,342.6,352.8,342.5,352.8,2775,,,
2016-03-30,349.4,352.6,331.5,332.1,7438,,,
2016-03-31,334.8,342.9,326.6,326.9,4988,,,
2016-04-01,329.1,330.1,317.5,318,9225,,,
2016-04-04,321.1,331.3,316.6,323.9,5363,,,
2016-04-05,318.6,321.6,307.1,307.6,4363,,,
2016-04-06,306.3,310,299.9,302,5525,,,
2016-04-07,300.9,309.5,300.9,308.6,3538,,,
2016-04-08,301.4,316.9,296.3,312.4,5513,,,
2016-04-11,310,314.9,301.4,305.1,2550,,,
2016-04-12,304,317.3,304,313.5,3875,,,
2016-04-13,316,323.6,313.5,319.4,3925,,,
2016-04-14,322,336.4,322,336.4,7038,,,
2016-04-15,330.1,334.8,324.6,328.4,3563,,,
2016-04-18,315.9,326.5,315.9,321.5,6100,,,
2016-04-19,332.4,338.5,332.4,338.1,4250,,,
2016-04-20,337,345.6,337,342.8,5875,,,
2016-04-21,349,364.4,345.1,361.6,8363,,,
2016-04-22,360.8,369.3,356.9,368.8,8850,,,
2016-04-25,366.1,385,360.8,382.5,9063,,,
2016-04-26,377.5,378.1,359.1,363.9,5675,,,
2016-04-27,372.5,383.1,372,380.6,5913,,,
2016-04-28,383.8,386.3,351.3,352.3,7388,,,
2016-05-02,344.8,345.8,329.5,332.5,8138,,,
2016-05-06,337.5,341.5,330.3,336.8,6488,,,
2016-05-09,336.9,340.3,335.5,339.5,1963,,,
2016-05-10,342.3,351.3,335,349.8,3375,,,
2016-05-11,354.1,354.1,346.9,350.3,1913,,,
2016-05-12,348.3,353.8,343.8,353.3,2788,,,
2016-05-13,352.5,352.6,315.1,315.3,10513,,,
2016-05-16,313,322,305.3,308.3,6800,,,
2016-05-17,311.3,311.9,301.4,309.3,5963,,,
2016-05-18,310,319.4,310,316.3,4638,,,
2016-05-19,318.3,326.1,318.3,321.8,3975,,,
2016-05-20,320.5,326,320.5,325.1,2275,,,
2016-05-23,324.9,327.3,318.6,326,3088,,,
2016-05-24,325.5,326.5,315.8,317.6,3725,,,
2016-05-25,327.8,331.9,322.9,331.3,6188,,,
2016-05-26,334.6,339.4,330.6,331.8,4325,,,
2016-05-27,332.8,336.4,328.8,332.5,2338,,,
2016-05-30,337.4,343.5,330.3,343.5,2388,,,
2016-05-31,344.1,347.5,336.8,346.8,6588,,,
2016-06-01,346.8,363.6,339.1,354,6588,,,
2016-06-02,350,350.6,326.4,326.5,5988,,,
2016-06-03,325,330.9,320.9,325.1,3300,,,
2016-06-06,318.9,324.6,308.3,315.5,4688,,,
2016-06-07,319.9,326.9,317.9,325.1,3488,,,
2016-06-08,326.8,335.8,325.9,335.4,6625,,,
2016-06-09,331.1,333.9,319.4,320,4250,,,
2016-06-10,322.5,322.6,310.6,315.4,8525,,,
2016-06-13,312.8,312.8,300.6,301.8,5075,,,
2016-06-14,302,306.1,293.1,297.4,4763,,,
2016-06-15,295.3,301.5,292.9,295.5,6513,,,
2016-06-16,298,298,282,282.3,7088,,,
2016-06-17,288.9,291.4,283,286.4,5825,,,
2016-06-20,301.3,301.3,284.9,286.4,9200,,,
2016-06-21,288.1,290.1,282.8,288,7825,,,
2016-06-22,288.5,289.5,281.5,286,6013,,,
2016-06-23,286,292.9,283.3,291.1,4725,,,
2016-06-24,298.8,301.9,276.5,282.6,15838,,,
2016-06-27,293.8,296.8,284.9,295,10238,,,
2016-06-28,288.8,301.8,287.8,296.3,12550,,,
2016-06-29,296.3,298.3,286.4,292.5,8513,,,
2016-06-30,298.6,299.4,294.3,295.4,9638,,,
2016-07-01,295,295,285.9,286.6,7050,,,
2016-07-04,281.3,281.3,271.5,273.5,9263,,,
2016-07-05,269.3,269.3,259.5,264.6,6638,,,
2016-07-06,257.6,258.4,243.5,247.8,10975,,,
2016-07-07,250.3,256.3,248.1,250,7925,,,
2016-07-08,250.1,259.4,250.1,252.1,7900,,,
2016-07-11,261.3,272.9,261.3,269.3,10163,,,
2016-07-12,277.8,288.5,277.4,282.4,6950,,,
2016-07-13,292.6,299.3,290,291.1,7850,,,
2016-07-14,294.8,298.9,291.8,295.6,6413,,,
2016-07-15,304.4,314.4,301.5,309.3,9725,,,
2016-07-19,315.5,318.6,293,298.5,7213,,,
2016-07-20,299.9,300.6,289.5,297.9,5100,,,
2016-07-21,304,309,298.6,302.6,3038,,,
2016-07-22,297.5,304.8,296.9,298.3,2988,,,
2016-07-25,302.3,308.8,297.3,307.8,5125,,,
2016-07-26,305.4,314,305.4,309.5,4425,,,
2016-07-27,314.3,321.4,309.9,319.9,6975,,,
2016-07-28,314.8,316.4,309.8,315,3838,,,
2016-07-29,313.9,342.8,308.1,339,11475,,,
2016-08-01,338.6,354.3,325.4,351.6,12000,,,
2016-08-02,347.8,349.8,337.1,341.8,7313,,,
2016-08-03,329.6,335.8,325.8,328.6,7113,,,
2016-08-04,327.4,345,324.6,343.6,5700,,,
2016-08-05,343,349,336.6,339.3,3450,,,
2016-08-08,362.5,383.8,356.1,383.8,14613,,,
2016-08-09,375,383.1,368.9,376.3,10388,,,
2016-08-10,385,405,377.5,385,12250,,,
2016-08-12,389.4,415,383.8,411.3,13138,,,
2016-08-15,411.3,425,403.8,405,6225,,,
2016-08-16,400,410,397.5,402.5,11325,,,
2016-08-17,402.5,412.5,395,410,14963,,,
2016-08-18,401.3,414.4,394.4,395,8050,,,
2016-08-19,395,403.8,395,397.5,6550,,,
2016-08-22,398.8,398.8,385.6,395,7313,,,
2016-08-23,393.1,394.4,383.1,386.3,8438,,,
2016-08-24,394.4,403.8,393.8,398.8,8375,,,
2016-08-25,400,405,395.6,398.8,7338,,,
2016-08-26,403.8,412.5,397.5,403.8,9025,,,
2016-08-29,411.9,425.6,390.6,399.4,13225,,,
2016-08-30,399.4,419.4,391.3,393.1,33913,,,
2016-08-31,396.3,400,376.3,379.4,21775,,,
2016-09-01,380.6,390.6,374.5,379.4,11288,,,
2016-09-02,378.8,378.8,362.8,364,13588,,,
2016-09-05,365.6,369.9,358.5,359.3,8875,,,
2016-09-06,355.1,359.3,340.8,348.5,17688,,,
2016-09-07,347.4,349.4,340.4,348.3,13038,,,
2016-09-08,350,354.4,346.3,351.1,10750,,,
2016-09-09,349.5,352.3,343.4,346.4,14313,,,
2016-09-12,342.3,349.8,335.8,339.8,10088,,,
2016-09-13,344.5,344.5,337.6,338.8,9888,,,
2016-09-14,336.8,343.8,329.6,342.4,13475,,,
2016-09-15,336.1,346.8,332.5,344.8,14763,,,
2016-09-16,343.5,364.6,343.5,361.4,19400,,,
2016-09-20,348.9,362.4,344.8,352.9,18750,,,
2016-09-21,355,376.9,340.3,376.3,22188,,,
2016-09-23,379.4,386.3,373.1,381.3,18425,,,
2016-09-26,375.6,377.5,361.5,362.6,16388,,,
2016-09-27,361.6,365,346.9,363.1,18938,,,
2016-09-28,359.8,361,347.8,359,10500,,,
2016-09-29,361.6,369,359.4,363.6,11025,,,
2016-09-30,354.4,356.3,345.1,350.5,12700,,,
2016-10-03,351.8,357.3,345.6,351.5,14113,,,
2016-10-04,354.3,361.1,350.8,353.6,10213,,,
2016-10-05,358.8,369.1,355,359.1,14250,,,
2016-10-06,362.6,370.6,360.1,367,9700,,,
2016-10-07,367.6,370.4,361.9,364.9,5863,,,
2016-10-11,372.6,385,370.5,381.9,11263,,,
2016-10-12,376.9,381.3,372,374,12150,,,
2016-10-13,378.1,388.1,376.3,381.9,12038,,,
2016-10-14,383.8,390,380,388.8,12088,,,
2016-10-17,390.6,394.4,385.6,388.8,6400,,,
2016-10-18,388.1,393.1,386.9,391.3,4825,,,
2016-10-19,391.3,395,387.5,388.8,5550,,,
2016-10-20,389.4,397.5,388.1,397.5,7125,,,
2016-10-21,398.8,402.5,396.3,399.4,6025,,,
2016-10-24,400.6,406.9,394.4,405.6,7125,,,
2016-10-25,405.6,411.9,403.8,406.3,6813,,,
2016-10-26,406.3,409.4,400.6,406.9,5738,,,
2016-10-27,405.6,411.3,404.4,408.8,4763,,,
2016-10-28,416.3,429.4,415.6,425.6,25313,,,
2016-10-31,423.1,423.1,415.6,420.6,5275,,,
2016-11-01,419.4,425.6,415.6,421.9,5250,,,
2016-11-02,417.5,420.6,410.6,413.1,5625,,,
2016-11-04,405,412.5,401.9,408.1,5950,,,
2016-11-07,416.9,422.5,413.8,416.9,3538,,,
2016-11-08,418.1,423.1,416.3,420,4750,,,
2016-11-09,426.3,430.6,383.1,386.3,11938,,,
2016-11-10,431.3,431.3,412.5,423.1,13325,,,
2016-11-11,427.5,446.9,411.3,418.1,14263,,,
2016-11-14,426.9,447.5,425,446.3,10588,,,
2016-11-15,450,460.6,438.8,445,8200,,,
2016-11-16,454.4,465,445.6,453.8,8775,,,
2016-11-17,445.6,452.5,438.8,451.9,7988,,,
2016-11-18,460,461.9,451.3,459.4,6775,,,
2016-11-21,462.5,468.8,460,464.4,4850,,,
2016-11-22,463.8,468.8,461.3,466.9,4925,,,
2016-11-24,472.5,473.1,454.4,463.8,6738,,,
2016-11-25,464.4,469.4,460,466.3,6725,,,
2016-11-28,462.5,479.4,459.4,476.3,9250,,,
2016-11-29,470,476.9,464.4,473.1,6563,,,
2016-11-30,478.1,484.4,468.1,471.9,11788,,,
2016-12-01,481.3,498.1,476.9,491.9,10850,,,
2016-12-02,491.9,513.8,491.9,510.6,22263,,,
2016-12-05,505.6,508.1,500,504.4,7988,,,
2016-12-06,509.4,520,508.8,518.8,12300,,,
2016-12-07,518.8,526.9,518.8,522.5,11063,,,
2016-12-08,531.3,536.3,521.3,528.1,13850,,,
2016-12-09,519.4,537.5,518.8,537.5,14013,,,
2016-12-12,540,543.1,517.5,533.1,12288,,,
2016-12-13,528.8,538.1,524.4,536.9,7750,,,
2016-12-14,535.6,535.6,521.9,530,7413,,,
2016-12-15,525,536.9,523.1,533.8,12113,,,
2016-12-16,537.5,551.9,533.8,538.1,21163,,,
2016-12-19,540,548.1,538.8,546.3,8838,,,
2016-12-20,547.5,556.9,543.8,546.3,12938,,,
2016-12-21,546.3,548.8,531.9,535.6,17088,,,
2016-12-22,537.5,543.1,536.3,540,12488,,,
2016-12-26,532.5,535.6,520,521.9,5650,,,
2016-12-27,522.5,526.9,519.4,520.6,6225,,,
2016-12-28,520.6,523.8,514.4,520,4500,,,
2016-12-29,522.5,523.8,511.3,513.8,9050,,,
2016-12-30,507.5,513.1,503.1,509.4,6800,,,
2017-01-04,514.4,530,514.4,525.6,13775,,,
2017-01-05,525,527.5,519.4,526.3,10188,,,
2017-01-06,521.9,531.9,519.4,530,10725,,,
2017-01-10,530,536.9,525,529.4,12763,,,
2017-01-11,533.8,536.3,531.3,535.6,6238,,,
2017-01-12,534.4,534.4,522.5,526.3,8700,,,
2017-01-13,528.1,530.6,523.1,526.3,6888,,,
2017-01-16,520.6,525.6,516.3,517.5,4238,,,
2017-01-17,513.8,513.8,502.5,503.1,8425,,,
2017-01-18,503.1,503.8,493.1,503.1,7538,,,
2017-01-19,507.5,520.6,507.5,518.8,6650,,,
2017-01-20,510.6,520.6,508.8,516.3,4900,,,
2017-01-23,498.8,507.5,497.5,500,4775,,,
2017-01-24,500,501.3,495.6,499.4,5150,,,
2017-01-25,511.3,514.4,498.8,500,4775,,,
2017-01-26,508.8,511.3,500.6,506.3,7300,,,
2017-01-27,511.9,516.3,510,513.8,6000,,,
2017-01-30,512.5,512.5,500.6,505,4450,,,
2017-01-31,497.5,501.3,489.4,491.3,6913,,,
2017-02-01,485,503.1,482.5,500.6,5150,,,
2017-02-02,503.1,503.1,486.3,488.1,6475,,,
2017-02-03,488.8,506.3,488.8,500,9463,,,
2017-02-06,510,510,490.6,493.1,4475,,,
2017-02-07,488.1,494.4,481.9,488.1,3575,,,
2017-02-08,487.5,493.8,485.6,492.5,3850,,,
2017-02-09,490,491.9,481.9,481.9,4588,,,
2017-02-10,486.9,504.4,485.6,498.8,8550,,,
2017-02-13,511.3,511.3,495,499.4,5688,,,
2017-02-14,500,502.5,491.9,491.9,5425,,,
2017-02-15,500,502.5,496.3,499.4,5250,,,
2017-02-16,498.8,505.6,493.1,496.9,4388,,,
2017-02-17,496.9,500,491.3,497.5,5575,,,
2017-02-20,500,500,493.1,500,4088,,,
2017-02-21,500,503.1,496.3,500.6,5275,,,
2017-02-22,503.1,503.8,498.1,501.3,5150,,,
2017-02-23,505,506.9,495,504.4,6450,,,
2017-02-24,495.6,502.5,493.8,500,4825,,,
2017-02-27,491.3,495,476.3,480,7575,,,
2017-02-28,486.9,489.4,478.1,478.1,7063,,,
2017-03-01,475.6,480.6,473.8,478.8,4588,,,
2017-03-02,487.5,491.3,480,481.3,5638,,,
2017-03-03,476.3,479.4,473.1,475.6,5925,,,
2017-03-06,474.4,490,471.3,486.3,6913,,,
2017-03-07,485,487.5,480,481.9,2350,,,
2017-03-08,476.3,480.6,470,473.1,7200,,,
2017-03-09,475,479.4,473.8,479.4,4275,,,
2017-03-10,485.6,490.6,483.8,488.1,9938,,,
2017-03-13,487.5,493.8,487.5,489.4,3988,,,
2017-03-14,490.6,490.6,483.1,483.8,3100,,,
2017-03-15,479.4,483.8,477.5,480.6,2600,,,
2017-03-16,475,485,473.1,483.1,7138,,,
2017-03-17,480.6,481.9,472.5,481.9,7113,,,
2017-03-21,481.3,483.8,478.1,480,3988,,,
2017-03-22,472.5,473.8,453.8,454.4,8413,,,
2017-03-23,451.9,452.5,436.9,438.8,7775,,,
2017-03-24,436.9,450.6,436.9,442.5,6413,,,
2017-03-27,436.9,438.1,429.4,431.9,5538,,,
2017-03-28,435,440.6,433.1,439.4,10175,,,
2017-03-29,438.1,440.6,425.6,431.9,6525,,,
2017-03-30,428.1,433.1,426.3,428.1,6950,,,
2017-03-31,433.1,436.3,416.9,416.9,11388,,,
2017-04-03,417.5,420,410.6,416.3,11538,,,
2017-04-04,418.1,418.1,403.1,405.6,9663,,,
2017-04-05,403.1,405,396.3,400,9325,,,
2017-04-06,400,400,388.8,390.6,6013,,,
2017-04-07,391.9,396.3,386.9,387.5,12638,,,
2017-04-10,390,392.5,385,388.1,10750,,,
2017-04-11,386.9,387.5,381.9,383.1,5363,,,
2017-04-12,380,383.1,377.5,381.9,8988,,,
2017-04-13,378.1,378.8,372.4,373.8,7763,,,
2017-04-14,370,373.5,366.3,369.3,8613,,,
2017-04-17,367.9,374.1,363.1,364,5875,,,
2017-04-18,370,376.3,365.5,366,6338,,,
2017-04-19,363.1,370,359.4,366.1,8750,,,
2017-04-20,365.9,380,365.9,374.4,10663,,,
2017-04-21,376.9,383.8,375.6,380,10025,,,
2017-04-24,388.8,393.8,385,390,7638,,,
2017-04-25,388.1,397.5,388.1,394.4,7813,,,
2017-04-26,399.4,404.4,395,403.1,6813,,,
2017-04-27,401.3,413.1,400.6,411.9,10913,,,
2017-04-28,411.3,413.1,401.3,405,8413,,,
2017-05-01,408.8,410,400,408.8,9163,,,
2017-05-02,411.3,415,410,411.9,6963,,,
2017-05-08,420.6,430.6,420,430,10375,,,
2017-05-09,426.9,432.5,425.6,426.9,7900,,,
2017-05-10,430,430.6,423.1,428.8,9325,,,
2017-05-11,427.5,431.3,424.4,429.4,5813,,,
2017-05-12,425,428.8,417.5,422.5,5325,,,
2017-05-15,395,399.4,380,383.8,10488,,,
2017-05-16,389.4,391.3,382.5,388.8,9713,,,
2017-05-17,386.9,388.1,381.9,386.9,7500,,,
2017-05-18,379.4,381.3,373.8,378.8,12563,,,
2017-05-19,380,383.8,376.3,381.9,8413,,,
2017-05-22,384.4,388.8,381.3,386.9,7913,,,
2017-05-23,390.6,393.1,383.1,387.5,10988,,,
2017-05-24,391.3,393.1,382.5,383.8,8988,,,
2017-05-25,381.3,382.5,375,375,9588,,,
2017-05-26,373.9,378.8,371.8,373.3,4463,,,
2017-05-29,373.3,378.1,373.1,375,2713,,,
2017-05-30,375.6,376.9,369.1,373.6,5800,,,
2017-05-31,373.9,374.4,367.3,368,6313,,,
2017-06-01,366.9,375,366.9,373.4,6575,,,
2017-06-02,375,394.4,374.3,393.1,11463,,,
2017-06-05,386.3,386.3,377.5,380.6,9075,,,
2017-06-06,376.3,381.9,372.3,372.5,12500,,,
2017-06-07,370.8,371.6,368.1,370.1,6013,,,
2017-06-08,371.8,376.9,370.9,371.9,6625,,,
2017-06-09,370.8,380,367.1,376.9,11588,,,
2017-06-12,379.4,383.8,372.5,372.8,7688,,,
2017-06-13,370,375,367.6,372.8,6850,,,
2017-06-14,373.5,382.5,372.5,379.4,8975,,,
2017-06-15,373.5,376.3,367.5,367.5,7950,,,
2017-06-16,370.5,373.4,364.8,366.8,7888,,,
2017-06-19,366.3,373.4,365.3,371,5863,,,
2017-06-20,375,385.6,373.3,378.1,10688,,,
2017-06-21,376.9,376.9,370.4,370.5,7388,,,
2017-06-22,371.9,373,367.6,367.6,5600,,,
2017-06-23,369,371.3,366.9,369.1,5000,,,
2017-06-26,367.6,368.5,365.6,365.8,4188,,,
2017-06-27,368.3,370.4,364.6,365.9,6450,,,
2017-06-28,368.5,374.5,368.5,373.8,7613,,,
2017-06-29,380.6,390.6,376.9,390,13663,,,
2017-06-30,386.9,388.1,380,386.9,9913,,,
2017-07-03,387.5,394.4,386.9,394.4,10125,,,
2017-07-04,398.8,401.9,393.1,395.6,9513,,,
2017-07-05,395,401.9,394.4,401.3,7925,,,
2017-07-06,398.1,400.6,395.6,397.5,6250,,,
2017-07-07,390.6,398.1,390,390.6,5675,,,
2017-07-10,395,398.1,388.8,389.4,4700,,,
2017-07-11,388.8,390.6,388.1,389.4,3975,,,
2017-07-12,388.8,388.8,383.8,386.3,7175,,,
2017-07-13,388.8,390,379.4,380,3513,,,
2017-07-14,381.3,384.4,380,384.4,5463,,,
2017-07-18,382.5,382.5,374.4,376.9,6138,,,
2017-07-19,376.3,378.8,371.9,376.3,6600,,,
2017-07-20,373.3,383.8,373.3,383.8,6163,,,
2017-07-21,380,382.5,375.6,378.1,5238,,,
2017-07-24,375,375.6,370.6,375.6,6925,,,
2017-07-25,376.3,376.9,372.8,374.5,3513,,,
2017-07-26,377.5,379.4,372.1,375.6,4500,,,
2017-07-27,375.6,380.6,373.4,378.1,9463,,,
2017-07-28,376.9,378.8,372.4,377.5,7150,,,
2017-07-31,374.9,375.6,367.3,367.3,8800,,,
2017-08-01,369.9,376.9,369.5,376.9,5950,,,
2017-08-02,380,380,373.1,373.4,4213,,,
2017-08-03,373.3,376.3,369.8,372.6,4600,,,
2017-08-04,370.4,372.8,369.1,370.6,3000,,,
2017-08-07,375,375,369.8,371.1,3113,,,
2017-08-08,371.1,373,367,368.5,3725,,,
2017-08-09,368.4,370.6,359.4,361.4,6263,,,
2017-08-10,368.5,373,359.9,373,8088,,,
2017-08-14,365.5,365.8,359.4,360.1,8738,,,
2017-08-15,365.6,366.3,346.6,347.3,15763,,,
2017-08-16,343.8,345.1,337.9,342.6,11163,,,
2017-08-17,340.6,342,335.8,340.1,8700,,,
2017-08-18,334.3,334.3,326.6,328.5,15450,,,
2017-08-21,328.9,328.9,323.1,327.1,8513,,,
2017-08-22,326.3,329.3,322,326.1,8338,,,
2017-08-23,328,330.1,320.4,321.3,8475,,,
2017-08-24,320.3,326.1,319.6,321.6,4863,,,
2017-08-25,322,323.4,318.3,318.4,8850,,,
2017-08-28,318.6,318.8,312.5,317.1,14900,,,
2017-08-29,312.5,315.1,311,313.8,8538,,,
2017-08-30,315.3,319.6,313.8,317.8,12113,,,
2017-08-31,321.1,325.4,318.3,320.5,12875,,,
2017-09-01,323.1,324.4,318.5,323,7513,,,
2017-09-04,320.1,323.1,314.4,314.4,8713,,,
2017-09-05,317.5,320.6,315.9,318.5,8300,,,
2017-09-06,315.4,318.1,314,316.4,8925,,,
2017-09-07,318.5,319.5,314,315,9463,,,
2017-09-08,313.8,314.5,309.4,311.5,14425,,,
2017-09-11,317.1,320.5,312.5,313.1,6613,,,
2017-09-12,318.9,318.9,312.6,317.6,7950,,,
2017-09-13,321.1,328.4,319.3,325.3,10138,,,
2017-09-14,324.8,324.8,318,319.1,10775,,,
2017-09-15,318.3,322.1,317.3,321.9,10300,,,
2017-09-19,328,343.4,325.3,342.1,19363,,,
2017-09-20,343.5,350.1,343.3,345.4,16113,,,
2017-09-21,354.6,367,352,360.8,24263,,,
2017-09-22,359,363.4,354.6,359.1,10663,,,
2017-09-25,359.4,361,354.8,359.8,9313,,,
2017-09-26,355.6,357.4,352.6,357.1,12063,,,
2017-09-27,354.5,356.9,347,351.9,8988,,,
2017-09-28,354.6,361.1,354.6,358,9300,,,
2017-09-29,357,362,356.6,359.6,7463,,,
2017-10-02,360.3,360.3,352.8,357.3,11025,,,
2017-10-03,360,361.1,355.5,359.4,9925,,,
2017-10-04,360.4,365.8,358.6,359.5,13563,,,
2017-10-05,357.9,360,354.5,355.1,7738,,,
2017-10-06,356,365.6,356,361.1,11950,,,
2017-10-10,366.5,373.5,364.3,371.1,24125,,,
2017-10-11,374.4,374.4,363.9,369.3,17725,,,
2017-10-12,368.8,372.8,365.8,367.4,12363,,,
2017-10-13,362.8,364.4,352.8,357.9,17600,,,
2017-10-16,357.5,367.5,354.6,365.1,13738,,,
2017-10-17,369.5,373.6,368.1,371.4,11475,,,
2017-10-18,368.6,369.5,363.6,367.5,8075,,,
2017-10-19,367.5,371.9,366.8,367.8,7925,,,
2017-10-20,366.5,369.6,363.6,368.3,9400,,,
2017-10-23,373.6,383.8,368.8,381.9,18638,,,
2017-10-24,380,387.5,378.1,385,17038,,,
2017-10-25,386.3,395,386.3,389.4,16450,,,
2017-10-26,390,391.9,385.6,386.9,10450,,,
2017-10-27,388.8,397.5,387.5,389.4,16213,,,
2017-10-30,390.6,395.6,385,386.3,41000,,,
2017-10-31,380.6,381.9,374.6,380,12925,,,
2017-11-01,383.1,383.1,376.9,381.9,12300,,,
2017-11-02,382.5,390,376.9,390,7725,,,
2017-11-06,388.1,390,379.4,381.9,12788,,,
2017-11-07,377.5,390,377.5,390,10975,,,
2017-11-08,386.3,389.4,381.3,387.5,12963,,,
2017-11-09,391.3,393.8,384.4,390.6,12063,,,
2017-11-10,382.5,387.5,380.6,385.6,5013,,,
2017-11-13,380.6,382.5,362.4,368.1,20575,,,
2017-11-14,368,369,360.3,361,9313,,,
2017-11-15,356.3,358.9,346.9,350.9,10900,,,
2017-11-16,349.5,352.4,344.9,348.8,10300,,,
2017-11-17,354,356.4,348.1,349.3,8238,,,
2017-11-20,346.4,348.4,344.4,346.8,6038,,,
2017-11-21,353,353.8,348,350.6,7613,,,
2017-11-22,352.5,355.1,350.1,352.1,5888,,,
2017-11-24,347,354.1,346.3,354.1,6513,,,
2017-11-27,353.1,353.8,349.9,350.9,4500,,,
2017-11-28,349.8,354.4,349.3,351.8,6563,,,
2017-11-29,356,365.9,356,363.4,9488,,,
2017-11-30,367.9,378.1,367.9,375,16475,,,
2017-12-01,376.3,380,373.1,377.5,14125,,,
2017-12-04,381.3,381.3,373.3,375.6,6963,,,
2017-12-05,369.3,380,369.3,378.8,7100,,,
2017-12-06,375.6,376.9,365.5,366.5,12325,,,
2017-12-07,368.8,372.3,366.1,367.3,11038,,,
2017-12-08,361,369.6,361,366.8,13100,,,
2017-12-11,373,383.1,371,381.9,16863,,,
2017-12-12,382.5,390.6,382.5,388.1,10025,,,
2017-12-13,390,396.9,388.8,395.6,12388,,,
2017-12-14,391.9,392.5,385.6,388.8,10513,,,
2017-12-15,387.5,387.5,377.5,384.4,18013,,,
2017-12-18,390,405.6,388.1,404.4,21950,,,
2017-12-19,410,422.5,405,420,18713,,,
2017-12-20,421.3,425.6,417.5,421.3,10725,,,
2017-12-21,425.6,425.6,406.3,406.9,13975,,,
2017-12-22,405.6,416.3,404.4,406.3,9650,,,
2017-12-25,415,418.1,400.6,406.3,9763,,,
2017-12-26,406.9,410,401.9,401.9,3600,,,
2017-12-27,403.8,410,402.5,405.6,3100,,,
2017-12-28,405,406.9,400.6,405.6,4250,,,
2017-12-29,402.5,411.3,402.5,408.1,5488,,,
2018-01-04,413.8,421.9,412.5,420,7113,,,
2018-01-05,422.5,428.1,419.4,426.9,10338,,,
2018-01-09,428.1,438.1,424.4,435.6,11325,,,
2018-01-10,435,445.6,434.4,443.1,9250,,,
2018-01-11,440.6,441.3,431.3,434.4,9325,,,
2018-01-12,430.6,438.1,424.4,426.9,10838,,,
2018-01-15,431.9,435,422.5,425.6,6888,,,
2018-01-16,425,425,416.3,418.1,8200,,,
2018-01-17,414.4,415,408.1,410,7000,,,
2018-01-18,418.8,420.6,393.1,395,11375,,,
2018-01-19,397.5,398.8,391.9,397.5,8838,,,
2018-01-22,399.4,399.4,393.8,396.9,4675,,,
2018-01-23,396.9,405,396.3,403.8,8538,,,
2018-01-24,398.8,403.8,398.1,401.9,4775,,,
2018-01-25,395,395,387.5,388.1,8913,,,
2018-01-26,386.9,390.6,383.8,384.4,6975,,,
2018-01-29,383.8,388.1,378.1,385,8388,,,
2018-01-30,385,385.6,376.9,379.4,7313,,,
2018-01-31,379.4,386.9,375,375,11875,,,
2018-02-01,381.3,396.9,380,395,10875,,,
2018-02-02,394.4,399.4,390,396.3,9238,,,
2018-02-05,373.4,378.8,364.6,376.9,18163,,,
2018-02-06,366.4,367.9,343.4,352.6,16200,,,
2018-02-07,360,371.3,351.5,352.1,10163,,,
2018-02-08,354.9,357.8,349.6,351.5,10788,,,
2018-02-09,343.8,344.8,336,341.3,12175,,,
2018-02-13,348.9,348.9,326.1,327.9,18375,,,
2018-02-14,332.4,335.5,322.9,328.4,9238,,,
2018-02-15,334.6,338,332.8,334.5,6738,,,
2018-02-16,340.4,340.9,333,333.6,9213,,,
2018-02-19,336.1,349.3,336.1,348.3,9363,,,
2018-02-20,346.6,351.4,341.8,351.4,9463,,,
2018-02-21,353.6,353.6,346.6,347.9,8050,,,
2018-02-22,341.9,345.8,339.3,342.3,8375,,,
2018-02-23,339.1,349.8,338.1,348.3,4038,,,
2018-02-26,354,355.3,343.9,345,5913,,,
2018-02-27,351.3,351.3,340,342.8,6075,,,
2018-02-28,341.8,344,334,334,8163,,,
2018-03-01,331.4,331.4,325.6,328.5,9175,,,
2018-03-02,324.8,331.3,323.3,326.3,14100,,,
2018-03-05,321.5,323.3,316.4,321,10700,,,
2018-03-06,324.5,332.6,323.8,329.1,5563,,,
2018-03-07,323.9,331.8,321.4,326.9,5838,,,
2018-03-08,331.3,336.5,323.9,325,6213,,,
2018-03-09,328.1,329,318.1,319.1,12563,,,
2018-03-12,321.6,329.1,320,328,6600,,,
2018-03-13,325.5,330,320.5,329.8,8363,,,
2018-03-14,329.8,331.3,325.4,325.9,6900,,,
2018-03-15,325.9,326.9,321.6,323.6,6263,,,
2018-03-16,324.1,324.1,317.8,319.1,10038,,,
2018-03-19,316.6,318.6,311.3,314,7938,,,
2018-03-20,310.8,316,310,314,4875,,,
2018-03-22,314,315.9,310.8,313.5,6675,,,
2018-03-23,310.8,310.8,302.4,304.1,12375,,,
2018-03-26,300.1,305.4,299.1,305.4,7763,,,
2018-03-27,310.1,319.8,310.1,319.8,10963,,,
2018-03-28,310.4,317.9,308.4,317.5,6538,,,
2018-03-29,319.8,323.4,312.1,317,9850,,,
2018-03-30,320.4,321.3,314,316.4,5288,,,
2018-04-02,320.1,321.9,314.4,314.4,4813,,,
2018-04-03,312.8,321.3,310.5,318.9,14750,,,
2018-04-04,318.8,324,315.1,321.8,9388,,,
2018-04-05,325.9,336.1,324.6,332.4,11225,,,
2018-04-06,330.6,334.3,328.9,332.8,7038,,,
2018-04-09,333,338,332,336.9,5050,,,
2018-04-10,337.5,342.5,332.5,341.5,5888,,,
2018-04-11,345.1,347,339.4,345.5,4913,,,
2018-04-12,349.4,353.5,344.4,352.9,11538,,,
2018-04-13,354,366,353.9,364.6,12800,,,
2018-04-16,367.5,370.5,361.4,365.4,6125,,,
2018-04-17,366.1,366.1,360.9,363.3,4275,,,
2018-04-18,364.1,364.4,358.1,361.8,6863,,,
2018-04-19,364.3,369.6,361.5,362.5,6650,,,
2018-04-20,360.3,362.8,352.9,357.8,8325,,,
2018-04-23,360.9,365.3,360.9,362.4,6025,,,
2018-04-24,367,370,363.4,368.6,5425,,,
2018-04-25,366.1,369.4,363.3,367.8,4588,,,
2018-04-26,370.4,371.9,363.5,366,4600,,,
2018-04-27,368.3,368.3,359.4,361.6,9638,,,
2018-05-01,362.3,362.3,349.3,350.6,10238,,,
2018-05-02,350.6,359.4,350,359.1,7588,,,
2018-05-07,358.9,359.4,354.4,359.1,5925,,,
2018-05-08,359.1,366.9,359.1,362.4,6725,,,
2018-05-09,364.9,364.9,355.9,362.1,5463,,,
2018-05-10,364.5,368.6,362.8,365.5,6150,,,
2018-05-11,364.5,367.3,361.5,367,5438,,,
2018-05-14,366.9,371.1,361.9,369.9,5700,,,
2018-05-15,372,372,367.6,370,4200,,,
2018-05-16,355,355,330.5,331.4,16375,,,
2018-05-17,332.5,335.1,331.1,333,7838,,,
2018-05-18,333,334.1,326.1,326.6,8913,,,
2018-05-21,325,328.8,319,325.8,9188,,,
2018-05-22,326.8,328.6,323.4,325.4,5175,,,
2018-05-23,323.8,324.5,318.8,319.1,5188,,,
2018-05-24,318.1,318.1,312.8,314.1,4475,,,
2018-05-25,312.6,316.6,312.3,315.9,7913,,,
2018-05-28,314.9,316.6,312.1,315.6,3900,,,
2018-05-29,314.9,316.1,313.1,314.4,4275,,,
2018-05-30,310.6,312.5,306.5,307.8,8313,,,
2018-05-31,311.8,311.8,305.9,309.3,11138,,,
2018-06-01,312.4,316.1,305.6,313.5,8088,,,
2018-06-04,318.4,334,316.8,332.5,17375,,,
2018-06-05,332.4,332.4,323.3,324.9,6388,,,
2018-06-06,323.9,323.9,318.8,320.5,3975,,,
2018-06-07,323.9,328.6,322.8,327,5700,,,
2018-06-08,322.3,329.5,321.3,327.3,12125,,,
2018-06-11,325.5,325.5,317.3,317.8,7013,,,
2018-06-12,317.9,321.6,317.1,318.5,3963,,,
2018-06-13,318.5,322.4,318.5,321.6,3438,,,
2018-06-14,320.9,332.3,320.1,330,6488,,,
2018-06-15,336.3,338.5,327.3,327.4,10938,,,
2018-06-18,327.4,327.4,316.4,317.5,3700,,,
2018-06-19,319,320.5,312.9,313.1,5300,,,
2018-06-20,313.3,313.8,306.8,311.8,6388,,,
2018-06-21,308.9,309,300,300.3,10200,,,
2018-06-22,297.5,310.3,295.1,309.6,15038,,,
2018-06-25,306.4,314.9,304,312.3,6975,,,
2018-06-26,312.3,322.1,309,319.8,4863,,,
2018-06-27,317.4,328.9,315.3,324.1,7888,,,
2018-06-28,320.8,324.5,320.4,322.3,6400,,,
2018-06-29,328.5,336.8,324.3,332.6,10538,,,
2018-07-02,330.1,330.1,310.1,310.3,8500,,,
2018-07-03,310.6,310.6,287.4,293.5,21813,,,
2018-07-04,290.4,294.9,288.5,293.1,9750,,,
2018-07-05,287.5,287.6,261.6,263.5,23763,,,
2018-07-06,264.4,279.1,263,279.1,14375,,,
2018-07-09,277.5,278.9,272.3,276.9,12088,,,
2018-07-10,281.9,283.8,279,279.9,12975,,,
2018-07-11,278.6,284.5,272.1,283.4,11063,,,
2018-07-12,278.8,291.6,277.6,284.6,6700,,,
2018-07-13,287.1,289.4,283.3,287.8,5925,,,
2018-07-17,286.9,296.5,286.9,292,7488,,,
2018-07-18,295.6,295.6,289.3,289.9,3313,,,
2018-07-19,279.4,287.8,278.3,286.4,12563,,,
2018-07-20,286.3,291.9,284.6,288.9,6313,,,
2018-07-23,289.4,306.9,289.3,301.9,13013,,,
2018-07-24,302.5,309.9,301.1,305,9350,,,
2018-07-25,309.4,316.1,308.4,310.4,9213,,,
2018-07-26,316.6,316.8,309.4,310.8,10038,,,
2018-07-27,312,321.3,311,317.6,8938,,,
2018-07-30,325,335.1,322.5,327.1,21475,,,
2018-07-31,330,336.8,317.6,321.3,15438,,,
2018-08-01,325,337,322.8,335.4,13938,,,
2018-08-02,336.5,343.1,327.3,329.6,15213,,,
2018-08-03,327.8,331,321.9,322.6,11513,,,
2018-08-06,316.4,323.1,311.9,315.9,12500,,,
2018-08-07,312.8,315,306.9,309.6,12713,,,
2018-08-08,311.4,318,308.6,313.6,7488,,,
2018-08-09,311.9,311.9,305.5,307.4,5475,,,
2018-08-10,307.4,309,298.8,303.4,8775,,,
2018-08-13,290.9,295.9,287.5,289.4,11088,,,
2018-08-14,290.3,298.6,289.5,298,6263,,,
2018-08-15,297.3,297.6,281.6,284.9,9113,,,
2018-08-16,282.9,289.3,279.5,289.3,7375,,,
2018-08-17,290,299.1,289.4,298.3,5575,,,
2018-08-20,296.9,297.9,291.9,297,5100,,,
2018-08-21,292.3,293,288.6,290.8,4350,,,
2018-08-22,288.5,290.6,279.5,281.8,14125,,,
2018-08-23,282.4,285.3,277.3,284.3,8700,,,
2018-08-24,287.1,290.9,286.4,289.3,5525,,,
2018-08-27,291,298.1,290.6,296.5,6625,,,
2018-08-28,300,308.4,299.4,307.3,11713,,,
2018-08-29,310.4,318.5,310,314.9,9663,,,
2018-08-30,316.6,317,308.1,312.9,53013,,,
2018-08-31,311.3,317,304.5,312.8,17900,,,
2018-09-03,311.9,314.4,305.9,307.3,8038,,,
2018-09-04,311.3,316,309.8,310.6,9913,,,
2018-09-05,310.6,313.5,302.8,306,10738,,,
2018-09-06,305.1,311,302.3,302.8,11638,,,
2018-09-07,299.6,302.3,291.5,294.8,11088,,,
2018-09-10,295,306.9,294.8,305.6,9425,,,
2018-09-11,305.6,305.9,298.9,301.8,7363,,,
2018-09-12,300.8,300.8,283.8,286.3,11475,,,
2018-09-13,285.1,295.6,283.9,292.4,9113,,,
2018-09-14,294.4,295.8,286.1,287.1,18313,,,
2018-09-18,285.5,295.8,285.5,294,8050,,,
2018-09-19,297.3,303.4,294.3,302.9,10550,,,
2018-09-20,305.3,308.9,299.3,306.4,9713,,,
2018-09-21,306.4,310.4,303,304.3,15238,,,
2018-09-25,309.8,318.1,309.6,317.4,15838,,,
2018-09-26,310,314.6,306.5,309.9,8250,,,
2018-09-27,307.8,309.5,300.6,301.4,7775,,,
2018-09-28,303.3,309.4,299.3,302.6,7363,,,
2018-10-01,293.9,295.4,291.5,291.9,8013,,,
2018-10-02,291.9,294.9,288.4,288.9,10613,,,
2018-10-03,287.3,289,278.5,278.8,14375,,,
2018-10-04,281.9,285.3,277,279.3,14650,,,
2018-10-05,275.1,278.3,269.4,270.6,22625,,,
2018-10-09,268.8,268.8,253.1,253.9,20225,,,
2018-10-10,256.5,261.3,252.3,256.3,17400,,,
2018-10-11,256.1,256.6,249.6,254.6,29825,,,
2018-10-12,252.8,253,248.9,250.8,22588,,,
2018-10-15,249.5,250,241.6,242.4,17788,,,
2018-10-16,241.3,243.6,239.4,242.4,8363,,,
2018-10-17,245.4,248.5,241.4,242.8,9175,,,
2018-10-18,247.8,249.3,244.5,245.8,11100,,,
2018-10-19,242.6,242.6,236.9,240.8,9600,,,
2018-10-22,238.3,241.9,236.9,238.5,6350,,,
2018-10-23,236.9,237.1,230.5,231.1,12488,,,
2018-10-24,230.8,230.8,223.6,226.6,11350,,,
2018-10-25,221.6,221.6,215.1,215.6,14088,,,
2018-10-26,219.9,224.4,215.3,222.4,19725,,,
2018-10-29,224.3,226.3,214.8,218,10175,,,
2018-10-30,218,230.8,218,229.3,13775,,,
2018-10-31,233.1,233.3,225.9,228.4,12475,,,
2018-11-01,227.5,232.5,226.3,230.4,7900,,,
2018-11-02,230.4,231.5,226,230.9,7475,,,
2018-11-05,237.4,247.1,235.4,240.8,20150,,,
2018-11-06,241,247.6,239,245.1,7600,,,
2018-11-07,244.5,253.4,240.9,241.9,10663,,,
2018-11-08,246.9,255.8,246.9,252.4,10388,,,
2018-11-09,252.4,255.6,250.9,251.4,5038,,,
2018-11-12,252.5,252.5,243.6,246.3,6225,,,
2018-11-13,241.3,241.4,234.1,239.3,8800,,,
2018-11-14,240.6,254,240.3,249,10600,,,
2018-11-15,247.1,247.1,235.5,238.5,9538,,,
2018-11-16,240,241.5,237.8,239.4,6238,,,
2018-11-19,239.3,239.3,232.3,234.5,6225,,,
2018-11-20,234.5,244.3,231.9,242,7688,,,
2018-11-21,237,242.8,236.4,240.1,8400,,,
2018-11-22,242.5,243.8,238.5,241.6,4388,,,
2018-11-26,240.6,246,237.6,241.9,8975,,,
2018-11-27,245.6,257.3,244.5,256.4,14100,,,
2018-11-28,260.5,268.6,260.4,266.8,15500,,,
2018-11-29,268,274,266.5,267.5,8575,,,
2018-11-30,270,270,261.9,262.4,10513,,,
2018-12-03,262.5,265.9,261.4,264.9,8550,,,
2018-12-04,265.3,265.3,257,258.1,8663,,,
2018-12-05,252.3,259.9,251.9,257.1,12625,,,
2018-12-06,253.9,253.9,239.9,241.3,10825,,,
2018-12-07,242.1,244,232.8,235.4,8563,,,
2018-12-10,232,232.8,225.1,228.3,9138,,,
2018-12-11,229,229.1,221.4,222,9688,,,
2018-12-12,224.6,230.1,222.5,227.3,6775,,,
2018-12-13,228.4,231.4,226.5,227.9,6013,,,
2018-12-14,227,227.1,218.5,219.4,16325,,,
2018-12-17,224.4,233.6,222.9,223.5,16850,,,
2018-12-18,220.1,220.4,214.4,215.5,8213,,,
2018-12-19,213.6,215.9,210.8,215,8250,,,
2018-12-20,212.5,215.6,210.5,210.9,13188,,,
2018-12-21,206.3,206.9,195.1,195.8,18363,,,
2018-12-25,185.8,189,181.8,188,8538,,,
2018-12-26,191.3,199.4,191.1,193.6,10125,,,
2018-12-27,203.6,209.6,201.8,209.3,12788,,,
2018-12-28,210.4,216.4,206.4,212.1,8413,,,
2019-01-04,206.5,208,199.9,206.8,8525,,,
2019-01-07,215.5,218.1,208.6,209,8238,,,
2019-01-08,211.4,213.6,210,210.1,6775,,,
2019-01-09,211.9,216.5,211.4,215.9,7338,,,
2019-01-10,214.4,214.4,209.1,210.5,5150,,,
2019-01-11,212,212,205.9,206.4,3963,,,
2019-01-15,202.3,209.4,201.8,205.9,7775,,,
2019-01-16,205.9,207.5,200.1,202.3,4975,,,
2019-01-17,203.1,207.6,200.5,202.6,4825,,,
2019-01-18,205.9,210.6,203.6,207,7050,,,
2019-01-21,208.9,213.4,208,210.5,5013,,,
2019-01-22,210.9,210.9,202,204.5,7300,,,
2019-01-23,201.4,203.6,199.9,200.8,5675,,,
2019-01-24,200.6,204.4,200.1,203.5,4713,,,
2019-01-25,202.6,205.4,201,201.4,8800,,,
2019-01-28,201.4,203.3,193.9,193.9,10163,,,
2019-01-29,193.9,197.9,191.8,193.9,7200,,,
2019-01-30,196.9,196.9,190.1,190.1,10163,,,
2019-01-31,195.1,197.6,190.1,191.6,11325,,,
2019-02-01,190,191,185.4,186.1,10900,,,
2019-02-04,187,193.5,186.8,192.8,11138,,,
2019-02-05,192.8,197.6,192.8,196.1,7513,,,
2019-02-06,196.8,198.4,194.5,196.3,7963,,,
2019-02-07,197,197,193.1,194.1,5075,,,
2019-02-08,190.6,191.8,188.5,189.9,7513,,,
2019-02-12,190.5,197.4,190.5,195.1,13300,,,
2019-02-13,196.4,199.1,193.4,198.8,9600,,,
2019-02-14,198.8,201.8,194.1,195.4,10413,,,
2019-02-15,193.1,198.6,190.4,195.6,6588,,,
2019-02-18,199.9,204.6,199.3,200.9,11838,,,
2019-02-19,202.4,202.4,196.4,196.6,6075,,,
2019-02-20,195.4,204.4,194.8,204,14675,,,
2019-02-21,202.4,202.9,196,198,9350,,,
2019-02-22,196.9,198,193.6,195.8,6663,,,
2019-02-25,198,199.9,197.5,199.5,8075,,,
2019-02-26,201.4,202,196.5,196.6,7088,,,
2019-02-27,197.9,199.8,192.8,194.9,10175,,,
2019-02-28,195.4,205.1,194.1,203.1,16113,,,
2019-03-01,204.8,213.1,204.6,210.5,14338,,,
2019-03-04,212.8,218.1,212.8,217.1,9988,,,
2019-03-05,215.9,221.9,215.5,221.4,11088,,,
2019-03-06,221.3,223.1,218.5,218.8,9863,,,
2019-03-07,215.6,219,213.6,217.8,7025,,,
2019-03-08,216.8,218.3,213.6,215.8,19125,,,
2019-03-11,215.8,216.6,208.9,211.5,7850,,,
2019-03-12,215.9,221.5,214.8,220,8975,,,
2019-03-13,221,223.8,218.4,218.8,7350,,,
2019-03-14,219.3,219.3,213,213.5,5938,,,
2019-03-15,213.5,219.8,213.5,217.5,7650,,,
2019-03-18,219.1,220.3,216.8,220.3,6150,,,
2019-03-19,222.3,222.3,217.6,218.8,4900,,,
2019-03-20,218.6,220,211.8,213.4,9513,,,
2019-03-22,214.1,217.8,209.8,217.6,7475,,,
2019-03-25,210.8,210.8,202.8,206.3,11875,,,
2019-03-26,208.4,219,207.9,218.8,12713,,,
2019-03-27,212.3,213.5,207.6,213.4,7525,,,
2019-03-28,208.9,209.4,202.1,202.8,9988,,,
2019-03-29,203.3,203.8,195.1,195.6,10038,,,
2019-04-01,196.9,207.5,196.9,205.3,9875,,,
2019-04-02,208.6,209.1,200.1,203.4,7925,,,
2019-04-03,201.5,204.3,200.4,203.3,6688,,,
2019-04-04,203.9,207,202,205,4100,,,
2019-04-05,205,207,203.1,207,5338,,,
2019-04-08,207,207.3,201.6,202.8,3363,,,
2019-04-09,202.8,202.8,196.8,199.8,4125,,,
2019-04-10,196.8,200.8,195,199.5,3900,,,
2019-04-11,200.1,201,196.1,197.3,10338,,,
2019-04-12,201.5,202.4,195.4,197,6325,,,
2019-04-15,202,213.1,201.4,211,14050,,,
2019-04-16,208.1,208.1,204.3,204.4,4275,,,
2019-04-17,197.6,209.1,197.6,208.1,6038,,,
2019-04-18,209.4,210.6,203.6,205,5175,,,
2019-04-19,206.6,210.3,205.9,206.3,3513,,,
2019-04-22,206.3,207.8,203.1,207.6,2488,,,
2019-04-23,207.4,214,207.4,211.4,5550,,,
2019-04-24,210.4,210.4,201,202,7988,,,
2019-04-25,202,207,200.6,206.5,5950,,,
2019-04-26,201.9,203.4,199.8,200.5,7713,,,
2019-05-07,198.9,198.9,193.6,193.9,7475,,,
2019-05-08,191.1,191.1,188,189.8,8588,,,
2019-05-09,187.3,187.3,182.1,182.4,9600,,,
2019-05-10,182.8,184.1,180,181.6,9625,,,
2019-05-13,181.3,181.8,178.5,179.5,5588,,,
2019-05-14,176.3,178.6,172.5,177.1,6550,,,
2019-05-15,180.9,187.1,177.9,187.1,10025,,,
2019-05-16,183.4,187.4,178.6,187,10325,,,
2019-05-17,190,190,184.8,186.4,5175,,,
2019-05-20,189.3,189.8,185.1,188.4,4475,,,
2019-05-21,187.4,201,186.3,200.8,11850,,,
2019-05-22,201.4,206.1,198.3,205.5,11025,,,
2019-05-23,205.4,209.5,201.3,203.3,9100,,,
2019-05-24,200.1,210.1,198.8,210.1,8325,,,
2019-05-27,211.5,213.8,207.6,211.8,6613,,,
2019-05-28,211.8,217.1,207.1,214.1,8650,,,
2019-05-29,209.8,211,205.3,205.3,6013,,,
2019-05-30,204.3,212.8,204.3,211.1,7175,,,
2019-05-31,210.9,213.8,208.6,209.4,8100,,,
2019-06-03,205.3,205.6,199.3,203.8,5063,,,
2019-06-04,205.3,209.4,204.5,209.1,9100,,,
2019-06-05,211.6,216.3,207.4,208.8,8725,,,
2019-06-06,209.6,210.5,206.1,206.9,4050,,,
2019-06-07,208.1,208.1,204.6,206.6,3288,,,
2019-06-10,210,212.5,205.5,208.3,4063,,,
2019-06-11,208.3,208.9,206,206.8,8400,,,
2019-06-12,207.5,207.8,204,204.8,3888,,,
2019-06-13,203,208.4,201,207.5,8263,,,
2019-06-14,208.3,212.9,206.4,212.3,8100,,,
2019-06-17,216.4,218.3,206.3,209.5,12888,,,
2019-06-18,210.1,210.1,201.5,202.5,6063,,,
2019-06-19,206.3,209.9,205,209.4,6775,,,
2019-06-20,209,209,203.3,203.5,5425,,,
2019-06-21,203.6,206.9,201.3,205.3,8188,,,
2019-06-24,205.5,208.6,204.5,206.4,3175,,,
2019-06-25,203.9,209,202.9,203.8,4625,,,
2019-06-26,203.8,205.1,201.8,202.6,5363,,,
2019-06-27,203.4,211.3,203.4,211.3,6838,,,
2019-06-28,209.6,216.9,209.6,211.4,9813,,,
2019-07-01,216.3,218.4,212.6,215,8550,,,
2019-07-02,214.3,215.6,212.5,214,4363,,,
2019-07-03,212.1,213,208.8,211.1,4388,,,
2019-07-04,211.8,213.8,209,209.8,3413,,,
2019-07-05,208,209.4,206.6,208,4163,,,
2019-07-08,209.5,211.5,206.4,206.4,4688,,,
2019-07-09,206.5,207,203.4,205.9,5913,,,
2019-07-10,203.9,204.9,202.8,203.5,6488,,,
2019-07-11,203.8,206.9,201,204.4,9525,,,
2019-07-12,202.5,204.3,197.9,198.3,9075,,,
2019-07-16,198.1,199.1,195.5,199.1,5375,,,
2019-07-17,198.3,198.3,194.4,195.3,6213,,,
2019-07-18,194.3,194.3,185.9,186.5,8600,,,
2019-07-19,188.4,190.3,183.8,189,6788,,,
2019-07-22,188.1,190.4,186.3,188.6,4450,,,
2019-07-23,189.9,189.9,187.3,187.8,5738,,,
2019-07-24,187.5,188,183.8,186.6,8113,,,
2019-07-25,186.5,188.6,185.9,187.3,3275,,,
2019-07-26,185.9,187.5,184.8,187,3488,,,
2019-07-29,187,189.3,185.6,188.3,5463,,,
2019-07-30,189.1,190.4,186.4,187.9,7450,,,
2019-07-31,184.9,186.3,182.6,182.6,11138,,,
2019-08-01,182.6,183.9,181.5,181.5,4425,,,
2019-08-02,179,179,172.1,174.1,15838,,,
2019-08-05,171.5,172.5,166,167.4,7350,,,
2019-08-06,160.3,165.4,159.3,164.4,9275,,,
2019-08-07,164.1,167.5,162.1,162.4,9563,,,
2019-08-08,161.4,167.4,160.6,167.3,11675,,,
2019-08-09,168.6,174.4,166,166.9,8050,,,
2019-08-13,164,164.8,160.1,163.8,8900,,,
2019-08-14,167.4,167.4,163.6,166,5100,,,
2019-08-15,161.6,164.5,161.6,163.9,4125,,,
2019-08-16,162.4,163.4,161.9,161.9,3825,,,
2019-08-19,164.1,165.8,163.8,164,3363,,,
2019-08-20,162.5,162.9,156.9,159.6,13263,,,
2019-08-21,157.5,160.3,155.3,158.9,9975,,,
2019-08-22,158.9,158.9,153.9,154.1,15413,,,
2019-08-23,153.9,155.8,151.5,154,12375,,,
2019-08-26,148.8,151.5,147.5,150,14025,,,
2019-08-27,152.5,153.8,150.1,150.3,6425,,,
2019-08-28,150.6,153,149.1,152.9,8888,,,
2019-08-29,152.9,154.5,151.4,153.6,3863,,,
2019-08-30,158.6,160.8,156.3,160.8,10163,,,
2019-09-02,159.3,162.3,158.3,161.3,7500,,,
2019-09-03,160.5,161.6,158.4,158.9,5138,,,
2019-09-04,157.9,157.9,155.4,156.4,3363,,,
2019-09-05,157.8,163.9,157.8,161.9,9550,,,
2019-09-06,161.5,162.1,159.6,160.4,5688,,,
2019-09-09,160.6,164.3,160.4,164.1,7288,,,
2019-09-10,165.8,171.9,165.8,171.3,13463,,,
2019-09-11,173.6,177.3,172.5,177.1,15413,,,
2019-09-12,178.8,181,176.4,179.5,10400,,,
2019-09-13,180.5,181.6,177.9,181.4,12675,,,
2019-09-17,173.9,177,172.9,173.8,15650,,,
2019-09-18,174.8,178,172.1,175.1,13700,,,
2019-09-19,176,181.9,176,178.9,10525,,,
2019-09-20,181.5,181.9,178.9,181.5,6638,,,
2019-09-24,181.9,182.8,179.5,180.6,6600,,,
2019-09-25,179.4,179.8,176.9,178.6,4900,,,
2019-09-26,182.1,184,179.8,181.3,12100,,,
2019-09-27,177,177.1,170.3,172.8,10600,,,
2019-09-30,172.5,175.9,170.9,175,8963,,,
2019-10-01,173,177.3,173,177.3,5938,,,
2019-10-02,175.6,180.8,175.6,178.3,7475,,,
2019-10-03,174.6,174.6,168.3,171.1,8913,,,
2019-10-04,169.6,169.6,164.9,167.9,11225,,,
2019-10-07,166.9,169.1,164.6,165.6,7013,,,
2019-10-08,167.5,171,166.9,170.4,8950,,,
2019-10-09,167.6,169.1,165.8,169.1,6838,,,
2019-10-10,167.9,168.9,164,167.3,12150,,,
2019-10-11,168.5,171.9,167.9,171.3,6225,,,
2019-10-15,174.4,177.8,173.5,173.5,10338,,,
2019-10-16,177.3,181.9,177.3,179.3,12638,,,
2019-10-17,178.1,178.6,174.4,177,8875,,,
2019-10-18,178.9,181,176.3,177,7363,,,
2019-10-21,178,179.9,177,177.5,7650,,,
2019-10-23,178.5,180.9,177.3,180.9,5413,,,
2019-10-24,181.6,185.5,181.6,184,9488,,,
2019-10-25,185.5,186.8,183.1,185.5,5988,,,
2019-10-28,186.5,188.4,185.4,186.1,5838,,,
2019-10-29,188.8,192,187.1,191.4,7375,,,
2019-10-30,190.5,192.1,187.3,192.1,9488,,,
2019-10-31,192.5,194.6,187.9,192.3,11488,,,
2019-11-01,189.8,192.4,189.6,192.3,4900,,,
2019-11-05,192.5,195,189.1,193.1,10450,,,
2019-11-06,194.4,195.6,192.8,195.4,5400,,,
2019-11-07,195.1,195.1,190.9,191.6,6000,,,
2019-11-08,194.5,194.8,190.6,191.3,8763,,,
2019-11-11,192.4,194.9,191.9,192.6,6788,,,
2019-11-12,192.5,193.1,190,191.3,6625,,,
2019-11-13,193.4,196.3,190.6,191.3,4800,,,
2019-11-14,191.3,191.5,185.4,187.5,5600,,,
2019-11-15,189.4,195.1,187.3,194.1,11400,,,
2019-11-18,192.6,192.8,188.5,191.6,7575,,,
2019-11-19,191.5,191.5,188.1,189.3,4475,,,
2019-11-20,187.5,189.3,185.8,188.9,6950,,,
2019-11-21,188.4,190.9,185.9,187.8,6113,,,
2019-11-22,187.8,190.3,187,187.5,5375,,,
2019-11-25,188.6,189.8,187,187.4,3038,,,
2019-11-26,189.4,189.4,185,186,5100,,,
2019-11-27,187.4,188.1,185.6,187.9,5800,,,
2019-11-28,188.8,189.5,186.9,188.9,6013,,,
2019-11-29,189.6,191.3,187.9,191.3,5275,,,
2019-12-02,191.3,192.3,189.1,191.5,5225,,,
2019-12-03,188,189.9,186,187.8,10325,,,
2019-12-04,185.9,190.3,184,189.9,7475,,,
2019-12-05,191.9,192.9,190.8,191.3,8225,,,
2019-12-06,192.1,195.8,190.9,195.1,12125,,,
2019-12-09,197.3,199,196,196,9288,,,
2019-12-10,196,196.8,192.4,193.3,8813,,,
2019-12-11,193.1,193.1,187.5,188.3,7663,,,
2019-12-12,189.4,189.4,187.1,187.5,5900,,,
2019-12-13,190.1,198.3,189.9,197.5,24963,,,
2019-12-16,199.3,202.9,196.5,197,14300,,,
2019-12-17,199.9,202.4,198.3,201.9,6963,,,
2019-12-18,202.5,202.5,195,195.8,4838,,,
2019-12-19,194.1,195,191.5,192.6,4038,,,
2019-12-20,194.8,194.8,190.9,192.3,6950,,,
2019-12-23,192.5,192.8,190.1,190.6,3763,,,
2019-12-24,192.8,192.8,188.9,189.1,3313,,,
2019-12-25,188.5,189,185,185.8,4913,,,
2019-12-26,185.8,190.1,185.8,190,7863,,,
2019-12-27,189.9,195.4,188.8,195,5588,,,
2019-12-30,194.3,194.3,190.6,191.1,5638,,,
2020-01-06,186.3,187.4,184.5,186.8,7813,,,
2020-01-07,189.6,189.9,187,188.8,5513,,,
2020-01-08,184.5,186,181.5,184.3,9713,,,
2020-01-09,187.9,188.5,185,185.1,6563,,,
2020-01-10,186.8,186.8,182.9,183.5,3750,,,
2020-01-14,183.3,183.4,177.6,178,12488,,,
2020-01-15,176.9,176.9,173.9,175.8,7550,,,
2020-01-16,176.1,177.5,173.9,176.6,6175,,,
2020-01-17,174.9,179.3,174.1,178.4,6175,,,
2020-01-20,179.1,179.1,176.3,176.3,4913,,,
2020-01-21,175.5,175.8,172.9,174.1,5625,,,
2020-01-22,171.5,173.5,169.4,171.1,10463,,,
2020-01-23,169.6,170.8,167.9,169.4,7738,,,
2020-01-24,168.9,168.9,166.3,166.4,6238,,,
2020-01-27,161,162.9,160.4,162.4,8775,,,
2020-01-28,160.3,161.3,157.6,160.9,12575,,,
2020-01-29,160.9,163.8,160.9,163.8,4963,,,
2020-01-30,161.6,161.9,158.8,160.8,10850,,,
2020-01-31,161.6,161.8,159.3,159.4,12250,,,
2020-02-03,156.3,158.9,155.9,158.5,4238,,,
2020-02-04,158.5,161.5,157.6,161,4800,,,
2020-02-05,162.1,163,161,161.8,5625,,,
2020-02-06,165,168.5,165,167.3,9863,,,
2020-02-07,165.9,165.9,160.4,161.1,7750,,,
2020-02-10,159.6,159.9,157.5,158.5,8463,,,
2020-02-12,157.5,157.5,155.8,156.4,10488,,,
2020-02-13,155.5,156.1,154.5,155.3,8563,,,
2020-02-14,154.6,160.1,154.4,158.5,9625,,,
2020-02-17,156.4,156.4,154.1,154.8,7913,,,
2020-02-18,154.3,155.6,152.8,153.1,6813,,,
2020-02-19,153.8,154.3,151.8,151.9,7775,,,
2020-02-20,152.6,153.5,150.6,150.6,7600,,,
2020-02-21,150.8,154,150.8,152.4,4975,,,
2020-02-25,149,149.9,147.1,147.3,19100,,,
2020-02-26,145.3,146.5,143.1,145.6,9500,,,
2020-02-27,144.4,144.5,142.1,142.4,14275,,,
2020-02-28,138.9,139,134.6,136.4,24888,,,
2020-03-02,135,142.9,133.6,141.6,27888,,,
2020-03-03,144.9,147,140,142,19350,,,
2020-03-04,141.9,144.3,139,140.4,8850,,,
2020-03-05,143.5,144.3,140,142.6,7550,,,
2020-03-06,138.9,139,134.5,134.6,9125,,,
2020-03-09,129.8,130.1,122.8,123.9,11788,,,
2020-03-10,120.1,127.6,116.4,127.4,12650,,,
2020-03-11,125.9,130,123.1,123.3,8988,,,
2020-03-12,120,122.8,116.4,117.3,14125,,,
2020-03-13,108.8,109.9,103.8,106.5,27125,,,
2020-03-16,108.8,116.8,106.9,113.9,17638,,,
2020-03-17,111.3,126.6,109,125.8,19113,,,
2020-03-18,129.5,139,129.4,132.5,19625,,,
2020-03-19,136.3,144.6,132.9,138.9,13825,,,
2020-03-23,139.1,142.4,132.6,141.9,14313,,,
2020-03-24,143.6,145.3,135,139.1,11200,,,
2020-03-25,142.5,147.8,139.8,147.5,14600,,,
2020-03-26,146.6,150,141.4,147.9,12050,,,
2020-03-27,151.6,156.4,151.3,156.4,21213,,,
2020-03-30,151.1,151.9,141.5,151.6,14000,,,
2020-03-31,153.5,153.5,141.1,142.6,11900,,,
2020-04-01,140.6,144.1,134.4,136.5,9388,,,
2020-04-02,135,138.5,129.3,131.4,7950,,,
2020-04-03,129.6,135.3,129.3,130.9,6613,,,
2020-04-06,130.1,139.5,128.3,138.1,8513,,,
2020-04-07,141.3,144.4,135.6,141,8088,,,
2020-04-08,142.1,151.9,141.3,149.5,15763,,,
2020-04-09,148.3,149.6,142.3,144,7700,,,
2020-04-10,145,147.3,141.8,146.6,7488,,,
2020-04-13,141.9,142.4,136.6,137.3,10063,,,
2020-04-14,136.3,141.3,136.3,141.3,6650,,,
2020-04-15,141.3,141.6,132,132.9,12763,,,
2020-04-16,131.9,136.8,131.6,136.1,7438,,,
2020-04-17,138.8,139.8,132,134.8,7575,,,
2020-04-20,135,138.4,134.9,137.6,6475,,,
2020-04-21,136.3,137.9,134.6,137.9,6088,,,
2020-04-22,137.5,139.4,134.8,135.5,4438,,,
2020-04-23,136.3,137.6,134.9,137.1,5738,,,
2020-04-24,137.3,137.8,135.3,135.6,4838,,,
2020-04-27,135.6,136.3,129.6,132.9,17775,,,
2020-04-28,133.1,133.1,130.4,131.1,9613,,,
2020-04-30,134.9,135,131.4,131.6,18388,,,
2020-05-01,130.1,130.4,126.5,129.5,12213,,,
2020-05-07,128.8,129.5,125.6,127.1,9938,,,
2020-05-08,127.5,131,125.8,131,16600,,,
2020-05-11,133.1,136.3,130.1,130.5,11538,,,
2020-05-12,130,130,127.4,127.5,8488,,,
2020-05-13,126.3,127.4,122.8,127.1,12925,,,
2020-05-14,130,130,122.6,122.6,19325,,,
2020-05-15,124.5,129.8,124,129.6,18413,,,
2020-05-18,129.4,131.1,126.6,127.5,9100,,,
2020-05-19,130,130.5,125.8,127.3,13938,,,
2020-05-20,126.3,126.6,125,125.6,9438,,,
2020-05-21,126.3,127.3,125.5,127.3,7825,,,
2020-05-22,127.3,127.5,124,125,9925,,,
2020-05-25,125.3,127.3,125.1,127,8288,,,
2020-05-26,127.4,128.3,126.5,127.8,12300,,,
2020-05-27,129.4,134.1,128.8,133.4,26525,,,
2020-05-28,134.8,136.5,132.6,133.6,37363,,,
2020-05-29,134.4,135.8,131.9,135.3,20013,,,
2020-06-01,134,134,131,132.1,9850,,,
2020-06-02,134.1,135.8,133.5,134.1,11113,,,
2020-06-03,135.3,135.5,132.9,134.4,12300,,,
2020-06-04,136,139.8,136,139.8,17188,,,
2020-06-05,139.4,143.4,138.6,141.6,10263,,,
2020-06-08,143.8,146.1,143.3,145.5,12825,,,
2020-06-09,146.9,147,142.6,144.1,8338,,,
2020-06-10,143.8,144.9,143.1,144.6,6925,,,
2020-06-11,143.6,144.9,141.5,141.8,8838,,,
2020-06-12,139.1,141,136.4,140.4,14375,,,
2020-06-15,141.6,144.6,140.8,140.9,19238,,,
2020-06-16,144.6,151.5,144.6,149.5,14213,,,
2020-06-17,148.8,149.4,145.4,147.3,5113,,,
2020-06-18,146.1,146.6,143,146.3,5775,,,
2020-06-19,145.6,147.8,144.3,145.6,10538,,,
2020-06-22,145.3,147.1,145.3,145.6,4550,,,
2020-06-23,146,146.1,142.4,142.5,5763,,,
2020-06-24,143.4,143.4,140.9,142.5,5725,,,
2020-06-25,141.3,142.3,138.6,141.5,10438,,,
2020-06-26,142.9,145.1,140.8,141.1,9463,,,
2020-06-29,141.5,142.5,139.4,142,11625,,,
2020-06-30,143.8,143.8,137.8,137.8,14100,,,
2020-07-01,140,142.3,139.4,141.8,8888,,,
2020-07-02,142.6,144,140.1,140.4,7663,,,
2020-07-03,141.3,144.1,139.5,142.1,6625,,,
2020-07-06,142.8,148,141.9,147.8,7975,,,
2020-07-07,147.8,147.8,143.8,144.3,4800,,,
2020-07-08,142.4,144.3,139.6,139.6,6838,,,
2020-07-09,140,143,139.5,141.3,5300,,,
2020-07-10,141.3,141.3,136,136,9525,,,
2020-07-13,139.4,143.6,137,143.6,6388,,,
2020-07-14,142.5,145.8,141.4,142.1,7788,,,
2020-07-15,145.8,151,145.8,147.8,13988,,,
2020-07-16,147.5,147.5,144.3,144.4,6938,,,
2020-07-17,145.1,145.9,144,144.8,3225,,,
2020-07-20,145.5,148.1,144.9,148,5825,,,
2020-07-21,147,147.1,143.1,144.6,10025,,,
2020-07-22,146.4,146.6,144.3,144.3,4225,,,
2020-07-27,141.6,145.8,139.9,145.8,4513,,,
2020-07-28,145.8,149.4,143.8,144.6,12863,,,
2020-07-29,144.4,147.8,142.9,143.8,4800,,,
2020-07-30,144.4,144.4,140.1,140.9,7200,,,
2020-07-31,142.3,142.3,134.9,134.9,8725,,,
2020-08-03,136.3,139.9,135.6,139.8,4438,,,
2020-08-04,141.3,144.4,140.5,143.9,5600,,,
2020-08-05,142.1,143,139.9,140.8,5975,,,
2020-08-06,139.8,140.1,137.9,138.9,4400,,,
2020-08-07,138.1,138.1,133.9,137.3,6563,,,
2020-08-11,140,145.6,140,145,14225,,,
2020-08-12,146.1,148,144.1,145.4,10213,,,
2020-08-13,145.6,146.6,143.9,146.6,6600,,,
2020-08-14,147.3,147.4,143.6,143.8,4238,,,
2020-08-17,143.6,144.3,142.1,143.1,2550,,,
2020-08-18,143.6,143.6,139.8,141.8,5100,,,
2020-08-19,140.3,141.5,140.1,140.8,3138,,,
2020-08-20,140.4,142.3,138.3,138.6,3275,,,
2020-08-21,138.8,140.8,138.3,138.8,2338,,,
2020-08-24,141.5,141.6,138.9,139.3,2463,,,
2020-08-25,140.5,143.1,140.3,142.4,4013,,,
2020-08-26,143,143,141.3,141.6,2163,,,
2020-08-27,141.6,141.9,139.1,139.5,3688,,,
2020-08-28,138.9,142.4,138.4,140.5,10638,,,
2020-08-31,141.6,142.8,139.9,140.4,8325,,,
2020-09-01,140.6,141.3,138.9,140.4,5700,,,
2020-09-02,141,141,139.5,140,3175,,,
2020-09-03,140.4,143.1,139.6,139.8,5988,,,
2020-09-04,138.5,143.6,138.5,143.3,5600,,,
2020-09-07,144,146.9,144,144.8,7300,,,
2020-09-08,144.4,148.1,144.1,148,9575,,,
2020-09-09,144.3,147.6,143.5,146.6,9075,,,
2020-09-10,148.1,150.9,147.1,150,8938,,,
2020-09-11,149.3,153.3,149.3,151.8,9113,,,
2020-09-14,153.6,156,153.6,154.1,6700,,,
2020-09-15,154.4,156,150.6,155.9,9025,,,
2020-09-16,155.9,156.3,152.5,152.8,5350,,,
2020-09-17,154.5,155.4,153.5,154.9,5550,,,
2020-09-18,151.4,155.4,151.4,153.8,7800,,,
2020-09-23,151.6,152.6,148.4,148.5,12238,,,
2020-09-24,149.4,149.4,146.5,147.1,9425,,,
2020-09-25,150,153.3,148.6,148.9,22050,,,
2020-09-28,151.6,155.3,149.9,155.1,10363,,,
2020-09-29,151.5,151.5,147,147.8,10538,,,
2020-09-30,148.3,148.3,141.3,141.4,11850,,,
2020-10-01,#VALUE!,#VALUE!,#VALUE!,#VALUE!,0,,,
2020-10-02,145,145,141.9,142.4,8763,,,
2020-10-05,143.6,147.4,143.6,144.4,5800,,,
2020-10-06,144.8,146.5,142.3,145.6,6050,,,
2020-10-07,144,145.5,142.5,144.3,6025,,,
2020-10-08,144,144.9,142.3,143.9,7250,,,
2020-10-09,143.6,143.6,141,142.3,5863,,,
2020-10-12,142.5,142.9,140.5,141.9,6425,,,
2020-10-13,142.4,143.6,142,143.5,5613,,,
2020-10-14,143.1,143.9,141.8,142.4,4038,,,
2020-10-15,141.5,143.1,141.1,142.1,5813,,,
2020-10-16,142.1,143.5,141.4,142.5,2950,,,
2020-10-19,143.1,145,142.8,144.6,4713,,,
2020-10-20,144.4,144.4,141.4,142,5013,,,
2020-10-21,142.9,144.6,142.8,143.5,6650,,,
2020-10-22,143,143,141,141.8,5075,,,
2020-10-23,142,142.8,140.8,142.3,4325,,,
2020-10-26,142.3,143.6,140.6,142.4,7350,,,
2020-10-27,142.3,143.9,140.4,143.4,5288,,,
2020-10-28,142.3,142.5,139.5,141.4,4388,,,
2020-10-29,140.1,142.6,140.1,142.3,6363,,,
2020-10-30,141.8,144.3,140.6,142,9388,,,
2020-11-02,143.1,146.3,142.9,144.8,8150,,,
2020-11-04,147.4,147.4,142.6,144.3,8075,,,
2020-11-05,143.8,145.9,141.3,144.5,16825,,,
2020-11-06,145.3,149.9,144.4,147.1,11925,,,
2020-11-09,147,147.8,143.9,144.6,5750,,,
2020-11-10,146.3,149.1,143.3,145,13075,,,
2020-11-11,145.3,149.6,144.4,149,20050,,,
2020-11-12,148.3,148.3,144.5,145.5,9450,,,
2020-11-13,144,147.8,143.9,146.6,8738,,,
2020-11-16,149.3,153,148.4,150.1,13838,,,
2020-11-17,150.5,150.5,146.6,148,13575,,,
2020-11-18,147.5,147.5,144.3,144.4,6563,,,
2020-11-19,143.9,147.5,142.6,146.6,8550,,,
2020-11-20,144.9,146.8,144.9,145.6,5963,,,
2020-11-24,148.3,149.1,145.9,145.9,7025,,,
2020-11-25,147.5,148.3,145.1,145.1,7538,,,
2020-11-26,145.3,150.4,144.3,149,7113,,,
2020-11-27,150.3,152,147.6,149.5,9700,,,
2020-11-30,150.4,150.4,141.1,142.5,13763,,,
2020-12-01,143.8,146.6,142.6,146.1,7838,,,
2020-12-02,147.9,150.3,147.1,147.8,14800,,,
2020-12-03,147.4,148.3,145.8,145.9,4438,,,
2020-12-04,145,145.8,143.5,144,5238,,,
2020-12-07,146.5,149.3,143.8,143.9,8425,,,
2020-12-08,143.8,146.1,143,143.6,4175,,,
2020-12-09,143.9,145.1,142.8,143.3,4975,,,
2020-12-10,142.5,143.3,141.1,141.3,9138,,,
2020-12-11,142,142.9,140.6,142.9,7625,,,
2020-12-14,143.6,145.6,143.5,145.4,7813,,,
2020-12-15,145.9,146.1,143.1,145.4,13000,,,
2020-12-16,146.1,146.9,144.6,144.6,5288,,,
2020-12-17,144.6,145.1,142.6,142.9,4250,,,
2020-12-18,142.9,144.6,142.5,144,6875,,,
2020-12-21,142.8,144.5,142,142.9,5613,,,
2020-12-22,141.9,143,140.4,141.3,7175,,,
2020-12-23,140.6,140.6,137.5,139.4,10913,,,
2020-12-24,139.8,141.4,138.5,139.3,6325,,,
2020-12-25,139.4,139.9,137.9,138.4,5650,,,
2020-12-28,138.4,138.9,136.5,137.9,9400,,,
2020-12-29,138.4,141.5,137.4,141.5,5300,,,
2020-12-30,140,140.9,138.3,138.3,6875,,,
2021-01-04,138.3,139.5,135.1,135.6,6738,,,
2021-01-05,135.6,136,134.5,134.9,6400,,,
2021-01-06,135,140.5,135,139.1,8413,,,
2021-01-07,141.8,143.5,141,141.6,9325,,,
2021-01-08,141.9,143.1,140.6,142.4,5538,,,
2021-01-12,142.3,142.5,140.1,142,8163,,,
2021-01-13,141.8,142.6,141.1,141.6,4963,,,
2021-01-14,141.3,144.1,141.1,144,7813,,,
2021-01-15,144.9,145,140.9,140.9,8538,,,
2021-01-18,141.6,144.3,140.5,144,7363,,,
2021-01-19,145.5,145.6,143.4,143.4,8413,,,
2021-01-20,142.5,142.5,139.6,140.8,10550,,,
2021-01-21,140.3,141.5,139.9,140.4,8188,,,
2021-01-22,139.6,140.4,138.9,139.4,6613,,,
2021-01-25,140.3,140.3,138.9,139.4,4563,,,
2021-01-26,139.4,140,138.8,138.8,5625,,,
2021-01-27,138.8,139.5,138.5,139,6025,,,
2021-01-28,138.1,140.8,137.5,140.1,18100,,,
2021-01-29,140.9,140.9,137.3,137.3,11113,,,
2021-02-01,137.3,138.5,137.1,137.1,5700,,,
2021-02-02,136.9,139.1,136.6,137.5,8713,76693000,0,0
2021-02-03,137.5,139.5,137.5,139.1,8738,77519000,0,0
2021-02-04,139.1,143.4,139.1,142.6,14000,126915400,0,0
2021-02-05,142.6,143.4,141.8,142.8,8863,80932200,0,0
2021-02-08,144.6,147.3,144.6,146,8388,78427200,0,0
2021-02-09,147.6,149.8,147.4,147.9,11850,112493200,0,0
2021-02-10,149.3,150.8,148.5,149.1,10613,101500700,0,0
2021-02-12,149.3,149.8,147.4,147.8,9163,87027800,0,0
2021-02-15,149.8,150.3,148.4,149.4,7975,76272200,0,0
2021-02-16,150.8,156,150.1,152.4,14538,142635400,0,0
2021-02-17,153.8,157.8,153.8,156.4,14250,142587700,0,0
2021-02-18,156.4,156.5,153.8,155.9,10000,99158900,0,0
2021-02-19,153.9,155,148.9,150,14588,140531100,0,0
2021-02-22,152.5,156.1,151.8,153.9,9013,89045400,0,0
2021-02-24,155.5,156.9,154.1,154.4,11975,118995200,0,0
2021-02-25,156.9,159.9,155.8,158.6,15875,160804700,0,0
2021-02-26,157.4,157.5,152.1,152.1,18650,184115500,0,0
2021-03-01,151.9,154.6,150.3,154.1,14550,142271400,0,0
2021-03-02,155.9,155.9,151.6,155.1,10213,100678900,0,0
2021-03-03,154.1,154.3,152.5,153.6,11713,115024700,0,0
2021-03-04,152.8,155,151.8,155,10700,105193700,0,0
2021-03-05,155,157.5,152.4,157.3,12950,128774400,0,0
2021-03-08,159.4,162.8,158.8,160.5,11725,120506800,0,0
2021-03-09,163.4,169.3,162.6,168.5,21188,226587600,0,0
2021-03-10,170,171.8,167.1,169.3,11900,128963400,0,0
2021-03-11,172.5,176.4,170.4,175.5,12175,136200300,0,0
2021-03-12,175.8,177.3,173.5,176.9,14013,157631700,0,0
2021-03-15,176.9,184,176.5,184,23663,273538700,0,0
2021-03-16,184,188.1,183.6,184.6,16400,194101000,0,0
2021-03-17,184.8,187,181.3,183.5,12888,151120600,0,0
2021-03-18,184.9,186.9,182.4,185.6,14013,165922700,0,0
2021-03-19,187.6,197.4,187.6,193.9,29500,365655100,0,0
2021-03-22,195.3,196.6,191.8,195.1,14238,177468000,0,0
2021-03-23,197.1,197.1,188.8,188.8,13088,160153300,0,0
2021-03-24,183.8,184.1,179.5,179.8,20388,237141700,0,0
2021-03-25,183.5,186.9,182.5,185.5,10350,122935600,0,0
2021-03-26,189.3,192.9,187.8,188.6,13725,166822800,0,0
2021-03-29,193.6,193.6,182.3,184.8,21663,258424500,0,0
2021-03-30,180,181.3,175,180.1,16563,188962400,0,0
2021-03-31,179,179.1,175,175,10788,121901500,0,0
2021-04-01,174.1,175.8,169.4,170.9,10375,114139900,0,0
2021-04-02,171.5,174,167.4,169.3,7175,78059400,0,0
2021-04-05,169.3,175.4,168.5,172.9,9138,101073100,0,0
2021-04-06,172,172.4,166.3,167.1,10250,110505900,0,0
2021-04-07,167,168.5,166.1,167.6,5200,55709100,0,0
2021-04-08,166,166.4,160.9,161.3,13388,139833200,0,0
2021-04-09,162.9,163.8,161,161,6263,64980300,0,0
2021-04-12,161.5,163,160.4,160.9,6575,67850600,0,0
2021-04-13,161,162.1,159.3,159.5,6375,65529500,0,0
2021-04-14,158.3,159.3,156.8,158.4,6288,63625300,0,0
2021-04-15,158.4,161.5,158.4,159.6,6913,70714300,0,0
2021-04-16,159.6,159.6,157.3,158,5975,60567400,0,0
2021-04-19,158,160.5,157,157.5,6938,70438600,0,0
2021-04-20,157.3,157.6,154.8,155,7463,74520900,0,0
2021-04-21,152.3,153.6,150.9,153,6413,62612000,0,0
2021-04-22,155,156.5,152.9,153.8,6775,66753700,0,0
2021-04-23,152.9,154.3,151.8,152.4,3988,38998900,0,0
2021-04-26,152.4,153.8,151.4,151.4,5800,56406300,0,0
2021-04-27,151.4,153.1,151,151,6650,64603700,0,0
2021-04-28,151.1,152.6,149,149,10075,96949600,0,0
2021-04-30,149.6,150.8,148.6,148.6,13538,129493300,0,0
2021-05-06,149.8,154.1,149.8,151.8,10175,99169900,0,0
2021-05-07,153.8,156.6,153.8,155.9,8625,85880400,0,0
2021-05-10,156.8,157,155.5,156.8,6100,61128000,0,0
2021-05-11,154.9,156.6,154,154.9,10163,100746600,0,0
2021-05-12,152.5,152.5,148.6,149.6,19275,185218900,0,0
2021-05-13,161.5,185.9,161.4,172.1,124625,1380793900,0,0
2021-05-14,172.1,173.4,165.1,171.8,47550,515508400,0,0
2021-05-17,177.3,179.5,172.8,172.9,40063,449612700,0,0
2021-05-18,175.6,178,173,175,24550,276220000,0,0
2021-05-19,173.5,179,172.1,177.8,22900,258539000,0,0
2021-05-20,177.5,182.5,176,176.1,28238,323190000,0,0
2021-05-21,175.4,177,172.9,174.3,21250,237332000,0,0
2021-05-24,172.6,172.6,167.6,169.1,33175,360078200,0,0
2021-05-25,167.8,167.9,164.5,167.8,30163,322122500,0,0
2021-05-26,166.3,167.3,163.9,165.5,22663,239806000,0,0
2021-05-27,164.4,170.1,163.9,164.3,101350,1069745900,0,0
2021-05-28,167.4,169.6,165.8,169.4,20588,221045400,0,0
2021-05-31,169,171.4,166.5,169.1,25438,275099400,0,0
2021-06-01,170,173.5,168.6,173.5,25663,281397900,0,0
2021-06-02,174.3,176.9,171.3,174.6,22488,251454200,0,0
2021-06-03,174.9,178.8,173.8,177.5,20413,230532900,0,0
2021-06-04,178.6,179.8,177.1,178.3,13850,157827400,0,0
2021-06-07,179.1,179.8,175.8,176.8,13575,153858400,0,0
2021-06-08,175.6,178,175.3,177.6,9088,102819200,0,0
2021-06-09,177.6,178.6,176.3,177.5,14825,168253800,0,0
2021-06-10,177.4,180.5,175,180.3,21675,247319000,0,0
2021-06-11,179,180.9,177.9,180.3,25163,289187500,0,0
2021-06-14,180.1,180.3,177.8,179.3,13413,153583500,0,0
2021-06-15,179.3,182,178.1,180.5,20938,241334100,0,0
2021-06-16,179.8,184.6,179.5,184.6,14275,167276800,0,0
2021-06-17,187.3,190,186.9,188.8,23550,283911500,0,0
2021-06-18,188.1,188.8,184.8,187.8,25225,301997200,0,0
2021-06-21,183.9,184,180.3,181.6,29388,342208300,0,0
2021-06-22,186.3,187,183.1,183.3,17925,212034400,0,0
2021-06-23,182.5,183.8,181.3,183.4,12963,151495000,0,0
2021-06-24,184.8,186.3,183.3,185.1,10388,122907700,0,0
2021-06-25,185.6,186.8,185.1,185.6,11200,133184200,0,0
2021-06-28,188,191.3,187.6,190.9,16850,204446000,0,0
2021-06-29,188.5,188.8,186.1,187.8,13188,158247400,0,0
2021-06-30,189.5,190.5,187,187,10000,120417200,0,0
2021-07-01,188,188.1,185,186.5,11475,136896100,0,0
2021-07-02,187.5,190.6,187.5,190.4,10463,126869200,0,0
2021-07-05,190.6,191.8,188.4,191,11163,135747600,0,0
2021-07-06,193.5,196,192,194.9,16738,208070700,0,0
2021-07-07,190.9,194.1,190.4,190.8,13038,160058300,0,0
2021-07-08,190,191.3,186.9,187,14863,178667800,0,0
2021-07-09,185.1,188.9,183.9,188.8,17713,211408700,0,0
2021-07-12,193.4,193.8,190.3,190.5,10388,127229400,0,0
2021-07-13,192.4,194.4,191.8,194,11925,147493300,0,0
2021-07-14,194.1,200,193.1,196.4,12638,159419600,0,0
2021-07-15,197.6,197.9,195,196.8,8613,108246100,0,0
2021-07-16,196.9,198.6,196.3,196.3,7913,99737700,0,0
2021-07-19,193.1,194.8,191.5,193.8,14925,184438300,0,0
2021-07-20,191.4,192.1,189.4,190.4,9300,113397300,0,0
2021-07-21,193.8,194,190.8,191.1,7038,86495400,0,0
2021-07-26,194,194.8,192.8,193.9,4713,58447000,0,0
2021-07-27,195,198.3,195,198.3,7038,88949400,0,0
2021-07-28,196.6,198.1,195.1,196.9,6613,83207700,0,0
2021-07-29,197.6,197.6,193.8,194.8,5975,74482000,0,0
2021-07-30,196.1,196.1,190.6,191.1,13138,161453800,0,0
2021-08-02,193.3,196.5,192.3,196.1,8875,111025900,0,0
2021-08-03,195.5,197.3,194,196.4,5463,68510900,0,0
2021-08-04,196.9,198.8,194.9,195.1,7300,91587100,0,0
2021-08-05,193.6,196.5,193.1,196.5,6025,75450200,0,0
2021-08-06,196.1,198.5,195.8,198.5,6700,84594800,0,0
2021-08-10,199.6,203.5,199.6,200.9,13350,172392500,0,0
2021-08-11,203.5,208.6,202.5,207.5,26838,354921200,0,0
2021-08-12,206.9,211.6,203.8,211.1,26638,354549700,0,0
2021-08-13,209.5,211.3,206,206.4,12425,164642600,0,0
2021-08-16,206.4,206.8,203.4,204.4,11513,150865900,0,0
2021-08-17,205.9,207.1,203.9,204.1,10625,139727100,0,0
2021-08-18,203.6,204.4,200.5,202.3,10725,139099600,0,0
2021-08-19,200.6,201.5,197,198.4,20000,254511800,0,0
2021-08-20,198.4,202.6,194.8,195.3,16425,207128200,0,0
2021-08-23,194,196.9,191.8,194.4,15113,188347100,0,0
2021-08-24,195,199.6,194.3,197.8,12575,159034400,0,0
2021-08-25,194.6,199,194.6,197.1,8388,105637200,0,0
2021-08-26,197.1,199.3,195.9,199.3,9888,125177200,0,0
2021-08-27,197.3,199.4,196.9,199.4,7525,95446100,0,0
2021-08-30,196.9,204,196.9,203.9,14500,186684700,0,0
2021-08-31,204.4,206.1,202.6,204.3,10975,143896600,0,0
2021-09-01,201.9,204.6,201.8,202.5,12350,160348700,0,0
2021-09-02,201.9,202,198.8,200,11238,143968400,0,0
2021-09-03,201.6,204.1,200.3,202.9,11863,154123300,0,0
2021-09-06,204.3,205.1,201.5,201.6,12850,166861400,0,0
2021-09-07,204.1,204.1,200.5,202.5,15113,195600800,0,0
2021-09-08,201.5,204.6,201,203.9,12025,156652100,0,0
2021-09-09,202.6,202.8,200.3,200.8,11288,145230400,0,0
2021-09-10,202.1,206.8,201.1,206.3,18588,243341900,0,0
2021-09-13,205.1,210.9,204.5,210.4,14188,189350200,0,0
2021-09-14,209.9,213.1,209,212.5,15250,206793500,0,0
2021-09-15,209.4,210,206,207.9,13500,179419100,0,0
2021-09-16,209.4,209.4,204.8,207.4,11038,146257500,0,0
2021-09-17,205.1,206.4,202.8,204.8,14750,192926200,0,0
2021-09-21,199.8,199.9,196.4,196.9,16663,210939500,0,0
2021-09-22,196.3,196.3,192.6,192.8,15025,186269400,0,0
2021-09-24,199.1,200.3,196.9,197.9,21350,270516300,0,0
2021-09-27,200,201.6,197.6,198,16275,207364300,0,0
2021-09-28,199.3,199.8,195.6,199,14188,179878600,0,0
2021-09-29,193,194.9,191.3,194.9,19738,243875100,0,0
2021-09-30,195.3,197.4,192.5,192.5,11850,147453900,0,0
2021-10-01,191.9,193.6,189.3,190,23800,290675700,0,0
2021-10-04,191.4,192.8,189.8,191,17313,211779400,0,0
2021-10-05,190.6,192.1,184.6,186.1,33775,404646700,0,0
2021-10-06,188,193,188,192,21263,259842800,0,0
2021-10-07,192.1,195.3,190.8,194.9,11950,148252100,0,0
2021-10-08,197.5,198.1,195.1,196.3,15975,201378000,0,0
2021-10-11,198.1,199.1,197.4,197.9,11838,150142200,0,0
2021-10-12,196.9,197.5,195.6,195.8,10813,135794500,0,0
2021-10-13,194.1,194.3,189.4,189.4,13725,167504900,0,0
2021-10-14,189.3,189.3,186,186.9,16175,193734800,0,0
2021-10-15,187.3,188.1,185.9,187.8,7588,90963700,0,0
2021-10-18,188.4,189.3,187,187.8,6588,79250200,0,0
2021-10-19,188.6,188.6,186,187,5688,68085500,0,0
2021-10-20,187.9,190.9,187.1,187.3,8300,100152700,0,0
2021-10-21,187.1,191.8,187.1,189.4,8875,107719700,0,0
2021-10-22,187.1,188.1,185.9,187,7025,84078100,0,0
2021-10-25,186.1,186.8,183.3,183.3,8913,105039400,0,0
2021-10-26,183.1,185.8,182.6,184.3,5988,70532800,0,0
2021-10-27,183.8,183.8,181.6,182.3,5225,60988100,0,0
2021-10-28,180.8,184.4,180,182.4,14825,172900300,0,0
2021-10-29,183.8,184.1,181.6,184.1,6738,79116700,0,0
2021-11-01,186.1,189.1,185.3,187.4,10800,129523400,0,0
2021-11-02,187.4,188.8,185,185.4,9738,116022600,0,0
2021-11-04,186.6,189.6,185.9,186.6,20650,247982100,0,0
2021-11-05,185.8,186.6,183.1,184.1,9763,115158400,0,0
2021-11-08,184.8,185,183.3,184.1,6700,79008000,0,0
2021-11-09,183.4,184.8,183.4,183.8,4313,50801800,0,0
2021-11-10,184.3,186.4,184.1,184.3,7025,83129500,0,0
2021-11-11,183.4,183.4,177.9,179,27975,322713400,0,0
2021-11-12,179.5,184.9,179.5,183.3,9225,108023000,0,0
2021-11-15,183.9,184.5,180.8,180.8,9300,108619800,0,0
2021-11-16,181.1,182.5,180.1,180.8,7900,91612500,0,0
2021-11-17,180.5,180.5,177,177,6513,74184700,0,0
2021-11-18,176.9,177.1,174,176.1,17950,201649800,0,0
2021-11-19,176,177,174,176.4,8263,92850100,0,0
2021-11-22,175.8,179.6,175,178.5,8788,100256100,0,0
2021-11-24,181.3,183.3,178.6,179.3,11850,136707000,0,0
2021-11-25,180.1,181.6,178.9,180,5213,60238000,0,0
2021-11-26,180.1,180.6,177.3,178.8,8738,99878100,0,0
2021-11-29,176.5,179,175.1,175.9,12575,141870700,0,0
2021-11-30,177.3,179.8,173.6,174.1,16575,187147100,0,0
2021-12-01,172.6,177.5,172.5,175.8,14275,160467500,0,0
2021-12-02,173.8,175.3,172.6,173.6,18275,203271100,0,0
2021-12-03,173.6,176,173.6,175.6,11213,125497100,0,0
2021-12-06,175.6,176.3,173.3,174.4,10275,115061000,0,0
2021-12-07,176.5,180.5,175.4,180.4,12925,148046200,0,0
2021-12-08,181.6,183.8,179,181.4,16288,189163200,0,0
2021-12-09,180,180.5,178,178.8,6850,78539600,0,0
2021-12-10,181,182.5,179.6,180.1,9638,111542700,0,0
2021-12-13,182.3,182.3,179,180.8,13825,160114300,0,0
2021-12-14,181.4,181.8,179.1,180.4,13800,159268300,0,0
2021-12-15,181,183.5,180.5,182.8,17350,202149700,0,0
2021-12-16,184,185.9,183.6,185.5,10225,121083500,0,0
2021-12-17,186.1,188.4,185.9,187.5,13775,165061900,0,0
2021-12-20,185.9,185.9,183,183.3,11975,141378100,0,0
2021-12-21,186.5,188.1,184.4,185.5,13575,161634500,0,0
2021-12-22,186.1,187.4,183.5,183.6,5375,63794400,0,0
2021-12-23,184.5,186,184.5,185,4925,58363500,0,0
2021-12-24,185,185.5,184,184.5,4875,57597200,0,0
2021-12-27,185.5,186.1,184.4,185,5038,59743000,0,0
2021-12-28,186,190.5,184.8,190.5,13138,158139400,0,0
2021-12-29,190.5,193.6,190.5,192.1,11413,140244000,0,0
2021-12-30,192,192,189.5,189.8,5363,65410000,0,0
2022-01-04,193,193,189.1,190.6,11038,135100700,0,0
2022-01-05,193.1,195,191.4,193.3,11213,138904900,0,0
2022-01-06,191.5,193.4,190.5,192.1,9163,112731900,0,0
2022-01-07,193,197.9,192.6,197.9,22188,277848600,0,0
2022-01-11,203.6,205.9,200,205.9,25963,338238600,0,0
2022-01-12,205.1,209.8,203.1,208.1,17075,226744300,0,0
2022-01-13,207.1,209.3,204.6,207.8,14713,195752100,0,0
2022-01-14,208.1,208.1,202.8,205,14588,191587800,0,0
2022-01-17,205.3,207.5,201.9,202.6,13213,172805700,0,0
2022-01-18,204.8,207.1,200.8,202,14313,186540900,0,0
2022-01-19,197.5,200.1,194.6,195.4,22500,283221100,0,0
2022-01-20,193.8,200.4,193.5,195,14188,178802600,0,0
2022-01-21,193.4,195,187.5,194.8,17250,211658600,0,0
2022-01-24,193.5,198.4,193.5,197.1,14238,178612600,0,0
2022-01-25,197,197,193.9,196.6,14675,183245200,0,0
2022-01-26,197.6,199.6,194.8,195,6488,81612200,0,0
2022-01-27,196.8,198,190.6,191.8,22888,282158000,0,0
2022-01-28,194.5,196.1,192.4,194.9,14438,179626600,0,0
2022-01-31,196.8,196.8,193.9,195.1,14063,175842800,0,0
2022-02-01,193.6,197.1,192.6,194.5,16525,206191400,0,0
2022-02-02,195.9,201.5,194.5,201.4,14538,185339500,0,0
2022-02-03,200.9,201.4,199,200.9,8150,104557300,0,0
2022-02-04,200.9,208,200.9,206.6,12750,168085600,0,0
2022-02-07,206.3,210.3,204.6,209.8,11700,156000200,0,0
2022-02-08,211.1,213,210,211.3,9638,130540900,0,0
2022-02-09,213.5,217.5,211.5,215.8,17450,239798700,0,0
2022-02-10,245.8,245.8,235.1,240.5,68200,1051135700,0,0
2022-02-14,235.5,246.4,235.5,245.3,43563,676896700,0,0
2022-02-15,244.4,248.6,243,247.3,35000,552967800,0,0
2022-02-16,249.9,255.3,249.4,252.9,37863,610284300,0,0
2022-02-17,256.6,257.5,254.1,256.1,32600,533557200,0,0
2022-02-18,258.6,264.5,256.3,261,37763,629931300,0,0
2022-02-21,257.8,260.6,254.8,259.3,19575,323910600,0,0
2022-02-22,255.9,256.5,245.1,247.6,30125,482606500,0,0
2022-02-24,243.9,247.5,242.1,247.4,22350,349536400,0,0
2022-02-25,243.8,244.3,236,239.4,26688,408504600,0,0
2022-02-28,240.3,243.9,238.3,243.6,20800,321658200,0,0
2022-03-01,241.9,245.6,240.1,245.1,16900,263101000,0,0
2022-03-02,241,243,232.4,232.4,26325,398565600,0,0
2022-03-03,236.4,242.5,236.4,241.1,21788,335059100,0,0
2022-03-04,238.6,241.3,232.9,233.5,20063,302910900,0,0
2022-03-07,229.1,230,224.6,229.6,20513,298931900,0,0
2022-03-08,225,225.6,214.1,216,25238,353767500,0,0
2022-03-09,218.8,219.8,213.1,214,17625,243934700,0,0
2022-03-10,221.3,224,219.8,222.3,18025,256153300,0,0
2022-03-11,221.8,224.9,220.9,223.8,24713,352721500,0,0
2022-03-14,228.8,233.5,225.8,230.8,14663,216211900,0,0
2022-03-15,233.5,237.5,230.1,236.9,16938,254527600,0,0
2022-03-16,233.4,234.5,229.4,230.5,14588,216094100,0,0
2022-03-17,234.5,237,231.3,234.6,19400,291103800,0,0
2022-03-18,234.4,235,231,233.4,14375,214150000,0,0
2022-03-22,235.8,236.3,231.6,232.9,15000,224041400,0,0
2022-03-23,235.5,239.1,233.9,237.9,10625,161298500,0,0
2022-03-24,235,235,230.9,233.4,8600,128141800,0,0
2022-03-25,234.1,235.9,231.5,232.6,6788,101458400,0,0
2022-03-28,234.4,235.9,232.6,233.8,10075,150997200,0,0
2022-03-29,232.5,232.5,228.4,231,12838,189113900,0,0
2022-03-30,228,228.5,223.8,226.6,10263,148341300,0,0
2022-03-31,222.8,224.5,218.8,219.3,8838,125097300,0,0
2022-04-01,215.8,220.4,214.8,219.3,10000,139690400,0,0
2022-04-04,221,227.8,221,227,15838,229061500,0,0
2022-04-05,226.6,227.8,220.9,221.8,11725,167177200,0,0
2022-04-06,220.6,222.1,218.8,220,12300,173393000,0,0
2022-04-07,217.3,218.8,214.3,218.3,12225,169437000,0,0
2022-04-08,217.3,217.3,211.9,212.4,12950,176751900,0,0
2022-04-11,212.6,218,212.6,217,10013,138401300,0,0
2022-04-12,215.9,220.4,215.4,217.3,9550,132790000,0,0
2022-04-13,216.3,216.3,212.6,215,9163,125783700,0,0
2022-04-14,213.3,216.1,213.3,215.5,4875,67029400,0,0
2022-04-15,213.8,217,213.8,215.8,6200,85558000,0,0
2022-04-18,216,220.6,215.9,220.3,8813,123349000,0,0
2022-04-19,221.4,222.3,218.4,221.5,13200,186105700,0,0
2022-04-20,222.9,227.3,222.5,226.4,9025,130153600,0,0
2022-04-21,226.6,229.4,223.3,227.5,13025,188479100,0,0
2022-04-22,223.4,224.6,218.8,222.1,9863,139712400,0,0
2022-04-25,218.8,219.5,215,215.1,7188,99481200,0,0
2022-04-26,214.8,216.1,213.5,215,6250,85985900,0,0
2022-04-27,212.5,214,208,208.8,11575,155719300,0,0
2022-04-28,210,220,209.8,220,8113,111993000,0,0
2022-05-02,220,222.5,217.6,221.6,8838,124947700,0,0
2022-05-06,226.4,229.5,223.6,228.6,13238,192780100,0,0
2022-05-09,225.6,225.6,221.4,221.4,8425,120039700,0,0
2022-05-10,219.4,219.4,214.3,217.6,9438,131152000,0,0
2022-05-11,215,215.4,209.1,212.4,9400,127740700,0,0
2022-05-12,210,211.3,205,205.3,14850,197793600,0,0
2022-05-13,230.3,242.3,230.1,241.3,60550,923678900,0,0
2022-05-16,246.3,246.3,233.1,236.3,30775,468734100,0,0
2022-05-17,233.8,237.5,231.5,231.5,18300,274094600,0,0
2022-05-18,233.5,237.6,233.1,237,16725,252499800,0,0
2022-05-19,232.8,235,229.9,234.6,15850,236039300,0,0
2022-05-20,232.6,234.3,230.4,233,11488,170874700,0,0
2022-05-23,233.6,239,233.1,238.8,12163,184102500,0,0
2022-05-24,240,241.1,235.9,236.5,10325,156966800,0,0
2022-05-25,235.4,241,233.6,238.4,15663,239418500,0,0
2022-05-26,238.8,239.3,236.3,236.3,10738,163364500,0,0
2022-05-27,237.9,238.8,235,236,13163,199619700,0,0
2022-05-30,237.5,244,237.5,240.8,19138,295168500,0,0
2022-05-31,241.6,241.6,235.8,235.8,11375,173617700,0,0
2022-06-01,238.1,242.5,236.5,242.5,15113,232811100,0,0
2022-06-02,243.1,243.1,239.9,241.4,11263,173914900,0,0
2022-06-03,242.4,242.4,240.1,240.8,7025,108298500,0,0
2022-06-06,240.4,242.9,239.9,241.5,8013,123979900,0,0
2022-06-07,241.5,244.1,241.3,241.6,16850,261852900,0,0
2022-06-08,244.4,248.9,244.4,246,24263,382933600,0,0
2022-06-09,244.5,247,243.1,246.6,9913,155793200,0,0
2022-06-10,243.8,245.5,240.4,240.8,14375,223061300,0,0
2022-06-13,237.6,243.9,237,243.6,13688,211332300,0,0
2022-06-14,242.5,255.4,242,255,36250,581905500,0,0
2022-06-15,255.6,258.6,248,250,37088,599437100,0,0
2022-06-16,253.8,256.4,251.6,255.9,19775,322529500,0,0
2022-06-17,250.8,255.8,250.1,253.4,28313,458519300,0,0
2022-06-20,255,257.4,246.1,247.3,20038,320962300,0,0
2022-06-21,251,255.8,250.6,254.9,14825,240650600,0,0
2022-06-22,257,260.1,252.8,259.5,15388,253656800,0,0
2022-06-23,257.5,262.6,256.5,257.8,15375,255128200,0,0
2022-06-24,257.3,261,253.9,260.9,21163,349793500,0,0
2022-06-27,267.1,273.5,263.3,268.9,23613,404372900,0,0
2022-06-28,271.6,277.4,271.5,276.1,23738,417089400,0,0
2022-06-29,274.6,279.3,273.3,275.5,22325,395330400,0,0
2022-06-30,276.5,283.1,276,282.6,20800,373238100,0,0
2022-07-01,284.8,288.1,274.4,276.5,32813,587417700,0,0
2022-07-04,281.6,283.4,270.6,274.9,27100,477524600,0,0
2022-07-05,274.8,274.8,267.3,271,21913,378997100,0,0
2022-07-06,266.5,272.3,263,265.5,19838,337664900,0,0
2022-07-07,270,272,266.5,270.4,13150,227053600,0,0
2022-07-08,270.3,276.6,268,273,20638,360185900,0,0
2022-07-11,276.8,285.5,276.5,284.6,14588,263546600,0,0
2022-07-12,283.8,283.9,278.1,279.5,9825,176079500,0,0
2022-07-13,284.6,290,281.4,285.9,22763,417533800,0,0
2022-07-14,285,285,277.9,279.5,14938,267463900,0,0
2022-07-15,276.3,276.3,268.8,272.5,27438,476638800,0,0
2022-07-19,277.5,278.8,273.5,275,14250,251192600,0,0
2022-07-20,278.6,279.4,276,277.1,14663,260507100,0,0
2022-07-21,273.9,276.9,271.8,275.5,12213,214910800,0,0
2022-07-22,274.8,276.6,273.1,274.5,11275,198461100,0,0
2022-07-25,274.4,275.8,272.9,273.4,8800,154367400,0,0
2022-07-26,274.4,278.9,274.4,278.1,13650,242459500,0,0
2022-07-27,276.4,278.1,274.6,276.1,8913,157634600,0,0
2022-07-28,275.3,278,270.6,278,18325,321952800,0,0
2022-07-29,275.9,275.9,271.6,273,15300,267988500,0,0
2022-08-01,273.8,276.9,272,276.9,19238,337773200,0,0
2022-08-02,275.8,275.8,269.4,269.8,33238,575801400,0,0
2022-08-03,270.9,272.8,268.6,271.1,16938,293661900,0,0
2022-08-04,273.6,273.9,269.6,272.3,16738,291397200,0,0
2022-08-05,266,268.4,261.9,266.8,29838,506546800,0,0
2022-08-08,267.8,269.4,265.1,268,11250,192773900,0,0
2022-08-09,267.3,267.3,263.1,264.6,15200,258047000,0,0
2022-08-10,265.9,266.9,264,264.1,13088,221860700,0,0
2022-08-12,267.3,269.5,265.1,266.4,17663,302235800,0,0
2022-08-15,267.1,269.3,266.5,268.4,13250,227344000,0,0
2022-08-16,268.9,269.8,265.1,265.4,13250,226487300,0,0
2022-08-17,268.1,268.9,266.6,266.9,11288,193251200,0,0
2022-08-18,266.1,268.3,265.6,268,9263,158476300,0,0
2022-08-19,270.5,287.3,269.9,284.3,41125,739667300,0,0
2022-08-22,282.5,283.5,279.4,281.8,16513,297463400,0,0
2022-08-23,280.3,280.9,278.9,280.5,10063,180315500,0,0
2022-08-24,282.1,284.5,281.6,283.5,9563,173403700,0,0
2022-08-25,282.9,288.3,280.1,287.4,10988,200593100,0,0
2022-08-26,288.6,297.5,287.3,295,23650,445317300,0,0
2022-08-29,285.3,287.4,281.5,281.8,26713,484959500,0,0
2022-08-30,283.8,285.3,282.4,285.3,10038,182495000,0,0
2022-08-31,284,285.3,281,281.5,14050,254055200,0,0
2022-09-01,280,280.1,275.4,277.1,14438,256523400,0,0
2022-09-02,277.8,278.8,272.6,276.6,14763,260480600,0,0
2022-09-05,276.9,277.5,270.4,271.1,14313,249935700,0,0
2022-09-06,272,275.5,271.5,274.4,12450,218322100,0,0
2022-09-07,274.1,276,267.3,268.8,13050,225680900,0,0
2022-09-08,273.3,277.3,272.5,277,17613,310704900,0,0
2022-09-09,278.1,283.3,277.3,281.9,20063,359909800,0,0
2022-09-12,282.4,284.4,280.5,283.4,9875,178737900,0,0
2022-09-13,283.6,283.9,280.6,281.1,5700,102839300,0,0
2022-09-14,274.9,279,274.4,278,9463,168024300,0,0
2022-09-15,277,279.9,274.8,278.8,7825,138925400,0,0
2022-09-16,277.5,283.1,277.5,281,15563,279182900,0,0
2022-09-20,284.3,287.8,283.1,285.8,10825,198244500,0,0
2022-09-21,284.6,287.1,282.8,285,9475,172747700,0,0
2022-09-22,281.3,281.9,279.8,280.8,8888,159733400,0,0
2022-09-26,278,278.1,269.6,270.9,17925,313314900,0,0
2022-09-27,273.3,275.4,271,271.4,9250,161208500,0,0
2022-09-28,269.9,270.3,265.9,269.8,14750,252961000,0,0
2022-09-29,269.5,269.6,265,269,9238,158428000,0,0
2022-09-30,267.6,269.3,262.8,265.3,9763,165945700,0,0
2022-10-03,260.4,260.8,255.1,259.5,15900,262797100,0,0
2022-10-04,268.8,277.3,268.8,276,18738,329015500,0,0
2022-10-05,279.8,279.8,269.8,269.8,9013,157681500,0,0
2022-10-06,269.8,276,269.8,271.4,7350,128413100,0,0
2022-10-07,268.3,272.4,268.1,268.8,8088,139491200,0,0
2022-10-11,265,266.5,262.8,264,11063,186962500,0,0
2022-10-12,261.9,264.1,260.1,263.1,8950,150226500,0,0
2022-10-13,262.3,262.3,259,259.9,9688,161425000,0,0
2022-10-14,267.3,272.1,264.6,270.5,13575,234049900,0,0
2022-10-17,270.5,273.8,269,269.6,4988,86331500,0,0
2022-10-18,272.1,277.4,272.1,276.4,8063,142154700,0,0
2022-10-19,276,280.1,275.9,279.6,5600,99891500,0,0
2022-10-20,276.9,279.3,276.3,278.3,6250,111171100,0,0
2022-10-21,276.9,279.8,275.3,278.5,5725,101890600,0,0
2022-10-24,282.5,283.8,278.1,280,9388,168277500,0,0
2022-10-25,280.6,281.6,277.9,279,8013,143350300,0,0
2022-10-26,280,280.9,277.8,278.3,8838,157783200,0,0
2022-10-27,277,277,266.8,267.8,13938,240306500,0,0
2022-10-28,266.3,270.1,265.1,265.1,16975,288994900,0,0
2022-10-31,270.5,270.5,265.9,266.6,9175,156841500,0,0
2022-11-01,267.8,269.5,263.9,265,8350,141949100,0,0
2022-11-02,265,269.1,264.8,268.4,14300,244917200,0,0
2022-11-04,266.9,269.5,265.6,266.8,7850,134390300,0,0
2022-11-07,271,271.8,268.8,268.8,7200,124397400,0,0
2022-11-08,269.5,270,267.3,268.6,5925,101904000,0,0
2022-11-09,268.6,270.6,268.1,269.9,5538,95531600,0,0
2022-11-10,269,270.9,267.3,269.5,6988,120480300,0,0
2022-11-11,274,275,266.1,271.4,18063,313663700,0,0
2022-11-14,272.5,275,268.8,268.9,14875,258371600,0,0
2022-11-15,268.9,270.9,266.1,269.6,8125,139692000,0,0
2022-11-16,268.4,268.4,263,264.8,15163,256935400,0,0
2022-11-17,264.8,268.8,264.1,266.3,9663,164641200,0,0
2022-11-18,268.6,271,266.3,267.5,9888,169582900,0,0
2022-11-21,269.5,275.5,268.8,275.5,9950,173630100,0,0
2022-11-22,276.1,286.8,276.1,286.5,21613,391462400,0,0
2022-11-24,289.8,298,289.8,295.5,28113,529968200,0,0
2022-11-25,297.6,304.8,291.3,304.6,19488,373831600,0,0
2022-11-28,313.6,314.9,299.8,303.5,25950,506846000,0,0
2022-11-29,300.3,313.5,300,306.9,17188,339316600,0,0
2022-11-30,307,308.8,297.5,298.4,15588,300123800,0,0
2022-12-01,300.6,300.9,291.9,293.3,11225,211165700,0,0
2022-12-02,289.6,289.6,281.5,282,19950,362632600,0,0
2022-12-05,279.4,279.4,275.8,277.9,14525,257513100,0,0
2022-12-06,276.5,281,275.8,279.3,8913,159113800,0,0
2022-12-07,278.8,292.6,278.4,289.4,16025,295544100,0,0
2022-12-08,287.5,288,278.3,287,12388,225379600,0,0
2022-12-09,281.6,287,281.3,286.5,8025,146336700,0,0
2022-12-12,287.6,292,286.8,288.8,9738,180552300,0,0
2022-12-13,288.5,288.9,283.8,287.4,13850,254160400,0,0
2022-12-14,287.4,288.1,283.4,286.4,7775,142290100,0,0
2022-12-15,287.3,292.5,287.3,287.6,13913,257016900,0,0
2022-12-16,286,294.4,286,288.1,10963,203161300,0,0
2022-12-19,288.1,295.5,288.1,291.1,12100,226312100,0,0
2022-12-20,295.4,315.9,292.5,305.5,47588,931272200,0,0
2022-12-21,312.5,325,305.1,307.1,42850,855379500,0,0
2022-12-22,307.3,312.3,301,311.6,15838,313037600,0,0
2022-12-23,312.5,323.4,312.5,321,28025,573188800,0,0
2022-12-26,323.9,323.9,311.4,316.1,15663,317767700,0,0
2022-12-27,320,330.1,319.8,328.5,22825,476106100,0,0
2022-12-28,331.4,335,325.6,331.3,24300,515176400,0,0
2022-12-29,328.8,330.6,320,322.9,19300,399177400,0,0
2022-12-30,325.6,329.6,320.3,326.3,15863,330639600,0,0
2023-01-04,327.5,331.3,319.4,328.8,35538,741332600,0,0
2023-01-05,328.8,330.5,320.6,320.9,22088,457984200,0,0
2023-01-06,317,327.3,315,321,17738,365504800,0,0
2023-01-10,318.8,320.4,313.5,316.1,17638,357678400,0,0
2023-01-11,318.1,320.4,314.5,318.6,9525,193652100,0,0
2023-01-12,318.6,345.9,317.9,343.1,44625,965278600,0,0
2023-01-13,343.1,362.6,342.3,358.3,45988,1046578800,0,0
2023-01-16,361,361.5,341.5,342.4,29850,665249700,0,0
2023-01-17,342,342,330,338.3,23550,508097000,0,0
2023-01-18,339.8,345.4,321.3,345.1,34900,753210800,0,0
2023-01-19,342.5,348.6,335.6,337.6,16638,361948700,0,0
2023-01-20,337.9,345.9,336.6,345.1,20113,439241100,0,0
2023-01-23,350.3,355.3,342.9,347.5,21013,470055700,0,0
2023-01-24,345.4,357.8,344.1,356.3,21725,490552100,0,0
2023-01-25,354.5,357.8,348,352.6,14488,326566300,0,0
2023-01-26,353.3,357.8,350.4,355.6,12863,292186400,0,0
2023-01-27,357.9,368.1,354.9,365.3,22238,516736600,0,0
2023-01-30,360,375,358,371.5,22138,523702200,0,0
2023-01-31,371.9,372.5,363.3,365.5,19300,452828100,0,0
2023-02-01,366.9,371.6,359.6,362.1,20875,486703400,0,0
2023-02-02,355.9,361.4,347.6,350.5,32225,727013400,0,0
2023-02-03,350.1,356.3,348.4,355,17538,396877800,0,0
2023-02-06,356.1,356.3,342.5,348.3,22788,508520400,0,0
2023-02-07,350.4,358.4,348.5,355.9,19113,434043200,0,0
2023-02-08,357.5,360.9,355.4,359.3,9938,228094700,0,0
2023-02-09,360.6,365.5,359.5,362.8,16888,391726800,0,0
2023-02-10,365.6,375,365.6,369.4,24600,583884400,0,0
2023-02-13,368.6,374.5,367.9,369.9,16625,394871400,0,0
2023-02-14,373,382.5,371.9,381.3,19975,484633500,0,0
2023-02-15,382.5,383.8,374.3,376.3,12125,293073700,0,0
2023-02-16,380.6,382.5,371.3,372.9,15988,384494700,0,0
2023-02-17,368.9,375,367.8,372,14338,341736200,0,0
2023-02-20,374.3,378.8,370.4,376.3,13788,331017300,0,0
2023-02-21,376.9,381.9,376.9,378.8,15913,386685500,0,0
2023-02-22,375,380,372.1,373.8,27625,662956000,0,0
2023-02-24,378.1,384.4,367,371,45063,1077930800,0,0
2023-02-27,371.8,374.6,367,370.3,31413,742528000,0,0
2023-02-28,373.4,373.4,361,363.5,137813,3213236100,0,0
2023-03-01,362.1,371.1,358.9,363.1,30350,706138700,0,0
2023-03-02,362.5,363.6,353.5,355,26325,602599700,0,0
2023-03-03,356.3,357.9,352.4,355.4,20388,463145500,0,0
2023-03-06,359,361.9,354.1,356.4,16350,372401700,0,0
2023-03-07,355.5,367.5,355.5,367.3,33238,774010800,0,0
2023-03-08,368.1,368.5,361.3,366.8,18188,425826400,0,0
2023-03-09,369.8,386.9,368.9,385.6,34463,836582700,0,0
2023-03-10,376.9,380,360.6,360.6,54663,1287951400,0,0
2023-03-13,350.8,350.9,337.8,344.5,61663,1357500000,0,0
2023-03-14,334.1,334.1,315.6,319.9,82550,1710741500,0,0
2023-03-15,335.9,340,323,325,53550,1120846800,0,0
2023-03-16,306.3,317.3,300,314.8,52600,1048751900,0,0
2023-03-17,321,326,314.1,321.8,40125,821043400,0,0
2023-03-20,314,320,309.6,311.3,28775,577223800,0,0
2023-03-22,323.8,324.9,317.3,317.5,26525,543043000,0,0
2023-03-23,311.4,312.4,307.8,311.4,16738,332277500,0,0
2023-03-24,306.9,309.4,302.9,308.5,17450,342870000,0,0
2023-03-27,313.3,313.3,306.5,310.6,15525,308042000,0,0
2023-03-28,318.1,320.5,314.3,316.5,20163,408947900,0,0
2023-03-29,319.3,324.5,318.8,321.1,21925,450294100,0,0
2023-03-30,318.3,322.1,312.9,321.9,22363,456900300,0,0
2023-03-31,327.4,331.9,324.6,328.1,24800,520686900,0,0
2023-04-03,334.4,342.1,331.9,341.6,23125,501300500,0,0
2023-04-04,342.1,348.1,340,347.6,23963,529409200,0,0
2023-04-05,338.1,339.9,334.4,336.1,18988,409204700,0,0
2023-04-06,332.1,335.5,327.6,328.4,19013,402758600,0,0
2023-04-07,332.6,338.5,332.6,337.1,15100,325298400,0,0
2023-04-10,339.4,343.8,339.4,341,10463,228601000,0,0
2023-04-11,346,347,337.1,342.6,12800,280194200,0,0
2023-04-12,342.5,346.3,338.9,340,11150,243168800,0,0
2023-04-13,335.9,340.4,335,340.3,12988,281526400,0,0
2023-04-14,337.5,340.4,335.1,335.1,15375,331615500,0,0
2023-04-17,337.4,340.9,334.4,340.9,11613,251828600,0,0
2023-04-18,342,348.6,342,344.6,17513,387098200,0,0
2023-04-19,341,348.1,340.5,348.1,13513,298770500,0,0
2023-04-20,346.3,354.5,345.8,352,14925,335635000,0,0
2023-04-21,350,350.1,343.4,345.9,11688,258965100,0,0
2023-04-24,347.5,347.5,339.8,339.8,10500,229891700,0,0
2023-04-25,341.3,346.3,341.1,343.3,10063,221346300,0,0
2023-04-26,336.3,338.5,332.8,334.1,11625,249418100,0,0
2023-04-27,333.8,340.5,333.5,339.8,10988,237838600,0,0
2023-04-28,342.5,348.9,338.4,343.5,20913,459585300,0,0
2023-05-01,343.5,346.8,339.6,346.1,11038,243097600,0,0
2023-05-02,345.8,345.8,339.4,342.8,13363,292676300,0,0
2023-05-08,337.5,340.8,335.6,337.8,22963,497312300,0,0
2023-05-09,355.5,364.9,350.5,363.4,58800,1352405600,0,0
2023-05-10,368.8,372.9,363.4,369.8,29488,697254800,0,0
2023-05-11,368.8,375.6,365.8,375.6,21163,503492800,0,0
2023-05-12,374.3,374.3,363.8,372.1,22125,522714600,0,0
2023-05-15,372.5,378.8,370.8,373.6,13175,314816600,0,0
2023-05-16,375,377.5,372.4,375.6,12563,301587300,0,0
2023-05-17,375,383.1,372.9,381.9,19863,481543200,0,0
2023-05-18,386.3,389.4,380.6,383.1,22175,544843500,0,0
2023-05-19,380,381.3,373.1,374.1,15713,377602800,0,0
2023-05-22,369.5,374.3,369,369.4,13638,324143200,0,0
2023-05-23,371.6,375.6,369.4,370.3,12613,300077600,0,0
2023-05-24,371.5,376.3,371.5,373.1,9363,224303900,0,0
2023-05-25,371.9,375,369,374.6,11825,282071500,0,0
2023-05-26,374.4,374.8,368.9,369.4,11038,262086900,0,0
2023-05-29,374.1,378.8,370.6,378.1,15288,367622800,0,0
2023-05-30,378.1,380.6,374.4,378.8,12700,307079700,0,0
2023-05-31,375,378.1,370.6,372.9,24125,576013000,0,0
2023-06-01,372.5,385,371.4,384.4,16763,407617700,0,0
2023-06-02,385,398.1,381.9,397.5,17275,433114000,0,0
2023-06-05,403.8,406.3,390.6,398.1,13538,344414000,0,0
2023-06-06,390.6,392.5,386.3,390.6,11138,277870500,0,0
2023-06-07,397.5,398.8,381.9,381.9,16213,401907500,0,0
2023-06-08,385,392.5,384.4,386.3,9588,237434000,0,0
2023-06-09,388.1,394.4,386.9,392.5,16400,409784500,0,0
2023-06-12,393.1,396.3,388.1,389.4,7563,189677000,0,0
2023-06-13,391.9,395,388.8,390.6,10100,253444500,0,0
2023-06-14,396.3,396.9,391.3,393.8,12800,322524500,0,0
2023-06-15,395,396.3,389.4,391.3,16938,425798000,0,0
2023-06-16,392.5,393.1,385,387.5,18875,468890000,0,0
2023-06-19,390.6,391.9,386.9,389.4,10000,249315000,0,0
2023-06-20,390,390.6,385,387.5,9800,243007000,0,0
2023-06-21,386.3,390.6,385.6,390.6,7300,181515000,0,0
2023-06-22,391.3,401.9,391.3,399.4,14988,381966000,0,0
2023-06-23,399.4,401.3,386.9,389.4,10488,262698000,0,0
2023-06-26,390.6,392.5,383.8,383.8,10050,248508000,0,0
2023-06-27,383.8,385.6,377.5,380,9413,229220000,0,0
2023-06-28,384.4,393.8,381.3,393.8,16313,405818500,0,0
2023-06-29,393.8,396.9,388.8,393.8,9313,234315000,0,0
2023-06-30,395.6,399.4,388.8,389.4,11638,292388500,0,0
2023-07-03,393.1,398.1,390.6,396.3,8250,208900000,0,0
2023-07-04,400,429.4,399.4,425.6,29513,789448000,0,0
2023-07-05,426.3,428.1,414.4,417.5,17575,471695500,0,0
2023-07-06,416.9,419.4,408.8,408.8,17763,468509500,0,0
2023-07-07,406.3,420,400.6,415,15125,398405000,0,0
2023-07-10,419.4,423.1,411.9,414.4,15675,418110000,0,0
2023-07-11,418.1,418.1,407.5,411.3,14163,372921500,0,0
2023-07-12,416.3,422.5,408.8,421.9,15913,424846500,0,0
2023-07-13,421.3,423.8,411.9,415.6,14375,382855500,0,0
2023-07-14,418.1,418.8,410,410,13275,350861500,0,0
2023-07-18,408.8,425,408.8,420,11675,312466500,0,0
2023-07-19,425,427.5,417.5,423.8,12750,345543500,0,0
2023-07-20,427.5,428.8,418.1,420,9525,257302000,0,0
2023-07-21,423.8,423.8,414.4,418.1,9925,265125500,0,0
2023-07-24,422.5,422.5,414.4,415.6,8288,221542500,0,0
2023-07-25,416.3,420,415,416.9,8413,224603000,0,0
2023-07-26,418.1,418.1,413.1,415.6,5975,159107000,0,0
2023-07-27,418.8,424.4,415.6,423.8,8813,237197000,0,0
2023-07-28,428.8,448.8,423.8,447.5,33713,944969500,0,0
2023-07-31,485,485,458.1,469.4,36375,1092948000,0,0
2023-08-01,468.1,472.5,461.3,465,18800,562074000,0,0
2023-08-02,461.3,463.1,454.4,456.9,16513,484837500,0,0
2023-08-03,455.6,460,450.6,451.9,14463,421672500,0,0
2023-08-04,455,467.5,453.8,465.6,18825,557499000,0,0
2023-08-07,461.3,465.6,457.5,463.8,9825,291192000,0,0
2023-08-08,468.1,470.6,463.8,465,5963,178098500,0,0
2023-08-09,465,465,447.5,450,16513,478650500,0,0
2023-08-10,451.9,456.3,447.5,455.6,7950,230574000,0,0
2023-08-14,461.3,461.3,451.9,453.8,8013,234301500,0,0
2023-08-15,453.8,459.4,451.9,458.1,6413,187727000,0,0
2023-08-16,449.4,450.6,445,445.6,11925,341524000,0,0
2023-08-17,441.9,453.8,434.4,453.1,17013,482396000,0,0
2023-08-18,450,451.3,443.1,446.3,8900,254574000,0,0
2023-08-21,443.8,447.5,441.3,441.9,6975,198105500,0,0
2023-08-22,442.5,455,441.3,454.4,14675,422970500,0,0
2023-08-23,451.9,461.3,450.6,461.3,13100,384115500,0,0
2023-08-24,455,463.1,455,458.8,7988,235155000,0,0
2023-08-25,456.3,463.1,452.5,458.8,8525,250039000,0,0
2023-08-28,461.9,470,460.6,469.4,9688,290074500,0,0
2023-08-29,474.4,474.4,464.4,468.1,8163,245101500,0,0
2023-08-30,468.1,480.6,466.9,477.5,11350,346313000,0,0
2023-08-31,480.6,483.1,476.3,481.3,18588,571760000,0,0
2023-09-01,481.3,498.1,481.3,493.1,12713,400827500,0,0
2023-09-04,498.1,509.4,495,509.4,14163,456930500,0,0
2023-09-05,516.3,516.3,501.3,511.9,16063,523723500,0,0
2023-09-06,511.9,533.1,511.9,523.1,20275,680000500,0,0
2023-09-07,521.9,533.1,520,529.4,15663,528935500,0,0
2023-09-08,521.3,531.3,521.3,525,19563,656703000,0,0
2023-09-11,536.3,561.9,535.6,561.9,32863,1160499500,0,0
2023-09-12,570,574.4,556.9,574.4,36375,1319880000,0,0
2023-09-13,574.4,581.9,567.5,578.8,23013,847790000,0,0
2023-09-14,584.4,595,575.6,591.9,28325,1064693000,0,0
2023-09-15,600.6,609.4,583.1,588.8,45200,1725794500,0,0
2023-09-19,585,598.1,583.1,590.6,36925,1394426500,0,0
2023-09-20,590,591.3,570.6,575,35825,1325515000,0,0
2023-09-21,581.3,598.1,580,585,28025,1053167000,0,0
2023-09-22,577.5,599.4,572.5,593.1,34513,1295214500,0,0
2023-09-25,585,588.1,571.9,584.4,29750,1105100500,0,0
2023-09-26,588.8,596.9,584.4,590,21513,812768500,0,0
2023-09-27,585,591.3,577.5,590,17738,664767500,0,0
2023-09-28,586.3,596.3,583.8,589.4,15750,594314000,0,0
2023-09-29,583.8,584.4,560,563.1,23463,858454500,0,0
2023-10-02,576.9,593.8,574.4,579.4,22750,850378500,0,0
2023-10-03,573.8,573.8,560.6,563.1,16438,595600500,0,0
2023-10-04,548.8,551.3,533.1,534.4,34075,1181578500,0,0
2023-10-05,541.3,563.8,540,563.8,26200,931572000,0,0
2023-10-06,565,573.8,555.6,568.1,16488,599365500,0,0
2023-10-10,582.5,591.3,574.4,590,24925,931636500,0,0
2023-10-11,591.3,591.9,582.5,582.5,15050,564469000,0,0
2023-10-12,582.5,585.6,576.9,581.9,14925,555484000,0,0
2023-10-13,574.4,580,557.5,560,23000,832896500,0,0
2023-10-16,548.1,558.1,541.9,556.3,18750,664526500,0,0
2023-10-17,565,565.6,551.3,556.9,14213,507408000,0,0
2023-10-18,564.4,576.3,560.6,575,20813,760469500,0,0
2023-10-19,570.6,576.9,561.9,565.6,13238,481805500,0,0
2023-10-20,559.4,568.1,547.5,554.4,15250,543160500,0,0
2023-10-23,551.9,552.5,536.3,536.3,25525,885489500,0,0
2023-10-24,533.1,533.1,506.9,522.5,31138,1034559000,0,0
2023-10-25,529.4,548.1,521.9,538.8,17475,602690500,0,0
2023-10-26,532.5,538.1,519.4,525.6,27338,923955000,0,0
2023-10-27,525.6,542.5,523.1,541.3,23550,803638500,0,0
2023-10-30,535,550,531.3,536.9,20750,717327500,0,0
2023-10-31,554.4,560.6,530,550.6,26738,936350000,0,0
2023-11-01,562.5,573.1,554.4,573.1,24425,882565500,0,0
2023-11-02,584.4,585.6,553.8,564.4,32163,1164123000,0,0
2023-11-06,568.8,570.6,555.6,557.5,28813,1037195500,0,0
2023-11-07,556.9,565.6,551.3,553.1,18075,644935000,0,0
2023-11-08,554.4,554.4,517.5,522.5,33963,1152017500,0,0
2023-11-09,522.5,538.1,516.9,534.4,21525,725788500,0,0
2023-11-10,539.4,546.9,535.6,545,14525,504226000,0,0
2023-11-13,542.5,547.5,531.9,537.5,12675,437447500,0,0
2023-11-14,545.6,545.6,528.1,539.4,14150,487650000,0,0
2023-11-15,542.5,542.5,523.8,528.8,19663,667145000,0,0
2023-11-16,526.3,530.6,520,523.1,14963,502295500,0,0
2023-11-17,523.1,534.4,518.8,533.8,11825,400352000,0,0
2023-11-20,533.8,542.5,526.3,530,11763,400871500,0,0
2023-11-21,533.8,537.5,528.1,535.6,11438,389976000,0,0
2023-11-22,527.5,538.8,526.3,536.3,9488,324614000,0,0
2023-11-24,536.9,538.8,532.5,536.3,6150,210861500,0,0
2023-11-27,535.6,541.3,531.3,536.9,7200,246820500,0,0
2023-11-28,536.9,547.5,533.1,536.9,9550,329847500,0,0
2023-11-29,538.8,543.8,523.8,526.3,14413,488879000,0,0
2023-11-30,530.6,540,528.8,537.5,16950,580541000,0,0
2023-12-01,538.8,543.8,531.9,539.4,11638,401042500,0,0
2023-12-04,541.9,545,532.5,540,10613,366900500,0,0
2023-12-05,536.3,541.3,525,526.3,18238,617286500,0,0
2023-12-06,526.9,541.3,526.3,540.6,13625,467249000,0,0
2023-12-07,533.1,543.1,530.6,540.6,9975,343532500,0,0
2023-12-08,535.6,547.5,535,540.6,17225,595547000,0,0
2023-12-11,542.5,549.4,529.4,533.8,21188,733233500,0,0
2023-12-12,531.3,532.5,520.6,521.3,14463,485809500,0,0
2023-12-13,520,530,520,521.3,10488,351050000,0,0
2023-12-14,522.5,522.5,496.3,500,20988,676676500,0,0
2023-12-15,503.1,503.1,490.6,498.8,27725,881837500,0,0
2023-12-18,495,496.3,485,494.4,12913,406256500,0,0
2023-12-19,494.4,505,490.6,498.8,16225,517676000,0,0
2023-12-20,495,501.9,491.3,496.9,15463,492389500,0,0
2023-12-21,494.4,498.1,485.6,486.3,10275,322459000,0,0
2023-12-22,488.1,495.6,487.5,494.4,11563,364650000,0,0
2023-12-25,496.9,498.8,492.5,494.4,7950,251970000,0,0
2023-12-26,493.8,496.3,489.4,493.8,11338,357819000,0,0
2023-12-27,494.4,500.6,493.1,500.6,13775,438359500,0,0
2023-12-28,498.1,499.4,494.4,496.3,7763,246655000,0,0
2023-12-29,500.6,503.1,493.8,496.9,9625,306967500,0,0
2024-01-04,495,500,488.8,499.4,15888,503376500,0,0
2024-01-05,503.8,507.5,500,506.3,12900,416837000,0,0
2024-01-09,508.8,511.3,504.4,506.9,13538,439117000,0,0
2024-01-10,505.6,513.1,503.1,503.8,16600,539824000,0,0
2024-01-11,511.3,525,510,514.4,17413,577003000,0,0
2024-01-12,514.4,516.3,506.9,509.4,15025,491875500,0,0
2024-01-15,511.3,528.8,511.3,525,15163,507051000,0,0
2024-01-16,526.9,526.9,513.8,516.9,11363,377312500,0,0
2024-01-17,517.5,523.1,513.8,513.8,11850,392814000,0,0
2024-01-18,513.8,518.1,509.4,516.9,12613,414353500,0,0
2024-01-19,516.9,522.5,515.6,518.1,13025,432678500,0,0
2024-01-22,526.9,527.5,519.4,527.5,16300,547002500,0,0
2024-01-23,526.3,530,520.6,525,16463,552463500,0,0
2024-01-24,521.9,542.5,517.5,541.3,27350,932109500,0,0
2024-01-25,543.8,546.3,531.9,531.9,24563,845035000,0,0
2024-01-26,526.9,535.6,522.5,525,23475,795394000,0,0
2024-01-29,527.5,534.4,526.9,532.5,14925,507689500,0,0
2024-01-30,532.5,532.5,528.1,530.6,13950,473272500,0,0
2024-01-31,531.3,545,524.4,544.4,32763,1124140000,0,0
2024-02-01,525.6,528.8,508.8,516.9,62800,2078427500,0,0
2024-02-02,516.9,518.1,502.5,506.3,34825,1131260500,0,0
2024-02-05,510,515,502.5,506.3,36275,1178123000,0,0
2024-02-06,506.3,506.3,498.1,499.4,26813,860347500,0,0
2024-02-07,501.3,523.1,500,522.5,36750,1206068500,0,0
2024-02-08,521.9,522.5,508.1,508.1,19338,633807000,0,0
2024-02-09,510.6,510.6,498.8,506.3,18025,583509500,0,0
2024-02-13,508.1,510,501.9,508.8,13713,445196500,0,0
2024-02-14,507.5,509.4,501.3,503.1,11488,370691500,0,0
2024-02-15,503.8,507.5,498.8,498.8,16438,527702500,0,0
2024-02-16,503.8,510.6,501.9,508.1,14575,473736000,0,0
2024-02-19,511.3,523.8,511.3,523.8,18400,610094500,0,0
2024-02-20,526.3,526.3,511.3,514.4,16850,557935000,0,0
2024-02-21,513.8,518.1,510,513.8,9500,312360500,0,0
2024-02-22,515,519.4,513.1,515,12025,396754500,0,0
2024-02-26,516.3,530.6,515,530.6,23850,801737500,0,0
2024-02-27,530,548.1,526.3,536.3,29613,1020811500,0,0
2024-02-28,538.8,560.6,538.1,554.4,36188,1274149000,0,0
2024-02-29,556.9,568.1,548.1,564.4,27275,976829000,0,0
2024-03-01,563.8,573.1,561.9,573.1,20225,734335000,0,0
2024-03-04,566.9,570,558.8,561.9,16850,608470500,0,0
2024-03-05,563.8,582.5,561.3,576.3,21300,782872000,0,0
2024-03-06,577.5,591.3,573.8,586.9,21888,814547000,0,0
2024-03-07,588.8,607.5,586.9,606.3,33038,1260862000,0,0
2024-03-08,608.1,635,601.9,628.8,35450,1405727500,0,0
2024-03-11,626.3,626.3,581.9,590.6,34988,1338105500,0,0
2024-03-12,590,595,573.8,592.5,28275,1059411500,0,0
2024-03-13,604.4,604.4,579.4,587.5,22213,836252000,0,0
2024-03-14,595.6,595.6,578.8,581.9,20663,774780000,0,0
2024-03-15,576.9,591.9,573.8,580.6,21963,816529000,0,0
2024-03-18,587.5,588.8,578.8,581.9,17913,669209500,0,0
2024-03-19,585,595.6,577.5,586.3,25975,973694500,0,0
2024-03-21,595,619.4,591.3,613.8,31963,1242278000,0,0
2024-03-22,616.9,621.3,603.1,615,19275,757884500,0,0
2024-03-25,607.5,608.8,591.3,591.3,19463,746594000,0,0
2024-03-26,593.8,598.8,584.4,591.9,11575,438984000,0,0
2024-03-27,597.5,600.6,592.5,595.6,19638,749579000,0,0
2024-03-28,587.5,593.1,581.9,585.6,14125,529621500,0,0
2024-03-29,586.3,611.9,585.6,609.4,21588,833860500,0,0
2024-04-01,611.3,612.5,581.3,581.3,16275,616850000,0,0
2024-04-02,585.6,587.5,559.4,559.4,21325,776876500,0,0
2024-04-03,556.3,571.3,551.3,564.4,19325,697757500,0,0
2024-04-04,570,578.8,567.5,573.8,11438,420668000,0,0
2024-04-05,560.6,566.9,556.9,563.8,11288,406301000,0,0
2024-04-08,566.3,568.1,560,564.4,12600,454314500,0,0
2024-04-09,563.8,568.8,563.8,565.6,8088,293026000,0,0
2024-04-10,559.4,565.6,559.4,560,9650,346829500,0,0
2024-04-11,553.1,567.5,552.5,567.5,12888,464174000,0,0
2024-04-12,573.1,580.6,569.4,580.6,16500,608526500,0,0
2024-04-15,578.1,581.9,567.5,578.1,13675,502930500,0,0
2024-04-16,570.6,580,559.4,560,14188,514544500,0,0
2024-04-17,557.5,561.3,540.6,545.6,18688,655831000,0,0
2024-04-18,545.6,566.3,544.4,564.4,13975,500031000,0,0
2024-04-19,561.3,564.4,548.1,557.5,16750,598213500,0,0
2024-04-22,568.1,580.6,565,580.6,21113,777048000,0,0
2024-04-23,584.4,593.8,583.1,586.3,15513,584153000,0,0
2024-04-24,583.8,591.3,580,588.1,15213,571469000,0,0
2024-04-25,581.9,586.9,579.4,580.6,13150,490340000,0,0
2024-04-26,581.3,586.9,570.6,578.8,20025,742469000,0,0
2024-04-30,571.3,588.8,567.5,588.1,14913,553468000,0,0
2024-05-01,586.9,593.1,579.4,590,17525,659979000,0,0
2024-05-02,595,595,553.1,562.5,52400,1900374500,0,0
2024-05-07,557.5,558.8,541.3,541.3,29763,1040726500,0,0
2024-05-08,537.5,551.3,535,542.5,26688,926527500,0,0
2024-05-09,547.5,547.5,539.4,540.6,14025,487015500,0,0
2024-05-10,542.5,551.9,538.8,546.9,15388,538156500,0,0
2024-05-13,547.5,558.8,545,558.1,16575,588618000,0,0
2024-05-14,556.9,558.8,548.8,555,11613,411826000,0,0
2024-05-15,558.1,560.6,543.8,551.3,11025,390242000,0,0
2024-05-16,548.1,550,541.3,542.5,12925,450734000,0,0
2024-05-17,542.5,548.8,541.3,544.4,9438,329213000,0,0
2024-05-20,545.6,557.5,545.6,556.3,11188,396756500,0,0
2024-05-21,557.5,578.1,557.5,560.6,26925,977283500,0,0
2024-05-22,559.4,574.4,556.9,571.9,17500,634203500,0,0
2024-05-23,574.4,585,566.3,585,21388,788185500,0,0
2024-05-24,582.5,597.5,578.1,591.3,19075,721474000,0,0
2024-05-27,594.4,609.4,593.1,604.4,22138,853380500,0,0
2024-05-28,602.5,609.4,595,596.9,15338,588102000,0,0
2024-05-29,597.5,599.4,585,585.6,18250,689921500,0,0
2024-05-30,578.8,585.6,570.6,581.3,10750,398960500,0,0
2024-05-31,584.4,615.6,584.4,613.1,32638,1263906500,0,0
2024-06-03,616.9,632.5,613.8,627.5,18350,734824500,0,0
2024-06-04,630,635,606.3,610.6,24488,965859500,0,0
2024-06-05,593.8,595.6,578.1,589.4,20150,757900000,0,0
2024-06-06,588.8,592.5,578.1,583.1,16013,599586000,0,0
2024-06-07,580.6,591.9,578.8,582.5,7613,284851500,0,0
2024-06-10,586.3,593.8,585,590.6,8738,329685000,0,0
2024-06-11,593.1,598.1,585.6,585.6,6800,257386500,0,0
2024-06-12,577.5,579.4,568.8,571.9,12663,464846500,0,0
2024-06-13,570.6,571.9,559.4,559.4,10075,363728500,0,0
2024-06-14,561.3,575,558.8,570.6,23688,858759000,0,0
2024-06-17,568.1,571.9,560,562.5,13288,480017000,0,0
2024-06-18,569.4,570,559.4,565.6,6025,218131500,0,0
2024-06-19,565.6,576.3,565,568.8,7375,268926500,0,0
2024-06-20,565.6,573.8,561.3,571.3,13338,485399000,0,0
2024-06-21,577.5,580,573.1,576.3,12375,456347500,0,0
2024-06-24,576.3,577.5,565.6,575,11350,416508500,0,0
2024-06-25,578.1,593.1,576.3,589.4,14900,558863000,0,0
2024-06-26,589.4,593.8,586.3,590,9663,364943000,0,0
2024-06-27,585,595.6,584.4,591.3,11125,420894500,0,0
2024-06-28,593.1,603.1,593.1,597.5,16725,640785500,0,0
2024-07-01,603.1,604.4,596.9,600.6,16013,615156000,0,0
2024-07-02,600,617.5,598.8,606.9,14788,574444000,0,0
2024-07-03,606.3,606.9,596.3,600.6,13700,526028500,0,0
2024-07-04,598.8,606.3,596.3,600,8700,333886500,0,0
2024-07-05,597.5,600,576.3,576.3,18713,701824500,0,0
2024-07-08,567.5,573.8,562.5,569.4,17638,642117000,0,0
2024-07-09,571.3,573.8,565.6,566.3,12525,455625000,0,0
2024-07-10,566.3,575,566.3,573.1,15700,573814500,0,0
2024-07-11,577.5,579.4,571.3,575,8713,320870000,0,0
2024-07-12,567.5,575.6,565.6,568.1,10525,383006000,0,0
2024-07-16,569.4,576.9,566.9,568.8,9700,354810000,0,0
2024-07-17,575,583.8,572.5,579.4,10013,371229500,0,0
2024-07-18,575,586.3,575,585,9725,362358000,0,0
2024-07-19,585.6,585.6,571.3,579.4,9213,340670500,0,0
2024-07-22,578.8,580,567.5,567.5,8250,301880000,0,0
2024-07-23,570.6,578.8,570.6,577.5,9438,347521500,0,0
2024-07-24,573.8,578.1,565,565,9750,356792500,0,0
2024-07-25,559.4,560,539.4,539.4,20000,700870500,0,0
2024-07-26,540,545,535,537.5,17125,591546500,0,0
2024-07-29,545.6,565,543.1,563.1,14050,500534500,0,0
2024-07-30,555.6,563.1,542.5,544.4,20525,720493500,0,0
2024-07-31,545.6,573.8,543.1,573.1,20613,738453500,0,0
2024-08-01,573.1,576.9,561.3,568.8,20450,745148500,0,0
2024-08-02,542.5,542.5,507.5,510.6,34238,1143451000,0,0
2024-08-05,475.6,485,445.6,446.3,49625,1484589500,0,0
2024-08-06,481.3,517.5,481.3,509.4,46450,1490446500,0,0
2024-08-07,498.8,536.9,496.9,520.6,27525,911428500,0,0
2024-08-08,506.3,516.9,496.3,498.8,25325,815485500,0,0
2024-08-09,512.5,516.3,497.5,506.9,19975,648955500,0,0
2024-08-13,510.6,531.3,506.3,527.5,16588,555198500,0,0
2024-08-14,531.3,546.3,528.8,533.1,9150,313496500,0,0
2024-08-15,536.9,548.8,533.8,541.3,9175,318640500,0,0
2024-08-16,558.8,566.3,554.4,565,14313,514597000,0,0
2024-08-19,556.9,565,554.4,560,8425,302070000,0,0
2024-08-20,568.1,568.1,553.1,562.5,9575,342878000,0,0
2024-08-21,555,563.8,551.3,563.8,9375,334759500,0,0
2024-08-22,563.8,563.8,557.5,557.5,8875,317795000,0,0
2024-08-23,557.5,560,549.4,558.1,10088,358197500,0,0
2024-08-26,555.6,555.6,542.5,545,7625,266265500,0,0
2024-08-27,545,559.4,543.1,556.3,8375,296971000,0,0
2024-08-28,548.8,560,548.8,555.6,6150,218785000,0,0
2024-08-29,555.6,567.5,553.8,565,12688,458720500,0,0
2024-08-30,569.4,571.9,563.1,570.6,14163,516233000,0,0
2024-09-02,568.8,571.3,561.9,569.4,5263,191180000,0,0
2024-09-03,571.3,584.4,568.1,584.4,10825,399629500,0,0
2024-09-04,571.3,571.9,557.5,561.3,17225,620775000,0,0
2024-09-05,550.6,563.1,545,549.4,11750,415719000,0,0
2024-09-06,554.4,558.8,544.4,546.9,7375,259324000,0,0
2024-09-09,529.4,534.4,520.6,528.8,11588,391744500,0,0
2024-09-10,528.1,536.9,528.1,535,11225,383425500,0,0
2024-09-11,526.3,530,509.4,513.1,12988,430738000,0,0
2024-09-12,518.8,524.4,515,517.5,9038,300154000,0,0
2024-09-13,520,527.5,520,520.6,12125,405120000,0,0
2024-09-17,519.4,521.9,501.9,512.5,9400,306910500,0,0
2024-09-18,517.5,521.3,515,518.1,5813,192690500,0,0
2024-09-19,530.6,537.5,527.5,527.5,9125,310521000,0,0
2024-09-20,537.5,537.5,528.1,529.4,11438,388980500,0,0
2024-09-24,533.1,533.1,520.6,520.6,6613,222033500,0,0
2024-09-25,519.4,521.9,518.1,519.4,7238,240650500,0,0
2024-09-26,525,530,519.4,528.8,11000,370043500,0,0
2024-09-27,523.8,523.8,513.8,518.8,12388,410709000,0,0
2024-09-30,514.4,525,511.3,516.9,15113,501298500,0,0
2024-10-01,516.9,526.9,512.5,521.9,8950,298192500,0,0
2024-10-02,515,521.3,513.1,513.8,11488,379040000,0,0
2024-10-03,522.5,524.4,515.6,516.3,7450,247111500,0,0
2024-10-04,520.6,528.8,519.4,528.1,10913,366912000,0,0
2024-10-07,541.3,561.3,538.1,544.4,13388,470764500,0,0
2024-10-08,536.9,536.9,523.1,527.5,11888,401592000,0,0
2024-10-09,531.3,531.3,518.1,519.4,10938,365669500,0,0
2024-10-10,524.4,524.4,519.4,520.6,5675,189310500,0,0
2024-10-11,525,530,522.5,522.5,6613,221873500,0,0
2024-10-15,529.4,538.1,527.5,535.6,8988,306854000,0,0
2024-10-16,528.8,536.9,525,528.8,6688,227415500,0,0
2024-10-17,531.9,536.3,531.3,532.5,4725,161153500,0,0
2024-10-18,536.3,541.9,534.4,536.9,5538,190501500,0,0
2024-10-21,536.9,536.9,526.3,527.5,5063,171332500,0,0
2024-10-22,525,528.8,516.9,517.5,8100,269178000,0,0
2024-10-23,518.1,520.6,513.8,513.8,5588,184768500,0,0
2024-10-24,507.5,515,504.4,513.1,5963,194925500,0,0
2024-10-25,510.6,513.1,501.3,505.6,6600,213575500,0,0
2024-10-28,501.9,514.4,501.9,512.5,4713,153811500,0,0
2024-10-29,513.8,525.6,513.8,519.4,5963,198415500,0,0
2024-10-30,516.3,521.3,515.6,518.1,14013,464682500,0,0
2024-10-31,520.6,522.5,515,518.8,8200,271981500,0,0
2024-11-01,511.3,521.9,511.3,517.5,6525,215970500,0,0
2024-11-05,511.3,511.3,495,498.1,14350,458622000,0,0
2024-11-06,501.9,518.8,499.4,518.8,14588,478124500,0,0
2024-11-07,536.3,550,528.1,530,20200,691871000,0,0
2024-11-08,528.8,529.4,521.3,528.1,9138,307781500,0,0
2024-11-11,522.5,525.6,515,519.4,6650,220984500,0,0
2024-11-12,526.3,534.4,525.6,526.9,8925,302088500,0,0
2024-11-13,527.5,531.9,516.3,518.8,8663,288732500,0,0
2024-11-14,516.9,528.1,515.6,520,8625,288475000,0,0
2024-11-15,528.1,528.1,518.8,525,6688,224448500,0,0
2024-11-18,525,527.5,518.1,522.5,7538,252328000,0,0
2024-11-19,518.8,523.8,515,520,6625,220245000,0,0
2024-11-20,513.8,516.3,506.9,506.9,6113,199548500,0,0
2024-11-21,506.9,520,506.9,518.1,6238,206229500,0,0
2024-11-22,520,541.3,520,533.1,10350,352228000,0,0
2024-11-25,536.9,545.6,536.9,538.1,8975,310671500,0,0
2024-11-26,538.1,540,515,519.4,7913,265612500,0,0
2024-11-27,516.9,519.4,510,512.5,5175,169976000,0,0
2024-11-28,512.5,520,511.3,518.1,5838,192867000,0,0
2024-11-29,520.6,523.8,512.5,521.9,7088,236095000,0,0
2024-12-02,526.9,553.1,526.3,549.4,17138,595023000,0,0
2024-12-03,552.5,566.9,552.5,558.1,16175,578994500,0,0
2024-12-04,556.3,556.3,542.5,542.5,12525,439535500,0,0
2024-12-05,542.5,543.8,535.6,541.9,11500,397645500,0,0
2024-12-06,545,551.3,543.8,549.4,9100,318961000,0,0
2024-12-09,549.4,551.9,536.9,545.6,6700,233651000,0,0
2024-12-10,552.5,555,545.6,546.9,5775,202827000,0,0
2024-12-11,548.8,551.9,540.6,550,6075,213144500,0,0
2024-12-12,556.9,566.3,555.6,563.8,9663,347103000,0,0
2024-12-13,563.8,566.9,555.6,562.5,16763,603087000,0,0
2024-12-16,560.6,563.8,556.3,559.4,6100,218556000,0,0
2024-12-17,562.5,570.6,560,561.3,10350,373044000,0,0
2024-12-18,558.8,563.1,551.3,555,6650,237257500,0,0
2024-12-19,543.1,555.6,543.1,553.8,9813,345462000,0,0
2024-12-20,560,561.3,553.8,553.8,7650,272171000,0,0
2024-12-23,548.1,565.6,548.1,562.5,10538,377699000,0,0
2024-12-24,567.5,576.3,563.1,563.8,10563,383571000,0,0
2024-12-25,563.8,563.8,553.1,559.4,7275,259344500,0,0
2024-12-26,556.9,565,556.9,565,5750,206794500,0,0
2024-12-27,567.5,570.6,563.8,568.1,5938,215675000,0,0
2024-12-30,572.5,580,568.8,570,5288,193653000,0,0
2025-01-06,570,570.6,563.1,566.3,5938,215121500,0,0
2025-01-07,566.3,567.5,561.3,566.9,9200,332649000,0,0
2025-01-08,561.9,578.1,561.9,578.1,8313,305172500,0,0
2025-01-09,576.3,576.3,564.4,564.4,7913,288009500,0,0
2025-01-10,565,567.5,558.8,562.5,7013,252760500,0,0
2025-01-14,558.1,564.4,555.6,560,8738,312914000,0,0
2025-01-15,567.5,572.5,562.5,570.6,6313,229631000,0,0
2025-01-16,570.6,578.1,565,568.8,6750,246158500,0,0
2025-01-17,563.1,571.3,555.6,569.4,8738,315427000,0,0
2025-01-20,578.1,582.5,571.3,579.4,7313,270579000,0,0
2025-01-21,588.1,593.8,575.6,580,5313,198365000,0,0
2025-01-22,580,580,569.4,572.5,14238,522414500,0,0
2025-01-23,572.5,574.4,564.4,571.3,16038,584677000,0,0
2025-01-24,571.3,573.1,561.9,565.6,11663,424384000,0,0
2025-01-27,571.3,582.5,571.3,578.1,8175,301824000,0,0
2025-01-28,577.5,586.3,575,583.1,6200,230527500,0,0
2025-01-29,583.1,590,578.8,586.3,5413,202855500,0,0
2025-01-30,586.3,598.1,586.3,596.3,7363,279859500,0,0
2025-01-31,601.3,605,595,602.5,17075,656339000,0,0
2025-02-03,594.4,611.3,583.8,602.5,18238,697619000,0,0
2025-02-04,614.4,653.8,605,646.3,29025,1182362000,0,0
2025-02-05,651.3,670,636.3,651.3,24325,1012729000,0,0
2025-02-06,651.3,651.3,637.5,648.8,10538,435540000,0,0
2025-02-07,658.8,670,656.3,660,16313,692468000,0,0
2025-02-10,661.3,661.3,632.5,643.8,11525,473971000,0,0
2025-02-12,643.8,646.3,637.5,641.3,9525,391184000,0,0
2025-02-13,650,652.5,636.3,640,15488,637745000,0,0
2025-02-14,645,651.3,638.8,645,8338,344594000,0,0
2025-02-17,651.3,656.3,642.5,647.5,6338,262966000,0,0
2025-02-18,651.3,656.3,638.8,656.3,11338,470513000,0,0
2025-02-19,660,676.3,643.8,646.3,22213,931236000,0,0
2025-02-20,647.5,650,636.3,645,11575,476383000,0,0
2025-02-21,640,651.3,638.8,650,6688,277618000,0,0
2025-02-25,637.5,643.8,626.3,637.5,13088,532473000,0,0
2025-02-26,636.3,641.3,625,628.8,9638,389087000,0,0
2025-02-27,628.8,632.5,625,631.3,5813,234161000,0,0
2025-02-28,630,630,614.4,620.6,17650,700989500,0,0
2025-03-03,628.8,630,615.6,620,11125,442176500,0,0
2025-03-04,616.9,619.4,609.4,613.8,6413,251941000,0,0
2025-03-05,611.3,619.4,609.4,616.9,12925,508866000,0,0
2025-03-06,620,635,618.8,632.5,11088,445753500,0,0
2025-03-07,628.8,633.8,618.8,633.8,7025,283075000,0,0
2025-03-10,632.5,632.5,611.3,611.3,8663,342922000,0,0
2025-03-11,598.1,602.5,580,594.4,25538,962040500,0,0
2025-03-12,601.3,628.8,600.6,622.5,17988,714067000,0,0
2025-03-13,627.5,635,624.4,626.3,7450,300531500,0,0
2025-03-14,627.5,633.8,626.3,632.5,9438,380495000,0,0
2025-03-17,642.5,665,642.5,663.8,15950,670590000,0,0
2025-03-18,665,693.8,665,691.3,19700,863947000,0,0
2025-03-19,691.3,692.5,678.8,682.5,12525,548735000,0,0
2025-03-21,730,775,730,758.8,49300,2381528000,0,0
2025-03-24,758.8,766.3,742.5,751.3,17888,861845000,0,0
2025-03-25,752.5,756.3,736.3,745,11575,551132000,0,0
2025-03-26,746.3,750,731.3,745,13950,663451000,0,0
2025-03-27,753.8,768.8,745,765,19975,973106000,0,0
2025-03-28,767.5,767.5,737.5,752.5,17163,824957000,0,0
2025-03-31,731.3,738.8,717.5,728.8,16713,780276000,0,0
2025-04-01,741.3,741.3,711.3,711.3,20463,942945000,0,0
2025-04-02,700,712.5,700,708.8,12150,549702000,0,0
2025-04-03,671.3,680,645,655,39438,1670252000,0,0
2025-04-04,619.4,619.4,580.6,615,46400,1783358000,0,0
2025-04-07,550.6,561.9,530.6,539.4,45200,1579615500,0,0
2025-04-08,580,612.5,580,587.5,28638,1086619000,0,0
2025-04-09,561.3,578.8,548.8,561.3,33775,1218675000,0,0
2025-04-10,625,626.3,605.6,621.3,27438,1083343000,0,0
2025-04-11,588.1,614.4,578.8,613.1,20825,789544500,0,0
2025-04-14,604.4,622.5,595.6,615,13700,538699500,0,0
2025-04-15,617.5,636.3,615,631.3,21163,849976000,0,0
2025-04-16,636.3,648.8,620,622.5,23975,974231500,0,0
2025-04-17,622.5,636.3,612.5,636.3,14188,567165500,0,0
2025-04-18,645,658.8,641.3,655,18263,760912000,0,0
2025-04-21,645,652.5,636.3,637.5,9938,408068000,0,0
2025-04-22,635,648.8,635,648.8,10088,415159000,0,0
2025-04-23,658.8,666.3,651.3,652.5,12350,520255000,0,0
2025-04-24,671.3,678.8,666.3,671.3,14475,623329000,0,0
2025-04-25,683.8,692.5,675,680,13963,609782000,0,0
2025-04-28,680,687.5,675,682.5,9588,418089000,0,0
2025-04-30,695,705,688.8,700,14588,651027000,0,0
2025-05-01,702.5,705,663.8,665,25813,1120717000,0,0
2025-05-02,676.3,676.3,637.5,646.3,39800,1672561000,0,0
2025-05-07,651.3,668.8,641.3,667.5,23363,983305000,0,0
2025-05-08,670,671.3,653.8,657.5,10263,432869000,0,0
2025-05-09,661.3,671.3,658.8,663.8,10963,466911000,0,0
2025-05-12,671.3,683.8,665,682.5,11375,491143000,0,0
2025-05-13,701.3,711.3,691.3,695,22138,990339000,0,0
2025-05-14,695,707.5,693.8,706.3,9488,426515000,0,0
2025-05-15,693.8,700,677.5,677.5,8225,360094000,0,0
2025-05-16,677.5,683.8,660,662.5,9788,419413000,0,0
2025-05-19,656.3,677.5,655,677.5,12925,552872000,0,0
2025-05-20,673.8,682.5,668.8,668.8,11200,482476000,0,0
2025-05-21,678.8,683.8,672.5,675,14463,627641000,0,0
2025-05-22,665,670,658.8,662.5,7213,306416000,0,0
2025-05-23,666.3,681.3,666.3,667.5,11025,474050000,0,0
2025-05-26,667.5,677.5,665,672.5,8350,358616000,0,0
2025-05-27,668.8,682.5,667.5,681.3,8350,361904000,0,0
2025-05-28,686.3,690,671.3,671.3,11175,484092000,0,0
2025-05-29,675,708.8,675,700,15963,711896000,0,0
2025-05-30,690,710,688.8,705,13450,603691000,0,0
2025-06-02,697.5,706.3,693.8,706.3,12000,539610000,0,0
2025-06-03,713.8,718.8,707.5,707.5,11913,542902000,0,0
2025-06-04,720,727.5,713.8,718.8,9788,450717000,0,0
2025-06-05,711.3,721.3,701.3,716.3,14450,657809000,0,0
2025-06-06,715,721.3,708.8,716.3,9038,413885000,0,0
2025-06-09,720,728.8,718.8,727.5,11875,551079000,0,0
2025-06-10,727.5,735,716.3,716.3,12663,586450000,0,0
2025-06-11,718.8,720,707.5,708.8,9625,438508000,0,0
2025-06-12,708.8,720,708.8,718.8,7738,354514000,0,0
2025-06-13,723.8,725,712.5,723.8,14938,689760000,0,0
2025-06-16,728.8,733.8,725,727.5,7325,341588000,0,0
2025-06-17,728.8,731.3,725,728.8,5688,265097000,0,0
2025-06-18,728.8,760,723.8,748.8,21450,1021917000,0,0
2025-06-19,750,758.8,742.5,758.8,13113,630614000,0,0
2025-06-20,751.3,763.8,743.8,753.8,17738,857268000,0,0
2025-06-23,751.3,773.8,748.8,761.3,11413,556795000,0,0
2025-06-24,768.8,771.3,756.3,756.3,9200,448560000,0,0
2025-06-25,757.5,760,747.5,760,8838,426845000,0,0
2025-06-26,758.8,766.3,756.3,761.3,9450,460528000,0,0
2025-06-27,760,771.3,757.5,765,11375,557448000,0,0
2025-06-30,773.8,777.5,756.3,760,18063,884531000,0,0
2025-07-01,751.3,792.5,737.5,781.3,37388,1847347000,0,0
2025-07-02,780,798.8,775,793.8,21388,1079977000,0,0
2025-07-03,792.5,798.8,786.3,797.5,11038,560574000,0,0
2025-07-04,806.3,818.8,802.5,818.8,13388,696229000,0,0
2025-07-07,826.3,832.5,817.5,821.3,15188,801123000,0,0
2025-07-08,813.8,823.8,810,817.5,14763,770627000,0,0
2025-07-09,817.5,850,810,838.8,21138,1128214000,0,0
2025-07-10,840,845,828.8,833.8,13925,744033000,0,0
2025-07-11,840,853.8,836.3,845,17838,966660000,0,0
2025-07-14,837.5,837.5,816.3,831.3,17988,951244000,0,0
2025-07-15,830,846.3,821.3,823.8,19038,1012384000,0,0
2025-07-16,821.3,826.3,811.3,822.5,13913,730725000,0,0
2025-07-17,821.3,842.5,820,833.8,12588,670619000,0,0
2025-07-18,841.3,850,835,842.5,9150,493018000,0,0
2025-07-22,842.5,848.8,825,831.3,12263,654368000,0,0
2025-07-23,843.8,852.5,827.5,840,22175,1194983000,0,0
2025-07-24,852.5,865,845,852.5,17650,965995000,0,0
2025-07-25,857.5,866.3,851.3,856.3,11450,628186000,0,0
2025-07-28,853.8,853.8,811.3,813.8,20438,1078306000,0,0
2025-07-29,813.8,845,810,840,21450,1143804000,0,0
2025-07-30,842.5,848.8,831.3,837.5,15813,848351000,0,0
2025-07-31,790,825,788.8,821.3,30013,1559329000,0,0
2025-08-01,821.3,828.8,808.8,826.3,13538,710770000,0,0
2025-08-04,793.8,803.8,785,803.8,22700,1155717000,0,0
2025-08-05,810,821.3,800,803.8,12850,666788000,0,0
2025-08-06,808.8,811.3,787.5,792.5,17388,887854000,0,0
2025-08-07,790,800,790,793.8,15975,812016000,0,0
2025-08-08,795,810,791.3,800,18163,930129000,0,0
2025-08-12,808.8,810,795,800,18813,964544000,0,0
2025-08-13,806.3,820,800,803.8,16113,834394000,0,0
2025-08-14,800,836.3,795,836.3,22138,1167486000,0,0
2025-08-15,845,870,845,870,26888,1483523000,0,0
2025-08-18,861.3,867.5,851.3,862.5,18863,1038195000,0,0
2025-08-19,862.5,862.5,837.5,842.5,14563,788945000,0,0
2025-08-20,845,866.3,838.8,866.3,13188,723171000,0,0
2025-08-21,866.3,880,860,875,16100,900020000,0,0
2025-08-22,880,896.3,877.5,888.8,16363,930115000,0,0
2025-08-25,901.3,906.3,877.5,877.5,13375,759124000,0,0
2025-08-26,880,887.5,865,877.5,17963,1006342000,0,0
2025-08-27,876.3,891.3,875,878.8,13725,773653000,0,0
2025-08-28,873.8,893.8,873.8,890,10038,570428000,0,0
2025-08-29,885,891.3,876.3,883.8,13213,748454000,0,0
2025-09-01,882.5,903.8,881.3,893.8,9975,568683000,0,0
2025-09-02,900,923.8,893.8,918.8,13938,813619000,0,0
2025-09-03,918.8,921.3,875,881.3,18188,1035999000,0,0
2025-09-04,882.5,895,881.3,890,9413,536148000,0,0
2025-09-05,892.5,903.8,891.3,893.8,9213,528237000,0,0
2025-09-08,900,901.3,887.5,898.8,11363,651628000,0,0
2025-09-09,898.8,906.3,886.3,891.3,9200,526335000,0,0
2025-09-10,892.5,913.8,892.5,911.3,9613,557700000,0,0
2025-09-11,912.5,916.3,900,905,7975,462523000,0,0
2025-09-12,918.8,918.8,908.8,912.5,13125,769288000,0,0
2025-09-16,915,916.3,898.8,905,11313,656405000,0,0
2025-09-17,897.5,898.8,882.5,882.5,12438,707345000,0,0
2025-09-18,882.5,890,873.8,878.8,11600,653471000,0,0
2025-09-19,881.3,902.5,881.3,895,15588,890914000,0,0
2025-09-22,893.8,907.5,890,901.3,8875,512133000,0,0
2025-09-24,911.3,917.5,897.5,902.5,10288,596280000,0,0
2025-09-25,902.5,913.8,901.3,908.8,8138,473171000,0,0
2025-09-26,912.5,928.8,910,923.8,15713,926890000,0,0
2025-09-29,913.8,913.8,888.8,895,12600,722603000,0,0
2025-09-30,887.5,911.3,883.8,902.5,16813,965622000,0,0
2025-10-01,900,906.3,880,886.3,15838,901497000,0,0
2025-10-02,887.5,896.3,873.8,878.8,14275,805307000,0,0
2025-10-03,878.8,902.5,877.5,897.5,14000,801578000,0,0
2025-10-06,891.3,903.8,872.5,901.3,31575,1795306000,0,0
2025-10-07,907.5,915,892.5,893.8,10388,597827000,0,0
2025-10-08,900,926.3,895,923.8,18738,1101352000,0,0
2025-10-09,923.8,930,912.5,921.3,14438,850117000,0,0
2025-10-10,912.5,917.5,902.5,908.8,14213,826974000,0,0
2025-10-14,887.5,895,863.8,863.8,18900,1058598000,0,0
2025-10-15,871.3,887.5,870,882.5,10025,565109000,0,0
2025-10-16,887.5,908.8,887.5,908.8,11913,688038000,0,0
2025-10-17,882.5,886.3,875,882.5,13625,768263000,0,0
2025-10-20,898.8,918.8,896.3,918.8,14675,855329000,0,0
2025-10-21,921.3,925,910,910,9763,572068000,0,0
2025-10-22,913.8,918.8,907.5,907.5,7575,441277000,0,0
2025-10-23,906.3,913.8,900,903.8,8175,473952000,0,0
2025-10-24,908.8,913.8,897.5,898.8,6200,357941000,0,0
2025-10-27,911.3,937.5,903.8,937.5,12575,748740000,0,0
2025-10-28,931.3,931.3,912.5,912.5,12250,721368000,0,0
2025-10-29,913.8,920,892.5,892.5,12988,750544000,0,0
2025-10-30,896.3,932.5,896.3,925,23163,1364586000,0,0
2025-10-31,933.8,935,907.5,917.5,10613,623458000,0,0
2025-11-04,926.3,960,910,942.5,26025,1568695000,0,0
2025-11-05,938.8,938.8,893.8,930,17925,1051263000,0,0
2025-11-06,938.8,963.8,930,962.5,13688,835128000,0,0
2025-11-07,951.3,952.5,927.5,935,11013,660737000,0,0
2025-11-10,950,960,941.3,948.8,10475,637529000,0,0
2025-11-11,941.3,947.5,933.8,938.8,9225,555233000,0,0
2025-11-12,946.3,961.3,941.3,956.3,10325,630206000,0,0
2025-11-13,961.3,980,961.3,975,10025,623720000,0,0
2025-11-14,962.5,993.8,961.3,993.8,14825,934548000,0,0
2025-11-17,1000,1007.5,982.5,983.8,14888,944866000,0,0
2025-11-18,975,978.8,953.8,955,13488,830983000,0,0
2025-11-19,963.8,973.8,946.3,957.5,12425,763763000,0,0
2025-11-20,982.5,986.3,965,980,9163,572407000,0,0
2025-11-21,972.5,1000,970,995,12238,775983000,0,0
2025-11-25,1000,1013.8,987.5,1002.5,10563,676583000,0,0
2025-11-26,1012.5,1056.3,1011.3,1047.5,24325,1619780000,0,0
2025-11-27,1062.5,1081.3,1045,1048.8,15425,1046056000,0,0
2025-11-28,1050,1066.3,1046.3,1060,13350,905598000,0,0
2025-12-01,1075,1093.8,1068.8,1076.3,14875,1029403000,0,0
2025-12-02,1083.8,1095,1066.3,1067.5,11925,821912000,0,0
2025-12-03,1062.5,1062.5,1037.5,1045,10050,674104000,0,0
2025-12-04,1050,1071.3,1038.8,1071.3,12025,818160000,0,0
2025-12-05,1053.8,1070,1053.8,1068.8,8300,565147000,0,0
2025-12-08,1073.8,1078.8,1060,1071.3,7638,521939000,0,0
2025-12-09,1070,1090,1070,1078.8,16013,1106278000,0,0
2025-12-10,1078.8,1086.3,1068.8,1071.3,9850,677322000,0,0
2025-12-11,1076.3,1085,1053.8,1056.3,7725,526877000,0,0
2025-12-12,1072.5,1085,1066.3,1073.8,12975,893346000,0,0
2025-12-15,1077.5,1126.3,1076.3,1122.5,18138,1284753000,0,0
2025-12-16,1120,1127.5,1090,1091.3,14113,998610000,0,0
2025-12-17,1093.8,1095,1071.3,1082.5,10400,721945000,0,0
2025-12-18,1088.8,1088.8,1062.5,1071.3,7075,486711000,0,0
2025-12-19,1078.8,1112.5,1078.8,1100,14525,1020544000,0,0
2025-12-22,1112.5,1113.8,1081.3,1086.3,11800,825826000,0,0
2025-12-23,1085,1102.5,1077.5,1092.5,7113,497390000,0,0
2025-12-24,1091.3,1103.8,1078.8,1086.3,9263,645337000,0,0
2025-12-25,1082.5,1088.8,1073.8,1080,6800,471035000,0,0
2025-12-26,1082.5,1091.3,1068.8,1075,10275,708622000,0,0
2025-12-29,1075,1087.5,1071.3,1087.5,7200,498692000,0,0
2025-12-30,1086.3,1112.5,1082.5,1087.5,9150,642250000,0,0
2026-01-05,1095,1108.8,1092.5,1103.8,9325,657676000,0,0
2026-01-06,1113.8,1133.8,1113.8,1126.3,11288,812808000,0,0
2026-01-07,1116.3,1136.3,1116.3,1132.5,13588,980066000,0,0
2026-01-08,1123.8,1147.5,1123.8,1138.8,9975,726094000,0,0
2026-01-09,1152.5,1170,1138.8,1161.3,13913,1029586000,0,0
2026-01-13,1187.5,1191.3,1171.3,1173.8,13638,1027992000,0,0
2026-01-14,1186.3,1206.3,1155,1202.5,16513,1253727000,0,0
2026-01-15,1198.8,1232.5,1198.8,1223.8,12263,959153000,0,0
2026-01-16,1222.5,1236.3,1221.3,1226.3,12038,945773000,0,0
2026-01-19,1226.3,1235,1207.5,1225,10200,798042000,0,0
2026-01-20,1226.3,1228.8,1212.5,1215,8388,653666000,0,0
2026-01-21,1177.5,1198.8,1162.5,1185,14013,1060259000,0,0
2026-01-22,1200,1251.3,1200,1228.8,20325,1606718000,0,0
2026-01-23,1227.5,1265,1227.5,1253.8,11313,904720000,0,0
2026-01-26,1218.8,1237.5,1210,1216.3,18725,1459526000,0,0
2026-01-27,1205,1238.8,1200,1238.8,9613,755777000,0,0
2026-01-28,1231.3,1238.8,1213.8,1226.3,8675,680653000,0,0
2026-01-29,1226.3,1247.5,1208.8,1246.3,13413,1055345000,0,0
2026-01-30,1248.8,1267.5,1242.5,1258.8,16375,1316061000,0,0
2026-02-02,1286.3,1322.5,1228.8,1233.8,30313,2474556000,0,0
2026-02-03,1271.3,1295,1257.5,1295,18988,1561417000,0,0
2026-02-04,1283.8,1325,1283.8,1305,20250,1691550000,0,0
2026-02-05,1327.5,1356.3,1321.3,1352.5,17213,1480383000,0,0
2026-02-06,1326.3,1366.3,1315,1366.3,12138,1045554000,0,0
2026-02-09,1420,1420,1385,1416.3,13225,1191345000,0,0
2026-02-10,1422.5,1458.8,1422.5,1458.8,18125,1681652000,0,0
2026-02-12,1462.5,1537.5,1451.3,1527.5,22238,2155427000,0,0
2026-02-13,1518.8,1521.3,1431.3,1435,30875,2877975000,0,0
2026-02-16,1430,1436.3,1371.3,1400,20200,1801205000,0,0
2026-02-17,1387.5,1406.3,1342.5,1356.3,13275,1159596000,0,0
2026-02-18,1377.5,1393.8,1365,1386.3,11013,974596000,0,0
2026-02-19,1386.3,1447.5,1386.3,1447.5,19325,1765013000,0,0
2026-02-20,1415,1451.3,1403.8,1423.8,16325,1491056000,0,0
2026-02-24,1411.3,1411.3,1352.5,1381.3,22188,1956344000,0,0
2026-02-25,1397.5,1402.5,1352.5,1376.3,16913,1488497000,0,0
2026-02-26,1412.5,1423.8,1391.3,1417.5,11563,1045512000,0,0
2026-02-27,1426.3,1467.5,1417.5,1462.5,15300,1421819000,0,0
2026-03-02,1393.8,1411.3,1373.8,1410,18050,1614027000,0,0
2026-03-03,1391.3,1438.8,1386.3,1400,18263,1647425000,0,0
2026-03-04,1342.5,1386.3,1300,1326.3,54338,4614874000,0,0
2026-03-05,1380,1433.8,1363.8,1422.5,22888,2066754000,0,0
2026-03-06,1380,1423.8,1368.8,1417.5,14925,1340028000,0,0
2026-03-09,1391.3,1391.3,1307.5,1337.5,27075,2316236000,0,0
2026-03-10,1375,1427.5,1370,1413.8,14763,1324173000,0,0
2026-03-11,1425,1445,1412.5,1416.3,21450,1952529000,0,0
2026-03-12,1387.5,1406.3,1355,1366.3,26013,2285392000,0,0
2026-03-13,1342.5,1383.8,1335,1367.5,17075,1488826000,0,0
2026-03-16,1343.8,1362.5,1335,1348.8,13150,1135240000,0,0
2026-03-17,1370,1390,1356.3,1371.3,13525,1188992000,0,0
2026-03-18,1382.5,1423.8,1382.5,1420,9775,880864000,0,0
2026-03-19,1385,1403.8,1376.3,1386.3,15825,1406475000,0,0
2026-03-23,1317.5,1333.8,1283.8,1310,17575,1473583000,0,0
2026-03-24,1352.5,1360,1336.3,1346.3,16625,1434401000,0,0
2026-03-25,1387.5,1407.5,1385,1398.8,13225,1183827000,0,0
2026-03-26,1398.8,1403.8,1355,1373.8,22913,2010058000,0,0
2026-03-27,1371.3,1418.8,1366.3,1406.3,24888,2227724000,0,0
2026-03-30,1321.3,1380,1316.3,1376.3,20525,1793034000,0,0
2026-03-31,1345,1407.5,1345,1376.3,18188,1603952000,0,0
2026-04-01,1451.3,1478.8,1437.5,1478.8,25413,2374607000,0,0
2026-04-02,1493.8,1511.3,1435,1442.5,14700,1376909000,0,0
2026-04-03,1440,1448.8,1415,1437.5,10575,969574000,0,0
2026-04-06,1441.3,1452.5,1433.8,1437.5,8500,785101000,0,0
2026-04-07,1455,1473.8,1446.3,1457.5,8363,780414000,0,0
2026-04-08,1530,1541.3,1500,1502.5,14238,1376941000,0,0
2026-04-09,1511.3,1545,1501.3,1523.8,14100,1374731000,0,0
2026-04-10,1543.8,1567.5,1533.8,1535,14738,1455584000,0,0
2026-04-13,1520,1550,1511.3,1522.5,11750,1146084000,0,0
2026-04-14,1541.3,1553.8,1473.8,1533.8,16100,1580144000,0,0
2026-04-15,1541.3,1563.8,1521.3,1526.3,12575,1237519000,0,0
2026-04-16,1552.5,1552.5,1526.3,1543.8,8950,881262000,0,0
2026-04-17,1525,1540,1512.5,1521.3,8000,778792000,0,0
2026-04-20,1540,1540,1480,1480,6250,597903000,0,0
2026-04-21,1483.8,1490,1447.5,1455,9750,910567000,0,0
2026-04-22,1455,1457.5,1406.3,1412.5,9050,821474000,0,0
2026-04-23,1393.8,1418.8,1387.5,1415,11600,1042480000,0,0
2026-04-24,1403.8,1423.8,1388.8,1410,6650,600419000,0,0
2026-04-27,1386.3,1413.8,1371.3,1400,8375,750430000,0,0
2026-04-28,1418.8,1488.8,1408.8,1487.5,13663,1285046000,0,0
2026-04-30,1478.8,1478.8,1427.5,1457.5,14988,1393907000,0,0
2026-05-01,1447.5,1475,1430,1461.3,10575,987935000,0,0
2026-05-07,1550,1550,1493.8,1515,32400,3144484000,0,0
2026-05-08,1480,1497.5,1420,1436.3,19725,1826767000,0,0
2026-05-11,1398.8,1420,1260,1277.5,96763,8078601000,0,0
2026-05-12,1290,1291.3,1242.5,1247.5,35438,2852067000,0,0
2026-05-13,1231.3,1320,1227.5,1318.8,38425,3173884000,0,0
2026-05-14,1321.3,1338.8,1310,1311.3,29700,2511505000,0,0
2026-05-18,1316.3,1322.5,1285,1306.3,41675,3484533000,0,0
2026-05-19,1337.5,1400,1316.3,1325,150288,12862600000,0,0
2026-05-20,1322.5,1345,1315,1326.3,182913,15540426000,0,0
2026-05-21,1352.5,1393.8,1338.8,1391.3,85525,7484903000,0,0
2026-05-22,1392.5,1420,1380,1381.3,41475,3699344000,0,0
2026-05-25,1390,1440,1386.3,1431.3,92138,8373528000,0,0
2026-05-26,1431.3,1456.3,1388.8,1435,383300,35017785000,0,0
2026-05-27,1456.3,1478.8,1432.5,1455,106800,9979981000,0,0
2026-05-28,1442.5,1448.8,1400,1428.8,66350,6042271000,0,0
2026-05-29,1441.3,1470,1423.8,1437.5,70213,6493737000,0,0
2026-06-01,1450,1451.3,1386.3,1387.5,49588,4495737000,0,0
2026-06-02,1373.8,1423.8,1352.5,1423.8,62075,5518571000,0,0
2026-06-03,1440,1490,1428.8,1462.5,64525,6033713000,0,0
2026-06-04,1431.3,1522.5,1431.3,1507.5,50475,4818322000,0,0
2026-06-05,1518.8,1525,1456.3,1466.3,41825,3960156000,0,0
2026-06-08,1437.5,1476.3,1422.5,1476.3,69363,6450462000,0,0
2026-06-09,1497.5,1556.3,1483.8,1543.8,54450,5308532000,0,0
2026-06-10,1545,1575,1503.8,1503.8,36288,3561959000,0,0
2026-06-11,1502.5,1515,1447.5,1473.8,27963,2640161000,0,0
2026-06-12,1496.3,1498.8,1430,1438.8,38788,3612220000,0,0
2026-06-15,1500,1503.8,1458.8,1462.5,29750,2819978000,0,0
2026-06-16,1457.5,1466.3,1398.8,1443.8,30188,2766764000,0,0
2026-06-17,1468.8,1505,1450,1461.3,40800,3869459000,0,0
2026-06-18,1501.3,1546.3,1498.8,1528.8,33550,3274499000,0,0
2026-06-19,1548.8,1567.5,1523.8,1562.5,60650,6033126000,0,0
2026-06-22,1573.8,1632.5,1567.5,1617.5,57775,5944598000,0,0
2026-06-23,1641.3,1703.8,1617.5,1617.5,60850,6473742000,0,0
2026-06-24,1625,1700,1623.8,1666.3,81813,8731983000,0,0
2026-06-25,1703.8,1755,1703.8,1738.8,3950400,6844655000,0,0
2026-06-26,1741.3,1820,1741.3,1796.3,4278400,7663352000,0,0
2026-06-29,1804,1887,1742,1887,5613400,10318684300,0,0
2026-06-30,1870,1920,1782,1800,4091900,7479634900,0,0
2026-07-01,1808,1878,1740,1760,3251300,5831851300,0,0
2026-07-02,1773,1823,1755,1774,1884400,3369011700,0,0
2026-07-03,1774,1814,1745,1798,1779700,3181331600,0,0
2026-07-06,1820,1820,1758,1780,1732200,3081195600,0,0
2026-07-07,1790,1833,1769,1800,2125700,3819807400,0,0
2026-07-08,1815,1848,1806,1822,2045000,3729654700,0,0
2026-07-09,1800,1818,1718,1738,2442600,4276055600,0,0
2026-07-10,1740,1755,1698,1700,1968600,3387835400,0,0
