Date,Open,High,Low,Close,Volume,TradingValue,UpLimit,UnderLimit
2016-02-05,495,503.333333,488.333333,500,3867000,,,
2016-02-08,495,508.333333,486.666667,505,2742000,,,
2016-02-09,486.666667,495,476.666667,478.333333,4260000,,,
2016-02-10,478.333333,490,458.333333,468.333333,4530000,,,
2016-02-12,448.333333,460,438.333333,440,4197000,,,
2016-02-15,463.333333,465,451.666667,461.666667,4620000,,,
2016-02-16,461.666667,491.666667,458.333333,483.333333,4707000,,,
2016-02-17,483.333333,496.666667,478.333333,490,3648000,,,
2016-02-18,501.666667,508.333333,491.666667,501.666667,2208000,,,
2016-02-19,495,498.333333,483.333333,488.333333,1689000,,,
2016-02-22,483.333333,500,480,490,1206000,,,
2016-02-23,491.666667,498.333333,483.333333,486.666667,1692000,,,
2016-02-24,481.666667,491.666667,473.333333,483.333333,3504000,,,
2016-02-25,486.666667,493.333333,478.333333,490,3672000,,,
2016-02-26,490,496.666667,483.333333,491.666667,3264000,,,
2016-02-29,501.666667,505,483.333333,483.333333,3489000,,,
2016-03-01,480,481.666667,468.333333,473.333333,2700000,,,
2016-03-02,486.666667,501.666667,486.666667,500,3267000,,,
2016-03-03,498.333333,513.333333,498.333333,510,2142000,,,
2016-03-04,513.333333,540,511.666667,536.666667,3657000,,,
2016-03-07,538.333333,545,531.666667,535,2787000,,,
2016-03-08,536.666667,543.333333,520,528.333333,2583000,,,
2016-03-09,515,521.666667,505,510,1695000,,,
2016-03-10,518.333333,526.666667,515,525,1764000,,,
2016-03-11,528.333333,543.333333,521.666667,540,4650000,,,
2016-03-14,548.333333,560,546.666667,553.333333,2595000,,,
2016-03-15,553.333333,556.666667,545,548.333333,2268000,,,
2016-03-16,541.666667,551.666667,540,548.333333,2337000,,,
2016-03-17,553.333333,560,541.666667,548.333333,1761000,,,
2016-03-18,548.333333,555,536.666667,546.666667,2940000,,,
2016-03-22,558.333333,561.666667,548.333333,551.666667,1398000,,,
2016-03-23,553.333333,556.666667,541.666667,543.333333,1959000,,,
2016-03-24,543.333333,543.333333,535,540,1431000,,,
2016-03-25,538.333333,545,525,540,2364000,,,
2016-03-28,546.666667,558.333333,538.333333,556.666667,3237000,,,
2016-03-29,545,558.333333,540,556.666667,2547000,,,
2016-03-30,555,555,535,538.333333,1242000,,,
2016-03-31,540,561.666667,540,555,2838000,,,
2016-04-01,555,555,528.333333,531.666667,3021000,,,
2016-04-04,530,535,518.333333,526.666667,2058000,,,
2016-04-05,520,523.333333,503.333333,505,2550000,,,
2016-04-06,501.666667,510,496.666667,505,2862000,,,
2016-04-07,501.666667,521.666667,498.333333,516.666667,3834000,,,
2016-04-08,505,533.333333,500,526.666667,2442000,,,
2016-04-11,518.333333,526.666667,505,521.666667,2112000,,,
2016-04-12,521.666667,533.333333,521.666667,526.666667,2169000,,,
2016-04-13,533.333333,553.333333,533.333333,550,2121000,,,
2016-04-14,558.333333,576.666667,556.666667,576.666667,2994000,,,
2016-04-15,565,573.333333,563.333333,570,1965000,,,
2016-04-18,543.333333,555,541.666667,543.333333,2259000,,,
2016-04-19,555,571.666667,551.666667,561.666667,1833000,,,
2016-04-20,568.333333,570,558.333333,561.666667,2394000,,,
2016-04-21,570,580,566.666667,575,2691000,,,
2016-04-22,571.666667,586.666667,565,586.666667,1656000,,,
2016-04-25,593.333333,593.333333,583.333333,586.666667,1344000,,,
2016-04-26,580,586.666667,573.333333,580,1848000,,,
2016-04-27,620,633.333333,606.666667,631.666667,9066000,,,
2016-04-28,636.666667,645,620,620,6477000,,,
2016-05-02,613.333333,616.666667,586.666667,593.333333,3639000,,,
2016-05-06,606.666667,616.666667,596.666667,613.333333,2790000,,,
2016-05-09,613.333333,620,608.333333,620,2226000,,,
2016-05-10,625,628.333333,610,616.666667,3399000,,,
2016-05-11,613.333333,613.333333,565,576.666667,6798000,,,
2016-05-12,573.333333,600,566.666667,598.333333,3909000,,,
2016-05-13,601.666667,601.666667,583.333333,593.333333,2736000,,,
2016-05-16,591.666667,601.666667,586.666667,590,1548000,,,
2016-05-17,596.666667,600,590,598.333333,1731000,,,
2016-05-18,590,600,588.333333,593.333333,2583000,,,
2016-05-19,601.666667,616.666667,601.666667,610,2796000,,,
2016-05-20,606.666667,628.333333,601.666667,625,2502000,,,
2016-05-23,618.333333,620,605,616.666667,1992000,,,
2016-05-24,616.666667,616.666667,605,606.666667,1719000,,,
2016-05-25,616.666667,616.666667,606.666667,613.333333,1860000,,,
2016-05-26,620,626.666667,618.333333,623.333333,921000,,,
2016-05-27,625,625,616.666667,621.666667,1011000,,,
2016-05-30,625,633.333333,623.333333,631.666667,1389000,,,
2016-05-31,631.666667,648.333333,628.333333,648.333333,2127000,,,
2016-06-01,636.666667,645,633.333333,640,1827000,,,
2016-06-02,628.333333,628.333333,616.666667,623.333333,2454000,,,
2016-06-03,620,630,618.333333,630,1983000,,,
2016-06-06,613.333333,631.666667,610,628.333333,2097000,,,
2016-06-07,631.666667,640,630,636.666667,1515000,,,
2016-06-08,635,636.666667,625,635,1347000,,,
2016-06-09,631.666667,631.666667,616.666667,623.333333,1632000,,,
2016-06-10,616.666667,618.333333,606.666667,618.333333,2703000,,,
2016-06-13,605,605,586.666667,586.666667,1698000,,,
2016-06-14,585,590,566.666667,571.666667,2865000,,,
2016-06-15,561.666667,581.666667,561.666667,573.333333,1644000,,,
2016-06-16,570,573.333333,558.333333,558.333333,2007000,,,
2016-06-17,566.666667,590,566.666667,590,4869000,,,
2016-06-20,591.666667,608.333333,591.666667,605,1728000,,,
2016-06-21,596.666667,616.666667,595,613.333333,1455000,,,
2016-06-22,606.666667,608.333333,598.333333,601.666667,1113000,,,
2016-06-23,605,621.666667,605,621.666667,1002000,,,
2016-06-24,628.333333,628.333333,565,568.333333,2820000,,,
2016-06-27,573.333333,573.333333,530,540,3177000,,,
2016-06-28,538.333333,538.333333,513.333333,535,2997000,,,
2016-06-29,535,548.333333,528.333333,541.666667,2334000,,,
2016-06-30,550,556.666667,541.666667,548.333333,4209000,,,
2016-07-01,558.333333,568.333333,545,561.666667,2997000,,,
2016-07-04,556.666667,556.666667,541.666667,548.333333,2547000,,,
2016-07-05,541.666667,548.333333,535,538.333333,2280000,,,
2016-07-06,525,530,513.333333,528.333333,2463000,,,
2016-07-07,531.666667,543.333333,530,540,2967000,,,
2016-07-08,545,553.333333,530,531.666667,1806000,,,
2016-07-11,541.666667,550,541.666667,546.666667,3273000,,,
2016-07-12,558.333333,586.666667,558.333333,581.666667,2976000,,,
2016-07-13,593.333333,603.333333,581.666667,585,3381000,,,
2016-07-14,590,593.333333,576.666667,580,3054000,,,
2016-07-15,588.333333,623.333333,585,613.333333,4257000,,,
2016-07-19,603.333333,610,593.333333,598.333333,4932000,,,
2016-07-20,588.333333,600,586.666667,598.333333,2559000,,,
2016-07-21,608.333333,628.333333,598.333333,605,3348000,,,
2016-07-22,591.666667,600,583.333333,598.333333,2949000,,,
2016-07-25,601.666667,611.666667,598.333333,600,2301000,,,
2016-07-26,586.666667,595,576.666667,581.666667,1986000,,,
2016-07-27,588.333333,610,586.666667,608.333333,3801000,,,
2016-07-28,600,615,593.333333,603.333333,2361000,,,
2016-07-29,608.333333,616.666667,596.666667,615,2289000,,,
2016-08-01,603.333333,616.666667,598.333333,610,1917000,,,
2016-08-02,605,605,588.333333,588.333333,1824000,,,
2016-08-03,580,580,566.666667,566.666667,2130000,,,
2016-08-04,570,600,570,593.333333,3402000,,,
2016-08-05,603.333333,610,590,593.333333,2763000,,,
2016-08-08,631.666667,666.666667,630,656.666667,8991000,,,
2016-08-09,656.666667,671.666667,646.666667,670,4974000,,,
2016-08-10,663.333333,663.333333,648.333333,655,2382000,,,
2016-08-12,656.666667,660,638.333333,658.333333,3078000,,,
2016-08-15,646.666667,655,645,651.666667,1281000,,,
2016-08-16,648.333333,655,643.333333,645,1848000,,,
2016-08-17,646.666667,675,646.666667,671.666667,3117000,,,
2016-08-18,663.333333,678.333333,663.333333,671.666667,2469000,,,
2016-08-19,676.666667,695,676.666667,690,3147000,,,
2016-08-22,693.333333,693.333333,671.666667,675,2199000,,,
2016-08-23,668.333333,670,658.333333,665,2325000,,,
2016-08-24,673.333333,678.333333,666.666667,670,1617000,,,
2016-08-25,668.333333,670,655,661.666667,1899000,,,
2016-08-26,661.666667,663.333333,651.666667,660,1425000,,,
2016-08-29,673.333333,676.666667,666.666667,671.666667,2499000,,,
2016-08-30,673.333333,691.666667,670,691.666667,1872000,,,
2016-08-31,695,700,691.666667,700,2259000,,,
2016-09-01,705,725,698.333333,723.333333,4017000,,,
2016-09-02,725,728.333333,716.666667,726.666667,3489000,,,
2016-09-05,731.666667,733.333333,723.333333,728.333333,1518000,,,
2016-09-06,721.666667,728.333333,718.333333,725,1650000,,,
2016-09-07,716.666667,736.666667,711.666667,736.666667,2697000,,,
2016-09-08,736.666667,738.333333,731.666667,735,2040000,,,
2016-09-09,736.666667,745,733.333333,736.666667,3939000,,,
2016-09-12,728.333333,730,713.333333,726.666667,2226000,,,
2016-09-13,728.333333,728.333333,715,718.333333,1260000,,,
2016-09-14,713.333333,713.333333,691.666667,693.333333,2832000,,,
2016-09-15,696.666667,705,686.666667,690,2988000,,,
2016-09-16,700,706.666667,691.666667,698.333333,3066000,,,
2016-09-20,695,715,693.333333,701.666667,2508000,,,
2016-09-21,703.333333,723.333333,691.666667,721.666667,2226000,,,
2016-09-23,725,735,715,735,2154000,,,
2016-09-26,735,743.333333,733.333333,740,2544000,,,
2016-09-27,736.666667,750,728.333333,750,3729000,,,
2016-09-28,738.333333,741.666667,733.333333,740,2445000,,,
2016-09-29,745,758.333333,740,753.333333,3813000,,,
2016-09-30,741.666667,751.666667,728.333333,748.333333,3240000,,,
2016-10-03,751.666667,753.333333,736.666667,741.666667,2931000,,,
2016-10-04,755,763.333333,746.666667,753.333333,3780000,,,
2016-10-05,760,785,760,780,5271000,,,
2016-10-06,788.333333,790,773.333333,775,3282000,,,
2016-10-07,773.333333,778.333333,766.666667,776.666667,1917000,,,
2016-10-11,775,783.333333,770,773.333333,1719000,,,
2016-10-12,761.666667,770,756.666667,760,2439000,,,
2016-10-13,768.333333,780,766.666667,778.333333,3180000,,,
2016-10-14,780,795,776.666667,788.333333,4383000,,,
2016-10-17,788.333333,800,781.666667,796.666667,3423000,,,
2016-10-18,790,800,790,793.333333,2991000,,,
2016-10-19,790,796.666667,773.333333,793.333333,2724000,,,
2016-10-20,785,795,785,795,2274000,,,
2016-10-21,796.666667,796.666667,790,791.666667,1542000,,,
2016-10-24,788.333333,796.666667,785,795,1251000,,,
2016-10-25,793.333333,798.333333,788.333333,795,3186000,,,
2016-10-26,790,793.333333,780,781.666667,2409000,,,
2016-10-27,781.666667,785,773.333333,778.333333,1908000,,,
2016-10-28,783.333333,801.666667,778.333333,798.333333,3516000,,,
2016-10-31,793.333333,803.333333,790,801.666667,1893000,,,
2016-11-01,801.666667,801.666667,791.666667,795,1674000,,,
2016-11-02,793.333333,793.333333,783.333333,785,1653000,,,
2016-11-04,771.666667,771.666667,758.333333,771.666667,2247000,,,
2016-11-07,771.666667,783.333333,771.666667,773.333333,1512000,,,
2016-11-08,801.666667,806.666667,781.666667,791.666667,3279000,,,
2016-11-09,795,805,723.333333,733.333333,5154000,,,
2016-11-10,786.666667,791.666667,771.666667,786.666667,3915000,,,
2016-11-11,793.333333,816.666667,793.333333,815,6057000,,,
2016-11-14,815,835,813.333333,830,3510000,,,
2016-11-15,836.666667,846.666667,831.666667,838.333333,2988000,,,
2016-11-16,836.666667,846.666667,835,841.666667,2355000,,,
2016-11-17,835,848.333333,831.666667,843.333333,2388000,,,
2016-11-18,851.666667,866.666667,851.666667,866.666667,4635000,,,
2016-11-21,870,875,853.333333,856.666667,2376000,,,
2016-11-22,850,853.333333,843.333333,846.666667,2112000,,,
2016-11-24,846.666667,850,838.333333,843.333333,2766000,,,
2016-11-25,846.666667,868.333333,846.666667,861.666667,3651000,,,
2016-11-28,861.666667,863.333333,850,861.666667,1950000,,,
2016-11-29,855,855,851.666667,855,1443000,,,
2016-11-30,858.333333,866.666667,856.666667,866.666667,3132000,,,
2016-12-01,875,883.333333,870,875,5145000,,,
2016-12-02,876.666667,881.666667,871.666667,880,3246000,,,
2016-12-05,868.333333,876.666667,866.666667,871.666667,2091000,,,
2016-12-06,881.666667,890,876.666667,888.333333,4308000,,,
2016-12-07,891.666667,898.333333,888.333333,893.333333,1914000,,,
2016-12-08,896.666667,906.666667,895,906.666667,2994000,,,
2016-12-09,908.333333,915,903.333333,910,2874000,,,
2016-12-12,910,913.333333,885,893.333333,2490000,,,
2016-12-13,876.666667,900,871.666667,896.666667,2433000,,,
2016-12-14,900,900,885,888.333333,1335000,,,
2016-12-15,895,908.333333,895,900,2154000,,,
2016-12-16,908.333333,925,906.666667,918.333333,4830000,,,
2016-12-19,915,920,908.333333,916.666667,2160000,,,
2016-12-20,915,920,908.333333,915,1533000,,,
2016-12-21,921.666667,921.666667,906.666667,906.666667,1458000,,,
2016-12-22,916.666667,936.666667,913.333333,931.666667,5061000,,,
2016-12-26,945,950,923.333333,923.333333,2685000,,,
2016-12-27,921.666667,941.666667,916.666667,941.666667,3543000,,,
2016-12-28,943.333333,951.666667,936.666667,948.333333,2823000,,,
2016-12-29,941.666667,946.666667,935,943.333333,3021000,,,
2016-12-30,933.333333,948.333333,931.666667,945,2544000,,,
2017-01-04,950,975,950,975,3750000,,,
2017-01-05,975,976.666667,956.666667,963.333333,2625000,,,
2017-01-06,946.666667,950,938.333333,943.333333,2157000,,,
2017-01-10,941.666667,945,926.666667,931.666667,2490000,,,
2017-01-11,930,938.333333,926.666667,928.333333,1932000,,,
2017-01-12,923.333333,928.333333,911.666667,926.666667,1815000,,,
2017-01-13,918.333333,928.333333,918.333333,926.666667,1395000,,,
2017-01-16,918.333333,921.666667,900,905,1893000,,,
2017-01-17,906.666667,906.666667,890,891.666667,1899000,,,
2017-01-18,888.333333,900,880,900,1662000,,,
2017-01-19,910,921.666667,906.666667,918.333333,2736000,,,
2017-01-20,935,936.666667,921.666667,928.333333,3132000,,,
2017-01-23,920,930,908.333333,925,2391000,,,
2017-01-24,920,920,905,905,1665000,,,
2017-01-25,921.666667,946.666667,918.333333,945,3675000,,,
2017-01-26,955,965,945,948.333333,3387000,,,
2017-01-27,950,951.666667,936.666667,940,2352000,,,
2017-01-30,933.333333,933.333333,923.333333,923.333333,1818000,,,
2017-01-31,906.666667,920,906.666667,918.333333,1617000,,,
2017-02-01,906.666667,928.333333,901.666667,928.333333,1488000,,,
2017-02-02,935,936.666667,906.666667,910,2178000,,,
2017-02-03,910,921.666667,910,915,1866000,,,
2017-02-06,920,923.333333,906.666667,910,1446000,,,
2017-02-07,901.666667,906.666667,893.333333,896.666667,2028000,,,
2017-02-08,888.333333,905,885,903.333333,2004000,,,
2017-02-09,970,990,966.666667,981.666667,13875000,,,
2017-02-10,985,1030,980,1025,10146000,,,
2017-02-13,1031.666667,1033.333333,1013.333333,1016.666667,4917000,,,
2017-02-14,1021.666667,1038.333333,1021.666667,1023.333333,3921000,,,
2017-02-15,1036.666667,1066.666667,1031.666667,1040,4641000,,,
2017-02-16,1041.666667,1065,1041.666667,1061.666667,3258000,,,
2017-02-17,1048.333333,1058.333333,1045,1050,2301000,,,
2017-02-20,1051.666667,1065,1045,1046.666667,3432000,,,
2017-02-21,1050,1066.666667,1050,1056.666667,2322000,,,
2017-02-22,1065,1065,1045,1048.333333,2250000,,,
2017-02-23,1048.333333,1048.333333,1025,1031.666667,2682000,,,
2017-02-24,1025,1025,1010,1010,3003000,,,
2017-02-27,1000,1010,986.666667,996.666667,2379000,,,
2017-02-28,1008.333333,1020,1006.666667,1008.333333,2583000,,,
2017-03-01,1010,1018.333333,1001.666667,1013.333333,3099000,,,
2017-03-02,1033.333333,1048.333333,1028.333333,1031.666667,3306000,,,
2017-03-03,1033.333333,1036.666667,1010,1013.333333,3015000,,,
2017-03-06,1006.666667,1026.666667,998.333333,1023.333333,3039000,,,
2017-03-07,1020,1020,1000,1003.333333,3519000,,,
2017-03-08,1010,1011.666667,996.666667,1005,2004000,,,
2017-03-09,1020,1050,1020,1046.666667,5436000,,,
2017-03-10,1061.666667,1076.666667,1061.666667,1068.333333,5559000,,,
2017-03-13,1068.333333,1070,1048.333333,1051.666667,2688000,,,
2017-03-14,1050,1050,1038.333333,1046.666667,2520000,,,
2017-03-15,1030,1038.333333,1016.666667,1021.666667,2850000,,,
2017-03-16,1018.333333,1043.333333,1015,1035,3591000,,,
2017-03-17,1035,1035,1021.666667,1026.666667,2361000,,,
2017-03-21,1023.333333,1023.333333,1011.666667,1013.333333,1737000,,,
2017-03-22,988.333333,988.333333,975,976.666667,2853000,,,
2017-03-23,976.666667,978.333333,968.333333,971.666667,1665000,,,
2017-03-24,981.666667,995,976.666667,988.333333,2247000,,,
2017-03-27,976.666667,976.666667,968.333333,973.333333,2142000,,,
2017-03-28,986.666667,998.333333,986.666667,991.666667,3054000,,,
2017-03-29,995,998.333333,980,986.666667,2046000,,,
2017-03-30,990,996.666667,980,983.333333,2121000,,,
2017-03-31,986.666667,991.666667,966.666667,966.666667,2631000,,,
2017-04-03,961.666667,961.666667,933.333333,940,4179000,,,
2017-04-04,933.333333,933.333333,898.333333,910,4071000,,,
2017-04-05,910,916.666667,893.333333,901.666667,4866000,,,
2017-04-06,886.666667,890,860,863.333333,6066000,,,
2017-04-07,871.666667,885,866.666667,873.333333,6582000,,,
2017-04-10,883.333333,890,866.666667,880,3588000,,,
2017-04-11,870,876.666667,861.666667,866.666667,3147000,,,
2017-04-12,853.333333,863.333333,841.666667,863.333333,4512000,,,
2017-04-13,846.666667,846.666667,828.333333,843.333333,3813000,,,
2017-04-14,845,848.333333,830,830,2253000,,,
2017-04-17,818.333333,821.666667,810,816.666667,3750000,,,
2017-04-18,826.666667,830,813.333333,820,2727000,,,
2017-04-19,808.333333,811.666667,795,806.666667,4680000,,,
2017-04-20,815,838.333333,813.333333,831.666667,4803000,,,
2017-04-21,845,858.333333,841.666667,855,4734000,,,
2017-04-24,863.333333,870,853.333333,856.666667,3369000,,,
2017-04-25,860,891.666667,860,890,5346000,,,
2017-04-26,918.333333,936.666667,918.333333,928.333333,6873000,,,
2017-04-27,928.333333,950,928.333333,936.666667,5307000,,,
2017-04-28,935,935,913.333333,916.666667,5472000,,,
2017-05-01,923.333333,933.333333,920,925,3873000,,,
2017-05-02,925,936.666667,920,933.333333,3378000,,,
2017-05-08,948.333333,953.333333,933.333333,948.333333,4884000,,,
2017-05-09,950,951.666667,910,918.333333,7686000,,,
2017-05-10,876.666667,898.333333,850,885,18756000,,,
2017-05-11,891.666667,901.666667,886.666667,896.666667,5904000,,,
2017-05-12,891.666667,896.666667,880,893.333333,5244000,,,
2017-05-15,886.666667,888.333333,871.666667,878.333333,2847000,,,
2017-05-16,895,895,880,885,3057000,,,
2017-05-17,880,880,863.333333,868.333333,3615000,,,
2017-05-18,845,855,838.333333,853.333333,4740000,,,
2017-05-19,848.333333,858.333333,843.333333,855,3627000,,,
2017-05-22,856.666667,861.666667,851.666667,860,1755000,,,
2017-05-23,863.333333,868.333333,856.666667,858.333333,3225000,,,
2017-05-24,871.666667,881.666667,868.333333,870,2865000,,,
2017-05-25,871.666667,886.666667,868.333333,876.666667,5910000,,,
2017-05-26,886.666667,898.333333,881.666667,886.666667,6399000,,,
2017-05-29,891.666667,891.666667,871.666667,875,1923000,,,
2017-05-30,875,905,868.333333,903.333333,4890000,,,
2017-05-31,901.666667,911.666667,896.666667,901.666667,4815000,,,
2017-06-01,906.666667,918.333333,903.333333,915,4737000,,,
2017-06-02,930,950,928.333333,948.333333,7200000,,,
2017-06-05,941.666667,943.333333,928.333333,935,3303000,,,
2017-06-06,936.666667,940,926.666667,930,2805000,,,
2017-06-07,926.666667,943.333333,913.333333,941.666667,3390000,,,
2017-06-08,946.666667,955,936.666667,938.333333,4557000,,,
2017-06-09,943.333333,945,926.666667,931.666667,3945000,,,
2017-06-12,930,938.333333,928.333333,930,2604000,,,
2017-06-13,930,946.666667,926.666667,940,4515000,,,
2017-06-14,936.666667,936.666667,915,915,4284000,,,
2017-06-15,910,910,890,890,4482000,,,
2017-06-16,895,896.666667,885,891.666667,4602000,,,
2017-06-19,891.666667,920,888.333333,918.333333,3669000,,,
2017-06-20,930,943.333333,928.333333,930,4047000,,,
2017-06-21,921.666667,925,910,911.666667,2541000,,,
2017-06-22,911.666667,913.333333,898.333333,900,2502000,,,
2017-06-23,908.333333,911.666667,896.666667,896.666667,3096000,,,
2017-06-26,905,915,903.333333,903.333333,1572000,,,
2017-06-27,910,916.666667,905,913.333333,2358000,,,
2017-06-28,910,918.333333,905,908.333333,1758000,,,
2017-06-29,920,953.333333,915,948.333333,4842000,,,
2017-06-30,933.333333,960,930,958.333333,3852000,,,
2017-07-03,963.333333,978.333333,961.666667,970,3507000,,,
2017-07-04,985,990,968.333333,971.666667,3717000,,,
2017-07-05,973.333333,991.666667,970,991.666667,4278000,,,
2017-07-06,986.666667,993.333333,981.666667,988.333333,2523000,,,
2017-07-07,976.666667,998.333333,968.333333,985,3045000,,,
2017-07-10,1000,1018.333333,1000,1011.666667,4506000,,,
2017-07-11,1005,1016.666667,1001.666667,1008.333333,2847000,,,
2017-07-12,1001.666667,1010,993.333333,998.333333,3555000,,,
2017-07-13,1000,1003.333333,983.333333,993.333333,3402000,,,
2017-07-14,1000,1025,1000,1020,3669000,,,
2017-07-18,1015,1016.666667,1006.666667,1013.333333,2994000,,,
2017-07-19,1036.666667,1070,1033.333333,1053.333333,8328000,,,
2017-07-20,1046.666667,1081.666667,1040,1080,7455000,,,
2017-07-21,1080,1081.666667,1063.333333,1080,3600000,,,
2017-07-24,1063.333333,1068.333333,1053.333333,1061.666667,2910000,,,
2017-07-25,1053.333333,1058.333333,1040,1041.666667,3954000,,,
2017-07-26,1045,1061.666667,1036.666667,1053.333333,5178000,,,
2017-07-27,1053.333333,1058.333333,1043.333333,1051.666667,3177000,,,
2017-07-28,1051.666667,1065,1035,1041.666667,5235000,,,
2017-07-31,1058.333333,1068.333333,1038.333333,1040,5178000,,,
2017-08-01,1066.666667,1075,1021.666667,1040,9054000,,,
2017-08-02,1045,1071.666667,1038.333333,1055,7359000,,,
2017-08-03,1056.666667,1058.333333,1008.333333,1015,6081000,,,
2017-08-04,1013.333333,1015,998.333333,1006.666667,3702000,,,
2017-08-07,1013.333333,1016.666667,988.333333,1013.333333,4668000,,,
2017-08-08,1016.666667,1016.666667,996.666667,1013.333333,4815000,,,
2017-08-09,1006.666667,1008.333333,986.666667,998.333333,2907000,,,
2017-08-10,993.333333,993.333333,980,986.666667,3300000,,,
2017-08-14,975,985,966.666667,975,2865000,,,
2017-08-15,981.666667,990,973.333333,983.333333,3042000,,,
2017-08-16,978.333333,986.666667,971.666667,978.333333,1686000,,,
2017-08-17,991.666667,1005,986.666667,993.333333,3126000,,,
2017-08-18,981.666667,990,970,988.333333,3096000,,,
2017-08-21,988.333333,988.333333,961.666667,966.666667,4746000,,,
2017-08-22,951.666667,966.666667,940,966.666667,6462000,,,
2017-08-23,980,981.666667,968.333333,980,2844000,,,
2017-08-24,978.333333,985,971.666667,980,2193000,,,
2017-08-25,985,1018.333333,976.666667,1011.666667,5100000,,,
2017-08-28,1018.333333,1023.333333,991.666667,993.333333,3294000,,,
2017-08-29,988.333333,1015,981.666667,1006.666667,4527000,,,
2017-08-30,1016.666667,1020,1000,1015,3741000,,,
2017-08-31,1023.333333,1026.666667,1015,1016.666667,2556000,,,
2017-09-01,1013.333333,1018.333333,1005,1010,2703000,,,
2017-09-04,1010,1016.666667,1001.666667,1011.666667,3498000,,,
2017-09-05,1011.666667,1023.333333,1001.666667,1001.666667,3642000,,,
2017-09-06,988.333333,1013.333333,980,1011.666667,4287000,,,
2017-09-07,1015,1023.333333,1001.666667,1021.666667,5823000,,,
2017-09-08,1015,1045,1013.333333,1028.333333,6657000,,,
2017-09-11,1043.333333,1053.333333,1033.333333,1036.666667,2742000,,,
2017-09-12,1046.666667,1046.666667,1026.666667,1038.333333,2505000,,,
2017-09-13,1043.333333,1061.666667,1043.333333,1056.666667,3990000,,,
2017-09-14,1058.333333,1061.666667,1038.333333,1040,2397000,,,
2017-09-15,1041.666667,1053.333333,1040,1048.333333,2586000,,,
2017-09-19,1053.333333,1058.333333,1043.333333,1058.333333,4638000,,,
2017-09-20,1056.666667,1093.333333,1055,1091.666667,7080000,,,
2017-09-21,1095,1123.333333,1095,1121.666667,6285000,,,
2017-09-22,1126.666667,1141.666667,1121.666667,1131.666667,6618000,,,
2017-09-25,1141.666667,1155,1131.666667,1138.333333,3969000,,,
2017-09-26,1131.666667,1133.333333,1118.333333,1125,4014000,,,
2017-09-27,1131.666667,1133.333333,1103.333333,1120,396600,,,
2017-09-28,1120,1135,1111.666667,1133.333333,451200,,,
2017-09-29,1131.666667,1140,1123.333333,1133.333333,276300,,,
2017-10-02,1145,1155,1131.666667,1155,446700,,,
2017-10-03,1146.666667,1165,1145,1160,486300,,,
2017-10-04,1163.333333,1185,1160,1173.333333,508500,,,
2017-10-05,1176.666667,1180,1150,1151.666667,401700,,,
2017-10-06,1151.666667,1158.333333,1145,1151.666667,272100,,,
2017-10-10,1168.333333,1171.666667,1155,1160,202500,,,
2017-10-11,1156.666667,1156.666667,1145,1150,159600,,,
2017-10-12,1146.666667,1150,1133.333333,1148.333333,253200,,,
2017-10-13,1150,1158.333333,1140,1155,228300,,,
2017-10-16,1150,1153.333333,1140,1143.333333,211200,,,
2017-10-17,1156.666667,1158.333333,1146.666667,1150,162300,,,
2017-10-18,1146.666667,1146.666667,1133.333333,1141.666667,230400,,,
2017-10-19,1141.666667,1156.666667,1140,1151.666667,222600,,,
2017-10-20,1145,1158.333333,1138.333333,1155,120600,,,
2017-10-23,1166.666667,1191.666667,1153.333333,1186.666667,514800,,,
2017-10-24,1165,1183.333333,1163.333333,1175,309600,,,
2017-10-25,1171.666667,1216.666667,1171.666667,1203.333333,509400,,,
2017-10-26,1198.333333,1206.666667,1188.333333,1196.666667,255300,,,
2017-10-27,1198.333333,1198.333333,1185,1188.333333,231600,,,
2017-10-30,1188.333333,1211.666667,1188.333333,1206.666667,499200,,,
2017-10-31,1211.666667,1230,1203.333333,1221.666667,418200,,,
2017-11-01,1221.666667,1221.666667,1150,1153.333333,900900,,,
2017-11-02,1140,1163.333333,1125,1145,786000,,,
2017-11-06,1155,1171.666667,1140,1143.333333,636600,,,
2017-11-07,1150,1170,1143.333333,1170,481200,,,
2017-11-08,1170,1173.333333,1155,1156.666667,282900,,,
2017-11-09,1161.666667,1161.666667,1130,1140,520200,,,
2017-11-10,1128.333333,1143.333333,1123.333333,1125,229200,,,
2017-11-13,1130,1141.666667,1123.333333,1136.666667,315000,,,
2017-11-14,1140,1150,1135,1141.666667,357600,,,
2017-11-15,1131.666667,1131.666667,1090,1093.333333,294000,,,
2017-11-16,1093.333333,1098.333333,1083.333333,1086.666667,259500,,,
2017-11-17,1086.666667,1118.333333,1085,1111.666667,409500,,,
2017-11-20,1095,1106.666667,1095,1101.666667,214800,,,
2017-11-21,1105,1121.666667,1103.333333,1116.666667,166200,,,
2017-11-22,1126.666667,1148.333333,1125,1145,314100,,,
2017-11-24,1153.333333,1155,1125,1138.333333,177900,,,
2017-11-27,1140,1143.333333,1106.666667,1113.333333,263700,,,
2017-11-28,1108.333333,1108.333333,1090,1091.666667,317400,,,
2017-11-29,1111.666667,1116.666667,1098.333333,1103.333333,228600,,,
2017-11-30,1103.333333,1106.666667,1091.666667,1103.333333,202500,,,
2017-12-01,1110,1133.333333,1108.333333,1115,290700,,,
2017-12-04,1123.333333,1123.333333,1073.333333,1075,276900,,,
2017-12-05,1066.666667,1093.333333,1065,1093.333333,189000,,,
2017-12-06,1083.333333,1090,1046.666667,1048.333333,408600,,,
2017-12-07,1065,1080,1060,1070,239100,,,
2017-12-08,1063.333333,1086.666667,1061.666667,1071.666667,465300,,,
2017-12-11,1071.666667,1075,1060,1065,287100,,,
2017-12-12,1070,1080,1063.333333,1076.666667,205200,,,
2017-12-13,1075,1075,1060,1065,178500,,,
2017-12-14,1068.333333,1085,1061.666667,1075,199800,,,
2017-12-15,1073.333333,1085,1068.333333,1071.666667,258300,,,
2017-12-18,1076.666667,1081.666667,1068.333333,1075,182700,,,
2017-12-19,1071.666667,1078.333333,1066.666667,1076.666667,167100,,,
2017-12-20,1070,1085,1068.333333,1083.333333,148200,,,
2017-12-21,1085,1100,1081.666667,1098.333333,136800,,,
2017-12-22,1103.333333,1115,1103.333333,1110,147900,,,
2017-12-25,1111.666667,1116.666667,1093.333333,1093.333333,110100,,,
2017-12-26,1098.333333,1105,1091.666667,1093.333333,102000,,,
2017-12-27,1090,1101.666667,1086.666667,1096.666667,92700,,,
2017-12-28,1096.666667,1118.333333,1096.666667,1105,249000,,,
2017-12-29,1105,1105,1095,1098.333333,88800,,,
2018-01-04,1091.666667,1118.333333,1091.666667,1111.666667,375600,,,
2018-01-05,1136.666667,1165,1133.333333,1138.333333,765000,,,
2018-01-09,1160,1171.666667,1150,1160,774600,,,
2018-01-10,1160,1173.333333,1143.333333,1143.333333,338400,,,
2018-01-11,1140,1153.333333,1138.333333,1143.333333,339600,,,
2018-01-12,1140,1158.333333,1135,1151.666667,485100,,,
2018-01-15,1158.333333,1158.333333,1126.666667,1126.666667,303600,,,
2018-01-16,1128.333333,1141.666667,1118.333333,1120,376500,,,
2018-01-17,1118.333333,1130,1110,1123.333333,256500,,,
2018-01-18,1133.333333,1136.666667,1116.666667,1118.333333,367200,,,
2018-01-19,1126.666667,1138.333333,1121.666667,1126.666667,303000,,,
2018-01-22,1123.333333,1130,1118.333333,1128.333333,187500,,,
2018-01-23,1136.666667,1153.333333,1135,1145,480900,,,
2018-01-24,1145,1170,1145,1150,461100,,,
2018-01-25,1150,1166.666667,1136.666667,1153.333333,392400,,,
2018-01-26,1153.333333,1158.333333,1141.666667,1141.666667,250200,,,
2018-01-29,1145,1175,1143.333333,1166.666667,437400,,,
2018-01-30,1173.333333,1200,1168.333333,1185,724800,,,
2018-01-31,1178.333333,1190,1171.666667,1183.333333,353400,,,
2018-02-01,1193.333333,1213.333333,1183.333333,1208.333333,444300,,,
2018-02-02,1208.333333,1210,1190,1196.666667,256800,,,
2018-02-05,1161.666667,1175,1115,1155,597000,,,
2018-02-06,1038.333333,1041.666667,988.333333,990,1236600,,,
2018-02-07,1073.333333,1075,975,980,1364400,,,
2018-02-08,988.333333,993.333333,941.666667,973.333333,1649400,,,
2018-02-09,933.333333,940,920,935,750600,,,
2018-02-13,935,940,881.666667,886.666667,1353000,,,
2018-02-14,890,898.333333,865,876.666667,618600,,,
2018-02-15,890,906.666667,885,901.666667,597600,,,
2018-02-16,906.666667,920,901.666667,911.666667,516900,,,
2018-02-19,913.333333,928.333333,901.666667,928.333333,470100,,,
2018-02-20,916.666667,918.333333,905,915,286800,,,
2018-02-21,915,933.333333,903.333333,928.333333,420900,,,
2018-02-22,913.333333,918.333333,901.666667,906.666667,644700,,,
2018-02-23,906.666667,926.666667,901.666667,923.333333,498900,,,
2018-02-26,931.666667,941.666667,923.333333,930,302100,,,
2018-02-27,945,963.333333,938.333333,950,690600,,,
2018-02-28,948.333333,961.666667,940,951.666667,461400,,,
2018-03-01,941.666667,943.333333,913.333333,916.666667,459300,,,
2018-03-02,900,921.666667,898.333333,906.666667,623700,,,
2018-03-05,898.333333,898.333333,870,881.666667,606600,,,
2018-03-06,896.666667,903.333333,880,885,405300,,,
2018-03-07,878.333333,886.666667,860,875,441600,,,
2018-03-08,880,880,856.666667,858.333333,437400,,,
2018-03-09,873.333333,886.666667,866.666667,871.666667,589500,,,
2018-03-12,895,905,886.666667,896.666667,443100,,,
2018-03-13,898.333333,905,885,895,513900,,,
2018-03-14,885,890,871.666667,871.666667,447600,,,
2018-03-15,866.666667,870,841.666667,858.333333,609600,,,
2018-03-16,858.333333,863.333333,845,856.666667,671400,,,
2018-03-19,851.666667,863.333333,848.333333,851.666667,363000,,,
2018-03-20,843.333333,855,840,848.333333,405300,,,
2018-03-22,853.333333,855,841.666667,855,305700,,,
2018-03-23,838.333333,840,800,801.666667,801900,,,
2018-03-26,796.666667,803.333333,784.166667,803.333333,527700,,,
2018-03-27,812.5,832.5,808.333333,830.833333,606300,,,
2018-03-28,806.666667,818.333333,802.5,816.666667,277800,,,
2018-03-29,828.333333,836.666667,811.666667,820.833333,283200,,,
2018-03-30,830.833333,846.666667,828.333333,841.666667,405900,,,
2018-04-02,838.333333,843.333333,830.833333,831.666667,233100,,,
2018-04-03,831.666667,838.333333,820.833333,835,305400,,,
2018-04-04,841.666667,850,836.666667,846.666667,352800,,,
2018-04-05,856.666667,858.333333,826.666667,831.666667,387600,,,
2018-04-06,843.333333,860,836.666667,836.666667,381300,,,
2018-04-09,833.333333,841.666667,820.833333,832.5,346500,,,
2018-04-10,831.666667,856.666667,818.333333,853.333333,318600,,,
2018-04-11,856.666667,871.666667,845,863.333333,266100,,,
2018-04-12,861.666667,861.666667,845,853.333333,204900,,,
2018-04-13,865,875,860,873.333333,247800,,,
2018-04-16,868.333333,873.333333,853.333333,865,250800,,,
2018-04-17,858.333333,866.666667,851.666667,861.666667,208200,,,
2018-04-18,865,871.666667,853.333333,866.666667,167700,,,
2018-04-19,871.666667,883.333333,861.666667,873.333333,368700,,,
2018-04-20,870,876.666667,865,873.333333,152100,,,
2018-04-23,873.333333,893.333333,873.333333,888.333333,318300,,,
2018-04-24,890,896.666667,881.666667,896.666667,228900,,,
2018-04-25,880,885,870,885,273900,,,
2018-04-26,888.333333,893.333333,883.333333,885,166500,,,
2018-04-27,883.333333,885,866.666667,881.666667,274800,,,
2018-05-01,880,886.666667,871.666667,883.333333,329700,,,
2018-05-02,880,880,863.333333,870,287700,,,
2018-05-07,868.333333,868.333333,851.666667,865,226500,,,
2018-05-08,860,873.333333,856.666667,861.666667,311700,,,
2018-05-09,861.666667,865,855,860,316200,,,
2018-05-10,861.666667,870,855,856.666667,203700,,,
2018-05-11,856.666667,881.666667,853.333333,881.666667,281100,,,
2018-05-14,908.333333,923.333333,883.333333,905,612900,,,
2018-05-15,898.333333,910,888.333333,906.666667,403500,,,
2018-05-16,913.333333,928.333333,911.666667,925,542400,,,
2018-05-17,930,930,908.333333,911.666667,315900,,,
2018-05-18,916.666667,938.333333,915,933.333333,326100,,,
2018-05-21,941.666667,941.666667,931.666667,933.333333,180000,,,
2018-05-22,935,940,933.333333,936.666667,182100,,,
2018-05-23,936.666667,941.666667,926.666667,938.333333,348900,,,
2018-05-24,936.666667,938.333333,905,916.666667,375000,,,
2018-05-25,923.333333,943.333333,906.666667,910,491400,,,
2018-05-28,913.333333,918.333333,903.333333,911.666667,200700,,,
2018-05-29,918.333333,920,905,915,229800,,,
2018-05-30,898.333333,900,875,881.666667,354300,,,
2018-05-31,885,888.333333,848.333333,853.333333,519000,,,
2018-06-01,853.333333,871.666667,841.666667,866.666667,378900,,,
2018-06-04,880,911.666667,876.666667,903.333333,387600,,,
2018-06-05,903.333333,905,890,900,290700,,,
2018-06-06,896.666667,905,885,886.666667,283200,,,
2018-06-07,888.333333,895,885,888.333333,259800,,,
2018-06-08,890,895,881.666667,883.333333,257100,,,
2018-06-11,880,885,870,880,163200,,,
2018-06-12,885,885,870,880,189000,,,
2018-06-13,870,881.666667,866.666667,878.333333,159900,,,
2018-06-14,878.333333,896.666667,876.666667,880,306600,,,
2018-06-15,881.666667,885,866.666667,878.333333,259500,,,
2018-06-18,876.666667,876.666667,850,851.666667,203400,,,
2018-06-19,843.333333,850,825,826.666667,360300,,,
2018-06-20,832.5,832.5,799.166667,830,509100,,,
2018-06-21,836.666667,846.666667,829.166667,830.833333,318600,,,
2018-06-22,820,848.333333,817.5,846.666667,377700,,,
2018-06-25,848.333333,856.666667,840,841.666667,258600,,,
2018-06-26,836.666667,836.666667,818.333333,821.666667,497700,,,
2018-06-27,821.666667,829.166667,818.333333,822.5,279000,,,
2018-06-28,821.666667,826.666667,813.333333,824.166667,228000,,,
2018-06-29,827.5,840,818.333333,840,292800,,,
2018-07-02,833.333333,855,827.5,829.166667,244800,,,
2018-07-03,828.333333,828.333333,810.833333,820.833333,279000,,,
2018-07-04,812.5,825.833333,810.833333,820,209700,,,
2018-07-05,815.833333,820.833333,806.666667,810.833333,151500,,,
2018-07-06,810.833333,833.333333,810.833333,831.666667,254700,,,
2018-07-09,833.333333,836.666667,825,831.666667,222000,,,
2018-07-10,835,856.666667,835,848.333333,192600,,,
2018-07-11,840,841.666667,824.166667,826.666667,203400,,,
2018-07-12,831.666667,831.666667,805,808.333333,314400,,,
2018-07-13,811.666667,820.833333,805.833333,820,258600,,,
2018-07-17,822.5,830.833333,818.333333,825.833333,239100,,,
2018-07-18,838.333333,843.333333,831.666667,843.333333,205200,,,
2018-07-19,845,865,845,856.666667,162600,,,
2018-07-20,850,850,823.333333,827.5,194100,,,
2018-07-23,818.333333,824.166667,815,816.666667,153600,,,
2018-07-24,825.833333,825.833333,813.333333,820,353100,,,
2018-07-25,825.833333,858.333333,825.833333,856.666667,329100,,,
2018-07-26,873.333333,903.333333,865,868.333333,352500,,,
2018-07-27,868.333333,876.666667,865,871.666667,149400,,,
2018-07-30,871.666667,895,871.666667,886.666667,294900,,,
2018-07-31,891.666667,901.666667,868.333333,871.666667,318900,,,
2018-08-01,871.666667,896.666667,868.333333,890,252900,,,
2018-08-02,886.666667,896.666667,878.333333,881.666667,229500,,,
2018-08-03,886.666667,886.666667,870,871.666667,144300,,,
2018-08-06,870,876.666667,868.333333,868.333333,125100,,,
2018-08-07,875,888.333333,866.666667,873.333333,285300,,,
2018-08-08,784.166667,836.666667,774.166667,831.666667,758100,,,
2018-08-09,833.333333,855,810,810,366000,,,
2018-08-10,813.333333,813.333333,782.5,782.5,402600,,,
2018-08-13,775,777.5,750,755.833333,426900,,,
2018-08-14,767.5,786.666667,765,785,278400,,,
2018-08-15,787.5,792.5,770.833333,776.666667,210600,,,
2018-08-16,756.666667,770,749.166667,764.166667,309600,,,
2018-08-17,752.5,769.166667,751.666667,767.5,420000,,,
2018-08-20,755.833333,758.333333,742.5,753.333333,431400,,,
2018-08-21,744.166667,760,744.166667,756.666667,302100,,,
2018-08-22,758.333333,783.333333,758.333333,783.333333,326700,,,
2018-08-23,770.833333,771.666667,751.666667,751.666667,264300,,,
2018-08-24,750,750,739.166667,742.5,248700,,,
2018-08-27,740.833333,759.166667,736.666667,753.333333,335700,,,
2018-08-28,762.5,776.666667,753.333333,754.166667,412800,,,
2018-08-29,751.666667,767.5,751.666667,763.333333,273000,,,
2018-08-30,761.666667,764.166667,745.833333,754.166667,377100,,,
2018-08-31,745.833333,768.333333,742.5,759.166667,336600,,,
2018-09-03,759.166667,767.5,750,752.5,300600,,,
2018-09-04,756.666667,760,746.666667,746.666667,226800,,,
2018-09-05,733.333333,734.166667,690.833333,695.833333,1077600,,,
2018-09-06,700,722.5,700,717.5,474600,,,
2018-09-07,715,715,705.833333,709.166667,246600,,,
2018-09-10,706.666667,720,705,712.5,293100,,,
2018-09-11,721.666667,729.166667,710.833333,715,375900,,,
2018-09-12,711.666667,717.5,686.666667,692.5,433800,,,
2018-09-13,693.333333,723.333333,692.5,719.166667,288300,,,
2018-09-14,719.166667,729.166667,719.166667,720.833333,287400,,,
2018-09-18,720.833333,736.666667,715.833333,736.666667,277500,,,
2018-09-19,743.333333,764.166667,742.5,760,370800,,,
2018-09-20,771.666667,789.166667,771.666667,786.666667,462600,,,
2018-09-21,796.666667,821.666667,794.166667,813.333333,700500,,,
2018-09-25,820,830,805,823.333333,651600,,,
2018-09-26,801.666667,822.5,792.5,818.333333,341100,,,
2018-09-27,820.833333,840,818.333333,831.666667,515400,,,
2018-09-28,841.666667,855,830.833333,848.333333,447600,,,
2018-10-01,853.333333,871.666667,853.333333,863.333333,475800,,,
2018-10-02,870,886.666667,856.666667,856.666667,384900,,,
2018-10-03,855,868.333333,846.666667,855,397800,,,
2018-10-04,865,878.333333,850,853.333333,359400,,,
2018-10-05,840,850,825.833333,826.666667,309000,,,
2018-10-09,815,815,791.666667,798.333333,387300,,,
2018-10-10,805.833333,815,793.333333,793.333333,386700,,,
2018-10-11,760.833333,768.333333,751.666667,755,384000,,,
2018-10-12,750,754.166667,743.333333,750.833333,316200,,,
2018-10-15,747.5,747.5,731.666667,733.333333,291900,,,
2018-10-16,727.5,739.166667,636.666667,649.166667,2615700,,,
2018-10-17,532.5,532.5,532.5,532.5,341700,,,
2018-10-18,474.166667,485.833333,462.833333,474.333333,32800500,,,
2018-10-19,466,499.333333,460,489.833333,25773300,,,
2018-10-22,464.833333,471.5,442,448.5,27831000,,,
2018-10-23,440.166667,461.666667,436.833333,447.5,18215100,,,
2018-10-24,455.833333,460.833333,425.166667,432.333333,17175000,,,
2018-10-25,418.333333,433,418,423,6183000,,,
2018-10-26,430.333333,466.666667,385.333333,411.666667,15641700,,,
2018-10-29,418.333333,441.666667,411.833333,419.666667,7984200,,,
2018-10-30,418.833333,445.166667,418,441.666667,3861900,,,
2018-10-31,455,457.333333,442.5,451.166667,3768000,,,
2018-11-01,451.666667,459.833333,443.666667,459.166667,2896500,,,
2018-11-02,463.166667,472.166667,446,461.666667,5292900,,,
2018-11-05,481.833333,505,476.833333,493.666667,9845100,,,
2018-11-06,491.666667,496,473.333333,481.833333,3021000,,,
2018-11-07,480.166667,499.833333,451.833333,479.5,7763400,,,
2018-11-08,490,497.833333,483.666667,485,3157800,,,
2018-11-09,477.5,481.833333,460,479.166667,4731300,,,
2018-11-12,471.833333,473.833333,456.666667,461.166667,2526900,,,
2018-11-13,450,467.5,445.666667,463.833333,2309100,,,
2018-11-14,467,487.833333,466.666667,477.666667,2851800,,,
2018-11-15,471.333333,481.666667,468.166667,475.5,1487700,,,
2018-11-16,458.666667,459.833333,424.333333,437.666667,8288400,,,
2018-11-19,434.666667,449,430.166667,443,2494500,,,
2018-11-20,444.833333,456.666667,441.666667,448.666667,2294700,,,
2018-11-21,443.333333,454.166667,437.166667,452.833333,1789800,,,
2018-11-22,454.666667,456,442.666667,446,1920600,,,
2018-11-26,451.166667,457.5,445.333333,455.833333,1568700,,,
2018-11-27,457.333333,469.166667,455,465.333333,1810500,,,
2018-11-28,470,478.833333,460.666667,476.666667,2019600,,,
2018-11-29,482.166667,482.333333,468.333333,471.833333,1408500,,,
2018-11-30,471.833333,478.166667,467,471.166667,1549800,,,
2018-12-03,479.166667,484.166667,473.5,480.833333,2345100,,,
2018-12-04,476,477.5,465.333333,467.166667,2136600,,,
2018-12-05,463,471.333333,460.666667,468.166667,1420500,,,
2018-12-06,467,467,455.166667,457.333333,1398900,,,
2018-12-07,459.5,460.333333,445.333333,450,1377600,,,
2018-12-10,441.666667,449,434.666667,447.5,1229400,,,
2018-12-11,440.166667,441.166667,421.666667,426.333333,2723700,,,
2018-12-12,428.666667,445.166667,428,441.833333,1533900,,,
2018-12-13,449.166667,454.833333,444,453.5,1263900,,,
2018-12-14,450,454.833333,442,443.666667,1171500,,,
2018-12-17,441.666667,448.833333,435.166667,435.333333,920100,,,
2018-12-18,430,442,425.333333,437.666667,1286100,,,
2018-12-19,434,443.166667,429.333333,438.666667,910800,,,
2018-12-20,425.833333,438.166667,418.333333,419.666667,2811600,,,
2018-12-21,421.333333,425.833333,414.166667,420.166667,1925400,,,
2018-12-25,410.166667,410.833333,397.833333,409.833333,2262000,,,
2018-12-26,412.833333,418,402.5,409.166667,1392900,,,
2018-12-27,425.833333,439.833333,420.5,436.666667,2129700,,,
2018-12-28,434.833333,447.833333,432,442.666667,1452000,,,
2019-01-04,433.166667,438.833333,415,437.5,1908900,,,
2019-01-07,449.166667,462.333333,446.5,447.166667,2284500,,,
2019-01-08,454.166667,458.333333,448.333333,454.333333,1801500,,,
2019-01-09,457.833333,460.833333,450.166667,457.166667,1224900,,,
2019-01-10,455.666667,463,448,462.166667,1478100,,,
2019-01-11,464.833333,470.833333,460.833333,466,1811100,,,
2019-01-15,465.5,479.833333,462.333333,479.166667,1271700,,,
2019-01-16,483.166667,483.833333,473.333333,474.666667,1176300,,,
2019-01-17,472.333333,479.166667,470.666667,477,816000,,,
2019-01-18,478,485.333333,478,482.166667,1146000,,,
2019-01-21,486,491.666667,484.333333,488.666667,1387800,,,
2019-01-22,490.5,492.333333,475.833333,477.333333,943200,,,
2019-01-23,470.166667,484.333333,469,481.5,933300,,,
2019-01-24,481.5,491.333333,479.333333,490,974400,,,
2019-01-25,491.5,501.666667,486,498.833333,1830600,,,
2019-01-28,502.5,507.5,493.333333,494,868500,,,
2019-01-29,490.666667,494.833333,484,491.5,810000,,,
2019-01-30,481.666667,488.666667,476.833333,481.666667,1235400,,,
2019-01-31,487.833333,495,483.833333,490.666667,1051800,,,
2019-02-01,491.5,492.333333,484.5,488,615000,,,
2019-02-04,491.666667,505.833333,489.5,504.166667,1284000,,,
2019-02-05,508.333333,517.5,502.5,505,916800,,,
2019-02-06,505,507.5,497.333333,503.333333,463800,,,
2019-02-07,500,500.833333,490,496.833333,831300,,,
2019-02-08,489.166667,491.166667,475,480,813600,,,
2019-02-12,478.333333,497,475.5,495.833333,650700,,,
2019-02-13,499.666667,505,494.333333,505,969900,,,
2019-02-14,490,507.5,488.166667,490.666667,1479900,,,
2019-02-15,488.833333,508.333333,485.5,506.666667,1281000,,,
2019-02-18,512.5,529.166667,511.666667,522.5,1101000,,,
2019-02-19,525.833333,529.166667,508.333333,510.833333,755100,,,
2019-02-20,515,516.666667,505.833333,509.166667,521700,,,
2019-02-21,512.5,520,507.5,510,450000,,,
2019-02-22,508.333333,508.333333,501.666667,505,492300,,,
2019-02-25,509.166667,509.166667,501.666667,502.5,495600,,,
2019-02-26,505.833333,508.333333,500.833333,503.333333,409800,,,
2019-02-27,504.166667,505.833333,497.166667,499.833333,467700,,,
2019-02-28,499.666667,499.666667,487.666667,488.833333,687000,,,
2019-03-01,487.666667,492.5,484.5,488.333333,480900,,,
2019-03-04,493.166667,498.166667,492.333333,496.666667,409500,,,
2019-03-05,492.666667,492.833333,480.833333,481.666667,717000,,,
2019-03-06,478.166667,482.333333,475,479.333333,548700,,,
2019-03-07,475.333333,482.166667,472.166667,474.166667,736200,,,
2019-03-08,466.666667,470.833333,456.333333,458.333333,1107000,,,
2019-03-11,460.166667,463.5,456.833333,460.666667,338100,,,
2019-03-12,467,469.166667,465,465.5,483600,,,
2019-03-13,463,465.166667,456.666667,457.166667,461100,,,
2019-03-14,458.333333,461.666667,451.833333,451.833333,413100,,,
2019-03-15,454,458.166667,454,455.833333,485400,,,
2019-03-18,456.666667,460.333333,455.833333,460.166667,356400,,,
2019-03-19,464,465.666667,457.666667,463.833333,477300,,,
2019-03-20,463.833333,463.833333,460.833333,462,303900,,,
2019-03-22,465.5,472.833333,464.5,472.166667,423900,,,
2019-03-25,465.666667,465.833333,459.166667,463.833333,722100,,,
2019-03-26,466.166667,473.833333,463.5,470.333333,574500,,,
2019-03-27,460.666667,466.5,456,463.666667,635400,,,
2019-03-28,463.166667,463.166667,453.166667,455.833333,557400,,,
2019-03-29,456.833333,457.5,451.833333,453,354600,,,
2019-04-01,457.333333,472.833333,456.833333,467.833333,789300,,,
2019-04-02,473.333333,480.166667,472.166667,478.833333,699300,,,
2019-04-03,481.333333,490.666667,478.5,489,675300,,,
2019-04-04,488.666667,495.666667,486.666667,491.166667,546600,,,
2019-04-05,491.333333,502.5,490.833333,502.5,812700,,,
2019-04-08,502.5,506.666667,494.833333,496.666667,606900,,,
2019-04-09,495.833333,498,491.166667,498,357900,,,
2019-04-10,492,494.5,489.333333,492.5,303600,,,
2019-04-11,495,495,486.833333,494.5,301200,,,
2019-04-12,486.666667,495.5,486.333333,495.333333,687000,,,
2019-04-15,498.5,510,495.833333,498.833333,618300,,,
2019-04-16,497.333333,502.5,495.833333,498,348300,,,
2019-04-17,500,510.833333,499,506.666667,508200,,,
2019-04-18,506.666667,510,496.666667,498,416100,,,
2019-04-19,500.833333,507.5,500,505,266700,,,
2019-04-22,505.833333,507.5,499.5,503.333333,307200,,,
2019-04-23,508.333333,515,505.833333,510,665400,,,
2019-04-24,510.833333,514.166667,504.166667,505.833333,505500,,,
2019-04-25,508.333333,508.333333,498,508.333333,436500,,,
2019-04-26,505,505,495.5,501.666667,582000,,,
2019-05-07,501.666667,501.666667,474.833333,476.166667,1338600,,,
2019-05-08,465.166667,475,463.833333,466.166667,951600,,,
2019-05-09,466,473.833333,462,462,780900,,,
2019-05-10,460.5,464.333333,458.166667,462,663600,,,
2019-05-13,460,460,453,455.166667,572400,,,
2019-05-14,446.833333,491.666667,445,477.5,2155200,,,
2019-05-15,485,498.5,481.333333,496.166667,1168500,,,
2019-05-16,501.666667,502.5,489,499.5,737400,,,
2019-05-17,500.833333,515.833333,497.5,510,801300,,,
2019-05-20,510.833333,514.166667,499.833333,505,489600,,,
2019-05-21,498.833333,499.666667,482.5,482.666667,1395900,,,
2019-05-22,484.166667,490.833333,475,477.833333,1005300,,,
2019-05-23,473.333333,474.333333,462.333333,463.333333,916800,,,
2019-05-24,458.166667,473.833333,453.5,466.833333,744600,,,
2019-05-27,464.833333,474.333333,462.333333,463.5,734400,,,
2019-05-28,462.333333,468.833333,458.833333,466.333333,724800,,,
2019-05-29,460.333333,466.833333,455.666667,464.666667,508500,,,
2019-05-30,459.833333,469.833333,457.666667,466.333333,615900,,,
2019-05-31,463.333333,470.333333,459,467.333333,750300,,,
2019-06-03,460,460.166667,450.833333,452,894000,,,
2019-06-04,455,474.333333,452,471.666667,1109100,,,
2019-06-05,475,478,471,478,637500,,,
2019-06-06,474.333333,482.5,473.5,475.5,456000,,,
2019-06-07,475.833333,478.166667,471.333333,472,502200,,,
2019-06-10,478.166667,483.166667,477.666667,480.333333,356100,,,
2019-06-11,478.166667,491.833333,475.333333,490.666667,517500,,,
2019-06-12,494.833333,503.333333,493.5,497.666667,731700,,,
2019-06-13,496.666667,498.833333,486.666667,488,496200,,,
2019-06-14,485.5,490.333333,480.166667,485,456000,,,
2019-06-17,482.333333,485.833333,479.666667,482.333333,454500,,,
2019-06-18,481.166667,487.333333,474.333333,474.333333,576600,,,
2019-06-19,479.166667,490,477,487,538800,,,
2019-06-20,493.833333,497.5,490.166667,496.666667,522900,,,
2019-06-21,497.666667,503.333333,493.333333,495.166667,713400,,,
2019-06-24,492.333333,499.833333,489.166667,495,262800,,,
2019-06-25,496.5,496.5,485.333333,486.166667,374400,,,
2019-06-26,485.166667,492.333333,483.333333,490.666667,230700,,,
2019-06-27,494,502.5,490.166667,501.666667,537000,,,
2019-06-28,501.666667,510.833333,497.166667,506.666667,731400,,,
2019-07-01,513.333333,531.666667,512.5,526.666667,1007400,,,
2019-07-02,526.666667,526.666667,518.333333,521.666667,570300,,,
2019-07-03,518.333333,521.666667,511.666667,521.666667,431400,,,
2019-07-04,524.166667,528.333333,520,526.666667,348600,,,
2019-07-05,530,533.333333,525.833333,533.333333,350100,,,
2019-07-08,533.333333,551.666667,533.333333,547.5,760200,,,
2019-07-09,547.5,547.5,525.833333,535,883500,,,
2019-07-10,531.666667,540.833333,529.166667,536.666667,677100,,,
2019-07-11,532.5,533.333333,525.833333,530,312300,,,
2019-07-12,533.333333,533.333333,507.5,508.333333,738300,,,
2019-07-16,506.666667,515.833333,505,505.833333,306300,,,
2019-07-17,503.333333,510.833333,499.666667,503.333333,414000,,,
2019-07-18,499.166667,501.666667,485.833333,486.666667,817800,,,
2019-07-19,486.666667,510,485.666667,509.166667,616200,,,
2019-07-22,506.666667,515.833333,505.833333,510,282000,,,
2019-07-23,511.666667,522.5,510,521.666667,370800,,,
2019-07-24,525,531.666667,520,521.666667,461100,,,
2019-07-25,522.5,527.5,516.666667,526.666667,403200,,,
2019-07-26,523.333333,523.333333,511.666667,515.833333,354000,,,
2019-07-29,513.333333,515,507.5,510.833333,272700,,,
2019-07-30,515.833333,525.833333,515.833333,522.5,371100,,,
2019-07-31,515,523.333333,514.166667,517.5,292800,,,
2019-08-01,511.666667,521.666667,510,515.833333,249900,,,
2019-08-02,506.666667,507.5,494.5,498,889500,,,
2019-08-05,493.333333,495.333333,482.666667,486.333333,653100,,,
2019-08-06,471.5,492,466.666667,491.666667,543900,,,
2019-08-07,493.833333,493.833333,483,486.333333,493500,,,
2019-08-08,484.333333,488.666667,482.5,483.166667,341100,,,
2019-08-09,485.166667,490,481.666667,487.666667,375900,,,
2019-08-13,479.333333,496.5,478,481.666667,817500,,,
2019-08-14,490,493.666667,481,490.166667,467100,,,
2019-08-15,477.333333,482.666667,474.333333,476.333333,676200,,,
2019-08-16,472.5,474.833333,469.833333,473,428400,,,
2019-08-19,474.5,481,472.833333,475.666667,343500,,,
2019-08-20,471.333333,480.666667,471.333333,480.166667,318900,,,
2019-08-21,473,479.166667,469.333333,477.833333,432300,,,
2019-08-22,479.5,485.833333,479.5,481.333333,378300,,,
2019-08-23,478.5,488.166667,476.333333,487.333333,304800,,,
2019-08-26,475,477,469,471.333333,605400,,,
2019-08-27,476.5,484.666667,475.833333,483.166667,444900,,,
2019-08-28,480.666667,483.5,475.166667,480.666667,375000,,,
2019-08-29,478.333333,479.333333,470.166667,477.166667,459900,,,
2019-08-30,477.333333,489.666667,477.333333,489.666667,566100,,,
2019-09-02,484.166667,490.333333,482.166667,487.333333,302400,,,
2019-09-03,480.166667,486.5,478.666667,480.666667,453300,,,
2019-09-04,476.666667,477.5,469.5,475.166667,621300,,,
2019-09-05,476,488.333333,474.5,486.666667,750600,,,
2019-09-06,490,496.666667,488.666667,491,495000,,,
2019-09-09,491,496,485.333333,495.166667,354900,,,
2019-09-10,496.666667,505.833333,495.833333,504.166667,399300,,,
2019-09-11,503.333333,523.333333,503.333333,521.666667,683400,,,
2019-09-12,524.166667,526.666667,516.666667,522.5,470400,,,
2019-09-13,525.833333,528.333333,518.333333,526.666667,408000,,,
2019-09-17,520.833333,530,517.5,526.666667,272700,,,
2019-09-18,530.833333,535,526.666667,531.666667,483000,,,
2019-09-19,533.333333,538.333333,530,537.5,369000,,,
2019-09-20,538.333333,540.833333,533.333333,536.666667,323700,,,
2019-09-24,536.666667,545.833333,531.666667,543.333333,403800,,,
2019-09-25,542.5,542.5,530.833333,535,275100,,,
2019-09-26,542.5,545,531.666667,533.333333,422100,,,
2019-09-27,530,535,526.666667,529.166667,356400,,,
2019-09-30,533.333333,540.833333,526.666667,527.5,395700,,,
2019-10-01,535,540,530,534.166667,423600,,,
2019-10-02,526.666667,530.833333,518.333333,520,423600,,,
2019-10-03,504.166667,508.333333,498.5,505,582600,,,
2019-10-04,503.333333,509.166667,499.833333,508.333333,483000,,,
2019-10-07,510,515,498.666667,499.833333,415500,,,
2019-10-08,505.833333,509.166667,500,500,346800,,,
2019-10-09,497.833333,505,494.166667,503.333333,380400,,,
2019-10-10,505,509.166667,499.833333,507.5,290400,,,
2019-10-11,513.333333,522.5,510.833333,522.5,358500,,,
2019-10-15,532.5,548.333333,530.833333,543.333333,573600,,,
2019-10-16,548.333333,558.333333,548.333333,555.833333,576600,,,
2019-10-17,552.5,561.666667,550,559.166667,325800,,,
2019-10-18,561.666667,575,560,560.833333,381900,,,
2019-10-21,555.833333,562.5,555,558.333333,237900,,,
2019-10-23,565.833333,580.833333,560.833333,580.833333,420300,,,
2019-10-24,586.666667,588.333333,575,584.166667,354000,,,
2019-10-25,584.166667,585.833333,577.5,581.666667,275100,,,
2019-10-28,585.833333,600,585,587.5,444000,,,
2019-10-29,592.5,596.666667,587.5,591.666667,379500,,,
2019-10-30,589.166667,589.166667,574.166667,576.666667,672300,,,
2019-10-31,581.666667,583.333333,566.666667,579.166667,411600,,,
2019-11-01,571.666667,575.833333,567.5,568.333333,236700,,,
2019-11-05,576.666667,585,575.833333,580.833333,320700,,,
2019-11-06,586.666667,593.333333,580.833333,593.333333,296400,,,
2019-11-07,590.833333,604.166667,585,599.166667,374400,,,
2019-11-08,606.666667,615,605,613.333333,384900,,,
2019-11-11,609.166667,615.833333,605.833333,609.166667,272400,,,
2019-11-12,609.166667,610.833333,602.5,609.166667,264300,,,
2019-11-13,604.166667,612.5,599.166667,610,392400,,,
2019-11-14,563.333333,590,563.333333,568.333333,1202400,,,
2019-11-15,566.666667,580.833333,559.166667,566.666667,701400,,,
2019-11-18,570.833333,575,537.5,549.166667,1134600,,,
2019-11-19,548.333333,556.666667,540.833333,553.333333,333600,,,
2019-11-20,550,562.5,550,560,333900,,,
2019-11-21,561.666667,567.5,552.5,561.666667,636600,,,
2019-11-22,555.833333,560.833333,546.666667,546.666667,417600,,,
2019-11-25,550.833333,551.666667,542.5,551.666667,411000,,,
2019-11-26,555,559.166667,550,555,456600,,,
2019-11-27,555,559.166667,552.5,556.666667,197700,,,
2019-11-28,561.666667,562.5,545.833333,548.333333,350100,,,
2019-11-29,549.166667,551.666667,542.5,544.166667,227400,,,
2019-12-02,544.166667,555.833333,544.166667,552.5,316200,,,
2019-12-03,547.5,555.833333,542.5,555,358500,,,
2019-12-04,549.166667,557.5,545.833333,553.333333,325200,,,
2019-12-05,556.666667,560,554.166667,556.666667,275100,,,
2019-12-06,554.166667,560,552.5,556.666667,225600,,,
2019-12-09,561.666667,561.666667,555.833333,560,141000,,,
2019-12-10,555,560,551.666667,552.5,378900,,,
2019-12-11,552.5,555,546.666667,546.666667,357600,,,
2019-12-12,550,550.833333,539.166667,539.166667,329700,,,
2019-12-13,553.333333,561.666667,547.5,560.833333,686400,,,
2019-12-16,556.666667,560,551.666667,555.833333,189300,,,
2019-12-17,555,557.5,548.333333,550,330900,,,
2019-12-18,551.666667,555,548.333333,550.833333,289500,,,
2019-12-19,550.833333,555,550,553.333333,160500,,,
2019-12-20,558.333333,560.833333,550,560.833333,424200,,,
2019-12-23,562.5,562.5,556.666667,556.666667,263400,,,
2019-12-24,555.833333,558.333333,545,549.166667,252300,,,
2019-12-25,551.666667,551.666667,542.5,542.5,405900,,,
2019-12-26,542.5,550.833333,542.5,549.166667,283800,,,
2019-12-27,549.166667,554.166667,548.333333,551.666667,206400,,,
2019-12-30,550,550,540,541.666667,232800,,,
2020-01-06,533.333333,537.5,527.5,534.166667,450900,,,
2020-01-07,534.166667,539.166667,531.666667,535.833333,470400,,,
2020-01-08,529.166667,530.833333,520,524.166667,599700,,,
2020-01-09,529.166667,538.333333,529.166667,534.166667,268800,,,
2020-01-10,539.166667,539.166667,530,530.833333,270000,,,
2020-01-14,528.333333,535.833333,524.166667,526.666667,344400,,,
2020-01-15,522.5,525.833333,516.666667,520,337200,,,
2020-01-16,520.833333,523.333333,517.5,519.166667,311700,,,
2020-01-17,520,526.666667,518.333333,525.833333,274500,,,
2020-01-20,525.833333,530,525.833333,527.5,148500,,,
2020-01-21,529.166667,530.833333,524.166667,525.833333,143700,,,
2020-01-22,520.833333,530,520,528.333333,149700,,,
2020-01-23,525.833333,527.5,520,520,155700,,,
2020-01-24,521.666667,521.666667,515,515.833333,174300,,,
2020-01-27,504.166667,509.166667,498,499.666667,493500,,,
2020-01-28,495,499.666667,490.166667,498.666667,306300,,,
2020-01-29,501.666667,507.5,500,502.5,252000,,,
2020-01-30,500,500.833333,485.666667,495.5,822000,,,
2020-01-31,495.833333,500.833333,494.166667,496.166667,336000,,,
2020-02-03,485.333333,497.166667,483.833333,494.5,381300,,,
2020-02-04,498.833333,501.666667,493.333333,499.333333,243900,,,
2020-02-05,505,507.5,500,502.5,281400,,,
2020-02-06,510.833333,517.5,510,515,344400,,,
2020-02-07,515,515.833333,506.666667,510,175500,,,
2020-02-10,505,510,502.5,505,256200,,,
2020-02-12,504.166667,510.833333,504.166667,509.166667,270300,,,
2020-02-13,505.833333,510.833333,502.5,505.833333,294900,,,
2020-02-14,494.166667,494.833333,477,486.5,1412400,,,
2020-02-17,478.5,483,461.666667,465.5,1306200,,,
2020-02-18,464.166667,469.833333,459.166667,460.333333,814500,,,
2020-02-19,457,461.833333,451.833333,457,542400,,,
2020-02-20,461.333333,465.166667,453.5,454.166667,384900,,,
2020-02-21,452.5,461.833333,451.833333,457.166667,237300,,,
2020-02-25,436.666667,442.666667,432,434,647100,,,
2020-02-26,428.666667,433,423.166667,431.833333,807900,,,
2020-02-27,427,427.5,413.333333,415.5,754800,,,
2020-02-28,403.833333,405.333333,394.666667,399,937800,,,
2020-03-02,396.666667,420.833333,395.5,412.166667,499800,,,
2020-03-03,421.833333,422.333333,404.666667,405,451200,,,
2020-03-04,401.666667,408.333333,398.666667,403.5,340500,,,
2020-03-05,416.333333,416.333333,399.666667,403,356400,,,
2020-03-06,396.333333,398.5,382.333333,384.666667,683400,,,
2020-03-09,368,369,345.666667,350,1052400,,,
2020-03-10,341.666667,361.5,324.666667,360.666667,1279200,,,
2020-03-11,363.833333,375.833333,353,353.333333,546900,,,
2020-03-12,341.833333,352.833333,327.5,330.666667,1366800,,,
2020-03-13,297.666667,316.333333,292.666667,303.833333,1109100,,,
2020-03-16,305.166667,315,295.833333,297.5,696900,,,
2020-03-17,285.833333,316.666667,285.333333,314.333333,789300,,,
2020-03-18,325.666667,341.333333,325.666667,327.166667,855300,,,
2020-03-19,350,350,329.666667,335.5,993600,,,
2020-03-23,331.666667,337.666667,318.166667,328.166667,747600,,,
2020-03-24,345.833333,349.833333,338.166667,346.166667,598200,,,
2020-03-25,371.166667,376.166667,361.833333,376.166667,730200,,,
2020-03-26,365,373.166667,360,366.166667,641100,,,
2020-03-27,376.5,380,354.5,366.666667,711300,,,
2020-03-30,356.333333,363.666667,345.666667,363.666667,482400,,,
2020-03-31,363,366.666667,343.5,344.833333,586500,,,
2020-04-01,338.5,347.166667,322.833333,328.5,646200,,,
2020-04-02,322,324.5,312.666667,314.666667,593400,,,
2020-04-03,311.333333,319.833333,294.5,299.833333,661500,,,
2020-04-06,300.333333,319.166667,290.166667,314.333333,719400,,,
2020-04-07,328.666667,338.166667,318.666667,333,647400,,,
2020-04-08,335.5,345.666667,326.833333,344,633600,,,
2020-04-09,338.5,351,334.833333,350.666667,536400,,,
2020-04-10,349.5,354.666667,339.333333,351.833333,406500,,,
2020-04-13,345.333333,350.5,336.166667,337.666667,371400,,,
2020-04-14,336.5,350.166667,333.5,347.833333,447600,,,
2020-04-15,344.166667,345,334.5,336.833333,434700,,,
2020-04-16,333.5,337.5,329.333333,337.166667,371400,,,
2020-04-17,343,355.333333,341.5,348,374700,,,
2020-04-20,347.666667,347.666667,341.333333,343.166667,176400,,,
2020-04-21,338.333333,338.833333,330.333333,332.166667,327900,,,
2020-04-22,326.666667,331.666667,322.5,326.666667,398100,,,
2020-04-23,327,338.833333,326.666667,337.833333,540300,,,
2020-04-24,337,337.666667,330,337.5,322800,,,
2020-04-27,341.5,343.666667,337.833333,343.5,297000,,,
2020-04-28,346.833333,348.5,342.166667,347.333333,411300,,,
2020-04-30,354.5,365.833333,351.666667,360.5,643500,,,
2020-05-01,355,358.5,347.166667,349.333333,502800,,,
2020-05-07,341,342.833333,334.333333,339.166667,675900,,,
2020-05-08,344.666667,346.833333,340.333333,346.833333,594000,,,
2020-05-11,355.166667,371.5,354.166667,371.5,517200,,,
2020-05-12,371.5,372.5,364.166667,371.333333,301800,,,
2020-05-13,363,368,362.666667,365.166667,174600,,,
2020-05-14,356.833333,356.833333,346.833333,346.833333,389700,,,
2020-05-15,355.166667,358,347.333333,357.166667,336000,,,
2020-05-18,357.166667,361.166667,352.333333,360.5,212100,,,
2020-05-19,373,377.333333,368.833333,375.833333,430200,,,
2020-05-20,375,376.166667,372,375.666667,166800,,,
2020-05-21,376.333333,377.166667,370.333333,373.5,271800,,,
2020-05-22,375.333333,376.166667,365.166667,367.5,228000,,,
2020-05-25,377.166667,379.5,373.833333,379,221400,,,
2020-05-26,384.333333,404.833333,382.833333,401.166667,528000,,,
2020-05-27,406.666667,408.333333,401.333333,404.5,294900,,,
2020-05-28,385,391.666667,368.666667,377.666667,1412400,,,
2020-05-29,371.666667,377.666667,355.833333,355.833333,990600,,,
2020-06-01,353,354.333333,347.5,353,542700,,,
2020-06-02,356.5,372,355.666667,369.166667,568800,,,
2020-06-03,375.333333,378,362.666667,366.833333,401700,,,
2020-06-04,374.833333,377,365.833333,375.833333,387900,,,
2020-06-05,375.666667,393.166667,372.333333,392.5,517500,,,
2020-06-08,403,416.5,401,413.833333,755100,,,
2020-06-09,410.5,422.333333,404.5,409.333333,495300,,,
2020-06-10,402.666667,405.5,395.833333,401.166667,323100,,,
2020-06-11,392.833333,396.666667,383.166667,383.333333,370500,,,
2020-06-12,361.666667,371.166667,357.333333,368.833333,552000,,,
2020-06-15,366.5,367.166667,354.166667,354.166667,430500,,,
2020-06-16,362.5,377.666667,361.666667,377.666667,423900,,,
2020-06-17,377.666667,378,366.666667,369.666667,321000,,,
2020-06-18,365.5,366.666667,357.5,362,363600,,,
2020-06-19,363,364,354.5,354.5,530700,,,
2020-06-22,354,355.666667,346.5,351.833333,326700,,,
2020-06-23,354.5,360.5,351,353.333333,379500,,,
2020-06-24,355,355.833333,348.5,348.666667,399300,,,
2020-06-25,343.5,347.833333,342.333333,346.5,505500,,,
2020-06-26,351.166667,353.166667,339.833333,342.833333,439200,,,
2020-06-29,340,340.5,328.166667,330.833333,525300,,,
2020-06-30,340,346,335.666667,335.666667,293700,,,
2020-07-01,335.833333,336,326.666667,330.5,410400,,,
2020-07-02,331.333333,334.5,323.166667,325,351900,,,
2020-07-03,331.333333,334.666667,318.666667,324,404100,,,
2020-07-06,324,337.833333,324,337.833333,330000,,,
2020-07-07,336.666667,337,330.333333,334.833333,270000,,,
2020-07-08,333.333333,336.333333,329.166667,329.5,329700,,,
2020-07-09,329.5,331.166667,324.666667,325,272400,,,
2020-07-10,319.833333,322.333333,316.666667,316.833333,307800,,,
2020-07-13,326,328.333333,320,324,327000,,,
2020-07-14,322,326.166667,318.333333,326.166667,197700,,,
2020-07-15,330.333333,342.833333,330.333333,336.333333,363600,,,
2020-07-16,329.166667,339.5,329.166667,335.833333,256500,,,
2020-07-17,335.5,335.666667,327,331.166667,232500,,,
2020-07-20,333.333333,333.333333,323.333333,327.833333,229800,,,
2020-07-21,327.833333,328.5,323.5,327.166667,234000,,,
2020-07-22,327.166667,332.166667,325.666667,325.666667,264300,,,
2020-07-27,322,324.333333,318,324.166667,317700,,,
2020-07-28,324.166667,327,320.166667,322.333333,205500,,,
2020-07-29,321.666667,321.666667,314.666667,314.666667,391500,,,
2020-07-30,314.166667,314.166667,299.333333,300.5,630300,,,
2020-07-31,300,300,284.333333,285.666667,726300,,,
2020-08-03,285.666667,289.333333,282,289.333333,375900,,,
2020-08-04,290.333333,308.833333,290.333333,308.833333,399900,,,
2020-08-05,306.166667,313,300.833333,309.5,361800,,,
2020-08-06,308.666667,312.166667,302.666667,306.333333,239700,,,
2020-08-07,303.333333,311.666667,301.666667,307.666667,261900,,,
2020-08-11,314.333333,343.333333,314.166667,342.333333,972900,,,
2020-08-12,344.666667,363,344.166667,362.833333,899400,,,
2020-08-13,363,373,360.666667,368.5,600300,,,
2020-08-14,369,370,359.333333,360.166667,280500,,,
2020-08-17,356.166667,356.833333,350.833333,352.166667,333900,,,
2020-08-18,350,353.5,343,346.166667,187200,,,
2020-08-19,341.5,349,338.333333,349,207900,,,
2020-08-20,345.5,349.666667,342,343.166667,195000,,,
2020-08-21,345.5,352,345.5,349.333333,154800,,,
2020-08-24,349,351.833333,339.5,342.833333,232800,,,
2020-08-25,348.833333,354.333333,348.833333,352,315600,,,
2020-08-26,351.666667,356.333333,349.166667,356.333333,163800,,,
2020-08-27,355.5,355.5,349.666667,352.166667,92700,,,
2020-08-28,355,363.833333,347.666667,350.833333,415800,,,
2020-08-31,356.333333,360.833333,353.833333,354.166667,262500,,,
2020-09-01,350.833333,354,348.666667,351,151800,,,
2020-09-02,353,353.833333,348.5,349.5,173100,,,
2020-09-03,355.833333,358.333333,345,345.333333,223500,,,
2020-09-04,341.333333,345.833333,340,345.5,168900,,,
2020-09-07,345.666667,356,345.666667,353.666667,204900,,,
2020-09-08,358.333333,360.333333,355.166667,358.166667,240900,,,
2020-09-09,352,359.166667,351.333333,358.166667,277500,,,
2020-09-10,359.166667,364.5,356.5,363.166667,279900,,,
2020-09-11,366.5,368.333333,362.833333,367.333333,291300,,,
2020-09-14,367.5,372,367,370.166667,162000,,,
2020-09-15,370.666667,370.666667,363.666667,365.166667,165000,,,
2020-09-16,363.5,365.333333,359.666667,361.833333,214500,,,
2020-09-17,360.166667,362.666667,357.333333,358,193800,,,
2020-09-18,361.166667,364.333333,356.166667,357.166667,280200,,,
2020-09-23,350.5,353.333333,345.5,349.666667,345000,,,
2020-09-24,347.5,347.666667,338.666667,339.166667,262800,,,
2020-09-25,343.5,348.666667,342.666667,347.5,322500,,,
2020-09-28,349.333333,367.333333,347.833333,366.833333,493500,,,
2020-09-29,368.833333,369.166667,361.833333,363.5,193800,,,
2020-09-30,361.833333,370.5,360.166667,361.833333,276900,,,
2020-10-01,#VALUE!,#VALUE!,#VALUE!,#VALUE!,0,,,
2020-10-02,369.5,372,354.833333,355.5,384600,,,
2020-10-05,363.833333,373.5,361.166667,373.5,363600,,,
2020-10-06,375.833333,385.833333,375.333333,383,385200,,,
2020-10-07,376.666667,387.833333,376.333333,387,353400,,,
2020-10-08,391.666667,394.833333,384.666667,385.666667,288300,,,
2020-10-09,387.833333,387.833333,373.833333,375.333333,318300,,,
2020-10-12,373.333333,373.333333,366.333333,367.833333,359100,,,
2020-10-13,370.333333,370.833333,359.166667,367.5,259200,,,
2020-10-14,363.333333,363.333333,357,357.833333,276000,,,
2020-10-15,357.666667,360.5,354.666667,354.833333,250800,,,
2020-10-16,356.666667,356.666667,348.5,350.833333,267000,,,
2020-10-19,353.166667,365.166667,353.166667,364.5,261600,,,
2020-10-20,364.333333,364.333333,354,354.333333,224400,,,
2020-10-21,356,367.666667,355,365.333333,289500,,,
2020-10-22,361.666667,365.166667,358.166667,364.5,241200,,,
2020-10-23,369,381,366.666667,380.5,329400,,,
2020-10-26,381.166667,384.833333,378.833333,379.5,224700,,,
2020-10-27,374.166667,374.833333,368.333333,374.833333,285300,,,
2020-10-28,369,370.333333,360.333333,364.666667,354600,,,
2020-10-29,357,372.333333,354.833333,368,283200,,,
2020-10-30,368.333333,368.833333,354.5,356.833333,347400,,,
2020-11-02,361.166667,365.833333,356.166667,360,366600,,,
2020-11-04,368.333333,368.333333,356.5,357.5,319500,,,
2020-11-05,354.5,355.166667,347.5,352,333300,,,
2020-11-06,352,364.333333,346.666667,362,468900,,,
2020-11-09,373.333333,386,369.166667,377.833333,667500,,,
2020-11-10,385.833333,397,383.666667,397,942900,,,
2020-11-11,405.333333,424.5,401.333333,424.5,937200,,,
2020-11-12,420,427.666667,411.333333,419,657900,,,
2020-11-13,412.5,413,402.333333,408,475200,,,
2020-11-16,416.333333,423.333333,411.333333,421.333333,558300,,,
2020-11-17,428.333333,428.333333,419.666667,420.5,358500,,,
2020-11-18,418.833333,422.666667,411.666667,418.666667,287700,,,
2020-11-19,414.333333,418.166667,411.833333,417,307200,,,
2020-11-20,415.833333,426.5,412,426.5,267900,,,
2020-11-24,439.833333,445.333333,436.166667,442.5,438000,,,
2020-11-25,449.666667,453,439.333333,439.333333,526800,,,
2020-11-26,438.166667,441,431.333333,431.666667,279000,,,
2020-11-27,426.666667,441.5,426.666667,438.5,369900,,,
2020-11-30,438.666667,438.666667,418.666667,419.666667,460500,,,
2020-12-01,416.666667,427.166667,415.833333,426.333333,394500,,,
2020-12-02,430.5,434.333333,426.833333,431.833333,367800,,,
2020-12-03,431.666667,434.5,428.333333,434.5,254400,,,
2020-12-04,432.5,438,430.333333,434,215700,,,
2020-12-07,436.666667,437.666667,420.166667,422.166667,266400,,,
2020-12-08,417.5,422.5,413.833333,416.666667,217800,,,
2020-12-09,420.666667,425.166667,418.666667,425.166667,273000,,,
2020-12-10,424.833333,427.5,420.166667,422,312300,,,
2020-12-11,420.666667,423.166667,412.333333,419.666667,444900,,,
2020-12-14,416.666667,430.833333,415.333333,429.333333,324600,,,
2020-12-15,428.333333,436.666667,425.833333,436.666667,246900,,,
2020-12-16,441.666667,442.833333,429.333333,429.333333,304800,,,
2020-12-17,429.333333,429.333333,419.5,421,301200,,,
2020-12-18,419.166667,423.666667,416.666667,417.5,325800,,,
2020-12-21,416.666667,418.333333,406.333333,409.166667,285000,,,
2020-12-22,403.333333,403.833333,394.833333,397.833333,412500,,,
2020-12-23,395.833333,396.666667,384.333333,385.666667,322500,,,
2020-12-24,385.333333,393.333333,382.333333,388.833333,442500,,,
2020-12-25,388.833333,391.5,382.666667,386,389100,,,
2020-12-28,386,394.166667,383.666667,387.833333,323700,,,
2020-12-29,387.833333,405.5,387.833333,404.333333,324900,,,
2020-12-30,398.5,398.666667,391.833333,394.166667,305400,,,
2021-01-04,398.166667,398.166667,383.5,386.833333,355800,,,
2021-01-05,379.333333,386,378.666667,381.5,357600,,,
2021-01-06,380,382.833333,375.333333,380.666667,464100,,,
2021-01-07,385.166667,391.166667,383.5,385.166667,408000,,,
2021-01-08,383.333333,393.333333,382,392.833333,394500,,,
2021-01-12,394.666667,405,393.333333,400,493800,,,
2021-01-13,400,400.5,394.333333,397.5,441000,,,
2021-01-14,397.333333,402.666667,392.5,399.666667,468900,,,
2021-01-15,399,399.5,392.5,394.666667,281400,,,
2021-01-18,388.5,396.5,386.666667,392.666667,205500,,,
2021-01-19,392.666667,401,392.666667,395.5,247200,,,
2021-01-20,396.166667,396.166667,390.166667,392.666667,296400,,,
2021-01-21,393.333333,395,385.833333,389.333333,463800,,,
2021-01-22,385,389.333333,382.5,387.333333,375900,,,
2021-01-25,387.333333,389.166667,384.833333,388.333333,191100,,,
2021-01-26,386.666667,388.5,384.5,387,193800,,,
2021-01-27,390.833333,391.333333,385.5,387.333333,189000,,,
2021-01-28,382.333333,407.166667,381.666667,404.833333,848100,,,
2021-01-29,404.166667,404.166667,387.166667,390.166667,676500,,,
2021-02-01,389.666667,398.666667,386.666667,398.166667,532200,,,
2021-02-02,399.333333,417.666667,397.5,416.5,1210800,498925000,0,0
2021-02-03,417.833333,429.666667,415,417,1017600,428266200,0,0
2021-02-04,421.5,427.166667,417.5,421.333333,632400,266767500,0,0
2021-02-05,427.666667,444.666667,427.666667,440.833333,1281600,562473100,0,0
2021-02-08,446.666667,448.166667,435,440,1142400,503320800,0,0
2021-02-09,441.166667,441.5,428.5,434.333333,1117800,484494500,0,0
2021-02-10,513.333333,518.333333,490.833333,518.333333,5581800,2865066900,1,0
2021-02-12,523.333333,541.666667,514.166667,531.666667,3222600,1704080000,0,0
2021-02-15,534.166667,535.833333,510,522.5,2146800,1119749000,0,0
2021-02-16,516.666667,516.666667,501.666667,510,1734600,884370500,0,0
2021-02-17,502.5,515,497.5,505,1423800,719644700,0,0
2021-02-18,510,510,490.666667,492.333333,1671000,829625100,0,0
2021-02-19,488.166667,497.5,483.333333,490.833333,1234200,607559500,0,0
2021-02-22,497.5,506.666667,495.166667,501.666667,617400,309117800,0,0
2021-02-24,505,510.833333,498.5,508.333333,1113600,560987400,0,0
2021-02-25,514.166667,516.666667,507.5,509.166667,775800,397426500,0,0
2021-02-26,505,509.166667,493.5,493.5,1137600,569523500,0,0
2021-03-01,495,496.166667,483,486.333333,1269600,618367600,0,0
2021-03-02,488.333333,489.666667,474,482.166667,1155600,558161800,0,0
2021-03-03,480.166667,491.5,478.666667,490.833333,762600,371726800,0,0
2021-03-04,498.666667,499.333333,479,488.166667,791400,385786700,0,0
2021-03-05,492.5,493.833333,480.166667,493.833333,836400,407649100,0,0
2021-03-08,498,505,488.666667,490.666667,789600,391936400,0,0
2021-03-09,500,507.5,496.333333,505,892200,448072800,0,0
2021-03-10,505.833333,515,495.333333,499.833333,966000,485325600,0,0
2021-03-11,513.333333,521.666667,509.166667,512.5,1256400,646211000,0,0
2021-03-12,513.333333,521.666667,509.166667,520,897600,463726500,0,0
2021-03-15,525,537.5,524.166667,531.666667,1003200,532618000,0,0
2021-03-16,537.5,543.333333,533.333333,542.5,766200,412920000,0,0
2021-03-17,556.666667,556.666667,542.5,554.166667,1354200,746366000,0,0
2021-03-18,556.666667,558.333333,542.5,554.166667,888600,489071500,0,0
2021-03-19,549.166667,554.166667,545,554.166667,869400,478312500,0,0
2021-03-22,550.833333,551.666667,544.166667,545.833333,661200,362101500,0,0
2021-03-23,545.833333,545.833333,522.5,522.5,774600,412645500,0,0
2021-03-24,510.833333,515,499.666667,504.166667,1251600,634088800,0,0
2021-03-25,500.833333,522.5,500.833333,506.666667,1026600,523703000,0,0
2021-03-26,515.833333,519.166667,511.666667,515.833333,504600,260239500,0,0
2021-03-29,520.833333,523.333333,505.833333,513.333333,822000,420375500,0,0
2021-03-30,510,517.5,505,517.5,600000,307638500,0,0
2021-03-31,515.833333,515.833333,502.5,503.333333,885000,448403000,0,0
2021-04-01,513.333333,513.333333,498,499.166667,1003800,504281900,0,0
2021-04-02,498.333333,505.833333,496.666667,505,531600,266678000,0,0
2021-04-05,505,510.833333,504.166667,509.166667,281400,142879000,0,0
2021-04-06,508.333333,508.333333,494.666667,499.166667,522600,261311100,0,0
2021-04-07,504.166667,507.5,496.666667,499.166667,494400,247360600,0,0
2021-04-08,498.333333,498.333333,489.666667,491.333333,485400,239141400,0,0
2021-04-09,493.666667,496.666667,485,485,663600,325213000,0,0
2021-04-12,487.333333,492.833333,485.833333,492.166667,364800,178532700,0,0
2021-04-13,493.333333,499.833333,492.333333,498.833333,391800,194737800,0,0
2021-04-14,498.333333,498.333333,489.833333,496.5,466800,230615900,0,0
2021-04-15,495,508.333333,495,504.166667,381600,191641400,0,0
2021-04-16,505,505,497.833333,504.166667,291000,146141200,0,0
2021-04-19,505,508.333333,501.666667,507.5,247800,125335500,0,0
2021-04-20,502.5,502.5,490.5,491.666667,603000,298182600,0,0
2021-04-21,484.333333,484.666667,469.666667,472.166667,939000,445770000,0,0
2021-04-22,478.666667,483.833333,475,479.833333,559800,268021200,0,0
2021-04-23,475.5,481.666667,473.5,478.166667,399600,191033400,0,0
2021-04-26,481.5,482.5,474.166667,475.166667,412800,196617400,0,0
2021-04-27,474.833333,481.166667,472.833333,476.833333,424800,203035600,0,0
2021-04-28,475.333333,484.5,475.166667,482,770400,370543900,0,0
2021-04-30,482.5,491.833333,480.833333,487.666667,670800,326801500,0,0
2021-05-06,497.333333,500.833333,492,494.333333,628800,312173100,0,0
2021-05-07,500,520,495.666667,516.666667,1247400,634647200,0,0
2021-05-10,533.333333,536.666667,521.666667,532.5,973200,516962000,0,0
2021-05-11,529.166667,535.833333,515.833333,519.166667,1285200,672553000,0,0
2021-05-12,530,530,505,525,1348200,699075000,0,0
2021-05-13,515.833333,537.5,513.333333,532.5,1531800,813465500,0,0
2021-05-14,616.666667,647.5,613.333333,618.333333,5240400,3282320500,0,0
2021-05-17,617.5,639.166667,604.166667,606.666667,2561400,1580628500,0,0
2021-05-18,607.5,630,607.5,620,1961400,1210690000,0,0
2021-05-19,608.333333,628.333333,608.333333,625,1216800,756598000,0,0
2021-05-20,626.666667,636.666667,618.333333,625.833333,849000,532145000,0,0
2021-05-21,620.833333,626.666667,610,615.833333,853200,526915000,0,0
2021-05-24,620.833333,629.166667,619.166667,619.166667,619800,386413500,0,0
2021-05-25,622.5,622.5,614.166667,616.666667,513000,317101500,0,0
2021-05-26,615,623.333333,611.666667,615.833333,549000,339187000,0,0
2021-05-27,620,624.166667,610,610,670800,412196500,0,0
2021-05-28,629.166667,646.666667,629.166667,640.833333,1905600,1214494000,0,0
2021-05-31,635,644.166667,629.166667,637.5,930600,592816500,0,0
2021-06-01,645,655,643.333333,652.5,946200,615359500,0,0
2021-06-02,658.333333,680.833333,655.833333,680.833333,1245600,835185500,0,0
2021-06-03,682.5,685.833333,665.833333,674.166667,972000,656638000,0,0
2021-06-04,675,688.333333,670.833333,687.5,673800,459536500,0,0
2021-06-07,695.833333,696.666667,681.666667,685,723000,496713000,0,0
2021-06-08,681.666667,685.833333,675,677.5,828600,563291500,0,0
2021-06-09,676.666667,682.5,674.166667,675.833333,501000,339273000,0,0
2021-06-10,672.5,672.5,660.833333,664.166667,685200,456113500,0,0
2021-06-11,661.666667,663.333333,651.666667,654.166667,727800,478364000,0,0
2021-06-14,658.333333,661.666667,651.666667,653.333333,391800,256684500,0,0
2021-06-15,654.166667,655.833333,650.833333,653.333333,417600,272755500,0,0
2021-06-16,651.666667,662.5,650.833333,654.166667,544800,357807000,0,0
2021-06-17,650.833333,650.833333,641.666667,641.666667,628200,406054000,0,0
2021-06-18,635.833333,635.833333,620.833333,620.833333,948600,592616000,0,0
2021-06-21,601.666667,609.166667,595.833333,598.333333,1270200,762991000,0,0
2021-06-22,621.666667,631.666667,619.166667,630.833333,676800,423909500,0,0
2021-06-23,626.666667,630,620.833333,628.333333,478800,299321000,0,0
2021-06-24,630.833333,633.333333,626.666667,629.166667,326400,205664500,0,0
2021-06-25,640.833333,650,639.166667,643.333333,612000,394597000,0,0
2021-06-28,653.333333,660,647.5,649.166667,688800,449396500,0,0
2021-06-29,649.166667,649.166667,625,630.833333,591600,374819000,0,0
2021-06-30,631.666667,637.5,625.833333,626.666667,432600,272580000,0,0
2021-07-01,627.5,629.166667,616.666667,627.5,457800,285566000,0,0
2021-07-02,635.833333,645,635,640.833333,561000,359062000,0,0
2021-07-05,633.333333,633.333333,625.833333,625.833333,282600,177473000,0,0
2021-07-06,625.833333,634.166667,625.833333,626.666667,384000,241704500,0,0
2021-07-07,615,621.666667,611.666667,615.833333,403800,248638500,0,0
2021-07-08,620,625,612.5,612.5,478200,294755500,0,0
2021-07-09,606.666667,616.666667,597.5,614.166667,690600,418752500,0,0
2021-07-12,630,630,622.5,624.166667,325800,204019000,0,0
2021-07-13,625.833333,631.666667,623.333333,624.166667,228000,142897000,0,0
2021-07-14,620.833333,626.666667,616.666667,618.333333,378000,234548500,0,0
2021-07-15,610,613.333333,605,610,391200,239037000,0,0
2021-07-16,610,619.166667,607.5,615.833333,334800,205899000,0,0
2021-07-19,604.166667,605.833333,592.5,598.333333,582600,348499000,0,0
2021-07-20,589.166667,591.666667,580,580.833333,712200,416149500,0,0
2021-07-21,595.833333,602.5,591.666667,596.666667,611400,365260000,0,0
2021-07-26,608.333333,613.333333,605,607.5,415200,252546500,0,0
2021-07-27,608.333333,611.666667,604.166667,605.833333,256800,156079000,0,0
2021-07-28,606.666667,608.333333,600,605,559200,337974500,0,0
2021-07-29,602.5,610,602.5,608.333333,568200,344719500,0,0
2021-07-30,606.666667,608.333333,597.5,597.5,505200,303693000,0,0
2021-08-02,600,605,600,602.5,289200,174195000,0,0
2021-08-03,600,605.833333,595,595.833333,334800,200588000,0,0
2021-08-04,605,605.833333,591.666667,594.166667,506400,302642000,0,0
2021-08-05,584.166667,588.333333,580.833333,584.166667,868200,506481000,0,0
2021-08-06,558.333333,565,525,557.5,2875200,1568991000,0,0
2021-08-10,559.166667,575.833333,558.333333,560,825000,465869000,0,0
2021-08-11,564.166667,567.5,558.333333,561.666667,526200,295805500,0,0
2021-08-12,570,573.333333,564.166667,565.833333,439200,249628000,0,0
2021-08-13,559.166667,562.5,553.333333,557.5,524400,292441000,0,0
2021-08-16,550,550,534.166667,539.166667,807600,434876000,0,0
2021-08-17,540.833333,542.5,526.666667,526.666667,810600,431134000,0,0
2021-08-18,521.666667,536.666667,517.5,528.333333,826200,435164500,0,0
2021-08-19,532.5,532.5,515,515.833333,724800,379235500,0,0
2021-08-20,514.166667,514.166667,484.666667,485.5,2073600,1026774100,0,0
2021-08-23,488.833333,500.833333,485.333333,495.166667,936600,463493100,0,0
2021-08-24,500.833333,511.666667,500.833333,504.166667,583200,294862000,0,0
2021-08-25,505,511.666667,498.333333,505,626400,315954300,0,0
2021-08-26,508.333333,512.5,498.333333,501.666667,588000,295238100,0,0
2021-08-27,501.666667,509.166667,499,505,726600,365823600,0,0
2021-08-30,516.666667,520,512.5,515.833333,605400,312323000,0,0
2021-08-31,522.5,522.5,506.666667,518.333333,973800,503945000,0,0
2021-09-01,519.166667,522.5,513.333333,519.166667,651600,337323500,0,0
2021-09-02,520.833333,520.833333,509.166667,515.833333,579000,298012500,0,0
2021-09-03,520,532.5,520,529.166667,709200,374359500,0,0
2021-09-06,540,544.166667,530,532.5,885000,473166500,0,0
2021-09-07,539.166667,541.666667,530,534.166667,606600,324442500,0,0
2021-09-08,528.333333,537.5,525.833333,537.5,679800,361956500,0,0
2021-09-09,532.5,538.333333,529.166667,530,659400,350641000,0,0
2021-09-10,526.666667,532.5,526.666667,532.5,713400,378061000,0,0
2021-09-13,526.666667,528.333333,520,526.666667,807000,423179000,0,0
2021-09-14,526.666667,535,526.666667,532.5,651600,346744500,0,0
2021-09-15,525.833333,528.333333,520,523.333333,1081200,566047000,0,0
2021-09-16,530,534.166667,521.666667,525.833333,638400,336118500,0,0
2021-09-17,525.833333,528.333333,520.833333,523.333333,538800,282612000,0,0
2021-09-21,509.166667,513.333333,505,506.666667,621000,315952000,0,0
2021-09-22,505,507.5,499.833333,500,672600,337686300,0,0
2021-09-24,516.666667,519.166667,510.833333,513.333333,627000,323296000,0,0
2021-09-27,519.166667,520.833333,515,515.833333,427200,221043500,0,0
2021-09-28,523.333333,525.833333,515.833333,525,534000,279255000,0,0
2021-09-29,508.333333,517.5,508.333333,517.5,571200,293169500,0,0
2021-09-30,518.333333,519.166667,505.833333,506.666667,660600,337568500,0,0
2021-10-01,501.666667,505,494.166667,498.333333,768600,382851700,0,0
2021-10-04,506.666667,508.333333,497.166667,500,798000,400664400,0,0
2021-10-05,495,502.5,492.5,496.666667,1063800,528211200,0,0
2021-10-06,499.666667,509.166667,493.5,498,1005000,503207700,0,0
2021-10-07,496.166667,497.833333,487.666667,493.333333,682800,337050600,0,0
2021-10-08,500,515,498,502.5,947400,479681800,0,0
2021-10-11,504.166667,513.333333,503.333333,512.5,682200,347132000,0,0
2021-10-12,508.333333,518.333333,508.333333,515.833333,526800,271207000,0,0
2021-10-13,515,515.833333,505.833333,506.666667,433800,221224500,0,0
2021-10-14,505.833333,510,500.833333,510,437400,220949000,0,0
2021-10-15,511.666667,517.5,510,516.666667,543000,279031500,0,0
2021-10-18,519.166667,530.833333,519.166667,527.5,669000,352690500,0,0
2021-10-19,526.666667,526.666667,519.166667,519.166667,430200,224321000,0,0
2021-10-20,520.833333,521.666667,510.833333,510.833333,487800,251242000,0,0
2021-10-21,515,515.833333,502.5,502.5,553200,280926500,0,0
2021-10-22,501.666667,507.5,500,503.333333,509400,256327000,0,0
2021-10-25,503.333333,511.666667,502.5,507.5,464400,235455000,0,0
2021-10-26,512.5,515.833333,509.166667,515,324600,166646500,0,0
2021-10-27,514.166667,514.166667,506.666667,513.333333,363600,185475500,0,0
2021-10-28,508.333333,510,501.666667,509.166667,1317600,668953500,0,0
2021-10-29,510.833333,515,506.666667,506.666667,660000,336678500,0,0
2021-11-01,513.333333,518.333333,510.833333,515.833333,554400,285166000,0,0
2021-11-02,513.333333,515,502.5,502.5,465000,235225000,0,0
2021-11-04,507.5,515.833333,505,515.833333,773400,396709000,0,0
2021-11-05,515.833333,515.833333,500.833333,505,881400,445323500,0,0
2021-11-08,525,545,525,533.333333,2429400,1302750000,0,0
2021-11-09,537.5,540,520.833333,520.833333,880800,465981000,0,0
2021-11-10,524.166667,524.166667,507.5,512.5,819000,420726000,0,0
2021-11-11,510,515.833333,507.5,509.166667,384000,196419000,0,0
2021-11-12,515,520,505.833333,509.166667,633600,324427500,0,0
2021-11-15,508.333333,510,502.5,508.333333,490200,248050500,0,0
2021-11-16,514.166667,521.666667,513.333333,515,619200,320457500,0,0
2021-11-17,521.666667,521.666667,513.333333,515,483000,249516000,0,0
2021-11-18,512.5,519.166667,510.833333,518.333333,402000,207101500,0,0
2021-11-19,515.833333,528.333333,514.166667,527.5,411600,215196000,0,0
2021-11-22,522.5,528.333333,517.5,525,340200,178408000,0,0
2021-11-24,525,532.5,517.5,517.5,340200,178423500,0,0
2021-11-25,519.166667,521.666667,510,510.833333,327000,168311000,0,0
2021-11-26,510,510.833333,497.166667,502.5,722400,362045500,0,0
2021-11-29,493.333333,497.833333,486.666667,489.666667,1245600,612564200,0,0
2021-11-30,497.5,500.833333,484,484,787800,387957700,0,0
2021-12-01,482.166667,486.666667,475.833333,482.666667,703200,339186700,0,0
2021-12-02,474.333333,478,467.666667,475.5,1150200,543669400,0,0
2021-12-03,481,494.5,480,494.5,776400,378180600,0,0
2021-12-06,498.166667,502.5,490.333333,499.166667,573600,285821300,0,0
2021-12-07,508.333333,512.5,502.5,512.5,685800,348510000,0,0
2021-12-08,513.333333,513.333333,505,505,522000,264931000,0,0
2021-12-09,501.666667,503.333333,495.333333,496.833333,352200,175553800,0,0
2021-12-10,497.833333,499.333333,492,493.166667,345600,171298600,0,0
2021-12-13,496.666667,498.5,490,491.833333,256200,126282900,0,0
2021-12-14,488.333333,492.5,484.5,484.5,385800,187938300,0,0
2021-12-15,483.666667,497.5,483.666667,492.333333,505200,249178100,0,0
2021-12-16,498.5,502.5,497.666667,502.5,373800,187126700,0,0
2021-12-17,497.833333,502.5,492.833333,495.666667,531600,263672200,0,0
2021-12-20,499.833333,501.666667,490,490,955200,473810800,0,0
2021-12-21,496.833333,496.833333,485.5,486.5,541800,264791500,0,0
2021-12-22,491.666667,495.333333,488.666667,493.333333,471600,232259500,0,0
2021-12-23,498.666667,507.5,498.333333,507.5,755400,380841400,0,0
2021-12-24,509.166667,515.833333,506.666667,511.666667,703800,359967500,0,0
2021-12-27,509.166667,512.5,505,512.5,547200,279383500,0,0
2021-12-28,523.333333,525,515,518.333333,893400,464045500,0,0
2021-12-29,525,535,521.666667,533.333333,1281600,680611500,0,0
2021-12-30,535,541.666667,529.166667,537.5,740400,397139000,0,0
2022-01-04,542.5,545,535,535,599400,322834500,0,0
2022-01-05,541.666667,555,538.333333,554.166667,1354800,742220500,0,0
2022-01-06,548.333333,555,541.666667,551.666667,1113600,612299500,0,0
2022-01-07,556.666667,565,542.5,544.166667,870600,480369500,0,0
2022-01-11,540.833333,554.166667,535,553.333333,732000,399196500,0,0
2022-01-12,565,567.5,560,561.666667,797400,449989000,0,0
2022-01-13,561.666667,567.5,555.833333,566.666667,544800,307087000,0,0
2022-01-14,570,570,557.5,560.833333,493200,277553000,0,0
2022-01-17,559.166667,565,553.333333,555,389400,217078000,0,0
2022-01-18,555,555,535,538.333333,570000,309050500,0,0
2022-01-19,527.5,534.166667,510.833333,512.5,721800,375997000,0,0
2022-01-20,510.833333,524.166667,510.833333,518.333333,675000,350027500,0,0
2022-01-21,509.166667,509.166667,496,501.666667,1020000,510033000,0,0
2022-01-24,500,508.333333,496.166667,503.333333,535200,268616600,0,0
2022-01-25,502.5,503.333333,488.833333,496.666667,1008000,500102100,0,0
2022-01-26,499.666667,503.333333,493.666667,497.166667,490200,244534500,0,0
2022-01-27,497.833333,500,477.833333,480.5,1306200,634765100,0,0
2022-01-28,485.333333,494.666667,484.166667,493.166667,658800,322242400,0,0
2022-01-31,488.333333,501.666667,488.333333,494.166667,799800,396025300,0,0
2022-02-01,502.5,506.666667,492.666667,493.833333,597000,297686100,0,0
2022-02-02,496.666667,510.833333,496.666667,503.333333,810000,409045400,0,0
2022-02-03,505,512.5,500.833333,512.5,569400,289766000,0,0
2022-02-04,512.5,520,505.833333,517.5,616800,317542000,0,0
2022-02-07,516.666667,516.666667,504.166667,510,634200,323357000,0,0
2022-02-08,506.666667,511.666667,504.166667,509.166667,613800,311503500,0,0
2022-02-09,525,529.166667,512.5,515.833333,1366800,711060500,0,0
2022-02-10,516.666667,520.833333,505.833333,507.5,961800,491934000,0,0
2022-02-14,500,504.166667,495.666667,500.833333,754200,377193000,0,0
2022-02-15,509.166667,511.666667,498.833333,502.5,642000,323531200,0,0
2022-02-16,520,536.666667,517.5,536.666667,1548000,818974500,0,0
2022-02-17,538.333333,540,516.666667,516.666667,947400,496444500,0,0
2022-02-18,505.833333,516.666667,505,512.5,511200,261979000,0,0
2022-02-21,511.666667,520.833333,508.333333,515.833333,555000,285630000,0,0
2022-02-22,505,510.833333,497.666667,501.666667,667800,336049400,0,0
2022-02-24,498.5,501.666667,490,494.333333,958200,474192600,0,0
2022-02-25,493.666667,501.666667,493.166667,500.833333,667800,332813600,0,0
2022-02-28,501.666667,515,499.333333,512.5,714600,363821000,0,0
2022-03-01,513.333333,515,500.833333,500.833333,550800,279033000,0,0
2022-03-02,495.666667,495.833333,485.5,486,1131600,554255200,0,0
2022-03-03,493.333333,495,486.5,487.333333,626400,306896500,0,0
2022-03-04,486.5,487.166667,477.5,479.166667,936000,450681500,0,0
2022-03-07,466.166667,466.166667,445.833333,447.666667,2061600,933583800,0,0
2022-03-08,441.666667,445.333333,428.666667,431.166667,1777200,775953300,0,0
2022-03-09,433.333333,439.833333,427.166667,428.333333,981600,423754200,0,0
2022-03-10,447.5,455.333333,445,454.833333,824400,372881000,0,0
2022-03-11,450,451,441.833333,449,675000,301562300,0,0
2022-03-14,450.166667,465.166667,450,460.5,751800,345852200,0,0
2022-03-15,457.333333,475.333333,455.333333,472.333333,789000,370447900,0,0
2022-03-16,475.166667,477.666667,470.166667,474.333333,740400,350522300,0,0
2022-03-17,485.833333,487.333333,480.166667,486,1014600,491789000,0,0
2022-03-18,480,484.333333,473.333333,483.333333,2095200,1006985600,0,0
2022-03-22,484.333333,493.5,483.833333,492,715800,350742300,0,0
2022-03-23,498.333333,499.833333,494,498,666000,331297400,0,0
2022-03-24,493,497.666667,489.666667,497.666667,552000,272803700,0,0
2022-03-25,501.666667,508.333333,498.666667,506.666667,825600,416507000,0,0
2022-03-28,509.166667,510,500.833333,503.333333,556200,281309000,0,0
2022-03-29,503.333333,505,498.166667,502.5,681000,341794400,0,0
2022-03-30,503.333333,507.5,499.666667,505,555600,279679300,0,0
2022-03-31,500,503.333333,494.666667,495.833333,598800,298311000,0,0
2022-04-01,491.666667,498.333333,486.166667,497.5,672000,331542100,0,0
2022-04-04,497,497,491.833333,494,382800,189099400,0,0
2022-04-05,495,498.333333,490,491,408600,201094600,0,0
2022-04-06,486.666667,487,478,478,876600,422421400,0,0
2022-04-07,474.333333,474.333333,461,464.833333,859800,399568500,0,0
2022-04-08,462.5,467.666667,459.666667,462.5,665400,307820600,0,0
2022-04-11,461.666667,472.166667,461.666667,462.833333,619800,288281100,0,0
2022-04-12,464.833333,466.833333,454.833333,454.833333,724200,333450800,0,0
2022-04-13,454.833333,463.833333,454.833333,463.833333,704400,324750200,0,0
2022-04-14,463.833333,470.833333,462.833333,470.833333,537600,251952100,0,0
2022-04-15,468.333333,472.5,466.5,470.166667,383400,180122400,0,0
2022-04-18,464.166667,467.166667,460.166667,464.333333,296400,137429200,0,0
2022-04-19,465.166667,469.833333,464.833333,469.833333,292200,136765200,0,0
2022-04-20,474,478.166667,470.166667,478.166667,688800,327236400,0,0
2022-04-21,480,485.666667,478.166667,483.5,508800,245735800,0,0
2022-04-22,476.5,485,475.833333,482.333333,546600,263199500,0,0
2022-04-25,471.666667,474,469.166667,472.333333,579600,273455100,0,0
2022-04-26,474.833333,480.5,473.333333,475.833333,531000,253545900,0,0
2022-04-27,468.333333,471.666667,466,468,1387800,649742600,0,0
2022-04-28,474.666667,492.166667,471.166667,491,1041600,503802100,0,0
2022-05-02,490,496.833333,487.666667,494.833333,539400,265654100,0,0
2022-05-06,497.5,499.333333,491.5,494.833333,745200,367992500,0,0
2022-05-09,491.833333,492.333333,485.666667,485.666667,590400,288478000,0,0
2022-05-10,480,480.166667,472.333333,476,919800,438143300,0,0
2022-05-11,470.333333,472.166667,464.166667,466.5,961200,449522300,0,0
2022-05-12,467.666667,480.5,467.333333,477.833333,620400,295004200,0,0
2022-05-13,469.5,485.166667,469,485.166667,638400,305903500,0,0
2022-05-16,495.666667,495.666667,475,479.166667,1077600,520865600,0,0
2022-05-17,479.166667,484.5,472.666667,476.833333,715800,342083500,0,0
2022-05-18,478.5,490.5,478.5,489.333333,649800,316817400,0,0
2022-05-19,473.333333,483.5,470.833333,482.166667,714600,340724000,0,0
2022-05-20,482.666667,492,482,490.166667,643800,315187100,0,0
2022-05-23,487,489.833333,484.5,487,486000,236659500,0,0
2022-05-24,488.166667,489.5,478.5,480.333333,766200,369307000,0,0
2022-05-25,478.166667,480.5,472.5,477.833333,585000,279040300,0,0
2022-05-26,482.5,487,481.166667,483.666667,636600,308088000,0,0
2022-05-27,490.333333,491.5,477.666667,483.5,1015800,490281300,0,0
2022-05-30,486.5,493.5,482.166667,492.166667,1365000,668573100,0,0
2022-05-31,492.666667,492.833333,486.166667,489.666667,1051200,514821800,0,0
2022-06-01,488.666667,512.5,488.333333,512.5,1134000,571693700,0,0
2022-06-02,510.833333,516.666667,508.333333,514.166667,679800,348915000,0,0
2022-06-03,516.666667,516.666667,505.833333,507.5,381000,194449000,0,0
2022-06-06,502.5,509.166667,501.666667,505.833333,469200,237737000,0,0
2022-06-07,513.333333,522.5,512.5,519.166667,547200,284332000,0,0
2022-06-08,518.333333,520.833333,515,518.333333,423600,219564000,0,0
2022-06-09,519.166667,523.333333,515.833333,516.666667,406800,211400500,0,0
2022-06-10,513.333333,516.666667,509.166667,514.166667,520200,266924500,0,0
2022-06-13,502.5,508.333333,500.833333,503.333333,444600,224170000,0,0
2022-06-14,492.833333,500.833333,491.666667,500,445800,221672200,0,0
2022-06-15,500.833333,503.333333,497.5,498.666667,330000,164836600,0,0
2022-06-16,498,505,497.833333,499.666667,401400,200785900,0,0
2022-06-17,483.333333,489.333333,477.333333,485,994200,480114700,0,0
2022-06-20,491.666667,493.666667,482.5,485.833333,395400,192288500,0,0
2022-06-21,491.666667,506.666667,491,502.5,627600,314701900,0,0
2022-06-22,507.5,510,501.666667,503.333333,518400,262303000,0,0
2022-06-23,506.666667,506.666667,499.666667,500,389400,195382800,0,0
2022-06-24,499,502.5,494.166667,501.666667,462000,229972100,0,0
2022-06-27,513.333333,514.166667,504.166667,510,486600,247761500,0,0
2022-06-28,514.166667,516.666667,509.166667,511.666667,444600,228028500,0,0
2022-06-29,510.833333,517.5,507.5,516.666667,919200,473693500,0,0
2022-06-30,511.666667,518.333333,509.166667,515.833333,644400,332082500,0,0
2022-07-01,518.333333,519.166667,492.5,496.333333,1062000,532947000,0,0
2022-07-04,504.166667,505,496.166667,498.5,452400,226023700,0,0
2022-07-05,496.666667,501.666667,496.5,496.666667,386400,192439700,0,0
2022-07-06,493.333333,494.666667,487.333333,492.333333,769200,377674300,0,0
2022-07-07,497.5,500.833333,490.5,498.166667,614400,305195200,0,0
2022-07-08,500.833333,511.666667,500,505,723000,366287500,0,0
2022-07-11,516.666667,516.666667,510.833333,513.333333,409200,210233000,0,0
2022-07-12,508.333333,508.333333,501.666667,501.666667,302400,152461500,0,0
2022-07-13,510,512.5,504.166667,504.166667,267000,135372000,0,0
2022-07-14,503.333333,512.5,501.666667,511.666667,291600,148401500,0,0
2022-07-15,510.833333,513.333333,506.666667,508.333333,297000,151342000,0,0
2022-07-19,513.333333,522.5,512.5,522.5,503400,260871500,0,0
2022-07-20,526.666667,530,525,527.5,433200,228462000,0,0
2022-07-21,527.5,533.333333,523.333333,532.5,376800,199632000,0,0
2022-07-22,532.5,532.5,527.5,527.5,429600,227597000,0,0
2022-07-25,530,532.5,525,525,445800,235197000,0,0
2022-07-26,525.833333,531.666667,525.833333,529.166667,369600,195472500,0,0
2022-07-27,523.333333,526.666667,518.333333,525.833333,465600,243739000,0,0
2022-07-28,530.833333,530.833333,519.166667,520,612000,320707000,0,0
2022-07-29,523.333333,525,511.666667,513.333333,658800,341383500,0,0
2022-08-01,515.833333,523.333333,515.833333,521.666667,396000,206015500,0,0
2022-08-02,515,516.666667,509.166667,515.833333,459000,235639000,0,0
2022-08-03,515.833333,515.833333,510,512.5,345600,177146000,0,0
2022-08-04,516.666667,516.666667,510.833333,515,313800,161201500,0,0
2022-08-05,509.166667,517.5,509.166667,517.5,309000,158926000,0,0
2022-08-08,518.333333,525.833333,515,525,698400,364177000,0,0
2022-08-09,525,525,513.333333,515,583800,302400000,0,0
2022-08-10,511.666667,515,508.333333,515,714600,365799500,0,0
2022-08-12,525.833333,530.833333,522.5,528.333333,569400,300724500,0,0
2022-08-15,532.5,536.666667,529.166667,534.166667,487200,259672000,0,0
2022-08-16,531.666667,531.666667,526.666667,527.5,412200,217886000,0,0
2022-08-17,529.166667,539.166667,529.166667,539.166667,388800,208871500,0,0
2022-08-18,534.166667,539.166667,532.5,536.666667,390000,208895000,0,0
2022-08-19,540.833333,540.833333,535.833333,539.166667,315000,169733500,0,0
2022-08-22,536.666667,543.333333,531.666667,542.5,406200,219244000,0,0
2022-08-23,536.666667,543.333333,536.666667,540.833333,391200,211445500,0,0
2022-08-24,540.833333,550,540,545,406800,222268500,0,0
2022-08-25,550,553.333333,544.166667,549.166667,498000,273832500,0,0
2022-08-26,551.666667,553.333333,546.666667,548.333333,297600,163425500,0,0
2022-08-29,534.166667,544.166667,534.166667,544.166667,485400,262716500,0,0
2022-08-30,551.666667,554.166667,549.166667,554.166667,307800,169994000,0,0
2022-08-31,551.666667,556.666667,550.833333,551.666667,555000,307263000,0,0
2022-09-01,545,547.5,542.5,545.833333,444600,242254500,0,0
2022-09-02,545.833333,549.166667,541.666667,548.333333,339000,185071000,0,0
2022-09-05,543.333333,545,538.333333,540,493800,267294500,0,0
2022-09-06,546.666667,555,539.166667,553.333333,545400,299630000,0,0
2022-09-07,553.333333,566.666667,550,566.666667,996000,560944500,0,0
2022-09-08,571.666667,575,570,575,543000,311349500,0,0
2022-09-09,577.5,589.166667,575.833333,588.333333,777000,453670000,0,0
2022-09-12,598.333333,598.333333,581.666667,582.5,600000,353488500,0,0
2022-09-13,583.333333,585,575.833333,581.666667,399000,232007500,0,0
2022-09-14,570,579.166667,568.333333,575,362400,208519000,0,0
2022-09-15,578.333333,580,570.833333,572.5,338400,194180500,0,0
2022-09-16,568.333333,575,565.833333,566.666667,538200,305753000,0,0
2022-09-20,590,590,569.166667,569.166667,529200,306147500,0,0
2022-09-21,566.666667,566.666667,557.5,557.5,451800,253324500,0,0
2022-09-22,553.333333,562.5,550.833333,560.833333,507600,283091500,0,0
2022-09-26,552.5,553.333333,535.833333,538.333333,838200,457152500,0,0
2022-09-27,535,545,533.333333,541.666667,633600,341990000,0,0
2022-09-28,540,549.166667,535,545.833333,895200,484948500,0,0
2022-09-29,540.833333,542.5,530.833333,540.833333,811800,436667500,0,0
2022-09-30,533.333333,536.666667,513.333333,515.833333,703200,365766000,0,0
2022-10-03,512.5,525.833333,512.5,525,531600,276997000,0,0
2022-10-04,535.833333,540.833333,531.666667,538.333333,486000,261196000,0,0
2022-10-05,545,545,531.666667,532.5,396000,212492000,0,0
2022-10-06,532.5,541.666667,532.5,537.5,520800,279768500,0,0
2022-10-07,532.5,545,531.666667,542.5,373200,201860500,0,0
2022-10-11,537.5,538.333333,530.833333,536.666667,348000,186113000,0,0
2022-10-12,532.5,535,522.5,525,505200,266623500,0,0
2022-10-13,523.333333,529.166667,522.5,526.666667,322200,169595000,0,0
2022-10-14,538.333333,540,530.833333,535,322800,173220500,0,0
2022-10-17,531.666667,535,530,532.5,211800,112655000,0,0
2022-10-18,534.166667,541.666667,533.333333,540.833333,359400,193107500,0,0
2022-10-19,535.833333,539.166667,532.5,535,264600,141815000,0,0
2022-10-20,528.333333,531.666667,520,524.166667,547800,287653500,0,0
2022-10-21,520.833333,524.166667,515,516.666667,377400,195788000,0,0
2022-10-24,525,525,511.666667,511.666667,464400,239503500,0,0
2022-10-25,519.166667,528.333333,515,527.5,543600,284159500,0,0
2022-10-26,525.833333,529.166667,520.833333,520.833333,260400,136503000,0,0
2022-10-27,520.833333,522.5,516.666667,519.166667,291000,151070500,0,0
2022-10-28,519.166667,530.833333,515,521.666667,1077600,564323500,0,0
2022-10-31,526.666667,542.5,526.666667,542.5,523800,281405500,0,0
2022-11-01,542.5,547.5,540,545,291600,158681000,0,0
2022-11-02,543.333333,549.166667,542.5,546.666667,646800,353175000,0,0
2022-11-04,544.166667,554.166667,544.166667,547.5,768600,422712500,0,0
2022-11-07,578.333333,580.833333,563.333333,576.666667,1159800,668867000,0,0
2022-11-08,579.166667,579.166667,564.166667,571.666667,600600,342316000,0,0
2022-11-09,566.666667,575,566.666667,568.333333,384000,218748000,0,0
2022-11-10,566.666667,577.5,565.833333,575.833333,493800,282927000,0,0
2022-11-11,580.833333,580.833333,570,576.666667,423600,243393000,0,0
2022-11-14,580,582.5,568.333333,569.166667,258000,147945500,0,0
2022-11-15,569.166667,572.5,565.833333,566.666667,277800,157907000,0,0
2022-11-16,567.5,578.333333,564.166667,575,505200,289544500,0,0
2022-11-17,572.5,581.666667,571.666667,576.666667,429600,248482000,0,0
2022-11-18,583.333333,595.833333,582.5,591.666667,796800,470664500,0,0
2022-11-21,595.833333,599.166667,588.333333,588.333333,472200,280080500,0,0
2022-11-22,595,597.5,590.833333,593.333333,541800,321788500,0,0
2022-11-24,600.833333,602.5,595.833333,596.666667,490200,293468000,0,0
2022-11-25,597.5,600.833333,590.833333,593.333333,480000,285491000,0,0
2022-11-28,594.166667,601.666667,591.666667,600.833333,446400,267258000,0,0
2022-11-29,600,610.833333,596.666667,605,579600,350996500,0,0
2022-11-30,603.333333,607.5,602.5,604.166667,399600,241680000,0,0
2022-12-01,605,606.666667,596.666667,596.666667,486600,291741500,0,0
2022-12-02,590,590,572.5,580,765600,443816500,0,0
2022-12-05,580,580,567.5,571.666667,622200,355412500,0,0
2022-12-06,567.5,575,565.833333,571.666667,393600,224601500,0,0
2022-12-07,577.5,580,570,570,459600,264161000,0,0
2022-12-08,568.333333,568.333333,560,565,338400,190636500,0,0
2022-12-09,561.666667,570.833333,560.833333,568.333333,397800,225587000,0,0
2022-12-12,563.333333,565,559.166667,560.833333,327000,183655500,0,0
2022-12-13,566.666667,570,563.333333,566.666667,408600,231732500,0,0
2022-12-14,566.666667,566.666667,560.833333,561.666667,297600,167382000,0,0
2022-12-15,558.333333,565,557.5,565,157800,88841000,0,0
2022-12-16,564.166667,570.833333,560,562.5,694800,393079500,0,0
2022-12-19,559.166667,563.333333,555.833333,555.833333,276600,154631000,0,0
2022-12-20,563.333333,567.5,548.333333,553.333333,647400,359621000,0,0
2022-12-21,550.833333,550.833333,535,543.333333,864600,468900000,0,0
2022-12-22,545,552.5,544.166667,548.333333,405000,222231000,0,0
2022-12-23,547.5,547.5,537.5,541.666667,297000,161049000,0,0
2022-12-26,541.666667,552.5,541.666667,552.5,239400,131414000,0,0
2022-12-27,555.833333,558.333333,550.833333,555.833333,318600,176646000,0,0
2022-12-28,556.666667,560,553.333333,560,517800,288521000,0,0
2022-12-29,561.666667,563.333333,555.833333,561.666667,332400,186358500,0,0
2022-12-30,560,569.166667,560,567.5,396000,224198500,0,0
2023-01-04,553.333333,556.666667,548.333333,548.333333,431400,237725500,0,0
2023-01-05,549.166667,555.833333,549.166667,555,281400,155409500,0,0
2023-01-06,556.666667,564.166667,555,562.5,634800,355143500,0,0
2023-01-10,567.5,571.666667,566.666667,569.166667,403200,229335000,0,0
2023-01-11,575,580,573.333333,576.666667,330000,190406000,0,0
2023-01-12,575.833333,578.333333,570.833333,570.833333,397800,228693500,0,0
2023-01-13,568.333333,570,559.166667,560,388800,219295500,0,0
2023-01-16,554.166667,556.666667,550.833333,553.333333,308400,170669000,0,0
2023-01-17,553.333333,570,553.333333,568.333333,272400,154235000,0,0
2023-01-18,574.166667,590,572.5,589.166667,744000,434503500,0,0
2023-01-19,590,592.5,580.833333,581.666667,364200,213206500,0,0
2023-01-20,581.666667,590.833333,581.666667,589.166667,360600,211795500,0,0
2023-01-23,595.833333,598.333333,590.833333,593.333333,391800,232923000,0,0
2023-01-24,600,601.666667,597.5,600,478800,287387000,0,0
2023-01-25,602.5,605.833333,600.833333,602.5,313200,189053500,0,0
2023-01-26,605.833333,608.333333,601.666667,607.5,405600,245673000,0,0
2023-01-27,606.666667,611.666667,603.333333,610.833333,322800,196492500,0,0
2023-01-30,611.666667,612.5,605,609.166667,456000,277501500,0,0
2023-01-31,611.666667,615,610,611.666667,444600,272035000,0,0
2023-02-01,615.833333,616.666667,610.833333,610.833333,379200,232760000,0,0
2023-02-02,612.5,612.5,597.5,598.333333,342600,206973500,0,0
2023-02-03,595.833333,605,595,604.166667,277800,167037500,0,0
2023-02-06,609.166667,610,604.166667,608.333333,286800,174241500,0,0
2023-02-07,608.333333,610,602.5,606.666667,429600,260169500,0,0
2023-02-08,604.166667,608.333333,595,599.166667,646800,387891000,0,0
2023-02-09,583.333333,591.666667,575.833333,587.5,1097400,641702500,0,0
2023-02-10,587.5,593.333333,580.833333,590.833333,574200,337964500,0,0
2023-02-13,588.333333,590,581.666667,585,422400,247190000,0,0
2023-02-14,591.666667,592.5,585.833333,589.166667,321600,189539500,0,0
2023-02-15,593.333333,595,586.666667,588.333333,428400,252581000,0,0
2023-02-16,591.666667,600,590,600,578400,344441000,0,0
2023-02-17,596.666667,608.333333,596.666667,607.5,382200,230927500,0,0
2023-02-20,610,613.333333,605.833333,605.833333,265200,161577000,0,0
2023-02-21,606.666667,614.166667,605.833333,611.666667,399000,244122000,0,0
2023-02-22,610.833333,615.833333,607.5,614.166667,484800,296754500,0,0
2023-02-24,620,625.833333,618.333333,625,513600,320085000,0,0
2023-02-27,627.5,635.833333,626.666667,634.166667,450600,284993500,0,0
2023-02-28,639.166667,640,622.5,626.666667,810000,508523000,0,0
2023-03-01,625,644.166667,625,644.166667,745800,476588000,0,0
2023-03-02,645,647.5,637.5,639.166667,507000,325748000,0,0
2023-03-03,642.5,646.666667,641.666667,644.166667,568800,366298500,0,0
2023-03-06,650,654.166667,648.333333,648.333333,586200,381368500,0,0
2023-03-07,650,656.666667,646.666667,655.833333,711600,465387000,0,0
2023-03-08,657.5,679.166667,656.666667,675.833333,1221600,818093000,0,0
2023-03-09,683.333333,685,673.333333,679.166667,628200,426756500,0,0
2023-03-10,668.333333,675.833333,666.666667,670.833333,538200,360711500,0,0
2023-03-13,661.666667,664.166667,646.666667,650.833333,624600,408176500,0,0
2023-03-14,635,635,618.333333,623.333333,893400,557991500,0,0
2023-03-15,633.333333,640,630,640,493800,313921500,0,0
2023-03-16,618.333333,622.5,609.166667,620,749400,461996000,0,0
2023-03-17,633.333333,634.166667,620,620.833333,618000,385285000,0,0
2023-03-20,610.833333,615,607.5,610.833333,507000,310165000,0,0
2023-03-22,626.666667,629.166667,620,626.666667,445800,279289500,0,0
2023-03-23,619.166667,632.5,619.166667,630.833333,232800,146219000,0,0
2023-03-24,628.333333,630.833333,625,627.5,322200,202297500,0,0
2023-03-27,629.166667,642.5,629.166667,640,446400,284667500,0,0
2023-03-28,650.833333,658.333333,646.666667,652.5,642000,419531500,0,0
2023-03-29,653.333333,660.833333,650,660.833333,634800,417169500,0,0
2023-03-30,652.5,662.5,652.5,661.666667,453000,298222000,0,0
2023-03-31,662.5,673.333333,662.5,670,575400,385032500,0,0
2023-04-03,679.166667,681.666667,673.333333,678.333333,575400,390518000,0,0
2023-04-04,680.833333,683.333333,675.833333,683.333333,571800,389300500,0,0
2023-04-05,675,676.666667,665,665,479400,321154500,0,0
2023-04-06,655.833333,660,650,653.333333,483600,316333000,0,0
2023-04-07,651.666667,663.333333,651.666667,660,407400,268015000,0,0
2023-04-10,667.5,674.166667,665.833333,672.5,315600,211881000,0,0
2023-04-11,679.166667,680,670,674.166667,274800,185492500,0,0
2023-04-12,680.833333,695,680,691.666667,732600,504566000,0,0
2023-04-13,685.833333,685.833333,676.666667,682.5,412200,280782500,0,0
2023-04-14,685,688.333333,678.333333,678.333333,341400,233170500,0,0
2023-04-17,681.666667,690.833333,678.333333,689.166667,457800,314338000,0,0
2023-04-18,691.666667,695,683.333333,686.666667,681000,469034000,0,0
2023-04-19,685,686.666667,680,684.166667,342000,233672000,0,0
2023-04-20,683.333333,693.333333,678.333333,689.166667,432600,298194000,0,0
2023-04-21,687.5,687.5,681.666667,685,335400,230018500,0,0
2023-04-24,685.833333,693.333333,685,693.333333,347400,240028500,0,0
2023-04-25,695.833333,697.5,686.666667,688.333333,303000,209875500,0,0
2023-04-26,684.166667,690.833333,680,685.833333,420600,288656500,0,0
2023-04-27,686.666667,705.833333,685.833333,703.333333,707400,494623000,0,0
2023-04-28,711.666667,719.166667,709.166667,719.166667,730200,522519000,0,0
2023-05-01,730.833333,733.333333,719.166667,724.166667,526200,381495500,0,0
2023-05-02,724.166667,724.166667,710.833333,715.833333,588600,420871000,0,0
2023-05-08,715.833333,721.666667,715.833333,720,462600,332787500,0,0
2023-05-09,720,721.666667,712.5,720,477000,342544000,0,0
2023-05-10,721.666667,723.333333,716.666667,723.333333,479400,345539500,0,0
2023-05-11,721.666667,723.333333,713.333333,723.333333,445800,320613000,0,0
2023-05-12,725,765,723.333333,762.5,2092200,1574409500,0,0
2023-05-15,764.166667,766.666667,751.666667,761.666667,706200,536950000,0,0
2023-05-16,768.333333,768.333333,750.833333,765.833333,630000,479722000,0,0
2023-05-17,764.166667,765.833333,755.833333,755.833333,433800,329888000,0,0
2023-05-18,765.833333,769.166667,756.666667,768.333333,602400,460654500,0,0
2023-05-19,767.5,770.833333,761.666667,766.666667,631800,484297000,0,0
2023-05-22,770.833333,795.833333,769.166667,795,912000,718089500,0,0
2023-05-23,808.333333,808.333333,780,782.5,1048200,831017000,0,0
2023-05-24,775.833333,789.166667,771.666667,775,526200,409263000,0,0
2023-05-25,775,780,773.333333,777.5,457800,355602500,0,0
2023-05-26,781.666667,781.666667,767.5,770,585000,451975000,0,0
2023-05-29,783.333333,785.833333,770.833333,770.833333,392400,304662500,0,0
2023-05-30,767.5,771.666667,759.166667,764.166667,351000,267886500,0,0
2023-05-31,755,755.833333,735,735,1031400,763370000,0,0
2023-06-01,733.333333,740,726.666667,726.666667,666000,486655000,0,0
2023-06-02,729.166667,738.333333,723.333333,738.333333,675000,493512500,0,0
2023-06-05,750,755,747.5,754.166667,513600,386116000,0,0
2023-06-06,745.833333,749.166667,735.833333,747.5,603000,449022000,0,0
2023-06-07,756.666667,760.833333,745.833333,745.833333,718800,540259500,0,0
2023-06-08,753.333333,755,735,740.833333,517200,384710000,0,0
2023-06-09,745,763.333333,744.166667,761.666667,705600,531961500,0,0
2023-06-12,767.5,771.666667,762.5,764.166667,320400,245573000,0,0
2023-06-13,768.333333,791.666667,768.333333,782.5,679200,531930500,0,0
2023-06-14,794.166667,803.333333,791.666667,800.833333,772200,617320000,0,0
2023-06-15,799.166667,802.5,791.666667,796.666667,441000,351922000,0,0
2023-06-16,796.666667,796.666667,786.666667,792.5,700200,554463000,0,0
2023-06-19,800,800,782.5,785.833333,430200,339394000,0,0
2023-06-20,785,788.333333,776.666667,783.333333,390000,304934000,0,0
2023-06-21,779.166667,805,776.666667,803.333333,474000,378452500,0,0
2023-06-22,808.333333,812.5,803.333333,807.5,472200,381647000,0,0
2023-06-23,812.5,815,784.166667,806.666667,1131600,907710500,0,0
2023-06-26,808.333333,843.333333,805,824.166667,1208400,1000867000,0,0
2023-06-27,828.333333,828.333333,800,808.333333,779400,631175000,0,0
2023-06-28,815,838.333333,815,838.333333,534000,443547000,0,0
2023-06-29,845,853.333333,836.666667,840,568800,479425000,0,0
2023-06-30,833.333333,841.666667,833.333333,840,270000,226289000,0,0
2023-07-03,836.666667,853.333333,835,835,793800,666964000,0,0
2023-07-04,841.666667,866.666667,838.333333,863.333333,1065000,911948000,0,0
2023-07-05,865,865,851.666667,856.666667,542400,466464000,0,0
2023-07-06,856.666667,878.333333,851.666667,866.666667,980400,848628000,0,0
2023-07-07,861.666667,861.666667,838.333333,845,758400,643756000,0,0
2023-07-10,846.666667,850,825,827.5,861600,716968500,0,0
2023-07-11,828.333333,833.333333,819.166667,821.666667,522600,431523500,0,0
2023-07-12,821.666667,826.666667,811.666667,814.166667,448800,366944500,0,0
2023-07-13,814.166667,816.666667,801.666667,815,477600,387895500,0,0
2023-07-14,814.166667,816.666667,796.666667,801.666667,850200,681092500,0,0
2023-07-18,802.5,825,802.5,825,664200,543312000,0,0
2023-07-19,830,838.333333,828.333333,836.666667,609000,507653000,0,0
2023-07-20,836.666667,838.333333,822.5,823.333333,562200,466348500,0,0
2023-07-21,827.5,832.5,820.833333,825.833333,360000,297664500,0,0
2023-07-24,833.333333,841.666667,828.333333,830,438000,364814500,0,0
2023-07-25,828.333333,843.333333,821.666667,841.666667,694200,578510500,0,0
2023-07-26,840,840,825.833333,831.666667,724800,602913000,0,0
2023-07-27,832.5,832.5,821.666667,830,606600,502019000,0,0
2023-07-28,824.166667,827.5,805.833333,817.5,1332000,1088177500,0,0
2023-07-31,833.333333,840,831.666667,838.333333,760800,636402000,0,0
2023-08-01,838.333333,846.666667,833.333333,845,562800,473497000,0,0
2023-08-02,841.666667,856.666667,840,850,560400,476290000,0,0
2023-08-03,843.333333,843.333333,826.666667,828.333333,921600,766193500,0,0
2023-08-04,821.666667,836.666667,820,832.5,605400,502380000,0,0
2023-08-07,841.666667,848.333333,832.5,846.666667,683400,575684500,0,0
2023-08-08,841.666667,860,841.666667,853.333333,670800,572931000,0,0
2023-08-09,800.833333,806.666667,780,782.5,2934000,2315140500,0,0
2023-08-10,782.5,817.5,782.5,815,1623600,1305939500,0,0
2023-08-14,819.166667,820.833333,800,805,1206600,976587500,0,0
2023-08-15,807.5,811.666667,796.666667,799.166667,1102200,883688500,0,0
2023-08-16,793.333333,799.166667,788.333333,794.166667,701400,556968500,0,0
2023-08-17,793.333333,800.833333,783.333333,797.5,620400,492069500,0,0
2023-08-18,794.166667,795.833333,785,787.5,712800,562659500,0,0
2023-08-21,789.166667,799.166667,789.166667,790,508200,403755000,0,0
2023-08-22,794.166667,801.666667,793.333333,801.666667,714600,570325000,0,0
2023-08-23,790.833333,800.833333,787.5,800,750000,596979000,0,0
2023-08-24,797.5,797.5,784.166667,784.166667,825600,650501500,0,0
2023-08-25,779.166667,785.833333,775,778.333333,1154400,901178500,0,0
2023-08-28,786.666667,792.5,784.166667,784.166667,679800,535029500,0,0
2023-08-29,785.833333,788.333333,781.666667,784.166667,570000,447667500,0,0
2023-08-30,785.833333,790,781.666667,784.166667,1467600,1151136500,0,0
2023-08-31,786.666667,792.5,785,792.5,849000,670722500,0,0
2023-09-01,791.666667,802.5,788.333333,802.5,759000,605881000,0,0
2023-09-04,806.666667,822.5,805.833333,822.5,688200,562100500,0,0
2023-09-05,823.333333,826.666667,815.833333,826.666667,802800,659533500,0,0
2023-09-06,828.333333,835,825,833.333333,569400,473540500,0,0
2023-09-07,833.333333,843.333333,820.833333,820.833333,653400,541780500,0,0
2023-09-08,809.166667,818.333333,809.166667,815,538200,437301000,0,0
2023-09-11,815,815.833333,805.833333,808.333333,562800,455456500,0,0
2023-09-12,814.166667,828.333333,813.333333,828.333333,487200,400271000,0,0
2023-09-13,830,835,824.166667,830,605400,501970500,0,0
2023-09-14,833.333333,838.333333,830,835,478800,399684000,0,0
2023-09-15,840,850,838.333333,841.666667,997200,841227000,0,0
2023-09-19,841.666667,853.333333,835,853.333333,672600,569559000,0,0
2023-09-20,858.333333,860,840,840,745200,631021000,0,0
2023-09-21,836.666667,850,830.833333,831.666667,693600,579980000,0,0
2023-09-22,826.666667,841.666667,820,838.333333,627600,521542500,0,0
2023-09-25,843.333333,843.333333,831.666667,838.333333,387000,324495000,0,0
2023-09-26,836.666667,845,833.333333,841.666667,405600,340838000,0,0
2023-09-27,840,840,822.5,838.333333,1169400,973724500,0,0
2023-09-28,816.666667,833.333333,813.333333,824.166667,766800,632192000,0,0
2023-09-29,823.333333,823.333333,800,805.833333,962400,777004000,0,0
2023-10-02,813.333333,817.5,806.666667,806.666667,671400,544963500,0,0
2023-10-03,804.166667,804.166667,780,780.833333,1104000,872849500,0,0
2023-10-04,762.5,764.166667,739.166667,739.166667,1381800,1035016000,0,0
2023-10-05,750,761.666667,742.5,760,763800,576128500,0,0
2023-10-06,761.666667,771.666667,760,764.166667,573000,438933000,0,0
2023-10-10,770,780,766.666667,776.666667,615000,476174000,0,0
2023-10-11,780.833333,782.5,769.166667,769.166667,418200,323796500,0,0
2023-10-12,769.166667,779.166667,766.666667,777.5,393000,304512500,0,0
2023-10-13,770.833333,771.666667,759.166667,760.833333,418800,320336000,0,0
2023-10-16,755,755.833333,743.333333,748.333333,556800,416771500,0,0
2023-10-17,750,756.666667,740,747.5,661200,493892000,0,0
2023-10-18,747.5,755,743.333333,747.5,609600,456260000,0,0
2023-10-19,736.666667,740.833333,729.166667,729.166667,981600,720214500,0,0
2023-10-20,731.666667,734.166667,723.333333,729.166667,620400,452399500,0,0
2023-10-23,728.333333,735.833333,725,727.5,503400,367786500,0,0
2023-10-24,730,731.666667,705.833333,730,797400,574258000,0,0
2023-10-25,741.666667,745,729.166667,730,846000,623005500,0,0
2023-10-26,730,742.5,730,739.166667,636600,468703000,0,0
2023-10-27,743.333333,755,743.333333,750.833333,582000,436313500,0,0
2023-10-30,739.166667,739.166667,722.5,730.833333,793800,578952500,0,0
2023-10-31,734.166667,738.333333,722.5,735.833333,740400,540483500,0,0
2023-11-01,750.833333,755,741.666667,744.166667,1014600,758014500,0,0
2023-11-02,755.833333,755.833333,737.5,740,721800,538084500,0,0
2023-11-06,751.666667,758.333333,747.5,755.833333,1049400,792270500,0,0
2023-11-07,760.833333,766.666667,755,760,1023000,778009000,0,0
2023-11-08,713.333333,726.666667,688.333333,690.833333,3244200,2277616500,0,0
2023-11-09,691.666667,717.5,690.833333,715,1018800,719673500,0,0
2023-11-10,707.5,734.166667,705.833333,733.333333,1302600,941991500,0,0
2023-11-13,733.333333,733.333333,714.166667,724.166667,764400,550812500,0,0
2023-11-14,729.166667,738.333333,729.166667,730,598200,438795500,0,0
2023-11-15,738.333333,747.5,732.5,743.333333,781800,578784000,0,0
2023-11-16,745,760,739.166667,754.166667,991200,747782500,0,0
2023-11-17,746.666667,760.833333,742.5,760.833333,629400,474100500,0,0
2023-11-20,760,760.833333,741.666667,743.333333,777000,581377000,0,0
2023-11-21,740,761.666667,731.666667,758.333333,1959600,1469121000,0,0
2023-11-22,761.666667,786.666667,760,775.833333,1642800,1273533500,0,0
2023-11-24,786.666667,793.333333,779.166667,788.333333,928200,730891500,0,0
2023-11-27,797.5,797.5,775.833333,779.166667,703800,550109000,0,0
2023-11-28,789.166667,789.166667,775,780.833333,2348400,1832632500,0,0
2023-11-29,777.5,805,774.166667,800.833333,2848800,2263168000,0,0
2023-11-30,800.833333,815.833333,791.666667,792.5,4255200,3385935500,0,0
2023-12-01,804.166667,806.666667,793.333333,795,782400,625114500,0,0
2023-12-04,785.833333,787.5,778.333333,782.5,762600,596774000,0,0
2023-12-05,781.666667,791.666667,781.666667,785.833333,726600,572146000,0,0
2023-12-06,788.333333,800,787.5,797.5,650400,517103000,0,0
2023-12-07,791.666667,794.166667,787.5,788.333333,488400,385491500,0,0
2023-12-08,783.333333,783.333333,763.333333,771.666667,1253400,968894000,0,0
2023-12-11,774.166667,791.666667,774.166667,790,724200,568692000,0,0
2023-12-12,797.5,797.5,782.5,785.833333,473400,372899000,0,0
2023-12-13,786.666667,788.333333,776.666667,781.666667,861000,673514000,0,0
2023-12-14,779.166667,786.666667,768.333333,771.666667,1192200,925242000,0,0
2023-12-15,775,790,775,788.333333,1061400,835480500,0,0
2023-12-18,779.166667,800.833333,777.5,795.833333,609000,480796500,0,0
2023-12-19,793.333333,794.166667,783.333333,793.333333,705000,556609000,0,0
2023-12-20,801.666667,808.333333,800,802.5,566400,455242000,0,0
2023-12-21,795,806.666667,791.666667,795,621000,495094500,0,0
2023-12-22,802.5,818.333333,799.166667,816.666667,726600,589648000,0,0
2023-12-25,820,821.666667,805.833333,807.5,343200,278467000,0,0
2023-12-26,811.666667,815.833333,808.333333,812.5,476400,387324500,0,0
2023-12-27,815.833333,818.333333,810.833333,811.666667,489600,398304000,0,0
2023-12-28,812.5,817.5,810,815.833333,445200,362404000,0,0
2023-12-29,817.5,824.166667,810,817.5,456000,372215500,0,0
2024-01-04,817.5,840,807.5,836.666667,888000,733778000,0,0
2024-01-05,846.666667,848.333333,836.666667,840,624000,525205000,0,0
2024-01-09,848.333333,853.333333,845,851.666667,548400,465920000,0,0
2024-01-10,850,860,850,853.333333,627600,536934000,0,0
2024-01-11,861.666667,871.666667,858.333333,860,646800,559128000,0,0
2024-01-12,861.666667,865,853.333333,855,509400,436629000,0,0
2024-01-15,855,868.333333,855,858.333333,508800,438447000,0,0
2024-01-16,860,866.666667,855,866.666667,473400,408503000,0,0
2024-01-17,868.333333,875,853.333333,853.333333,615000,530885000,0,0
2024-01-18,851.666667,873.333333,848.333333,863.333333,508200,439747000,0,0
2024-01-19,871.666667,876.666667,856.666667,858.333333,436800,376723000,0,0
2024-01-22,860,870,856.666667,868.333333,471600,408334000,0,0
2024-01-23,866.666667,871.666667,855,855,544200,467325000,0,0
2024-01-24,853.333333,858.333333,850,851.666667,366000,312172000,0,0
2024-01-25,850,856.666667,850,855,335400,286418000,0,0
2024-01-26,853.333333,853.333333,846.666667,846.666667,357000,303495000,0,0
2024-01-29,853.333333,863.333333,848.333333,860,529800,454196000,0,0
2024-01-30,863.333333,863.333333,850,850,571800,488646000,0,0
2024-01-31,846.666667,858.333333,846.666667,858.333333,423000,361278000,0,0
2024-02-01,853.333333,860,850,856.666667,433200,370731000,0,0
2024-02-02,861.666667,861.666667,846.666667,846.666667,670800,570202000,0,0
2024-02-05,855,860,851.666667,851.666667,477000,407278000,0,0
2024-02-06,853.333333,853.333333,833.333333,835,630000,529330000,0,0
2024-02-07,835,851.666667,835,840,1567800,1319653000,0,0
2024-02-08,835,838.333333,815,816.666667,1377000,1130008500,0,0
2024-02-09,793.333333,841.666667,792.5,835,1572600,1289575500,0,0
2024-02-13,843.333333,845,818.333333,835,687000,570170000,0,0
2024-02-14,826.666667,830,811.666667,816.666667,613200,500309000,0,0
2024-02-15,825.833333,825.833333,802.5,805.833333,619800,501299500,0,0
2024-02-16,807.5,828.333333,804.166667,820,661200,541958500,0,0
2024-02-19,825.833333,826.666667,810.833333,813.333333,471600,384956000,0,0
2024-02-20,812.5,822.5,810,819.166667,618000,504452500,0,0
2024-02-21,817.5,823.333333,816.666667,819.166667,289200,237107000,0,0
2024-02-22,826.666667,827.5,817.5,827.5,458400,377099500,0,0
2024-02-26,831.666667,848.333333,831.666667,845,635400,535684000,0,0
2024-02-27,848.333333,860,845,860,703200,600167000,0,0
2024-02-28,858.333333,858.333333,846.666667,851.666667,516600,440475000,0,0
2024-02-29,853.333333,865,851.666667,856.666667,600600,515235000,0,0
2024-03-01,853.333333,863.333333,850,861.666667,392400,337013000,0,0
2024-03-04,860,861.666667,848.333333,856.666667,476400,407305000,0,0
2024-03-05,850,863.333333,848.333333,855,481800,412810000,0,0
2024-03-06,860,885,858.333333,880,723600,634202000,0,0
2024-03-07,880,881.666667,848.333333,848.333333,511200,437297000,0,0
2024-03-08,848.333333,853.333333,835,845,505200,427778000,0,0
2024-03-11,840,843.333333,823.333333,830,455400,378756500,0,0
2024-03-12,823.333333,836.666667,817.5,830,586800,485601000,0,0
2024-03-13,835,845,819.166667,829.166667,499200,414406500,0,0
2024-03-14,832.5,838.333333,825.833333,838.333333,374400,312361000,0,0
2024-03-15,838.333333,845,833.333333,841.666667,445200,373667000,0,0
2024-03-18,845,846.666667,836.666667,846.666667,458400,386275000,0,0
2024-03-19,848.333333,856.666667,838.333333,856.666667,606600,514897000,0,0
2024-03-21,861.666667,863.333333,853.333333,856.666667,563400,483065000,0,0
2024-03-22,863.333333,863.333333,850,863.333333,687600,589777000,0,0
2024-03-25,863.333333,865,848.333333,851.666667,762600,651956000,0,0
2024-03-26,856.666667,861.666667,848.333333,858.333333,504600,431991000,0,0
2024-03-27,863.333333,881.666667,860,871.666667,872400,762367000,0,0
2024-03-28,856.666667,858.333333,851.666667,853.333333,579000,494660000,0,0
2024-03-29,853.333333,863.333333,853.333333,861.666667,275400,236886000,0,0
2024-04-01,866.666667,866.666667,836.666667,838.333333,381600,322461000,0,0
2024-04-02,848.333333,848.333333,813.333333,813.333333,561000,462507500,0,0
2024-04-03,816.666667,838.333333,815.833333,833.333333,595800,495081000,0,0
2024-04-04,841.666667,843.333333,831.666667,833.333333,415200,347167000,0,0
2024-04-05,825,833.333333,816.666667,829.166667,330000,272802500,0,0
2024-04-08,836.666667,846.666667,832.5,846.666667,344400,289426500,0,0
2024-04-09,851.666667,871.666667,851.666667,871.666667,599400,519122000,0,0
2024-04-10,866.666667,875,865,870,341400,296660000,0,0
2024-04-11,865,876.666667,860,871.666667,454200,395333000,0,0
2024-04-12,876.666667,881.666667,871.666667,881.666667,576600,506236000,0,0
2024-04-15,871.666667,875,861.666667,870,342600,297809000,0,0
2024-04-16,870,871.666667,853.333333,855,459600,395708000,0,0
2024-04-17,868.333333,875,851.666667,858.333333,600600,517762000,0,0
2024-04-18,865,891.666667,860,888.333333,775800,682150000,0,0
2024-04-19,886.666667,888.333333,861.666667,876.666667,754200,657653000,0,0
2024-04-22,880,890,876.666667,888.333333,357000,315944000,0,0
2024-04-23,888.333333,890,876.666667,885,284400,250987000,0,0
2024-04-24,890,903.333333,890,903.333333,585000,526218000,0,0
2024-04-25,908.333333,911.666667,888.333333,891.666667,470400,422974000,0,0
2024-04-26,893.333333,903.333333,878.333333,898.333333,507000,453168000,0,0
2024-04-30,900,901.666667,888.333333,898.333333,476400,427422000,0,0
2024-05-01,901.666667,910,898.333333,905,445200,402632000,0,0
2024-05-02,900,900,878.333333,886.666667,791400,700554000,0,0
2024-05-07,891.666667,896.666667,881.666667,890,494400,439760000,0,0
2024-05-08,891.666667,901.666667,890,898.333333,730200,654236000,0,0
2024-05-09,893.333333,901.666667,886.666667,900,377400,338536000,0,0
2024-05-10,896.666667,901.666667,873.333333,883.333333,668400,592610000,0,0
2024-05-13,850,873.333333,833.333333,863.333333,1547400,1322874000,0,0
2024-05-14,863.333333,863.333333,841.666667,851.666667,958800,814976000,0,0
2024-05-15,858.333333,863.333333,850,850,648600,554805000,0,0
2024-05-16,848.333333,853.333333,835,846.666667,828000,698442000,0,0
2024-05-17,841.666667,853.333333,838.333333,846.666667,535200,453736000,0,0
2024-05-20,846.666667,858.333333,846.666667,853.333333,519000,443179000,0,0
2024-05-21,863.333333,873.333333,853.333333,853.333333,374400,322812000,0,0
2024-05-22,851.666667,860,846.666667,855,782400,666261000,0,0
2024-05-23,851.666667,858.333333,840,858.333333,780600,664521000,0,0
2024-05-24,853.333333,861.666667,848.333333,856.666667,618600,529216000,0,0
2024-05-27,856.666667,880,856.666667,880,487200,423933000,0,0
2024-05-28,876.666667,880,866.666667,878.333333,603000,527244000,0,0
2024-05-29,883.333333,888.333333,868.333333,880,2118600,1860762000,0,0
2024-05-30,875,891.666667,870,881.666667,2489400,2194112000,0,0
2024-05-31,888.333333,908.333333,885,908.333333,2158800,1955997000,0,0
2024-06-03,913.333333,931.666667,905,906.666667,651000,597648000,0,0
2024-06-04,900,905,895,896.666667,264600,238206000,0,0
2024-06-05,895,901.666667,881.666667,883.333333,448200,398947000,0,0
2024-06-06,885,888.333333,866.666667,866.666667,268200,234634000,0,0
2024-06-07,880,891.666667,876.666667,885,525000,464972000,0,0
2024-06-10,885,898.333333,883.333333,898.333333,199200,178219000,0,0
2024-06-11,900,901.666667,886.666667,886.666667,235800,210437000,0,0
2024-06-12,883.333333,905,883.333333,895,274200,245921000,0,0
2024-06-13,893.333333,900,885,885,378600,337356000,0,0
2024-06-14,888.333333,910,888.333333,910,528600,476461000,0,0
2024-06-17,898.333333,903.333333,875,885,448800,398094000,0,0
2024-06-18,886.666667,896.666667,886.666667,895,259200,231427000,0,0
2024-06-19,893.333333,905,893.333333,901.666667,250200,225055000,0,0
2024-06-20,895,895,876.666667,880,298200,263326000,0,0
2024-06-21,893.333333,893.333333,883.333333,885,717000,635810000,0,0
2024-06-24,893.333333,896.666667,886.666667,886.666667,403200,358924000,0,0
2024-06-25,896.666667,906.666667,886.666667,895,384000,344496000,0,0
2024-06-26,891.666667,896.666667,885,885,364800,324185000,0,0
2024-06-27,885,891.666667,885,890,361200,320710000,0,0
2024-06-28,891.666667,903.333333,891.666667,903.333333,481200,432578000,0,0
2024-07-01,903.333333,908.333333,896.666667,908.333333,374400,338583000,0,0
2024-07-02,903.333333,906.666667,898.333333,903.333333,309000,278877000,0,0
2024-07-03,903.333333,908.333333,896.666667,901.666667,409200,369118000,0,0
2024-07-04,900,910,898.333333,908.333333,340200,308152000,0,0
2024-07-05,910,910,891.666667,891.666667,291600,261458000,0,0
2024-07-08,895,896.666667,871.666667,875,469800,413203000,0,0
2024-07-09,870,878.333333,863.333333,873.333333,426600,371433000,0,0
2024-07-10,868.333333,868.333333,860,865,436200,377272000,0,0
2024-07-11,871.666667,883.333333,871.666667,878.333333,362400,318613000,0,0
2024-07-12,876.666667,881.666667,870,875,283800,248386000,0,0
2024-07-16,875,880,858.333333,858.333333,277800,240290000,0,0
2024-07-17,871.666667,880,870,871.666667,310800,271445000,0,0
2024-07-18,860,868.333333,856.666667,856.666667,244800,210894000,0,0
2024-07-19,856.666667,860,851.666667,853.333333,267000,228434000,0,0
2024-07-22,856.666667,861.666667,845,846.666667,521400,442741000,0,0
2024-07-23,845,853.333333,841.666667,848.333333,596400,505577000,0,0
2024-07-24,848.333333,855,841.666667,846.666667,355800,301668000,0,0
2024-07-25,846.666667,853.333333,840,846.666667,608400,514373000,0,0
2024-07-26,848.333333,853.333333,840,848.333333,387000,328284000,0,0
2024-07-29,856.666667,866.666667,853.333333,858.333333,538800,462398000,0,0
2024-07-30,860,865,855,860,207600,178387000,0,0
2024-07-31,860,876.666667,856.666667,875,220200,191057000,0,0
2024-08-01,858.333333,860,845,858.333333,525000,448148000,0,0
2024-08-02,846.666667,848.333333,815,821.666667,1285200,1066753500,0,0
2024-08-05,775,775,710.833333,717.5,1522200,1143073500,0,0
2024-08-06,787.5,817.5,772.5,785.833333,742800,589257500,0,0
2024-08-07,780,817.5,768.333333,788.333333,1036200,825309000,0,0
2024-08-08,776.666667,788.333333,761.666667,764.166667,1024800,791006500,0,0
2024-08-09,766.666667,778.333333,736.666667,742.5,1002000,755598500,0,0
2024-08-13,736.666667,750.833333,732.5,750,674400,501560500,0,0
2024-08-14,743.333333,755.833333,738.333333,744.166667,928800,692528000,0,0
2024-08-15,746.666667,760.833333,744.166667,754.166667,442200,333155500,0,0
2024-08-16,777.5,785.833333,770,775.833333,334800,260080500,0,0
2024-08-19,775.833333,782.5,755.833333,755.833333,474000,363001000,0,0
2024-08-20,765,770,758.333333,765.833333,365400,279670000,0,0
2024-08-21,763.333333,773.333333,760,770.833333,229200,176134000,0,0
2024-08-22,771.666667,774.166667,763.333333,768.333333,256800,196875500,0,0
2024-08-23,770.833333,776.666667,767.5,773.333333,247800,191518500,0,0
2024-08-26,769.166667,769.166667,760,764.166667,357000,272679000,0,0
2024-08-27,764.166667,780.833333,763.333333,780.833333,340800,264073000,0,0
2024-08-28,771.666667,785,770.833333,785,498000,388132500,0,0
2024-08-29,781.666667,788.333333,779.166667,783.333333,527400,412994500,0,0
2024-08-30,783.333333,791.666667,781.666667,784.166667,270000,212104500,0,0
2024-09-02,795,795,785,790,273000,215272500,0,0
2024-09-03,795,801.666667,793.333333,795,201000,160116500,0,0
2024-09-04,785,785.833333,772.5,772.5,455400,354031500,0,0
2024-09-05,771.666667,785.833333,769.166667,776.666667,249600,194120000,0,0
2024-09-06,775.833333,776.666667,764.166667,770,337800,259849500,0,0
2024-09-09,743.333333,755,735,752.5,890400,664801000,0,0
2024-09-10,757.5,758.333333,750,752.5,324600,244328500,0,0
2024-09-11,752.5,757.5,744.166667,749.166667,417600,313231500,0,0
2024-09-12,757.5,769.166667,755.833333,765.833333,386400,294840000,0,0
2024-09-13,762.5,766.666667,760.833333,763.333333,372600,284485000,0,0
2024-09-17,763.333333,775,763.333333,773.333333,418800,322438000,0,0
2024-09-18,782.5,788.333333,778.333333,783.333333,328200,256685500,0,0
2024-09-19,784.166667,795.833333,784.166667,790,411000,325404000,0,0
2024-09-20,803.333333,813.333333,800.833333,806.666667,505200,407650500,0,0
2024-09-24,806.666667,812.5,798.333333,798.333333,403800,324309500,0,0
2024-09-25,800,806.666667,793.333333,802.5,450600,360654500,0,0
2024-09-26,812.5,819.166667,806.666667,818.333333,640800,521530000,0,0
2024-09-27,810,814.166667,800.833333,812.5,391800,316994000,0,0
2024-09-30,792.5,812.5,791.666667,802.5,596400,478879500,0,0
2024-10-01,811.666667,815.833333,801.666667,807.5,309000,249524000,0,0
2024-10-02,800.833333,811.666667,800.833333,805.833333,340200,274412500,0,0
2024-10-03,816.666667,821.666667,811.666667,812.5,228600,186438500,0,0
2024-10-04,815.833333,818.333333,810,815,245400,199881500,0,0
2024-10-07,825,825,815.833333,822.5,280200,230077500,0,0
2024-10-08,808.333333,811.666667,801.666667,805.833333,354000,285533000,0,0
2024-10-09,808.333333,811.666667,802.5,805.833333,310800,250470000,0,0
2024-10-10,805.833333,810,805,810,279600,226004500,0,0
2024-10-11,808.333333,813.333333,805,807.5,261000,210962500,0,0
2024-10-15,811.666667,815.833333,806.666667,814.166667,331200,269348000,0,0
2024-10-16,811.666667,820.833333,807.5,812.5,293400,238391500,0,0
2024-10-17,815.833333,819.166667,809.166667,810.833333,229200,186425500,0,0
2024-10-18,819.166667,820,809.166667,811.666667,225600,183311000,0,0
2024-10-21,809.166667,818.333333,807.5,807.5,208800,169518500,0,0
2024-10-22,806.666667,808.333333,796.666667,802.5,318000,254985500,0,0
2024-10-23,808.333333,815,802.5,803.333333,274800,221819500,0,0
2024-10-24,796.666667,801.666667,790,796.666667,340800,271554500,0,0
2024-10-25,803.333333,805.833333,790.833333,797.5,341400,271845500,0,0
2024-10-28,797.5,804.166667,791.666667,804.166667,318000,254761000,0,0
2024-10-29,804.166667,808.333333,797.5,804.166667,257400,206736000,0,0
2024-10-30,803.333333,810.833333,800,801.666667,2122800,1703361500,0,0
2024-10-31,801.666667,809.166667,798.333333,803.333333,366600,294294500,0,0
2024-11-01,798.333333,798.333333,785.833333,785.833333,561600,443643000,0,0
2024-11-05,795,800.833333,788.333333,788.333333,291600,231636000,0,0
2024-11-06,795,798.333333,788.333333,790.833333,360600,286080500,0,0
2024-11-07,798.333333,811.666667,798.333333,806.666667,388800,313664500,0,0
2024-11-08,813.333333,815,789.166667,790.833333,558000,444386500,0,0
2024-11-11,789.166667,791.666667,781.666667,785.833333,498000,391478500,0,0
2024-11-12,878.333333,903.333333,870,873.333333,2623800,2309253000,1,0
2024-11-13,850,871.666667,826.666667,830,1215600,1025734000,0,0
2024-11-14,829.166667,836.666667,815.833333,815.833333,773400,637710500,0,0
2024-11-15,826.666667,829.166667,808.333333,809.166667,537000,437071500,0,0
2024-11-18,818.333333,830.833333,818.333333,823.333333,324600,267163000,0,0
2024-11-19,830.833333,845,829.166667,845,445200,373513000,0,0
2024-11-20,841.666667,848.333333,836.666667,840,327000,274879000,0,0
2024-11-21,846.666667,846.666667,825.833333,828.333333,379800,315827500,0,0
2024-11-22,833.333333,836.666667,830,832.5,427200,355592000,0,0
2024-11-25,836.666667,838.333333,820.833333,822.5,571800,473748500,0,0
2024-11-26,824.166667,833.333333,818.333333,826.666667,760800,628363500,0,0
2024-11-27,827.5,828.333333,809.166667,815,826200,673907000,0,0
2024-11-28,814.166667,830.833333,813.333333,824.166667,774600,638324000,0,0
2024-11-29,832.666667,832.666667,814.333333,814.333333,427800,350269800,0,0
2024-12-02,815.333333,830.666667,805.666667,825,572400,469148000,0,0
2024-12-03,832.666667,850,832.666667,840,651600,547707100,0,0
2024-12-04,834.333333,841.333333,823.333333,837.666667,549300,459061500,0,0
2024-12-05,841.666667,849,833.666667,848,562800,474949300,0,0
2024-12-06,850,861.333333,846.666667,847.333333,799800,681945700,0,0
2024-12-09,850,876.333333,850,867,971100,843402100,0,0
2024-12-10,883.333333,892.333333,878.333333,886.666667,624000,552259100,0,0
2024-12-11,883.333333,891,881.333333,886,435300,385912400,0,0
2024-12-12,895.333333,912.333333,895.333333,903.666667,722100,653165500,0,0
2024-12-13,900,915,900,913.666667,568200,515939600,0,0
2024-12-16,916,923.333333,909.333333,915,446400,408351700,0,0
2024-12-17,915,924.333333,909.666667,921.333333,410400,377589300,0,0
2024-12-18,922.333333,945.333333,922,938.333333,693300,648971800,0,0
2024-12-19,928.666667,935.333333,925.333333,935,486000,452684500,0,0
2024-12-20,935,947.666667,929.666667,937,880500,827403300,0,0
2024-12-23,944.333333,956,938.333333,956,494700,470066800,0,0
2024-12-24,952.666667,957.333333,948.333333,953,429600,409255900,0,0
2024-12-25,956.666667,959.333333,937.333333,959.333333,398700,379108300,0,0
2024-12-26,958,970,951,970,418200,402772500,0,0
2024-12-27,968.333333,978.333333,961.666667,976.333333,453000,440799600,0,0
2024-12-30,983,983.333333,971,979.666667,465900,456069200,0,0
2025-01-06,979.666667,979.666667,967.666667,974.666667,409800,399751000,0,0
2025-01-07,976.333333,980.666667,964,974,296100,288401900,0,0
2025-01-08,974,981,970.333333,975.666667,285900,279190500,0,0
2025-01-09,970.333333,975,958.666667,965,388200,374460900,0,0
2025-01-10,956.666667,963,953.666667,955,293100,280539100,0,0
2025-01-14,955,956.666667,940.666667,952,375300,355917800,0,0
2025-01-15,952.333333,957.333333,946,950,250800,238225600,0,0
2025-01-16,951.666667,951.666667,936,942.333333,292800,275659500,0,0
2025-01-17,939.666667,944,931.666667,937.333333,205800,193021100,0,0
2025-01-20,940,951.666667,939.666667,941.666667,251400,237516500,0,0
2025-01-21,949.666667,954.333333,943.666667,952.333333,209700,199249500,0,0
2025-01-22,958.666667,968.333333,954.333333,961,328800,316243200,0,0
2025-01-23,957.333333,960.666667,953.333333,960.666667,262200,251409400,0,0
2025-01-24,960.666667,963,951.666667,953.666667,261600,250344200,0,0
2025-01-27,966,978.333333,962.333333,971,486000,472661600,0,0
2025-01-28,967.666667,969.333333,961.666667,968.333333,352800,341048500,0,0
2025-01-29,968.333333,976,968.333333,971.333333,263700,256391100,0,0
2025-01-30,966.666667,981.333333,966.666667,980,449100,439144100,0,0
2025-01-31,976.666667,979.666667,970.666667,979.666667,363600,354937400,0,0
2025-02-03,963,967,955.666667,961.333333,468000,449954700,0,0
2025-02-04,963.666667,976.333333,961.666667,965.333333,385500,372964900,0,0
2025-02-05,973.333333,975.666667,956,965.333333,430200,414963200,0,0
2025-02-06,965.333333,971.666667,959,964,291300,280557100,0,0
2025-02-07,957,967.666667,955,966.666667,329400,317776400,0,0
2025-02-10,966.666667,967,958.333333,962.333333,255900,246504000,0,0
2025-02-12,962.666667,969.666667,948.666667,952.666667,425700,406421700,0,0
2025-02-13,981,1010,977.666667,989.666667,1184700,1174882800,0,0
2025-02-14,1000,1006.666667,993.333333,997.666667,808200,806545700,0,0
2025-02-17,997.666667,1000,991.666667,996.666667,442500,441495100,0,0
2025-02-18,995,997,984.333333,990,400500,396996800,0,0
2025-02-19,990,991,982.666667,989.333333,296700,292944000,0,0
2025-02-20,980.666667,984.333333,965,974.333333,381900,371702200,0,0
2025-02-21,974.333333,978.333333,961,969.666667,424500,410291600,0,0
2025-02-25,964,976.666667,960.333333,973.333333,438000,425267300,0,0
2025-02-26,967,972,943.666667,960.666667,533700,509570900,0,0
2025-02-27,957.666667,967.666667,954,967,499500,481436000,0,0
2025-02-28,960.666667,965.333333,956.666667,962,623100,599283400,0,0
2025-03-03,962,988.333333,961.666667,985,583500,572331000,0,0
2025-03-04,985,995.666667,968,975.333333,394200,385316800,0,0
2025-03-05,984,987.333333,974.666667,974.666667,350400,343100200,0,0
2025-03-06,980.666667,991,980.666667,985.333333,344100,339263600,0,0
2025-03-07,971.333333,994,963.333333,992.666667,444300,437784400,0,0
2025-03-10,994.333333,1006.666667,980.666667,988.333333,677100,673077700,0,0
2025-03-11,975.333333,979.333333,957.666667,978.666667,621300,603784300,0,0
2025-03-12,978.666667,993,976,990.666667,500100,493652800,0,0
2025-03-13,990.666667,994.666667,984,987,312000,308546300,0,0
2025-03-14,987,997.666667,984.666667,984.666667,329700,325667400,0,0
2025-03-17,985,1001.666667,985,996,408600,407091800,0,0
2025-03-18,998.333333,1010,998.333333,999.666667,322800,323968300,0,0
2025-03-19,999.666667,1020,999.666667,1015,363600,368508400,0,0
2025-03-21,1013.333333,1025,1008.333333,1021.666667,506700,516758500,0,0
2025-03-24,1025,1025,1010,1013.333333,388500,395167000,0,0
2025-03-25,1018.333333,1023.333333,1010,1015,231000,234671000,0,0
2025-03-26,1020,1020,1008.333333,1020,248700,252724500,0,0
2025-03-27,1008.333333,1018.333333,1001.666667,1018.333333,404700,410359500,0,0
2025-03-28,990.333333,998,985,995,421500,418552100,0,0
2025-03-31,977,990,962,979.666667,502200,492525200,0,0
2025-04-01,980.333333,991.333333,972.333333,973.333333,403500,394389900,0,0
2025-04-02,973.333333,982.333333,964.333333,972,357600,347162800,0,0
2025-04-03,933.333333,948.666667,929.666667,938.666667,753000,706767300,0,0
2025-04-04,911,919,874.333333,897.333333,715800,641772700,0,0
2025-04-07,833.333333,880.333333,833.333333,861,727200,625215400,0,0
2025-04-08,877.666667,918,877.666667,899.333333,419100,378013600,0,0
2025-04-09,878.333333,886,867.333333,879,359100,314885900,0,0
2025-04-10,929,934.333333,916.666667,928,396300,367243400,0,0
2025-04-11,897,918.666667,884.666667,918,295200,266845200,0,0
2025-04-14,925,930.666667,912,916.333333,410100,376985100,0,0
2025-04-15,926.666667,934.333333,916.333333,916.333333,323400,298154200,0,0
2025-04-16,926.333333,932.333333,900.666667,906.666667,232200,211478600,0,0
2025-04-17,908,917,905,911.666667,218700,198945400,0,0
2025-04-18,916.666667,938.666667,916.666667,937.333333,188400,175629100,0,0
2025-04-21,937.333333,943.333333,927,931.666667,198300,184848300,0,0
2025-04-22,928.333333,936.333333,926.666667,931.666667,267000,248754900,0,0
2025-04-23,956,958,944,945.333333,396000,375373100,0,0
2025-04-24,955.666667,969.666667,949.666667,951.333333,242100,231573800,0,0
2025-04-25,959.333333,960,950,960,378900,362379500,0,0
2025-04-28,963,977.666667,961.666667,970.666667,483300,468303400,0,0
2025-04-30,970.666667,977.666667,964,973.666667,394800,383751300,0,0
2025-05-01,967,977.333333,966.666667,976.333333,211800,206142400,0,0
2025-05-02,980,987.666667,978,983,360000,354332100,0,0
2025-05-07,983,983.333333,971.333333,980.666667,298200,292189100,0,0
2025-05-08,980.666667,984,974,982.333333,245100,240345400,0,0
2025-05-09,990.333333,1001.666667,990.333333,993,390000,388103500,0,0
2025-05-12,993,1000,985.333333,999,462000,459395100,0,0
2025-05-13,1011.666667,1035,1011.666667,1026.666667,863700,883383500,0,0
2025-05-14,1021.666667,1021.666667,1006.666667,1016.666667,341400,346731500,0,0
2025-05-15,1010,1013.333333,991,991,332400,330862000,0,0
2025-05-16,990.333333,1000,984.666667,997,403500,401086600,0,0
2025-05-19,997,1006.666667,992.333333,995,299400,298836500,0,0
2025-05-20,995,997.333333,977.333333,978.666667,298500,293979500,0,0
2025-05-21,988.666667,990,977,980,301500,296199800,0,0
2025-05-22,974,975.666667,966,969,310200,300848200,0,0
2025-05-23,970.666667,977.333333,964.666667,968.666667,262800,254930100,0,0
2025-05-26,1016.666667,1075,1010,1073.333333,2801400,2954334000,0,0
2025-05-27,1070,1081.666667,1010,1016.666667,1404000,1458857500,0,0
2025-05-28,1028.333333,1031.666667,1016.666667,1028.333333,691800,709771500,0,0
2025-05-29,1031.666667,1048.333333,1030,1040,417000,433863000,0,0
2025-05-30,1025,1043.333333,1018.333333,1043.333333,647700,672193500,0,0
2025-06-02,1043.333333,1045,1028.333333,1035,296400,306593500,0,0
2025-06-03,1043.333333,1050,1031.666667,1036.666667,318900,331365500,0,0
2025-06-04,1040,1055,1038.333333,1048.333333,502500,527237000,0,0
2025-06-05,1036.666667,1040,1026.666667,1030,304200,313644500,0,0
2025-06-06,1033.333333,1053.333333,1033.333333,1038.333333,315300,328902000,0,0
2025-06-09,1038.333333,1046.666667,1031.666667,1035,311100,322961500,0,0
2025-06-10,1033.333333,1036.666667,1023.333333,1023.333333,255600,262591000,0,0
2025-06-11,1023.333333,1028.333333,1020,1023.333333,214800,219934500,0,0
2025-06-12,1020,1025,1006.666667,1011.666667,225000,227786500,0,0
2025-06-13,1006.666667,1010,991.333333,995.333333,290100,289362400,0,0
2025-06-16,997.666667,1000,984.666667,987,286500,283524300,0,0
2025-06-17,986.666667,990,983.333333,985.666667,239100,235874700,0,0
2025-06-18,983.666667,988,975.333333,988,190200,187243400,0,0
2025-06-19,990,990.666667,979.666667,980.333333,143400,140858400,0,0
2025-06-20,984.333333,987.333333,977.333333,979.666667,396000,388332300,0,0
2025-06-23,983.333333,983.333333,969,973,322800,314565800,0,0
2025-06-24,986,987,971.666667,979,377400,369752800,0,0
2025-06-25,985.333333,985.333333,973,977.666667,276300,270233400,0,0
2025-06-26,981.666667,985.666667,977.333333,985.666667,370800,364603400,0,0
2025-06-27,1000,1006.666667,992.666667,1000,360300,360165900,0,0
2025-06-30,1000,1003.333333,993.333333,994.666667,319200,318042400,0,0
2025-07-01,991.333333,1001.666667,987,1000,238500,237605400,0,0
2025-07-02,998.333333,1005,996,1005,210300,210906300,0,0
2025-07-03,1001.666667,1020,1001.666667,1020,406200,412259000,0,0
2025-07-04,1023.333333,1025,1006.666667,1013.333333,282300,286961500,0,0
2025-07-07,1008.333333,1011.666667,994.666667,997.666667,283200,283299500,0,0
2025-07-08,1000,1013.333333,1000,1010,542100,546527500,0,0
2025-07-09,1010,1028.333333,1010,1020,433800,443295000,0,0
2025-07-10,1020,1030,1018.333333,1030,451800,463702000,0,0
2025-07-11,1036.666667,1050,1033.333333,1050,384300,401042500,0,0
2025-07-14,1050,1068.333333,1048.333333,1060,368400,390157500,0,0
2025-07-15,1055,1070,1050,1068.333333,329700,351026500,0,0
2025-07-16,1068.333333,1076.666667,1060,1060,500400,534149500,0,0
2025-07-17,1058.333333,1060,1045,1053.333333,282900,297838500,0,0
2025-07-18,1053.333333,1053.333333,1045,1050,252600,265274500,0,0
2025-07-22,1050,1066.666667,1041.666667,1041.666667,288300,302499000,0,0
2025-07-23,1051.666667,1075,1050,1066.666667,583200,621934000,0,0
2025-07-24,1076.666667,1080,1068.333333,1080,408600,439794000,0,0
2025-07-25,1080,1081.666667,1066.666667,1081.666667,421800,454434000,0,0
2025-07-28,1083.333333,1091.666667,1078.333333,1085,547800,594238500,0,0
2025-07-29,1076.666667,1078.333333,1068.333333,1078.333333,229500,246734500,0,0
2025-07-30,1078.333333,1088.333333,1076.666667,1085,272100,294868000,0,0
2025-07-31,1085,1096.666667,1083.333333,1088.333333,373200,406326500,0,0
2025-08-01,1088.333333,1115,1088.333333,1106.666667,467100,516546000,0,0
2025-08-04,1093.333333,1116.666667,1093.333333,1113.333333,382200,424135000,0,0
2025-08-05,1116.666667,1125,1113.333333,1120,221400,248200500,0,0
2025-08-06,1126.666667,1160,1126.666667,1155,683700,785062500,0,0
2025-08-07,1153.333333,1161.666667,1138.333333,1146.666667,476700,548190500,0,0
2025-08-08,1148.333333,1155,1126.666667,1155,788700,904613500,0,0
2025-08-12,1156.666667,1193.333333,1153.333333,1186.666667,719700,849101500,0,0
2025-08-13,1191.666667,1198.333333,1180,1188.333333,419700,499347500,0,0
2025-08-14,1193.333333,1205,1183.333333,1195,659100,788432000,0,0
2025-08-15,1198.333333,1200,1186.666667,1196.666667,354000,423058000,0,0
2025-08-18,1195,1221.666667,1195,1221.666667,690900,836813000,0,0
2025-08-19,1216.666667,1218.333333,1203.333333,1211.666667,347100,420402500,0,0
2025-08-20,1211.666667,1226.666667,1206.666667,1223.333333,379800,462722000,0,0
2025-08-21,1221.666667,1250,1216.666667,1246.666667,693600,861112500,0,0
2025-08-22,1253.333333,1270,1243.333333,1256.666667,609900,767415500,0,0
2025-08-25,1266.666667,1268.333333,1245,1251.666667,592500,743172000,0,0
2025-08-26,1250,1250,1231.666667,1248.333333,593700,739619500,0,0
2025-08-27,1245,1261.666667,1240,1260,321300,403519000,0,0
2025-08-28,1260,1273.333333,1258.333333,1268.333333,1029000,1304939000,0,0
2025-08-29,1268.333333,1275,1258.333333,1271.666667,339600,430888500,0,0
2025-09-01,1271.666667,1283.333333,1245,1253.333333,543000,685047500,0,0
2025-09-02,1253.333333,1263.333333,1248.333333,1258.333333,322200,405174000,0,0
2025-09-03,1258.333333,1305,1258.333333,1293.333333,670200,866565000,0,0
2025-09-04,1293.333333,1316.666667,1290,1313.333333,441600,577049500,0,0
2025-09-05,1316.666667,1330,1310,1321.666667,343200,453414500,0,0
2025-09-08,1330,1336.666667,1321.666667,1333.333333,384300,511298500,0,0
2025-09-09,1333.333333,1345,1323.333333,1328.333333,300300,399901500,0,0
2025-09-10,1328.333333,1335,1323.333333,1331.666667,264600,351839500,0,0
2025-09-11,1331.666667,1341.666667,1320,1341.666667,322200,430323500,0,0
2025-09-12,1343.333333,1386.666667,1343.333333,1378.333333,740400,1012817000,0,0
2025-09-16,1380,1423.333333,1370,1420,725100,1019954000,0,0
2025-09-17,1411.666667,1413.333333,1386.666667,1398.333333,560700,784337000,0,0
2025-09-18,1400,1405,1376.666667,1378.333333,525900,730714000,0,0
2025-09-19,1375,1401.666667,1371.666667,1385,779100,1080177000,0,0
2025-09-22,1385,1398.333333,1385,1386.666667,438300,609700500,0,0
2025-09-24,1398.333333,1406.666667,1375,1388.333333,580200,806327500,0,0
2025-09-25,1381.666667,1388.333333,1345,1346.666667,479100,649621000,0,0
2025-09-26,1356.666667,1358.333333,1331.666667,1345,562500,756302000,0,0
2025-09-29,1328.333333,1331.666667,1308.333333,1310,357300,470114500,0,0
2025-09-30,1308.333333,1320,1300,1308.333333,426300,558559000,0,0
2025-10-01,1288.333333,1298.333333,1276.666667,1298.333333,615900,791855500,0,0
2025-10-02,1286.666667,1301.666667,1278.333333,1295,444300,571994500,0,0
2025-10-03,1286.666667,1318.333333,1286.666667,1318.333333,214800,281647000,0,0
2025-10-06,1341.666667,1350,1308.333333,1311.666667,512100,676099000,0,0
2025-10-07,1311.666667,1330,1311.666667,1330,364500,482539500,0,0
2025-10-08,1328.333333,1338.333333,1310,1313.333333,285300,377021000,0,0
2025-10-09,1313.333333,1318.333333,1305,1318.333333,238500,313585000,0,0
2025-10-10,1295,1295,1268.333333,1275,352800,450915500,0,0
2025-10-14,1253.333333,1271.666667,1248.333333,1263.333333,336600,425051500,0,0
2025-10-15,1271.666667,1285,1271.666667,1278.333333,226500,289762500,0,0
2025-10-16,1286.666667,1296.666667,1281.666667,1290,198600,256220500,0,0
2025-10-17,1286.666667,1298.333333,1283.333333,1283.333333,196800,253151000,0,0
2025-10-20,1306.666667,1308.333333,1295,1306.666667,206700,269539500,0,0
2025-10-21,1311.666667,1316.666667,1301.666667,1305,252300,329983500,0,0
2025-10-22,1313.333333,1326.666667,1300,1313.333333,542700,711467500,0,0
2025-10-23,1313.333333,1346.666667,1310,1346.666667,376500,503039500,0,0
2025-10-24,1340,1363.333333,1338.333333,1345,294600,396955000,0,0
2025-10-27,1350,1371.666667,1348.333333,1371.666667,303600,414405500,0,0
2025-10-28,1358.333333,1358.333333,1310,1310,527100,700533000,0,0
2025-10-29,1328.333333,1328.333333,1308.333333,1308.333333,297600,390735000,0,0
2025-10-30,1308.333333,1333.333333,1308.333333,1330,330300,437614000,0,0
2025-10-31,1316.666667,1326.666667,1296.666667,1306.666667,390600,512305000,0,0
2025-11-04,1316.666667,1340,1305,1331.666667,441000,586053000,0,0
2025-11-05,1331.666667,1346.666667,1313.333333,1341.666667,583800,779409000,0,0
2025-11-06,1346.666667,1386.666667,1343.333333,1373.333333,701400,959174000,0,0
2025-11-07,1375,1385,1365,1370,249600,342639500,0,0
2025-11-10,1380,1381.666667,1336.666667,1336.666667,360600,485675500,0,0
2025-11-11,1336.666667,1355,1336.666667,1355,456600,615869500,0,0
2025-11-12,1361.666667,1380,1360,1376.666667,393600,539741500,0,0
2025-11-13,1516.666667,1600,1501.666667,1573.333333,1683900,2626339500,0,0
2025-11-14,1550,1556.666667,1513.333333,1553.333333,763800,1179218000,0,0
2025-11-17,1541.666667,1553.333333,1478.333333,1485,818700,1226597500,0,0
2025-11-18,1483.333333,1490,1441.666667,1451.666667,416700,608240500,0,0
2025-11-19,1458.333333,1473.333333,1431.666667,1446.666667,447000,649900500,0,0
2025-11-20,1470,1470,1443.333333,1443.333333,356700,518463500,0,0
2025-11-21,1423.333333,1448.333333,1421.666667,1448.333333,593700,855836000,0,0
2025-11-25,1468.333333,1486.666667,1460,1466.666667,324300,476877000,0,0
2025-11-26,1483.333333,1493.333333,1476.666667,1491.666667,324600,482773000,0,0
2025-11-27,1493.333333,1508.333333,1486.666667,1493.333333,259200,387327000,0,0
2025-11-28,1500,1513.333333,1500,1505,252300,380058000,0,0
2025-12-01,1511.666667,1511.666667,1476.666667,1483.333333,243000,361233500,0,0
2025-12-02,1491.666667,1520,1478.333333,1510,327300,491929000,0,0
2025-12-03,1533.333333,1565,1526.666667,1530,452400,696938500,0,0
2025-12-04,1516.666667,1560,1515,1551.666667,399300,616877000,0,0
2025-12-05,1533.333333,1548.333333,1495,1500,603900,912794500,0,0
2025-12-08,1500,1518.333333,1493.333333,1518.333333,440100,663252500,0,0
2025-12-09,1520,1525,1505,1516.666667,302400,458420000,0,0
2025-12-10,1531.666667,1535,1506.666667,1506.666667,282600,428031000,0,0
2025-12-11,1530,1535,1480,1480,190200,284400000,0,0
2025-12-12,1503.333333,1510,1486.666667,1510,216000,324914500,0,0
2025-12-15,1513.333333,1556.666667,1506.666667,1548.333333,235800,363635000,0,0
2025-12-16,1548.333333,1553.333333,1505,1508.333333,287100,436775500,0,0
2025-12-17,1506.666667,1516.666667,1486.666667,1511.666667,138900,209555000,0,0
2025-12-18,1513.333333,1525,1498.333333,1513.333333,166500,251592500,0,0
2025-12-19,1516.666667,1535,1515,1535,555900,851308500,0,0
2025-12-22,1545,1551.666667,1530,1530,199800,307205000,0,0
2025-12-23,1525,1525,1500,1510,201000,303406500,0,0
2025-12-24,1520,1520,1500,1508.333333,194100,292689500,0,0
2025-12-25,1510,1511.666667,1486.666667,1496.666667,135000,202104000,0,0
2025-12-26,1501.666667,1503.333333,1475,1488.333333,283800,422388000,0,0
2025-12-29,1501.666667,1501.666667,1480,1496.666667,405000,605392000,0,0
2025-12-30,1501.666667,1503.333333,1485,1488.333333,246900,369133000,0,0
2026-01-05,1488.333333,1516.666667,1486.666667,1503.333333,362700,545059500,0,0
2026-01-06,1508.333333,1521.666667,1496.666667,1503.333333,480300,723389000,0,0
2026-01-07,1483.333333,1510,1466.666667,1510,347100,519430500,0,0
2026-01-08,1493.333333,1523.333333,1491.666667,1511.666667,243900,368445000,0,0
2026-01-09,1518.333333,1523.333333,1510,1510,178500,270395000,0,0
2026-01-13,1533.333333,1556.666667,1530,1536.666667,315000,485293000,0,0
2026-01-14,1535,1540,1526.666667,1536.666667,226800,347973500,0,0
2026-01-15,1540,1551.666667,1533.333333,1543.333333,283800,438337500,0,0
2026-01-16,1543.333333,1583.333333,1543.333333,1573.333333,265500,415032000,0,0
2026-01-19,1566.666667,1575,1543.333333,1561.666667,187800,293169500,0,0
2026-01-20,1551.666667,1553.333333,1525,1528.333333,188700,289687500,0,0
2026-01-21,1500,1530,1495,1523.333333,174000,264397500,0,0
2026-01-22,1546.666667,1566.666667,1526.666667,1558.333333,237300,369239500,0,0
2026-01-23,1558.333333,1566.666667,1536.666667,1543.333333,230400,356817000,0,0
2026-01-26,1520,1530,1505,1525,289200,440187000,0,0
2026-01-27,1510,1520,1496.666667,1505,290400,437194000,0,0
2026-01-28,1481.666667,1485,1463.333333,1465,357000,525422500,0,0
2026-01-29,1465,1481.666667,1450,1471.666667,309000,453147000,0,0
2026-01-30,1471.666667,1481.666667,1463.333333,1463.333333,391800,575174500,0,0
2026-02-02,1485,1498.333333,1470,1473.333333,310200,459302500,0,0
2026-02-03,1490,1495,1478.333333,1491.666667,217800,324378000,0,0
2026-02-04,1501.666667,1550,1498.333333,1536.666667,308400,472694500,0,0
2026-02-05,1566.666667,1571.666667,1550,1570,299700,468967000,0,0
2026-02-06,1553.333333,1583.333333,1550,1583.333333,256200,402259000,0,0
2026-02-09,1606.666667,1615,1576.666667,1586.666667,426900,677568500,0,0
2026-02-10,1586.666667,1618.333333,1580,1618.333333,514800,824235500,0,0
2026-02-12,1631.666667,1633.333333,1595,1613.333333,787800,1269677500,0,0
2026-02-13,1660,1700,1630,1676.666667,1067400,1782678500,0,0
2026-02-16,1683.333333,1713.333333,1673.333333,1686.666667,567600,959869000,0,0
2026-02-17,1670,1703.333333,1651.666667,1656.666667,311400,520052000,0,0
2026-02-18,1680,1693.333333,1655,1693.333333,239100,402805500,0,0
2026-02-19,1696.666667,1743.333333,1693.333333,1740,464400,802687000,0,0
2026-02-20,1710,1726.666667,1700,1713.333333,315300,539429000,0,0
2026-02-24,1746.666667,1763.333333,1710,1750,437400,763492000,0,0
2026-02-25,1766.666667,1770,1740,1766.666667,290100,510432000,0,0
2026-02-26,1766.666667,1773.333333,1730,1740,316500,552355000,0,0
2026-02-27,1723.333333,1763.333333,1706.666667,1763.333333,337500,590160000,0,0
2026-03-02,1703.333333,1713.333333,1680,1713.333333,402600,684053000,0,0
2026-03-03,1696.666667,1696.666667,1628.333333,1636.666667,459300,763626500,0,0
2026-03-04,1590,1595,1520,1538.333333,340500,526946000,0,0
2026-03-05,1596.666667,1603.333333,1543.333333,1543.333333,472800,738188500,0,0
2026-03-06,1520,1568.333333,1493.333333,1560,644700,989704000,0,0
2026-03-09,1445,1505,1445,1493.333333,421500,621881000,0,0
2026-03-10,1516.666667,1538.333333,1511.666667,1518.333333,336300,511975000,0,0
2026-03-11,1541.666667,1553.333333,1536.666667,1536.666667,273000,421554500,0,0
2026-03-12,1521.666667,1525,1458.333333,1468.333333,498000,734240000,0,0
2026-03-13,1450,1465,1440,1453.333333,359700,523328500,0,0
2026-03-16,1450,1451.666667,1418.333333,1430,319500,457884000,0,0
2026-03-17,1446.666667,1463.333333,1436.666667,1443.333333,221100,319925000,0,0
2026-03-18,1466.666667,1473.333333,1453.333333,1473.333333,212100,311376500,0,0
2026-03-19,1431.666667,1441.666667,1421.666667,1430,468000,669346500,0,0
2026-03-23,1473.333333,1475,1415,1416.666667,480300,687059000,0,0
2026-03-24,1453.333333,1475,1446.666667,1460,306300,447244000,0,0
2026-03-25,1505,1506.666667,1476.666667,1478.333333,364800,542519000,0,0
2026-03-26,1483.333333,1486.666667,1463.333333,1478.333333,237000,349825500,0,0
2026-03-27,1460,1485,1458.333333,1473.333333,431100,635058500,0,0
2026-03-30,1378.333333,1396.666667,1363.333333,1390,355200,491371000,0,0
2026-03-31,1366.666667,1410,1366.666667,1381.666667,248700,344741500,0,0
2026-04-01,1428.333333,1431.666667,1413.333333,1426.666667,225600,320978500,0,0
2026-04-02,1450,1461.666667,1418.333333,1420,295800,423046000,0,0
2026-04-03,1423.333333,1448.333333,1421.666667,1448.333333,250800,361696500,0,0
2026-04-06,1441.666667,1456.666667,1440,1440,204900,296327500,0,0
2026-04-07,1448.333333,1450,1423.333333,1436.666667,144900,207805500,0,0
2026-04-08,1481.666667,1488.333333,1468.333333,1468.333333,327600,482602500,0,0
2026-04-09,1585,1593.333333,1535,1535,909000,1426043500,0,0
2026-04-10,1543.333333,1568.333333,1521.666667,1538.333333,420000,647275500,0,0
2026-04-13,1521.666667,1533.333333,1510,1511.666667,342600,519860500,0,0
2026-04-14,1528.333333,1553.333333,1528.333333,1540,357300,550297500,0,0
2026-04-15,1553.333333,1563.333333,1540,1543.333333,276600,428856500,0,0
2026-04-16,1540,1565,1540,1555,213900,332650000,0,0
2026-04-17,1560,1563.333333,1546.666667,1555,201900,313800500,0,0
2026-04-20,1566.666667,1568.333333,1551.666667,1551.666667,263400,410469500,0,0
2026-04-21,1558.333333,1558.333333,1535,1536.666667,236100,363755000,0,0
2026-04-22,1531.666667,1531.666667,1500,1513.333333,231300,349575500,0,0
2026-04-23,1500,1508.333333,1481.666667,1490,269700,402692000,0,0
2026-04-24,1496.666667,1500,1473.333333,1480,273900,406678000,0,0
2026-04-27,1480,1483.333333,1461.666667,1465,259200,381285000,0,0
2026-04-28,1473.333333,1498.333333,1463.333333,1498.333333,307500,457905000,0,0
2026-04-30,1475,1503.333333,1475,1496.666667,286800,427800000,0,0
2026-05-01,1495,1495,1475,1478.333333,222600,329885500,0,0
2026-05-07,1525,1531.666667,1500,1520,485100,736559000,0,0
2026-05-08,1503.333333,1525,1496.666667,1520,377700,571378500,0,0
2026-05-11,1536.666667,1543.333333,1513.333333,1518.333333,320400,488414500,0,0
2026-05-12,1576.666667,1610,1531.666667,1540,544800,853038500,0,0
2026-05-13,1553.333333,1583.333333,1531.666667,1563.333333,531900,830601500,0,0
2026-05-14,1436.666667,1475,1395,1398.333333,1158000,1637195500,0,0
2026-05-18,1383.333333,1383.333333,1340,1345,549300,743336000,0,0
2026-05-19,1365,1370,1351.666667,1365,441000,600702500,0,0
2026-05-20,1350,1351.666667,1296.666667,1306.666667,524400,689214000,0,0
2026-05-21,1323.333333,1348.333333,1315,1325,365400,487313500,0,0
2026-05-22,1316.666667,1321.666667,1300,1311.666667,421800,552648500,0,0
2026-05-25,1325,1353.333333,1321.666667,1331.666667,248100,331021000,0,0
2026-05-26,1325,1338.333333,1313.333333,1331.666667,274500,364611500,0,0
2026-05-27,1333.333333,1380,1333.333333,1351.666667,369600,500950500,0,0
2026-05-28,1353.333333,1365,1333.333333,1348.333333,429000,578747000,0,0
2026-05-29,1351.666667,1371.666667,1340,1348.333333,457500,619357000,0,0
2026-06-01,1341.666667,1346.666667,1310,1311.666667,437700,579676500,0,0
2026-06-02,1310,1343.333333,1296.666667,1343.333333,638700,846901500,0,0
2026-06-03,1343.333333,1361.666667,1336.666667,1343.333333,345000,464754000,0,0
2026-06-04,1333.333333,1333.333333,1311.666667,1316.666667,224700,296656500,0,0
2026-06-05,1311.666667,1326.666667,1303.333333,1323.333333,324600,427388000,0,0
2026-06-08,1300,1316.666667,1283.333333,1311.666667,386100,503278500,0,0
2026-06-09,1333.333333,1350,1308.333333,1313.333333,388200,514121500,0,0
2026-06-10,1336.666667,1336.666667,1293.333333,1303.333333,406200,531552000,0,0
2026-06-11,1271.666667,1290,1258.333333,1281.666667,358500,456962500,0,0
2026-06-12,1291.666667,1301.666667,1280,1286.666667,289800,373652500,0,0
2026-06-15,1310,1335,1308.333333,1318.333333,214500,283412500,0,0
2026-06-16,1310,1318.333333,1303.333333,1305,209400,273949000,0,0
2026-06-17,1318.333333,1321.666667,1305,1308.333333,217800,285924000,0,0
2026-06-18,1308.333333,1320,1301.666667,1310,253200,331777000,0,0
2026-06-19,1318.333333,1321.666667,1298.333333,1315,528300,692340000,0,0
2026-06-22,1315,1318.333333,1305,1310,294600,385948000,0,0
2026-06-23,1316.666667,1316.666667,1266.666667,1276.666667,438000,563769500,0,0
2026-06-24,1268.333333,1278.333333,1255,1270,272100,344519000,0,0
2026-06-25,1281.666667,1283.333333,1260,1275,254100,323495000,0,0
2026-06-26,1281.666667,1291.666667,1266.666667,1288.333333,356400,456295000,0,0
2026-06-29,1293.333333,1295,1273.333333,1286.666667,312900,402344000,0,0
2026-06-30,1305,1310,1281.666667,1286.666667,378900,489313000,0,0
2026-07-01,1298.333333,1300,1285,1285,281400,363210500,0,0
2026-07-02,1285,1331.666667,1285,1330,399900,528338000,0,0
2026-07-03,1333.333333,1350,1328.333333,1345,273600,366839500,0,0
2026-07-06,1353.333333,1398.333333,1351.666667,1395,325200,450675500,0,0
2026-07-07,1398.333333,1413.333333,1385,1395,274500,383244000,0,0
2026-07-08,1385,1385,1365,1380,255000,351045500,0,0
2026-07-09,1370,1373.333333,1345,1360,315900,429430500,0,0
2026-07-10,1366.666667,1375,1356.666667,1371.666667,283800,388370000,0,0
2026-07-13,1381.666667,1386.666667,1363.333333,1376.666667,231900,318799000,0,0
2026-07-14,1385,1390,1368.333333,1378.333333,250200,344904000,0,0
2026-07-15,1393.333333,1408.333333,1376.666667,1408.333333,288300,403500500,0,0
2026-07-16,1408.333333,1416.666667,1395,1410,257400,362592500,0,0
2026-07-17,1395,1411.666667,1378.333333,1398.333333,280800,392903500,0,0
2026-07-21,1416.666667,1450,1408.333333,1431.666667,435900,626253500,0,0
2026-07-22,1445,1451.666667,1433.333333,1438.333333,169200,244298500,0,0
2026-07-23,1438.333333,1450,1438.333333,1446.666667,160200,231453000,0,0
2026-07-24,1430,1440,1416.666667,1435,222300,317306500,0,0
2026-07-27,1446.666667,1496.666667,1446.666667,1496.666667,318300,470322500,0,0
2026-07-28,1495,1496.666667,1473.333333,1481.666667,374700,556906500,0,0
2026-07-29,1470,1518.333333,1456.666667,1518.333333,581400,866008000,0,0
2026-07-30,1516.666667,1523.333333,1491.666667,1500,301200,453342500,0,0
2026-07-31,1523.333333,1523.333333,1483.333333,1506.666667,357900,538740500,0,0
2026-08-03,1485,1496.666667,1446.666667,1491.666667,346500,512236000,0,0
2026-08-04,1480,1493.333333,1448.333333,1463.333333,256500,376503000,0,0
2026-08-05,1473.333333,1483.333333,1460,1478.333333,268800,396656500,0,0
2026-08-06,1478.333333,1510,1470,1500,323700,484415000,0,0
2026-08-07,1485,1571.666667,1485,1515,569400,871207000,0,0
2026-08-10,1536.666667,1556.666667,1525,1536.666667,287100,442423000,0,0
2026-08-12,1556.666667,1558.333333,1506.666667,1511.666667,227700,346240000,0,0
2026-08-13,1520,1531.666667,1505,1515,195600,296418000,0,0
2026-08-14,1511.666667,1555,1511.666667,1545,197100,303745500,0,0
2026-08-17,1550,1556.666667,1535,1535,198000,305106000,0,0
2026-08-18,1533.333333,1556.666667,1526.666667,1546.666667,198000,306207500,0,0
2026-08-19,1536.666667,1550,1525,1533.333333,267900,410595000,0,0
2026-08-20,1543.333333,1561.666667,1536.666667,1555,246900,383272000,0,0
2026-08-21,1560,1571.666667,1556.666667,1565,231000,361297500,0,0
2026-08-24,1575,1583.333333,1565,1568.333333,241200,379295500,0,0
2026-08-25,1581.666667,1585,1558.333333,1568.333333,213300,334787000,0,0
2026-08-26,1558.333333,1573.333333,1556.666667,1568.333333,246900,386751500,0,0
2026-08-27,1558.333333,1565,1545,1558.333333,321900,500444000,0,0
2026-08-28,1558.333333,1583.333333,1558.333333,1576.666667,280500,441716000,0,0
2026-08-31,1580,1600,1576.666667,1598.333333,383700,611153500,0,0
2026-09-01,1583.333333,1611.666667,1583.333333,1611.666667,337800,541983000,0,0
2026-09-02,1590,1596.666667,1558.333333,1588.333333,390000,616715500,0,0
2026-09-03,1610,1636.666667,1593.333333,1623.333333,404100,656457500,0,0
2026-09-04,1613.333333,1621.666667,1588.333333,1603.333333,459300,736205000,0,0
2026-09-07,1593.333333,1625,1585,1610,375000,602921500,0,0
2026-09-08,1591.666667,1595,1550,1551.666667,228600,358107000,0,0
2026-09-09,1545,1565,1538.333333,1553.333333,143400,222730500,0,0
2026-09-10,1546.666667,1546.666667,1525,1536.666667,320700,491841000,0,0
2026-09-11,1515,1553.333333,1506.666667,1553.333333,296400,454379000,0,0
2026-09-14,1550,1550,1535,1546.666667,170700,263650500,0,0
2026-09-15,1553.333333,1560,1543.333333,1550,165600,256814500,0,0
2026-09-16,1558.333333,1566.666667,1551.666667,1558.333333,162000,252431000,0,0
2026-09-17,1550,1586.666667,1546.666667,1586.666667,389100,611695000,0,0
2026-09-18,1586.666667,1598.333333,1571.666667,1583.333333,1107300,1753250000,0,0
2026-09-24,1583.333333,1596.666667,1581.666667,1581.666667,303300,481001000,0,0
2026-09-25,1581.7,1591.7,1565,1571.7,299700,471420500,0,0
2026-09-28,1581.7,1586.7,1570,1573.3,282000,444662000,0,0
2026-09-29,1525,1540,1502,1512,318300,482567400,0,0
2026-09-30,1540,1561,1512,1559,486800,755149300,0,0
2026-10-01,1551,1558,1539,1555,342800,531770500,0,0
2026-10-02,1544,1544,1508,1514,229900,349013600,0,0
2026-10-05,1516,1541,1508,1541,263000,402884500,0,0
2026-10-06,1555,1583,1532,1583,315600,496533500,0,0
