Date,Open,High,Low,Close,Volume,TradingValue,UpLimit,UnderLimit
2016-02-05,467.2,471.8,459.4,466.4,2759000,,,
2016-02-08,464.8,480,464.8,475.6,2785000,,,
2016-02-09,462,465,440,442.6,1871000,,,
2016-02-10,443.6,452.8,426,431.8,1517000,,,
2016-02-12,414.4,425.6,410,410.2,3195500,,,
2016-02-15,433,449.2,430.2,445.8,2274000,,,
2016-02-16,440.4,452.8,437.4,444.6,2054500,,,
2016-02-17,442.6,449.4,437.2,443.6,1709500,,,
2016-02-18,453.6,460.4,448,453,1733000,,,
2016-02-19,449,453,437,441.2,1723000,,,
2016-02-22,437.8,449.4,436.2,447,1198000,,,
2016-02-23,448.2,455.2,444.4,447.2,1562500,,,
2016-02-24,439.8,444.8,434.6,444.8,2615500,,,
2016-02-25,464.8,467,450,461.8,2785000,,,
2016-02-26,464.8,465.6,452,454.2,2680500,,,
2016-02-29,444.2,447.4,431.8,431.8,5461000,,,
2016-03-01,422.8,427,416.4,422.8,3292500,,,
2016-03-02,429.4,443.2,425.4,441,2834500,,,
2016-03-03,437.4,444,436.8,443.6,1912000,,,
2016-03-04,442.8,453.4,442,451,1958000,,,
2016-03-07,450.4,456,446.8,450.8,2244500,,,
2016-03-08,427,431.8,414.4,418.6,5609500,,,
2016-03-09,418,420.8,411.6,419.2,3442000,,,
2016-03-10,424,434,423.4,432,2530500,,,
2016-03-11,425.2,439,422.2,436,2716000,,,
2016-03-14,441,450,438.4,443.8,1702000,,,
2016-03-15,445,445,435.2,437,1439500,,,
2016-03-16,429.2,434.2,423.2,429.2,1825000,,,
2016-03-17,430.6,439.8,423.8,428.2,2150500,,,
2016-03-18,422.2,424.2,416.2,418.8,2488000,,,
2016-03-22,428.8,439,426.6,432,2254000,,,
2016-03-23,432.8,438.2,430.4,434.8,2154000,,,
2016-03-24,434.8,439.4,430.6,433,1678500,,,
2016-03-25,434.4,444.6,430.8,442.4,1847000,,,
2016-03-28,445.4,449.2,440.8,445.6,1778000,,,
2016-03-29,442.2,445.4,439,442.8,1469000,,,
2016-03-30,440.4,442,433.2,433.4,1558000,,,
2016-03-31,438.8,445,434.2,434.4,2870000,,,
2016-04-01,432.8,432.8,410,410,2346500,,,
2016-04-04,409,411.4,396.2,400.6,2749000,,,
2016-04-05,398.6,400.8,384,385,2515500,,,
2016-04-06,383.6,390.4,378.4,383.4,2562500,,,
2016-04-07,384.2,390.6,379.6,385.4,1608500,,,
2016-04-08,377.6,393.6,374.8,389,1474000,,,
2016-04-11,385.4,386,375.6,381.8,1230000,,,
2016-04-12,382.2,394.8,381.6,391.6,1375500,,,
2016-04-13,397.4,407.2,397.4,405,1308500,,,
2016-04-14,410,412.4,404.2,412.4,1620500,,,
2016-04-15,408.4,416,407.8,411,1162500,,,
2016-04-18,391,399.6,389.6,395,1418000,,,
2016-04-19,409.6,416.2,406.4,414.4,1414500,,,
2016-04-20,419.8,424,409.4,410.8,1252500,,,
2016-04-21,423.8,426.4,421.6,423.2,1294000,,,
2016-04-22,418.4,428.8,417.6,428.2,1021000,,,
2016-04-25,433.6,436.6,427.8,433.6,1407000,,,
2016-04-26,430.2,430.6,421.6,425.4,1238000,,,
2016-04-27,425,429.6,423.6,425,981500,,,
2016-04-28,427.6,434,399.2,410.2,3704500,,,
2016-05-02,384.6,391,370.4,377.2,4620500,,,
2016-05-06,380.8,392.8,378.4,391.2,3285500,,,
2016-05-09,394,397.4,392.6,396,1662500,,,
2016-05-10,398,409,396,408.4,2124500,,,
2016-05-11,411.2,416,407.2,408.4,1939000,,,
2016-05-12,401,412.4,397,411,1768500,,,
2016-05-13,415.2,419.2,411.8,411.8,2087500,,,
2016-05-16,411.2,416.8,409.6,411.2,1493000,,,
2016-05-17,419.4,421.6,416.6,420,1541000,,,
2016-05-18,425.8,426.2,416.4,420.8,1846000,,,
2016-05-19,426.4,426.4,414,416.2,1431000,,,
2016-05-20,414.2,419,411.4,418,1496500,,,
2016-05-23,414.6,415.4,405.8,414.8,1619000,,,
2016-05-24,412.6,412.6,405.4,406.6,1338500,,,
2016-05-25,418.8,418.8,414.4,418.2,721000,,,
2016-05-26,425.4,427.8,421.2,422.2,1255500,,,
2016-05-27,423.2,435.8,421,434,2100500,,,
2016-05-30,439.4,439.4,428.6,433,1272000,,,
2016-05-31,429.4,435.6,428.8,435,2065500,,,
2016-06-01,430,432.8,424,427,2403500,,,
2016-06-02,417.2,417.6,408.2,408.6,2459000,,,
2016-06-03,408.8,413,406,408.8,2026000,,,
2016-06-06,400,408.8,398.6,407.6,2382500,,,
2016-06-07,402,405.4,399.6,400.8,1786500,,,
2016-06-08,402.6,405.2,398.6,405.2,1430500,,,
2016-06-09,401.6,402.2,396.2,398.2,1202500,,,
2016-06-10,398.8,398.8,392.4,397,1399000,,,
2016-06-13,390,390.2,385.2,386,2012500,,,
2016-06-14,384.8,386.4,380.8,384.2,1492500,,,
2016-06-15,385.8,398.2,385.4,394.8,2796000,,,
2016-06-16,393.6,393.6,376.4,379.2,1699000,,,
2016-06-17,386,389.2,383.4,383.6,1934500,,,
2016-06-20,385,388.2,380.8,382,2696000,,,
2016-06-21,377.4,393,370.6,390.4,2411000,,,
2016-06-22,386,387.6,381.6,383.6,1581500,,,
2016-06-23,383.8,391.4,379.6,390.6,1445000,,,
2016-06-24,392,394.6,350.8,356,2266500,,,
2016-06-27,360.2,363.2,348.2,353.4,1931500,,,
2016-06-28,350,357,343.8,353.2,1662500,,,
2016-06-29,360,364.2,355,361.6,2000000,,,
2016-06-30,369.6,371,362,362.2,1387500,,,
2016-07-01,366.8,368.8,361.2,362.8,1424500,,,
2016-07-04,358,364,354.8,362,1024500,,,
2016-07-05,357.4,357.6,349.4,352.4,1439000,,,
2016-07-06,342.4,348.2,340.4,347.8,2235000,,,
2016-07-07,344.6,349.4,340.6,342.6,1724000,,,
2016-07-08,342.6,350,341.6,341.6,1795500,,,
2016-07-11,349.2,359.8,347.6,358.2,1702000,,,
2016-07-12,369,376.8,367.4,371.8,1476500,,,
2016-07-13,381.2,389,381.2,385.2,2127500,,,
2016-07-14,384,389.6,382,387.8,2414000,,,
2016-07-15,392,395.4,386.4,392,2182500,,,
2016-07-19,395.2,396.6,388.2,392.8,1572500,,,
2016-07-20,391.8,392.2,384.4,391.4,1644500,,,
2016-07-21,394.6,401.4,389.8,401.2,1646000,,,
2016-07-22,392.6,399.4,392.2,394.8,1132000,,,
2016-07-25,397.6,404.8,395.8,402.8,2203000,,,
2016-07-26,403.6,404.6,394.2,398,2018500,,,
2016-07-27,402.6,413.4,402.6,411.2,2215000,,,
2016-07-28,405.2,422.8,401.4,422.6,2677000,,,
2016-07-29,422.4,470.6,421,451.4,6654500,,,
2016-08-01,420,433.2,416,429.4,3206500,,,
2016-08-02,410.2,417.2,398.8,400.4,4323500,,,
2016-08-03,396.2,399.2,390,391,1509500,,,
2016-08-04,394,416.6,392.8,414.6,2466000,,,
2016-08-05,413.2,421.8,408.4,411.8,1848000,,,
2016-08-08,417.2,428.2,416.6,427.8,927000,,,
2016-08-09,427.8,434.2,423.8,433.2,1073500,,,
2016-08-10,438.2,443,434.8,442.2,2942500,,,
2016-08-12,444.4,446,438.8,442,1135000,,,
2016-08-15,439,443,434.6,436.4,984000,,,
2016-08-16,436,441.2,428.6,428.6,1840000,,,
2016-08-17,428.6,452.2,428.6,450,2725500,,,
2016-08-18,443,443,433.6,434.8,1715000,,,
2016-08-19,434,447,430.6,442.2,1498500,,,
2016-08-22,442.2,446,436,445.6,1345500,,,
2016-08-23,441.4,444.4,431.8,433.6,1058000,,,
2016-08-24,438.6,442.8,435.2,436.4,724500,,,
2016-08-25,440.8,454.6,439.6,453.2,1872000,,,
2016-08-26,450.4,453,446.6,448.4,1266000,,,
2016-08-29,462,471.6,460,469,1620000,,,
2016-08-30,466.6,470.2,465.6,467.6,905000,,,
2016-08-31,476,482.6,475.8,476.4,1699000,,,
2016-09-01,480.6,486,478.6,483.4,1297500,,,
2016-09-02,477.6,477.6,470.6,475.6,1189500,,,
2016-09-05,485.6,485.6,476.4,477.6,703000,,,
2016-09-06,477.6,480.4,472.2,480,604500,,,
2016-09-07,472.4,479.6,468.2,479.6,953000,,,
2016-09-08,477.4,482.2,474,480.6,1239000,,,
2016-09-09,474.8,481.4,473,477.2,1433500,,,
2016-09-12,468.8,476.4,465.2,472.8,1469000,,,
2016-09-13,475.4,480,470.6,474.2,988500,,,
2016-09-14,473.2,478,468.4,475.6,754500,,,
2016-09-15,471.6,474.6,467,472.2,1535000,,,
2016-09-16,472,476.2,465.6,474.2,1282500,,,
2016-09-20,468.4,479.2,462.2,478.4,1876500,,,
2016-09-21,480,495,476.2,495,2011500,,,
2016-09-23,490,490.6,482.6,488.4,1891500,,,
2016-09-26,484,487.6,481.8,482.8,1349500,,,
2016-09-27,476,487.6,469.4,487.6,1131500,,,
2016-09-28,482.4,484,469,473.6,1372500,,,
2016-09-29,481.8,482,474.6,476.6,1035500,,,
2016-09-30,466.6,469.4,461.8,466.6,1609000,,,
2016-10-03,476.2,481.2,471.4,476.4,2685500,,,
2016-10-04,476.6,479,472.8,476.6,1535500,,,
2016-10-05,483.4,495.8,478.6,494.4,1814000,,,
2016-10-06,498,499.6,494.8,496.4,1071000,,,
2016-10-07,497.6,498.8,494.2,498.8,693500,,,
2016-10-11,498,506,494.6,499.4,1560000,,,
2016-10-12,492.6,495,489,490.4,1663000,,,
2016-10-13,494.8,499,491.2,495.8,1478500,,,
2016-10-14,489.8,490,481.8,486,2407000,,,
2016-10-17,485.2,496.2,483,495.6,1701500,,,
2016-10-18,492.4,492.6,485.2,490.4,1909500,,,
2016-10-19,487.4,488.8,481.4,488.2,1838500,,,
2016-10-20,485.2,493.6,479.6,493.2,1780000,,,
2016-10-21,493.2,495.4,490,491,1025000,,,
2016-10-24,493.2,496.2,490.6,494,1707500,,,
2016-10-25,497,505.8,497,505.2,1615500,,,
2016-10-26,505.4,505.8,498.4,500,1483000,,,
2016-10-27,499,501.8,496,500,1537500,,,
2016-10-28,504,510,472.4,484.6,6889500,,,
2016-10-31,480.2,481,465,480.2,3813500,,,
2016-11-01,482.6,482.6,474.4,482,2031500,,,
2016-11-02,472,472.2,466.2,468.8,1245000,,,
2016-11-04,460.6,464.4,455.6,460.6,1719500,,,
2016-11-07,470.6,473.4,467.4,468.2,1256500,,,
2016-11-08,472,474.2,468.8,472.8,912000,,,
2016-11-09,473.8,479.4,435.6,442.8,2411000,,,
2016-11-10,474.2,474.8,463,466,1903000,,,
2016-11-11,472.6,474.6,459.6,462.2,2124000,,,
2016-11-14,469.8,478,466.8,477.4,1210000,,,
2016-11-15,477.6,480,474,475.8,1426500,,,
2016-11-16,482.4,487.8,481.2,485.2,1580000,,,
2016-11-17,480,482.4,477.6,480.6,1156500,,,
2016-11-18,486.2,490,485.8,489.4,1145500,,,
2016-11-21,490.6,492.8,486.2,487.4,1155500,,,
2016-11-22,485,488.2,480.6,486.2,1748500,,,
2016-11-24,493.4,497,488.4,492.2,2167000,,,
2016-11-25,493.4,505.4,493.4,500.6,1850500,,,
2016-11-28,500.6,500.6,492,498,1539500,,,
2016-11-29,493.2,497.4,491.2,495.8,1365000,,,
2016-11-30,495.8,500.6,492.4,494,2831000,,,
2016-12-01,503.8,507.6,499.6,504.4,2792000,,,
2016-12-02,508,508,497,499,1389500,,,
2016-12-05,493.4,493.4,486.2,491.8,1189500,,,
2016-12-06,497,498.8,491.8,496.2,1134500,,,
2016-12-07,500.8,505.8,499,504.6,1287000,,,
2016-12-08,514,519.6,512.2,519.6,1582000,,,
2016-12-09,520,527,518.8,525.4,1871000,,,
2016-12-12,536,539.6,527.2,531,2308000,,,
2016-12-13,532.6,533.6,526.2,533.6,1252000,,,
2016-12-14,533,538.8,530.6,534.4,1525000,,,
2016-12-15,535,549,534.8,546.8,2028500,,,
2016-12-16,550.4,552.2,545,549.4,1832500,,,
2016-12-19,544.4,544.4,540.4,542.8,1129500,,,
2016-12-20,547.6,560,545.2,559,2389000,,,
2016-12-21,562,563,553.6,556.2,1356000,,,
2016-12-22,560.4,564.4,558.8,562.2,1615000,,,
2016-12-26,560.6,560.6,551,551.8,743000,,,
2016-12-27,549.4,562,548.2,558,1033000,,,
2016-12-28,556.4,559.2,554.2,556.8,818000,,,
2016-12-29,553.6,557.2,546.6,548,988500,,,
2016-12-30,543.2,550,540,546.8,821000,,,
2017-01-04,555,564.2,553,564,1276000,,,
2017-01-05,564.6,566.4,557.8,560.4,1366500,,,
2017-01-06,546.4,553.2,546.4,551.8,1168500,,,
2017-01-10,546,553.6,542,548.4,1659000,,,
2017-01-11,553.6,558,550.8,557.6,1356000,,,
2017-01-12,552.4,553,545.4,549.4,1339000,,,
2017-01-13,549.8,555,547.4,554.6,876500,,,
2017-01-16,554,554.4,545.2,549.6,934000,,,
2017-01-17,549.8,549.8,538.2,538.2,849500,,,
2017-01-18,538.2,539.2,530.2,537.6,1641500,,,
2017-01-19,547.2,553,545.2,550.2,902500,,,
2017-01-20,550.6,556,550.4,553.6,710500,,,
2017-01-23,541,545,539.2,540.2,867500,,,
2017-01-24,537.6,540.8,535.2,537.8,871000,,,
2017-01-25,546.8,552.2,544.8,547.6,1061500,,,
2017-01-26,555.6,558.4,551.4,556.4,1208000,,,
2017-01-27,560,563.8,553.8,555.4,1118000,,,
2017-01-30,550.4,554.4,547,551.4,1614500,,,
2017-01-31,540.4,547.4,538.4,544.2,1417500,,,
2017-02-01,539.2,550.6,535.8,550,1755000,,,
2017-02-02,552.4,559.8,536,543.4,3184000,,,
2017-02-03,547,552.6,544,547.4,1716500,,,
2017-02-06,556.6,556.6,541,544.4,1553000,,,
2017-02-07,539.4,542.4,537.4,539.8,998000,,,
2017-02-08,542,545,539.2,544.2,671500,,,
2017-02-09,543.4,543.4,537,539.6,765000,,,
2017-02-10,551.4,558.8,549.4,557.8,1305000,,,
2017-02-13,560.8,563.4,557.4,559.8,720500,,,
2017-02-14,563,569.2,559,560.4,1657500,,,
2017-02-15,563.4,569.6,561.2,567.8,1343000,,,
2017-02-16,569,570.6,563.8,569.4,829500,,,
2017-02-17,566.2,569.4,562.4,569,946000,,,
2017-02-20,567.6,569.6,563.8,568.4,1258000,,,
2017-02-21,568.6,573.4,566.8,572.6,808000,,,
2017-02-22,573.4,573.8,569,571.4,1068000,,,
2017-02-23,573.8,573.8,567.6,571.8,851000,,,
2017-02-24,569,572.8,564,571.4,1028000,,,
2017-02-27,570.2,576.2,565.6,571.2,1664000,,,
2017-02-28,576.4,579.8,569.6,572.8,1527500,,,
2017-03-01,572,578.2,568.8,576.2,1166000,,,
2017-03-02,582,585.6,579.6,579.8,745500,,,
2017-03-03,580.4,582,576.8,579.2,481500,,,
2017-03-06,575.8,582.4,574,579.6,659500,,,
2017-03-07,576.6,584.8,574.8,577.6,1155000,,,
2017-03-08,574.8,577.6,571.6,575,1180000,,,
2017-03-09,581,587.8,578.8,585.6,1179500,,,
2017-03-10,593,594.4,589.2,593,1126000,,,
2017-03-13,591,594,590,592.8,633000,,,
2017-03-14,593.2,596,588,593,775500,,,
2017-03-15,594.2,595,586.4,592.4,1089500,,,
2017-03-16,586.4,598.6,585,597.6,1219000,,,
2017-03-17,595,597.2,592.8,597,1358500,,,
2017-03-21,597.4,599.8,593,597.4,1793500,,,
2017-03-22,581.8,585.8,580,581,1538500,,,
2017-03-23,581.4,584,574.6,578.2,1485500,,,
2017-03-24,579.4,588.2,578.4,582.8,902000,,,
2017-03-27,576.4,580.8,573.6,574.4,809500,,,
2017-03-28,582,590,580.8,589,1164000,,,
2017-03-29,590,591.2,581.2,583.2,814000,,,
2017-03-30,580.4,583.6,575.4,576.4,914000,,,
2017-03-31,578.2,583,566.2,566.2,1615000,,,
2017-04-03,573.6,574.4,566.2,570.6,1387000,,,
2017-04-04,569.2,570.2,555.8,559.8,1513500,,,
2017-04-05,559.2,563,552.2,553.6,1005500,,,
2017-04-06,552.2,552.4,541.4,541.8,1262000,,,
2017-04-07,546.2,549.4,539.8,544,1055500,,,
2017-04-10,547,549.2,539.2,544.8,1796000,,,
2017-04-11,538.4,545.2,533.2,543.4,2017000,,,
2017-04-12,538.2,539,533.6,535.6,1601000,,,
2017-04-13,530,532.6,524.4,530.6,1291500,,,
2017-04-14,528,532.6,525.2,527.8,999000,,,
2017-04-17,523.6,527.8,518.2,523,1153500,,,
2017-04-18,526.2,535.2,525.2,526.6,1243000,,,
2017-04-19,524,541.8,524,528.8,2307500,,,
2017-04-20,531,537.2,529.4,532,1351500,,,
2017-04-21,539.6,543.8,536.8,540.8,1108500,,,
2017-04-24,549.6,550.2,541.4,542.2,980000,,,
2017-04-25,544.4,556,542.8,553.4,833000,,,
2017-04-26,560.6,569.8,558.6,567.8,1494000,,,
2017-04-27,563.6,572.8,563.2,567.6,1371000,,,
2017-04-28,562.8,593.4,542.2,591.4,6518000,,,
2017-05-01,591.4,591.4,578.6,587,4010000,,,
2017-05-02,585.4,596.4,585.2,588.6,1862000,,,
2017-05-08,596.8,597.8,592.2,593.4,2860000,,,
2017-05-09,594.6,594.8,581.6,586.2,1608000,,,
2017-05-10,585.6,587.8,574.8,575.8,2184500,,,
2017-05-11,574.6,577.4,571.4,574.8,1503000,,,
2017-05-12,570.2,575,560.2,562.2,1786000,,,
2017-05-15,559.4,560.6,555.2,559.2,1168500,,,
2017-05-16,560.2,561,553.8,554.4,2152000,,,
2017-05-17,550.6,551.2,546.6,547.6,1883000,,,
2017-05-18,534.2,539.2,532.2,535.4,1410000,,,
2017-05-19,537.8,538.2,530.8,535.2,975500,,,
2017-05-22,536.4,537.2,531.8,535.4,1257000,,,
2017-05-23,537,537.2,530.2,533.4,2006500,,,
2017-05-24,541.4,543.8,537.6,539.8,1917000,,,
2017-05-25,537.2,543.4,535.6,539.4,1026500,,,
2017-05-26,536.8,538,534,534.4,1057500,,,
2017-05-29,544.4,544.4,530.4,537.2,1196000,,,
2017-05-30,537.4,538.4,531.2,537.6,824000,,,
2017-05-31,532,536.2,527.6,532.4,1405000,,,
2017-06-01,534.8,548.2,534,546.4,1620000,,,
2017-06-02,550,563.8,548.2,563.4,1693000,,,
2017-06-05,555.8,557.2,550.2,553.4,1126000,,,
2017-06-06,550,554.8,548.4,550,1391000,,,
2017-06-07,549.4,552.6,545.6,551.4,1270000,,,
2017-06-08,554.2,558.8,548.4,550,1268500,,,
2017-06-09,547,552,544.2,549,1414500,,,
2017-06-12,543.2,546.4,539,541.2,1363500,,,
2017-06-13,539.2,542.8,537,538.4,665500,,,
2017-06-14,537,538.8,527.6,528.8,2270500,,,
2017-06-15,527,531.6,521.4,522.4,1693000,,,
2017-06-16,530,536.4,525,533.6,3400000,,,
2017-06-19,538,539.4,533.6,538.6,1413500,,,
2017-06-20,542,544.8,540.2,540.4,1016500,,,
2017-06-21,538.2,540.2,533.8,535.2,1522000,,,
2017-06-22,535.4,536,529.8,531.8,1599000,,,
2017-06-23,530.6,535.6,530.6,531,1614500,,,
2017-06-26,531,533.6,529.6,530.4,1063000,,,
2017-06-27,534,537.6,534,536.6,941500,,,
2017-06-28,534.6,539,533,534.2,1116000,,,
2017-06-29,542,542,532.8,536.4,1794000,,,
2017-06-30,531,535.8,530.2,535.8,1243000,,,
2017-07-03,534.4,540.8,533.4,539,1159500,,,
2017-07-04,545,547,540.4,542.6,1254000,,,
2017-07-05,543.6,556.2,543.6,556,1983000,,,
2017-07-06,552.8,553.6,548.4,552.2,1189000,,,
2017-07-07,544,552.6,542,547.8,1000000,,,
2017-07-10,553.8,553.8,548,551.4,947000,,,
2017-07-11,553,554.6,551.2,552.6,1223500,,,
2017-07-12,550.6,556,549.8,553.6,1549500,,,
2017-07-13,555,555.8,548,550,1106000,,,
2017-07-14,549.2,555.6,547.8,551.2,1652000,,,
2017-07-18,546,549.2,543.6,547.8,949500,,,
2017-07-19,545.4,546.4,540.6,543.8,955000,,,
2017-07-20,541.4,547.2,540.8,545.8,1258000,,,
2017-07-21,544.2,546.2,536.8,538,1526500,,,
2017-07-24,535.2,536.6,528.6,532.2,820500,,,
2017-07-25,535.6,537.8,530,531.2,1261500,,,
2017-07-26,536,540.6,535.6,537.6,1395000,,,
2017-07-27,539,554.2,539,546.6,2818000,,,
2017-07-28,549.4,556.2,512.6,534.4,4659500,,,
2017-07-31,520.2,527.6,520.2,522,3057500,,,
2017-08-01,525,526.8,518.6,520.4,2302000,,,
2017-08-02,521,525.6,516.2,519.4,1567500,,,
2017-08-03,518,518.8,512.4,517,1679500,,,
2017-08-04,515,516.2,509.6,513.8,1842000,,,
2017-08-07,521,522.4,514,515.6,1076000,,,
2017-08-08,517,519,510.6,514.2,1398000,,,
2017-08-09,511.6,512.2,502,505,1508500,,,
2017-08-10,507,509.8,503,505.6,1467000,,,
2017-08-14,497.6,503.8,495,500.8,1845500,,,
2017-08-15,505.2,507,502.8,503,1232500,,,
2017-08-16,500.2,518.2,498.6,505.2,1248000,,,
2017-08-17,507,514.4,501.4,513.8,1966500,,,
2017-08-18,507.2,513.6,506.6,512.8,1993000,,,
2017-08-21,513.6,513.6,510.4,511.8,1087500,,,
2017-08-22,509.2,513.2,508,511.4,1129500,,,
2017-08-23,514.6,516.8,507.6,509.2,1347000,,,
2017-08-24,509.6,515,509.2,511.6,1591500,,,
2017-08-25,513.8,521.6,512.6,519.4,1452000,,,
2017-08-28,523.4,525,517,519.6,1126000,,,
2017-08-29,514.4,514.4,509.6,510,1508500,,,
2017-08-30,514,515.2,508,513.6,1671000,,,
2017-08-31,515.8,518,512.4,512.6,2085000,,,
2017-09-01,516.4,517.2,512,514.4,1286000,,,
2017-09-04,514,515.6,507.4,508.4,777500,,,
2017-09-05,510.4,510.4,503.8,504.4,1137000,,,
2017-09-06,504.2,505.4,500,504.4,1332000,,,
2017-09-07,506.6,510.6,505,508.8,1919000,,,
2017-09-08,505.6,508.6,504.2,506.4,1731500,,,
2017-09-11,511,517.6,511,515.4,1103500,,,
2017-09-12,520,522.8,519,521.6,1478500,,,
2017-09-13,525.8,528.4,520.2,520.2,1208500,,,
2017-09-14,521,525.2,518,519.4,1503500,,,
2017-09-15,519.2,527.2,518,523.6,2347000,,,
2017-09-19,530,541,529.6,539.6,2094000,,,
2017-09-20,541.8,547.8,537.2,547.2,2158000,,,
2017-09-21,547,549.4,544.2,545.6,2049500,,,
2017-09-22,542.2,547.8,541.6,542.6,1128000,,,
2017-09-25,546,547.8,542.8,544.2,1085500,,,
2017-09-26,540.2,544,540,543.2,1199500,,,
2017-09-27,535.4,535.8,527.8,534.8,2084500,,,
2017-09-28,538,538.4,533.4,537,1187500,,,
2017-09-29,530.4,533.6,525,531.8,2342500,,,
2017-10-02,533.6,540.6,531.4,540.4,1584000,,,
2017-10-03,543,549,540.8,548.4,1503000,,,
2017-10-04,548.4,551.8,548.2,551,1572000,,,
2017-10-05,552,556.6,551.2,554.8,1741000,,,
2017-10-06,556.2,558,552.6,557.4,1292000,,,
2017-10-10,560.2,567,558.4,567,2586000,,,
2017-10-11,571.6,574,565.8,569.2,2749500,,,
2017-10-12,571.6,571.6,565.6,566.2,1847500,,,
2017-10-13,566.2,572.6,564.6,567.4,2506000,,,
2017-10-16,569.4,569.6,564.4,564.6,1137000,,,
2017-10-17,566,566.4,560,565.8,1567500,,,
2017-10-18,564,567,561.8,564.8,852000,,,
2017-10-19,565,569.8,565,566.8,1142500,,,
2017-10-20,563.8,568,561.2,567,1080000,,,
2017-10-23,573.4,575,571.2,574.4,1387000,,,
2017-10-24,574.4,579.6,573.4,579.6,1291500,,,
2017-10-25,578.2,578.8,570,571.8,1595500,,,
2017-10-26,570.2,575,570.2,572.8,1391500,,,
2017-10-27,576.8,576.8,571,576,1203500,,,
2017-10-30,573.2,576,571,573,4861500,,,
2017-10-31,580,582.6,544,549.6,5684500,,,
2017-11-01,559.6,563.8,557.4,558.6,2816000,,,
2017-11-02,557,559,553,558,1745500,,,
2017-11-06,559.6,562.8,555.4,557.8,1400500,,,
2017-11-07,559.4,564.4,557.2,563.6,2005000,,,
2017-11-08,563.6,564.4,559,563.6,1225500,,,
2017-11-09,567.4,571.4,554.6,561.2,2328500,,,
2017-11-10,551.6,558.8,549.4,550.4,1367000,,,
2017-11-13,551.6,553.8,547.8,549,1235000,,,
2017-11-14,548.6,551,546.8,550,1199500,,,
2017-11-15,548.2,549.8,535.2,537,1713500,,,
2017-11-16,537,544,535,542.8,3064000,,,
2017-11-17,546.2,548.2,540.2,547.8,3445500,,,
2017-11-20,548,556.2,545.2,555.6,2435000,,,
2017-11-21,553.4,560.8,552,559.4,1037000,,,
2017-11-22,560,566.2,558.4,564.8,1767000,,,
2017-11-24,565,566.6,556.2,564.6,1308000,,,
2017-11-27,566.4,569,563.6,568.4,1358500,,,
2017-11-28,563.4,563.8,555.2,556,1487000,,,
2017-11-29,559.2,561,555,558.2,1428500,,,
2017-11-30,559.2,562,556,561.4,1572500,,,
2017-12-01,557,561.4,553,556.2,1442000,,,
2017-12-04,563,563.4,552,553,869500,,,
2017-12-05,552.6,553.4,548,553.4,735000,,,
2017-12-06,553,553,539.6,542,1476000,,,
2017-12-07,543.4,547.2,541,542.8,874000,,,
2017-12-08,544.4,552,543.4,546.2,1593000,,,
2017-12-11,552.8,561.2,552.2,561.2,1363500,,,
2017-12-12,561.8,566,559.4,561.6,972500,,,
2017-12-13,562.6,563.8,556.6,558.8,1103000,,,
2017-12-14,566,568.2,560.6,567,1301500,,,
2017-12-15,563,565.4,557.6,560.8,1419000,,,
2017-12-18,568.6,577.6,567,577.2,1656000,,,
2017-12-19,576,576.2,571.8,573.2,681000,,,
2017-12-20,571.2,577.8,568.6,575.4,1199500,,,
2017-12-21,577,582.6,576.2,580.6,1148500,,,
2017-12-22,582.6,592,582.6,584,1257000,,,
2017-12-25,583.4,583.4,577.8,581,465000,,,
2017-12-26,581.2,582,578.6,580.4,358500,,,
2017-12-27,580,580.8,576.8,578,535000,,,
2017-12-28,577.6,581.6,571.4,572.4,1297000,,,
2017-12-29,573,576.6,571.8,573.4,648500,,,
2018-01-04,583.4,593.4,583,593.4,1463500,,,
2018-01-05,597,598,591.4,594.2,936500,,,
2018-01-09,600,601,594.2,598.2,861500,,,
2018-01-10,598.6,601,595.2,601,681000,,,
2018-01-11,599.8,604,592,603,1406500,,,
2018-01-12,604,607,594.2,595,1267000,,,
2018-01-15,599.8,599.8,591.8,592.8,622500,,,
2018-01-16,597,606,597,605,1296500,,,
2018-01-17,600,604,586.2,602,2108000,,,
2018-01-18,609,609,591.8,592,1655500,,,
2018-01-19,594.6,594.8,584,588.8,1784500,,,
2018-01-22,592.8,596.2,588,592,1020500,,,
2018-01-23,594,610,594,608,1174000,,,
2018-01-24,603,604,596.8,597.6,829500,,,
2018-01-25,592.6,592.8,585,585.8,971000,,,
2018-01-26,584,589.6,583,588.6,1333500,,,
2018-01-29,589.8,593.2,587.4,591.2,848500,,,
2018-01-30,590.8,595.8,584.6,587.6,1191000,,,
2018-01-31,590.6,593.4,579,579,1651000,,,
2018-02-01,578,583.2,573.6,580.6,1477500,,,
2018-02-02,573.6,585.2,536.2,546.8,4468000,,,
2018-02-05,525,536.4,522.4,533.2,3716000,,,
2018-02-06,513.2,513.2,496.2,505,2578000,,,
2018-02-07,522.6,523.8,505,505,2500000,,,
2018-02-08,508.4,513.4,507,511,1879000,,,
2018-02-09,492.6,496.6,490.2,496.6,1323500,,,
2018-02-13,502.6,504,485.2,485.6,1708000,,,
2018-02-14,486,487,477.4,481,1906000,,,
2018-02-15,491.2,498.8,485.4,491,2317500,,,
2018-02-16,498.2,506.4,494.4,502.8,2524500,,,
2018-02-19,508.2,513.4,505,513.4,1677500,,,
2018-02-20,514.4,520.2,511,519,1784500,,,
2018-02-21,520,525.4,515.8,522.2,1852500,,,
2018-02-22,519.4,523,516.6,521.4,2223500,,,
2018-02-23,513.8,524.4,509.8,522.2,2910500,,,
2018-02-26,529.8,531.2,525.4,528.8,1681500,,,
2018-02-27,534.2,535.2,529,531.2,1456500,,,
2018-02-28,531.2,533,521.4,521.6,2285500,,,
2018-03-01,519,519,509.2,511,1517500,,,
2018-03-02,498.2,501.6,490.8,492.8,1522500,,,
2018-03-05,490.4,492.8,484.2,486.2,1534000,,,
2018-03-06,494,497.6,488.6,489,1428500,,,
2018-03-07,482.4,485.2,477,479,2026500,,,
2018-03-08,482.2,484,474.4,477,1597500,,,
2018-03-09,482.8,485.8,475.6,477.4,1711500,,,
2018-03-12,487.4,494,486,491.8,1540500,,,
2018-03-13,492,496.2,488.4,495.4,1679500,,,
2018-03-14,491.4,497.6,490.6,493.2,1159500,,,
2018-03-15,484.4,487.8,478.8,486.2,2010500,,,
2018-03-16,482.8,485,476.4,478,3410000,,,
2018-03-19,479.2,480.8,474.6,475.4,1417000,,,
2018-03-20,475.2,487.4,474,487.2,2546500,,,
2018-03-22,484.6,485,476.2,484.2,2222000,,,
2018-03-23,476.2,476.4,463.8,465.6,2139500,,,
2018-03-26,460.2,468.8,458.4,468.8,1303000,,,
2018-03-27,473.8,486.2,473.4,486,1457000,,,
2018-03-28,474.8,482.2,474.2,480.8,2353500,,,
2018-03-29,490,492.2,479.6,485.8,2196000,,,
2018-03-30,494.4,496.4,488.8,494.8,1556000,,,
2018-04-02,492.8,500.6,491.8,495.4,1350000,,,
2018-04-03,490,490.2,483.6,486.2,1508500,,,
2018-04-04,487.6,493.4,484.4,490.8,1240500,,,
2018-04-05,498.8,499,490.2,494,1308000,,,
2018-04-06,494.2,497.6,490.6,491.8,1039500,,,
2018-04-09,481.8,487.8,480,482,1383000,,,
2018-04-10,480,493.4,475.4,492,1977000,,,
2018-04-11,496.4,506.6,493.8,503.4,1849000,,,
2018-04-12,500,505.8,496.4,504.2,1624000,,,
2018-04-13,509.2,517.4,508.2,514.8,1488000,,,
2018-04-16,514.8,516,509.2,513.4,834000,,,
2018-04-17,512,512.6,507.2,510.2,1287000,,,
2018-04-18,511.4,517,508,515.2,1195500,,,
2018-04-19,516,519.2,511.6,514.8,1150000,,,
2018-04-20,514.8,517.6,511.6,516,1410500,,,
2018-04-23,515.6,518,512.2,513.4,1016000,,,
2018-04-24,516.8,519.4,514.2,519,1077500,,,
2018-04-25,514.6,524,512.6,522.6,1307000,,,
2018-04-26,526.6,527.2,520.6,524.4,947000,,,
2018-04-27,525.8,571.2,511,554.8,4805000,,,
2018-05-01,555,573.8,553,555.2,4623000,,,
2018-05-02,585.2,598.2,580.4,582,5711000,,,
2018-05-07,583,583,572.8,578.4,1509000,,,
2018-05-08,580,587,576.2,581.2,2148000,,,
2018-05-09,584,585,571.6,575,2059000,,,
2018-05-10,578.2,578.8,573.6,577.8,924000,,,
2018-05-11,578,587.4,576.2,586,1681500,,,
2018-05-14,579.2,583.4,576.4,582.2,894500,,,
2018-05-15,581.8,585.6,579,584,1318500,,,
2018-05-16,577.8,584.6,577.2,579.4,1255000,,,
2018-05-17,581.6,587.2,579.2,585.2,1217000,,,
2018-05-18,589,591,582.2,589.4,1636500,,,
2018-05-21,589,593.4,586.8,587.2,1168000,,,
2018-05-22,588.2,591,583.8,585.2,1093000,,,
2018-05-23,589.4,609,589.4,605,2949000,,,
2018-05-24,601,601,587.6,589.4,2598000,,,
2018-05-25,588.8,588.8,577.6,578.8,2039500,,,
2018-05-28,573.2,577.8,562.2,564,1750500,,,
2018-05-29,561,562.8,556,557.8,1102500,,,
2018-05-30,538.6,547.6,538.6,544.4,2489000,,,
2018-05-31,568.4,575.8,557.6,573.8,5262500,,,
2018-06-01,572.4,578.8,567.8,569.4,1924000,,,
2018-06-04,578.2,581.4,575.2,580.4,1151500,,,
2018-06-05,580.2,582.6,575.8,582.4,1308000,,,
2018-06-06,582.4,593.4,581.6,587.4,1657500,,,
2018-06-07,598.8,608,597.8,601,2131500,,,
2018-06-08,595,597.4,588.8,591.2,2602500,,,
2018-06-11,590.4,597.8,585.8,591.4,882500,,,
2018-06-12,594.6,597.4,584.4,589.8,1775500,,,
2018-06-13,585,592,585,590.2,1174500,,,
2018-06-14,587.8,589.4,579.8,580,1501000,,,
2018-06-15,587.6,589.4,575.2,578.2,1867500,,,
2018-06-18,573,573,564.8,567.2,1469500,,,
2018-06-19,561.4,572,558.6,559.8,1807500,,,
2018-06-20,579.8,582,565.8,571,3814500,,,
2018-06-21,568,574.4,565.2,567.6,1607000,,,
2018-06-22,562.8,566,553.4,559.8,2353500,,,
2018-06-25,560.8,563.2,555.2,555.6,1073500,,,
2018-06-26,548.6,555.2,544.2,554.6,1223000,,,
2018-06-27,584.6,584.6,559.2,562.4,2996000,,,
2018-06-28,562.4,566.2,556,560,1713500,,,
2018-06-29,556,563.6,548,561.8,1960500,,,
2018-07-02,556.8,559.2,542.8,543.2,1275000,,,
2018-07-03,544,546,537.6,541.2,1152000,,,
2018-07-04,534.6,539.8,532,532.4,1383500,,,
2018-07-05,530.6,536.2,528.2,529,1173000,,,
2018-07-06,532,539.4,532,535.8,1164000,,,
2018-07-09,537.6,539.2,524.8,533.8,3094000,,,
2018-07-10,534.8,540.2,533.6,534.6,1449000,,,
2018-07-11,524.6,525.2,514,522.8,1567000,,,
2018-07-12,519.4,522.6,516.2,521.2,1835000,,,
2018-07-13,525.6,532.8,520.8,531.4,1926000,,,
2018-07-17,534,540,531.2,535.2,1601000,,,
2018-07-18,544.8,550.4,539.8,540.4,1516500,,,
2018-07-19,538,543.8,535.8,540.8,1082000,,,
2018-07-20,536,539.2,533.2,538,1525000,,,
2018-07-23,534.4,544.2,533.2,539.8,1614500,,,
2018-07-24,545.4,547.6,537.8,541,1026500,,,
2018-07-25,539.6,542.4,536.8,538,1183000,,,
2018-07-26,543.8,550.4,543.2,546.4,1715500,,,
2018-07-27,545.4,550.4,541.2,550.4,1196500,,,
2018-07-30,546.2,553.8,545.8,552.4,1659000,,,
2018-07-31,560,576.4,528.2,564,5235000,,,
2018-08-01,561.4,575.2,554.4,570.6,2735500,,,
2018-08-02,567,571.8,558.8,559.2,1035500,,,
2018-08-03,559.2,563.2,555,558.2,917000,,,
2018-08-06,555.4,559.8,549.6,552.6,926000,,,
2018-08-07,554.8,561.8,551,559.4,905000,,,
2018-08-08,558,571.6,557.6,564.6,1775500,,,
2018-08-09,561.6,562.2,554.8,556.6,1282500,,,
2018-08-10,557.6,557.6,544.4,545.4,1216500,,,
2018-08-13,543.8,547.6,530.8,531.2,1243500,,,
2018-08-14,533.4,541.8,531.8,541.6,824000,,,
2018-08-15,546,548.2,538.8,542,1453500,,,
2018-08-16,534.8,539.6,528,537.2,1070000,,,
2018-08-17,536.4,545.4,536.4,543.6,1226500,,,
2018-08-20,548.2,550.8,543.8,550.2,1843500,,,
2018-08-21,543.8,545.6,539,543.8,742500,,,
2018-08-22,543.8,557.4,541.2,556.2,1262500,,,
2018-08-23,552,552,543.6,545.8,1222000,,,
2018-08-24,550.2,551.6,545,547.4,767500,,,
2018-08-27,551.4,559.8,548.4,558.6,709500,,,
2018-08-28,567.6,569,560,560.4,1204000,,,
2018-08-29,554.8,567.6,546.8,566.6,1497500,,,
2018-08-30,563.4,566.2,557.6,559.8,1741500,,,
2018-08-31,556.2,560.6,553.2,554.4,1075500,,,
2018-09-03,556,559,549.6,551.6,1557500,,,
2018-09-04,552,552.2,545,548,1103000,,,
2018-09-05,545.6,555,542.2,551.6,2733500,,,
2018-09-06,548.2,549.8,541.4,541.8,1792500,,,
2018-09-07,532.2,535,520.2,525.2,2262000,,,
2018-09-10,518,524.6,517.4,521.4,1657000,,,
2018-09-11,522.4,529.2,517.6,527,1414000,,,
2018-09-12,527,527.2,515.2,517.6,1387000,,,
2018-09-13,512.4,523.8,512.4,522.2,1189500,,,
2018-09-14,526.6,534.8,525.2,533.8,1386500,,,
2018-09-18,532.4,553.2,528.2,552.2,1334500,,,
2018-09-19,561.8,566,554.4,556.8,2216500,,,
2018-09-20,552.6,558,545.2,547.8,1761500,,,
2018-09-21,551.4,553.2,539.4,539.4,3137000,,,
2018-09-25,529.4,545.2,527.2,545.2,2246500,,,
2018-09-26,541.2,541.8,529.6,537.8,2813000,,,
2018-09-27,534.8,544,534.8,540.4,1444500,,,
2018-09-28,543.4,565,540.2,561,3343500,,,
2018-10-01,556.6,556.8,550.2,555.2,1676500,,,
2018-10-02,560,571.8,556.6,557,1719000,,,
2018-10-03,550.6,555.8,538,541,2110000,,,
2018-10-04,547,551.8,540.4,546.8,2060500,,,
2018-10-05,541,545.4,535.2,536.6,1534000,,,
2018-10-09,535.2,538.4,529.6,533.6,2223500,,,
2018-10-10,535.6,538.8,527.8,529.4,2377500,,,
2018-10-11,514.4,514.8,500.6,506.2,2579000,,,
2018-10-12,506,510,500.6,507.8,1498500,,,
2018-10-15,504,508.4,500.8,501.4,2107000,,,
2018-10-16,504.6,508,499,507.8,1968500,,,
2018-10-17,516.2,518.8,511.4,515,1821000,,,
2018-10-18,514.2,520.2,510.4,514.2,2087500,,,
2018-10-19,506.6,511,503,510.6,1596000,,,
2018-10-22,503.2,515.2,502,511.6,2033000,,,
2018-10-23,511.4,518.2,506.2,510.4,2475500,,,
2018-10-24,517,527.6,512.4,522.4,2644000,,,
2018-10-25,512.4,513.6,503,504.2,1920500,,,
2018-10-26,507,514.8,504.2,509.8,2468500,,,
2018-10-29,509.8,513.6,498,498,2313000,,,
2018-10-30,496,507.4,496,501.2,6277500,,,
2018-10-31,502,519,446.2,487,6045000,,,
2018-11-01,487,488.2,460,474.8,4247500,,,
2018-11-02,472.2,485.6,466.6,483.2,2567500,,,
2018-11-05,478.2,479.8,471.6,475,1986000,,,
2018-11-06,475.8,486.2,473.8,482,1710000,,,
2018-11-07,481.2,486.6,471.4,473.4,1539000,,,
2018-11-08,480.8,485,478.2,483.4,1585000,,,
2018-11-09,485.6,488.8,481,481.6,886500,,,
2018-11-12,476.4,478.6,462.4,463.2,2185000,,,
2018-11-13,453.8,454.8,439.6,444.2,3354500,,,
2018-11-14,448.8,454.2,445,445.6,2008500,,,
2018-11-15,437.8,446,436,444.2,2074500,,,
2018-11-16,444.4,447.2,436.6,440.8,2432000,,,
2018-11-19,434.8,444.6,434.2,438.4,2097500,,,
2018-11-20,434.2,437,430.8,433.8,1275000,,,
2018-11-21,423.8,425.2,417.8,424.4,1366000,,,
2018-11-22,427.4,429.6,421.4,425.4,1797500,,,
2018-11-26,425.4,428,422,425.6,1516500,,,
2018-11-27,429.2,432,424.6,431.6,1496500,,,
2018-11-28,431.2,431.2,423.4,430,1438500,,,
2018-11-29,435.2,438.2,429.2,431.2,1240500,,,
2018-11-30,431.6,440.2,431.6,437,2440500,,,
2018-12-03,446.4,456.4,446.4,453,2513000,,,
2018-12-04,454.4,457.2,443.6,443.6,1794000,,,
2018-12-05,436.4,450,436.4,444.2,2190000,,,
2018-12-06,445.6,449.6,437.2,445.2,2318000,,,
2018-12-07,454,455.6,443.2,447.6,2019000,,,
2018-12-10,437.6,444.6,437,442.6,1339000,,,
2018-12-11,442.4,445.2,426.8,428.2,1531500,,,
2018-12-12,436,448.6,434.8,446.4,1572000,,,
2018-12-13,456.4,466.4,455.8,463.6,2953500,,,
2018-12-14,466.2,467,448.8,452.8,2661500,,,
2018-12-17,454.6,466,453.6,454,2421500,,,
2018-12-18,447.8,451.6,441.2,447.4,1824500,,,
2018-12-19,445.8,446.6,439,443,2555000,,,
2018-12-20,444.6,453,437.8,438.6,1651500,,,
2018-12-21,435.4,437.8,425.2,429.4,1719500,,,
2018-12-25,413.8,413.8,400.4,405.6,1093000,,,
2018-12-26,401,412,399.6,406.6,2107000,,,
2018-12-27,426.6,437.8,423,435.4,1809500,,,
2018-12-28,435.4,440.2,431.4,435,1399000,,,
2019-01-04,425,431.8,415,427.6,2196000,,,
2019-01-07,444,450,438.2,439.8,1230500,,,
2019-01-08,445.4,449.6,442,442.6,1452500,,,
2019-01-09,447,452.2,445.6,451.4,1527500,,,
2019-01-10,461,463.4,450.8,460.2,1882000,,,
2019-01-11,464.6,466,459.2,465.2,1001000,,,
2019-01-15,463.8,476,459.6,473.2,1638000,,,
2019-01-16,472.8,475.8,466.4,471.6,1704500,,,
2019-01-17,471.8,475.6,467.8,472.8,972000,,,
2019-01-18,472.8,482.6,471.4,472.6,1503500,,,
2019-01-21,481,486.2,475.6,481.6,1439000,,,
2019-01-22,484.6,489.4,476.2,477.6,779500,,,
2019-01-23,465.4,475.6,464.2,472.4,1071000,,,
2019-01-24,466.6,477.6,465.6,477.2,674500,,,
2019-01-25,475.2,484.8,474.4,482.8,1613500,,,
2019-01-28,482.8,488,480,484.4,1129000,,,
2019-01-29,481,483,473,481,1203000,,,
2019-01-30,480,480,472.6,477.2,1519000,,,
2019-01-31,483.8,485.6,473,474.2,2056500,,,
2019-02-01,484.2,488.6,458.2,458.6,4529500,,,
2019-02-04,465.6,484.4,464.2,476,3146000,,,
2019-02-05,476,485.4,472.4,482.4,1844500,,,
2019-02-06,484.4,488,480,484.6,926500,,,
2019-02-07,480.6,480.6,469.6,472.4,740000,,,
2019-02-08,462.4,465.4,452.2,453,1107500,,,
2019-02-12,452.6,473,450.4,470.2,1136500,,,
2019-02-13,476.4,486.8,471.2,484.6,1181500,,,
2019-02-14,484,491.6,480.6,485.2,1100500,,,
2019-02-15,482.8,482.8,473.6,476,844500,,,
2019-02-18,489,489.6,483.8,488,626500,,,
2019-02-19,490,493.2,485.2,492.6,1113500,,,
2019-02-20,493.8,498.2,488.4,498.2,1407000,,,
2019-02-21,498.8,499.6,486.8,489.2,1008000,,,
2019-02-22,489,495.6,485.8,493.4,1323500,,,
2019-02-25,499,501.2,495.4,499.8,1000500,,,
2019-02-26,499.8,507.4,495.2,507,1364500,,,
2019-02-27,510,515.2,504.4,506.4,1706500,,,
2019-02-28,503.2,509,500,504.4,1689000,,,
2019-03-01,504.6,509.4,502,502.6,1141500,,,
2019-03-04,507.8,507.8,499,499.4,1149000,,,
2019-03-05,497.8,499,491,495.6,1054500,,,
2019-03-06,491.6,493.6,487.4,488.8,1095500,,,
2019-03-07,482,486.2,479.4,483,1548500,,,
2019-03-08,470,476,457.6,463.2,2298500,,,
2019-03-11,466.8,468.6,460.8,468.6,1395500,,,
2019-03-12,474.6,480.8,472.4,477.6,1226500,,,
2019-03-13,473.4,477.8,468.8,472.8,939000,,,
2019-03-14,478.8,481,467.2,467.2,1233000,,,
2019-03-15,468,473.4,467,469.4,1684500,,,
2019-03-18,472.8,473,464.4,467.2,1409500,,,
2019-03-19,471.6,475.6,467.8,472.6,995500,,,
2019-03-20,476,482.4,475.6,480.4,1230000,,,
2019-03-22,480,483.8,477.2,480.8,1237000,,,
2019-03-25,473.4,473.4,462.6,469,1273500,,,
2019-03-26,476.2,487.2,474,487.2,1985500,,,
2019-03-27,475.4,477.2,469,474.8,1020500,,,
2019-03-28,467,468.2,459.2,463.4,1088000,,,
2019-03-29,468,471.4,462.4,468.8,1296500,,,
2019-04-01,478.8,491,476.6,486.6,1968500,,,
2019-04-02,496.6,502,490.8,496.8,1602500,,,
2019-04-03,500.8,506.4,495.6,506.2,1251500,,,
2019-04-04,503,510.6,502,507.6,1132500,,,
2019-04-05,512,516,509.6,514.6,1103500,,,
2019-04-08,514.8,514.8,509.4,513.6,1056500,,,
2019-04-09,512.2,514.2,507.6,514.2,1008500,,,
2019-04-10,506.2,513.8,506.2,512,800500,,,
2019-04-11,507.2,509,503,504,1730000,,,
2019-04-12,508.6,508.6,501.8,502.6,1313000,,,
2019-04-15,510.2,518.4,505.8,513.2,1798500,,,
2019-04-16,506.2,512.4,505.6,510.4,1561000,,,
2019-04-17,508.2,513.8,507.4,512.8,1130500,,,
2019-04-18,511.2,512.8,505.8,507.6,1939500,,,
2019-04-19,510.8,513.4,505.4,508,1939500,,,
2019-04-22,506,509.2,501.8,504.2,1671500,,,
2019-04-23,506,506,495.8,503.6,1603000,,,
2019-04-24,503.6,507.8,498.2,498.6,2280000,,,
2019-04-25,498.8,498.8,491.6,494.6,1800000,,,
2019-04-26,478,486.8,452.6,462,5896000,,,
2019-05-07,452.2,454.8,439.2,440.4,3743000,,,
2019-05-08,439.2,439.2,427.8,431.6,2813500,,,
2019-05-09,428,429,416.6,417.6,2273500,,,
2019-05-10,416.4,420.4,412.4,415.6,1892500,,,
2019-05-13,413.6,416,406.8,408.6,1730500,,,
2019-05-14,398.8,406.6,397.8,405.6,1516500,,,
2019-05-15,407.8,410.2,402.6,410,1323000,,,
2019-05-16,415,417,409,413.6,2751000,,,
2019-05-17,419,420,412.8,414.4,2094500,,,
2019-05-20,420.4,423.6,411,413.4,1827000,,,
2019-05-21,411.8,414.2,401.2,405.2,2400000,,,
2019-05-22,405.8,408.4,401.8,402,1778500,,,
2019-05-23,398.4,400.4,395,398.6,1371000,,,
2019-05-24,391.2,400.2,391,398.4,1390500,,,
2019-05-27,398.6,403.6,396.6,399.6,1073000,,,
2019-05-28,399,403.2,395.8,397.6,2625500,,,
2019-05-29,394.2,395.8,388.2,393,1976000,,,
2019-05-30,392.8,398,388.8,394.8,2143000,,,
2019-05-31,387.6,388.2,378.6,379.8,3110500,,,
2019-06-03,372.4,374.8,369.4,373.4,1719500,,,
2019-06-04,376.4,381.6,376.4,380.8,2534500,,,
2019-06-05,392.6,399.2,390.2,396.4,2585500,,,
2019-06-06,393,397.2,390.2,394.8,1447000,,,
2019-06-07,394,396.4,389.8,395.4,1511500,,,
2019-06-10,405,407,401,403.4,1627500,,,
2019-06-11,403.6,409,399.4,405.4,1565000,,,
2019-06-12,407,411.4,404,404.4,1384000,,,
2019-06-13,401.4,404.6,396.6,399.2,1129000,,,
2019-06-14,399,402.2,395.2,400.2,1165500,,,
2019-06-17,396.2,401.2,395,397.2,1021500,,,
2019-06-18,394.6,401.8,392.4,396.8,1436500,,,
2019-06-19,404.4,411.8,403.2,409.6,1821500,,,
2019-06-20,410,410.2,398.8,400.8,1262500,,,
2019-06-21,398.8,400.4,393.6,395.6,2752000,,,
2019-06-24,395.4,408,394.6,406,1970500,,,
2019-06-25,409.8,412.6,405.8,408.8,2690500,,,
2019-06-26,406.6,412,401,406.6,2385000,,,
2019-06-27,407.8,419.8,407.6,416.6,1911000,,,
2019-06-28,417.2,420.4,412.4,420.2,1954000,,,
2019-07-01,429.6,431.6,418,431.4,1818500,,,
2019-07-02,428.8,430.6,423.2,430.6,1578000,,,
2019-07-03,422.8,423.6,417.4,420,1843500,,,
2019-07-04,418.4,423.4,416.2,423.4,1321000,,,
2019-07-05,423.6,426.4,421.6,426.4,1078500,,,
2019-07-08,424.8,425.4,420.8,422.2,1092500,,,
2019-07-09,421.2,423.2,413.6,418.2,1346500,,,
2019-07-10,413.6,419,412.4,417.6,1629500,,,
2019-07-11,414,417.4,410,414.8,2397000,,,
2019-07-12,417.2,420.8,413.2,419,1226500,,,
2019-07-16,419,422,418.2,419.6,805500,,,
2019-07-17,419.6,421.2,414,414,1719000,,,
2019-07-18,410.6,412,402.6,403.6,1315500,,,
2019-07-19,405.6,419.8,405.4,416.6,1679500,,,
2019-07-22,420.4,424,418.6,422,1079500,,,
2019-07-23,424,430.4,421,428.8,1142500,,,
2019-07-24,434.4,435,426.2,428.6,1244000,,,
2019-07-25,432,435,429.4,432.2,1654500,,,
2019-07-26,432,434.4,425,428,1000000,,,
2019-07-29,425.8,427,421.8,424.4,947000,,,
2019-07-30,425.8,430.4,424.4,426,1132000,,,
2019-07-31,428.6,431,384,402,6335500,,,
2019-08-01,394,416,388,413.4,3377500,,,
2019-08-02,404.2,409.4,401.2,407,2241000,,,
2019-08-05,400,401.6,391,399.2,1907500,,,
2019-08-06,384,397.2,384,396.2,1647500,,,
2019-08-07,394.6,396.6,387,389,2156500,,,
2019-08-08,387.6,398.2,387.6,395.6,2151500,,,
2019-08-09,397.6,403.8,394.4,401.8,1252000,,,
2019-08-13,394.2,396,384.2,387.8,1747500,,,
2019-08-14,392.2,395.8,388,393,1504500,,,
2019-08-15,383,388.8,381.8,388,849500,,,
2019-08-16,386.2,388.4,382.8,386.2,976500,,,
2019-08-19,388.8,390,384.6,387.2,1414000,,,
2019-08-20,387.4,388,381.2,387.4,1831500,,,
2019-08-21,384.6,386.8,383.4,383.8,1295000,,,
2019-08-22,391.6,394.8,386.8,387.8,1413500,,,
2019-08-23,388.6,390,386.2,388,1014500,,,
2019-08-26,380,380,374,376,1999500,,,
2019-08-27,380.6,388.6,380.4,385.8,2313000,,,
2019-08-28,386.6,389.2,383.2,384.6,1322000,,,
2019-08-29,385.8,388.2,381.6,386.4,1901500,,,
2019-08-30,394.4,398.6,392.8,395.4,2291000,,,
2019-09-02,395.4,397.2,394.4,395.4,1030500,,,
2019-09-03,397.2,401.6,396,399.4,645000,,,
2019-09-04,397.4,397.6,390,391,1177500,,,
2019-09-05,397.6,411,395.8,406.6,1518500,,,
2019-09-06,413.6,415.4,411.4,411.6,1211000,,,
2019-09-09,410.6,411,406.4,410.4,861000,,,
2019-09-10,415,423.8,415,423.6,1217000,,,
2019-09-11,430.8,445.2,430.6,445,2449000,,,
2019-09-12,448.8,454,448,448.4,2135000,,,
2019-09-13,451.6,451.6,444.6,448.6,1980500,,,
2019-09-17,450,450,441.8,447.2,1748000,,,
2019-09-18,444.4,445,437.4,441,1476000,,,
2019-09-19,443.8,451.2,441.2,441.2,1256000,,,
2019-09-20,444,444.2,437.4,442.8,1902500,,,
2019-09-24,442.8,444.6,437.8,440.2,2045500,,,
2019-09-25,436.8,440.6,432.4,440,1167000,,,
2019-09-26,447.8,448.2,440.8,442.4,1367000,,,
2019-09-27,438.4,439.4,429.8,435.8,989500,,,
2019-09-30,433,436,430.2,432.6,1244500,,,
2019-10-01,432.8,447.8,432.8,447.6,1586000,,,
2019-10-02,440,440.6,433.8,436.6,1589000,,,
2019-10-03,422.6,423.2,414.2,419.2,2379000,,,
2019-10-04,416,419.6,413.2,418.2,1496500,,,
2019-10-07,417.8,419.4,412,416.4,1346000,,,
2019-10-08,419.4,421.6,416,419.8,1459000,,,
2019-10-09,416.4,422,413.4,420.8,1265000,,,
2019-10-10,423.2,425.8,418.6,423,1043000,,,
2019-10-11,430.4,434.4,429.2,432.6,1341500,,,
2019-10-15,442.4,449,441.8,442.8,1330500,,,
2019-10-16,450.2,455.2,446,448,1171500,,,
2019-10-17,450.8,452.4,446.4,447.2,964000,,,
2019-10-18,447,450.6,444.6,447,1017500,,,
2019-10-21,448.8,449.8,444,445.2,784500,,,
2019-10-23,450,452.8,445.2,452.4,917500,,,
2019-10-24,457,459.2,453.8,457.4,874000,,,
2019-10-25,458,460,453.6,457.6,1402500,,,
2019-10-28,461.4,465.6,458.2,462.6,1298500,,,
2019-10-29,468.4,473,466.4,471.6,1138500,,,
2019-10-30,469.8,476.2,469.4,475,2423500,,,
2019-10-31,475,514.4,461,511.2,4311000,,,
2019-11-01,501.2,502.2,481.2,500,2442000,,,
2019-11-05,508.2,515.2,503.2,508.8,2121500,,,
2019-11-06,511.6,515.6,506.4,515.2,1370500,,,
2019-11-07,512.4,520.8,509.2,520,1501500,,,
2019-11-08,528,530,522.8,526.6,1623000,,,
2019-11-11,528.2,529.8,521.8,524.2,834500,,,
2019-11-12,519.2,526.4,518.8,526.2,1105500,,,
2019-11-13,519,524.8,516,517.2,1229500,,,
2019-11-14,514.6,514.8,508,509.6,1324500,,,
2019-11-15,508.6,517.6,506.4,516.2,1215500,,,
2019-11-18,514.8,519.4,505.4,508.2,2987500,,,
2019-11-19,505.8,509.8,499.8,499.8,2141500,,,
2019-11-20,499.8,507.8,498,499.8,2751000,,,
2019-11-21,500.4,507.2,492.2,506.4,1728500,,,
2019-11-22,502.4,504.8,498.6,503.6,1920000,,,
2019-11-25,523.6,542,522.6,529.2,5166000,,,
2019-11-26,526.4,527.4,509.8,511.2,4750500,,,
2019-11-27,518.2,524,512,512.8,2808500,,,
2019-11-28,516.4,519.4,510.8,515.8,1414500,,,
2019-11-29,517.2,519,509.8,511.4,1274500,,,
2019-12-02,514,523.4,514,520.8,1732000,,,
2019-12-03,514.2,523,510.4,522.2,1571000,,,
2019-12-04,514.8,524.6,512.6,524.6,1704500,,,
2019-12-05,524.6,530,521.8,524,1801500,,,
2019-12-06,528.2,530.2,524.8,530,1200500,,,
2019-12-09,536,538,529,532.6,1554500,,,
2019-12-10,531,545,528.2,542,2229500,,,
2019-12-11,544.8,548.4,538.6,546.8,2092500,,,
2019-12-12,550,551.2,545.8,548,1522500,,,
2019-12-13,560.2,564,554.4,559.6,1972500,,,
2019-12-16,550.2,553.4,543.6,547.6,2384500,,,
2019-12-17,553,553.2,544.8,546.2,1821500,,,
2019-12-18,549.4,555.2,549,553.4,1816000,,,
2019-12-19,558,565.6,555.4,561.2,2542500,,,
2019-12-20,564.4,564.4,556.4,558,1383000,,,
2019-12-23,554.4,561.4,551.6,554.4,1015500,,,
2019-12-24,549.6,552.8,546.6,548.6,1176000,,,
2019-12-25,545.8,550.4,541,542.6,894500,,,
2019-12-26,542.6,549.6,542.6,548.2,809500,,,
2019-12-27,554.6,555.8,550.8,553.6,721500,,,
2019-12-30,547.8,551,543.8,549,787500,,,
2020-01-06,539.2,541.8,534.2,541,1708500,,,
2020-01-07,542,551.6,541.4,550.4,1218000,,,
2020-01-08,541.8,545.6,534.8,542.8,1081000,,,
2020-01-09,554.8,554.8,548.4,550,1149500,,,
2020-01-10,555.6,555.6,546.6,549.6,1593000,,,
2020-01-14,559.6,559.6,550,551.6,1645500,,,
2020-01-15,548.6,553,545.4,550.6,1240000,,,
2020-01-16,553.2,557,540.2,541.8,1986000,,,
2020-01-17,544.2,552.4,543.4,552.4,1632000,,,
2020-01-20,550.6,555.8,549.4,553.8,803500,,,
2020-01-21,548,548.6,541.2,542.8,1420000,,,
2020-01-22,535.6,546.4,534.8,546.4,1883000,,,
2020-01-23,539,540.2,534,538,1732500,,,
2020-01-24,533.4,533.4,525.8,529.2,2084000,,,
2020-01-27,509,518.6,500.2,514.2,1795000,,,
2020-01-28,503,508.4,502,506.4,1726500,,,
2020-01-29,508,509.2,503,507.4,1382500,,,
2020-01-30,505.4,505.4,491.8,494.4,2285500,,,
2020-01-31,494,508.6,493,504.2,3479000,,,
2020-02-03,463.4,471.6,460.6,463.8,4230000,,,
2020-02-04,470.8,474.6,464.4,474.6,2457500,,,
2020-02-05,475.4,479.2,473.2,475.6,1594500,,,
2020-02-06,485.4,491.4,479.6,487.6,1890000,,,
2020-02-07,492.4,495,488,494.2,2689000,,,
2020-02-10,492.6,502.8,492.6,496.4,1816000,,,
2020-02-12,491.4,492.2,483.8,490.6,2354500,,,
2020-02-13,493.6,497,488.8,494.6,1224000,,,
2020-02-14,494.6,499.2,492,497.6,1307500,,,
2020-02-17,490.2,495.4,486.4,494.6,820000,,,
2020-02-18,494.6,497.2,486.2,491.4,1167000,,,
2020-02-19,493.2,495.2,487.4,491.8,2057500,,,
2020-02-20,500.4,504,495.6,500.2,1978000,,,
2020-02-21,503.4,509.8,501.4,507,2006000,,,
2020-02-25,487,492,482.4,485.8,2169000,,,
2020-02-26,476.8,480,467.4,478.4,1881500,,,
2020-02-27,474,481.2,472.2,472.2,2245000,,,
2020-02-28,462.2,466.4,451.6,461.2,4227500,,,
2020-03-02,447.4,466.8,441.8,458.8,2206000,,,
2020-03-03,469.8,471.2,453.2,453.2,2002000,,,
2020-03-04,445.4,452.8,441.6,449.6,1385000,,,
2020-03-05,452.8,452.8,441.8,443,1466500,,,
2020-03-06,433,434.4,420.2,423.4,1564000,,,
2020-03-09,409.4,411.4,392,397.4,1772000,,,
2020-03-10,389.4,402.4,376.8,399.8,1681000,,,
2020-03-11,400.8,410,399,402,2120000,,,
2020-03-12,393,395,372.2,377.6,2205500,,,
2020-03-13,337.6,370,337.6,357.4,2610500,,,
2020-03-16,363.2,369.6,343.4,344.6,2087500,,,
2020-03-17,339.4,360,331.4,356.4,3663500,,,
2020-03-18,348.8,360.6,333.8,335,3822000,,,
2020-03-19,341.6,368.6,336,352.6,3503000,,,
2020-03-23,355.4,355.8,321,337.4,3665500,,,
2020-03-24,342.8,353.8,337.6,351.4,3586500,,,
2020-03-25,376.8,394,363.8,394,2599000,,,
2020-03-26,389.4,399.6,387,388.4,2782000,,,
2020-03-27,404.4,406,382.6,399,2978500,,,
2020-03-30,379.8,387,369.2,386.8,1714000,,,
2020-03-31,387.2,394,369.8,370.8,2197500,,,
2020-04-01,365.4,370,352,355.6,1515500,,,
2020-04-02,350.6,363.4,341.4,342.2,1669500,,,
2020-04-03,338.8,346.2,323.2,328.2,1585000,,,
2020-04-06,328.2,341.8,320.8,338.2,1450500,,,
2020-04-07,350,358.8,338.6,350.6,2210500,,,
2020-04-08,354.8,363.8,342.4,360.8,2829500,,,
2020-04-09,361.8,373.4,356.6,372.2,1814000,,,
2020-04-10,374.8,382.2,366.8,379.6,1563000,,,
2020-04-13,373.8,375.6,365.2,365.2,1058500,,,
2020-04-14,360.2,369.8,355.6,367.4,2300500,,,
2020-04-15,369,369.6,353.8,358.4,2508500,,,
2020-04-16,349.4,357,345.6,355.2,1619000,,,
2020-04-17,356,375,355.6,372.8,1936500,,,
2020-04-20,370.4,371,363,364.8,1228500,,,
2020-04-21,357,363.2,354,358.2,1604500,,,
2020-04-22,361.2,361.2,348.8,355,1515000,,,
2020-04-23,351.8,374,351,373,2716500,,,
2020-04-24,376.6,380,371.8,374.8,1846500,,,
2020-04-27,374.8,380.4,369.8,379.6,1166500,,,
2020-04-28,379.6,385.2,373,376.4,2196500,,,
2020-04-30,395.8,413.6,390.6,402.8,2710000,,,
2020-05-01,399.4,407.6,391,401.4,2979500,,,
2020-05-07,397.4,400.4,380.4,382.8,3591000,,,
2020-05-08,385.8,410,378.6,402.4,3145500,,,
2020-05-11,409.8,426.6,406.8,423.2,2948000,,,
2020-05-12,425.2,427.4,419.8,423,2803000,,,
2020-05-13,418.6,424,411.2,421.4,2850500,,,
2020-05-14,413.4,413.4,395,395,2762000,,,
2020-05-15,405.8,408.8,387.2,396.4,2580000,,,
2020-05-18,398,414.4,395.8,412,2163000,,,
2020-05-19,429.8,449.2,426.6,445.4,3928000,,,
2020-05-20,441,445,434,434.2,2769000,,,
2020-05-21,443.8,449.8,440.8,440.8,2425500,,,
2020-05-22,436.2,441.8,432.8,439.8,1945500,,,
2020-05-25,454.6,455,444.6,454.2,1695000,,,
2020-05-26,456.8,466.8,453,463.6,2546000,,,
2020-05-27,474,475.4,458.4,463.6,4395000,,,
2020-05-28,475.6,477,460.6,472,3657500,,,
2020-05-29,466.2,469.2,458.8,460.6,3949500,,,
2020-06-01,460.6,465.2,457.4,464.2,1810000,,,
2020-06-02,466.8,475.2,460.6,472.2,2525000,,,
2020-06-03,482.2,491.6,479.4,487.6,2901500,,,
2020-06-04,492.4,492.4,477.4,482.2,2137000,,,
2020-06-05,482,490.4,480.2,489.8,1429000,,,
2020-06-08,496.6,498.2,488.4,494,1983500,,,
2020-06-09,490.2,495.8,482.4,490.8,2221500,,,
2020-06-10,480.8,492.6,480.8,488.2,1407000,,,
2020-06-11,480,487.4,466.4,467,1591000,,,
2020-06-12,444.8,458.6,440,455.8,2168500,,,
2020-06-15,455.8,462,444.6,444.6,1202000,,,
2020-06-16,454.6,467.2,454,465.2,1943500,,,
2020-06-17,467.6,472,462.6,465.8,1840500,,,
2020-06-18,460,464.8,452.8,461.6,1632000,,,
2020-06-19,461.6,469.8,448.2,449.8,2923000,,,
2020-06-22,454,454,446,449,1121000,,,
2020-06-23,453.8,460.6,448.4,456.2,1042000,,,
2020-06-24,460,464.4,456.6,457.6,1942500,,,
2020-06-25,448.4,451.6,444.2,449,1052500,,,
2020-06-26,456,459.6,452,456,1050500,,,
2020-06-29,449.6,450,444,446.2,1120000,,,
2020-06-30,460,463.6,448,448.4,1653000,,,
2020-07-01,450.8,450.8,434.6,436.4,1444000,,,
2020-07-02,435.6,438.4,428.8,434.4,1529000,,,
2020-07-03,443.6,443.6,432.8,437.8,790500,,,
2020-07-06,437.4,450.4,437.4,450,725000,,,
2020-07-07,450,450.4,438.4,442.4,1050000,,,
2020-07-08,438.6,441.4,432.4,432.4,1277500,,,
2020-07-09,427,430.4,421,424.2,1389500,,,
2020-07-10,428.2,429.6,420.2,420.4,1301000,,,
2020-07-13,433.4,438.8,430,437.2,1292000,,,
2020-07-14,436.6,437,428,431,1274000,,,
2020-07-15,439,447.6,438,441.4,1616500,,,
2020-07-16,431.4,440.6,430.2,433.2,2318500,,,
2020-07-17,433.4,435.6,428.2,432.6,966000,,,
2020-07-20,430.6,430.6,424.2,426.8,1226500,,,
2020-07-21,415,421.8,414.2,420.2,2074000,,,
2020-07-22,420,428,419.8,420.6,845500,,,
2020-07-27,415.8,428.4,411.8,427.6,1475000,,,
2020-07-28,430,433.6,426.2,429.4,1458000,,,
2020-07-29,426.4,427.2,419.4,419.8,1662000,,,
2020-07-30,422.2,422.2,404.4,405.4,1965000,,,
2020-07-31,400,427,384.6,408.8,3415500,,,
2020-08-03,404.2,405.2,385.4,397.6,4541000,,,
2020-08-04,404.6,409.6,401.2,407.4,2900500,,,
2020-08-05,408.8,425.8,403.8,423,2749000,,,
2020-08-06,425.8,433.2,424,428.4,1636500,,,
2020-08-07,428,432.8,426.4,428.2,1079500,,,
2020-08-11,438.2,452.4,434.8,451.6,1864500,,,
2020-08-12,453.6,465.6,453.6,464.2,1729000,,,
2020-08-13,469.2,473.6,466,471,1711000,,,
2020-08-14,465.4,467.2,458.8,463.4,1237000,,,
2020-08-17,461.4,463,453.6,455.2,913500,,,
2020-08-18,459.2,459.2,452,454.6,617000,,,
2020-08-19,458.2,458.2,450.4,455.2,1596000,,,
2020-08-20,453.6,454.6,445.6,446.6,1220000,,,
2020-08-21,453.6,458,448.8,451.8,1359000,,,
2020-08-24,449.4,451.4,444,449.4,1477500,,,
2020-08-25,459.4,460.8,451.8,455.8,1839500,,,
2020-08-26,453,458.6,450.4,457.8,1392000,,,
2020-08-27,460,460.8,453.4,459.6,1867000,,,
2020-08-28,462.2,475.2,455.4,462,2426500,,,
2020-08-31,465,469.2,457,463,3284500,,,
2020-09-01,460.4,467.6,458,466.4,1389500,,,
2020-09-02,462.6,464.4,458,463.2,1664000,,,
2020-09-03,473.2,473.2,462.8,468,1585500,,,
2020-09-04,464.4,469.6,461.8,467.6,934500,,,
2020-09-07,467,479.4,466.4,475.2,1087000,,,
2020-09-08,475.2,479.4,472.6,478.6,749000,,,
2020-09-09,472,479,466.4,476.6,1665500,,,
2020-09-10,480,481.8,475,481.6,1127500,,,
2020-09-11,482,483.8,477.2,480.2,1607000,,,
2020-09-14,485.6,493,484.2,486.4,1499000,,,
2020-09-15,482.6,483.4,477.6,482,1156000,,,
2020-09-16,478.6,478.6,467.6,472.8,2373500,,,
2020-09-17,472.8,476.2,467.4,468,1516000,,,
2020-09-18,465,471.2,462.2,467.8,1637000,,,
2020-09-23,471.6,473,463.2,466.8,2614000,,,
2020-09-24,462,463.2,448.8,450,1586000,,,
2020-09-25,455,464.8,454,461.2,1689000,,,
2020-09-28,465.2,473.6,463.4,473.4,1481500,,,
2020-09-29,477,492,473.8,486.4,3390000,,,
2020-09-30,496.4,497.6,480.8,481,2498500,,,
2020-10-01,#VALUE!,#VALUE!,#VALUE!,#VALUE!,0,,,
2020-10-02,483,488.6,476.4,480,2537500,,,
2020-10-05,483,492.8,479.2,490.4,1593000,,,
2020-10-06,494,499.6,490.8,495.2,1173000,,,
2020-10-07,488.6,509.8,486.6,505.8,1602000,,,
2020-10-08,507.4,516.8,506,510.8,2208500,,,
2020-10-09,508,508,499.2,505.2,1455500,,,
2020-10-12,503.8,503.8,488.6,491.6,2025000,,,
2020-10-13,491.4,491.6,479.4,490,2405500,,,
2020-10-14,486.2,486.2,474.8,479.2,2324500,,,
2020-10-15,477.4,486.4,476.2,480.2,1448000,,,
2020-10-16,483.6,489.2,481.2,483,1314500,,,
2020-10-19,484,495.8,482.8,490.8,1931000,,,
2020-10-20,491.2,495.4,486.8,491.6,2089000,,,
2020-10-21,492.6,511.2,492.6,509.4,2129500,,,
2020-10-22,503.8,515.4,502,512.2,1856000,,,
2020-10-23,521.4,529.4,519.6,526.4,2644000,,,
2020-10-26,526.8,532.6,524.6,529,1972000,,,
2020-10-27,534.4,534.8,520.6,524.2,2697000,,,
2020-10-28,517.2,534,514.2,527.4,2485500,,,
2020-10-29,525.2,550,520.8,538.4,4831500,,,
2020-10-30,568.4,574.4,522.8,527.6,5348500,,,
2020-11-02,529,537.4,523.4,529.8,2978500,,,
2020-11-04,537.2,537.4,512.8,521,3571500,,,
2020-11-05,513.4,515.6,503.6,507.6,3925500,,,
2020-11-06,513.4,524.4,504.6,522.2,2339000,,,
2020-11-09,530,537.2,527.6,534,2345000,,,
2020-11-10,569.8,574.8,553,554.8,4260500,,,
2020-11-11,570,577,563.6,576,3469000,,,
2020-11-12,569.6,569.8,556.4,561.2,2054000,,,
2020-11-13,564.4,577,562.4,569.6,2982500,,,
2020-11-16,580.2,585.8,576.2,585.2,2051500,,,
2020-11-17,580,580,573.8,576,1190000,,,
2020-11-18,568.8,573.4,562,569.2,1389000,,,
2020-11-19,571,574.8,558,565.6,1844500,,,
2020-11-20,561.2,573.2,560,572.2,1156000,,,
2020-11-24,580.6,583.2,575.8,576.6,1200500,,,
2020-11-25,585,593.6,579.4,580.4,1679500,,,
2020-11-26,580.8,586,571.4,585,1133500,,,
2020-11-27,587,598.2,583.8,594.6,2052500,,,
2020-11-30,599,599,566.4,566.4,3789500,,,
2020-12-01,576.4,576.4,566.6,573.2,1970500,,,
2020-12-02,577.8,582,572.8,577.6,2061000,,,
2020-12-03,578.4,584.2,567,579.4,2436000,,,
2020-12-04,570.6,579,570.2,579,1460500,,,
2020-12-07,599,599.6,579,579,2779500,,,
2020-12-08,574.6,583.6,573,579.4,1515000,,,
2020-12-09,581.2,598.6,581.2,587.4,1685000,,,
2020-12-10,584,584,569.2,570.6,2695500,,,
2020-12-11,576.6,591.2,573.4,588,2542500,,,
2020-12-14,589.8,613,588.8,603,1764000,,,
2020-12-15,600,610,599.2,606,941500,,,
2020-12-16,614,616,596.6,607,1405000,,,
2020-12-17,609,609,599.6,602,1165000,,,
2020-12-18,596.2,605,594.2,603,1267500,,,
2020-12-21,602,607,596,603,1238000,,,
2020-12-22,598.2,604,592.6,598.8,917000,,,
2020-12-23,598.8,601,582,582.8,1361000,,,
2020-12-24,584,593.6,581.8,588.2,1136500,,,
2020-12-25,587.8,605,587.8,604,1098000,,,
2020-12-28,604,612,600,606,987000,,,
2020-12-29,608,613,604,610,889000,,,
2020-12-30,608,608,597,599,1086500,,,
2021-01-04,604,604,587.2,599.4,1017000,,,
2021-01-05,592,601,592,600,1363500,,,
2021-01-06,603,610,600,605,926500,,,
2021-01-07,617,617,597.8,602,1598500,,,
2021-01-08,598.2,605,593.6,602,1601500,,,
2021-01-12,597.6,597.6,584,591,1734000,,,
2021-01-13,591.8,601,588.6,593.6,1517500,,,
2021-01-14,590,598.8,588.2,592.6,1149000,,,
2021-01-15,586.8,586.8,564,564.4,1865000,,,
2021-01-18,562.4,577,562,567.2,1185000,,,
2021-01-19,572.8,577.4,570.4,573.2,1413500,,,
2021-01-20,574.8,575,569,572.2,1603000,,,
2021-01-21,577.4,588,569.2,569.8,924500,,,
2021-01-22,564.4,571,559.4,569.8,857000,,,
2021-01-25,571,571,553.6,558.8,2192000,,,
2021-01-26,557,568.2,555.2,567,1506000,,,
2021-01-27,567.6,575.8,562.6,571.4,1382000,,,
2021-01-28,551.4,562.4,548.2,560.6,2286500,,,
2021-01-29,558,565.8,550.8,551.4,1623000,,,
2021-02-01,548.2,573.4,548.2,572.2,1281000,,,
2021-02-02,584.8,617,564,613,5227000,3118198600,0,0
2021-02-03,599,615,590,595.2,4294000,2574160800,0,0
2021-02-04,600,608,595,602,2515500,1510109000,0,0
2021-02-05,606,613,585.4,588.4,2043500,1209705100,0,0
2021-02-08,595.4,601,593.4,600,1939000,1159032600,0,0
2021-02-09,596.6,598.6,575.6,582.8,1676000,979663200,0,0
2021-02-10,585.6,613,585.6,609,2900000,1751674100,0,0
2021-02-12,611,612,604,607,861500,523407000,0,0
2021-02-15,606,609,597,603,1021500,614672700,0,0
2021-02-16,604,607,592.4,597,1183500,708793400,0,0
2021-02-17,595,596.2,582.2,582.8,1490000,873316900,0,0
2021-02-18,592.8,593.6,579.4,581.2,1549000,903014800,0,0
2021-02-19,572.2,576.6,560.4,565.8,1687500,955431700,0,0
2021-02-22,570.2,575.4,568.6,571.2,1334500,763322600,0,0
2021-02-24,573.6,573.8,561,561,2246500,1268200700,0,0
2021-02-25,575.2,576.8,567.4,567.6,1656500,946142700,0,0
2021-02-26,563.8,563.8,550.6,552.2,3082500,1709782600,0,0
2021-03-01,568,578.6,560.6,569.4,1879000,1068259000,0,0
2021-03-02,569,573.8,556.8,560,1358000,765035300,0,0
2021-03-03,560,564,550.4,556.8,2048000,1136761300,0,0
2021-03-04,555.2,563.8,551.2,562.4,1357000,759221900,0,0
2021-03-05,560.2,567.2,550.8,567.2,1311500,735151900,0,0
2021-03-08,582.2,583.8,570,573.2,1647000,949536600,0,0
2021-03-09,586.4,586.4,577.4,584.8,1158000,675133100,0,0
2021-03-10,584.8,585.6,570.6,583,1705000,990117400,0,0
2021-03-11,586,590.6,577.6,584.8,3016500,1758559100,0,0
2021-03-12,588.6,590,581,586.2,2138500,1252120800,0,0
2021-03-15,596.2,603,592.4,603,1880500,1126829800,0,0
2021-03-16,598,602,595.4,600,1615500,966897900,0,0
2021-03-17,590.2,594,584.8,591.6,1403500,829645300,0,0
2021-03-18,600,604,594.4,601,1811500,1085094900,0,0
2021-03-19,599.6,623,596.8,619,2598000,1597331600,0,0
2021-03-22,617,618,596.2,597.4,2528500,1522011700,0,0
2021-03-23,593.2,594.8,583.8,583.8,1436000,846022300,0,0
2021-03-24,571.6,579.2,565,575.2,3130500,1792258900,0,0
2021-03-25,576,586.4,575.2,583.8,1327500,774316400,0,0
2021-03-26,597,601,586.8,588.4,1879000,1112913000,0,0
2021-03-29,582.2,589.8,576.2,585.4,2179500,1274796600,0,0
2021-03-30,582.6,589.6,573.4,588.2,1780000,1039007500,0,0
2021-03-31,587.4,594.2,581,581.6,2366000,1383894300,0,0
2021-04-01,588.2,588.8,569.8,571.2,1848000,1059709900,0,0
2021-04-02,562.6,571.2,560.6,570.6,2008500,1140870900,0,0
2021-04-05,578,591.6,575.8,590,2377000,1394052300,0,0
2021-04-06,586.6,589.4,570.4,577.6,2710500,1570892300,0,0
2021-04-07,577.6,583,571.4,577.4,2883000,1662218700,0,0
2021-04-08,573,579.4,571.4,576,2680500,1540950100,0,0
2021-04-09,580.2,581.2,566.2,567.6,2218000,1268610700,0,0
2021-04-12,570,576.4,569.8,571.8,1619000,927704700,0,0
2021-04-13,576.8,595.4,571.6,590.8,2959500,1746795300,0,0
2021-04-14,584.2,584.2,571.8,574.4,1574000,905169600,0,0
2021-04-15,581.8,583,573,574.2,1425000,820791600,0,0
2021-04-16,572.2,576,570.2,575,1348500,772998300,0,0
2021-04-19,575,580.8,573.4,579.8,998500,577270700,0,0
2021-04-20,576.4,580.8,562.4,565,2215500,1257229300,0,0
2021-04-21,549.6,553,535.2,538.2,3080000,1666103100,0,0
2021-04-22,548.2,550.2,538,547.2,1939500,1054522500,0,0
2021-04-23,542.8,542.8,537,540.4,2411500,1300276000,0,0
2021-04-26,545,551.6,541.2,548,2317000,1268118700,0,0
2021-04-27,544,556.6,539.2,546.2,2872000,1576118800,0,0
2021-04-28,556.2,579.6,540,552.8,7844500,4352062600,0,0
2021-04-30,555.8,559.2,531.8,534,4074000,2204828900,0,0
2021-05-06,534,550.4,529.8,550,4036500,2199702900,0,0
2021-05-07,548,550.4,541.6,542.6,2733500,1487730400,0,0
2021-05-10,548,553,538.6,542.6,3452500,1877683500,0,0
2021-05-11,545.4,546.8,534.4,535.6,2657000,1431046400,0,0
2021-05-12,525.6,530,515.4,528.8,4402000,2303301700,0,0
2021-05-13,524.4,539.8,524,535.8,2043000,1091758800,0,0
2021-05-14,540.2,545,538.6,543.2,1849500,1003312800,0,0
2021-05-17,545,546.2,533.4,535.4,2719500,1462484800,0,0
2021-05-18,539.6,553.8,539,551.4,3028000,1662370800,0,0
2021-05-19,544.4,550.4,535.2,541.8,3355000,1820371000,0,0
2021-05-20,538.6,551.4,538.4,550.8,2385500,1306020000,0,0
2021-05-21,543.2,551.4,540.6,548.2,3270000,1790075600,0,0
2021-05-24,551.4,555.6,546.6,549.8,3561000,1959599700,0,0
2021-05-25,550.2,555.8,545,550.2,3136000,1724794800,0,0
2021-05-26,550,554,547.4,551.2,4064000,2237278900,0,0
2021-05-27,550.8,561.8,548.2,553.6,31166000,17260314900,0,0
2021-05-28,559.4,564.8,553,563.2,3513000,1970375600,0,0
2021-05-31,560.6,567.2,556.2,557.6,2087500,1169016100,0,0
2021-06-01,555.2,560.2,553,559.2,2347000,1308433600,0,0
2021-06-02,556.4,558.6,538.4,541,6369000,3465443800,0,0
2021-06-03,539.8,542.4,531.2,539,4734000,2541344200,0,0
2021-06-04,541,545.2,532.2,545.2,3590000,1940305700,0,0
2021-06-07,546,548.6,543.2,546.8,2080500,1137684800,0,0
2021-06-08,542.2,559.2,541.4,555.4,3395000,1880127700,0,0
2021-06-09,557.4,566.4,552.2,555,2345000,1312390900,0,0
2021-06-10,552.4,562.8,550.2,558.6,2756000,1540828700,0,0
2021-06-11,555,558,549.4,551.4,2950500,1632676600,0,0
2021-06-14,554.4,556,543.4,544.4,2081000,1136996800,0,0
2021-06-15,544.2,548.6,538.2,547.4,2016000,1098288700,0,0
2021-06-16,544,555.2,543,549.6,1815000,999842700,0,0
2021-06-17,549.4,557.4,547.2,555.4,1761000,976143600,0,0
2021-06-18,554,554,536.8,539,3235000,1750764200,0,0
2021-06-21,529.4,531,520.2,522.2,2548000,1334398500,0,0
2021-06-22,541,542.6,533.8,541.4,2538000,1369048800,0,0
2021-06-23,537.8,543.4,535,541.2,1740500,941465800,0,0
2021-06-24,544.8,550.4,542.4,548.8,1916500,1050337700,0,0
2021-06-25,549.6,553.2,546,553.2,1517000,835596700,0,0
2021-06-28,555,565,553.2,564.4,2231000,1254580500,0,0
2021-06-29,557.4,560,552.2,554,1538000,853702700,0,0
2021-06-30,558.2,560.4,546.4,547,1485000,815712300,0,0
2021-07-01,537,546.8,537,544.4,2230500,1208816200,0,0
2021-07-02,547,548,540.6,544.4,1154500,627502400,0,0
2021-07-05,543,549.8,540,548,1740500,949852100,0,0
2021-07-06,551.8,553.4,548,551.2,1047000,577309800,0,0
2021-07-07,541.6,546.2,540.6,542,2047000,1111987400,0,0
2021-07-08,540,543,532.6,532.6,1674000,896933700,0,0
2021-07-09,522.6,524.2,513.4,522.8,1973500,1023930100,0,0
2021-07-12,532,532.2,526,529,1156500,611403700,0,0
2021-07-13,538.4,542.6,533.6,540.6,1453500,785157600,0,0
2021-07-14,536.8,539.8,533,535.8,1467000,787477800,0,0
2021-07-15,537.2,540.4,529.6,529.6,1584500,844085100,0,0
2021-07-16,536.4,542.8,533.2,536.4,2234000,1202811600,0,0
2021-07-19,524,527.8,519.2,522,1308500,683407600,0,0
2021-07-20,513.6,516,510.4,512.4,1699500,871882900,0,0
2021-07-21,523.8,528.2,520.2,524.6,1947000,1020727200,0,0
2021-07-26,531.8,532.6,526.6,529.8,1207000,638793600,0,0
2021-07-27,530.8,531.8,524.6,526.6,1133500,598049400,0,0
2021-07-28,524.4,525.8,517,518.2,964500,501948900,0,0
2021-07-29,520.6,523.4,516.4,518.8,1736000,901033300,0,0
2021-07-30,516,532.4,502,512.6,4405500,2266651100,0,0
2021-08-02,522.6,524.4,515,523.4,3080000,1603498200,0,0
2021-08-03,518.2,521.2,507,511.4,2200000,1126789800,0,0
2021-08-04,512,513.4,500.8,501.6,2351500,1184727300,0,0
2021-08-05,501,503.4,494.2,496.2,2065000,1026893800,0,0
2021-08-06,493.6,495,488.2,492.8,1766500,869480300,0,0
2021-08-10,495.4,501.4,492.6,494.8,2277500,1129159200,0,0
2021-08-11,499.2,502.4,495.6,499.8,1494000,745779800,0,0
2021-08-12,499.6,500.8,490.2,490.8,2143500,1056454300,0,0
2021-08-13,486.4,487.8,483.8,487.2,1928500,937511000,0,0
2021-08-16,484.4,485.2,477.6,480.8,1889000,908063900,0,0
2021-08-17,480.8,483,474.8,476.4,1970000,940340900,0,0
2021-08-18,472.4,483.6,471.8,481,1424500,682047400,0,0
2021-08-19,477.6,477.6,465.8,467.2,1978000,932152100,0,0
2021-08-20,461.6,463,446,446.6,2738500,1235776700,0,0
2021-08-23,457.4,463.4,456,457.4,2131500,978792600,0,0
2021-08-24,458.6,462.2,457,461.4,1934500,890024400,0,0
2021-08-25,460.4,468.2,458,460.2,2118500,977483600,0,0
2021-08-26,459.6,460.2,455,456,1152500,526150100,0,0
2021-08-27,456,457.6,452.8,456,976500,444359200,0,0
2021-08-30,463,469.8,462.2,468.6,2258500,1055118500,0,0
2021-08-31,467.2,471,464.4,468,2250500,1052267300,0,0
2021-09-01,462.2,472.2,462.2,472.2,1788500,839399700,0,0
2021-09-02,469.8,470.8,461.2,465.6,1798000,835405300,0,0
2021-09-03,467,471,463.2,470.2,1725000,806520000,0,0
2021-09-06,475,475,469.2,473.2,954500,450683600,0,0
2021-09-07,477,478.4,471,477.8,2025500,962554400,0,0
2021-09-08,479.2,479.2,474.4,477.8,1921500,915764800,0,0
2021-09-09,474.2,477,469,470.8,2146000,1012780800,0,0
2021-09-10,475,475.2,469,472,2211500,1042949600,0,0
2021-09-13,463.4,470.6,462,470.6,1964500,916810700,0,0
2021-09-14,473.6,475.8,472,475.8,1936500,918661300,0,0
2021-09-15,471,472.4,465.4,468.4,1951000,914538900,0,0
2021-09-16,471.6,472.6,465.4,468.2,1694500,792672300,0,0
2021-09-17,469,470.4,466.4,469.4,2095500,982715600,0,0
2021-09-21,461,461.2,457.6,458.6,2126000,976175200,0,0
2021-09-22,457.8,457.8,449,449,2176000,982882000,0,0
2021-09-24,459,461.6,457.6,460,1641000,754178200,0,0
2021-09-27,460.6,462.6,458.8,460.8,1485500,684446500,0,0
2021-09-28,461.8,470.4,459.2,470,1951500,910147800,0,0
2021-09-29,456.6,457.8,451.8,457.2,2461500,1120969900,0,0
2021-09-30,457.2,459,448.8,449.4,1423500,642754300,0,0
2021-10-01,442.4,444.2,434.8,436.2,2195500,961263900,0,0
2021-10-04,443,444,431.2,434.2,1831500,797433600,0,0
2021-10-05,429.6,430.8,424.6,428.6,1882000,805107400,0,0
2021-10-06,434.4,438.2,427.6,430.6,2434000,1051753600,0,0
2021-10-07,430.2,435.4,428.8,432.8,1885000,815559400,0,0
2021-10-08,440,449,438,443.8,2237500,996060300,0,0
2021-10-11,443.8,454.8,442.8,454,2661000,1199892300,0,0
2021-10-12,453.8,457.6,450.8,456.2,1967000,895414000,0,0
2021-10-13,456.2,462.4,452.2,455.8,2189500,1003092100,0,0
2021-10-14,454,461,451.4,460.2,1648500,756002800,0,0
2021-10-15,462.8,467.2,462.6,466,2145500,998026200,0,0
2021-10-18,470.8,478.4,469,476.2,2863000,1361240700,0,0
2021-10-19,474.2,476,468.8,469.2,3056500,1438062500,0,0
2021-10-20,473.2,475.2,469.2,469.6,2427000,1144640800,0,0
2021-10-21,466.2,468,460.6,460.8,1971500,915059100,0,0
2021-10-22,457,464.6,454.8,461,1557000,717344500,0,0
2021-10-25,459,466.2,457.6,461,2055500,950006800,0,0
2021-10-26,466.4,470.4,463.4,466,1564000,730844800,0,0
2021-10-27,464.8,469.2,461.6,468.2,1630500,761482800,0,0
2021-10-28,469.8,476.4,467.2,474.4,3431500,1623376700,0,0
2021-10-29,474.4,475,455.6,464.2,4588000,2117430100,0,0
2021-11-01,479,479.4,458.8,467.4,3500500,1631070600,0,0
2021-11-02,467.4,467.8,448.4,449.4,3801500,1720531800,0,0
2021-11-04,460.4,465,448.4,465,4275000,1968566500,0,0
2021-11-05,459.8,462.4,456.6,459.4,2411000,1106816900,0,0
2021-11-08,463.6,473.8,460.4,471.6,2695000,1264695400,0,0
2021-11-09,474.6,477.4,468.2,468.2,1745500,824279200,0,0
2021-11-10,471.2,472.8,459,461.6,1760000,815704500,0,0
2021-11-11,462.2,467.2,460.4,462.8,951500,440821100,0,0
2021-11-12,465.8,476,465.8,472.6,1541000,727231000,0,0
2021-11-15,479.6,483.4,476.8,482.2,2731000,1312690200,0,0
2021-11-16,488.8,498,488,492.4,5428500,2684531300,0,0
2021-11-17,492.6,496.8,491.2,492.2,4352000,2149778500,0,0
2021-11-18,485.6,494.8,482.8,491.8,2997000,1466062000,0,0
2021-11-19,488.4,493.8,482.2,492.6,2052500,1005349300,0,0
2021-11-22,488.2,489.6,480,483.6,2316500,1118845400,0,0
2021-11-24,488.6,494.2,483,483.8,1946500,947409200,0,0
2021-11-25,483.4,486,479.8,480.2,799500,385257700,0,0
2021-11-26,484,484.4,471,474.2,1573000,747148000,0,0
2021-11-29,466,466,454.8,455.6,2427500,1112477900,0,0
2021-11-30,463.4,468,453.6,453.8,4209000,1935689100,0,0
2021-12-01,453.8,465.6,451.2,462.2,1963500,904065700,0,0
2021-12-02,459.8,466.2,456.2,461.4,1530500,707146400,0,0
2021-12-03,463,471,460.4,470.2,1495000,698832100,0,0
2021-12-06,470.4,475.6,467.4,468.6,1302500,612017700,0,0
2021-12-07,474.6,491.8,474.6,490,3088500,1500770200,0,0
2021-12-08,498.6,499.2,489.8,493.8,2179000,1079027700,0,0
2021-12-09,490,492.4,483.4,484.2,1665000,808419000,0,0
2021-12-10,482.6,490.4,482.6,486.8,1226500,597151300,0,0
2021-12-13,491,493.6,479.8,481.6,1254500,606938300,0,0
2021-12-14,480.2,483.4,478.8,480.4,929500,447036300,0,0
2021-12-15,481.2,487,480.8,483.6,1369000,662259500,0,0
2021-12-16,488.2,491.4,485.6,488.2,1154500,563591900,0,0
2021-12-17,489.4,492.8,484.4,485.2,2453000,1193490400,0,0
2021-12-20,479,479.4,465,468.2,1890500,890293200,0,0
2021-12-21,473.4,475.4,468.4,469.8,1580500,744297100,0,0
2021-12-22,472.4,475.2,466.2,471.6,1686000,793193700,0,0
2021-12-23,474,482.6,472.4,482.6,1461500,700530600,0,0
2021-12-24,486,493.2,484.4,492.2,1149500,564247200,0,0
2021-12-27,490.6,495.4,490.6,493.2,1529000,754298400,0,0
2021-12-28,497,499.6,492.4,499.2,1607500,799247500,0,0
2021-12-29,496.2,501.6,495.2,500.2,1208500,603993800,0,0
2021-12-30,499.6,504,496.8,500.4,1011500,507102500,0,0
2022-01-04,507,512,502,510.6,2279500,1161485600,0,0
2022-01-05,518.4,530.2,517.6,528.6,2543500,1333978400,0,0
2022-01-06,528.6,539.8,524,527,2775000,1471597900,0,0
2022-01-07,534,538.4,529,530.2,1906500,1016247800,0,0
2022-01-11,532,535.8,523.8,532.8,2326000,1234751600,0,0
2022-01-12,550,550,537,537.4,2317000,1255750400,0,0
2022-01-13,542.2,544.8,532.8,540,1846500,996850400,0,0
2022-01-14,544.2,546.6,537.2,543.4,2561000,1390670500,0,0
2022-01-17,543.4,557.4,543,549.8,1910500,1054633900,0,0
2022-01-18,545.4,547,529.4,531.8,2386500,1279710000,0,0
2022-01-19,517,519.6,498.6,500,3518500,1788891000,0,0
2022-01-20,496.6,503.4,491,495.4,2592500,1285734300,0,0
2022-01-21,485.4,485.6,474,482.6,2829500,1355775000,0,0
2022-01-24,478.4,491.4,474.8,488.6,1667500,808796600,0,0
2022-01-25,498,499,475,479.6,2141500,1035370100,0,0
2022-01-26,477.4,483.6,468.8,471.2,2718000,1286995900,0,0
2022-01-27,479,482,462.2,464.6,2179000,1021990000,0,0
2022-01-28,463.6,475.6,463.6,474.8,2469000,1164985700,0,0
2022-01-31,472.4,483.2,470,479.6,1970500,944355500,0,0
2022-02-01,481,489.4,471.2,472.4,1793000,858211800,0,0
2022-02-02,481.8,489.2,453,457.2,6198000,2925902700,0,0
2022-02-03,447.2,456.8,436.2,449.6,6172000,2764272700,0,0
2022-02-04,447.4,458.6,442.8,457,2900000,1317247000,0,0
2022-02-07,453,453.4,442.4,449.4,2664000,1195282500,0,0
2022-02-08,450.4,461,448.6,459.6,2170000,992410900,0,0
2022-02-09,462,474.4,462,473,2376500,1116365200,0,0
2022-02-10,474.4,477.2,462.6,465.2,1827000,852837700,0,0
2022-02-14,455.2,460.8,448.4,449.2,2431500,1097799300,0,0
2022-02-15,450.6,455.6,446.4,452.6,1744000,786633100,0,0
2022-02-16,462.6,464.8,455.4,456.4,1511500,693391500,0,0
2022-02-17,455.4,460.6,450.6,455,1526000,695170400,0,0
2022-02-18,448.4,463,448.4,458.8,2271500,1041846300,0,0
2022-02-21,452,453.6,447,451.4,970000,437279500,0,0
2022-02-22,445,445,435.8,441.4,1532500,676174500,0,0
2022-02-24,435.6,436.6,423.8,427.4,1556000,668187100,0,0
2022-02-25,429,431.2,422.6,427,1511000,644087900,0,0
2022-02-28,427.2,438,427.2,436,2541000,1101676900,0,0
2022-03-01,434.2,439.4,430,431.4,2151000,934139300,0,0
2022-03-02,414.6,419.2,410,410.6,2417500,998052100,0,0
2022-03-03,411.6,419.8,411.6,417.4,2069000,861836900,0,0
2022-03-04,411,414.2,401.6,403.8,2496500,1011639300,0,0
2022-03-07,387.4,388.4,363.2,370,4726000,1756539000,0,0
2022-03-08,366.2,373,360.4,362.2,3836500,1403370600,0,0
2022-03-09,364,369,359.2,359.8,3485000,1265611500,0,0
2022-03-10,367.8,375.2,363.6,372,4470500,1656165900,0,0
2022-03-11,368.2,370.2,362,365.2,2901500,1060360800,0,0
2022-03-14,363.6,372,360.8,369.4,2241500,826448300,0,0
2022-03-15,369.4,378.8,367.6,378,1864000,700129600,0,0
2022-03-16,380,380,372.4,377.2,2600500,979807900,0,0
2022-03-17,388,396.4,385.4,394,2337000,917272400,0,0
2022-03-18,389.2,394,386.2,392.6,3112000,1217980400,0,0
2022-03-22,395.4,401,395.4,398.2,2181500,867565900,0,0
2022-03-23,403,404,398.6,403,2792500,1122563200,0,0
2022-03-24,398.2,405.2,396.8,405.2,2029000,815681700,0,0
2022-03-25,407.4,408.8,401.4,404.6,2968000,1200841600,0,0
2022-03-28,410.2,410.8,403.4,406,1726500,702291200,0,0
2022-03-29,407,410.8,405,410,1647500,674064500,0,0
2022-03-30,415,415,405,411,2086500,854626800,0,0
2022-03-31,408.4,410.4,403.4,405.2,2180500,886284800,0,0
2022-04-01,401.6,410.2,397.8,408,2451000,994213900,0,0
2022-04-04,403.2,405.6,398.2,401,2178000,871826100,0,0
2022-04-05,388.8,392.4,385.4,387,4332500,1680803200,0,0
2022-04-06,380.4,381.8,372.2,373.8,3616500,1358822900,0,0
2022-04-07,367.6,367.6,359.6,362.6,4199500,1520287300,0,0
2022-04-08,363.6,364.8,354.6,357.2,3560500,1273162400,0,0
2022-04-11,359.8,366,357.2,359.8,2331500,841095400,0,0
2022-04-12,362.4,362.8,353.2,354.4,2461000,876176300,0,0
2022-04-13,354.4,358,353.4,358,2010000,716019100,0,0
2022-04-14,360.4,362,357.6,361.4,1476500,532264500,0,0
2022-04-15,360.2,361.4,358.6,359.6,1406000,505681900,0,0
2022-04-18,356.8,357.6,351.4,356.8,2128500,756297400,0,0
2022-04-19,352.8,363.2,352.6,361.6,3267500,1172665200,0,0
2022-04-20,367.4,374.2,366,370.2,2590000,957657500,0,0
2022-04-21,369.2,374.2,367.8,373.4,1928000,716871500,0,0
2022-04-22,368.6,372.4,366.6,371.6,1957000,723796500,0,0
2022-04-25,360.4,369,359.2,366.4,1963000,716406600,0,0
2022-04-26,366.2,370.2,363.6,363.6,1810500,663189600,0,0
2022-04-27,358.4,359.6,351.4,353.8,4664500,1658277600,0,0
2022-04-28,357.8,385.4,356.6,380.2,6405500,2390333800,0,0
2022-05-02,382.4,386.4,377.2,377.2,4006500,1525335700,0,0
2022-05-06,377.2,385.8,376,379.4,4450500,1699914800,0,0
2022-05-09,379.6,381.2,375.2,379.2,2163500,819999400,0,0
2022-05-10,376.2,384.2,374.4,382.8,2274000,863126600,0,0
2022-05-11,376,376.8,370.2,374.4,3431000,1282788500,0,0
2022-05-12,373.6,395.4,373,392.4,6591000,2571311000,0,0
2022-05-13,384.4,396,383.2,394.6,3855000,1506788600,0,0
2022-05-16,399.2,401.2,393.6,396.6,3063500,1218334200,0,0
2022-05-17,395.6,396.6,388.2,396,1914500,754028300,0,0
2022-05-18,402,407,401.4,402.8,3978500,1607591000,0,0
2022-05-19,393.6,397,390.2,396.6,2432000,956601700,0,0
2022-05-20,397.2,399.8,395.4,398.6,2040000,812029500,0,0
2022-05-23,399.8,401.8,397,400.4,2419500,966936400,0,0
2022-05-24,402.2,405.2,397,397.4,2862500,1147155400,0,0
2022-05-25,394.6,396.4,392,392.4,1939000,764413600,0,0
2022-05-26,393.8,397.4,393.8,393.8,1787500,705996700,0,0
2022-05-27,400,403.2,398.2,400.6,3014000,1207713600,0,0
2022-05-30,405.2,411.4,403.6,408.4,3461000,1411084000,0,0
2022-05-31,407,413.4,405,407.8,3177500,1301417600,0,0
2022-06-01,414.2,430.4,413.8,427.6,3162500,1344559500,0,0
2022-06-02,427.6,435.2,425.4,431.4,2314500,1000084200,0,0
2022-06-03,431,431.8,424.6,425.6,1277000,545145000,0,0
2022-06-06,422.2,424.6,421.2,423.6,1579000,667739500,0,0
2022-06-07,431,436.8,429.4,430.8,1524000,659025500,0,0
2022-06-08,426,433.4,426,432,1416500,609428800,0,0
2022-06-09,434.8,444.2,432.4,437.2,2776500,1221269900,0,0
2022-06-10,436.2,439.6,430.6,437.2,2233000,974779700,0,0
2022-06-13,427.2,431.4,426,430.2,1645000,705997700,0,0
2022-06-14,420.4,426.2,420.4,425,2405000,1017785300,0,0
2022-06-15,426,427,417.8,418.2,2241500,943919500,0,0
2022-06-16,421.4,427.2,421.4,423.6,1609000,682888100,0,0
2022-06-17,413.8,417,409.6,415.2,3368500,1394556100,0,0
2022-06-20,421.2,423.2,410.4,411.4,1786500,740665000,0,0
2022-06-21,418,421.6,415.4,417.6,2051500,858491900,0,0
2022-06-22,428.2,433.8,427.8,427.8,2855000,1227383400,0,0
2022-06-23,426.6,431,424.2,428.4,1697000,727767300,0,0
2022-06-24,426.4,431.2,424.2,429.6,2082500,892245900,0,0
2022-06-27,439,439,432.6,434.2,2076000,901398600,0,0
2022-06-28,433.4,442.2,433,441.2,2795000,1227890200,0,0
2022-06-29,437.4,437.6,430.6,433,3796000,1645977800,0,0
2022-06-30,428.2,431.6,425.6,428.6,1822500,782276000,0,0
2022-07-01,427.2,429.8,412.8,416.2,3440500,1448424800,0,0
2022-07-04,421.2,424.4,417.4,419.2,1307000,549044400,0,0
2022-07-05,419.8,420.8,415.8,417,1845000,770918500,0,0
2022-07-06,411,412,405.2,406.4,2383000,971347500,0,0
2022-07-07,409,420.6,408.2,418.8,2440500,1014905700,0,0
2022-07-08,426.4,434.8,425.2,429.4,2789000,1201247900,0,0
2022-07-11,437,437,430.2,431.8,1342500,581522200,0,0
2022-07-12,427.6,428.4,418.6,419,1744000,734798700,0,0
2022-07-13,425.8,428.6,421.2,422.8,1825500,775890600,0,0
2022-07-14,420.6,429.8,419.2,428.4,1537500,654932300,0,0
2022-07-15,430,430.2,423.2,428,1167500,499139600,0,0
2022-07-19,434.4,441.6,432.8,441.2,2484500,1090883100,0,0
2022-07-20,450,450,444.8,447.6,2507500,1122125300,0,0
2022-07-21,447.6,454.6,445.2,454,1921500,867864000,0,0
2022-07-22,452.4,459.6,451.6,456.4,2025500,926239500,0,0
2022-07-25,456.4,456.8,449.8,449.8,868500,392058400,0,0
2022-07-26,451.6,454.2,450.4,452,1619000,731958300,0,0
2022-07-27,449.4,450.2,443.6,449,1363000,610094800,0,0
2022-07-28,431,434,422.4,423.6,5487500,2338950000,0,0
2022-07-29,421,422,409,418.2,6238500,2596835000,0,0
2022-08-01,439.2,446,436.4,444.4,5915500,2618104200,0,0
2022-08-02,435.2,435.2,424.8,431.4,3264500,1405418900,0,0
2022-08-03,429.2,432.8,424.6,432,2629000,1130196500,0,0
2022-08-04,439.4,441,430.8,437,1804500,786515200,0,0
2022-08-05,434.8,447,434.8,445.4,2254500,1000124000,0,0
2022-08-08,444,451.2,442,450.6,1072000,480937000,0,0
2022-08-09,450.6,453.6,444.6,446,1241500,556049700,0,0
2022-08-10,443.4,454.8,443.4,453.6,1631500,737043800,0,0
2022-08-12,458.6,465.8,457.8,464.4,2286000,1058297800,0,0
2022-08-15,467,467.8,463.6,467,1233000,575053700,0,0
2022-08-16,464.8,466.4,461.6,465.2,1221000,567117000,0,0
2022-08-17,471.4,476.2,469.4,473.4,1411500,668978800,0,0
2022-08-18,472.2,474.8,470,473.2,903000,427035300,0,0
2022-08-19,479,488.6,477.4,486.4,2905500,1409600400,0,0
2022-08-22,476.6,488.6,475.4,480.6,2071000,998789600,0,0
2022-08-23,474.8,475.2,469,473,1435500,679563200,0,0
2022-08-24,477,482.6,474,475.4,1622000,773308800,0,0
2022-08-25,474.4,476,470,471.2,1090000,514684500,0,0
2022-08-26,485.2,485.4,475.2,476.6,2222500,1064056000,0,0
2022-08-29,466.6,479.8,465.2,477.2,1448000,688079700,0,0
2022-08-30,484.4,489.4,482.6,484.6,2547000,1236037700,0,0
2022-08-31,478.6,489.6,477.2,486.2,2258000,1097648500,0,0
2022-09-01,481.4,485.6,480.6,483.2,1780500,861027800,0,0
2022-09-02,482,485.8,480.8,483.2,1408500,680757600,0,0
2022-09-05,480.2,480.8,475.2,476,1647000,786534600,0,0
2022-09-06,474.8,474.8,465.2,471.4,1226000,577032600,0,0
2022-09-07,471.8,477.8,469.2,477.6,1124500,533951300,0,0
2022-09-08,484,488.6,480.2,488.6,1144000,556790600,0,0
2022-09-09,489.8,490.4,485.4,487.6,1425500,696101700,0,0
2022-09-12,491.4,491.4,483.8,484.8,577500,280776700,0,0
2022-09-13,483.8,483.8,475.2,479,1014500,484745800,0,0
2022-09-14,470,471.4,467,467.2,1312000,614595300,0,0
2022-09-15,465.6,471,463.8,469.6,1164000,544660100,0,0
2022-09-16,469.6,471,464,469,1391500,651569000,0,0
2022-09-20,474.2,483,474.2,480,1271000,609909900,0,0
2022-09-21,473.8,475.8,467,467.2,1746000,821331000,0,0
2022-09-22,466.8,470.4,464.2,469.6,1405500,657288100,0,0
2022-09-26,453.8,455.2,441.6,444.8,3550000,1588252500,0,0
2022-09-27,451.8,461.4,449,452,2298500,1040364900,0,0
2022-09-28,445.8,455.8,445.8,453.8,1636000,739758900,0,0
2022-09-29,456.2,457,445.2,453.8,1626500,734121200,0,0
2022-09-30,450.6,451.2,432.4,437,2086000,917707700,0,0
2022-10-03,440,454.6,439.8,454.6,1729500,779090700,0,0
2022-10-04,465.2,471,463.8,466.8,1867000,872532800,0,0
2022-10-05,476,477.4,469.8,470.4,1663500,787097300,0,0
2022-10-06,469.2,474.6,469,470.2,1331500,626730400,0,0
2022-10-07,462.2,472.4,458.6,466.6,2033500,949432700,0,0
2022-10-11,457.4,466,450.2,460.8,2133000,983696500,0,0
2022-10-12,460.2,463.8,450.4,451.4,2092500,949272000,0,0
2022-10-13,451.2,457.6,448.4,456,1513000,688535300,0,0
2022-10-14,466,467.2,453.8,462.6,1177000,544034000,0,0
2022-10-17,455.8,459.8,455.4,457.2,1321000,603765500,0,0
2022-10-18,465,465.2,456.6,462.4,1657500,765201200,0,0
2022-10-19,463,469.4,462,464.6,855500,397807200,0,0
2022-10-20,460.8,466.8,453.6,455.6,1780000,814017200,0,0
2022-10-21,450,452.6,445.4,447.4,1893000,849860000,0,0
2022-10-24,451,455,448.8,452.4,1673000,755392200,0,0
2022-10-25,458,463.2,455.4,462.2,912000,419735200,0,0
2022-10-26,464.6,466.6,459.6,459.6,1290500,597271500,0,0
2022-10-27,456.4,457.2,452,454,2086500,947329700,0,0
2022-10-28,447.6,463.4,443,454.8,7731500,3510551800,0,0
2022-10-31,463.8,478.6,463.2,475.2,3549500,1682472100,0,0
2022-11-01,476.6,478.8,467.4,475.4,1806000,856265600,0,0
2022-11-02,475.4,488.2,474,488.2,2692000,1306676000,0,0
2022-11-04,482.4,485.6,467.8,473.8,1810500,859732700,0,0
2022-11-07,479.8,479.8,469.8,472.8,1336000,631816000,0,0
2022-11-08,472.8,475.2,467.8,472.2,1246500,588926600,0,0
2022-11-09,468.8,475.2,463.2,464.6,2234000,1045246900,0,0
2022-11-10,461.6,469.2,457,465.8,1574500,730813100,0,0
2022-11-11,469.6,473,464,470.2,1615500,757759600,0,0
2022-11-14,474,474,452.2,453.4,2248000,1029414300,0,0
2022-11-15,454,459.4,452,458,1162000,530564000,0,0
2022-11-16,455.8,458,451.2,454.2,1026000,466626000,0,0
2022-11-17,456.2,463.2,455,458.8,1229500,564855300,0,0
2022-11-18,464.6,471,464,466.2,1124000,525607900,0,0
2022-11-21,468,469.2,465.6,467,937500,438041200,0,0
2022-11-22,470,477.6,470,474,1520500,722028100,0,0
2022-11-24,473.8,474.2,468.6,469,1395500,657858400,0,0
2022-11-25,471.8,473.6,468,470,965500,454276500,0,0
2022-11-28,470.2,472.2,467.4,468.8,1101000,516518300,0,0
2022-11-29,467,468,460.2,461.8,1001500,463080600,0,0
2022-11-30,459,460.6,454.8,456.4,2309000,1055491400,0,0
2022-12-01,457.2,458,448.4,449.6,1982000,895745200,0,0
2022-12-02,444.2,444.6,434,441.8,2384000,1049247300,0,0
2022-12-05,439.8,442.2,430,432,2412500,1046516000,0,0
2022-12-06,430,439,430,434.4,1650500,717537100,0,0
2022-12-07,432,436.4,429,429.2,1285500,553633300,0,0
2022-12-08,422.8,427.4,420.4,426.6,1569500,665913100,0,0
2022-12-09,421.6,430,421.6,425.2,1322000,562304700,0,0
2022-12-12,421.6,423.4,420.4,422,1420000,598758700,0,0
2022-12-13,429,431.8,424.6,424.6,967500,413374600,0,0
2022-12-14,426,431.8,423.8,430.6,1155500,496864400,0,0
2022-12-15,426.2,430.6,424.8,429.6,1259000,540044800,0,0
2022-12-16,428.6,434.2,427.4,427.4,2027000,871992600,0,0
2022-12-19,425.8,430.4,424.4,428.8,1573000,673078400,0,0
2022-12-20,431.8,433.6,409,411.6,2332000,977521400,0,0
2022-12-21,406.6,406.6,395.8,399.6,2126500,852756700,0,0
2022-12-22,404.4,411.2,402.8,406.6,1889500,770115200,0,0
2022-12-23,402,404,398.2,403.4,1117500,449202100,0,0
2022-12-26,403.6,408.6,403.2,407.2,798500,324334300,0,0
2022-12-27,413.2,415.2,408.6,409.2,1555000,638237800,0,0
2022-12-28,411,412.6,405.2,408.2,1055500,430410900,0,0
2022-12-29,408.6,413,406.4,411.2,1055500,433405300,0,0
2022-12-30,411.2,414.4,410.2,410.6,736000,303201500,0,0
2023-01-04,403.8,407.6,401,403.6,1162000,469760700,0,0
2023-01-05,401.2,404.6,400.6,404.6,941000,379454600,0,0
2023-01-06,399.8,409.2,399.8,405.8,1070000,433718300,0,0
2023-01-10,407,408.2,402.6,405.8,1097000,444428000,0,0
2023-01-11,407,409.6,405.8,409,805500,328866200,0,0
2023-01-12,410.4,411.2,406.4,408.6,1017500,415571500,0,0
2023-01-13,405,406.8,400.2,400.8,1003500,403782300,0,0
2023-01-16,399.6,400,393.8,399,1104500,440179200,0,0
2023-01-17,399,414.2,399,410.2,1526000,625948600,0,0
2023-01-18,410.2,420.6,408.2,415,816500,338133900,0,0
2023-01-19,410,412,406.2,410,1052500,431127600,0,0
2023-01-20,409,409,404,408,1446000,587404600,0,0
2023-01-23,414.8,418,412.6,415,1092000,453717200,0,0
2023-01-24,416.6,420,415.4,419.2,1273000,532171800,0,0
2023-01-25,418.6,419.8,416,419,922500,385826500,0,0
2023-01-26,418.6,421,416.8,420.2,896000,375602100,0,0
2023-01-27,420.4,421.8,417,421.8,1039500,436691300,0,0
2023-01-30,421.8,424.6,419.2,421.8,996000,419609100,0,0
2023-01-31,424.8,431.8,422.6,429.8,1536000,658446200,0,0
2023-02-01,434.4,434.6,427,428.8,781500,335549000,0,0
2023-02-02,430.2,431,424.6,426,580000,247827600,0,0
2023-02-03,423.8,435.4,407.6,430.2,4270000,1814552000,0,0
2023-02-06,439.4,446,428.4,437.2,2390000,1042855400,0,0
2023-02-07,438.8,438.8,429.6,431.2,1184000,511632600,0,0
2023-02-08,431.4,435.2,431.4,433.8,1403000,608534400,0,0
2023-02-09,430.4,433.4,428.6,432.8,1834000,791899300,0,0
2023-02-10,427.2,433,422.4,423.8,2054500,874866400,0,0
2023-02-13,421,423.6,420,422,1715500,724252300,0,0
2023-02-14,427.6,428.8,425.4,425.6,652500,278561500,0,0
2023-02-15,429.8,431.8,427.6,429,842500,361772000,0,0
2023-02-16,434,438,433.6,436.8,1026500,447652800,0,0
2023-02-17,433,435.6,431.2,432.6,1294500,560141600,0,0
2023-02-20,434.2,436.8,432.8,433.4,784000,340469000,0,0
2023-02-21,433,435.2,430.8,435,1234500,535006500,0,0
2023-02-22,433.6,435.4,429.8,430.4,1118500,483003600,0,0
2023-02-24,432.6,438.4,430.8,436.4,1178000,513543500,0,0
2023-02-27,439.8,441.8,438,440.8,1113500,489945900,0,0
2023-02-28,444.4,449,443.4,443.6,1316500,586201200,0,0
2023-03-01,443,456,443,452.6,2041000,922944200,0,0
2023-03-02,454.2,460.6,454.2,457,2191500,1003130800,0,0
2023-03-03,458.8,459.6,454.2,457.4,1675000,765576800,0,0
2023-03-06,458.6,461,456.2,459.6,1098500,504828800,0,0
2023-03-07,458,459,454,456.6,1000000,456583000,0,0
2023-03-08,454.6,461,454.2,460,872500,400663500,0,0
2023-03-09,462.4,466,460.8,464.4,796000,369576900,0,0
2023-03-10,455,465.6,454.8,462.4,1276000,587255800,0,0
2023-03-13,456.2,456.2,442,445.6,1096000,488502500,0,0
2023-03-14,435.6,435.6,419.2,426,1629000,692094700,0,0
2023-03-15,432.8,433.2,425.2,429.6,1090000,466901200,0,0
2023-03-16,413.6,421.8,411,421,1116500,465884500,0,0
2023-03-17,426.6,429.4,419.2,423,1896500,801557300,0,0
2023-03-20,415,421.2,414,419.6,1050500,439889700,0,0
2023-03-22,429.6,430.8,423.2,425,1544500,658148500,0,0
2023-03-23,420.6,432.8,420.4,431.6,1248500,537319000,0,0
2023-03-24,429.2,434.8,429.2,431.6,1205000,520357800,0,0
2023-03-27,436.6,436.6,428.4,434.8,1281000,555015400,0,0
2023-03-28,442.8,452.6,441.6,446.4,2303000,1031401500,0,0
2023-03-29,445.4,452,445.4,452,1849000,831953700,0,0
2023-03-30,450,450,443.2,446.6,1074500,479335100,0,0
2023-03-31,451.4,458.4,450.6,456,1488500,678463300,0,0
2023-04-03,459.6,462,454.8,459.4,860000,394570000,0,0
2023-04-04,459.4,463,458.4,460.2,959500,441714100,0,0
2023-04-05,455.4,455.4,448.6,450,1072000,484176500,0,0
2023-04-06,440,442,431.2,435.6,1257000,547691800,0,0
2023-04-07,434,439.8,433.4,437.8,728500,318629400,0,0
2023-04-10,442.2,442.6,435.2,438.6,820000,359413600,0,0
2023-04-11,443.8,443.8,439.2,443,1096500,484852300,0,0
2023-04-12,445.8,447.2,442,443.8,923500,409880000,0,0
2023-04-13,441.8,442,436.8,441.6,977500,430248200,0,0
2023-04-14,441.6,441.6,437.6,439.6,1076000,473366100,0,0
2023-04-17,440.2,445.8,439.8,445.8,1087500,482749000,0,0
2023-04-18,443.8,444.6,440,442.4,1461500,647025000,0,0
2023-04-19,443.4,443.4,437,440.4,1294500,569724300,0,0
2023-04-20,435.8,441.8,435.6,439.6,1429500,627886500,0,0
2023-04-21,437.4,440,436.4,438,1277500,560036100,0,0
2023-04-24,437.4,443.2,437,442.4,927500,409146800,0,0
2023-04-25,444,447.6,441.8,442.8,1089000,483334500,0,0
2023-04-26,440,443.6,437.6,439.4,1344000,592019400,0,0
2023-04-27,446.6,461.8,440.2,451.4,7836500,3542912200,0,0
2023-04-28,460.2,469.2,459.4,463,4515500,2092751200,0,0
2023-05-01,460.4,468.2,460,461,2133000,987556900,0,0
2023-05-02,463,464,458.8,462.2,1833000,847286800,0,0
2023-05-08,457,457.8,452.8,454.8,1474500,671706300,0,0
2023-05-09,457.4,463,455,462,2015500,925391400,0,0
2023-05-10,463.2,468,456.8,467,2005500,928331900,0,0
2023-05-11,463,468,459.2,465.4,1928000,895362400,0,0
2023-05-12,467.8,475.6,466.6,470.4,1889000,889702300,0,0
2023-05-15,471.8,473.4,466.4,469,1233500,578839900,0,0
2023-05-16,471.6,473.8,467,469.8,1398500,656810400,0,0
2023-05-17,470.4,475.4,469.4,470.2,1593500,751703100,0,0
2023-05-18,474,478.8,472,477.8,1481500,706321700,0,0
2023-05-19,475.8,476.6,461.8,464.2,3389000,1579965900,0,0
2023-05-22,462.4,474.2,459,474.2,2197000,1029678200,0,0
2023-05-23,476,476.8,468.2,469.6,1140000,538031100,0,0
2023-05-24,470.2,470.6,465,467.2,1268500,593458000,0,0
2023-05-25,464,467.4,463,465,1523500,709201900,0,0
2023-05-26,465,470.8,462.4,465.2,2425500,1132475000,0,0
2023-05-29,473,475.8,465,465.2,1320000,620742200,0,0
2023-05-30,466.4,469.8,462.4,467.2,1869000,872062200,0,0
2023-05-31,461,465.4,457.2,459.2,2478000,1139065900,0,0
2023-06-01,455.4,458,447,447.8,2240500,1006885400,0,0
2023-06-02,447,456.2,443,456.2,2159500,974609400,0,0
2023-06-05,466,471.3,465.5,469.4,1284500,602440250,0,0
2023-06-06,463.8,468.8,459.2,465.9,1602000,744590400,0,0
2023-06-07,471.3,479.1,469,469.6,2083000,985204350,0,0
2023-06-08,475.9,476.7,464.8,469.2,1303000,612281700,0,0
2023-06-09,473.9,476.6,471.6,474.4,1828000,866407000,0,0
2023-06-12,476.8,484,476.3,483.1,1463500,705210650,0,0
2023-06-13,491,508.7,491,506,2581500,1296095250,0,0
2023-06-14,512.4,518.6,511.3,515.6,2741500,1412224200,0,0
2023-06-15,516.6,520.7,510.1,516.8,1924500,995139150,0,0
2023-06-16,514.4,515.1,507.4,509,3502500,1787124100,0,0
2023-06-19,513.8,513.8,500.6,501.9,1500500,757471650,0,0
2023-06-20,498.7,501.5,494.6,498,1975500,982967800,0,0
2023-06-21,500,513.5,498.5,512.3,2404500,1226179200,0,0
2023-06-22,511.2,514.9,509.2,510.9,1431000,732703050,0,0
2023-06-23,510.8,513,500.4,504.9,1228500,621224300,0,0
2023-06-26,504.9,514.8,502.1,510.8,1399000,714408950,0,0
2023-06-27,515.1,518.6,510.9,516.5,2900500,1494880400,0,0
2023-06-28,524,540.3,524,538.5,2955500,1579506450,0,0
2023-06-29,545,548.6,538.4,542.3,2289000,1246192900,0,0
2023-06-30,547,549.9,540.9,544.4,2899000,1579660400,0,0
2023-07-03,553.7,560.9,551.9,555.6,3342500,1858700850,0,0
2023-07-04,559.8,569.8,557.4,562.7,3393500,1914935500,0,0
2023-07-05,558.7,562.7,552,562.7,2905000,1624602000,0,0
2023-07-06,563.1,566,557.4,560.3,1826000,1026281750,0,0
2023-07-07,555.4,558.9,542.3,551.2,2087000,1152997400,0,0
2023-07-10,569.4,569.4,552.5,553.8,3481000,1940204850,0,0
2023-07-11,558.5,559,538.6,540.4,2166500,1180319050,0,0
2023-07-12,543.4,544.2,531.3,533.6,1502500,804445600,0,0
2023-07-13,533.6,539.6,530.5,535.6,1231500,660176850,0,0
2023-07-14,530.2,533.1,522.9,530.6,1762000,930883450,0,0
2023-07-18,528.6,538.8,524.3,538.8,1648000,881794050,0,0
2023-07-19,545.2,549.4,537.6,549.1,1555500,848386750,0,0
2023-07-20,546.6,556.1,546.1,547.4,1178500,647087600,0,0
2023-07-21,547.4,553.4,545.9,551.2,1446500,795860600,0,0
2023-07-24,557.9,562.3,553,560.7,1416000,790952850,0,0
2023-07-25,564.7,572.8,563.1,571,2470000,1405531850,0,0
2023-07-26,566.4,566.4,556.3,561.5,1233500,692699100,0,0
2023-07-27,562.7,562.7,556.5,561.4,2082000,1165691950,0,0
2023-07-28,552.5,568,536.3,566.5,5187500,2887505250,0,0
2023-07-31,598,616.4,591.4,605.6,6139500,3706060000,0,0
2023-08-01,603.6,615,600.4,613.6,2220500,1355512200,0,0
2023-08-02,609.4,624.4,605,610,3100000,1905602900,0,0
2023-08-03,599.1,605.2,594,595.7,2968500,1779977450,0,0
2023-08-04,593.9,609.4,592.1,602,3183000,1911332300,0,0
2023-08-07,604.6,623.8,604.6,621.8,4218500,2604834700,0,0
2023-08-08,621.8,627.8,617.2,621.6,2108000,1311213500,0,0
2023-08-09,620,623,609.6,610.8,3168500,1949949800,0,0
2023-08-10,598.6,614,596.2,614,2909500,1763412350,0,0
2023-08-14,616.8,623.2,612.4,617.6,1446500,892298000,0,0
2023-08-15,615.4,620,609.2,616.4,1523000,938007400,0,0
2023-08-16,609.4,614,608,609.8,809000,494073400,0,0
2023-08-17,605.8,608.6,597.7,607.2,1399500,845888150,0,0
2023-08-18,601.6,606,596.3,599.7,1341000,804712550,0,0
2023-08-21,601.2,601.2,593.5,594.1,2022500,1206850050,0,0
2023-08-22,596,599,591.4,598.7,2420500,1440923650,0,0
2023-08-23,591.6,604.8,588.8,604.8,1580500,946543600,0,0
2023-08-24,604,604.6,598.3,602.4,1144000,689227800,0,0
2023-08-25,592.7,600.6,591.5,598.4,1363000,814726600,0,0
2023-08-28,602,608.8,599.6,608.8,1733500,1048406950,0,0
2023-08-29,612.4,612.4,598,599.4,1712000,1029458300,0,0
2023-08-30,597.5,604,592.3,602.6,1940000,1163722750,0,0
2023-08-31,609.6,633.2,607.6,629.8,3740500,2337009900,0,0
2023-09-01,629.6,634.2,624.4,632.8,2220500,1401266700,0,0
2023-09-04,636,653.2,635.6,653.2,2378500,1541022400,0,0
2023-09-05,653.2,662,651.2,658,2163000,1419718900,0,0
2023-09-06,654,666.4,653.6,662,1867500,1236798500,0,0
2023-09-07,657.4,664,653.8,655,2422000,1590902700,0,0
2023-09-08,645.6,653.6,641,642.6,1975500,1272888200,0,0
2023-09-11,642.6,645,635,639.6,2768500,1770089000,0,0
2023-09-12,640,653.4,640,652.2,3737500,2411561500,0,0
2023-09-13,653.8,659.8,647.6,651,1854000,1209629400,0,0
2023-09-14,653.4,661.8,648.4,659,1705500,1119089600,0,0
2023-09-15,663.8,672.6,662,665.2,2713000,1810387200,0,0
2023-09-19,669.4,695.8,665.6,695,3441000,2358715400,0,0
2023-09-20,704.8,713.4,693,693,4059500,2842121800,0,0
2023-09-21,696.2,705,678.8,682,1939000,1334428200,0,0
2023-09-22,668,674.6,661.6,670.2,2220500,1483345900,0,0
2023-09-25,680,683.6,674.8,677.2,1405500,954507600,0,0
2023-09-26,670.6,678.6,668.2,673.8,1727500,1164001600,0,0
2023-09-27,668.4,676.8,662.8,675.2,1760500,1183563100,0,0
2023-09-28,671.8,674,658.2,665.4,2018000,1344087200,0,0
2023-09-29,665.4,667,638,642.4,2203000,1424856100,0,0
2023-10-02,644.6,650.4,637.6,639,1603000,1031509600,0,0
2023-10-03,639,639.8,617,618.8,1781500,1112678500,0,0
2023-10-04,601,602.6,582,583.2,2773500,1638447850,0,0
2023-10-05,589.4,593.6,579.9,590.7,1791000,1054657650,0,0
2023-10-06,599.6,599.6,588.8,591,2216500,1314236750,0,0
2023-10-10,605,617,604.4,616.2,2655500,1625976600,0,0
2023-10-11,617.8,623,613,615.6,1982500,1225355800,0,0
2023-10-12,626,634.4,624,633.8,1581500,998374800,0,0
2023-10-13,623.4,629,618.4,620,1130000,704275800,0,0
2023-10-16,611.4,620.8,608,616.2,1283500,789334000,0,0
2023-10-17,620,624.4,604.4,613.4,1693000,1036317700,0,0
2023-10-18,613.8,615.8,602.6,609.8,1319500,802345800,0,0
2023-10-19,596.2,602,592,596.2,1550000,924933400,0,0
2023-10-20,591.1,593.4,580.5,590.6,1929500,1135767450,0,0
2023-10-23,590.6,596.5,587.9,591.8,1366500,808786700,0,0
2023-10-24,592,594.8,576,592.5,1939000,1140567900,0,0
2023-10-25,594,602.6,589.8,592.4,2111500,1254162900,0,0
2023-10-26,585.8,593,582.7,588.7,2116000,1242209550,0,0
2023-10-27,594.4,609,592.2,606.6,2405500,1453265150,0,0
2023-10-30,602,602,580.5,590.1,2978500,1754346200,0,0
2023-10-31,594.8,609.8,574.9,593,8555000,5055457800,0,0
2023-11-01,616,643.6,616,638.4,6712000,4255674500,0,0
2023-11-02,650,656.6,640.4,648,5535500,3594087600,0,0
2023-11-06,660,666.8,653.8,663.2,2955000,1956147500,0,0
2023-11-07,665,666.8,657.8,660,1681500,1113282300,0,0
2023-11-08,654,665,626.4,629.4,2707500,1725390200,0,0
2023-11-09,614.2,635.2,612.8,633,2967000,1863061400,0,0
2023-11-10,622.2,627.6,618,627.6,1962500,1223348000,0,0
2023-11-13,627.8,630.6,612,618.8,1843500,1140203900,0,0
2023-11-14,616,627.4,616,623.8,1951000,1215652500,0,0
2023-11-15,628.2,629.8,617.8,620.4,2182000,1357121900,0,0
2023-11-16,617.4,626.4,612.6,616.6,1901000,1175720200,0,0
2023-11-17,610.8,619.2,605.2,619.2,1955000,1198998900,0,0
2023-11-20,617.2,627.2,597.7,597.7,2529500,1539575950,0,0
2023-11-21,592,592.1,576.7,583.3,3819000,2228151450,0,0
2023-11-22,576.6,591,574.2,585.5,3119500,1825900900,0,0
2023-11-24,595.5,605,591,604.8,2477500,1486664750,0,0
2023-11-27,614.6,616.8,600.6,609.8,2634500,1602897600,0,0
2023-11-28,605.4,610.8,599.7,607.4,2767500,1678622800,0,0
2023-11-29,599.8,600.4,588,588.7,3336500,1976713950,0,0
2023-11-30,584.7,591.6,580.3,591.6,3703500,2174614600,0,0
2023-12-01,595.7,596.4,587.2,587.8,2719000,1607101150,0,0
2023-12-04,581.6,581.6,569.1,574.3,2912500,1672853250,0,0
2023-12-05,577.8,581.4,569.3,572.8,2731000,1565518150,0,0
2023-12-06,581.1,592.3,575.4,591.6,2985500,1753033950,0,0
2023-12-07,585.6,590.4,568.3,570.3,3490000,2006492700,0,0
2023-12-08,556.3,556.8,534.8,539.4,5164000,2799570700,0,0
2023-12-11,544,547.4,540.8,544.2,3093000,1682914400,0,0
2023-12-12,552,553.8,539.5,542.3,2176500,1182665900,0,0
2023-12-13,542.5,545,531.5,534.1,2878000,1540134850,0,0
2023-12-14,527.2,527.2,510.4,513.5,4332500,2237583150,0,0
2023-12-15,516.1,520.5,513,519.4,2948000,1525456500,0,0
2023-12-18,514.9,524.1,511.5,523.6,2304500,1197387200,0,0
2023-12-19,521.4,529.8,517.9,526.9,2236000,1171438900,0,0
2023-12-20,535.6,537.6,531.4,532.6,2227000,1189778600,0,0
2023-12-21,524.3,526.9,515.3,517.6,3425000,1779476900,0,0
2023-12-22,514.8,520.6,511,519.4,2559500,1323653100,0,0
2023-12-25,523.7,525.3,520.5,522.9,1023500,535406100,0,0
2023-12-26,524,525.6,516.6,520.9,1516000,788951250,0,0
2023-12-27,524.4,530.2,523.1,528,1837500,969319200,0,0
2023-12-28,522.1,527.4,520.5,527.1,870000,456945500,0,0
2023-12-29,527.4,531.9,524.6,529.1,910500,480509450,0,0
2024-01-04,534.6,545.9,524.2,543.6,1800000,971504750,0,0
2024-01-05,549,549.9,543.6,545.8,1817500,992734400,0,0
2024-01-09,553.3,555.5,543.5,546.7,1628000,892484200,0,0
2024-01-10,549.2,556.1,546.9,555.6,1571000,870237600,0,0
2024-01-11,562,568.8,560.2,562,2587500,1460039900,0,0
2024-01-12,568.8,571.8,556.2,559.5,2515000,1409415350,0,0
2024-01-15,558.1,561.7,554.7,555.6,1750500,975323300,0,0
2024-01-16,549.7,554.9,547.1,552.2,1984000,1094102850,0,0
2024-01-17,556,562.7,551,551,2621500,1459147300,0,0
2024-01-18,552.4,569,552.1,562.1,2110000,1187852100,0,0
2024-01-19,572.1,573.3,559.1,564,2446000,1380668000,0,0
2024-01-22,569.7,573.6,564.7,573.2,1706000,972957000,0,0
2024-01-23,572,576.1,566.3,569.3,1707500,973359900,0,0
2024-01-24,566.5,568.8,563.1,566.9,1427500,807972750,0,0
2024-01-25,563.9,568.5,560.4,568,1399000,791964400,0,0
2024-01-26,567,569.6,562.4,563.5,1396000,788900500,0,0
2024-01-29,570.6,574.7,570.2,573.8,1406000,805263100,0,0
2024-01-30,566.8,571.7,563,571,1921500,1094052750,0,0
2024-01-31,568.9,575.1,567.9,575.1,1449000,827890000,0,0
2024-02-01,570.5,579.1,569.1,576.2,2637500,1518761100,0,0
2024-02-02,584.4,603.8,574.8,596.1,12635500,7467294950,0,0
2024-02-05,603.2,603.4,560.5,575.2,20898500,12145042500,0,0
2024-02-06,585.2,589.4,567.4,576.8,8141000,4710023500,0,0
2024-02-07,577.9,605.8,577.7,590.6,7274000,4321372850,0,0
2024-02-08,591.6,598.8,584.8,587.9,3662500,2163665750,0,0
2024-02-09,586.8,593.1,583.5,585.6,2499500,1468784750,0,0
2024-02-13,590,607.8,589.3,607.8,2886500,1735126450,0,0
2024-02-14,601.2,601.8,587.8,593.2,3732000,2219267350,0,0
2024-02-15,598,600.8,584.1,588.8,3897500,2298727550,0,0
2024-02-16,591.7,596.1,584.3,594.6,3916000,2318839050,0,0
2024-02-19,591,591,581,586.4,2572000,1506319650,0,0
2024-02-20,588.2,602.4,587.6,591.3,1809000,1073829300,0,0
2024-02-21,590.2,598.9,587.4,598.7,2284000,1359193950,0,0
2024-02-22,601.6,606,593.8,599.4,1967500,1178397350,0,0
2024-02-26,596,603.2,591.1,599.7,3180000,1904855000,0,0
2024-02-27,603.6,611.4,596.5,602.4,2576000,1553559200,0,0
2024-02-28,604.2,610,601.8,604.2,1549000,938982300,0,0
2024-02-29,613.6,620.4,608.2,616.2,2979000,1831849800,0,0
2024-03-01,615.2,620.4,612.2,615.6,2067500,1273409200,0,0
2024-03-04,620.4,620.8,611.8,614,2219000,1366082900,0,0
2024-03-05,609.2,618.2,606.8,617,2768500,1699420700,0,0
2024-03-06,621.2,645.8,620.2,642.2,4483500,2858386100,0,0
2024-03-07,653.4,657.8,625,625,3373500,2144263900,0,0
2024-03-08,621.2,627.6,612.4,621.8,2526000,1572713200,0,0
2024-03-11,608,610,588,598.3,2139500,1277689650,0,0
2024-03-12,590.8,601.2,582.9,601.2,1966500,1170500150,0,0
2024-03-13,605.4,607.6,587.3,593.9,1955000,1164573000,0,0
2024-03-14,596,609.6,595.9,606.4,2438000,1475292300,0,0
2024-03-15,617,617,604.8,613.6,3982000,2438286100,0,0
2024-03-18,628.2,643.2,625.2,641.4,3333000,2127197100,0,0
2024-03-19,642,657,637.4,657,2194000,1424792100,0,0
2024-03-21,664,667.4,654,661.6,2309000,1528279100,0,0
2024-03-22,667,682,662.6,680.2,2792500,1885967800,0,0
2024-03-25,672,684.6,670.6,673.6,1691500,1145167500,0,0
2024-03-26,670.4,675.6,667.4,671.6,1201500,806508300,0,0
2024-03-27,674,680.8,671.6,673.8,1557500,1052971200,0,0
2024-03-28,665,674.4,663,664,1168000,778316900,0,0
2024-03-29,654,659.2,645.8,649,3099000,2019251600,0,0
2024-04-01,649,650.8,617.4,622.8,2535500,1589562000,0,0
2024-04-02,623.6,624.2,609.4,615,2029000,1249163800,0,0
2024-04-03,616.4,638.2,612.2,623.6,2971000,1863216200,0,0
2024-04-04,627.4,630,620.2,625.6,2184000,1368390900,0,0
2024-04-05,618,636.6,612.8,632.6,2231000,1403054500,0,0
2024-04-08,632.6,641,630.2,641,1522000,970197700,0,0
2024-04-09,651.8,653,642.2,648.8,1409000,912630000,0,0
2024-04-10,650,655,644,646.8,1507000,979537800,0,0
2024-04-11,641.2,655.2,640.6,652.8,2245000,1456608100,0,0
2024-04-12,659.8,665.2,657,660.6,2017500,1332370100,0,0
2024-04-15,650.8,658.4,644.2,657.2,1145000,749623200,0,0
2024-04-16,650.2,658,637.4,643.8,2210500,1426302300,0,0
2024-04-17,648,655.2,636.4,638,2687500,1723821000,0,0
2024-04-18,640.4,656.8,639.4,651,1686000,1094379600,0,0
2024-04-19,653.8,655,624,634.8,1954000,1246195300,0,0
2024-04-22,641.2,648.8,636.2,643.4,1738000,1117363200,0,0
2024-04-23,643.4,647,632,635,1176500,749036100,0,0
2024-04-24,634.8,648.4,631,646.6,1795000,1153222400,0,0
2024-04-25,646.6,650,615.6,625.2,3285000,2074199100,0,0
2024-04-26,616,619.2,582.8,603.2,8819000,5313905600,0,0
2024-04-30,615,618.6,598.7,610.8,5528500,3367957200,0,0
2024-05-01,608,612.6,597.6,610.2,2658000,1615922500,0,0
2024-05-02,608.8,611.8,602.4,606.4,2005500,1217538800,0,0
2024-05-07,610,618.6,603.2,616.2,2407000,1474334100,0,0
2024-05-08,618.8,622.4,613.6,615,2033500,1255703800,0,0
2024-05-09,622.8,639.2,613.6,628.2,1927500,1213291600,0,0
2024-05-10,629.6,636.4,617.2,622.4,2416000,1509125100,0,0
2024-05-13,620,631.6,614.6,618.4,2102000,1307135000,0,0
2024-05-14,618.2,619.2,604.6,605.4,1880000,1143734100,0,0
2024-05-15,607.6,617.6,605.4,608,1842500,1124134000,0,0
2024-05-16,608.6,609.4,596.6,606.2,1396000,842619850,0,0
2024-05-17,603,611.8,601.4,608.8,1265500,769417200,0,0
2024-05-20,610.8,621.4,610.8,615.8,1142500,703645200,0,0
2024-05-21,615,620.8,608.2,610.4,1197000,731763500,0,0
2024-05-22,606.4,609,602.2,604,1133000,684846500,0,0
2024-05-23,600.2,605.6,597,601.6,1221500,735529250,0,0
2024-05-24,597.8,602.6,595.6,602.2,1169000,701939400,0,0
2024-05-27,606.4,607.6,598,600.6,1294000,777155250,0,0
2024-05-28,600,610,598.1,610,1128000,684276750,0,0
2024-05-29,608,613.6,598.4,598.4,1584500,956633150,0,0
2024-05-30,591.7,598.1,585.4,595.1,1160000,688125150,0,0
2024-05-31,599.6,609,596,609,1872000,1132141800,0,0
2024-06-03,614.8,619.8,606.6,609.6,1455000,891334200,0,0
2024-06-04,597.6,602.6,590.1,595.4,2643000,1572815600,0,0
2024-06-05,582.8,584.8,575.6,576.4,2087500,1209346900,0,0
2024-06-06,576.3,579.5,570.4,575.7,2350000,1349300100,0,0
2024-06-07,575.2,576.3,571.2,576.3,2176500,1250738000,0,0
2024-06-10,576.4,583.2,575.3,582.9,1808000,1049881800,0,0
2024-06-11,585.6,585.6,571.2,571.6,2438000,1403638050,0,0
2024-06-12,565.6,574,562.3,570.2,1953000,1112906650,0,0
2024-06-13,569.9,572.8,558.3,558.8,1422000,798833400,0,0
2024-06-14,549,557.8,545,556.6,3009500,1666630650,0,0
2024-06-17,549.1,549.1,537.2,540.4,2053500,1112634750,0,0
2024-06-18,549,549,543.2,547.2,1652500,902980600,0,0
2024-06-19,547.4,561.4,547.4,555.7,2328500,1296604150,0,0
2024-06-20,554,560.7,553.4,557.7,2055500,1145621850,0,0
2024-06-21,563.5,565.5,554.6,554.9,3070500,1709104600,0,0
2024-06-24,561.5,565,558.8,563.8,1902500,1070974550,0,0
2024-06-25,568.6,579.1,567.2,571.8,2381500,1365593450,0,0
2024-06-26,570.5,571.4,562,567.7,2575500,1458536650,0,0
2024-06-27,566.4,568.6,564.5,566.2,1311000,742821800,0,0
2024-06-28,566.3,569.8,562.4,565.7,1898000,1073516350,0,0
2024-07-01,570.3,575.6,568,571.6,1669000,952940400,0,0
2024-07-02,561.6,566.3,556.6,563.8,2648500,1488286300,0,0
2024-07-03,561.7,569.1,560.8,566.5,1472000,831989600,0,0
2024-07-04,567.8,578.4,567.8,576.5,1152000,662004300,0,0
2024-07-05,574,575.1,562.8,562.8,1466000,832568000,0,0
2024-07-08,560.1,561.6,551.1,552.4,2090500,1158539600,0,0
2024-07-09,551.2,555.4,539.1,553.3,2765000,1511869700,0,0
2024-07-10,551.8,554.4,548.2,553.3,1491500,823683550,0,0
2024-07-11,563,574,560,572.6,2894500,1650361700,0,0
2024-07-12,566.3,573.3,565.4,570.5,1651000,940420600,0,0
2024-07-16,567.4,567.4,556.2,559.4,3217500,1802075550,0,0
2024-07-17,565.7,569.5,562.7,563.6,1304500,738045700,0,0
2024-07-18,557.4,561.7,554.7,554.7,1529500,853330500,0,0
2024-07-19,553.8,555.5,546.3,551.8,1531000,842599700,0,0
2024-07-22,549.8,549.8,540.4,545,1820000,992499950,0,0
2024-07-23,545,551.6,543.7,547.5,1206500,659883950,0,0
2024-07-24,543,543.2,525.6,525.7,3272500,1740208250,0,0
2024-07-25,518.3,522.4,516.4,518.2,2040500,1059486050,0,0
2024-07-26,523.9,524.6,519.7,520.2,1954500,1019419100,0,0
2024-07-29,526.4,531.5,521.4,528.9,1440500,760554700,0,0
2024-07-30,526.2,538.2,525.1,536.5,2284000,1216337150,0,0
2024-07-31,535.8,570.2,528.7,557.4,10599500,5846855250,0,0
2024-08-01,537.4,551.5,511.4,527.4,6582000,3471644850,0,0
2024-08-02,512,513.2,495,496.5,3760000,1889668050,0,0
2024-08-05,469,470,420,424.5,3924500,1734745200,0,0
2024-08-06,450,471.8,446.2,464.2,4200500,1932438900,0,0
2024-08-07,454.2,481.6,453.9,460.9,4173500,1948264550,0,0
2024-08-08,455.7,470,455.3,460.8,1873000,864283700,0,0
2024-08-09,467.4,467.9,446.6,453.4,3024000,1386454650,0,0
2024-08-13,458.6,466.5,458,465.2,2445000,1132059050,0,0
2024-08-14,467.6,476.9,464.5,473.4,2453500,1158800150,0,0
2024-08-15,479.2,491.6,479.2,486.7,2186500,1064622200,0,0
2024-08-16,510,510.6,498,501.8,2336500,1173809950,0,0
2024-08-19,501.6,505.8,494.1,494.1,1759000,877244300,0,0
2024-08-20,503,505.3,497,501.8,1175500,589090050,0,0
2024-08-21,496,500.5,494.9,499.6,996000,496318600,0,0
2024-08-22,498.2,499.3,494.1,498.1,734000,364814650,0,0
2024-08-23,501.8,504.7,499.6,504.7,1191500,599293750,0,0
2024-08-26,496.3,498.4,491.3,494.6,1973500,976836500,0,0
2024-08-27,504.6,512.1,500.1,511.2,2315000,1175259700,0,0
2024-08-28,510.4,512.9,506.8,512,1924000,980685950,0,0
2024-08-29,518.2,522,511,519.5,2290000,1188034950,0,0
2024-08-30,522.3,524,517.6,522.1,1380500,719956000,0,0
2024-09-02,530.8,532.5,525.7,530.4,1549500,820134850,0,0
2024-09-03,530.6,534,524.3,527.9,1212000,640211250,0,0
2024-09-04,515.8,519.7,507,508.9,2137000,1093656900,0,0
2024-09-05,501.9,511.4,496.8,504.3,1998000,1006239450,0,0
2024-09-06,502.4,504.2,491.6,497.9,2808500,1392763700,0,0
2024-09-09,481.4,492,476.6,490.3,1789500,870092400,0,0
2024-09-10,486.8,490.4,483.4,484.4,2145500,1043528450,0,0
2024-09-11,480,480.9,469.2,471.8,1791500,849442350,0,0
2024-09-12,480.5,484,474.1,480.7,1220000,584616800,0,0
2024-09-13,476.3,477.5,471.3,473.4,1697000,804916800,0,0
2024-09-17,477.1,479.6,466,472.4,1823000,858808350,0,0
2024-09-18,476.4,481.2,473.1,480.4,1944000,927446400,0,0
2024-09-19,493.1,496.6,489.1,489.1,2094000,1031947450,0,0
2024-09-20,499,504.1,492.5,493.5,2723000,1355954850,0,0
2024-09-24,502,505.2,493.5,497.1,1424000,708521150,0,0
2024-09-25,496.9,505.5,496,502.9,1132500,568435950,0,0
2024-09-26,504.9,510.7,500.1,510.7,1925500,975563800,0,0
2024-09-27,505.2,510.3,501.1,507.9,2013000,1018875100,0,0
2024-09-30,486.1,494.6,481.8,489,2288500,1120031550,0,0
2024-10-01,492.2,497.2,491.1,495.5,1503500,743769100,0,0
2024-10-02,492.1,498.9,490,490.4,1023500,504355000,0,0
2024-10-03,506.1,508,496.8,497,1073500,537927800,0,0
2024-10-04,499.8,500.6,496.2,497.7,1217000,606226850,0,0
2024-10-07,507.7,507.7,502.6,504.8,1057000,534645400,0,0
2024-10-08,500.1,503.6,493.4,493.8,1061500,526994350,0,0
2024-10-09,503.8,503.8,493,495.7,1527000,757662300,0,0
2024-10-10,505.7,508.7,501.4,502.6,1742500,878473350,0,0
2024-10-11,500,503.8,497.2,498.5,1946000,971248150,0,0
2024-10-15,505,506,495.6,500.4,1729500,865262300,0,0
2024-10-16,494.7,503.5,491.2,495.8,1318500,654193450,0,0
2024-10-17,501.6,504.9,499.5,502.1,1961000,984712800,0,0
2024-10-18,506.8,508.4,502.1,505.3,2061500,1040496800,0,0
2024-10-21,508.6,511.5,504.2,511.1,1571500,800936850,0,0
2024-10-22,511.7,514.6,507.8,512.7,2209000,1131407950,0,0
2024-10-23,516,526.9,510.1,514.2,2405500,1244156950,0,0
2024-10-24,509.6,513.7,504.4,512.1,1383500,706946200,0,0
2024-10-25,513.3,516.4,507,508.5,1703000,867833150,0,0
2024-10-28,508.5,522.8,505.4,520.5,1801000,933114550,0,0
2024-10-29,520,520.6,512.8,519.2,1395000,722461650,0,0
2024-10-30,519.2,526.4,519.2,523,3433000,1795910650,0,0
2024-10-31,523.8,536.2,507.4,525,7734000,4039098300,0,0
2024-11-01,500.1,511.5,496.5,502.8,3112000,1569249450,0,0
2024-11-05,502.8,510.2,500.6,503.8,2064000,1044719350,0,0
2024-11-06,510,521.6,508.4,516.9,2651500,1364556250,0,0
2024-11-07,523.2,534.2,522.5,529,2599500,1377767650,0,0
2024-11-08,526.4,530,512.9,515.2,2193500,1136773250,0,0
2024-11-11,511.2,517.8,511.2,513.9,1453500,748990600,0,0
2024-11-12,521.6,526.4,518.9,521,1540500,804061650,0,0
2024-11-13,517.9,523.3,500.8,502.8,1591500,808718400,0,0
2024-11-14,507.2,516,506.2,507.6,1797000,918920150,0,0
2024-11-15,512.4,516.9,508.2,513.3,1575500,808506050,0,0
2024-11-18,511.4,515.3,508.2,511.4,1083000,553393800,0,0
2024-11-19,512.1,519.4,511.4,517.1,972000,502095600,0,0
2024-11-20,514.2,517.9,508.7,510.7,1547500,791844150,0,0
2024-11-21,509,515.4,509,510.6,835000,427209450,0,0
2024-11-22,516.7,518.7,504.1,509.9,1281000,653729400,0,0
2024-11-25,520.2,522.4,509.2,512.1,2102500,1079849300,0,0
2024-11-26,512.1,517.1,506.7,514.6,1248000,638607650,0,0
2024-11-27,509.2,509.7,492.7,495.7,1558500,775288750,0,0
2024-11-28,496.6,497.9,490.6,496.5,1761500,872081050,0,0
2024-11-29,496.4,498.9,486.9,493.2,899000,442239250,0,0
2024-12-02,498.4,498.9,493.9,496.1,1934500,961677000,0,0
2024-12-03,496.5,506.5,496.5,504.7,1410000,709183100,0,0
2024-12-04,505.3,507.4,497.7,499.9,1453500,729623250,0,0
2024-12-05,505.8,507,502.4,504,1011500,510487950,0,0
2024-12-06,504.5,507.2,503.1,505.8,1309500,661303100,0,0
2024-12-09,510.1,518.3,510.1,516.7,2260000,1165391500,0,0
2024-12-10,523,525.1,518,520.2,1215000,633053300,0,0
2024-12-11,524.2,527,518.8,522.6,1282000,669619950,0,0
2024-12-12,524.7,527.4,522.4,523.6,1412500,741034850,0,0
2024-12-13,517,528.7,516.3,527.4,1401000,734072050,0,0
2024-12-16,532.8,547.3,532.5,535.4,2444000,1315145250,0,0
2024-12-17,539.1,550.5,539.1,540.6,3062500,1664307900,0,0
2024-12-18,547.5,557.3,540.8,550,2729500,1505814150,0,0
2024-12-19,546.6,550.1,544.5,545.5,1727000,943688950,0,0
2024-12-20,550.5,554.3,546.9,547.2,2618000,1438123400,0,0
2024-12-23,549.2,549.2,538.1,544.2,1159000,629881550,0,0
2024-12-24,544.2,546.6,538.4,540.8,1056500,572325050,0,0
2024-12-25,542,542,533.4,541.9,1394500,750328050,0,0
2024-12-26,542.4,553.3,541.5,553.1,1503000,827267600,0,0
2024-12-27,556,559,551.4,559,1172000,652366000,0,0
2024-12-30,560,561.6,554,556.3,942000,524580750,0,0
2025-01-06,554,554.1,540.7,542.3,1312500,713924200,0,0
2025-01-07,540.1,542.9,533.6,540.7,1158500,625390600,0,0
2025-01-08,539.9,552.8,536.6,550.7,1908000,1047068550,0,0
2025-01-09,546.7,546.7,535.8,535.8,1141000,614496200,0,0
2025-01-10,532.3,536.5,529.4,530.9,932000,495232950,0,0
2025-01-14,529.2,531.3,523.1,527,1186500,624449150,0,0
2025-01-15,524,531.2,524,529.6,1213000,641274250,0,0
2025-01-16,528,529.1,520.3,522.6,922500,482419400,0,0
2025-01-17,520.6,523.6,518.1,521.6,1103500,575153400,0,0
2025-01-20,525.4,534.9,523.6,532.9,1958000,1039450200,0,0
2025-01-21,538.4,541.9,530.6,535.1,1291500,691173600,0,0
2025-01-22,538,541.6,537.7,540.9,1051500,567827450,0,0
2025-01-23,538.9,540.4,534.1,537,1187000,636836450,0,0
2025-01-24,534.4,536.2,519.8,523.7,3258000,1715474850,0,0
2025-01-27,528.2,530,521.9,524.6,1729000,907678750,0,0
2025-01-28,522.6,524.4,516.6,519.3,1404000,729750100,0,0
2025-01-29,519.3,525.1,518,524.6,993000,519602150,0,0
2025-01-30,518.2,530.8,518.2,530.8,1397000,737197950,0,0
2025-01-31,530,566.8,527.4,556.4,5428500,2973924250,0,0
2025-02-03,555,568.5,525.6,534.6,7751500,4184919250,0,0
2025-02-04,560,572.3,542.2,548.5,4567000,2535557450,0,0
2025-02-05,552.3,555.4,544.7,554.1,1563500,861728650,0,0
2025-02-06,552.4,556.3,546,554.1,1075500,593878250,0,0
2025-02-07,548.1,553.7,544.5,550.2,1861500,1024131950,0,0
2025-02-10,549.4,549.4,544.4,547.1,968500,529490500,0,0
2025-02-12,551.7,551.7,542.7,544.2,1043500,568975300,0,0
2025-02-13,554.2,554.2,548.3,549.5,1327500,732367300,0,0
2025-02-14,555.3,555.6,546.8,547.1,1159000,637062450,0,0
2025-02-17,547,547,536.5,544.7,1034000,560800600,0,0
2025-02-18,544.6,545.9,534,545.9,1441000,780563650,0,0
2025-02-19,542.2,545.9,534.5,536.9,1081500,581975700,0,0
2025-02-20,533.4,533.4,524.8,530.5,1287500,681442650,0,0
2025-02-21,528.7,535.6,526.7,535,1372000,729623700,0,0
2025-02-25,528.2,536.3,526.1,532.9,1385000,737403150,0,0
2025-02-26,531.6,535.3,525.4,535.3,1513500,804868800,0,0
2025-02-27,534,544.8,534,542.6,1520000,824124500,0,0
2025-02-28,538,540,522,528.1,2087000,1104975150,0,0
2025-03-03,532.7,540.1,529.4,532.7,1730000,922023850,0,0
2025-03-04,528,528.7,517.6,521.7,1849000,965016050,0,0
2025-03-05,520,529.4,517.9,527.5,3012000,1576616500,0,0
2025-03-06,531,543.3,530,541.1,2251000,1212081300,0,0
2025-03-07,533.3,536.7,528.9,536.7,2506500,1338644350,0,0
2025-03-10,534.6,537.5,525.6,530.6,3375500,1789546900,0,0
2025-03-11,520.6,525.6,514.8,519.8,3288000,1704773250,0,0
2025-03-12,514.2,525.6,513.8,522.8,2981500,1553307900,0,0
2025-03-13,528.2,533.9,524.7,526.6,2002500,1060130350,0,0
2025-03-14,522.1,527.1,518.8,522.4,2127000,1110605250,0,0
2025-03-17,522.6,528.1,522.2,523.4,1647000,863067050,0,0
2025-03-18,535,542,531.2,539,2739500,1470345300,0,0
2025-03-19,538,550,537.2,548.3,1584500,866956650,0,0
2025-03-21,543.4,553.9,542.4,546.6,1835000,1004623500,0,0
2025-03-24,551.2,561.9,546.8,559.9,2318500,1289245100,0,0
2025-03-25,562.2,575,561.8,565.6,2977500,1690803550,0,0
2025-03-26,569.8,573.3,566.1,571.6,2311000,1317811000,0,0
2025-03-27,557.6,576.4,553.8,575.9,4145000,2354817500,0,0
2025-03-28,559.8,576,549.7,554.1,4897000,2727558000,0,0
2025-03-31,540.9,541.7,527.3,536.4,2455500,1318524200,0,0
2025-04-01,541.8,546.2,536.5,537.2,2273500,1225915400,0,0
2025-04-02,544.3,550.9,536,546.8,4912000,2683973900,0,0
2025-04-03,525.2,534.5,519.6,525.4,4033500,2118956200,0,0
2025-04-04,505.4,507,472.7,483.1,3057000,1482007750,0,0
2025-04-07,450,466.4,440.2,462.8,4104500,1883852300,0,0
2025-04-08,476.7,492.4,471.8,479.5,1980000,954088850,0,0
2025-04-09,465.5,467.6,451.6,458.5,1498500,688973450,0,0
2025-04-10,500,500,484,491.7,2444000,1199036800,0,0
2025-04-11,471.7,477.5,459,473.4,1636500,766980550,0,0
2025-04-14,479.8,482.5,473,476,1304500,621781450,0,0
2025-04-15,486,492.5,483.1,487.3,1120500,547281050,0,0
2025-04-16,494.3,496.6,490.2,494,2082000,1026841450,0,0
2025-04-17,492,496.4,489.1,494.6,1002500,494598450,0,0
2025-04-18,500.1,510.5,500.1,509.7,1084500,550106900,0,0
2025-04-21,508.4,508.4,497.5,499.4,1797500,902244750,0,0
2025-04-22,503.9,507.6,502.1,503.6,1875000,945306950,0,0
2025-04-23,522.5,522.5,512.1,514.8,2072500,1069193550,0,0
2025-04-24,524.8,531,514,516.9,2474000,1289432550,0,0
2025-04-25,524.2,551.9,519.9,536.6,9086000,4889231250,0,0
2025-04-28,553.8,572.2,545,545,5410000,3014015550,0,0
2025-04-30,551.4,556.5,542,547.8,2836000,1553622450,0,0
2025-05-01,543.5,554.8,537.7,554.8,3182000,1748034150,0,0
2025-05-02,550.4,557.8,546.1,549.9,3102000,1708116150,0,0
2025-05-07,547.3,547.6,534,536.9,3554000,1912387450,0,0
2025-05-08,540,545.8,532.7,542.7,1841000,996168850,0,0
2025-05-09,550.2,561.8,548.7,558.9,1735500,966765600,0,0
2025-05-12,561,567,560.7,563.8,1028500,579666150,0,0
2025-05-13,572,577.2,568.2,571.4,1373500,786318600,0,0
2025-05-14,576.7,576.7,560.5,563.4,1530500,865112550,0,0
2025-05-15,556,559.7,551.7,555.5,1148000,637478550,0,0
2025-05-16,551.5,555.6,542,548.5,1476000,806620200,0,0
2025-05-19,548.7,553.1,547.5,548.9,1041000,571784150,0,0
2025-05-20,551.2,553.6,537.8,543.4,2702000,1472728550,0,0
2025-05-21,549.4,551.7,544.6,549.8,2052500,1126970550,0,0
2025-05-22,540.8,547.8,535.1,543.3,2207000,1193523350,0,0
2025-05-23,544.1,549.7,540.8,547,1724000,941274100,0,0
2025-05-26,545.5,548,542.1,543.2,994000,540768450,0,0
2025-05-27,541.5,545.8,540,543.9,743500,403964200,0,0
2025-05-28,552.9,554.2,545.4,547,1962500,1075078000,0,0
2025-05-29,551.9,558.9,551,557.7,1164000,647917250,0,0
2025-05-30,548,563.8,548,561.2,1625500,908743250,0,0
2025-06-02,554.1,555.8,548.7,549.5,1320500,727753350,0,0
2025-06-03,548,548,538.8,541.2,1246000,675488450,0,0
2025-06-04,541.2,542.7,536.8,538.5,1397000,753291250,0,0
2025-06-05,528.5,534,520.2,523.3,2302000,1205589450,0,0
2025-06-06,525.2,527.9,519.3,524.6,1445000,757937050,0,0
2025-06-09,524.3,526.5,522.1,525.7,1179000,619032800,0,0
2025-06-10,532,535.2,526,526.8,1543000,817029750,0,0
2025-06-11,533.3,548.5,533.2,548.5,2536000,1379278400,0,0
2025-06-12,554.2,557.8,539.6,541.4,1396000,760284050,0,0
2025-06-13,536.5,538,530.4,532.5,1596000,851561900,0,0
2025-06-16,534.6,535,530.6,532.2,855000,455387100,0,0
2025-06-17,532.2,536.5,531.4,536.5,768500,410817300,0,0
2025-06-18,534.5,545.3,533.2,543.9,1306500,707977350,0,0
2025-06-19,540.3,541,534.9,540.4,1127500,608026250,0,0
2025-06-20,537.7,544,537.7,537.9,1908000,1028818550,0,0
2025-06-23,539,540.7,533.7,540.4,1244500,670210550,0,0
2025-06-24,548,549.2,543.1,543.5,1616000,881156400,0,0
2025-06-25,541.7,546.4,538.2,546.4,1192000,648195400,0,0
2025-06-26,549.5,554.7,546.7,553.2,1241000,684683750,0,0
2025-06-27,562.2,568.5,551.4,567.8,2013000,1137910400,0,0
2025-06-30,574,574,566.1,568.2,2085500,1187531150,0,0
2025-07-01,560.3,567.5,558,567.1,1663000,938359850,0,0
2025-07-02,561.1,568.7,558.7,568.5,1245000,704199750,0,0
2025-07-03,574.6,604,571,594.8,3965500,2354376750,0,0
2025-07-04,593.7,599.8,592.1,594.2,1533000,911999100,0,0
2025-07-07,589.6,589.6,575.3,576.1,1369500,794074100,0,0
2025-07-08,575.8,588.6,572.1,585.9,1382500,808925750,0,0
2025-07-09,590.9,602,589,595.5,1484000,884866300,0,0
2025-07-10,596.7,598,592.2,595.1,1108500,659157550,0,0
2025-07-11,599.3,606,598,599.7,1348000,811185950,0,0
2025-07-14,598.8,601.2,596.2,598.3,716500,429012450,0,0
2025-07-15,600.4,601.6,596.4,600,836000,500660900,0,0
2025-07-16,602,602.2,596.7,601,900000,540374700,0,0
2025-07-17,602,607.4,600.4,605.6,1065500,644168900,0,0
2025-07-18,608,608.4,601.8,603.8,732000,442200300,0,0
2025-07-22,605,611.4,602,604.8,1353500,819884600,0,0
2025-07-23,614.2,643.6,608.2,637.6,2610000,1656201200,0,0
2025-07-24,648.6,655.6,645.8,650.6,1964000,1279525100,0,0
2025-07-25,649,650,634.8,636,1563000,999189700,0,0
2025-07-28,630.2,642.4,627.4,639.4,1949500,1241340300,0,0
2025-07-29,625.4,638.8,624.8,637,1539000,976027600,0,0
2025-07-30,631.2,653.4,631.2,652.4,2591500,1678849900,0,0
2025-07-31,643.4,660,630.2,641.2,5304500,3434529100,0,0
2025-08-01,661,668.6,653.4,662.2,3825500,2533504100,0,0
2025-08-04,649.6,668.6,648,667.4,1932500,1281759600,0,0
2025-08-05,670.6,679.6,666,674,2758500,1860142000,0,0
2025-08-06,677.6,684.8,672,678.4,1698500,1155675300,0,0
2025-08-07,680,689,678.6,679,1875500,1281192400,0,0
2025-08-08,679,701.4,679,698.2,1949500,1356124800,0,0
2025-08-12,687.6,694,678.8,686.4,3493500,2393178600,0,0
2025-08-13,691,695.8,687.2,692.6,1444000,999532400,0,0
2025-08-14,688.8,692.4,677.4,680.6,1073000,733045400,0,0
2025-08-15,681.8,685,676.8,683.2,1670000,1137964700,0,0
2025-08-18,690,705.4,689,705.2,1683000,1179190200,0,0
2025-08-19,705.2,712.8,701.4,708.6,1357500,961320100,0,0
2025-08-20,706.6,711.4,704.8,709,1071000,758385500,0,0
2025-08-21,702.8,707,697,702,723500,508001100,0,0
2025-08-22,709,711.8,703,710,863000,610857300,0,0
2025-08-25,714.8,724,713.2,715.4,1189500,853319900,0,0
2025-08-26,728.2,729.8,708,714.8,1770500,1266703100,0,0
2025-08-27,714.8,717.2,709.4,713.6,970000,692926800,0,0
2025-08-28,710,725.6,707.6,722.2,1179000,849306600,0,0
2025-08-29,715,727.4,715,721.2,1316000,949684100,0,0
2025-09-01,715,728,709.8,725.6,1021000,737342700,0,0
2025-09-02,730,737.6,729,737.4,995500,731694500,0,0
2025-09-03,746,754,743.6,743.8,1789500,1336628900,0,0
2025-09-04,737,752.2,732,748.8,1765000,1314490600,0,0
2025-09-05,760,765.6,751.4,762.2,1563000,1187819900,0,0
2025-09-08,765.6,766.6,751,763.2,1392500,1061291200,0,0
2025-09-09,763.2,765.4,748.8,756.6,1361000,1029231400,0,0
2025-09-10,755.6,757.8,749.2,755.6,1173000,884420500,0,0
2025-09-11,754,758.8,750.4,758.8,1018000,769791300,0,0
2025-09-12,766,766.2,752,752.2,1230000,932928600,0,0
2025-09-16,752.2,765,750.4,763.8,896000,681877800,0,0
2025-09-17,761.4,762,749.4,754.4,1076000,811353300,0,0
2025-09-18,754.4,758.8,747.8,753.6,1019500,767490000,0,0
2025-09-19,753.6,756,738.8,742,1929000,1436229700,0,0
2025-09-22,741.6,750.6,741.4,747.4,1466000,1094378300,0,0
2025-09-24,743.2,751.8,742.8,749.4,1531000,1145479000,0,0
2025-09-25,751.2,756.6,744.6,749.2,1249500,935234800,0,0
2025-09-26,751,759.8,748.8,758.6,1507500,1141777800,0,0
2025-09-29,755.6,758.8,741.4,741.6,1064000,791417600,0,0
2025-09-30,737.8,744,734.2,736.4,1602000,1180536800,0,0
2025-10-01,723.8,736.4,717.6,726.2,1875000,1356550500,0,0
2025-10-02,717.2,725,705.6,714.2,1801500,1287958800,0,0
2025-10-03,714.6,722,708.8,722,2189500,1573550500,0,0
2025-10-06,737,741.4,727.2,730.8,2288500,1673090300,0,0
2025-10-07,735.4,748,735.4,746,1978500,1473188300,0,0
2025-10-08,745.6,750.8,734.8,736,1698000,1257727000,0,0
2025-10-09,736.6,748,727.2,748,2167500,1607569400,0,0
2025-10-10,738.6,740.8,723.8,730.8,1993500,1454748400,0,0
2025-10-14,716.8,728.2,711.8,717,1818500,1305874700,0,0
2025-10-15,717.6,730.8,716.4,730.8,1195500,868830200,0,0
2025-10-16,730.8,736.8,723.8,724.6,1181500,858969700,0,0
2025-10-17,725.8,729.6,723.4,724.4,1228000,890780200,0,0
2025-10-20,737.8,739,728.8,739,921000,678352400,0,0
2025-10-21,743.6,744.4,731,731.6,1177000,865056400,0,0
2025-10-22,741,752.2,739.4,749.8,3092000,2315218200,0,0
2025-10-23,745,749.6,743.4,746,1393000,1039955000,0,0
2025-10-24,748.4,757.2,745.6,752.6,1256000,945575700,0,0
2025-10-27,760.2,767.6,753.2,764.8,1948000,1485455600,0,0
2025-10-28,760,763.4,746.2,748.6,1331500,1002939500,0,0
2025-10-29,751.4,755,739.6,744.2,1284500,958117500,0,0
2025-10-30,743,760.6,741,760.4,5321000,4036620700,0,0
2025-10-31,752.6,760,703,715.4,5250500,3817954500,0,0
2025-11-04,757.4,766.4,743.2,751.6,3773500,2848749000,0,0
2025-11-05,747.8,773.6,742.6,771.2,4523000,3452870600,0,0
2025-11-06,780,784,769.6,771.4,2271500,1759838300,0,0
2025-11-07,763,768.6,754.6,766.4,1766500,1349996400,0,0
2025-11-10,770,771.6,758,767.8,1064500,815323800,0,0
2025-11-11,773,776,760,773.2,1061000,817354500,0,0
2025-11-12,772.6,780.6,767.4,772.2,1404000,1086271400,0,0
2025-11-13,781.8,787,769.8,769.8,1150000,891544900,0,0
2025-11-14,765.8,776,761.2,766.8,1431000,1099895000,0,0
2025-11-17,765.6,768.2,754,763.4,850500,646978600,0,0
2025-11-18,753.2,766.4,741.8,744.6,1162500,871583100,0,0
2025-11-19,743.4,761.2,735.2,750.6,1523500,1145743900,0,0
2025-11-20,758.8,759,745.4,750.8,1286000,967443500,0,0
2025-11-21,680.8,696.2,680,689.2,10296500,7055206300,0,0
2025-11-25,713.4,716.8,702.6,710.8,7072500,5025385700,0,0
2025-11-26,724.8,739.4,719.2,733.4,6352000,4637905300,0,0
2025-11-27,740,742.2,716.8,716.8,5566000,4033223300,0,0
2025-11-28,704.8,720,704,714,9552500,6818885200,0,0
2025-12-01,719,724.4,694,694,26590500,18660547400,0,0
2025-12-02,694,708,691.4,707.4,37821000,26427262900,0,0
2025-12-03,707.4,711.8,704.6,705.6,13576000,9607104400,0,0
2025-12-04,706.6,710.8,701.6,701.6,19198500,13550225900,0,0
2025-12-05,698.6,702.8,691,692.4,14829500,10304996200,0,0
2025-12-08,693.2,708,691,704.4,89038500,62091676300,0,0
2025-12-09,724,735.2,710.8,731.8,28826500,20906267500,0,0
2025-12-10,741,747,728,738.6,13645500,10071432700,0,0
2025-12-11,739.8,741.4,729.4,734,8670000,6376997200,0,0
2025-12-12,744,760,742.4,760,11364500,8556082300,0,0
2025-12-15,760,775.6,756.6,774.2,8398000,6450615000,0,0
2025-12-16,788.2,794.4,772,785.4,8500000,6642981300,0,0
2025-12-17,782,788,770.2,782.8,6689500,5234824400,0,0
2025-12-18,790,790.8,779.4,790.2,6630500,5223042700,0,0
2025-12-19,793.4,809.8,782.8,809.8,8843500,7105712300,0,0
2025-12-22,817,833.6,814.4,822.6,7093000,5845222800,0,0
2025-12-23,811.4,816,793.6,802.2,6392500,5131000800,0,0
2025-12-24,802.2,802.2,784.8,784.8,4165500,3296355200,0,0
2025-12-25,791.8,794.8,786,794.8,3087000,2442738100,0,0
2025-12-26,796,797.4,783,783,2531500,1993528400,0,0
2025-12-29,785,789.2,782,787,2601500,2043686300,0,0
2025-12-30,783,791,782,788.6,2743000,2160818800,0,0
2026-01-05,792,805.2,788.6,805.2,4884000,3912920800,0,0
2026-01-06,813.6,823.4,804.6,807.6,4783500,3876701100,0,0
2026-01-07,807.4,808.6,788.8,806,4921500,3948267100,0,0
2026-01-08,808.4,811,795.6,806.4,4491000,3613100800,0,0
2026-01-09,810.2,815.8,805.4,810.6,4332500,3506914600,0,0
2026-01-13,824.6,834.4,820,834.4,7672500,6373799800,0,0
2026-01-14,839.4,850.6,835,850.6,6049500,5117706700,0,0
2026-01-15,849.6,862,845,859.2,6285000,5381081700,0,0
2026-01-16,852,867,847.4,867,8592000,7371596000,0,0
2026-01-19,867,867.2,840.6,857.6,5316000,4543626500,0,0
2026-01-20,857.6,857.8,845,846,4501000,3819854600,0,0
2026-01-21,842.8,856.8,838.6,856.8,6915000,5890094300,0,0
2026-01-22,861,871.8,859.8,864.6,4959500,4298590500,0,0
2026-01-23,864.6,873.6,858,870,4038000,3506335200,0,0
2026-01-26,856,858.6,842.8,845.2,5166500,4381108400,0,0
2026-01-27,844,846.6,834.8,844.8,4170500,3509353400,0,0
2026-01-28,833.2,834.8,822,824,5340500,4410178100,0,0
2026-01-29,828,830.4,815.2,824.2,4966000,4092109800,0,0
2026-01-30,831,838.2,824.2,838.2,6309500,5265932800,0,0
2026-02-02,848.2,858.8,830.4,834.8,6710500,5657819900,0,0
2026-02-03,840,899.4,830.6,899.4,16046500,14001681500,0,0
2026-02-04,921.4,961,915.4,956,14523500,13763902100,0,0
2026-02-05,965.2,985.2,956.8,985.2,10106500,9886798500,0,0
2026-02-06,985.2,1007.2,980.8,1002.8,8639500,8588863100,0,0
2026-02-09,1013.6,1037.4,1010,1020.8,7979000,8168381500,0,0
2026-02-10,1025.8,1033.4,1008.4,1033.4,7724500,7919350200,0,0
2026-02-12,1045,1046,1020.2,1025,5982500,6144385800,0,0
2026-02-13,1025,1029.4,1007.4,1018.6,7518000,7664111700,0,0
2026-02-16,1020.6,1031,1003.4,1003.4,4126000,4196378600,0,0
2026-02-17,1000.8,1010.2,986,995.4,4327500,4304982800,0,0
2026-02-18,995.4,1013.4,995,1002.8,3427500,3447706000,0,0
2026-02-19,1000,1007.4,991.2,1000,3115500,3116623000,0,0
2026-02-20,984.2,987.8,970,976.8,2949500,2883226300,0,0
2026-02-24,990.8,1005.2,976,1003.6,3216000,3210823300,0,0
2026-02-25,1008.6,1008.6,985.4,987,2625500,2602452900,0,0
2026-02-26,1001,1004,984,996,3432500,3415727700,0,0
2026-02-27,998.4,1018.2,987.4,1018.2,3069500,3104826600,0,0
2026-03-02,972.8,991.4,959.4,987.4,3489500,3420300200,0,0
2026-03-03,976.8,996.2,943.2,949.8,4333000,4189163200,0,0
2026-03-04,935.8,944,905.8,920,4869000,4479826400,0,0
2026-03-05,948,959.8,938.4,938.4,3369000,3187043100,0,0
2026-03-06,924.4,940,917.8,937.6,2897500,2698902300,0,0
2026-03-09,879.2,898.4,852.4,874.6,4360000,3789260900,0,0
2026-03-10,899.4,908.6,888,900.4,4336000,3894228100,0,0
2026-03-11,921,924.2,911.4,911.6,2993500,2746612100,0,0
2026-03-12,906.8,910,886.8,892,2514500,2246655400,0,0
2026-03-13,865,885.2,863.4,871.2,3802500,3315916700,0,0
2026-03-16,873.2,874.6,853.6,869.6,2050000,1779706000,0,0
2026-03-17,883.6,883.8,870,871.4,2136500,1871050300,0,0
2026-03-18,885.4,886.6,876.6,884.8,1777000,1568117300,0,0
2026-03-19,863.8,863.8,830.2,833.6,3939500,3300357100,0,0
2026-03-23,819.6,820,792.2,808.4,3707500,2995690200,0,0
2026-03-24,836.4,837,820.2,831,3326500,2756971800,0,0
2026-03-25,852.2,856.8,841.8,844.6,2230500,1886888900,0,0
2026-03-26,851,853.6,837,848,3127500,2648808400,0,0
2026-03-27,829.4,840.8,828,835.8,3594000,3004611100,0,0
2026-03-30,781.8,803.4,774.8,802.8,5632000,4500850500,0,0
2026-03-31,788.8,814.4,786.8,801.6,3413000,2733306100,0,0
2026-04-01,843.6,844.4,830.8,842.4,4437500,3721103300,0,0
2026-04-02,854.4,859.8,821.6,822.2,3002500,2502040400,0,0
2026-04-03,824,828.2,820,824,1496000,1233161300,0,0
2026-04-06,826.2,834.6,823.2,825.2,1763000,1459815700,0,0
2026-04-07,822.6,828,814.2,820.2,1989000,1631501500,0,0
2026-04-08,859.8,864.6,846.6,861.6,2839500,2441248200,0,0
2026-04-09,860,866.8,852.8,854.2,1776500,1524428700,0,0
2026-04-10,853,861.8,851.2,852.8,1777000,1521729700,0,0
2026-04-13,841.8,852.6,840,851.2,1924000,1632066600,0,0
2026-04-14,861,868.4,855.8,855.8,2169500,1863309000,0,0
2026-04-15,862,868.2,856.4,857.2,1855500,1598121000,0,0
2026-04-16,857,863.2,852,852.8,2383000,2037325400,0,0
2026-04-17,850,858,847.4,851.4,1588000,1355739300,0,0
2026-04-20,870.8,877.8,859.6,877.8,2346000,2049707000,0,0
2026-04-21,880.2,882,866.4,867,2176500,1896119700,0,0
2026-04-22,861,861,840.4,844.6,2196000,1857550800,0,0
2026-04-23,837,839.8,807,822,2767500,2272230700,0,0
2026-04-24,827.8,827.8,799.6,804.4,2675500,2156738400,0,0
2026-04-27,804.8,810.6,799.6,804.2,2341500,1885204400,0,0
2026-04-28,804.2,913.2,794.4,913.2,11263500,9859311200,0,0
2026-04-30,955.2,961,918.4,925.4,9145500,8570254600,0,0
2026-05-01,914,919.2,903,907.6,3543000,3224394100,0,0
2026-05-07,917.2,924.4,896,920.6,3788000,3473883900,0,0
2026-05-08,920,944.8,917.2,931.8,3589000,3346804000,0,0
2026-05-11,916,929.6,909.4,920,2542500,2334800600,0,0
2026-05-12,919.8,953,916.6,931,2051500,1918172200,0,0
2026-05-13,922.2,959.8,921.2,953.8,2276000,2154793000,0,0
2026-05-14,945,958.6,943.4,953,1888500,1800304700,0,0
2026-05-18,955,958,919.2,928.8,1937500,1803139100,0,0
2026-05-19,939.8,944,904.6,915.6,2443500,2238115200,0,0
2026-05-20,906.8,919,886.4,899.8,3217500,2896918200,0,0
2026-05-21,922.4,943,902.6,926.8,2926500,2724159200,0,0
2026-05-22,935.6,941.8,915.6,918.6,2175000,2005105200,0,0
2026-05-25,935.6,965,935.6,946,2520000,2388453000,0,0
2026-05-26,947.8,954.8,936.8,942.2,1716000,1618466500,0,0
2026-05-27,943,956,934.6,943.4,1847000,1740731600,0,0
2026-05-28,936,948.8,926.4,946.8,1647000,1549163500,0,0
2026-05-29,947.2,974.4,940.8,965.4,3212000,3098792500,0,0
2026-06-01,953.6,957,931.8,948,3035000,2876231800,0,0
2026-06-02,947.6,948.6,922.6,944.8,2511500,2357268400,0,0
2026-06-03,958,964,945,950.4,2812000,2685869600,0,0
2026-06-04,940,954.4,935.4,942.2,2934000,2774102100,0,0
2026-06-05,949.4,953.4,937,943.2,1598500,1511595500,0,0
2026-06-08,924.8,935.2,916,928,2243500,2079166200,0,0
2026-06-09,940,953.6,938,941.2,2282500,2154420600,0,0
2026-06-10,940,950,920.8,930,1983000,1849133300,0,0
2026-06-11,889.8,902.8,879.2,901.2,2011000,1800996100,0,0
2026-06-12,929.2,932.6,912.4,915.4,2578500,2376542900,0,0
2026-06-15,940.6,965,933,963,2251500,2157597500,0,0
2026-06-16,965,966,943.8,951,1400500,1333175700,0,0
2026-06-17,974.8,1010,968.2,1000,3879000,3856254900,0,0
2026-06-18,1010,1025.2,1003.4,1012.8,3474000,3518574000,0,0
2026-06-19,1023.2,1027,998.6,1005.4,6075000,6117796100,0,0
2026-06-22,1003.2,1021.4,1001.4,1017.4,3194000,3236920200,0,0
2026-06-23,1040,1040,989.8,991.4,2970500,2996272000,0,0
2026-06-24,984.2,1029.8,979.2,1017.6,4285500,4359263200,0,0
2026-06-25,1034.2,1037.4,1011.2,1022.2,2608000,2668748300,0,0
2026-06-26,1038,1054.6,1030.2,1045,4382000,4568312300,0,0
2026-06-29,1058.8,1065,1026,1043.2,3860500,4013258500,0,0
2026-06-30,1042,1047,1015.4,1022.6,4233500,4341686800,0,0
2026-07-01,1036.2,1048,1022.2,1026.2,1991500,2053501700,0,0
2026-07-02,1027.4,1039.2,1013.8,1033.8,2360500,2432102700,0,0
2026-07-03,1025.2,1046,1014.2,1046,1428000,1481490200,0,0
2026-07-06,1052.6,1074.4,1050.8,1058.2,1641500,1737089000,0,0
2026-07-07,1058.6,1070.8,1031,1033.4,2102500,2187192900,0,0
2026-07-08,1030,1036.6,1019.4,1020,1994000,2042866200,0,0
2026-07-09,1020,1022,1006,1016.6,2327500,2359616100,0,0
2026-07-10,1031,1033.8,1013,1016.8,1875000,1912550000,0,0
2026-07-13,1021,1022.6,982.4,987.4,2487500,2472548600,0,0
2026-07-14,988.8,999.4,976.4,995.2,2172000,2149042000,0,0
2026-07-15,995.4,1012.4,990.6,1012.4,2037000,2047697800,0,0
2026-07-16,1004.8,1016.6,1002,1002.8,1298500,1308035600,0,0
2026-07-17,999.2,1001.6,957.2,984,2858500,2806920000,0,0
2026-07-21,979.6,997.6,975.6,996.2,2592000,2566361600,0,0
2026-07-22,1006.4,1016.4,1004,1007.8,1741500,1758286800,0,0
2026-07-23,1000,1026.6,1000,1019.2,1940000,1977694300,0,0
2026-07-24,1008.4,1013.2,998,1002.2,2189000,2196084200,0,0
2026-07-27,1018.6,1036.8,1008,1036.8,2410000,2476160900,0,0
2026-07-28,1030,1033.2,1017.6,1025.6,3244000,3322804600,0,0
2026-07-29,1035.8,1040,1013.8,1040,3282500,3381132200,0,0
2026-07-30,1041.8,1059,1027.8,1050.6,3217500,3373662300,0,0
2026-07-31,1059.6,1144,1031.4,1112.4,9511000,10461078500,0,0
2026-08-03,1078,1085,1000,1029,4462000,4593580400,0,0
2026-08-04,1034.2,1038.6,994.4,1012.8,3902500,3938444700,0,0
2026-08-05,1032.8,1045,1025.8,1036.2,2244500,2321486100,0,0
2026-08-06,1043,1064,1031.4,1042.2,2252500,2351100000,0,0
2026-08-07,1028.6,1050.6,1024.8,1033,3253000,3372034600,0,0
2026-08-10,1035.6,1048.8,1022.4,1036.8,1920000,1993973500,0,0
2026-08-12,1047.6,1056.2,1034.4,1036.4,1701500,1772214900,0,0
2026-08-13,1036.4,1044.8,1030,1035.8,1607500,1666797400,0,0
2026-08-14,1046.6,1062.6,1035.6,1041.6,2101500,2195853400,0,0
2026-08-17,1044,1055.4,1042.2,1054,1483000,1556188100,0,0
2026-08-18,1054,1067.4,1052.6,1059.4,2064000,2188494100,0,0
2026-08-19,1042.4,1042.4,1005,1010.6,2274000,2311477600,0,0
2026-08-20,1060,1074.6,1053,1067.8,3234500,3440116600,0,0
2026-08-21,1063.2,1068.6,1054,1067.4,1906500,2027561000,0,0
2026-08-24,1060,1081.4,1052,1074,1617000,1735585300,0,0
2026-08-25,1077.6,1077.6,1054,1062.8,1867000,1982693800,0,0
2026-08-26,1079.2,1093.8,1073.6,1082.4,2487500,2698592000,0,0
2026-08-27,1082,1090.4,1074,1075.4,1516000,1635456700,0,0
2026-08-28,1075.4,1096,1070.2,1081.4,2108000,2280719000,0,0
2026-08-31,1083,1101.8,1079.4,1099,2148500,2355076600,0,0
2026-09-01,1094,1119,1087,1116.2,1956500,2176838100,0,0
2026-09-02,1110,1114,1068.8,1075.6,2354000,2547658400,0,0
2026-09-03,1082.6,1091.4,1075,1087.6,1484500,1612699000,0,0
2026-09-04,1086,1086,1068.8,1080.4,1930500,2080389000,0,0
2026-09-07,1098,1109.6,1088.8,1096,2602500,2862116000,0,0
2026-09-08,1076.8,1076.8,1010.6,1010.6,4876500,5028999200,0,0
2026-09-09,1010,1023.2,1004.6,1017.8,2621000,2665348800,0,0
2026-09-10,1008.4,1017,1004.4,1010.6,2293500,2316358100,0,0
2026-09-11,996,1032.8,995.2,1029.8,3860000,3941082800,0,0
2026-09-14,1017,1030.8,1012.2,1024,1477500,1513736500,0,0
2026-09-15,1024.8,1032.8,1021.6,1027.6,1508000,1548683300,0,0
2026-09-16,1033.4,1044.8,1031.4,1036.4,1954000,2025458700,0,0
2026-09-17,1049,1060,1032,1057.4,2320500,2446329000,0,0
2026-09-18,1063.6,1064,1041.4,1044.6,3586500,3752489600,0,0
2026-09-24,1053,1059.2,1047,1051,2698500,2840681700,0,0
2026-09-25,1051.2,1064.4,1042.6,1062,1750500,1852850600,0,0
2026-09-28,1063,1074,1052.8,1052.8,2575000,2733004000,0,0
2026-09-29,1028,1030,1009,1017.5,2045800,2085667150,0,0
2026-09-30,1040,1049.5,1017.5,1038.5,2869400,2981259900,0,0
2026-10-01,1041.5,1044.5,1023.5,1043.5,2641300,2747614250,0,0
