Date,Open,High,Low,Close,Volume,TradingValue,UpLimit,UnderLimit
2018-04-02,586,595,562.75,575.25,119600,,,
2018-04-03,568.75,600,568.75,598.75,141600,,,
2018-04-04,598.5,625,595.75,619,360800,,,
2018-04-05,624,644.75,622.25,632.25,259600,,,
2018-04-06,613.5,621.25,607,618.75,109600,,,
2018-04-09,620,632.75,614.5,631,105200,,,
2018-04-10,619.5,627.25,617,621.5,80000,,,
2018-04-11,626.5,626.5,606,614,72000,,,
2018-04-12,615,619.5,608.5,618,65200,,,
2018-04-13,616,617.75,594.25,599.25,112800,,,
2018-04-16,600,600,581.5,584.75,136400,,,
2018-04-17,581.5,582.5,572.5,576.25,174400,,,
2018-04-18,581,583,571,573.25,72400,,,
2018-04-19,571,574,561.25,562,171600,,,
2018-04-20,563.5,565.25,557.25,558.25,166400,,,
2018-04-23,561,574.75,561,568.25,70000,,,
2018-04-24,568.25,581.25,568.25,578.5,63600,,,
2018-04-25,579.5,584.75,575,583,58000,,,
2018-04-26,582,583.5,574.25,578.75,103200,,,
2018-04-27,578.75,579.25,569.75,578,72000,,,
2018-05-01,570.5,572.25,559.75,567.75,86000,,,
2018-05-02,571,571,563.25,567,31600,,,
2018-05-07,570,570.25,560.75,567.5,38000,,,
2018-05-08,567.5,572.75,563.25,568.25,72800,,,
2018-05-09,568.25,569.25,562.75,567.25,63600,,,
2018-05-10,564.75,569.5,563.5,566.75,40400,,,
2018-05-11,565.25,572,565.25,569.5,50400,,,
2018-05-14,565.25,568.5,564.75,567.25,63600,,,
2018-05-15,565.5,567.5,564.25,566.75,62000,,,
2018-05-16,564,567.5,561.5,567.5,86000,,,
2018-05-17,567.5,569.5,566,568.75,48800,,,
2018-05-18,574,574,569.25,572.75,76000,,,
2018-05-21,572.75,572.75,566.5,568.75,54000,,,
2018-05-22,570.25,570.25,565.25,566.25,29600,,,
2018-05-23,566.25,566.25,561.25,563.75,58000,,,
2018-05-24,566,566,559.5,561.75,36000,,,
2018-05-25,558.75,561.25,555.25,556.75,42000,,,
2018-05-28,556.75,558.5,555,557.5,20400,,,
2018-05-29,558,559.5,556,556.75,20800,,,
2018-05-30,554.75,555.25,552.75,553.5,59600,,,
2018-05-31,557.25,575,550.5,575,280000,,,
2018-06-01,566.25,566.25,557,558.75,156400,,,
2018-06-04,571,578.5,562,576.75,109600,,,
2018-06-05,576.75,576.75,562.75,565.75,74000,,,
2018-06-06,566.25,568.5,563,564,30000,,,
2018-06-07,570.75,571.25,564.5,567,42800,,,
2018-06-08,563.75,568.25,563.5,567.75,140400,,,
2018-06-11,567.75,574.25,567.75,569,34000,,,
2018-06-12,573.75,573.75,564.5,564.5,37600,,,
2018-06-13,565.25,566,563,563.5,18000,,,
2018-06-14,560,568.5,558,566,58000,,,
2018-06-15,570.25,575,568.25,569,107200,,,
2018-06-18,569,569,561.5,562,42800,,,
2018-06-19,566.25,566.25,554.25,556,60800,,,
2018-06-20,556.25,557,549,550.25,91200,,,
2018-06-21,550.75,553.75,545.25,546.5,100400,,,
2018-06-22,547.75,547.75,521.25,526.75,137600,,,
2018-06-25,521.75,521.75,500.5,502.75,168000,,,
2018-06-26,499.5,514.5,498.25,507.5,82000,,,
2018-06-27,512.5,512.5,501.5,503,124400,,,
2018-06-28,507.25,507.25,498.75,501.25,96800,,,
2018-06-29,502.5,506,499,500.5,124400,,,
2018-07-02,499,502.75,490.25,495.25,222800,,,
2018-07-03,502.5,504.75,495.75,497,73200,,,
2018-07-04,493.25,498,487.5,487.5,127200,,,
2018-07-05,485.75,486.5,477.75,478,87200,,,
2018-07-06,481.25,482,475.25,477.25,142800,,,
2018-07-09,477.5,486.75,477.5,484.75,86000,,,
2018-07-10,489.25,493.25,485.75,485.75,63200,,,
2018-07-11,484.5,484.5,476.25,479,51600,,,
2018-07-12,481.25,483.5,478.75,479.5,43600,,,
2018-07-13,482.75,483.75,479.5,482,34400,,,
2018-07-17,476.25,487,476.25,481.25,69600,,,
2018-07-18,487.25,491.5,486.25,489.5,39200,,,
2018-07-19,491.5,495.75,490,491,59200,,,
2018-07-20,491,496.5,491,495.75,88800,,,
2018-07-23,495.75,515.5,495.75,508.5,153200,,,
2018-07-24,515.5,523.25,513.75,519.25,88800,,,
2018-07-25,519.25,520,511.25,516.25,78800,,,
2018-07-26,523,524.5,518,523.25,50000,,,
2018-07-27,527.75,543.5,526,534.75,80400,,,
2018-07-30,547.25,559.75,543,558,162400,,,
2018-07-31,558,562.75,537.5,538.25,138800,,,
2018-08-01,543.25,550.75,537.25,548.25,77600,,,
2018-08-02,550,554.75,534.25,536.5,104800,,,
2018-08-03,536.25,537.75,529.75,529.75,68400,,,
2018-08-06,517.25,523,513.75,515,71200,,,
2018-08-07,515,520.75,507.5,512.25,56000,,,
2018-08-08,512.25,520,512.25,517.5,40000,,,
2018-08-09,518.75,518.75,511,512.25,33200,,,
2018-08-10,513.75,514,508.5,510.25,45200,,,
2018-08-13,508.5,522,506.25,516.5,118000,,,
2018-08-14,521,538.5,521,537.5,62400,,,
2018-08-15,537.25,538.25,525.5,526,34800,,,
2018-08-16,526,528.25,515.25,525.25,29600,,,
2018-08-17,525.25,538,525.25,530.25,58000,,,
2018-08-20,534.75,538.5,529.25,529.25,78800,,,
2018-08-21,529.25,532,529.25,529.75,36400,,,
2018-08-22,533,533,526,526,31600,,,
2018-08-23,526,528.25,521.5,525,32400,,,
2018-08-24,531.75,535.75,530,532,48800,,,
2018-08-27,534.5,539,532.25,537.75,78400,,,
2018-08-28,540,547,538.25,538.25,34800,,,
2018-08-29,538.25,548.5,538.25,546.75,56400,,,
2018-08-30,548.25,548.5,541.5,541.75,41200,,,
2018-08-31,542.5,548.5,540.75,548.25,57200,,,
2018-09-03,545.75,548.5,542.25,547.25,48400,,,
2018-09-04,548.5,548.75,542,547.25,46400,,,
2018-09-05,543.75,548,539.5,542.25,70400,,,
2018-09-06,542.25,547,541.25,543,50000,,,
2018-09-07,538.75,545.25,538.5,541.75,45600,,,
2018-09-10,543.5,553.5,536.5,552.5,104800,,,
2018-09-11,555,559.25,548.25,556,64000,,,
2018-09-12,551.75,555.75,546.75,553.75,100000,,,
2018-09-13,546.75,560.5,546.75,559,66000,,,
2018-09-14,559,565,559,559.75,180000,,,
2018-09-18,557.75,575,557.75,575,132400,,,
2018-09-19,582,604,581.25,599.25,196400,,,
2018-09-20,599,604.75,593.75,602.75,223200,,,
2018-09-21,603,627.5,603,627,270400,,,
2018-09-25,624.75,625.75,616.75,625,267200,,,
2018-09-26,612.5,617,604.25,609,109600,,,
2018-09-27,612.5,617.25,601.75,604.25,66000,,,
2018-09-28,605,608.75,595.75,601,80400,,,
2018-10-01,600.75,600.75,590.25,592.75,42000,,,
2018-10-02,599.25,613.25,592,604.25,114000,,,
2018-10-03,596.5,600.25,587.5,587.5,74000,,,
2018-10-04,598.5,599.75,577,594.25,62400,,,
2018-10-05,594,598.5,593.75,596,42400,,,
2018-10-09,595.75,599.5,587.75,592,62800,,,
2018-10-10,593.75,604.25,583.5,587.25,79600,,,
2018-10-11,575,575.25,552.75,556.5,122000,,,
2018-10-12,558,566.25,543,544.25,157600,,,
2018-10-15,536.25,536.25,523.25,524.5,118400,,,
2018-10-16,525,534,520,527.5,77200,,,
2018-10-17,530.5,530.75,519.75,528,63200,,,
2018-10-18,534.5,537.5,520.5,521.25,61200,,,
2018-10-19,521.25,527.5,520.75,520.75,55600,,,
2018-10-22,518,525,512.5,518.75,48000,,,
2018-10-23,518.75,519,501.75,504,78000,,,
2018-10-24,504.25,512.5,495,510.25,93600,,,
2018-10-25,497.75,506.25,487.75,488.5,78800,,,
2018-10-26,491.25,498.25,489,493.5,64400,,,
2018-10-29,492.5,494,478,478,96800,,,
2018-10-30,483,500.75,483,500.25,300800,,,
2018-10-31,500,502.5,497.5,500.75,97600,,,
2018-11-01,498.75,507.25,487.5,505.75,121600,,,
2018-11-02,508.5,509.75,493.75,504.25,62400,,,
2018-11-05,504,506.75,500.25,502.5,51200,,,
2018-11-06,502.5,512.75,502.5,506.5,54400,,,
2018-11-07,505.75,523,494.25,496.5,164800,,,
2018-11-08,500.25,505,497.75,499.25,55600,,,
2018-11-09,499.5,504.25,498.75,501,83600,,,
2018-11-12,498.75,503,498,499.75,38400,,,
2018-11-13,496.75,496.75,490.25,496.25,45600,,,
2018-11-14,490,490.25,480.5,480.5,179200,,,
2018-11-15,480,480.5,476,480,90800,,,
2018-11-16,477.5,484,477.5,478.5,44800,,,
2018-11-19,476.25,478.25,474.5,478.25,116000,,,
2018-11-20,478.25,483.25,476.25,479.5,72800,,,
2018-11-21,479.5,479.5,474.75,477,103200,,,
2018-11-22,483.75,483.75,476.25,480.75,40800,,,
2018-11-26,477.75,481.5,475,475.25,58000,,,
2018-11-27,478,486.5,475.5,486,106000,,,
2018-11-28,486,487.5,480.5,481.75,54000,,,
2018-11-29,487,489.5,483.75,485.75,58000,,,
2018-11-30,485.75,485.75,477.75,479.75,102000,,,
2018-12-03,484.25,488.75,479.75,488.75,94000,,,
2018-12-04,489.75,489.75,478.25,480.25,94000,,,
2018-12-05,479.75,481.25,475.25,476.75,155200,,,
2018-12-06,476.75,479.5,475,478.25,104000,,,
2018-12-07,478.25,478.75,475,475.75,140800,,,
2018-12-10,474.25,474.25,469,470.75,122400,,,
2018-12-11,473,473,451.25,454,122400,,,
2018-12-12,459.5,471.75,459.5,469.5,91200,,,
2018-12-13,468.25,470,455.5,459.25,125600,,,
2018-12-14,459.25,459.25,452.5,455.75,172800,,,
2018-12-17,454.75,462,449.25,453.25,102400,,,
2018-12-18,449.5,449.5,430.75,435.5,190400,,,
2018-12-19,433.75,433.75,422.25,423.25,132400,,,
2018-12-20,423.25,431.75,421.5,426.75,151600,,,
2018-12-21,426.75,427,416.5,417,164400,,,
2018-12-25,410,412.5,397,400,135200,,,
2018-12-26,400.25,410.25,399,400.75,58000,,,
2018-12-27,410.75,426.5,410,426.5,61200,,,
2018-12-28,425,434.75,415.75,425.5,67600,,,
2019-01-04,415.5,425.25,413.25,423.75,104800,,,
2019-01-07,434.25,438.25,424,426.75,85600,,,
2019-01-08,432.75,432.75,426.75,430,67200,,,
2019-01-09,430,434.75,426,428.5,180800,,,
2019-01-10,427.5,427.5,416.5,421.75,114000,,,
2019-01-11,422,422.25,418.25,419.75,54800,,,
2019-01-15,415,421.5,413,415.5,102000,,,
2019-01-16,413.75,413.75,407.75,408,75600,,,
2019-01-17,410,421,410,415,77600,,,
2019-01-18,417.25,424,415.5,415.5,114400,,,
2019-01-21,418.5,424.75,416.5,423.75,125200,,,
2019-01-22,425.5,426.5,423,425.5,135600,,,
2019-01-23,422,425.75,419.5,421.5,53200,,,
2019-01-24,421.5,427.75,419.75,422.25,47600,,,
2019-01-25,423.5,434.75,423.5,427.25,122800,,,
2019-01-28,426.75,428,417.25,417.25,85200,,,
2019-01-29,418.75,418.75,413,414.75,88400,,,
2019-01-30,414.75,419.25,404.75,406,115200,,,
2019-01-31,406.75,411.5,405.25,406.25,86000,,,
2019-02-01,403.75,404,399,399,115200,,,
2019-02-04,404.5,404.75,399.5,404.75,72800,,,
2019-02-05,403.75,411,403.75,411,64000,,,
2019-02-06,411,412.25,405,406,48000,,,
2019-02-07,403.25,404,400,400.25,72400,,,
2019-02-08,399.75,399.75,392.75,393,107600,,,
2019-02-12,393.5,397.75,393,397.25,126400,,,
2019-02-13,397.25,397.75,393.75,395.5,95200,,,
2019-02-14,395.25,396.25,393.5,394.25,71600,,,
2019-02-15,392.75,392.75,388,390.75,96000,,,
2019-02-18,398.75,400.25,396.75,398.25,89600,,,
2019-02-19,400,400,395.5,398.5,61600,,,
2019-02-20,397.25,399.75,395.5,399.75,68800,,,
2019-02-21,400,401,396.5,398,80400,,,
2019-02-22,395.75,404.5,393,403,115600,,,
2019-02-25,404.25,406.75,403.25,404,44400,,,
2019-02-26,403.25,404.25,396,397.75,48000,,,
2019-02-27,400,402.5,396.25,397.5,71200,,,
2019-02-28,399.75,402,397,400,70400,,,
2019-03-01,402.25,405.75,400,402.5,64400,,,
2019-03-04,406.75,406.75,400.5,401.75,46400,,,
2019-03-05,400,404.75,398,404.25,74000,,,
2019-03-06,401.25,403,398.25,398.25,103600,,,
2019-03-07,398.25,402,393.75,399.5,146000,,,
2019-03-08,408.5,408.5,396.5,397.25,227600,,,
2019-03-11,398,398,389,390,126000,,,
2019-03-12,391.75,400.75,389,397.25,126000,,,
2019-03-13,395.5,397.25,391.5,391.5,87600,,,
2019-03-14,395.25,395.25,378,383.25,307200,,,
2019-03-15,387,389.75,384,387.25,210400,,,
2019-03-18,387.5,391.75,383.75,391.75,216400,,,
2019-03-19,391.25,393.75,386.5,388.75,149600,,,
2019-03-20,388.75,393.5,388.75,393.5,168000,,,
2019-03-22,394,407.5,394,407.5,324800,,,
2019-03-25,406,406,392.5,399.75,208400,,,
2019-03-26,402.75,413.25,401.25,412,322400,,,
2019-03-27,401.25,402.5,395,399.75,133200,,,
2019-03-28,393.75,394.25,384.25,389.25,156800,,,
2019-03-29,388.5,390.5,383.25,385.75,75600,,,
2019-04-01,389,398.75,387.5,396.5,129200,,,
2019-04-02,399.75,399.75,394.75,398,65600,,,
2019-04-03,396.25,402.75,395.25,402.75,88400,,,
2019-04-04,401,404,400,400.25,59600,,,
2019-04-05,400.25,400.25,396.75,397.75,50800,,,
2019-04-08,395.75,397.75,390.75,391.5,73600,,,
2019-04-09,390,390,384.5,386,78400,,,
2019-04-10,384,384.5,382.5,383,47600,,,
2019-04-11,383,383,378.25,381,88400,,,
2019-04-12,380,383.5,379.25,379.75,62000,,,
2019-04-15,382.25,390.5,377.5,386.5,208000,,,
2019-04-16,381.25,383.5,381.25,383,56400,,,
2019-04-17,382.75,385.5,382.5,383,64400,,,
2019-04-18,383.5,384,377.5,378.25,94800,,,
2019-04-19,378.25,379.25,377.5,377.75,78800,,,
2019-04-22,377.75,377.75,375.25,377.75,70400,,,
2019-04-23,377.75,379.5,376.25,379,62400,,,
2019-04-24,380,380,373,374,150000,,,
2019-04-25,375.25,381.5,372.5,381,106400,,,
2019-04-26,377.75,378.25,374.75,375.75,51200,,,
2019-05-07,374.25,374.25,368.75,370.25,99200,,,
2019-05-08,365.25,365.25,360,363.75,144400,,,
2019-05-09,360,360,353.25,356.25,169200,,,
2019-05-10,357.75,358,352,356.25,82000,,,
2019-05-13,356,356,350.25,350.25,54400,,,
2019-05-14,345.25,350.25,342.75,350.25,58800,,,
2019-05-15,351.25,353.25,343,345.5,112400,,,
2019-05-16,346,346,340.5,343.5,85600,,,
2019-05-17,345,355.5,343,353,128000,,,
2019-05-20,358.5,360.5,351.75,360,66800,,,
2019-05-21,360,360.25,353.25,357.5,106800,,,
2019-05-22,358.5,360.5,352.5,357.75,54400,,,
2019-05-23,357.25,357.75,351.5,354.5,58000,,,
2019-05-24,351.25,358,349.75,358,50800,,,
2019-05-27,358.5,359.5,354.5,359.25,38800,,,
2019-05-28,359.25,360,350.75,358.5,166800,,,
2019-05-29,354.25,359.5,349.5,358,72800,,,
2019-05-30,357.5,361.25,357.5,359,43600,,,
2019-05-31,359,361.25,355.75,360.25,52800,,,
2019-06-03,353.25,357,351.5,355.75,38800,,,
2019-06-04,357.5,365.5,357.5,364.25,151600,,,
2019-06-05,367.5,375,367.5,373.5,111600,,,
2019-06-06,373.5,378,373.5,374,102400,,,
2019-06-07,374,378,374,377,60400,,,
2019-06-10,380,382.25,379,382,55200,,,
2019-06-11,386.25,387.25,382.5,385.5,109600,,,
2019-06-12,385.5,389,382,382,104000,,,
2019-06-13,382,386.5,377,386.25,140000,,,
2019-06-14,386.25,388.25,384.25,385.75,93600,,,
2019-06-17,385.75,389.5,383.5,386.25,81600,,,
2019-06-18,386,386.25,368,368.5,86000,,,
2019-06-19,371.25,389.75,369.25,389.75,161600,,,
2019-06-20,388.25,389.75,385,388.5,102000,,,
2019-06-21,388.5,388.5,377,377.5,274000,,,
2019-06-24,379.75,379.75,374.25,374.25,54400,,,
2019-06-25,374.25,377,370,371.25,47600,,,
2019-06-26,371.25,372,368.25,368.25,56800,,,
2019-06-27,368.25,373.5,368.25,372.5,56000,,,
2019-06-28,370,374.25,369.5,370.25,82400,,,
2019-07-01,380,384.75,377.5,384.5,97200,,,
2019-07-02,385.75,387,382.25,384.25,102400,,,
2019-07-03,384.25,387.25,382.75,386.25,77600,,,
2019-07-04,386.5,395.5,386.5,394.25,99600,,,
2019-07-05,392.5,396.75,392,396.5,77600,,,
2019-07-08,396.5,400,392,392.25,75200,,,
2019-07-09,393,393.25,384,386,56800,,,
2019-07-10,383.75,388.75,381.5,381.5,81200,,,
2019-07-11,386,391.75,383.25,391,68800,,,
2019-07-12,392.5,393,387.5,390,56800,,,
2019-07-16,390,390.5,382.75,390,87600,,,
2019-07-17,389.25,399,388.75,396.5,196800,,,
2019-07-18,398,398,379.5,381.25,133600,,,
2019-07-19,382.5,392,382.5,392,86000,,,
2019-07-22,392,395.25,392,393.5,120800,,,
2019-07-23,393.75,400,393.75,394,65600,,,
2019-07-24,394.75,399,394.5,398.25,75200,,,
2019-07-25,402.25,405.75,400,402.5,68000,,,
2019-07-26,403,407,401.25,406.75,57200,,,
2019-07-29,406,411.75,405.75,411.75,69600,,,
2019-07-30,412.5,413.25,403.25,410.5,126400,,,
2019-07-31,404.75,410.75,400.5,404.5,129600,,,
2019-08-01,405.75,407.25,403.75,405.25,39200,,,
2019-08-02,402.75,405,391,392.5,154400,,,
2019-08-05,390.5,393,381,385.5,111600,,,
2019-08-06,379,386,375.5,382.5,101200,,,
2019-08-07,382.25,392,382.25,386.75,62800,,,
2019-08-08,386.75,389.25,385,388,38000,,,
2019-08-09,388.5,390.75,387.75,390.75,35600,,,
2019-08-13,386.5,387,376.5,382.25,101600,,,
2019-08-14,387.25,389.75,385.25,389.75,78400,,,
2019-08-15,381.25,386.75,380.5,386,43600,,,
2019-08-16,383.75,390.75,382,389.75,50400,,,
2019-08-19,393.5,394.5,388.25,389.25,44400,,,
2019-08-20,393.5,393.5,384.75,388,102400,,,
2019-08-21,386.5,386.5,380.25,384,56800,,,
2019-08-22,387,387,374,374.5,92400,,,
2019-08-23,374,374.5,366.75,370.5,112800,,,
2019-08-26,363.5,366.25,358.75,358.75,136400,,,
2019-08-27,362.25,367,359.75,362,102800,,,
2019-08-28,362,366,361.75,365.25,92800,,,
2019-08-29,365.5,366.25,358.25,362.5,100400,,,
2019-08-30,366.5,375.75,365.75,375,145200,,,
2019-09-02,371.75,373,367.75,368.75,19600,,,
2019-09-03,368.75,374,368.75,370.75,44800,,,
2019-09-04,368,368,359.25,359.25,83600,,,
2019-09-05,361.75,371.25,361.75,369.5,98800,,,
2019-09-06,369.5,373.75,368.75,370.75,39200,,,
2019-09-09,374,404.75,374,399,272000,,,
2019-09-10,400,415.75,399.75,413.5,246000,,,
2019-09-11,413.75,433.25,413.75,432,266800,,,
2019-09-12,434.25,434.25,423.25,424,229600,,,
2019-09-13,427,431.75,421.5,431,264800,,,
2019-09-17,425.5,436.5,425.5,431.75,169200,,,
2019-09-18,432.5,434,424.25,429.75,210400,,,
2019-09-19,430.75,448.75,430.75,446.25,278000,,,
2019-09-20,446.75,449.75,430.5,430.5,503600,,,
2019-09-24,438,443.25,426.75,427,157600,,,
2019-09-25,431.25,431.25,420,427.25,84400,,,
2019-09-26,420,434.5,420,429.75,262800,,,
2019-09-27,416.5,425.75,408.5,414,258000,,,
2019-09-30,409.5,411.75,400.25,401.25,140000,,,
2019-10-01,401.25,408.25,401.25,407.25,71200,,,
2019-10-02,402.75,414.75,402.5,414.75,102800,,,
2019-10-03,406.5,407.25,398.75,400.75,100800,,,
2019-10-04,394.75,395.5,390.5,392.5,90400,,,
2019-10-07,392.5,392.5,386,389.25,84400,,,
2019-10-08,389.75,399.75,389.75,396.75,151200,,,
2019-10-09,395.5,401.25,391.5,401.25,84400,,,
2019-10-10,397.25,400.25,392.25,397.5,96000,,,
2019-10-11,398.5,404,398.25,402.25,104000,,,
2019-10-15,402.5,415,401.25,402.75,185600,,,
2019-10-16,410.25,422.25,410.25,419,148800,,,
2019-10-17,422.25,425.75,420,424.5,129200,,,
2019-10-18,429,435.25,424,427,120000,,,
2019-10-21,427.75,434,427,428.5,67600,,,
2019-10-23,432.75,432.75,422.5,429.25,102000,,,
2019-10-24,430.75,441,427.5,438,138400,,,
2019-10-25,438.75,438.75,432,437.75,88800,,,
2019-10-28,436,444.75,432.75,435.25,211200,,,
2019-10-29,441,444,435.75,437.25,94800,,,
2019-10-30,432.5,437.75,427,428.75,435600,,,
2019-10-31,428.5,428.5,414.5,420.75,139200,,,
2019-11-01,415,415.5,410.5,413.25,98400,,,
2019-11-05,423,431.25,416,430.75,212400,,,
2019-11-06,430.75,430.75,422.5,426,114400,,,
2019-11-07,426,428.75,421.25,421.5,80000,,,
2019-11-08,431,436.25,418.25,420,134000,,,
2019-11-11,420,432.25,420,431.75,107200,,,
2019-11-12,433,437,424.25,435.5,85600,,,
2019-11-13,435.5,435.5,428.75,430.5,56000,,,
2019-11-14,429.75,429.75,420.75,422.5,122000,,,
2019-11-15,426.75,439.25,424.5,437.5,119600,,,
2019-11-18,437.75,437.75,431.75,437.75,66800,,,
2019-11-19,437.75,438.25,428.75,430.75,50400,,,
2019-11-20,427.25,428,420.75,423.5,97200,,,
2019-11-21,423.5,435,420,435,149600,,,
2019-11-22,436,437.5,425.75,425.75,73200,,,
2019-11-25,431.75,434.25,425.75,428.75,61600,,,
2019-11-26,431.75,433,416.25,418.25,140800,,,
2019-11-27,418.25,431,416.75,431,136400,,,
2019-11-28,427,427,421,423.75,78800,,,
2019-11-29,423.75,425,420.25,425,78800,,,
2019-12-02,428.25,428.25,422.25,427,73600,,,
2019-12-03,425,425,418.5,419.25,60400,,,
2019-12-04,413,423.25,413,423.25,69200,,,
2019-12-05,423.25,426,423.25,425.25,74800,,,
2019-12-06,425.25,428,422.25,428,174000,,,
2019-12-09,428,431,428,429.75,108400,,,
2019-12-10,428.75,431.75,422.5,424.75,144800,,,
2019-12-11,424.75,428.5,423,425.75,124400,,,
2019-12-12,425.75,426.75,418.5,419.25,86800,,,
2019-12-13,427.75,431,424.75,428,346000,,,
2019-12-16,429.5,437.5,427.75,437,232800,,,
2019-12-17,438.75,439.5,436.25,439.5,132000,,,
2019-12-18,440.25,440.25,437.5,439.5,150000,,,
2019-12-19,437.75,439.5,435.25,437.25,102400,,,
2019-12-20,437.75,442.25,437.75,442,137200,,,
2019-12-23,445,445.25,442.25,444,192400,,,
2019-12-24,445,447.5,444,444.5,117600,,,
2019-12-25,444.5,444.5,430.25,430.75,144400,,,
2019-12-26,430.75,434,428.75,434,72400,,,
2019-12-27,436,439.75,429.75,439,75200,,,
2019-12-30,436,436,431,433.25,76000,,,
2020-01-06,430,430,422,422.75,98800,,,
2020-01-07,429,435.75,425.25,434.75,80000,,,
2020-01-08,425.25,430.25,420.25,422,102800,,,
2020-01-09,430.5,431,425,425.25,31600,,,
2020-01-10,425,427.5,422.75,423.75,30800,,,
2020-01-14,424,424,412.5,413.25,108000,,,
2020-01-15,413,419.25,413,416.5,79200,,,
2020-01-16,415,417,411.5,411.5,98400,,,
2020-01-17,411.5,417.25,409,411,95600,,,
2020-01-20,412.75,414.75,409.75,410.5,78000,,,
2020-01-21,410.5,412,409.75,410.75,65600,,,
2020-01-22,412,415,408.75,410.5,71600,,,
2020-01-23,410,412,408.75,411.25,52800,,,
2020-01-24,409.5,409.5,404,404,71600,,,
2020-01-27,400.75,403.25,396.25,401.5,86800,,,
2020-01-28,395.5,403.5,391.25,403.5,94800,,,
2020-01-29,399.5,401.75,397.5,400.5,81200,,,
2020-01-30,400,401.5,391.25,396.25,98800,,,
2020-01-31,400.5,401.5,396.5,396.5,60800,,,
2020-02-03,390,399.25,390,397,49600,,,
2020-02-04,397,401.25,397,401.25,29200,,,
2020-02-05,402.75,406,400.5,402.5,63200,,,
2020-02-06,407.5,413.75,406.5,411,126800,,,
2020-02-07,408.25,408.5,402.5,406,52400,,,
2020-02-10,401.75,404,401.75,403.75,31600,,,
2020-02-12,401.5,401.5,395.5,398,70800,,,
2020-02-13,395.5,395.5,391.5,392.75,58400,,,
2020-02-14,392.75,399.5,388.75,398,82400,,,
2020-02-17,394,394,387,389.25,55600,,,
2020-02-18,388.75,388.75,381.75,384.25,67200,,,
2020-02-19,384.25,384.25,380.5,380.75,50400,,,
2020-02-20,381.5,389,381.5,381.5,69600,,,
2020-02-21,381.5,396.75,381.5,395.25,120800,,,
2020-02-25,385.25,386.25,371,373,249600,,,
2020-02-26,369.25,376.25,366.75,375.75,142800,,,
2020-02-27,371.75,378.25,367.75,375,222000,,,
2020-02-28,367.25,372,364.25,368.5,241200,,,
2020-03-02,364,371,360.75,370.75,177200,,,
2020-03-03,372.75,376.25,361,361,160400,,,
2020-03-04,350,361.25,348,356.25,219200,,,
2020-03-05,357.75,358.5,349,349.5,158400,,,
2020-03-06,345.75,347.5,334.25,342,242800,,,
2020-03-09,332.5,334,318.75,321.5,126400,,,
2020-03-10,306.5,327,302.75,325.5,142400,,,
2020-03-11,328,337.5,325.5,325.5,177200,,,
2020-03-12,318.75,318.75,305.5,309.25,167600,,,
2020-03-13,286.75,297.5,279.75,289.75,354800,,,
2020-03-16,290.5,301.5,286.25,291,182000,,,
2020-03-17,286.25,312.25,280.5,308.75,323600,,,
2020-03-18,313.5,317.75,293.25,293.5,129600,,,
2020-03-19,301,315.5,301,315.5,185200,,,
2020-03-23,315.5,339.25,300.25,334.75,309200,,,
2020-03-24,342.25,342.25,326.5,340,156800,,,
2020-03-25,343,350.5,331,350.25,173600,,,
2020-03-26,349.25,365.25,340,362.75,202000,,,
2020-03-27,375,396.5,371.25,396.5,499200,,,
2020-03-30,377.5,396.25,366.5,394,280000,,,
2020-03-31,387.5,388,363.75,373,170800,,,
2020-04-01,371.75,371.75,339,344.75,104000,,,
2020-04-02,344.75,344.75,326,333.5,106800,,,
2020-04-03,326,341,325.25,327.5,106800,,,
2020-04-06,326.5,348,326.5,347.25,119200,,,
2020-04-07,352.25,352.25,331.5,346.75,113600,,,
2020-04-08,343.5,361.25,343.25,355,132400,,,
2020-04-09,354.25,356.5,338.5,351.25,108000,,,
2020-04-10,349.75,363.75,349.75,358.75,96400,,,
2020-04-13,358.75,362.25,354.25,357.25,76800,,,
2020-04-14,364.75,367.75,355.5,364.5,157600,,,
2020-04-15,364.5,364.5,342.5,346.75,169600,,,
2020-04-16,341.25,364.5,338,364.5,122800,,,
2020-04-17,365.5,367.25,353.5,353.75,68800,,,
2020-04-20,353.75,358.75,350.75,353.5,71600,,,
2020-04-21,353.5,359.5,348.75,356.75,120400,,,
2020-04-22,353,364,350.5,361.25,134000,,,
2020-04-23,361.75,375.75,353.5,375.75,97200,,,
2020-04-24,370.75,379.75,368.25,375.5,112000,,,
2020-04-27,374.5,377.5,364.5,377,92400,,,
2020-04-28,379.25,383,370.25,383,77600,,,
2020-04-30,384,392.75,375.75,384.5,156400,,,
2020-05-01,379.5,379.5,370.25,374.5,63600,,,
2020-05-07,377.75,383.25,372.5,381.25,89200,,,
2020-05-08,384.25,384.25,376,381,83600,,,
2020-05-11,382.75,386,376.75,379.25,75600,,,
2020-05-12,375,376.25,371,374,57600,,,
2020-05-13,370.75,380.75,370,379,109200,,,
2020-05-14,379,379,368.25,368.25,54000,,,
2020-05-15,373.75,382.25,371,382.25,93200,,,
2020-05-18,375.5,375.5,355.5,356.5,141600,,,
2020-05-19,367,370.25,351.25,356.5,121600,,,
2020-05-20,356.5,363.75,353.5,361.5,118000,,,
2020-05-21,361.75,365.75,360.25,363.75,113200,,,
2020-05-22,362.5,363.5,347.75,348,95200,,,
2020-05-25,351.25,356.25,351,353.25,51200,,,
2020-05-26,357,358.75,354,357.5,95600,,,
2020-05-27,363,368.5,355,367.75,192400,,,
2020-05-28,371,383,367.75,383,158800,,,
2020-05-29,383,385.5,370.25,385.5,328400,,,
2020-06-01,384.75,384.75,371.75,372.5,78800,,,
2020-06-02,378.5,378.5,370.5,375,148400,,,
2020-06-03,377.75,386.5,375,385.75,128800,,,
2020-06-04,389.25,390.5,378.75,385.5,156400,,,
2020-06-05,385.5,392,385.5,389,164000,,,
2020-06-08,389,389,380.5,383.75,206000,,,
2020-06-09,385.25,385.25,376.75,383.25,98800,,,
2020-06-10,382.25,383,377,381.5,99600,,,
2020-06-11,378,378,367.25,368.5,101600,,,
2020-06-12,362.5,364.75,353.75,359.5,116800,,,
2020-06-15,364.25,365,351,351,90400,,,
2020-06-16,362,362.25,351.25,356.25,216800,,,
2020-06-17,357,360.75,354.75,356.75,108400,,,
2020-06-18,358.25,358.25,347.75,350,113200,,,
2020-06-19,351.5,352.75,343,343,349600,,,
2020-06-22,345,345.25,342,345.25,122800,,,
2020-06-23,345.25,348.5,340.75,344.5,147200,,,
2020-06-24,344.5,346.5,338.25,338.25,113200,,,
2020-06-25,336.75,337.75,330.25,331.75,172800,,,
2020-06-26,335.5,345.75,335.5,345,149200,,,
2020-06-29,341.25,342.75,335.25,339.75,78000,,,
2020-06-30,342.75,344,330.75,330.75,75600,,,
2020-07-01,331.25,332.5,329.25,332,79600,,,
2020-07-02,337,337.25,330.25,331,92000,,,
2020-07-03,331,333.25,326,327.5,78000,,,
2020-07-06,327.5,338,327.5,336.25,65600,,,
2020-07-07,336.5,337.5,330.75,334,52400,,,
2020-07-08,330.5,332.75,327.25,327.5,80400,,,
2020-07-09,327.5,328.5,325.5,325.5,65600,,,
2020-07-10,325,325.25,320,320,166800,,,
2020-07-13,326,335.25,325.75,333.75,88800,,,
2020-07-14,333.75,335.75,329,332.5,68400,,,
2020-07-15,336.25,343.75,336.25,343.75,173600,,,
2020-07-16,341.25,342.25,333.5,334,85600,,,
2020-07-17,335.25,335.25,330.25,333.5,62400,,,
2020-07-20,333.5,335.75,327.25,334,92400,,,
2020-07-21,335,348.75,335,348.75,239200,,,
2020-07-22,348.75,348.75,333,333,152000,,,
2020-07-27,331.5,339.25,331.25,339.25,128000,,,
2020-07-28,334.25,337.25,330.75,337.25,78000,,,
2020-07-29,338.25,338.25,330.75,330.75,65200,,,
2020-07-30,331,331.5,324.25,326.5,94800,,,
2020-07-31,326.5,326.5,312,312.75,93200,,,
2020-08-03,313,316.25,311.75,312.5,64400,,,
2020-08-04,318,320.5,314.75,319.75,70000,,,
2020-08-05,315.25,316.25,312,313.75,57600,,,
2020-08-06,312.25,316.25,310.75,315.5,94800,,,
2020-08-07,313.5,316.25,311,311.5,81200,,,
2020-08-11,313,331.5,313,331.5,168000,,,
2020-08-12,328.75,340.5,328.75,339.75,148400,,,
2020-08-13,340.75,347.5,335.5,347.5,90800,,,
2020-08-14,348.25,348.25,335,335,71600,,,
2020-08-17,343.5,345,338.25,338.25,79600,,,
2020-08-18,338.25,341.25,336.5,341.25,49200,,,
2020-08-19,337.75,340.25,333,336.25,116400,,,
2020-08-20,336.25,336.25,333.75,334.25,67200,,,
2020-08-21,334.75,338.75,330.75,332,106800,,,
2020-08-24,335.5,335.5,329.75,331.5,51200,,,
2020-08-25,336.25,337.25,332.75,336,125600,,,
2020-08-26,332.5,338,331.75,336.5,42400,,,
2020-08-27,333.25,334.25,330.5,331.25,54800,,,
2020-08-28,334,343.25,332.75,338,158800,,,
2020-08-31,335.75,343,333.5,335.5,76000,,,
2020-09-01,333,336,331.75,335.5,70800,,,
2020-09-02,337.5,337.5,330.5,330.5,69200,,,
2020-09-03,333,338.5,331.75,332,108000,,,
2020-09-04,329.5,341,329.5,339.25,102000,,,
2020-09-07,340.5,347.25,338.5,346,138800,,,
2020-09-08,342.5,347.5,340,345.5,108000,,,
2020-09-09,337.5,343.5,334.25,341,172400,,,
2020-09-10,339.25,344.25,336.5,339.5,136000,,,
2020-09-11,339.75,343.5,336.75,341.5,147200,,,
2020-09-14,342.25,343,337.25,341.5,187600,,,
2020-09-15,341.25,344,337,343,139600,,,
2020-09-16,344,346.5,341,345.25,125600,,,
2020-09-17,345,346.5,342.75,344.75,86400,,,
2020-09-18,346.5,354.75,344.75,353.5,206800,,,
2020-09-23,353.5,354.75,345.75,350.75,182400,,,
2020-09-24,352,353.75,345.5,351.75,171200,,,
2020-09-25,352.75,358,351.5,353.75,119200,,,
2020-09-28,358.75,368.75,354,368.75,284000,,,
2020-09-29,356.5,366.5,356,361.25,222400,,,
2020-09-30,363,363,343,343,158800,,,
2020-10-01,#VALUE!,#VALUE!,#VALUE!,#VALUE!,0,,,
2020-10-02,349.75,351,338,339.5,170800,,,
2020-10-05,340.75,346,339,343.5,116800,,,
2020-10-06,341.75,347.5,339.75,346.5,72400,,,
2020-10-07,341.75,343.25,340,340,72000,,,
2020-10-08,340,344.25,338.5,344.25,141600,,,
2020-10-09,341.75,341.75,336.5,337,72400,,,
2020-10-12,335.75,335.75,329.75,333,80800,,,
2020-10-13,331,331.5,328.25,330.5,75200,,,
2020-10-14,328,330.5,326.25,330.5,71600,,,
2020-10-15,327.75,330.75,327.5,330,59600,,,
2020-10-16,330,334.75,330,332,64400,,,
2020-10-19,332.75,336,331.25,335,85200,,,
2020-10-20,334.75,336.5,332.25,332.5,95200,,,
2020-10-21,332.5,335,329,330,168000,,,
2020-10-22,329.75,330.5,326.5,329.25,102400,,,
2020-10-23,328.25,329.75,324,327.5,123600,,,
2020-10-26,327.5,329.25,324,328.75,64800,,,
2020-10-27,325.5,331.25,324.5,330.75,70800,,,
2020-10-28,327.75,334.75,322.5,332.75,263600,,,
2020-10-29,329.75,332,323.75,325,124400,,,
2020-10-30,325.25,325.75,319,325.75,146800,,,
2020-11-02,326.25,334.5,325.75,334.5,159600,,,
2020-11-04,338.5,338.5,333,337.25,176400,,,
2020-11-05,337,349.5,329.75,349.25,342400,,,
2020-11-06,349,351,344.25,351,147600,,,
2020-11-09,349.25,349.75,342.75,345.25,120800,,,
2020-11-10,356,357.75,343.5,352.5,273600,,,
2020-11-11,358.75,361,353.75,357,224000,,,
2020-11-12,359.5,359.5,348,352.75,118800,,,
2020-11-13,349.75,350,339.75,345.5,135600,,,
2020-11-16,343,345.25,336,338.25,254400,,,
2020-11-17,338.25,338.5,333.25,336.5,150800,,,
2020-11-18,337.75,340,333.5,338.5,125200,,,
2020-11-19,335.5,338.5,335.5,337.5,80000,,,
2020-11-20,337.5,343,337.5,340.25,228000,,,
2020-11-24,345,346,341,343,136000,,,
2020-11-25,347.25,347.25,333.75,333.75,294800,,,
2020-11-26,336.25,342.25,334.25,339.5,159600,,,
2020-11-27,342.75,342.75,333.75,337,254400,,,
2020-11-30,337,337,320.25,320.25,322000,,,
2020-12-01,325.5,326.5,318.75,322.75,234800,,,
2020-12-02,325.25,327.25,319.75,322,271600,,,
2020-12-03,322.25,325,321.25,323.75,94400,,,
2020-12-04,323.75,325.25,321,324.25,206400,,,
2020-12-07,324.25,325.75,321.5,322.25,149200,,,
2020-12-08,321.75,323,317.5,318.5,175600,,,
2020-12-09,317.5,319.5,316.5,317,127200,,,
2020-12-10,318,319,315,315.25,135600,,,
2020-12-11,312.5,314.5,311.5,312.25,351200,,,
2020-12-14,312.25,315.75,311.5,313.75,166400,,,
2020-12-15,313.75,315.75,312,315.5,135600,,,
2020-12-16,315.75,318,315,316.5,99200,,,
2020-12-17,315.75,318.25,315,318.25,97200,,,
2020-12-18,318.75,318.75,315.5,316.5,192400,,,
2020-12-21,316.5,321,316.5,321,219600,,,
2020-12-22,319.75,320.5,313.75,314,234800,,,
2020-12-23,313.75,316,309.5,312,258800,,,
2020-12-24,315.25,316,311.75,312.5,102400,,,
2020-12-25,312.5,315,312,314.5,137200,,,
2020-12-28,313.5,316,311.5,315.25,208400,,,
2020-12-29,316.25,325,315.5,325,179600,,,
2020-12-30,322.5,322.5,315,315,147600,,,
2021-01-04,317.25,317.25,310.5,311,220400,,,
2021-01-05,310.25,310.5,307.25,307.5,258000,,,
2021-01-06,307.5,313.5,307.25,311,162800,,,
2021-01-07,316.25,318.75,314,316.25,194800,,,
2021-01-08,316.5,321.5,313.75,321.5,262800,,,
2021-01-12,319.75,321.75,318.75,321,194000,,,
2021-01-13,321.75,322.75,319.5,322.25,174000,,,
2021-01-14,322.25,324.25,321,322.5,166000,,,
2021-01-15,321.75,322.25,318.75,318.75,192400,,,
2021-01-18,318.75,319.5,316,319,129200,,,
2021-01-19,320,320.25,316.75,317.75,154400,,,
2021-01-20,317.75,317.75,313.25,317,278800,,,
2021-01-21,317,320,315.25,317.25,153600,,,
2021-01-22,317,318.75,315,315,189200,,,
2021-01-25,315.75,317.5,313.5,315.75,167600,,,
2021-01-26,315.5,317.5,314.75,317.5,132000,,,
2021-01-27,317.5,317.5,315.5,315.5,237200,,,
2021-01-28,315,320,313.5,317.25,397200,,,
2021-01-29,317.25,317.25,312.5,312.5,290000,,,
2021-02-01,312.75,315.75,312.75,314.25,106000,,,
2021-02-02,314.5,316,313.25,315,100800,31738900,0,0
2021-02-03,315.25,319.25,315,317.25,180400,57132600,0,0
2021-02-04,316,322.5,315.75,321,176400,56466600,0,0
2021-02-05,323.75,328.75,322.5,326.75,226800,74047600,0,0
2021-02-08,330.25,335.75,330.25,334.25,252400,84177600,0,0
2021-02-09,335.75,336.75,331.75,333.75,220400,73667100,0,0
2021-02-10,332.75,338.5,332.5,334.5,212400,71248300,0,0
2021-02-12,337,339,332.75,333.25,168000,56354600,0,0
2021-02-15,337.25,337.75,334.5,335.25,164000,55101300,0,0
2021-02-16,337.5,347,336.5,339.25,303200,103563800,0,0
2021-02-17,342.25,346,342.25,342.5,190400,65472800,0,0
2021-02-18,344.75,344.75,340.5,342.25,226800,77652400,0,0
2021-02-19,341,341.5,336,339.5,326400,110535600,0,0
2021-02-22,340,344,339.5,342.25,188800,64488500,0,0
2021-02-24,344.25,344.5,340.25,342.25,315200,107744000,0,0
2021-02-25,344.75,349.75,342.5,348.75,299600,104092500,0,0
2021-02-26,342.75,344.25,337.5,337.5,419600,143091100,0,0
2021-03-01,337.75,342.75,335.5,342.25,337600,114663200,0,0
2021-03-02,345.5,345.5,339.25,341.5,272400,92988800,0,0
2021-03-03,340,340,335.75,338,473200,160108100,0,0
2021-03-04,337.5,344.75,336.5,344.75,378400,129244200,0,0
2021-03-05,342,346.75,339.75,346.5,464000,159215700,0,0
2021-03-08,349.25,353,346.75,348,405600,141725100,0,0
2021-03-09,354.25,357.75,352.5,356.75,317200,112653000,0,0
2021-03-10,355,357.25,352.5,355.75,210000,74477000,0,0
2021-03-11,358.25,361.25,356.5,359,260400,93556300,0,0
2021-03-12,357.5,360.5,353.25,359.75,386000,138109000,0,0
2021-03-15,362.75,370,362.25,369.75,338800,124085000,0,0
2021-03-16,372,378,370.5,375.25,272400,102007600,0,0
2021-03-17,374.5,379.5,373.75,379,227600,85762300,0,0
2021-03-18,380.25,382,378.25,380.75,302400,115123300,0,0
2021-03-19,382.5,397.5,380.25,391.75,729200,285151500,0,0
2021-03-22,392.5,398.75,392.5,394.75,508400,200782100,0,0
2021-03-23,396.75,397,383,384.25,591600,229308100,0,0
2021-03-24,375,378.5,369.5,372.25,492000,183743900,0,0
2021-03-25,376.5,384.25,375.25,382,349200,132933400,0,0
2021-03-26,386,391.75,383.75,386,569600,220722000,0,0
2021-03-29,388.75,392.75,373.5,377.75,997200,381655600,0,0
2021-03-30,353.75,364.25,352.5,362.75,792800,284177700,0,0
2021-03-31,358.75,359,348,348,466000,164098200,0,0
2021-04-01,347.75,350,340.5,342.5,277600,95448200,0,0
2021-04-02,343,346.5,340.25,343,204000,69927800,0,0
2021-04-05,344.5,348.5,342.5,346.75,382400,132463900,0,0
2021-04-06,350,350,339.75,340.5,259200,88861300,0,0
2021-04-07,340,340.75,336.5,338,288800,97822600,0,0
2021-04-08,338,338.25,330.5,330.75,365600,121818200,0,0
2021-04-09,336.25,337,332.25,332.75,168000,56150100,0,0
2021-04-12,334,337,333.25,335,165600,55517000,0,0
2021-04-13,335,337.25,332.75,332.75,146400,48994200,0,0
2021-04-14,332.75,335,330.75,334.75,146800,48923200,0,0
2021-04-15,336.25,340,335.25,336.5,143200,48297400,0,0
2021-04-16,337,338.25,334.25,335,141600,47572800,0,0
2021-04-19,335,337.75,333.25,334.25,181200,60660000,0,0
2021-04-20,334.25,337.25,332,334.25,346400,115884800,0,0
2021-04-21,330,332,328,330.5,348400,114921800,0,0
2021-04-22,332.75,334.5,327.5,328.5,331200,109079300,0,0
2021-04-23,326.75,330.5,326.75,327.5,294400,96703500,0,0
2021-04-26,328.75,328.75,325.75,326.5,323600,105903400,0,0
2021-04-27,327.25,330.75,326.5,329,250800,82549800,0,0
2021-04-28,332.75,333.25,325.75,325.75,268000,87815200,0,0
2021-04-30,326.25,328.75,323.75,323.75,431200,140290900,0,0
2021-05-06,325,329.5,324.5,325.5,315600,103096800,0,0
2021-05-07,329.75,335,328.25,333,329200,109464200,0,0
2021-05-10,337,340.75,333.5,340.25,302000,102238000,0,0
2021-05-11,339.5,340.25,332.75,334.25,312400,104645700,0,0
2021-05-12,331.25,331.25,325,326.75,576400,188494600,0,0
2021-05-13,325.5,328.75,324,324,423200,138027300,0,0
2021-05-14,327.5,331,326.75,328.75,290400,95623600,0,0
2021-05-17,328.25,329.5,325.25,326.5,405600,132698000,0,0
2021-05-18,328.5,329.5,325.75,327.75,250000,81976800,0,0
2021-05-19,326,329.75,323.5,327.25,373200,122043600,0,0
2021-05-20,327.25,330.5,327.25,330.5,328000,107938500,0,0
2021-05-21,331,331.5,328,328.5,285200,93935800,0,0
2021-05-24,330.75,331,325.75,326.75,576000,188594900,0,0
2021-05-25,326.25,327,321.5,322.5,820400,265679500,0,0
2021-05-26,322.5,322.75,317.75,321.25,702400,225305500,0,0
2021-05-27,318.75,325.5,317.25,322.75,2212800,712452700,0,0
2021-05-28,324,326,322.25,325.75,317200,102844300,0,0
2021-05-31,326.25,328.75,324.5,327.75,556000,181553100,0,0
2021-06-01,328.75,328.75,325.75,328.25,227600,74564400,0,0
2021-06-02,328.75,335.25,326.75,333.25,520800,173008100,0,0
2021-06-03,334,336.75,333.75,336,251200,84203900,0,0
2021-06-04,336,341,336,341,315200,106829100,0,0
2021-06-07,342.75,343,339.5,340.5,259600,88475500,0,0
2021-06-08,340.25,343,340.25,341.75,144000,49259400,0,0
2021-06-09,342.75,344.25,338.25,338.5,177600,60557600,0,0
2021-06-10,338.75,339.5,336.25,337.5,181600,61306800,0,0
2021-06-11,335.75,337.5,333,336.75,258400,86732000,0,0
2021-06-14,338,338.75,335,335.25,134400,45162700,0,0
2021-06-15,336,336,332.75,333,140400,46824500,0,0
2021-06-16,334.25,338.75,334.25,337.75,121600,41007600,0,0
2021-06-17,340,341.5,339,340,142800,48564700,0,0
2021-06-18,340,340,332.75,332.75,210400,70579700,0,0
2021-06-21,331.25,331.75,327.5,328.75,374400,123472300,0,0
2021-06-22,332.75,337,331.5,336,200800,67267600,0,0
2021-06-23,337.25,337.75,334.25,336,82000,27541700,0,0
2021-06-24,336.75,338.5,335,337.5,123200,41531800,0,0
2021-06-25,339.25,340.75,337.75,340.25,141600,48057500,0,0
2021-06-28,342,344.25,340.25,344.25,144800,49586100,0,0
2021-06-29,342.75,342.75,339.25,341,137200,46748600,0,0
2021-06-30,343.75,344.25,337.5,337.5,182400,61903200,0,0
2021-07-01,339.75,340,337.75,340,134800,45726000,0,0
2021-07-02,342,344,339.5,344,143600,49168600,0,0
2021-07-05,345.75,347.5,344.25,346.25,246400,85305200,0,0
2021-07-06,348.25,349.25,347.5,348.25,140800,49050600,0,0
2021-07-07,346.25,348.5,344.25,345.75,136000,47057900,0,0
2021-07-08,347,347.25,340.75,340.75,259600,89212000,0,0
2021-07-09,339.5,343,339.25,342,217600,74145500,0,0
2021-07-12,347.75,349.5,344,345.5,258000,89567400,0,0
2021-07-13,348.25,354,347.5,354,280400,98551900,0,0
2021-07-14,353.5,354.25,351.5,352.75,107200,37823500,0,0
2021-07-15,354.5,355.25,351.25,352.25,161200,56904300,0,0
2021-07-16,351.25,355.25,351.25,353.5,131200,46411900,0,0
2021-07-19,353,353,348.5,351.25,164400,57586100,0,0
2021-07-20,350.75,352.5,348,352.5,172400,60515100,0,0
2021-07-21,355.5,356.25,353.75,354,183600,65145700,0,0
2021-07-26,357.25,358,354.25,355,132000,46913700,0,0
2021-07-27,356.25,357.25,355.75,357.25,128400,45791600,0,0
2021-07-28,356.5,360.75,356.25,359,237200,85013000,0,0
2021-07-29,360,360.5,356.5,358,130400,46659000,0,0
2021-07-30,356.75,357,355,356.25,102000,36313400,0,0
2021-08-02,357.25,363,356.75,360.75,386400,139359200,0,0
2021-08-03,358,360,357,358.75,101600,36392800,0,0
2021-08-04,358.75,360,357,358,73200,26228400,0,0
2021-08-05,358.75,358.75,354.75,357,107600,38378800,0,0
2021-08-06,357.75,358.5,355.25,355.25,102000,36395000,0,0
2021-08-10,357.75,358.75,356.25,357,86000,30730500,0,0
2021-08-11,357.5,364.5,357.5,364.5,206000,74562200,0,0
2021-08-12,365,370.5,364,370,254800,93720000,0,0
2021-08-13,370,371,367.25,371,181200,66893100,0,0
2021-08-16,371,371,365,366.25,154000,56545700,0,0
2021-08-17,367,370.5,366.5,366.5,70000,25746600,0,0
2021-08-18,367.75,367.75,364.5,366.25,76000,27815200,0,0
2021-08-19,363.75,364,359.25,359.25,117600,42549000,0,0
2021-08-20,359.25,361.5,358.75,359.25,134000,48148000,0,0
2021-08-23,359.75,364,359.75,360.5,112800,40827600,0,0
2021-08-24,363.75,363.75,360,362.25,104000,37676500,0,0
2021-08-25,361.5,364,361.5,362.75,64000,23212700,0,0
2021-08-26,363,365.25,362,365.25,132400,48199500,0,0
2021-08-27,365.25,367.75,364.25,367.25,130400,47782500,0,0
2021-08-30,368.75,370,365.25,368,228400,83887000,0,0
2021-08-31,367,367.5,363.75,364,204800,74833000,0,0
2021-09-01,364.5,370,364.5,369.5,98000,36128500,0,0
2021-09-02,371.25,371.25,369,370,106400,39379700,0,0
2021-09-03,370,373,369,372.25,173200,64382000,0,0
2021-09-06,372.25,373.5,371,372.5,107600,40032300,0,0
2021-09-07,372.75,373.75,367.25,370.5,219200,81205700,0,0
2021-09-08,371,372.5,368.75,371.5,134400,49859500,0,0
2021-09-09,371.5,371.5,366.75,367.75,130800,48210900,0,0
2021-09-10,369.5,373.75,369.5,373.75,220400,81965500,0,0
2021-09-13,373.75,378.5,372,378.25,388000,145882200,0,0
2021-09-14,378,379.25,376,379,170000,64244400,0,0
2021-09-15,375,376.5,373,376.5,211200,79223200,0,0
2021-09-16,376.5,377.5,373.75,376.25,203600,76456400,0,0
2021-09-17,377,379.25,374.5,379.25,271200,102367500,0,0
2021-09-21,375,376.25,371.75,373.5,400400,149821700,0,0
2021-09-22,373.5,374.5,368.25,368.25,346000,128615100,0,0
2021-09-24,377.5,378,372.25,373,323600,121258800,0,0
2021-09-27,375.5,376.5,374,375,194400,72890000,0,0
2021-09-28,375.5,376.75,372.25,373.75,426400,159530500,0,0
2021-09-29,362.25,363.25,356.75,360.25,419600,151226800,0,0
2021-09-30,361.75,363.5,353.75,354,244400,87187600,0,0
2021-10-01,353.75,358.25,351.75,353.5,272400,96466500,0,0
2021-10-04,356.5,356.5,351.75,354,158800,56152200,0,0
2021-10-05,352,355,350.75,352.75,203200,71655900,0,0
2021-10-06,354.25,360.75,353,359.5,244800,87819300,0,0
2021-10-07,358.25,358.25,353,353.5,214000,75970100,0,0
2021-10-08,360.75,360.75,354,355.5,145200,51738100,0,0
2021-10-11,356,361,356,361,154800,55550700,0,0
2021-10-12,361.25,361.25,353.5,353.5,151600,54016600,0,0
2021-10-13,353.5,355.5,351.25,351.25,196400,69195800,0,0
2021-10-14,351.25,351.5,346,347.5,239600,83465200,0,0
2021-10-15,350,351.75,348,350.5,118800,41558300,0,0
2021-10-18,354,354,349.5,353,110800,38965200,0,0
2021-10-19,352.75,354.75,351,351.5,116400,41002900,0,0
2021-10-20,352,356.75,351.5,352.5,211200,74644600,0,0
2021-10-21,352.25,354.75,352,352.25,131600,46468600,0,0
2021-10-22,352.75,354,350,351,108000,37973100,0,0
2021-10-25,349.75,353.25,348,348,160000,56011900,0,0
2021-10-26,348.25,348.75,344,344,297600,102892000,0,0
2021-10-27,344.75,346.5,340,344,386400,132478300,0,0
2021-10-28,343.75,347,341.25,344.75,683600,235603900,0,0
2021-10-29,344.75,348.5,342,348.5,182000,62949600,0,0
2021-11-01,352.25,354.5,350.25,354.5,139200,49105900,0,0
2021-11-02,354.75,354.75,350.25,352.5,137200,48397500,0,0
2021-11-04,352.75,355.5,349.75,349.75,328800,115760400,0,0
2021-11-05,349.5,349.5,345.75,349.25,202800,70595800,0,0
2021-11-08,348.75,350.75,346.75,347.75,110000,38288500,0,0
2021-11-09,348.25,348.25,345.75,346.25,88000,30522400,0,0
2021-11-10,346.25,348.25,345.75,347.75,68000,23584000,0,0
2021-11-11,347.75,349.5,345.25,345.5,70400,24387100,0,0
2021-11-12,349.25,351.25,349,350,124400,43551300,0,0
2021-11-15,353.5,355.5,349.75,350.25,109200,38363200,0,0
2021-11-16,351.25,353.75,347.5,348.5,114800,40121600,0,0
2021-11-17,348,349.25,346.25,346.25,97600,33914500,0,0
2021-11-18,347.25,347.5,345,345.25,109200,37775000,0,0
2021-11-19,345,346.75,343.75,346.75,95200,32872700,0,0
2021-11-22,346.75,351.25,344.75,350.75,105600,36775400,0,0
2021-11-24,352.25,354,349.5,350,104800,36910900,0,0
2021-11-25,350,351.5,349,349.25,42400,14849200,0,0
2021-11-26,348.5,349.25,347.25,349.25,105600,36795700,0,0
2021-11-29,344.75,346.5,341.5,343.5,169600,58252000,0,0
2021-11-30,347.25,348.5,338.75,338.75,223200,76451000,0,0
2021-12-01,337.5,344,337.5,341.5,197200,67376400,0,0
2021-12-02,340.25,346,340.25,342.5,177600,60956900,0,0
2021-12-03,343.75,353.75,343.5,353.75,312000,109573400,0,0
2021-12-06,353.75,354.75,351.5,352,367200,129757700,0,0
2021-12-07,354.5,360.5,352.75,360.5,224400,80166900,0,0
2021-12-08,361.25,361.5,357.75,359,173600,62443500,0,0
2021-12-09,359,359.75,357,359.25,115200,41337200,0,0
2021-12-10,361.75,364,360.25,364,232800,84389600,0,0
2021-12-13,364.75,365,361.25,362.25,118000,42904200,0,0
2021-12-14,362.25,364.25,360.25,362.75,124400,45050200,0,0
2021-12-15,361,364.5,361,363.75,88000,31976000,0,0
2021-12-16,366,370.5,364.5,370,223600,82298000,0,0
2021-12-17,370.75,371.75,368.75,371.75,164800,61098200,0,0
2021-12-20,371.75,371.75,363,363,302400,111247200,0,0
2021-12-21,365,365.5,361.75,362.75,159200,57867900,0,0
2021-12-22,363.75,365,361.75,362.75,109200,39648300,0,0
2021-12-23,361.75,363.75,361.75,363.25,61200,22206600,0,0
2021-12-24,365.25,366,362.5,364.25,70400,25624500,0,0
2021-12-27,363.5,365.5,363.25,363.75,61600,22427300,0,0
2021-12-28,365.75,368.25,364,368.25,118800,43575800,0,0
2021-12-29,367.5,372.5,367.25,372.5,94000,34826400,0,0
2021-12-30,371.5,371.75,368,368,63200,23364600,0,0
2022-01-04,372,374.5,370,374.5,112000,41728700,0,0
2022-01-05,374.75,376.5,373,374,132400,49627700,0,0
2022-01-06,372.25,374.5,370,371.5,109600,40748700,0,0
2022-01-07,372.5,376.5,372.5,374.75,160000,59944000,0,0
2022-01-11,376.25,383,374.75,383,202800,76779600,0,0
2022-01-12,385,386.5,381.25,382.75,168000,64373400,0,0
2022-01-13,383.5,383.75,380.25,381.25,127200,48634600,0,0
2022-01-14,377.5,380,374,378.75,172800,65227200,0,0
2022-01-17,378.75,381.5,375.5,376.5,107600,40642000,0,0
2022-01-18,379,381,375,376.25,161600,61024700,0,0
2022-01-19,373.75,375.25,370.75,370.75,198000,73733900,0,0
2022-01-20,370.75,374.5,367,367,178000,65942000,0,0
2022-01-21,366.75,372,362.5,372,120800,44490300,0,0
2022-01-24,372,378.75,370.25,378.75,134800,50638600,0,0
2022-01-25,378.25,380.75,375,380.25,107200,40575600,0,0
2022-01-26,380.25,382.75,376.25,376.5,95600,36138200,0,0
2022-01-27,380,380.5,371,371,166400,62319700,0,0
2022-01-28,376.5,379.25,374.25,379.25,134000,50613600,0,0
2022-01-31,379.75,379.75,374.5,379.75,116000,43823900,0,0
2022-02-01,380,380,373.25,374.5,96400,36306700,0,0
2022-02-02,376.25,381.5,374.5,381.5,164000,62104000,0,0
2022-02-03,377.5,380,375.75,378.75,111600,42198200,0,0
2022-02-04,381.25,384.75,380,383.5,163600,62691500,0,0
2022-02-07,383.5,390,382.25,389.5,258000,99718100,0,0
2022-02-08,387.5,393,385.25,392.5,200400,78229600,0,0
2022-02-09,392.5,394,391,391.5,175600,68898300,0,0
2022-02-10,394.25,396.25,385.5,390.75,298000,116368900,0,0
2022-02-14,385.75,392.75,385.75,391,170800,66570200,0,0
2022-02-15,393.75,394.5,382.5,384.25,207600,80739500,0,0
2022-02-16,385,391.5,385,391.25,116800,45568900,0,0
2022-02-17,388.25,389.5,384.5,388.5,133200,51588600,0,0
2022-02-18,385,386.75,382,383.25,152400,58477900,0,0
2022-02-21,380.75,382.25,378.75,380.5,138400,52647000,0,0
2022-02-22,378.25,379,373.25,374.75,154400,57953300,0,0
2022-02-24,371.25,375.25,370.75,374.75,166400,62046300,0,0
2022-02-25,371,372.5,364.5,367.25,197200,72407000,0,0
2022-02-28,369.75,378.5,369.75,377,151200,56698900,0,0
2022-03-01,379.5,379.75,373,375,170000,63864000,0,0
2022-03-02,370,373.25,367.5,367.5,200400,74071000,0,0
2022-03-03,375,378.5,373.25,376.5,164400,61838300,0,0
2022-03-04,377.25,380.75,374.5,375.5,199600,75306100,0,0
2022-03-07,369.5,374.5,367.75,372.25,206000,76292500,0,0
2022-03-08,367.75,368.5,358.75,362.75,260800,94920600,0,0
2022-03-09,364.5,369,363.25,367.25,236800,86722200,0,0
2022-03-10,371.75,378,371.75,374.75,154800,58014900,0,0
2022-03-11,373.5,379.5,373.5,378.25,274400,102953900,0,0
2022-03-14,381.5,384.5,378.75,380,136400,52063100,0,0
2022-03-15,384.75,389.75,383.5,388.5,170000,65763000,0,0
2022-03-16,389.5,389.5,384,388,254800,98628100,0,0
2022-03-17,390,394.25,388.25,392.25,224400,87803200,0,0
2022-03-18,392.25,396.75,390.25,396.75,468400,184655000,0,0
2022-03-22,396.75,398.75,392.75,396.25,340800,135015300,0,0
2022-03-23,398.75,399.5,396.25,398.75,193200,76987000,0,0
2022-03-24,393.75,396.25,389.5,396.25,211200,83088000,0,0
2022-03-25,396.25,397.5,393.5,395.5,376000,148835300,0,0
2022-03-28,396.5,398,392.25,395,326000,128810800,0,0
2022-03-29,394,395.25,390.75,394,445600,175149500,0,0
2022-03-30,385,388.25,374.25,377.75,331200,126025700,0,0
2022-03-31,374.25,376.5,367,369,177600,65813100,0,0
2022-04-01,365,370.75,364,369,168400,61947000,0,0
2022-04-04,369,370,367.25,369.25,111600,41152100,0,0
2022-04-05,369.25,370,364.25,364.25,162000,59260500,0,0
2022-04-06,366,368.25,362.5,362.5,215200,78510600,0,0
2022-04-07,358.75,361.25,356.75,361,162000,58201600,0,0
2022-04-08,356.25,357.75,352.5,355,237600,84346400,0,0
2022-04-11,355,360,355,357.25,194000,69347400,0,0
2022-04-12,355,359,352.75,352.75,151600,53816600,0,0
2022-04-13,355,357.75,352.5,357.25,120800,42948300,0,0
2022-04-14,358,359.25,356.25,358.25,78000,27930700,0,0
2022-04-15,356.25,358,354,355.25,116000,41222700,0,0
2022-04-18,353.25,355.25,350.75,353.5,162800,57460100,0,0
2022-04-19,357.25,357.25,351.75,352.5,108800,38472700,0,0
2022-04-20,353.75,360.75,353.75,359.5,157200,56332200,0,0
2022-04-21,361,364,360.25,364,185600,67344000,0,0
2022-04-22,360.75,362.75,357.5,359.25,105600,37919600,0,0
2022-04-25,357.25,357.25,353.75,356.25,122000,43354300,0,0
2022-04-26,356.5,358.25,354.5,354.5,93200,33179000,0,0
2022-04-27,352.5,353.75,339,339,592000,204357200,0,0
2022-04-28,342.5,354.25,342.5,352,332800,116571300,0,0
2022-05-02,354.5,359.5,354.25,359.5,184000,65784000,0,0
2022-05-06,362.25,363.75,360.25,360.25,156000,56429700,0,0
2022-05-09,362.75,363.75,358,361.25,219200,79223800,0,0
2022-05-10,358.75,358.75,356.25,356.75,165600,59183500,0,0
2022-05-11,355.25,355.25,349.25,350.25,213600,75034400,0,0
2022-05-12,347.75,352.25,345,345,208800,72533300,0,0
2022-05-13,345,354.25,344.75,354.25,216000,75604200,0,0
2022-05-16,348,351.25,344.5,345.25,235600,81672800,0,0
2022-05-17,345.25,345.25,341.25,341.75,230400,78982000,0,0
2022-05-18,342.75,343.75,340,342,174000,59479000,0,0
2022-05-19,339.75,343,338.75,342.5,205200,70029100,0,0
2022-05-20,339.75,342.5,339.25,342,232400,79162000,0,0
2022-05-23,342.5,346.25,342.5,343.5,210800,72534400,0,0
2022-05-24,344,345.25,341,341.25,155200,53101300,0,0
2022-05-25,340.75,342.5,340.5,340.75,130400,44474200,0,0
2022-05-26,341,345.75,341,344,173600,59755100,0,0
2022-05-27,347.25,348.25,345.25,347.5,103200,35773200,0,0
2022-05-30,346.25,349.5,343.5,343.75,502000,173409500,0,0
2022-05-31,344.5,347,340.5,340.5,241200,82737600,0,0
2022-06-01,341.25,344.5,341.25,343.25,416000,142589500,0,0
2022-06-02,343.5,347.5,343,347,179600,62138800,0,0
2022-06-03,347.5,348.5,344,344,299600,103572200,0,0
2022-06-06,344,345.5,343.25,344.5,220800,75954700,0,0
2022-06-07,346.75,349.25,345.5,346.25,223600,77780200,0,0
2022-06-08,346.5,348.5,346,346.75,194000,67337800,0,0
2022-06-09,345.5,348.25,345,346.25,205600,71294000,0,0
2022-06-10,344,345,342.25,342.25,314000,107743000,0,0
2022-06-13,342.25,344,341,342.5,258400,88541600,0,0
2022-06-14,341.25,342.25,339.25,340.75,316800,107943900,0,0
2022-06-15,340.5,342.75,339.75,339.75,180800,61581400,0,0
2022-06-16,341.25,344.5,341,343.25,165600,56778700,0,0
2022-06-17,339.25,342.5,339,340.25,277600,94519500,0,0
2022-06-20,340.5,344.25,338.75,339.5,205200,69853100,0,0
2022-06-21,340.25,343.5,340.25,342.25,153600,52552100,0,0
2022-06-22,345.5,345.5,342.5,343,89600,30829000,0,0
2022-06-23,343,344.75,341.75,343.75,134800,46279900,0,0
2022-06-24,342.75,345.75,342.25,345,121200,41761000,0,0
2022-06-27,346.25,349.5,344.25,345.75,163200,56488100,0,0
2022-06-28,345.5,347.5,345,345.75,108000,37362800,0,0
2022-06-29,345.75,348.5,343.75,344.25,360000,124396500,0,0
2022-06-30,344.5,349,344,348.5,267200,92749500,0,0
2022-07-01,348.25,349.75,344,345,185200,64032100,0,0
2022-07-04,349.25,351.25,347,351.25,112800,39400700,0,0
2022-07-05,351.25,353.25,349,351.25,222400,78143300,0,0
2022-07-06,351,352.5,344.5,346.5,214800,74695000,0,0
2022-07-07,347.25,349.75,346,349,126000,43874100,0,0
2022-07-08,349.5,353.5,348.75,350.25,276400,97068800,0,0
2022-07-11,353.5,356.75,352.25,355.75,184000,65296000,0,0
2022-07-12,355.75,355.75,353.5,354,141600,50179000,0,0
2022-07-13,354.75,356.25,353.25,353.75,92800,32887800,0,0
2022-07-14,352.5,352.5,351,351,98400,34582100,0,0
2022-07-15,352.25,353,350.75,352.25,118000,41533800,0,0
2022-07-19,354.5,356.25,352.75,353,114400,40512800,0,0
2022-07-20,355,356.75,354.5,356.5,191200,68050400,0,0
2022-07-21,356.5,356.5,353.25,354.25,256800,91296100,0,0
2022-07-22,355,355,353,353,103600,36626200,0,0
2022-07-25,352.5,353.25,351.5,351.5,102400,36067100,0,0
2022-07-26,352.75,355.25,352.25,352.75,90800,32118200,0,0
2022-07-27,351.75,353.25,351.25,351.5,102800,36189700,0,0
2022-07-28,352.5,356.25,352.25,354.25,294000,104226500,0,0
2022-07-29,354.25,354.75,351.5,352.5,160800,56727500,0,0
2022-08-01,354,355,352,353.5,145200,51375900,0,0
2022-08-02,352,353,350.25,350.5,201600,70843700,0,0
2022-08-03,350.75,351.5,349,349.25,286400,100301400,0,0
2022-08-04,350.5,350.75,346.75,346.75,178000,61928800,0,0
2022-08-05,348.5,349.75,347.75,348,124000,43220300,0,0
2022-08-08,349.5,352.5,349.25,349.25,258400,90503400,0,0
2022-08-09,349.25,349.75,348,348,130000,45312600,0,0
2022-08-10,348.25,350.75,348,349.75,89200,31198000,0,0
2022-08-12,355,356.75,353,354,266400,94568900,0,0
2022-08-15,357,359,354.75,358.25,193200,69101400,0,0
2022-08-16,359.25,359.5,356.75,358.75,144800,51877400,0,0
2022-08-17,361,367.25,360.75,366,337200,123245800,0,0
2022-08-18,365,367.75,363.75,364.5,226400,82726200,0,0
2022-08-19,364.5,367.25,364,365.5,96400,35236400,0,0
2022-08-22,363.5,369,363.25,368.75,177600,65111100,0,0
2022-08-23,369,369,365.25,368,110000,40433400,0,0
2022-08-24,367.75,370.5,367.5,370.25,118000,43614100,0,0
2022-08-25,370.75,375.25,370.75,373.25,182400,68136300,0,0
2022-08-26,374,379,373.75,373.75,178400,67158300,0,0
2022-08-29,367.5,371,367.25,367.5,223200,82273500,0,0
2022-08-30,369.75,373.25,368.75,371.25,154400,57311800,0,0
2022-08-31,370,373.25,370,371,118000,43861000,0,0
2022-09-01,371.25,372.75,367.5,368.25,188000,69446900,0,0
2022-09-02,368.5,368.75,363.25,364.25,182000,66390100,0,0
2022-09-05,364.25,366.5,360.75,363.75,140400,51005300,0,0
2022-09-06,364,367.25,363.75,366,175200,64030500,0,0
2022-09-07,365.25,366.25,359.5,361.5,184400,66673100,0,0
2022-09-08,364.25,367.25,364,366.5,154000,56401500,0,0
2022-09-09,363.75,371,363.75,370,174000,63829800,0,0
2022-09-12,371.25,371.25,366.75,367.5,104000,38278700,0,0
2022-09-13,368.25,369,366.5,367,53200,19550700,0,0
2022-09-14,362.5,365.5,361.75,363,140400,51067700,0,0
2022-09-15,364,364.75,363,364.75,76000,27668100,0,0
2022-09-16,364.5,369,363.75,368.5,133600,49084600,0,0
2022-09-20,370.25,374,369.5,371.5,228800,85071300,0,0
2022-09-21,370.75,373.25,369.25,369.25,196000,72663200,0,0
2022-09-22,367.75,368.25,364.75,366.75,212800,78009200,0,0
2022-09-26,363.75,366.5,361,362,274800,99764100,0,0
2022-09-27,363,363.5,359,359.25,190400,68654600,0,0
2022-09-28,357.75,359,354.25,358.25,378800,135058200,0,0
2022-09-29,352.5,356.75,350,355,283200,99985700,0,0
2022-09-30,352.75,355.75,351.25,352.75,173200,61226800,0,0
2022-10-03,350.5,353,349,353,133600,46927200,0,0
2022-10-04,356.25,361.75,355.5,359.25,282000,101241300,0,0
2022-10-05,360,363.25,358.5,358.5,157600,56825900,0,0
2022-10-06,359,363.75,359,361.5,156400,56627500,0,0
2022-10-07,358,363.5,357.75,362.5,93200,33747400,0,0
2022-10-11,358.5,361.75,358.5,359.75,120800,43456000,0,0
2022-10-12,359.5,360.25,356.25,356.5,127600,45646500,0,0
2022-10-13,355.25,356,353.25,353.25,122400,43370400,0,0
2022-10-14,359.5,364.25,357.5,362,202800,73357700,0,0
2022-10-17,362,362,358,359,79200,28447700,0,0
2022-10-18,361.5,364.5,361.25,363.25,110000,39950900,0,0
2022-10-19,364.25,368.5,362.75,368.5,121200,44467300,0,0
2022-10-20,364.75,368.75,364.75,368.75,133600,49064700,0,0
2022-10-21,366.25,367.75,364.25,366.25,81200,29722200,0,0
2022-10-24,370.75,371.25,366.75,369.75,205600,75965200,0,0
2022-10-25,371.25,372,368.25,368.75,124400,46005100,0,0
2022-10-26,372.25,379.75,370,377.5,320400,120433000,0,0
2022-10-27,373,375,364,364,181600,66573500,0,0
2022-10-28,362.5,366.25,358.25,358.5,347600,125197000,0,0
2022-10-31,363.25,364.75,361.75,363.75,139200,50562200,0,0
2022-11-01,365,365.75,358.75,359.5,98000,35312600,0,0
2022-11-02,358.25,361.75,357,357,165200,59172400,0,0
2022-11-04,357,359.75,354.5,355.25,161200,57361000,0,0
2022-11-07,358.5,361.5,357.25,359.5,104400,37545400,0,0
2022-11-08,360.5,361.75,359.5,360.5,80400,28995500,0,0
2022-11-09,360.5,362.25,359.25,360.25,83200,29992600,0,0
2022-11-10,357.5,360.75,357.5,359.25,78400,28152100,0,0
2022-11-11,362.5,362.5,358,361,120000,43287800,0,0
2022-11-14,357.5,357.5,353.5,354.25,226800,80496100,0,0
2022-11-15,354.25,356.75,353.75,354,119600,42404500,0,0
2022-11-16,354.25,356.5,353,355.25,135200,47956100,0,0
2022-11-17,355.25,359,355.25,358.25,114000,40715200,0,0
2022-11-18,359.5,361.5,357,357.5,145200,52100500,0,0
2022-11-21,357.75,360.5,357.5,360,107200,38465900,0,0
2022-11-22,362.25,365.75,361.75,365.75,199200,72515500,0,0
2022-11-24,367.5,372.5,367.5,371.25,204000,75597700,0,0
2022-11-25,371.5,374.5,368.75,374,145600,54274100,0,0
2022-11-28,380.75,382.25,375.5,377.75,226400,85786200,0,0
2022-11-29,375.5,380.25,372.5,379.25,214000,80775400,0,0
2022-11-30,377,379.25,374.5,375,120400,45250200,0,0
2022-12-01,375,375,368.75,370,162800,60396100,0,0
2022-12-02,368.75,368.75,361.5,364.25,220000,80190400,0,0
2022-12-05,364.25,364.5,360,360.5,168000,60726200,0,0
2022-12-06,358.25,363.75,358.25,359.5,169600,61161000,0,0
2022-12-07,358.75,365,358.75,362.75,209600,75995600,0,0
2022-12-08,362.5,362.5,356.75,361,175200,62950800,0,0
2022-12-09,361,363.5,360,362,146000,52781600,0,0
2022-12-12,363.25,364,360.75,361,148400,53683600,0,0
2022-12-13,362.5,363.75,361,361.25,121600,44047000,0,0
2022-12-14,361,363,360.25,360.75,116800,42162200,0,0
2022-12-15,361.25,363,361,362.5,91200,33047400,0,0
2022-12-16,361.5,365,360,360,192400,69605100,0,0
2022-12-19,360,367.5,360,364.25,222000,80820600,0,0
2022-12-20,365.25,382,363.5,375,718800,267072700,0,0
2022-12-21,382.25,387.25,371.25,374,623200,235982200,0,0
2022-12-22,377.5,381.75,376,380.5,294800,111667200,0,0
2022-12-23,382.25,391.75,379.5,390.75,333600,128914300,0,0
2022-12-26,391.5,391.5,383,385.25,314000,121462400,0,0
2022-12-27,387.5,396.25,386,394.75,231600,90716700,0,0
2022-12-28,395.25,395.75,388.75,393,273600,107618200,0,0
2022-12-29,392.5,394.75,385.25,394.25,270000,105767600,0,0
2022-12-30,394.5,400.75,393.75,397.5,252400,100534600,0,0
2023-01-04,402.75,403.75,395.25,402.75,256800,102943100,0,0
2023-01-05,400,400.5,391,392,234400,92621500,0,0
2023-01-06,392.5,403.5,390.75,396.25,226000,89859000,0,0
2023-01-10,396.5,399,390,390,162800,63989600,0,0
2023-01-11,391.75,394.75,390,394.5,122400,48094300,0,0
2023-01-12,392.5,404,391.25,402.5,191200,76476600,0,0
2023-01-13,405,428,403.5,421.5,605600,254547500,0,0
2023-01-16,423,427.25,413.25,413.25,336400,140737700,0,0
2023-01-17,415,417,408.25,409.25,194000,79733500,0,0
2023-01-18,409.25,411.75,393.75,410,279200,113262800,0,0
2023-01-19,412.75,415,401,403.25,177200,71857500,0,0
2023-01-20,403.25,410,400,409.25,122800,49848600,0,0
2023-01-23,409.75,415.75,408,408,241200,99107000,0,0
2023-01-24,412.25,417,408,415.5,142400,59011500,0,0
2023-01-25,412.5,414.75,408,409.5,123600,50640100,0,0
2023-01-26,410,410.25,405.25,407.5,118400,48278100,0,0
2023-01-27,407.5,415.75,406,414.75,165600,68275500,0,0
2023-01-30,415,422,414.25,419.75,242000,101528100,0,0
2023-01-31,421,424,416.25,416.5,221200,93010400,0,0
2023-02-01,419.75,423.75,413.75,415.25,134000,55912100,0,0
2023-02-02,413,415,410.5,411.75,155600,64143600,0,0
2023-02-03,408.5,412.75,407.5,411.5,180000,73870800,0,0
2023-02-06,414.5,416.5,404.75,411.75,298800,122553900,0,0
2023-02-07,411.75,416.75,410.75,414.75,272800,112802300,0,0
2023-02-08,412.75,419.75,411.75,418.25,143200,59714200,0,0
2023-02-09,418.75,419.75,414,414.5,180400,75035300,0,0
2023-02-10,416.25,423.75,416.25,419.75,154400,64810300,0,0
2023-02-13,419.25,428.75,418.25,419.5,380800,160605500,0,0
2023-02-14,420.25,424,418.75,420,161200,67716500,0,0
2023-02-15,421,428.25,420.5,427.75,336400,142959200,0,0
2023-02-16,428.75,432.5,423,423.75,258800,110458500,0,0
2023-02-17,423.75,427.25,423.75,425,97200,41297700,0,0
2023-02-20,426.25,431.75,425.75,429.25,160000,68682600,0,0
2023-02-21,431.25,435.5,431.25,434.75,212000,91889200,0,0
2023-02-22,434.75,435.75,431,435.25,229600,99787000,0,0
2023-02-24,437.5,444.75,434.75,436.25,323200,141845700,0,0
2023-02-27,436,444.25,436,444,106400,46933800,0,0
2023-02-28,442.25,442.5,435.75,436.25,239600,104935900,0,0
2023-03-01,434.25,445,434.25,442.75,198800,87597700,0,0
2023-03-02,443.25,445.25,433.25,435.25,259200,113332000,0,0
2023-03-03,435,437.5,431.5,433.5,208800,90777400,0,0
2023-03-06,433.5,433.5,428.75,429,204800,88059600,0,0
2023-03-07,430.75,437.5,430.75,436.25,216800,94188300,0,0
2023-03-08,436.25,442.75,436.25,442.5,157200,69286900,0,0
2023-03-09,444.5,452.75,444.5,451.5,282800,127259600,0,0
2023-03-10,445.5,447,432.75,434,439200,193383700,0,0
2023-03-13,421,421,408.25,416.25,737600,305791300,0,0
2023-03-14,399.75,404,394.25,396.5,794400,315850000,0,0
2023-03-15,407.5,414,404.5,407.5,354400,144547700,0,0
2023-03-16,394.5,395,387,391,598400,233682900,0,0
2023-03-17,399.5,401,388.5,392.75,305600,120092800,0,0
2023-03-20,388,395.25,385,386,376800,146555500,0,0
2023-03-22,398,402,395.75,396,255600,101661900,0,0
2023-03-23,392,396,389.5,395.5,241600,94932400,0,0
2023-03-24,392.25,395.5,390.5,393.5,159600,62752600,0,0
2023-03-27,394.25,394.5,387.5,393.5,291600,114201800,0,0
2023-03-28,397.75,397.75,393.25,395,180800,71453400,0,0
2023-03-29,392.5,398.25,391.5,398,356800,141330000,0,0
2023-03-30,388,391.25,384.25,390.25,324000,125878900,0,0
2023-03-31,390.5,395,389.75,394.75,264400,103901700,0,0
2023-04-03,396.75,406.25,395.25,403.75,221200,88883000,0,0
2023-04-04,403.75,405.75,400.25,404.25,234800,94818200,0,0
2023-04-05,401.75,402.5,396.5,398,239200,95317400,0,0
2023-04-06,395,396.25,391.25,392.25,217600,85520200,0,0
2023-04-07,392.5,395.25,391.75,392.75,133600,52533100,0,0
2023-04-10,393.25,395,390.25,390.75,124800,48937300,0,0
2023-04-11,393,393,387.5,388.75,184400,71738400,0,0
2023-04-12,391.75,393,389.25,391.5,121200,47456100,0,0
2023-04-13,388.75,389.75,387.5,389.75,179200,69698700,0,0
2023-04-14,390,392,388.5,390.25,134000,52339000,0,0
2023-04-17,390,393,388.25,392.5,173200,67690000,0,0
2023-04-18,394.5,401.5,394.5,398,171600,68469900,0,0
2023-04-19,395.5,399.25,393,398.75,161600,64153400,0,0
2023-04-20,394.75,406.5,394.75,405.5,224400,90380900,0,0
2023-04-21,403.75,404.25,397.25,398,131600,52659900,0,0
2023-04-24,399.25,400.75,395.5,395.5,123200,48955800,0,0
2023-04-25,395,399,394.75,395,99200,39291400,0,0
2023-04-26,391.25,393.5,386.25,390.75,282400,110186800,0,0
2023-04-27,389.5,395.25,389.5,394.75,164800,64852300,0,0
2023-04-28,399.5,404,395.5,397.5,261200,104111500,0,0
2023-05-01,403.25,403.25,394.5,397.75,161200,64050100,0,0
2023-05-02,398,399,394.25,399,137600,54680600,0,0
2023-05-08,393.5,396.75,391.25,392.5,212800,83785200,0,0
2023-05-09,393,396.25,389.5,392.25,229200,90065600,0,0
2023-05-10,394.5,397.5,392.75,395.5,124800,49290700,0,0
2023-05-11,393.5,396,391.5,395.75,69200,27306900,0,0
2023-05-12,395.75,395.75,391.25,393,170000,66800400,0,0
2023-05-15,392,394.75,388.5,389.75,250000,97669400,0,0
2023-05-16,394.5,394.5,388.5,390.75,199600,77939700,0,0
2023-05-17,389.75,396.75,388.75,394,332800,130872100,0,0
2023-05-18,395.75,401.75,395.25,398.5,331600,132238700,0,0
2023-05-19,398.5,399.25,391.75,391.75,140000,55144400,0,0
2023-05-22,391.75,393,387.75,387.75,225600,87951400,0,0
2023-05-23,391.75,391.75,387,389,161600,62896300,0,0
2023-05-24,387.5,391.25,387.5,387.75,114000,44373000,0,0
2023-05-25,387.5,388.75,385.5,386.25,134400,51958400,0,0
2023-05-26,385,385.25,379.5,379.75,275200,105187700,0,0
2023-05-29,379.5,382.75,379.5,380.25,159600,60760700,0,0
2023-05-30,379.5,380.75,377,378.25,228400,86327200,0,0
2023-05-31,375.75,378,375.25,375.75,255600,96147100,0,0
2023-06-01,376.25,380,375,379.75,162000,61258000,0,0
2023-06-02,381.25,385.25,380.75,384.75,218400,83672800,0,0
2023-06-05,387.5,390,383.75,385.5,339200,131013700,0,0
2023-06-06,381.75,382.5,379,381.25,213200,81167500,0,0
2023-06-07,385.25,389.25,380,380.5,372800,143034700,0,0
2023-06-08,381,386.25,378.75,379.5,211200,80409100,0,0
2023-06-09,380.25,384,380,383,282400,107645800,0,0
2023-06-12,384.5,386.75,384,385.25,221600,85437600,0,0
2023-06-13,385.25,387.5,383,383,204400,78705200,0,0
2023-06-14,385,387.5,384.5,386,123600,47678800,0,0
2023-06-15,386.75,387.5,384.75,384.75,138000,53269500,0,0
2023-06-16,386.25,387.75,382.75,384.25,264400,101731700,0,0
2023-06-19,387,387.75,384.5,387.25,131200,50714500,0,0
2023-06-20,385,388,385,387.75,185200,71631600,0,0
2023-06-21,387.75,390.75,387,390.5,179600,69957500,0,0
2023-06-22,391.25,394.25,391.25,392.25,204800,80392100,0,0
2023-06-23,394.25,394.75,389,390.75,180000,70453400,0,0
2023-06-26,391,392.75,388,391,106000,41441700,0,0
2023-06-27,391,392.5,388,390.75,133200,51932400,0,0
2023-06-28,391.5,399.25,391.5,398.75,219600,87118200,0,0
2023-06-29,398,401.25,392.25,395.75,318000,125972000,0,0
2023-06-30,398,401,393.5,394.75,217200,85793000,0,0
2023-07-03,395,399.25,395,398.5,155600,61922400,0,0
2023-07-04,399.5,409.75,399.5,409.25,255200,103775100,0,0
2023-07-05,405.5,411.75,402.75,405.75,265600,107999000,0,0
2023-07-06,405.5,408.5,403.75,404.25,166000,67391300,0,0
2023-07-07,400.5,409.75,398.25,405.75,198000,80179400,0,0
2023-07-10,411.25,413,406,407,182800,74773500,0,0
2023-07-11,407,408,403.75,404.75,90800,36859600,0,0
2023-07-12,404,407.75,403.25,406,132800,53822400,0,0
2023-07-13,406.25,407.5,402.5,404.25,166000,67075900,0,0
2023-07-14,406.5,406.5,401,401,95600,38440300,0,0
2023-07-18,401.25,412,401.25,407.75,133600,54376500,0,0
2023-07-19,410.25,413.25,409.25,412,157600,64858100,0,0
2023-07-20,413.75,415.25,412.25,414,213600,88259700,0,0
2023-07-21,416.5,417.25,409.25,410.25,220000,90633300,0,0
2023-07-24,410.25,413.25,409,411.25,87600,36029500,0,0
2023-07-25,411.75,413.25,410,411.75,78800,32432100,0,0
2023-07-26,412.75,412.75,409.5,411,72400,29761500,0,0
2023-07-27,410,415,410,414,106400,43877600,0,0
2023-07-28,417,426.75,414.75,425.75,377600,159383700,0,0
2023-07-31,434,438.25,429.75,434.25,327200,141736700,0,0
2023-08-01,434,434,427.5,428.75,214400,92208400,0,0
2023-08-02,426.75,429.5,423.25,423.5,215200,91628400,0,0
2023-08-03,422.25,423,418.25,418.75,283600,119088400,0,0
2023-08-04,418.25,423.5,418.25,423,225600,95103500,0,0
2023-08-07,423,427.25,421,426,140400,59693500,0,0
2023-08-08,426.25,429.5,426.25,428.5,84000,35957400,0,0
2023-08-09,427.5,427.5,420.25,422.25,170000,71918000,0,0
2023-08-10,422.25,425,420,423.5,162000,68516800,0,0
2023-08-14,425.75,430,419,421,160000,67653500,0,0
2023-08-15,421.25,423.25,417.5,422,104800,44145600,0,0
2023-08-16,417.25,417.25,411.25,411.5,232000,95792100,0,0
2023-08-17,411.5,416.75,408.5,416.5,163600,67498000,0,0
2023-08-18,413.75,416.5,411.5,413.25,154400,63851300,0,0
2023-08-21,413.25,417.5,412.5,415,137200,56997800,0,0
2023-08-22,417.5,423,415.25,423,111200,46732600,0,0
2023-08-23,418,421.25,418,421,52000,21845500,0,0
2023-08-24,418.5,425.75,418.5,424.75,88000,37322900,0,0
2023-08-25,422,426.25,420.75,424.5,102400,43452500,0,0
2023-08-28,427.25,430,427.25,428.5,75600,32390300,0,0
2023-08-29,429.75,430.25,424.75,427.25,138000,59059800,0,0
2023-08-30,427.5,435.5,427,435,197200,85393100,0,0
2023-08-31,435,438,433.25,436.5,144400,63014500,0,0
2023-09-01,436.5,443,436.5,440.75,174400,76891800,0,0
2023-09-04,444,449.25,443,449.25,311200,139046700,0,0
2023-09-05,450.5,452,444.5,451.5,386400,173244100,0,0
2023-09-06,450.5,462,450.5,461.25,390000,178970800,0,0
2023-09-07,461.5,464.25,458.75,462.75,261200,120722800,0,0
2023-09-08,455,460.25,454.5,455.25,407600,185771200,0,0
2023-09-11,459.25,474.75,459.25,474.75,414800,194953200,0,0
2023-09-12,475.75,479.25,469.25,478,324000,153496600,0,0
2023-09-13,480.5,485,477.25,481.75,347200,166915600,0,0
2023-09-14,486.25,491.25,486,488,323200,158121900,0,0
2023-09-15,493.5,497,483.75,487.5,625600,306723900,0,0
2023-09-19,488.25,495.5,488.25,495,312400,153815100,0,0
2023-09-20,496.25,498.25,490,493,434000,214101000,0,0
2023-09-21,494.25,504,491,491,259200,128629000,0,0
2023-09-22,488.75,499.5,484.5,495.5,388400,191066200,0,0
2023-09-25,490.75,493,482.5,483.5,294400,142969100,0,0
2023-09-26,483.75,491,482.5,486.25,266400,129578700,0,0
2023-09-27,485,489.5,479,488.75,370000,179406300,0,0
2023-09-28,477.5,485.75,476.75,478.75,206800,99237200,0,0
2023-09-29,477.5,477.5,462.75,464,250000,117373800,0,0
2023-10-02,469.5,477,465.75,466.5,222400,104610900,0,0
2023-10-03,466,466,450.5,450.75,232400,105765800,0,0
2023-10-04,440.75,446.75,432.25,434.25,442000,193409100,0,0
2023-10-05,435.25,452,435.25,450,273600,122222600,0,0
2023-10-06,451.75,456.5,447.5,453.75,139600,63406600,0,0
2023-10-10,456.5,469.25,454.5,468.25,283200,131207200,0,0
2023-10-11,468.25,469.5,462.75,466,126400,58972800,0,0
2023-10-12,466,467.25,464.25,465.5,116800,54366500,0,0
2023-10-13,462,467.25,453.25,454,158400,72590300,0,0
2023-10-16,450,454.75,445.75,448.25,148400,66596700,0,0
2023-10-17,450.25,453.5,445.75,450,97600,43888200,0,0
2023-10-18,455,461.25,453,460.5,195600,89674800,0,0
2023-10-19,454.5,463.25,454.5,463,152400,70229300,0,0
2023-10-20,462.25,472.5,461.5,463.25,300800,139974000,0,0
2023-10-23,467.5,471,462.5,462.5,135200,63022100,0,0
2023-10-24,458.5,459.75,447,457.5,218400,99158000,0,0
2023-10-25,453,465.75,453,461.5,98000,45148900,0,0
2023-10-26,456,462.5,453,458.75,137200,62789500,0,0
2023-10-27,459.75,474.5,459.75,473.5,290800,136466600,0,0
2023-10-30,475,482,471,473.75,375200,178602300,0,0
2023-10-31,479.75,491,477,489.25,493200,239772300,0,0
2023-11-01,495.75,498.75,490.25,497.75,229200,113610400,0,0
2023-11-02,502.75,504.5,492,498.25,248800,123806900,0,0
2023-11-06,500,501.5,490.25,490.25,214400,105894900,0,0
2023-11-07,490.25,497.5,486.25,489.25,181600,89181200,0,0
2023-11-08,489.5,489.5,459,461.25,566800,265262800,0,0
2023-11-09,457.75,464,450,460.25,271600,124339500,0,0
2023-11-10,450.25,458.75,448,458,268000,121756000,0,0
2023-11-13,458.75,460,453,459,160800,73500100,0,0
2023-11-14,464,464,450,455.75,221600,100713900,0,0
2023-11-15,459.75,459.75,449,453,212000,95958700,0,0
2023-11-16,450.75,458.75,450,450,347200,157030500,0,0
2023-11-17,450,461.25,449.5,460,188800,86398700,0,0
2023-11-20,460,468.5,459.75,465.5,214400,99430100,0,0
2023-11-21,463.5,472,463,464.25,186000,86641900,0,0
2023-11-22,463.5,470,463.5,467.5,105600,49363500,0,0
2023-11-24,467.5,469.75,464.25,468.25,84800,39630400,0,0
2023-11-27,470.75,474,467.5,470,161600,76018400,0,0
2023-11-28,469.25,477.25,468,470.25,156800,73966400,0,0
2023-11-29,468.75,470.5,459.25,464.25,295600,137256200,0,0
2023-11-30,463.5,470,461.25,467,206400,96358300,0,0
2023-12-01,470.75,470.75,464,468,247600,115629300,0,0
2023-12-04,466.25,469.5,464.5,466.75,143200,66892500,0,0
2023-12-05,463.25,468.5,463,463.75,243200,113201700,0,0
2023-12-06,461.75,467,459.75,465,218400,101295500,0,0
2023-12-07,461.25,466,459.75,465,143200,66420400,0,0
2023-12-08,463.25,474.25,463.25,473.25,415600,195241800,0,0
2023-12-11,476,481.75,468.75,471,358400,170083900,0,0
2023-12-12,472.25,474.5,468.5,470.25,148800,70218200,0,0
2023-12-13,471.25,479.75,471.25,476.25,157200,75002200,0,0
2023-12-14,476,476,460.75,460.75,227600,106161300,0,0
2023-12-15,460,462.25,456.5,461,168000,77181600,0,0
2023-12-18,454.75,454.75,445.25,450.75,172800,77841500,0,0
2023-12-19,454.5,454.5,447.75,451,192400,86771200,0,0
2023-12-20,451,451.5,447,448,290800,130756400,0,0
2023-12-21,447.5,449.25,443.5,443.75,230800,102886900,0,0
2023-12-22,447,451.75,442.75,451,178000,79861400,0,0
2023-12-25,452.25,452.25,447.25,447.75,73200,32868900,0,0
2023-12-26,447.25,447.75,444,445,95200,42412100,0,0
2023-12-27,448,449,446.25,448.5,290000,129844900,0,0
2023-12-28,446.25,451,446.25,450.25,84800,38074700,0,0
2023-12-29,448.25,456.75,448.25,453.75,147600,66928700,0,0
2024-01-04,450.5,453.75,446.5,453.75,197600,89006700,0,0
2024-01-05,456.25,466.75,456.25,464.75,226400,104806800,0,0
2024-01-09,465.25,470,463.5,464.75,138800,64554200,0,0
2024-01-10,464.75,469.75,463,464,156400,72893900,0,0
2024-01-11,465.75,475.5,465.75,470.25,152400,71948200,0,0
2024-01-12,470.5,473.25,465.25,466,140800,65945100,0,0
2024-01-15,465.75,476.25,465.75,473.5,124400,58852800,0,0
2024-01-16,473.75,473.75,467.5,469.5,119200,56002500,0,0
2024-01-17,468.75,473.75,468,468,124000,58274000,0,0
2024-01-18,470,472,467,470.75,90800,42637300,0,0
2024-01-19,469.5,471.25,467.25,467.25,114400,53633600,0,0
2024-01-22,467.75,472.75,467,472.5,114000,53552600,0,0
2024-01-23,475.75,475.75,468,468.25,130800,61557200,0,0
2024-01-24,466.75,477.5,466.75,477.25,194000,91781400,0,0
2024-01-25,478,482.75,476,477.25,139200,66547100,0,0
2024-01-26,475.75,481.5,473.75,475,154800,73948700,0,0
2024-01-29,475.75,481.5,475.75,480.75,95600,45874800,0,0
2024-01-30,480.5,480.5,475.25,475.75,82400,39294100,0,0
2024-01-31,478.25,485.75,478.25,485.75,164400,79464100,0,0
2024-02-01,487.25,487.25,479,481.75,135200,65188300,0,0
2024-02-02,481.25,481.5,475,478.25,129200,61752200,0,0
2024-02-05,478.75,484.5,477.5,482.25,142400,68576800,0,0
2024-02-06,479.75,480.75,474.5,474.5,153200,73134300,0,0
2024-02-07,474.25,477.75,473,476.75,88400,42037600,0,0
2024-02-08,475,476.5,469.25,472.5,182000,86012500,0,0
2024-02-09,468.5,471.25,463.75,465.75,205200,95953200,0,0
2024-02-13,466.75,471,465.5,469,178400,83355500,0,0
2024-02-14,469,469,463.5,467.25,162000,75444800,0,0
2024-02-15,467,470.25,465,467,173600,81103000,0,0
2024-02-16,469.5,476.25,469.5,472.25,208800,98883200,0,0
2024-02-19,475,487.5,475,487.5,200000,96304200,0,0
2024-02-20,487.25,490,482.25,483,148400,71886600,0,0
2024-02-21,483.75,486.75,481.25,484,97600,47199600,0,0
2024-02-22,484.25,488.25,480.75,483.25,131200,63399300,0,0
2024-02-26,484,486,481.25,481.75,94800,45727900,0,0
2024-02-27,481.5,489.25,479,483.25,183600,88957600,0,0
2024-02-28,483.25,496.5,482.5,493.75,299600,147259000,0,0
2024-02-29,489.5,498.25,489.5,494.5,104800,51846000,0,0
2024-03-01,495,504.75,494.75,502.5,234000,117073200,0,0
2024-03-04,502.5,502.5,492,496.75,210800,104644300,0,0
2024-03-05,495,498,491.25,496.75,156000,77337700,0,0
2024-03-06,492.75,501.25,491.75,497.5,351200,174247100,0,0
2024-03-07,499.75,513.5,499.75,509.25,343200,174626500,0,0
2024-03-08,512.25,524.75,508.5,522.5,349200,180548300,0,0
2024-03-11,515,520.25,495.25,499.75,316800,159866200,0,0
2024-03-12,495.5,501.25,490.5,501.25,200400,99520400,0,0
2024-03-13,505.25,512,499.25,503.25,188400,94940300,0,0
2024-03-14,508,509.25,504,507,86800,44000700,0,0
2024-03-15,509.5,517.5,507.75,513.5,165200,84715900,0,0
2024-03-18,520.75,520.75,513,518.75,146800,75868000,0,0
2024-03-19,516.5,521,512,515.75,215200,110951800,0,0
2024-03-21,521,531,517.75,527.25,241600,127089900,0,0
2024-03-22,530.5,532.5,525.25,532.5,133200,70635000,0,0
2024-03-25,532,532.25,521.25,521.25,228400,119925200,0,0
2024-03-26,521.25,527.25,520,524.5,176400,92559700,0,0
2024-03-27,528.25,549.5,527,539.5,651600,349772500,0,0
2024-03-28,528.25,532.25,520.75,520.75,326800,171800200,0,0
2024-03-29,522.25,527,516.5,521,134000,69880000,0,0
2024-04-01,526,527.5,515.5,516.25,208000,108185900,0,0
2024-04-02,519.5,523.75,500.75,503,256800,130382300,0,0
2024-04-03,499.25,512,498.25,505.75,203200,102875900,0,0
2024-04-04,508,509.25,500,503,194000,97917700,0,0
2024-04-05,496.25,499.25,493.5,497.5,116800,57951000,0,0
2024-04-08,499,501.5,497,500.25,154400,77114200,0,0
2024-04-09,500.25,502.5,498,500.5,116000,57990500,0,0
2024-04-10,497.5,500,496.75,496.75,92800,46215800,0,0
2024-04-11,494.5,500,492.75,498.5,145600,72402200,0,0
2024-04-12,498.5,500,496.5,497.75,101600,50606300,0,0
2024-04-15,498.25,515.5,497.5,512.75,425600,215772500,0,0
2024-04-16,511.5,514.25,497.5,498.5,277200,139521400,0,0
2024-04-17,502.5,502.5,489.75,490.25,271600,133977400,0,0
2024-04-18,490.5,502,490.5,499.75,168800,84104200,0,0
2024-04-19,497.5,503,490.5,494.75,186000,92164400,0,0
2024-04-22,501,508,498.5,507.25,182800,92241800,0,0
2024-04-23,509.25,516.5,509.25,513,154800,79443300,0,0
2024-04-24,516.75,516.75,510.25,514,192800,99034100,0,0
2024-04-25,513.75,518,508.25,509.25,152400,78058800,0,0
2024-04-26,507.5,516.5,505,512,178400,91170600,0,0
2024-04-30,510.25,522.75,504.75,521.75,254800,131301600,0,0
2024-05-01,516.25,528.25,516,522.25,178400,93312600,0,0
2024-05-02,522.25,527,519.25,525.25,112000,58657300,0,0
2024-05-07,521.25,525.25,519.5,520.75,96000,50022300,0,0
2024-05-08,518,521,515.25,517.75,108400,56167000,0,0
2024-05-09,521.5,527,516.5,524.5,155600,81286100,0,0
2024-05-10,519,521.5,508.5,517.25,275200,141730200,0,0
2024-05-13,513.5,520.75,512.25,516,168000,86769900,0,0
2024-05-14,513,518.75,504.75,509.25,138000,70384000,0,0
2024-05-15,511.75,514,504.75,510.5,127600,65042600,0,0
2024-05-16,508.5,514.25,505.5,509.5,146800,74584800,0,0
2024-05-17,507.5,513.75,505.5,513.75,100000,51091600,0,0
2024-05-20,513.75,523,513.75,518,135200,70260100,0,0
2024-05-21,521,522,516.25,516.25,76800,39801600,0,0
2024-05-22,516.25,518.75,511.25,512.5,128000,65800600,0,0
2024-05-23,512.5,512.5,505.5,507.75,111600,56793400,0,0
2024-05-24,503.75,505.75,502,502.25,93600,47121400,0,0
2024-05-27,502.25,509.5,502.25,506.75,106400,53808300,0,0
2024-05-28,509,512.25,506,510.25,69200,35280600,0,0
2024-05-29,510.5,525,510.5,517.75,192000,99374500,0,0
2024-05-30,514.5,528,510.75,527.75,160800,84200900,0,0
2024-05-31,530,546.75,529.25,546.75,232800,125848000,0,0
2024-06-03,548.5,555.5,543,554.5,266000,146191600,0,0
2024-06-04,551.75,551.75,533,534,207200,111687400,0,0
2024-06-05,526.75,528.5,520.5,524.5,174400,91550500,0,0
2024-06-06,520.25,530.25,520.25,529.5,188000,99183600,0,0
2024-06-07,529.5,535.75,528.5,532.25,147200,78210800,0,0
2024-06-10,537.5,544.5,537.25,542.25,160400,86951800,0,0
2024-06-11,544.25,544.75,532.5,532.5,100800,54025800,0,0
2024-06-12,531.25,531.25,525.5,527.25,64000,33768200,0,0
2024-06-13,527.25,527.25,516.5,516.5,101600,52810200,0,0
2024-06-14,515,519.5,513.25,516.25,210000,108304800,0,0
2024-06-17,515.75,518.25,508,508.75,132400,67648100,0,0
2024-06-18,512,514.25,506.25,510.25,82000,41758400,0,0
2024-06-19,507.75,514,507.75,509.75,96000,49058600,0,0
2024-06-20,509.75,512.5,507.25,510.25,146400,74661900,0,0
2024-06-21,512.25,513.25,508.75,509.25,179600,91587400,0,0
2024-06-24,510.5,510.5,504,509,146000,74188200,0,0
2024-06-25,512.5,526,512.5,525,268000,139704400,0,0
2024-06-26,525.25,533.25,518.75,530,192800,102183500,0,0
2024-06-27,528.75,534.75,526.25,532.5,187200,99452300,0,0
2024-06-28,533,536.25,532,536.25,102800,54967100,0,0
2024-07-01,536.25,536.5,529,530.25,183600,97487900,0,0
2024-07-02,530.25,533.5,526.5,532.75,285200,151357000,0,0
2024-07-03,526.75,538.75,526.75,534.25,247600,132487900,0,0
2024-07-04,534,534.25,525.5,528,197600,104534400,0,0
2024-07-05,526.5,527.75,517.5,517.5,140800,73486100,0,0
2024-07-08,515.25,515.25,510.5,511,133600,68479200,0,0
2024-07-09,511,517.25,506.25,513,156400,80068000,0,0
2024-07-10,513,519.25,512.5,513.75,104000,53483000,0,0
2024-07-11,516,520,513.25,517.25,98400,50886200,0,0
2024-07-12,510.25,518.5,510.25,516.75,119200,61518900,0,0
2024-07-16,516.25,518.5,512.25,512.5,90400,46549100,0,0
2024-07-17,514.75,519.75,512,512.75,150800,77773900,0,0
2024-07-18,512,519.25,507.75,517.5,200000,103102900,0,0
2024-07-19,515.25,517.5,509.75,515.25,74400,38161500,0,0
2024-07-22,515.25,517.25,510,510.25,179200,91894200,0,0
2024-07-23,511.5,516.75,511.25,514.25,104800,53826200,0,0
2024-07-24,511,516,508.5,508.5,114800,58573900,0,0
2024-07-25,505.5,507,501.5,503.75,210000,105896500,0,0
2024-07-26,502.5,506.5,500,500.75,138000,69351600,0,0
2024-07-29,503,511.25,502,510.75,121200,61679900,0,0
2024-07-30,506.25,506.5,501,502.75,178800,89907500,0,0
2024-07-31,501,518,499.25,518,218400,111039700,0,0
2024-08-01,513.75,523.25,510.75,513.75,242400,124995200,0,0
2024-08-02,495.75,495.75,470.75,470.75,421200,204124000,0,0
2024-08-05,440.75,460.75,393.75,403.75,465600,198033200,0,0
2024-08-06,425,445,419,438,363600,157075800,0,0
2024-08-07,431.5,460.75,429.5,452.5,324800,146135300,0,0
2024-08-08,442.5,450,438,438,230800,102261000,0,0
2024-08-09,451.75,456.25,440.5,448,274400,123412600,0,0
2024-08-13,451.5,461.25,451.25,461.25,124000,56669400,0,0
2024-08-14,461.25,469.75,460.25,464.75,88000,40926000,0,0
2024-08-15,466.25,471.75,465,468,177200,82805300,0,0
2024-08-16,473.75,483.25,472,478.5,136800,65353900,0,0
2024-08-19,474,474,466,466.25,202800,95232100,0,0
2024-08-20,472,472,463.25,464.75,157600,73555300,0,0
2024-08-21,462.75,463.75,459.75,463.75,104000,48072600,0,0
2024-08-22,462.5,462.5,455.25,456.75,109600,50096100,0,0
2024-08-23,456.25,458.75,452,456,174000,79161700,0,0
2024-08-26,455.25,455.5,450,451.75,180400,81637400,0,0
2024-08-27,457,458.75,452.5,456,302000,137756100,0,0
2024-08-28,455,461.25,455,459.25,188400,86229300,0,0
2024-08-29,456,459.5,453.75,455,121600,55365000,0,0
2024-08-30,455,456.5,452.5,454,154400,70161500,0,0
2024-09-02,456.75,458.25,452.75,457.75,150400,68471400,0,0
2024-09-03,459.5,463,457.5,457.5,206400,94770900,0,0
2024-09-04,450.25,450.5,435.75,437.75,708400,313318300,0,0
2024-09-05,432.5,442.25,426.5,433.5,227600,98914900,0,0
2024-09-06,435.75,438.25,429.25,430.75,319200,138169100,0,0
2024-09-09,420.75,428,416.75,427,430400,181453500,0,0
2024-09-10,425,429.25,423.75,424.25,227600,96791900,0,0
2024-09-11,419,420.75,411,414.5,506400,210305100,0,0
2024-09-12,419.75,423.5,414.5,418,192400,80530900,0,0
2024-09-13,418,424.5,416.5,421,512800,214744800,0,0
2024-09-17,423.75,425,406.75,412.5,563600,232429000,0,0
2024-09-18,413.75,414.75,409,414.75,383600,157985100,0,0
2024-09-19,416.5,423.75,415.25,422.75,234000,98556200,0,0
2024-09-20,425,430.75,423.5,427.25,312800,133436900,0,0
2024-09-24,431.25,431.25,420.75,420.75,241200,102130400,0,0
2024-09-25,419.75,419.75,412.75,415.5,350800,145683300,0,0
2024-09-26,418,423,414.75,423,426400,178715400,0,0
2024-09-27,414.5,415.75,409.5,413.25,380400,156823500,0,0
2024-09-30,407.5,418.25,407.5,411.75,288400,118925600,0,0
2024-10-01,412.75,422.75,412.75,419,163200,68350300,0,0
2024-10-02,419,423.75,415.75,417.25,239600,100461500,0,0
2024-10-03,424.5,424.5,416.25,419,116000,48820000,0,0
2024-10-04,421,428.75,421,425.25,235600,100218200,0,0
2024-10-07,435,438,431.5,432.5,284000,123475800,0,0
2024-10-08,426.75,427.5,417,418,364800,153540900,0,0
2024-10-09,421.25,422.25,413,413.5,302800,126008600,0,0
2024-10-10,418,418,410.5,413.75,228400,94285800,0,0
2024-10-11,412,416.25,411.75,412.75,458400,189195300,0,0
2024-10-15,417.5,423,415,421,297200,124524500,0,0
2024-10-16,417.5,424.25,417,420,131200,55229700,0,0
2024-10-17,423.25,426.5,422.25,422.5,93200,39516300,0,0
2024-10-18,422.25,430,421.25,425,173200,73858200,0,0
2024-10-21,425.5,425.5,416.5,416.5,172800,72586000,0,0
2024-10-22,419.5,419.5,410.5,412.5,243600,100540700,0,0
2024-10-23,409.5,411,406.5,407,358800,146527900,0,0
2024-10-24,401.75,407.25,399,404.75,632000,254492200,0,0
2024-10-25,404.5,405.25,398.5,401.25,456800,183158100,0,0
2024-10-28,401.5,411.75,400.5,409,201200,81983500,0,0
2024-10-29,411.75,416.5,411.75,414.25,131600,54555700,0,0
2024-10-30,417,428.25,412.5,423.5,960800,405640000,0,0
2024-10-31,423.25,428.75,421,422.75,280800,119034500,0,0
2024-11-01,419.75,426.25,419.75,424,131600,55727900,0,0
2024-11-05,427.5,428.75,424.5,425,162800,69490200,0,0
2024-11-06,426,440.5,426,437,351200,153275000,0,0
2024-11-07,448,450.25,442.75,447.75,434000,194059300,0,0
2024-11-08,449.25,492.5,445.75,479,740800,342953300,0,0
2024-11-11,480.25,487.5,471.5,484.5,750800,360415200,0,0
2024-11-12,490.75,496.5,487.5,490,452800,222356300,0,0
2024-11-13,489,490,479,483.5,290000,140335900,0,0
2024-11-14,481,496.75,480.5,494.25,458800,225516600,0,0
2024-11-15,494.25,501,488.75,496.5,431200,213857100,0,0
2024-11-18,500.75,507.5,500.5,504,352800,177598500,0,0
2024-11-19,507.5,508.75,499.5,506.25,219600,110800100,0,0
2024-11-20,504.75,505.75,498.25,503,144400,72440000,0,0
2024-11-21,502.5,509.75,499.25,503.25,221600,111822400,0,0
2024-11-22,501.75,506.25,501.75,503.75,132400,66739900,0,0
2024-11-25,506.25,507.75,500.25,500.5,175200,88230200,0,0
2024-11-26,502.5,502.75,493.5,495,308800,153567400,0,0
2024-11-27,494.25,500,489.75,500,311200,154187700,0,0
2024-11-28,493.75,497.75,491.5,497.75,334000,165208000,0,0
2024-11-29,494.75,505.25,494.75,504.5,243200,122188300,0,0
2024-12-02,506.75,523.25,506.5,523.25,407600,210582400,0,0
2024-12-03,523.75,527,521.25,525,342400,179614000,0,0
2024-12-04,523.75,535.5,522.5,534.75,500400,265520800,0,0
2024-12-05,535,545.5,535,542.75,408800,221219700,0,0
2024-12-06,546.25,550.25,539.25,545.5,379600,207118400,0,0
2024-12-09,547.5,548.5,534.5,544.5,378800,206033700,0,0
2024-12-10,550.5,552,540,542.5,551200,301653200,0,0
2024-12-11,542.5,552,538.75,551.25,256400,140531100,0,0
2024-12-12,555,569.5,555,567,494000,278352600,0,0
2024-12-13,557.5,564.5,548,552.75,420800,233577200,0,0
2024-12-16,557.5,560.75,551.5,555,230400,128172300,0,0
2024-12-17,552.5,556.5,544,545,251600,137786200,0,0
2024-12-18,543,551,541.25,549.75,353600,193305400,0,0
2024-12-19,541.5,556.75,541.5,552.25,339600,186842400,0,0
2024-12-20,552.25,553.75,544.75,547.5,405200,221976900,0,0
2024-12-23,546.75,560.25,543.75,555.25,394000,218721100,0,0
2024-12-24,562.5,567.25,558.75,565.75,363600,204880400,0,0
2024-12-25,565,565,558.25,565,206400,115934300,0,0
2024-12-26,570,573.25,562,565,337600,191340700,0,0
2024-12-27,570,570,561,567.25,178000,100556200,0,0
2024-12-30,567.25,571.5,565,570.25,118800,67601100,0,0
2025-01-06,573.75,574.25,564.75,569.75,213200,121124400,0,0
2025-01-07,573.75,573.75,563.75,570.75,268000,152452700,0,0
2025-01-08,572.25,581.25,571,574.75,333200,191783300,0,0
2025-01-09,570,570.75,562,562.75,357600,202587900,0,0
2025-01-10,564.25,565.5,557.5,560.25,224800,125948800,0,0
2025-01-14,559,561,551.75,558.75,244800,136267400,0,0
2025-01-15,565.75,568.5,559.25,564.75,275200,155143900,0,0
2025-01-16,571,571.25,562.25,570.25,213600,121167000,0,0
2025-01-17,565.25,571.5,558.25,570.75,249200,140919700,0,0
2025-01-20,577.25,582.75,574.5,577.75,237200,137263300,0,0
2025-01-21,582.25,583.5,571.25,576.75,165600,95542200,0,0
2025-01-22,580.5,580.5,570.5,571.25,192000,110018300,0,0
2025-01-23,570.75,571.25,566.5,570.5,153200,87166900,0,0
2025-01-24,571.5,573,564,568,137200,78059500,0,0
2025-01-27,574.5,588.75,574.5,585,566800,330779500,0,0
2025-01-28,585,593.5,584.5,591.5,235600,138838300,0,0
2025-01-29,591.75,595.25,587.5,591.75,147600,87479700,0,0
2025-01-30,591.25,599.5,589.75,598,174800,104070300,0,0
2025-01-31,600.25,603.75,597.75,603.75,238400,143385400,0,0
2025-02-03,597.5,600.75,588,588.25,334400,198219000,0,0
2025-02-04,594.75,598.25,590,594.75,232800,138364500,0,0
2025-02-05,599.25,612.5,594.75,600.25,276000,166673900,0,0
2025-02-06,600.25,603.5,597.5,601.75,215200,129155200,0,0
2025-02-07,598.75,601.25,590.5,597,223600,133269300,0,0
2025-02-10,555.5,568.25,540,563.75,1014800,562418800,0,0
2025-02-12,564.5,584.25,561.25,577.75,573600,328950200,0,0
2025-02-13,578.75,589.25,572.5,583,424000,247541300,0,0
2025-02-14,587.5,588.5,582.75,587.5,135600,79467200,0,0
2025-02-17,588.5,594.75,587.25,588.5,136400,80363900,0,0
2025-02-18,592,597.5,587.5,594.5,108800,64485400,0,0
2025-02-19,594.75,605.75,592.75,593.25,255600,153082200,0,0
2025-02-20,593,593,583.75,589.25,230400,135378000,0,0
2025-02-21,592.5,592.5,584,587,211200,124084900,0,0
2025-02-25,578.25,585.25,576.25,577,234400,135940200,0,0
2025-02-26,577.5,580.75,568.5,575.25,245200,140897800,0,0
2025-02-27,575.25,578.25,569.25,570.5,156800,89607700,0,0
2025-02-28,567.75,567.75,556.75,556.75,344000,192796700,0,0
2025-03-03,565,572.25,559,570.5,229200,129842200,0,0
2025-03-04,568,574.75,565,570,232000,132122100,0,0
2025-03-05,564.75,576,564.75,567.75,242800,138592600,0,0
2025-03-06,572.75,579.5,570,578.25,236400,136395600,0,0
2025-03-07,578.25,581,567.5,569.5,273600,156672700,0,0
2025-03-10,574.75,574.75,560,560,262000,148029300,0,0
2025-03-11,549.5,555,543,553.25,363200,199685200,0,0
2025-03-12,546.75,566.25,546.75,558.25,265600,148806900,0,0
2025-03-13,566,577.75,563.75,577.5,300800,172131900,0,0
2025-03-14,578.75,586.5,576.75,583.75,246400,143253300,0,0
2025-03-17,593.5,594.75,586.25,586.25,293200,172979900,0,0
2025-03-18,589,601.5,589,601.5,268400,160438800,0,0
2025-03-19,604.5,609,597,599.25,275200,165417300,0,0
2025-03-21,599.25,632,597.25,631.5,421600,262048800,0,0
2025-03-24,626.5,628.25,619,622.25,312400,194460000,0,0
2025-03-25,625,626.25,613.25,613.75,245200,151330900,0,0
2025-03-26,622,622,609,614,249200,152866900,0,0
2025-03-27,613.75,624.5,610,624.5,336000,208378500,0,0
2025-03-28,611.25,615,604,606,252400,153573400,0,0
2025-03-31,590.5,595.25,572.5,591.5,352000,207311000,0,0
2025-04-01,592.75,597,581.75,585.5,206000,121127800,0,0
2025-04-02,582.25,582.25,569.75,579.25,292000,168075100,0,0
2025-04-03,554.25,561.5,531.25,539.25,473600,256716700,0,0
2025-04-04,512.5,516.5,485.75,501.75,670000,334111700,0,0
2025-04-07,455,468.75,442.5,455,500400,227972400,0,0
2025-04-08,496.5,522.75,496.5,507,558000,284132000,0,0
2025-04-09,491.75,493,476.25,487,377600,183303000,0,0
2025-04-10,544.5,548.25,523.25,528.75,410400,218585200,0,0
2025-04-11,508,516.25,496.75,513,226800,114797300,0,0
2025-04-14,516,528.25,508.75,524.75,213200,111113600,0,0
2025-04-15,527,527.5,522.75,525.5,134400,70611200,0,0
2025-04-16,523.25,531,513,517.5,199600,103644300,0,0
2025-04-17,522,532.5,519.75,532.5,145200,76610200,0,0
2025-04-18,534.5,553,534.5,550,329200,179434600,0,0
2025-04-21,549.5,549.5,542.25,543.25,142800,77888600,0,0
2025-04-22,543.25,552.75,543.25,552.5,133200,73086400,0,0
2025-04-23,558.5,564.25,555,557.5,188400,105464900,0,0
2025-04-24,563.75,566.5,558,558,146800,82469000,0,0
2025-04-25,563.5,566.25,555.5,560.5,110000,61650300,0,0
2025-04-28,561.25,566.75,558,566.75,91600,51739800,0,0
2025-04-30,560.25,575,560.25,572,175600,100229400,0,0
2025-05-01,575.25,575.25,558,558.75,194000,109265300,0,0
2025-05-02,557.5,559,543.5,547.75,321600,176972600,0,0
2025-05-07,544.75,559.5,543.25,557.75,223600,123730200,0,0
2025-05-08,557.75,559.25,540.5,543.5,705600,383998100,0,0
2025-05-09,556,561.75,549.25,555.25,794800,441519200,0,0
2025-05-12,667.75,680.25,662.5,680.25,2495600,1686311700,1,0
2025-05-13,707.5,724.5,678.75,682,1358800,945776700,0,0
2025-05-14,681.25,707.25,672.75,695.75,538400,371359400,0,0
2025-05-15,689,689,670.25,675.25,451200,305370900,0,0
2025-05-16,675,678.25,664.5,668.25,322400,215909200,0,0
2025-05-19,665.25,678.25,660,672,245200,164082000,0,0
2025-05-20,677.5,680.5,670.5,678.5,253200,171314100,0,0
2025-05-21,680.25,698.25,679.5,685.25,254800,176103500,0,0
2025-05-22,681.75,684.5,673,675.75,206400,139643000,0,0
2025-05-23,679.25,688.25,674,676.5,150000,101865900,0,0
2025-05-26,677.75,679.75,672.25,677.5,114000,77054200,0,0
2025-05-27,671.5,680,668.25,679.5,226800,152779200,0,0
2025-05-28,684.75,688.5,675.25,675.25,212000,144458900,0,0
2025-05-29,682,690.5,676.25,687,218000,149441600,0,0
2025-05-30,681,693.75,679,688.25,150000,103141500,0,0
2025-06-02,688.75,697.5,686.25,694.75,126400,87490200,0,0
2025-06-03,697,697,687.75,688.5,162800,112466200,0,0
2025-06-04,688,696.25,687,692.25,178800,123667900,0,0
2025-06-05,688,692.25,683.5,685.5,222400,152651300,0,0
2025-06-06,688.75,695.5,686.25,689.75,172000,118634700,0,0
2025-06-09,694.75,705,691.75,702.5,192800,134702300,0,0
2025-06-10,712.5,730,709.5,710.25,710400,511138400,0,0
2025-06-11,708.25,712.75,699,710,263200,186211300,0,0
2025-06-12,710,719.5,708.75,714,206000,147178800,0,0
2025-06-13,717,717,697.25,711.5,419600,296627700,0,0
2025-06-16,716,722.5,708.5,708.5,121600,86810500,0,0
2025-06-17,712.75,721.25,708,721.25,176800,126659400,0,0
2025-06-18,721.5,722.5,709.75,716,161200,115300100,0,0
2025-06-19,716,722.25,712.5,720.75,124000,89116400,0,0
2025-06-20,724,730,715.75,715.75,470000,338288400,0,0
2025-06-23,716.25,736.25,714.75,731.5,289600,211244600,0,0
2025-06-24,737.5,742.5,733.5,736.25,209200,154330400,0,0
2025-06-25,736.25,741,730,734,172800,126999400,0,0
2025-06-26,735,737.5,730.75,736.5,105600,77580300,0,0
2025-06-27,735,740.75,730,736.75,222800,163771400,0,0
2025-06-30,740.75,751.25,736.25,739.75,265200,197241600,0,0
2025-07-01,736.75,741.75,725.75,739.5,219200,160863900,0,0
2025-07-02,734.25,755,734.25,747.25,206800,154489800,0,0
2025-07-03,747.25,753.75,738.5,744.75,198800,147677300,0,0
2025-07-04,746.5,761.25,741.75,761.25,188400,142390000,0,0
2025-07-07,761.25,761.25,750,757.5,202000,152896000,0,0
2025-07-08,757.5,766.25,757.5,765,158400,120830000,0,0
2025-07-09,767.5,795,763.75,788.75,291200,228042500,0,0
2025-07-10,790,796.25,787.5,796.25,295200,234065500,0,0
2025-07-11,801.25,828.75,801.25,820,388400,318295000,0,0
2025-07-14,820,827.5,795,816.25,371600,301695500,0,0
2025-07-15,815,826.25,813.75,816.25,229200,187919500,0,0
2025-07-16,815,826.25,810,822.5,214000,175227500,0,0
2025-07-17,822.5,837.5,815,826.25,214400,177674000,0,0
2025-07-18,831.25,835,823.75,830,187200,155220500,0,0
2025-07-22,830,842.5,820,841.25,323200,268574000,0,0
2025-07-23,852.5,860,831.25,845,496000,419946500,0,0
2025-07-24,856.25,871.25,851.25,867.5,271600,234890500,0,0
2025-07-25,865,871.25,857.5,863.75,222800,192817000,0,0
2025-07-28,865,865,822.5,828.75,377200,315974000,0,0
2025-07-29,822.5,836.25,821.25,832.5,188800,156705000,0,0
2025-07-30,831.25,840,827.5,836.25,258000,215428000,0,0
2025-07-31,838.75,853.75,838.75,852.5,218800,185933500,0,0
2025-08-01,850,852.5,836.25,852.5,189200,160196500,0,0
2025-08-04,826.25,835,821.25,828.75,308000,254746500,0,0
2025-08-05,833.75,843.75,827.5,833.75,153200,128282500,0,0
2025-08-06,841.25,853.75,840,847.5,162400,137548500,0,0
2025-08-07,847.5,867.5,847.5,858.75,193600,166437500,0,0
2025-08-08,866.25,870,857.5,866.25,255200,220612000,0,0
2025-08-12,842.5,861.25,840,855,532400,454094000,0,0
2025-08-13,861.25,863.75,848.75,850,347600,297709500,0,0
2025-08-14,837.5,855,832.5,855,440000,370603500,0,0
2025-08-15,856.25,885,856.25,881.25,606000,529197000,0,0
2025-08-18,883.75,885,870,876.25,297200,260914000,0,0
2025-08-19,876.25,885,861.25,861.25,295200,256226500,0,0
2025-08-20,860,873.75,855,871.25,186400,161539000,0,0
2025-08-21,872.5,883.75,868.75,881.25,140400,123233500,0,0
2025-08-22,886.25,915,880,907.5,336000,303572500,0,0
2025-08-25,920,925,905,913.75,239200,218383500,0,0
2025-08-26,913.75,927.5,900,900,311200,282179500,0,0
2025-08-27,900,918.75,898.75,905,218000,198267000,0,0
2025-08-28,906.25,915,898.75,911.25,145200,132080500,0,0
2025-08-29,911.25,911.25,901.25,901.25,164000,148422500,0,0
2025-09-01,896.25,907.5,882.5,887.5,263600,235581000,0,0
2025-09-02,892.5,908.75,891.25,902.5,171600,154725000,0,0
2025-09-03,903.75,905,875,878.75,404000,356795000,0,0
2025-09-04,877.5,890,877.5,883.75,169600,149876500,0,0
2025-09-05,886.25,895,875,880,234800,207009000,0,0
2025-09-08,885,887.5,878.75,885,201200,177783000,0,0
2025-09-09,887.5,893.75,867.5,876.25,324000,285163500,0,0
2025-09-10,873.75,893.75,873.75,887.5,286400,254401000,0,0
2025-09-11,887.5,890,875,876.25,217600,191397000,0,0
2025-09-12,883.75,883.75,875,880,237200,209099500,0,0
2025-09-16,880,883.75,875,875,152800,134231500,0,0
2025-09-17,872.5,872.5,856.25,856.25,326400,280724500,0,0
2025-09-18,861.25,863.75,850,853.75,260800,223127500,0,0
2025-09-19,857.5,870,853.75,866.25,336400,290742000,0,0
2025-09-22,866.25,881.25,860,868.75,330400,288212000,0,0
2025-09-24,873.75,873.75,863.75,868.75,147600,128128500,0,0
2025-09-25,867.5,881.25,865,881.25,208800,182931500,0,0
2025-09-26,886.25,906.25,882.5,906.25,450000,404419500,0,0
2025-09-29,901.25,905,878.75,881.25,265600,235513000,0,0
2025-09-30,881.25,905,870,903.75,319200,284094000,0,0
2025-10-01,902.5,902.5,871.25,877.5,293600,258980000,0,0
2025-10-02,882.5,887.5,860,862.5,243200,211536000,0,0
2025-10-03,860,875,860,871.25,127600,111033000,0,0
2025-10-06,871.25,883.75,853.75,878.75,504000,437149500,0,0
2025-10-07,880,890,873.75,873.75,154000,135385500,0,0
2025-10-08,881.25,900,881.25,887.5,279600,249446000,0,0
2025-10-09,888.75,921.25,888.75,921.25,351600,319098500,0,0
2025-10-10,893.75,901.25,871.25,877.5,493600,435927000,0,0
2025-10-14,861.25,872.5,848.75,856.25,349200,300250500,0,0
2025-10-15,867.5,885,863.75,883.75,174800,153213500,0,0
2025-10-16,886.25,912.5,885,905,246800,222534000,0,0
2025-10-17,893.75,896.25,880,886.25,248400,219647000,0,0
2025-10-20,898.75,920,896.25,920,422000,383561500,0,0
2025-10-21,928.75,928.75,907.5,908.75,220000,201492500,0,0
2025-10-22,908.75,917.5,905,915,180400,164805500,0,0
2025-10-23,905,921.25,905,916.25,135200,123813000,0,0
2025-10-24,920,921.25,910,910,113200,103488500,0,0
2025-10-27,917.5,942.5,917.5,942.5,418800,392685500,0,0
2025-10-28,948.75,950,911.25,911.25,377600,349763000,0,0
2025-10-29,911.25,917.5,898.75,900,239600,216530000,0,0
2025-10-30,897.5,918.75,897.5,916.25,519200,475038000,0,0
2025-10-31,916.25,921.25,903.75,912.5,185600,168995500,0,0
2025-11-04,910,930,901.25,926.25,239200,220619000,0,0
2025-11-05,911.25,923.75,875,912.5,439600,396863500,0,0
2025-11-06,918.75,967.5,917.5,965,497200,472275000,0,0
2025-11-07,950,953.75,928.75,932.5,448800,421179000,0,0
2025-11-10,950,957.5,940,947.5,454400,430752500,0,0
2025-11-11,947.5,951.25,921.25,926.25,269200,250539000,0,0
2025-11-12,925,945,922.5,936.25,228000,213222000,0,0
2025-11-13,936.25,952.5,935,946.25,238000,224395000,0,0
2025-11-14,936.25,957.5,931.25,955,235200,223527500,0,0
2025-11-17,960,963.75,943.75,947.5,196800,187391000,0,0
2025-11-18,946.25,946.25,921.25,921.25,296800,276703500,0,0
2025-11-19,925,940,922.5,935,334800,312355500,0,0
2025-11-20,951.25,960,943.75,960,316800,301821000,0,0
2025-11-21,942.5,972.5,942.5,962.5,299600,288619500,0,0
2025-11-25,970,986.25,963.75,973.75,184800,179874500,0,0
2025-11-26,995,1005,982.5,1001.25,408800,407790500,0,0
2025-11-27,1008.75,1027.5,1006.25,1012.5,239200,242868500,0,0
2025-11-28,1012.5,1028.75,1007.5,1022.5,235200,240535500,0,0
2025-12-01,1040,1048.75,1020,1027.5,304400,314054500,0,0
2025-12-02,1042.5,1042.5,1021.25,1035,217200,224286000,0,0
2025-12-03,1032.5,1032.5,1006.25,1008.75,276400,280834000,0,0
2025-12-04,1003.75,1033.75,995,1033.75,246000,251047500,0,0
2025-12-05,1032.5,1035,1017.5,1017.5,218400,223654500,0,0
2025-12-08,1031.25,1032.5,1006.25,1022.5,243200,247995500,0,0
2025-12-09,1030,1030,1012.5,1013.75,198800,202768500,0,0
2025-12-10,1013.75,1015,995,1001.25,423600,425160000,0,0
2025-12-11,1010,1011.25,990,990,200800,200372500,0,0
2025-12-12,1007.5,1033.75,1003.75,1023.75,290800,296089500,0,0
2025-12-15,1023.75,1065,1023.75,1063.75,342400,360267000,0,0
2025-12-16,1061.25,1065,1028.75,1028.75,289600,302186500,0,0
2025-12-17,1033.75,1038.75,1013.75,1031.25,277600,285762000,0,0
2025-12-18,1018.75,1042.5,1016.25,1041.25,325200,335129500,0,0
2025-12-19,1040,1056.25,1040,1056.25,336400,353835500,0,0
2025-12-22,1068.75,1072.5,1062.5,1070,316400,337714000,0,0
2025-12-23,1058.75,1082.5,1057.5,1071.25,246400,263787500,0,0
2025-12-24,1077.5,1081.25,1051.25,1061.25,201600,214543500,0,0
2025-12-25,1062.5,1062.5,1052.5,1058.75,118400,125171500,0,0
2025-12-26,1056.25,1071.25,1053.75,1057.5,145600,154686500,0,0
2025-12-29,1057.5,1083.75,1052.5,1083.75,228000,245427000,0,0
2025-12-30,1086.25,1122.5,1082.5,1101.25,498000,550333000,0,0
2026-01-05,1101.25,1127.5,1101.25,1126.25,280400,313155500,0,0
2026-01-06,1137.5,1167.5,1132.5,1146.25,442000,510523000,0,0
2026-01-07,1138.75,1163.75,1138.75,1155,210000,242708500,0,0
2026-01-08,1155,1178.75,1150,1155,219600,255316000,0,0
2026-01-09,1158.75,1171.25,1152.5,1163.75,249200,289485000,0,0
2026-01-13,1198.75,1198.75,1178.75,1185,209200,248537000,0,0
2026-01-14,1186.25,1203.75,1168.75,1202.5,234400,278527500,0,0
2026-01-15,1202.5,1232.5,1202.5,1227.5,192800,235672500,0,0
2026-01-16,1227.5,1250,1227.5,1245,224000,277993000,0,0
2026-01-19,1242.5,1260,1230,1245,239600,298110000,0,0
2026-01-20,1247.5,1267.5,1230,1250,260400,325478000,0,0
2026-01-21,1213.75,1252.5,1211.25,1226.25,459200,565594500,0,0
2026-01-22,1248.75,1267.5,1246.25,1257.5,216800,272544000,0,0
2026-01-23,1250,1295,1247.5,1280,275200,353027500,0,0
2026-01-26,1257.5,1262.5,1236.25,1242.5,332800,414243000,0,0
2026-01-27,1238.75,1257.5,1228.75,1252.5,167600,208939000,0,0
2026-01-28,1237.5,1246.25,1223.75,1235,235600,290944500,0,0
2026-01-29,1243.75,1255,1231.25,1247.5,323600,402219000,0,0
2026-01-30,1255,1267.5,1243.75,1250,220800,276416500,0,0
2026-02-02,1267.5,1275,1225,1225,254800,317055000,0,0
2026-02-03,1260,1307.5,1250,1302.5,358800,462550000,0,0
2026-02-04,1312.5,1345,1290,1337.5,236000,313733000,0,0
2026-02-05,1357.5,1380,1342.5,1370,318400,435445000,0,0
2026-02-06,1370,1397.5,1350,1395,365600,503103000,0,0
2026-02-09,1420,1460,1407.5,1447.5,524800,754501000,0,0
2026-02-10,1457.5,1472.5,1442.5,1467.5,250800,366885000,0,0
2026-02-12,1475,1577.5,1472.5,1562.5,522800,807978000,0,0
2026-02-13,1540,1552.5,1497.5,1525,587200,894196000,0,0
2026-02-16,1527.5,1527.5,1487.5,1520,414400,625142000,0,0
2026-02-17,1510,1530,1465,1465,397200,590466000,0,0
2026-02-18,1477.5,1507.5,1465,1495,367600,548573000,0,0
2026-02-19,1495,1535,1485,1530,240400,364613000,0,0
2026-02-20,1507.5,1540,1505,1530,185200,281883000,0,0
2026-02-24,1530,1545,1455,1512.5,477600,714813000,0,0
2026-02-25,1500,1502.5,1457.5,1485,436400,648926000,0,0
2026-02-26,1505,1522.5,1490,1505,325600,489865000,0,0
2026-02-27,1507.5,1590,1507.5,1577.5,453600,709117000,0,0
2026-03-02,1502.5,1537.5,1480,1537.5,490400,741467000,0,0
2026-03-03,1530,1585,1512.5,1537.5,493600,767462000,0,0
2026-03-04,1467.5,1487.5,1370,1410,677600,961773000,0,0
2026-03-05,1472.5,1547.5,1472.5,1535,639200,972838000,0,0
2026-03-06,1485,1542.5,1467.5,1535,455600,687928000,0,0
2026-03-09,1435,1452.5,1397.5,1440,612000,873334000,0,0
2026-03-10,1480,1545,1477.5,1530,446000,675137000,0,0
2026-03-11,1555,1580,1535,1535,342400,533568000,0,0
2026-03-12,1510,1522.5,1465,1470,399200,592346000,0,0
2026-03-13,1445,1525,1442.5,1515,616000,922768000,0,0
2026-03-16,1500,1515,1470,1485,340400,506413000,0,0
2026-03-17,1505,1532.5,1470,1477.5,246400,369525000,0,0
2026-03-18,1502.5,1557.5,1497.5,1550,385200,593457000,0,0
2026-03-19,1507.5,1527.5,1495,1522.5,630800,956168000,0,0
2026-03-23,1452.5,1467.5,1417.5,1450,529600,767170000,0,0
2026-03-24,1497.5,1527.5,1487.5,1497.5,367600,553867000,0,0
2026-03-25,1525,1560,1525,1545,360400,556861000,0,0
2026-03-26,1547.5,1552.5,1497.5,1512.5,309200,470164000,0,0
2026-03-27,1510,1565,1502.5,1565,634800,982849000,0,0
2026-03-30,1409,1511,1408,1474,693600,1028482200,0,0
2026-03-31,1448,1503,1439,1439,665400,973096800,0,0
2026-04-01,1529,1565,1497,1552,661200,1016593000,0,0
2026-04-02,1576,1610,1504,1517,558700,861838100,0,0
2026-04-03,1552,1552,1502,1516,281500,427990700,0,0
2026-04-06,1536,1547,1518,1529,256200,393062400,0,0
2026-04-07,1548,1579,1535,1561,209700,326147400,0,0
2026-04-08,1625,1653,1611,1636,380300,620532400,0,0
2026-04-09,1652,1672,1628,1657,298800,494292700,0,0
2026-04-10,1680,1704,1646,1646,207700,346047800,0,0
2026-04-13,1638,1684,1620,1642,242900,399823700,0,0
2026-04-14,1653,1687,1640,1673,353700,591609200,0,0
2026-04-15,1700,1756,1691,1696,409500,701460100,0,0
2026-04-16,1700,1730,1699,1713,260300,445174900,0,0
2026-04-17,1702,1720,1675,1680,227700,384464800,0,0
2026-04-20,1699,1700,1655,1655,205100,341888700,0,0
2026-04-21,1655,1669,1597,1606,291300,469490700,0,0
2026-04-22,1606,1613,1552,1555,263900,413077900,0,0
2026-04-23,1552,1570,1509,1543,304200,468991800,0,0
2026-04-24,1542,1550,1510,1529,198300,303519300,0,0
2026-04-27,1500,1536,1481,1530,288700,439302400,0,0
2026-04-28,1536,1635,1526,1635,328600,529739900,0,0
2026-04-30,1615,1625,1573,1605,434300,698383800,0,0
2026-05-01,1611,1648,1578,1634,369500,601594100,0,0
2026-05-07,1700,1727,1659,1682,392700,666831400,0,0
2026-05-08,1675,1683,1599,1659,421400,690424200,0,0
2026-05-11,1659,1698,1645,1674,259300,432470400,0,0
2026-05-12,1700,1708,1668,1679,268400,452286000,0,0
2026-05-13,1682,1861,1668,1793,1536000,2739141700,0,0
2026-05-14,1785,1803,1706,1718,782500,1362091900,0,0
2026-05-18,1719,1735,1664,1668,383000,645676700,0,0
2026-05-19,1708,1739,1682,1709,371500,635355700,0,0
2026-05-20,1717,1729,1689,1710,330000,563667800,0,0
2026-05-21,1739,1767,1725,1739,345200,601827400,0,0
2026-05-22,1750,1771,1709,1711,324700,562018900,0,0
2026-05-25,1719,1722,1665,1707,349900,593223200,0,0
2026-05-26,1700,1753,1653,1707,304500,520152600,0,0
2026-05-27,1713,1713,1652,1654,365300,609799600,0,0
2026-05-28,1653,1653,1590,1624,318800,515886900,0,0
2026-05-29,1655,1693,1598,1598,2283900,3675299700,0,0
2026-06-01,1610,1616,1565,1581,588300,933458000,0,0
2026-06-02,1570,1640,1522,1626,456300,730731500,0,0
2026-06-03,1629,1639,1571,1589,358000,570454400,0,0
2026-06-04,1559,1619,1545,1592,343600,546177400,0,0
2026-06-05,1630,1634,1595,1612,313900,505146000,0,0
2026-06-08,1555,1609,1550,1609,323100,512653600,0,0
2026-06-09,1629,1704,1629,1685,379300,633732600,0,0
2026-06-10,1680,1740,1675,1682,278100,471354800,0,0
2026-06-11,1686,1710,1647,1693,291500,490831100,0,0
2026-06-12,1732,1774,1724,1751,410900,716881900,0,0
2026-06-15,1800,1838,1780,1791,334800,604797700,0,0
2026-06-16,1768,1788,1710,1744,239300,417321300,0,0
2026-06-17,1761,1782,1681,1683,445800,761848800,0,0
2026-06-18,1719,1737,1683,1694,250600,427243700,0,0
2026-06-19,1680,1681,1627,1660,450400,746960400,0,0
2026-06-22,1653,1703,1651,1696,306700,518284000,0,0
2026-06-23,1702,1716,1680,1681,245900,416745300,0,0
2026-06-24,1674,1694,1625,1646,336200,554287100,0,0
2026-06-25,1680,1680,1656,1668,219900,366553500,0,0
2026-06-26,1680,1721,1670,1721,461600,787715400,0,0
2026-06-29,1731,1766,1716,1766,512600,897931500,0,0
2026-06-30,1765,1777,1717,1720,332000,576579100,0,0
2026-07-01,1734,1750,1724,1737,200400,347945400,0,0
2026-07-02,1762,1817,1753,1800,409100,734124200,0,0
2026-07-03,1800,1825,1783,1825,317300,574196500,0,0
2026-07-06,1824,1844,1790,1816,226600,412519900,0,0
2026-07-07,1825,1873,1753,1780,534800,968266600,0,0
2026-07-08,1785,1878,1776,1856,559200,1035314400,0,0
2026-07-09,1826,1830,1787,1818,410500,742420800,0,0
2026-07-10,1847,1869,1793,1799,227800,416012300,0,0
2026-07-13,1801,1833,1788,1797,204100,368244000,0,0
2026-07-14,1810,1838,1776,1825,202100,366088300,0,0
2026-07-15,1845,1898,1826,1895,248900,467382100,0,0
2026-07-16,1876,1918,1870,1895,264900,502928500,0,0
2026-07-17,1855,1882,1728,1775,432600,779113600,0,0
2026-07-21,1810,1949,1791,1932,766900,1462042700,0,0
2026-07-22,1946,1975,1919,1946,420700,821667500,0,0
2026-07-23,1948,1994,1936,1977,200300,395308000,0,0
2026-07-24,1949,2019,1932,1997,310900,619278100,0,0
2026-07-27,2019,2070,2002,2054,367500,749080000,0,0
2026-07-28,2045,2052,1971,1978,384400,766321100,0,0
2026-07-29,1971,1974,1825,1864,400500,752528800,0,0
2026-07-30,1826,1857,1800,1842,352300,647183100,0,0
2026-07-31,1882,2074,1840,1910,1053800,2061820900,0,0
2026-08-03,1846,1902,1804,1843,671600,1242065100,0,0
2026-08-04,1840,1876,1789,1810,399100,727726300,0,0
2026-08-05,1843,1881,1816,1870,234400,435801500,0,0
2026-08-06,1890,1964,1885,1920,289400,553410300,0,0
2026-08-07,1920,1929,1882,1901,216600,412411800,0,0
2026-08-10,1900,1905,1822,1822,427300,793693400,0,0
2026-08-12,1862,1927,1833,1916,508300,960422800,0,0
2026-08-13,1950,2038,1931,2014,423000,843770200,0,0
2026-08-14,2020,2103,2019,2077,481600,995258000,0,0
2026-08-17,2084,2123,2052,2078,263500,546782100,0,0
2026-08-18,2091,2133,2079,2081,363300,764784700,0,0
2026-08-19,2007,2059,1971,1982,331500,664097600,0,0
2026-08-20,1982,2038,1969,2025,580200,1166555200,0,0
2026-08-21,2024,2043,2003,2012,221200,446686600,0,0
2026-08-24,2044,2044,1979,1985,202900,405675800,0,0
2026-08-25,2000,2031,1994,2016,165500,333530100,0,0
2026-08-26,2018,2079,2008,2050,275300,564906300,0,0
