Date,Open,High,Low,Close,Volume,TradingValue,UpLimit,UnderLimit
2016-02-05,985,991.665,955,970,720800,,,
2016-02-08,953.335,1008.335,948.335,1000,592200,,,
2016-02-09,960,970,946.665,950,505600,,,
2016-02-10,950,955,893.335,903.335,603000,,,
2016-02-12,880,896.665,870,880,855000,,,
2016-02-15,903.335,920,895,911.665,845400,,,
2016-02-16,908.335,923.335,900,901.665,434000,,,
2016-02-17,900,906.665,885,900,408000,,,
2016-02-18,918.335,921.665,906.665,915,558000,,,
2016-02-19,916.665,921.665,903.335,908.335,761200,,,
2016-02-22,905,916.665,900,905,624400,,,
2016-02-23,903.335,906.665,886.665,895,543000,,,
2016-02-24,905,905,885,893.335,1262400,,,
2016-02-25,893.335,905,885,900,758800,,,
2016-02-26,903.335,921.665,900,905,781600,,,
2016-02-29,910,911.665,881.665,885,682600,,,
2016-03-01,883.335,910,876.665,901.665,535800,,,
2016-03-02,913.335,938.335,910,930,658200,,,
2016-03-03,936.665,955,935,940,423800,,,
2016-03-04,940,950,930,946.665,301600,,,
2016-03-07,938.335,938.335,920,926.665,399800,,,
2016-03-08,913.335,923.335,908.335,918.335,380000,,,
2016-03-09,916.665,928.335,911.665,923.335,311800,,,
2016-03-10,930,955,930,951.665,255800,,,
2016-03-11,950,963.335,948.335,960,509800,,,
2016-03-14,968.335,986.665,965,981.665,320400,,,
2016-03-15,973.335,991.665,970,988.335,476600,,,
2016-03-16,988.335,995,983.335,986.665,388800,,,
2016-03-17,991.665,1000,988.335,993.335,432400,,,
2016-03-18,990,995,981.665,990,453400,,,
2016-03-22,995,1005,988.335,996.665,279600,,,
2016-03-23,991.665,1003.335,988.335,990,208400,,,
2016-03-24,988.335,1008.335,988.335,1003.335,224400,,,
2016-03-25,1003.335,1010,996.665,1003.335,211600,,,
2016-03-28,1015,1036.665,1010,1030,332800,,,
2016-03-29,1030,1031.665,1020,1028.335,309600,,,
2016-03-30,1028.335,1038.335,1020,1021.665,318200,,,
2016-03-31,1018.335,1021.665,986.665,990,340200,,,
2016-04-01,991.665,991.665,966.665,973.335,342400,,,
2016-04-04,975,998.335,970,980,415800,,,
2016-04-05,973.335,986.665,965,973.335,408200,,,
2016-04-06,940,966.665,928.335,958.335,1068400,,,
2016-04-07,925,946.665,918.335,941.665,756200,,,
2016-04-08,926.665,950,926.665,940,601600,,,
2016-04-11,938.335,943.335,928.335,935,299800,,,
2016-04-12,943.335,948.335,930,941.665,482200,,,
2016-04-13,955,971.665,948.335,965,494400,,,
2016-04-14,975,975,960,965,499200,,,
2016-04-15,955,966.665,951.665,955,214600,,,
2016-04-18,931.665,943.335,926.665,930,298800,,,
2016-04-19,951.665,960,943.335,948.335,293000,,,
2016-04-20,948.335,955,938.335,941.665,299600,,,
2016-04-21,958.335,963.335,951.665,955,271800,,,
2016-04-22,941.665,948.335,933.335,940,371200,,,
2016-04-25,933.335,941.665,933.335,935,350800,,,
2016-04-26,931.665,940,923.335,930,367600,,,
2016-04-27,926.665,931.665,908.335,910,336600,,,
2016-04-28,918.335,918.335,883.335,886.665,654200,,,
2016-05-02,871.665,886.665,866.665,881.665,587400,,,
2016-05-06,883.335,890,876.665,888.335,459400,,,
2016-05-09,900,926.665,900,918.335,534000,,,
2016-05-10,921.665,938.335,921.665,938.335,445800,,,
2016-05-11,941.665,948.335,923.335,928.335,243600,,,
2016-05-12,925,928.335,916.665,921.665,322200,,,
2016-05-13,921.665,931.665,913.335,918.335,222400,,,
2016-05-16,913.335,931.665,910,913.335,244200,,,
2016-05-17,915,916.665,903.335,906.665,279200,,,
2016-05-18,895,908.335,893.335,908.335,376800,,,
2016-05-19,913.335,916.665,906.665,913.335,209400,,,
2016-05-20,916.665,933.335,915,926.665,385000,,,
2016-05-23,920,923.335,908.335,913.335,303000,,,
2016-05-24,916.665,923.335,911.665,915,291600,,,
2016-05-25,925,925,920,921.665,235000,,,
2016-05-26,925,928.335,916.665,921.665,235000,,,
2016-05-27,921.665,923.335,915,918.335,215600,,,
2016-05-30,921.665,948.335,916.665,946.665,449400,,,
2016-05-31,950,968.335,950,966.665,503400,,,
2016-06-01,960,978.335,956.665,975,639200,,,
2016-06-02,971.665,980,968.335,973.335,615400,,,
2016-06-03,973.335,986.665,973.335,981.665,369600,,,
2016-06-06,966.665,983.335,965,980,296000,,,
2016-06-07,975,996.665,975,991.665,382400,,,
2016-06-08,985,1000,981.665,996.665,269600,,,
2016-06-09,1000,1003.335,990,995,284000,,,
2016-06-10,1001.665,1001.665,985,1000,411000,,,
2016-06-13,983.335,986.665,968.335,968.335,431600,,,
2016-06-14,966.665,978.335,956.665,971.665,393200,,,
2016-06-15,961.665,981.665,953.335,973.335,415600,,,
2016-06-16,973.335,978.335,945,950,294200,,,
2016-06-17,960,963.335,938.335,940,284400,,,
2016-06-20,953.335,960,940,945,315200,,,
2016-06-21,941.665,966.665,938.335,965,349000,,,
2016-06-22,965,968.335,948.335,966.665,305400,,,
2016-06-23,960,963.335,951.665,958.335,258800,,,
2016-06-24,953.335,963.335,895,908.335,296800,,,
2016-06-27,915,940,913.335,935,285600,,,
2016-06-28,935,963.335,926.665,948.335,346200,,,
2016-06-29,948.335,950,933.335,943.335,319400,,,
2016-06-30,948.335,953.335,936.665,948.335,421200,,,
2016-07-01,916.665,945,898.335,935,1210000,,,
2016-07-04,935,935,913.335,916.665,383200,,,
2016-07-05,915,915,895,895,452800,,,
2016-07-06,891.665,901.665,881.665,900,514400,,,
2016-07-07,891.665,891.665,870,875,535000,,,
2016-07-08,866.665,871.665,815.835,821.665,826400,,,
2016-07-11,821.665,845,820,838.335,600200,,,
2016-07-12,850,853.335,838.335,846.665,464200,,,
2016-07-13,858.335,861.665,835,838.335,679800,,,
2016-07-14,855,880,851.665,878.335,750200,,,
2016-07-15,870,880,863.335,865,562400,,,
2016-07-19,868.335,880,865,880,475400,,,
2016-07-20,876.665,883.335,871.665,880,311200,,,
2016-07-21,886.665,891.665,875,881.665,318000,,,
2016-07-22,873.335,880,863.335,868.335,538000,,,
2016-07-25,868.335,883.335,866.665,875,362600,,,
2016-07-26,868.335,876.665,860,868.335,364000,,,
2016-07-27,873.335,878.335,860,861.665,411400,,,
2016-07-28,858.335,865,848.335,850,416800,,,
2016-07-29,850,863.335,845,860,531600,,,
2016-08-01,848.335,861.665,848.335,855,488400,,,
2016-08-02,855,876.665,855,866.665,349000,,,
2016-08-03,876.665,891.665,871.665,876.665,675000,,,
2016-08-04,875,876.665,835,836.665,406200,,,
2016-08-05,836.665,860,836.665,843.335,753200,,,
2016-08-08,846.665,851.665,838.335,845,235200,,,
2016-08-09,846.665,856.665,843.335,851.665,287400,,,
2016-08-10,853.335,866.665,850,858.335,209600,,,
2016-08-12,875,883.335,875,881.665,288000,,,
2016-08-15,876.665,880,870,878.335,261800,,,
2016-08-16,885,885,873.335,875,417000,,,
2016-08-17,875,880,870,875,317200,,,
2016-08-18,875,881.665,863.335,866.665,360600,,,
2016-08-19,868.335,868.335,851.665,866.665,385200,,,
2016-08-22,863.335,890,863.335,885,408000,,,
2016-08-23,885,895,883.335,890,315000,,,
2016-08-24,890,891.665,876.665,881.665,170400,,,
2016-08-25,878.335,881.665,873.335,878.335,178800,,,
2016-08-26,868.335,868.335,851.665,856.665,254000,,,
2016-08-29,856.665,861.665,838.335,845,342800,,,
2016-08-30,836.665,841.665,830,836.665,333400,,,
2016-08-31,832.5,846.665,830.835,845,587200,,,
2016-09-01,855,856.665,845,853.335,360600,,,
2016-09-02,855,870,853.335,865,222200,,,
2016-09-05,870,875,866.665,868.335,264600,,,
2016-09-06,870,890,863.335,886.665,332000,,,
2016-09-07,880,895,878.335,885,302800,,,
2016-09-08,878.335,885,873.335,883.335,265000,,,
2016-09-09,883.335,890,876.665,878.335,174200,,,
2016-09-12,861.665,863.335,853.335,858.335,290400,,,
2016-09-13,860,875,860,871.665,292400,,,
2016-09-14,863.335,868.335,848.335,853.335,310600,,,
2016-09-15,853.335,875,851.665,875,289600,,,
2016-09-16,883.335,890,880,888.335,260400,,,
2016-09-20,895,898.335,881.665,886.665,390800,,,
2016-09-21,870,910,858.335,908.335,845000,,,
2016-09-23,900,928.335,900,926.665,745800,,,
2016-09-26,921.665,931.665,921.665,930,521800,,,
2016-09-27,913.335,930,901.665,916.665,1066800,,,
2016-09-28,886.665,926.665,881.665,916.665,1268400,,,
2016-09-29,923.335,931.665,918.335,925,807000,,,
2016-09-30,896.665,918.335,896.665,913.335,792400,,,
2016-10-03,930,948.335,923.335,933.335,645600,,,
2016-10-04,931.665,938.335,930,931.665,401600,,,
2016-10-05,933.335,943.335,926.665,940,477600,,,
2016-10-06,940,946.665,936.665,943.335,455200,,,
2016-10-07,935,935,920,923.335,426400,,,
2016-10-11,920,933.335,915,921.665,475000,,,
2016-10-12,916.665,928.335,916.665,921.665,541000,,,
2016-10-13,916.665,941.665,916.665,936.665,566400,,,
2016-10-14,936.665,946.665,933.335,941.665,417400,,,
2016-10-17,941.665,953.335,938.335,945,557400,,,
2016-10-18,951.665,986.665,950,968.335,949200,,,
2016-10-19,968.335,975,961.665,970,570200,,,
2016-10-20,970,980,966.665,971.665,304000,,,
2016-10-21,961.665,963.335,946.665,953.335,544000,,,
2016-10-24,953.335,958.335,945,951.665,304200,,,
2016-10-25,950,960,948.335,956.665,266600,,,
2016-10-26,958.335,963.335,955,960,278200,,,
2016-10-27,955,963.335,950,951.665,248600,,,
2016-10-28,933.335,938.335,920,926.665,1621000,,,
2016-10-31,926.665,941.665,923.335,938.335,446000,,,
2016-11-01,923.335,935,918.335,923.335,832400,,,
2016-11-02,916.665,916.665,901.665,906.665,493400,,,
2016-11-04,898.335,905,891.665,903.335,530600,,,
2016-11-07,916.665,918.335,900,910,337000,,,
2016-11-08,905,906.665,888.335,898.335,305600,,,
2016-11-09,896.665,901.665,865,876.665,554600,,,
2016-11-10,903.335,903.335,885,900,392400,,,
2016-11-11,893.335,893.335,861.665,868.335,681000,,,
2016-11-14,866.665,881.665,865,870,468400,,,
2016-11-15,870,875,863.335,871.665,295200,,,
2016-11-16,880,880,866.665,876.665,353200,,,
2016-11-17,875,883.335,870,875,325200,,,
2016-11-18,875,881.665,873.335,878.335,321000,,,
2016-11-21,888.335,905,886.665,900,330400,,,
2016-11-22,901.665,905,895,896.665,442000,,,
2016-11-24,906.665,916.665,900,913.335,520600,,,
2016-11-25,916.665,921.665,913.335,920,364600,,,
2016-11-28,931.665,931.665,911.665,911.665,450400,,,
2016-11-29,913.335,918.335,903.335,903.335,356600,,,
2016-11-30,906.665,911.665,886.665,890,451800,,,
2016-12-01,880,880,845,876.665,1153600,,,
2016-12-02,876.665,880,866.665,868.335,791600,,,
2016-12-05,860,870,853.335,861.665,704200,,,
2016-12-06,875,878.335,870,871.665,461200,,,
2016-12-07,873.335,878.335,866.665,876.665,271200,,,
2016-12-08,900,900,881.665,888.335,440600,,,
2016-12-09,875,883.335,875,881.665,436600,,,
2016-12-12,881.665,891.665,880,886.665,527000,,,
2016-12-13,903.335,930,896.665,926.665,728200,,,
2016-12-14,925,926.665,911.665,911.665,444400,,,
2016-12-15,911.665,926.665,906.665,921.665,330200,,,
2016-12-16,906.665,918.335,906.665,916.665,539200,,,
2016-12-19,925,931.665,923.335,926.665,272000,,,
2016-12-20,930,938.335,928.335,933.335,284600,,,
2016-12-21,933.335,938.335,925,926.665,247600,,,
2016-12-22,926.665,928.335,921.665,926.665,220600,,,
2016-12-26,933.335,943.335,930,938.335,281600,,,
2016-12-27,935,940,930,931.665,241400,,,
2016-12-28,925,938.335,923.335,935,246400,,,
2016-12-29,935,935,921.665,925,249800,,,
2016-12-30,931.665,933.335,920,926.665,187400,,,
2017-01-04,933.335,941.665,921.665,935,476000,,,
2017-01-05,935,946.665,935,938.335,475400,,,
2017-01-06,933.335,946.665,931.665,946.665,360600,,,
2017-01-10,900,910,885,900,2181200,,,
2017-01-11,891.665,905,891.665,896.665,626200,,,
2017-01-12,896.665,898.335,880,886.665,805600,,,
2017-01-13,888.335,895,876.665,880,703600,,,
2017-01-16,878.335,891.665,875,881.665,548800,,,
2017-01-17,881.665,881.665,866.665,866.665,414800,,,
2017-01-18,875,878.335,861.665,870,661000,,,
2017-01-19,875,886.665,875,875,416400,,,
2017-01-20,873.335,873.335,863.335,868.335,435600,,,
2017-01-23,858.335,860,851.665,853.335,499400,,,
2017-01-24,858.335,865,856.665,860,438800,,,
2017-01-25,868.335,871.665,863.335,868.335,564400,,,
2017-01-26,876.665,881.665,870,878.335,554800,,,
2017-01-27,878.335,881.665,871.665,875,229400,,,
2017-01-30,875,880,870,875,250000,,,
2017-01-31,875,880,871.665,875,415400,,,
2017-02-01,873.335,881.665,868.335,878.335,272800,,,
2017-02-02,875,875,858.335,861.665,284400,,,
2017-02-03,861.665,866.665,856.665,861.665,250600,,,
2017-02-06,863.335,865,858.335,861.665,238600,,,
2017-02-07,858.335,860,855,858.335,355800,,,
2017-02-08,861.665,873.335,858.335,866.665,222600,,,
2017-02-09,866.665,871.665,861.665,870,310000,,,
2017-02-10,881.665,881.665,876.665,878.335,279400,,,
2017-02-13,885,890,878.335,890,371800,,,
2017-02-14,891.665,891.665,878.335,880,274000,,,
2017-02-15,890,890,880,881.665,164400,,,
2017-02-16,886.665,886.665,875,883.335,252400,,,
2017-02-17,880,903.335,876.665,895,900600,,,
2017-02-20,898.335,898.335,885,891.665,469400,,,
2017-02-21,890,896.665,885,893.335,533400,,,
2017-02-22,893.335,898.335,878.335,883.335,822600,,,
2017-02-23,883.335,883.335,868.335,880,1033800,,,
2017-02-24,865,870,856.665,860,890000,,,
2017-02-27,856.665,865,855,861.665,364000,,,
2017-02-28,865,871.665,861.665,863.335,400400,,,
2017-03-01,866.665,878.335,866.665,875,586400,,,
2017-03-02,886.665,893.335,883.335,886.665,742200,,,
2017-03-03,883.335,886.665,866.665,870,306400,,,
2017-03-06,866.665,870,860,865,261000,,,
2017-03-07,860,870,860,866.665,236800,,,
2017-03-08,865,876.665,863.335,876.665,563400,,,
2017-03-09,871.665,876.665,868.335,870,498600,,,
2017-03-10,873.335,878.335,871.665,875,264400,,,
2017-03-13,870,876.665,868.335,871.665,442000,,,
2017-03-14,870,875,868.335,873.335,244600,,,
2017-03-15,878.335,880,873.335,878.335,158800,,,
2017-03-16,875,875,865,871.665,298200,,,
2017-03-17,868.335,875,866.665,871.665,176800,,,
2017-03-21,871.665,878.335,866.665,876.665,299000,,,
2017-03-22,863.335,875,863.335,868.335,210000,,,
2017-03-23,863.335,865,853.335,865,210200,,,
2017-03-24,865,875,863.335,875,176800,,,
2017-03-27,870,876.665,863.335,875,229800,,,
2017-03-28,878.335,880,871.665,873.335,336200,,,
2017-03-29,881.665,881.665,871.665,875,274800,,,
2017-03-30,875,880,856.665,858.335,401000,,,
2017-03-31,863.335,871.665,851.665,851.665,558600,,,
2017-04-03,858.335,870,853.335,865,370800,,,
2017-04-04,866.665,881.665,866.665,873.335,411800,,,
2017-04-05,878.335,881.665,871.665,873.335,404600,,,
2017-04-06,873.335,873.335,858.335,860,400200,,,
2017-04-07,865,873.335,860,868.335,343000,,,
2017-04-10,878.335,880,863.335,873.335,334400,,,
2017-04-11,870,881.665,865,870,443200,,,
2017-04-12,898.335,920,893.335,903.335,1673400,,,
2017-04-13,905,918.335,905,908.335,835200,,,
2017-04-14,900,903.335,888.335,900,538600,,,
2017-04-17,901.665,916.665,898.335,913.335,398200,,,
2017-04-18,913.335,913.335,901.665,910,219600,,,
2017-04-19,913.335,921.665,908.335,913.335,453600,,,
2017-04-20,913.335,920,906.665,911.665,363400,,,
2017-04-21,913.335,913.335,896.665,905,478000,,,
2017-04-24,913.335,916.665,908.335,913.335,309800,,,
2017-04-25,916.665,920,911.665,915,352600,,,
2017-04-26,915,918.335,906.665,916.665,386600,,,
2017-04-27,925,933.335,920,923.335,376800,,,
2017-04-28,921.665,928.335,918.335,921.665,465200,,,
2017-05-01,921.665,925,918.335,923.335,208000,,,
2017-05-02,921.665,936.665,920,935,369400,,,
2017-05-08,943.335,963.335,943.335,958.335,561800,,,
2017-05-09,951.665,960,951.665,955,337000,,,
2017-05-10,956.665,958.335,953.335,955,333600,,,
2017-05-11,956.665,960,953.335,956.665,477600,,,
2017-05-12,960,980,958.335,975,944000,,,
2017-05-15,965,981.665,958.335,975,669200,,,
2017-05-16,976.665,976.665,966.665,976.665,305200,,,
2017-05-17,975,983.335,971.665,983.335,246800,,,
2017-05-18,973.335,981.665,970,980,310200,,,
2017-05-19,983.335,983.335,973.335,980,310400,,,
2017-05-22,976.665,983.335,975,981.665,240400,,,
2017-05-23,975,985,975,978.335,194200,,,
2017-05-24,983.335,988.335,971.665,975,291600,,,
2017-05-25,975,981.665,973.335,976.665,245200,,,
2017-05-26,975,976.665,963.335,965,186000,,,
2017-05-29,968.335,976.665,966.665,975,171400,,,
2017-05-30,976.665,995,976.665,990,472400,,,
2017-05-31,983.335,991.665,980,983.335,323600,,,
2017-06-01,988.335,1011.665,985,1011.665,432400,,,
2017-06-02,1010,1031.665,1008.335,1016.665,500200,,,
2017-06-05,1016.665,1030,1010,1026.665,206800,,,
2017-06-06,1025,1025,1013.335,1013.335,181200,,,
2017-06-07,1003.335,1003.335,990,993.335,386400,,,
2017-06-08,998.335,1000,983.335,983.335,255400,,,
2017-06-09,976.665,985,975,975,190000,,,
2017-06-12,983.335,1000,983.335,996.665,442200,,,
2017-06-13,993.335,1008.335,993.335,998.335,249400,,,
2017-06-14,1001.665,1013.335,1001.665,1006.665,255600,,,
2017-06-15,1001.665,1018.335,1001.665,1010,271800,,,
2017-06-16,1025,1025,1008.335,1011.665,283000,,,
2017-06-19,1006.665,1018.335,1005,1015,170000,,,
2017-06-20,1020,1033.335,1020,1028.335,191200,,,
2017-06-21,1015,1030,1013.335,1016.665,193000,,,
2017-06-22,1013.335,1025,1011.665,1020,170000,,,
2017-06-23,1015,1020,1008.335,1015,178000,,,
2017-06-26,1008.335,1025,1008.335,1018.335,209200,,,
2017-06-27,1026.665,1028.335,1011.665,1011.665,165600,,,
2017-06-28,1010,1011.665,995,996.665,165600,,,
2017-06-29,991.665,1000,991.665,998.335,149800,,,
2017-06-30,998.335,1006.665,991.665,1003.335,283800,,,
2017-07-03,936.665,951.665,923.335,933.335,1612800,,,
2017-07-04,933.335,935,923.335,926.665,445200,,,
2017-07-05,921.665,923.335,906.665,920,367400,,,
2017-07-06,920,925,911.665,915,240000,,,
2017-07-07,901.665,905,891.665,895,681200,,,
2017-07-10,905,906.665,898.335,900,242800,,,
2017-07-11,895,911.665,893.335,911.665,344600,,,
2017-07-12,911.665,918.335,911.665,916.665,422800,,,
2017-07-13,921.665,931.665,920,925,371200,,,
2017-07-14,930,935,926.665,928.335,251200,,,
2017-07-18,928.335,931.665,918.335,923.335,236000,,,
2017-07-19,923.335,931.665,923.335,930,197800,,,
2017-07-20,935,945,933.335,941.665,194000,,,
2017-07-21,940,941.665,933.335,940,234400,,,
2017-07-24,945,945,935,941.665,171800,,,
2017-07-25,938.335,945,936.665,940,187200,,,
2017-07-26,941.665,943.335,936.665,940,143600,,,
2017-07-27,941.665,950,938.335,943.335,226000,,,
2017-07-28,936.665,945,935,941.665,189000,,,
2017-07-31,933.335,945,930,938.335,180000,,,
2017-08-01,938.335,960,936.665,960,279600,,,
2017-08-02,966.665,971.665,956.665,968.335,188400,,,
2017-08-03,966.665,978.335,965,971.665,196200,,,
2017-08-04,970,975,961.665,973.335,126200,,,
2017-08-07,971.665,978.335,965,973.335,119400,,,
2017-08-08,976.665,983.335,965,973.335,131800,,,
2017-08-09,973.335,978.335,960,968.335,207600,,,
2017-08-10,971.665,983.335,965,981.665,314800,,,
2017-08-14,976.665,980,966.665,968.335,256200,,,
2017-08-15,978.335,981.665,971.665,980,243200,,,
2017-08-16,983.335,983.335,968.335,973.335,250600,,,
2017-08-17,980,988.335,976.665,983.335,208200,,,
2017-08-18,970,973.335,960,965,151800,,,
2017-08-21,965,973.335,963.335,965,93800,,,
2017-08-22,963.335,965,953.335,955,193200,,,
2017-08-23,960,961.665,951.665,955,171600,,,
2017-08-24,946.665,951.665,940,945,319000,,,
2017-08-25,948.335,948.335,938.335,945,169000,,,
2017-08-28,945,950,941.665,945,146600,,,
2017-08-29,940,948.335,931.665,941.665,244200,,,
2017-08-30,950,971.665,946.665,963.335,334000,,,
2017-08-31,971.665,973.335,963.335,968.335,148600,,,
2017-09-01,971.665,976.665,965,975,224600,,,
2017-09-04,975,976.665,951.665,953.335,166200,,,
2017-09-05,953.335,955,943.335,946.665,177800,,,
2017-09-06,953.335,961.665,943.335,961.665,143400,,,
2017-09-07,965,981.665,965,980,255000,,,
2017-09-08,971.665,991.665,970,986.665,274800,,,
2017-09-11,991.665,991.665,978.335,981.665,289600,,,
2017-09-12,988.335,988.335,980,981.665,163000,,,
2017-09-13,985,985,976.665,981.665,258800,,,
2017-09-14,988.335,990,976.665,986.665,349600,,,
2017-09-15,988.335,988.335,976.665,980,299800,,,
2017-09-19,986.665,990,980,988.335,297000,,,
2017-09-20,981.665,986.665,978.335,983.335,242200,,,
2017-09-21,981.665,983.335,973.335,978.335,154800,,,
2017-09-22,976.665,976.665,961.665,965,227200,,,
2017-09-25,968.335,983.335,961.665,981.665,263200,,,
2017-09-26,980,1003.335,978.335,996.665,780400,,,
2017-09-27,995,996.665,985,993.335,334000,,,
2017-09-28,991.665,998.335,986.665,996.665,333800,,,
2017-09-29,1000,1000,991.665,996.665,404400,,,
2017-10-02,985,986.665,938.335,945,1338400,,,
2017-10-03,945,951.665,941.665,948.335,545200,,,
2017-10-04,951.665,955,948.335,955,315400,,,
2017-10-05,955,965,953.335,963.335,302000,,,
2017-10-06,963.335,963.335,950,953.335,232200,,,
2017-10-10,955,971.665,955,968.335,287200,,,
2017-10-11,966.665,973.335,965,971.665,273600,,,
2017-10-12,975,975,963.335,971.665,291400,,,
2017-10-13,970,983.335,968.335,981.665,244600,,,
2017-10-16,983.335,995,980,985,338800,,,
2017-10-17,988.335,988.335,978.335,983.335,214400,,,
2017-10-18,983.335,983.335,975,980,210600,,,
2017-10-19,976.665,980,970,973.335,294200,,,
2017-10-20,975,986.665,970,980,254000,,,
2017-10-23,978.335,980,968.335,978.335,153600,,,
2017-10-24,978.335,988.335,975,978.335,353600,,,
2017-10-25,975,975,951.665,955,388200,,,
2017-10-26,955,956.665,950,951.665,148000,,,
2017-10-27,956.665,960,951.665,960,211400,,,
2017-10-30,956.665,958.335,950,956.665,323800,,,
2017-10-31,960,961.665,953.335,960,436400,,,
2017-11-01,961.665,961.665,951.665,956.665,314000,,,
2017-11-02,956.665,965,953.335,960,314600,,,
2017-11-06,958.335,971.665,956.665,966.665,243800,,,
2017-11-07,973.335,985,963.335,985,418400,,,
2017-11-08,975,985,971.665,983.335,359800,,,
2017-11-09,983.335,998.335,976.665,983.335,470800,,,
2017-11-10,966.665,995,966.665,986.665,284600,,,
2017-11-13,978.335,985,975,976.665,141800,,,
2017-11-14,976.665,978.335,965,965,198600,,,
2017-11-15,965,965,946.665,951.665,281000,,,
2017-11-16,948.335,973.335,946.665,966.665,220800,,,
2017-11-17,975,986.665,966.665,970,332200,,,
2017-11-20,973.335,990,971.665,986.665,234200,,,
2017-11-21,983.335,988.335,973.335,980,382400,,,
2017-11-22,986.665,986.665,968.335,970,197400,,,
2017-11-24,965,973.335,960,970,149800,,,
2017-11-27,970,973.335,963.335,963.335,199600,,,
2017-11-28,966.665,976.665,966.665,973.335,107400,,,
2017-11-29,986.665,995,985,990,177600,,,
2017-11-30,1000,1008.335,995,1003.335,627600,,,
2017-12-01,1005,1006.665,991.665,995,165800,,,
2017-12-04,986.665,986.665,971.665,973.335,325600,,,
2017-12-05,973.335,991.665,973.335,990,305200,,,
2017-12-06,980,986.665,975,980,283800,,,
2017-12-07,985,993.335,976.665,980,263800,,,
2017-12-08,963.335,981.665,963.335,980,339600,,,
2017-12-11,983.335,986.665,965,973.335,291400,,,
2017-12-12,981.665,985,976.665,978.335,212000,,,
2017-12-13,981.665,981.665,975,978.335,153800,,,
2017-12-14,973.335,975,963.335,966.665,297400,,,
2017-12-15,966.665,983.335,965,976.665,342400,,,
2017-12-18,978.335,983.335,975,976.665,240600,,,
2017-12-19,981.665,981.665,973.335,973.335,205200,,,
2017-12-20,971.665,975,965,965,290600,,,
2017-12-21,963.335,965,960,965,184600,,,
2017-12-22,966.665,966.665,951.665,951.665,240000,,,
2017-12-25,953.335,958.335,948.335,948.335,155600,,,
2017-12-26,950,958.335,950,955,163200,,,
2017-12-27,960,961.665,948.335,950,163400,,,
2017-12-28,953.335,966.665,953.335,960,197200,,,
2017-12-29,960,961.665,955,958.335,135800,,,
2018-01-04,963.335,971.665,955,968.335,328000,,,
2018-01-05,978.335,990,971.665,976.665,350200,,,
2018-01-09,993.335,993.335,936.665,943.335,1404000,,,
2018-01-10,943.335,948.335,941.665,943.335,316600,,,
2018-01-11,940,940,928.335,938.335,495000,,,
2018-01-12,938.335,943.335,931.665,933.335,531200,,,
2018-01-15,943.335,946.665,938.335,941.665,457200,,,
2018-01-16,940,945,938.335,945,255800,,,
2018-01-17,945,958.335,945,958.335,436800,,,
2018-01-18,950,950,936.665,940,452000,,,
2018-01-19,945,951.665,938.335,938.335,244400,,,
2018-01-22,943.335,946.665,938.335,943.335,260000,,,
2018-01-23,950,965,943.335,963.335,456000,,,
2018-01-24,963.335,983.335,956.665,983.335,487800,,,
2018-01-25,978.335,983.335,976.665,980,260400,,,
2018-01-26,980,985,976.665,980,406200,,,
2018-01-29,980,983.335,976.665,980,146600,,,
2018-01-30,975,981.665,970,973.335,282600,,,
2018-01-31,971.665,981.665,966.665,968.335,231200,,,
2018-02-01,966.665,980,966.665,978.335,189000,,,
2018-02-02,971.665,985,971.665,981.665,222400,,,
2018-02-05,966.665,976.665,956.665,956.665,310800,,,
2018-02-06,940,946.665,921.665,931.665,480200,,,
2018-02-07,955,971.665,943.335,945,414200,,,
2018-02-08,946.665,953.335,945,948.335,293000,,,
2018-02-09,925,935,925,933.335,276000,,,
2018-02-13,943.335,955,936.665,943.335,373600,,,
2018-02-14,951.665,953.335,940,941.665,411200,,,
2018-02-15,953.335,955,940,940,273600,,,
2018-02-16,950,961.665,950,956.665,274000,,,
2018-02-19,966.665,980,963.335,975,505600,,,
2018-02-20,973.335,980,963.335,965,311800,,,
2018-02-21,973.335,980,966.665,970,456600,,,
2018-02-22,971.665,973.335,960,965,433800,,,
2018-02-23,966.665,973.335,963.335,966.665,1109000,,,
2018-02-26,966.665,976.665,958.335,970,457000,,,
2018-02-27,973.335,975,965,973.335,145600,,,
2018-02-28,976.665,993.335,976.665,980,359600,,,
2018-03-01,985,986.665,971.665,976.665,240000,,,
2018-03-02,963.335,973.335,963.335,965,201800,,,
2018-03-05,966.665,981.665,965,978.335,299000,,,
2018-03-06,985,1000,980,991.665,463400,,,
2018-03-07,990,1005,985,998.335,427200,,,
2018-03-08,998.335,1001.665,986.665,993.335,393000,,,
2018-03-09,998.335,1006.665,983.335,986.665,487000,,,
2018-03-12,1000,1000,978.335,981.665,336200,,,
2018-03-13,983.335,986.665,975,986.665,339800,,,
2018-03-14,980,981.665,971.665,978.335,342400,,,
2018-03-15,971.665,990,968.335,985,414200,,,
2018-03-16,985,988.335,980,985,309800,,,
2018-03-19,976.665,983.335,970,978.335,258000,,,
2018-03-20,963.335,965,951.665,963.335,409200,,,
2018-03-22,946.665,978.335,943.335,975,401000,,,
2018-03-23,963.335,980,958.335,963.335,382600,,,
2018-03-26,958.335,963.335,946.665,963.335,325400,,,
2018-03-27,960,980,960,980,472000,,,
2018-03-28,976.665,983.335,971.665,981.665,312000,,,
2018-03-29,991.665,996.665,983.335,990,525800,,,
2018-03-30,990,990,978.335,981.665,313800,,,
2018-04-02,976.665,978.335,971.665,971.665,268600,,,
2018-04-03,963.335,983.335,958.335,976.665,306600,,,
2018-04-04,975,986.665,971.665,980,406200,,,
2018-04-05,985,990,976.665,983.335,324400,,,
2018-04-06,980,993.335,980,986.665,357800,,,
2018-04-09,986.665,995,983.335,990,331600,,,
2018-04-10,983.335,995,978.335,980,390800,,,
2018-04-11,1011.665,1045,998.335,1023.335,1690400,,,
2018-04-12,1021.665,1025,1011.665,1013.335,534400,,,
2018-04-13,1023.335,1023.335,991.665,1003.335,408400,,,
2018-04-16,1011.665,1026.665,1006.665,1023.335,520000,,,
2018-04-17,1050,1056.665,1033.335,1045,1248800,,,
2018-04-18,1046.665,1051.665,1033.335,1043.335,629600,,,
2018-04-19,1051.665,1063.335,1041.665,1058.335,1029000,,,
2018-04-20,1065,1076.665,1063.335,1071.665,688000,,,
2018-04-23,1060,1065,1055,1063.335,425800,,,
2018-04-24,1063.335,1070,1061.665,1063.335,499200,,,
2018-04-25,1058.335,1068.335,1046.665,1065,623400,,,
2018-04-26,1066.665,1068.335,1058.335,1063.335,625400,,,
2018-04-27,1066.665,1070,1060,1063.335,779000,,,
2018-05-01,1058.335,1068.335,1055,1065,669600,,,
2018-05-02,1066.665,1068.335,1058.335,1066.665,873800,,,
2018-05-07,1058.335,1078.335,1058.335,1073.335,608400,,,
2018-05-08,1068.335,1076.665,1068.335,1071.665,635200,,,
2018-05-09,1076.665,1095,1075,1088.335,697400,,,
2018-05-10,1086.665,1093.335,1076.665,1091.665,508200,,,
2018-05-11,1088.335,1101.665,1086.665,1098.335,442200,,,
2018-05-14,1103.335,1116.665,1098.335,1111.665,365400,,,
2018-05-15,1106.665,1116.665,1105,1113.335,254600,,,
2018-05-16,1111.665,1126.665,1110,1116.665,325000,,,
2018-05-17,1125,1128.335,1115,1120,385600,,,
2018-05-18,1118.335,1126.665,1113.335,1126.665,356400,,,
2018-05-21,1118.335,1125,1115,1116.665,289000,,,
2018-05-22,1111.665,1113.335,1090,1093.335,410800,,,
2018-05-23,1096.665,1100,1088.335,1098.335,395400,,,
2018-05-24,1096.665,1101.665,1091.665,1100,355200,,,
2018-05-25,1095,1098.335,1081.665,1091.665,247800,,,
2018-05-28,1098.335,1098.335,1086.665,1088.335,207000,,,
2018-05-29,1088.335,1090,1076.665,1085,265200,,,
2018-05-30,1078.335,1085,1071.665,1081.665,348600,,,
2018-05-31,1083.335,1091.665,1078.335,1088.335,342600,,,
2018-06-01,1083.335,1098.335,1078.335,1093.335,412400,,,
2018-06-04,1101.665,1111.665,1096.665,1106.665,310200,,,
2018-06-05,1110,1120,1110,1116.665,297200,,,
2018-06-06,1100,1105,1090,1090,459800,,,
2018-06-07,1085,1086.665,1075,1075,496400,,,
2018-06-08,1073.335,1085,1073.335,1075,512800,,,
2018-06-11,1073.335,1098.335,1071.665,1093.335,397800,,,
2018-06-12,1098.335,1121.665,1095,1113.335,508400,,,
2018-06-13,1101.665,1123.335,1100,1120,579000,,,
2018-06-14,1103.335,1113.335,1100,1110,253400,,,
2018-06-15,1110,1118.335,1108.335,1115,347600,,,
2018-06-18,1113.335,1118.335,1111.665,1116.665,372400,,,
2018-06-19,1083.335,1098.335,1083.335,1083.335,591400,,,
2018-06-20,1091.665,1093.335,1075,1085,425200,,,
2018-06-21,1086.665,1098.335,1081.665,1083.335,374600,,,
2018-06-22,1083.335,1091.665,1080,1088.335,221400,,,
2018-06-25,1105,1115,1095,1106.665,463400,,,
2018-06-26,1105,1111.665,1093.335,1100,305400,,,
2018-06-27,1096.665,1113.335,1095,1101.665,403200,,,
2018-06-28,1088.335,1096.665,1078.335,1091.665,414200,,,
2018-06-29,1066.665,1088.335,1066.665,1068.335,552000,,,
2018-07-02,983.335,991.665,955,971.665,1684400,,,
2018-07-03,981.665,983.335,966.665,980,774000,,,
2018-07-04,983.335,995,983.335,991.665,502000,,,
2018-07-05,991.665,995,975,981.665,530200,,,
2018-07-06,991.665,998.335,986.665,991.665,445200,,,
2018-07-09,990,996.665,985,995,255000,,,
2018-07-10,995,998.335,988.335,993.335,307000,,,
2018-07-11,993.335,996.665,985,990,309800,,,
2018-07-12,996.665,1005,993.335,995,191600,,,
2018-07-13,1005,1006.665,993.335,1003.335,306400,,,
2018-07-17,1013.335,1023.335,1010,1020,387000,,,
2018-07-18,1036.665,1036.665,1015,1023.335,265400,,,
2018-07-19,1030,1031.665,1011.665,1011.665,265200,,,
2018-07-20,1008.335,1016.665,1003.335,1013.335,249200,,,
2018-07-23,1010,1018.335,1000,1008.335,196600,,,
2018-07-24,1008.335,1011.665,998.335,998.335,290600,,,
2018-07-25,998.335,1008.335,996.665,1006.665,355800,,,
2018-07-26,1011.665,1020,1006.665,1016.665,297200,,,
2018-07-27,1026.665,1028.335,1018.335,1020,169000,,,
2018-07-30,1016.665,1016.665,1010,1011.665,144400,,,
2018-07-31,1003.335,1008.335,991.665,998.335,395200,,,
2018-08-01,996.665,1008.335,995,1005,273800,,,
2018-08-02,998.335,1003.335,995,996.665,379200,,,
2018-08-03,998.335,1000,988.335,998.335,237000,,,
2018-08-06,1001.665,1011.665,1000,1001.665,202800,,,
2018-08-07,1000,1010,996.665,1010,151800,,,
2018-08-08,1006.665,1016.665,1003.335,1005,228400,,,
2018-08-09,1008.335,1011.665,1003.335,1006.665,186400,,,
2018-08-10,1006.665,1011.665,993.335,996.665,612200,,,
2018-08-13,996.665,996.665,981.665,985,282400,,,
2018-08-14,988.335,993.335,980,990,220000,,,
2018-08-15,986.665,991.665,975,976.665,253400,,,
2018-08-16,971.665,971.665,960,963.335,311200,,,
2018-08-17,963.335,975,963.335,970,241000,,,
2018-08-20,961.665,965,958.335,960,180200,,,
2018-08-21,953.335,956.665,948.335,953.335,236600,,,
2018-08-22,946.665,953.335,945,951.665,221000,,,
2018-08-23,951.665,956.665,945,955,320800,,,
2018-08-24,963.335,965,953.335,963.335,189400,,,
2018-08-27,968.335,968.335,955,960,192600,,,
2018-08-28,960,960,946.665,955,241000,,,
2018-08-29,946.665,950,933.335,933.335,775000,,,
2018-08-30,938.335,938.335,928.335,930,340000,,,
2018-08-31,923.335,930,911.665,915,438200,,,
2018-09-03,921.665,925,911.665,915,522000,,,
2018-09-04,910,913.335,893.335,898.335,538000,,,
2018-09-05,901.665,905,895,903.335,349200,,,
2018-09-06,896.665,898.335,888.335,891.665,321200,,,
2018-09-07,883.335,893.335,883.335,893.335,311600,,,
2018-09-10,888.335,888.335,878.335,878.335,275000,,,
2018-09-11,878.335,878.335,868.335,870,339200,,,
2018-09-12,866.665,870,835,855,908600,,,
2018-09-13,866.665,883.335,866.665,876.665,517200,,,
2018-09-14,883.335,895,880,881.665,670200,,,
2018-09-18,898.335,908.335,888.335,903.335,621000,,,
2018-09-19,918.335,926.665,910,921.665,522400,,,
2018-09-20,930,930,918.335,925,364400,,,
2018-09-21,933.335,943.335,925,936.665,410200,,,
2018-09-25,936.665,953.335,931.665,940,576600,,,
2018-09-26,936.665,946.665,936.665,943.335,359600,,,
2018-09-27,938.335,946.665,930,931.665,313600,,,
2018-09-28,933.335,945,926.665,930,728200,,,
2018-10-01,970,978.335,940,956.665,816800,,,
2018-10-02,961.665,961.665,946.665,953.335,403400,,,
2018-10-03,955,960,945,948.335,328200,,,
2018-10-04,948.335,950,928.335,930,563200,,,
2018-10-05,925,936.665,925,931.665,331800,,,
2018-10-09,925,933.335,921.665,925,443600,,,
2018-10-10,933.335,941.665,931.665,933.335,311400,,,
2018-10-11,916.665,923.335,901.665,911.665,558000,,,
2018-10-12,905,913.335,896.665,898.335,422400,,,
2018-10-15,896.665,900,878.335,880,338200,,,
2018-10-16,875,881.665,860,865,434200,,,
2018-10-17,866.665,873.335,861.665,871.665,460200,,,
2018-10-18,873.335,880,866.665,870,358000,,,
2018-10-19,870,880,866.665,875,384800,,,
2018-10-22,866.665,875,860,871.665,199200,,,
2018-10-23,865,865,848.335,848.335,233200,,,
2018-10-24,851.665,855,840,851.665,298200,,,
2018-10-25,836.665,848.335,832.5,832.5,353200,,,
2018-10-26,836.665,838.335,829.165,833.335,442400,,,
2018-10-29,840,850,835,836.665,242600,,,
2018-10-30,835,860,835,855,341000,,,
2018-10-31,850,865,846.665,861.665,342000,,,
2018-11-01,861.665,888.335,860,876.665,468400,,,
2018-11-02,868.335,885,866.665,883.335,266600,,,
2018-11-05,868.335,880,866.665,871.665,166200,,,
2018-11-06,878.335,886.665,876.665,880,221400,,,
2018-11-07,885,885,870,871.665,256200,,,
2018-11-08,880,885,878.335,883.335,141800,,,
2018-11-09,885,888.335,875,875,164400,,,
2018-11-12,873.335,893.335,871.665,888.335,204600,,,
2018-11-13,871.665,875,861.665,873.335,241400,,,
2018-11-14,875,875,865,866.665,154200,,,
2018-11-15,863.335,875,858.335,868.335,243000,,,
2018-11-16,865,876.665,860,873.335,318400,,,
2018-11-19,881.665,891.665,880,881.665,241800,,,
2018-11-20,870,876.665,868.335,873.335,259400,,,
2018-11-21,856.665,866.665,856.665,865,197600,,,
2018-11-22,865,883.335,865,881.665,149200,,,
2018-11-26,880,893.335,876.665,883.335,268400,,,
2018-11-27,895,896.665,883.335,888.335,249600,,,
2018-11-28,886.665,900,881.665,895,290000,,,
2018-11-29,901.665,901.665,881.665,881.665,270400,,,
2018-11-30,883.335,893.335,876.665,890,380000,,,
2018-12-03,900,900,880,883.335,363400,,,
2018-12-04,881.665,881.665,853.335,856.665,406400,,,
2018-12-05,840,856.665,840,848.335,379000,,,
2018-12-06,845,846.665,824.165,827.5,474200,,,
2018-12-07,825.835,843.335,825.835,841.665,521800,,,
2018-12-10,830,836.665,815,815.835,294400,,,
2018-12-11,824.165,838.335,823.335,838.335,241200,,,
2018-12-12,835,836.665,824.165,828.335,311400,,,
2018-12-13,838.335,841.665,825.835,825.835,340200,,,
2018-12-14,816.665,820.835,805.835,805.835,545400,,,
2018-12-17,810.835,826.665,810.835,816.665,451200,,,
2018-12-18,805.835,809.165,787.5,788.335,311800,,,
2018-12-19,787.5,790.835,769.165,773.335,284200,,,
2018-12-20,771.665,775,755,756.665,259600,,,
2018-12-21,755,755,737.5,741.665,332400,,,
2018-12-25,724.165,724.165,698.335,706.665,480200,,,
2018-12-26,706.665,730.835,706.665,712.5,404800,,,
2018-12-27,700.835,740.835,680,728.335,1036000,,,
2018-12-28,721.665,726.665,718.335,724.165,434400,,,
2019-01-04,712.5,730,710.835,730,660000,,,
2019-01-07,739.165,741.665,721.665,728.335,422800,,,
2019-01-08,722.5,740.835,722.5,725.835,469800,,,
2019-01-09,740.835,757.5,740,750.835,449800,,,
2019-01-10,750,755.835,736.665,736.665,395200,,,
2019-01-11,748.335,760,741.665,747.5,406000,,,
2019-01-15,751.665,757.5,745,748.335,340600,,,
2019-01-16,750.835,755,743.335,748.335,233600,,,
2019-01-17,749.165,756.665,746.665,747.5,218200,,,
2019-01-18,749.165,765,749.165,761.665,252200,,,
2019-01-21,763.335,765.835,755,762.5,208600,,,
2019-01-22,770,771.665,755,759.165,230400,,,
2019-01-23,755.835,767.5,753.335,753.335,245400,,,
2019-01-24,748.335,753.335,741.665,753.335,265400,,,
2019-01-25,744.165,765.835,743.335,760,390600,,,
2019-01-28,752.5,755,746.665,747.5,198200,,,
2019-01-29,747.5,750,740.835,748.335,354800,,,
2019-01-30,749.165,752.5,745,747.5,262400,,,
2019-01-31,758.335,761.665,752.5,753.335,272200,,,
2019-02-01,754.165,765,752.5,755.835,200000,,,
2019-02-04,762.5,772.5,762.5,769.165,260400,,,
2019-02-05,780,784.165,765.835,768.335,601200,,,
2019-02-06,769.165,769.165,760,761.665,377800,,,
2019-02-07,770,770,762.5,764.165,381400,,,
2019-02-08,755,756.665,740,742.5,266000,,,
2019-02-12,751.665,764.165,745.835,756.665,509600,,,
2019-02-13,766.665,766.665,754.165,757.5,280600,,,
2019-02-14,760.835,775.835,759.165,771.665,305600,,,
2019-02-15,767.5,774.165,762.5,772.5,208600,,,
2019-02-18,787.5,792.5,781.665,792.5,480200,,,
2019-02-19,798.335,798.335,786.665,789.165,324800,,,
2019-02-20,794.165,801.665,789.165,793.335,451400,,,
2019-02-21,793.335,797.5,784.165,794.165,455000,,,
2019-02-22,796.665,803.335,793.335,794.165,714000,,,
2019-02-25,801.665,801.665,795,798.335,1501000,,,
2019-02-26,800,803.335,791.665,795.835,516600,,,
2019-02-27,791.665,805,791.665,803.335,353600,,,
2019-02-28,808.335,811.665,800,805.835,407200,,,
2019-03-01,810,815,804.165,814.165,299400,,,
2019-03-04,814.165,817.5,793.335,794.165,377400,,,
2019-03-05,785,797.5,783.335,793.335,336800,,,
2019-03-06,786.665,797.5,786.665,795,239400,,,
2019-03-07,792.5,797.5,790.835,795,192600,,,
2019-03-08,790.835,795.835,785,786.665,327200,,,
2019-03-11,787.5,797.5,785.835,796.665,245800,,,
2019-03-12,819.165,824.165,815.835,823.335,464400,,,
2019-03-13,818.335,821.665,812.5,815.835,376000,,,
2019-03-14,820.835,828.335,820,825.835,279200,,,
2019-03-15,825,838.335,822.5,831.665,364000,,,
2019-03-18,830,845,827.5,845,248200,,,
2019-03-19,845,845,820.835,823.335,346600,,,
2019-03-20,830.835,830.835,815,818.335,338200,,,
2019-03-22,813.335,822.5,811.665,816.665,387400,,,
2019-03-25,815.835,815.835,801.665,803.335,268000,,,
2019-03-26,815,830.835,813.335,827.5,514400,,,
2019-03-27,833.335,833.335,815.835,819.165,291600,,,
2019-03-28,807.5,807.5,798.335,799.165,250000,,,
2019-03-29,810.835,815,808.335,812.5,241800,,,
2019-04-01,811.665,817.5,809.165,812.5,357400,,,
2019-04-02,806.665,814.165,781.665,782.5,443200,,,
2019-04-03,785,786.665,775.835,783.335,263000,,,
2019-04-04,818.335,832.5,806.665,810.835,922400,,,
2019-04-05,808.335,814.165,795,807.5,751200,,,
2019-04-08,843.335,858.335,831.665,846.665,1236600,,,
2019-04-09,846.665,850,813.335,820.835,889400,,,
2019-04-10,828.335,835,816.665,825.835,480000,,,
2019-04-11,824.165,829.165,821.665,825,306400,,,
2019-04-12,825,825,815.835,820,354000,,,
2019-04-15,828.335,831.665,824.165,830,239200,,,
2019-04-16,826.665,830.835,820.835,823.335,237800,,,
2019-04-17,821.665,830,820,824.165,240400,,,
2019-04-18,825,861.665,825,860,580200,,,
2019-04-19,871.665,900,870,893.335,792600,,,
2019-04-22,890,923.335,890,918.335,682200,,,
2019-04-23,926.665,938.335,920,926.665,580200,,,
2019-04-24,933.335,940,925,925,510000,,,
2019-04-25,933.335,946.665,933.335,946.665,416600,,,
2019-04-26,941.665,945,933.335,935,373000,,,
2019-05-07,925,931.665,915,918.335,332600,,,
2019-05-08,891.665,903.335,891.665,900,379000,,,
2019-05-09,890,895,881.665,886.665,289400,,,
2019-05-10,888.335,916.665,888.335,911.665,478800,,,
2019-05-13,905,913.335,895,905,346800,,,
2019-05-14,881.665,886.665,865,875,415800,,,
2019-05-15,873.335,880,866.665,873.335,275000,,,
2019-05-16,873.335,876.665,863.335,875,327200,,,
2019-05-17,871.665,871.665,845,870,496800,,,
2019-05-20,866.665,870,851.665,855,280400,,,
2019-05-21,853.335,868.335,848.335,868.335,255400,,,
2019-05-22,863.335,868.335,858.335,858.335,332000,,,
2019-05-23,858.335,865,848.335,850,216800,,,
2019-05-24,845,848.335,835,840,192000,,,
2019-05-27,845,851.665,841.665,850,199400,,,
2019-05-28,853.335,865,850,858.335,524600,,,
2019-05-29,860,870,853.335,861.665,342600,,,
2019-05-30,845,848.335,833.335,836.665,223200,,,
2019-05-31,830,836.665,821.665,822.5,418200,,,
2019-06-03,820,820,795.835,811.665,605000,,,
2019-06-04,816.665,820,805.835,812.5,491400,,,
2019-06-05,820,827.5,813.335,822.5,538800,,,
2019-06-06,816.665,820.835,807.5,815.835,297600,,,
2019-06-07,827.5,829.165,815,820,531200,,,
2019-06-10,838.335,838.335,829.165,832.5,261000,,,
2019-06-11,835,853.335,831.665,851.665,345800,,,
2019-06-12,851.665,861.665,850,853.335,260200,,,
2019-06-13,858.335,861.665,843.335,846.665,302400,,,
2019-06-14,856.665,858.335,841.665,855,245600,,,
2019-06-17,856.665,876.665,855,865,334400,,,
2019-06-18,858.335,876.665,853.335,861.665,378000,,,
2019-06-19,865,875,860,873.335,243400,,,
2019-06-20,875,880,868.335,871.665,316200,,,
2019-06-21,865,866.665,856.665,858.335,301800,,,
2019-06-24,851.665,856.665,841.665,850,265600,,,
2019-06-25,855,866.665,848.335,848.335,546600,,,
2019-06-26,883.335,888.335,843.335,856.665,1515800,,,
2019-06-27,848.335,850,819.165,827.5,900000,,,
2019-06-28,823.335,848.335,820.835,848.335,567200,,,
2019-07-01,851.665,855,843.335,846.665,353800,,,
2019-07-02,846.665,858.335,846.665,855,321000,,,
2019-07-03,856.665,866.665,856.665,860,430200,,,
2019-07-04,866.665,870,860,868.335,162200,,,
2019-07-05,870,881.665,870,875,268600,,,
2019-07-08,868.335,871.665,861.665,866.665,206600,,,
2019-07-09,868.335,878.335,868.335,871.665,304200,,,
2019-07-10,865,871.665,865,868.335,240200,,,
2019-07-11,870,885,870,880,365200,,,
2019-07-12,875,885,875,883.335,226200,,,
2019-07-16,880,885,878.335,883.335,208200,,,
2019-07-17,875,881.665,868.335,878.335,419600,,,
2019-07-18,876.665,880,868.335,873.335,329000,,,
2019-07-19,865,885,863.335,881.665,228600,,,
2019-07-22,870,876.665,866.665,868.335,316000,,,
2019-07-23,868.335,873.335,861.665,865,242200,,,
2019-07-24,868.335,876.665,861.665,875,277200,,,
2019-07-25,873.335,881.665,870,871.665,229800,,,
2019-07-26,868.335,868.335,841.665,856.665,361000,,,
2019-07-29,860,868.335,858.335,866.665,176800,,,
2019-07-30,871.665,876.665,870,873.335,197600,,,
2019-07-31,875,880,871.665,876.665,302200,,,
2019-08-01,875,875,863.335,873.335,120200,,,
2019-08-02,860,870,856.665,861.665,259600,,,
2019-08-05,855,861.665,845,855,263600,,,
2019-08-06,838.335,865,835,863.335,319200,,,
2019-08-07,863.335,868.335,855,868.335,342000,,,
2019-08-08,868.335,871.665,860,863.335,252600,,,
2019-08-09,863.335,868.335,851.665,856.665,278600,,,
2019-08-13,855,868.335,845,861.665,526600,,,
2019-08-14,863.335,906.665,855,898.335,1602600,,,
2019-08-15,893.335,896.665,880,886.665,606200,,,
2019-08-16,893.335,918.335,890,906.665,642000,,,
2019-08-19,906.665,910,901.665,903.335,284800,,,
2019-08-20,901.665,906.665,891.665,900,328400,,,
2019-08-21,888.335,898.335,880,895,205400,,,
2019-08-22,896.665,903.335,893.335,903.335,169000,,,
2019-08-23,911.665,930,910,921.665,373000,,,
2019-08-26,901.665,913.335,900,908.335,209000,,,
2019-08-27,921.665,928.335,916.665,923.335,249600,,,
2019-08-28,920,926.665,918.335,921.665,440400,,,
2019-08-29,923.335,928.335,916.665,925,285200,,,
2019-08-30,923.335,931.665,921.665,928.335,403000,,,
2019-09-02,921.665,931.665,921.665,926.665,138000,,,
2019-09-03,921.665,926.665,911.665,921.665,338200,,,
2019-09-04,928.335,938.335,928.335,935,298800,,,
2019-09-05,935,940,930,933.335,221000,,,
2019-09-06,940,940,930,930,137800,,,
2019-09-09,930,950,930,946.665,223400,,,
2019-09-10,945,945,931.665,936.665,232000,,,
2019-09-11,953.335,968.335,951.665,956.665,595600,,,
2019-09-12,960,971.665,956.665,961.665,309200,,,
2019-09-13,963.335,973.335,956.665,963.335,477600,,,
2019-09-17,966.665,981.665,965,980,266800,,,
2019-09-18,976.665,980,963.335,968.335,373400,,,
2019-09-19,953.335,971.665,951.665,966.665,514600,,,
2019-09-20,965,970,958.335,966.665,468600,,,
2019-09-24,950,980,950,971.665,800600,,,
2019-09-25,985,996.665,970,981.665,957400,,,
2019-09-26,998.335,1015,993.335,996.665,871400,,,
2019-09-27,986.665,988.335,966.665,980,461800,,,
2019-09-30,966.665,976.665,961.665,975,450800,,,
2019-10-01,973.335,991.665,971.665,985,590000,,,
2019-10-02,978.335,988.335,973.335,983.335,499800,,,
2019-10-03,971.665,988.335,971.665,981.665,309200,,,
2019-10-04,971.665,986.665,965,980,364200,,,
2019-10-07,976.665,988.335,975,986.665,274200,,,
2019-10-08,1001.665,1001.665,981.665,985,398400,,,
2019-10-09,983.335,988.335,978.335,983.335,344200,,,
2019-10-10,985,990,973.335,985,562400,,,
2019-10-11,991.665,1001.665,981.665,990,517800,,,
2019-10-15,1003.335,1013.335,998.335,1008.335,468200,,,
2019-10-16,1023.335,1036.665,1021.665,1026.665,461600,,,
2019-10-17,1021.665,1030,1020,1026.665,361200,,,
2019-10-18,1026.665,1036.665,1026.665,1031.665,399400,,,
2019-10-21,1031.665,1043.335,1028.335,1035,254400,,,
2019-10-23,1040,1041.665,1015,1030,462400,,,
2019-10-24,1028.335,1028.335,1016.665,1018.335,207400,,,
2019-10-25,1020,1023.335,1015,1021.665,191000,,,
2019-10-28,1020,1026.665,1016.665,1020,153800,,,
2019-10-29,1016.665,1018.335,1008.335,1015,355800,,,
2019-10-30,1013.335,1016.665,1003.335,1006.665,698000,,,
2019-10-31,1010,1023.335,1000,1005,572400,,,
2019-11-01,1000,1018.335,995,1010,470200,,,
2019-11-05,1016.665,1026.665,1011.665,1016.665,651600,,,
2019-11-06,1018.335,1020,1008.335,1015,393200,,,
2019-11-07,1013.335,1023.335,1011.665,1018.335,536600,,,
2019-11-08,1018.335,1020,1010,1015,494600,,,
2019-11-11,1013.335,1025,1006.665,1011.665,518600,,,
2019-11-12,1018.335,1025,1013.335,1016.665,319400,,,
2019-11-13,1020,1038.335,1016.665,1036.665,520600,,,
2019-11-14,1043.335,1060,1040,1053.335,560800,,,
2019-11-15,1050,1053.335,1033.335,1046.665,477200,,,
2019-11-18,1046.665,1051.665,1038.335,1045,277800,,,
2019-11-19,1048.335,1058.335,1048.335,1056.665,367000,,,
2019-11-20,1056.665,1070,1055,1066.665,261800,,,
2019-11-21,1068.335,1071.665,1046.665,1060,369600,,,
2019-11-22,1061.665,1068.335,1050,1061.665,355600,,,
2019-11-25,1061.665,1063.335,1038.335,1040,276000,,,
2019-11-26,1048.335,1050,1033.335,1040,286600,,,
2019-11-27,1043.335,1050,1030,1033.335,359800,,,
2019-11-28,1040,1048.335,1036.665,1038.335,280800,,,
2019-11-29,1045,1046.665,1023.335,1025,193000,,,
2019-12-02,1026.665,1040,1026.665,1028.335,261400,,,
2019-12-03,1015,1030,1013.335,1028.335,266200,,,
2019-12-04,1035,1041.665,1030,1035,217000,,,
2019-12-05,1031.665,1035,1016.665,1021.665,239000,,,
2019-12-06,1023.335,1025,1008.335,1013.335,227600,,,
2019-12-09,1025,1025,1016.665,1021.665,203000,,,
2019-12-10,1013.335,1030,1013.335,1023.335,194400,,,
2019-12-11,1026.665,1031.665,1018.335,1018.335,298800,,,
2019-12-12,1010,1013.335,998.335,998.335,224000,,,
2019-12-13,996.665,1005,960,980,701000,,,
2019-12-16,988.335,1006.665,986.665,1000,262600,,,
2019-12-17,1000,1001.665,993.335,1000,201400,,,
2019-12-18,1000,1023.335,1000,1020,311800,,,
2019-12-19,1023.335,1028.335,1018.335,1026.665,295600,,,
2019-12-20,1026.665,1043.335,1025,1038.335,364200,,,
2019-12-23,1030,1043.335,1030,1038.335,175800,,,
2019-12-24,1053.335,1055,1040,1051.665,329000,,,
2019-12-25,951.665,995,948.335,983.335,1176400,,,
2019-12-26,980,990,963.335,966.665,620200,,,
2019-12-27,971.665,980,968.335,970,320400,,,
2019-12-30,973.335,975,960,960,251400,,,
2020-01-06,946.665,960,946.665,951.665,305400,,,
2020-01-07,953.335,963.335,950,956.665,485800,,,
2020-01-08,948.335,973.335,948.335,956.665,431600,,,
2020-01-09,970,970,961.665,965,249200,,,
2020-01-10,965,971.665,963.335,963.335,210200,,,
2020-01-14,970,970,941.665,946.665,480000,,,
2020-01-15,950,951.665,936.665,941.665,355800,,,
2020-01-16,941.665,950,940,946.665,228600,,,
2020-01-17,953.335,961.665,950,951.665,459400,,,
2020-01-20,951.665,955,946.665,948.335,145400,,,
2020-01-21,951.665,953.335,945,948.335,263200,,,
2020-01-22,953.335,958.335,945,956.665,243800,,,
2020-01-23,960,961.665,948.335,950,245200,,,
2020-01-24,945,946.665,940,941.665,296800,,,
2020-01-27,933.335,936.665,913.335,920,519800,,,
2020-01-28,910,913.335,905,908.335,348600,,,
2020-01-29,908.335,921.665,906.665,920,297600,,,
2020-01-30,915,923.335,908.335,915,331200,,,
2020-01-31,921.665,925,913.335,915,388000,,,
2020-02-03,905,908.335,891.665,900,426600,,,
2020-02-04,915,918.335,905,915,333200,,,
2020-02-05,918.335,926.665,916.665,921.665,369600,,,
2020-02-06,923.335,936.665,918.335,931.665,492400,,,
2020-02-07,933.335,940,925,926.665,266600,,,
2020-02-10,925,931.665,920,925,353800,,,
2020-02-12,933.335,943.335,921.665,923.335,697600,,,
2020-02-13,918.335,925,916.665,923.335,262800,,,
2020-02-14,926.665,928.335,921.665,925,335400,,,
2020-02-17,925,925,915,920,232600,,,
2020-02-18,920,920,896.665,896.665,348400,,,
2020-02-19,911.665,925,910,920,519200,,,
2020-02-20,923.335,926.665,900,905,560200,,,
2020-02-21,908.335,913.335,901.665,905,501800,,,
2020-02-25,888.335,891.665,871.665,876.665,1293200,,,
2020-02-26,875,883.335,870,881.665,1167800,,,
2020-02-27,875,878.335,861.665,875,879600,,,
2020-02-28,858.335,871.665,845,851.665,786000,,,
2020-03-02,845,896.665,843.335,885,888800,,,
2020-03-03,893.335,895,873.335,873.335,821400,,,
2020-03-04,875,888.335,870,873.335,775200,,,
2020-03-05,883.335,888.335,871.665,888.335,555000,,,
2020-03-06,886.665,886.665,868.335,876.665,473400,,,
2020-03-09,866.665,868.335,843.335,853.335,505200,,,
2020-03-10,853.335,860,822.5,850,1070000,,,
2020-03-11,853.335,891.665,853.335,885,1220600,,,
2020-03-12,868.335,871.665,840,863.335,1258600,,,
2020-03-13,830.835,861.665,793.335,845,1039600,,,
2020-03-16,850,863.335,818.335,818.335,884800,,,
2020-03-17,828.335,876.665,814.165,865,1172200,,,
2020-03-18,861.665,903.335,855,873.335,983600,,,
2020-03-19,890,918.335,880,918.335,1016600,,,
2020-03-23,920,938.335,870,880,1002000,,,
2020-03-24,866.665,871.665,848.335,868.335,815600,,,
2020-03-25,861.665,906.665,860,905,987200,,,
2020-03-26,876.665,900,851.665,893.335,728000,,,
2020-03-27,923.335,961.665,898.335,961.665,915600,,,
2020-03-30,945,991.665,941.665,991.665,902000,,,
2020-03-31,990,996.665,958.335,961.665,815200,,,
2020-04-01,955,961.665,928.335,936.665,509600,,,
2020-04-02,941.665,971.665,928.335,940,502800,,,
2020-04-03,950,958.335,921.665,928.335,450800,,,
2020-04-06,935,973.335,931.665,963.335,507600,,,
2020-04-07,991.665,991.665,940,956.665,851200,,,
2020-04-08,928.335,976.665,908.335,951.665,1344800,,,
2020-04-09,945,945,898.335,921.665,933200,,,
2020-04-10,931.665,951.665,920,946.665,716400,,,
2020-04-13,955,958.335,936.665,943.335,479400,,,
2020-04-14,963.335,995,961.665,993.335,812400,,,
2020-04-15,996.665,1043.335,991.665,1040,1179000,,,
2020-04-16,1041.665,1058.335,1030,1041.665,630800,,,
2020-04-17,1048.335,1058.335,1020,1055,818400,,,
2020-04-20,1050,1068.335,1041.665,1063.335,483000,,,
2020-04-21,1055,1088.335,1046.665,1075,740000,,,
2020-04-22,1071.665,1105,1065,1098.335,735800,,,
2020-04-23,1106.665,1111.665,1088.335,1088.335,714600,,,
2020-04-24,1080,1100,1071.665,1100,643800,,,
2020-04-27,1101.665,1101.665,1056.665,1056.665,762400,,,
2020-04-28,1046.665,1058.335,1030,1048.335,934800,,,
2020-04-30,1055,1080,1050,1076.665,943400,,,
2020-05-01,1065,1083.335,1046.665,1053.335,476600,,,
2020-05-07,1055,1055,1041.665,1053.335,454200,,,
2020-05-08,1058.335,1073.335,1045,1061.665,413600,,,
2020-05-11,1058.335,1060,1036.665,1045,499600,,,
2020-05-12,1055,1081.665,1043.335,1080,770000,,,
2020-05-13,1090,1106.665,1086.665,1105,654800,,,
2020-05-14,1105,1116.665,1086.665,1088.335,587600,,,
2020-05-15,1085,1120,1083.335,1116.665,789600,,,
2020-05-18,1123.335,1145,1123.335,1145,564800,,,
2020-05-19,1140,1145,1128.335,1130,554600,,,
2020-05-20,1126.665,1156.665,1125,1146.665,499400,,,
2020-05-21,1141.665,1166.665,1140,1161.665,555200,,,
2020-05-22,1151.665,1166.665,1148.335,1158.335,457000,,,
2020-05-25,1168.335,1176.665,1160,1171.665,316800,,,
2020-05-26,1171.665,1171.665,1143.335,1160,473600,,,
2020-05-27,1136.665,1155,1130,1155,659200,,,
2020-05-28,1146.665,1150,1128.335,1150,708600,,,
2020-05-29,1150,1173.335,1146.665,1160,637200,,,
2020-06-01,1170,1173.335,1153.335,1168.335,411000,,,
2020-06-02,1188.335,1195,1175,1190,330400,,,
2020-06-03,1191.665,1193.335,1155,1161.665,607600,,,
2020-06-04,1165,1186.665,1160,1183.335,449000,,,
2020-06-05,1175,1190,1156.665,1163.335,492000,,,
2020-06-08,1168.335,1170,1141.665,1150,346000,,,
2020-06-09,1141.665,1165,1136.665,1163.335,444600,,,
2020-06-10,1163.335,1176.665,1158.335,1166.665,347200,,,
2020-06-11,1165,1178.335,1160,1175,438000,,,
2020-06-12,1146.665,1173.335,1145,1165,432800,,,
2020-06-15,1155,1186.665,1151.665,1165,349000,,,
2020-06-16,1186.665,1195,1163.335,1178.335,289800,,,
2020-06-17,1191.665,1203.335,1180,1181.665,355000,,,
2020-06-18,1181.665,1191.665,1175,1181.665,270200,,,
2020-06-19,1173.335,1195,1161.665,1190,473600,,,
2020-06-22,1201.665,1201.665,1186.665,1195,346000,,,
2020-06-23,1203.335,1203.335,1163.335,1175,902000,,,
2020-06-24,1205,1221.665,1168.335,1191.665,955400,,,
2020-06-25,1206.665,1241.665,1195,1221.665,688400,,,
2020-06-26,1216.665,1226.665,1203.335,1221.665,354400,,,
2020-06-29,1223.335,1250,1223.335,1240,383800,,,
2020-06-30,1228.335,1230,1203.335,1216.665,632800,,,
2020-07-01,1218.335,1223.335,1201.665,1201.665,405200,,,
2020-07-02,1208.335,1213.335,1188.335,1210,488200,,,
2020-07-03,1213.335,1235,1205,1235,354600,,,
2020-07-06,1248.335,1253.335,1233.335,1246.665,265000,,,
2020-07-07,1243.335,1261.665,1233.335,1261.665,427200,,,
2020-07-08,1268.335,1268.335,1231.665,1231.665,559000,,,
2020-07-09,1225,1248.335,1215,1241.665,562200,,,
2020-07-10,1250,1263.335,1238.335,1246.665,647000,,,
2020-07-13,1260,1273.335,1245,1271.665,495000,,,
2020-07-14,1265,1286.665,1261.665,1280,419200,,,
2020-07-15,1293.335,1311.665,1275,1308.335,440800,,,
2020-07-16,1283.335,1288.335,1261.665,1263.335,593800,,,
2020-07-17,1263.335,1270,1253.335,1266.665,446600,,,
2020-07-20,1261.665,1273.335,1255,1268.335,336000,,,
2020-07-21,1268.335,1270,1256.665,1263.335,443600,,,
2020-07-22,1271.665,1281.665,1258.335,1276.665,393600,,,
2020-07-27,1253.335,1291.665,1253.335,1288.335,522800,,,
2020-07-28,1298.335,1298.335,1280,1283.335,327000,,,
2020-07-29,1285,1295,1268.335,1286.665,457800,,,
2020-07-30,1288.335,1308.335,1278.335,1298.335,413000,,,
2020-07-31,1291.665,1298.335,1271.665,1276.665,441600,,,
2020-08-03,1283.335,1286.665,1266.665,1278.335,286000,,,
2020-08-04,1291.665,1295,1276.665,1283.335,309400,,,
2020-08-05,1281.665,1285,1270,1283.335,347200,,,
2020-08-06,1258.335,1261.665,1225,1230,744200,,,
2020-08-07,1225,1233.335,1200,1225,797800,,,
2020-08-11,1228.335,1256.665,1216.665,1251.665,695400,,,
2020-08-12,1250,1271.665,1245,1265,421200,,,
2020-08-13,1283.335,1303.335,1276.665,1298.335,432000,,,
2020-08-14,1295,1303.335,1285,1291.665,281000,,,
2020-08-17,1293.335,1298.335,1265,1265,225800,,,
2020-08-18,1268.335,1300,1263.335,1298.335,258800,,,
2020-08-19,1283.335,1293.335,1266.665,1271.665,424400,,,
2020-08-20,1258.335,1278.335,1255,1275,363600,,,
2020-08-21,1288.335,1293.335,1278.335,1288.335,378600,,,
2020-08-24,1283.335,1300,1278.335,1295,301800,,,
2020-08-25,1300,1305,1285,1303.335,357600,,,
2020-08-26,1295,1300,1268.335,1278.335,329600,,,
2020-08-27,1293.335,1305,1288.335,1300,436800,,,
2020-08-28,1283.335,1288.335,1250,1261.665,487200,,,
2020-08-31,1270,1283.335,1258.335,1275,235600,,,
2020-09-01,1270,1281.665,1258.335,1276.665,290000,,,
2020-09-02,1290,1296.665,1278.335,1286.665,304600,,,
2020-09-03,1293.335,1303.335,1291.665,1293.335,230000,,,
2020-09-04,1295,1298.335,1276.665,1281.665,258400,,,
2020-09-07,1271.665,1276.665,1251.665,1251.665,251000,,,
2020-09-08,1255,1261.665,1248.335,1260,259600,,,
2020-09-09,1236.665,1250,1213.335,1231.665,595200,,,
2020-09-10,1235,1241.665,1216.665,1236.665,360000,,,
2020-09-11,1245,1273.335,1238.335,1270,444600,,,
2020-09-14,1266.665,1273.335,1258.335,1260,356200,,,
2020-09-15,1246.665,1251.665,1223.335,1223.335,467200,,,
2020-09-16,1208.335,1258.335,1205,1255,537800,,,
2020-09-17,1230,1245,1216.665,1245,573200,,,
2020-09-18,1238.335,1258.335,1228.335,1258.335,428800,,,
2020-09-23,1240,1265,1240,1260,502400,,,
2020-09-24,1250,1288.335,1246.665,1276.665,596400,,,
2020-09-25,1283.335,1303.335,1281.665,1296.665,423000,,,
2020-09-28,1308.335,1320,1298.335,1318.335,397400,,,
2020-09-29,1336.665,1341.665,1295,1335,502600,,,
2020-09-30,1296.665,1306.665,1228.335,1240,1431200,,,
2020-10-01,#VALUE!,#VALUE!,#VALUE!,#VALUE!,0,,,
2020-10-02,1265,1286.665,1256.665,1258.335,1218600,,,
2020-10-05,1263.335,1273.335,1253.335,1255,555800,,,
2020-10-06,1255,1271.665,1255,1266.665,448400,,,
2020-10-07,1258.335,1260,1230,1233.335,728600,,,
2020-10-08,1235,1236.665,1210,1231.665,781400,,,
2020-10-09,1231.665,1235,1208.335,1210,340000,,,
2020-10-12,1200,1205,1178.335,1183.335,526600,,,
2020-10-13,1186.665,1193.335,1173.335,1181.665,491000,,,
2020-10-14,1181.665,1203.335,1181.665,1195,452600,,,
2020-10-15,1183.335,1190,1141.665,1145,505200,,,
2020-10-16,1145,1153.335,1136.665,1143.335,369400,,,
2020-10-19,1143.335,1158.335,1140,1151.665,355400,,,
2020-10-20,1160,1181.665,1151.665,1173.335,408000,,,
2020-10-21,1176.665,1190,1160,1163.335,353000,,,
2020-10-22,1170,1173.335,1138.335,1138.335,526600,,,
2020-10-23,1136.665,1138.335,1118.335,1130,416800,,,
2020-10-26,1133.335,1150,1133.335,1141.665,461200,,,
2020-10-27,1151.665,1158.335,1131.665,1148.335,345000,,,
2020-10-28,1143.335,1185,1136.665,1181.665,592600,,,
2020-10-29,1173.335,1178.335,1151.665,1156.665,474000,,,
2020-10-30,1143.335,1163.335,1140,1153.335,399200,,,
2020-11-02,1163.335,1178.335,1155,1175,342800,,,
2020-11-04,1175,1178.335,1160,1175,389400,,,
2020-11-05,1185,1191.665,1173.335,1180,324200,,,
2020-11-06,1181.665,1200,1173.335,1198.335,316600,,,
2020-11-09,1223.335,1225,1203.335,1215,354000,,,
2020-11-10,1193.335,1193.335,1153.335,1156.665,560200,,,
2020-11-11,1171.665,1178.335,1158.335,1170,586400,,,
2020-11-12,1161.665,1176.665,1155,1171.665,414000,,,
2020-11-13,1168.335,1173.335,1153.335,1166.665,490600,,,
2020-11-16,1173.335,1180,1165,1173.335,315800,,,
2020-11-17,1158.335,1161.665,1145,1158.335,496200,,,
2020-11-18,1141.665,1158.335,1130,1155,308800,,,
2020-11-19,1155,1165,1143.335,1163.335,288400,,,
2020-11-20,1160,1160,1146.665,1151.665,260600,,,
2020-11-24,1156.665,1166.665,1151.665,1156.665,364800,,,
2020-11-25,1166.665,1170,1158.335,1163.335,239400,,,
2020-11-26,1166.665,1178.335,1161.665,1176.665,242600,,,
2020-11-27,1176.665,1186.665,1171.665,1180,400800,,,
2020-11-30,1180,1181.665,1153.335,1155,463000,,,
2020-12-01,1151.665,1166.665,1145,1150,266800,,,
2020-12-02,1160,1160,1141.665,1141.665,326200,,,
2020-12-03,1141.665,1151.665,1136.665,1146.665,279400,,,
2020-12-04,1138.335,1151.665,1136.665,1145,193400,,,
2020-12-07,1148.335,1153.335,1136.665,1146.665,293400,,,
2020-12-08,1146.665,1151.665,1131.665,1131.665,216800,,,
2020-12-09,1133.335,1158.335,1133.335,1158.335,210200,,,
2020-12-10,1158.335,1163.335,1153.335,1163.335,171000,,,
2020-12-11,1165,1191.665,1163.335,1191.665,487600,,,
2020-12-14,1190,1191.665,1183.335,1185,335600,,,
2020-12-15,1190,1205,1188.335,1195,321400,,,
2020-12-16,1198.335,1206.665,1183.335,1188.335,366600,,,
2020-12-17,1188.335,1201.665,1185,1200,317800,,,
2020-12-18,1186.665,1195,1165,1166.665,367200,,,
2020-12-21,1165,1168.335,1146.665,1158.335,396600,,,
2020-12-22,1141.665,1156.665,1138.335,1150,353000,,,
2020-12-23,1153.335,1175,1150,1166.665,201200,,,
2020-12-24,1158.335,1168.335,1153.335,1161.665,188800,,,
2020-12-25,1165,1170,1151.665,1155,161400,,,
2020-12-28,1156.665,1158.335,1133.335,1136.665,307600,,,
2020-12-29,1128.335,1155,1125,1151.665,405200,,,
2020-12-30,1143.335,1160,1128.335,1150,635600,,,
2021-01-04,1140,1141.665,1126.665,1138.335,418800,,,
2021-01-05,1128.335,1133.335,1120,1126.665,323200,,,
2021-01-06,1128.335,1140,1123.335,1128.335,242200,,,
2021-01-07,1121.665,1135,1116.665,1120,398600,,,
2021-01-08,1120,1170,1113.335,1166.665,671800,,,
2021-01-12,1161.665,1161.665,1133.335,1146.665,369400,,,
2021-01-13,1145,1155,1140,1146.665,354400,,,
2021-01-14,1145,1153.335,1140,1150,259800,,,
2021-01-15,1160,1176.665,1148.335,1166.665,352800,,,
2021-01-18,1173.335,1178.335,1163.335,1175,229400,,,
2021-01-19,1180,1180,1153.335,1156.665,267600,,,
2021-01-20,1166.665,1170,1160,1166.665,239600,,,
2021-01-21,1175,1185,1168.335,1185,341600,,,
2021-01-22,1180,1200,1173.335,1196.665,373200,,,
2021-01-25,1198.335,1213.335,1193.335,1213.335,322400,,,
2021-01-26,1203.335,1218.335,1196.665,1211.665,287400,,,
2021-01-27,1221.665,1228.335,1196.665,1196.665,359000,,,
2021-01-28,1178.335,1188.335,1171.665,1175,422800,,,
2021-01-29,1171.665,1176.665,1148.335,1148.335,532800,,,
2021-02-01,1148.335,1158.335,1146.665,1148.335,329800,,,
2021-02-02,1145,1155,1143.35,1153.35,721200,829392000,0,0
2021-02-03,1153.35,1173.35,1153.35,1173.35,885000,1031330000,0,0
2021-02-04,1175,1178.35,1165,1170,1165200,1364139000,0,0
2021-02-05,1185,1211.65,1176.65,1205,1585200,1893473000,0,0
2021-02-08,1220,1238.35,1215,1230,1188000,1459801000,0,0
2021-02-09,1231.65,1253.35,1225,1251.65,1167600,1447003000,0,0
2021-02-10,1253.35,1260,1240,1246.65,1119600,1398008000,0,0
2021-02-12,1246.65,1253.35,1213.35,1215,1701600,2100224000,0,0
2021-02-15,1226.65,1233.35,1211.65,1225,1220400,1495448000,0,0
2021-02-16,1236.65,1243.35,1225,1236.65,1081800,1335574000,0,0
2021-02-17,1235,1240,1230,1231.65,1082400,1336562000,0,0
2021-02-18,1215,1248.35,1215,1228.35,1704600,2097146000,0,0
2021-02-19,1228.35,1230,1211.65,1223.35,2248800,2756579000,0,0
2021-02-22,1236.65,1248.35,1231.65,1241.65,1975800,2450558000,0,0
2021-02-24,1246.65,1258.35,1235,1255,4090200,5109977000,0,0
2021-02-25,1266.65,1268.35,1243.35,1260,2329200,2938662000,0,0
2021-02-26,1260,1260,1235,1236.65,1485600,1848050000,0,0
2021-03-01,1255,1280,1251.65,1280,1132200,1436840000,0,0
2021-03-02,1290,1290,1263.35,1280,1702200,2176426000,0,0
2021-03-03,1280,1285,1266.65,1280,1133400,1448659000,0,0
2021-03-04,1261.65,1285,1258.35,1283.35,1287600,1643685000,0,0
2021-03-05,1283.35,1310,1276.65,1308.35,1419600,1844234000,0,0
2021-03-08,1318.35,1345,1315,1320,1649400,2189356000,0,0
2021-03-09,1316.65,1331.65,1311.65,1330,1272600,1684476000,0,0
2021-03-10,1326.65,1341.65,1316.65,1320,1294200,1714617000,0,0
2021-03-11,1358.35,1406.65,1348.35,1383.35,2578800,3568330000,0,0
2021-03-12,1375,1410,1366.65,1408.35,1661400,2308555000,0,0
2021-03-15,1413.35,1428.35,1403.35,1428.35,1018200,1444249000,0,0
2021-03-16,1420,1443.35,1415,1443.35,975600,1401893000,0,0
2021-03-17,1435,1451.65,1433.35,1446.65,1006800,1454503000,0,0
2021-03-18,1423.35,1453.35,1406.65,1448.35,1306800,1875603000,0,0
2021-03-19,1428.35,1461.65,1425,1443.35,1868400,2702754000,0,0
2021-03-22,1443.35,1455,1436.65,1445,1264800,1828702000,0,0
2021-03-23,1441.65,1455,1438.35,1438.35,769200,1110827000,0,0
2021-03-24,1413.35,1430,1403.35,1408.35,1213800,1710961000,0,0
2021-03-25,1408.35,1421.65,1405,1411.65,807600,1140813000,0,0
2021-03-26,1428.35,1458.35,1423.35,1455,1141800,1655855000,0,0
2021-03-29,1458.35,1500,1456.65,1495,1651200,2450513000,0,0
2021-03-30,1483.35,1485,1470,1476.65,1137000,1679394000,0,0
2021-03-31,1476.65,1485,1461.65,1461.65,787200,1158238000,0,0
2021-04-01,1470,1478.35,1461.65,1471.65,778800,1146243000,0,0
2021-04-02,1473.35,1481.65,1466.65,1475,669000,986080000,0,0
2021-04-05,1483.35,1485,1458.35,1463.35,915000,1342351000,0,0
2021-04-06,1473.35,1480,1448.35,1451.65,1593600,2330229000,0,0
2021-04-07,1405,1485,1393.35,1483.35,2098800,3056508000,0,0
2021-04-08,1473.35,1473.35,1423.35,1433.35,2115600,3039519000,0,0
2021-04-09,1435,1440,1416.65,1416.65,962400,1373800000,0,0
2021-04-12,1420,1421.65,1398.35,1413.35,852000,1202755000,0,0
2021-04-13,1421.65,1466.65,1413.35,1461.65,1473000,2137326000,0,0
2021-04-14,1463.35,1483.35,1443.35,1476.65,1165800,1716262000,0,0
2021-04-15,1483.35,1483.35,1466.65,1470,718800,1059315000,0,0
2021-04-16,1458.35,1476.65,1456.65,1468.35,691200,1014829000,0,0
2021-04-19,1468.35,1480,1463.35,1463.35,577800,849365000,0,0
2021-04-20,1460,1460,1416.65,1418.35,811200,1158731000,0,0
2021-04-21,1418.35,1425,1405,1421.65,721800,1022765000,0,0
2021-04-22,1438.35,1453.35,1433.35,1441.65,937200,1351143000,0,0
2021-04-23,1445,1481.65,1441.65,1476.65,973200,1428338000,0,0
2021-04-26,1471.65,1476.65,1450,1453.35,1222800,1787708000,0,0
2021-04-27,1448.35,1456.65,1428.35,1428.35,703800,1011346000,0,0
2021-04-28,1435,1438.35,1388.35,1393.35,1378200,1936275000,0,0
2021-04-30,1406.65,1413.35,1395,1400,956400,1340962000,0,0
2021-05-06,1425,1446.65,1411.65,1411.65,1633800,2330552000,0,0
2021-05-07,1425,1433.35,1416.65,1425,510000,726923000,0,0
2021-05-10,1416.65,1441.65,1401.65,1438.35,683400,978931000,0,0
2021-05-11,1428.35,1431.65,1375,1380,1405800,1961386000,0,0
2021-05-12,1378.35,1395,1365,1388.35,1969800,2720536000,0,0
2021-05-13,1390,1411.65,1383.35,1390,721800,1008808000,0,0
2021-05-14,1398.35,1430,1391.65,1425,736200,1043765000,0,0
2021-05-17,1438.35,1445,1428.35,1435,886800,1273072000,0,0
2021-05-18,1448.35,1448.35,1431.65,1435,575400,827181000,0,0
2021-05-19,1435,1443.35,1418.35,1443.35,657600,943484000,0,0
2021-05-20,1438.35,1445,1433.35,1436.65,934800,1345440000,0,0
2021-05-21,1445,1460,1433.35,1455,1105800,1605438000,0,0
2021-05-24,1441.65,1470,1441.65,1460,878400,1280131000,0,0
2021-05-25,1453.35,1456.65,1416.65,1418.35,890400,1270199000,0,0
2021-05-26,1428.35,1445,1426.65,1441.65,723000,1041114000,0,0
2021-05-27,1426.65,1443.35,1416.65,1428.35,2589000,3696799000,0,0
2021-05-28,1428.35,1455,1428.35,1443.35,1023000,1477960000,0,0
2021-05-31,1438.35,1455,1433.35,1436.65,909600,1312226000,0,0
2021-06-01,1438.35,1446.65,1426.65,1430,751200,1077967000,0,0
2021-06-02,1426.65,1428.35,1383.35,1413.35,1144200,1606861000,0,0
2021-06-03,1403.35,1416.65,1396.65,1401.65,892800,1253970000,0,0
2021-06-04,1401.65,1420,1396.65,1411.65,1132800,1595242000,0,0
2021-06-07,1406.65,1410,1383.35,1406.65,1131000,1584282000,0,0
2021-06-08,1418.35,1436.65,1408.35,1425,717000,1019958000,0,0
2021-06-09,1423.35,1450,1423.35,1443.35,672000,968024000,0,0
2021-06-10,1438.35,1465,1438.35,1458.35,873000,1271498000,0,0
2021-06-11,1475,1488.35,1468.35,1483.35,1157400,1713339000,0,0
2021-06-14,1498.35,1500,1476.65,1488.35,978000,1457840000,0,0
2021-06-15,1478.35,1496.65,1473.35,1491.65,807000,1201780000,0,0
2021-06-16,1498.35,1536.65,1496.65,1525,988200,1504054000,0,0
2021-06-17,1511.65,1520,1481.65,1481.65,810600,1210726000,0,0
2021-06-18,1481.65,1485,1470,1475,1747200,2579195000,0,0
2021-06-21,1465,1466.65,1441.65,1441.65,885600,1284125000,0,0
2021-06-22,1455,1470,1450,1470,709800,1039649000,0,0
2021-06-23,1468.35,1470,1441.65,1443.35,1029600,1493117000,0,0
2021-06-24,1441.65,1450,1426.65,1441.65,801000,1151939000,0,0
2021-06-25,1448.35,1456.65,1443.35,1450,939600,1363155000,0,0
2021-06-28,1450,1473.35,1448.35,1465,783000,1146885000,0,0
2021-06-29,1473.35,1476.65,1458.35,1473.35,902400,1325760000,0,0
2021-06-30,1348.35,1380,1341.65,1350,4110600,5580933000,0,0
2021-07-01,1325,1355,1293.35,1351.65,3169200,4211538000,0,0
2021-07-02,1341.65,1351.65,1305,1306.65,1692000,2240990000,0,0
2021-07-05,1315,1316.65,1298.35,1300,1229400,1604887000,0,0
2021-07-06,1313.35,1320,1305,1315,878400,1154772000,0,0
2021-07-07,1308.35,1321.65,1305,1316.65,1309800,1721466000,0,0
2021-07-08,1325,1338.35,1306.65,1306.65,1687200,2221234000,0,0
2021-07-09,1283.35,1306.65,1283.35,1300,1411800,1826873000,0,0
2021-07-12,1308.35,1320,1288.35,1298.35,1536000,1995025000,0,0
2021-07-13,1315,1345,1310,1343.35,1304400,1740485000,0,0
2021-07-14,1338.35,1343.35,1318.35,1325,1133400,1506376000,0,0
2021-07-15,1341.65,1341.65,1318.35,1320,988800,1311053000,0,0
2021-07-16,1310,1335,1306.65,1330,793800,1054091000,0,0
2021-07-19,1318.35,1328.35,1316.65,1320,677400,894532000,0,0
2021-07-20,1313.35,1343.35,1311.65,1340,819000,1091720000,0,0
2021-07-21,1338.35,1360,1333.35,1353.35,996000,1347054000,0,0
2021-07-26,1376.65,1388.35,1370,1373.35,1098600,1514877000,0,0
2021-07-27,1368.35,1386.65,1366.65,1385,756000,1042098000,0,0
2021-07-28,1368.35,1371.65,1335,1346.65,717600,968721000,0,0
2021-07-29,1333.35,1341.65,1318.35,1326.65,838800,1113783000,0,0
2021-07-30,1331.65,1360,1328.35,1345,993600,1339245000,0,0
2021-08-02,1370,1381.65,1363.35,1363.35,853200,1168374000,0,0
2021-08-03,1361.65,1371.65,1350,1353.35,504600,684831000,0,0
2021-08-04,1351.65,1378.35,1346.65,1371.65,1205400,1646775000,0,0
2021-08-05,1363.35,1368.35,1358.35,1358.35,632400,862140000,0,0
2021-08-06,1358.35,1368.35,1353.35,1356.65,398400,542546000,0,0
2021-08-10,1360,1381.65,1360,1373.35,715800,981756000,0,0
2021-08-11,1378.35,1383.35,1366.65,1370,543000,745783000,0,0
2021-08-12,1383.35,1385,1368.35,1385,386400,532809000,0,0
2021-08-13,1383.35,1410,1381.65,1410,602400,844728000,0,0
2021-08-16,1425,1425,1400,1400,736200,1036885000,0,0
2021-08-17,1415,1433.35,1413.35,1418.35,540600,769342000,0,0
2021-08-18,1420,1461.65,1418.35,1451.65,757800,1097457000,0,0
2021-08-19,1438.35,1465,1436.65,1451.65,531600,773566000,0,0
2021-08-20,1461.65,1481.65,1460,1476.65,531600,784303000,0,0
2021-08-23,1491.65,1495,1475,1475,502800,745411000,0,0
2021-08-24,1461.65,1471.65,1445,1463.35,1198800,1749946000,0,0
2021-08-25,1441.65,1453.35,1421.65,1431.65,1119000,1602944000,0,0
2021-08-26,1428.35,1445,1425,1436.65,713400,1023294000,0,0
2021-08-27,1421.65,1435,1406.65,1413.35,840600,1188116000,0,0
2021-08-30,1400,1425,1396.65,1425,642000,908878000,0,0
2021-08-31,1425,1425,1408.35,1416.65,619200,878374000,0,0
2021-09-01,1411.65,1416.65,1388.35,1390,1058400,1482094000,0,0
2021-09-02,1396.65,1413.35,1393.35,1410,567600,797984000,0,0
2021-09-03,1398.35,1411.65,1391.65,1396.65,1110000,1552467000,0,0
2021-09-06,1390,1395,1363.35,1376.65,1438800,1979197000,0,0
2021-09-07,1378.35,1411.65,1378.35,1410,1375800,1929410000,0,0
2021-09-08,1431.65,1448.35,1425,1433.35,855000,1227044000,0,0
2021-09-09,1433.35,1451.65,1430,1431.65,660000,948349000,0,0
2021-09-10,1438.35,1475,1435,1475,967800,1410318000,0,0
2021-09-13,1465,1465,1438.35,1455,833400,1208386000,0,0
2021-09-14,1451.65,1463.35,1443.35,1463.35,678000,987812000,0,0
2021-09-15,1455,1456.65,1436.65,1441.65,622800,898849000,0,0
2021-09-16,1433.35,1443.35,1420,1443.35,645600,926708000,0,0
2021-09-17,1433.35,1455,1421.65,1451.65,1025400,1480497000,0,0
2021-09-21,1433.35,1458.35,1426.65,1456.65,848400,1228575000,0,0
2021-09-22,1453.35,1471.65,1448.35,1448.35,632400,921296000,0,0
2021-09-24,1423.35,1445,1400,1431.65,1788000,2538310000,0,0
2021-09-27,1426.65,1441.65,1415,1416.65,949800,1351187000,0,0
2021-09-28,1398.35,1410,1375,1401.65,1538400,2150182000,0,0
2021-09-29,1375,1403.35,1358.35,1391.65,1846800,2558997000,0,0
2021-09-30,1378.35,1393.35,1351.65,1358.35,1449600,1979221000,0,0
2021-10-01,1355,1358.35,1323.35,1341.65,1101000,1473977000,0,0
2021-10-04,1335,1358.35,1333.35,1336.65,805200,1080063000,0,0
2021-10-05,1336.65,1341.65,1311.65,1321.65,748800,991675000,0,0
2021-10-06,1326.65,1346.65,1320,1333.35,705600,940480000,0,0
2021-10-07,1341.65,1348.35,1330,1336.65,472800,633834000,0,0
2021-10-08,1340,1350,1326.65,1345,618600,830352000,0,0
2021-10-11,1338.35,1341.65,1321.65,1341.65,698400,932553000,0,0
2021-10-12,1333.35,1338.35,1315,1315,655200,866534000,0,0
2021-10-13,1315,1331.65,1313.35,1325,646200,854475000,0,0
2021-10-14,1335,1366.65,1330,1358.35,762600,1032560000,0,0
2021-10-15,1363.35,1385,1363.35,1383.35,567000,780759000,0,0
2021-10-18,1388.35,1390,1361.65,1370,726600,996044000,0,0
2021-10-19,1388.35,1405,1385,1403.35,830400,1159475000,0,0
2021-10-20,1403.35,1406.65,1385,1390,726600,1012534000,0,0
2021-10-21,1400,1405,1391.65,1393.35,685800,959301000,0,0
2021-10-22,1371.65,1385,1358.35,1360,829800,1136591000,0,0
2021-10-25,1351.65,1353.35,1330,1336.65,555000,742761000,0,0
2021-10-26,1333.35,1363.35,1328.35,1363.35,389400,527222000,0,0
2021-10-27,1350,1373.35,1350,1353.35,562800,766752000,0,0
2021-10-28,1346.65,1355,1335,1348.35,535800,722482000,0,0
2021-10-29,1348.35,1361.65,1328.35,1360,634800,856253000,0,0
2021-11-01,1380,1383.35,1361.65,1383.35,434400,597885000,0,0
2021-11-02,1375,1380,1360,1368.35,494400,677401000,0,0
2021-11-04,1408.35,1411.65,1373.35,1395,706200,982689000,0,0
2021-11-05,1378.35,1400,1378.35,1395,567000,789875000,0,0
2021-11-08,1400,1400,1381.65,1385,304800,422591000,0,0
2021-11-09,1381.65,1400,1380,1391.65,321000,447443000,0,0
2021-11-10,1368.35,1385,1366.65,1373.35,745200,1025110000,0,0
2021-11-11,1348.35,1351.65,1316.65,1323.35,1038600,1381127000,0,0
2021-11-12,1315,1345,1315,1330,929400,1235827000,0,0
2021-11-15,1345,1345,1318.35,1318.35,511800,677556000,0,0
2021-11-16,1305,1320,1293.35,1306.65,777000,1016708000,0,0
2021-11-17,1300,1303.35,1260,1261.65,1288200,1641778000,0,0
2021-11-18,1270,1288.35,1263.35,1268.35,1067400,1356956000,0,0
2021-11-19,1261.65,1275,1260,1266.65,879600,1114486000,0,0
2021-11-22,1271.65,1301.65,1268.35,1296.65,562200,726780000,0,0
2021-11-24,1271.65,1283.35,1260,1260,661800,839840000,0,0
2021-11-25,1253.35,1268.35,1246.65,1251.65,706200,885186000,0,0
2021-11-26,1241.65,1253.35,1235,1240,729600,905465000,0,0
2021-11-29,1220,1231.65,1215,1221.65,780000,953809000,0,0
2021-11-30,1218.35,1226.65,1190,1190,1632000,1965825000,0,0
2021-12-01,1175,1196.65,1171.65,1175,1322400,1557025000,0,0
2021-12-02,1171.65,1186.65,1168.35,1170,976200,1146583000,0,0
2021-12-03,1166.65,1181.65,1161.65,1181.65,847800,995935000,0,0
2021-12-06,1183.35,1201.65,1181.65,1193.35,862800,1028677000,0,0
2021-12-07,1183.35,1196.65,1170,1191.65,1000200,1187108000,0,0
2021-12-08,1205,1206.65,1181.65,1183.35,1035000,1228070000,0,0
2021-12-09,1158.35,1176.65,1151.65,1171.65,1638000,1904499000,0,0
2021-12-10,1170,1176.65,1163.35,1168.35,1079400,1263275000,0,0
2021-12-13,1183.35,1183.35,1150,1150,1193400,1382148000,0,0
2021-12-14,1153.35,1160,1145,1150,1860000,2139716000,0,0
2021-12-15,1141.65,1155,1141.65,1151.65,1573200,1804823000,0,0
2021-12-16,1160,1161.65,1143.35,1143.35,1219800,1401195000,0,0
2021-12-17,1153.35,1156.65,1135,1138.35,1106400,1264325000,0,0
2021-12-20,1126.65,1146.65,1125,1138.35,1029000,1171704000,0,0
2021-12-21,1151.65,1173.35,1150,1153.35,979800,1136376000,0,0
2021-12-22,1160,1160,1131.65,1133.35,1350000,1538530000,0,0
2021-12-23,1148.35,1151.65,1133.35,1133.35,553800,629510000,0,0
2021-12-24,1136.65,1141.65,1133.35,1135,558600,634408000,0,0
2021-12-27,1130,1135,1116.65,1120,690000,773854000,0,0
2021-12-28,1128.35,1141.65,1121.65,1136.65,1198200,1357838000,0,0
2021-12-29,1125,1163.35,1125,1155,1373400,1579285000,0,0
2021-12-30,1145,1175,1141.65,1161.65,1165800,1357333000,0,0
2022-01-04,1170,1176.65,1155,1168.35,729600,852441000,0,0
2022-01-05,1150,1161.65,1145,1155,1195800,1379075000,0,0
2022-01-06,1146.65,1175,1143.35,1166.65,1036800,1206827000,0,0
2022-01-07,1168.35,1173.35,1150,1155,1114800,1291193000,0,0
2022-01-11,1155,1161.65,1145,1158.35,1472400,1700404000,0,0
2022-01-12,1170,1191.65,1168.35,1183.35,1464000,1732387000,0,0
2022-01-13,1188.35,1188.35,1161.65,1171.65,1216200,1425004000,0,0
2022-01-14,1155,1165,1135,1150,1749000,2009476000,0,0
2022-01-17,1173.35,1183.35,1158.35,1171.65,1007400,1180218000,0,0
2022-01-18,1165,1175,1151.65,1156.65,950400,1102631000,0,0
2022-01-19,1140,1146.65,1115,1118.35,1311600,1475880000,0,0
2022-01-20,1135,1146.65,1125,1130,1015200,1152212000,0,0
2022-01-21,1125,1156.65,1125,1150,1185600,1358045000,0,0
2022-01-24,1151.65,1165,1145,1160,949800,1098904000,0,0
2022-01-25,1153.35,1161.65,1141.65,1160,1003800,1157524000,0,0
2022-01-26,1168.35,1175,1140,1141.65,948000,1089555000,0,0
2022-01-27,1130,1135,1105,1123.35,1344600,1507178000,0,0
2022-01-28,1125,1128.35,1106.65,1118.35,1437000,1605703000,0,0
2022-01-31,1121.65,1130,1115,1116.65,915000,1024829000,0,0
2022-02-01,1133.35,1136.65,1103.35,1110,1029600,1149097000,0,0
2022-02-02,1116.65,1135,1113.35,1130,1053000,1186684000,0,0
2022-02-03,1128.35,1135,1113.35,1113.35,843000,943031000,0,0
2022-02-04,1105,1135,1101.65,1130,1020600,1142215000,0,0
2022-02-07,1121.65,1133.35,1118.35,1123.35,801000,901946000,0,0
2022-02-08,1123.35,1160,1121.65,1153.35,1215000,1393793000,0,0
2022-02-09,1163.35,1163.35,1136.65,1140,926400,1062999000,0,0
2022-02-10,1100,1111.65,1085,1085,3349200,3669938000,0,0
2022-02-14,1070,1100,1063.35,1080,2165400,2338886000,0,0
2022-02-15,1066.65,1101.65,1065,1098.35,1401000,1523121000,0,0
2022-02-16,1106.65,1106.65,1070,1071.65,1416600,1533582000,0,0
2022-02-17,1065,1071.65,1050,1055,1639200,1738158000,0,0
2022-02-18,1060,1070,1053.35,1063.35,2487600,2639810000,0,0
2022-02-21,1051.65,1070,1050,1068.35,2688000,2841786000,0,0
2022-02-22,1063.35,1088.35,1063.35,1081.65,1840200,1976522000,0,0
2022-02-24,1068.35,1090,1063.35,1090,4441200,4773665000,0,0
2022-02-25,1086.65,1086.65,1058.35,1070,1534800,1650908000,0,0
2022-02-28,1071.65,1086.65,1063.35,1083.35,1126200,1215990000,0,0
2022-03-01,1091.65,1100,1083.35,1090,686400,750162000,0,0
2022-03-02,1088.35,1098.35,1080,1090,825600,900639000,0,0
2022-03-03,1081.65,1096.65,1078.35,1093.35,793800,866637000,0,0
2022-03-04,1078.35,1085,1058.35,1065,929400,991806000,0,0
2022-03-07,1071.65,1076.65,1041.65,1070,1173600,1247755000,0,0
2022-03-08,1076.65,1086.65,1051.65,1060,1068000,1137500000,0,0
2022-03-09,1065,1070,1036.65,1066.65,1057800,1119761000,0,0
2022-03-10,1071.65,1090,1066.65,1083.35,933600,1009272000,0,0
2022-03-11,1076.65,1076.65,1028.35,1038.35,1239000,1296021000,0,0
2022-03-14,1030,1040,1015,1020,1050600,1077760000,0,0
2022-03-15,983.35,1043.35,983.35,1036.65,1335600,1369809000,0,0
2022-03-16,1046.65,1055,1038.35,1038.35,1334400,1394056000,0,0
2022-03-17,1061.65,1061.65,1043.35,1043.35,981600,1030981000,0,0
2022-03-18,1043.35,1053.35,1028.35,1030,1187400,1227628000,0,0
2022-03-22,1020,1031.65,996.65,1005,1956600,1979904000,0,0
2022-03-23,1020,1055,1020,1051.65,1452600,1521718000,0,0
2022-03-24,1041.65,1056.65,1026.65,1038.35,980400,1017445000,0,0
2022-03-25,1040,1055,1036.65,1048.35,982800,1028460000,0,0
2022-03-28,1041.65,1041.65,1026.65,1028.35,1041000,1075744000,0,0
2022-03-29,1030,1050,1023.35,1045,771000,803423000,0,0
2022-03-30,1050,1051.65,1011.65,1023.35,1200600,1229918000,0,0
2022-03-31,1013.35,1026.65,1001.65,1008.35,1339800,1356221000,0,0
2022-04-01,991.65,1006.65,980,998.35,1295400,1288481000,0,0
2022-04-04,996.65,1018.35,993.35,1013.35,1411200,1427088000,0,0
2022-04-05,1030,1040,1018.35,1033.35,2793000,2880895000,0,0
2022-04-06,933.35,983.35,933.35,958.35,4438200,4250300000,0,0
2022-04-07,958.35,966.65,931.65,936.65,1698000,1597672000,0,0
2022-04-08,946.65,966.65,940,961.65,1740600,1666689000,0,0
2022-04-11,990,1005,968.35,971.65,1882800,1845593000,0,0
2022-04-12,975,985,940,946.65,1185600,1126811000,0,0
2022-04-13,948.35,965,943.35,963.35,1232400,1181026000,0,0
2022-04-14,946.65,956.65,941.65,943.35,1199400,1135267000,0,0
2022-04-15,940,951.65,933.35,948.35,1011600,956340000,0,0
2022-04-18,945,945,920,938.35,978600,915968000,0,0
2022-04-19,921.65,931.65,905,905,1332600,1216368000,0,0
2022-04-20,905,925,898.35,916.65,1330800,1217996000,0,0
2022-04-21,923.35,935,923.35,928.35,1077000,1001235000,0,0
2022-04-22,918.35,928.35,910,913.35,1000200,918526000,0,0
2022-04-25,900,925,900,916.65,949800,870842000,0,0
2022-04-26,911.65,918.35,903.35,908.35,877800,798556000,0,0
2022-04-27,908.35,933.35,908.35,920,2081400,1921784000,0,0
2022-04-28,903.35,930,903.35,930,1036200,956011000,0,0
2022-05-02,913.35,925,908.35,918.35,1401600,1285502000,0,0
2022-05-06,906.65,913.35,891.65,893.35,2907600,2616323000,0,0
2022-05-09,890,903.35,873.35,875,1859400,1638170000,0,0
2022-05-10,868.35,885,858.35,880,1998600,1748667000,0,0
2022-05-11,865,881.65,863.35,878.35,1266000,1106858000,0,0
2022-05-12,861.65,863.35,845,846.65,1654200,1409859000,0,0
2022-05-13,856.65,868.35,853.35,863.35,1995600,1722675000,0,0
2022-05-16,865,878.35,865,870,965400,840114000,0,0
2022-05-17,878.35,880,856.65,861.65,936000,809955000,0,0
2022-05-18,871.65,873.35,861.65,861.65,844200,730828000,0,0
2022-05-19,841.65,871.65,841.65,866.65,804600,693660000,0,0
2022-05-20,883.35,886.65,873.35,876.65,1159800,1018692000,0,0
2022-05-23,888.35,896.65,880,885,690600,613340000,0,0
2022-05-24,881.65,881.65,868.35,871.65,701400,612675000,0,0
2022-05-25,870,876.65,865,871.65,996600,867974000,0,0
2022-05-26,858.35,878.35,856.65,871.65,1095000,955161000,0,0
2022-05-27,871.65,878.35,863.35,871.65,811800,707237000,0,0
2022-05-30,876.65,906.65,876.65,891.65,2484600,2219548000,0,0
2022-05-31,898.35,916.65,891.65,901.65,2598600,2348083000,0,0
2022-06-01,913.35,930,910,923.35,1761000,1621327000,0,0
2022-06-02,915,915,901.65,908.35,727200,660685000,0,0
2022-06-03,918.35,918.35,898.35,903.35,646800,584733000,0,0
2022-06-06,901.65,905,886.65,890,1036800,925284000,0,0
2022-06-07,888.35,895,885,888.35,705600,627983000,0,0
2022-06-08,895,911.65,888.35,905,1531800,1384743000,0,0
2022-06-09,893.35,896.65,885,886.65,942600,838307000,0,0
2022-06-10,873.35,881.65,861.65,870,1119000,975407000,0,0
2022-06-13,870,880,863.35,876.65,1147200,1003985000,0,0
2022-06-14,866.65,876.65,858.35,865,1202400,1041197000,0,0
2022-06-15,850,855,840,843.35,1870800,1582420000,0,0
2022-06-16,815,853.35,815,838.35,1507800,1260001000,0,0
2022-06-17,826.65,848.35,818.35,843.35,1861800,1560697500,0,0
2022-06-20,860,860,848.35,855,803400,686112000,0,0
2022-06-21,858.35,861.65,841.65,843.35,817800,693809000,0,0
2022-06-22,845,871.65,833.35,865,1213800,1045350000,0,0
2022-06-23,865,885,858.35,880,1237200,1085067000,0,0
2022-06-24,898.35,911.65,893.35,911.65,1693800,1533407000,0,0
2022-06-27,911.65,918.35,905,913.35,1491600,1362304000,0,0
2022-06-28,918.35,930,910,920,1598400,1466580000,0,0
2022-06-29,966.65,1006.65,963.35,1001.65,5262000,5192466000,0,0
2022-06-30,1010,1011.65,983.35,991.65,2777400,2766327000,0,0
2022-07-01,981.65,1000,966.65,968.35,1815600,1775343000,0,0
2022-07-04,986.65,993.35,975,991.65,1176000,1159006000,0,0
2022-07-05,983.35,988.35,970,986.65,1731000,1698606000,0,0
2022-07-06,980,1013.35,980,1011.65,2283000,2289240000,0,0
2022-07-07,1011.65,1030,1006.65,1028.35,2407200,2462241000,0,0
2022-07-08,1023.35,1028.35,1011.65,1020,1701600,1735551000,0,0
2022-07-11,1020,1026.65,1011.65,1026.65,1587600,1617915000,0,0
2022-07-12,1013.35,1023.35,1005,1010,1981800,2009829000,0,0
2022-07-13,1010,1011.65,986.65,993.35,1643400,1635160000,0,0
2022-07-14,991.65,1000,985,998.35,957600,953598000,0,0
2022-07-15,1000,1003.35,993.35,1001.65,1027800,1028227000,0,0
2022-07-19,1008.35,1010,983.35,991.65,1336200,1327704000,0,0
2022-07-20,986.65,995,983.35,995,1113000,1102150000,0,0
2022-07-21,985,1001.65,983.35,1000,1366200,1361526000,0,0
2022-07-22,1008.35,1021.65,1000,1020,1175400,1194883000,0,0
2022-07-25,1020,1026.65,1010,1010,921600,934833000,0,0
2022-07-26,1005,1008.35,996.65,1001.65,631800,633508000,0,0
2022-07-27,1005,1011.65,993.35,993.35,649200,647985000,0,0
2022-07-28,1000,1003.35,988.35,1003.35,1104600,1102939000,0,0
2022-07-29,1003.35,1006.65,1000,1000,781800,783659000,0,0
2022-08-01,1008.35,1013.35,998.35,1013.35,950400,957327000,0,0
2022-08-02,1016.65,1016.65,993.35,995,1240800,1240877000,0,0
2022-08-03,995,1001.65,988.35,998.35,744000,742204000,0,0
2022-08-04,1001.65,1010,991.65,1003.35,1168200,1169742000,0,0
2022-08-05,1003.35,1018.35,1003.35,1011.65,1134600,1150261000,0,0
2022-08-08,1006.65,1018.35,1003.35,1013.35,946800,959499000,0,0
2022-08-09,1016.65,1020,1006.65,1006.65,1018200,1029855000,0,0
2022-08-10,1006.65,1011.65,996.65,1005,595800,598170000,0,0
2022-08-12,1011.65,1018.35,1003.35,1013.35,1525800,1546411000,0,0
2022-08-15,1013.35,1021.65,1010,1015,1439400,1461452000,0,0
2022-08-16,1026.65,1045,1021.65,1036.65,1024800,1060390000,0,0
2022-08-17,1035,1043.35,1030,1043.35,1438800,1490572000,0,0
2022-08-18,1033.35,1038.35,1023.35,1026.65,841800,865544000,0,0
2022-08-19,1030,1045,1026.65,1033.35,1078800,1118508000,0,0
2022-08-22,1033.35,1035,1025,1031.65,838800,865596000,0,0
2022-08-23,1028.35,1035,1020,1026.65,922200,947043000,0,0
2022-08-24,1026.65,1028.35,1016.65,1021.65,829800,848052000,0,0
2022-08-25,1021.65,1025,1015,1015,618000,629713000,0,0
2022-08-26,1021.65,1021.65,1001.65,1003.35,947400,957676000,0,0
2022-08-29,990,1001.65,985,996.65,1342800,1333807000,0,0
2022-08-30,995,1005,986.65,1003.35,589800,588576000,0,0
2022-08-31,995,1000,976.65,986.65,1630200,1608118000,0,0
2022-09-01,990,996.65,986.65,993.35,1533600,1522466000,0,0
2022-09-02,995,1005,991.65,1000,1806000,1803526000,0,0
2022-09-05,988.35,988.35,980,981.65,1209000,1189490000,0,0
2022-09-06,975,976.65,946.65,953.35,2535600,2423783000,0,0
2022-09-07,950,963.35,943.35,960,1349400,1288463000,0,0
2022-09-08,976.65,995,975,995,1115400,1101167000,0,0
2022-09-09,983.35,998.35,976.65,978.35,1308600,1286758000,0,0
2022-09-12,985,1006.65,975,1000,1353000,1347758000,0,0
2022-09-13,998.35,1025,998.35,1025,1285200,1307175000,0,0
2022-09-14,1006.65,1011.65,1001.65,1008.35,1296600,1306057000,0,0
2022-09-15,1008.35,1008.35,995,1003.35,1015800,1017558000,0,0
2022-09-16,1001.65,1013.35,995,1011.65,1352400,1362314000,0,0
2022-09-20,996.65,1006.65,991.65,1001.65,1020600,1019852000,0,0
2022-09-21,1016.65,1023.35,1006.65,1013.35,1547400,1572380000,0,0
2022-09-22,1021.65,1028.35,995,1005,1432800,1439804000,0,0
2022-09-26,998.35,1016.65,996.65,1003.35,2282400,2297051000,0,0
2022-09-27,1015,1048.35,1011.65,1041.65,3151200,3258520000,0,0
2022-09-28,975,988.35,953.35,968.35,7449600,7236796000,0,0
2022-09-29,970,978.35,953.35,961.65,2661000,2576170000,0,0
2022-09-30,935,983.35,935,968.35,2647200,2562152000,0,0
2022-10-03,973.35,973.35,943.35,953.35,2190600,2087878000,0,0
2022-10-04,965,1020,963.35,1020,2430000,2434529000,0,0
2022-10-05,1021.65,1038.35,1011.65,1033.35,2062200,2122101000,0,0
2022-10-06,1003.35,1028.35,996.65,998.35,2424600,2440215000,0,0
2022-10-07,985,1001.65,981.65,990,1572600,1558955000,0,0
2022-10-11,993.35,1005,973.35,975,1811400,1781612000,0,0
2022-10-12,986.65,1028.35,986.65,1023.35,2582400,2623327000,0,0
2022-10-13,1018.35,1020,993.35,1005,1803000,1811464000,0,0
2022-10-14,1021.65,1025,1006.65,1015,1324200,1345793000,0,0
2022-10-17,1016.65,1021.65,1011.65,1011.65,1192200,1210360000,0,0
2022-10-18,1020,1025,1011.65,1013.35,769800,781659000,0,0
2022-10-19,1016.65,1031.65,1015,1016.65,823800,841123000,0,0
2022-10-20,1015,1031.65,1011.65,1028.35,946200,972074000,0,0
2022-10-21,1021.65,1025,996.65,1001.65,1131600,1136942000,0,0
2022-10-24,1008.35,1008.35,968.35,968.35,1415400,1386340000,0,0
2022-10-25,983.35,983.35,965,965,783000,759821000,0,0
2022-10-26,970,986.65,970,981.65,1067400,1046085000,0,0
2022-10-27,981.65,990,978.35,983.35,931200,915960000,0,0
2022-10-28,978.35,986.65,966.65,985,2104200,2067226000,0,0
2022-10-31,996.65,1003.35,986.65,995,967200,961581000,0,0
2022-11-01,990,996.65,978.35,981.65,636000,625867000,0,0
2022-11-02,975,991.65,971.65,988.35,681600,671828000,0,0
2022-11-04,980,985,963.35,966.65,786000,760990000,0,0
2022-11-07,963.35,968.35,958.35,968.35,700800,676863000,0,0
2022-11-08,975,985,973.35,973.35,586200,572508000,0,0
2022-11-09,970,976.65,965,975,635400,617624000,0,0
2022-11-10,978.35,981.65,975,980,384000,375983000,0,0
2022-11-11,986.65,993.35,978.35,985,940800,927114000,0,0
2022-11-14,985,1028.35,983.35,1018.35,1471200,1491787000,0,0
2022-11-15,1026.65,1055,1025,1048.35,1485000,1552364000,0,0
2022-11-16,1050,1065,1041.65,1058.35,898800,948820000,0,0
2022-11-17,1048.35,1061.65,1045,1058.35,763800,805893000,0,0
2022-11-18,1065,1065,1036.65,1041.65,968400,1011421000,0,0
2022-11-21,1040,1056.65,1036.65,1053.35,579000,608653000,0,0
2022-11-22,1060,1071.65,1058.35,1061.65,773400,823436000,0,0
2022-11-24,1061.65,1071.65,1053.35,1068.35,636000,676809000,0,0
2022-11-25,1075,1078.35,1066.65,1070,571800,613148000,0,0
2022-11-28,1065,1073.35,1055,1065,647400,689439000,0,0
2022-11-29,1070,1070,1045,1055,799800,844495000,0,0
2022-11-30,1055,1055,1030,1031.65,947400,984982000,0,0
2022-12-01,1038.35,1046.65,1033.35,1041.65,608400,633946000,0,0
2022-12-02,1033.35,1035,1021.65,1023.35,862800,885278000,0,0
2022-12-05,1020,1023.35,1008.35,1016.65,798000,810021000,0,0
2022-12-06,1020,1038.35,1018.35,1031.65,864000,891694000,0,0
2022-12-07,1028.35,1040,1028.35,1038.35,562800,582213000,0,0
2022-12-08,1030,1033.35,1018.35,1023.35,588600,603485000,0,0
2022-12-09,1021.65,1043.35,1021.65,1041.65,601800,623131000,0,0
2022-12-12,1048.35,1053.35,1041.65,1048.35,500400,524733000,0,0
2022-12-13,1063.35,1075,1055,1056.65,884400,939373000,0,0
2022-12-14,1051.65,1060,1051.65,1056.65,452400,477474000,0,0
2022-12-15,1051.65,1053.35,1036.65,1045,754200,787225000,0,0
2022-12-16,1040,1040,1030,1036.65,1044000,1081714000,0,0
2022-12-19,1036.65,1041.65,1021.65,1041.65,691800,716619000,0,0
2022-12-20,1033.35,1040,1013.35,1020,681000,695996000,0,0
2022-12-21,1013.35,1038.35,1013.35,1036.65,1111200,1146776000,0,0
2022-12-22,1041.65,1050,1028.35,1050,773400,806454000,0,0
2022-12-23,1043.35,1055,1041.65,1046.65,719400,754695000,0,0
2022-12-26,1058.35,1066.65,1051.65,1065,772200,819396000,0,0
2022-12-27,1075,1111.65,1075,1105,1373400,1510968000,0,0
2022-12-28,1013.35,1026.65,991.65,1021.65,4336200,4368404000,0,0
2022-12-29,1016.65,1018.35,973.35,978.35,2502600,2466326000,0,0
2022-12-30,986.65,1005,978.35,978.35,1563600,1544566000,0,0
2023-01-04,971.65,978.35,930,935,1857600,1752980000,0,0
2023-01-05,931.65,945,920,945,1432200,1343878000,0,0
2023-01-06,948.35,956.65,941.65,948.35,798000,757110000,0,0
2023-01-10,958.35,963.35,943.35,946.65,780600,742076000,0,0
2023-01-11,958.35,976.65,955,973.35,1265400,1228941000,0,0
2023-01-12,975,978.35,955,966.65,1035000,999139000,0,0
2023-01-13,975,990,975,978.35,1759200,1726808000,0,0
2023-01-16,975,983.35,970,980,844200,824910000,0,0
2023-01-17,983.35,985,971.65,980,1154400,1130846000,0,0
2023-01-18,980,988.35,971.65,973.35,915000,894298000,0,0
2023-01-19,971.65,978.35,970,973.35,558600,544044000,0,0
2023-01-20,973.35,976.65,963.35,963.35,775200,750636000,0,0
2023-01-23,968.35,970,960,963.35,862200,832634000,0,0
2023-01-24,965,968.35,960,966.65,742800,716804000,0,0
2023-01-25,958.35,963.35,955,958.35,758400,726921000,0,0
2023-01-26,960,961.65,941.65,941.65,1121400,1063280000,0,0
2023-01-27,941.65,946.65,936.65,943.35,847800,798275000,0,0
2023-01-30,943.35,953.35,941.65,946.65,691200,654896000,0,0
2023-01-31,938.35,950,936.65,945,1029000,971202000,0,0
2023-02-01,953.35,963.35,948.35,956.65,723600,692272000,0,0
2023-02-02,961.65,961.65,938.35,940,946200,895241000,0,0
2023-02-03,935,940,923.35,928.35,1329000,1238492000,0,0
2023-02-06,936.65,943.35,930,931.65,897000,839015000,0,0
2023-02-07,930,936.65,926.65,933.35,939600,876115000,0,0
2023-02-08,936.65,943.35,933.35,933.35,1124400,1053404000,0,0
2023-02-09,935,938.35,921.65,921.65,1182600,1098357000,0,0
2023-02-10,923.35,928.35,916.65,923.35,1806000,1667912000,0,0
2023-02-13,925,928.35,913.35,916.65,1237800,1139228000,0,0
2023-02-14,930,941.65,925,941.65,1126200,1053219000,0,0
2023-02-15,941.65,941.65,931.65,940,1083000,1016221000,0,0
2023-02-16,956.65,956.65,943.35,943.35,1449600,1378182000,0,0
2023-02-17,945,948.35,933.35,946.65,2881800,2720619000,0,0
2023-02-20,950,958.35,945,955,1435800,1367530000,0,0
2023-02-21,955,956.65,946.65,948.35,1031400,982584000,0,0
2023-02-22,948.35,950,925,926.65,2621400,2452730000,0,0
2023-02-24,926.65,941.65,925,940,4670400,4343603000,0,0
2023-02-27,931.65,938.35,923.35,938.35,1896000,1766485000,0,0
2023-02-28,933.35,953.35,928.35,950,1533000,1448263000,0,0
2023-03-01,950,950,910,918.35,2092200,1927067000,0,0
2023-03-02,921.65,923.35,901.65,905,1226400,1116316000,0,0
2023-03-03,915,918.35,906.65,918.35,1097400,1004723000,0,0
2023-03-06,926.65,935,923.35,933.35,850200,790598000,0,0
2023-03-07,930,940,930,938.35,889800,833245000,0,0
2023-03-08,936.65,943.35,935,938.35,1095600,1029284000,0,0
2023-03-09,938.35,953.35,938.35,950,743400,704729000,0,0
2023-03-10,938.35,941.65,931.65,936.65,926400,867605000,0,0
2023-03-13,926.65,941.65,926.65,938.35,905400,848711000,0,0
2023-03-14,931.65,931.65,911.65,920,1095000,1008941000,0,0
2023-03-15,921.65,925,913.35,916.65,596400,547094000,0,0
2023-03-16,906.65,930,906.65,928.35,1548000,1432870000,0,0
2023-03-17,928.35,935,921.65,933.35,1117800,1040314000,0,0
2023-03-20,925,935,916.65,920,1182000,1093379000,0,0
2023-03-22,935,938.35,918.35,935,1458600,1360421000,0,0
2023-03-23,938.35,938.35,923.35,933.35,692400,645234000,0,0
2023-03-24,940,946.65,935,941.65,914400,861475000,0,0
2023-03-27,940,950,933.35,936.65,1062000,998133000,0,0
2023-03-28,936.65,943.35,928.35,943.35,440400,413795000,0,0
2023-03-29,945,955,938.35,953.35,1248000,1183073000,0,0
2023-03-30,950,950,931.65,936.65,816000,765248000,0,0
2023-03-31,946.65,951.65,936.65,948.35,969000,917330000,0,0
2023-04-03,948.35,950,936.65,940,1221000,1149300000,0,0
2023-04-04,943.35,960,938.35,955,1647000,1568721000,0,0
2023-04-05,978.35,980,950,953.35,2239200,2155375000,0,0
2023-04-06,936.65,940,923.35,935,2033400,1895503000,0,0
2023-04-07,933.35,935,921.65,921.65,1460400,1352450000,0,0
2023-04-10,921.65,933.35,920,930,1081800,1003898000,0,0
2023-04-11,935,951.65,933.35,948.35,1507200,1424699000,0,0
2023-04-12,956.65,978.35,953.35,970,1297800,1257835000,0,0
2023-04-13,965,976.65,961.65,971.65,845400,821369000,0,0
2023-04-14,981.65,986.65,976.65,980,1273800,1250191000,0,0
2023-04-17,985,985,973.35,978.35,724800,708867000,0,0
2023-04-18,985,991.65,976.65,991.65,888600,876490000,0,0
2023-04-19,991.65,991.65,971.65,975,899400,879793000,0,0
2023-04-20,971.65,980,970,971.65,659400,641709000,0,0
2023-04-21,978.35,988.35,973.35,980,980400,961382000,0,0
2023-04-24,980,980,966.65,975,643800,627248000,0,0
2023-04-25,975,976.65,971.65,976.65,702600,685493000,0,0
2023-04-26,968.35,973.35,960,968.35,984000,951594000,0,0
2023-04-27,965,970,956.65,963.35,707400,681822000,0,0
2023-04-28,968.35,970,955,960,1290600,1239411000,0,0
2023-05-01,968.35,970,958.35,970,1186800,1145388000,0,0
2023-05-02,975,976.65,966.65,970,641400,622081000,0,0
2023-05-08,966.65,970,956.65,961.65,1038000,999503000,0,0
2023-05-09,963.35,965,956.65,965,742800,714756000,0,0
2023-05-10,961.65,966.65,960,965,816600,786926000,0,0
2023-05-11,966.65,978.35,963.35,971.65,1214400,1178338000,0,0
2023-05-12,968.35,973.35,965,973.35,887400,860728000,0,0
2023-05-15,980,980,961.65,961.65,1023600,991142000,0,0
2023-05-16,968.35,978.35,966.65,975,1315800,1280539000,0,0
2023-05-17,975,1000,968.35,998.35,1598400,1582114000,0,0
2023-05-18,1006.65,1018.35,1001.65,1016.65,1797600,1818138000,0,0
2023-05-19,1025,1033.35,1015,1028.35,1670400,1714553000,0,0
2023-05-22,1031.65,1036.65,1018.35,1020,1206000,1235005000,0,0
2023-05-23,1025,1025,1006.65,1013.35,1114200,1132037000,0,0
2023-05-24,1015,1016.65,1003.35,1006.65,920400,926871000,0,0
2023-05-25,1000,1008.35,981.65,983.35,1161600,1151690000,0,0
2023-05-26,975,986.65,970,978.35,1025400,1005131000,0,0
2023-05-29,988.35,993.35,978.35,985,1087200,1072239000,0,0
2023-05-30,983.35,985,965,975,840600,818566000,0,0
2023-05-31,966.65,970,948.35,965,1857000,1789452000,0,0
2023-06-01,963.35,981.65,960,981.65,1249200,1217765000,0,0
2023-06-02,981.65,993.35,980,990,952200,941566000,0,0
2023-06-05,1002.5,1002.85,991.5,991.85,1248600,1242774600,0,0
2023-06-06,986.35,990,977.35,990,745200,734003100,0,0
2023-06-07,993.35,1002.35,986.35,987.15,1432200,1422681400,0,0
2023-06-08,987.65,998,978.35,983.5,1243200,1227460800,0,0
2023-06-09,991.5,995.35,979.15,980.35,1017000,1003772500,0,0
2023-06-12,982.85,989.65,976.65,984.15,707400,694998900,0,0
2023-06-13,983.35,985.5,979.5,982.85,700800,688841800,0,0
2023-06-14,988.5,1005.35,979.35,1005.35,1125000,1122364300,0,0
2023-06-15,1011.65,1013.15,999.35,1000.65,860400,865100100,0,0
2023-06-16,1006.65,1029,1003.65,1026,2179800,2224778400,0,0
2023-06-19,1025.85,1029,1009.85,1015.85,1122600,1142704600,0,0
2023-06-20,1010.15,1018.85,1007.65,1018.35,901200,915103900,0,0
2023-06-21,1018.35,1032.85,1015.65,1029.65,1494600,1534567700,0,0
2023-06-22,1039,1043.15,1032.35,1035.65,1459200,1514856600,0,0
2023-06-23,1036.65,1040,1023,1027.65,1392600,1432933400,0,0
2023-06-26,1033.65,1036.35,1022.5,1033,1267800,1308443800,0,0
2023-06-27,1035.85,1035.85,1018.5,1027,1734000,1779807700,0,0
2023-06-28,1058.35,1120.5,1052,1080.85,6242400,6786530600,0,0
2023-06-29,1087,1092.35,1075,1087,2250000,2445516000,0,0
2023-06-30,1083.35,1083.5,1065,1070,1814400,1942053600,0,0
2023-07-03,1077.85,1089,1077.85,1087.15,1210200,1313008200,0,0
2023-07-04,1077.5,1079.5,1059.15,1059.65,1590600,1692718600,0,0
2023-07-05,1052.15,1061.85,1048.65,1054.15,1170000,1234205900,0,0
2023-07-06,1054.5,1054.5,1046.5,1048.5,1026000,1076959100,0,0
2023-07-07,1041.35,1053.5,1031.65,1047.15,1224000,1281654900,0,0
2023-07-10,1046.85,1053.5,1040.5,1048.15,966000,1012964200,0,0
2023-07-11,1050.15,1057.65,1044.5,1049,914400,960755200,0,0
2023-07-12,1060.15,1068.35,1053.15,1054.5,1473000,1561837800,0,0
2023-07-13,1059.5,1065.85,1053.35,1053.35,787800,832875400,0,0
2023-07-14,1045.5,1050.5,1038.65,1039.65,964800,1005681100,0,0
2023-07-18,1042.65,1059.15,1042.65,1055.35,907200,956346700,0,0
2023-07-19,1061.15,1065,1055.35,1063.15,695400,737929600,0,0
2023-07-20,1059.85,1063.5,1048.85,1049,581400,612705400,0,0
2023-07-21,1049,1054.65,1040.35,1042.5,727800,760922800,0,0
2023-07-24,1047.65,1049.85,1036.85,1042.5,1049400,1092563700,0,0
2023-07-25,1040.15,1040.15,1022.35,1029.35,1257600,1292764600,0,0
2023-07-26,1026.15,1034.65,1023.65,1029.5,1035000,1066714200,0,0
2023-07-27,1025,1037.5,1021.65,1035.5,760200,786244400,0,0
2023-07-28,1021.65,1042.65,1019.15,1041.65,823800,854126900,0,0
2023-07-31,1052.15,1057.5,1050.35,1055.85,988200,1041567200,0,0
2023-08-01,1056,1073.5,1055.5,1073.5,810600,865842200,0,0
2023-08-02,1062.35,1072.15,1056.65,1066.35,792000,844159000,0,0
2023-08-03,1055.5,1057.85,1048,1051,866400,911481900,0,0
2023-08-04,1051.15,1056.85,1050.85,1054.85,460200,485201000,0,0
2023-08-07,1052.65,1063.65,1049,1062.15,562200,595812000,0,0
2023-08-08,1068,1078.35,1066.65,1078,655800,705328400,0,0
2023-08-09,1080,1084.85,1072.5,1083.15,471600,509847500,0,0
2023-08-10,1082.15,1094,1076.35,1093,802800,873324000,0,0
2023-08-14,1108.5,1127.15,1108.15,1122.15,1488000,1668379500,0,0
2023-08-15,1126.85,1126.85,1112,1125.65,714000,800941400,0,0
2023-08-16,1116.65,1122.15,1111.15,1121.35,624600,698716400,0,0
2023-08-17,1123.15,1124,1095.15,1100.65,643800,710790000,0,0
2023-08-18,1084,1089.35,1069.5,1076.85,955800,1030183900,0,0
2023-08-21,1076.85,1091,1072.5,1086.65,844200,916553100,0,0
2023-08-22,1085.35,1098.65,1081,1098.5,765000,836806200,0,0
2023-08-23,1094.65,1101.85,1089.85,1101.85,724200,794989900,0,0
2023-08-24,1098.35,1104.15,1092.5,1100.65,782400,860084900,0,0
2023-08-25,1088.65,1098.85,1085,1088.85,585600,637719400,0,0
2023-08-28,1102.15,1102.15,1067,1083.65,1041000,1124205600,0,0
2023-08-29,1090.35,1095,1083.65,1092.65,702000,766391800,0,0
2023-08-30,1083.85,1091.65,1079.15,1084.65,564000,612522900,0,0
2023-08-31,1084.65,1094,1083.35,1089.85,1224600,1334538400,0,0
2023-09-01,1088.15,1088.15,1076.5,1077.65,877800,947449800,0,0
2023-09-04,1081,1086,1077.15,1083.5,993600,1075100800,0,0
2023-09-05,1079.85,1085.35,1075.85,1083.15,750000,810433300,0,0
2023-09-06,1083.35,1090,1078.35,1083.85,522600,566241400,0,0
2023-09-07,1077,1100,1077,1097.15,938400,1027379500,0,0
2023-09-08,1088.15,1099,1082.35,1084.35,748800,814193900,0,0
2023-09-11,1083.65,1085.85,1051.15,1057.85,1348800,1428378600,0,0
2023-09-12,1063.15,1078.65,1060,1065.15,930600,992054100,0,0
2023-09-13,1065.5,1080.5,1065.5,1077.35,1012200,1088409900,0,0
2023-09-14,1080.5,1086.15,1070.35,1076.15,772800,832253300,0,0
2023-09-15,1074.35,1075.5,1061.65,1068.85,1260600,1347165400,0,0
2023-09-19,1059.5,1061.85,1038.35,1051.5,1533000,1608270100,0,0
2023-09-20,1047.85,1053.85,1040.65,1040.65,969000,1012137000,0,0
2023-09-21,1038.5,1041.85,1018.5,1020.5,1706400,1749901800,0,0
2023-09-22,1016.65,1024.5,1008.35,1010,982200,996511200,0,0
2023-09-25,1010.5,1044.85,1008.85,1043,1358400,1407972000,0,0
2023-09-26,1044,1058.35,1041.35,1052.85,1885800,1985753600,0,0
2023-09-27,1000,1019.85,983.5,1008.65,4900800,4930297900,0,0
2023-09-28,1007.35,1008.35,976.15,991.85,3932400,3890664200,0,0
2023-09-29,987.5,996.15,982,990.15,2301000,2274833100,0,0
2023-10-02,991.65,992.15,974.5,976.65,1332600,1307431400,0,0
2023-10-03,978.5,983.35,973.15,974.65,756600,738790200,0,0
2023-10-04,973.35,995.15,972,989.65,1684200,1663976600,0,0
2023-10-05,978,1005.5,978,1002.35,1537800,1538504100,0,0
2023-10-06,1000.15,1012.15,1000.15,1002.85,1252200,1260296100,0,0
2023-10-10,1006.65,1014.15,1000.85,1010.85,1338600,1352267300,0,0
2023-10-11,1011,1014.5,996.35,1003.35,1028400,1032287000,0,0
2023-10-12,999.65,1006,990.85,991.35,1204800,1198381600,0,0
2023-10-13,985.35,987.35,967.5,968.35,1165800,1135806200,0,0
2023-10-16,966.5,970.35,953.35,956.5,1334400,1279818300,0,0
2023-10-17,966.85,970.85,960.65,963.35,750000,722848300,0,0
2023-10-18,964.15,964.65,934.35,950.5,1342800,1271765200,0,0
2023-10-19,938.35,952.65,938.35,947.65,838200,794747300,0,0
2023-10-20,945,947.85,938.35,944.5,742800,701378000,0,0
2023-10-23,951.5,952.35,943.15,948.35,715200,678852700,0,0
2023-10-24,949.35,961.35,942.5,960.35,719400,686502400,0,0
2023-10-25,958,961.65,950.85,954.15,751800,719022800,0,0
2023-10-26,953.35,962.5,950.5,957.5,766200,733147800,0,0
2023-10-27,962.5,975.5,955,974.5,1066200,1032726600,0,0
2023-10-30,976.65,982.85,970,980.35,1045800,1023820400,0,0
2023-10-31,989.15,1015.65,987.85,1014.85,1300800,1310811700,0,0
2023-11-01,1021.35,1025,1001,1005.65,1078800,1088218600,0,0
2023-11-02,1004.65,1017.65,1002.85,1017.65,810000,820099000,0,0
2023-11-06,1028.15,1028.35,1008.85,1011.65,816600,827471800,0,0
2023-11-07,1013.35,1017.5,1003.65,1005.85,870000,877646000,0,0
2023-11-08,1008.35,1018.35,1007.65,1017.15,911400,924634300,0,0
2023-11-09,1016.65,1026.15,1010,1022.65,837000,853385100,0,0
2023-11-10,1013.65,1025.35,1012,1023.65,498000,507911300,0,0
2023-11-13,1023.85,1036.5,1019.15,1032.15,959400,990174100,0,0
2023-11-14,1032.15,1044.5,1030.65,1036,731400,759377500,0,0
2023-11-15,1040,1098.85,1032,1064.15,3826200,4086650400,0,0
2023-11-16,1055.65,1063.5,1047,1051.85,1376400,1450719700,0,0
2023-11-17,1041.15,1056.85,1040.15,1056.85,984600,1035090200,0,0
2023-11-20,1057.35,1070.85,1056.85,1059.65,993600,1055741200,0,0
2023-11-21,1059.35,1062.85,1052.85,1057.5,754800,798001100,0,0
2023-11-22,1057.5,1064.5,1052,1061,473400,502167100,0,0
2023-11-24,1058.85,1060,1049.85,1057.65,619200,653629600,0,0
2023-11-27,1064.15,1072.35,1060.15,1066.5,509400,542847000,0,0
2023-11-28,1070.65,1076.35,1069.85,1075.85,791400,850044500,0,0
2023-11-29,1073.35,1082.35,1060.35,1081,1050000,1129653400,0,0
2023-11-30,1072,1075.35,1062.85,1069,873600,933660900,0,0
2023-12-01,1074.65,1078.65,1053.15,1061.35,1087200,1154460600,0,0
2023-12-04,1055.35,1064.15,1052,1057.65,891600,943575900,0,0
2023-12-05,1057.65,1075.5,1053.15,1068.85,1194600,1275927600,0,0
2023-12-06,1066,1081.85,1059.5,1081.85,888600,955334600,0,0
2023-12-07,1073.5,1088.35,1073.15,1082.15,870600,942871000,0,0
2023-12-08,1083.65,1086.65,1062.85,1067.85,955800,1025731000,0,0
2023-12-11,1062.85,1074.5,1059.35,1074.15,548400,586173600,0,0
2023-12-12,1074.5,1079,1066.5,1071,566400,606600700,0,0
2023-12-13,1071.85,1073.35,1053.35,1057.15,622800,660552300,0,0
2023-12-14,1070.85,1072.15,1053.35,1058.5,566400,600247400,0,0
2023-12-15,1045.85,1050.85,1004.5,1017.5,1903200,1941549600,0,0
2023-12-18,1014.85,1017.35,1003.35,1014.35,1067400,1080885300,0,0
2023-12-19,1012.65,1023.15,1005,1021.85,1161000,1180049200,0,0
2023-12-20,1032.5,1034.35,1021,1021.35,909600,932594600,0,0
2023-12-21,1022.15,1027.15,1014.85,1020.5,794400,810555500,0,0
2023-12-22,1022.5,1046.5,1020,1043.65,1129800,1174451000,0,0
2023-12-25,1058.35,1065.85,1046,1057.35,1171800,1239928900,0,0
2023-12-26,1057.15,1077,1053.85,1075.65,2016000,2157867400,0,0
2023-12-27,1092.35,1115,1072,1111.35,3944400,4338139900,0,0
2023-12-28,1096.35,1113.85,1086.5,1102,1951800,2150240600,0,0
2023-12-29,1097,1098.15,1075.15,1080.35,1462200,1582981200,0,0
2024-01-04,1071.65,1099.5,1055.35,1097.85,1379400,1497317900,0,0
2024-01-05,1098.35,1100.5,1078,1083.35,852000,924312400,0,0
2024-01-09,1088.65,1108.65,1086.5,1106.65,1401600,1546758500,0,0
2024-01-10,1100.35,1106.85,1090.65,1105.85,1004400,1106654600,0,0
2024-01-11,1116.35,1128,1101.5,1110.35,1917600,2136029000,0,0
2024-01-12,1120.35,1120.35,1095.85,1098.35,959400,1057678500,0,0
2024-01-15,1102.85,1102.85,1092,1093,856200,938977400,0,0
2024-01-16,1098.35,1104.35,1084.35,1090.15,1934400,2111416400,0,0
2024-01-17,1096.15,1116.65,1090.85,1108.5,1435200,1590071500,0,0
2024-01-18,1105.35,1114.15,1096.85,1114.15,873600,968550800,0,0
2024-01-19,1115.85,1121.65,1100.15,1103.65,940800,1040852700,0,0
2024-01-22,1105,1117,1100.65,1116.65,715200,794810700,0,0
2024-01-23,1120,1137.15,1120,1136.35,897000,1014760100,0,0
2024-01-24,1138.35,1144.35,1127.65,1128.35,1289400,1463580000,0,0
2024-01-25,1120,1126.35,1111.35,1126.15,981600,1101128400,0,0
2024-01-26,1133.35,1159.5,1131.5,1154.85,1432200,1647160000,0,0
2024-01-29,1153.35,1175.35,1153.35,1171.5,1250400,1459952200,0,0
2024-01-30,1183.35,1195,1172,1174.85,1872000,2210306800,0,0
2024-01-31,1168.5,1182.35,1162.85,1178,1136400,1335972300,0,0
2024-02-01,1172.5,1180.65,1169.15,1175.5,913200,1073029600,0,0
2024-02-02,1170.5,1171.65,1164.15,1164.15,732600,855356400,0,0
2024-02-05,1164.15,1170.35,1162.35,1169.35,1188000,1386255800,0,0
2024-02-06,1170.15,1174.5,1158.35,1161,1138800,1326374600,0,0
2024-02-07,1165,1167.35,1156.65,1163.5,1192200,1387126700,0,0
2024-02-08,1160,1162.85,1134.65,1136.5,1255200,1442457600,0,0
2024-02-09,1130.5,1146,1123.85,1141.15,1645200,1872422200,0,0
2024-02-13,1141.15,1144,1130.85,1140.65,1762200,2007542300,0,0
2024-02-14,1134.5,1138.35,1113.15,1115,2310000,2588495600,0,0
2024-02-15,1115.5,1121.15,1104.35,1112,2434200,2708911500,0,0
2024-02-16,1138.65,1179.85,1131.85,1170.15,3216000,3726956400,0,0
2024-02-19,1170.15,1189.5,1163.65,1182.5,2312400,2720681400,0,0
2024-02-20,1232.5,1234,1195.15,1210.85,2403000,2914646000,0,0
2024-02-21,1205,1212.65,1194.65,1201.35,2579400,3103058000,0,0
2024-02-22,1194,1207.15,1185.15,1198.5,2130600,2549976100,0,0
2024-02-26,1216.65,1236.65,1212.15,1222.65,3606600,4412579200,0,0
2024-02-27,1205.5,1223.65,1204.35,1208.35,5316600,6437271100,0,0
2024-02-28,1208.5,1212,1177.75,1184.5,2678200,3199064650,0,0
2024-02-29,1187.75,1193,1163.5,1174.75,1541400,1812190800,0,0
2024-03-01,1170,1187,1162.5,1181,1252000,1476779350,0,0
2024-03-04,1172.5,1179.5,1161.25,1165,1623200,1897610550,0,0
2024-03-05,1157,1173.25,1154,1168.75,1261800,1472044900,0,0
2024-03-06,1172.5,1206.75,1172.5,1193.25,1630800,1949305250,0,0
2024-03-07,1204.25,1213,1196.25,1205.5,1310800,1579524700,0,0
2024-03-08,1210.75,1221,1205,1214,1178600,1430358900,0,0
2024-03-11,1234,1235.75,1216.75,1230.75,1406400,1727346050,0,0
2024-03-12,1222.75,1270,1220.5,1269.25,2133600,2672808150,0,0
2024-03-13,1269.25,1275.5,1241.75,1247.75,1530000,1918488800,0,0
2024-03-14,1253,1260,1236,1254.75,992200,1240002750,0,0
2024-03-15,1265.25,1282.5,1263.25,1275.5,1324400,1686322000,0,0
2024-03-18,1300.5,1300.5,1275,1279,1205600,1547347800,0,0
2024-03-19,1282,1299.5,1278,1296,896400,1158479100,0,0
2024-03-21,1304.75,1304.75,1289.25,1300.25,1028000,1334835050,0,0
2024-03-22,1292,1296,1275,1287.25,909400,1169321100,0,0
2024-03-25,1288.5,1291.25,1263.75,1274,931000,1185379700,0,0
2024-03-26,1280,1288.25,1264.75,1277.25,1042000,1331405250,0,0
2024-03-27,1292.5,1304.5,1278.25,1296.75,2027400,2620248650,0,0
2024-03-28,1294.25,1300.75,1285.75,1291,880200,1137308800,0,0
2024-03-29,1304,1308,1289.75,1301.75,724200,941493150,0,0
2024-04-01,1297,1302.75,1286.5,1294,947800,1226393800,0,0
2024-04-02,1289,1289,1247.25,1252.75,1807200,2276881400,0,0
2024-04-03,1277.75,1292.5,1218,1244,3573000,4466444350,0,0
2024-04-04,1249.5,1262.75,1229,1239.5,1991000,2476006300,0,0
2024-04-05,1230,1255,1222,1255,1146600,1427806350,0,0
2024-04-08,1253.75,1272.5,1250.25,1260.25,995600,1258087350,0,0
2024-04-09,1260,1272.5,1239,1247.25,960400,1200407200,0,0
2024-04-10,1242.75,1247.5,1213,1222,1033400,1267745000,0,0
2024-04-11,1236.25,1237.5,1205.25,1214.75,1446600,1755569700,0,0
2024-04-12,1215,1236.75,1214.75,1222.5,1030200,1263451300,0,0
2024-04-15,1210,1214.5,1201.25,1213.75,873000,1057102400,0,0
2024-04-16,1207,1209.25,1188,1192.75,996400,1192174200,0,0
2024-04-17,1196,1202.25,1182,1197.75,1076000,1286771450,0,0
2024-04-18,1185,1200.75,1177.75,1180.75,1132200,1344878700,0,0
2024-04-19,1174.5,1176.25,1153.25,1166.25,853200,995057850,0,0
2024-04-22,1175,1195.75,1175,1194,970800,1156007800,0,0
2024-04-23,1201,1212.5,1192.75,1200.75,1216400,1463156250,0,0
2024-04-24,1199.5,1201,1173.5,1184.25,765000,906307250,0,0
2024-04-25,1182.5,1191.75,1167.5,1168,786000,923532500,0,0
2024-04-26,1160.25,1162,1145.25,1162,836000,967896200,0,0
2024-04-30,1174.75,1178.25,1158.25,1160.5,758400,881541750,0,0
2024-05-01,1160,1162.25,1145.5,1154.5,1176200,1357458200,0,0
2024-05-02,1158,1171.5,1149,1166.5,1635800,1899325500,0,0
2024-05-07,1216.5,1220.75,1191.5,1200,1904000,2286158050,0,0
2024-05-08,1195,1201.75,1167.5,1168.75,840000,990927300,0,0
2024-05-09,1182.75,1186,1170,1175.5,601400,707837250,0,0
2024-05-10,1168,1182.5,1164.25,1166.5,443600,518674150,0,0
2024-05-13,1174,1201.5,1168.25,1199.5,1234000,1467552100,0,0
2024-05-14,1204.5,1230,1203,1207.5,1070800,1298642300,0,0
2024-05-15,1219.5,1222.5,1193.25,1196.5,812200,977945300,0,0
2024-05-16,1200,1211.5,1186.5,1208.5,905000,1089261600,0,0
2024-05-17,1210.5,1224.25,1201.25,1219,799800,973251550,0,0
2024-05-20,1217.5,1223.5,1200.5,1204,718400,868748650,0,0
2024-05-21,1205,1218,1197.75,1199.25,1228600,1482733450,0,0
2024-05-22,1192.25,1207.75,1187.75,1204.5,945200,1136946600,0,0
2024-05-23,1198,1203.25,1182.25,1194,760000,906827000,0,0
2024-05-24,1180,1201.5,1172.75,1192.75,771800,920972950,0,0
2024-05-27,1192.75,1195.75,1170.25,1180.25,846200,999270350,0,0
2024-05-28,1181.25,1181.25,1160.5,1174,902200,1056591200,0,0
2024-05-29,1167.25,1169.5,1140.25,1142.75,1163400,1338143150,0,0
2024-05-30,1135.25,1165,1132.5,1160,1058200,1222796150,0,0
2024-05-31,1169.5,1220.75,1166.25,1218.5,2317000,2805223150,0,0
2024-06-03,1227,1238.25,1223.5,1237.25,1302800,1607288700,0,0
2024-06-04,1237.5,1261,1232.5,1246.75,1190200,1486991600,0,0
2024-06-05,1259.25,1266,1248.25,1248.25,1557000,1954943150,0,0
2024-06-06,1255.75,1257.5,1216.5,1223.75,930800,1143553800,0,0
2024-06-07,1226.25,1235.75,1212.5,1217.75,617600,752939750,0,0
2024-06-10,1212.5,1220.75,1210.25,1215.5,533600,648728550,0,0
2024-06-11,1207.5,1226,1200.5,1206.5,1154200,1396777250,0,0
2024-06-12,1210,1212,1167.5,1174,1167600,1376656450,0,0
2024-06-13,1162,1171.25,1137.5,1137.5,1161400,1331563250,0,0
2024-06-14,1134,1173.25,1132.75,1161.25,1755400,2033468650,0,0
2024-06-17,1169.75,1176.5,1159.25,1167.75,1304600,1521348250,0,0
2024-06-18,1170,1177.25,1167.75,1173.25,921200,1079644600,0,0
2024-06-19,1167.5,1177.75,1155.25,1170,996600,1165170850,0,0
2024-06-20,1150,1163.25,1135.25,1146.75,1473400,1688581650,0,0
2024-06-21,1144.5,1160,1138,1143.5,2532600,2898080550,0,0
2024-06-24,1156.25,1189.25,1152.25,1181.5,1761600,2076330550,0,0
2024-06-25,1200,1218,1187.75,1190.25,2321200,2780787450,0,0
2024-06-26,1065.25,1102.5,1055,1098.25,9205400,10017779450,0,0
2024-06-27,1101.5,1134.75,1100.25,1134.25,5304600,5929263750,0,0
2024-06-28,1135,1138,1104.25,1107,3334600,3717454550,0,0
2024-07-01,1110.5,1117.25,1099.5,1104.5,1789800,1978618200,0,0
2024-07-02,1100,1114.25,1099.5,1109.25,1677200,1859476450,0,0
2024-07-03,1101.5,1119,1101.5,1112,1671600,1860114750,0,0
2024-07-04,1122.5,1132.5,1116.5,1116.5,1758400,1975985400,0,0
2024-07-05,1116.5,1119,1093,1100,1613600,1777693500,0,0
2024-07-08,1115,1125.5,1100.75,1122.5,2060600,2301331200,0,0
2024-07-09,1125.5,1135,1113.75,1128,1577000,1776962600,0,0
2024-07-10,1125,1141.5,1114.25,1131.25,1659800,1874349450,0,0
2024-07-11,1137,1156,1136.25,1155.5,1924800,2212546000,0,0
2024-07-12,1165.25,1189.5,1163,1182.25,1873200,2209026500,0,0
2024-07-16,1193.75,1194.5,1164.75,1168.25,1664400,1953637200,0,0
2024-07-17,1179,1186.75,1170.75,1180,1133800,1337710950,0,0
2024-07-18,1190.75,1221.5,1186.5,1220.5,1925200,2329502300,0,0
2024-07-19,1208.25,1232.25,1205.25,1231.25,1174400,1437897000,0,0
2024-07-22,1245,1274.5,1236.75,1259.5,2391600,3020584750,0,0
2024-07-23,1244,1252,1229.75,1240.25,1324600,1646539550,0,0
2024-07-24,1236.25,1236.25,1191.5,1191.5,2254400,2714859350,0,0
2024-07-25,1193.5,1218.5,1177.25,1207.25,1799800,2170690550,0,0
2024-07-26,1217,1230.5,1211.25,1219.25,1693400,2064496050,0,0
2024-07-29,1225.75,1254.75,1225,1253,1608600,2004414100,0,0
2024-07-30,1255,1258.25,1237.25,1245.25,916800,1143599950,0,0
2024-07-31,1257.5,1285.75,1255,1285.75,1501600,1914095200,0,0
2024-08-01,1291.5,1299.5,1268.75,1283.5,1579600,2031003950,0,0
2024-08-02,1271,1272,1247.25,1252,1470400,1854316200,0,0
2024-08-05,1235.75,1262,1194.75,1208.75,2056400,2524770450,0,0
2024-08-06,1221,1255.5,1206.75,1235.75,2079600,2564153750,0,0
2024-08-07,1211.25,1245.25,1210.25,1220.75,1186800,1457542450,0,0
2024-08-08,1233,1265,1221,1251.25,1265000,1584930550,0,0
2024-08-09,1258.25,1270.5,1230,1268.5,1025800,1290749650,0,0
2024-08-13,1269,1289.75,1251.25,1286,1237600,1578355700,0,0
2024-08-14,1291.25,1310.75,1286,1308,1346600,1755765350,0,0
2024-08-15,1318.75,1332,1306.75,1308.75,1259000,1656691600,0,0
2024-08-16,1308.75,1313,1275.25,1302.75,1117600,1450661850,0,0
2024-08-19,1287.5,1313.25,1276.25,1309,1129200,1469760300,0,0
2024-08-20,1300,1311.75,1293,1309,957600,1250278600,0,0
2024-08-21,1309,1317.5,1289,1295,855400,1111106000,0,0
2024-08-22,1288.25,1294.5,1282.25,1285.75,1501400,1933635800,0,0
2024-08-23,1274.5,1285.75,1265.75,1277.25,1722400,2196811100,0,0
2024-08-26,1267.75,1309.25,1266,1300.25,1340800,1738217500,0,0
2024-08-27,1300,1327.5,1290.5,1324,1005800,1322925000,0,0
2024-08-28,1327.5,1334,1306.25,1310.25,843000,1108837600,0,0
2024-08-29,1282.75,1301.25,1269.75,1291.75,1824000,2351716150,0,0
2024-08-30,1251.75,1277.25,1248,1263.5,2769400,3487357600,0,0
2024-09-02,1254.5,1254.5,1225.75,1225.75,1414200,1746274250,0,0
2024-09-03,1220.5,1252,1219,1244.75,1251800,1556300900,0,0
2024-09-04,1244,1268.5,1239.75,1268,1533600,1934465800,0,0
2024-09-05,1272.5,1285.75,1268,1279.5,973800,1244414200,0,0
2024-09-06,1287.5,1303.25,1279.5,1284,1040800,1339422750,0,0
2024-09-09,1283.75,1294.75,1275.25,1287.25,1056000,1356558300,0,0
2024-09-10,1292.5,1296.25,1270.5,1272.5,627800,804608200,0,0
2024-09-11,1273.25,1273.25,1237,1250,1170000,1461988000,0,0
2024-09-12,1255,1263,1235.25,1250.5,886200,1106332000,0,0
2024-09-13,1248.75,1250.25,1235.25,1241.5,1030200,1280419900,0,0
2024-09-17,1246,1254.25,1221,1239.5,1253600,1546943050,0,0
2024-09-18,1231,1238.75,1220,1238,855000,1052808950,0,0
2024-09-19,1245,1262.5,1244.75,1245.5,1059200,1324294500,0,0
2024-09-20,1245,1249.75,1223.5,1244,1944600,2412376650,0,0
2024-09-24,1244.25,1244.25,1222.75,1226.5,1186400,1460136750,0,0
2024-09-25,1275,1316.25,1270.25,1284.75,4086400,5286712100,0,0
2024-09-26,1292.5,1322.25,1284,1322.25,1500800,1970809150,0,0
2024-09-27,1322.5,1349.5,1315.25,1348,1082000,1450756100,0,0
2024-09-30,1325,1347.5,1314.5,1332.75,1069600,1424933150,0,0
2024-10-01,1329.25,1340.75,1319.5,1332.5,776200,1034480500,0,0
2024-10-02,1324.25,1353.5,1319.25,1348.25,1184600,1590278200,0,0
2024-10-03,1363,1385,1363,1384,1499200,2063426800,0,0
2024-10-04,1400,1422,1386.5,1390.75,1662200,2326713100,0,0
2024-10-07,1391,1394.5,1373.5,1377.75,1145800,1584938650,0,0
2024-10-08,1357,1362,1338.5,1346.75,1712800,2313315100,0,0
2024-10-09,1340,1370.25,1336.25,1357.75,1506600,2046095100,0,0
2024-10-10,1350.5,1358.75,1334,1351.75,1118400,1506895500,0,0
2024-10-11,1346.75,1370,1340,1352.25,1238000,1681281100,0,0
2024-10-15,1362,1368.5,1347.75,1349.25,697800,944680750,0,0
2024-10-16,1333,1348,1327.5,1339,1213200,1625121900,0,0
2024-10-17,1332.5,1351.25,1331.5,1340.5,869600,1164050650,0,0
2024-10-18,1333,1355.5,1329.75,1333.5,816400,1095386200,0,0
2024-10-21,1337.25,1352.25,1321.75,1340,858400,1150830900,0,0
2024-10-22,1350.25,1350.5,1330.75,1342,1204000,1614780750,0,0
2024-10-23,1329,1330.5,1310.25,1315.75,593000,781997450,0,0
2024-10-24,1310,1316,1299.25,1299.75,773600,1008396050,0,0
2024-10-25,1303.5,1307.75,1279.75,1298.25,1295400,1672217400,0,0
2024-10-28,1294.75,1312,1291,1303.25,724400,944323450,0,0
2024-10-29,1300.25,1309.75,1291.75,1309,858000,1117957350,0,0
2024-10-30,1319.25,1320.25,1298,1307.5,4052200,5297851650,0,0
2024-10-31,1306.5,1307.25,1292.5,1301,719600,936188050,0,0
2024-11-01,1310,1314.5,1285.25,1287.25,855400,1108637750,0,0
2024-11-05,1282.5,1296.5,1260,1285.5,960800,1235070600,0,0
2024-11-06,1280.5,1292.25,1276.75,1286.5,809600,1040202850,0,0
2024-11-07,1289.25,1293.75,1272.25,1272.25,613800,785498850,0,0
2024-11-08,1280.5,1296.5,1274.5,1278.5,713200,917218800,0,0
2024-11-11,1278.5,1308.75,1278,1304.25,1146800,1492394450,0,0
2024-11-12,1313,1322,1301.5,1309.25,897200,1174715850,0,0
2024-11-13,1304,1313.5,1290,1305,1393400,1816001300,0,0
2024-11-14,1305.25,1305.25,1290.25,1295,624000,809381900,0,0
2024-11-15,1290,1295.25,1271,1282,632000,811677500,0,0
2024-11-18,1284.25,1303,1284.25,1299,595200,770654650,0,0
2024-11-19,1301.75,1308.25,1293.75,1301,540800,703831350,0,0
2024-11-20,1285.5,1305.75,1266.75,1271,552000,706089900,0,0
2024-11-21,1275,1275,1246,1250,995600,1246506400,0,0
2024-11-22,1254,1269.5,1250,1264,716600,904583950,0,0
2024-11-25,1270,1272,1256,1260,656200,828141150,0,0
2024-11-26,1260,1264.25,1251.75,1261,719400,905487800,0,0
2024-11-27,1261,1267.5,1237.75,1246.75,712600,889570900,0,0
2024-11-28,1249.25,1250.75,1236.25,1249,1272800,1584795550,0,0
2024-11-29,1251.75,1267.5,1244,1263.75,584400,736972700,0,0
2024-12-02,1258.5,1266.5,1252.5,1255,430800,542093300,0,0
2024-12-03,1262.25,1294,1261.5,1277.75,961400,1233325550,0,0
2024-12-04,1276,1298.25,1276,1286.5,513200,661687200,0,0
2024-12-05,1292.5,1297.75,1267.5,1289.75,622400,799383150,0,0
2024-12-06,1292.5,1302.5,1271.25,1278.25,738000,944901750,0,0
2024-12-09,1280.75,1289.75,1266.25,1275.75,960400,1226237150,0,0
2024-12-10,1279,1280,1253.75,1261.5,991000,1251748350,0,0
2024-12-11,1262.75,1275.25,1258.25,1274.25,486000,617446850,0,0
2024-12-12,1280,1281.25,1252.5,1264.75,887600,1122561050,0,0
2024-12-13,1262,1279.5,1259,1269.5,861000,1090918300,0,0
2024-12-16,1263.5,1263.5,1237.75,1241.25,724000,902442550,0,0
2024-12-17,1230,1254.75,1227.5,1244.25,1084800,1349407400,0,0
2024-12-18,1253.75,1253.75,1236.75,1245,845800,1052350000,0,0
2024-12-19,1257.75,1259.5,1226,1233.75,928800,1147720200,0,0
2024-12-20,1235.75,1237.5,1215.25,1222,1020600,1248382250,0,0
2024-12-23,1221.75,1227.75,1211,1219,923400,1124675250,0,0
2024-12-24,1211,1240.75,1208,1233,1067600,1312545150,0,0
2024-12-25,1228,1232.5,1197.5,1204.25,799800,964224950,0,0
2024-12-26,1204,1220,1200,1220,904400,1097799050,0,0
2024-12-27,1225.5,1233,1223.25,1232,878600,1080342700,0,0
2024-12-30,1238.5,1239.75,1223,1233.75,767600,944762300,0,0
2025-01-06,1237,1250.25,1225,1230.75,1359200,1679053250,0,0
2025-01-07,1238.25,1246,1232.5,1242.75,1172800,1455666200,0,0
2025-01-08,1238.25,1254.75,1226.75,1247,1158400,1437397600,0,0
2025-01-09,1260.25,1260.25,1235,1238,1896600,2361525400,0,0
2025-01-10,1200,1279,1186.25,1266.5,3554600,4443413500,0,0
2025-01-14,1263,1263,1198,1248.25,2630200,3237471700,0,0
2025-01-15,1254,1258,1232.25,1245.75,1434400,1783360100,0,0
2025-01-16,1234.25,1288.25,1227.5,1278.75,1907000,2426603350,0,0
2025-01-17,1278.75,1280.75,1257.5,1264.5,1341800,1699668700,0,0
2025-01-20,1264.5,1275.75,1261.25,1262.25,921600,1167886950,0,0
2025-01-21,1272.25,1282.25,1265,1279.5,822000,1047510700,0,0
2025-01-22,1275,1292.5,1264.5,1292.5,1159600,1487408050,0,0
2025-01-23,1292,1298.25,1283.25,1287,986000,1271600750,0,0
2025-01-24,1294,1304.75,1282.75,1291.75,1017000,1316234800,0,0
2025-01-27,1303,1315,1291.25,1315,805200,1050885850,0,0
2025-01-28,1337.5,1352,1331.75,1335.25,1171000,1568704200,0,0
2025-01-29,1330,1339.75,1318.25,1331.5,574000,764919450,0,0
2025-01-30,1338,1358.25,1332.5,1350,1059000,1428950600,0,0
2025-01-31,1358.25,1360.25,1349.25,1350.25,675800,915087750,0,0
2025-02-03,1349.25,1349.25,1320,1338.25,1164200,1556643050,0,0
2025-02-04,1345.5,1348.75,1310,1313,718400,950034050,0,0
2025-02-05,1313,1320,1303.25,1309.75,586400,768834700,0,0
2025-02-06,1323,1338.5,1321.25,1331.5,908800,1209281050,0,0
2025-02-07,1334,1339.75,1306.5,1306.5,554800,732324650,0,0
2025-02-10,1306.5,1308.75,1293.5,1306.25,739200,964379000,0,0
2025-02-12,1304.75,1316,1303.5,1313,649000,849168550,0,0
2025-02-13,1313,1330,1307.5,1323.75,633200,835537350,0,0
2025-02-14,1332.25,1348.75,1327.5,1341,1048000,1403449600,0,0
2025-02-17,1344,1365.5,1341,1351.5,1091000,1474786050,0,0
2025-02-18,1365.25,1371,1345.25,1350.25,853800,1157991700,0,0
2025-02-19,1357.5,1374,1339,1356.25,1329000,1804225550,0,0
2025-02-20,1359.75,1370.75,1348.75,1364,1765600,2399180100,0,0
2025-02-21,1374.5,1377,1360.75,1365.75,1906400,2613701950,0,0
2025-02-25,1365,1391.25,1358.5,1385.75,2907600,3987507650,0,0
2025-02-26,1392.25,1392.25,1351.75,1364.75,3347000,4614754700,0,0
2025-02-27,1349.25,1375.75,1335.5,1372.5,1737400,2359657050,0,0
2025-02-28,1379.25,1380.25,1350,1350.75,729800,990274250,0,0
2025-03-03,1350.75,1397.5,1350,1387.25,1105800,1528775800,0,0
2025-03-04,1402,1415,1392.5,1395.75,1204600,1688285150,0,0
2025-03-05,1404,1427,1402.5,1417.25,1789400,2533793250,0,0
2025-03-06,1420.75,1425.5,1387.5,1401.75,905000,1267497750,0,0
2025-03-07,1400,1406,1376.25,1380.5,700000,970542700,0,0
2025-03-10,1380,1385.75,1367.5,1372.5,727400,999547250,0,0
2025-03-11,1347.5,1365,1333,1363.25,1042400,1413123450,0,0
2025-03-12,1367,1413.25,1367,1394.5,1422600,1988114700,0,0
2025-03-13,1391.75,1407.75,1385,1392,890800,1242711900,0,0
2025-03-14,1384,1401.25,1380.75,1400.25,918200,1278290750,0,0
2025-03-17,1400.25,1401.25,1378.5,1398.75,892400,1245383500,0,0
2025-03-18,1404.5,1417,1385.5,1391.25,1292000,1805875200,0,0
2025-03-19,1391.25,1415,1391,1405.5,628800,883626550,0,0
2025-03-21,1400.5,1405.25,1384.25,1388.75,1095200,1524055050,0,0
2025-03-24,1387,1409.75,1385,1406.75,571800,801610700,0,0
2025-03-25,1400.75,1424.25,1400.75,1419.75,617400,874388800,0,0
2025-03-26,1414.75,1427.25,1403.25,1417,759200,1076548100,0,0
2025-03-27,1427.5,1442,1417.5,1440.75,894800,1283934350,0,0
2025-03-28,1425.5,1431.25,1410.25,1423.75,815800,1160660900,0,0
2025-03-31,1413.75,1422.5,1405.5,1406.5,824400,1162182850,0,0
2025-04-01,1425,1435,1397.25,1399,832600,1170427800,0,0
2025-04-02,1408.75,1417.25,1383.5,1394,667200,931076800,0,0
2025-04-03,1355,1408.25,1354.25,1403,1111600,1551723450,0,0
2025-04-04,1400,1431.5,1395.5,1423.25,1600600,2270826550,0,0
2025-04-07,1348.25,1420,1348.25,1386,1571200,2189318150,0,0
2025-04-08,1410,1429.25,1387.75,1421.75,1543800,2185908350,0,0
2025-04-09,1421.75,1430.25,1405.25,1416.5,1765600,2501725800,0,0
2025-04-10,1424.25,1453,1387.5,1453,2110800,3020085750,0,0
2025-04-11,1525.5,1540,1497.25,1528,4693800,7126893550,0,0
2025-04-14,1550,1566,1523,1560,2916400,4522679300,0,0
2025-04-15,1554.5,1555,1508,1508,2051400,3129595700,0,0
2025-04-16,1511.5,1547.5,1500.5,1540,2877600,4400128400,0,0
2025-04-17,1528,1529,1450.75,1458.75,3447400,5072194850,0,0
2025-04-18,1465.75,1474.75,1448.5,1456.5,2253600,3289855200,0,0
2025-04-21,1470.5,1489.75,1462.5,1480,1606000,2368654200,0,0
2025-04-22,1473.75,1486.25,1463,1475.25,1320000,1945669250,0,0
2025-04-23,1463.5,1482.25,1460,1475.75,1649800,2432310850,0,0
2025-04-24,1452.75,1460.75,1411,1418,1995600,2847176950,0,0
2025-04-25,1420.25,1461.5,1417.75,1440.75,1690400,2438682250,0,0
2025-04-28,1451.25,1483.75,1445.5,1481.25,1665000,2450144650,0,0
2025-04-30,1496.5,1510.5,1492.75,1502.5,1531600,2298780550,0,0
2025-05-01,1497.25,1512.5,1487.75,1511.5,1140600,1714801950,0,0
2025-05-02,1492.75,1516,1492.5,1506,1307400,1969374000,0,0
2025-05-07,1525,1550,1521,1532.5,1051400,1616640400,0,0
2025-05-08,1539,1561.5,1533.5,1547.5,1340200,2076520800,0,0
2025-05-09,1555.5,1566,1537.5,1550.5,882800,1370428300,0,0
2025-05-12,1547,1571,1544.5,1558.5,1087200,1692701800,0,0
2025-05-13,1547,1551,1501,1509.5,943000,1430944500,0,0
2025-05-14,1513.5,1544.5,1512.5,1539,1326000,2035532700,0,0
2025-05-15,1550,1595,1547.5,1583.5,1719400,2714631600,0,0
2025-05-16,1615,1621,1580,1582,2167400,3453050300,0,0
2025-05-19,1597,1600,1557,1561.5,1182600,1858848600,0,0
2025-05-20,1561.5,1561.5,1533,1542.5,1089400,1681744800,0,0
2025-05-21,1559.5,1560,1521,1530,1241000,1901194400,0,0
2025-05-22,1530,1555.5,1522,1535,971800,1494776400,0,0
2025-05-23,1529,1542,1528,1536,664800,1020539800,0,0
2025-05-26,1551,1589,1548,1575.5,1162400,1829813400,0,0
2025-05-27,1597.5,1598,1571,1587,773000,1226792900,0,0
2025-05-28,1586,1596,1573,1581,876600,1387977400,0,0
2025-05-29,1582.5,1589.5,1570.5,1585.5,893600,1414380600,0,0
2025-05-30,1585.5,1596.5,1577.5,1584,1298600,2058839400,0,0
2025-06-02,1575,1594.5,1572,1585.5,632000,1001314800,0,0
2025-06-03,1590,1609.5,1571,1599,786200,1252481100,0,0
2025-06-04,1586,1597.5,1575.5,1578.5,607800,961559700,0,0
2025-06-05,1564,1591.5,1550,1576.5,764000,1204866200,0,0
2025-06-06,1585,1587.5,1570,1576.5,728000,1148907300,0,0
2025-06-09,1580,1596,1566.5,1589.5,716000,1135977400,0,0
2025-06-10,1566,1575.5,1551,1561,862000,1346075100,0,0
2025-06-11,1561,1569.5,1553,1561.5,605600,945363700,0,0
2025-06-12,1564,1575,1557.5,1571,522400,819800400,0,0
2025-06-13,1567,1571.5,1546.5,1553,871800,1358765200,0,0
2025-06-16,1583,1591,1572,1579,872800,1380044300,0,0
2025-06-17,1571.5,1595,1570.5,1593,652400,1036638100,0,0
2025-06-18,1592.5,1592.5,1580,1583,535000,847920100,0,0
2025-06-19,1583,1604,1581.5,1599.5,614800,981219500,0,0
2025-06-20,1607.5,1614.5,1594.5,1594.5,1878800,3000417700,0,0
2025-06-23,1600.5,1616,1595,1613,736800,1186867600,0,0
2025-06-24,1625,1632.5,1600,1616,643800,1039051400,0,0
2025-06-25,1603.5,1611.5,1589.5,1595,807800,1289566300,0,0
2025-06-26,1603,1637,1603,1631.5,1302400,2118279000,0,0
2025-06-27,1631.5,1637,1621.5,1628.5,889200,1448330400,0,0
2025-06-30,1636,1661.5,1631.5,1647.5,1004800,1657521500,0,0
2025-07-01,1651.5,1663.5,1642.5,1652,867800,1434323200,0,0
2025-07-02,1648.5,1655.5,1637.5,1646,724000,1193535000,0,0
2025-07-03,1643,1647.5,1620,1639.5,712400,1164776700,0,0
2025-07-04,1632.5,1658.5,1630.5,1655,468400,773734500,0,0
2025-07-07,1652.5,1712.5,1652.5,1705,1557400,2639803700,0,0
2025-07-08,1715,1734.5,1702,1713.5,1185000,2030468900,0,0
2025-07-09,1719.5,1733.5,1688,1696.5,1566000,2666582000,0,0
2025-07-10,1689,1691.5,1670,1684.5,1432400,2407081000,0,0
2025-07-11,1789,1850.5,1761,1819.5,4928400,8923561100,0,0
2025-07-14,1805.5,1844.5,1793.5,1820.5,1749800,3183175200,0,0
2025-07-15,1832.5,1852,1821,1848.5,1428000,2629226400,0,0
2025-07-16,1844.5,1872.5,1830.5,1837.5,1413000,2611893600,0,0
2025-07-17,1835,1871,1826,1866,1367800,2544200600,0,0
2025-07-18,1875,1882,1837.5,1846,1538600,2855367800,0,0
2025-07-22,1867.5,1885,1841.5,1884.5,1217400,2282403200,0,0
2025-07-23,1861,1869,1811.5,1834.5,1944600,3563427900,0,0
2025-07-24,1816.5,1847.5,1808,1844.5,1362000,2500378100,0,0
2025-07-25,1850,1870,1834,1856,850600,1578181800,0,0
2025-07-28,1850,1850.5,1779.5,1787,1345600,2420485700,0,0
2025-07-29,1797,1798.5,1783,1785,867800,1553011000,0,0
2025-07-30,1798.5,1799.5,1776.5,1787,807000,1440975900,0,0
2025-07-31,1805.5,1832,1801.5,1827.5,1051200,1915848900,0,0
2025-08-01,1836.5,1856.5,1835.5,1847.5,888400,1642562100,0,0
2025-08-04,1852,1877.5,1848.5,1869.5,1074600,2002395000,0,0
2025-08-05,1876.5,1903.5,1870,1892.5,1193800,2256419400,0,0
2025-08-06,1889,1915.5,1886,1912,1073000,2044955400,0,0
2025-08-07,1932,1965.5,1929.5,1941,1010600,1965398800,0,0
2025-08-08,1939.5,1971,1938.5,1961,743400,1456802000,0,0
2025-08-12,1950.5,1950.5,1899,1910.5,1309800,2508867400,0,0
2025-08-13,1895,1930,1878,1929.5,1275200,2435592800,0,0
2025-08-14,1903,1911.5,1853.5,1860.5,1559400,2917259900,0,0
2025-08-15,1852.5,1860.5,1823.5,1852.5,1242000,2289924800,0,0
2025-08-18,1859.5,1899,1858,1885,1131600,2130870900,0,0
2025-08-19,1890,1915.5,1887.5,1903.5,1232000,2346678100,0,0
2025-08-20,1950,1967,1908.5,1961.5,1865600,3631811400,0,0
2025-08-21,1995.5,2037,1982.5,2025.5,2131200,4294918700,0,0
2025-08-22,2033.5,2034,2002.5,2004.5,1306200,2628256300,0,0
2025-08-25,1995.5,2000,1958,1959,1039600,2051411000,0,0
2025-08-26,1969,1974.5,1944.5,1958,1137600,2230398100,0,0
2025-08-27,1948.5,1956.5,1912.5,1922,1561400,3007378200,0,0
2025-08-28,1910.5,1913.5,1882,1889,1120000,2119951400,0,0
2025-08-29,1883.5,1885.5,1836.5,1857,1198800,2224433700,0,0
2025-09-01,1857,1887.5,1853,1863,946200,1766798000,0,0
2025-09-02,1857.5,1870,1841.5,1865,1187000,2208975100,0,0
2025-09-03,1870.5,1915.5,1864,1899.5,1357000,2573630700,0,0
2025-09-04,1904,1907,1881,1882.5,695200,1313537400,0,0
2025-09-05,1885.5,1900,1877,1890,836600,1580619600,0,0
2025-09-08,1903.5,1940,1903,1931,929400,1789988500,0,0
2025-09-09,1937.5,1949,1914.5,1939,1062400,2056480900,0,0
2025-09-10,1931,1954,1916,1937.5,817800,1587775000,0,0
2025-09-11,1943,1963,1915,1927,1151400,2226326500,0,0
2025-09-12,1944,1956,1924,1943,963600,1871392600,0,0
2025-09-16,1940,1944.5,1915.5,1922.5,735000,1418102800,0,0
2025-09-17,1898.5,1922,1887,1894,965800,1834391600,0,0
2025-09-18,1888.5,1888.5,1854,1866.5,1374800,2567447200,0,0
2025-09-19,1880.5,1880.5,1830,1838,1687800,3116595900,0,0
2025-09-22,1829,1844,1815.5,1816.5,998600,1822975300,0,0
2025-09-24,1824.5,1846,1809,1837.5,1102400,2021946600,0,0
2025-09-25,1836,1846.5,1797,1806,1089000,1974027600,0,0
2025-09-26,1797,1809.5,1791.5,1801,1379000,2483575300,0,0
2025-09-29,1805.5,1812,1757.5,1782,1301400,2315361000,0,0
2025-09-30,1791,1803.5,1780.5,1783,1391000,2484305800,0,0
2025-10-01,1775,1785.5,1751.5,1761.5,863200,1523659600,0,0
2025-10-02,1742,1752.5,1671.5,1686,1288800,2180893300,0,0
2025-10-03,1684.5,1699,1677,1689.5,1247800,2108312800,0,0
2025-10-06,1712,1719.5,1697,1705.5,1378000,2353743800,0,0
2025-10-07,1687,1703.5,1681.5,1689.5,965600,1632940400,0,0
2025-10-08,1685,1710,1685,1694,1475400,2502830700,0,0
2025-10-09,1700,1714,1690,1690,2682800,4549893400,0,0
2025-10-10,1626,1718,1600,1671,3851200,6422876200,0,0
2025-10-14,1675.5,1742,1669,1734,2346400,4040510100,0,0
2025-10-15,1721.5,1737,1695.5,1700.5,1517000,2588637700,0,0
2025-10-16,1735.5,1783.5,1711,1764.5,1869600,3296590100,0,0
2025-10-17,1771.5,1790,1749.5,1749.5,1612600,2833362100,0,0
2025-10-20,1755,1758.5,1725,1742,1278400,2224323300,0,0
2025-10-21,1732.5,1742,1721,1742,1374600,2385929000,0,0
2025-10-22,1743,1779.5,1741.5,1765,1057600,1869402700,0,0
2025-10-23,1766.5,1782,1756,1769,643800,1137860100,0,0
2025-10-24,1745,1765.5,1740.5,1744,848800,1484371300,0,0
2025-10-27,1739,1756,1723.5,1729,1025400,1778121400,0,0
2025-10-28,1726.5,1729.5,1681.5,1693,934400,1584542700,0,0
2025-10-29,1678,1679.5,1642,1642.5,1285600,2124038400,0,0
2025-10-30,1646.5,1673,1643.5,1658.5,855200,1420576100,0,0
2025-10-31,1665.5,1676,1656,1664,674000,1120985500,0,0
2025-11-04,1632.5,1680,1628,1680,807800,1343397000,0,0
2025-11-05,1697,1712,1677,1693.5,999600,1694830500,0,0
2025-11-06,1687.5,1691.5,1672.5,1681,639400,1075110000,0,0
2025-11-07,1687,1761,1679.5,1753.5,1119000,1945657300,0,0
2025-11-10,1786.5,1787,1748.5,1764.5,973600,1719736000,0,0
2025-11-11,1758,1769.5,1739,1766,664800,1169403000,0,0
2025-11-12,1766,1788.5,1750,1750,1267400,2242493100,0,0
2025-11-13,1767.5,1788,1755,1784,686400,1222984400,0,0
2025-11-14,1767,1781,1741,1756,945000,1659202600,0,0
2025-11-17,1749.5,1757.5,1710.5,1728.5,1097400,1900235200,0,0
2025-11-18,1742.5,1812,1742.5,1799.5,1938600,3471819300,0,0
2025-11-19,1775,1813.5,1752,1804.5,1352600,2428029600,0,0
2025-11-20,1785,1845,1785,1823,1428000,2606717000,0,0
2025-11-21,1847.5,1878,1838.5,1875,1576600,2945722000,0,0
2025-11-25,1844.5,1861,1827,1838,1153000,2123514900,0,0
2025-11-26,1850,1871.5,1834,1864,1265200,2345260700,0,0
2025-11-27,1865,1881,1851.5,1880.5,602400,1129693900,0,0
2025-11-28,1877.5,1877.5,1835,1843,696200,1284546000,0,0
2025-12-01,1839,1856.5,1809,1815,743400,1353805000,0,0
2025-12-02,1822.5,1837.5,1810.5,1829.5,469600,859001000,0,0
2025-12-03,1813,1818,1786.5,1803.5,870600,1568358900,0,0
2025-12-04,1800.5,1808.5,1782,1796,906200,1627470400,0,0
2025-12-05,1799,1819,1788.5,1799.5,946400,1706405600,0,0
2025-12-08,1799.5,1823,1784,1823,760600,1377940500,0,0
2025-12-09,1836,1848,1816.5,1828.5,752600,1377927100,0,0
2025-12-10,1847.5,1864,1829,1856,735000,1360722800,0,0
2025-12-11,1862,1862,1805,1824,784200,1429330600,0,0
2025-12-12,1834,1839.5,1811,1825,887400,1622725000,0,0
2025-12-15,1855,1870.5,1843,1867.5,1033400,1922024100,0,0
2025-12-16,1857,1859.5,1829,1829,839200,1544605600,0,0
2025-12-17,1845.5,1845.5,1786,1786,955000,1715982800,0,0
2025-12-18,1807,1840,1796,1825.5,811200,1480091100,0,0
2025-12-19,1822.5,1833.5,1809,1822.5,979400,1785243100,0,0
2025-12-22,1833.5,1840,1794,1796.5,771000,1390962100,0,0
2025-12-23,1796.5,1835.5,1796.5,1831.5,713600,1302123200,0,0
2025-12-24,1842,1856.5,1831.5,1847,626400,1157178000,0,0
2025-12-25,1850,1850,1830,1844,266400,490299900,0,0
2025-12-26,1853,1867,1847.5,1849,483400,896157500,0,0
2025-12-29,1850,1863.5,1836,1850,462400,854589000,0,0
2025-12-30,1860,1863.5,1842.5,1842.5,552200,1021267700,0,0
2026-01-05,1841,1853,1825,1832.5,889200,1632984500,0,0
2026-01-06,1831,1851.5,1820,1841.5,954400,1751523900,0,0
2026-01-07,1822,1824,1785,1788.5,1232600,2211724400,0,0
2026-01-08,1789.5,1799,1764,1764,1073200,1905095100,0,0
2026-01-09,1880,1905.5,1830.5,1846,2886400,5356846000,0,0
2026-01-13,1850,1855,1823.5,1831,2024000,3713951100,0,0
2026-01-14,1833.5,1868.5,1825.5,1860,1051800,1951551800,0,0
2026-01-15,1871,1940,1870.5,1940,1771200,3401757600,0,0
2026-01-16,1908.5,1925.5,1846,1892.5,2283600,4300783600,0,0
2026-01-19,1917.5,1958,1907,1911.5,1537000,2958352700,0,0
2026-01-20,1923,1983.5,1895.5,1969,1278800,2500197700,0,0
2026-01-21,1969,1991,1902.5,1903,1273200,2452689400,0,0
2026-01-22,1894.5,1921.5,1892.5,1909,942200,1794673300,0,0
2026-01-23,1904,1913.5,1887,1912,790600,1506204300,0,0
2026-01-26,1912,1928.5,1891,1898,886600,1688180400,0,0
2026-01-27,1920.5,1925,1891,1902.5,911200,1737405600,0,0
2026-01-28,1871.5,1882.5,1847.5,1862.5,753600,1402816300,0,0
2026-01-29,1840,1840,1808,1830,826800,1510031300,0,0
2026-01-30,1835.5,1835.5,1779.5,1779.5,1767000,3165544100,0,0
2026-02-02,1817.5,1817.5,1771.5,1779,1022600,1827401800,0,0
2026-02-03,1766.5,1784,1749,1752.5,1849800,3255507400,0,0
2026-02-04,1780,1793,1763,1765.5,1014400,1798910800,0,0
2026-02-05,1798,1819,1778,1801,942200,1700318300,0,0
2026-02-06,1814.5,1821.5,1765.5,1769,1113800,1983012500,0,0
2026-02-09,1780.5,1786.5,1746,1769,1351400,2386630700,0,0
2026-02-10,1765,1807,1760,1793.5,682200,1220188400,0,0
2026-02-12,1819,1885.5,1813.5,1872.5,1424600,2633418900,0,0
2026-02-13,1892,1899,1837,1866,1377600,2575477000,0,0
2026-02-16,1831,1843,1799,1818,1258200,2291163800,0,0
2026-02-17,1824.5,1824.5,1773.5,1784.5,921600,1652945200,0,0
2026-02-18,1796,1827.5,1781,1783.5,1243400,2228100800,0,0
2026-02-19,1785.5,1792,1769.5,1769.5,1508600,2685633800,0,0
2026-02-20,1771.5,1771.5,1722.5,1746.5,2021600,3545736800,0,0
2026-02-24,1702,1769.5,1696.5,1758.5,3973000,6864174600,0,0
2026-02-25,1803.5,1805,1774.5,1786.5,3877800,6963645600,0,0
2026-02-26,1789.5,1790,1752.5,1759,2566400,4556661100,0,0
2026-02-27,1773.5,1798,1761.5,1795,1235000,2210591600,0,0
2026-03-02,1773,1809.5,1761.5,1783,1675600,2989021600,0,0
2026-03-03,1785,1799.5,1745.5,1749,1248800,2198206300,0,0
2026-03-04,1725,1745,1710,1729.5,1367200,2364046300,0,0
2026-03-05,1740.5,1787.5,1727,1736.5,1584800,2762697900,0,0
2026-03-06,1753,1758,1717,1755.5,1707800,2983124200,0,0
2026-03-09,1712,1766.5,1704.5,1758.5,1880200,3281633500,0,0
2026-03-10,1793.5,1793.5,1754,1763.5,1559600,2759078700,0,0
2026-03-11,1777,1780,1751.5,1755,1033000,1818744100,0,0
2026-03-12,1720,1725.5,1687.5,1687.5,1340200,2273091900,0,0
2026-03-13,1683,1722.5,1680,1699,1176800,2001221100,0,0
2026-03-16,1734,1734.5,1699.5,1721,1196600,2057757800,0,0
2026-03-17,1748.5,1759.5,1733.5,1744.5,1300800,2270832900,0,0
2026-03-18,1793.5,1841.5,1777,1814.5,2077400,3761949300,0,0
2026-03-19,1768.5,1786,1723,1723,1308400,2271103500,0,0
2026-03-23,1714.5,1733,1696.5,1703.5,1500400,2568344800,0,0
2026-03-24,1738.5,1754,1729,1742,1320400,2299123600,0,0
2026-03-25,1739,1750,1695.5,1695.5,1151400,1967036700,0,0
2026-03-26,1709.5,1718.5,1698,1704,1241400,2118312600,0,0
2026-03-27,1711,1733,1707.5,1732,1132400,1956024400,0,0
2026-03-30,1681,1719,1680.5,1717.5,1260400,2154353600,0,0
2026-03-31,1742,1751,1723,1738,1134000,1973057300,0,0
2026-04-01,1769,1809,1763,1796,1516800,2719962000,0,0
2026-04-02,1798,1850.5,1792,1800,1849000,3353200700,0,0
2026-04-03,1835,1861,1816.5,1838.5,1590600,2934166800,0,0
2026-04-06,1835.5,1855,1823.5,1849.5,808000,1489018000,0,0
2026-04-07,1848.5,1860,1834.5,1860,839200,1555506300,0,0
2026-04-08,1875,1875.5,1816,1816,1743600,3200198700,0,0
2026-04-09,1845.5,1865,1796.5,1796.5,1449600,2629343700,0,0
2026-04-10,1761.5,1785,1731.5,1764.5,2315000,4073478200,0,0
2026-04-13,1742,1747,1668,1703,2164600,3676643200,0,0
2026-04-14,1708.5,1715.5,1678.5,1689,1171800,1981990500,0,0
2026-04-15,1678.5,1731.5,1678.5,1724.5,1208600,2071791600,0,0
2026-04-16,1732.5,1793.5,1731.5,1767,1733800,3060921100,0,0
2026-04-17,1735,1758.5,1729.5,1730.5,988600,1715176500,0,0
2026-04-20,1749,1751,1727.5,1737,1145400,1992563600,0,0
2026-04-21,1726,1741.5,1708.5,1726.5,1434600,2477638200,0,0
2026-04-22,1739,1741,1687.5,1693,1322000,2249557700,0,0
2026-04-23,1666.5,1682,1609.5,1626.5,2069600,3377724400,0,0
2026-04-24,1616,1624,1580.5,1587.5,1689600,2695214300,0,0
2026-04-27,1596,1608.5,1579,1599.5,1132000,1808210700,0,0
2026-04-28,1598,1624.5,1592.5,1622.5,761800,1232490300,0,0
2026-04-30,1604,1619.5,1550,1565,1541800,2425351600,0,0
2026-05-01,1567.5,1579,1549,1558,1468600,2295314700,0,0
2026-05-07,1547,1580.5,1538.5,1568,1826200,2857637800,0,0
2026-05-08,1569,1570.5,1527,1560.5,1256400,1950381800,0,0
2026-05-11,1554.5,1566.5,1545,1551.5,1164400,1807149800,0,0
2026-05-12,1540,1548,1511.5,1511.5,1102800,1678073000,0,0
2026-05-13,1520,1547.5,1517,1521.5,1249600,1910392000,0,0
2026-05-14,1529,1535.5,1470.25,1493.5,1494800,2229335600,0,0
2026-05-18,1556,1576.5,1509,1513,1611400,2463455600,0,0
2026-05-19,1527.5,1551,1514,1536.5,1642200,2519640700,0,0
2026-05-20,1537,1541.5,1480.25,1495.25,1127000,1688714750,0,0
2026-05-21,1488.75,1497,1474.25,1483.25,1270000,1883457050,0,0
2026-05-22,1475.5,1475.5,1451.75,1453.25,1144600,1668606400,0,0
2026-05-25,1434.75,1436.5,1378.25,1398.5,2021600,2826064550,0,0
2026-05-26,1391.25,1403,1380.5,1397.75,1427400,1991184400,0,0
2026-05-27,1375,1392.25,1363.5,1386.5,1527200,2112664800,0,0
2026-05-28,1397.5,1419.75,1377.5,1384,1386600,1924648700,0,0
2026-05-29,1369.75,1404,1364.25,1376.25,2400400,3317278800,0,0
2026-06-01,1381,1384,1346.25,1379.75,2866200,3922287600,0,0
2026-06-02,1370,1399.75,1342.5,1393.5,1946600,2697645850,0,0
2026-06-03,1377.75,1425.25,1376.25,1425,1644600,2323760950,0,0
2026-06-04,1440,1464,1423.75,1424.5,1878800,2696266100,0,0
2026-06-05,1432,1449.75,1418,1425.25,920600,1316039450,0,0
2026-06-08,1534,1534,1448.25,1472,1834000,2707390700,0,0
2026-06-09,1486.75,1489.5,1458,1467.75,1472600,2166062100,0,0
2026-06-10,1490,1497.75,1474,1497,997200,1486777550,0,0
2026-06-11,1505,1520.5,1475,1484,1123400,1672105850,0,0
2026-06-12,1480.25,1494,1450.5,1462.5,1235800,1812794600,0,0
2026-06-15,1462.5,1480.5,1450,1460.5,915600,1339023950,0,0
2026-06-16,1456,1508,1446,1499.75,1850400,2757149500,0,0
2026-06-17,1524,1583.5,1521,1522.5,2415000,3725523000,0,0
2026-06-18,1515,1533.5,1494,1518.5,1664800,2527246600,0,0
2026-06-19,1508.5,1568.5,1496.5,1568.5,4105000,6392290900,0,0
2026-06-22,1582.5,1587,1541.5,1559,3077400,4801439800,0,0
2026-06-23,1559,1572.5,1548.5,1555,1718600,2677958500,0,0
2026-06-24,1538,1564,1530.5,1545,1313600,2030151500,0,0
2026-06-25,1559.5,1566.5,1537.5,1540.5,1111000,1721289900,0,0
2026-06-26,1549.5,1553,1517.5,1546,877600,1351700800,0,0
2026-06-29,1550,1610,1550,1593,1873800,2984349000,0,0
2026-06-30,1597.5,1616,1563.5,1575,1649600,2600640900,0,0
2026-07-01,1560,1575,1519,1529.5,1013800,1553623300,0,0
2026-07-02,1558,1579,1544,1563,1053200,1647255700,0,0
2026-07-03,1598,1598.5,1574.5,1574.5,820000,1297681500,0,0
2026-07-06,1585,1618.5,1581,1610,874000,1405445600,0,0
2026-07-07,1610,1657,1600.5,1641.5,1333000,2180809000,0,0
2026-07-08,1642,1665,1629.5,1643.5,1880400,3101084200,0,0
2026-07-09,1643.5,1649.5,1580.5,1589,2922200,4677974800,0,0
2026-07-10,1430.25,1473.25,1391,1461,4914000,7096514200,0,0
2026-07-13,1475.5,1480,1443.5,1457,2817200,4113183250,0,0
2026-07-14,1462.5,1489.25,1430.25,1484.25,2554400,3760006150,0,0
2026-07-15,1500.5,1505,1471.75,1482.75,1519600,2256234700,0,0
2026-07-16,1462.5,1483.75,1453.5,1459.5,1962800,2879538000,0,0
2026-07-17,1463.25,1494,1463.25,1477.75,1588600,2348810150,0,0
2026-07-21,1453.25,1472.75,1425.25,1439.75,2290000,3307721450,0,0
2026-07-22,1426,1464,1417.5,1463.5,2699800,3901462600,0,0
2026-07-23,1452.75,1453,1430,1438.75,1590600,2288805150,0,0
2026-07-24,1430.75,1455,1419.75,1450.75,1407400,2032586550,0,0
2026-07-27,1450.75,1450.75,1421.25,1439.5,1738800,2502606500,0,0
2026-07-28,1457.5,1464.5,1443,1455,2111000,3071974850,0,0
2026-07-29,1473.5,1525.5,1465.75,1516,2867200,4320952000,0,0
2026-07-30,1507.5,1515,1450,1485,1941800,2867711450,0,0
2026-07-31,1442,1450,1406.5,1411.25,1929400,2740392300,0,0
2026-08-03,1400.5,1407,1377.75,1395,1883000,2625801150,0,0
2026-08-04,1399.75,1406,1348.75,1360.75,1869800,2550329900,0,0
2026-08-05,1352.5,1364.75,1340.75,1360.25,1599600,2165210350,0,0
2026-08-06,1353.5,1378.5,1351,1378.5,2503000,3418948550,0,0
2026-08-07,1376.5,1413.5,1372.5,1408.75,1904200,2662562600,0,0
2026-08-10,1410,1417,1392.5,1401.5,1799200,2524657300,0,0
2026-08-12,1407.25,1419,1390.25,1414.75,1715600,2420397950,0,0
2026-08-13,1405.75,1417,1395.5,1412.5,1528800,2150059800,0,0
2026-08-14,1415.5,1428.5,1400,1417.5,1502200,2130173150,0,0
2026-08-17,1400,1429.25,1356.75,1367.75,2770400,3816712700,0,0
2026-08-18,1357,1365.25,1346,1354.5,3179000,4310036100,0,0
2026-08-19,1364.5,1370.75,1327.75,1350.5,2728600,3674319550,0,0
2026-08-20,1369.75,1388,1357.5,1384.75,3108800,4288738550,0,0
2026-08-21,1385,1389,1348.5,1357.25,2580000,3508804800,0,0
2026-08-24,1354.25,1375.25,1348.5,1370,2624600,3585696050,0,0
2026-08-25,1389.5,1390,1373.3,1375.8,1263000,1740862050,0,0
2026-08-26,1350.8,1371.3,1350.5,1365,1396200,1904816650,0,0
2026-08-27,1351.5,1360.3,1337,1339,2003000,2691204500,0,0
2026-08-28,1302,1339,1301,1321,1427200,1886824100,0,0
2026-08-31,1313,1328.5,1309.5,1320.5,2374900,3131583550,0,0
2026-09-01,1329.5,1335,1312,1317.5,2162600,2854566600,0,0
2026-09-02,1321.5,1322,1278.5,1298,2514600,3258817800,0,0
2026-09-03,1316.5,1333.5,1295,1332,3061200,4043121050,0,0
2026-09-04,1332,1343,1324,1330,1599800,2130006400,0,0
2026-09-07,1307.5,1318,1296,1310,3754600,4917278750,0,0
2026-09-08,1313.5,1324,1306,1323,1628800,2147239850,0,0
2026-09-09,1310,1318,1290,1307,2503800,3261377500,0,0
2026-09-10,1287,1304.5,1282.5,1291,2724300,3520586050,0,0
2026-09-11,1258.5,1285,1258.5,1264,3268600,4147184500,0,0
2026-09-14,1279.5,1298,1276,1297.5,2224100,2872639900,0,0
2026-09-15,1307.5,1313.5,1284,1289,1351600,1744892350,0,0
2026-09-16,1275,1289,1245,1245,2329700,2932451050,0,0
2026-09-17,1253,1281,1252,1270.5,2935200,3730237850,0,0
2026-09-18,1262,1270.5,1235.5,1235.5,4670200,5805882250,0,0
2026-09-24,1232.5,1269.5,1227.5,1261.5,2418100,3041314400,0,0
2026-09-25,1251.5,1268,1250.5,1259,2371000,2981156700,0,0
2026-09-28,1277,1279,1243,1250.5,2214300,2773099750,0,0
2026-09-29,1255,1260,1234.5,1238,1670600,2072071750,0,0
2026-09-30,1241.5,1253,1223.5,1253,1836000,2281859750,0,0
2026-10-01,1251.5,1257,1235.5,1247.5,1673900,2090454700,0,0
2026-10-02,1247.5,1248,1223,1235,2207900,2717802050,0,0
2026-10-05,1246,1248,1231.5,1244,1699700,2110129350,0,0
2026-10-06,1240,1246.5,1226,1228,1364600,1679452550,0,0
2026-10-07,1244.5,1248.5,1231,1242.5,1690600,2098050900,0,0
2026-10-08,1257,1260,1232.5,1254,2706100,3372820000,0,0
