Date,Open,High,Low,Close,Volume,TradingValue,UpLimit,UnderLimit
2016-02-05,1009,1018,1001,1013,3050000,,,
2016-02-08,1004,1033,1000,1028,4508000,,,
2016-02-09,999,1002,972,980,6140000,,,
2016-02-10,973,981,941,956,6486000,,,
2016-02-12,923,964,923,934,10844000,,,
2016-02-15,981,1010,968,1000,7430000,,,
2016-02-16,973,1001,966,983,3980000,,,
2016-02-17,976,989,960,976,4494000,,,
2016-02-18,998,1001,980,982,3634000,,,
2016-02-19,967,980,952,969,4490000,,,
2016-02-22,958,981,957,972,3576000,,,
2016-02-23,971,980,959,962,3760000,,,
2016-02-24,951,964,946,957,3758000,,,
2016-02-25,957,974,957,972,3698000,,,
2016-02-26,974,984,966,967,3562000,,,
2016-02-29,973,982,953,953,3546000,,,
2016-03-01,953,963,946,959,4772000,,,
2016-03-02,970,992,963,983,5746000,,,
2016-03-03,982,1012,982,1003,4668000,,,
2016-03-04,1000,1001,985,999,3600000,,,
2016-03-07,1000,1000,983,986,2212000,,,
2016-03-08,970,977,951,961,5674000,,,
2016-03-09,954,957,942,950,3836000,,,
2016-03-10,961,978,961,973,3544000,,,
2016-03-11,958,976,954,968,5498000,,,
2016-03-14,978,988,971,984,4470000,,,
2016-03-15,984,988,971,973,3480000,,,
2016-03-16,968,978,966,970,2658000,,,
2016-03-17,964,970,951,955,4552000,,,
2016-03-18,953,957,944,949,3698000,,,
2016-03-22,969,987,963,978,5646000,,,
2016-03-23,976,980,969,969,3132000,,,
2016-03-24,971,994,969,989,4140000,,,
2016-03-25,992,995,979,981,2144000,,,
2016-03-28,978,988,976,986,2848000,,,
2016-03-29,969,973,952,959,5184000,,,
2016-03-30,964,970,956,962,4288000,,,
2016-03-31,965,965,943,944,4834000,,,
2016-04-01,939,939,910,915,8490000,,,
2016-04-04,918,931,910,920,4766000,,,
2016-04-05,914,915,896,898,6060000,,,
2016-04-06,900,904,889,891,5118000,,,
2016-04-07,892,906,889,899,4700000,,,
2016-04-08,890,923,883,911,5796000,,,
2016-04-11,910,918,897,911,2926000,,,
2016-04-12,907,925,906,922,3252000,,,
2016-04-13,934,946,931,944,4202000,,,
2016-04-14,953,973,950,972,5450000,,,
2016-04-15,962,973,960,968,3100000,,,
2016-04-18,942,955,942,949,2932000,,,
2016-04-19,964,974,963,970,3376000,,,
2016-04-20,974,979,966,969,2528000,,,
2016-04-21,988,988,977,984,3078000,,,
2016-04-22,980,990,973,988,3212000,,,
2016-04-25,987,989,977,981,3784000,,,
2016-04-26,985,985,973,978,3424000,,,
2016-04-27,985,989,976,977,2600000,,,
2016-04-28,987,993,922,947,5214000,,,
2016-05-02,917,930,912,920,3558000,,,
2016-05-06,925,933,916,927,4400000,,,
2016-05-09,935,937,924,925,2220000,,,
2016-05-10,929,946,924,943,4252000,,,
2016-05-11,954,958,944,947,2630000,,,
2016-05-12,936,944,932,944,2436000,,,
2016-05-13,961,961,942,944,3910000,,,
2016-05-16,966,973,959,965,4372000,,,
2016-05-17,971,989,956,986,5008000,,,
2016-05-18,986,1001,982,990,4870000,,,
2016-05-19,998,1000,983,993,4234000,,,
2016-05-20,994,1008,992,1008,4632000,,,
2016-05-23,999,999,977,990,3986000,,,
2016-05-24,985,986,977,983,5050000,,,
2016-05-25,1002,1003,997,1001,3980000,,,
2016-05-26,1010,1013,996,997,3244000,,,
2016-05-27,1002,1002,992,995,2062000,,,
2016-05-30,1005,1010,997,1005,2508000,,,
2016-05-31,999,1009,993,1002,7520000,,,
2016-06-01,997,1000,985,990,4028000,,,
2016-06-02,986,986,964,970,3604000,,,
2016-06-03,975,977,967,976,2186000,,,
2016-06-06,962,971,951,971,3554000,,,
2016-06-07,973,977,969,974,2392000,,,
2016-06-08,978,982,966,982,2738000,,,
2016-06-09,972,983,970,979,2748000,,,
2016-06-10,974,977,963,969,5394000,,,
2016-06-13,957,958,938,939,3902000,,,
2016-06-14,939,945,928,935,4434000,,,
2016-06-15,929,945,929,938,3374000,,,
2016-06-16,938,941,916,917,4880000,,,
2016-06-17,928,936,912,912,5652000,,,
2016-06-20,927,931,920,921,4798000,,,
2016-06-21,915,924,907,921,3740000,,,
2016-06-22,921,926,914,919,2448000,,,
2016-06-23,924,926,911,915,3548000,,,
2016-06-24,923,926,846,853,7152000,,,
2016-06-27,873,881,866,879,3696000,,,
2016-06-28,870,886,862,876,4190000,,,
2016-06-29,888,893,877,890,3764000,,,
2016-06-30,896,898,878,878,4460000,,,
2016-07-01,884,888,874,879,3298000,,,
2016-07-04,871,884,868,879,2912000,,,
2016-07-05,872,876,866,874,3572000,,,
2016-07-06,862,873,853,871,5576000,,,
2016-07-07,871,871,861,869,5402000,,,
2016-07-08,870,875,853,854,6410000,,,
2016-07-11,869,887,866,879,4612000,,,
2016-07-12,887,910,882,892,5270000,,,
2016-07-13,907,912,900,902,4566000,,,
2016-07-14,917,923,913,920,5148000,,,
2016-07-15,919,921,907,911,4768000,,,
2016-07-19,920,939,913,938,4402000,,,
2016-07-20,932,936,927,934,3202000,,,
2016-07-21,940,944,922,926,2744000,,,
2016-07-22,911,918,909,916,2984000,,,
2016-07-25,921,922,913,916,3398000,,,
2016-07-26,919,919,906,910,3740000,,,
2016-07-27,920,929,915,919,4572000,,,
2016-07-28,911,912,902,908,2934000,,,
2016-07-29,908,915,890,912,5854000,,,
2016-08-01,904,924,894,924,4116000,,,
2016-08-02,909,919,909,910,3178000,,,
2016-08-03,895,901,884,886,4204000,,,
2016-08-04,882,886,868,882,3784000,,,
2016-08-05,878,886,877,879,2896000,,,
2016-08-08,889,895,881,889,3120000,,,
2016-08-09,892,901,889,896,2746000,,,
2016-08-10,890,891,872,884,3122000,,,
2016-08-12,899,919,883,891,5722000,,,
2016-08-15,890,893,880,886,2646000,,,
2016-08-16,891,895,879,879,3376000,,,
2016-08-17,879,897,878,895,4478000,,,
2016-08-18,892,896,867,872,6354000,,,
2016-08-19,884,889,873,882,4782000,,,
2016-08-22,883,887,876,885,2224000,,,
2016-08-23,881,891,876,885,3634000,,,
2016-08-24,885,896,885,894,1964000,,,
2016-08-25,899,915,898,904,4298000,,,
2016-08-26,894,899,883,889,4014000,,,
2016-08-29,909,914,904,914,2914000,,,
2016-08-30,904,909,902,907,2362000,,,
2016-08-31,913,925,905,922,3174000,,,
2016-09-01,928,938,926,937,3684000,,,
2016-09-02,933,937,927,935,3100000,,,
2016-09-05,945,947,937,939,1880000,,,
2016-09-06,943,949,939,948,2842000,,,
2016-09-07,938,943,932,943,3032000,,,
2016-09-08,944,950,936,948,4562000,,,
2016-09-09,954,957,942,947,5170000,,,
2016-09-12,939,942,930,935,2528000,,,
2016-09-13,937,940,928,935,1772000,,,
2016-09-14,930,936,927,931,2278000,,,
2016-09-15,933,933,919,923,3024000,,,
2016-09-16,922,923,916,919,2612000,,,
2016-09-20,911,930,906,929,3276000,,,
2016-09-21,930,943,911,941,3598000,,,
2016-09-23,942,943,925,927,3874000,,,
2016-09-26,926,931,918,921,2352000,,,
2016-09-27,918,929,905,929,2874000,,,
2016-09-28,913,915,904,909,2270000,,,
2016-09-29,918,925,915,923,2334000,,,
2016-09-30,915,917,904,908,3792000,,,
2016-10-03,919,925,915,920,2234000,,,
2016-10-04,927,930,921,930,3488000,,,
2016-10-05,928,937,926,936,2688000,,,
2016-10-06,937,942,935,940,2528000,,,
2016-10-07,935,940,931,938,2320000,,,
2016-10-11,941,944,935,939,2524000,,,
2016-10-12,930,944,927,937,3712000,,,
2016-10-13,938,943,932,935,2256000,,,
2016-10-14,929,935,922,932,3366000,,,
2016-10-17,933,950,933,948,3846000,,,
2016-10-18,944,960,943,957,3474000,,,
2016-10-19,951,954,946,951,3356000,,,
2016-10-20,953,963,950,963,3554000,,,
2016-10-21,964,975,959,969,2978000,,,
2016-10-24,970,989,969,989,3584000,,,
2016-10-25,988,990,982,989,2780000,,,
2016-10-26,985,995,984,993,3046000,,,
2016-10-27,992,995,985,990,2346000,,,
2016-10-28,994,997,987,994,3818000,,,
2016-10-31,992,993,985,988,2678000,,,
2016-11-01,990,991,981,988,3426000,,,
2016-11-02,976,978,968,976,2924000,,,
2016-11-04,966,969,953,962,3706000,,,
2016-11-07,968,976,964,968,2886000,,,
2016-11-08,970,973,964,970,2580000,,,
2016-11-09,976,982,923,932,5806000,,,
2016-11-10,977,984,947,982,4350000,,,
2016-11-11,991,992,970,973,4520000,,,
2016-11-14,988,998,976,995,4072000,,,
2016-11-15,991,991,980,988,3948000,,,
2016-11-16,996,1002,991,1001,4086000,,,
2016-11-17,992,1006,985,1004,4076000,,,
2016-11-18,1010,1011,1005,1008,4020000,,,
2016-11-21,1015,1021,1009,1020,3050000,,,
2016-11-22,1030,1030,1017,1026,2326000,,,
2016-11-24,1031,1039,1025,1034,3772000,,,
2016-11-25,1038,1045,1036,1042,3070000,,,
2016-11-28,1035,1049,1035,1046,3108000,,,
2016-11-29,1042,1050,1041,1047,3338000,,,
2016-11-30,1041,1043,1033,1037,4920000,,,
2016-12-01,1048,1069,1046,1059,5216000,,,
2016-12-02,1053,1068,1053,1066,3460000,,,
2016-12-05,1055,1059,1045,1052,3888000,,,
2016-12-06,1063,1064,1045,1054,5230000,,,
2016-12-07,1065,1066,1057,1062,3032000,,,
2016-12-08,1079,1084,1067,1078,5592000,,,
2016-12-09,1085,1095,1080,1093,7350000,,,
2016-12-12,1095,1099,1091,1096,8594000,,,
2016-12-13,1098,1119,1093,1119,4218000,,,
2016-12-14,1119,1119,1108,1114,3698000,,,
2016-12-15,1111,1124,1105,1120,3844000,,,
2016-12-16,1130,1130,1119,1128,3866000,,,
2016-12-19,1128,1131,1123,1131,2360000,,,
2016-12-20,1128,1138,1126,1136,2824000,,,
2016-12-21,1133,1138,1126,1127,2708000,,,
2016-12-22,1123,1129,1118,1126,2978000,,,
2016-12-26,1133,1141,1130,1138,2290000,,,
2016-12-27,1139,1140,1131,1135,3632000,,,
2016-12-28,1136,1141,1130,1137,2232000,,,
2016-12-29,1125,1130,1110,1113,4790000,,,
2016-12-30,1112,1120,1110,1116,2600000,,,
2017-01-04,1128,1159,1127,1157,5552000,,,
2017-01-05,1150,1162,1144,1159,5400000,,,
2017-01-06,1159,1169,1154,1161,3970000,,,
2017-01-10,1156,1161,1144,1144,3206000,,,
2017-01-11,1153,1159,1148,1154,3860000,,,
2017-01-12,1155,1155,1133,1137,3774000,,,
2017-01-13,1133,1148,1131,1148,4086000,,,
2017-01-16,1140,1146,1132,1133,2392000,,,
2017-01-17,1136,1138,1113,1113,3714000,,,
2017-01-18,1110,1123,1107,1117,3524000,,,
2017-01-19,1124,1135,1124,1129,2788000,,,
2017-01-20,1119,1131,1119,1129,3338000,,,
2017-01-23,1110,1115,1106,1106,2858000,,,
2017-01-24,1106,1110,1099,1101,3152000,,,
2017-01-25,1115,1122,1106,1114,3178000,,,
2017-01-26,1121,1128,1121,1124,2910000,,,
2017-01-27,1130,1137,1120,1125,4158000,,,
2017-01-30,1120,1121,1113,1120,2504000,,,
2017-01-31,1108,1120,1105,1109,3428000,,,
2017-02-01,1100,1106,1093,1104,4328000,,,
2017-02-02,1108,1111,1086,1088,4424000,,,
2017-02-03,1095,1099,1087,1097,2948000,,,
2017-02-06,1102,1103,1085,1092,2706000,,,
2017-02-07,1082,1097,1082,1093,3500000,,,
2017-02-08,1097,1103,1092,1101,3172000,,,
2017-02-09,1093,1099,1081,1086,3014000,,,
2017-02-10,1106,1112,1098,1111,4214000,,,
2017-02-13,1135,1140,1126,1133,3422000,,,
2017-02-14,1137,1142,1122,1124,3804000,,,
2017-02-15,1136,1141,1130,1137,3754000,,,
2017-02-16,1137,1138,1127,1130,2402000,,,
2017-02-17,1122,1126,1116,1121,2438000,,,
2017-02-20,1115,1130,1111,1129,1920000,,,
2017-02-21,1124,1136,1124,1136,1710000,,,
2017-02-22,1137,1139,1129,1133,2582000,,,
2017-02-23,1136,1136,1127,1133,2288000,,,
2017-02-24,1127,1139,1127,1128,1964000,,,
2017-02-27,1121,1125,1113,1119,2664000,,,
2017-02-28,1125,1140,1125,1132,3258000,,,
2017-03-01,1132,1144,1130,1140,2684000,,,
2017-03-02,1151,1159,1150,1150,3210000,,,
2017-03-03,1154,1159,1147,1152,3102000,,,
2017-03-06,1145,1160,1144,1157,2518000,,,
2017-03-07,1161,1168,1158,1160,3130000,,,
2017-03-08,1155,1162,1149,1153,2512000,,,
2017-03-09,1160,1162,1151,1151,3176000,,,
2017-03-10,1163,1174,1157,1171,5592000,,,
2017-03-13,1174,1178,1169,1173,2338000,,,
2017-03-14,1176,1180,1170,1174,1864000,,,
2017-03-15,1169,1180,1162,1177,2588000,,,
2017-03-16,1166,1182,1161,1182,3554000,,,
2017-03-17,1175,1188,1169,1184,6188000,,,
2017-03-21,1176,1195,1174,1192,4038000,,,
2017-03-22,1172,1186,1160,1161,4240000,,,
2017-03-23,1165,1166,1155,1161,2362000,,,
2017-03-24,1166,1175,1163,1164,3094000,,,
2017-03-27,1149,1152,1139,1144,2642000,,,
2017-03-28,1154,1164,1154,1158,2842000,,,
2017-03-29,1155,1158,1146,1150,2102000,,,
2017-03-30,1144,1149,1136,1137,1774000,,,
2017-03-31,1149,1153,1135,1135,4712000,,,
2017-04-03,1141,1147,1139,1140,2286000,,,
2017-04-04,1139,1145,1127,1135,2786000,,,
2017-04-05,1139,1142,1129,1133,2822000,,,
2017-04-06,1126,1126,1107,1109,4158000,,,
2017-04-07,1120,1123,1106,1115,5660000,,,
2017-04-10,1126,1131,1118,1122,2442000,,,
2017-04-11,1115,1125,1114,1120,2220000,,,
2017-04-12,1110,1111,1103,1108,2876000,,,
2017-04-13,1103,1106,1094,1098,2598000,,,
2017-04-14,1113,1114,1084,1088,3304000,,,
2017-04-17,1084,1093,1081,1092,1744000,,,
2017-04-18,1104,1106,1091,1094,2620000,,,
2017-04-19,1099,1101,1088,1091,4204000,,,
2017-04-20,1091,1091,1083,1085,3602000,,,
2017-04-21,1090,1093,1082,1088,5032000,,,
2017-04-24,1104,1106,1095,1103,2546000,,,
2017-04-25,1098,1109,1096,1107,2804000,,,
2017-04-26,1117,1123,1114,1122,3000000,,,
2017-04-27,1114,1122,1114,1120,3120000,,,
2017-04-28,1118,1125,1118,1121,3262000,,,
2017-05-01,1122,1127,1117,1125,2112000,,,
2017-05-02,1135,1139,1130,1133,4200000,,,
2017-05-08,1147,1179,1142,1176,5098000,,,
2017-05-09,1171,1178,1170,1173,4190000,,,
2017-05-10,1175,1187,1175,1178,3588000,,,
2017-05-11,1175,1176,1163,1164,3278000,,,
2017-05-12,1171,1180,1157,1165,3400000,,,
2017-05-15,1200,1219,1196,1216,6552000,,,
2017-05-16,1214,1221,1207,1220,4504000,,,
2017-05-17,1207,1211,1197,1201,4076000,,,
2017-05-18,1187,1193,1180,1190,5056000,,,
2017-05-19,1178,1179,1147,1156,7522000,,,
2017-05-22,1174,1174,1160,1171,5268000,,,
2017-05-23,1169,1194,1168,1191,4060000,,,
2017-05-24,1201,1226,1200,1226,6672000,,,
2017-05-25,1219,1232,1219,1231,4770000,,,
2017-05-26,1227,1229,1208,1209,3040000,,,
2017-05-29,1209,1229,1209,1226,1938000,,,
2017-05-30,1222,1231,1219,1228,2482000,,,
2017-05-31,1223,1225,1208,1220,6664000,,,
2017-06-01,1220,1250,1220,1250,4420000,,,
2017-06-02,1250,1258,1244,1256,5374000,,,
2017-06-05,1258,1265,1255,1257,2368000,,,
2017-06-06,1255,1256,1238,1240,3450000,,,
2017-06-07,1238,1241,1226,1237,3148000,,,
2017-06-08,1249,1249,1231,1232,4372000,,,
2017-06-09,1241,1266,1239,1249,8068000,,,
2017-06-12,1245,1247,1234,1240,4230000,,,
2017-06-13,1237,1248,1236,1238,2208000,,,
2017-06-14,1242,1245,1233,1237,2556000,,,
2017-06-15,1232,1242,1225,1239,3868000,,,
2017-06-16,1243,1246,1228,1232,4774000,,,
2017-06-19,1235,1253,1233,1251,2600000,,,
2017-06-20,1254,1263,1253,1258,3516000,,,
2017-06-21,1250,1258,1247,1248,2768000,,,
2017-06-22,1254,1257,1246,1253,3840000,,,
2017-06-23,1254,1254,1242,1244,2830000,,,
2017-06-26,1242,1248,1235,1235,2844000,,,
2017-06-27,1241,1244,1236,1242,2828000,,,
2017-06-28,1235,1243,1232,1239,2912000,,,
2017-06-29,1249,1263,1247,1261,2874000,,,
2017-06-30,1248,1251,1230,1232,3536000,,,
2017-07-03,1230,1233,1226,1229,1740000,,,
2017-07-04,1239,1239,1217,1219,2688000,,,
2017-07-05,1213,1220,1207,1217,3854000,,,
2017-07-06,1221,1221,1207,1214,3384000,,,
2017-07-07,1205,1214,1198,1201,3454000,,,
2017-07-10,1215,1217,1208,1209,3094000,,,
2017-07-11,1208,1224,1206,1223,2336000,,,
2017-07-12,1223,1225,1209,1214,2324000,,,
2017-07-13,1219,1222,1207,1212,2810000,,,
2017-07-14,1216,1220,1211,1218,3090000,,,
2017-07-18,1209,1211,1200,1203,2446000,,,
2017-07-19,1202,1213,1202,1208,1878000,,,
2017-07-20,1211,1221,1209,1216,2498000,,,
2017-07-21,1209,1212,1203,1210,3150000,,,
2017-07-24,1202,1207,1194,1201,2786000,,,
2017-07-25,1204,1208,1198,1199,2814000,,,
2017-07-26,1203,1203,1192,1198,2544000,,,
2017-07-27,1197,1197,1182,1184,4292000,,,
2017-07-28,1183,1186,1179,1182,2922000,,,
2017-07-31,1179,1180,1166,1166,4050000,,,
2017-08-01,1174,1180,1171,1176,2252000,,,
2017-08-02,1179,1183,1168,1170,2728000,,,
2017-08-03,1169,1174,1167,1170,2286000,,,
2017-08-04,1175,1178,1165,1169,2270000,,,
2017-08-07,1176,1182,1174,1174,2264000,,,
2017-08-08,1175,1181,1173,1178,2508000,,,
2017-08-09,1173,1177,1149,1151,4770000,,,
2017-08-10,1147,1150,1112,1115,8980000,,,
2017-08-14,1115,1133,1107,1110,7550000,,,
2017-08-15,1118,1128,1114,1115,3638000,,,
2017-08-16,1111,1125,1109,1122,2848000,,,
2017-08-17,1122,1122,1115,1116,2352000,,,
2017-08-18,1107,1109,1102,1105,2916000,,,
2017-08-21,1108,1122,1105,1117,3628000,,,
2017-08-22,1113,1122,1108,1110,2262000,,,
2017-08-23,1118,1119,1103,1105,3342000,,,
2017-08-24,1103,1109,1093,1093,3206000,,,
2017-08-25,1097,1097,1089,1091,2262000,,,
2017-08-28,1100,1104,1090,1098,2098000,,,
2017-08-29,1090,1095,1087,1092,2426000,,,
2017-08-30,1101,1104,1094,1101,2286000,,,
2017-08-31,1100,1110,1098,1101,3254000,,,
2017-09-01,1111,1112,1099,1106,2298000,,,
2017-09-04,1100,1101,1087,1092,2300000,,,
2017-09-05,1102,1102,1086,1087,2610000,,,
2017-09-06,1092,1094,1084,1093,3470000,,,
2017-09-07,1090,1105,1090,1103,3626000,,,
2017-09-08,1105,1109,1093,1097,5224000,,,
2017-09-11,1110,1114,1099,1102,2852000,,,
2017-09-12,1113,1113,1102,1104,2040000,,,
2017-09-13,1111,1117,1105,1117,2370000,,,
2017-09-14,1118,1119,1106,1107,2776000,,,
2017-09-15,1112,1112,1090,1090,6370000,,,
2017-09-19,1098,1116,1093,1114,4070000,,,
2017-09-20,1110,1115,1103,1107,3126000,,,
2017-09-21,1115,1136,1115,1123,4594000,,,
2017-09-22,1130,1131,1119,1125,3664000,,,
2017-09-25,1132,1133,1126,1128,2560000,,,
2017-09-26,1124,1132,1121,1126,3222000,,,
2017-09-27,1123,1123,1105,1107,3088000,,,
2017-09-28,1108,1111,1106,1111,3938000,,,
2017-09-29,1110,1118,1108,1116,3864000,,,
2017-10-02,1119,1120,1114,1118,2278000,,,
2017-10-03,1123,1129,1121,1129,2848000,,,
2017-10-04,1130,1133,1118,1122,2600000,,,
2017-10-05,1118,1127,1118,1122,2322000,,,
2017-10-06,1119,1120,1111,1116,3262000,,,
2017-10-10,1112,1114,1105,1113,3342000,,,
2017-10-11,1108,1116,1105,1112,2438000,,,
2017-10-12,1109,1119,1106,1115,3326000,,,
2017-10-13,1115,1123,1108,1118,4912000,,,
2017-10-16,1123,1135,1122,1133,2708000,,,
2017-10-17,1138,1143,1135,1140,3106000,,,
2017-10-18,1139,1148,1139,1146,3164000,,,
2017-10-19,1150,1155,1145,1148,3560000,,,
2017-10-20,1145,1151,1143,1149,2510000,,,
2017-10-23,1154,1161,1151,1157,3242000,,,
2017-10-24,1165,1174,1163,1173,3568000,,,
2017-10-25,1180,1181,1158,1161,3530000,,,
2017-10-26,1165,1172,1155,1158,2246000,,,
2017-10-27,1170,1184,1165,1177,3550000,,,
2017-10-30,1166,1166,1158,1161,4392000,,,
2017-10-31,1158,1158,1147,1148,4712000,,,
2017-11-01,1155,1161,1149,1158,3492000,,,
2017-11-02,1161,1169,1154,1168,3898000,,,
2017-11-06,1170,1170,1156,1157,3456000,,,
2017-11-07,1156,1176,1149,1176,4790000,,,
2017-11-08,1178,1188,1171,1184,5576000,,,
2017-11-09,1145,1148,1112,1121,14346000,,,
2017-11-10,1118,1141,1104,1105,8318000,,,
2017-11-13,1105,1105,1071,1072,5632000,,,
2017-11-14,1070,1072,1060,1061,6574000,,,
2017-11-15,1061,1063,1045,1045,6844000,,,
2017-11-16,1049,1062,1045,1058,5354000,,,
2017-11-17,1072,1076,1052,1058,6370000,,,
2017-11-20,1053,1057,1047,1051,3144000,,,
2017-11-21,1047,1052,1041,1042,4990000,,,
2017-11-22,1045,1050,1036,1037,4234000,,,
2017-11-24,1037,1043,1026,1038,3754000,,,
2017-11-27,1044,1047,1028,1029,3680000,,,
2017-11-28,1026,1034,1021,1023,4678000,,,
2017-11-29,1034,1042,1034,1040,4402000,,,
2017-11-30,1043,1048,1035,1046,10148000,,,
2017-12-01,1053,1057,1039,1043,4440000,,,
2017-12-04,1048,1049,1030,1031,3842000,,,
2017-12-05,1027,1045,1024,1041,4050000,,,
2017-12-06,1044,1046,1024,1028,4332000,,,
2017-12-07,1035,1044,1032,1038,5134000,,,
2017-12-08,1041,1052,1037,1038,5426000,,,
2017-12-11,1038,1041,1030,1031,3720000,,,
2017-12-12,1034,1040,1034,1036,3264000,,,
2017-12-13,1031,1037,1025,1027,3746000,,,
2017-12-14,1025,1029,1020,1024,3622000,,,
2017-12-15,1021,1022,1011,1016,5706000,,,
2017-12-18,1023,1023,1017,1020,2912000,,,
2017-12-19,1024,1025,1017,1018,2112000,,,
2017-12-20,1016,1021,1014,1017,3780000,,,
2017-12-21,1014,1017,1009,1015,3960000,,,
2017-12-22,1017,1022,1016,1021,2994000,,,
2017-12-25,1020,1021,1014,1018,1722000,,,
2017-12-26,1016,1022,1014,1014,2260000,,,
2017-12-27,1015,1018,1013,1016,2030000,,,
2017-12-28,1015,1023,1014,1016,2684000,,,
2017-12-29,1016,1024,1013,1019,2450000,,,
2018-01-04,1034,1041,1021,1034,6794000,,,
2018-01-05,1037,1052,1033,1051,6140000,,,
2018-01-09,1052,1052,1034,1044,5220000,,,
2018-01-10,1045,1057,1043,1049,4312000,,,
2018-01-11,1044,1046,1033,1044,4270000,,,
2018-01-12,1046,1054,1043,1050,6250000,,,
2018-01-15,1060,1071,1054,1056,5498000,,,
2018-01-16,1056,1060,1053,1058,2848000,,,
2018-01-17,1059,1073,1058,1071,4922000,,,
2018-01-18,1080,1083,1047,1051,5778000,,,
2018-01-19,1050,1053,1037,1040,5390000,,,
2018-01-22,1035,1038,1027,1029,4584000,,,
2018-01-23,1034,1051,1034,1049,3826000,,,
2018-01-24,1044,1056,1043,1055,3280000,,,
2018-01-25,1051,1054,1046,1050,3344000,,,
2018-01-26,1051,1058,1048,1052,4254000,,,
2018-01-29,1059,1061,1052,1054,2768000,,,
2018-01-30,1050,1059,1046,1048,4018000,,,
2018-01-31,1046,1046,1025,1025,5264000,,,
2018-02-01,1031,1053,1029,1050,3922000,,,
2018-02-02,1038,1047,1033,1044,3038000,,,
2018-02-05,1032,1035,1010,1011,4814000,,,
2018-02-06,973,979,945,961,8870000,,,
2018-02-07,976,984,951,953,6984000,,,
2018-02-08,950,959,946,948,6136000,,,
2018-02-09,918,928,915,928,6284000,,,
2018-02-13,937,945,916,917,7964000,,,
2018-02-14,915,919,896,903,5262000,,,
2018-02-15,913,915,903,905,3884000,,,
2018-02-16,911,920,907,915,4066000,,,
2018-02-19,929,940,924,940,2290000,,,
2018-02-20,939,943,932,941,3124000,,,
2018-02-21,940,945,931,934,4022000,,,
2018-02-22,923,926,917,923,3598000,,,
2018-02-23,924,933,923,930,3300000,,,
2018-02-26,940,944,934,940,2316000,,,
2018-02-27,955,956,945,949,3344000,,,
2018-02-28,935,940,919,919,7054000,,,
2018-03-01,915,916,900,902,3922000,,,
2018-03-02,887,887,874,877,5548000,,,
2018-03-05,874,878,871,876,4458000,,,
2018-03-06,888,894,876,876,3538000,,,
2018-03-07,873,877,867,872,4546000,,,
2018-03-08,887,889,874,878,3992000,,,
2018-03-09,891,910,885,893,6356000,,,
2018-03-12,912,914,906,911,3682000,,,
2018-03-13,902,912,901,911,2450000,,,
2018-03-14,902,912,902,906,2534000,,,
2018-03-15,901,903,889,898,2926000,,,
2018-03-16,904,904,892,894,3732000,,,
2018-03-19,890,893,878,882,2344000,,,
2018-03-20,879,889,878,884,5076000,,,
2018-03-22,891,891,874,882,4172000,,,
2018-03-23,867,872,850,852,6396000,,,
2018-03-26,848,858,838,858,3954000,,,
2018-03-27,861,882,856,881,4758000,,,
2018-03-28,866,866,848,858,4270000,,,
2018-03-29,864,880,854,864,4368000,,,
2018-03-30,870,876,859,873,2906000,,,
2018-04-02,873,876,863,863,2286000,,,
2018-04-03,851,855,840,853,4496000,,,
2018-04-04,854,861,849,857,3778000,,,
2018-04-05,865,879,863,870,3730000,,,
2018-04-06,865,870,861,862,3886000,,,
2018-04-09,867,871,861,866,2708000,,,
2018-04-10,867,877,862,871,3708000,,,
2018-04-11,871,872,864,866,2732000,,,
2018-04-12,866,866,858,863,2896000,,,
2018-04-13,869,878,868,876,3880000,,,
2018-04-16,879,886,876,883,2374000,,,
2018-04-17,881,892,878,881,3916000,,,
2018-04-18,886,903,885,898,4656000,,,
2018-04-19,904,914,901,906,3554000,,,
2018-04-20,902,905,897,898,2726000,,,
2018-04-23,900,902,893,895,2078000,,,
2018-04-24,903,912,900,910,3408000,,,
2018-04-25,903,905,892,903,3840000,,,
2018-04-26,907,918,904,917,3682000,,,
2018-04-27,920,921,909,916,2810000,,,
2018-05-01,911,917,907,914,2308000,,,
2018-05-02,921,921,912,915,2082000,,,
2018-05-07,917,917,908,915,2694000,,,
2018-05-08,914,925,911,919,2364000,,,
2018-05-09,914,915,901,909,3642000,,,
2018-05-10,900,915,896,912,2976000,,,
2018-05-11,909,914,903,908,2824000,,,
2018-05-14,900,906,890,894,4370000,,,
2018-05-15,901,919,899,917,5308000,,,
2018-05-16,910,910,899,904,4554000,,,
2018-05-17,908,914,906,911,3474000,,,
2018-05-18,912,924,908,923,3504000,,,
2018-05-21,925,928,917,919,2784000,,,
2018-05-22,925,925,911,917,2582000,,,
2018-05-23,911,912,900,906,3388000,,,
2018-05-24,906,911,896,904,3202000,,,
2018-05-25,904,905,896,898,3720000,,,
2018-05-28,898,903,889,901,2472000,,,
2018-05-29,901,904,893,901,2758000,,,
2018-05-30,890,896,885,888,4284000,,,
2018-05-31,888,889,877,888,10108000,,,
2018-06-01,882,901,880,890,4430000,,,
2018-06-04,895,907,892,905,3344000,,,
2018-06-05,909,916,909,915,2908000,,,
2018-06-06,917,934,916,932,3656000,,,
2018-06-07,938,941,930,930,3110000,,,
2018-06-08,930,937,919,920,4412000,,,
2018-06-11,924,938,922,937,3352000,,,
2018-06-12,943,948,929,931,3396000,,,
2018-06-13,933,939,931,932,1876000,,,
2018-06-14,925,925,899,902,5558000,,,
2018-06-15,902,907,893,897,7308000,,,
2018-06-18,895,896,880,887,4494000,,,
2018-06-19,880,881,858,861,4558000,,,
2018-06-20,861,861,840,849,5134000,,,
2018-06-21,848,852,843,846,4046000,,,
2018-06-22,846,851,839,850,4996000,,,
2018-06-25,859,863,853,858,3298000,,,
2018-06-26,847,865,843,862,3066000,,,
2018-06-27,858,867,851,862,3206000,,,
2018-06-28,857,863,851,861,2782000,,,
2018-06-29,866,873,857,868,3970000,,,
2018-07-02,862,864,840,842,3104000,,,
2018-07-03,842,844,813,822,5172000,,,
2018-07-04,816,836,816,830,2976000,,,
2018-07-05,829,832,819,824,2248000,,,
2018-07-06,827,829,818,819,5260000,,,
2018-07-09,824,829,820,829,2528000,,,
2018-07-10,832,842,832,836,3192000,,,
2018-07-11,826,826,812,820,3092000,,,
2018-07-12,818,826,813,816,3268000,,,
2018-07-13,831,834,821,829,4876000,,,
2018-07-17,827,840,822,835,2304000,,,
2018-07-18,840,846,837,838,2004000,,,
2018-07-19,836,838,832,836,2160000,,,
2018-07-20,830,839,824,831,3220000,,,
2018-07-23,825,836,825,832,1674000,,,
2018-07-24,841,851,838,847,2216000,,,
2018-07-25,849,853,844,852,2352000,,,
2018-07-26,861,865,855,860,3468000,,,
2018-07-27,856,860,852,859,2824000,,,
2018-07-30,856,860,852,855,3094000,,,
2018-07-31,856,865,849,859,4100000,,,
2018-08-01,855,870,855,870,2600000,,,
2018-08-02,867,881,867,873,4378000,,,
2018-08-03,871,871,859,867,2366000,,,
2018-08-06,861,871,859,867,2320000,,,
2018-08-07,867,875,863,874,1472000,,,
2018-08-08,870,875,864,867,2642000,,,
2018-08-09,869,869,859,869,2356000,,,
2018-08-10,872,877,857,867,3950000,,,
2018-08-13,843,846,815,822,5822000,,,
2018-08-14,826,841,824,841,2854000,,,
2018-08-15,845,856,832,840,2706000,,,
2018-08-16,832,846,830,844,3082000,,,
2018-08-17,853,861,850,859,2326000,,,
2018-08-20,863,868,855,856,2654000,,,
2018-08-21,857,862,853,859,3398000,,,
2018-08-22,864,871,859,871,2676000,,,
2018-08-23,878,888,877,881,3200000,,,
2018-08-24,882,886,873,877,1876000,,,
2018-08-27,882,884,875,880,1728000,,,
2018-08-28,880,888,875,875,2630000,,,
2018-08-29,882,889,879,884,2646000,,,
2018-08-30,889,889,876,879,2772000,,,
2018-08-31,874,874,865,867,3104000,,,
2018-09-03,867,867,851,857,2748000,,,
2018-09-04,864,872,856,866,2554000,,,
2018-09-05,863,865,852,863,3340000,,,
2018-09-06,860,870,848,851,4946000,,,
2018-09-07,848,854,843,852,2610000,,,
2018-09-10,849,861,849,859,2440000,,,
2018-09-11,860,863,855,862,2418000,,,
2018-09-12,860,866,855,864,2952000,,,
2018-09-13,862,875,857,858,3508000,,,
2018-09-14,866,876,862,876,4694000,,,
2018-09-18,874,904,873,900,4210000,,,
2018-09-19,915,918,907,911,2924000,,,
2018-09-20,908,914,903,909,3020000,,,
2018-09-21,919,930,914,923,5068000,,,
2018-09-25,937,937,915,919,4306000,,,
2018-09-26,903,904.5,888,903,1928600,,,
2018-09-27,899.5,901,884,890,2325400,,,
2018-09-28,902.5,913.5,897,912.5,2411400,,,
2018-10-01,914,920,909.5,914,1411000,,,
2018-10-02,918.5,925.5,913.5,915.5,1915600,,,
2018-10-03,915.5,923,912,915.5,1498400,,,
2018-10-04,925,928,916,920.5,1716600,,,
2018-10-05,916.5,924.5,915,916.5,1482000,,,
2018-10-09,913,915.5,902.5,904.5,1661000,,,
2018-10-10,910,915,901.5,904.5,1386200,,,
2018-10-11,881,890,866.5,871.5,2107200,,,
2018-10-12,870,872.5,860,864.5,2252000,,,
2018-10-15,852,857.5,818.5,827.5,3428800,,,
2018-10-16,827.5,840.5,823.5,836,1795800,,,
2018-10-17,829.5,836.5,823.5,826.5,2882800,,,
2018-10-18,831,836.5,823,824,1546600,,,
2018-10-19,814.5,814.5,803,812.5,1940000,,,
2018-10-22,808.5,819.5,803.5,819,1464000,,,
2018-10-23,812,812,791,793,1809200,,,
2018-10-24,792.5,799,785,792,2207800,,,
2018-10-25,769.5,775.5,766,769,1778600,,,
2018-10-26,771,781,768.5,773,2133600,,,
2018-10-29,773,794,771.5,782.5,1764600,,,
2018-10-30,780,794,776,790.5,1766200,,,
2018-10-31,797,800.5,785,799.5,2053400,,,
2018-11-01,792.5,801.5,788.5,797.5,1446200,,,
2018-11-02,795,809,787.5,806,1967200,,,
2018-11-05,795.5,801,786,796.5,1299400,,,
2018-11-06,803.5,813.5,802.5,811,1160400,,,
2018-11-07,813.5,817.5,801.5,805,1461400,,,
2018-11-08,820,827,814.5,819,1310800,,,
2018-11-09,826.5,831.5,816.5,823,1573200,,,
2018-11-12,821.5,862.5,820.5,861.5,2042200,,,
2018-11-13,836.5,838,814,837,2260400,,,
2018-11-14,839,864.5,838.5,862.5,1686800,,,
2018-11-15,856.5,877.5,848.5,877,1944800,,,
2018-11-16,879.5,890,874.5,887,1592800,,,
2018-11-19,887.5,894,881,885,1563000,,,
2018-11-20,875.5,894.5,872.5,891.5,1543000,,,
2018-11-21,861.5,890,861.5,887.5,1505000,,,
2018-11-22,893.5,901,886.5,899.5,1302200,,,
2018-11-26,901.5,916,900.5,915,1534200,,,
2018-11-27,912.5,913,891.5,907,1750000,,,
2018-11-28,919,919.5,899.5,903,2553000,,,
2018-11-29,913.5,919.5,908,914.5,1886400,,,
2018-11-30,918.5,925,913.5,914,2470600,,,
2018-12-03,923,927.5,912,925,1219000,,,
2018-12-04,930,934.5,905.5,906,2027600,,,
2018-12-05,894.5,916,893,912,1591200,,,
2018-12-06,910,919,909,911,2431600,,,
2018-12-07,920,923,903,918,2318200,,,
2018-12-10,898,908.5,891,894,1907200,,,
2018-12-11,900.5,907,888,893.5,2353000,,,
2018-12-12,894,899,883.5,895.5,3218000,,,
2018-12-13,907,915,902,906.5,1963600,,,
2018-12-14,904.5,914,885,886,3754400,,,
2018-12-17,886,891,882.5,883,1277800,,,
2018-12-18,870,872,859.5,860,1793200,,,
2018-12-19,861.5,862,845.5,847.5,1653000,,,
2018-12-20,837,841.5,815,819,1987600,,,
2018-12-21,824,828,815.5,822.5,3026600,,,
2018-12-25,800,802.5,774,775,1698600,,,
2018-12-26,779.5,787.5,769,783.5,1900800,,,
2018-12-27,807.5,810,793.5,803.5,2540000,,,
2018-12-28,799,812.5,797.5,808.5,1292600,,,
2019-01-04,777,802,775,794.5,2383400,,,
2019-01-07,814.5,832,806,828.5,1824200,,,
2019-01-08,836,846.5,825.5,837.5,2165600,,,
2019-01-09,850,858.5,845.5,851,1658600,,,
2019-01-10,846.5,850,832.5,847.5,1764400,,,
2019-01-11,857,861.5,847.5,857,1646200,,,
2019-01-15,849,869,843,867,1696400,,,
2019-01-16,870,872,860.5,861.5,1181000,,,
2019-01-17,862.5,871.5,860.5,867.5,994800,,,
2019-01-18,872.5,883.5,869,878.5,1139800,,,
2019-01-21,886.5,894,881.5,887.5,974200,,,
2019-01-22,896,901,888.5,891,1309600,,,
2019-01-23,886.5,887.5,878,884,1345800,,,
2019-01-24,892.5,905.5,890.5,900.5,1892800,,,
2019-01-25,893.5,902,891,896.5,1533200,,,
2019-01-28,897,902,887.5,890,1067400,,,
2019-01-29,886.5,893.5,878,889.5,1470600,,,
2019-01-30,889,889,872,887,1990400,,,
2019-01-31,897,901.5,885.5,890.5,1542400,,,
2019-02-01,891,898.5,888,892.5,1125400,,,
2019-02-04,895,906.5,895,901.5,1080200,,,
2019-02-05,904,912,903,908,1098200,,,
2019-02-06,909,913,904,904.5,1314400,,,
2019-02-07,903.5,906.5,891,893,868400,,,
2019-02-08,880,884,867.5,868,1786000,,,
2019-02-12,871.5,876,863.5,870.5,2102400,,,
2019-02-13,855.5,859,840,849.5,2127400,,,
2019-02-14,853,877,851,869.5,2169000,,,
2019-02-15,865,866.5,850,859.5,1651600,,,
2019-02-18,883,883,869.5,872.5,924400,,,
2019-02-19,872.5,878,867,872.5,769200,,,
2019-02-20,872,877.5,867.5,873,746000,,,
2019-02-21,875,890,874,887,1423600,,,
2019-02-22,882.5,888.5,879.5,884.5,796800,,,
2019-02-25,893,896,884.5,889.5,852400,,,
2019-02-26,893.5,896,886.5,890.5,1075600,,,
2019-02-27,898.5,900,895,896.5,1332400,,,
2019-02-28,893,897.5,885,886,1617600,,,
2019-03-01,886,888.5,879.5,885,1200400,,,
2019-03-04,893.5,894,879,882,1055200,,,
2019-03-05,875.5,879,869,870.5,1391600,,,
2019-03-06,876,878,864.5,865.5,1299800,,,
2019-03-07,860,862.5,847,848.5,1656400,,,
2019-03-08,842.5,844.5,819.5,822,2384800,,,
2019-03-11,821,829.5,816,828.5,1268800,,,
2019-03-12,839,843.5,834,836.5,1267800,,,
2019-03-13,830.5,837.5,821.5,825.5,1578800,,,
2019-03-14,832.5,837.5,824.5,824.5,1630000,,,
2019-03-15,827.5,835.5,827.5,831.5,2678200,,,
2019-03-18,836.5,838.5,822,832,1352200,,,
2019-03-19,837,837,831,833,1055000,,,
2019-03-20,840,849.5,837.5,849,1499000,,,
2019-03-22,856.5,858.5,843.5,850.5,1370000,,,
2019-03-25,837.5,842.5,818.5,822,1176400,,,
2019-03-26,829.5,853.5,829.5,853,2010400,,,
2019-03-27,843,854,843,853,1530800,,,
2019-03-28,854.5,855,837,840.5,1822600,,,
2019-03-29,844.5,846,835,835.5,1962800,,,
2019-04-01,854.5,866,854.5,856,1738000,,,
2019-04-02,861,862.5,854,855,1140000,,,
2019-04-03,864.5,865.5,857,860.5,1210600,,,
2019-04-04,860.5,862,854.5,861.5,774200,,,
2019-04-05,861.5,871,861.5,868.5,1120200,,,
2019-04-08,870.5,872,864,867,997200,,,
2019-04-09,869.5,873.5,862.5,872.5,1313400,,,
2019-04-10,861.5,867.5,859.5,865,1203200,,,
2019-04-11,870.5,873.5,865.5,873.5,1273800,,,
2019-04-12,878.5,881.5,870,880.5,1616800,,,
2019-04-15,894,906,890.5,904,1709000,,,
2019-04-16,901,903,895.5,895.5,1589600,,,
2019-04-17,900,902.5,893,897,1395000,,,
2019-04-18,895,898.5,887.5,890.5,1326600,,,
2019-04-19,893.5,899,888,890.5,982400,,,
2019-04-22,884.5,891,881,888,809000,,,
2019-04-23,893.5,895,886.5,893,813400,,,
2019-04-24,890,891.5,879.5,880,1315200,,,
2019-04-25,886,895.5,885.5,894.5,1270000,,,
2019-04-26,891.5,901.5,888.5,900.5,1446000,,,
2019-05-07,893,897.5,871.5,875,2327800,,,
2019-05-08,865,867.5,853,857,1597600,,,
2019-05-09,857.5,860,850,850.5,1709400,,,
2019-05-10,859,867,850,855.5,1680000,,,
2019-05-13,856,864.5,848.5,855.5,1505200,,,
2019-05-14,890,904.5,882,893.5,4517600,,,
2019-05-15,895.5,906,877,906,3135600,,,
2019-05-16,896,898,879,883.5,2531400,,,
2019-05-17,889,904.5,884,895.5,1856600,,,
2019-05-20,888,895,886.5,894.5,1377800,,,
2019-05-21,882.5,894.5,878.5,879.5,1302400,,,
2019-05-22,889,889,870.5,878,1957800,,,
2019-05-23,869.5,876.5,860,860.5,1450800,,,
2019-05-24,851,854.5,842,853.5,1247800,,,
2019-05-27,855.5,855.5,844.5,846,1092000,,,
2019-05-28,845,849.5,834,834,2903600,,,
2019-05-29,826,828,819,820,1474600,,,
2019-05-30,814.5,814.5,801,809,1412400,,,
2019-05-31,802,802.5,790,793,1970000,,,
2019-06-03,784,787.5,777.5,783.5,1490400,,,
2019-06-04,785.5,789.5,777,789,1911800,,,
2019-06-05,800,812.5,798.5,810,1880200,,,
2019-06-06,812.5,818,806,809,1349600,,,
2019-06-07,805,810.5,796,810,1114200,,,
2019-06-10,820.5,824.5,815.5,824,1727200,,,
2019-06-11,823.5,834,821.5,830.5,1860400,,,
2019-06-12,827.5,841,822.5,836,2187600,,,
2019-06-13,829,831.5,820.5,829,1455400,,,
2019-06-14,835.5,844,824,831.5,3483000,,,
2019-06-17,827.5,828,819,819.5,1550200,,,
2019-06-18,831,841.5,826.5,829.5,2228600,,,
2019-06-19,840.5,856.5,839.5,848,2134000,,,
2019-06-20,854.5,862.5,851.5,861.5,1439600,,,
2019-06-21,853.5,856.5,846,846.5,3085800,,,
2019-06-24,851.5,855,842.5,843,1350600,,,
2019-06-25,837,840.5,829,829,1839600,,,
2019-06-26,824,831.5,817,818,1526600,,,
2019-06-27,819.5,836,819.5,832.5,1691000,,,
2019-06-28,824,824,813,817.5,2337800,,,
2019-07-01,834,842.5,828,841,1688000,,,
2019-07-02,845.5,868,844.5,866.5,2520800,,,
2019-07-03,870,878.5,866.5,874,2515200,,,
2019-07-04,875.5,882.5,871.5,874,1236600,,,
2019-07-05,873.5,877,870,876,1068800,,,
2019-07-08,868.5,872.5,863.5,864,1302600,,,
2019-07-09,870.5,875.5,857,860.5,1696200,,,
2019-07-10,853,875,853,872,2023400,,,
2019-07-11,875,887.5,874.5,885,1453000,,,
2019-07-12,885.5,885.5,877,882,1868800,,,
2019-07-16,889,891.5,882,885,1747600,,,
2019-07-17,879.5,890,876,879,1958400,,,
2019-07-18,871.5,873,858,859.5,1857400,,,
2019-07-19,862.5,880,858,879,1558400,,,
2019-07-22,872.5,878.5,868,871.5,1454000,,,
2019-07-23,869,886,867.5,883,1242200,,,
2019-07-24,896,901.5,891,896,2788800,,,
2019-07-25,892.5,893,886,890.5,1497400,,,
2019-07-26,887.5,893,883.5,892.5,1145400,,,
2019-07-29,895,903,880.5,880.5,5229200,,,
2019-07-30,886,899.5,884,899,2217200,,,
2019-07-31,891.5,895.5,887.5,889,2877400,,,
2019-08-01,882.5,896,876.5,891.5,1674200,,,
2019-08-02,873,876.5,862,870.5,2205000,,,
2019-08-05,860,861,829.5,840,2152200,,,
2019-08-06,811.5,827,809,826.5,1712600,,,
2019-08-07,818.5,832,815.5,829.5,2302600,,,
2019-08-08,829,842.5,827.5,833.5,1855800,,,
2019-08-09,839,842.5,832,833,1850000,,,
2019-08-13,823.5,829,800.5,802,3816800,,,
2019-08-14,810,814.5,795.5,801.5,2105600,,,
2019-08-15,783,788,774,788,1841800,,,
2019-08-16,782.5,804.5,780,800.5,1637600,,,
2019-08-19,804,805,796,799.5,734200,,,
2019-08-20,810,817.5,807,817.5,1768400,,,
2019-08-21,811.5,819.5,809.5,818.5,1496600,,,
2019-08-22,821.5,824.5,808.5,811,1209800,,,
2019-08-23,808.5,822,808,810,855800,,,
2019-08-26,786,796.5,783,793.5,1874600,,,
2019-08-27,809,820,796,818,4127800,,,
2019-08-28,817,825,809,815,1611800,,,
2019-08-29,833.5,839,821,831,3028600,,,
2019-08-30,839,847,837.5,846.5,2022000,,,
2019-09-02,840,851.5,839,850,1103400,,,
2019-09-03,851.5,862,849.5,860,1010000,,,
2019-09-04,856.5,861,850,857,1218400,,,
2019-09-05,863.5,885,861,884,2033800,,,
2019-09-06,887.5,896.5,887,896,1616000,,,
2019-09-09,892,909.5,888.5,906.5,1630400,,,
2019-09-10,910,921.5,907,910.5,1712000,,,
2019-09-11,914,928,905,922.5,2194800,,,
2019-09-12,950,963,941,952.5,4058800,,,
2019-09-13,962.5,963,948,961.5,3552400,,,
2019-09-17,955,975,949,968,2599400,,,
2019-09-18,966,966.5,952,954,2616600,,,
2019-09-19,955,967,954,954.5,2408800,,,
2019-09-20,959.5,967,957.5,960,1957200,,,
2019-09-24,958,968,956,960.5,1517400,,,
2019-09-25,954.5,962.5,951,960,1197000,,,
2019-09-26,970,970,956,959.5,1965200,,,
2019-09-27,959,965,950.5,965,1589600,,,
2019-09-30,959,962,950.5,956,2788000,,,
2019-10-01,951,959,948,952.5,1825800,,,
2019-10-02,949,953,946,947.5,1828200,,,
2019-10-03,927.5,940.5,920,939,1927000,,,
2019-10-04,938.5,953,935.5,950,2093000,,,
2019-10-07,953.5,955,944,950,1262400,,,
2019-10-08,950,955.5,940,943,2189000,,,
2019-10-09,939.5,945,936.5,941,1199600,,,
2019-10-10,944,947,929,947,1587800,,,
2019-10-11,961.5,962,952.5,961,1920800,,,
2019-10-15,980.5,983.5,974,976,1974000,,,
2019-10-16,985.5,994.5,980.5,982.5,2297800,,,
2019-10-17,985.5,987.5,973,977.5,1978200,,,
2019-10-18,978.5,984,969.5,978,2673600,,,
2019-10-21,984.5,993.5,982,992.5,1815400,,,
2019-10-23,997,1008.5,985,1008.5,3609000,,,
2019-10-24,1007,1007.5,991,998,2206000,,,
2019-10-25,1000,1002,987,995.5,2489000,,,
2019-10-28,995.5,1001,992,999,1586600,,,
2019-10-29,1000,1002,992.5,999.5,2631000,,,
2019-10-30,994,1004.5,994,1003.5,3328200,,,
2019-10-31,1004,1006.5,997,1005.5,2190800,,,
2019-11-01,1000,1021.5,999.5,1021,2306000,,,
2019-11-05,1032.5,1036.5,1027.5,1028.5,2318000,,,
2019-11-06,1032.5,1033,1016,1028.5,1682800,,,
2019-11-07,1028,1034.5,1024,1029,2248800,,,
2019-11-08,1035.5,1042.5,1021,1036.5,2813600,,,
2019-11-11,1034,1036.5,1025,1031.5,2716600,,,
2019-11-12,1025,1057.5,1015,1053,3963000,,,
2019-11-13,1063.5,1079,1051,1074.5,4752600,,,
2019-11-14,1074,1074.5,1056,1063.5,2646400,,,
2019-11-15,1070,1079.5,1066.5,1078,2371600,,,
2019-11-18,1075,1087,1075,1087,2622800,,,
2019-11-19,1087,1093,1085.5,1088.5,2005200,,,
2019-11-20,1086.5,1094,1085,1093.5,2478200,,,
2019-11-21,1089.5,1093,1079,1092,2577600,,,
2019-11-22,1089,1095,1082,1088,2311400,,,
2019-11-25,1095.5,1100.5,1088.5,1090,1780400,,,
2019-11-26,1096,1097.5,1089.5,1090.5,3879000,,,
2019-11-27,1091.5,1095.5,1089,1090.5,2005200,,,
2019-11-28,1094,1096,1085.5,1090,1439400,,,
2019-11-29,1087,1091.5,1085,1088.5,2557600,,,
2019-12-02,1088,1094,1087.5,1089,1441400,,,
2019-12-03,1078,1091,1077.5,1088.5,2715200,,,
2019-12-04,1084.5,1091.5,1083,1089,2099200,,,
2019-12-05,1092.5,1092.5,1087,1089,2990800,,,
2019-12-06,1089,1090,1085.5,1088.5,2554800,,,
2019-12-09,1090,1092.5,1087.5,1089.5,3229600,,,
2019-12-10,1090,1090.5,1087,1088,2865800,,,
2019-12-11,1089,1089.5,1086.5,1088.5,3010800,,,
2019-12-12,1090.5,1109,1087.5,1093,3631800,,,
2019-12-13,1112.5,1114.5,1104.5,1109,4630200,,,
2019-12-16,1112.5,1131.5,1112.5,1129.5,2342000,,,
2019-12-17,1128.5,1141.5,1124.5,1139,2956400,,,
2019-12-18,1142,1149.5,1137,1139.5,2599800,,,
2019-12-19,1141,1154.5,1139.5,1149.5,2720600,,,
2019-12-20,1150,1152.5,1140,1148.5,2348600,,,
2019-12-23,1150,1153.5,1139,1141,1204600,,,
2019-12-24,1141.5,1143,1134,1139.5,860600,,,
2019-12-25,1139.5,1141,1135,1137,705800,,,
2019-12-26,1140.5,1146.5,1136.5,1142,757400,,,
2019-12-27,1145,1150.5,1144,1146.5,1249000,,,
2019-12-30,1134,1135,1124.5,1130.5,1533200,,,
2020-01-06,1120.5,1127.5,1118.5,1127.5,2242200,,,
2020-01-07,1120.5,1132.5,1114,1132,2265200,,,
2020-01-08,1124.5,1124.5,1096,1111.5,2753200,,,
2020-01-09,1126,1136,1121,1125,2028400,,,
2020-01-10,1134,1136,1121,1132,2238000,,,
2020-01-14,1132,1134,1109.5,1114,2092200,,,
2020-01-15,1108,1109.5,1099.5,1109.5,1839200,,,
2020-01-16,1111.5,1120,1107.5,1118.5,1724400,,,
2020-01-17,1130.5,1132,1116.5,1121,1439000,,,
2020-01-20,1120,1126,1118,1126,709200,,,
2020-01-21,1124,1125.5,1116.5,1122,1087600,,,
2020-01-22,1120,1137.5,1115.5,1137.5,1515200,,,
2020-01-23,1140,1152,1133,1152,1984800,,,
2020-01-24,1145,1145,1132,1142.5,1052400,,,
2020-01-27,1125,1129,1120,1121.5,1064000,,,
2020-01-28,1114,1118.5,1107.5,1108,1253600,,,
2020-01-29,1106,1120,1105,1119,1652800,,,
2020-01-30,1110.5,1121,1087.5,1093,1639600,,,
2020-01-31,1100,1113.5,1097.5,1098,1472800,,,
2020-02-03,1085.5,1099,1085.5,1094.5,1715200,,,
2020-02-04,1088,1098,1086,1096,1471600,,,
2020-02-05,1108,1111,1093,1109,2142000,,,
2020-02-06,1120,1132.5,1118,1131,1856000,,,
2020-02-07,1124.5,1124.5,1103.5,1105,1641200,,,
2020-02-10,1101,1114,1099,1108.5,1162200,,,
2020-02-12,1098,1107,1092.5,1104.5,1918400,,,
2020-02-13,1079.5,1079.5,993,1022.5,4176200,,,
2020-02-14,1047.5,1064.5,1042.5,1049,3477400,,,
2020-02-17,1038,1046.5,1029,1041.5,1844000,,,
2020-02-18,1039.5,1041,1029,1032.5,1707600,,,
2020-02-19,1032.5,1037.5,1021.5,1024,2739200,,,
2020-02-20,1030,1040.5,1015.5,1019,4492000,,,
2020-02-21,1018.5,1028.5,1012.5,1014.5,3133800,,,
2020-02-25,970.5,995.5,970,980.5,2406800,,,
2020-02-26,970,976.5,958,974.5,2072400,,,
2020-02-27,973.5,978.5,957,960.5,2344200,,,
2020-02-28,936.5,943,920,940.5,5174200,,,
2020-03-02,929,948,921.5,935,3175600,,,
2020-03-03,946,946.5,922,922,2476000,,,
2020-03-04,909,931.5,903,922.5,1924600,,,
2020-03-05,943.5,956.5,940.5,943.5,2949000,,,
2020-03-06,923,923.5,901.5,908,2393200,,,
2020-03-09,871,882,832,840.5,2375600,,,
2020-03-10,828.5,852.5,804.5,849,2705200,,,
2020-03-11,849.5,860,839.5,849,2686600,,,
2020-03-12,838.5,839.5,789,796.5,2674400,,,
2020-03-13,738.5,776,718.5,749,3752000,,,
2020-03-16,750,758,721,722.5,3168000,,,
2020-03-17,710,753,689.5,744,4805600,,,
2020-03-18,754,771,727.5,736.5,4086000,,,
2020-03-19,762.5,771.5,715.5,718.5,5310000,,,
2020-03-23,724,842,685,770,6751800,,,
2020-03-24,783,783,741,768,2835800,,,
2020-03-25,808,846.5,800,843,3572800,,,
2020-03-26,824.5,829,794,815.5,2242600,,,
2020-03-27,871,888,845.5,883.5,3274800,,,
2020-03-30,852,860,818,858,2133200,,,
2020-03-31,856,864.5,825.5,828,3230000,,,
2020-04-01,832.5,850,780,789.5,1796000,,,
2020-04-02,778,789.5,766.5,767,2145000,,,
2020-04-03,759.5,800,745,753.5,1857800,,,
2020-04-06,753.5,781,750,773.5,1898000,,,
2020-04-07,778,792,751.5,773.5,3043600,,,
2020-04-08,771,794.5,758.5,787,1755000,,,
2020-04-09,788,792.5,776,791.5,1309800,,,
2020-04-10,802,806.5,783,803.5,1200000,,,
2020-04-13,788,792,769,771.5,910800,,,
2020-04-14,774,791.5,765.5,790,1255200,,,
2020-04-15,789.5,799.5,778.5,796.5,2036200,,,
2020-04-16,778.5,782,767.5,780,2404000,,,
2020-04-17,783.5,801.5,771.5,798,1957200,,,
2020-04-20,774.5,789,771,785,1397200,,,
2020-04-21,771.5,774,755.5,766.5,1981000,,,
2020-04-22,773,778.5,750.5,757,1948400,,,
2020-04-23,761.5,783.5,760.5,781,1338000,,,
2020-04-24,774.5,774.5,754.5,757.5,2139200,,,
2020-04-27,772,797,765.5,794.5,1390800,,,
2020-04-28,797.5,801,787,790,1396600,,,
2020-04-30,819.5,825,806,806,2363000,,,
2020-05-01,806,810,763,768,1587800,,,
2020-05-07,756,773,740.5,747.5,1917800,,,
2020-05-08,755.5,779,750,779,1734200,,,
2020-05-11,781.5,788,773,777,1282600,,,
2020-05-12,776,781,763.5,775.5,1560200,,,
2020-05-13,742.5,766,740.5,761,2084200,,,
2020-05-14,750,752,724.5,726.5,2086800,,,
2020-05-15,738,741.5,719,727.5,1465600,,,
2020-05-18,726,749,716.5,745,1324600,,,
2020-05-19,779,782,767.5,777,2307400,,,
2020-05-20,782.5,802,778.5,800,2236200,,,
2020-05-21,815,823,809.5,813,2250000,,,
2020-05-22,813,814.5,789.5,791,1606800,,,
2020-05-25,803,814,797,813.5,879200,,,
2020-05-26,825,838.5,818.5,837.5,1396600,,,
2020-05-27,837.5,859,830,853.5,2272800,,,
2020-05-28,862.5,875,857,870.5,2037200,,,
2020-05-29,975.5,981.5,907,921.5,8010000,,,
2020-06-01,916,935,905.5,933.5,2409600,,,
2020-06-02,931,944,919,934,2076600,,,
2020-06-03,954,958.5,931.5,938.5,1861200,,,
2020-06-04,962.5,967,934,950,1914000,,,
2020-06-05,945,948,933,946.5,1644800,,,
2020-06-08,956.5,963,952,961.5,1753200,,,
2020-06-09,966,971.5,954,967,1683600,,,
2020-06-10,965.5,974.5,959.5,970.5,2049000,,,
2020-06-11,955,958.5,932,932.5,1990400,,,
2020-06-12,912.5,922,895.5,920.5,2338400,,,
2020-06-15,921.5,933.5,893,894.5,2058000,,,
2020-06-16,918,950,909.5,944,2147800,,,
2020-06-17,939,940,919,922,2365400,,,
2020-06-18,920,924,906.5,921,1477600,,,
2020-06-19,937.5,938,913,917.5,2478600,,,
2020-06-22,925,938.5,919.5,928,1858800,,,
2020-06-23,937.5,959,925.5,947,2317600,,,
2020-06-24,947.5,951.5,939,940.5,1839800,,,
2020-06-25,921,924.5,904.5,907,2205800,,,
2020-06-26,920,931.5,912.5,929,1449600,,,
2020-06-29,907.5,909,891,891,1794000,,,
2020-06-30,908.5,914.5,898.5,898.5,2353200,,,
2020-07-01,902,902,859,863,1449200,,,
2020-07-02,866.5,872,851.5,860.5,2610800,,,
2020-07-03,864.5,869.5,840,848.5,1362600,,,
2020-07-06,863.5,871.5,854.5,867,1190000,,,
2020-07-07,860.5,862.5,852,858.5,1465000,,,
2020-07-08,856.5,869,853,855,1615000,,,
2020-07-09,853.5,862,849,852,1578800,,,
2020-07-10,850,857.5,845,846.5,1594200,,,
2020-07-13,864,876,860,871.5,998400,,,
2020-07-14,856,870.5,855,869,1335200,,,
2020-07-15,886,894.5,875.5,887,2562800,,,
2020-07-16,884.5,893,878.5,890.5,1492200,,,
2020-07-17,884.5,885,864,868.5,1431200,,,
2020-07-20,876.5,877,863.5,874,960000,,,
2020-07-21,858.5,866,849,854.5,2550200,,,
2020-07-22,850.5,866,850,856,1135000,,,
2020-07-27,849,849.5,829,847.5,1433000,,,
2020-07-28,845,848,829.5,832.5,1612200,,,
2020-07-29,825,826,812.5,815.5,1501600,,,
2020-07-30,834.5,844.5,823.5,829.5,1989400,,,
2020-07-31,829.5,831,791.5,791.5,1792200,,,
2020-08-03,813.5,819,801.5,818,1357400,,,
2020-08-04,818.5,837.5,818,831.5,1088600,,,
2020-08-05,825.5,825.5,808.5,821.5,1564400,,,
2020-08-06,813.5,821,810,814,1020400,,,
2020-08-07,816.5,818,805,809,1343200,,,
2020-08-11,815.5,833.5,812,832.5,1241800,,,
2020-08-12,840,854,837.5,852,1769200,,,
2020-08-13,858.5,868.5,851.5,861.5,2432000,,,
2020-08-14,870.5,870.5,856.5,861,1703800,,,
2020-08-17,856.5,860,845.5,847.5,1109600,,,
2020-08-18,847.5,848.5,839,843,1072000,,,
2020-08-19,842,850.5,839,846.5,1264400,,,
2020-08-20,835.5,852.5,835,842,1295600,,,
2020-08-21,855,859.5,845.5,850,995600,,,
2020-08-24,857,860,847,850,954200,,,
2020-08-25,868.5,875.5,864.5,866.5,1365200,,,
2020-08-26,863,869.5,858,867.5,952000,,,
2020-08-27,867.5,868,851.5,859.5,1608400,,,
2020-08-28,839.5,860.5,826.5,837,4625000,,,
2020-08-31,841,847,823.5,824,3479800,,,
2020-09-01,814.5,815.5,798,808,2036600,,,
2020-09-02,806,806.5,789.5,789.5,2061200,,,
2020-09-03,799.5,802.5,790.5,795.5,1686400,,,
2020-09-04,779.5,784,774,775.5,1724600,,,
2020-09-07,773,776.5,761,762.5,3873200,,,
2020-09-08,767,770,760.5,768.5,4117400,,,
2020-09-09,756,756,744,749.5,3022600,,,
2020-09-10,756,758,750.5,758,2060000,,,
2020-09-11,759.5,774,750.5,772.5,2824200,,,
2020-09-14,779,789,778,783,1723000,,,
2020-09-15,784.5,785.5,771,777.5,1596400,,,
2020-09-16,777,778,771,774,1846200,,,
2020-09-17,777,781.5,771,780,1997200,,,
2020-09-18,783.5,802.5,782,802.5,3895400,,,
2020-09-23,791.5,794,777,793,2464400,,,
2020-09-24,790.5,795,781,787.5,1763000,,,
2020-09-25,794.5,796,781.5,784.5,2249000,,,
2020-09-28,784.5,793.5,779,790.5,2914200,,,
2020-09-29,774,774,758,765.5,2522000,,,
2020-09-30,754.5,758.5,738.5,739,3154600,,,
2020-10-01,#VALUE!,#VALUE!,#VALUE!,#VALUE!,0,,,
2020-10-02,735,741.5,719.5,723.5,3452200,,,
2020-10-05,725,738,723.5,728,2508400,,,
2020-10-06,737.5,739.5,730,733,1824800,,,
2020-10-07,725.5,736,715,734.5,2928400,,,
2020-10-08,739,740.5,728,729.5,2099800,,,
2020-10-09,726.5,728,712.5,717,2792400,,,
2020-10-12,718,719.5,707.5,713.5,1853800,,,
2020-10-13,715,721,714,718,1552000,,,
2020-10-14,712,721,707,718,1913400,,,
2020-10-15,716.5,719,708,711,1739400,,,
2020-10-16,708,716,703.5,708.5,1477400,,,
2020-10-19,712.5,724,712,720.5,1633800,,,
2020-10-20,711,714,707,711,1296200,,,
2020-10-21,712.5,718,712,714,1659400,,,
2020-10-22,714,719,709,710,1198200,,,
2020-10-23,713,715.5,698,707.5,1806400,,,
2020-10-26,702.5,714,702.5,708,852400,,,
2020-10-27,703.5,709,697,698.5,1482200,,,
2020-10-28,684,687,670.5,677.5,1998000,,,
2020-10-29,672,681.5,668.5,679,1254000,,,
2020-10-30,676,676,659.5,661.5,2131000,,,
2020-11-02,671.5,686.5,671.5,682,1946400,,,
2020-11-04,696.5,698.5,685.5,693,1847600,,,
2020-11-05,697.5,699.5,682.5,693,1389600,,,
2020-11-06,684.5,698.5,675.5,696.5,2241600,,,
2020-11-09,704.5,705.5,691.5,700.5,1687600,,,
2020-11-10,723,732.5,716.5,731,3456400,,,
2020-11-11,727,730.5,712.5,718.5,3445800,,,
2020-11-12,733.5,734,705,716,4187800,,,
2020-11-13,714.5,723.5,706,721.5,3711600,,,
2020-11-16,726,733.5,723.5,729.5,2639600,,,
2020-11-17,735,739.5,721,739.5,2682800,,,
2020-11-18,737.5,740,729,738,2085200,,,
2020-11-19,738,749,736,746.5,2896000,,,
2020-11-20,741.5,750,739.5,750,2485000,,,
2020-11-24,764.5,765.5,751.5,754.5,2882200,,,
2020-11-25,764.5,764.5,747,749,2470200,,,
2020-11-26,748.5,749.5,736.5,744.5,2526800,,,
2020-11-27,747.5,752.5,741,748,2574800,,,
2020-11-30,744,744,708.5,712.5,7107000,,,
2020-12-01,727.5,765,727,759.5,5557600,,,
2020-12-02,767,770.5,756.5,760,4458600,,,
2020-12-03,760,766.5,751,751.5,2420000,,,
2020-12-04,750,761,748.5,752.5,1856800,,,
2020-12-07,800,808,780,804,5988800,,,
2020-12-08,802.5,808.5,778,785.5,3023600,,,
2020-12-09,775.5,782.5,768.5,776,1962600,,,
2020-12-10,772,776.5,762.5,762.5,1976000,,,
2020-12-11,765.5,769,751.5,759,1908600,,,
2020-12-14,754.5,771,751,763.5,1702000,,,
2020-12-15,768.5,773.5,754,754,2005400,,,
2020-12-16,761.5,764.5,756,758.5,1271600,,,
2020-12-17,756,758,739,739.5,2013800,,,
2020-12-18,732.5,741,728,732,3699200,,,
2020-12-21,745,750.5,730,737.5,1441400,,,
2020-12-22,728.5,729.5,714,714.5,1798600,,,
2020-12-23,719,721.5,710,716,1618200,,,
2020-12-24,719,729,716,718.5,946200,,,
2020-12-25,725,733,721.5,731.5,948800,,,
2020-12-28,731,736,715,720,1768600,,,
2020-12-29,726,736,721,736,1827600,,,
2020-12-30,733.5,733.5,718.5,727.5,1524800,,,
2021-01-04,730,731,704,713,1932600,,,
2021-01-05,704,709,701,704,2289200,,,
2021-01-06,710.5,728.5,708,726,1832000,,,
2021-01-07,739,745,730.5,733.5,2110600,,,
2021-01-08,738,753,735,752,2054200,,,
2021-01-12,745,757,743,753,1792800,,,
2021-01-13,753,754.5,743,753,1467000,,,
2021-01-14,747.5,771,745.5,770,2079600,,,
2021-01-15,770,772,760,760.5,2587400,,,
2021-01-18,752.5,755,738.5,743.5,1764400,,,
2021-01-19,740,744.5,736.5,739,1660400,,,
2021-01-20,753.5,755,741.5,747,2136200,,,
2021-01-21,752.5,762,743.5,747.5,2228200,,,
2021-01-22,734,734.5,727,730,2251400,,,
2021-01-25,733.5,744,733,744,1840800,,,
2021-01-26,744,748.5,740,747,1475000,,,
2021-01-27,749.5,760,748.5,759.5,2465600,,,
2021-01-28,749,763.5,741.5,757.5,6959600,,,
2021-01-29,755,761,744,744,2715600,,,
2021-02-01,753.5,763,750.5,761,1775200,,,
2021-02-02,764,777,760.5,772,2163200,1668397300,0,0
2021-02-03,770,787.5,768.5,786,2131400,1661126800,0,0
2021-02-04,785.5,792,775.5,776.5,1511000,1179466000,0,0
2021-02-05,782.5,803,780,803,2024200,1612274300,0,0
2021-02-08,807,818.5,804,810,3111800,2518096300,0,0
2021-02-09,807.5,812.5,798.5,802.5,2423000,1949105400,0,0
2021-02-10,790,805.5,783.5,798.5,2390600,1910843400,0,0
2021-02-12,794.5,796,773,785.5,2534600,1985887800,0,0
2021-02-15,824,837,800.5,825.5,4489000,3680589300,0,0
2021-02-16,823,840.5,820,829.5,2294800,1909730500,0,0
2021-02-17,829.5,843.5,824,830,1658200,1380023200,0,0
2021-02-18,830.5,836,815.5,817,1834800,1505800100,0,0
2021-02-19,815.5,836,815,832,1925000,1596037900,0,0
2021-02-22,844,856,837.5,840.5,2451800,2070367400,0,0
2021-02-24,837.5,849,830,835,2560400,2147148700,0,0
2021-02-25,846.5,863.5,842,859,2884000,2467708800,0,0
2021-02-26,851,855.5,835.5,836,3686200,3111262200,0,0
2021-03-01,849.5,869,846.5,868.5,2138000,1848426100,0,0
2021-03-02,867.5,870,839.5,846,1789800,1520629700,0,0
2021-03-03,854.5,870.5,851,870.5,1654800,1430421300,0,0
2021-03-04,869,878,860.5,876,2152200,1878006400,0,0
2021-03-05,880.5,885.5,869,881,2382800,2092932900,0,0
2021-03-08,895,915,890.5,905,2298600,2078018200,0,0
2021-03-09,922,924,901,909.5,2646800,2410931200,0,0
2021-03-10,908,929,902,925.5,3170800,2918623200,0,0
2021-03-11,929.5,942,925,933,2335000,2178611200,0,0
2021-03-12,935,935.5,919.5,933.5,2754800,2567460000,0,0
2021-03-15,942,963.5,941,962,2082800,1993876200,0,0
2021-03-16,955.5,971.5,955.5,971.5,2068600,2000510000,0,0
2021-03-17,970,976,964.5,975,1633200,1588118800,0,0
2021-03-18,975.5,978.5,958,966,2512800,2428952500,0,0
2021-03-19,975.5,998.5,975,980,4093600,4018145000,0,0
2021-03-22,971.5,977,960.5,972.5,1820200,1767228800,0,0
2021-03-23,979.5,980,960.5,960.5,2108800,2039971500,0,0
2021-03-24,957.5,964,940,946,2568000,2439148900,0,0
2021-03-25,959,975,955.5,968,1513600,1465111500,0,0
2021-03-26,979.5,985.5,963,967,1707200,1655499400,0,0
2021-03-29,975,975,939.5,950,2566200,2441881900,0,0
2021-03-30,942,951,923,950,1899400,1791135700,0,0
2021-03-31,932.5,941,930,935,2347200,2195747600,0,0
2021-04-01,950,959.5,931,939,2049000,1929178000,0,0
2021-04-02,941.5,947.5,929,934.5,1077400,1007032700,0,0
2021-04-05,954.5,955.5,933.5,938,1525800,1434536300,0,0
2021-04-06,940,949,926.5,938.5,2630800,2468721500,0,0
2021-04-07,953.5,975.5,948,973.5,3588800,3471796100,0,0
2021-04-08,980,982,965.5,973,2642600,2572002400,0,0
2021-04-09,983,985.5,960,964,2378000,2309605600,0,0
2021-04-12,967.5,976.5,965.5,971,1187400,1153353300,0,0
2021-04-13,970.5,974,965,967.5,1343000,1300474900,0,0
2021-04-14,950.5,952.5,937.5,940.5,2158800,2033634700,0,0
2021-04-15,942.5,953.5,938.5,946.5,1913400,1812189400,0,0
2021-04-16,954.5,965.5,952.5,961.5,2025000,1947574900,0,0
2021-04-19,961.5,970.5,958,968.5,1313800,1270588100,0,0
2021-04-20,968,968,944.5,948.5,1689000,1605767700,0,0
2021-04-21,940,940,916.5,926.5,1768600,1638061200,0,0
2021-04-22,934.5,943,929,943,1259000,1181813700,0,0
2021-04-23,941,953,938,950.5,1492800,1414786600,0,0
2021-04-26,954,955,941.5,952.5,1277600,1214565100,0,0
2021-04-27,950.5,953.5,942.5,942.5,1576200,1490895500,0,0
2021-04-28,945,946,934.5,941,1324400,1245676600,0,0
2021-04-30,941,949.5,929,931.5,2343400,2193572700,0,0
2021-05-06,942.5,962,940,955,2452600,2337157000,0,0
2021-05-07,946,964.5,934.5,962.5,2085400,1991734300,0,0
2021-05-10,966.5,981,965,976.5,1573600,1537266900,0,0
2021-05-11,970.5,975,936.5,959,1740800,1668105600,0,0
2021-05-12,958.5,962,927,935.5,1781600,1674011700,0,0
2021-05-13,855.5,875.5,847.5,871,3535200,3066864000,0,0
2021-05-14,890,914,889.5,913.5,2874800,2594908000,0,0
2021-05-17,915.5,923.5,906,915,1570600,1435373000,0,0
2021-05-18,922.5,942.5,919.5,935.5,1878400,1754976300,0,0
2021-05-19,921,933.5,919.5,928,1607000,1489897600,0,0
2021-05-20,924.5,928,915.5,918,1448600,1331568700,0,0
2021-05-21,950.5,958.5,946.5,947.5,3110200,2956251400,0,0
2021-05-24,941.5,955,938,951,2001400,1902323200,0,0
2021-05-25,950.5,965.5,950,951.5,1967400,1878769200,0,0
2021-05-26,948.5,953,944,951,1830600,1738506500,0,0
2021-05-27,936,950,934,939.5,4721000,4436713700,0,0
2021-05-28,951,967.5,951,963.5,2139200,2056024100,0,0
2021-05-31,963.5,966,956.5,959,1135400,1090845800,0,0
2021-06-01,956.5,960,937,948.5,1586400,1503800100,0,0
2021-06-02,942.5,963,935.5,960.5,1688800,1614528900,0,0
2021-06-03,954,965.5,952,956.5,1318400,1262606900,0,0
2021-06-04,969,969,958,966.5,1631800,1575334300,0,0
2021-06-07,969,975.5,961.5,971,1354400,1313915100,0,0
2021-06-08,968,985.5,967.5,977,1554000,1520264200,0,0
2021-06-09,977,979.5,959.5,960.5,1080200,1043200600,0,0
2021-06-10,955.5,957.5,945.5,949,1283400,1219098500,0,0
2021-06-11,947.5,949.5,937,938.5,2033800,1917208200,0,0
2021-06-14,947.5,950,940,948,813200,770065200,0,0
2021-06-15,939.5,959,939.5,954.5,1082200,1031681300,0,0
2021-06-16,964.5,966.5,956,956.5,1059400,1016184500,0,0
2021-06-17,959.5,961,942.5,944.5,916000,867160500,0,0
2021-06-18,938.5,939,924.5,926.5,3252200,3021904500,0,0
2021-06-21,908.5,910,884,887.5,1631400,1452355000,0,0
2021-06-22,910,919,905.5,918.5,1734800,1587003500,0,0
2021-06-23,906.5,911,903.5,903.5,1331000,1206425200,0,0
2021-06-24,911.5,914.5,904.5,905,987000,895886800,0,0
2021-06-25,918.5,921.5,907.5,911,1067600,973526800,0,0
2021-06-28,916,916.5,907.5,912,995800,907458500,0,0
2021-06-29,904.5,904.5,889.5,897.5,1403800,1258426000,0,0
2021-06-30,894.5,906,889.5,892.5,1504000,1344031400,0,0
2021-07-01,888.5,901.5,888,896.5,1170600,1049362300,0,0
2021-07-02,901.5,911.5,900,909.5,1601600,1453421400,0,0
2021-07-05,904,913.5,903,912,723000,658502900,0,0
2021-07-06,913,914.5,897.5,898,1010400,911082600,0,0
2021-07-07,884,888,876.5,887,1397200,1235949200,0,0
2021-07-08,875,881.5,866,866,2636800,2295464700,0,0
2021-07-09,857,872,847.5,870,2203000,1896888000,0,0
2021-07-12,902.5,906,893,905,1728400,1560051400,0,0
2021-07-13,912.5,920.5,910,917.5,1334600,1224028600,0,0
2021-07-14,915,946,913.5,942.5,2213200,2078650900,0,0
2021-07-15,942.5,949.5,935.5,937,2101600,1976667800,0,0
2021-07-16,928.5,936,924.5,925.5,1391800,1291908800,0,0
2021-07-19,920.5,921,908.5,919.5,1187400,1088835700,0,0
2021-07-20,906,916.5,901,914,1297600,1182160000,0,0
2021-07-21,933.5,939,923.5,926.5,1086800,1009376600,0,0
2021-07-26,942.5,944,930,936.5,1347800,1263963800,0,0
2021-07-27,944,946.5,935.5,944.5,1538000,1450035800,0,0
2021-07-28,933,941.5,929.5,934.5,1534600,1435050200,0,0
2021-07-29,937,946.5,934.5,939.5,979800,920081400,0,0
2021-07-30,933.5,939,922.5,924.5,2065400,1914247400,0,0
2021-08-02,932.5,947,931,944.5,1304200,1228084600,0,0
2021-08-03,933,942.5,929,940.5,1382600,1296364600,0,0
2021-08-04,944,944.5,935,936,1354600,1270895000,0,0
2021-08-05,933,947,933,942,989400,931901500,0,0
2021-08-06,939.5,940,924,928.5,1255000,1168449100,0,0
2021-08-10,939,952,933.5,939,1888000,1774910100,0,0
2021-08-11,944,953,940.5,941,1193200,1127768000,0,0
2021-08-12,950,952,941.5,945,1048000,992281000,0,0
2021-08-13,953.5,958,944,946,1148600,1090539600,0,0
2021-08-16,943,945,921,935.5,1309600,1223532500,0,0
2021-08-17,938,942.5,930,934.5,1032000,965545800,0,0
2021-08-18,937,952.5,936.5,949.5,1026000,971677300,0,0
2021-08-19,938,942,912.5,914,1203000,1108332700,0,0
2021-08-20,911.5,913.5,902.5,910,1159000,1054849100,0,0
2021-08-23,916,925,908.5,921.5,1304800,1198652800,0,0
2021-08-24,920,939,917,933.5,1046600,976286000,0,0
2021-08-25,927,939.5,924.5,931.5,806200,752510400,0,0
2021-08-26,936,939,932,935,916800,857153400,0,0
2021-08-27,936,937,920,934,1088400,1012111800,0,0
2021-08-30,944.5,949.5,939,945,1176400,1110806600,0,0
2021-08-31,935.5,948.5,919.5,945,2214200,2078144100,0,0
2021-09-01,945.5,969.5,945.5,969.5,1477400,1425314100,0,0
2021-09-02,970.5,978.5,956.5,958,1414800,1360876000,0,0
2021-09-03,967,980.5,957,978.5,1805800,1756574500,0,0
2021-09-06,982,987,974.5,979.5,1237600,1213468800,0,0
2021-09-07,992.5,997,986,986.5,1239800,1226128000,0,0
2021-09-08,989,994,981.5,994,1832800,1815129500,0,0
2021-09-09,991,998.5,987.5,991,1215200,1205099800,0,0
2021-09-10,997.5,1015.5,994.5,1012.5,2617800,2632467500,0,0
2021-09-13,1011.5,1026.5,1005,1026.5,1307200,1331418800,0,0
2021-09-14,1037,1037.5,1020.5,1037.5,1506200,1557342500,0,0
2021-09-15,1026.5,1031.5,1016,1021,1499000,1531850000,0,0
2021-09-16,1030.5,1030.5,1015.5,1020,1303200,1330006200,0,0
2021-09-17,1016.5,1021,1008.5,1017.5,2054600,2089326400,0,0
2021-09-21,999.5,1009,993,996,1346800,1345510700,0,0
2021-09-22,990,991.5,974,978,1642600,1610656400,0,0
2021-09-24,995.5,1007.5,988,1003.5,1724400,1725148200,0,0
2021-09-27,1011,1017,993.5,994.5,1223000,1222845600,0,0
2021-09-28,995.5,997,982,996,1531200,1521728600,0,0
2021-09-29,974,974.5,947,958,1885000,1803708600,0,0
2021-09-30,962,965.5,942.5,951.5,2346200,2233988100,0,0
2021-10-01,946.5,953.5,930,931.5,1634600,1528804600,0,0
2021-10-04,940,947,930.5,933.5,1290600,1206813600,0,0
2021-10-05,914,918,895,903,1496400,1354012100,0,0
2021-10-06,912,927,901.5,912.5,1241400,1132823800,0,0
2021-10-07,907.5,927,906,916.5,1036000,951033000,0,0
2021-10-08,935.5,943,928.5,928.5,1366600,1275239900,0,0
2021-10-11,918.5,935,916,935,1366000,1269584800,0,0
2021-10-12,931,933.5,912,913.5,1168000,1071862100,0,0
2021-10-13,912.5,925,905.5,914.5,1134000,1038683500,0,0
2021-10-14,911,912,900,907.5,1245400,1128368100,0,0
2021-10-15,920,931,911.5,928,1548000,1430810500,0,0
2021-10-18,927,928,915,923,1017000,937487500,0,0
2021-10-19,933,934,919,930.5,1035800,961788200,0,0
2021-10-20,934.5,943.5,927.5,930.5,891000,831324400,0,0
2021-10-21,934,936.5,922.5,926,918400,852841300,0,0
2021-10-22,923.5,933,917.5,926,1066600,987687200,0,0
2021-10-25,928.5,935.5,925,927,1004800,933360900,0,0
2021-10-26,940,941.5,932,934,842600,787642500,0,0
2021-10-27,934.5,935.5,925.5,932,1254800,1168545400,0,0
2021-10-28,919,930,910,926,979800,904254000,0,0
2021-10-29,922.5,925,908.5,916.5,1282200,1175742500,0,0
2021-11-01,936.5,938.5,919.5,934.5,1214400,1132021700,0,0
2021-11-02,928.5,931.5,918.5,918.5,1144200,1054798500,0,0
2021-11-04,942.5,944,921.5,928,1350400,1254498800,0,0
2021-11-05,918.5,920,911,918,845600,774583200,0,0
2021-11-08,928,928.5,920,920,794000,732586100,0,0
2021-11-09,919.5,925,906.5,906.5,761400,694498400,0,0
2021-11-10,907,911,892,893.5,916400,822133400,0,0
2021-11-11,972.5,982.5,951,966,3208800,3108104100,0,0
2021-11-12,966.5,999,966.5,990,2043200,2015495900,0,0
2021-11-15,1003.5,1003.5,992,995,1648400,1642243700,0,0
2021-11-16,995,1004.5,976,979,2029200,1999271200,0,0
2021-11-17,979,979.5,943,946,2253000,2144990100,0,0
2021-11-18,935.5,954,933,946,1809400,1712552400,0,0
2021-11-19,924,940,919,919.5,2639800,2438635900,0,0
2021-11-22,920,931.5,912.5,925,1916400,1765888200,0,0
2021-11-24,925.5,931,898,904.5,1723200,1566923300,0,0
2021-11-25,904.5,909.5,895.5,904,1824400,1645889500,0,0
2021-11-26,900,901.5,869,876.5,2645400,2324630600,0,0
2021-11-29,851.5,862,846,849.5,2377600,2025245000,0,0
2021-11-30,864,880.5,855,861.5,6962200,6016048000,0,0
2021-12-01,858.5,887,856,880,2711400,2380842300,0,0
2021-12-02,862.5,866,853.5,864.5,2361800,2037075800,0,0
2021-12-03,882,891,867,889.5,1655600,1465806500,0,0
2021-12-06,892.5,900,883,886,1219200,1082720000,0,0
2021-12-07,891,914,883.5,910,1972600,1785651000,0,0
2021-12-08,906.5,914.5,905,908.5,1214200,1104215500,0,0
2021-12-09,909,921.5,907,911,1387400,1265384200,0,0
2021-12-10,930.5,964.5,924.5,960,4741000,4507537100,0,0
2021-12-13,967.5,977.5,964.5,972,2751000,2673342900,0,0
2021-12-14,980.5,985.5,969.5,978,3450000,3375274500,0,0
2021-12-15,988.5,1019,986.5,995,3822800,3827424900,0,0
2021-12-16,995,1017,991,1017,2889800,2912776900,0,0
2021-12-17,1007,1032.5,1006,1018.5,4451800,4540472700,0,0
2021-12-20,995,1007,986,1000.5,2979600,2974575600,0,0
2021-12-21,1023.5,1046,1021.5,1033,2362200,2440710700,0,0
2021-12-22,1046,1049.5,1036.5,1041.5,1871200,1953171300,0,0
2021-12-23,1050,1081.5,1046.5,1073.5,2331600,2494882500,0,0
2021-12-24,1074.5,1082,1067.5,1073,1725200,1849978600,0,0
2021-12-27,1074.5,1078.5,1070,1074.5,1096800,1178400300,0,0
2021-12-28,1083.5,1084,1065.5,1078,1248400,1342666800,0,0
2021-12-29,1077.5,1086,1073.5,1086,1450800,1570193900,0,0
2021-12-30,1086,1088.5,1072.5,1078,1468000,1585383400,0,0
2022-01-04,1093.5,1097.5,1071,1076.5,2367400,2552898700,0,0
2022-01-05,1091,1091.5,1067.5,1078,1642000,1766785400,0,0
2022-01-06,1076,1079.5,1050,1050,2163200,2291850800,0,0
2022-01-07,1063.5,1071,1059,1061.5,2277800,2423133600,0,0
2022-01-11,1054,1080,1053.5,1079,2723000,2921895100,0,0
2022-01-12,1086,1115.5,1082,1109,3001200,3323301400,0,0
2022-01-13,1117.5,1134.5,1115,1120.5,2372000,2664175200,0,0
2022-01-14,1114.5,1118,1086,1101.5,1937600,2136285000,0,0
2022-01-17,1107.5,1122.5,1101.5,1110,768400,854104500,0,0
2022-01-18,1108,1127.5,1095,1102,1351200,1498621100,0,0
2022-01-19,1080,1096.5,1064,1071,1692200,1821323300,0,0
2022-01-20,1071.5,1089,1065,1081.5,1319400,1425149200,0,0
2022-01-21,1072,1089.5,1060,1086,2540400,2737609300,0,0
2022-01-24,1081,1100,1076.5,1093,1474400,1607475100,0,0
2022-01-25,1083.5,1084.5,1063,1076.5,1419600,1522948100,0,0
2022-01-26,1076,1088,1071.5,1080.5,1788800,1931729000,0,0
2022-01-27,1091,1099.5,1056,1064,1781000,1904861000,0,0
2022-01-28,1082,1096.5,1076.5,1085,1669400,1810539400,0,0
2022-01-31,1081.5,1094.5,1077.5,1088,1918800,2087974600,0,0
2022-02-01,1088.5,1093.5,1080.5,1091.5,1850200,2014878800,0,0
2022-02-02,1094.5,1108.5,1088,1102.5,1658800,1825598600,0,0
2022-02-03,1103.5,1113.5,1094,1107.5,1439800,1590831400,0,0
2022-02-04,1107.5,1109,1081.5,1097,1237200,1355832500,0,0
2022-02-07,1092,1095.5,1071.5,1092,1469000,1597329300,0,0
2022-02-08,1100,1112,1095,1105.5,1180800,1304687600,0,0
2022-02-09,1113.5,1117,1102,1102,1351800,1495126000,0,0
2022-02-10,1177,1188.5,1121,1144,3623800,4153675000,0,0
2022-02-14,1130,1146.5,1117.5,1143.5,2097400,2383665400,0,0
2022-02-15,1147.5,1154,1139.5,1148.5,1762000,2021287100,0,0
2022-02-16,1162,1174.5,1156,1171.5,1335200,1562064800,0,0
2022-02-17,1184,1184,1148.5,1159.5,1646600,1918187800,0,0
2022-02-18,1140.5,1158.5,1136,1141,1365200,1563150100,0,0
2022-02-21,1131.5,1145.5,1119.5,1136.5,1032000,1172464800,0,0
2022-02-22,1126.5,1138,1116.5,1133.5,1219600,1379572000,0,0
2022-02-24,1118.5,1125,1092,1105,1914800,2119102300,0,0
2022-02-25,1105,1110.5,1085.5,1097.5,2132400,2337932400,0,0
2022-02-28,1106.5,1130,1105.5,1128.5,2346200,2634004100,0,0
2022-03-01,1129,1137.5,1101.5,1104.5,2239200,2491902300,0,0
2022-03-02,1091,1100,1085,1095.5,1683200,1842044200,0,0
2022-03-03,1107.5,1117.5,1102,1108,1417200,1573386700,0,0
2022-03-04,1112.5,1118.5,1082.5,1097.5,1843000,2021452800,0,0
2022-03-07,1080,1084,1059,1073,1520800,1630968900,0,0
2022-03-08,1060,1067,1033,1034.5,1772000,1850845700,0,0
2022-03-09,1027.5,1055,1019,1044,2382400,2477521900,0,0
2022-03-10,1064,1095,1061.5,1089,2021200,2188384400,0,0
2022-03-11,1088.5,1101,1084,1091,1756400,1914812300,0,0
2022-03-14,1105,1117.5,1101.5,1108,1196600,1328007900,0,0
2022-03-15,1108.5,1123.5,1102,1116.5,1281400,1428753000,0,0
2022-03-16,1114.5,1123.5,1105,1111.5,1645000,1832170500,0,0
2022-03-17,1129,1134,1115.5,1125,1540400,1732614700,0,0
2022-03-18,1125,1125,1106.5,1119.5,2043000,2281442200,0,0
2022-03-22,1121.5,1131,1118,1127.5,2147600,2417725700,0,0
2022-03-23,1140,1141.5,1120.5,1139.5,1738800,1972749200,0,0
2022-03-24,1135.5,1143,1120,1125,1401800,1578325800,0,0
2022-03-25,1133,1134.5,1115.5,1122,1069200,1201287200,0,0
2022-03-28,1136,1137,1120.5,1128,696200,786532900,0,0
2022-03-29,1124,1137,1116,1134.5,1367800,1548384200,0,0
2022-03-30,1126.5,1138,1103.5,1115,1621400,1809220600,0,0
2022-03-31,1103.5,1116.5,1082,1083,2557200,2785624000,0,0
2022-04-01,1079,1087.5,1071,1082.5,1635600,1770844600,0,0
2022-04-04,1078,1095,1078,1086.5,998800,1085618600,0,0
2022-04-05,1089,1096,1069,1080,1326000,1431556500,0,0
2022-04-06,1074,1076.5,1044,1046,2444000,2570115700,0,0
2022-04-07,1033.5,1038,1017.5,1034.5,1847400,1906230700,0,0
2022-04-08,1041.5,1051,1039,1045,2470600,2580675700,0,0
2022-04-11,1038.5,1055.5,1038.5,1052.5,1594000,1673542100,0,0
2022-04-12,1046,1069,1044,1045.5,1938000,2037118100,0,0
2022-04-13,1047.5,1073.5,1047.5,1069.5,1704200,1813210000,0,0
2022-04-14,1066.5,1080,1061,1075.5,1122800,1205368300,0,0
2022-04-15,1070,1072.5,1057.5,1066.5,863600,920659800,0,0
2022-04-18,1050,1054.5,1029,1046,1114400,1162109700,0,0
2022-04-19,1058,1058.5,1043.5,1055.5,914600,963736600,0,0
2022-04-20,1064.5,1078,1060,1064,1246000,1327446900,0,0
2022-04-21,1065.5,1077.5,1065.5,1073,1118000,1200023600,0,0
2022-04-22,1059.5,1070,1050.5,1066,1065800,1133163500,0,0
2022-04-25,1046.5,1067,1045,1058.5,1221400,1293516500,0,0
2022-04-26,1068,1074.5,1059.5,1063.5,1561000,1662089500,0,0
2022-04-27,1045,1050.5,1030.5,1036.5,4337800,4495781100,0,0
2022-04-28,1041.5,1080,1040.5,1076,1727400,1845347300,0,0
2022-05-02,1063.5,1086.5,1063.5,1081.5,1192200,1286295600,0,0
2022-05-06,1077.5,1108,1077.5,1101.5,1498000,1647394300,0,0
2022-05-09,1090.5,1098,1082,1086.5,1213000,1319887700,0,0
2022-05-10,1071.5,1097,1069.5,1091,1508800,1640118100,0,0
2022-05-11,1081.5,1084,1052,1056.5,1879000,1993258800,0,0
2022-05-12,1081.5,1132.5,1080.5,1123.5,2896800,3229521100,0,0
2022-05-13,1128,1166,1113,1159.5,2718600,3129977700,0,0
2022-05-16,1170.5,1187,1160,1186,2560000,3016408900,0,0
2022-05-17,1190,1216.5,1190,1202.5,2321600,2799690900,0,0
2022-05-18,1207.5,1220,1207,1215.5,2308200,2803263900,0,0
2022-05-19,1179,1192,1152,1185.5,2254000,2652305700,0,0
2022-05-20,1203,1227,1191.5,1207,2627600,3180340800,0,0
2022-05-23,1218,1218.5,1190.5,1195.5,1768600,2118628000,0,0
2022-05-24,1186,1194.5,1183,1187.5,1369200,1625964000,0,0
2022-05-25,1187.5,1190,1169.5,1176.5,1524600,1795052300,0,0
2022-05-26,1165,1177.5,1163,1166.5,1273200,1487900300,0,0
2022-05-27,1173,1191,1171,1189.5,1537200,1822573600,0,0
2022-05-30,1200,1218.5,1195,1218.5,3795600,4612436800,0,0
2022-05-31,1211,1217,1209,1212.5,3281600,3979114100,0,0
2022-06-01,1215,1234,1213,1229.5,1719400,2107947000,0,0
2022-06-02,1220.5,1226.5,1205,1220,1486600,1810995500,0,0
2022-06-03,1228.5,1237.5,1220.5,1231,1696000,2084885000,0,0
2022-06-06,1230,1230,1211,1217,1226800,1495095400,0,0
2022-06-07,1227,1241,1222,1223.5,1547800,1899472200,0,0
2022-06-08,1210,1216.5,1199,1208.5,2020000,2438972200,0,0
2022-06-09,1206,1210,1193,1194.5,1560200,1867102600,0,0
2022-06-10,1184.5,1202.5,1178,1187,1955000,2324497100,0,0
2022-06-13,1166.5,1178.5,1158,1174.5,1277000,1496608600,0,0
2022-06-14,1150.5,1175.5,1150.5,1170.5,1614200,1886102600,0,0
2022-06-15,1166,1175.5,1163,1168,1335600,1561552700,0,0
2022-06-16,1168.5,1187.5,1166,1172.5,1242400,1461805300,0,0
2022-06-17,1141,1167.5,1140.5,1163.5,2638400,3061992900,0,0
2022-06-20,1168.5,1173,1157.5,1168.5,1163000,1356810400,0,0
2022-06-21,1177.5,1185,1169.5,1182,1534400,1809523300,0,0
2022-06-22,1199.5,1201,1183,1184,1434600,1705336800,0,0
2022-06-23,1184,1187,1160.5,1161.5,1300000,1518483700,0,0
2022-06-24,1156.5,1157,1121.5,1132,1600200,1810490300,0,0
2022-06-27,1148,1155.5,1125.5,1141.5,1264200,1440913600,0,0
2022-06-28,1144,1165,1143.5,1164,1516600,1760401800,0,0
2022-06-29,1159.5,1161.5,1141.5,1150,3469800,3990515700,0,0
2022-06-30,1144,1152,1131,1133.5,1985600,2255721700,0,0
2022-07-01,1132.5,1139.5,1106,1113,1991800,2224384400,0,0
2022-07-04,1119.5,1135,1110.5,1116.5,957200,1069856300,0,0
2022-07-05,1128,1132.5,1099,1099.5,1613400,1786628400,0,0
2022-07-06,1078,1083,1059.5,1069.5,1779000,1903816000,0,0
2022-07-07,1082,1097,1077.5,1091,2043200,2223497200,0,0
2022-07-08,1080.5,1107,1079.5,1095,2065200,2261642900,0,0
2022-07-11,1107,1120.5,1106,1109,1255200,1394421200,0,0
2022-07-12,1108,1109.5,1089.5,1096.5,1169200,1281419100,0,0
2022-07-13,1098,1106.5,1097.5,1102,1037800,1143534500,0,0
2022-07-14,1102.5,1112,1096,1111,1184800,1311514400,0,0
2022-07-15,1119,1119.5,1070.5,1092,1923200,2106137000,0,0
2022-07-19,1106,1110.5,1098,1105,1170000,1292997000,0,0
2022-07-20,1119.5,1132,1113,1129.5,1327000,1495129600,0,0
2022-07-21,1129,1142.5,1124.5,1138,1271000,1444002300,0,0
2022-07-22,1138.5,1155,1137,1149,1374400,1579559300,0,0
2022-07-25,1144,1163.5,1142.5,1151,1191200,1374759800,0,0
2022-07-26,1151.5,1155,1132.5,1145.5,1216400,1392410400,0,0
2022-07-27,1145.5,1147.5,1133,1135.5,1164400,1324568700,0,0
2022-07-28,1139.5,1139.5,1121.5,1132,1538000,1738632900,0,0
2022-07-29,1133.5,1143,1127,1128,1397200,1581833700,0,0
2022-08-01,1132,1143.5,1122.5,1142,1450800,1647130900,0,0
2022-08-02,1133.5,1139,1117.5,1117.5,1507400,1692626000,0,0
2022-08-03,1110,1117.5,1106.5,1113.5,1278600,1422370200,0,0
2022-08-04,1113.5,1117,1104.5,1111,1225400,1362445300,0,0
2022-08-05,1101.5,1119.5,1101,1117.5,1479600,1649173400,0,0
2022-08-08,1120,1120,1081,1099,2645600,2905917700,0,0
2022-08-09,1106,1115,1093,1101,1589800,1752485700,0,0
2022-08-10,1116,1116,1098.5,1105.5,1148600,1270441800,0,0
2022-08-12,1130.5,1153.5,1127.5,1150,2399000,2746448700,0,0
2022-08-15,1148.5,1148.5,1133,1143,1059000,1207842700,0,0
2022-08-16,1131.5,1138,1128,1130,1109000,1255108800,0,0
2022-08-17,1141,1151.5,1136.5,1142.5,1414000,1616815000,0,0
2022-08-18,1136,1136.5,1122.5,1129,1024200,1156013000,0,0
2022-08-19,1129.5,1134.5,1120.5,1124.5,944600,1062644300,0,0
2022-08-22,1116,1133,1111,1132,822400,927893400,0,0
2022-08-23,1124,1124,1113,1115.5,1094000,1221056500,0,0
2022-08-24,1117.5,1123,1110,1115,1208000,1347761300,0,0
2022-08-25,1112.5,1112.5,1096,1096,2070400,2278231400,0,0
2022-08-26,1100,1107.5,1099.5,1102.5,1685400,1859132000,0,0
2022-08-29,1080,1087,1072.5,1074,1834600,1974581100,0,0
2022-08-30,1085.5,1087,1080.5,1084.5,1420800,1539828300,0,0
2022-08-31,1075.5,1098,1074.5,1095.5,2463400,2688579000,0,0
2022-09-01,1087.5,1094,1077,1083,1668200,1807593400,0,0
2022-09-02,1083.5,1089,1077.5,1087.5,1382800,1500276600,0,0
2022-09-05,1097.5,1131,1097.5,1122.5,2364400,2646352800,0,0
2022-09-06,1120,1123.5,1108.5,1109.5,1225800,1364355100,0,0
2022-09-07,1102.5,1114,1098.5,1111,1616000,1791439500,0,0
2022-09-08,1119.5,1130.5,1114.5,1130.5,1738600,1960436400,0,0
2022-09-09,1130.5,1147,1130.5,1136.5,2132400,2418235500,0,0
2022-09-12,1150,1156.5,1141,1148.5,1115000,1279107000,0,0
2022-09-13,1148.5,1151.5,1137,1142.5,974200,1113096300,0,0
2022-09-14,1119,1125.5,1113,1119.5,1817800,2032536300,0,0
2022-09-15,1125.5,1129.5,1109.5,1112,1325200,1476826000,0,0
2022-09-16,1109,1119,1107.5,1117.5,1745200,1946552400,0,0
2022-09-20,1124.5,1134.5,1120.5,1129.5,1758400,1983117600,0,0
2022-09-21,1113.5,1123,1109.5,1113,1854600,2066358800,0,0
2022-09-22,1109.5,1125.5,1108,1118.5,1443200,1612218700,0,0
2022-09-26,1100,1102,1063,1065.5,2004800,2151506200,0,0
2022-09-27,1074,1097.5,1067.5,1089.5,2066200,2250199500,0,0
2022-09-28,1079,1080,1056,1074,2238800,2397997300,0,0
2022-09-29,1070,1083,1065.5,1080.5,1886800,2033826100,0,0
2022-09-30,1084,1088.5,1073.5,1077,2315800,2497618000,0,0
2022-10-03,1077.5,1092.5,1063.5,1092.5,1636000,1774382600,0,0
2022-10-04,1117.5,1141,1117.5,1138.5,1726600,1958924900,0,0
2022-10-05,1138.5,1142,1128,1128,1481800,1676069800,0,0
2022-10-06,1129,1139.5,1127,1133,1221200,1384825900,0,0
2022-10-07,1130.5,1133.5,1101.5,1102.5,2117600,2342831100,0,0
2022-10-11,1087,1091.5,1073.5,1085.5,3218200,3489169600,0,0
2022-10-12,1085.5,1089.5,1078,1084,2098400,2275521900,0,0
2022-10-13,1079.5,1083.5,1069,1077.5,1457800,1571089500,0,0
2022-10-14,1087.5,1103.5,1083.5,1096.5,2333600,2557890400,0,0
2022-10-17,1088.5,1099,1088,1096,1425600,1561368200,0,0
2022-10-18,1109.5,1109.5,1094,1099.5,1182400,1301006500,0,0
2022-10-19,1098,1106,1098,1099,1306800,1438585700,0,0
2022-10-20,1089.5,1092.5,1083,1090,1155000,1256682600,0,0
2022-10-21,1081,1097,1081,1092,1264000,1379762100,0,0
2022-10-24,1105.5,1110,1097,1101.5,1328200,1464118700,0,0
2022-10-25,1101.5,1118,1097,1114.5,1219000,1355001600,0,0
2022-10-26,1112.5,1126,1112.5,1121,1398400,1567260700,0,0
2022-10-27,1111,1114,1091,1091,2023800,2218968500,0,0
2022-10-28,1081.5,1096.5,1075.5,1091.5,7838400,8547441400,0,0
2022-10-31,1109.5,1109.5,1099.5,1109.5,1678200,1858333800,0,0
2022-11-01,1111,1113,1103.5,1107.5,837800,928258900,0,0
2022-11-02,1103,1113,1096,1099,1267400,1395985800,0,0
2022-11-04,1085,1089.5,1060,1061.5,1907000,2033762500,0,0
2022-11-07,1073,1075,1061.5,1067,1168200,1247601600,0,0
2022-11-08,1072.5,1077.5,1068,1070,1201200,1287040000,0,0
2022-11-09,1067.5,1083,1062.5,1082.5,1329000,1433435800,0,0
2022-11-10,1081,1095,1061.5,1084,1936000,2093695400,0,0
2022-11-11,1100,1100,1076.5,1081.5,1797000,1949870000,0,0
2022-11-14,1062,1065,1028,1028,2511600,2610811200,0,0
2022-11-15,1025.5,1028,1017,1023.5,1395400,1427124500,0,0
2022-11-16,1022,1037,1018,1034,1308600,1348587900,0,0
2022-11-17,1041,1050.5,1037.5,1046.5,1090800,1141115100,0,0
2022-11-18,1057.5,1058.5,1047,1052,1143200,1202796000,0,0
2022-11-21,1057,1058,1048.5,1054.5,889800,937361400,0,0
2022-11-22,1055.5,1069.5,1054.5,1065.5,1141000,1214666200,0,0
2022-11-24,1075,1076,1063,1070,1164200,1245551300,0,0
2022-11-25,1067.5,1070,1061,1064.5,801200,853398600,0,0
2022-11-28,1068.5,1071,1053.5,1060.5,884000,937012800,0,0
2022-11-29,1058,1063.5,1054,1055.5,1251200,1323484100,0,0
2022-11-30,1054,1069.5,1050.5,1066,2246200,2389992700,0,0
2022-12-01,1069,1069,1045,1045,1873400,1971349700,0,0
2022-12-02,1034,1034.5,1009.5,1025,1917200,1957661200,0,0
2022-12-05,1024,1024.5,1006,1009,1373200,1388068300,0,0
2022-12-06,1006.5,1017.5,1006.5,1014.5,1446600,1465724000,0,0
2022-12-07,1011.5,1020.5,1007.5,1015,1184400,1202033400,0,0
2022-12-08,1015,1017,1007,1015.5,1176800,1192027600,0,0
2022-12-09,1026,1036.5,1026,1029,1781800,1833746100,0,0
2022-12-12,1027,1027.5,1017.5,1020,1172200,1196671700,0,0
2022-12-13,1032.5,1036,1027.5,1032,1381600,1425765700,0,0
2022-12-14,1032.5,1054.5,1032,1044,1782400,1862443700,0,0
2022-12-15,1039,1049,1036.5,1048.5,1192800,1247210900,0,0
2022-12-16,1046.5,1053.5,1041.5,1047.5,2200600,2304916100,0,0
2022-12-19,1045,1046,1035,1038,1251800,1301153700,0,0
2022-12-20,1039.5,1040.5,1003,1014.5,1801200,1829319100,0,0
2022-12-21,1014.5,1023,1005.5,1008,1736000,1756158400,0,0
2022-12-22,1013,1019.5,1007,1016.5,1336800,1357199500,0,0
2022-12-23,1009.5,1011.5,998.5,1002,928400,931259200,0,0
2022-12-26,1006,1007,995.5,999,609200,608999300,0,0
2022-12-27,1003,1003,995.5,995.5,643400,642130600,0,0
2022-12-28,995,995,984,988,880400,870559400,0,0
2022-12-29,971,982,967.5,982,1182600,1155868500,0,0
2022-12-30,978.5,985,976.5,977,1346600,1317757900,0,0
2023-01-04,974.5,976,959.5,966,1452000,1404040200,0,0
2023-01-05,957,962.5,950.5,956,1252400,1197482000,0,0
2023-01-06,952.5,963.5,948,956,1070800,1024174200,0,0
2023-01-10,966.5,974,956.5,957.5,1725200,1660019700,0,0
2023-01-11,961,967.5,957.5,960.5,1191200,1144952500,0,0
2023-01-12,960.5,963.5,952,957.5,966200,925589100,0,0
2023-01-13,948,950.5,939,939.5,1714600,1616728100,0,0
2023-01-16,930.5,940.5,925,926.5,1322400,1229490100,0,0
2023-01-17,925,932.5,923.5,926.5,938200,869541100,0,0
2023-01-18,930,955.5,929.5,952.5,1560800,1479206500,0,0
2023-01-19,945.5,950,942.5,942.5,975000,920840200,0,0
2023-01-20,952,960.5,943,960.5,1382200,1320886100,0,0
2023-01-23,968.5,974,958,972.5,1380400,1337794300,0,0
2023-01-24,978,986,969,984,1266200,1242263800,0,0
2023-01-25,991,1043,990.5,1029,3805000,3891216200,0,0
2023-01-26,1037,1048.5,1034,1046.5,2850600,2972503700,0,0
2023-01-27,1047.5,1049,1026.5,1038.5,1796600,1862619200,0,0
2023-01-30,1034.5,1040.5,1029.5,1035.5,1278400,1323524700,0,0
2023-01-31,1040,1045.5,1034,1043.5,1467600,1529762200,0,0
2023-02-01,1051.5,1054,1043,1047,1168800,1224431100,0,0
2023-02-02,1047.5,1050,1028.5,1031,1166400,1206151400,0,0
2023-02-03,1024.5,1031,1021,1028,1024600,1051124300,0,0
2023-02-06,1025,1038,1025,1031.5,978200,1009128900,0,0
2023-02-07,1031,1035.5,1028.5,1031.5,753800,777802000,0,0
2023-02-08,1025,1043,1023.5,1043,1484400,1537979600,0,0
2023-02-09,1050,1056,1033.5,1044,1867800,1950420400,0,0
2023-02-10,1054,1151.5,1052,1115,6527000,7254743400,0,0
2023-02-13,1116.5,1145,1115.5,1137,3033800,3440812500,0,0
2023-02-14,1149.5,1160,1138.5,1143.5,1974800,2265402200,0,0
2023-02-15,1144.5,1160.5,1141.5,1153,1628000,1874954500,0,0
2023-02-16,1159.5,1193.5,1158,1189.5,2916000,3445556800,0,0
2023-02-17,1186,1196.5,1180.5,1187.5,2896200,3440272300,0,0
2023-02-20,1200,1205.5,1185,1201,3022000,3625077400,0,0
2023-02-21,1205,1257,1202.5,1247,4657400,5767598600,0,0
2023-02-22,1246.5,1253.5,1214.5,1223.5,2875800,3529183600,0,0
2023-02-24,1201,1236.5,1196,1226.5,2770800,3375601500,0,0
2023-02-27,1242,1267,1240.5,1249,1797200,2252854000,0,0
2023-02-28,1248,1252.5,1230,1231.5,2729800,3376424100,0,0
2023-03-01,1243.5,1252.5,1233,1250.5,1807600,2251114800,0,0
2023-03-02,1260,1263.5,1249,1257.5,1700000,2136040900,0,0
2023-03-03,1260,1272,1253.5,1266.5,1682200,2129350100,0,0
2023-03-06,1272,1280,1264,1275.5,1315400,1677211100,0,0
2023-03-07,1273,1289,1273,1277.5,2084600,2665917000,0,0
2023-03-08,1283.5,1287,1274.5,1275,1598600,2045415300,0,0
2023-03-09,1286.5,1311,1283.5,1308.5,2201000,2869050700,0,0
2023-03-10,1347.5,1420,1345.5,1383.5,8847800,12206869100,0,0
2023-03-13,1362.5,1363,1313,1335.5,3495200,4657437700,0,0
2023-03-14,1293,1295.5,1264.5,1281,3683400,4712371400,0,0
2023-03-15,1301,1301,1282.5,1291.5,2630400,3398330600,0,0
2023-03-16,1259.5,1282.5,1255,1282.5,2511600,3202642200,0,0
2023-03-17,1296,1299,1282.5,1282.5,2385800,3068531200,0,0
2023-03-20,1274,1274.5,1244.5,1251.5,2460200,3086503800,0,0
2023-03-22,1269,1283,1262.5,1274.5,2024400,2578062600,0,0
2023-03-23,1263,1275,1253.5,1270.5,1288200,1634289900,0,0
2023-03-24,1253.5,1264.5,1240,1262,1722800,2165013700,0,0
2023-03-27,1272.5,1277.5,1262.5,1271,1228600,1560939100,0,0
2023-03-28,1281.5,1285,1260.5,1277.5,1163200,1481817200,0,0
2023-03-29,1285,1304.5,1281,1304.5,1646200,2137275300,0,0
2023-03-30,1297,1310,1289,1306,1722400,2244373700,0,0
2023-03-31,1315.5,1360.5,1315.5,1332.5,3083000,4120810600,0,0
2023-04-03,1343,1351,1330.5,1347,1955800,2632034100,0,0
2023-04-04,1347,1368.5,1337.5,1362.5,1769000,2404634400,0,0
2023-04-05,1350.5,1355.5,1336,1342.5,1741200,2341382800,0,0
2023-04-06,1336,1344,1324.5,1327.5,1593200,2121684700,0,0
2023-04-07,1328,1331.5,1322,1327.5,1327000,1761367400,0,0
2023-04-10,1335,1345.5,1333,1341.5,1106200,1483105700,0,0
2023-04-11,1355.5,1367,1348,1359,1525600,2073391900,0,0
2023-04-12,1375,1385.5,1373.5,1380.5,1787000,2466952800,0,0
2023-04-13,1379.5,1379.5,1363.5,1364.5,1138000,1556068700,0,0
2023-04-14,1372.5,1376,1360,1370,1578400,2161969200,0,0
2023-04-17,1369.5,1375,1361.5,1371,1028800,1407796900,0,0
2023-04-18,1375.5,1381,1368,1372,1025800,1408658800,0,0
2023-04-19,1372,1381.5,1368.5,1373,1296400,1780766200,0,0
2023-04-20,1365,1388.5,1363,1377.5,1308600,1803401100,0,0
2023-04-21,1387,1403,1381.5,1389.5,1819200,2531787400,0,0
2023-04-24,1390,1395.5,1383.5,1389,777000,1079794500,0,0
2023-04-25,1392,1401.5,1381.5,1393,1303000,1813272400,0,0
2023-04-26,1384,1393,1375.5,1391.5,1268800,1759401400,0,0
2023-04-27,1390.5,1408,1380,1407.5,1362000,1909156900,0,0
2023-04-28,1431,1442,1423,1441,2550000,3661255000,0,0
2023-05-01,1445.5,1455,1438.5,1451,1075400,1558120200,0,0
2023-05-02,1450,1450,1425.5,1433.5,1318600,1892662200,0,0
2023-05-08,1423,1435,1412.5,1433.5,1783600,2549965300,0,0
2023-05-09,1440,1441,1425,1433.5,1716400,2459334600,0,0
2023-05-10,1432.5,1440,1420.5,1436.5,1953000,2797318700,0,0
2023-05-11,1427,1430,1411,1422,1530400,2176430100,0,0
2023-05-12,1430.5,1432.5,1416.5,1429,2101600,2999307800,0,0
2023-05-15,1454,1475.5,1402,1464.5,4156200,6056075200,0,0
2023-05-16,1460,1474.5,1448.5,1470.5,3455200,5060466300,0,0
2023-05-17,1469,1486.5,1462,1481.5,2152400,3177593200,0,0
2023-05-18,1485.5,1492.5,1465,1488,1798000,2665744600,0,0
2023-05-19,1487.5,1491.5,1466,1471.5,1604400,2370680000,0,0
2023-05-22,1474,1505,1469.5,1505,1681200,2515003600,0,0
2023-05-23,1505,1510,1465.5,1469,2281400,3381669100,0,0
2023-05-24,1454,1459,1435,1451.5,2243000,3250434200,0,0
2023-05-25,1433.5,1455.5,1424,1452,2208200,3192866300,0,0
2023-05-26,1463,1522.5,1460.5,1515,2907000,4375114000,0,0
2023-05-29,1535,1542.5,1520,1527.5,2697600,4126830000,0,0
2023-05-30,1522.5,1537.5,1510,1537.5,1511000,2309184000,0,0
2023-05-31,1525,1530,1484.5,1491.5,6129600,9170462400,0,0
2023-06-01,1474.5,1498.5,1464.5,1486.5,2094000,3112739600,0,0
2023-06-02,1491.5,1535,1489,1530,1734600,2640483100,0,0
2023-06-05,1535,1548.5,1526,1534,2062800,3172952000,0,0
2023-06-06,1521.5,1549.5,1517.5,1539.5,1505200,2315608500,0,0
2023-06-07,1550,1573.5,1531.5,1536,2565400,3965602500,0,0
2023-06-08,1536.5,1538,1505,1513,1718000,2608296400,0,0
2023-06-09,1525,1534.5,1520.5,1529.5,2274200,3471625000,0,0
2023-06-12,1527.5,1531.5,1513.5,1526.5,1580800,2409833200,0,0
2023-06-13,1532,1561.5,1531,1554.5,2054000,3185454400,0,0
2023-06-14,1571,1576,1548,1558,2186000,3406912700,0,0
2023-06-15,1563,1563,1544.5,1547.5,1635200,2537833900,0,0
2023-06-16,1537.5,1538,1513,1533,3940200,6022097100,0,0
2023-06-19,1539.5,1541,1509.5,1521,1615400,2457401800,0,0
2023-06-20,1512,1515,1502.5,1514,1429800,2158367200,0,0
2023-06-21,1515,1541.5,1506.5,1535.5,1748400,2672744000,0,0
2023-06-22,1525.5,1552.5,1524,1542.5,1356000,2094072100,0,0
2023-06-23,1548.5,1561.5,1515,1525,2077800,3182862100,0,0
2023-06-26,1524.5,1533,1508,1521.5,1376200,2096456700,0,0
2023-06-27,1521.5,1526.5,1506,1515.5,1200400,1820351800,0,0
2023-06-28,1531,1557.5,1525,1550.5,1320400,2039991700,0,0
2023-06-29,1550.5,1568,1536.5,1544.5,4646400,7182874000,0,0
2023-06-30,1544.5,1553.5,1537,1550,1451200,2245693400,0,0
2023-07-03,1567.5,1592.5,1567.5,1579,1810400,2863162200,0,0
2023-07-04,1571.5,1584,1558.5,1561,1241200,1944845200,0,0
2023-07-05,1554,1567.5,1549,1563.5,1026600,1602288000,0,0
2023-07-06,1565.5,1579,1557,1568,1551600,2432402100,0,0
2023-07-07,1557,1569.5,1534,1549.5,1894800,2944296700,0,0
2023-07-10,1550,1559.5,1526,1529,1709600,2627750300,0,0
2023-07-11,1540,1544.5,1515.5,1524.5,1340000,2047652900,0,0
2023-07-12,1530.5,1536.5,1511,1512,1082600,1642630100,0,0
2023-07-13,1506.5,1509.5,1487.75,1497.75,2094400,3136418200,0,0
2023-07-14,1514.5,1527.5,1487.75,1506,2359800,3557630200,0,0
2023-07-18,1515.5,1551.5,1515.5,1540,1883600,2894176000,0,0
2023-07-19,1565,1598.5,1562.5,1593.5,1857400,2939967600,0,0
2023-07-20,1592.5,1598.5,1584,1587,1513000,2403458400,0,0
2023-07-21,1587.5,1591.5,1572,1584,1541800,2440914400,0,0
2023-07-24,1600.5,1622.5,1600,1620.5,1589200,2568603100,0,0
2023-07-25,1620.5,1627,1610,1620.5,1475200,2387814800,0,0
2023-07-26,1617.5,1639,1608,1634,1705600,2779977300,0,0
2023-07-27,1630,1656,1630,1649.5,1623400,2671963500,0,0
2023-07-28,1627,1645.5,1580,1623,2582600,4182856500,0,0
2023-07-31,1655,1689,1651.5,1671,1976000,3302682000,0,0
2023-08-01,1671,1682.5,1659,1674.5,1325400,2216584600,0,0
2023-08-02,1657,1664.5,1638.5,1641.5,1239600,2041695500,0,0
2023-08-03,1626.5,1636.5,1619.5,1625,1169000,1902297600,0,0
2023-08-04,1615,1624.5,1605,1619,1111800,1797627900,0,0
2023-08-07,1605.5,1630,1604,1625,995000,1613532600,0,0
2023-08-08,1653.5,1687,1651,1680.5,1972200,3296275000,0,0
2023-08-09,1666.5,1667,1629.5,1643.5,2176200,3583929100,0,0
2023-08-10,1632.5,1671.5,1632.5,1670.5,1759600,2915792000,0,0
2023-08-14,1675,1693.5,1655,1655.5,1891000,3153758700,0,0
2023-08-15,1695,1715.5,1635,1638,3068400,5127806100,0,0
2023-08-16,1627.5,1645,1613.5,1633.5,1630800,2661811000,0,0
2023-08-17,1633.5,1636.5,1605,1626,1326800,2153581500,0,0
2023-08-18,1615.5,1635,1606.5,1624.5,1254600,2036420400,0,0
2023-08-21,1632,1641.5,1622.5,1626.5,777400,1267582500,0,0
2023-08-22,1635,1636.5,1623.5,1636.5,892000,1455825300,0,0
2023-08-23,1622.5,1636,1617,1629,982800,1600132200,0,0
2023-08-24,1627.5,1673,1627.5,1669.5,1704800,2831663300,0,0
2023-08-25,1646,1652,1637.5,1644,1074600,1767579600,0,0
2023-08-28,1658.5,1690,1654.5,1686.5,1028400,1726117900,0,0
2023-08-29,1691.5,1723.5,1685,1701.5,1288000,2199934400,0,0
2023-08-30,1706,1729,1706,1712.5,1557200,2676327500,0,0
2023-08-31,1716.5,1767.5,1716.5,1760.5,3095000,5430753500,0,0
2023-09-01,1752.5,1799,1752,1789,1601000,2860796900,0,0
2023-09-04,1794.5,1812.5,1778.5,1812.5,1302600,2348383000,0,0
2023-09-05,1811,1819.5,1794,1817.5,1119200,2028147400,0,0
2023-09-06,1824,1839.5,1820.5,1824.5,1075200,1966339900,0,0
2023-09-07,1831,1847,1827.5,1832,1125000,2064138400,0,0
2023-09-08,1825,1832.5,1783,1787,1864600,3370576200,0,0
2023-09-11,1804.5,1812,1787,1794.5,960800,1725941300,0,0
2023-09-12,1799.5,1831.5,1798,1827,1457200,2647980300,0,0
2023-09-13,1839,1870,1838,1856.5,2144400,3970450600,0,0
2023-09-14,1861,1874,1837.5,1869.5,1956400,3646571700,0,0
2023-09-15,1888,1924.5,1882.5,1911.5,2520200,4818643200,0,0
2023-09-19,1917,1933,1908,1918.5,1734400,3325484400,0,0
2023-09-20,1935,1935.5,1899,1906.5,1545600,2952562300,0,0
2023-09-21,1897,1907,1866.5,1876.5,1665000,3130315600,0,0
2023-09-22,1869,1904,1863,1890.5,1694800,3200092700,0,0
2023-09-25,1884.5,1884.5,1839,1854.5,1935800,3588343100,0,0
2023-09-26,1845,1850.5,1798.5,1841,2102000,3853118500,0,0
2023-09-27,1822,1824,1787,1818.5,1959000,3553294500,0,0
2023-09-28,1815,1831.5,1791.5,1812.5,1456600,2640024100,0,0
2023-09-29,1805.5,1808.5,1766.5,1787.5,2027200,3623430300,0,0
2023-10-02,1781,1795.5,1743.5,1747,2253400,3972544300,0,0
2023-10-03,1738,1741,1694.5,1700.5,2392800,4096591300,0,0
2023-10-04,1680.5,1687.5,1646.5,1648,2823600,4692149300,0,0
2023-10-05,1647,1681,1631.5,1680,1932400,3216958600,0,0
2023-10-06,1676.5,1706.5,1669.5,1685,1653800,2795527100,0,0
2023-10-10,1687.5,1736.5,1687.5,1727,1952000,3361911700,0,0
2023-10-11,1713.5,1723,1689.5,1692.5,2235200,3799861800,0,0
2023-10-12,1700.5,1722.5,1695,1716.5,1822200,3119591300,0,0
2023-10-13,1691,1700,1666,1675,1853600,3116715900,0,0
2023-10-16,1671,1673,1624,1635.5,1655400,2714390700,0,0
2023-10-17,1665.5,1681,1636.5,1652.5,1441600,2382733600,0,0
2023-10-18,1673.5,1675,1650.5,1670,1356000,2257893600,0,0
2023-10-19,1640,1671,1638,1663.5,1223000,2030459200,0,0
2023-10-20,1642,1667.5,1637,1651,1241600,2053356800,0,0
2023-10-23,1651,1663,1643.5,1649,1212600,2005430700,0,0
2023-10-24,1657.5,1669,1625.5,1662.5,1291200,2133807600,0,0
2023-10-25,1674.5,1702.5,1671,1684.5,1324000,2236235400,0,0
2023-10-26,1664.5,1699.5,1659,1670.5,1394400,2336191300,0,0
2023-10-27,1690,1712.5,1687.5,1711.5,1304600,2222633100,0,0
2023-10-30,1694.5,1702,1656.5,1670,1098800,1840299500,0,0
2023-10-31,1689.5,1727.5,1679,1726,1732400,2967934100,0,0
2023-11-01,1751.5,1776,1749.5,1771,1821800,3215482300,0,0
2023-11-02,1785.5,1794,1745.5,1745.5,1364800,2404006800,0,0
2023-11-06,1768,1768,1727,1742,1960400,3420572100,0,0
2023-11-07,1729.5,1748,1689.5,1690.5,1758000,2999159000,0,0
2023-11-08,1704,1716.5,1640,1666.5,2047600,3422869200,0,0
2023-11-09,1653.5,1674.5,1623,1665.5,1776600,2937477000,0,0
2023-11-10,1667,1703,1654.5,1695.5,1431400,2404893400,0,0
2023-11-13,1700,1706,1669,1674.5,1313400,2208665500,0,0
2023-11-14,1690.5,1697.5,1647,1660,1597600,2659727100,0,0
2023-11-15,1678,1682,1654.5,1661,1640200,2729907200,0,0
2023-11-16,1660.5,1660.5,1633,1654.5,1601000,2639994400,0,0
2023-11-17,1654.5,1679,1653.5,1675.5,1509800,2520921100,0,0
2023-11-20,1672.5,1679.5,1647,1648,1216200,2012652100,0,0
2023-11-21,1654.5,1666.5,1648.5,1653,1309400,2168754900,0,0
2023-11-22,1652.5,1688,1649,1684.5,1114400,1870939200,0,0
2023-11-24,1710,1751,1708.5,1738.5,2121800,3677723500,0,0
2023-11-27,1755,1778,1740.5,1752,1727800,3031731400,0,0
2023-11-28,1752,1772.5,1736.5,1753,1672800,2928001400,0,0
2023-11-29,1741.5,1759.5,1711.5,1727,1401400,2427185700,0,0
2023-11-30,1706,1737,1677.5,1732,2652800,4567964300,0,0
2023-12-01,1748.5,1761.5,1738.5,1752,1228200,2149582000,0,0
2023-12-04,1739.5,1788.5,1726.5,1778.5,1462800,2580946200,0,0
2023-12-05,1777,1838,1775,1818,2657800,4818558500,0,0
2023-12-06,1818.5,2027.5,1818.5,2018.5,10082000,19904877700,0,0
2023-12-07,2042.5,2049.5,1989.5,2005.5,5411600,10918284000,0,0
2023-12-08,1989,2009,1885,1900,4099600,7918810800,0,0
2023-12-11,1940,1992.5,1929,1961.5,3231800,6341737500,0,0
2023-12-12,1989.5,1990.5,1924,1929.5,3147000,6141202400,0,0
2023-12-13,1935,1941.5,1902,1914,1590400,3050773800,0,0
2023-12-14,1915.5,1932,1886,1886,2259400,4297047700,0,0
2023-12-15,1879,1918.5,1874.5,1890.5,3496800,6627556500,0,0
2023-12-18,1841,1853.5,1811.5,1839.5,1550600,2843654800,0,0
2023-12-19,1841,1875,1837,1864,1581600,2935321800,0,0
2023-12-20,2004,2061.5,1988,2021.5,5274800,10695596300,0,0
2023-12-21,2009.5,2014,1918.5,1918.5,3350000,6526621600,0,0
2023-12-22,1918.5,1968,1917,1953,2694400,5255109700,0,0
2023-12-25,1973,1987.5,1960.5,1972.5,1125000,2221495300,0,0
2023-12-26,1980,2007.5,1979.5,1991,1221000,2434163800,0,0
2023-12-27,2004,2016,1991,1994.5,1248000,2495173400,0,0
2023-12-28,1969.5,2001.5,1967.5,1978.5,928800,1842244900,0,0
2023-12-29,1969.5,1993,1955.5,1967.5,1277000,2513798200,0,0
2024-01-04,1945,1983.5,1929,1983.5,1572200,3091764500,0,0
2024-01-05,1973.5,1979,1954,1960.5,1321400,2595412700,0,0
2024-01-09,1999.5,2019.5,1981,2006.5,1702400,3414584300,0,0
2024-01-10,1984.5,2016.5,1984,1998.5,1711400,3428008300,0,0
2024-01-11,2030.5,2089.5,2028,2055,3209400,6625064300,0,0
2024-01-12,2090,2090,2036,2059,2240200,4614249700,0,0
2024-01-15,2059,2134,2056.5,2125.5,2030600,4298290600,0,0
2024-01-16,2082,2086.5,2037.5,2059,1949000,4012942000,0,0
2024-01-17,2084,2139.5,2058,2058.5,2242600,4687558000,0,0
2024-01-18,2077.5,2100.5,2064,2065.5,1429600,2969686100,0,0
2024-01-19,2086.5,2106,2047.5,2056.5,1800800,3726580700,0,0
2024-01-22,2077,2153.5,2073,2143.5,2225600,4728630600,0,0
2024-01-23,2121.5,2138.5,2089,2098,2303800,4855220800,0,0
2024-01-24,2076.5,2089,2044.5,2080,1907800,3954423600,0,0
2024-01-25,2075.5,2093,2066,2075.5,926600,1923958700,0,0
2024-01-26,2064,2066,2019,2022.5,1401000,2845961800,0,0
2024-01-29,2025,2043,2020,2024.5,1468200,2979511400,0,0
2024-01-30,2016,2019,1977.5,1990.5,2136200,4256224200,0,0
2024-01-31,1997.5,2050,1996,2044.5,2308200,4688695900,0,0
2024-02-01,2016,2023.5,1992.5,1999.5,1600600,3207081800,0,0
2024-02-02,2011.5,2016.5,1990,1994,1204800,2411448300,0,0
2024-02-05,1997,2012,1981,1989.5,1464600,2921169400,0,0
2024-02-06,1990,2038,1988,1988,1906400,3812881000,0,0
2024-02-07,1953,1992.5,1953,1970,2267400,4468695200,0,0
2024-02-08,1983,1989,1944,1967,2290600,4508128200,0,0
2024-02-09,1969,1990,1952,1973,2370000,4669232200,0,0
2024-02-13,2008,2040.5,1989,2038,3318600,6716641800,0,0
2024-02-14,2005,2022.5,1978.5,1986,2650200,5286785400,0,0
2024-02-15,1787.5,1846.5,1755,1799.5,6562000,11764046800,0,0
2024-02-16,1818,1857.5,1754,1773.5,4615200,8228006600,0,0
2024-02-19,1769.5,1803,1755,1759,4537200,8021240200,0,0
2024-02-20,1744.5,1782,1724,1756,4383800,7681541700,0,0
2024-02-21,1787.5,1804,1776,1792.5,3824600,6860354500,0,0
2024-02-22,1785,1807,1764,1799.5,3583200,6433035800,0,0
2024-02-26,1823,1826,1780.5,1793,2530600,4545900700,0,0
2024-02-27,1795.5,1807,1770,1770,2505200,4462353700,0,0
2024-02-28,1766,1808,1760,1798,3037000,5445606000,0,0
2024-02-29,1790,1792,1745.5,1781.5,5385600,9559205600,0,0
2024-03-01,1778.5,1791,1773,1785,2118000,3776335300,0,0
2024-03-04,1784.5,1800.5,1756.5,1769.5,2938400,5212259800,0,0
2024-03-05,1750,1754.5,1717,1725,4287400,7404445000,0,0
2024-03-06,1716,1749,1706.5,1739,2377200,4128049100,0,0
2024-03-07,1747,1763,1740,1753,2531400,4436133300,0,0
2024-03-08,1768,1781.5,1743.5,1781,2857600,5054266600,0,0
2024-03-11,1740,1795,1736,1778.5,2771800,4910230900,0,0
2024-03-12,1763.5,1774,1725,1768.5,2046000,3595118400,0,0
2024-03-13,1768.5,1784,1737.5,1742.5,1999200,3498333200,0,0
2024-03-14,1752.5,1799.5,1743,1797.5,3548000,6336224700,0,0
2024-03-15,1781,1799,1759,1786,3919400,6990354700,0,0
2024-03-18,1795.5,1813,1791.5,1809.5,2304400,4156075400,0,0
2024-03-19,1795.5,1796,1742.5,1775,3933600,6967716300,0,0
2024-03-21,1804.5,1860.5,1801,1855,3111400,5731042200,0,0
2024-03-22,1854,1874.5,1846.5,1863,2862400,5326711000,0,0
2024-03-25,1900,1909.5,1850,1850.5,3047600,5704645800,0,0
2024-03-26,1840,1883,1834,1866,2602400,4852110300,0,0
2024-03-27,1899.5,1926,1886,1913,3272200,6251840800,0,0
2024-03-28,1875,1901,1866.5,1888,2406800,4532012500,0,0
2024-03-29,1922,1951.5,1910.5,1939.5,3296200,6385669300,0,0
2024-04-01,1947.5,1955,1875,1886,2293400,4361045000,0,0
2024-04-02,1886,1897.5,1872,1885,1703400,3210005300,0,0
2024-04-03,1883.5,1939,1882.5,1909,2374000,4551647900,0,0
2024-04-04,1928,1965,1914,1942,1734400,3374283500,0,0
2024-04-05,1907,1908.5,1865,1908.5,1825200,3460246200,0,0
2024-04-08,1902.5,1914,1878,1899,1800200,3414513300,0,0
2024-04-09,1908,1916.5,1889.5,1896.5,1618800,3071081800,0,0
2024-04-10,1897,1909.5,1882.5,1896.5,1539400,2921997900,0,0
2024-04-11,1869,1883.5,1846,1883,1410000,2641213000,0,0
2024-04-12,1888.5,1899,1868,1874.5,2208000,4153742500,0,0
2024-04-15,1859.5,1898.5,1851,1878,1468800,2760159800,0,0
2024-04-16,1885,1888.5,1820,1832,2222000,4094516100,0,0
2024-04-17,1829,1829.5,1800,1806.5,1266600,2295749700,0,0
2024-04-18,1796.5,1819.5,1782.5,1805,1593200,2875473600,0,0
2024-04-19,1798.5,1818.5,1751,1773,1762800,3132850700,0,0
2024-04-22,1808,1821,1791.5,1811,1267800,2291003300,0,0
2024-04-23,1810.5,1834,1810.5,1822,1323400,2412474600,0,0
2024-04-24,1810,1847.5,1802,1838.5,1254600,2302769000,0,0
2024-04-25,1835.5,1838.5,1811.5,1816,967400,1760064600,0,0
2024-04-26,1815,1828.5,1803,1818.5,1517800,2759155700,0,0
2024-04-30,1888.5,1896,1840,1874,1743200,3272607200,0,0
2024-05-01,1851.5,1871.5,1847.5,1851,847400,1574904300,0,0
2024-05-02,1833.5,1858.5,1830.5,1841.5,1181600,2176450700,0,0
2024-05-07,1897.5,1897.5,1849,1872.5,1384400,2587779400,0,0
2024-05-08,1869,1883.5,1854,1869,1172000,2186848400,0,0
2024-05-09,1867,1894.5,1857,1873.5,804000,1509356500,0,0
2024-05-10,1898.5,1914.5,1867.5,1884.5,1045800,1976347500,0,0
2024-05-13,1884,1893.5,1830.5,1842.5,1457400,2688463100,0,0
2024-05-14,2022,2107,2002,2022,5993400,12214378200,0,0
2024-05-15,2005,2011.5,1957.5,1975.5,2285000,4520781800,0,0
2024-05-16,1970,1974.5,1922.5,1936.5,2743400,5327043400,0,0
2024-05-17,1925.5,1959.5,1922,1940,1748000,3391520800,0,0
2024-05-20,1950.5,1985,1945.5,1945.5,1733800,3395930600,0,0
2024-05-21,1950,1987,1950,1969,1616200,3190501800,0,0
2024-05-22,1934,1954,1917.5,1923,1923200,3715857100,0,0
2024-05-23,1922.5,1983,1913.5,1962,1887600,3700732200,0,0
2024-05-24,1927.5,1967.5,1921,1951.5,1697000,3313249600,0,0
2024-05-27,1951.5,1990,1951.5,1989.5,1260200,2493337800,0,0
2024-05-28,1979.5,2018,1977.5,2008,1497600,3006511000,0,0
2024-05-29,2025,2038.5,1972,1977.5,2050000,4094618300,0,0
2024-05-30,1962.5,2001,1951.5,1985,1451200,2875196000,0,0
2024-05-31,2001.5,2045,1990.5,2035,3108600,6313885000,0,0
2024-06-03,2035,2056.5,2032.5,2036,1431800,2927357100,0,0
2024-06-04,2021,2059,2018.5,2044,1631200,3337234000,0,0
2024-06-05,2027.5,2062,2021,2048.5,1786600,3654340500,0,0
2024-06-06,2034,2055,2022.5,2037,1543400,3151464400,0,0
2024-06-07,2033.5,2061.5,2027.5,2055,1279400,2625379000,0,0
2024-06-10,2066.5,2102,2066.5,2100,1939200,4059774900,0,0
2024-06-11,2135,2162,2123.5,2160,2983000,6404307600,0,0
2024-06-12,2175,2212.5,2163.5,2168.5,2351800,5124769300,0,0
2024-06-13,2195,2220,2184,2197,2136200,4706398600,0,0
2024-06-14,2185.5,2277.5,2177.5,2247,3737400,8319025800,0,0
2024-06-17,2247.5,2257,2179,2208,1738800,3842820700,0,0
2024-06-18,2226,2245,2201,2225.5,2302200,5111677800,0,0
2024-06-19,2222.5,2265.5,2218,2246,1330200,2987590500,0,0
2024-06-20,2245.5,2255.5,2218.5,2235,1368600,3057053200,0,0
2024-06-21,2246.5,2257,2234.5,2236.5,3997600,8960595700,0,0
2024-06-24,2226,2228.5,2190.5,2208,1945600,4301326300,0,0
2024-06-25,2196.5,2202,2144,2180,2621800,5689641400,0,0
2024-06-26,2180,2208,2150.5,2201.5,2076200,4553306400,0,0
2024-06-27,2193.5,2227.5,2179,2227.5,2703800,5999480400,0,0
2024-06-28,2231.5,2241,2203.5,2216.5,1701000,3773271900,0,0
2024-07-01,2243.5,2263.5,2232,2251,1355200,3049689000,0,0
2024-07-02,2248.5,2300,2240,2293.5,2040200,4652519600,0,0
2024-07-03,2284.5,2338.5,2282,2336.5,1921000,4462800300,0,0
2024-07-04,2327.5,2342,2321.5,2331,1216800,2836392200,0,0
2024-07-05,2310,2321.5,2285.5,2295,1587000,3648810300,0,0
2024-07-08,2295,2305.5,2276,2276,1712800,3917404400,0,0
2024-07-09,2276,2301,2268.5,2275.5,2050400,4684810000,0,0
2024-07-10,2275,2307,2272.5,2303.5,2334200,5364576800,0,0
2024-07-11,2329.5,2335,2308.5,2308.5,1397400,3234790700,0,0
2024-07-12,2303,2320,2264,2269,2228600,5097911600,0,0
2024-07-16,2295.5,2296,2264.5,2266,1248800,2840626300,0,0
2024-07-17,2278,2283,2235.5,2244.5,1639600,3695076500,0,0
2024-07-18,2209.5,2230.5,2179.5,2203,1455000,3217111500,0,0
2024-07-19,2203,2212,2176,2193,1170200,2571288400,0,0
2024-07-22,2200,2208.5,2164.5,2167,1108600,2414031500,0,0
2024-07-23,2171,2188.5,2147,2158,1062800,2300221400,0,0
2024-07-24,2147.5,2150,2120,2125,1276800,2722539200,0,0
2024-07-25,2090,2097.5,2072.5,2083,1604400,3346428100,0,0
2024-07-26,2050,2073,2034,2048.5,1711600,3520900900,0,0
2024-07-29,2077.5,2121,2066,2093,1487200,3123327900,0,0
2024-07-30,2084.5,2134.5,2082.5,2132.5,1525800,3231199100,0,0
2024-07-31,2124.5,2145.5,2106,2137.5,2385600,5076676000,0,0
2024-08-01,2116.5,2130,2060.5,2082,1666200,3479401900,0,0
2024-08-02,2047,2060,1985,1990,1894800,3807289200,0,0
2024-08-05,1885,1899.5,1688,1702,3257600,5871188500,0,0
2024-08-06,1842,1969,1842,1944,2441800,4706110000,0,0
2024-08-07,1860,2005,1849.5,1942.5,2310400,4496158000,0,0
2024-08-08,1918.5,1999.5,1918,1942,2449400,4807532800,0,0
2024-08-09,1975,2007,1931.5,1964.5,2758000,5442686800,0,0
2024-08-13,1919,1987,1919,1973.5,2857800,5597415400,0,0
2024-08-14,1956.5,2009,1956,1995,1723200,3423156900,0,0
2024-08-15,2005.5,2039,2000,2025,1891800,3836824300,0,0
2024-08-16,2051.5,2105,2043,2098,1648400,3442654000,0,0
2024-08-19,2091.5,2114,2067,2071.5,1136800,2372999100,0,0
2024-08-20,2090,2104.5,2072.5,2094.5,1270400,2658037000,0,0
2024-08-21,2070,2084,2066,2068,1330400,2758597000,0,0
2024-08-22,2048,2085,2040.5,2079.5,1837000,3798427400,0,0
2024-08-23,2079,2128,2079,2114.5,1710800,3608112400,0,0
2024-08-26,2107,2113.5,2065,2074,2384400,4969211100,0,0
2024-08-27,2075.5,2096.5,2062,2087,2699600,5621994700,0,0
2024-08-28,2095,2126,2091,2115.5,1490600,3140706800,0,0
2024-08-29,2110,2158,2110,2146.5,1348200,2889182300,0,0
2024-08-30,2150.5,2212.5,2150.5,2191.5,3589800,7865559200,0,0
2024-09-02,2200,2222,2165,2186.5,1139600,2490634300,0,0
2024-09-03,2181.5,2218.5,2181.5,2204,1002800,2207436700,0,0
2024-09-04,2075,2125,2075,2102,1841000,3870486700,0,0
2024-09-05,2078.5,2132.5,2058.5,2082,1334000,2788315000,0,0
2024-09-06,2085,2106.5,2078.5,2087,1435600,3001192700,0,0
2024-09-09,2082.5,2135,2076.5,2130.5,2012600,4247605100,0,0
2024-09-10,2149.5,2174.5,2135,2140.5,2006000,4322084600,0,0
2024-09-11,2126.5,2138,2062,2073,1666600,3486723200,0,0
2024-09-12,2108,2145,2103.5,2130,1838600,3917777800,0,0
2024-09-13,2145.5,2154,2117,2125.5,2223400,4749686800,0,0
2024-09-17,2140,2153.5,2084.5,2118.5,1384200,2928274700,0,0
2024-09-18,2133,2175,2129,2151.5,1201800,2584742600,0,0
2024-09-19,2186.5,2203,2172,2188.5,1244400,2727089300,0,0
2024-09-20,2206.5,2220.5,2174.5,2183.5,2830000,6198107000,0,0
2024-09-24,2201.5,2209.5,2189,2191,1439400,3161498800,0,0
2024-09-25,2177.5,2192,2145,2183,1123600,2446224900,0,0
2024-09-26,2218,2256,2192,2245,1815200,4062320400,0,0
2024-09-27,2210.5,2245,2204.5,2241,1987800,4430263300,0,0
2024-09-30,2136,2150,2065,2122,2039000,4327505700,0,0
2024-10-01,2139.5,2192,2132,2188.5,1322200,2879498300,0,0
2024-10-02,2162,2216,2157.5,2185.5,1719200,3760944400,0,0
2024-10-03,2274.5,2277.5,2207.5,2233,1616400,3612172000,0,0
2024-10-04,2223.5,2255.5,2220.5,2239.5,1609400,3606399300,0,0
2024-10-07,2259,2262,2236,2247,1801600,4053336300,0,0
2024-10-08,2217.5,2240,2210.5,2217,2350800,5222019800,0,0
2024-10-09,2240,2266,2231,2246,1777400,3992659300,0,0
2024-10-10,2235,2250,2172.5,2191,2628400,5785853500,0,0
2024-10-11,2195.5,2214,2174,2174,2040800,4459287700,0,0
2024-10-15,2188,2236.5,2185,2199,1835800,4058038100,0,0
2024-10-16,2177.5,2215,2167.5,2178,1115200,2435598200,0,0
2024-10-17,2188,2213,2177,2178.5,1062200,2322148900,0,0
2024-10-18,2189,2197.5,2159,2161.5,1202000,2611981500,0,0
2024-10-21,2168,2183.5,2150,2153.5,998000,2160445200,0,0
2024-10-22,2152,2165.5,2118.5,2124,1215200,2588013000,0,0
2024-10-23,2126.5,2143,2115.5,2123.5,912000,1939978800,0,0
2024-10-24,2115.5,2176,2108.5,2169.5,1444400,3114855800,0,0
2024-10-25,2150.5,2168.5,2135,2157,1022400,2201480500,0,0
2024-10-28,2152.5,2197,2141.5,2183.5,1313600,2863977000,0,0
2024-10-29,2179,2214,2179,2207.5,1240600,2733830100,0,0
2024-10-30,2225,2284.5,2225,2252.5,5899400,13302471100,0,0
2024-10-31,2258.5,2272,2237,2257,1637000,3692184000,0,0
2024-11-01,2227.5,2259,2210,2219,1133800,2530602800,0,0
2024-11-05,2223,2245.5,2214,2228,1442000,3218734700,0,0
2024-11-06,2253,2299.5,2242,2275,1497400,3400930000,0,0
2024-11-07,2310,2367,2310,2362,1893400,4452370500,0,0
2024-11-08,2365,2379.5,2344,2366.5,1514000,3573792900,0,0
2024-11-11,2366.5,2387,2356,2366,1536600,3641445400,0,0
2024-11-12,2385,2392,2348.5,2355,1744800,4127889900,0,0
2024-11-13,2364.5,2370,2289,2321.5,2407400,5606198000,0,0
2024-11-14,2212.5,2266.5,2132.5,2132.5,2995400,6487961800,0,0
2024-11-15,2147.5,2173,2083.5,2083.5,2377800,5043469500,0,0
2024-11-18,2066,2068.5,2042.5,2046.5,2142200,4397852600,0,0
2024-11-19,2056.5,2075,2037,2054,1832600,3770510100,0,0
2024-11-20,2041,2059,2021,2039,1865200,3803836000,0,0
2024-11-21,2036,2044,1999,2002,1449200,2922575600,0,0
2024-11-22,2002.5,2035.5,2000.5,2013,2106600,4255551500,0,0
2024-11-25,2037,2063.5,2031,2031,2343600,4785411100,0,0
2024-11-26,2025,2047.5,1977,1990,1977400,3954762400,0,0
2024-11-27,1989.5,2008.5,1967,1982,1818400,3605199300,0,0
2024-11-28,1973,2022,1972,2013,1743800,3499601900,0,0
2024-11-29,2007.5,2033,2003.5,2003.5,1593600,3211718100,0,0
2024-12-02,2004.5,2029.5,1992.5,2017,1723600,3473179900,0,0
2024-12-03,2024,2059,2018,2036.5,2242600,4580047900,0,0
2024-12-04,2028,2037,1992.5,2015,1860800,3746462600,0,0
2024-12-05,2035,2039,2005,2005,1437400,2896742800,0,0
2024-12-06,1999,2006,1977,1987.5,1534800,3061747300,0,0
2024-12-09,1998,2013.5,1994,2001,1605800,3215634300,0,0
2024-12-10,2012.5,2049.5,2006.5,2033,2054600,4174293200,0,0
2024-12-11,2066.5,2083.5,2042.5,2049.5,2292600,4722364000,0,0
2024-12-12,2072.5,2072.5,2038.5,2039,2288600,4692034000,0,0
2024-12-13,2015.5,2049.5,2012,2043.5,2478400,5040064000,0,0
2024-12-16,2045.5,2079,2045.5,2069.5,2188000,4516404700,0,0
2024-12-17,2071,2116,2071,2088.5,2834400,5934893100,0,0
2024-12-18,2092,2113.5,2081.5,2091,2013000,4225604900,0,0
2024-12-19,2059.5,2113,2041,2079,3320200,6946357100,0,0
2024-12-20,2073.5,2077.5,1917.5,1927.5,8007600,15806012400,0,0
2024-12-23,1945,1989,1944,1980.5,3121600,6157417500,0,0
2024-12-24,1992.5,2022,1973.5,2021.5,1793400,3603524400,0,0
2024-12-25,2035,2064.5,2025,2064.5,2075400,4261204100,0,0
2024-12-26,2069.5,2090,2061.5,2082.5,1341600,2787700600,0,0
2024-12-27,2070,2100.5,2054,2100,1477600,3087615000,0,0
2024-12-30,2104.5,2122.5,2092,2104.5,1338000,2816003500,0,0
2025-01-06,2097,2107,2071,2082.5,1985400,4148393800,0,0
2025-01-07,2096.5,2113.5,2091.5,2094.5,1884200,3956507900,0,0
2025-01-08,2093.5,2132.5,2089.5,2122,1612400,3408067400,0,0
2025-01-09,2122,2170,2122,2148.5,2493600,5358935700,0,0
2025-01-10,2160,2182,2147.5,2157.5,2154400,4658542100,0,0
2025-01-14,2179,2213,2101,2112,3145800,6731957000,0,0
2025-01-15,2112,2140,2111.5,2127.5,1548000,3292890900,0,0
2025-01-16,2117.5,2158,2117.5,2134,1646200,3526767100,0,0
2025-01-17,2129,2183.5,2125,2181.5,1993400,4308591900,0,0
2025-01-20,2174.5,2189,2151.5,2157.5,1137400,2464394600,0,0
2025-01-21,2157.5,2176,2153,2164.5,1402200,3032430500,0,0
2025-01-22,2175,2214.5,2164.5,2214.5,1343600,2955003900,0,0
2025-01-23,2208.5,2250,2204,2239,1482400,3315835100,0,0
2025-01-24,2250,2250,2209,2220,1369400,3048655900,0,0
2025-01-27,2245,2255,2208,2216.5,1145400,2549363400,0,0
2025-01-28,2196,2198.5,2151,2181.5,1485400,3237502500,0,0
2025-01-29,2175,2187,2157,2182,1424400,3100110300,0,0
2025-01-30,2179,2201,2177.5,2195,975400,2138243100,0,0
2025-01-31,2180.5,2191,2172.5,2184,1544000,3370984900,0,0
2025-02-03,2124,2139.5,2083.5,2099,1722200,3623324300,0,0
2025-02-04,2120,2122,2065,2072,1766400,3691609100,0,0
2025-02-05,2075,2097,2030.5,2036,2313600,4743588000,0,0
2025-02-06,2027,2044,2018,2033.5,1755400,3565314500,0,0
2025-02-07,2031.5,2041,2018,2027.5,1029000,2090491200,0,0
2025-02-10,2028,2041.5,2023.5,2026.5,1041800,2115776300,0,0
2025-02-12,2014,2024,1997.5,2008,1801000,3616221700,0,0
2025-02-13,2020,2047.5,2002.5,2035.5,1862000,3782040200,0,0
2025-02-14,2314.5,2379.5,2312,2351.5,6130600,14358298200,0,0
2025-02-17,2330,2370.5,2323.5,2345,2415800,5666346200,0,0
2025-02-18,2339,2433,2329.5,2421,2115200,5064122700,0,0
2025-02-19,2415,2433,2288,2311,3985000,9314592800,0,0
2025-02-20,2287,2306,2278.5,2298.5,1514800,3477192900,0,0
2025-02-21,2265,2304.5,2263,2287.5,1515200,3464267300,0,0
2025-02-25,2245,2276.5,2240,2257.5,1603800,3622134100,0,0
2025-02-26,2249,2271.5,2215,2254.5,1440000,3228227000,0,0
2025-02-27,2227.5,2302,2227.5,2271,2147600,4882904800,0,0
2025-02-28,2244.5,2245.5,2192.5,2211,2698000,5965887400,0,0
2025-03-03,2244.5,2328.5,2238.5,2315.5,3017400,6973221500,0,0
2025-03-04,2315,2331.5,2286,2296.5,1564400,3601591700,0,0
2025-03-05,2296.5,2335,2286,2303,2476800,5729757800,0,0
2025-03-06,2318,2328,2257,2263.5,2125200,4828400500,0,0
2025-03-07,2228.5,2262,2211,2225,2911400,6488970400,0,0
2025-03-10,2215,2224.5,2174,2205,1683600,3713762900,0,0
2025-03-11,2104,2141.5,2093,2127.5,2227800,4714425300,0,0
2025-03-12,2127.5,2178,2115,2156.5,2192600,4720038400,0,0
2025-03-13,2150,2180.5,2131,2151.5,2446200,5290753200,0,0
2025-03-14,2109,2157,2085,2145,3301600,7008291700,0,0
2025-03-17,2165,2174.5,2142.5,2147,1703200,3668009100,0,0
2025-03-18,2174,2187.5,2160,2170.5,1513200,3283136700,0,0
2025-03-19,2156.5,2165.5,2110,2117.5,1358000,2893503700,0,0
2025-03-21,2146,2169,2134,2152,2849400,6126414500,0,0
2025-03-24,2161,2163,2123,2131,1087000,2318426300,0,0
2025-03-25,2144,2154,2117,2139.5,1201200,2568252000,0,0
2025-03-26,2147.5,2171,2127.5,2152,1495000,3210600800,0,0
2025-03-27,2136.5,2138,2107.5,2137.5,1607200,3422135100,0,0
2025-03-28,2108,2112.5,2076.5,2100.5,1468400,3077906200,0,0
2025-03-31,2042.5,2047,2016.5,2027,1836200,3725377400,0,0
2025-04-01,2097,2108.5,2071,2077,1672800,3483544800,0,0
2025-04-02,2044,2049.5,2024,2031.5,1416400,2879136300,0,0
2025-04-03,1961.5,1999,1959,1993,1364000,2704909800,0,0
2025-04-04,1924,1950.5,1879.5,1908.5,1654200,3164528500,0,0
2025-04-07,1718,1770.5,1700,1749.5,1977600,3443341700,0,0
2025-04-08,1784.5,1864,1781.5,1845.5,1254000,2300242800,0,0
2025-04-09,1810.5,1833,1771,1790.5,1519400,2730055700,0,0
2025-04-10,1930.5,1963,1884.5,1949.5,1870000,3626752700,0,0
2025-04-11,1844.5,1929.5,1831,1914,1299400,2459360200,0,0
2025-04-14,1949,1969.5,1934,1934,1032000,2005306800,0,0
2025-04-15,2015,2020,1968.5,1986.5,1456400,2898952500,0,0
2025-04-16,1999,2010.5,1961.5,1972,1325200,2619567900,0,0
2025-04-17,1960,1969,1943.5,1954.5,766000,1497883800,0,0
2025-04-18,1950.5,1962.5,1942.5,1955,811600,1586331300,0,0
2025-04-21,1957.5,1962.5,1918,1925,764000,1474439200,0,0
2025-04-22,1931,1938,1913.5,1918.5,658400,1266191700,0,0
2025-04-23,1988.5,1990,1958,1959,943600,1855059200,0,0
2025-04-24,1994,2000,1971.5,1971.5,815600,1614774700,0,0
2025-04-25,1989,1997,1977.5,1990,907600,1804373600,0,0
2025-04-28,1998.5,2012.5,1975.5,1983.5,1252400,2489751100,0,0
2025-04-30,2013.5,2024.5,1996,1999.5,1631200,3266584400,0,0
2025-05-01,1987.5,2011,1975.5,2003.5,1068600,2135159500,0,0
2025-05-02,2001,2022,1991,2004.5,1094000,2197792900,0,0
2025-05-07,2030,2091.5,2022.5,2077.5,1906000,3945084400,0,0
2025-05-08,2065.5,2128.5,2056.5,2107,1889800,3976394000,0,0
2025-05-09,2138,2143.5,2114.5,2129.5,1669600,3559884700,0,0
2025-05-12,2141,2146.5,2116,2144.5,898600,1920595800,0,0
2025-05-13,2179.5,2183,2159.5,2159.5,1453000,3151542100,0,0
2025-05-14,2190,2217,2163,2177.5,2414400,5272706700,0,0
2025-05-15,2072.5,2107,2040,2077,3248000,6750076000,0,0
2025-05-16,2071,2077.5,2011,2031.5,2000800,4063646500,0,0
2025-05-19,2012,2029.5,1972.5,1984.5,2367600,4717669000,0,0
2025-05-20,1987,1995,1955.5,1969,1761600,3475186100,0,0
2025-05-21,1985,2015,1965.5,1970.5,1645000,3257594000,0,0
2025-05-22,1951.5,2019,1944,2003.5,1631000,3243901200,0,0
2025-05-23,1992,1997.5,1959,1959,2207200,4352278100,0,0
2025-05-26,1957.5,1960.5,1917.5,1937.5,1840800,3565938300,0,0
2025-05-27,1950,1959,1925,1933.5,1395800,2703782900,0,0
2025-05-28,1968.5,1985,1920.5,1921,1833800,3553594000,0,0
2025-05-29,1956,1959,1932.5,1945.5,1830200,3563953400,0,0
2025-05-30,1913.5,1947.5,1911,1925,2224200,4284307100,0,0
2025-06-02,1903.5,1904.5,1867.5,1870.5,2134200,4006587600,0,0
2025-06-03,1870.5,1877,1833,1833,2084000,3843041900,0,0
2025-06-04,1853.5,1880.5,1850.5,1861.5,2287600,4269110900,0,0
2025-06-05,1841,1854,1810.5,1811.5,2831000,5154147000,0,0
2025-06-06,1811,1819,1789,1790,2093200,3762557000,0,0
2025-06-09,1825,1828.5,1809,1812,2082600,3782509400,0,0
2025-06-10,1811,1827,1800.5,1811.5,1965800,3565499400,0,0
2025-06-11,1813,1842,1813,1836,1604600,2941322600,0,0
2025-06-12,1845.5,1853,1811.5,1813.5,1873400,3415036600,0,0
2025-06-13,1813.5,1821,1779.5,1792,2160800,3887406600,0,0
2025-06-16,1809.5,1813.5,1784,1806.5,1347400,2427266900,0,0
2025-06-17,1810.5,1827.5,1805,1811,1758800,3190319400,0,0
2025-06-18,1794,1853.5,1789,1846.5,2001800,3659477300,0,0
2025-06-19,1830,1858.5,1809.5,1858,2056400,3797926100,0,0
2025-06-20,1837,1874.5,1830,1869.5,5044400,9418723700,0,0
2025-06-23,1855.5,1877.5,1840,1855,1274800,2368189000,0,0
2025-06-24,1874.5,1876.5,1857.5,1857.5,1263200,2353633000,0,0
2025-06-25,1855.5,1908.5,1854.5,1904,2654800,5029841600,0,0
2025-06-26,1921,1930,1907,1918,1854600,3556089100,0,0
2025-06-27,1948.5,2004,1944,1962,7540600,14825338700,0,0
2025-06-30,1973.5,1983.5,1954.5,1962.5,2074000,4077691200,0,0
2025-07-01,1941,1965,1927,1954.5,1750200,3408394900,0,0
2025-07-02,1946,1976.5,1937,1967,2156800,4236464300,0,0
2025-07-03,1950,1952.5,1912.5,1921.5,2277000,4382076300,0,0
2025-07-04,1922,1929,1905.5,1929,1156400,2222727900,0,0
2025-07-07,1944,1957,1924,1933,1066800,2063060300,0,0
2025-07-08,1926.5,1956.5,1921,1951,1620200,3156763200,0,0
2025-07-09,1960.5,1965.5,1931.5,1951.5,1377000,2684692500,0,0
2025-07-10,1951.5,1978.5,1945,1971,1900600,3738907800,0,0
2025-07-11,1997.5,2013,1968.5,1981.5,1686800,3353286900,0,0
2025-07-14,1970.5,1976.5,1945,1959,1004400,1966022400,0,0
2025-07-15,1953.5,1955.5,1923.5,1923.5,1273800,2462436000,0,0
2025-07-16,1923.5,1927.5,1907.5,1917.5,1084200,2080139700,0,0
2025-07-17,1907.5,1932,1907.5,1932,1216600,2342525600,0,0
2025-07-18,1956,1961,1940.5,1955.5,1268400,2477492900,0,0
2025-07-22,1946,1973.5,1940.5,1952,1398400,2728162000,0,0
2025-07-23,1965,2019.5,1952.5,2010.5,1802600,3604239900,0,0
2025-07-24,2025,2056.5,2000,2034.5,2014200,4102615500,0,0
2025-07-25,2034.5,2040,2009,2023.5,1073200,2174124700,0,0
2025-07-28,2031.5,2042,2017.5,2031,1008600,2047824600,0,0
2025-07-29,2012,2044.5,2007.5,2030,1266200,2569581400,0,0
2025-07-30,2030,2034.5,2015,2025.5,950600,1924121500,0,0
2025-07-31,2034,2050,2028.5,2046.5,1718000,3510945200,0,0
2025-08-01,2055.5,2085.5,2048.5,2069,1195200,2472971400,0,0
2025-08-04,2034,2048,2019,2039.5,1303600,2653918000,0,0
2025-08-05,2049,2061,2036.5,2053,1434800,2944572400,0,0
2025-08-06,2052,2080,2048,2069.5,1099600,2275105000,0,0
2025-08-07,2075,2099.5,2071.5,2087,1460000,3047425600,0,0
2025-08-08,2082,2119.5,2077,2100.5,1960000,4116650300,0,0
2025-08-12,1960.5,1978.5,1890,1893.5,7898000,15015578800,0,0
2025-08-13,1900,1909,1860.5,1863.5,6315800,11863041700,0,0
2025-08-14,1855.5,1869,1848.5,1863.5,3110000,5783254100,0,0
2025-08-15,1862.5,1903.5,1851,1893.5,3499400,6604760200,0,0
2025-08-18,1898.5,1903,1878,1886.5,2670600,5049145500,0,0
2025-08-19,1883,1890,1870,1870.5,1974200,3702663900,0,0
2025-08-20,1870,1880,1849,1861.5,2191200,4079466900,0,0
2025-08-21,1856.5,1874.5,1850,1865,1432600,2671565500,0,0
2025-08-22,1865,1886.5,1857,1881,1978400,3708812600,0,0
2025-08-25,1886.5,1903,1879.5,1887,2066000,3908315900,0,0
2025-08-26,1879,1928,1851.5,1912,5506400,10444974700,0,0
2025-08-27,1917.5,1922.5,1896.5,1898,2062800,3933634800,0,0
2025-08-28,1892.5,1898.5,1884.5,1892,1545200,2921461500,0,0
2025-08-29,1900,1932.5,1898.5,1915,2850400,5467460700,0,0
2025-09-01,1900,1921,1894,1900,1169600,2224800300,0,0
2025-09-02,1902.5,1923,1895,1895,1651200,3146403800,0,0
2025-09-03,1880.5,1902.5,1876,1892,1332600,2522276100,0,0
2025-09-04,1898.5,1920.5,1886,1910,1819800,3469197800,0,0
2025-09-05,1928,1952.5,1927.5,1950,2493600,4848154000,0,0
2025-09-08,1955,1975,1947,1968,2008600,3951533800,0,0
2025-09-09,1980,2004,1969.5,1976,2321800,4601865500,0,0
2025-09-10,1976,1984,1963,1977.5,1447400,2858531700,0,0
2025-09-11,1977.5,2023.5,1969.5,2023.5,2033200,4076145300,0,0
2025-09-12,2018,2030,1995.5,2017,2656600,5362986700,0,0
2025-09-16,2017,2046.5,2010.5,2039.5,2013800,4095529000,0,0
2025-09-17,2022,2030,1965,1965,2001600,3968133200,0,0
2025-09-18,1970,1974,1940,1940,2019600,3941437900,0,0
2025-09-19,1950,1974.5,1909,1909,4839000,9297960300,0,0
2025-09-22,1918.5,1940,1911.5,1931.5,1611600,3105637000,0,0
2025-09-24,1928,1962.5,1920,1954.5,2144800,4181612700,0,0
2025-09-25,1962.5,1970.5,1928.5,1944,1782400,3466534900,0,0
2025-09-26,1944,1962.5,1928,1953,2158200,4211084800,0,0
2025-09-29,1950,1957,1910.5,1915,1850200,3558825500,0,0
2025-09-30,1922.5,1940,1897.5,1897.5,3178400,6064575300,0,0
2025-10-01,1901,1910.5,1873,1889,2443000,4613532500,0,0
2025-10-02,1882.5,1919,1875,1903,2846800,5404664100,0,0
2025-10-03,1891,1924,1884.5,1920,2066600,3954146000,0,0
2025-10-06,1969,1970.5,1925,1925,2415000,4684189400,0,0
2025-10-07,1925,1967,1917.5,1963.5,2773200,5405292200,0,0
2025-10-08,1975,1986,1951.5,1952.5,1909600,3745655600,0,0
2025-10-09,1954,1996.5,1950,1996.5,2559000,5076704000,0,0
2025-10-10,1982.5,1985.5,1924,1924,2162400,4208847200,0,0
2025-10-14,1902.5,1933.5,1890,1913.5,2826400,5411068100,0,0
2025-10-15,1911,1920.5,1874.5,1874.5,2819600,5316483300,0,0
2025-10-16,1890.5,1908.5,1872.5,1894,2405200,4549503000,0,0
2025-10-17,1877.5,1895,1866,1866,1925000,3606698400,0,0
2025-10-20,1898.5,1902,1865.5,1868.5,1967800,3691360900,0,0
2025-10-21,1862,1876.5,1857,1859,2242600,4180909100,0,0
2025-10-22,1850,1884,1845.5,1883.5,1812800,3394711100,0,0
2025-10-23,1899,1905,1866.5,1873,1526400,2864593700,0,0
2025-10-24,1891.5,1913,1885,1908,2071000,3940713600,0,0
2025-10-27,1924,1937.5,1910.5,1914,1628000,3127232400,0,0
2025-10-28,1908,1916.5,1888,1888,1708200,3241522500,0,0
2025-10-29,1883,1887.5,1849,1849,1557000,2892446100,0,0
2025-10-30,1846,1857.5,1834,1848.5,1960400,3624479200,0,0
2025-10-31,1867,1890,1857,1890,2000600,3763569400,0,0
2025-11-04,1864.5,1893.5,1852.5,1876.5,2157200,4051635200,0,0
2025-11-05,1899.5,1914,1833,1853.5,2321800,4319507400,0,0
2025-11-06,1879,1899.5,1860,1894,1516400,2868156500,0,0
2025-11-07,1894,1904,1874.5,1879,1653600,3113989400,0,0
2025-11-10,1891,1898,1884.5,1885.5,1387400,2621035200,0,0
2025-11-11,1901.5,1901.5,1874,1874.5,1181000,2219938600,0,0
2025-11-12,1899.5,1906,1878,1893,1773400,3359340900,0,0
2025-11-13,1907.5,1910.5,1861.5,1861.5,2368600,4443750600,0,0
2025-11-14,2050,2125,1978,2122,11409800,23545749400,0,0
2025-11-17,2122,2124,2076,2107.5,4315800,9061895700,0,0
2025-11-18,2092.5,2099.5,1991,1991,2973200,6017868300,0,0
2025-11-19,2005,2006,1926,1926,2887000,5625192600,0,0
2025-11-20,1987.5,2053.5,1975,1997,3362000,6764305500,0,0
2025-11-21,1963.5,2059,1963.5,2059,4779600,9762676500,0,0
2025-11-25,2080,2214,2072.5,2154.5,4908200,10609630100,0,0
2025-11-26,2164,2333,2156.5,2289.5,6206000,14139216800,0,0
2025-11-27,2272,2464.5,2247,2457,6738800,16213347700,0,0
2025-11-28,2513.5,2571.5,2474.5,2519,9531800,24059687300,0,0
2025-12-01,2525,2543,2405,2408,6730000,16417809900,0,0
2025-12-02,2424,2457.5,2383.5,2393,4134400,9960064100,0,0
2025-12-03,2377.5,2378,2311,2328,4927400,11477026200,0,0
2025-12-04,2344,2394,2332,2344.5,3840600,9057286500,0,0
2025-12-05,2334,2375,2291,2310,3189000,7361653500,0,0
2025-12-08,2351.5,2427.5,2336.5,2395.5,3956600,9462538200,0,0
2025-12-09,2386.5,2441,2374.5,2397.5,3768000,9063824500,0,0
2025-12-10,2387.5,2417.5,2369.5,2417.5,3335200,8005727600,0,0
2025-12-11,2515,2608.5,2476,2494.5,7557800,19097436300,0,0
2025-12-12,2529.5,2573,2496.5,2532.5,4749000,12030127400,0,0
2025-12-15,2495,2506.5,2443,2455,2870000,7072922200,0,0
2025-12-16,2431.5,2466,2375,2375,3256600,7839783100,0,0
2025-12-17,2399,2408,2365,2370.5,2462800,5856825500,0,0
2025-12-18,2351.5,2379.5,2348.5,2352.5,2686000,6335883900,0,0
2025-12-19,2373.5,2373.5,2309.5,2309.5,4580400,10612815700,0,0
2025-12-22,2484.5,2516,2415.5,2459.5,4154200,10256370400,0,0
2025-12-23,2476,2480,2416,2436,2260800,5513746000,0,0
2025-12-24,2436,2464,2425.5,2436,1227400,2996826000,0,0
2025-12-25,2421.5,2436,2405.5,2413,1011800,2443221000,0,0
2025-12-26,2424.5,2424.5,2370.5,2389.5,1289200,3083794300,0,0
2025-12-29,2374.5,2375,2332.5,2348,2049800,4813615600,0,0
2025-12-30,2340,2340.5,2308,2330.5,1915200,4460096100,0,0
2026-01-05,2393,2394,2330,2330,2499600,5879234800,0,0
2026-01-06,2354.5,2383,2313,2336.5,2342400,5474904100,0,0
2026-01-07,2323.5,2348,2312,2312,2168000,5032195400,0,0
2026-01-08,2318,2341,2298.5,2326,2236200,5188100600,0,0
2026-01-09,2339,2354,2316,2329,2045200,4765858200,0,0
2026-01-13,2359.5,2364.5,2311.5,2311.5,2259800,5250815200,0,0
2026-01-14,2305,2315,2277.5,2297.5,1968200,4515332200,0,0
2026-01-15,2264.5,2297.5,2261.5,2288,1946000,4445170200,0,0
2026-01-16,2265,2304.5,2264,2299,1659400,3800271900,0,0
2026-01-19,2264,2321,2258.5,2321,1351000,3110427300,0,0
2026-01-20,2286,2313,2273,2274.5,1481600,3378839500,0,0
2026-01-21,2236,2276,2218,2276,2426200,5472030300,0,0
2026-01-22,2336,2464.5,2316,2430.5,5291000,12744946200,0,0
2026-01-23,2450.5,2474,2402.5,2439.5,2824800,6890860500,0,0
2026-01-26,2369.5,2411.5,2328,2372.5,3476200,8240006200,0,0
2026-01-27,2340.5,2383.5,2321.5,2373,1931800,4557306300,0,0
2026-01-28,2338,2347.5,2312.5,2312.5,1838600,4271013600,0,0
2026-01-29,2305,2358.5,2291.5,2347,2130400,4970827500,0,0
2026-01-30,2350,2398.5,2342,2382,1989800,4727786300,0,0
2026-02-02,2417,2435.5,2370,2376.5,2393400,5737255800,0,0
2026-02-03,2391,2439.5,2378.5,2435.5,1665800,4035231800,0,0
2026-02-04,2395.5,2412.5,2338,2338,2589800,6108810800,0,0
2026-02-05,2408,2464.5,2366,2389,3278000,7879893600,0,0
2026-02-06,2371,2395,2356.5,2384.5,1861800,4426535500,0,0
2026-02-09,2475.5,2489.5,2430,2461,2620400,6453588200,0,0
2026-02-10,2475,2501.5,2454,2491,2278000,5667946300,0,0
2026-02-12,2508.5,2529,2476.5,2525.5,2637200,6622839800,0,0
2026-02-13,2475.5,2506,2410,2445,3662200,8951762400,0,0
2026-02-16,2225.5,2332,2225,2298.5,4847800,11084524900,0,0
2026-02-17,2270,2359.5,2252.5,2359.5,3566600,8325147400,0,0
2026-02-18,2348,2366,2300,2331,3335800,7760290700,0,0
2026-02-19,2345.5,2348.5,2300.5,2331,2831600,6586874300,0,0
2026-02-20,2301,2352.5,2286,2303,3327200,7697968500,0,0
2026-02-24,2315.5,2454,2305,2423.5,3746800,9017720400,0,0
2026-02-25,2424,2470.5,2395.5,2459.5,3404800,8338353100,0,0
2026-02-26,2540.5,2608,2537.5,2572,6156800,15829413400,0,0
2026-02-27,2564.5,2682.5,2551.5,2682.5,4915600,13032414200,0,0
2026-03-02,2782.5,2935,2671,2911.5,9893400,27982404100,0,0
2026-03-03,2916.5,2964,2805,2831.5,5109800,14681422500,0,0
2026-03-04,2720,2764,2632,2658.5,4343000,11616482800,0,0
2026-03-05,2760,2780,2626.5,2660,4599800,12375109400,0,0
2026-03-06,2646.5,2675,2588,2660.5,3637200,9607888400,0,0
2026-03-09,2452.5,2504,2333,2412,5908600,14218195500,0,0
2026-03-10,2485,2538.5,2481.5,2528,2812000,7081566700,0,0
2026-03-11,2550,2616.5,2521.5,2530.5,1957800,4997661600,0,0
2026-03-12,2470,2526,2443.5,2516.5,3164200,7867566000,0,0
2026-03-13,2466.5,2556,2466.5,2511,3288000,8249210200,0,0
2026-03-16,2490,2524.5,2475,2524.5,1841600,4625202000,0,0
2026-03-17,2563,2575.5,2469,2484.5,2418600,6064858900,0,0
2026-03-18,2484.5,2548,2484.5,2504.5,1835600,4609169800,0,0
2026-03-19,2448,2456.5,2329.5,2329.5,3570400,8405528100,0,0
2026-03-23,2277.5,2309,2235,2265.5,3509000,7949323700,0,0
2026-03-24,2306.5,2343,2275,2343,1939600,4497443300,0,0
2026-03-25,2377.5,2397,2357.5,2364.5,1822200,4315653400,0,0
2026-03-26,2365,2374,2299,2320.5,2041600,4749591000,0,0
2026-03-27,2317,2321.5,2229.5,2276.5,2851600,6468215400,0,0
2026-03-30,2144,2176.5,2125,2169.5,3680800,7959414700,0,0
2026-03-31,2114.5,2132,2051.5,2052.5,4906000,10171930000,0,0
2026-04-01,2169.5,2185.5,2142,2176.5,3707800,8037522300,0,0
2026-04-02,2232,2251.5,2105,2105,2957200,6342953900,0,0
2026-04-03,2140,2158,2125.5,2150.5,1795800,3856312300,0,0
2026-04-06,2150.5,2249,2150,2195,2035200,4489746900,0,0
2026-04-07,2186,2232.5,2148,2166.5,2619400,5692781900,0,0
2026-04-08,2303.5,2345.5,2277.5,2339,4330800,10084369900,0,0
2026-04-09,2336.5,2348,2301,2323,2664600,6196629500,0,0
2026-04-10,2325,2332,2286,2320,3455600,7992615300,0,0
2026-04-13,2285,2298.5,2237.5,2284,2669800,6058991400,0,0
2026-04-14,2319,2319,2235.5,2297,3200000,7293681600,0,0
2026-04-15,2292.5,2325,2203.5,2233.5,4320800,9718283200,0,0
2026-04-16,2222,2322,2212,2303.5,2652800,6047559600,0,0
2026-04-17,2303.5,2365,2296.5,2332,3275200,7625224000,0,0
2026-04-20,2340.5,2357,2297.5,2311.5,2704400,6267251100,0,0
2026-04-21,2311.5,2348.5,2242.5,2317.5,4467800,10265072800,0,0
2026-04-22,2304.5,2317.5,2214,2241.5,3154400,7089281800,0,0
2026-04-23,2187,2240,2157.5,2234,2939200,6496405500,0,0
2026-04-24,2219.5,2301.5,2207.5,2291,3531000,7986048400,0,0
2026-04-27,2291,2346,2271.5,2315,3209000,7422745100,0,0
2026-04-28,2350,2350,2254,2303.5,2767400,6356345600,0,0
2026-04-30,2280,2332.5,2243,2325,3394400,7822906300,0,0
2026-05-01,2350,2553,2334,2540,6508200,16243473500,0,0
2026-05-07,2600,2724.5,2590.5,2624.5,5254400,13925079000,0,0
2026-05-08,2618,2682,2582,2648.5,4516200,11873674100,0,0
2026-05-11,2670,2702,2646.5,2664,2958800,7895094000,0,0
2026-05-12,2813.5,2853,2719,2721,4364200,12057788300,0,0
2026-05-13,2750,2797.5,2680.5,2773,3323400,9151872800,0,0
2026-05-14,2657,2725,2619.5,2686,3898200,10436610600,0,0
2026-05-18,2300,2331.5,2228.5,2256.5,5366600,12169820400,0,0
2026-05-19,2263,2323.5,2185,2197.5,3707400,8263624600,0,0
2026-05-20,2167.5,2217.5,2153,2182.5,2895400,6310485100,0,0
2026-05-21,2206.5,2253.5,2200,2221,2540400,5663116900,0,0
2026-05-22,2204.5,2243,2161,2206.5,2999000,6600722400,0,0
2026-05-25,2241.5,2402.5,2231.5,2395,3827800,8990973300,0,0
2026-05-26,2376.5,2438,2308.5,2382,3945800,9380467300,0,0
2026-05-27,2415,2432,2293,2316,3310400,7716888200,0,0
2026-05-28,2292,2315.5,2235.5,2271.5,3589400,8162252800,0,0
2026-05-29,2306.5,2337.5,2271,2281,4757200,10879786600,0,0
2026-06-01,2301,2314.5,2251,2296,2661600,6077142300,0,0
2026-06-02,2261,2275.5,2185.5,2237.5,3196800,7128060200,0,0
2026-06-03,2252.5,2329,2232.5,2282.5,4775400,10876481100,0,0
2026-06-04,2184,2206,2128,2128,4058400,8739510000,0,0
2026-06-05,2113.5,2186.5,2110,2150.5,3771800,8128573200,0,0
2026-06-08,2096.5,2113.5,2028,2068.5,3558400,7342803400,0,0
2026-06-09,2095,2096,2015.5,2038,2931600,5986714100,0,0
2026-06-10,1980,2009,1959,1983.5,3331600,6602981400,0,0
2026-06-11,2051.5,2301,2043,2294,9698200,21647965200,0,0
2026-06-12,2340,2340,2229.5,2253.5,5614600,12823236200,0,0
2026-06-15,2288.5,2310,2204,2204,3877000,8650886300,0,0
2026-06-16,2213.5,2247.5,2207,2215,2533400,5625715800,0,0
2026-06-17,2167.5,2256.5,2167.5,2196,3501600,7711148000,0,0
2026-06-18,2231,2274.5,2216,2274.5,3705200,8367683000,0,0
2026-06-19,2259.5,2358,2254.5,2257.5,4992800,11411776700,0,0
2026-06-22,2317.5,2562.5,2314.5,2515.5,6420800,15849887200,0,0
2026-06-23,2518,2557.5,2501.5,2512.5,4401000,11109958700,0,0
2026-06-24,2499,2541,2457.5,2530,2920200,7331367700,0,0
2026-06-25,2600,2662,2564,2606.5,3013000,7849844400,0,0
2026-06-26,2603,2634,2524,2590,3538000,9121509800,0,0
2026-06-29,2586,2586,2498,2545,3202200,8106467100,0,0
2026-06-30,2568.5,2584.5,2540.5,2552.5,2682000,6861744500,0,0
2026-07-01,2625,2669.5,2568,2627,3044800,7980706400,0,0
2026-07-02,2650,2650,2546.5,2599.5,2214200,5749332700,0,0
2026-07-03,2596,2661,2566,2656.5,2324800,6101669900,0,0
2026-07-06,2699.5,2712.5,2615,2712.5,2269600,6079682600,0,0
2026-07-07,2725,2741,2655,2678.5,2590600,6977047300,0,0
2026-07-08,2628.5,2665,2607,2615.5,2066000,5428932300,0,0
2026-07-09,2591.5,2628.5,2552.5,2623.5,2923600,7606509800,0,0
2026-07-10,2640,2654,2586.5,2600.5,2650600,6933690800,0,0
2026-07-13,2600,2618,2572,2574,2011600,5198601000,0,0
2026-07-14,2525,2557,2442,2454.5,3670800,9070310100,0,0
2026-07-15,2466,2491,2400.5,2443.5,4286800,10438690600,0,0
2026-07-16,2425,2442,2366.5,2373,3381000,8075352600,0,0
2026-07-17,2338,2355,2228.5,2257.5,4295400,9770587600,0,0
2026-07-21,2316,2365,2289,2365,2866200,6723913200,0,0
2026-07-22,2365,2431,2357,2397,3566600,8571561400,0,0
2026-07-23,2397,2491,2394.5,2465,2331600,5741032100,0,0
2026-07-24,2433.5,2464.5,2402,2426,1711400,4143967200,0,0
2026-07-27,2440,2446,2295,2346.5,3536800,8304385200,0,0
2026-07-28,2311.5,2328.5,2191.5,2195.5,5340600,11883461600,0,0
2026-07-29,2194.5,2232,2081,2140.5,5121200,11012665000,0,0
2026-07-30,2105.5,2187,2104.5,2172.5,3277200,7093972400,0,0
2026-07-31,2240,2264.5,2201,2263.5,4245800,9547909500,0,0
2026-08-03,2250,2267,2204,2249.5,3151400,7065744700,0,0
2026-08-04,2284.5,2286,2233,2256.5,2205800,4973242700,0,0
2026-08-05,2314,2375,2295.5,2350.5,2757200,6462025300,0,0
2026-08-06,2315.5,2351,2288.5,2335,1983800,4620561200,0,0
2026-08-07,2335,2355,2310,2349,2098200,4915839300,0,0
2026-08-10,2384,2417.5,2376,2408,2469200,5922953100,0,0
2026-08-12,2400,2459,2375.5,2459,3820200,9319083500,0,0
2026-08-13,2679,2809,2679,2724,13546200,37470523000,1,0
2026-08-14,2744,2814.5,2617.5,2640.5,6802600,18330551500,0,0
2026-08-17,2662.5,2717.5,2635.5,2716.5,3758200,10117527500,0,0
2026-08-18,2689.5,2712.5,2575.5,2600.5,4099000,10724220000,0,0
2026-08-19,2520,2649.5,2510,2545,4383800,11272512200,0,0
2026-08-20,2567,2601,2509,2556,3206400,8166863000,0,0
2026-08-21,2510,2572.5,2500,2561.5,2339400,5972189100,0,0
2026-08-24,2596.5,2637.5,2482,2501,2827200,7163541000,0,0
2026-08-25,2488,2488.5,2410,2473,2843200,6965121500,0,0
2026-08-26,2455,2543.5,2446,2523,3134200,7856245500,0,0
2026-08-27,2573.5,2580.5,2496,2500.5,3176800,7988850600,0,0
2026-08-28,2525,2544,2484.5,2509.5,2653600,6654816400,0,0
2026-08-31,2459.5,2565,2451,2546.5,2907600,7365979200,0,0
2026-09-01,2546.5,2546.5,2454,2471,2902200,7200860500,0,0
2026-09-02,2425,2470,2421,2462,3267800,8010620600,0,0
2026-09-03,2474,2555,2470.5,2523,3430000,8637772500,0,0
2026-09-04,2555,2560,2493.5,2535.5,3272400,8269682800,0,0
2026-09-07,2561,2634,2549,2623,3029600,7920102100,0,0
2026-09-08,2557,2604.5,2505,2510,2235200,5682068400,0,0
2026-09-09,2500,2567.5,2484,2535,3249200,8252199000,0,0
2026-09-10,2535,2562.5,2512,2539,2031400,5151299400,0,0
2026-09-11,2454,2478,2342.5,2362.5,4523200,10824987600,0,0
2026-09-14,2334.5,2364,2302.5,2336,3051200,7130862200,0,0
2026-09-15,2315,2344.5,2292,2315,2680000,6207651100,0,0
2026-09-16,2310,2350.5,2308.5,2330.5,2215400,5158722900,0,0
2026-09-17,2356.5,2371.5,2310.5,2327.5,3311600,7727145800,0,0
2026-09-18,2344,2352.5,2302,2329.5,4865800,11329851700,0,0
2026-09-24,2365,2477,2363.5,2460.5,4180400,10223078900,0,0
2026-09-25,2415,2459,2394,2459,2871400,7019227200,0,0
2026-09-28,2508.5,2510.5,2417.5,2421.5,2012200,4918478500,0,0
2026-09-29,2366,2391,2312.5,2339.5,2201100,5140952050,0,0
2026-09-30,2377.5,2394,2340.5,2362.5,3009200,7111743400,0,0
2026-10-01,2347.5,2422,2335,2417.5,2296900,5515814400,0,0
2026-10-02,2345,2401,2331,2384.5,2958300,6995729050,0,0
