Date,Open,High,Low,Close,Volume,TradingValue,UpLimit,UnderLimit
2016-02-05,1345,1362.5,1322.5,1347.5,859600,,,
2016-02-08,1310,1342.5,1307.5,1332.5,761000,,,
2016-02-09,1287.5,1297.5,1265,1285,675200,,,
2016-02-10,1290,1290,1231.25,1255,680200,,,
2016-02-12,1230,1240,1186.25,1193.75,725000,,,
2016-02-15,1246.25,1280,1217.5,1272.5,580600,,,
2016-02-16,1255,1295,1246.25,1270,390000,,,
2016-02-17,1270,1307.5,1270,1290,468400,,,
2016-02-18,1320,1325,1285,1292.5,554600,,,
2016-02-19,1282.5,1305,1252.5,1267.5,625800,,,
2016-02-22,1247.5,1270,1241.25,1265,515800,,,
2016-02-23,1265,1285,1247.5,1255,667200,,,
2016-02-24,1250,1275,1243.75,1265,528000,,,
2016-02-25,1265,1297.5,1265,1287.5,295200,,,
2016-02-26,1297.5,1307.5,1287.5,1287.5,186600,,,
2016-02-29,1307.5,1317.5,1275,1275,259800,,,
2016-03-01,1262.5,1277.5,1250,1260,249600,,,
2016-03-02,1292.5,1317.5,1285,1305,335600,,,
2016-03-03,1287.5,1315,1277.5,1312.5,377000,,,
2016-03-04,1292.5,1300,1277.5,1295,385600,,,
2016-03-07,1317.5,1322.5,1297.5,1312.5,362000,,,
2016-03-08,1305,1307.5,1265,1292.5,353800,,,
2016-03-09,1277.5,1287.5,1255,1277.5,331800,,,
2016-03-10,1327.5,1350,1315,1347.5,715200,,,
2016-03-11,1330,1340,1320,1332.5,600600,,,
2016-03-14,1342.5,1370,1337.5,1350,347000,,,
2016-03-15,1345,1360,1337.5,1345,301000,,,
2016-03-16,1332.5,1342.5,1322.5,1330,379800,,,
2016-03-17,1345,1365,1327.5,1335,386600,,,
2016-03-18,1335,1342.5,1312.5,1330,330200,,,
2016-03-22,1342.5,1370,1330,1370,354600,,,
2016-03-23,1357.5,1377.5,1350,1360,196200,,,
2016-03-24,1347.5,1362.5,1340,1352.5,317600,,,
2016-03-25,1350,1370,1345,1360,285000,,,
2016-03-28,1372.5,1380,1352.5,1380,297600,,,
2016-03-29,1355,1372.5,1342.5,1367.5,308200,,,
2016-03-30,1360,1380,1357.5,1360,293600,,,
2016-03-31,1365,1377.5,1352.5,1352.5,376200,,,
2016-04-01,1352.5,1357.5,1300,1302.5,507400,,,
2016-04-04,1300,1307.5,1237.5,1267.5,908000,,,
2016-04-05,1250,1270,1250,1252.5,519200,,,
2016-04-06,1237.5,1252.5,1211.25,1246.25,540600,,,
2016-04-07,1245,1282.5,1231.25,1272.5,687000,,,
2016-04-08,1260,1297.5,1257.5,1285,505800,,,
2016-04-11,1267.5,1267.5,1227.5,1247.5,629000,,,
2016-04-12,1230,1267.5,1226.25,1260,498200,,,
2016-04-13,1262.5,1295,1250,1287.5,680400,,,
2016-04-14,1300,1315,1292.5,1315,469200,,,
2016-04-15,1290,1307.5,1282.5,1297.5,476600,,,
2016-04-18,1233.75,1270,1233.75,1252.5,516800,,,
2016-04-19,1275,1290,1267.5,1287.5,544200,,,
2016-04-20,1295,1302.5,1272.5,1280,615000,,,
2016-04-21,1300,1307.5,1282.5,1302.5,400800,,,
2016-04-22,1287.5,1305,1280,1300,445000,,,
2016-04-25,1302.5,1312.5,1292.5,1307.5,313400,,,
2016-04-26,1305,1310,1285,1297.5,283200,,,
2016-04-27,1300,1315,1292.5,1312.5,473600,,,
2016-04-28,1345,1375,1312.5,1325,934000,,,
2016-05-02,1275,1297.5,1255,1277.5,410200,,,
2016-05-06,1302.5,1320,1287.5,1312.5,447200,,,
2016-05-09,1310,1325,1307.5,1310,288000,,,
2016-05-10,1312.5,1340,1307.5,1335,422600,,,
2016-05-11,1345,1355,1327.5,1335,271000,,,
2016-05-12,1317.5,1352.5,1312.5,1347.5,260000,,,
2016-05-13,1392.5,1405,1352.5,1357.5,823600,,,
2016-05-16,1355,1360,1332.5,1335,465800,,,
2016-05-17,1327.5,1337.5,1320,1335,418200,,,
2016-05-18,1335,1370,1330,1362.5,748600,,,
2016-05-19,1372.5,1385,1357.5,1372.5,604800,,,
2016-05-20,1362.5,1380,1355,1380,546400,,,
2016-05-23,1395,1397.5,1362.5,1367.5,503800,,,
2016-05-24,1367.5,1382.5,1355,1372.5,362400,,,
2016-05-25,1392.5,1392.5,1372.5,1375,253000,,,
2016-05-26,1385,1390,1370,1377.5,304400,,,
2016-05-27,1387.5,1410,1385,1405,429600,,,
2016-05-30,1420,1432.5,1410,1422.5,253600,,,
2016-05-31,1412.5,1435,1402.5,1427.5,413600,,,
2016-06-01,1417.5,1422.5,1400,1407.5,380800,,,
2016-06-02,1395,1400,1382.5,1385,328400,,,
2016-06-03,1390,1402.5,1375,1390,488200,,,
2016-06-06,1377.5,1400,1365,1395,343000,,,
2016-06-07,1400,1417.5,1397.5,1410,406000,,,
2016-06-08,1432.5,1445,1420,1442.5,468200,,,
2016-06-09,1430,1430,1410,1427.5,330000,,,
2016-06-10,1430,1435,1412.5,1420,417400,,,
2016-06-13,1402.5,1407.5,1390,1397.5,398800,,,
2016-06-14,1382.5,1385,1352.5,1362.5,340400,,,
2016-06-15,1360,1372.5,1347.5,1362.5,444800,,,
2016-06-16,1360,1362.5,1312.5,1320,512200,,,
2016-06-17,1337.5,1360,1327.5,1335,728800,,,
2016-06-20,1367.5,1387.5,1355,1370,407200,,,
2016-06-21,1350,1387.5,1345,1380,378000,,,
2016-06-22,1370,1375,1350,1365,264400,,,
2016-06-23,1372.5,1382.5,1355,1380,257400,,,
2016-06-24,1387.5,1395,1250,1310,871600,,,
2016-06-27,1340,1345,1295,1322.5,554600,,,
2016-06-28,1302.5,1325,1290,1315,448600,,,
2016-06-29,1335,1357.5,1312.5,1357.5,429000,,,
2016-06-30,1372.5,1375,1335,1335,384800,,,
2016-07-01,1335,1350,1317.5,1325,313800,,,
2016-07-04,1312.5,1332.5,1302.5,1327.5,354600,,,
2016-07-05,1315,1322.5,1305,1312.5,249000,,,
2016-07-06,1290,1300,1277.5,1297.5,540400,,,
2016-07-07,1322.5,1327.5,1307.5,1317.5,495400,,,
2016-07-08,1315,1327.5,1297.5,1297.5,374800,,,
2016-07-11,1312.5,1340,1312.5,1330,457000,,,
2016-07-12,1347.5,1382.5,1345,1372.5,766200,,,
2016-07-13,1397.5,1420,1392.5,1397.5,667000,,,
2016-07-14,1397.5,1405,1387.5,1390,360200,,,
2016-07-15,1397.5,1405,1387.5,1402.5,698400,,,
2016-07-19,1405,1425,1390,1425,585400,,,
2016-07-20,1427.5,1447.5,1412.5,1440,418600,,,
2016-07-21,1465,1465,1437.5,1445,432800,,,
2016-07-22,1430,1445,1425,1440,296200,,,
2016-07-25,1437.5,1450,1412.5,1417.5,636400,,,
2016-07-26,1410,1412.5,1392.5,1400,379600,,,
2016-07-27,1417.5,1432.5,1410,1427.5,335400,,,
2016-07-28,1407.5,1422.5,1402.5,1420,299200,,,
2016-07-29,1412.5,1455,1385,1452.5,683600,,,
2016-08-01,1380,1425,1352.5,1377.5,959000,,,
2016-08-02,1352.5,1377.5,1352.5,1352.5,527400,,,
2016-08-03,1330,1352.5,1322.5,1335,494400,,,
2016-08-04,1355,1357.5,1322.5,1322.5,542600,,,
2016-08-05,1322.5,1332.5,1305,1307.5,506000,,,
2016-08-08,1350,1350,1320,1340,480800,,,
2016-08-09,1327.5,1340,1315,1335,388800,,,
2016-08-10,1315,1337.5,1312.5,1327.5,277600,,,
2016-08-12,1340,1342.5,1330,1337.5,223200,,,
2016-08-15,1330,1330,1317.5,1317.5,202400,,,
2016-08-16,1317.5,1317.5,1292.5,1305,395800,,,
2016-08-17,1290,1307.5,1287.5,1302.5,269000,,,
2016-08-18,1297.5,1310,1290,1295,423200,,,
2016-08-19,1325,1330,1292.5,1302.5,441400,,,
2016-08-22,1305,1315,1290,1315,274400,,,
2016-08-23,1315,1325,1310,1315,341200,,,
2016-08-24,1330,1345,1327.5,1340,369800,,,
2016-08-25,1335,1335,1317.5,1327.5,199000,,,
2016-08-26,1302.5,1302.5,1277.5,1282.5,370400,,,
2016-08-29,1297.5,1312.5,1282.5,1290,277200,,,
2016-08-30,1287.5,1297.5,1275,1295,356800,,,
2016-08-31,1300,1305,1285,1302.5,317200,,,
2016-09-01,1317.5,1360,1312.5,1342.5,491200,,,
2016-09-02,1335,1342.5,1322.5,1330,203800,,,
2016-09-05,1345,1347.5,1330,1330,150000,,,
2016-09-06,1342.5,1365,1332.5,1362.5,284600,,,
2016-09-07,1345,1367.5,1335,1362.5,360800,,,
2016-09-08,1362.5,1380,1360,1365,259000,,,
2016-09-09,1362.5,1370,1345,1360,199400,,,
2016-09-12,1337.5,1355,1337.5,1352.5,165800,,,
2016-09-13,1347.5,1357.5,1337.5,1347.5,193000,,,
2016-09-14,1345,1387.5,1345,1382.5,457000,,,
2016-09-15,1372.5,1382.5,1357.5,1370,239000,,,
2016-09-16,1367.5,1370,1345,1367.5,439800,,,
2016-09-20,1360,1400,1360,1382.5,269600,,,
2016-09-21,1380,1425,1370,1422.5,374200,,,
2016-09-23,1400,1430,1390,1417.5,354600,,,
2016-09-26,1407.5,1410,1377.5,1380,249000,,,
2016-09-27,1362.5,1390,1350,1390,445600,,,
2016-09-28,1365,1377.5,1317.5,1345,603200,,,
2016-09-29,1345,1362.5,1342.5,1360,389800,,,
2016-09-30,1335,1340,1325,1335,294400,,,
2016-10-03,1337.5,1342.5,1325,1332.5,463000,,,
2016-10-04,1350,1350,1337.5,1347.5,190800,,,
2016-10-05,1355,1360,1345,1350,234800,,,
2016-10-06,1367.5,1372.5,1360,1365,222600,,,
2016-10-07,1365,1372.5,1355,1367.5,188800,,,
2016-10-11,1382.5,1387.5,1375,1382.5,329200,,,
2016-10-12,1380,1382.5,1360,1372.5,507400,,,
2016-10-13,1377.5,1392.5,1377.5,1387.5,442200,,,
2016-10-14,1380,1397.5,1377.5,1395,582200,,,
2016-10-17,1395,1412.5,1392.5,1410,355800,,,
2016-10-18,1417.5,1437.5,1410,1437.5,667600,,,
2016-10-19,1420,1437.5,1402.5,1437.5,540000,,,
2016-10-20,1430,1435,1417.5,1430,396000,,,
2016-10-21,1420,1420,1387.5,1390,585000,,,
2016-10-24,1387.5,1402.5,1380,1400,203400,,,
2016-10-25,1400,1415,1397.5,1412.5,262000,,,
2016-10-26,1395,1407.5,1387.5,1392.5,396600,,,
2016-10-27,1380,1390,1370,1380,384200,,,
2016-10-28,1392.5,1395,1372.5,1382.5,723000,,,
2016-10-31,1455,1522.5,1445,1512.5,1504000,,,
2016-11-01,1505,1527.5,1492.5,1525,671200,,,
2016-11-02,1505,1525,1497.5,1505,470000,,,
2016-11-04,1475,1500,1472.5,1495,510000,,,
2016-11-07,1512.5,1517.5,1482.5,1505,472200,,,
2016-11-08,1505,1510,1487.5,1502.5,314200,,,
2016-11-09,1512.5,1522.5,1447.5,1460,447400,,,
2016-11-10,1525,1542.5,1502.5,1510,436800,,,
2016-11-11,1535,1535,1492.5,1502.5,387200,,,
2016-11-14,1515,1562.5,1510,1555,459400,,,
2016-11-15,1572.5,1587.5,1562.5,1570,402800,,,
2016-11-16,1562.5,1570,1542.5,1557.5,466200,,,
2016-11-17,1542.5,1560,1532.5,1547.5,368000,,,
2016-11-18,1545,1575,1542.5,1570,352200,,,
2016-11-21,1555,1567.5,1552.5,1555,300000,,,
2016-11-22,1575,1585,1565,1572.5,293800,,,
2016-11-24,1557.5,1562.5,1542.5,1555,505000,,,
2016-11-25,1562.5,1572.5,1552.5,1557.5,362400,,,
2016-11-28,1545,1552.5,1527.5,1547.5,435600,,,
2016-11-29,1552.5,1572.5,1550,1560,398400,,,
2016-11-30,1570,1572.5,1550,1570,472200,,,
2016-12-01,1587.5,1587.5,1557.5,1565,448800,,,
2016-12-02,1552.5,1555,1535,1537.5,437400,,,
2016-12-05,1535,1537.5,1520,1527.5,269600,,,
2016-12-06,1552.5,1557.5,1532.5,1535,412400,,,
2016-12-07,1545,1547.5,1500,1510,505000,,,
2016-12-08,1512.5,1532.5,1507.5,1515,477200,,,
2016-12-09,1502.5,1512.5,1475,1482.5,892200,,,
2016-12-12,1497.5,1502.5,1472.5,1487.5,593800,,,
2016-12-13,1495,1510,1477.5,1507.5,367200,,,
2016-12-14,1507.5,1517.5,1502.5,1510,344000,,,
2016-12-15,1520,1532.5,1515,1525,386400,,,
2016-12-16,1532.5,1555,1532.5,1550,438000,,,
2016-12-19,1550,1555,1535,1550,272000,,,
2016-12-20,1542.5,1550,1532.5,1547.5,288000,,,
2016-12-21,1550,1555,1537.5,1540,296000,,,
2016-12-22,1542.5,1547.5,1532.5,1545,262200,,,
2016-12-26,1555,1555,1540,1540,186400,,,
2016-12-27,1530,1560,1530,1552.5,301800,,,
2016-12-28,1557.5,1567.5,1547.5,1562.5,238400,,,
2016-12-29,1562.5,1567.5,1537.5,1547.5,298400,,,
2016-12-30,1542.5,1555,1532.5,1542.5,219800,,,
2017-01-04,1557.5,1572.5,1547.5,1572.5,567600,,,
2017-01-05,1560,1572.5,1547.5,1560,381200,,,
2017-01-06,1535,1545,1532.5,1540,304600,,,
2017-01-10,1535,1565,1532.5,1547.5,414600,,,
2017-01-11,1555,1555,1542.5,1552.5,180400,,,
2017-01-12,1547.5,1550,1525,1540,229800,,,
2017-01-13,1520,1527.5,1507.5,1517.5,495800,,,
2017-01-16,1517.5,1530,1510,1515,291400,,,
2017-01-17,1502.5,1505,1482.5,1485,345200,,,
2017-01-18,1480,1492.5,1465,1487.5,221400,,,
2017-01-19,1495,1502.5,1485,1487.5,267800,,,
2017-01-20,1487.5,1502.5,1472.5,1495,475200,,,
2017-01-23,1447.5,1472.5,1447.5,1455,720400,,,
2017-01-24,1437.5,1465,1430,1447.5,594600,,,
2017-01-25,1457.5,1462.5,1435,1447.5,331600,,,
2017-01-26,1460,1467.5,1447.5,1450,355800,,,
2017-01-27,1447.5,1452.5,1432.5,1447.5,323200,,,
2017-01-30,1450,1455,1437.5,1452.5,262200,,,
2017-01-31,1422.5,1432.5,1415,1425,407200,,,
2017-02-01,1430,1450,1422.5,1442.5,407400,,,
2017-02-02,1430,1442.5,1410,1420,526600,,,
2017-02-03,1422.5,1455,1405,1420,609000,,,
2017-02-06,1427.5,1427.5,1387.5,1402.5,520400,,,
2017-02-07,1397.5,1400,1380,1387.5,527800,,,
2017-02-08,1395,1400,1380,1390,298400,,,
2017-02-09,1387.5,1390,1375,1380,246200,,,
2017-02-10,1397.5,1400,1385,1392.5,263200,,,
2017-02-13,1410,1410,1390,1402.5,277000,,,
2017-02-14,1400,1405,1392.5,1395,352600,,,
2017-02-15,1405,1417.5,1402.5,1410,335800,,,
2017-02-16,1417.5,1420,1400,1412.5,372200,,,
2017-02-17,1417.5,1420,1397.5,1415,297800,,,
2017-02-20,1410,1430,1405,1427.5,264000,,,
2017-02-21,1427.5,1442.5,1427.5,1440,270000,,,
2017-02-22,1465,1465,1440,1442.5,281800,,,
2017-02-23,1455,1460,1435,1445,325800,,,
2017-02-24,1427.5,1450,1427.5,1440,368200,,,
2017-02-27,1425,1430,1415,1422.5,377400,,,
2017-02-28,1432.5,1445,1430,1437.5,453000,,,
2017-03-01,1432.5,1455,1430,1452.5,265600,,,
2017-03-02,1465,1465,1422.5,1430,693800,,,
2017-03-03,1430,1450,1417.5,1427.5,353400,,,
2017-03-06,1427.5,1442.5,1425,1435,386000,,,
2017-03-07,1435,1450,1427.5,1427.5,610800,,,
2017-03-08,1432.5,1437.5,1410,1410,353800,,,
2017-03-09,1417.5,1417.5,1390,1402.5,518400,,,
2017-03-10,1437.5,1447.5,1422.5,1435,470800,,,
2017-03-13,1447.5,1467.5,1447.5,1460,402800,,,
2017-03-14,1475,1477.5,1455,1470,268200,,,
2017-03-15,1472.5,1472.5,1457.5,1457.5,340400,,,
2017-03-16,1450,1477.5,1437.5,1467.5,493000,,,
2017-03-17,1447.5,1462.5,1432.5,1432.5,476600,,,
2017-03-21,1437.5,1450,1420,1427.5,538200,,,
2017-03-22,1445,1447.5,1415,1415,449800,,,
2017-03-23,1412.5,1425,1405,1422.5,313800,,,
2017-03-24,1420,1437.5,1415,1435,240400,,,
2017-03-27,1412.5,1425,1407.5,1407.5,254000,,,
2017-03-28,1420,1440,1417.5,1440,394600,,,
2017-03-29,1430,1437.5,1415,1425,635400,,,
2017-03-30,1417.5,1432.5,1415,1417.5,406400,,,
2017-03-31,1422.5,1425,1397.5,1397.5,464600,,,
2017-04-03,1392.5,1395,1382.5,1390,468800,,,
2017-04-04,1382.5,1412.5,1372.5,1390,913600,,,
2017-04-05,1390,1397.5,1370,1375,579200,,,
2017-04-06,1375,1377.5,1355,1367.5,651000,,,
2017-04-07,1390,1402.5,1380,1385,557200,,,
2017-04-10,1392.5,1417.5,1392.5,1395,544200,,,
2017-04-11,1395,1407.5,1387.5,1392.5,600400,,,
2017-04-12,1385,1392.5,1365,1372.5,371200,,,
2017-04-13,1355,1367.5,1352.5,1362.5,567800,,,
2017-04-14,1362.5,1365,1340,1342.5,515400,,,
2017-04-17,1337.5,1360,1325,1355,718400,,,
2017-04-18,1342.5,1355,1335,1347.5,400800,,,
2017-04-19,1332.5,1347.5,1332.5,1335,437800,,,
2017-04-20,1342.5,1355,1342.5,1347.5,341400,,,
2017-04-21,1347.5,1355,1337.5,1352.5,493200,,,
2017-04-24,1377.5,1380,1352.5,1362.5,365200,,,
2017-04-25,1365,1385,1357.5,1375,524800,,,
2017-04-26,1377.5,1402.5,1372.5,1392.5,269000,,,
2017-04-27,1375,1397.5,1372.5,1395,211800,,,
2017-04-28,1387.5,1395,1380,1390,390400,,,
2017-05-01,1382.5,1397.5,1382.5,1392.5,228600,,,
2017-05-02,1395,1412.5,1395,1407.5,293800,,,
2017-05-08,1422.5,1435,1410,1430,647800,,,
2017-05-09,1435,1442.5,1425,1430,410600,,,
2017-05-10,1427.5,1440,1427.5,1432.5,251800,,,
2017-05-11,1442.5,1442.5,1432.5,1432.5,338600,,,
2017-05-12,1427.5,1447.5,1402.5,1445,709200,,,
2017-05-15,1465,1467.5,1447.5,1462.5,536000,,,
2017-05-16,1465,1467.5,1435,1455,615200,,,
2017-05-17,1442.5,1470,1432.5,1462.5,491000,,,
2017-05-18,1440,1455,1432.5,1442.5,603200,,,
2017-05-19,1422.5,1435,1417.5,1430,670000,,,
2017-05-22,1435,1440,1425,1432.5,311200,,,
2017-05-23,1432.5,1445,1432.5,1437.5,520000,,,
2017-05-24,1450,1452.5,1437.5,1440,649400,,,
2017-05-25,1452.5,1467.5,1450,1457.5,485800,,,
2017-05-26,1435,1437.5,1410,1420,698200,,,
2017-05-29,1422.5,1425,1412.5,1422.5,309800,,,
2017-05-30,1420,1435,1412.5,1425,485200,,,
2017-05-31,1425,1437.5,1415,1415,388200,,,
2017-06-01,1425,1442.5,1425,1437.5,246800,,,
2017-06-02,1440,1465,1437.5,1462.5,448400,,,
2017-06-05,1455,1462.5,1447.5,1460,303000,,,
2017-06-06,1452.5,1477.5,1450,1472.5,501800,,,
2017-06-07,1475,1482.5,1465,1475,465000,,,
2017-06-08,1477.5,1490,1472.5,1480,423600,,,
2017-06-09,1480,1485,1462.5,1470,433600,,,
2017-06-12,1457.5,1480,1455,1472.5,349800,,,
2017-06-13,1480,1500,1477.5,1477.5,374000,,,
2017-06-14,1487.5,1497.5,1487.5,1487.5,371400,,,
2017-06-15,1485,1497.5,1480,1487.5,336600,,,
2017-06-16,1490,1497.5,1472.5,1497.5,586200,,,
2017-06-19,1487.5,1530,1487.5,1522.5,396000,,,
2017-06-20,1530,1557.5,1527.5,1547.5,557400,,,
2017-06-21,1547.5,1550,1522.5,1525,518600,,,
2017-06-22,1527.5,1545,1512.5,1515,549600,,,
2017-06-23,1530,1532.5,1512.5,1515,277800,,,
2017-06-26,1517.5,1530,1517.5,1520,149200,,,
2017-06-27,1527.5,1540,1520,1525,293000,,,
2017-06-28,1520,1525,1507.5,1507.5,228800,,,
2017-06-29,1520,1522.5,1497.5,1502.5,443400,,,
2017-06-30,1495,1515,1490,1507.5,344600,,,
2017-07-03,1515,1527.5,1512.5,1512.5,211200,,,
2017-07-04,1520,1525,1510,1512.5,223800,,,
2017-07-05,1505,1527.5,1505,1527.5,271600,,,
2017-07-06,1527.5,1537.5,1525,1535,222600,,,
2017-07-07,1532.5,1552.5,1530,1545,327800,,,
2017-07-10,1552.5,1575,1552.5,1565,306600,,,
2017-07-11,1565,1577.5,1562.5,1575,489200,,,
2017-07-12,1580,1582.5,1570,1572.5,405000,,,
2017-07-13,1575,1577.5,1567.5,1575,415800,,,
2017-07-14,1570,1590,1570,1582.5,329400,,,
2017-07-18,1582.5,1610,1572.5,1602.5,524000,,,
2017-07-19,1595,1612.5,1590,1610,290400,,,
2017-07-20,1610,1617.5,1607.5,1612.5,287200,,,
2017-07-21,1615,1622.5,1607.5,1610,386000,,,
2017-07-24,1602.5,1602.5,1582.5,1590,386600,,,
2017-07-25,1595,1597.5,1572.5,1590,356600,,,
2017-07-26,1607.5,1627.5,1597.5,1622.5,531400,,,
2017-07-27,1625,1632.5,1615,1620,479600,,,
2017-07-28,1600,1657.5,1590,1642.5,1043400,,,
2017-07-31,1637.5,1655,1590,1590,719000,,,
2017-08-01,1572.5,1585,1565,1580,387200,,,
2017-08-02,1587.5,1592.5,1562.5,1572.5,419800,,,
2017-08-03,1567.5,1580,1565,1577.5,302800,,,
2017-08-04,1572.5,1585,1567.5,1575,312200,,,
2017-08-07,1587.5,1587.5,1572.5,1577.5,177000,,,
2017-08-08,1582.5,1585,1562.5,1572.5,304600,,,
2017-08-09,1580,1580,1555,1567.5,388600,,,
2017-08-10,1582.5,1582.5,1570,1577.5,257000,,,
2017-08-14,1565,1587.5,1555,1577.5,399800,,,
2017-08-15,1587.5,1605,1587.5,1595,257800,,,
2017-08-16,1577.5,1582.5,1565,1567.5,396800,,,
2017-08-17,1550,1560,1540,1557.5,298800,,,
2017-08-18,1540,1550,1530,1542.5,223000,,,
2017-08-21,1547.5,1547.5,1535,1545,234000,,,
2017-08-22,1567.5,1567.5,1552.5,1557.5,245200,,,
2017-08-23,1575,1575,1557.5,1567.5,278400,,,
2017-08-24,1570,1592.5,1570,1582.5,170800,,,
2017-08-25,1582.5,1595,1572.5,1590,260800,,,
2017-08-28,1592.5,1595,1577.5,1580,163000,,,
2017-08-29,1580,1590,1580,1585,123200,,,
2017-08-30,1587.5,1595,1550,1555,423000,,,
2017-08-31,1570,1587.5,1567.5,1577.5,205600,,,
2017-09-01,1582.5,1597.5,1582.5,1592.5,174400,,,
2017-09-04,1592.5,1600,1575,1590,340600,,,
2017-09-05,1620,1630,1597.5,1607.5,412800,,,
2017-09-06,1605,1630,1605,1612.5,438800,,,
2017-09-07,1607.5,1645,1600,1640,405200,,,
2017-09-08,1650,1650,1632.5,1637.5,398800,,,
2017-09-11,1647.5,1670,1647.5,1662.5,170200,,,
2017-09-12,1672.5,1685,1662.5,1665,244600,,,
2017-09-13,1675,1682.5,1670,1677.5,184800,,,
2017-09-14,1692.5,1697.5,1680,1685,190000,,,
2017-09-15,1677.5,1700,1675,1690,410600,,,
2017-09-19,1705,1725,1700,1720,242800,,,
2017-09-20,1720,1725,1702.5,1712.5,291600,,,
2017-09-21,1712.5,1712.5,1690,1697.5,276400,,,
2017-09-22,1692.5,1712.5,1687.5,1702.5,253200,,,
2017-09-25,1710,1715,1690,1700,279000,,,
2017-09-26,1697.5,1727.5,1687.5,1712.5,277600,,,
2017-09-27,1675,1697.5,1660,1692.5,270000,,,
2017-09-28,1695,1717.5,1680,1717.5,308600,,,
2017-09-29,1722.5,1722.5,1707.5,1717.5,204200,,,
2017-10-02,1722.5,1730,1685,1702.5,291200,,,
2017-10-03,1712.5,1715,1700,1710,146200,,,
2017-10-04,1697.5,1705,1675,1700,302200,,,
2017-10-05,1700,1712.5,1690,1692.5,217000,,,
2017-10-06,1695,1697.5,1675,1685,228400,,,
2017-10-10,1690,1720,1687.5,1717.5,207600,,,
2017-10-11,1700,1707.5,1687.5,1705,265000,,,
2017-10-12,1700,1707.5,1685,1695,242600,,,
2017-10-13,1682.5,1705,1675,1702.5,426400,,,
2017-10-16,1697.5,1707.5,1685,1697.5,199200,,,
2017-10-17,1712.5,1722.5,1707.5,1715,294200,,,
2017-10-18,1690,1695,1680,1690,253600,,,
2017-10-19,1695,1715,1690,1712.5,223600,,,
2017-10-20,1737.5,1757.5,1735,1750,473000,,,
2017-10-23,1750,1780,1740,1777.5,312200,,,
2017-10-24,1777.5,1780,1767.5,1780,218000,,,
2017-10-25,1787.5,1795,1762.5,1767.5,324200,,,
2017-10-26,1760,1772.5,1747.5,1765,407400,,,
2017-10-27,1780,1852.5,1652.5,1810,1089200,,,
2017-10-30,1747.5,1817.5,1747.5,1790,827400,,,
2017-10-31,1827.5,1867.5,1797.5,1850,1193200,,,
2017-11-01,1887.5,1945,1867.5,1937.5,1183400,,,
2017-11-02,1932.5,1932.5,1907.5,1925,628400,,,
2017-11-06,1930,1947.5,1920,1922.5,405400,,,
2017-11-07,1917.5,1955,1912.5,1947.5,430200,,,
2017-11-08,1942.5,1965,1937.5,1950,455800,,,
2017-11-09,1960,1970,1922.5,1940,366200,,,
2017-11-10,1910,1927.5,1905,1915,351200,,,
2017-11-13,1915,1940,1915,1922.5,214400,,,
2017-11-14,1917.5,1935,1915,1930,322600,,,
2017-11-15,1925,1935,1890,1900,653400,,,
2017-11-16,1887.5,1925,1882.5,1920,475400,,,
2017-11-17,1925,1945,1920,1940,378600,,,
2017-11-20,1925,1942.5,1915,1930,246800,,,
2017-11-21,1922.5,1965,1917.5,1955,279400,,,
2017-11-22,1982.5,1985,1962.5,1970,207200,,,
2017-11-24,1932.5,1955,1912.5,1950,434000,,,
2017-11-27,1935,1935,1915,1927.5,286800,,,
2017-11-28,1910,1915,1892.5,1900,379000,,,
2017-11-29,1905,1912.5,1875,1885,539000,,,
2017-11-30,1892.5,1895,1862.5,1882.5,538000,,,
2017-12-01,1870,1875,1855,1867.5,502200,,,
2017-12-04,1870,1877.5,1842.5,1845,388800,,,
2017-12-05,1825,1835,1815,1822.5,341400,,,
2017-12-06,1817.5,1822.5,1797.5,1800,350600,,,
2017-12-07,1800,1810,1790,1800,735000,,,
2017-12-08,1800,1820,1795,1820,663800,,,
2017-12-11,1835,1855,1825,1850,351000,,,
2017-12-12,1850,1880,1840,1865,275600,,,
2017-12-13,1865,1867.5,1830,1837.5,343600,,,
2017-12-14,1845,1847.5,1815,1825,383800,,,
2017-12-15,1825,1832.5,1815,1825,334800,,,
2017-12-18,1842.5,1880,1837.5,1875,224400,,,
2017-12-19,1895,1905,1872.5,1895,310200,,,
2017-12-20,1890,1917.5,1887.5,1910,269600,,,
2017-12-21,1915,1940,1915,1935,388200,,,
2017-12-22,1930,1945,1917.5,1930,384400,,,
2017-12-25,1942.5,1942.5,1922.5,1930,107400,,,
2017-12-26,1925,1932.5,1917.5,1922.5,107800,,,
2017-12-27,1917.5,1935,1915,1932.5,141000,,,
2017-12-28,1925,1935,1922.5,1932.5,294400,,,
2017-12-29,1930,1940,1922.5,1922.5,146800,,,
2018-01-04,1922.5,1950,1912.5,1947.5,304600,,,
2018-01-05,1962.5,1982.5,1952.5,1977.5,339800,,,
2018-01-09,1982.5,1985,1960,1962.5,296600,,,
2018-01-10,1965,1980,1965,1965,159200,,,
2018-01-11,1945,1960,1937.5,1950,251000,,,
2018-01-12,1955,1962.5,1942.5,1945,249400,,,
2018-01-15,1957.5,1975,1950,1955,247000,,,
2018-01-16,1967.5,1990,1962.5,1987.5,207200,,,
2018-01-17,1970,2007.5,1965,1997.5,173800,,,
2018-01-18,2007.5,2010,1950,1950,340600,,,
2018-01-19,1950,1955,1932.5,1940,270800,,,
2018-01-22,1935,1937.5,1887.5,1915,364800,,,
2018-01-23,1927.5,1927.5,1900,1915,296800,,,
2018-01-24,1932.5,1935,1910,1915,347200,,,
2018-01-25,1920,1942.5,1915,1922.5,342200,,,
2018-01-26,1947.5,1947.5,1920,1932.5,209800,,,
2018-01-29,1970,1970,1947.5,1955,249000,,,
2018-01-30,1967.5,1967.5,1915,1917.5,302000,,,
2018-01-31,1930,1945,1912.5,1912.5,288600,,,
2018-02-01,1920,1972.5,1915,1967.5,267000,,,
2018-02-02,1955,1962.5,1932.5,1950,254200,,,
2018-02-05,1932.5,1977.5,1905,1950,733200,,,
2018-02-06,1842.5,1862.5,1795,1835,719800,,,
2018-02-07,1895,1930,1875,1875,531600,,,
2018-02-08,1855,1905,1855,1897.5,345600,,,
2018-02-09,1835,1872.5,1835,1870,365400,,,
2018-02-13,1907.5,1922.5,1865,1870,441400,,,
2018-02-14,1860,1875,1807.5,1812.5,468400,,,
2018-02-15,1810,1835,1805,1817.5,748800,,,
2018-02-16,1830,1845,1812.5,1820,367200,,,
2018-02-19,1855,1915,1842.5,1912.5,420000,,,
2018-02-20,1925,1925,1872.5,1877.5,363200,,,
2018-02-21,1897.5,1912.5,1882.5,1900,168200,,,
2018-02-22,1912.5,1932.5,1890,1897.5,213000,,,
2018-02-23,1895,1895,1872.5,1887.5,247200,,,
2018-02-26,1925,1930,1907.5,1920,326600,,,
2018-02-27,1945,1950,1927.5,1940,302600,,,
2018-02-28,1930,1950,1922.5,1922.5,248600,,,
2018-03-01,1910,1910,1877.5,1885,194600,,,
2018-03-02,1835,1857.5,1835,1850,220000,,,
2018-03-05,1860,1867.5,1830,1840,195400,,,
2018-03-06,1870,1887.5,1870,1880,216000,,,
2018-03-07,1882.5,1912.5,1865,1870,286600,,,
2018-03-08,1890,1897.5,1877.5,1887.5,198000,,,
2018-03-09,1920,1930,1887.5,1902.5,345600,,,
2018-03-12,1935,1970,1932.5,1960,396000,,,
2018-03-13,1942.5,1967.5,1940,1967.5,228200,,,
2018-03-14,1955,1987.5,1955,1962.5,237600,,,
2018-03-15,1960,1970,1927.5,1965,194800,,,
2018-03-16,1970,1975,1917.5,1947.5,359600,,,
2018-03-19,1925,1927.5,1887.5,1905,278800,,,
2018-03-20,1882.5,1887.5,1852.5,1872.5,407000,,,
2018-03-22,1880,1892.5,1852.5,1870,411600,,,
2018-03-23,1845,1857.5,1800,1807.5,462600,,,
2018-03-26,1777.5,1795,1755,1790,705000,,,
2018-03-27,1805,1835,1800,1825,380400,,,
2018-03-28,1810,1810,1762.5,1785,734400,,,
2018-03-29,1765,1790,1747.5,1772.5,861600,,,
2018-03-30,1790,1817.5,1767.5,1815,595600,,,
2018-04-02,1812.5,1832.5,1797.5,1802.5,248000,,,
2018-04-03,1790,1800,1772.5,1782.5,334600,,,
2018-04-04,1777.5,1792.5,1767.5,1787.5,355000,,,
2018-04-05,1817.5,1845,1812.5,1822.5,866000,,,
2018-04-06,1822.5,1832.5,1800,1820,473600,,,
2018-04-09,1817.5,1822.5,1800,1807.5,316000,,,
2018-04-10,1805,1825,1785,1820,442800,,,
2018-04-11,1812.5,1825,1787.5,1817.5,317200,,,
2018-04-12,1815,1835,1792.5,1827.5,513200,,,
2018-04-13,1840,1847.5,1810,1830,419200,,,
2018-04-16,1817.5,1847.5,1810,1847.5,341000,,,
2018-04-17,1850,1867.5,1840,1847.5,420400,,,
2018-04-18,1840,1887.5,1830,1880,466400,,,
2018-04-19,1887.5,1887.5,1847.5,1860,267800,,,
2018-04-20,1860,1885,1840,1872.5,466600,,,
2018-04-23,1892.5,1900,1872.5,1890,431800,,,
2018-04-24,1910,1917.5,1897.5,1917.5,276200,,,
2018-04-25,1910,1925,1900,1912.5,320600,,,
2018-04-26,1920,1920,1887.5,1907.5,442000,,,
2018-04-27,1937.5,1942.5,1902.5,1927.5,501600,,,
2018-05-01,1927.5,1967.5,1912.5,1955,362800,,,
2018-05-02,1965,1965,1927.5,1935,426200,,,
2018-05-07,1952.5,1965,1922.5,1957.5,411800,,,
2018-05-08,1950,1952.5,1930,1942.5,420600,,,
2018-05-09,1965,1965,1940,1942.5,419400,,,
2018-05-10,1950,1950,1925,1932.5,223400,,,
2018-05-11,1942.5,1990,1942.5,1960,535400,,,
2018-05-14,1980,2000,1947.5,1982.5,540600,,,
2018-05-15,1972.5,1997.5,1972.5,1990,540800,,,
2018-05-16,1980,2005,1980,1990,465800,,,
2018-05-17,1990,1992.5,1960,1972.5,379400,,,
2018-05-18,1997.5,2020,1977.5,2015,682800,,,
2018-05-21,2017.5,2035,2000,2027.5,577000,,,
2018-05-22,2025,2032.5,1997.5,2002.5,456600,,,
2018-05-23,1990,2012.5,1985,1987.5,358200,,,
2018-05-24,1980,1987.5,1940,1947.5,428200,,,
2018-05-25,1942.5,1957.5,1922.5,1932.5,567400,,,
2018-05-28,1922.5,1945,1912.5,1940,519800,,,
2018-05-29,1907.5,1907.5,1880,1907.5,539400,,,
2018-05-30,1872.5,1890,1860,1870,496200,,,
2018-05-31,1862.5,1887.5,1845,1877.5,1105200,,,
2018-06-01,1872.5,1902.5,1872.5,1895,429000,,,
2018-06-04,1925,1965,1917.5,1955,692000,,,
2018-06-05,1962.5,1975,1950,1970,601200,,,
2018-06-06,1972.5,1982.5,1950,1975,443600,,,
2018-06-07,1980,1987.5,1945,1962.5,500800,,,
2018-06-08,1955,1960,1930,1942.5,549200,,,
2018-06-11,1960,1975,1947.5,1967.5,351200,,,
2018-06-12,1980,1980,1945,1962.5,429400,,,
2018-06-13,1962.5,1970,1932.5,1932.5,455000,,,
2018-06-14,1930,1932.5,1912.5,1917.5,401200,,,
2018-06-15,1922.5,1930,1902.5,1902.5,590200,,,
2018-06-18,1842.5,1860,1832.5,1855,673000,,,
2018-06-19,1830,1837.5,1805,1817.5,663200,,,
2018-06-20,1825,1832.5,1785,1812.5,546800,,,
2018-06-21,1792.5,1812.5,1777.5,1782.5,789400,,,
2018-06-22,1757.5,1780,1755,1775,1237000,,,
2018-06-25,1750,1752.5,1725,1742.5,628400,,,
2018-06-26,1730,1745,1700,1745,977000,,,
2018-06-27,1757.5,1760,1725,1730,624000,,,
2018-06-28,1735,1742.5,1725,1732.5,402600,,,
2018-06-29,1732.5,1737.5,1697.5,1715,562600,,,
2018-07-02,1692.5,1712.5,1672.5,1677.5,627800,,,
2018-07-03,1665,1680,1657.5,1677.5,756400,,,
2018-07-04,1677.5,1687.5,1667.5,1682.5,562200,,,
2018-07-05,1682.5,1692.5,1662.5,1675,586000,,,
2018-07-06,1692.5,1730,1677.5,1717.5,958000,,,
2018-07-09,1717.5,1740,1710,1735,578200,,,
2018-07-10,1757.5,1770,1742.5,1742.5,604200,,,
2018-07-11,1730,1732.5,1705,1717.5,451200,,,
2018-07-12,1710,1727.5,1697.5,1702.5,559200,,,
2018-07-13,1720,1730,1700,1705,729200,,,
2018-07-17,1717.5,1727.5,1677.5,1687.5,1119400,,,
2018-07-18,1687.5,1737.5,1685,1695,847400,,,
2018-07-19,1690,1712.5,1685,1690,780400,,,
2018-07-20,1667.5,1675,1610,1625,1350400,,,
2018-07-23,1625,1647.5,1615,1630,764600,,,
2018-07-24,1637.5,1655,1632.5,1635,536000,,,
2018-07-25,1642.5,1660,1632.5,1657.5,632200,,,
2018-07-26,1675,1695,1665,1685,419600,,,
2018-07-27,1697.5,1702.5,1670,1697.5,634600,,,
2018-07-30,1685,1707.5,1682.5,1687.5,327600,,,
2018-07-31,1710,1717.5,1657.5,1685,812800,,,
2018-08-01,1667.5,1677.5,1620,1625,937400,,,
2018-08-02,1635,1655,1627.5,1630,853600,,,
2018-08-03,1637.5,1637.5,1615,1615,485000,,,
2018-08-06,1597.5,1607.5,1577.5,1580,569200,,,
2018-08-07,1575,1600,1575,1595,259000,,,
2018-08-08,1600,1622.5,1592.5,1612.5,535400,,,
2018-08-09,1602.5,1625,1587.5,1615,406000,,,
2018-08-10,1630,1630,1590,1595,432800,,,
2018-08-13,1597.5,1597.5,1527.5,1535,570800,,,
2018-08-14,1540,1560,1532.5,1557.5,835800,,,
2018-08-15,1560,1560,1517.5,1525,534600,,,
2018-08-16,1500,1507.5,1482.5,1500,1013000,,,
2018-08-17,1512.5,1517.5,1505,1510,496400,,,
2018-08-20,1498,1500,1480,1487.5,654600,,,
2018-08-21,1486,1493,1478.5,1487.5,575400,,,
2018-08-22,1472,1515,1472,1515,711600,,,
2018-08-23,1520,1520,1498,1498,509400,,,
2018-08-24,1500,1507.5,1491,1500,450200,,,
2018-08-27,1512.5,1527.5,1510,1527.5,388000,,,
2018-08-28,1542.5,1565,1542.5,1555,682400,,,
2018-08-29,1550,1590,1550,1577.5,542200,,,
2018-08-30,1577.5,1582.5,1550,1552.5,922000,,,
2018-08-31,1535,1545,1520,1525,720000,,,
2018-09-03,1517.5,1525,1507.5,1515,975000,,,
2018-09-04,1525,1540,1497.5,1502.5,820200,,,
2018-09-05,1502.5,1502.5,1488,1493.5,825800,,,
2018-09-06,1493,1505,1487,1494,719000,,,
2018-09-07,1478.5,1483,1455,1467.5,641400,,,
2018-09-10,1462,1484.5,1455.5,1468,810000,,,
2018-09-11,1462.5,1480,1453,1475,538800,,,
2018-09-12,1481,1485,1457.5,1463.5,530200,,,
2018-09-13,1467,1502.5,1465,1498,861600,,,
2018-09-14,1512.5,1530,1498.5,1502.5,995000,,,
2018-09-18,1502.5,1537.5,1488.5,1532.5,584400,,,
2018-09-19,1525,1557.5,1520,1545,733400,,,
2018-09-20,1557.5,1560,1520,1537.5,627200,,,
2018-09-21,1550,1552.5,1535,1537.5,685400,,,
2018-09-25,1520,1545,1515,1542.5,904600,,,
2018-09-26,1547.5,1562.5,1522.5,1555,714800,,,
2018-09-27,1552.5,1560,1520,1520,617000,,,
2018-09-28,1535,1562.5,1522.5,1527.5,904200,,,
2018-10-01,1475.5,1525,1464.5,1520,908800,,,
2018-10-02,1545,1587.5,1537.5,1550,987800,,,
2018-10-03,1547.5,1560,1496,1502.5,1116800,,,
2018-10-04,1512.5,1537.5,1497.5,1525,1054400,,,
2018-10-05,1527.5,1545,1517.5,1525,902400,,,
2018-10-09,1505,1512.5,1442.5,1449.5,1150800,,,
2018-10-10,1461.5,1469,1425,1425.5,941400,,,
2018-10-11,1350.5,1405.5,1350.5,1401.5,1057400,,,
2018-10-12,1405.5,1413,1387,1399,799800,,,
2018-10-15,1375,1390,1368.5,1368.5,576000,,,
2018-10-16,1357,1372.5,1356.5,1369.5,521200,,,
2018-10-17,1384.5,1414,1380,1411.5,834800,,,
2018-10-18,1408,1419.5,1373,1374.5,748000,,,
2018-10-19,1359.5,1365,1347.5,1351,648200,,,
2018-10-22,1351,1365,1339.5,1354.5,648200,,,
2018-10-23,1325,1334,1286,1292.5,1421600,,,
2018-10-24,1307.5,1308.5,1283,1301,781800,,,
2018-10-25,1269.5,1298,1265,1276,855200,,,
2018-10-26,1282.5,1294,1268.5,1289,804200,,,
2018-10-29,1295,1302,1239,1243.5,1076000,,,
2018-10-30,1234,1364.5,1228,1271.5,4853200,,,
2018-10-31,1221.5,1300.5,1221.5,1285.5,1834000,,,
2018-11-01,1273,1319,1270.5,1303,1243600,,,
2018-11-02,1328,1382,1315.5,1374,1774800,,,
2018-11-05,1374,1386,1355.5,1373,1119200,,,
2018-11-06,1380.5,1409.5,1373.5,1387,985200,,,
2018-11-07,1378.5,1401.5,1365.5,1373.5,1230400,,,
2018-11-08,1395.5,1427,1385.5,1417.5,990200,,,
2018-11-09,1416,1430,1413.5,1417.5,1092000,,,
2018-11-12,1407.5,1421,1386.5,1388.5,648400,,,
2018-11-13,1370,1381.5,1348.5,1377.5,890600,,,
2018-11-14,1395,1437.5,1393.5,1416.5,1221200,,,
2018-11-15,1417.5,1445.5,1415,1431,1114200,,,
2018-11-16,1429,1438,1400,1416,645800,,,
2018-11-19,1413.5,1437,1410,1435,568800,,,
2018-11-20,1428.5,1446,1417.5,1434,678400,,,
2018-11-21,1410,1435,1410,1432.5,538800,,,
2018-11-22,1428,1446,1403.5,1429,701200,,,
2018-11-26,1429,1453,1416.5,1428,689000,,,
2018-11-27,1443,1454.5,1421,1440,624200,,,
2018-11-28,1441,1451,1429.5,1445.5,887800,,,
2018-11-29,1458.5,1479,1440.5,1442,771000,,,
2018-11-30,1450,1469,1447,1447.5,786800,,,
2018-12-03,1472.5,1489.5,1469.5,1483,767000,,,
2018-12-04,1482.5,1487.5,1444.5,1448,777400,,,
2018-12-05,1423,1437.5,1416.5,1421,600200,,,
2018-12-06,1416,1429,1392,1406,604800,,,
2018-12-07,1409.5,1418.5,1392,1412,611600,,,
2018-12-10,1392,1397.5,1379.5,1381,508000,,,
2018-12-11,1375,1375.5,1340,1351,960600,,,
2018-12-12,1374,1417.5,1364.5,1400,922800,,,
2018-12-13,1391,1417,1382,1408.5,911000,,,
2018-12-14,1404,1407.5,1379,1393.5,1141800,,,
2018-12-17,1403,1423.5,1397,1413.5,826400,,,
2018-12-18,1391.5,1402.5,1379.5,1385,716000,,,
2018-12-19,1375,1392.5,1372.5,1383,888400,,,
2018-12-20,1378,1381.5,1312,1321,1442000,,,
2018-12-21,1321,1325,1294,1312.5,1120600,,,
2018-12-25,1289.5,1301.5,1240,1243,1025800,,,
2018-12-26,1254,1268,1239.5,1259.5,820200,,,
2018-12-27,1288.5,1319.5,1278.5,1315,899200,,,
2018-12-28,1311.5,1323,1295,1300,721800,,,
2019-01-04,1257.5,1279.5,1244.5,1260,966600,,,
2019-01-07,1288.5,1315.5,1280.5,1296,866200,,,
2019-01-08,1314.5,1318,1297.5,1297.5,524600,,,
2019-01-09,1284,1310,1284,1303,722600,,,
2019-01-10,1286,1292,1260,1270.5,983000,,,
2019-01-11,1267,1278.5,1263.5,1264.5,729200,,,
2019-01-15,1244,1275,1240,1273.5,822600,,,
2019-01-16,1277,1294,1265.5,1284,639000,,,
2019-01-17,1299.5,1312,1283.5,1290.5,539200,,,
2019-01-18,1295,1314,1290,1302,509400,,,
2019-01-21,1327,1334.5,1318.5,1333,625800,,,
2019-01-22,1331.5,1336,1307,1307,406600,,,
2019-01-23,1282,1293,1267,1275,862600,,,
2019-01-24,1273.5,1299,1266.5,1298.5,569800,,,
2019-01-25,1303.5,1327.5,1299.5,1325,418800,,,
2019-01-28,1324.5,1342.5,1314.5,1318,431000,,,
2019-01-29,1317.5,1324,1302,1314.5,596400,,,
2019-01-30,1321.5,1329.5,1306.5,1307,512600,,,
2019-01-31,1323.5,1339,1320,1323,425800,,,
2019-02-01,1317.5,1327,1308,1310,587800,,,
2019-02-04,1330.5,1416,1218.5,1407.5,2132800,,,
2019-02-05,1411.5,1415.5,1377.5,1387,988200,,,
2019-02-06,1404.5,1406,1373.5,1377,525000,,,
2019-02-07,1381.5,1388.5,1351,1358.5,481800,,,
2019-02-08,1331,1337.5,1283.5,1294.5,854000,,,
2019-02-12,1310,1351.5,1301.5,1348.5,625800,,,
2019-02-13,1348,1388,1336.5,1382,751600,,,
2019-02-14,1384,1392,1373.5,1378,614800,,,
2019-02-15,1377.5,1377.5,1345,1355.5,441800,,,
2019-02-18,1405.5,1405.5,1378.5,1401,614000,,,
2019-02-19,1389.5,1395,1379,1384.5,527600,,,
2019-02-20,1391,1405.5,1387.5,1394.5,372000,,,
2019-02-21,1405.5,1405.5,1378.5,1402,1019400,,,
2019-02-22,1391,1423,1389.5,1423,736200,,,
2019-02-25,1448,1448.5,1421,1437.5,765200,,,
2019-02-26,1442,1455,1433.5,1450,608200,,,
2019-02-27,1441.5,1442,1422,1423,624600,,,
2019-02-28,1411,1426.5,1392.5,1415,610200,,,
2019-03-01,1412.5,1435,1410,1418.5,449400,,,
2019-03-04,1449,1451,1432.5,1446.5,409600,,,
2019-03-05,1436,1441.5,1418,1425.5,409600,,,
2019-03-06,1433.5,1444.5,1421.5,1437,485000,,,
2019-03-07,1437,1443.5,1424,1435,605800,,,
2019-03-08,1412,1426,1398.5,1401,600200,,,
2019-03-11,1402.5,1410.5,1396,1405.5,392000,,,
2019-03-12,1411.5,1438.5,1408,1431,377600,,,
2019-03-13,1415,1424.5,1396.5,1400,437200,,,
2019-03-14,1413,1422,1393.5,1394.5,344200,,,
2019-03-15,1411,1417,1404,1404,377800,,,
2019-03-18,1411.5,1425.5,1404.5,1421.5,369200,,,
2019-03-19,1414,1419,1405,1413,453600,,,
2019-03-20,1405,1417.5,1399.5,1414,650400,,,
2019-03-22,1416,1423.5,1397.5,1415,639400,,,
2019-03-25,1396,1396,1355,1371.5,838200,,,
2019-03-26,1386,1415,1374.5,1415,1067600,,,
2019-03-27,1407,1414,1387,1402.5,564400,,,
2019-03-28,1396,1398,1369.5,1388.5,555400,,,
2019-03-29,1401,1413.5,1389,1410,487200,,,
2019-04-01,1435,1459,1428,1452.5,1052200,,,
2019-04-02,1473.5,1478,1462.5,1465.5,548600,,,
2019-04-03,1478,1493,1472.5,1490.5,649000,,,
2019-04-04,1510,1540,1497.5,1530,848800,,,
2019-04-05,1537.5,1555,1530,1545,558000,,,
2019-04-08,1547.5,1552.5,1520,1530,464800,,,
2019-04-09,1535,1540,1517.5,1530,484400,,,
2019-04-10,1515,1532.5,1510,1525,464600,,,
2019-04-11,1527.5,1545,1522.5,1532.5,373800,,,
2019-04-12,1532.5,1540,1522.5,1540,378600,,,
2019-04-15,1595,1595,1570,1585,734200,,,
2019-04-16,1570,1577.5,1565,1575,357400,,,
2019-04-17,1600,1607.5,1590,1605,498600,,,
2019-04-18,1615,1620,1600,1607.5,457600,,,
2019-04-19,1620,1645,1620,1632.5,484800,,,
2019-04-22,1622.5,1625,1600,1602.5,445400,,,
2019-04-23,1612.5,1612.5,1590,1597.5,352400,,,
2019-04-24,1602.5,1605,1580,1587.5,414800,,,
2019-04-25,1575,1577.5,1560,1572.5,430600,,,
2019-04-26,1572.5,1572.5,1545,1565,449000,,,
2019-05-07,1592.5,1592.5,1542.5,1557.5,624000,,,
2019-05-08,1532.5,1540,1515,1520,775200,,,
2019-05-09,1502.5,1510,1483.5,1488.5,1315800,,,
2019-05-10,1476.5,1505,1418,1418,1884000,,,
2019-05-13,1409,1425.5,1388.5,1408.5,1022400,,,
2019-05-14,1377.5,1408,1369,1404.5,564800,,,
2019-05-15,1405.5,1422,1396.5,1422,531400,,,
2019-05-16,1435,1436,1411.5,1418,850000,,,
2019-05-17,1437.5,1440.5,1409.5,1420,529200,,,
2019-05-20,1405.5,1419.5,1392.5,1405.5,714200,,,
2019-05-21,1388.5,1410,1383,1405.5,695600,,,
2019-05-22,1413.5,1421,1398.5,1403.5,490000,,,
2019-05-23,1402,1412,1393.5,1402,599600,,,
2019-05-24,1386,1408,1384,1393.5,738400,,,
2019-05-27,1393.5,1403,1382.5,1401.5,521400,,,
2019-05-28,1406.5,1422.5,1406,1413.5,533200,,,
2019-05-29,1394.5,1405.5,1382,1389,691400,,,
2019-05-30,1381,1402,1381,1401,338200,,,
2019-05-31,1388,1391.5,1362,1362.5,609800,,,
2019-06-03,1351.5,1361,1345,1355,642000,,,
2019-06-04,1348.5,1372.5,1348.5,1369.5,509800,,,
2019-06-05,1410,1416,1379.5,1414.5,644800,,,
2019-06-06,1400.5,1410,1396.5,1400.5,285400,,,
2019-06-07,1411.5,1417,1401,1409,290200,,,
2019-06-10,1433.5,1438.5,1416.5,1433.5,387400,,,
2019-06-11,1437,1444.5,1430,1439.5,347600,,,
2019-06-12,1438.5,1438.5,1422,1424.5,305800,,,
2019-06-13,1414.5,1418,1389.5,1394.5,567000,,,
2019-06-14,1395.5,1410.5,1388.5,1402,400200,,,
2019-06-17,1387.5,1395,1376,1377,456600,,,
2019-06-18,1373,1390.5,1360,1367.5,485400,,,
2019-06-19,1384.5,1395,1380.5,1392,557200,,,
2019-06-20,1383.5,1395.5,1373,1386.5,478000,,,
2019-06-21,1377,1385,1352.5,1359.5,1363200,,,
2019-06-24,1315,1344.5,1315,1342.5,715200,,,
2019-06-25,1329,1354,1329,1343.5,736200,,,
2019-06-26,1324.5,1341.5,1321,1324,601600,,,
2019-06-27,1335.5,1354,1335,1344.5,1307400,,,
2019-06-28,1341,1346.5,1328,1334.5,712000,,,
2019-07-01,1357.5,1386.5,1352,1383.5,1061400,,,
2019-07-02,1369,1389,1369,1386.5,709800,,,
2019-07-03,1366,1388,1355.5,1367.5,529400,,,
2019-07-04,1360,1378.5,1359,1373.5,574400,,,
2019-07-05,1364,1385.5,1361.5,1381,554200,,,
2019-07-08,1374.5,1376.5,1369.5,1372,435600,,,
2019-07-09,1365,1374.5,1351.5,1362.5,589600,,,
2019-07-10,1344,1353,1337.5,1349,533600,,,
2019-07-11,1339,1347.5,1335,1342,563200,,,
2019-07-12,1339.5,1345.5,1328.5,1338,416400,,,
2019-07-16,1325,1344.5,1322.5,1334,735000,,,
2019-07-17,1332,1338,1323,1335,619000,,,
2019-07-18,1315,1325,1273.5,1279.5,978200,,,
2019-07-19,1289.5,1306,1278.5,1302,558800,,,
2019-07-22,1305,1308,1289.5,1302.5,742600,,,
2019-07-23,1305.5,1321,1300,1316,563200,,,
2019-07-24,1331.5,1352,1324.5,1336,900000,,,
2019-07-25,1334.5,1345.5,1329,1339.5,546800,,,
2019-07-26,1318,1327.5,1303.5,1310.5,507800,,,
2019-07-29,1303.5,1352.5,1295,1337,2249600,,,
2019-07-30,1350,1360,1344,1357,1570800,,,
2019-07-31,1343,1359,1338,1349,1236400,,,
2019-08-01,1350,1374.5,1342,1357,839400,,,
2019-08-02,1321,1323.5,1294,1306.5,801200,,,
2019-08-05,1306.5,1308.5,1271.5,1288,641600,,,
2019-08-06,1271.5,1275,1252,1274,770000,,,
2019-08-07,1271,1274.5,1253,1260,1028600,,,
2019-08-08,1256,1265,1245,1251,656200,,,
2019-08-09,1267,1270,1247.5,1250.5,754400,,,
2019-08-13,1250.5,1255.5,1241,1250,1006000,,,
2019-08-14,1256,1256,1236,1239.5,1055200,,,
2019-08-15,1200,1208.5,1196.5,1201.5,1201800,,,
2019-08-16,1200,1210,1197,1206.5,700600,,,
2019-08-19,1227.5,1230.5,1209.5,1210.5,488600,,,
2019-08-20,1219,1221,1203.5,1218.5,751800,,,
2019-08-21,1204.5,1217,1200,1211.5,424400,,,
2019-08-22,1218.5,1226,1214.5,1223,615600,,,
2019-08-23,1225,1239,1212.5,1232.5,602200,,,
2019-08-26,1201,1220,1200.5,1209,726800,,,
2019-08-27,1222.5,1227,1217.5,1223,682600,,,
2019-08-28,1220,1226,1213.5,1214.5,562200,,,
2019-08-29,1218.5,1223.5,1207.5,1214,511000,,,
2019-08-30,1215,1223,1212.5,1221,920000,,,
2019-09-02,1221,1228.5,1217.5,1224.5,331800,,,
2019-09-03,1209.5,1217,1207.5,1211.5,509600,,,
2019-09-04,1202.5,1211.5,1201,1208.5,534000,,,
2019-09-05,1222,1238,1220,1224.5,716200,,,
2019-09-06,1235.5,1249.5,1228,1228.5,991200,,,
2019-09-09,1231,1231,1222,1229,467200,,,
2019-09-10,1248.5,1269.5,1240.5,1268,799200,,,
2019-09-11,1272.5,1295.5,1271,1294,1035400,,,
2019-09-12,1307,1309.5,1291,1292.5,876600,,,
2019-09-13,1315,1332,1308,1322.5,1411000,,,
2019-09-17,1347.5,1350,1321,1328,824200,,,
2019-09-18,1328,1328.5,1310.5,1328,601000,,,
2019-09-19,1336.5,1349,1323.5,1324.5,662600,,,
2019-09-20,1326,1327.5,1312,1316.5,859600,,,
2019-09-24,1305,1316.5,1294,1295,1046600,,,
2019-09-25,1282,1308.5,1276.5,1301.5,1218800,,,
2019-09-26,1320.5,1334,1314,1317.5,779200,,,
2019-09-27,1307.5,1307.5,1280.5,1294,425000,,,
2019-09-30,1298.5,1310,1284.5,1290.5,690000,,,
2019-10-01,1295,1315,1295,1307,468000,,,
2019-10-02,1293,1294.5,1284.5,1287.5,681800,,,
2019-10-03,1272.5,1272.5,1258.5,1270,964200,,,
2019-10-04,1261,1268.5,1260,1265,898800,,,
2019-10-07,1265.5,1266,1246,1255,486000,,,
2019-10-08,1271,1286,1268,1279,1008600,,,
2019-10-09,1274,1281.5,1266.5,1278,678600,,,
2019-10-10,1285,1287,1271,1278.5,421400,,,
2019-10-11,1298.5,1299.5,1287.5,1294.5,402600,,,
2019-10-15,1315,1325,1303,1318,881200,,,
2019-10-16,1341.5,1341.5,1323,1330.5,805600,,,
2019-10-17,1338,1338.5,1324,1329,644600,,,
2019-10-18,1340.5,1344,1327.5,1332.5,518000,,,
2019-10-21,1332,1332.5,1316,1318,400400,,,
2019-10-23,1339.5,1343.5,1322,1342.5,510400,,,
2019-10-24,1352,1357.5,1347,1349,470600,,,
2019-10-25,1352.5,1355,1346.5,1354,503400,,,
2019-10-28,1357.5,1359.5,1343.5,1345.5,825200,,,
2019-10-29,1357,1362,1351.5,1357.5,696200,,,
2019-10-30,1365.5,1431.5,1355.5,1418.5,2887200,,,
2019-10-31,1420.5,1440.5,1414,1440,1373600,,,
2019-11-01,1422.5,1441,1422,1438.5,689600,,,
2019-11-05,1442.5,1479,1442.5,1463.5,1411400,,,
2019-11-06,1468.5,1478.5,1455.5,1470,983200,,,
2019-11-07,1471,1483.5,1458.5,1472.5,881400,,,
2019-11-08,1485,1505,1482,1498.5,1248400,,,
2019-11-11,1517.5,1522.5,1502.5,1512.5,634000,,,
2019-11-12,1520,1530,1510,1527.5,640800,,,
2019-11-13,1520,1525,1505,1510,915600,,,
2019-11-14,1502.5,1517.5,1482.5,1490.5,777400,,,
2019-11-15,1491.5,1512.5,1484,1505,412400,,,
2019-11-18,1502.5,1517.5,1486,1505,472800,,,
2019-11-19,1498.5,1512.5,1487.5,1502.5,369200,,,
2019-11-20,1487.5,1497.5,1479,1489,485800,,,
2019-11-21,1515,1515,1467,1488,1048600,,,
2019-11-22,1493.5,1522.5,1493.5,1515,776000,,,
2019-11-25,1527.5,1532.5,1517.5,1522.5,565000,,,
2019-11-26,1535,1537.5,1510,1510,965000,,,
2019-11-27,1507.5,1522.5,1505,1515,422400,,,
2019-11-28,1510,1527.5,1510,1517.5,466800,,,
2019-11-29,1510,1510,1493,1505,678200,,,
2019-12-02,1530,1532.5,1520,1525,474600,,,
2019-12-03,1500,1510,1495.5,1510,342400,,,
2019-12-04,1493,1510,1485.5,1510,501000,,,
2019-12-05,1522.5,1542.5,1515,1537.5,503800,,,
2019-12-06,1542.5,1555,1525,1545,411600,,,
2019-12-09,1562.5,1562.5,1545,1552.5,504800,,,
2019-12-10,1550,1557.5,1537.5,1552.5,301200,,,
2019-12-11,1550,1557.5,1537.5,1545,273600,,,
2019-12-12,1552.5,1557.5,1535,1542.5,344000,,,
2019-12-13,1567.5,1572.5,1555,1567.5,604400,,,
2019-12-16,1555,1555,1540,1545,400200,,,
2019-12-17,1557.5,1557.5,1530,1537.5,395000,,,
2019-12-18,1535,1535,1507.5,1522.5,421200,,,
2019-12-19,1532.5,1537.5,1522.5,1525,289800,,,
2019-12-20,1525,1530,1515,1530,230800,,,
2019-12-23,1520,1525,1505,1512.5,284800,,,
2019-12-24,1507.5,1515,1496.5,1505,400200,,,
2019-12-25,1507.5,1507.5,1487,1494,281600,,,
2019-12-26,1492.5,1507.5,1489,1500,310400,,,
2019-12-27,1515,1517.5,1505,1505,172800,,,
2019-12-30,1502.5,1510,1498,1500,167600,,,
2020-01-06,1485,1486,1465.5,1475,733800,,,
2020-01-07,1482.5,1500,1482,1498.5,395800,,,
2020-01-08,1463,1481,1451,1474,809600,,,
2020-01-09,1498,1507.5,1493.5,1497.5,301200,,,
2020-01-10,1488.5,1502.5,1488,1494,332200,,,
2020-01-14,1492.5,1502.5,1477,1488.5,413400,,,
2020-01-15,1485,1489.5,1465,1473.5,313600,,,
2020-01-16,1469,1479,1461.5,1462.5,379200,,,
2020-01-17,1478,1482,1464,1471,505000,,,
2020-01-20,1485,1492.5,1482,1482,243800,,,
2020-01-21,1481.5,1482.5,1466,1468,180800,,,
2020-01-22,1467,1477,1463,1472,292600,,,
2020-01-23,1472,1473.5,1440.5,1447,711400,,,
2020-01-24,1453,1454,1441.5,1451.5,440800,,,
2020-01-27,1423.5,1430.5,1410,1429,524200,,,
2020-01-28,1404,1427.5,1401,1427,576800,,,
2020-01-29,1423.5,1436,1421,1436,440800,,,
2020-01-30,1433,1433,1416,1424,506000,,,
2020-01-31,1444,1452,1431,1450,890800,,,
2020-02-03,1403.5,1435.5,1402,1423,1258800,,,
2020-02-04,1409,1418.5,1401,1415,1169200,,,
2020-02-05,1428,1445.5,1421,1440.5,1204400,,,
2020-02-06,1465.5,1490.5,1458.5,1475,861000,,,
2020-02-07,1473,1473,1454.5,1459.5,506600,,,
2020-02-10,1445,1467,1443.5,1457.5,856800,,,
2020-02-12,1461,1463.5,1441,1449,815400,,,
2020-02-13,1457.5,1473.5,1449.5,1467.5,751800,,,
2020-02-14,1470,1476.5,1462.5,1467.5,901200,,,
2020-02-17,1445.5,1463,1423,1460.5,690400,,,
2020-02-18,1460,1468.5,1451.5,1454,654000,,,
2020-02-19,1454,1455,1414,1414,1174600,,,
2020-02-20,1421,1431,1415.5,1426,708600,,,
2020-02-21,1436.5,1461.5,1434,1447,559800,,,
2020-02-25,1388,1422.5,1378.5,1391,902400,,,
2020-02-26,1384,1386.5,1362,1374.5,905400,,,
2020-02-27,1356.5,1364,1328.5,1345.5,965400,,,
2020-02-28,1315,1323.5,1294.5,1310.5,1121400,,,
2020-03-02,1280,1329.5,1255,1318,1377600,,,
2020-03-03,1323.5,1328,1284,1284,979600,,,
2020-03-04,1271.5,1288,1265,1277.5,679000,,,
2020-03-05,1285,1287.5,1260,1269,782800,,,
2020-03-06,1248,1250,1216,1225,812000,,,
2020-03-09,1171.5,1181,1136,1145.5,944400,,,
2020-03-10,1121.5,1130,1075,1122,1247600,,,
2020-03-11,1108.5,1120,1085,1085.5,1535400,,,
2020-03-12,1049,1053,1003,1016.5,1506800,,,
2020-03-13,915,966,905,939.5,1053400,,,
2020-03-16,945.5,956,878,881.5,911400,,,
2020-03-17,854,886.5,830.5,881.5,2114600,,,
2020-03-18,872.5,891.5,833.5,844.5,2666800,,,
2020-03-19,875,964,870.5,903,2228200,,,
2020-03-23,919,1005,900,983.5,2819000,,,
2020-03-24,1003.5,1013,938.5,983.5,1779800,,,
2020-03-25,1053.5,1053.5,977.5,1013,922400,,,
2020-03-26,1005,1013.5,963.5,977.5,1409000,,,
2020-03-27,1017.5,1039.5,986.5,1030.5,1132200,,,
2020-03-30,986,992.5,946.5,986,773800,,,
2020-03-31,991.5,1005,962,970,760400,,,
2020-04-01,965.5,976.5,929,934.5,1451000,,,
2020-04-02,914.5,935.5,905,926,1103800,,,
2020-04-03,926,942.5,896.5,900.5,816600,,,
2020-04-06,890,914.5,868.5,909.5,1111400,,,
2020-04-07,940.5,973.5,919,945,987800,,,
2020-04-08,951.5,956.5,919.5,943.5,802000,,,
2020-04-09,943,966,928,960,800400,,,
2020-04-10,967.5,971.5,936.5,965.5,594600,,,
2020-04-13,956.5,959,933.5,938,455200,,,
2020-04-14,921.5,960,921.5,957.5,582600,,,
2020-04-15,967,970,934,940,990400,,,
2020-04-16,903.5,944.5,903.5,941.5,563200,,,
2020-04-17,938.5,981,936.5,976.5,708600,,,
2020-04-20,968,974.5,943.5,946.5,701800,,,
2020-04-21,935,939,914.5,922,684600,,,
2020-04-22,910,923.5,887.5,920,744200,,,
2020-04-23,934,967.5,932.5,966,716800,,,
2020-04-24,975.5,993.5,953.5,992.5,1516600,,,
2020-04-27,1001.5,1006,977,984,869400,,,
2020-04-28,988,998,969.5,993.5,659800,,,
2020-04-30,1050,1077.5,1047,1047.5,1011800,,,
2020-05-01,1037,1042,1003.5,1006,921000,,,
2020-05-07,1000,1010.5,979.5,987,617800,,,
2020-05-08,999.5,1032.5,990.5,1021.5,1237400,,,
2020-05-11,1026,1062.5,1011.5,1056,1179000,,,
2020-05-12,1056,1063.5,1041,1054.5,1004400,,,
2020-05-13,1047,1059.5,1037,1046.5,560200,,,
2020-05-14,1028.5,1034.5,1020,1020,424400,,,
2020-05-15,1070,1076.5,1027.5,1052,988800,,,
2020-05-18,1052,1094.5,1042.5,1075,998400,,,
2020-05-19,1050,1116,1049.5,1105,1599000,,,
2020-05-20,1100,1106,1095.5,1102,963200,,,
2020-05-21,1116,1130,1104.5,1122.5,933400,,,
2020-05-22,1135.5,1138,1110.5,1117,756000,,,
2020-05-25,1134,1140,1123,1129.5,448200,,,
2020-05-26,1133.5,1177,1133.5,1170.5,552400,,,
2020-05-27,1184.5,1219.5,1180.5,1208.5,1098600,,,
2020-05-28,1215,1230.5,1202,1230,1019800,,,
2020-05-29,1208,1228,1179,1179,1674400,,,
2020-06-01,1190,1210,1179,1195,509400,,,
2020-06-02,1199.5,1227.5,1186.5,1219,444200,,,
2020-06-03,1252.5,1252.5,1237.5,1243.5,488200,,,
2020-06-04,1280,1288.5,1239,1267,775400,,,
2020-06-05,1277,1286.5,1267,1284.5,371600,,,
2020-06-08,1324,1329,1275,1307.5,675800,,,
2020-06-09,1296.5,1300,1267,1279,522400,,,
2020-06-10,1254,1261,1242,1260,505000,,,
2020-06-11,1250.5,1253,1212,1219,562800,,,
2020-06-12,1197.5,1214,1188.5,1194,684000,,,
2020-06-15,1193,1198,1155,1155.5,488400,,,
2020-06-16,1171,1209,1169.5,1197.5,597000,,,
2020-06-17,1173,1188,1159.5,1181.5,401000,,,
2020-06-18,1161,1171.5,1141.5,1149.5,424200,,,
2020-06-19,1163,1163,1129,1138.5,617400,,,
2020-06-22,1152,1163,1133.5,1150,352200,,,
2020-06-23,1159.5,1170.5,1143,1160,515200,,,
2020-06-24,1185,1185,1166,1182,445400,,,
2020-06-25,1161,1161,1133.5,1149.5,425000,,,
2020-06-26,1155,1159,1145,1156.5,382000,,,
2020-06-29,1125.5,1144.5,1119.5,1121.5,516200,,,
2020-06-30,1162,1177,1144.5,1149.5,438200,,,
2020-07-01,1153,1167.5,1126,1128,447000,,,
2020-07-02,1116.5,1139,1113.5,1126,451200,,,
2020-07-03,1149.5,1150.5,1123,1142,395400,,,
2020-07-06,1145,1168,1140,1167.5,384200,,,
2020-07-07,1168.5,1174.5,1141,1150,438000,,,
2020-07-08,1142.5,1158.5,1134,1135,443800,,,
2020-07-09,1132,1135.5,1110.5,1121,379800,,,
2020-07-10,1116.5,1119.5,1093,1100,392600,,,
2020-07-13,1128.5,1150,1124.5,1138.5,339400,,,
2020-07-14,1140,1144,1126,1142.5,305200,,,
2020-07-15,1158,1182.5,1153,1179.5,555600,,,
2020-07-16,1199.5,1205.5,1181,1185.5,504000,,,
2020-07-17,1184,1189.5,1162.5,1175,354000,,,
2020-07-20,1164,1176,1139,1146,259800,,,
2020-07-21,1150.5,1155.5,1134.5,1154.5,362800,,,
2020-07-22,1166,1179.5,1154,1165.5,516000,,,
2020-07-27,1165,1260,1136.5,1259,1619600,,,
2020-07-28,1238.5,1269.5,1221,1250,1190600,,,
2020-07-29,1256.5,1258.5,1192.5,1210,847800,,,
2020-07-30,1225,1229,1199.5,1215,546000,,,
2020-07-31,1217.5,1232.5,1174,1179,734600,,,
2020-08-03,1173,1185.5,1169,1178.5,309000,,,
2020-08-04,1179,1230,1176.5,1226,857200,,,
2020-08-05,1209.5,1256,1200.5,1246.5,627200,,,
2020-08-06,1240.5,1249.5,1214.5,1226,537400,,,
2020-08-07,1226,1233,1211.5,1214.5,335400,,,
2020-08-11,1224,1278.5,1224,1277.5,476400,,,
2020-08-12,1293,1315,1287,1313,936200,,,
2020-08-13,1318,1332,1307.5,1323,750600,,,
2020-08-14,1313,1322,1295.5,1298.5,371800,,,
2020-08-17,1290.5,1307,1277,1277,338800,,,
2020-08-18,1270.5,1294,1263.5,1286,291400,,,
2020-08-19,1272,1284,1268.5,1279,278000,,,
2020-08-20,1307.5,1325.5,1304.5,1323,594400,,,
2020-08-21,1343,1348.5,1309,1311.5,424400,,,
2020-08-24,1310,1324.5,1304.5,1323,281400,,,
2020-08-25,1348,1358.5,1340,1350,396800,,,
2020-08-26,1350,1355.5,1344.5,1355,216000,,,
2020-08-27,1338.5,1356,1337,1355,326600,,,
2020-08-28,1363,1370,1332.5,1341,554800,,,
2020-08-31,1350.5,1369,1348,1359.5,524600,,,
2020-09-01,1354,1386,1343.5,1382.5,448000,,,
2020-09-02,1400.5,1412,1380,1387.5,765400,,,
2020-09-03,1456.5,1460.5,1411,1416,541800,,,
2020-09-04,1403,1415,1389,1409.5,266400,,,
2020-09-07,1413,1441.5,1409,1434.5,248800,,,
2020-09-08,1438.5,1455,1429.5,1455,328000,,,
2020-09-09,1439,1468,1433.5,1464,509200,,,
2020-09-10,1465.5,1470.5,1445.5,1463.5,394000,,,
2020-09-11,1466.5,1469,1443,1463.5,405000,,,
2020-09-14,1468.5,1502.5,1465.5,1493,475400,,,
2020-09-15,1495,1495,1481.5,1487,366800,,,
2020-09-16,1480,1502.5,1478.5,1481,439000,,,
2020-09-17,1458,1465.5,1443.5,1455,509600,,,
2020-09-18,1462.5,1475,1455.5,1464,595800,,,
2020-09-23,1389,1439.5,1389,1419.5,655000,,,
2020-09-24,1400,1419.5,1394.5,1408.5,576200,,,
2020-09-25,1407.5,1417.5,1377.5,1387.5,626800,,,
2020-09-28,1402.5,1442.5,1389.5,1442.5,794800,,,
2020-09-29,1469,1478.5,1440.5,1463,774600,,,
2020-09-30,1453,1466,1427,1431,708200,,,
2020-10-01,#VALUE!,#VALUE!,#VALUE!,#VALUE!,0,,,
2020-10-02,1428.5,1437,1406,1413,836400,,,
2020-10-05,1430,1462,1423.5,1452,493400,,,
2020-10-06,1455,1487.5,1455,1483,651800,,,
2020-10-07,1473,1502.5,1463.5,1497.5,470000,,,
2020-10-08,1505,1525,1495,1512.5,384600,,,
2020-10-09,1522.5,1542.5,1515,1537.5,375200,,,
2020-10-12,1547.5,1552.5,1522.5,1547.5,380000,,,
2020-10-13,1560,1575,1545,1562.5,378400,,,
2020-10-14,1542.5,1547.5,1522.5,1530,264000,,,
2020-10-15,1522.5,1532.5,1502.5,1510,349000,,,
2020-10-16,1562.5,1575,1540,1542.5,404800,,,
2020-10-19,1542.5,1605,1540,1595,829400,,,
2020-10-20,1577.5,1587.5,1557.5,1560,393600,,,
2020-10-21,1575,1620,1575,1615,515200,,,
2020-10-22,1600,1615,1580,1597.5,476000,,,
2020-10-23,1600,1640,1582.5,1630,469600,,,
2020-10-26,1615,1635,1567.5,1575,449000,,,
2020-10-27,1570,1570,1527.5,1557.5,356600,,,
2020-10-28,1555,1685,1527.5,1665,1559400,,,
2020-10-29,1615,1625,1570,1607.5,840000,,,
2020-10-30,1615,1615,1545,1555,554600,,,
2020-11-02,1557.5,1612.5,1552.5,1602.5,475000,,,
2020-11-04,1620,1630,1585,1590,530000,,,
2020-11-05,1585,1592.5,1552.5,1580,675000,,,
2020-11-06,1605,1620,1587.5,1607.5,324800,,,
2020-11-09,1642.5,1677.5,1632.5,1665,455800,,,
2020-11-10,1710,1727.5,1690,1720,741400,,,
2020-11-11,1750,1775,1737.5,1757.5,479400,,,
2020-11-12,1732.5,1762.5,1727.5,1745,514600,,,
2020-11-13,1745,1747.5,1707.5,1717.5,392600,,,
2020-11-16,1732.5,1770,1725,1760,388200,,,
2020-11-17,1765,1765,1727.5,1752.5,518800,,,
2020-11-18,1745,1752.5,1717.5,1725,363400,,,
2020-11-19,1715,1752.5,1700,1742.5,746600,,,
2020-11-20,1757.5,1820,1745,1820,642800,,,
2020-11-24,1850,1862.5,1822.5,1832.5,586800,,,
2020-11-25,1880,1892.5,1842.5,1845,396000,,,
2020-11-26,1837.5,1872.5,1827.5,1870,342400,,,
2020-11-27,1860,1900,1855,1895,561400,,,
2020-11-30,1877.5,1887.5,1805,1837.5,1584400,,,
2020-12-01,1860,1897.5,1845,1890,749600,,,
2020-12-02,1925,1945,1912.5,1935,501600,,,
2020-12-03,1932.5,1952.5,1922.5,1935,461800,,,
2020-12-04,1915,1955,1912.5,1945,519000,,,
2020-12-07,1972.5,1985,1937.5,1950,464800,,,
2020-12-08,1932.5,1935,1887.5,1897.5,612600,,,
2020-12-09,1892.5,1957.5,1892.5,1957.5,412600,,,
2020-12-10,1935,1960,1905,1922.5,405000,,,
2020-12-11,1887.5,1912.5,1865,1875,622800,,,
2020-12-14,1875,1957.5,1875,1952.5,567600,,,
2020-12-15,1950,1950,1902.5,1907.5,456800,,,
2020-12-16,1925,1932.5,1892.5,1920,379000,,,
2020-12-17,1900,1917.5,1885,1902.5,346200,,,
2020-12-18,1897.5,1925,1895,1902.5,557200,,,
2020-12-21,1897.5,1922.5,1895,1922.5,300400,,,
2020-12-22,1910,1957.5,1910,1925,523800,,,
2020-12-23,1930,1940,1880,1885,364800,,,
2020-12-24,1897.5,1942.5,1897.5,1937.5,246800,,,
2020-12-25,1950,1985,1950,1982.5,251000,,,
2020-12-28,1975,1995,1975,1987.5,163600,,,
2020-12-29,1987.5,2027.5,1987.5,2025,234200,,,
2020-12-30,2030,2037.5,2002.5,2022.5,296600,,,
2021-01-04,2042.5,2050,1987.5,2050,240400,,,
2021-01-05,2037.5,2060,2025,2045,404400,,,
2021-01-06,2012.5,2040,1992.5,2010,274000,,,
2021-01-07,2037.5,2060,2012.5,2055,374400,,,
2021-01-08,2050,2080,2007.5,2075,556800,,,
2021-01-12,2075,2077.5,2022.5,2042.5,679800,,,
2021-01-13,2027.5,2037.5,1977.5,1992.5,852800,,,
2021-01-14,1957.5,1962.5,1907.5,1942.5,972800,,,
2021-01-15,1942.5,1950,1847.5,1865,921800,,,
2021-01-18,1872.5,1902.5,1867.5,1895,392800,,,
2021-01-19,1892.5,1892.5,1835,1845,541800,,,
2021-01-20,1842.5,1877.5,1827.5,1875,468600,,,
2021-01-21,1910,1927.5,1895,1917.5,366400,,,
2021-01-22,1890,1927.5,1882.5,1927.5,326400,,,
2021-01-25,1930,1932.5,1897.5,1930,375200,,,
2021-01-26,1900,1902.5,1832.5,1832.5,487800,,,
2021-01-27,1827.5,1870,1817.5,1870,424600,,,
2021-01-28,1830,1895,1825,1880,607400,,,
2021-01-29,1880,1880,1820,1825,469200,,,
2021-02-01,1817.5,1895,1802.5,1887.5,414400,,,
2021-02-02,1902.5,1975,1897.5,1947.5,437000,850273500,0,0
2021-02-03,1955,2025,1902.5,1942.5,806400,1581133500,0,0
2021-02-04,1880,1987.5,1877.5,1975,827000,1612563000,0,0
2021-02-05,1960,2032.5,1960,1980,603600,1199289000,0,0
2021-02-08,2015,2050,1987.5,1995,600600,1209195500,0,0
2021-02-09,1975,1992.5,1940,1967.5,602400,1182187000,0,0
2021-02-10,1932.5,1962.5,1920,1950,532000,1036664000,0,0
2021-02-12,1972.5,2030,1960,2025,456000,916260000,0,0
2021-02-15,2030,2070,1987.5,2067.5,439800,901979500,0,0
2021-02-16,2087.5,2090,2007.5,2052.5,408200,833579000,0,0
2021-02-17,2045,2075,2027.5,2040,593800,1216972000,0,0
2021-02-18,2027.5,2027.5,1932.5,1937.5,568800,1120251500,0,0
2021-02-19,1917.5,1942.5,1895,1902.5,403600,770922500,0,0
2021-02-22,1922.5,1942.5,1875,1897.5,423200,805910500,0,0
2021-02-24,1897.5,1927.5,1875,1877.5,470400,889174500,0,0
2021-02-25,1910,1910,1822.5,1822.5,761400,1403537500,0,0
2021-02-26,1812.5,1850,1805,1827.5,989200,1814656000,0,0
2021-03-01,1855,1887.5,1852.5,1872.5,470800,882440500,0,0
2021-03-02,1907.5,1940,1897.5,1920,834600,1599216000,0,0
2021-03-03,1942.5,2022.5,1932.5,2000,753800,1496965000,0,0
2021-03-04,1990,2045,1972.5,2005,413200,827717000,0,0
2021-03-05,2002.5,2005,1952.5,1997.5,589400,1168039000,0,0
2021-03-08,2025,2035,1970,1977.5,343600,685845000,0,0
2021-03-09,2012.5,2017.5,1940,1955,541400,1062127500,0,0
2021-03-10,1925,1945,1890,1900,773800,1476122000,0,0
2021-03-11,1870,1917.5,1852.5,1912.5,740400,1396190000,0,0
2021-03-12,1937.5,1967.5,1902.5,1957.5,671200,1305622500,0,0
2021-03-15,1947.5,1977.5,1897.5,1917.5,571200,1097366500,0,0
2021-03-16,1905,1970,1905,1967.5,529800,1036446500,0,0
2021-03-17,1950,2010,1950,2010,389000,774451000,0,0
2021-03-18,2027.5,2072.5,1992.5,2070,628200,1288413500,0,0
2021-03-19,2035,2105,2020,2085,659400,1372496000,0,0
2021-03-22,2062.5,2077.5,2037.5,2047.5,348200,714558000,0,0
2021-03-23,2045,2097.5,2020,2022.5,322600,662002000,0,0
2021-03-24,1995,2010,1940,1940,355400,696415500,0,0
2021-03-25,1972.5,1980,1945,1957.5,402400,788970500,0,0
2021-03-26,1967.5,1987.5,1947.5,1970,504800,993543000,0,0
2021-03-29,2005,2035,1997.5,2032.5,451400,913750500,0,0
2021-03-30,2010,2027.5,1985,2020,345200,694785500,0,0
2021-03-31,2012.5,2060,2010,2017.5,366400,742782000,0,0
2021-04-01,2052.5,2052.5,1990,2012.5,390400,784895500,0,0
2021-04-02,2047.5,2047.5,2002.5,2020,271800,548193500,0,0
2021-04-05,2035,2040,2005,2035,180600,366353000,0,0
2021-04-06,2000,2027.5,1960,1982.5,429600,854765500,0,0
2021-04-07,2010,2025,1962.5,2025,451000,899832000,0,0
2021-04-08,2000,2007.5,1975,2005,378400,755176500,0,0
2021-04-09,1980,2017.5,1975,1992.5,438000,875125500,0,0
2021-04-12,2000,2017.5,1985,2002.5,265400,530253500,0,0
2021-04-13,2000,2035,1997.5,2022.5,300000,606424500,0,0
2021-04-14,2010,2010,1960,1975,403200,797342500,0,0
2021-04-15,1970,1990,1955,1975,361400,712744500,0,0
2021-04-16,1972.5,1985,1947.5,1977.5,502800,989674500,0,0
2021-04-19,1972.5,2030,1970,2025,303000,608781500,0,0
2021-04-20,2017.5,2027.5,1950,1952.5,477200,939847000,0,0
2021-04-21,1897.5,1902.5,1840,1855,491200,914270500,0,0
2021-04-22,1890,1902.5,1852.5,1875,403000,754598500,0,0
2021-04-23,1855,1880,1850,1860,301800,562193500,0,0
2021-04-26,1895,1895,1842.5,1870,434000,810668500,0,0
2021-04-27,1875,1877.5,1850,1867.5,293200,547531500,0,0
2021-04-28,1867.5,1915,1865,1905,386000,733379500,0,0
2021-04-30,1870,1895,1850,1865,560600,1044807000,0,0
2021-05-06,1912.5,1950,1905,1920,602000,1159838500,0,0
2021-05-07,1922.5,1932.5,1900,1932.5,281400,540970000,0,0
2021-05-10,1945,1955,1917.5,1930,297400,573309500,0,0
2021-05-11,1877.5,1902.5,1830,1835,639800,1191265000,0,0
2021-05-12,1845,1867.5,1807.5,1822.5,728600,1339746500,0,0
2021-05-13,1815,1917.5,1812.5,1907.5,1018400,1908679500,0,0
2021-05-14,1872.5,1892.5,1767.5,1810,1125200,2038108500,0,0
2021-05-17,1845,1845,1795,1827.5,493800,901819500,0,0
2021-05-18,1827.5,1887.5,1820,1870,393800,732818000,0,0
2021-05-19,1850,1892.5,1840,1857.5,292800,545678000,0,0
2021-05-20,1865,1905,1857.5,1892.5,288800,546258000,0,0
2021-05-21,1890,1922.5,1865,1877.5,463400,873052000,0,0
2021-05-24,1877.5,1937.5,1870,1912.5,333200,640146000,0,0
2021-05-25,1917.5,1930,1905,1920,288400,552113000,0,0
2021-05-26,1885,1947.5,1880,1940,338600,655991500,0,0
2021-05-27,1922.5,1937.5,1870,1870,1171600,2202176000,0,0
2021-05-28,1900,1942.5,1880,1900,859800,1634834000,0,0
2021-05-31,1902.5,1910,1857.5,1867.5,306200,574365000,0,0
2021-06-01,1880,1912.5,1880,1907.5,244600,465233500,0,0
2021-06-02,1935,1982.5,1922.5,1982.5,435000,856406000,0,0
2021-06-03,1962.5,1990,1957.5,1972.5,220800,436203500,0,0
2021-06-04,1972.5,2022.5,1967.5,2017.5,283400,569220000,0,0
2021-06-07,2020,2032.5,1997.5,2005,229000,459469500,0,0
2021-06-08,1980,2000,1957.5,1990,281200,558362500,0,0
2021-06-09,2017.5,2037.5,2007.5,2022.5,329200,666894500,0,0
2021-06-10,2010,2032.5,2007.5,2010,351800,709415500,0,0
2021-06-11,2007.5,2025,1987.5,2022.5,375400,755978000,0,0
2021-06-14,2025,2042.5,1997.5,1997.5,183000,366959000,0,0
2021-06-15,1962.5,2007.5,1962.5,1995,192600,383340500,0,0
2021-06-16,1975,2017.5,1975,2002.5,235600,470800000,0,0
2021-06-17,1977.5,1997.5,1970,1970,219400,434363000,0,0
2021-06-18,1992.5,1992.5,1957.5,1957.5,361600,710311000,0,0
2021-06-21,1925,1935,1902.5,1915,504200,965223500,0,0
2021-06-22,1977.5,2027.5,1977.5,2025,433200,870358500,0,0
2021-06-23,2020,2037.5,2010,2027.5,216000,438200000,0,0
2021-06-24,2052.5,2070,2042.5,2047.5,289200,593657000,0,0
2021-06-25,2055,2115,2050,2107.5,433800,906761000,0,0
2021-06-28,2142.5,2177.5,2130,2155,491200,1057720500,0,0
2021-06-29,2150,2150,2107.5,2127.5,490800,1042259000,0,0
2021-06-30,2162.5,2185,2095,2097.5,385400,817449500,0,0
2021-07-01,2095,2105,2075,2085,347400,724576500,0,0
2021-07-02,2050,2065,2017.5,2045,439800,898152000,0,0
2021-07-05,2020,2035,2002.5,2027.5,225800,456617000,0,0
2021-07-06,2042.5,2042.5,1970,1982.5,309600,618156000,0,0
2021-07-07,1962.5,1997.5,1955,1970,254800,503415500,0,0
2021-07-08,1932.5,1960,1925,1935,404600,785310500,0,0
2021-07-09,1940,1950,1860,1905,529200,1004308000,0,0
2021-07-12,1975,1990,1960,1972.5,390800,770835500,0,0
2021-07-13,1982.5,1995,1977.5,1982.5,323600,642100000,0,0
2021-07-14,1965,1965,1930,1940,262000,509775500,0,0
2021-07-15,1912.5,1912.5,1845,1852.5,572600,1068543000,0,0
2021-07-16,1835,1882.5,1832.5,1860,381400,710701000,0,0
2021-07-19,1850,1855,1827.5,1832.5,324600,596504500,0,0
2021-07-20,1797.5,1820,1787.5,1790,305400,548915500,0,0
2021-07-21,1825,1852.5,1815,1815,358800,655544500,0,0
2021-07-26,1850,1875,1842.5,1875,370400,690998500,0,0
2021-07-27,1867.5,1875,1850,1852.5,410200,762079000,0,0
2021-07-28,1847.5,1855,1827.5,1832.5,271800,499850000,0,0
2021-07-29,1865,1867.5,1830,1840,404800,748043500,0,0
2021-07-30,1830,1855,1805,1810,557400,1015046500,0,0
2021-08-02,1817.5,1885,1800,1870,727800,1352389000,0,0
2021-08-03,1840,1850,1827.5,1837.5,527200,969936000,0,0
2021-08-04,1845,1860,1832.5,1847.5,416600,769898000,0,0
2021-08-05,1835,1860,1827.5,1827.5,280600,517889000,0,0
2021-08-06,1852.5,1865,1825,1840,326000,601520000,0,0
2021-08-10,1862.5,1872.5,1830,1832.5,297400,549668000,0,0
2021-08-11,1852.5,1875,1847.5,1850,258800,480846500,0,0
2021-08-12,1857.5,1862.5,1827.5,1837.5,214800,394960000,0,0
2021-08-13,1820,1822.5,1787.5,1812.5,220400,398315500,0,0
2021-08-16,1790,1790,1752.5,1755,318200,561176500,0,0
2021-08-17,1765,1782.5,1750,1752.5,251600,443352500,0,0
2021-08-18,1760,1780,1747.5,1762.5,244000,430864500,0,0
2021-08-19,1755,1757.5,1725,1727.5,312600,545053500,0,0
2021-08-20,1702.5,1707.5,1625,1635,680400,1123231000,0,0
2021-08-23,1652.5,1680,1652.5,1655,534800,888546000,0,0
2021-08-24,1652.5,1705,1650,1685,523400,884145000,0,0
2021-08-25,1692.5,1715,1682.5,1705,450800,766871000,0,0
2021-08-26,1720,1740,1720,1725,393200,679552500,0,0
2021-08-27,1702.5,1737.5,1700,1730,343200,592496500,0,0
2021-08-30,1725,1757.5,1725,1745,318200,554592500,0,0
2021-08-31,1712.5,1750,1712.5,1737.5,316600,549624500,0,0
2021-09-01,1707.5,1730,1700,1710,501000,858427500,0,0
2021-09-02,1722.5,1742.5,1705,1712.5,442400,759459500,0,0
2021-09-03,1702.5,1760,1700,1755,528400,920724000,0,0
2021-09-06,1777.5,1782.5,1765,1777.5,328800,583001500,0,0
2021-09-07,1812.5,1840,1812.5,1827.5,578400,1057579000,0,0
2021-09-08,1830,1865,1830,1845,363600,672303000,0,0
2021-09-09,1815,1837.5,1790,1805,302400,547081500,0,0
2021-09-10,1812.5,1842.5,1812.5,1837.5,556200,1017875500,0,0
2021-09-13,1805,1815,1792.5,1810,278000,501106500,0,0
2021-09-14,1825,1880,1822.5,1875,435400,810620000,0,0
2021-09-15,1840,1850,1812.5,1825,402000,733394500,0,0
2021-09-16,1845,1847.5,1815,1830,356800,652194000,0,0
2021-09-17,1865,1867.5,1840,1852.5,534800,990988500,0,0
2021-09-21,1817.5,1837.5,1812.5,1812.5,412600,751605500,0,0
2021-09-22,1825,1865,1812.5,1812.5,472400,865428000,0,0
2021-09-24,1842.5,1842.5,1805,1822.5,650000,1183654500,0,0
2021-09-27,1822.5,1850,1805,1807.5,592800,1079370500,0,0
2021-09-28,1785,1792.5,1765,1785,607000,1079563000,0,0
2021-09-29,1735,1737.5,1705,1737.5,608800,1049194500,0,0
2021-09-30,1755,1767.5,1737.5,1742.5,429800,752800000,0,0
2021-10-01,1740,1747.5,1707.5,1707.5,370600,636193000,0,0
2021-10-04,1742.5,1742.5,1717.5,1722.5,357800,617920000,0,0
2021-10-05,1707.5,1720,1685,1710,408600,696368000,0,0
2021-10-06,1712.5,1742.5,1697.5,1702.5,436200,747060000,0,0
2021-10-07,1717.5,1720,1687.5,1692.5,435600,738436500,0,0
2021-10-08,1707.5,1740,1695,1725,478000,823662000,0,0
2021-10-11,1740,1772.5,1730,1767.5,406000,714326000,0,0
2021-10-12,1762.5,1792.5,1762.5,1785,385600,687645000,0,0
2021-10-13,1802.5,1835,1797.5,1820,585600,1067236000,0,0
2021-10-14,1855,1865,1835,1862.5,473200,878442500,0,0
2021-10-15,1857.5,1880,1852.5,1865,441800,823468000,0,0
2021-10-18,1835,1872.5,1827.5,1862.5,434400,808213500,0,0
2021-10-19,1827.5,1857.5,1825,1830,426600,782085500,0,0
2021-10-20,1820,1850,1817.5,1825,580600,1063368000,0,0
2021-10-21,1770,1827.5,1770,1802.5,805400,1453931500,0,0
2021-10-22,1782.5,1815,1767.5,1800,461000,828145000,0,0
2021-10-25,1785,1840,1785,1830,578600,1054252500,0,0
2021-10-26,1842.5,1890,1837.5,1877.5,465000,869488000,0,0
2021-10-27,1862.5,1885,1852.5,1867.5,432000,806356000,0,0
2021-10-28,1867.5,1885,1847.5,1875,1795800,3360656500,0,0
2021-10-29,1857.5,1860,1795,1812.5,649600,1179189500,0,0
2021-11-01,1890,1892.5,1840,1880,621400,1161672000,0,0
2021-11-02,1845,1855,1772.5,1777.5,627400,1122272000,0,0
2021-11-04,1832.5,1845,1800,1832.5,720800,1317446500,0,0
2021-11-05,1797.5,1820,1780,1802.5,397000,713273500,0,0
2021-11-08,1837.5,1857.5,1820,1832.5,425800,781237500,0,0
2021-11-09,1855,1877.5,1842.5,1842.5,525200,975310500,0,0
2021-11-10,1832.5,1835,1805,1812.5,246200,446806000,0,0
2021-11-11,1822.5,1832.5,1810,1817.5,333000,605870000,0,0
2021-11-12,1852.5,1870,1845,1862.5,401000,745424000,0,0
2021-11-15,1877.5,1880,1860,1867.5,288400,538923500,0,0
2021-11-16,1885,1902.5,1880,1895,419800,794584000,0,0
2021-11-17,1860,1867.5,1847.5,1852.5,601200,1116638000,0,0
2021-11-18,1817.5,1830,1787.5,1815,607400,1099359000,0,0
2021-11-19,1787.5,1845,1767.5,1842.5,607600,1106440500,0,0
2021-11-22,1787.5,1802.5,1765,1775,333800,593085000,0,0
2021-11-24,1755,1775,1720,1732.5,474400,826698000,0,0
2021-11-25,1755,1762.5,1710,1717.5,396600,686387000,0,0
2021-11-26,1700,1700,1667.5,1675,354000,594792500,0,0
2021-11-29,1625,1640,1602.5,1605,508000,821191000,0,0
2021-11-30,1607.5,1622.5,1557.5,1560,833800,1319302000,0,0
2021-12-01,1532.5,1570,1520,1550,440800,682564500,0,0
2021-12-02,1525,1552.5,1520,1527.5,496000,760221000,0,0
2021-12-03,1555,1600,1550,1600,1236600,1955934500,0,0
2021-12-06,1585,1625,1582.5,1612.5,950200,1528997000,0,0
2021-12-07,1655,1687.5,1640,1685,699200,1167976000,0,0
2021-12-08,1680,1720,1670,1697.5,569600,968624000,0,0
2021-12-09,1712.5,1720,1647.5,1650,400800,666973000,0,0
2021-12-10,1650,1685,1650,1675,394400,657976000,0,0
2021-12-13,1695,1705,1657.5,1662.5,275200,458800000,0,0
2021-12-14,1645,1672.5,1645,1665,267000,443853000,0,0
2021-12-15,1667.5,1732.5,1667.5,1675,431400,731431000,0,0
2021-12-16,1700,1737.5,1700,1730,494800,853977500,0,0
2021-12-17,1732.5,1765,1730,1732.5,675000,1177601000,0,0
2021-12-20,1707.5,1725,1690,1690,408200,694751500,0,0
2021-12-21,1735,1757.5,1717.5,1740,686200,1195935500,0,0
2021-12-22,1730,1745,1715,1722.5,408200,703877500,0,0
2021-12-23,1737.5,1742.5,1722.5,1735,202000,350255500,0,0
2021-12-24,1752.5,1777.5,1750,1767.5,251600,444752500,0,0
2021-12-27,1732.5,1762.5,1720,1760,334800,587011000,0,0
2021-12-28,1795,1820,1795,1817.5,479000,867785500,0,0
2021-12-29,1820,1842.5,1800,1802.5,297200,538561000,0,0
2021-12-30,1802.5,1825,1792.5,1805,343200,621710000,0,0
2022-01-04,1840,1845,1815,1840,400600,734239000,0,0
2022-01-05,1860,1942.5,1855,1942.5,911800,1745562500,0,0
2022-01-06,1927.5,1940,1882.5,1882.5,556800,1060821000,0,0
2022-01-07,1912.5,1915,1865,1890,363400,685180000,0,0
2022-01-11,1880,1897.5,1860,1885,508800,956038000,0,0
2022-01-12,1902.5,1920,1895,1920,421600,805037000,0,0
2022-01-13,1925,1925,1897.5,1910,364000,695801000,0,0
2022-01-14,1932.5,1937.5,1895,1917.5,692600,1328032000,0,0
2022-01-17,1915,1955,1907.5,1930,435800,840149000,0,0
2022-01-18,1927.5,1932.5,1877.5,1897.5,569400,1083910500,0,0
2022-01-19,1885,1887.5,1812.5,1815,740800,1364647000,0,0
2022-01-20,1820,1885,1817.5,1870,594000,1105562000,0,0
2022-01-21,1835,1842.5,1800,1832.5,422200,768891500,0,0
2022-01-24,1847.5,1890,1845,1887.5,588200,1100570500,0,0
2022-01-25,1902.5,1912.5,1860,1877.5,705600,1328157000,0,0
2022-01-26,1800,1835,1730,1742.5,954400,1684937500,0,0
2022-01-27,1722.5,1725,1595,1607.5,1401000,2297322500,0,0
2022-01-28,1615,1667.5,1585,1667.5,733800,1204196500,0,0
2022-01-31,1652.5,1672.5,1627.5,1660,592200,978685000,0,0
2022-02-01,1672.5,1702.5,1640,1647.5,352800,587762000,0,0
2022-02-02,1650,1700,1650,1687.5,383600,645291500,0,0
2022-02-03,1667.5,1755,1662.5,1747.5,812200,1398451000,0,0
2022-02-04,1777.5,1802.5,1767.5,1780,891200,1590828000,0,0
2022-02-07,1757.5,1782.5,1687.5,1715,572200,983727000,0,0
2022-02-08,1690,1715,1677.5,1685,532200,898968500,0,0
2022-02-09,1715,1770,1700,1760,365400,639253500,0,0
2022-02-10,1762.5,1800,1760,1797.5,503600,901505500,0,0
2022-02-14,1775,1827.5,1762.5,1787.5,485200,873100500,0,0
2022-02-15,1780,1797.5,1750,1762.5,478200,845221500,0,0
2022-02-16,1790,1802.5,1775,1792.5,348400,623370000,0,0
2022-02-17,1787.5,1815,1775,1792.5,353600,635581000,0,0
2022-02-18,1770,1797.5,1765,1775,309200,550388500,0,0
2022-02-21,1742.5,1755,1720,1747.5,244600,426248000,0,0
2022-02-22,1717.5,1720,1670,1685,310000,522678000,0,0
2022-02-24,1677.5,1695,1580,1652.5,585800,958029500,0,0
2022-02-25,1657.5,1667.5,1612.5,1662.5,501000,822863500,0,0
2022-02-28,1645,1645,1595,1635,689800,1123051000,0,0
2022-03-01,1657.5,1675,1625,1625,536600,880612500,0,0
2022-03-02,1575,1590,1542.5,1545,448400,699549000,0,0
2022-03-03,1557.5,1575,1547.5,1567.5,441400,689600500,0,0
2022-03-04,1532.5,1552.5,1479.5,1482.5,681400,1020642500,0,0
2022-03-07,1426.5,1436,1349,1366,806800,1105579200,0,0
2022-03-08,1348.5,1367.5,1328,1333.5,1016000,1365406300,0,0
2022-03-09,1356,1366,1332.5,1340,685000,924959200,0,0
2022-03-10,1378.5,1418,1376.5,1405,678400,951814200,0,0
2022-03-11,1364.5,1364.5,1307,1326.5,732000,977226400,0,0
2022-03-14,1316.5,1337.5,1304,1326,645200,857321500,0,0
2022-03-15,1336,1375.5,1328.5,1370,908200,1237418200,0,0
2022-03-16,1377.5,1398,1363,1384,768000,1064436700,0,0
2022-03-17,1434,1471.5,1428.5,1464,1004800,1466258200,0,0
2022-03-18,1439,1459.5,1421,1441,1282000,1845359000,0,0
2022-03-22,1456,1517.5,1450.5,1459,931400,1369921500,0,0
2022-03-23,1475.5,1487.5,1460,1474,1051600,1551647300,0,0
2022-03-24,1449,1459.5,1402,1447.5,1191400,1703528500,0,0
2022-03-25,1472.5,1491,1428,1437.5,826600,1192312800,0,0
2022-03-28,1436.5,1439,1401.5,1413,1207800,1706536900,0,0
2022-03-29,1411.5,1456,1381.5,1450,1180400,1694695500,0,0
2022-03-30,1479,1479,1410,1425.5,832800,1190038100,0,0
2022-03-31,1397,1426.5,1391,1395,833800,1171640900,0,0
2022-04-01,1375.5,1399,1350,1388,712600,985652900,0,0
2022-04-04,1386,1407,1384,1389.5,480600,669885700,0,0
2022-04-05,1403.5,1406,1369,1386.5,806600,1116058300,0,0
2022-04-06,1345,1368.5,1309,1310.5,1045600,1387098300,0,0
2022-04-07,1277,1288.5,1242,1266.5,1348200,1699558900,0,0
2022-04-08,1288,1304,1263.5,1271.5,970800,1237547200,0,0
2022-04-11,1277.5,1301,1273.5,1278,673400,865035300,0,0
2022-04-12,1286.5,1288.5,1251,1254.5,1118400,1413624300,0,0
2022-04-13,1265.5,1303.5,1261.5,1290.5,878000,1128339000,0,0
2022-04-14,1289,1303.5,1283,1297,729400,944211300,0,0
2022-04-15,1290,1294.5,1276,1279,410400,526471300,0,0
2022-04-18,1265.5,1270,1253,1267.5,541600,683450500,0,0
2022-04-19,1288,1301,1284,1296,748600,969481400,0,0
2022-04-20,1321,1341,1313,1330.5,829200,1101889200,0,0
2022-04-21,1323.5,1344,1319,1339.5,946600,1266134600,0,0
2022-04-22,1318.5,1343,1317.5,1338,886000,1182048400,0,0
2022-04-25,1288,1324,1265,1321,1119800,1465829000,0,0
2022-04-26,1312.5,1320,1290.5,1305.5,969600,1264089400,0,0
2022-04-27,1286,1325,1286,1307,1109400,1452373300,0,0
2022-04-28,1323,1367,1318,1367,674400,910276400,0,0
2022-05-02,1368,1396,1358.5,1373.5,557600,766852300,0,0
2022-05-06,1356.5,1380.5,1350,1373.5,610400,837721200,0,0
2022-05-09,1372.5,1380,1353,1357.5,459200,626203700,0,0
2022-05-10,1351.5,1374,1338,1369.5,497600,675594400,0,0
2022-05-11,1354,1364,1330.5,1340,604400,810424800,0,0
2022-05-12,1336.5,1357,1325,1349,598400,805322300,0,0
2022-05-13,1350,1387.5,1335,1372,1088800,1482879200,0,0
2022-05-16,1418,1423.5,1382,1382,895600,1248543200,0,0
2022-05-17,1375,1394,1372.5,1391.5,655200,906112000,0,0
2022-05-18,1400,1400.5,1371.5,1388,495400,685013400,0,0
2022-05-19,1375,1395.5,1368.5,1393.5,538000,744179100,0,0
2022-05-20,1389,1420.5,1374.5,1413.5,742200,1042584200,0,0
2022-05-23,1433.5,1461.5,1428,1453,1273000,1848159200,0,0
2022-05-24,1443,1475,1440.5,1464.5,1395000,2041878000,0,0
2022-05-25,1460,1482,1445.5,1456,989800,1443387300,0,0
2022-05-26,1464.5,1484.5,1462.5,1462.5,667800,981022300,0,0
2022-05-27,1500,1520,1490.5,1502.5,1021000,1537996700,0,0
2022-05-30,1507.5,1532.5,1505,1522.5,939600,1428272000,0,0
2022-05-31,1522.5,1530,1498.5,1505,658200,993386400,0,0
2022-06-01,1512.5,1575,1510,1575,735000,1146544500,0,0
2022-06-02,1580,1620,1575,1602.5,937000,1504000500,0,0
2022-06-03,1602.5,1635,1592.5,1600,567000,913698000,0,0
2022-06-06,1580,1625,1567.5,1610,533200,857011500,0,0
2022-06-07,1622.5,1645,1602.5,1607.5,509600,823385000,0,0
2022-06-08,1597.5,1635,1597.5,1612.5,307800,496865500,0,0
2022-06-09,1612.5,1637.5,1597.5,1612.5,327400,529092500,0,0
2022-06-10,1595,1615,1585,1605,473600,759138000,0,0
2022-06-13,1570,1587.5,1560,1575,295400,465672500,0,0
2022-06-14,1537.5,1552.5,1530,1552.5,343400,530775500,0,0
2022-06-15,1552.5,1557.5,1535,1542.5,339000,523745500,0,0
2022-06-16,1565,1585,1550,1555,330000,515084500,0,0
2022-06-17,1479.5,1512.5,1471.5,1507.5,482600,722594800,0,0
2022-06-20,1537.5,1542.5,1515,1527.5,542800,828682500,0,0
2022-06-21,1557.5,1577.5,1552.5,1565,506600,792380000,0,0
2022-06-22,1587.5,1590,1555,1567.5,371400,583495000,0,0
2022-06-23,1570,1610,1570,1580,502400,796241500,0,0
2022-06-24,1685,1717.5,1587.5,1612.5,722600,1179663500,0,0
2022-06-27,1630,1632.5,1582.5,1607.5,387800,622089000,0,0
2022-06-28,1615,1640,1602.5,1625,398000,644387000,0,0
2022-06-29,1597.5,1597.5,1565,1582.5,710400,1123200000,0,0
2022-06-30,1592.5,1620,1572.5,1582.5,591400,942089000,0,0
2022-07-01,1582.5,1595,1545,1560,460400,722727500,0,0
2022-07-04,1565,1587.5,1562.5,1582.5,319400,503808500,0,0
2022-07-05,1590,1590,1550,1560,395600,618090500,0,0
2022-07-06,1540,1555,1520,1542.5,762000,1170544500,0,0
2022-07-07,1565,1602.5,1552.5,1590,398200,629898000,0,0
2022-07-08,1605,1637.5,1602.5,1602.5,454600,734468500,0,0
2022-07-11,1622.5,1645,1622.5,1642.5,386000,631965000,0,0
2022-07-12,1615,1615,1562.5,1580,553000,872887500,0,0
2022-07-13,1615,1625,1572.5,1585,354800,563447000,0,0
2022-07-14,1567.5,1622.5,1567.5,1612.5,332000,534299500,0,0
2022-07-15,1617.5,1640,1602.5,1620,430400,696494500,0,0
2022-07-19,1635,1637.5,1612.5,1627.5,387000,628862000,0,0
2022-07-20,1662.5,1682.5,1657.5,1662.5,424200,707173000,0,0
2022-07-21,1652.5,1667.5,1630,1650,304400,501077000,0,0
2022-07-22,1647.5,1675,1645,1672.5,507600,844828000,0,0
2022-07-25,1662.5,1672.5,1637.5,1640,337000,555838500,0,0
2022-07-26,1637.5,1652.5,1622.5,1642.5,382400,626928000,0,0
2022-07-27,1627.5,1635,1610,1632.5,381200,620196500,0,0
2022-07-28,1640,1645,1587.5,1595,458600,734227500,0,0
2022-07-29,1617.5,1625,1555,1605,1255600,2003367000,0,0
2022-08-01,1580,1650,1565,1600,861400,1380703500,0,0
2022-08-02,1565,1597.5,1502.5,1547.5,834000,1283677500,0,0
2022-08-03,1567.5,1595,1560,1565,332800,523497000,0,0
2022-08-04,1590,1590,1545,1570,328000,513499500,0,0
2022-08-05,1562.5,1612.5,1562.5,1607.5,470800,750501000,0,0
2022-08-08,1595,1620,1592.5,1617.5,301600,485575000,0,0
2022-08-09,1625,1632.5,1587.5,1602.5,297600,477224000,0,0
2022-08-10,1595,1617.5,1587.5,1607.5,225000,361561500,0,0
2022-08-12,1615,1652.5,1607.5,1642.5,385400,633182000,0,0
2022-08-15,1657.5,1672.5,1650,1657.5,323800,537633500,0,0
2022-08-16,1657.5,1657.5,1627.5,1637.5,199800,327314500,0,0
2022-08-17,1652.5,1665,1642.5,1665,310600,514358000,0,0
2022-08-18,1635,1680,1630,1670,555000,924406000,0,0
2022-08-19,1697.5,1705,1680,1687.5,248000,418461000,0,0
2022-08-22,1660,1680,1635,1647.5,412200,681574500,0,0
2022-08-23,1620,1625,1605,1607.5,563400,907677000,0,0
2022-08-24,1627.5,1630,1585,1590,383800,613626500,0,0
2022-08-25,1605,1610,1562.5,1592.5,413000,657215500,0,0
2022-08-26,1615,1617.5,1565,1585,401000,635806500,0,0
2022-08-29,1545,1577.5,1537.5,1560,297600,463822000,0,0
2022-08-30,1582.5,1587.5,1572.5,1572.5,242200,382486000,0,0
2022-08-31,1557.5,1585,1542.5,1580,367800,579872500,0,0
2022-09-01,1550,1565,1540,1552.5,216600,336138500,0,0
2022-09-02,1540,1557.5,1537.5,1555,260200,403678500,0,0
2022-09-05,1555,1560,1540,1542.5,203400,314987500,0,0
2022-09-06,1540,1540,1507.5,1532.5,295200,451277500,0,0
2022-09-07,1540,1617.5,1530,1575,624400,983581000,0,0
2022-09-08,1600,1630,1590,1622.5,430200,696327500,0,0
2022-09-09,1612.5,1627.5,1600,1600,429600,692492500,0,0
2022-09-12,1630,1630,1587.5,1590,238200,382289000,0,0
2022-09-13,1595,1602.5,1575,1590,464600,738858000,0,0
2022-09-14,1557.5,1567.5,1542.5,1542.5,388600,602659000,0,0
2022-09-15,1550,1555,1527.5,1542.5,261600,403255500,0,0
2022-09-16,1535,1547.5,1517.5,1517.5,304200,463272000,0,0
2022-09-20,1547.5,1580,1540,1572.5,516800,811856500,0,0
2022-09-21,1557.5,1575,1545,1550,422600,657632000,0,0
2022-09-22,1540,1570,1530,1562.5,444000,689009500,0,0
2022-09-26,1515,1527.5,1438,1474,992200,1458092300,0,0
2022-09-27,1499,1512.5,1477,1492.5,730200,1089972500,0,0
2022-09-28,1485,1535,1485,1530,652800,994607500,0,0
2022-09-29,1550,1555,1522.5,1525,546800,836568500,0,0
2022-09-30,1525,1535,1500,1502.5,635600,960041500,0,0
2022-10-03,1471,1520,1471,1515,453800,680871300,0,0
2022-10-04,1547.5,1570,1535,1557.5,487200,758441000,0,0
2022-10-05,1590,1597.5,1570,1575,426200,674004000,0,0
2022-10-06,1567.5,1590,1562.5,1577.5,381200,601463500,0,0
2022-10-07,1545,1575,1532.5,1562.5,342600,534724000,0,0
2022-10-11,1545,1552.5,1517.5,1525,580400,886383500,0,0
2022-10-12,1525,1537.5,1520,1522.5,305400,466102500,0,0
2022-10-13,1525,1530,1510,1515,313800,476938000,0,0
2022-10-14,1545,1567.5,1515,1555,446200,692524500,0,0
2022-10-17,1522.5,1535,1522.5,1535,272800,417541000,0,0
2022-10-18,1557.5,1557.5,1542.5,1547.5,356000,551286000,0,0
2022-10-19,1540,1590,1540,1577.5,476600,751355500,0,0
2022-10-20,1577.5,1592.5,1572.5,1575,424600,669501000,0,0
2022-10-21,1577.5,1595,1570,1570,662200,1047201500,0,0
2022-10-24,1597.5,1605,1542.5,1547.5,434000,676838500,0,0
2022-10-25,1572.5,1597.5,1570,1590,336000,533366500,0,0
2022-10-26,1607.5,1637.5,1600,1600,584400,943441000,0,0
2022-10-27,1592.5,1592.5,1557.5,1560,416600,653748000,0,0
2022-10-28,1550,1640,1542.5,1630,1519800,2455507500,0,0
2022-10-31,1690,1740,1690,1727.5,1013600,1749061000,0,0
2022-11-01,1735,1735,1712.5,1727.5,407600,703614000,0,0
2022-11-02,1725,1730,1707.5,1712.5,494600,847754000,0,0
2022-11-04,1687.5,1702.5,1670,1692.5,379200,640098000,0,0
2022-11-07,1707.5,1730,1702.5,1712.5,311400,533986500,0,0
2022-11-08,1725,1752.5,1717.5,1747.5,428200,746263500,0,0
2022-11-09,1750,1777.5,1740,1750,547600,960931500,0,0
2022-11-10,1725,1727.5,1697.5,1722.5,341200,584809000,0,0
2022-11-11,1777.5,1785,1752.5,1767.5,461000,814961500,0,0
2022-11-14,1777.5,1797.5,1767.5,1785,299600,534978000,0,0
2022-11-15,1792.5,1810,1787.5,1802.5,408000,734400000,0,0
2022-11-16,1802.5,1842.5,1795,1822.5,689800,1257288000,0,0
2022-11-17,1805,1822.5,1795,1820,477000,864021500,0,0
2022-11-18,1850,1850,1807.5,1822.5,416600,759287000,0,0
2022-11-21,1805,1817.5,1772.5,1810,417200,750294000,0,0
2022-11-22,1825,1840,1820,1835,292200,535655500,0,0
2022-11-24,1837.5,1865,1830,1857.5,324400,600676500,0,0
2022-11-25,1867.5,1875,1847.5,1865,223800,417142000,0,0
2022-11-28,1882.5,1885,1830,1850,306800,567225000,0,0
2022-11-29,1830,1832.5,1797.5,1812.5,409800,741412000,0,0
2022-11-30,1805,1810,1785,1795,553000,992537500,0,0
2022-12-01,1822.5,1822.5,1780,1797.5,283800,511066500,0,0
2022-12-02,1785,1785,1730,1757.5,529400,929455500,0,0
2022-12-05,1742.5,1760,1727.5,1737.5,310800,540514500,0,0
2022-12-06,1737.5,1762.5,1735,1750,365200,638665000,0,0
2022-12-07,1730,1745,1715,1732.5,303200,525080000,0,0
2022-12-08,1767.5,1780,1735,1745,483600,846484500,0,0
2022-12-09,1710,1737.5,1707.5,1725,470800,810430000,0,0
2022-12-12,1717.5,1730,1715,1717.5,214400,368723000,0,0
2022-12-13,1730,1752.5,1717.5,1717.5,249000,430913000,0,0
2022-12-14,1717.5,1722.5,1705,1712.5,224400,384243000,0,0
2022-12-15,1700,1712.5,1697.5,1710,191600,327150000,0,0
2022-12-16,1710,1717.5,1695,1707.5,415400,709345000,0,0
2022-12-19,1695,1702.5,1685,1685,194400,328751500,0,0
2022-12-20,1690,1707.5,1635,1645,416800,693617000,0,0
2022-12-21,1637.5,1640,1562.5,1565,466400,738490500,0,0
2022-12-22,1585,1592.5,1567.5,1577.5,568200,898999000,0,0
2022-12-23,1572.5,1575,1552.5,1562.5,292000,456683500,0,0
2022-12-26,1570,1597.5,1570,1587.5,303000,480273000,0,0
2022-12-27,1600,1600,1552.5,1562.5,315800,494582500,0,0
2022-12-28,1560,1565,1542.5,1550,272000,421467500,0,0
2022-12-29,1542.5,1552.5,1527.5,1552.5,266800,411947000,0,0
2022-12-30,1562.5,1585,1550,1550,213000,332529500,0,0
2023-01-04,1535,1535,1502.5,1512.5,260200,394633000,0,0
2023-01-05,1500,1517.5,1494.5,1515,351800,531074600,0,0
2023-01-06,1515,1535,1505,1532.5,192600,294283500,0,0
2023-01-10,1545,1545,1510,1520,211600,321946000,0,0
2023-01-11,1530,1547.5,1525,1540,215200,331147000,0,0
2023-01-12,1557.5,1575,1540,1540,304400,472391500,0,0
2023-01-13,1545,1552.5,1535,1535,245000,377429500,0,0
2023-01-16,1512.5,1545,1507.5,1535,498200,765160000,0,0
2023-01-17,1555,1602.5,1555,1597.5,489600,779120000,0,0
2023-01-18,1610,1665,1607.5,1637.5,571600,934719500,0,0
2023-01-19,1622.5,1652.5,1617.5,1637.5,428800,703156000,0,0
2023-01-20,1657.5,1657.5,1615,1630,249600,406543000,0,0
2023-01-23,1655,1657.5,1630,1650,334600,551554000,0,0
2023-01-24,1655,1657.5,1635,1655,286000,472085500,0,0
2023-01-25,1652.5,1672.5,1645,1657.5,231200,383441000,0,0
2023-01-26,1662.5,1667.5,1650,1667.5,196200,326081500,0,0
2023-01-27,1657.5,1657.5,1637.5,1650,328600,541115500,0,0
2023-01-30,1650,1667.5,1642.5,1655,229800,379926500,0,0
2023-01-31,1665,1692.5,1660,1677.5,296800,497778000,0,0
2023-02-01,1690,1695,1667.5,1667.5,225600,378673500,0,0
2023-02-02,1685,1692.5,1647.5,1655,264800,440438000,0,0
2023-02-03,1610,1795,1595,1755,1271400,2183047000,0,0
2023-02-06,1760,1782.5,1697.5,1712.5,601600,1037390500,0,0
2023-02-07,1767.5,1767.5,1735,1735,551400,964298500,0,0
2023-02-08,1730,1760,1725,1732.5,281000,488484000,0,0
2023-02-09,1725,1755,1725,1737.5,250000,435974500,0,0
2023-02-10,1707.5,1757.5,1707.5,1735,209200,363408500,0,0
2023-02-13,1727.5,1747.5,1702.5,1712.5,214800,368611000,0,0
2023-02-14,1745,1760,1722.5,1732.5,247000,429502000,0,0
2023-02-15,1740,1750,1720,1725,301600,521999500,0,0
2023-02-16,1752.5,1757.5,1732.5,1740,377200,657584000,0,0
2023-02-17,1725,1747.5,1722.5,1745,292400,508638000,0,0
2023-02-20,1742.5,1742.5,1707.5,1730,329000,567485000,0,0
2023-02-21,1727.5,1772.5,1727.5,1762.5,303200,533719000,0,0
2023-02-22,1750,1765,1720,1735,404600,702274500,0,0
2023-02-24,1742.5,1747.5,1730,1742.5,506000,880199000,0,0
2023-02-27,1762.5,1780,1762.5,1775,303000,536908500,0,0
2023-02-28,1782.5,1805,1775,1795,352600,632706500,0,0
2023-03-01,1792.5,1810,1780,1805,255600,460090000,0,0
2023-03-02,1805,1812.5,1785,1795,366800,658869500,0,0
2023-03-03,1815,1835,1807.5,1822.5,376000,684824500,0,0
2023-03-06,1830,1840,1825,1835,284400,522071500,0,0
2023-03-07,1830,1845,1822.5,1837.5,274000,503114000,0,0
2023-03-08,1825,1855,1822.5,1847.5,282400,520485500,0,0
2023-03-09,1847.5,1855,1822.5,1837.5,324800,597149500,0,0
2023-03-10,1802.5,1842.5,1802.5,1815,394000,714820500,0,0
2023-03-13,1792.5,1792.5,1755,1765,235800,416585500,0,0
2023-03-14,1717.5,1730,1660,1700,387400,655098000,0,0
2023-03-15,1730,1735,1700,1720,203200,349101000,0,0
2023-03-16,1685,1722.5,1677.5,1717.5,585800,999579000,0,0
2023-03-17,1737.5,1747.5,1725,1740,375600,652890000,0,0
2023-03-20,1740,1740,1717.5,1727.5,323600,559595000,0,0
2023-03-22,1762.5,1767.5,1745,1762.5,372400,654999000,0,0
2023-03-23,1740,1787.5,1735,1782.5,293600,521055000,0,0
2023-03-24,1785,1792.5,1772.5,1787.5,285400,509634000,0,0
2023-03-27,1812.5,1822.5,1805,1810,257200,466045000,0,0
2023-03-28,1812.5,1830,1805,1825,357000,649286500,0,0
2023-03-29,1827.5,1882.5,1825,1877.5,478800,893252000,0,0
2023-03-30,1862.5,1877.5,1850,1875,322400,602119000,0,0
2023-03-31,1877.5,1887.5,1855,1875,380400,711945000,0,0
2023-04-03,1895,1895,1872.5,1875,460600,866802000,0,0
2023-04-04,1875,1885,1857.5,1877.5,477400,894931000,0,0
2023-04-05,1852.5,1865,1835,1845,555000,1025376500,0,0
2023-04-06,1817.5,1820,1785,1785,556000,996952500,0,0
2023-04-07,1790,1817.5,1782.5,1805,324200,585308500,0,0
2023-04-10,1807.5,1837.5,1805,1837.5,242400,443051000,0,0
2023-04-11,1872.5,1887.5,1857.5,1867.5,432400,809350500,0,0
2023-04-12,1862.5,1870,1852.5,1867.5,339800,633129000,0,0
2023-04-13,1850,1855,1817.5,1842.5,405400,744076500,0,0
2023-04-14,1840,1847.5,1825,1830,283600,519841500,0,0
2023-04-17,1842.5,1855,1837.5,1852.5,380200,703225000,0,0
2023-04-18,1852.5,1862.5,1840,1862.5,269000,499536500,0,0
2023-04-19,1862.5,1882.5,1847.5,1882.5,432000,809544000,0,0
2023-04-20,1865,1880,1845,1875,345000,646133500,0,0
2023-04-21,1885,1895,1870,1882.5,278400,524775500,0,0
2023-04-24,1882.5,1905,1877.5,1895,232200,439758500,0,0
2023-04-25,1907.5,1915,1882.5,1897.5,291000,552601500,0,0
2023-04-26,1875,1887.5,1865,1877.5,581000,1089425000,0,0
2023-04-27,1855,1892.5,1842.5,1887.5,824800,1547268500,0,0
2023-04-28,1910,1950,1907.5,1942.5,673800,1301132500,0,0
2023-05-01,1940,1955,1920,1950,366200,711049500,0,0
2023-05-02,1960,1965,1935,1940,309800,602567500,0,0
2023-05-08,1930,1952.5,1917.5,1925,442600,852970000,0,0
2023-05-09,1935,1947.5,1912.5,1947.5,379200,732783500,0,0
2023-05-10,1950,1952.5,1917.5,1950,375000,726977000,0,0
2023-05-11,1942.5,1945,1920,1940,456800,883163500,0,0
2023-05-12,1957.5,1960,1867.5,1917.5,1146200,2205785000,0,0
2023-05-15,1935,1955,1912.5,1937.5,630200,1220201000,0,0
2023-05-16,1940,1940,1897.5,1902.5,391800,747251000,0,0
2023-05-17,1890,1927.5,1880,1887.5,315200,598249500,0,0
2023-05-18,1905,1932.5,1880,1925,420600,806381500,0,0
2023-05-19,1912.5,1927.5,1897.5,1910,601200,1149055500,0,0
2023-05-22,1940,2017.5,1930,2012.5,912800,1819322000,0,0
2023-05-23,2025,2035,1997.5,2000,502400,1009297000,0,0
2023-05-24,1985,1995,1962.5,1967.5,388800,767877500,0,0
2023-05-25,1962.5,1967.5,1930,1937.5,447800,871541500,0,0
2023-05-26,1920,1920,1882.5,1887.5,448800,850553500,0,0
2023-05-29,1907.5,1907.5,1877.5,1885,496200,938708500,0,0
2023-05-30,1850,1902.5,1840,1892.5,588600,1105629500,0,0
2023-05-31,1875,1882.5,1850,1865,830800,1550013000,0,0
2023-06-01,1850,1855,1810,1832.5,539200,988965000,0,0
2023-06-02,1830,1880,1825,1875,305000,568374500,0,0
2023-06-05,1924,1938.5,1920,1930.5,549600,1059975600,0,0
2023-06-06,1895.5,1916.5,1884,1916.5,277600,529665100,0,0
2023-06-07,1937.5,1963.5,1927,1928,494400,958422600,0,0
2023-06-08,1920.5,1926.5,1878,1880.5,331200,627549400,0,0
2023-06-09,1902.5,1913,1890,1894,518400,984308300,0,0
2023-06-12,1903,1925,1898,1918,513800,983706500,0,0
2023-06-13,1939.5,1987,1932.5,1977.5,642400,1265637600,0,0
2023-06-14,1994,2038.5,1986.5,2034,707000,1427833600,0,0
2023-06-15,2034,2059.5,2028,2048.5,486400,995859000,0,0
2023-06-16,2043,2044.5,1994,2007.5,1068400,2149180100,0,0
2023-06-19,2028.5,2028.5,1957.5,1971,533800,1059347400,0,0
2023-06-20,1956,1959,1925,1947,635800,1232639700,0,0
2023-06-21,1932,1966,1927.5,1958.5,379000,740789300,0,0
2023-06-22,1954,1988.5,1941.5,1968,394200,776875800,0,0
2023-06-23,1973,1981,1932,1954.5,646800,1264066300,0,0
2023-06-26,1946,1956.5,1892,1944,618600,1198438900,0,0
2023-06-27,1948,1991,1928,1983,895400,1757065300,0,0
2023-06-28,1995,2100,1987.5,2091,1457800,3007514400,0,0
2023-06-29,2107.5,2158,2089.5,2133.5,996800,2126853100,0,0
2023-06-30,2146,2155,2105.5,2129.5,1168000,2485743800,0,0
2023-07-03,2143.5,2157,2125,2128.5,681800,1457500100,0,0
2023-07-04,2108.5,2141.5,2095.5,2122.5,545000,1157388700,0,0
2023-07-05,2095,2117.5,2076,2103,759000,1594169200,0,0
2023-07-06,2070.5,2094.5,2052,2052,772000,1594673600,0,0
2023-07-07,2017,2068,1984,2040.5,1028000,2097081900,0,0
2023-07-10,2049,2049,1986,2021,573200,1155980800,0,0
2023-07-11,2035.5,2040,1976.5,1985,539000,1071286500,0,0
2023-07-12,1977,1979,1942,1952,506400,989638000,0,0
2023-07-13,1965.5,1989.5,1955,1967.5,421600,830704500,0,0
2023-07-14,1940.5,1961,1925,1951,443200,861466600,0,0
2023-07-18,1939,1986,1932.5,1985,289600,571497300,0,0
2023-07-19,2019,2083,2011,2032.5,433800,878477500,0,0
2023-07-20,2033.5,2054,2018.5,2026,367600,746021200,0,0
2023-07-21,1991.5,2012.5,1950,1992.5,368800,736289700,0,0
2023-07-24,2000,2032,2000,2015,297200,598723800,0,0
2023-07-25,2015.5,2031,2013.5,2024.5,375200,758703800,0,0
2023-07-26,2023.5,2024.5,1983,1994,319200,637815500,0,0
2023-07-27,1986.5,1994,1971,1984.5,391600,777325400,0,0
2023-07-28,1949.5,1989,1921,1983.5,790800,1555960700,0,0
2023-07-31,2013.5,2129.5,2005,2115,1184800,2474164400,0,0
2023-08-01,2146,2172.5,2128,2153,790200,1700932900,0,0
2023-08-02,2118,2157.5,2086,2086,690600,1458391100,0,0
2023-08-03,2037.5,2078,2023,2052,690800,1421223500,0,0
2023-08-04,2050.5,2091,2033.5,2090,558000,1156768800,0,0
2023-08-07,2082.5,2098,2063.5,2090.5,429800,897366400,0,0
2023-08-08,2091,2100.5,2061,2088.5,332000,690398200,0,0
2023-08-09,2077.5,2106.5,2064.5,2090,503400,1053359800,0,0
2023-08-10,2084,2122,2081.5,2119.5,284000,599021600,0,0
2023-08-14,2107.5,2135,2065.5,2076,341000,710677900,0,0
2023-08-15,2089.5,2092.5,2065.5,2078,295000,613804000,0,0
2023-08-16,2042.5,2057.5,2027.5,2053,317000,649889400,0,0
2023-08-17,2075.5,2088,2048.5,2083,347400,721378900,0,0
2023-08-18,2048,2056,2018.5,2035.5,361600,736510300,0,0
2023-08-21,2035.5,2037,2010.5,2020,489200,988733000,0,0
2023-08-22,2042,2055.5,2024.5,2054.5,339800,695289800,0,0
2023-08-23,2058,2136,2035,2119,607600,1279623000,0,0
2023-08-24,2130.5,2130.5,2102,2112,386600,817893400,0,0
2023-08-25,2100,2111,2078.5,2080.5,479400,1001932100,0,0
2023-08-28,2095.5,2120.5,2087.5,2120,356200,751321600,0,0
2023-08-29,2130,2130,2106,2119,248200,525344400,0,0
2023-08-30,2150,2150,2120,2144,361200,773685900,0,0
2023-08-31,2139,2157.5,2114,2150,524600,1126866200,0,0
2023-09-01,2134,2168,2126,2151,741600,1596544800,0,0
2023-09-04,2145,2191,2141,2191,468000,1019765600,0,0
2023-09-05,2191,2199.5,2164.5,2199,438200,958296800,0,0
2023-09-06,2199.5,2215,2187.5,2209,388200,856330500,0,0
2023-09-07,2209,2221,2185.5,2192,499400,1097962800,0,0
2023-09-08,2157,2168,2128.5,2133,614400,1319092800,0,0
2023-09-11,2128.5,2147,2112,2130,248600,529164600,0,0
2023-09-12,2150,2164.5,2134.5,2148,233400,501172600,0,0
2023-09-13,2139,2141,2060,2068,748400,1558481500,0,0
2023-09-14,2105.5,2105.5,2053.5,2080.5,656400,1365319300,0,0
2023-09-15,2096,2114,2058,2111,801800,1684366800,0,0
2023-09-19,2096.5,2107.5,2072.5,2107.5,690000,1444072700,0,0
2023-09-20,2110.5,2121.5,2047.5,2057,578400,1199944500,0,0
2023-09-21,2035,2058,2005,2005,391200,791592200,0,0
2023-09-22,1960,1990,1944.5,1981,525400,1036155900,0,0
2023-09-25,2004,2020,1944.5,1955,1207600,2385158200,0,0
2023-09-26,1978.5,1984.5,1929,1949,1081200,2112380300,0,0
2023-09-27,1952.5,1989,1924.5,1989,884600,1744475600,0,0
2023-09-28,1963,1965.5,1924.5,1947,681800,1326665100,0,0
2023-09-29,1965.5,1981.5,1922.5,1934.5,585800,1134898200,0,0
2023-10-02,1951.5,1985,1931,1935,538200,1050683000,0,0
2023-10-03,1930,1935.5,1883,1894.5,581800,1104307000,0,0
2023-10-04,1849.5,1866.5,1838.5,1855,779800,1446023900,0,0
2023-10-05,1871.5,1917.5,1870,1907.5,628400,1193547700,0,0
2023-10-06,1909.5,1965,1909,1950,722000,1406095700,0,0
2023-10-10,1946,1962.5,1928.5,1955.5,968400,1886467800,0,0
2023-10-11,1956,1959.5,1934.5,1948.5,539200,1050667200,0,0
2023-10-12,1972,2012,1972,2011.5,653400,1305395300,0,0
2023-10-13,1957,1990,1943.5,1967,653400,1288184900,0,0
2023-10-16,1932,1941.5,1886.5,1900,719800,1372288600,0,0
2023-10-17,1919,1932.5,1876.5,1896,380600,722191200,0,0
2023-10-18,1898,1901.5,1864.5,1890.5,545000,1027086300,0,0
2023-10-19,1853,1883,1845.5,1869,484400,905704700,0,0
2023-10-20,1841,1879,1841,1864.5,446000,831249700,0,0
2023-10-23,1856.5,1889.5,1854.5,1860.5,480800,898743000,0,0
2023-10-24,1852.5,1860.5,1793.5,1852.5,447200,822045000,0,0
2023-10-25,1871.5,1885,1856.5,1859,451800,844344800,0,0
2023-10-26,1845,1860,1820,1835,417400,765932600,0,0
2023-10-27,1857.5,1885,1857,1878,567600,1063093500,0,0
2023-10-30,1843,1851.5,1809.5,1837.5,3174200,5827001200,0,0
2023-10-31,1849.5,1858,1742,1750.5,1177800,2097639800,0,0
2023-11-01,1848,1901.5,1838.5,1882,1253600,2355465800,0,0
2023-11-02,1889.5,1901.5,1856,1862.5,852200,1594198600,0,0
2023-11-06,1918.5,1947,1907,1925,599000,1154644100,0,0
2023-11-07,1925,1934.5,1878,1879,606400,1149517300,0,0
2023-11-08,1888.5,1896,1824,1867.5,653800,1216380700,0,0
2023-11-09,1873,1952,1869.5,1935.5,966800,1855755000,0,0
2023-11-10,1925,1965,1923,1948,742000,1444330100,0,0
2023-11-13,1957.5,1967.5,1914,1924.5,510000,984979400,0,0
2023-11-14,1937.5,1958.5,1931,1931.5,404200,783660100,0,0
2023-11-15,1958,1977.5,1950.5,1971,494600,973062600,0,0
2023-11-16,1950,1971,1923.5,1956,480600,938150700,0,0
2023-11-17,1944.5,1954,1933.5,1946,352000,684339000,0,0
2023-11-20,1933.5,1951,1920,1922.5,548000,1058104400,0,0
2023-11-21,1909,1910.5,1859,1897,491200,926792400,0,0
2023-11-22,1875,1905.5,1864,1886.5,350200,662183800,0,0
2023-11-24,1916.5,1918.5,1869.5,1878.5,594600,1119553000,0,0
2023-11-27,1873.5,1877,1844,1854.5,625200,1161807800,0,0
2023-11-28,1852,1854,1829,1837,597800,1099124900,0,0
2023-11-29,1823,1824,1792.5,1803.5,894400,1616200300,0,0
2023-11-30,1796.5,1811.5,1782.5,1806,999000,1800088300,0,0
2023-12-01,1816.5,1818,1795.5,1797.5,668400,1205010700,0,0
2023-12-04,1800,1803.5,1763,1780.5,839400,1496335000,0,0
2023-12-05,1765,1790.5,1762,1777,572000,1019220400,0,0
2023-12-06,1774.5,1804.5,1774,1804,451200,809673700,0,0
2023-12-07,1790,1830.5,1790,1817,668000,1213572700,0,0
2023-12-08,1787.5,1791,1754,1765.5,958400,1696944500,0,0
2023-12-11,1792,1814.5,1791,1803.5,460800,831263600,0,0
2023-12-12,1830,1847.5,1822,1822,771000,1409334800,0,0
2023-12-13,1824,1826,1785,1801.5,633400,1141273200,0,0
2023-12-14,1770,1785,1733.5,1736.5,722200,1261300100,0,0
2023-12-15,1728.5,1760,1727.5,1746,647400,1130287100,0,0
2023-12-18,1717.5,1721.5,1692,1720.5,773000,1322645800,0,0
2023-12-19,1723.5,1752,1709,1743.5,511400,886824900,0,0
2023-12-20,1752.5,1779,1752.5,1762,543400,961276700,0,0
2023-12-21,1727.5,1778.5,1727.5,1752.5,625600,1101544700,0,0
2023-12-22,1755,1768,1751,1756.5,329000,578593600,0,0
2023-12-25,1762,1762,1731.5,1736.5,385200,672513600,0,0
2023-12-26,1771.5,1771.5,1747,1756,569200,999777100,0,0
2023-12-27,1791,1819.5,1791,1805.5,911800,1648616300,0,0
2023-12-28,1805.5,1826,1805,1823.5,661600,1202946500,0,0
2023-12-29,1830,1838.5,1806,1822.5,545400,990645600,0,0
2024-01-04,1815,1863,1771,1858.5,759800,1391187300,0,0
2024-01-05,1915.5,1935.5,1901,1919.5,1285600,2460472400,0,0
2024-01-09,1922.5,1945,1874.5,1889,946200,1798991800,0,0
2024-01-10,1891,1924,1883.5,1919.5,509600,975967700,0,0
2024-01-11,2005.5,2009.5,1951,1951,731600,1439581400,0,0
2024-01-12,1959,1989.5,1951,1979.5,906600,1788537100,0,0
2024-01-15,1973.5,1985,1951,1973,567000,1117732100,0,0
2024-01-16,1962.5,1967,1937,1947.5,396800,772780500,0,0
2024-01-17,1947.5,1953.5,1917,1917.5,736000,1422118500,0,0
2024-01-18,1914.5,1924.5,1894,1900.5,591800,1129044000,0,0
2024-01-19,1905,1912.5,1887,1898,518600,984038600,0,0
2024-01-22,1910.5,1952.5,1906.5,1949,614600,1191878800,0,0
2024-01-23,1949,1962,1929,1939.5,380800,740893400,0,0
2024-01-24,1931.5,1937,1904,1921,547000,1049041900,0,0
2024-01-25,1921.5,1930,1895.5,1925.5,485400,931118000,0,0
2024-01-26,1910,1934.5,1900.5,1902,382200,730258900,0,0
2024-01-29,1906.5,1937.5,1903.5,1934.5,572800,1101143500,0,0
2024-01-30,1937.5,1943,1915,1916.5,330600,635910000,0,0
2024-01-31,1897,1936.5,1896,1933.5,514800,987720000,0,0
2024-02-01,1913,1946.5,1908.5,1939,482600,933742300,0,0
2024-02-02,1939,1982.5,1937.5,1948,589800,1155182400,0,0
2024-02-05,1997,2008,1852.5,1892,1404200,2700228700,0,0
2024-02-06,1926,1955.5,1866,1877.5,762000,1439726700,0,0
2024-02-07,1870.5,1917,1870,1896,515000,978131800,0,0
2024-02-08,1888.5,1910,1860.5,1897.5,650000,1228792900,0,0
2024-02-09,1880,1885.5,1846.5,1879.5,1014400,1898883600,0,0
2024-02-13,1905.5,1905.5,1868.5,1890,644200,1214951700,0,0
2024-02-14,1877.5,1877.5,1845,1861.5,526400,978484600,0,0
2024-02-15,1901.5,1903,1855,1857.5,520200,970415000,0,0
2024-02-16,1868,1888.5,1845,1872,516800,966395100,0,0
2024-02-19,1856,1880.5,1843,1874.5,468000,872600700,0,0
2024-02-20,1880,1884.5,1863.5,1866,405800,759176600,0,0
2024-02-21,1846.5,1855.5,1800.5,1817.5,652600,1188304200,0,0
2024-02-22,1828.5,1839,1780,1809.5,866600,1560493900,0,0
2024-02-26,1825,1834.5,1778.5,1782,730000,1312522900,0,0
2024-02-27,1809,1831.5,1803,1822.5,526800,957819800,0,0
2024-02-28,1807.5,1818.5,1793,1811,919600,1660466900,0,0
2024-02-29,1805,1813,1778.5,1803.5,1066000,1913430200,0,0
2024-03-01,1794,1839.5,1794,1825,473600,863709700,0,0
2024-03-04,1831,1837,1813,1822,353000,643277500,0,0
2024-03-05,1823.5,1862,1813,1855,493800,909717800,0,0
2024-03-06,1862,1967,1862,1935,904000,1745826500,0,0
2024-03-07,1941,1946.5,1890.5,1900,565200,1077421000,0,0
2024-03-08,1878.5,1900,1850,1891.5,594000,1119884600,0,0
2024-03-11,1862.5,1872.5,1796.5,1810.5,586000,1067613300,0,0
2024-03-12,1794.5,1894.5,1765.5,1861,1566800,2888484300,0,0
2024-03-13,1896,1899,1819,1865,848400,1577155200,0,0
2024-03-14,1882.5,1903.5,1848.5,1897,639400,1206389600,0,0
2024-03-15,1895.5,1917,1879.5,1907.5,534000,1016943300,0,0
2024-03-18,1930,1949.5,1909,1941.5,502600,973508600,0,0
2024-03-19,1935,1964.5,1928.5,1960.5,504000,982770500,0,0
2024-03-21,1992,2002.5,1978,1992,554200,1103230200,0,0
2024-03-22,1992,2005.5,1972.5,1985.5,522800,1039106100,0,0
2024-03-25,1974.5,1974.5,1927.5,1929.5,575600,1116142500,0,0
2024-03-26,1899,1934,1891.5,1913,593400,1134219500,0,0
2024-03-27,1916,1950,1909.5,1931.5,486400,940730600,0,0
2024-03-28,1915,1940.5,1885.5,1894,435800,828599000,0,0
2024-03-29,1897,1938,1897,1930.5,372000,716749200,0,0
2024-04-01,1936,1952.5,1886.5,1892.5,509000,967163800,0,0
2024-04-02,1883,1883,1828,1846,648200,1197882000,0,0
2024-04-03,1846,1869,1834.5,1856.5,482200,894301300,0,0
2024-04-04,1883.5,1910.5,1877,1883.5,412200,779270900,0,0
2024-04-05,1867.5,1906.5,1846.5,1889.5,457200,863133700,0,0
2024-04-08,1889.5,1924.5,1889.5,1921.5,437200,837587600,0,0
2024-04-09,1935,1962.5,1930.5,1953,475600,928188900,0,0
2024-04-10,1938,1965,1930,1953,416000,812911500,0,0
2024-04-11,1926.5,1939.5,1917,1935,264400,511013200,0,0
2024-04-12,1960,1982,1952.5,1973.5,405800,799211100,0,0
2024-04-15,1940,1967.5,1929,1964.5,345600,676410400,0,0
2024-04-16,1948,1951,1920.5,1940,521000,1009275700,0,0
2024-04-17,1923.5,1925,1856.5,1894.5,672200,1277023300,0,0
2024-04-18,1905.5,1924,1894,1904,493600,942674600,0,0
2024-04-19,1893,1902,1839,1861,471000,879308100,0,0
2024-04-22,1886.5,1897.5,1871.5,1884.5,513800,968326300,0,0
2024-04-23,1871,1879.5,1831,1843.5,638400,1178439000,0,0
2024-04-24,1847.5,1896,1847.5,1896,557000,1049931900,0,0
2024-04-25,1913,1925.5,1870,1871.5,553600,1042716500,0,0
2024-04-26,1848,1871.5,1811.5,1864.5,814800,1505762100,0,0
2024-04-30,1896.5,1921,1871,1911,485800,924810600,0,0
2024-05-01,1898.5,1903.5,1874,1901.5,244000,462443100,0,0
2024-05-02,1883,1901.5,1876,1888.5,178000,336271100,0,0
2024-05-07,1875,1908,1862.5,1903,528200,998462500,0,0
2024-05-08,1891,1921,1879,1914.5,529800,1009745100,0,0
2024-05-09,1932.5,1956,1930.5,1939.5,274400,532727300,0,0
2024-05-10,1964,1964,1913.5,1944,384200,744312300,0,0
2024-05-13,1769,1907,1769,1835,1518600,2810377800,0,0
2024-05-14,1898.5,1909.5,1849.5,1898,1001800,1886995000,0,0
2024-05-15,1910.5,1933.5,1897,1908.5,581400,1112993500,0,0
2024-05-16,1913.5,1939,1893.5,1931,590400,1133511200,0,0
2024-05-17,1911,1931,1893,1923,433200,828449400,0,0
2024-05-20,1923.5,1961,1817.5,1859,2364400,4485190200,0,0
2024-05-21,1863,1874,1833,1848,769400,1425885700,0,0
2024-05-22,1813,1841.5,1757,1771.5,889800,1581088300,0,0
2024-05-23,1765,1797.5,1751.5,1789,483200,862073000,0,0
2024-05-24,1762.5,1783,1751,1776.5,315400,559127100,0,0
2024-05-27,1770,1770,1747.5,1758,304400,534642400,0,0
2024-05-28,1750.5,1755,1735.5,1755,538400,940855900,0,0
2024-05-29,1750,1769.5,1744.5,1762.5,501000,882088300,0,0
2024-05-30,1797.5,1840,1786.5,1823,777200,1413653300,0,0
2024-05-31,1852.5,1887,1845.5,1874,972400,1819590400,0,0
2024-06-03,1890,1911.5,1865.5,1869,410000,770358400,0,0
2024-06-04,1879.5,1889,1848,1866,417400,779153600,0,0
2024-06-05,1871.5,1872,1848,1855.5,440200,817667700,0,0
2024-06-06,1890.5,1895,1848.5,1850,606200,1127512300,0,0
2024-06-07,1853.5,1876,1850,1871.5,472800,882603200,0,0
2024-06-10,1871.5,1909,1867.5,1909,565800,1073613600,0,0
2024-06-11,1909,1912.5,1877.5,1890,426600,806260300,0,0
2024-06-12,1887,1890,1869,1876.5,472800,887464100,0,0
2024-06-13,1885,1890.5,1862,1863,365600,684235800,0,0
2024-06-14,1839,1872.5,1830.5,1858.5,620800,1149465200,0,0
2024-06-17,1838.5,1864.5,1828.5,1848.5,561200,1037346800,0,0
2024-06-18,1864.5,1866.5,1844.5,1852,527600,978113300,0,0
2024-06-19,1870,1877.5,1855.5,1872.5,471600,881127700,0,0
2024-06-20,1858,1898,1851,1891,849800,1598757600,0,0
2024-06-21,1911.5,1927,1885,1904.5,995800,1899537800,0,0
2024-06-24,1907.5,1926,1859,1915.5,632400,1201114900,0,0
2024-06-25,1913.5,1918.5,1895,1910.5,672400,1282393500,0,0
2024-06-26,1908,1911,1879.5,1910,627200,1192540200,0,0
2024-06-27,1906,1919,1889,1916,515000,983367800,0,0
2024-06-28,1934.5,1946,1902,1918.5,552000,1060052700,0,0
2024-07-01,1953,1998.5,1937,1975,1038600,2054990200,0,0
2024-07-02,1958,1977,1943,1947,761600,1488906500,0,0
2024-07-03,1932,1955,1906.5,1951.5,829400,1610203300,0,0
2024-07-04,1955,1994,1955,1994,328400,649571900,0,0
2024-07-05,1982.5,1984,1941,1945,496800,971247400,0,0
2024-07-08,1951,1954,1923.5,1931,591200,1142077900,0,0
2024-07-09,1950,1972,1924,1965,371800,727817500,0,0
2024-07-10,1941,1974.5,1933.5,1970,486200,955757800,0,0
2024-07-11,1983.5,1988,1965,1981,423400,838034300,0,0
2024-07-12,1949,1987.5,1932.5,1967,502000,988862100,0,0
2024-07-16,1965.5,1965.5,1933.5,1938,552600,1075814800,0,0
2024-07-17,1955,1977,1947.5,1967.5,410200,806301700,0,0
2024-07-18,1925.5,1966.5,1923,1936.5,548000,1066028700,0,0
2024-07-19,1933,1938.5,1916.5,1934,489600,944243400,0,0
2024-07-22,1920.5,1927.5,1900,1910,449800,859406700,0,0
2024-07-23,1929.5,1936,1907.5,1929.5,503400,968775000,0,0
2024-07-24,1896,1924.5,1875.5,1889,786000,1494318800,0,0
2024-07-25,1870,1875,1844.5,1859,716000,1333726200,0,0
2024-07-26,1847,1874,1838.5,1854.5,637800,1187196700,0,0
2024-07-29,1873,1884.5,1860,1868.5,723200,1351765300,0,0
2024-07-30,1860,1887,1858.5,1883,407600,765226900,0,0
2024-07-31,1850,1943,1832.5,1937,1071400,2046743600,0,0
2024-08-01,1881,1900,1819.5,1845,1214600,2235024300,0,0
2024-08-02,1757,1763.5,1693,1693,1310200,2259832400,0,0
2024-08-05,1623,1627.5,1465,1477.25,1053800,1622213450,0,0
2024-08-06,1502.5,1629.5,1485,1587,982000,1554659450,0,0
2024-08-07,1517,1635.5,1509,1587,1096800,1746259300,0,0
2024-08-08,1552,1620,1551,1587.5,680200,1077261200,0,0
2024-08-09,1621,1623.5,1566,1602.5,807800,1293769900,0,0
2024-08-13,1625,1658.5,1615,1657.5,926200,1519938800,0,0
2024-08-14,1657.5,1672,1647.5,1668,613400,1018024000,0,0
2024-08-15,1690,1721.5,1690,1701.5,629600,1070028500,0,0
2024-08-16,1736.5,1736.5,1701.5,1725,375000,644407400,0,0
2024-08-19,1722,1735,1697,1697,437400,748882600,0,0
2024-08-20,1725,1742.5,1711,1738,431400,746772000,0,0
2024-08-21,1734,1761.5,1727.5,1757.5,432000,756996200,0,0
2024-08-22,1794,1797.5,1762.5,1773,794200,1409776500,0,0
2024-08-23,1791,1808.5,1786.5,1804,447400,804655800,0,0
2024-08-26,1839,1849,1810,1818.5,610800,1112009700,0,0
2024-08-27,1834.5,1849.5,1815.5,1848.5,484400,890825200,0,0
2024-08-28,1835.5,1858,1835,1855,642200,1186817000,0,0
2024-08-29,1860.5,1869.5,1842.5,1861.5,438600,814580900,0,0
2024-08-30,1869.5,1870,1845.5,1861.5,656400,1219985200,0,0
2024-09-02,1867,1873.5,1822,1839,558000,1026005700,0,0
2024-09-03,1841,1852.5,1829,1846.5,479200,882099400,0,0
2024-09-04,1786,1829.5,1768,1811,602200,1091499700,0,0
2024-09-05,1776,1824,1773.5,1792.5,410200,737182600,0,0
2024-09-06,1794,1808,1764.5,1785.5,536600,955025700,0,0
2024-09-09,1746.5,1780.5,1730,1771.5,718800,1263563900,0,0
2024-09-10,1789,1800.5,1777.5,1787.5,553200,990174100,0,0
2024-09-11,1765,1783,1733.5,1752.5,578600,1016662900,0,0
2024-09-12,1804,1818,1781.5,1804,662600,1192110500,0,0
2024-09-13,1785.5,1803,1763.5,1763.5,601800,1070972200,0,0
2024-09-17,1771,1786.5,1747.5,1781.5,626600,1106926900,0,0
2024-09-18,1769.5,1784,1746,1766,1024600,1804783200,0,0
2024-09-19,1789,1814.5,1782.5,1788.5,564200,1013690200,0,0
2024-09-20,1820.5,1825,1784,1791,747400,1343693900,0,0
2024-09-24,1810,1835.5,1795,1800,458800,828956400,0,0
2024-09-25,1834,1849.5,1800,1826.5,529600,966497100,0,0
2024-09-26,1840,1865.5,1830,1865.5,593600,1098869400,0,0
2024-09-27,1870,1895,1860.5,1894.5,646400,1216746200,0,0
2024-09-30,1801.5,1833.5,1794,1818,604200,1099964100,0,0
2024-10-01,1829,1844.5,1815.5,1819.5,567400,1035693200,0,0
2024-10-02,1789.5,1823,1788,1798,391400,704665200,0,0
2024-10-03,1825,1828.5,1807.5,1810,429000,778223400,0,0
2024-10-04,1820.5,1828.5,1807,1818.5,594200,1079258300,0,0
2024-10-07,1851.5,1852,1813,1813,468800,855033900,0,0
2024-10-08,1782,1801,1767.5,1774,641800,1141276000,0,0
2024-10-09,1792,1803,1770.5,1786.5,496800,886164400,0,0
2024-10-10,1797,1813,1793.5,1797,335800,604571100,0,0
2024-10-11,1783.5,1793.5,1772.5,1776,413000,735391300,0,0
2024-10-15,1798,1818.5,1794,1814.5,710000,1283804800,0,0
2024-10-16,1779.5,1800,1757,1759.5,367400,649112300,0,0
2024-10-17,1765,1774,1748.5,1752.5,467800,822027500,0,0
2024-10-18,1742.5,1755,1733.5,1734,590200,1027533200,0,0
2024-10-21,1741.5,1744,1721,1728.5,373800,646688000,0,0
2024-10-22,1724.5,1725,1702,1715,569600,976156300,0,0
2024-10-23,1725,1752.5,1721.5,1725.5,492200,854998000,0,0
2024-10-24,1701,1720,1692.5,1713,361000,617550100,0,0
2024-10-25,1706.5,1710.5,1694,1698,326600,555191900,0,0
2024-10-28,1703.5,1735.5,1695,1727.5,363600,627298600,0,0
2024-10-29,1710,1735,1684,1702,601200,1022091600,0,0
2024-10-30,1714,1733,1708,1725,3412800,5883865500,0,0
2024-10-31,1724.5,1818,1710.5,1796,1379200,2448721200,0,0
2024-11-01,1790,1833.5,1777,1781.5,1126000,2027422800,0,0
2024-11-05,1790,1819.5,1781,1810.5,996600,1801173300,0,0
2024-11-06,1816,1865,1805.5,1825,869600,1600582300,0,0
2024-11-07,1857.5,1899.5,1853,1880,708000,1330447100,0,0
2024-11-08,1880,1898.5,1836,1840,488400,905193700,0,0
2024-11-11,1833.5,1845.5,1833.5,1845.5,331400,610377900,0,0
2024-11-12,1849.5,1893,1849.5,1869.5,547200,1025674300,0,0
2024-11-13,1849,1865,1826,1832.5,664800,1224729400,0,0
2024-11-14,1830,1847.5,1817.5,1817.5,616800,1128051000,0,0
2024-11-15,1840.5,1845,1818.5,1832,466600,855370300,0,0
2024-11-18,1832,1832,1813,1832,448200,818397700,0,0
2024-11-19,1832,1853.5,1826,1836.5,501600,923119100,0,0
2024-11-20,1818,1852,1809.5,1840.5,646600,1188273100,0,0
2024-11-21,1835,1866,1830,1844.5,697800,1289915500,0,0
2024-11-22,1854.5,1870.5,1843,1843,532400,986901100,0,0
2024-11-25,1870.5,1876,1835,1835,521000,962489600,0,0
2024-11-26,1833,1842,1820.5,1836.5,404000,739236800,0,0
2024-11-27,1823.5,1837.5,1783,1793.5,285800,512979500,0,0
2024-11-28,1801,1818,1787,1811,318800,575793300,0,0
2024-11-29,1807,1808.5,1786,1795,278800,501300800,0,0
2024-12-02,1791,1798.5,1782,1784,486400,870169100,0,0
2024-12-03,1784.5,1823.5,1784.5,1809,684400,1237724400,0,0
2024-12-04,1807.5,1818,1776.5,1779,507800,910069200,0,0
2024-12-05,1789,1803.5,1777.5,1794.5,440800,791437800,0,0
2024-12-06,1791.5,1797,1775,1775,398600,711074400,0,0
2024-12-09,1782,1793,1776.5,1788.5,373600,667501000,0,0
2024-12-10,1814.5,1834.5,1811.5,1826,505800,922472100,0,0
2024-12-11,1826,1826,1808.5,1815,449000,815376000,0,0
2024-12-12,1829.5,1849.5,1822.5,1828,570600,1046938700,0,0
2024-12-13,1807.5,1842.5,1807.5,1837.5,618800,1131218100,0,0
2024-12-16,1849.5,1861.5,1845,1850,427400,791332100,0,0
2024-12-17,1850,1873.5,1847,1855,502800,934418200,0,0
2024-12-18,1869,1903.5,1867,1884,516600,974493600,0,0
2024-12-19,1850.5,1876,1850.5,1864.5,277600,518176600,0,0
2024-12-20,1868.5,1875.5,1854,1865,383400,714893300,0,0
2024-12-23,1867.5,1881.5,1855,1876.5,221000,414085800,0,0
2024-12-24,1885,1885,1860.5,1867,169200,315982500,0,0
2024-12-25,1860.5,1872,1841.5,1872,269200,500253100,0,0
2024-12-26,1872.5,1964,1854.5,1934,781600,1502392600,0,0
2024-12-27,1935,1941,1912,1927,337400,648653200,0,0
2024-12-30,1928,1929,1897.5,1914.5,315000,602410600,0,0
2025-01-06,1910.5,1917.5,1880.5,1887,601400,1138393000,0,0
2025-01-07,1894,1935,1890,1920,523000,1003639700,0,0
2025-01-08,1920,1952.5,1916,1937,570400,1105130000,0,0
2025-01-09,1927.5,1928,1905,1909.5,348800,667197700,0,0
2025-01-10,1890.5,1904,1874.5,1878,369600,696323900,0,0
2025-01-14,1850.5,1861,1838,1849,676400,1250607900,0,0
2025-01-15,1860,1867.5,1846.5,1850,375000,695485600,0,0
2025-01-16,1861.5,1897.5,1845,1850,391400,724664100,0,0
2025-01-17,1850,1871.5,1842,1860.5,544800,1013350700,0,0
2025-01-20,1859,1881.5,1857,1860.5,347800,649929600,0,0
2025-01-21,1883.5,1890.5,1860.5,1871,247600,463236300,0,0
2025-01-22,1871,1891.5,1871,1879,316400,595322400,0,0
2025-01-23,1867.5,1888.5,1862.5,1878,384400,719989400,0,0
2025-01-24,1878,1892.5,1858.5,1863.5,522800,978243800,0,0
2025-01-27,1875,1889,1860.5,1867,314000,587150100,0,0
2025-01-28,1857.5,1871.5,1839.5,1860,410600,763631900,0,0
2025-01-29,1854,1869.5,1844.5,1865,504800,940222700,0,0
2025-01-30,1857.5,1871,1856,1866,533200,994333100,0,0
2025-01-31,1854,1869,1853,1862.5,442200,822663100,0,0
2025-02-03,1830,1842.5,1772.5,1790.5,722200,1299529000,0,0
2025-02-04,1801.5,1859.5,1797,1839,1205600,2204723500,0,0
2025-02-05,1862,1896.5,1848.5,1873,1393600,2609643700,0,0
2025-02-06,1862.5,1863,1832,1845.5,536600,990278300,0,0
2025-02-07,1837.5,1837.5,1808,1818,469800,854230000,0,0
2025-02-10,1812.5,1826.5,1809.5,1826.5,569600,1036511200,0,0
2025-02-12,1821.5,1833,1795.5,1830.5,621600,1130565900,0,0
2025-02-13,1853,1867,1845.5,1855,376200,697474900,0,0
2025-02-14,1850,1858,1847.5,1850,319600,591619900,0,0
2025-02-17,1838.5,1840,1818,1818,422400,770673500,0,0
2025-02-18,1830,1837,1819,1827,454600,830707500,0,0
2025-02-19,1825,1844,1822,1838,524000,962105400,0,0
2025-02-20,1825,1829.5,1820,1825,545800,996194800,0,0
2025-02-21,1825,1838.5,1822,1838.5,359800,658870700,0,0
2025-02-25,1825,1860,1824.5,1850,502600,928537800,0,0
2025-02-26,1848.5,1852.5,1838,1846.5,671800,1241188600,0,0
2025-02-27,1850,1864,1833,1854.5,472600,875854000,0,0
2025-02-28,1849.5,1854,1811.5,1825,813600,1486877000,0,0
2025-03-03,1825.5,1842.5,1818,1840,697800,1280229700,0,0
2025-03-04,1840.5,1842.5,1800,1815.5,551600,1002648300,0,0
2025-03-05,1821.5,1831.5,1806.5,1823,490000,892684400,0,0
2025-03-06,1841,1852.5,1826.5,1849.5,460800,850004800,0,0
2025-03-07,1823.5,1838.5,1814,1833.5,433200,792276700,0,0
2025-03-10,1826,1855,1819.5,1843.5,462200,852488300,0,0
2025-03-11,1825,1862.5,1823.5,1847,755000,1394769600,0,0
2025-03-12,1863.5,1903.5,1859,1885,704400,1328721300,0,0
2025-03-13,1852.5,1869,1852.5,1860.5,520000,966880700,0,0
2025-03-14,1854,1868,1844,1862.5,476800,886193900,0,0
2025-03-17,1867,1899.5,1867,1891.5,317200,599819400,0,0
2025-03-18,1906,1918.5,1900.5,1900.5,397200,757548100,0,0
2025-03-19,1895.5,1930.5,1895.5,1910.5,258000,493720300,0,0
2025-03-21,1900,1922,1889.5,1915,433000,829001200,0,0
2025-03-24,1904.5,1905,1875.5,1886,291400,549377300,0,0
2025-03-25,1896,1908.5,1887,1900.5,256600,487092100,0,0
2025-03-26,1907.5,1925,1898.5,1920,392000,751094600,0,0
2025-03-27,1899,1913.5,1880.5,1913.5,622000,1182939900,0,0
2025-03-28,1880.5,1884,1839,1847.5,531600,983352100,0,0
2025-03-31,1785,1811,1767.5,1791,651800,1168111100,0,0
2025-04-01,1805,1813,1790,1794,408600,734811800,0,0
2025-04-02,1804.5,1812,1784,1811,411800,743342800,0,0
2025-04-03,1743,1775,1742.5,1761,689800,1213060100,0,0
2025-04-04,1733,1760,1675.5,1712.5,700200,1193471200,0,0
2025-04-07,1545,1636.5,1534,1582,672200,1068183400,0,0
2025-04-08,1617.5,1678,1617,1638.5,487400,802695300,0,0
2025-04-09,1619.5,1641,1596,1623.5,627200,1015959500,0,0
2025-04-10,1756.5,1756.5,1721,1732.5,553600,959962700,0,0
2025-04-11,1629.5,1637.5,1603.5,1635.5,763400,1238724000,0,0
2025-04-14,1660,1679,1635,1661.5,424800,706025900,0,0
2025-04-15,1683,1721.5,1679.5,1715,541800,926990200,0,0
2025-04-16,1703,1725,1695,1708.5,393200,671606300,0,0
2025-04-17,1700,1710.5,1682.5,1704,324800,551816100,0,0
2025-04-18,1723.5,1745.5,1717.5,1741,253400,440003900,0,0
2025-04-21,1730,1731,1696.5,1713.5,243200,415979600,0,0
2025-04-22,1713.5,1720.5,1697,1711.5,343600,588262000,0,0
2025-04-23,1769.5,1781,1747.5,1750,664800,1168702100,0,0
2025-04-24,1750,1767,1742.5,1745,431600,755388500,0,0
2025-04-25,1750,1763,1736.5,1763,384600,674773300,0,0
2025-04-28,1772,1789.5,1763,1764,455200,805818500,0,0
2025-04-30,1778.5,1788,1755.5,1772,511800,905982000,0,0
2025-05-01,1761.5,1767,1749.5,1761.5,343800,605132700,0,0
2025-05-02,1761,1768.5,1747.5,1763,596400,1050038000,0,0
2025-05-07,1756,1768.5,1742,1748,704400,1233771400,0,0
2025-05-08,1740,1754.5,1725,1754,576000,1006688200,0,0
2025-05-09,1752.5,1786,1752.5,1771.5,492600,872709400,0,0
2025-05-12,1775,1779.5,1700.5,1761,724800,1271768200,0,0
2025-05-13,1799.5,1801,1756,1776.5,858000,1523237200,0,0
2025-05-14,1775.5,1775.5,1702.5,1719.5,628000,1081547300,0,0
2025-05-15,1697,1702.5,1674,1677.5,714600,1202874600,0,0
2025-05-16,1677.5,1712,1650,1709.5,867800,1464283600,0,0
2025-05-19,1703,1754,1703,1744.5,683000,1189740900,0,0
2025-05-20,1746,1756,1731.5,1736.5,774200,1348916300,0,0
2025-05-21,1754,1785.5,1721,1732,718400,1251667200,0,0
2025-05-22,1707,1718,1687.5,1700.5,486400,827484800,0,0
2025-05-23,1701,1716.5,1695,1705,478800,816916200,0,0
2025-05-26,1692.5,1700.5,1686.5,1693,628200,1063540300,0,0
2025-05-27,1692.5,1708,1682.5,1704,345600,587159400,0,0
2025-05-28,1725,1732,1705,1711.5,423000,724835700,0,0
2025-05-29,1722.5,1746.5,1711,1739.5,408600,710701100,0,0
2025-05-30,1717,1737,1710,1733.5,794200,1373531200,0,0
2025-06-02,1705.5,1733.5,1696.5,1705,438800,747969800,0,0
2025-06-03,1695.5,1705,1682,1700.5,343600,583128200,0,0
2025-06-04,1715,1719.5,1690,1701,780800,1328682300,0,0
2025-06-05,1678.5,1688,1664,1671,409400,684694000,0,0
2025-06-06,1677.5,1679,1655.5,1657.5,378200,629270800,0,0
2025-06-09,1665.5,1667.5,1650,1664.5,361200,599835200,0,0
2025-06-10,1672.5,1679.5,1658.5,1662.5,440400,734172700,0,0
2025-06-11,1666.5,1682,1665.5,1673,378600,632588000,0,0
2025-06-12,1665.5,1686,1642,1660,577200,957944800,0,0
2025-06-13,1640,1640,1608.5,1623.5,756600,1231099700,0,0
2025-06-16,1640,1653.5,1626.5,1631,392600,640826000,0,0
2025-06-17,1622.5,1654.5,1611.5,1650,427000,702585900,0,0
2025-06-18,1655,1665.5,1652,1660.5,417800,693276000,0,0
2025-06-19,1653,1667,1645.5,1666,468200,777784800,0,0
2025-06-20,1655.5,1675.5,1655.5,1663.5,1022400,1702853600,0,0
2025-06-23,1655.5,1669,1645,1657,497200,822952000,0,0
2025-06-24,1674,1683,1653.5,1670.5,516800,861115700,0,0
2025-06-25,1666.5,1689.5,1665.5,1684.5,607400,1019694300,0,0
2025-06-26,1695,1709,1690,1703.5,697200,1186725900,0,0
2025-06-27,1718.5,1728,1703.5,1716.5,718200,1232097200,0,0
2025-06-30,1735.5,1743,1709.5,1710,473400,814303900,0,0
2025-07-01,1692,1712.5,1691,1701.5,565200,960979000,0,0
2025-07-02,1685.5,1712,1684.5,1708.5,542600,925474800,0,0
2025-07-03,1703.5,1722,1690.5,1712.5,676000,1156632400,0,0
2025-07-04,1708.5,1711,1688.5,1694.5,551400,936018200,0,0
2025-07-07,1700,1704.5,1676,1680,564200,950994800,0,0
2025-07-08,1680,1709,1680,1692.5,555800,941330100,0,0
2025-07-09,1718,1726,1709.5,1718,510800,877874600,0,0
2025-07-10,1713.5,1742,1713.5,1735.5,638400,1106497300,0,0
2025-07-11,1735.5,1772,1735.5,1764,660200,1161473000,0,0
2025-07-14,1758,1773.5,1753,1757,379600,667978100,0,0
2025-07-15,1757.5,1783.5,1757.5,1772,521800,925010700,0,0
2025-07-16,1774,1794,1765,1780,550200,981041700,0,0
2025-07-17,1762.5,1810.5,1761,1804,672200,1208686400,0,0
2025-07-18,1808.5,1814.5,1797.5,1805,495800,895342400,0,0
2025-07-22,1800.5,1823,1786,1793.5,594400,1069593700,0,0
2025-07-23,1815.5,1882,1811,1866,907800,1689607300,0,0
2025-07-24,1886,1888,1870.5,1881.5,749400,1407748800,0,0
2025-07-25,1872,1876.5,1847,1848.5,668000,1239657000,0,0
2025-07-28,1866.5,1888,1863.5,1865,441400,825966000,0,0
2025-07-29,1842.5,1868,1840,1862.5,473000,878560200,0,0
2025-07-30,1845,1872.5,1845,1862.5,443200,825603200,0,0
2025-07-31,1859,1920,1844,1850,1055800,1970119000,0,0
2025-08-01,1875,1927,1875,1906.5,1097000,2091458400,0,0
2025-08-04,1855.5,1905.5,1850,1900,695000,1314042900,0,0
2025-08-05,1905.5,1920,1899.5,1907,286600,546910800,0,0
2025-08-06,1919.5,1940,1909.5,1932.5,394000,760778700,0,0
2025-08-07,1932.5,1949,1928.5,1940,407800,791003100,0,0
2025-08-08,1950,1998,1950,1981,610400,1208018900,0,0
2025-08-12,1981,1992,1973.5,1983.5,537600,1065589400,0,0
2025-08-13,1984,2000.5,1976.5,1981.5,531000,1054242200,0,0
2025-08-14,1981.5,1993,1958,1969,484400,954342300,0,0
2025-08-15,1973.5,1999,1970.5,1995,516200,1027338200,0,0
2025-08-18,2010,2030.5,2008,2023.5,400400,809538800,0,0
2025-08-19,2024,2047.5,2019.5,2040.5,505400,1030107300,0,0
2025-08-20,2060,2071.5,2050,2054.5,746600,1536334500,0,0
2025-08-21,2057.5,2068,2040,2060,409600,843982000,0,0
2025-08-22,2080,2098.5,2060,2089.5,780400,1624367600,0,0
2025-08-25,2105,2148.5,2104.5,2140,775200,1653631800,0,0
2025-08-26,2134.5,2140,2096,2100,1156800,2438398600,0,0
2025-08-27,2090.5,2115,2079.5,2108,422200,888962200,0,0
2025-08-28,2107.5,2126,2094,2118.5,442600,937069100,0,0
2025-08-29,2134.5,2140,2114.5,2130,477800,1017784400,0,0
2025-09-01,2140,2143.5,2116,2140,412000,880589100,0,0
2025-09-02,2142.5,2175,2132,2175,694400,1499859100,0,0
2025-09-03,2182,2220,2177.5,2194.5,541600,1192183800,0,0
2025-09-04,2194.5,2206,2165.5,2191,499200,1090080700,0,0
2025-09-05,2207.5,2213,2183,2205,410400,903114200,0,0
2025-09-08,2211,2230,2201,2228.5,364000,809418900,0,0
2025-09-09,2232,2243.5,2217,2224.5,542200,1207497300,0,0
2025-09-10,2224.5,2231.5,2203.5,2210,389400,861540300,0,0
2025-09-11,2200.5,2226.5,2194.5,2214,429800,951420700,0,0
2025-09-12,2237.5,2237.5,2217.5,2224.5,444200,990510900,0,0
2025-09-16,2224.5,2259.5,2223,2245.5,356400,801171400,0,0
2025-09-17,2213,2243,2205,2238,433600,968249200,0,0
2025-09-18,2249,2261.5,2232.5,2248,555000,1248344600,0,0
2025-09-19,2240,2257,2201.5,2220,1427200,3171582100,0,0
2025-09-22,2222.5,2244.5,2207.5,2232.5,519200,1159454700,0,0
2025-09-24,2230.5,2233,2209,2232.5,686400,1529127100,0,0
2025-09-25,2255,2266.5,2246.5,2261,458200,1034913000,0,0
2025-09-26,2271,2278,2255,2266.5,409600,928785300,0,0
2025-09-29,2262.5,2264,2215,2230.5,431800,966975100,0,0
2025-09-30,2221,2254,2219,2235,484800,1082911300,0,0
2025-10-01,2207,2226.5,2197.5,2212.5,484000,1070190600,0,0
2025-10-02,2219,2233,2204,2223.5,385600,856785800,0,0
2025-10-03,2223.5,2232.5,2207.5,2229,491600,1092672900,0,0
2025-10-06,2275,2285,2235,2240,508600,1142976800,0,0
2025-10-07,2240.5,2275,2240.5,2260.5,408000,922754700,0,0
2025-10-08,2255.5,2268,2236.5,2250.5,515600,1160945000,0,0
2025-10-09,2248,2280,2236.5,2280,336800,764544500,0,0
2025-10-10,2275,2279,2228.5,2235,566000,1268923200,0,0
2025-10-14,2179.5,2220.5,2153,2165.5,724400,1574305100,0,0
2025-10-15,2182.5,2208.5,2166.5,2204,454600,999041700,0,0
2025-10-16,2210,2231,2202,2208.5,331000,731286600,0,0
2025-10-17,2204.5,2240,2187.5,2196,379200,833731800,0,0
2025-10-20,2231,2247,2210.5,2242,322600,721965700,0,0
2025-10-21,2250,2275,2250,2258,344800,779578700,0,0
2025-10-22,2270,2293.5,2270,2280,396000,903436900,0,0
2025-10-23,2282.5,2302,2279.5,2294.5,369600,846816600,0,0
2025-10-24,2297.5,2305.5,2291.5,2301,307600,707228500,0,0
2025-10-27,2308.5,2335,2295.5,2325.5,419000,971569800,0,0
2025-10-28,2319,2319,2265,2272,385600,880203100,0,0
2025-10-29,2279.5,2303,2272.5,2280,351000,802917100,0,0
2025-10-30,2284.5,2300,2275,2283.5,569400,1300108600,0,0
2025-10-31,2285,2320.5,2151.5,2240,1192000,2677257300,0,0
2025-11-04,2250,2276,2237.5,2265,890800,2012378600,0,0
2025-11-05,2258.5,2263,2200,2242,682400,1522353500,0,0
2025-11-06,2268.5,2289.5,2251.5,2268.5,536400,1218702900,0,0
2025-11-07,2268.5,2307.5,2268.5,2292,625000,1432863900,0,0
2025-11-10,2313,2319,2293,2303.5,497600,1146320200,0,0
2025-11-11,2315,2333.5,2302,2324.5,433600,1006866400,0,0
2025-11-12,2347.5,2369,2309,2325.5,512000,1191829500,0,0
2025-11-13,2325.5,2343,2309,2328.5,518400,1205849500,0,0
2025-11-14,2313.5,2335,2298.5,2318.5,397000,920769700,0,0
2025-11-17,2315,2328,2269.5,2285,586000,1344384400,0,0
2025-11-18,2287.5,2303,2232.5,2242.5,659000,1486455300,0,0
2025-11-19,2242.5,2269,2231,2238.5,494000,1108851600,0,0
2025-11-20,2251,2270,2242,2242.5,695600,1565961500,0,0
2025-11-21,2242.5,2293,2239,2283,654000,1489171200,0,0
2025-11-25,2318,2329,2302.5,2322.5,549800,1274560700,0,0
2025-11-26,2388.5,2435,2367.5,2426.5,903800,2183467000,0,0
2025-11-27,2406,2416.5,2398.5,2412,412200,993034300,0,0
2025-11-28,2412,2412,2373,2402.5,475800,1140984700,0,0
2025-12-01,2401.5,2419.5,2374,2374,435800,1041627600,0,0
2025-12-02,2409,2422,2352.5,2379,707400,1684486900,0,0
2025-12-03,2382,2406.5,2367.5,2400,486400,1166530900,0,0
2025-12-04,2400,2447,2400,2439.5,495400,1205789000,0,0
2025-12-05,2446.5,2447,2403,2427.5,626800,1520324300,0,0
2025-12-08,2427.5,2440,2407.5,2433.5,395400,962199200,0,0
2025-12-09,2447,2450,2431,2449,288800,705664300,0,0
2025-12-10,2484,2498,2452.5,2452.5,268400,661668800,0,0
2025-12-11,2487.5,2487.5,2425,2428.5,401000,978700800,0,0
2025-12-12,2445,2456.5,2430.5,2446.5,716200,1749934700,0,0
2025-12-15,2465,2503,2465,2499.5,386200,962352800,0,0
2025-12-16,2500,2510,2477.5,2481,657200,1634811500,0,0
2025-12-17,2481.5,2487,2462.5,2464.5,588000,1453489200,0,0
2025-12-18,2464.5,2475.5,2452.5,2461,373200,919740400,0,0
2025-12-19,2475.5,2495,2465,2489.5,819600,2035903600,0,0
2025-12-22,2517,2525,2497,2510,338600,850534100,0,0
2025-12-23,2506.5,2525,2499,2504.5,350000,876973600,0,0
2025-12-24,2497.5,2510,2486,2489,292200,728273600,0,0
2025-12-25,2489,2489,2438.5,2443.5,234400,575433300,0,0
2025-12-26,2455.5,2463,2436,2445.5,216800,529956200,0,0
2025-12-29,2445.5,2452.5,2429,2442,337400,823546900,0,0
2025-12-30,2442,2442.5,2422,2422,234000,568075900,0,0
2026-01-05,2441,2464.5,2435,2456,374800,919702400,0,0
2026-01-06,2462.5,2488,2455,2458,529200,1304872300,0,0
2026-01-07,2429,2495,2418,2453,318600,783447500,0,0
2026-01-08,2451,2461.5,2426.5,2440,296600,725028000,0,0
2026-01-09,2456.5,2481.5,2456.5,2479,333800,825497500,0,0
2026-01-13,2491,2512,2476,2510,699800,1752016500,0,0
2026-01-14,2510,2552.5,2506,2537.5,431800,1094261400,0,0
2026-01-15,2508,2557.5,2501,2535.5,427800,1085192200,0,0
2026-01-16,2521.5,2565,2506,2558.5,393800,1005055200,0,0
2026-01-19,2526.5,2545,2487.5,2507.5,712600,1786277900,0,0
2026-01-20,2507.5,2522.5,2492,2492,354600,887351200,0,0
2026-01-21,2464.5,2485,2450,2485,464600,1150759100,0,0
2026-01-22,2520,2535,2495.5,2519.5,560200,1413243100,0,0
2026-01-23,2520.5,2530.5,2506.5,2513,524400,1320223300,0,0
2026-01-26,2466,2474.5,2443,2450.5,391400,961236600,0,0
2026-01-27,2435,2454,2409.5,2438.5,742400,1805650000,0,0
2026-01-28,2407,2438.5,2379.5,2382,610400,1459405000,0,0
2026-01-29,2373,2399,2350.5,2386.5,483200,1150484100,0,0
2026-01-30,2407,2413,2390.5,2402,260600,626319300,0,0
2026-02-02,2434.5,2449.5,2387.5,2400,356800,857764900,0,0
2026-02-03,2453,2480,2435,2475.5,498400,1229689300,0,0
2026-02-04,2481.5,2510.5,2460,2481.5,418600,1040314700,0,0
2026-02-05,2516.5,2538,2400,2505.5,854800,2133438500,0,0
2026-02-06,2463.5,2514.5,2443.5,2504,380400,948373300,0,0
2026-02-09,2554,2593.5,2529,2567.5,546800,1404742300,0,0
2026-02-10,2570,2605.5,2554.5,2591,472000,1220191600,0,0
2026-02-12,2560,2591,2529,2566.5,548000,1406909100,0,0
2026-02-13,2516.5,2542,2495,2496,614000,1540092300,0,0
2026-02-16,2510,2531,2496,2518,469400,1180820200,0,0
2026-02-17,2519.5,2564,2505.5,2551.5,517600,1319613100,0,0
2026-02-18,2558,2601,2557.5,2581,400800,1035056900,0,0
2026-02-19,2581,2638.5,2577.5,2636,455800,1195746000,0,0
2026-02-20,2599,2633,2578,2596.5,536800,1394122100,0,0
2026-02-24,2596.5,2606.5,2553.5,2587,370600,958602800,0,0
2026-02-25,2604,2645,2580.5,2629,410000,1077103700,0,0
2026-02-26,2700,2721,2659,2706.5,537400,1453492800,0,0
2026-02-27,2700,2781,2690.5,2772,610000,1684651000,0,0
2026-03-02,2622.5,2677.5,2616,2657.5,606400,1608460800,0,0
2026-03-03,2631,2631,2542.5,2544,1084800,2776393200,0,0
2026-03-04,2475,2543.5,2394.5,2427.5,753800,1839520200,0,0
2026-03-05,2509,2515.5,2434.5,2437,486600,1198278300,0,0
2026-03-06,2423,2467,2398,2453,410000,1000562800,0,0
2026-03-09,2348,2416.5,2311,2399,912200,2160574500,0,0
2026-03-10,2434,2493,2388,2446.5,752200,1844944900,0,0
2026-03-11,2408.5,2425,2386.5,2401,889400,2141368900,0,0
2026-03-12,2375.5,2392.5,2321,2330,734600,1717195300,0,0
2026-03-13,2301.5,2339,2289.5,2307,710400,1638404900,0,0
2026-03-16,2280.5,2307.5,2266,2284.5,510200,1167050300,0,0
2026-03-17,2319.5,2337.5,2302.5,2307,374400,866238600,0,0
2026-03-18,2322,2365,2312.5,2365,533200,1254658300,0,0
2026-03-19,2301.5,2331,2289,2295,665400,1529782400,0,0
2026-03-23,2228,2245.5,2198.5,2220,553600,1232173200,0,0
2026-03-24,2277.5,2280.5,2240,2252,684400,1545468000,0,0
2026-03-25,2322,2324,2296.5,2298.5,471000,1086040200,0,0
2026-03-26,2312.5,2312.5,2256.5,2280,465000,1061680600,0,0
2026-03-27,2273,2286,2258,2275.5,572000,1301650400,0,0
2026-03-30,2150.5,2185,2134.5,2174.5,918600,1989275700,0,0
2026-03-31,2158,2215,2157,2195.5,581000,1273968800,0,0
2026-04-01,2250,2266,2238.5,2260,462800,1044357500,0,0
2026-04-02,2290,2358,2249.5,2250.5,903600,2050873400,0,0
2026-04-03,2253.5,2287.5,2251.5,2268,545000,1237092000,0,0
2026-04-06,2288.5,2303,2273,2285,374200,855163400,0,0
2026-04-07,2283,2308,2270,2292,554000,1265889100,0,0
2026-04-08,2360,2373.5,2347,2354.5,603200,1421698500,0,0
2026-04-09,2356.5,2361,2325.5,2325.5,601000,1403195500,0,0
2026-04-10,2335,2355,2335,2348,396000,928692900,0,0
2026-04-13,2320,2347,2311,2335.5,582800,1358179600,0,0
2026-04-14,2365,2365,2304.5,2310,613000,1422327700,0,0
2026-04-15,2341.5,2348.5,2281.5,2295.5,1031400,2376117500,0,0
2026-04-16,2321,2372.5,2309.5,2315,921600,2137070000,0,0
2026-04-17,2315,2340,2315,2328,494000,1149650600,0,0
2026-04-20,2357,2374.5,2346.5,2366.5,540600,1276464300,0,0
2026-04-21,2358,2358,2313,2331,437600,1019789900,0,0
2026-04-22,2327.5,2347,2307,2316,503600,1168939000,0,0
2026-04-23,2294.5,2313.5,2237,2277,460200,1046154900,0,0
2026-04-24,2288.5,2288.5,2256,2258,584600,1323709800,0,0
2026-04-27,2253,2304.5,2242,2270.5,509000,1157988000,0,0
2026-04-28,2265,2289,2262.5,2283,442800,1008991700,0,0
2026-04-30,2249,2330,2247,2307,607000,1399619400,0,0
2026-05-01,2283,2288,2252.5,2252.5,329200,744227300,0,0
2026-05-07,2279.5,2305,2260.5,2300,419200,962472800,0,0
2026-05-08,2275.5,2315,2260,2306.5,649000,1491988800,0,0
2026-05-11,2300,2315,2280.5,2294,544000,1248282100,0,0
2026-05-12,2312,2317.5,2264,2284.5,574000,1311837800,0,0
2026-05-13,2284.5,2320,2257.5,2310.5,726600,1670045000,0,0
2026-05-14,2345.5,2422.5,2183,2183,1995600,4531118200,0,0
2026-05-18,2273,2288.5,2236.5,2267.5,1013600,2294666800,0,0
2026-05-19,2280,2280,2130,2130.5,1283400,2776704400,0,0
2026-05-20,2062.5,2086.5,1998.5,2024,1840200,3734954700,0,0
2026-05-21,2057.5,2077,2017,2059,865400,1774296800,0,0
2026-05-22,2058,2081.5,2016.5,2055,763600,1568853200,0,0
2026-05-25,2084.5,2132,2077.5,2118,825800,1742770000,0,0
2026-05-26,2121,2130.5,2083.5,2101.5,725600,1523667900,0,0
2026-05-27,2110,2148,2107.5,2140.5,854800,1824525800,0,0
2026-05-28,2145.5,2184,2145.5,2176.5,954000,2069655800,0,0
2026-05-29,2185,2260,2178.5,2260,1052800,2369726700,0,0
2026-06-01,2235,2235,2125.5,2150,751200,1630001100,0,0
2026-06-02,2133.5,2161.5,2090.5,2161.5,491600,1054345900,0,0
2026-06-03,2184,2214.5,2172.5,2213,506400,1116674500,0,0
2026-06-04,2215,2237.5,2170,2181,480000,1051521000,0,0
2026-06-05,2165.5,2188.5,2152.5,2167.5,682600,1477311300,0,0
2026-06-08,2132.5,2161.5,2090.5,2116.5,651200,1380039300,0,0
2026-06-09,2141,2155,2111.5,2134,642600,1369293100,0,0
2026-06-10,2149,2186,2107,2142.5,535400,1143079700,0,0
2026-06-11,2112,2122.5,2083.5,2107.5,475000,999438000,0,0
2026-06-12,2137,2157,2125,2136.5,710800,1518845600,0,0
2026-06-15,2170,2253,2161.5,2217.5,1037800,2306548000,0,0
2026-06-16,2185.5,2233.5,2185.5,2232.5,438800,976535400,0,0
2026-06-17,2244,2270,2216.5,2260,471200,1063195900,0,0
2026-06-18,2260,2333,2255,2316,797800,1840586900,0,0
2026-06-19,2317.5,2337,2278,2286,978800,2241637400,0,0
2026-06-22,2304.5,2354.5,2304.5,2340.5,505000,1179983600,0,0
2026-06-23,2375.5,2375.5,2324,2324,972000,2277090300,0,0
2026-06-24,2350,2382.5,2329,2350,970000,2281679000,0,0
2026-06-25,2381.5,2405.5,2372.5,2385.5,603800,1442014000,0,0
2026-06-26,2410,2421.5,2315.5,2394.5,659600,1579811600,0,0
2026-06-29,2415,2432,2386.5,2432,752800,1818069700,0,0
2026-06-30,2432,2432,2387.5,2417,478200,1154630100,0,0
2026-07-01,2444,2468,2437,2464.5,403800,992647100,0,0
2026-07-02,2468,2523.5,2450.5,2510.5,461200,1155668900,0,0
2026-07-03,2485,2523,2473.5,2523,565800,1415872300,0,0
2026-07-06,2538.5,2581.5,2501.5,2581.5,682000,1748563500,0,0
2026-07-07,2625,2627,2559,2571.5,633600,1635822300,0,0
2026-07-08,2545,2560,2522.5,2529.5,541200,1370908900,0,0
2026-07-09,2526.5,2526.5,2489.5,2519.5,535800,1346329600,0,0
2026-07-10,2597,2602,2541,2544.5,440600,1125725300,0,0
2026-07-13,2549,2565.5,2495,2508,384600,966842800,0,0
2026-07-14,2517,2526,2500,2508.5,381800,958345000,0,0
2026-07-15,2535,2549,2522,2540.5,393600,999732100,0,0
2026-07-16,2490.5,2552,2490.5,2543,566200,1436114900,0,0
2026-07-17,2520,2548,2482,2511,588800,1480208900,0,0
2026-07-21,2512.5,2558.5,2500.5,2549.5,492400,1253401600,0,0
2026-07-22,2555,2580.5,2546,2562.5,631000,1619890100,0,0
2026-07-23,2555,2584.5,2551,2574,337000,867049200,0,0
2026-07-24,2558.5,2582.5,2547,2569,683400,1754064000,0,0
2026-07-27,2585.5,2628.5,2565.5,2628.5,564800,1476386300,0,0
2026-07-28,2610.5,2621,2575.5,2618.5,843200,2197301400,0,0
2026-07-29,2647,2662.5,2611,2662.5,644400,1705275500,0,0
2026-07-30,2645,2678.5,2599.5,2668,624400,1662944000,0,0
2026-07-31,2629,2750,2511,2604.5,1016200,2651664800,0,0
2026-08-03,2554.5,2554.5,2442,2493,1032200,2572958300,0,0
2026-08-04,2492,2502.5,2454.5,2468,882000,2178790600,0,0
2026-08-05,2493.5,2544,2468,2500,901400,2258418000,0,0
2026-08-06,2510.5,2541.5,2496.5,2517.5,606600,1528357100,0,0
2026-08-07,2508,2557.5,2490,2536.5,563600,1429539700,0,0
2026-08-10,2550.5,2570,2502.5,2566,530400,1353434100,0,0
2026-08-12,2563.5,2577,2541,2553.5,339000,865767200,0,0
2026-08-13,2564.5,2588.5,2503,2519,489800,1235287900,0,0
2026-08-14,2508,2556,2508,2556,566000,1438996900,0,0
2026-08-17,2559,2573.5,2524.5,2526.5,344200,872276700,0,0
2026-08-18,2540,2541.5,2511,2529.5,465400,1175156500,0,0
2026-08-19,2498,2507.5,2463.5,2463.5,358600,887118400,0,0
2026-08-20,2485,2529,2467,2520,404000,1015160500,0,0
2026-08-21,2520,2537.5,2512,2534,327800,828314400,0,0
2026-08-24,2537.5,2537.5,2517,2520,266800,673517800,0,0
2026-08-25,2522,2530,2495,2520.5,347400,873871600,0,0
2026-08-26,2529,2554,2527.5,2539.5,392000,995554000,0,0
2026-08-27,2543,2550,2520.5,2530.5,330600,836945800,0,0
2026-08-28,2524.5,2534.5,2516,2531.5,525400,1327796600,0,0
2026-08-31,2520,2672,2520,2650,1208600,3166263200,0,0
2026-09-01,2600.5,2647.5,2576.5,2588,1040400,2702240400,0,0
2026-09-02,2538,2566.5,2510.5,2524,672000,1697408800,0,0
2026-09-03,2565,2581,2529.5,2546,554600,1411704400,0,0
2026-09-04,2531.5,2555,2517.5,2525.5,509600,1287495500,0,0
2026-09-07,2537,2561,2516,2520,301600,762541000,0,0
2026-09-08,2515,2515.5,2458.5,2464.5,876400,2168016300,0,0
2026-09-09,2442.5,2477.5,2435.5,2460.5,480200,1181873900,0,0
2026-09-10,2463,2485.5,2440,2449,612200,1505131500,0,0
2026-09-11,2402,2452,2387,2449.5,496400,1202943100,0,0
2026-09-14,2459.5,2470.5,2423,2449.5,427200,1044766400,0,0
2026-09-15,2449.5,2456,2430,2435,421000,1027615100,0,0
2026-09-16,2444,2475,2444,2467,376200,926868300,0,0
2026-09-17,2480,2482,2446,2479,424200,1047759600,0,0
2026-09-18,2512.5,2518,2458.5,2474,602800,1494425700,0,0
2026-09-24,2466.5,2483,2462.5,2469,472400,1166960100,0,0
2026-09-25,2466.5,2480.5,2456.5,2477,432200,1068564900,0,0
2026-09-28,2502,2547.5,2427.5,2443,542400,1331875700,0,0
2026-09-29,2400,2450,2350,2367,493800,1170877650,0,0
2026-09-30,2380,2418.5,2367.5,2399,582400,1396663750,0,0
2026-10-01,2400,2430.5,2397.5,2425,497400,1203368900,0,0
2026-10-02,2402,2420,2395,2396,542000,1303440000,0,0
2026-10-05,2405,2436.5,2397.5,2434,539800,1308761100,0,0
