Date,Open,High,Low,Close,Volume,TradingValue,UpLimit,UnderLimit
2016-02-05,273.8,297.4,273,292.5,2831950,,,
2016-02-08,286.6,291.6,283.9,289.3,2070175,,,
2016-02-09,277.5,280.5,269,271.3,2151775,,,
2016-02-10,270,271,256.6,259.4,2462150,,,
2016-02-12,249.9,254.9,245.9,246.5,3599125,,,
2016-02-15,258.4,275.4,257.8,271.9,1872550,,,
2016-02-16,269.9,288.8,268.8,281,1987775,,,
2016-02-17,278.5,284.1,270.1,273.6,1822250,,,
2016-02-18,285,289.8,283.8,286.1,1947950,,,
2016-02-19,281.8,284.8,277.9,283.4,1405975,,,
2016-02-22,281,286.9,279.5,284.1,820375,,,
2016-02-23,288.3,292.8,282.9,283.4,1617075,,,
2016-02-24,277,281,272.1,279.4,1731975,,,
2016-02-25,281.1,287,281.1,284,1488600,,,
2016-02-26,286.8,290.3,280.1,281.5,1212575,,,
2016-02-29,286.6,287.1,277.8,277.8,1506300,,,
2016-03-01,277.4,279.4,271.9,275.4,1073400,,,
2016-03-02,284.8,294.4,284.1,291.4,1619850,,,
2016-03-03,297.4,305,295.6,302.5,1712225,,,
2016-03-04,302.9,308.3,301.6,306.4,1353975,,,
2016-03-07,307.1,311.9,303.9,309.3,1345525,,,
2016-03-08,311,315.9,306.3,307.6,1889025,,,
2016-03-09,292.9,301.3,291.1,300.5,2094000,,,
2016-03-10,304.8,306.4,300.4,305,1340350,,,
2016-03-11,300.6,307.9,299.3,305.5,2010525,,,
2016-03-14,306.3,308,304.6,307.1,1198775,,,
2016-03-15,307.4,307.6,300.9,302,1316900,,,
2016-03-16,299.5,303.9,297.5,300.1,881100,,,
2016-03-17,300.5,304.1,297.1,300,1386600,,,
2016-03-18,302.5,303.9,298,299.8,1547650,,,
2016-03-22,304.8,307.5,300.1,302.6,1226300,,,
2016-03-23,300.4,302.6,296.8,297.4,1230475,,,
2016-03-24,289.9,289.9,284,285.9,2320200,,,
2016-03-25,289,293.1,287.1,292.5,1126025,,,
2016-03-28,292.6,295.4,291.3,293.8,1221400,,,
2016-03-29,289.5,294.4,289,292.3,1387625,,,
2016-03-30,288.3,288.3,280.9,281.9,1414425,,,
2016-03-31,283.6,286.1,279.6,279.6,1045250,,,
2016-04-01,277.8,277.8,269.3,270,1514900,,,
2016-04-04,270,277.5,270,272.4,995625,,,
2016-04-05,269.9,271.9,264.6,264.8,1669650,,,
2016-04-06,263.4,267.8,262.5,263.4,1070425,,,
2016-04-07,265.5,271.3,264.1,268.4,1205300,,,
2016-04-08,264.9,276,261.5,272.5,1323450,,,
2016-04-11,273.5,273.6,265.5,271.9,1003175,,,
2016-04-12,271.5,279.4,270.9,278.1,957000,,,
2016-04-13,281.3,287,279.5,286.4,1140625,,,
2016-04-14,291,296.5,289.5,296.5,1243925,,,
2016-04-15,293.6,297,293,295,683600,,,
2016-04-18,281.3,287.1,281.1,285.8,1119450,,,
2016-04-19,295,296,293.1,295.8,1216350,,,
2016-04-20,298.8,300,295.5,296.5,947925,,,
2016-04-21,300.1,306.8,298.6,305,1630450,,,
2016-04-22,300.3,307,300.3,307,1111100,,,
2016-04-25,307.9,308.5,304.1,307.5,928050,,,
2016-04-26,304.5,306,301.9,302.9,883750,,,
2016-04-27,302.6,305.8,301.9,303,741400,,,
2016-04-28,307,308.4,292.3,292.5,1594550,,,
2016-05-02,277.5,282.3,275.6,281.4,1341475,,,
2016-05-06,278.8,281,274,276.5,1395725,,,
2016-05-09,278.8,289.9,275.6,277.5,2030525,,,
2016-05-10,276.8,277,266.1,271.9,2618525,,,
2016-05-11,282.3,282.3,277.6,278.9,1611000,,,
2016-05-12,277.5,281.6,275.4,281.5,1229025,,,
2016-05-13,283.6,284,273.3,273.3,1629925,,,
2016-05-16,274.8,279.6,273.3,276.6,732525,,,
2016-05-17,279.6,282.5,278.8,281.8,912275,,,
2016-05-18,281.6,284.6,279.1,283.1,1581275,,,
2016-05-19,283.9,284.9,278.1,279.3,967200,,,
2016-05-20,276.6,277.4,275.1,276.3,1391775,,,
2016-05-23,275,277.1,271.1,276.3,1217225,,,
2016-05-24,275.9,276.1,273.4,273.6,854700,,,
2016-05-25,277.3,277.6,274.4,274.9,792425,,,
2016-05-26,277.6,277.9,274.5,275,661050,,,
2016-05-27,276.5,278.5,275.9,277.9,877525,,,
2016-05-30,279.8,280.8,278,280.8,583825,,,
2016-05-31,280.4,284.4,278.5,284.4,1716675,,,
2016-06-01,282.5,284.8,276.6,278.1,1296825,,,
2016-06-02,275.6,276.1,269.5,270.1,1520650,,,
2016-06-03,270,270.1,266.4,268.3,1167850,,,
2016-06-06,263.4,264.3,261.6,263.5,1491975,,,
2016-06-07,264.9,269.1,264.8,267.6,1170050,,,
2016-06-08,267.9,269.5,265.1,269.5,947000,,,
2016-06-09,267,267.6,264,265.3,1028150,,,
2016-06-10,263.4,264,260.1,262.4,1648200,,,
2016-06-13,257,258,252.8,252.8,1244300,,,
2016-06-14,252.6,255.5,250.8,254.1,1273200,,,
2016-06-15,252.5,254.8,251,251.6,1448950,,,
2016-06-16,252.5,253.5,246.6,247.4,1959625,,,
2016-06-17,250.9,256,247.3,251.8,2177125,,,
2016-06-20,257.6,260.4,255.8,259.4,1281900,,,
2016-06-21,258.4,260.4,254.1,259.8,998825,,,
2016-06-22,260.8,260.9,256.5,257.9,959475,,,
2016-06-23,260.6,263.8,259.8,263.3,967475,,,
2016-06-24,265,265.5,244.6,248.8,2713050,,,
2016-06-27,250,251.8,247,250.3,1585850,,,
2016-06-28,247.8,251.6,243.9,249.8,1483775,,,
2016-06-29,253.8,257.4,251.1,256.5,1137250,,,
2016-06-30,259.9,261,256.1,256.1,1557525,,,
2016-07-01,258.6,259.6,256.9,258.1,844050,,,
2016-07-04,259.5,263.5,257.4,263.1,957175,,,
2016-07-05,260.6,266,260.3,266,1039825,,,
2016-07-06,258.9,260.3,255.8,259.3,1058325,,,
2016-07-07,258.1,261.1,256.4,258.6,813875,,,
2016-07-08,258.6,259.9,253.8,253.8,1089650,,,
2016-07-11,259.6,264.5,258.1,262.1,1224550,,,
2016-07-12,265.5,267.9,262.1,262.1,1520175,,,
2016-07-13,268.8,270.8,267.1,269.6,1558325,,,
2016-07-14,269.6,271.1,267.6,270.5,853525,,,
2016-07-15,270.9,274,268.6,271.5,1185825,,,
2016-07-19,276.4,276.5,272.6,276.3,1212475,,,
2016-07-20,276.3,276.9,271.9,274.6,1008300,,,
2016-07-21,278,279.5,274.1,276.1,945400,,,
2016-07-22,272.5,276.1,271.4,274.5,689600,,,
2016-07-25,274.5,276.1,272.9,273.6,756425,,,
2016-07-26,272.1,272.4,267,268.4,836800,,,
2016-07-27,270.4,272.8,267.5,269.5,1418625,,,
2016-07-28,272.3,274.3,270,273,1088025,,,
2016-07-29,272.4,274,265.9,271,1290375,,,
2016-08-01,268.1,273.8,260.6,261.6,2447575,,,
2016-08-02,259.6,259.6,254.1,254.4,1514300,,,
2016-08-03,250.1,252.5,248.8,251,1466200,,,
2016-08-04,252.5,257.9,250.6,256.9,1672025,,,
2016-08-05,257.3,259.4,255.3,258.4,1058275,,,
2016-08-08,261,261.8,259.1,261.4,1195150,,,
2016-08-09,262.6,265.9,262.1,265.6,960625,,,
2016-08-10,264.8,267.3,263.1,266.3,710975,,,
2016-08-12,269.5,269.5,265.4,267.6,804325,,,
2016-08-15,268.6,268.8,263,264.1,984975,,,
2016-08-16,265.3,266.8,261.5,261.5,767925,,,
2016-08-17,261.3,267.9,260.6,267.4,845900,,,
2016-08-18,266.5,267,262.5,264.4,724350,,,
2016-08-19,268.1,273.8,267.1,272.4,1275175,,,
2016-08-22,273.4,274,270.5,273.3,733625,,,
2016-08-23,270.6,272.8,269.5,271.1,793850,,,
2016-08-24,271.8,276,271.8,273.1,963425,,,
2016-08-25,273.1,274.6,272.6,273.8,773275,,,
2016-08-26,273.3,274.6,272.4,272.4,831725,,,
2016-08-29,277.4,278.3,276.1,276.6,890375,,,
2016-08-30,276.3,279.1,274,276.3,851600,,,
2016-08-31,279,281.8,277.8,280.5,1100400,,,
2016-09-01,281.1,285,279.8,283.6,933075,,,
2016-09-02,284.3,285,279.8,281.3,1153100,,,
2016-09-05,285.8,287.9,284.5,285.1,1003375,,,
2016-09-06,285.4,286,283.8,284.8,865125,,,
2016-09-07,281.8,283.4,280.8,282.9,1005225,,,
2016-09-08,283.8,285,282.6,283.9,818925,,,
2016-09-09,282.8,286.3,282.3,285.4,1281725,,,
2016-09-12,282.8,283.3,280.5,281.9,1085150,,,
2016-09-13,282.6,284,280.3,281.8,821650,,,
2016-09-14,279.3,279.9,277.4,277.5,1149150,,,
2016-09-15,276,278.1,273.6,275.6,1201375,,,
2016-09-16,275.8,276.4,274,275.1,1208450,,,
2016-09-20,274.1,278.8,273.3,278.5,1203900,,,
2016-09-21,277.5,282.8,275.6,282.6,1320125,,,
2016-09-23,282.5,283.9,280.3,282.6,1209700,,,
2016-09-26,285,285,282.5,283,1416925,,,
2016-09-27,280,283.5,276.9,283.5,2157000,,,
2016-09-28,275.6,279.8,274.6,276.1,1824450,,,
2016-09-29,280.5,286,280,283.9,2048975,,,
2016-09-30,278.9,282.1,278.1,280.8,1215325,,,
2016-10-03,282.6,283.3,280.8,281.3,614525,,,
2016-10-04,282.1,282.9,279.3,281.6,911050,,,
2016-10-05,282.8,284.5,280.8,283.6,1018800,,,
2016-10-06,286.3,290.3,286.3,290.1,1864950,,,
2016-10-07,291.3,293.9,291.3,293.9,1295225,,,
2016-10-11,296.5,302,296.5,302,2211150,,,
2016-10-12,298.8,301.1,298.5,299.5,1119475,,,
2016-10-13,298.9,301.3,296.9,299.4,1070700,,,
2016-10-14,298,300.6,297,299.5,948150,,,
2016-10-17,299.1,301.8,299,301,812225,,,
2016-10-18,298.9,301.3,297.5,301.1,800825,,,
2016-10-19,300.6,301,298.1,299.8,891200,,,
2016-10-20,301,302.9,300,301.5,1164725,,,
2016-10-21,302.8,303.4,300.4,301.4,900825,,,
2016-10-24,301,301.9,299.8,301.9,775525,,,
2016-10-25,302.8,303,300.3,300.5,1000275,,,
2016-10-26,299.5,300.4,297.9,300.3,956125,,,
2016-10-27,299.5,301.1,298.1,299.9,799225,,,
2016-10-28,301.5,304.1,300.6,304.1,1631700,,,
2016-10-31,304.6,305.6,301.3,302.4,1429500,,,
2016-11-01,302.6,305,298.1,302.3,1680225,,,
2016-11-02,300,306.8,299,306,1628625,,,
2016-11-04,304.1,306.9,300.5,304.4,1675500,,,
2016-11-07,306,308.5,302.6,305.9,1016375,,,
2016-11-08,307.3,310.6,306.1,310.5,1040225,,,
2016-11-09,312.5,315.6,293.8,298,2722950,,,
2016-11-10,310.1,314.8,308.9,313.3,2339300,,,
2016-11-11,315.3,323.6,315.3,321.3,2189300,,,
2016-11-14,323.5,328.5,323.3,326.5,1423475,,,
2016-11-15,327.9,331,324.4,326.8,1182050,,,
2016-11-16,329,330.8,326,328.3,1060925,,,
2016-11-17,326.1,330.3,326.1,330.3,1197075,,,
2016-11-18,333.1,334.6,328.1,328.3,1393900,,,
2016-11-21,327.1,327.6,324.9,325.1,1294325,,,
2016-11-22,326.3,329.6,324.6,329.1,1330775,,,
2016-11-24,332.6,339.5,331.8,339.1,2390775,,,
2016-11-25,339.9,342.8,336.4,337.8,1580225,,,
2016-11-28,337.8,341.1,337.8,340.4,1118300,,,
2016-11-29,339.5,341.1,337.6,340.3,970550,,,
2016-11-30,341.3,341.8,338.1,341.3,1662250,,,
2016-12-01,345,347.5,342.5,345,1857750,,,
2016-12-02,346.3,348.6,345.6,348,1204325,,,
2016-12-05,346.5,348.3,345.6,347.1,947125,,,
2016-12-06,349.4,352.5,348.8,352.3,1590100,,,
2016-12-07,354.3,355.8,351.6,351.8,1167950,,,
2016-12-08,354.9,357.1,353.5,356.4,1510550,,,
2016-12-09,355.6,357.5,354.9,356.9,2028650,,,
2016-12-12,357.8,359.1,352.4,354.4,1269825,,,
2016-12-13,352.5,355.3,351.8,355.3,1071825,,,
2016-12-14,355.1,355.3,351.4,352,1191625,,,
2016-12-15,351.1,354.9,351,353.4,1589475,,,
2016-12-16,355.6,356,353.3,354.9,1271200,,,
2016-12-19,350.3,352.4,347.4,349.3,1300125,,,
2016-12-20,350,351.3,348.6,350.9,1188175,,,
2016-12-21,355,355.9,350,352.6,1138950,,,
2016-12-22,351.5,353.6,348.6,353.4,936350,,,
2016-12-26,352.3,352.5,347.3,348.4,643475,,,
2016-12-27,348.8,352,348.4,349.8,738475,,,
2016-12-28,348.8,351.8,347.5,349.8,615125,,,
2016-12-29,345.1,346.4,341.9,343.8,1018750,,,
2016-12-30,343.3,344.4,342.1,343.9,740025,,,
2017-01-04,350,354.4,349.6,353.3,1267975,,,
2017-01-05,355,356.3,353,356.3,1281900,,,
2017-01-06,351.8,353.6,350,352.5,1007625,,,
2017-01-10,352,354.9,350.8,351,1029500,,,
2017-01-11,350.3,356,350.3,355.8,1119950,,,
2017-01-12,355.8,356.3,351.8,354.3,784850,,,
2017-01-13,353.8,353.8,347.1,349.6,1537475,,,
2017-01-16,349.6,351.6,346.5,348.3,855450,,,
2017-01-17,346.5,347.5,343.3,343.5,982000,,,
2017-01-18,341.8,346.5,340.9,346,742850,,,
2017-01-19,347.3,350.5,346.6,350.1,1101575,,,
2017-01-20,350.5,351.9,348.9,350.8,1086825,,,
2017-01-23,348.8,350.4,344,347.8,1063450,,,
2017-01-24,353.5,355.8,351.6,352.4,1599075,,,
2017-01-25,356.8,359.1,355,357.5,1351550,,,
2017-01-26,357.6,365.5,356.5,365.3,1916125,,,
2017-01-27,365,365.1,361.6,362.4,905525,,,
2017-01-30,362,362,358.8,359.1,751425,,,
2017-01-31,354.6,357.5,353.8,354,1042025,,,
2017-02-01,350.5,355.9,347.9,355.6,824700,,,
2017-02-02,357.8,358.4,352.9,356.6,1101875,,,
2017-02-03,358.9,361.1,354,354.5,956475,,,
2017-02-06,356.9,358.1,355.3,355.9,920550,,,
2017-02-07,357.5,362.5,354.3,361,1543275,,,
2017-02-08,364.5,370.3,363.8,369.9,1697925,,,
2017-02-09,366.3,367.3,361.5,362.6,1192050,,,
2017-02-10,368.9,371.1,366.4,369.4,1288950,,,
2017-02-13,371.1,374.3,370.8,372.4,933850,,,
2017-02-14,374.8,375.8,368.6,369.3,1039750,,,
2017-02-15,374,377,373.4,376.3,1553400,,,
2017-02-16,375.5,375.9,371.6,372.5,1157225,,,
2017-02-17,373.6,376.8,373.3,374.8,1097025,,,
2017-02-20,372.1,375,369.6,373.6,905150,,,
2017-02-21,373.1,376.6,372.9,376.3,597200,,,
2017-02-22,378.1,381.1,376.9,380.6,1073975,,,
2017-02-23,381.3,383.6,380.3,383.4,1043925,,,
2017-02-24,382.5,384.6,380.4,381.9,914825,,,
2017-02-27,380,380.3,375.3,377.9,884700,,,
2017-02-28,380.8,381.8,376.8,377.4,1116400,,,
2017-03-01,380.4,383.3,376.3,381,946150,,,
2017-03-02,385,385.8,381.5,382.3,1099825,,,
2017-03-03,382.1,382.8,379,381.1,1035875,,,
2017-03-06,380.3,381,379.3,379.4,541725,,,
2017-03-07,379.8,382.5,379.4,380.5,853875,,,
2017-03-08,381.1,383.8,379.5,380.3,969175,,,
2017-03-09,381.3,381.4,378.1,379.8,742950,,,
2017-03-10,378.8,379.5,375.3,377.8,1521375,,,
2017-03-13,377.5,379.6,377.4,379.5,827925,,,
2017-03-14,381,382.3,379,379,962400,,,
2017-03-15,378.8,379.9,377.1,379.1,869825,,,
2017-03-16,378.9,380.1,378.1,379.6,1114800,,,
2017-03-17,378.8,380.4,377.6,380.4,1156975,,,
2017-03-21,380,380,376.1,377.6,1191825,,,
2017-03-22,372.5,373.8,369.1,370.6,1345850,,,
2017-03-23,370.3,373.9,369.6,372.8,1158000,,,
2017-03-24,374.5,380.4,373.5,380,1548700,,,
2017-03-27,375.6,375.6,372.9,373.4,1134400,,,
2017-03-28,377.4,381.4,376.9,381.1,1359375,,,
2017-03-29,378.4,380.5,376.3,380.4,1463700,,,
2017-03-30,378.9,386.8,378,381.5,1640125,,,
2017-03-31,383,383.1,374.4,374.4,1482550,,,
2017-04-03,376.3,377.4,371,372.3,1186000,,,
2017-04-04,375.5,375.9,368.4,370.9,1256175,,,
2017-04-05,376.1,379.1,372.8,373.5,1185950,,,
2017-04-06,371.8,373.5,368.1,368.5,1406025,,,
2017-04-07,370.6,373.9,367.6,371.9,1698125,,,
2017-04-10,374.3,375,372.5,374.5,751525,,,
2017-04-11,372.3,374,367,370.6,1065750,,,
2017-04-12,367.4,369.9,365.4,366.4,1044350,,,
2017-04-13,360.6,361.1,352,355,1345350,,,
2017-04-14,354.8,356.5,352.9,354.8,766975,,,
2017-04-17,353.4,355.8,351.3,355.5,626525,,,
2017-04-18,357.5,359.3,355.1,356.4,750700,,,
2017-04-19,352.8,353.9,349.5,352.6,1090275,,,
2017-04-20,352.5,353.9,350.8,351.3,900275,,,
2017-04-21,356.1,359.5,354.1,358.8,1073450,,,
2017-04-24,363.8,364.4,358,359.5,679975,,,
2017-04-25,357.8,364.6,357.5,363.8,703000,,,
2017-04-26,367.3,369.6,366.5,369,717875,,,
2017-04-27,367.1,370.6,366.5,369.6,785275,,,
2017-04-28,369.6,373.3,369.3,372.1,775275,,,
2017-05-01,375,378.5,371.1,375.6,808400,,,
2017-05-02,375.4,378.1,374.8,377.9,808400,,,
2017-05-08,383.6,386,382,385.6,1494200,,,
2017-05-09,385.8,394,379.9,391.8,2178000,,,
2017-05-10,390.5,392.4,384.5,388.5,1970700,,,
2017-05-11,387.3,387.4,380.9,383,1296975,,,
2017-05-12,382.6,383.3,379.1,382.5,884300,,,
2017-05-15,380.3,382.1,375.4,376.4,845600,,,
2017-05-16,378.5,380.8,377.8,380,963525,,,
2017-05-17,376.1,376.3,368.9,369.6,1209025,,,
2017-05-18,363.3,365.5,359.6,362,1141400,,,
2017-05-19,362.6,365.1,357.9,364.3,1353525,,,
2017-05-22,368.9,369,360.6,361.1,844150,,,
2017-05-23,360,361.3,357.1,357.3,707075,,,
2017-05-24,362.1,363,357.6,358.4,676400,,,
2017-05-25,356.3,360.1,355.1,359.1,537550,,,
2017-05-26,358.3,359,355.8,355.9,651825,,,
2017-05-29,355.5,356.1,353.3,353.4,428250,,,
2017-05-30,353.1,354.4,349.5,354,753650,,,
2017-05-31,354.4,354.4,351,353.1,1143225,,,
2017-06-01,351.8,356.9,351,355.3,885300,,,
2017-06-02,359.9,366,358.8,365.8,1582900,,,
2017-06-05,365.5,366.4,361.5,365.1,1272200,,,
2017-06-06,364.5,369.1,364.5,364.9,906400,,,
2017-06-07,365.3,365.9,361.6,364.5,823350,,,
2017-06-08,366,367.8,363.4,363.5,910025,,,
2017-06-09,360.4,365.1,360,360.5,1361750,,,
2017-06-12,362.4,365.5,360,360.6,1150475,,,
2017-06-13,359.4,362.3,358.1,359.8,1069275,,,
2017-06-14,361,361,355,355.9,1144575,,,
2017-06-15,357,357.4,353.3,354.3,986450,,,
2017-06-16,356.6,359.5,355,357.3,1474900,,,
2017-06-19,357.5,358.9,355.9,357.1,675850,,,
2017-06-20,359.9,362,358.4,358.5,1263650,,,
2017-06-21,358.3,359.3,356.5,358,619600,,,
2017-06-22,360.3,361,357.8,358.1,578775,,,
2017-06-23,360,361.6,358.9,359.5,654375,,,
2017-06-26,360.9,361.5,358.5,358.5,434925,,,
2017-06-27,360.5,363.6,359.9,363.3,675425,,,
2017-06-28,362.6,366.5,362.5,365.6,723375,,,
2017-06-29,369.6,371.5,368.1,368.9,724925,,,
2017-06-30,366.1,368.6,364.5,365.5,1048525,,,
2017-07-03,366,369.1,365.8,367.9,668375,,,
2017-07-04,371.1,372.9,368.3,369.5,637150,,,
2017-07-05,369.6,374.5,368.4,374.5,909725,,,
2017-07-06,372.5,373.9,370.3,371.8,812750,,,
2017-07-07,369.8,372.8,369,370.6,755175,,,
2017-07-10,372.6,373,371.1,372.3,551375,,,
2017-07-11,372.5,374.8,372.1,374.4,647275,,,
2017-07-12,373.8,375.9,372.8,373.1,746750,,,
2017-07-13,374,374.9,372.5,374.4,625775,,,
2017-07-14,375.4,376.9,373.6,375.3,636850,,,
2017-07-18,375,375.9,370.9,373.4,547425,,,
2017-07-19,372.8,373.5,371.3,372.1,634900,,,
2017-07-20,372.6,375.5,371.6,374.9,608075,,,
2017-07-21,373.4,374.3,372,372.5,427375,,,
2017-07-24,369.6,370.4,367.9,370,512950,,,
2017-07-25,370.3,370.9,368.8,368.9,488975,,,
2017-07-26,373.5,373.6,371.1,372,473750,,,
2017-07-27,371.3,372,369.6,370.4,519550,,,
2017-07-28,368.9,370.3,368.5,369.9,575600,,,
2017-07-31,369.6,374,369.1,372.9,746250,,,
2017-08-01,374,378.5,372.6,377.9,856775,,,
2017-08-02,378.3,379.6,376.5,378.8,628050,,,
2017-08-03,378.3,398.3,376,394.5,2581475,,,
2017-08-04,392.5,393.4,384.9,387.8,1563350,,,
2017-08-07,389.6,391.9,388.6,390.1,843375,,,
2017-08-08,389.4,392.1,388.4,389.9,856525,,,
2017-08-09,387.4,392.8,386.9,392.4,1309325,,,
2017-08-10,393.4,394,388.9,390.5,984800,,,
2017-08-14,387.6,390,383.3,384.3,1175400,,,
2017-08-15,386.3,391.3,384.3,389.1,803075,,,
2017-08-16,389.5,390.5,384,384,699550,,,
2017-08-17,384.3,386.8,383.5,383.5,597600,,,
2017-08-18,378.1,382,378,379.5,692375,,,
2017-08-21,379.9,380,377.6,378.6,544950,,,
2017-08-22,380.4,383.6,378,382.8,727800,,,
2017-08-23,386.5,386.9,382,382.9,665200,,,
2017-08-24,381.8,383.1,377.9,377.9,654575,,,
2017-08-25,379,380.6,378,378.8,462650,,,
2017-08-28,380,382.4,379.5,381.8,564250,,,
2017-08-29,378.8,380.6,378.3,379.5,565525,,,
2017-08-30,381.5,385.3,380.9,384.1,710350,,,
2017-08-31,388.8,392,387.8,389.1,1044450,,,
2017-09-01,391,391.1,386,388.3,508175,,,
2017-09-04,387.1,389.9,386,389.4,628125,,,
2017-09-05,390.3,391,387.5,388.6,783175,,,
2017-09-06,389.3,391,385.5,390.3,939300,,,
2017-09-07,390.8,392.3,387.6,387.9,842775,,,
2017-09-08,385.3,390.3,385.3,387,928900,,,
2017-09-11,391,397.6,390.9,396.3,936150,,,
2017-09-12,397.6,398.1,394,394.5,875275,,,
2017-09-13,397.4,398.5,395.6,396.4,754850,,,
2017-09-14,396.9,398.1,394.8,396.4,938550,,,
2017-09-15,396.6,399.1,395.9,396.4,1137725,,,
2017-09-19,399.8,403.1,399.3,402.1,1103725,,,
2017-09-20,402.3,404.1,400.8,403.4,965450,,,
2017-09-21,405.5,408.8,405.4,406.3,922125,,,
2017-09-22,408,409.3,405.6,408.6,911275,,,
2017-09-25,410,411,408,409.8,984800,,,
2017-09-26,409.8,415.1,409.4,414.3,1444075,,,
2017-09-27,407,408.4,404.8,405.5,960375,,,
2017-09-28,406.3,407.5,404.9,406,685775,,,
2017-09-29,405,407,403,404.6,865575,,,
2017-10-02,402.6,403.4,397.3,398.6,919525,,,
2017-10-03,399.3,399.3,394.6,398.9,1141975,,,
2017-10-04,397,398.5,395,395.3,1034925,,,
2017-10-05,395.3,395.3,391.5,392.8,750975,,,
2017-10-06,395.9,397.3,394.9,395.3,741850,,,
2017-10-10,392.8,394.6,391.3,394.6,807725,,,
2017-10-11,392.6,394.9,391.9,393.4,796375,,,
2017-10-12,395.4,395.9,394.4,394.6,560750,,,
2017-10-13,395.5,398.6,393.4,397.1,968150,,,
2017-10-16,400,403.1,398,402,765675,,,
2017-10-17,402,403.5,399.3,400.6,894200,,,
2017-10-18,400,400.3,397.8,399.9,641850,,,
2017-10-19,400.8,402,399.4,401.4,540800,,,
2017-10-20,397.8,399.5,397.1,398.5,712250,,,
2017-10-23,402,404.3,399.8,404,732525,,,
2017-10-24,404,412.5,403.5,412.1,1171900,,,
2017-10-25,412.5,413.5,408.4,409.8,963775,,,
2017-10-26,408.6,410.8,406.4,410.5,682200,,,
2017-10-27,411.5,415.9,411.1,414.9,1087150,,,
2017-10-30,413.3,414.3,409.5,411,1057375,,,
2017-10-31,410,410.6,407.8,408.4,742100,,,
2017-11-01,410.3,416,409.6,415.8,964725,,,
2017-11-02,416.5,421.8,415.1,415.8,1272025,,,
2017-11-06,420.8,435.5,410,435,2525600,,,
2017-11-07,437.5,441.1,431.5,440.3,1805325,,,
2017-11-08,440.1,445.4,438.8,445.3,1497225,,,
2017-11-09,447.5,449.4,436.8,443.8,1969275,,,
2017-11-10,436.5,447.1,436.5,446.3,1505625,,,
2017-11-13,444.5,444.8,432.8,432.9,1050475,,,
2017-11-14,429.1,430.4,423.8,429.4,1376250,,,
2017-11-15,424.8,424.8,412.5,415.1,1605475,,,
2017-11-16,412.5,419,412.1,414.6,935200,,,
2017-11-17,421.9,422.4,413.5,414,1406100,,,
2017-11-20,414,416.8,411.5,412.1,740950,,,
2017-11-21,413.3,417.1,412.8,414.6,756425,,,
2017-11-22,416.6,418.1,415.3,416.6,710425,,,
2017-11-24,416.1,417.5,414.9,416.8,633500,,,
2017-11-27,418,419.3,414.1,415.4,867100,,,
2017-11-28,414.6,418.8,413,413.4,860625,,,
2017-11-29,425,432.3,423.3,429.3,1362650,,,
2017-11-30,429.9,437,429.1,435.9,1454325,,,
2017-12-01,436.5,442.1,432.5,441.6,1138700,,,
2017-12-04,442.1,444.1,435.4,436,808825,,,
2017-12-05,436.4,447.9,436.4,446.8,1006550,,,
2017-12-06,444.8,446,437.3,439.8,1323350,,,
2017-12-07,442.3,444.4,440.3,442.1,998375,,,
2017-12-08,446.1,459.9,446.1,459.4,2252500,,,
2017-12-11,460.3,463.4,456.6,460,983725,,,
2017-12-12,460.5,468.1,460.3,466.6,845625,,,
2017-12-13,464,465,460.3,461.9,880675,,,
2017-12-14,460.1,463.5,460.1,462.5,648925,,,
2017-12-15,457.9,459.8,451.6,451.9,1495100,,,
2017-12-18,457.3,460,455.4,458.1,747600,,,
2017-12-19,462.5,467.8,462.5,464.6,1043050,,,
2017-12-20,465,478.5,464.6,477.3,1507575,,,
2017-12-21,477.3,477.4,472.6,473.5,1092975,,,
2017-12-22,475.8,483.9,474.8,482.6,1087075,,,
2017-12-25,483,484.3,480.5,481.9,372000,,,
2017-12-26,481.8,482.8,476.8,477.4,449825,,,
2017-12-27,477.8,484.5,477.8,480.9,598325,,,
2017-12-28,480.6,485.3,476.4,480.1,739200,,,
2017-12-29,482.5,486.1,478,478.8,658850,,,
2018-01-04,483.9,497.1,482.9,497.1,1503500,,,
2018-01-05,498.3,501.5,495,498.1,1071900,,,
2018-01-09,504,510.9,499.4,501.4,1383650,,,
2018-01-10,500.3,503.3,499.5,501,939725,,,
2018-01-11,498.8,504.9,498.1,504.9,863675,,,
2018-01-12,504.6,505,497,500,1121225,,,
2018-01-15,505,508.3,502.6,505.3,676800,,,
2018-01-16,504.9,504.9,498.5,498.9,763025,,,
2018-01-17,496,497.1,492,493,855300,,,
2018-01-18,496.9,496.9,483.6,485,1253375,,,
2018-01-19,487.3,493.5,484.5,493.3,906100,,,
2018-01-22,491.3,492,482.8,485.3,833900,,,
2018-01-23,486.5,489.6,484.9,486.8,649525,,,
2018-01-24,483.8,488.5,483.5,484.9,799525,,,
2018-01-25,482.5,491.6,482.5,490.8,1028500,,,
2018-01-26,489,489.6,481.4,482,1163025,,,
2018-01-29,480.1,489.1,478.1,488.3,843125,,,
2018-01-30,486.1,488,480.8,482.4,1015150,,,
2018-01-31,477,480.4,469.5,469.8,1526150,,,
2018-02-01,474.8,483.1,473.5,482.4,953025,,,
2018-02-02,480.3,484.9,476.1,483.9,913675,,,
2018-02-05,470.1,477.8,469.6,476.3,1182100,,,
2018-02-06,457.8,459.5,444.6,454.5,2040250,,,
2018-02-07,468.6,474.3,450.4,450.6,1736950,,,
2018-02-08,451.3,470.6,451.1,452.1,2328800,,,
2018-02-09,438.3,457.5,436.8,455,2026925,,,
2018-02-13,457.5,459,448.4,450.4,1539450,,,
2018-02-14,447,450.8,442,444.1,1086175,,,
2018-02-15,447.1,449.3,443,444,816575,,,
2018-02-16,447,448.8,441.9,442.5,1394875,,,
2018-02-19,448,462.8,446.3,461.8,1031225,,,
2018-02-20,456.6,457.1,451.3,455.5,827850,,,
2018-02-21,457.4,460.3,454.6,457.1,1104650,,,
2018-02-22,454.5,458.8,453,457.9,1066000,,,
2018-02-23,462,469.8,459.4,469.1,1164825,,,
2018-02-26,475.5,477.6,473.4,476.5,1050575,,,
2018-02-27,479,483.5,476.9,479,1108525,,,
2018-02-28,473,481.1,472,472.3,986575,,,
2018-03-01,467.5,468.3,462.6,464.9,1057700,,,
2018-03-02,458.6,460.9,453.8,454.6,1274650,,,
2018-03-05,449.8,451.8,446.8,448.1,985275,,,
2018-03-06,454.4,457.5,451,451.5,797600,,,
2018-03-07,450,452.9,447.8,448.5,755875,,,
2018-03-08,447.9,449.3,440.3,442.8,1010475,,,
2018-03-09,445,450.8,439.4,442,1503075,,,
2018-03-12,450.9,458.1,449.4,457.5,922625,,,
2018-03-13,455.3,457.3,448.9,451.5,923775,,,
2018-03-14,446.9,451.3,445.6,447.8,850875,,,
2018-03-15,445,447.8,440.5,447.3,834250,,,
2018-03-16,447.6,447.6,444.9,445.1,867250,,,
2018-03-19,442.9,444,437.8,442,799450,,,
2018-03-20,439.5,446.6,438.6,446.3,767575,,,
2018-03-22,445.1,448.9,442.6,446.3,1067600,,,
2018-03-23,435,436.3,430.6,432.8,1379175,,,
2018-03-26,430,432.8,426.5,432.8,993000,,,
2018-03-27,437.8,447,434.8,447,1291300,,,
2018-03-28,433.5,438.6,430.4,438.4,1345150,,,
2018-03-29,443.5,445,436,439.8,811250,,,
2018-03-30,445.4,448,443,447.8,780200,,,
2018-04-02,446.3,449,444.8,444.8,529750,,,
2018-04-03,440,443.1,436.9,442.6,674475,,,
2018-04-04,446,446.6,442.1,443.9,723675,,,
2018-04-05,445.3,449.1,443.6,447,898800,,,
2018-04-06,445.6,451,444.5,448.6,877125,,,
2018-04-09,446.1,448.4,442.1,446.8,606400,,,
2018-04-10,444.5,454.9,444.3,452.8,791225,,,
2018-04-11,456.8,461,455.3,459.5,958700,,,
2018-04-12,460,460.4,455.4,456.1,854625,,,
2018-04-13,459,462.5,458.3,461.1,773600,,,
2018-04-16,460,463.5,459,462.8,580875,,,
2018-04-17,461.8,463.6,459.9,462.9,699875,,,
2018-04-18,463.8,465.3,461.1,464.5,796025,,,
2018-04-19,469,473.5,468.3,470.4,1141425,,,
2018-04-20,471.3,479.6,471.3,478.5,996100,,,
2018-04-23,477.1,487,476.5,484.5,823175,,,
2018-04-24,486,490.6,483.1,490.5,829500,,,
2018-04-25,486.9,491.5,486.5,489.9,653550,,,
2018-04-26,490.5,490.6,484.9,487.8,724675,,,
2018-04-27,490.1,492.4,485.3,492.4,1029300,,,
2018-05-01,490.8,494.6,488.5,494,678725,,,
2018-05-02,493.1,494.3,488,490.8,610575,,,
2018-05-07,490.5,490.8,478,482.3,970875,,,
2018-05-08,481,499,477.8,498.9,2043150,,,
2018-05-09,498.8,499.9,486.8,487.1,1324975,,,
2018-05-10,485.4,488.3,481.4,481.4,871600,,,
2018-05-11,481.4,484.3,479.3,481.6,952175,,,
2018-05-14,480.8,481.6,477.8,480.6,675300,,,
2018-05-15,479.8,486.6,479.5,485.3,646300,,,
2018-05-16,484.4,484.8,481.9,483,763775,,,
2018-05-17,486.5,489.3,483.8,489,746775,,,
2018-05-18,490,492,488.6,491.9,712450,,,
2018-05-21,491.3,492.3,486.6,491.9,552350,,,
2018-05-22,491.9,494.1,490,492.9,417675,,,
2018-05-23,486.5,487.3,480.8,481.1,1241450,,,
2018-05-24,481.1,483.8,476.9,477.4,697925,,,
2018-05-25,475.3,477.6,472.9,474.1,703900,,,
2018-05-28,470.9,471.9,464.5,465.8,767950,,,
2018-05-29,464.9,467.1,461,463.4,557900,,,
2018-05-30,457.3,458.1,452.5,453.3,906175,,,
2018-05-31,457.3,460.8,453.8,456.9,2205675,,,
2018-06-01,453,460.5,451.4,458,828200,,,
2018-06-04,463.4,471.8,463,471.1,670000,,,
2018-06-05,471.3,471.4,466.4,467.1,663100,,,
2018-06-06,471,477.6,470.9,476.5,961800,,,
2018-06-07,480.1,482.5,479,482.5,713375,,,
2018-06-08,479.1,484.9,477.5,477.8,1011775,,,
2018-06-11,477,480.9,473.1,477.9,453925,,,
2018-06-12,480.8,481.3,475.8,476.4,572900,,,
2018-06-13,477.5,480.4,475.9,477.4,459100,,,
2018-06-14,475.8,477.1,472.5,474.8,758050,,,
2018-06-15,477.8,477.9,473.6,477.5,971325,,,
2018-06-18,475.3,476.1,470.3,472.6,621825,,,
2018-06-19,473.6,477.9,468.5,470.4,1051875,,,
2018-06-20,469.4,469.5,456.6,463.5,847800,,,
2018-06-21,461.3,464.5,457.1,457.8,783175,,,
2018-06-22,452.5,457.9,451.5,456.6,811825,,,
2018-06-25,457.6,460.6,453,453.5,762700,,,
2018-06-26,450.3,453.3,447.1,451.6,967425,,,
2018-06-27,457.5,458.4,447.6,452.1,971975,,,
2018-06-28,450.9,455.1,449.8,453.9,805300,,,
2018-06-29,451.5,455.3,448,455,840375,,,
2018-07-02,453.5,457.5,448.4,448.9,644425,,,
2018-07-03,450.3,451,443.1,447.3,1055625,,,
2018-07-04,449.1,457,449.1,455.6,816725,,,
2018-07-05,455.3,456.3,444.5,446.4,1160075,,,
2018-07-06,448.6,455.9,447.3,453.9,912400,,,
2018-07-09,453.8,456.5,451.4,455.9,496400,,,
2018-07-10,460,465.8,459.8,460.3,951275,,,
2018-07-11,459.5,460.6,455.4,459.4,933250,,,
2018-07-12,458.5,459.9,455.3,455.3,658475,,,
2018-07-13,457.6,460,455.1,459.1,595975,,,
2018-07-17,458.9,466.1,457.6,462.4,858525,,,
2018-07-18,467,467.3,462.6,462.8,506850,,,
2018-07-19,465,469.9,463.6,466.9,654150,,,
2018-07-20,465.8,465.8,455.4,457,870700,,,
2018-07-23,452,454.5,449.5,449.8,1027125,,,
2018-07-24,449.8,451.4,448.5,449.8,831925,,,
2018-07-25,451.6,458.9,451.3,458.8,881625,,,
2018-07-26,462.3,463.3,460.8,462.9,673575,,,
2018-07-27,466.4,471.1,464.9,468.5,890150,,,
2018-07-30,466.3,469.9,465.9,467.3,545925,,,
2018-07-31,462.9,465.3,458,458.8,1009675,,,
2018-08-01,462.1,470,460.9,469.3,723825,,,
2018-08-02,465.3,468.6,462.3,464.5,941325,,,
2018-08-03,464.1,474.3,463.4,471,1464025,,,
2018-08-06,473,476,465.5,466.1,812950,,,
2018-08-07,465.4,469.3,462.4,469.1,630425,,,
2018-08-08,474.1,474.4,469.4,469.9,793375,,,
2018-08-09,468.4,469.6,465.1,468.4,554375,,,
2018-08-10,469.4,469.5,459.3,460.1,879175,,,
2018-08-13,458,459.8,450.1,450.9,774700,,,
2018-08-14,453.8,455.4,451,453.6,818550,,,
2018-08-15,455,457.5,449.3,450.5,745225,,,
2018-08-16,446.8,450.1,443.8,449.6,788775,,,
2018-08-17,453.8,455.3,452.8,454.4,804025,,,
2018-08-20,454.5,455,450.4,451.6,648650,,,
2018-08-21,450.5,451.4,447.8,448.5,873525,,,
2018-08-22,449,455.5,448.6,455.5,803300,,,
2018-08-23,456.9,457,451.1,452.4,628825,,,
2018-08-24,456.3,458,453.5,454.4,503525,,,
2018-08-27,455,458.5,454,457.8,593525,,,
2018-08-28,460.1,462.4,456.4,456.4,862950,,,
2018-08-29,456.5,459.8,454.8,458,724575,,,
2018-08-30,459.5,459.8,451.4,451.9,1085375,,,
2018-08-31,451.4,453.3,449.4,450.9,866150,,,
2018-09-03,450.1,450.4,445.3,446.8,906525,,,
2018-09-04,446.5,446.6,441.4,442.8,1098825,,,
2018-09-05,442.5,445,441.6,443.4,931100,,,
2018-09-06,444.6,445.9,441.8,442.1,715750,,,
2018-09-07,441.5,443.9,437,441.6,1126725,,,
2018-09-10,439.3,442.6,438.6,440,869300,,,
2018-09-11,440.9,442.4,437.5,439,1107175,,,
2018-09-12,440.8,441.1,435.3,439.3,1022125,,,
2018-09-13,440,448.3,438.8,448.3,1121600,,,
2018-09-14,449.6,453.1,448.6,453.1,1472025,,,
2018-09-18,454.4,465.9,453.9,464,1615375,,,
2018-09-19,470,472,468.9,469.1,1270925,,,
2018-09-20,470.9,471.5,468.3,468.9,1196650,,,
2018-09-21,471.3,482.1,471.3,480.6,2055175,,,
2018-09-25,480.8,487.1,480,486.8,1715100,,,
2018-09-26,477.8,480.9,472.3,476.6,1532700,,,
2018-09-27,470.3,475.9,468.4,469.1,1376775,,,
2018-09-28,472.8,477.3,470.4,473.6,1177450,,,
2018-10-01,475,477.9,471.5,477.1,924375,,,
2018-10-02,481.3,486.3,481.3,482.6,1405475,,,
2018-10-03,479.6,481.5,472.9,476.4,1165125,,,
2018-10-04,480.8,482,478.3,479.4,1152825,,,
2018-10-05,475.6,482.4,475.6,479,1253025,,,
2018-10-09,476.1,478.5,471.4,476.1,1388550,,,
2018-10-10,479.6,481.3,475.4,477.3,1073950,,,
2018-10-11,461.9,464.3,456,457.9,1527125,,,
2018-10-12,457.5,460.1,452.6,455.5,1537250,,,
2018-10-15,454,455.1,448.1,449,1007475,,,
2018-10-16,448.5,449.9,446.5,449.4,1090075,,,
2018-10-17,452.9,453.9,448.6,452,980850,,,
2018-10-18,452,453.3,444.5,444.8,975200,,,
2018-10-19,441,442.5,438.5,441.8,1023650,,,
2018-10-22,439.3,446.6,436.8,446.4,1250875,,,
2018-10-23,442.6,442.8,431.1,431.3,1406050,,,
2018-10-24,436,438.1,427.6,431.3,1198125,,,
2018-10-25,420.3,422.8,417.5,418.5,1557350,,,
2018-10-26,425,426.4,414.6,417.6,1449825,,,
2018-10-29,419,423.6,417.8,419.9,865025,,,
2018-10-30,420,427.5,419.8,425.5,2369800,,,
2018-10-31,429.3,430,425.6,428.4,1089050,,,
2018-11-01,429.6,429.9,421.3,422.8,1406600,,,
2018-11-02,422.8,432.9,421.4,432.5,1496900,,,
2018-11-05,428.8,430.8,426.1,428.1,1075850,,,
2018-11-06,431,441.3,430.4,439.5,886550,,,
2018-11-07,437.9,442.4,431.8,434.1,1055775,,,
2018-11-08,441.8,443.3,439.8,440.9,949575,,,
2018-11-09,440.5,442.1,439,439.8,800750,,,
2018-11-12,439.8,445.9,439.1,445.5,833000,,,
2018-11-13,438,438.3,429.5,434.6,925150,,,
2018-11-14,429.5,435.6,429,433.8,741150,,,
2018-11-15,434,434.3,429.1,432.8,830450,,,
2018-11-16,433.5,437.9,432.8,436.9,1083150,,,
2018-11-19,436.3,436.8,430.4,433.5,733825,,,
2018-11-20,429,437.5,428.1,437.5,797925,,,
2018-11-21,427.5,427.6,419.1,423.6,1390200,,,
2018-11-22,425,425.9,422.3,423.4,659800,,,
2018-11-26,423.4,429.9,422.1,429.9,868900,,,
2018-11-27,427.8,432.9,427.1,431.1,862775,,,
2018-11-28,430.6,431.9,424.6,429.3,671275,,,
2018-11-29,433.6,436,432.5,433.1,511000,,,
2018-11-30,432.8,438.1,432,435.9,1320350,,,
2018-12-03,441.3,446.9,439.9,443.5,987825,,,
2018-12-04,447.5,449,430.9,431.6,1432825,,,
2018-12-05,425.1,427.5,423.1,425.9,1103700,,,
2018-12-06,422.1,422.4,414,416.1,1226550,,,
2018-12-07,418.1,420.6,416.4,419.5,951650,,,
2018-12-10,412.5,416.8,411.3,414.6,954500,,,
2018-12-11,415.1,415.4,407.3,409,1094150,,,
2018-12-12,411,417.9,409.4,416.8,1190950,,,
2018-12-13,421.8,427.1,421,421.9,1019300,,,
2018-12-14,417.5,422.3,416.3,418.3,1328000,,,
2018-12-17,416.3,422.9,415.8,416.4,685525,,,
2018-12-18,411.5,415.1,409.6,409.6,905750,,,
2018-12-19,409.3,409.4,403.1,403.4,1038450,,,
2018-12-20,401.6,403.4,391.3,393.3,1326425,,,
2018-12-21,394,395.4,384.4,386.9,1598325,,,
2018-12-25,372.4,373.6,365,366.3,1200800,,,
2018-12-26,368.5,374.8,366.1,371.9,961525,,,
2018-12-27,386.6,392.4,381.9,390.1,1040575,,,
2018-12-28,385.8,394,384,390.4,800275,,,
2019-01-04,380.4,387,375.1,385.3,1127525,,,
2019-01-07,397.8,399,395,396,873175,,,
2019-01-08,395.1,398.9,390.3,394.5,1045450,,,
2019-01-09,396.5,400.5,394.8,400.5,717275,,,
2019-01-10,399.1,401.5,396.6,400.5,689800,,,
2019-01-11,402.3,403.8,399.5,402.3,779475,,,
2019-01-15,402.1,405.9,399,405,733775,,,
2019-01-16,406.4,406.5,401.8,404.5,667400,,,
2019-01-17,404.5,407.5,403.5,407.5,674275,,,
2019-01-18,409.9,413.3,408.6,411.3,684925,,,
2019-01-21,417.9,424.6,417.4,423.3,818775,,,
2019-01-22,422.3,423.5,417.5,418.3,578300,,,
2019-01-23,413.8,418.4,412.8,415.8,600275,,,
2019-01-24,410,414.3,408.1,412.1,1004950,,,
2019-01-25,412.1,418.3,412.1,418.3,792875,,,
2019-01-28,417.9,418.6,415.3,416.1,607775,,,
2019-01-29,414.9,417.8,412.1,415.4,724625,,,
2019-01-30,417,418,414.5,415.8,737325,,,
2019-01-31,423,423.6,417.6,420.4,788675,,,
2019-02-01,418.3,419.8,414.6,415.3,721025,,,
2019-02-04,418.4,421.9,417.9,421.1,576925,,,
2019-02-05,423.8,427,420.6,424,809900,,,
2019-02-06,426.5,427.3,417.6,417.9,1154300,,,
2019-02-07,413.5,416.3,403.3,405.6,1418250,,,
2019-02-08,398.8,399.3,386.5,388.1,1579750,,,
2019-02-12,388.3,395.1,386.4,393.5,1043725,,,
2019-02-13,398.4,400.8,395.8,400.3,777500,,,
2019-02-14,402.5,406.1,400.6,402,1018775,,,
2019-02-15,399,401.6,397.9,400.6,581450,,,
2019-02-18,407.4,409.3,405.9,406.9,752450,,,
2019-02-19,405.8,408,403.9,407.4,475950,,,
2019-02-20,409.5,414.1,409.3,413.8,839575,,,
2019-02-21,412.9,412.9,409,410.1,965850,,,
2019-02-22,401.5,406.9,398.9,406.3,786825,,,
2019-02-25,408.8,409,405.8,407.8,519225,,,
2019-02-26,407.3,408.6,403.9,405.5,634675,,,
2019-02-27,404,406.3,403.5,404.4,846900,,,
2019-02-28,402.5,403.4,399.9,400.1,1138500,,,
2019-03-01,400.1,401.1,398,400.1,833075,,,
2019-03-04,402.9,403.5,399.4,400.9,648025,,,
2019-03-05,399.1,400.5,398,398.6,1001900,,,
2019-03-06,399,400.8,397.8,398,796400,,,
2019-03-07,396.8,398.1,393.3,393.3,1116025,,,
2019-03-08,392.5,393.4,387.5,387.6,1368925,,,
2019-03-11,387.6,391.8,386.6,390.5,658375,,,
2019-03-12,395.9,399.6,394.9,396.3,1066675,,,
2019-03-13,394.6,396,390.9,392.5,1100125,,,
2019-03-14,394.9,396.6,393.1,394.5,886625,,,
2019-03-15,394.6,398.8,394,396.8,1045500,,,
2019-03-18,399.5,399.5,396.3,397.9,690150,,,
2019-03-19,399.1,399.5,396.9,398.3,756600,,,
2019-03-20,398.5,402,398,401.5,820450,,,
2019-03-22,403.4,404.1,399.3,404.1,1138750,,,
2019-03-25,396,396,390.1,392.8,1543450,,,
2019-03-26,395.4,400.4,392.9,400.4,2130075,,,
2019-03-27,391,391.6,386.6,389.1,1257400,,,
2019-03-28,386.8,387.4,379.5,379.5,1050800,,,
2019-03-29,384.1,384.6,380.8,382.8,861525,,,
2019-04-01,388.3,394.9,387.8,393,1231275,,,
2019-04-02,397.1,400,394.3,394.3,1187650,,,
2019-04-03,393.6,397.4,392.8,396.9,1074000,,,
2019-04-04,396,399.5,394.9,396.6,733925,,,
2019-04-05,396.3,400.9,395.9,400.5,848100,,,
2019-04-08,402,402.8,398.3,398.9,598125,,,
2019-04-09,397.5,400.6,397,400.4,751825,,,
2019-04-10,394.3,396.1,392.8,394.8,572625,,,
2019-04-11,392.8,395.3,391.8,393.4,860500,,,
2019-04-12,395,395.9,392,393.9,673600,,,
2019-04-15,399,401.8,398.1,400,747975,,,
2019-04-16,398.8,399.4,396.3,396.9,906075,,,
2019-04-17,398.6,402.1,397.3,398.9,926550,,,
2019-04-18,400.1,403.4,399.6,400.6,999625,,,
2019-04-19,403.6,404.4,400.4,400.9,645225,,,
2019-04-22,399.9,402.1,398.9,401.6,417475,,,
2019-04-23,401.4,403.5,400.1,402.8,780475,,,
2019-04-24,405,406,396,396.8,843500,,,
2019-04-25,397.8,399.5,395.6,398.4,510650,,,
2019-04-26,396.3,398,393.4,397.4,808025,,,
2019-05-07,397.5,398,384.4,385.4,1499250,,,
2019-05-08,381.5,382.9,377.1,379.1,1125100,,,
2019-05-09,375.6,402.8,370,392,2851375,,,
2019-05-10,387.6,396.4,387,395.1,1692625,,,
2019-05-13,391.9,394.8,389.1,391.8,917475,,,
2019-05-14,386.3,392.5,383.9,392,1095875,,,
2019-05-15,391.9,397.4,389,397,1034950,,,
2019-05-16,395.1,396.4,392.3,396,775325,,,
2019-05-17,399.1,404.3,396.5,402.8,1049350,,,
2019-05-20,404.5,405.9,402.4,403.9,595400,,,
2019-05-21,401.9,404.4,399.8,401.5,629725,,,
2019-05-22,403.9,406.1,402.6,405.3,715225,,,
2019-05-23,401.1,402.4,396.6,398.1,984700,,,
2019-05-24,394.1,396.3,387.8,395,885275,,,
2019-05-27,395.9,397.5,393.8,394.6,437825,,,
2019-05-28,393.6,395.5,392.6,394.5,1745650,,,
2019-05-29,391.6,392,388.1,390.5,867850,,,
2019-05-30,387.5,395.8,387.3,395.4,705750,,,
2019-05-31,392.8,396.6,390.8,392.1,942550,,,
2019-06-03,386.3,390.3,385.9,390.3,758475,,,
2019-06-04,391.9,395.4,390,395.3,833175,,,
2019-06-05,400.9,401.5,398.8,401.3,869075,,,
2019-06-06,402.5,403.5,400.6,400.9,743825,,,
2019-06-07,402.5,403.5,401.3,402.8,667275,,,
2019-06-10,403.5,405.4,400.9,403.8,1066950,,,
2019-06-11,403.8,408.3,402.5,405.5,849975,,,
2019-06-12,407.5,411.5,405,405.6,1169900,,,
2019-06-13,402.8,403.6,398.3,401.1,1127050,,,
2019-06-14,402,403.5,399,401.5,868150,,,
2019-06-17,399.8,402.3,399.6,400.4,825525,,,
2019-06-18,401.4,403.6,398.4,399.8,871925,,,
2019-06-19,403.9,410.6,403.8,409,1039075,,,
2019-06-20,405.9,406.8,401.1,404.9,1200450,,,
2019-06-21,405.5,407.3,401,402.4,2235700,,,
2019-06-24,402.5,405,401.3,403.3,663700,,,
2019-06-25,403.3,405.1,401.9,402.9,965675,,,
2019-06-26,403.6,404,401.3,403.9,904375,,,
2019-06-27,405.4,407.8,404.5,407.8,885050,,,
2019-06-28,406.4,408.9,406.1,408.1,986125,,,
2019-07-01,412.5,415.3,411.6,415,1076125,,,
2019-07-02,416.3,421,413.8,419.6,1047500,,,
2019-07-03,417.4,417.8,411.9,413.1,863525,,,
2019-07-04,416,416.6,412.4,413.1,624600,,,
2019-07-05,412.8,413.1,410.6,411.6,650400,,,
2019-07-08,411.1,411.6,409.3,409.6,678800,,,
2019-07-09,412.1,413.6,409.3,410.8,667025,,,
2019-07-10,409.5,411.1,409,409.6,710850,,,
2019-07-11,410.5,413.1,409.6,411.6,717800,,,
2019-07-12,414.4,414.8,412.5,413.9,645825,,,
2019-07-16,413.9,415.4,412.3,414.4,763200,,,
2019-07-17,415.1,417.9,413.8,414.5,726450,,,
2019-07-18,410,410.6,403.1,403.9,1209875,,,
2019-07-19,404.6,409.9,404.3,409.9,985850,,,
2019-07-22,411.1,413,408,408.9,667250,,,
2019-07-23,409.8,412.4,407.3,411.3,524475,,,
2019-07-24,412.3,413.3,408.5,409,741175,,,
2019-07-25,409.1,409.6,407.1,407.1,657375,,,
2019-07-26,404.5,406.8,403.5,404.8,664375,,,
2019-07-29,404.8,405.3,402.5,405.1,572125,,,
2019-07-30,406.4,408.4,404.3,406.6,645375,,,
2019-07-31,404.1,407.9,403.5,405.9,731850,,,
2019-08-01,401.6,407.8,401.3,404.8,814675,,,
2019-08-02,400.3,400.4,392.3,393,1917325,,,
2019-08-05,387.9,387.9,379.5,381.5,1699875,,,
2019-08-06,371.5,385.3,369.5,384.8,1497800,,,
2019-08-07,384.8,385.1,382.9,384.3,953375,,,
2019-08-08,382.6,383.8,380.8,382.8,835450,,,
2019-08-09,387.8,387.8,381.6,385.4,1049950,,,
2019-08-13,381.1,381.5,376.4,378.4,1218175,,,
2019-08-14,383.3,386.8,382.3,386.6,928625,,,
2019-08-15,376.6,383.8,376,383.4,1097750,,,
2019-08-16,380.8,383.5,378.4,383,841050,,,
2019-08-19,386.5,389.4,383.8,388,794100,,,
2019-08-20,388,388.1,385.5,387.8,699700,,,
2019-08-21,385,390.3,384.8,390.1,685550,,,
2019-08-22,391.8,392.6,389.3,392.3,902200,,,
2019-08-23,389.1,393.3,388.8,391.3,770725,,,
2019-08-26,382,387.8,381.3,385.9,984875,,,
2019-08-27,388.9,389.5,386.8,388.8,1328425,,,
2019-08-28,391,392,389.1,390,711675,,,
2019-08-29,390.4,391.1,388,389.1,746350,,,
2019-08-30,391.8,399.6,391.4,398.1,1232725,,,
2019-09-02,396,399.6,395.4,398.1,565675,,,
2019-09-03,398.8,405.1,398.4,404.4,792775,,,
2019-09-04,402.6,404.1,400.9,402.1,804325,,,
2019-09-05,404.1,409,402.9,406.3,1497800,,,
2019-09-06,409.3,414.8,408.6,413.9,1379450,,,
2019-09-09,413.9,419.5,412.9,418.6,1136650,,,
2019-09-10,420.1,428,419.9,427.8,1496400,,,
2019-09-11,430.9,438.9,430.5,438.9,1604300,,,
2019-09-12,439.5,440.5,436.9,437.3,1440575,,,
2019-09-13,436.8,441,433.8,439.8,1759650,,,
2019-09-17,439.8,448.1,439.5,444.4,1203150,,,
2019-09-18,444.6,446.3,441,443.3,1061975,,,
2019-09-19,442.6,446.4,438.3,438.9,1448025,,,
2019-09-20,443.3,446,442.5,445.4,1233750,,,
2019-09-24,446.3,450.3,445.8,447.1,1309825,,,
2019-09-25,441.3,446.3,439.4,443.8,1090525,,,
2019-09-26,445.6,448.6,442.6,443.4,1638900,,,
2019-09-27,428.4,432.6,420.8,423,1866975,,,
2019-09-30,420.4,423.6,418.5,422,1257000,,,
2019-10-01,423.8,428,422.5,427.1,850100,,,
2019-10-02,421.3,424.3,419.4,424.3,814900,,,
2019-10-03,415.1,418.9,413.5,418.5,861375,,,
2019-10-04,415.9,416.9,413.8,416.1,853450,,,
2019-10-07,418.8,420.8,415.1,416.4,507100,,,
2019-10-08,418.5,421.5,416.1,416.8,722350,,,
2019-10-09,413.5,415.9,411.9,412.8,715825,,,
2019-10-10,410.5,414.6,409.5,414,747625,,,
2019-10-11,418.8,420.9,416.6,420.4,698475,,,
2019-10-15,424.9,426.5,422.3,424.1,930625,,,
2019-10-16,428.5,430.1,425.1,426,834225,,,
2019-10-17,425,426.6,423,425.1,517550,,,
2019-10-18,425.4,426.3,422.6,423.9,738275,,,
2019-10-21,423.1,428.1,422.9,427.6,654400,,,
2019-10-23,428.9,431.1,426.9,430.8,626900,,,
2019-10-24,435,437.1,430.5,430.6,726000,,,
2019-10-25,431,432,429.5,431.4,618800,,,
2019-10-28,433.5,434.6,431.8,432.4,539825,,,
2019-10-29,434.5,438.4,434,438.3,912625,,,
2019-10-30,439.3,439.3,433.6,437.9,2141500,,,
2019-10-31,436,441.9,435.5,440.8,920025,,,
2019-11-01,437,438.6,410.3,415.9,2142925,,,
2019-11-05,407.4,412.9,404.4,406.5,3305900,,,
2019-11-06,412.1,415.6,411.6,414,1629125,,,
2019-11-07,410.9,413,409.9,412.9,1116075,,,
2019-11-08,417.5,420.5,416.1,418,1321375,,,
2019-11-11,418.8,420.1,417.5,419.9,758350,,,
2019-11-12,418.8,422,417.1,421.5,889175,,,
2019-11-13,420.9,420.9,416.4,416.8,909450,,,
2019-11-14,415,417.1,411.9,412.5,965500,,,
2019-11-15,416,420.5,415.3,420.3,1060825,,,
2019-11-18,420,420.9,417.5,418.9,633050,,,
2019-11-19,417.9,419.8,416.4,417.9,668400,,,
2019-11-20,411.9,414.1,409,409.4,1685575,,,
2019-11-21,408.4,411.9,405.6,410.1,1132850,,,
2019-11-22,411.1,413.6,410.1,411.3,757275,,,
2019-11-25,412.5,415.4,411.6,412.5,862475,,,
2019-11-26,414.3,417,412,414,1160725,,,
2019-11-27,414.3,415.8,413.5,414.6,745325,,,
2019-11-28,413.5,414.6,412.3,413.6,554175,,,
2019-11-29,414.3,414.6,411.6,412.3,731350,,,
2019-12-02,412.5,415.4,412.5,414.1,1022875,,,
2019-12-03,410.8,411.3,408.6,409.3,975150,,,
2019-12-04,408.6,410.4,406.8,410.1,880500,,,
2019-12-05,413.5,414.9,410.8,413,1388325,,,
2019-12-06,414.8,416,412,412.5,720175,,,
2019-12-09,415.1,415.9,411.9,413.5,833050,,,
2019-12-10,415,416.6,414.4,416.3,885175,,,
2019-12-11,415.4,416.1,412.3,413,946700,,,
2019-12-12,410,410.4,406.6,408.9,1045275,,,
2019-12-13,415,418.3,413.5,417.8,1579175,,,
2019-12-16,415.5,418.3,415.5,417.1,627300,,,
2019-12-17,419.9,423,419.4,422.6,961875,,,
2019-12-18,422.6,422.6,417.5,417.5,977975,,,
2019-12-19,414.8,415.4,413,413.8,916650,,,
2019-12-20,413.8,414.5,411.5,412.4,1047875,,,
2019-12-23,412.3,412.4,408.4,408.6,894150,,,
2019-12-24,407.8,409,406.9,407.3,761050,,,
2019-12-25,408.9,410,407.3,407.5,462275,,,
2019-12-26,406.9,409.9,406.8,409.9,738325,,,
2019-12-27,410.1,410.9,409.3,410.3,654225,,,
2019-12-30,408.8,408.8,404.8,406,898100,,,
2020-01-06,403.3,404.1,400.3,403.1,1161250,,,
2020-01-07,402.8,406.9,402,406.3,941400,,,
2020-01-08,401.5,402.4,399.3,400,1493600,,,
2020-01-09,403.9,405,401.9,403.4,930050,,,
2020-01-10,404.9,405.1,401.9,403.5,1083925,,,
2020-01-14,401.5,405.9,401.5,405.9,1186375,,,
2020-01-15,405.3,406.8,403.3,404.6,742325,,,
2020-01-16,405.5,407.1,403.3,406.9,802400,,,
2020-01-17,407.4,410.4,407.3,410,870850,,,
2020-01-20,412.1,415,411.3,415,691125,,,
2020-01-21,418.3,418.6,414.5,415.4,929825,,,
2020-01-22,413.6,417.1,413.6,417,782900,,,
2020-01-23,416.1,418.8,413.3,413.8,972575,,,
2020-01-24,415.8,417.3,414.6,416.1,603375,,,
2020-01-27,410.9,414.1,410.1,411.5,838400,,,
2020-01-28,408,410.9,404.6,409.8,1214275,,,
2020-01-29,410.8,413,409,413,677350,,,
2020-01-30,410.1,410.5,404.8,405.6,1013025,,,
2020-01-31,406.1,413.9,406.1,409.5,1195950,,,
2020-02-03,402.9,411,402.5,409.6,1127475,,,
2020-02-04,409.3,413.3,408.4,412.9,872975,,,
2020-02-05,417,417.4,414,416.6,1083775,,,
2020-02-06,422.3,424.3,419.3,422.3,1694625,,,
2020-02-07,422.3,427.4,417.4,425.1,1600400,,,
2020-02-10,421.5,425.4,420,423.8,960725,,,
2020-02-12,425.3,427.3,421.3,421.9,1076400,,,
2020-02-13,423.6,425.4,421.3,423.3,864950,,,
2020-02-14,420,421.5,417.5,421.3,989825,,,
2020-02-17,418.8,420,415.6,419.3,891225,,,
2020-02-18,416.5,417.9,411.6,412,957100,,,
2020-02-19,412.3,413.8,410.8,411.4,731025,,,
2020-02-20,412.6,416,411.8,412.4,773700,,,
2020-02-21,412.8,415.5,411.3,412,647200,,,
2020-02-25,394.6,403.1,393.5,400.4,1684700,,,
2020-02-26,396.6,400.8,394.4,399.9,1375950,,,
2020-02-27,396.3,397.6,392.3,394.1,1494025,,,
2020-02-28,385.3,387.3,381.6,386.1,2257400,,,
2020-03-02,377.8,384,373.3,381,1641125,,,
2020-03-03,385.1,386.5,375.1,375.3,1307775,,,
2020-03-04,373.1,374,370.4,370.6,1283150,,,
2020-03-05,374.6,375.8,371.8,374.4,1034650,,,
2020-03-06,369.5,370.5,363.8,364.8,1386600,,,
2020-03-09,352.9,355.4,342.5,345.6,1750025,,,
2020-03-10,333.5,341.4,323,339.1,2410075,,,
2020-03-11,338.4,349,337.8,340.1,1776100,,,
2020-03-12,335,337.1,323.3,327.6,2054450,,,
2020-03-13,299.1,316.9,297,303.8,3866225,,,
2020-03-16,302,304.5,291.5,292.6,2838150,,,
2020-03-17,287.3,300.3,284.3,293.8,2575875,,,
2020-03-18,294.9,304.5,291.3,293.8,2325725,,,
2020-03-19,298.3,302,291.1,294.1,2519225,,,
2020-03-23,293.9,300.3,288.9,299.6,2163750,,,
2020-03-24,305.1,311.1,302.1,310.6,2027325,,,
2020-03-25,327.5,337.1,326,336.8,1958350,,,
2020-03-26,325.5,328.1,316.5,323.4,1976325,,,
2020-03-27,334.5,334.6,323.3,333.4,2336050,,,
2020-03-30,313.5,321.6,309.3,321.4,1815450,,,
2020-03-31,317.1,318.1,307.5,309.8,1377975,,,
2020-04-01,303.8,307,290.6,294.4,1582075,,,
2020-04-02,291.3,294.1,287.5,290.3,1133625,,,
2020-04-03,289,291.8,284.3,285.9,1190700,,,
2020-04-06,282.5,295.1,278.6,292.9,1425375,,,
2020-04-07,300,300.4,290,297.6,1284525,,,
2020-04-08,297.8,301,289.8,300.9,1388000,,,
2020-04-09,306,306.1,298.9,302.8,1057625,,,
2020-04-10,303.3,306.5,295.3,306.5,1037850,,,
2020-04-13,302.9,303.8,297.1,297.4,558925,,,
2020-04-14,298.4,301.8,296.4,300.4,881875,,,
2020-04-15,298,300.1,294.5,299,970800,,,
2020-04-16,295.3,296,291.5,293.8,980375,,,
2020-04-17,295.6,299.6,293.4,297.6,836950,,,
2020-04-20,295.8,297.3,293.5,294.4,776300,,,
2020-04-21,290.8,292.1,287.9,291.1,912200,,,
2020-04-22,287.5,290,284.3,287.8,884825,,,
2020-04-23,289.1,298.3,289.1,297.9,791325,,,
2020-04-24,295.3,298.1,294,297.5,1097925,,,
2020-04-27,300.1,306,298.5,305.4,783500,,,
2020-04-28,306,306.8,301.6,304,703425,,,
2020-04-30,312.4,314.4,306.8,307.1,1559600,,,
2020-05-01,304,305.3,297.5,298.9,1047975,,,
2020-05-07,293.8,299.9,292.5,298.4,1022525,,,
2020-05-08,303.6,325.5,298.8,323,2389250,,,
2020-05-11,322.8,334.4,320,331.6,1355475,,,
2020-05-12,328.8,328.9,321.5,323.5,935975,,,
2020-05-13,320,321.6,317,317.5,1003600,,,
2020-05-14,314.1,315.4,307,307.1,905350,,,
2020-05-15,314.5,315.9,307.3,307.6,722775,,,
2020-05-18,309.8,311.6,307.4,309.9,884825,,,
2020-05-19,319.8,319.8,314,314.3,840450,,,
2020-05-20,311,313.8,309.8,312,806350,,,
2020-05-21,312.1,312.9,308.4,308.4,780775,,,
2020-05-22,309.6,310.3,300.5,300.8,750525,,,
2020-05-25,304.9,305.5,302.6,303.4,678350,,,
2020-05-26,307,311.1,305.8,310.4,902125,,,
2020-05-27,316.3,318.9,311.9,318.6,1220400,,,
2020-05-28,324,328,320.5,324.8,1332000,,,
2020-05-29,323.5,324.5,319.4,324.5,1790675,,,
2020-06-01,318.1,320.8,315.9,319.8,862625,,,
2020-06-02,322.5,328.3,321.6,327,788425,,,
2020-06-03,334,334.5,328.4,330.3,869400,,,
2020-06-04,334.1,335.1,324.5,327.4,1006275,,,
2020-06-05,331.3,334,328.1,333.6,871625,,,
2020-06-08,339.9,340.4,336.6,340.3,880875,,,
2020-06-09,341.3,341.8,333.8,337,966450,,,
2020-06-10,332,335.9,330.5,333.3,808550,,,
2020-06-11,325.1,327.9,322.1,322.4,1104250,,,
2020-06-12,316.6,320.6,311.9,320.1,1275000,,,
2020-06-15,317.4,318.6,309.5,309.5,775900,,,
2020-06-16,317.6,325.5,315.3,324.4,960250,,,
2020-06-17,321.8,322.4,316.8,319,660350,,,
2020-06-18,317.5,318.3,313.8,316.9,631550,,,
2020-06-19,320,320.5,315,317.4,1599025,,,
2020-06-22,316,319,315.3,316.3,625750,,,
2020-06-23,317.5,322.3,315.9,318,738100,,,
2020-06-24,317.5,318.9,315.6,317,927950,,,
2020-06-25,313.8,314.6,308.4,308.9,970175,,,
2020-06-26,311.9,314.5,310.9,312.6,751300,,,
2020-06-29,308.3,309.4,304.6,304.6,881125,,,
2020-06-30,311.3,313.4,308.3,308.6,825025,,,
2020-07-01,311.3,311.8,306.9,308.4,1007400,,,
2020-07-02,306,313.4,306,311.5,874100,,,
2020-07-03,314.4,314.4,306.9,309.3,489175,,,
2020-07-06,310.6,314.3,309.8,312.4,603525,,,
2020-07-07,313.4,313.5,309.3,310.9,696850,,,
2020-07-08,309.1,312.1,308.3,308.4,794300,,,
2020-07-09,309.4,310.3,306.1,307,741150,,,
2020-07-10,304.9,305.8,301.3,301.3,1001975,,,
2020-07-13,307.4,313.6,306,313,939225,,,
2020-07-14,311.9,315.4,309.9,313.6,772575,,,
2020-07-15,320.1,328,319.8,324.5,1189025,,,
2020-07-16,328.5,330.6,325,327,1153600,,,
2020-07-17,323.5,325,320.3,321.6,625950,,,
2020-07-20,324.1,324.3,319.3,323.3,579275,,,
2020-07-21,321.4,321.6,314,315.9,905750,,,
2020-07-22,316.1,319.3,315.3,315.5,655575,,,
2020-07-27,313,313.4,309.6,313.1,766150,,,
2020-07-28,312.9,313.9,309.4,309.6,641975,,,
2020-07-29,306,307.8,304.9,306.8,624925,,,
2020-07-30,306.8,306.9,302,302.6,584950,,,
2020-07-31,300.9,300.9,292.3,292.5,1052750,,,
2020-08-03,296.1,299.5,295.9,298.1,571100,,,
2020-08-04,305.4,315.3,305,314.4,1029475,,,
2020-08-05,312.5,317.6,309.8,317.6,634725,,,
2020-08-06,316.1,320.9,313.9,319.6,586025,,,
2020-08-07,318.8,324,309.5,314.6,1302650,,,
2020-08-11,310,317.4,309.9,317,1212575,,,
2020-08-12,317.6,325,317.3,324.3,1081125,,,
2020-08-13,327,327,322.5,323,994225,,,
2020-08-14,323,323.3,317.8,320,617675,,,
2020-08-17,319.1,319.5,314.6,314.6,528875,,,
2020-08-18,313.9,316,311,314.4,551300,,,
2020-08-19,312.6,315.1,311.9,314.3,466750,,,
2020-08-20,313,314.4,311.6,311.8,536275,,,
2020-08-21,314,318.4,313.8,316.3,734675,,,
2020-08-24,315,316.4,314.5,315,566575,,,
2020-08-25,319.9,322.5,319.1,321.4,1079400,,,
2020-08-26,318.5,321.3,317.8,319.4,652725,,,
2020-08-27,316,316.3,313.5,314.3,813350,,,
2020-08-28,317.3,319.8,312.4,315,1083100,,,
2020-08-31,333.8,352.1,331.4,343.6,4053075,,,
2020-09-01,354.5,360.6,346.3,350,1943875,,,
2020-09-02,357.3,357.5,348,348.5,1159525,,,
2020-09-03,351.3,352.3,345.3,348.3,860525,,,
2020-09-04,343.8,347.6,341.5,345.6,972625,,,
2020-09-07,347.9,348.6,343.4,345,649075,,,
2020-09-08,348,348.3,340.9,343,1160075,,,
2020-09-09,337.8,337.8,333.3,334.8,1526525,,,
2020-09-10,335.3,336.1,331.3,334.8,1373400,,,
2020-09-11,329.8,335.8,329,335.6,1388700,,,
2020-09-14,335.5,337,332.3,336.4,798925,,,
2020-09-15,335.4,335.8,333,333.4,845575,,,
2020-09-16,332.5,332.5,329.5,329.5,789225,,,
2020-09-17,328.3,330.8,326.1,329.9,1058575,,,
2020-09-18,329.8,331.5,327.5,328,1515000,,,
2020-09-23,326.8,329.6,324.3,328.8,975625,,,
2020-09-24,327.5,327.9,324.6,325.6,971400,,,
2020-09-25,326.1,327.1,322,327,1334150,,,
2020-09-28,330,333,327.3,333,1659850,,,
2020-09-29,325.1,327.4,322.6,323.8,1071625,,,
2020-09-30,321.6,321.8,314.6,314.6,1094750,,,
2020-10-01,#VALUE!,#VALUE!,#VALUE!,#VALUE!,0,,,
2020-10-02,317.4,319.1,311.3,312.3,1185775,,,
2020-10-05,317.3,321.6,316.8,319.3,812675,,,
2020-10-06,321.4,323.4,320.6,323.4,689750,,,
2020-10-07,319.8,321.4,317.9,320,632400,,,
2020-10-08,321.3,321.5,318.4,318.5,896350,,,
2020-10-09,318.5,318.9,312.8,315.3,902325,,,
2020-10-12,317.1,317.1,311.9,312.8,733425,,,
2020-10-13,314.5,314.8,310.6,312.4,677700,,,
2020-10-14,308.8,310.8,306.5,309,640075,,,
2020-10-15,308.6,312,307.3,311.1,668575,,,
2020-10-16,307.4,308.9,305.5,305.9,797275,,,
2020-10-19,306.8,309.5,306.6,308.4,555925,,,
2020-10-20,308.6,309.3,302.5,302.9,735550,,,
2020-10-21,303.3,306.8,301.8,305.1,563725,,,
2020-10-22,302.3,304.1,300.9,302.5,643875,,,
2020-10-23,304.8,308,303.5,307.3,562475,,,
2020-10-26,307.1,308.8,306,308.8,631300,,,
2020-10-27,308.1,308.1,302.5,303.1,666425,,,
2020-10-28,300.1,300.1,295,295.8,919425,,,
2020-10-29,291.8,295.5,290.6,293.3,710075,,,
2020-10-30,293.4,294.3,285,286.1,1266250,,,
2020-11-02,290.3,297,290.1,295.4,726825,,,
2020-11-04,300.4,301.3,296.9,297.3,915300,,,
2020-11-05,297.5,297.9,291.1,295.6,891275,,,
2020-11-06,297.5,306.3,295.6,304.3,1389975,,,
2020-11-09,308,313.9,306.8,312.5,1133850,,,
2020-11-10,322,326,317.4,321.6,1523975,,,
2020-11-11,328.8,331.5,326.6,330.4,1448925,,,
2020-11-12,324.9,326.4,319.6,322,919175,,,
2020-11-13,320.4,322.8,315.4,316.6,864175,,,
2020-11-16,322,328.1,321.8,327.3,991025,,,
2020-11-17,332.1,334.1,328.5,330.1,922650,,,
2020-11-18,330,331.5,327.3,329.8,636700,,,
2020-11-19,329.9,333,328,332.1,962625,,,
2020-11-20,328,332.1,325.3,331.3,699750,,,
2020-11-24,337.5,340.9,335.6,337.8,1167775,,,
2020-11-25,337.8,338.6,331.9,333.1,1143325,,,
2020-11-26,332.1,333.5,329,332.5,710250,,,
2020-11-27,332.9,334.4,330.4,332.8,939500,,,
2020-11-30,332.6,332.8,315,321.6,2114350,,,
2020-12-01,323.1,326.4,321.5,325.9,778875,,,
2020-12-02,331,335.9,329.5,335,963650,,,
2020-12-03,334.8,335.8,331.1,332,732200,,,
2020-12-04,330,333.1,329.5,331.6,550225,,,
2020-12-07,335.9,338.3,334.4,335.9,689375,,,
2020-12-08,332.5,334.8,331.4,332.9,594475,,,
2020-12-09,331.3,334.3,330.6,333.5,608075,,,
2020-12-10,335.6,336.8,332.5,333.3,710500,,,
2020-12-11,332.5,335.9,329.8,333.1,701525,,,
2020-12-14,331.5,338,331.1,335,582700,,,
2020-12-15,332.8,334.3,331.3,333.1,526925,,,
2020-12-16,336,338.4,335,335.9,789525,,,
2020-12-17,334.5,336,333.4,335.3,664050,,,
2020-12-18,336.8,337.3,333.6,335.8,1160950,,,
2020-12-21,337.3,337.8,333.3,335,646725,,,
2020-12-22,337,337.8,334.1,335.6,855400,,,
2020-12-23,335.8,336,330.3,331.6,555050,,,
2020-12-24,334.5,337.3,333.5,334.5,514125,,,
2020-12-25,335.8,337.6,335.1,337.6,306675,,,
2020-12-28,337.4,338.6,334.9,336.5,484300,,,
2020-12-29,338.8,342.5,337,342.5,757600,,,
2020-12-30,341.6,344.4,338,341.4,620375,,,
2021-01-04,342.3,343,334.4,335.9,669750,,,
2021-01-05,334.8,335.5,332.6,333.3,583300,,,
2021-01-06,334,338,333.9,337.3,728100,,,
2021-01-07,344.3,355.9,344.3,353.4,1677500,,,
2021-01-08,352.5,357,350.3,356.9,1152700,,,
2021-01-12,355.8,355.9,350.8,353.8,730150,,,
2021-01-13,353.8,359,351.8,358.8,734925,,,
2021-01-14,358.4,363.8,357,359.4,991150,,,
2021-01-15,359.6,360.5,357,358.5,647425,,,
2021-01-18,353.8,356.3,351.4,352.6,392425,,,
2021-01-19,353.4,355.1,350.1,350.5,567200,,,
2021-01-20,351.8,352.3,349.3,351,692475,,,
2021-01-21,354.4,357.9,354,355.3,659875,,,
2021-01-22,353.1,355,352.4,354.3,545450,,,
2021-01-25,356.3,360.9,355,359.8,604125,,,
2021-01-26,362.1,362.8,355.3,357,890400,,,
2021-01-27,359.8,362.4,356.8,358.4,775325,,,
2021-01-28,349,355.9,347.5,353.5,1302800,,,
2021-01-29,353.5,354.9,346.5,346.8,1064375,,,
2021-02-01,345,353.6,343.9,352.8,942125,,,
2021-02-02,354.3,358.3,352.9,358.3,757125,4324110300,0,0
2021-02-03,360.5,364.3,357.8,363.5,984500,5703852950,0,0
2021-02-04,362.1,365.9,354.5,356.4,1404875,8076915150,0,0
2021-02-05,362.3,365.5,355.3,358.5,1222575,7011526600,0,0
2021-02-08,360.5,372.4,360.5,372.4,1620075,9548863050,0,0
2021-02-09,375.6,377.4,365.9,368.4,1255275,7443315700,0,0
2021-02-10,368.1,376,367.1,374.4,803225,4793110000,0,0
2021-02-12,374.8,374.8,369.8,372.4,637600,3798375650,0,0
2021-02-15,375,377.1,372.1,375.3,660925,3965804800,0,0
2021-02-16,379.9,385.4,378.3,383.1,1220050,7473739800,0,0
2021-02-17,385.5,390,383.3,388.5,1028600,6380830200,0,0
2021-02-18,391.8,393.4,380.5,382.3,921000,5667599300,0,0
2021-02-19,380,382.3,376.5,381.9,681850,4150695450,0,0
2021-02-22,388.4,393.6,387.8,391.4,721400,4516936800,0,0
2021-02-24,391.6,392.9,386.8,387.9,1246225,7762223850,0,0
2021-02-25,393,399.3,392,398.5,970950,6157592700,0,0
2021-02-26,395,395,384.3,385.1,1365825,8479302900,0,0
2021-03-01,387.3,393.6,386.9,393.6,997500,6252330000,0,0
2021-03-02,395.6,395.9,386.9,388.3,1058475,6603550300,0,0
2021-03-03,390.4,396.8,388.3,396.8,1052275,6640916050,0,0
2021-03-04,393.6,397.4,387.5,390.1,1102300,6909460600,0,0
2021-03-05,387.1,388.3,380.1,388.3,1370575,8433586000,0,0
2021-03-08,392.3,397.3,390.3,392.6,1275400,8022839300,0,0
2021-03-09,397.5,401,394.6,399.1,1345950,8573128700,0,0
2021-03-10,396.3,403,395.4,401.1,1022725,6545456700,0,0
2021-03-11,403,408.5,401,403.1,1481975,9582671650,0,0
2021-03-12,401.3,405.3,399.3,404.4,1739175,11199368250,0,0
2021-03-15,403.5,407.8,403,405.3,1129550,7324793600,0,0
2021-03-16,405.3,407.3,401.9,404.3,1392450,9006369450,0,0
2021-03-17,401.4,405,400.3,404.4,981100,6330266100,0,0
2021-03-18,404.9,405.9,402.8,405.4,1157800,7496440800,0,0
2021-03-19,400,406.3,397,402.5,2449950,15771339750,0,0
2021-03-22,401.1,409.8,400.8,408.4,1564200,10183290450,0,0
2021-03-23,410,411.6,405.3,405.3,919525,5995355450,0,0
2021-03-24,402.3,402.5,394.5,396.5,1182825,7530185150,0,0
2021-03-25,401.8,406,399.4,402.4,1104050,7116517200,0,0
2021-03-26,405.9,407.9,403.6,405.5,1151175,7471834450,0,0
2021-03-29,411,412.9,407.3,412,2142500,14078959850,0,0
2021-03-30,402.5,404.9,396.5,399.4,1411100,9016473600,0,0
2021-03-31,397.9,398.9,393.8,394.3,1178325,7455382950,0,0
2021-04-01,394.8,396.3,387.9,388.5,893100,5576692700,0,0
2021-04-02,391.6,393,381.3,384.1,782725,4825318400,0,0
2021-04-05,384.6,395.1,383.4,395,919925,5772672050,0,0
2021-04-06,396,396,390.5,393.4,823650,5188123250,0,0
2021-04-07,393.8,396.5,389.6,395,792900,4993632750,0,0
2021-04-08,391.3,393,387,388.5,749750,4665803100,0,0
2021-04-09,390.1,392.5,385.5,386.1,880450,5470392250,0,0
2021-04-12,386.9,389.8,385.8,386.6,808950,5012673200,0,0
2021-04-13,388.1,391.8,387.5,388.3,643475,4008923750,0,0
2021-04-14,386.1,386.8,382.6,383.4,690425,4242484000,0,0
2021-04-15,386.5,390.6,386.3,388.3,691575,4295809500,0,0
2021-04-16,388,388.9,384.3,387.5,525525,3252622750,0,0
2021-04-19,390,390.4,384.5,385.9,541275,3347807950,0,0
2021-04-20,381.4,381.4,377.6,379.6,812725,4933665300,0,0
2021-04-21,371.4,373.6,369.1,372.4,866300,5153452350,0,0
2021-04-22,375.8,376.5,372,375,556750,3334817900,0,0
2021-04-23,372.4,374.4,371.6,374.1,571625,3413444200,0,0
2021-04-26,374.8,375.9,372.3,374.5,606100,3628912400,0,0
2021-04-27,373.8,375,371.5,371.6,706275,4212466100,0,0
2021-04-28,373.5,374.1,371.9,373,564625,3370197050,0,0
2021-04-30,374.6,375,371.5,372,853725,5090587900,0,0
2021-05-06,384.5,388.8,381.3,383.6,1607125,9890130600,0,0
2021-05-07,387.1,394.5,383.6,390.1,1957000,12199901950,0,0
2021-05-10,386.3,391,385.9,390,1239975,7712282900,0,0
2021-05-11,389.4,394.5,386.6,389,1057700,6582822750,0,0
2021-05-12,385.8,385.9,371.1,375.8,1414050,8513482450,0,0
2021-05-13,374.9,379,370.4,370.9,831400,4976385450,0,0
2021-05-14,374.4,377.9,372.8,374.9,754000,4525688950,0,0
2021-05-17,376.8,378.3,373.3,376.8,662925,3989814200,0,0
2021-05-18,377.9,381.3,377.3,379.6,658950,4002811750,0,0
2021-05-19,376.8,379.1,375,377.9,886150,5350256950,0,0
2021-05-20,377.8,379.4,374.9,377.6,735825,4442673250,0,0
2021-05-21,377.5,378.5,375.5,376.6,596300,3595154000,0,0
2021-05-24,378.9,385.6,378.9,382.6,699100,4283788650,0,0
2021-05-25,384.4,384.8,380.5,383.5,556050,3405620200,0,0
2021-05-26,381.3,383.5,380.5,383,640600,3918605150,0,0
2021-05-27,382.6,383.6,377.8,378.6,1821625,11045720650,0,0
2021-05-28,384.1,390.8,382.9,390.5,1038000,6450961350,0,0
2021-05-31,386.3,387.3,382,382,642225,3940697950,0,0
2021-06-01,385.4,386.3,380.5,383.9,510000,3127321750,0,0
2021-06-02,385.8,392.8,383.6,392.5,852000,5322359600,0,0
2021-06-03,390.6,394.9,389.6,391.1,670125,4201377550,0,0
2021-06-04,391.3,393.1,388.1,392.5,546200,3419867850,0,0
2021-06-07,392.5,393.1,387.3,389.3,681525,4243332450,0,0
2021-06-08,382.9,386.9,381.6,382.9,837725,5148705000,0,0
2021-06-09,385.1,386.1,381.5,382.1,574475,3516974650,0,0
2021-06-10,380.5,383.6,378,381.9,744700,4544946200,0,0
2021-06-11,381.8,382.5,379.3,381.6,761675,4649533250,0,0
2021-06-14,383.1,384.6,380.9,382.1,346825,2120294350,0,0
2021-06-15,381,385.4,380.5,383.5,692375,4247028600,0,0
2021-06-16,385,388.1,384.1,385.5,667150,4120125600,0,0
2021-06-17,385.6,387.8,382.9,383.6,517550,3183830200,0,0
2021-06-18,379.3,379.3,368.8,369.8,1906800,11356826150,0,0
2021-06-21,362.5,363.3,358.5,360.1,1183750,6828279400,0,0
2021-06-22,372.5,376.9,370.6,375.9,987700,5919437200,0,0
2021-06-23,377.3,379.5,376.3,377.9,652400,3945288350,0,0
2021-06-24,376.3,380.8,375.9,379.1,602950,3657372550,0,0
2021-06-25,382.5,383.9,380.4,383.1,645425,3951910850,0,0
2021-06-28,383.6,383.9,380.4,381.6,461650,2820534500,0,0
2021-06-29,377.5,378.9,374,374.8,785300,4714039500,0,0
2021-06-30,375,376.3,372,372,787700,4705129500,0,0
2021-07-01,373.9,374,368.3,369.5,731950,4333987350,0,0
2021-07-02,373.1,375.6,372.1,375.6,540025,3235015650,0,0
2021-07-05,372.6,374.5,371.1,373.9,378800,2261281700,0,0
2021-07-06,375,378.3,373.3,377.6,386175,2328479500,0,0
2021-07-07,367.8,371.9,367.4,368.6,830950,4905293700,0,0
2021-07-08,368.9,371.1,367.4,367.4,899200,5302185400,0,0
2021-07-09,362.1,368.4,359.8,367.3,1254850,7305405850,0,0
2021-07-12,377.3,377.3,373,373.9,792775,4753933200,0,0
2021-07-13,375.1,376.9,374,376.8,571275,3435610700,0,0
2021-07-14,375,376.9,373.6,373.6,554425,3324479450,0,0
2021-07-15,370.8,371.8,368.9,369.1,561750,3324174500,0,0
2021-07-16,369.1,374.3,368.6,370,563800,3349209650,0,0
2021-07-19,366.6,369.5,365.8,368.8,676500,3982678000,0,0
2021-07-20,363.8,365,361.4,362.5,903800,5249184100,0,0
2021-07-21,370,372.5,364.6,365,634575,3735467550,0,0
2021-07-26,372.3,372.5,368.9,371.5,550500,3266824950,0,0
2021-07-27,373.9,373.9,369.5,370,734550,4360574450,0,0
2021-07-28,370,373,369.9,371.8,610750,3633474250,0,0
2021-07-29,372.8,375.5,370.9,373.5,696825,4159257700,0,0
2021-07-30,374.5,374.9,370.1,370.8,908100,5408092900,0,0
2021-08-02,373.9,382.5,372.9,382.5,922150,5606445750,0,0
2021-08-03,378.9,384.5,376.5,384.4,834000,5097153850,0,0
2021-08-04,384.9,391.5,376.5,377.8,1798975,11026694450,0,0
2021-08-05,379.4,392.3,378.4,390.1,1221200,7595096500,0,0
2021-08-06,387.8,391.3,386.9,390.4,820475,5118798250,0,0
2021-08-10,389.5,390.6,383.4,383.9,727700,4493183200,0,0
2021-08-11,387,392,385.8,391.4,623225,3892799300,0,0
2021-08-12,395,396.8,393.6,394.3,581975,3675574700,0,0
2021-08-13,394.3,397.1,393.1,396,458575,2901013050,0,0
2021-08-16,393.8,393.8,387.9,389.1,576375,3590635450,0,0
2021-08-17,392.5,394.3,390.1,390.5,419000,2627815250,0,0
2021-08-18,390,393.5,389.8,390.3,399575,2500426900,0,0
2021-08-19,387,388.1,381.1,381.1,702425,4306844150,0,0
2021-08-20,378.8,380,375.1,376.1,804400,4855352900,0,0
2021-08-23,379.9,382,377.6,379.6,745275,4530659550,0,0
2021-08-24,380.5,384.4,379.8,382.3,560225,3428570450,0,0
2021-08-25,383.1,385.6,380.5,381.4,540050,3301191200,0,0
2021-08-26,383.4,383.5,380.5,381.4,528725,3228970900,0,0
2021-08-27,380,380.6,377.8,379.5,514625,3125736800,0,0
2021-08-30,384.3,388.1,383.3,388.1,602025,3725916900,0,0
2021-08-31,384.4,390,383.4,388.6,949150,5889519700,0,0
2021-09-01,390.5,393.3,388.3,388.5,654825,4085851800,0,0
2021-09-02,388.6,391.4,387,390.9,630325,3931586700,0,0
2021-09-03,391,395,389.6,393.1,935325,5876751650,0,0
2021-09-06,396,400,395,398.1,716475,4564612450,0,0
2021-09-07,400.9,403.4,399.8,402.1,917550,5901519200,0,0
2021-09-08,402,405.8,401.1,405,847500,5483618450,0,0
2021-09-09,404.3,406.9,402.5,403.8,833550,5390281800,0,0
2021-09-10,407,408.5,404.5,407.3,1195775,7784406700,0,0
2021-09-13,406.9,411,406,411,632125,4134385900,0,0
2021-09-14,411.9,415.3,411.8,414.5,904175,5984736050,0,0
2021-09-15,408.4,411.1,404,405.9,1093250,7108786650,0,0
2021-09-16,411.3,412.4,406,407.5,1136350,7438483450,0,0
2021-09-17,408.9,409.4,404,407.3,1277225,8316410200,0,0
2021-09-21,399.3,404.5,398.4,400,844900,5418212200,0,0
2021-09-22,397.3,397.5,389.3,389.4,1145600,7175962900,0,0
2021-09-24,400.3,401.1,397.3,399,1017225,6496421950,0,0
2021-09-27,401.8,404.9,401,403.5,872950,5635660100,0,0
2021-09-28,405.5,407.8,401.4,407.8,1201050,7805389850,0,0
2021-09-29,393.1,397.3,392,394.9,1183025,7470895000,0,0
2021-09-30,397.4,399.4,394,395.4,1210800,7667484100,0,0
2021-10-01,390.5,391,381.9,383.5,1069700,6587205200,0,0
2021-10-04,389.5,390.5,384.5,386.8,900950,5583663600,0,0
2021-10-05,385.1,390,384.1,388.8,1000800,6207936300,0,0
2021-10-06,393.1,398.9,391.1,397,1009125,6395416000,0,0
2021-10-07,393.5,394.5,389.1,391.4,711125,4458780050,0,0
2021-10-08,395.1,397.4,393.5,393.8,689675,4359538150,0,0
2021-10-11,394.5,402.1,393.4,402.1,749575,4780331700,0,0
2021-10-12,402.6,406.9,399.8,406.3,780700,5056984900,0,0
2021-10-13,405.5,407.4,400.5,403.3,617050,3991867100,0,0
2021-10-14,402.1,404,398.1,402.4,661725,4255352700,0,0
2021-10-15,405.8,407.5,403.6,407.1,820200,5327771300,0,0
2021-10-18,409.5,414.5,409.3,414.5,1114650,7364499300,0,0
2021-10-19,412.8,413.8,405.4,405.8,716225,4673367500,0,0
2021-10-20,407.9,408,402.8,403,700000,4531863700,0,0
2021-10-21,406.5,406.9,400.4,400.5,796550,5134654400,0,0
2021-10-22,397.1,403,395.9,399.8,611275,3906397350,0,0
2021-10-25,403.6,408.6,401,403.8,690575,4470416600,0,0
2021-10-26,407.5,410.8,405.8,408.4,790150,5166901800,0,0
2021-10-27,409.8,410.5,406.5,409,493750,3227798050,0,0
2021-10-28,404.1,405.5,400.9,404.4,707725,4571551350,0,0
2021-10-29,404.5,405.3,400.4,404.3,710225,4587528800,0,0
2021-11-01,411.5,413.6,408.6,413.6,883175,5821308400,0,0
2021-11-02,415,417,406.8,409.1,790850,5208183750,0,0
2021-11-04,415,425.9,408.3,415.1,1861150,12410968150,0,0
2021-11-05,420.1,420.9,411,411.9,1050750,6969665900,0,0
2021-11-08,414.8,419,414.5,416.4,812925,5419737400,0,0
2021-11-09,416.5,418.3,409,409,737450,4864568200,0,0
2021-11-10,410.1,411,404.8,405.5,509350,3316104250,0,0
2021-11-11,406.6,409.8,405.6,407.8,455725,2973187950,0,0
2021-11-12,412.3,415.6,408,410.9,639475,4213320800,0,0
2021-11-15,412,412.4,407.8,408.4,659275,4321351200,0,0
2021-11-16,411.9,418.3,409.9,416.3,888650,5909367050,0,0
2021-11-17,417.5,418.3,413.9,415.3,705425,4693204800,0,0
2021-11-18,409.9,413.5,408.4,412.1,678725,4461365400,0,0
2021-11-19,414.8,418.5,413.6,417.1,704625,4696913650,0,0
2021-11-22,417.5,419.1,416,418.9,608200,4068001800,0,0
2021-11-24,419.3,425.9,416.5,417.4,875500,5884278250,0,0
2021-11-25,416.3,420.3,415.8,419.5,463675,3106436800,0,0
2021-11-26,415.3,416,407.4,409.6,972800,6383352450,0,0
2021-11-29,400,402.5,395.1,396.6,1247550,7946482050,0,0
2021-11-30,401.5,405.3,386.3,386.5,2395925,14990421600,0,0
2021-12-01,383.8,392.5,383.6,388.6,920500,5720024100,0,0
2021-12-02,387.3,390.8,386.9,387.5,1096800,6811817000,0,0
2021-12-03,393.5,397.9,391.3,396.9,754825,4772858650,0,0
2021-12-06,400.4,403.1,396.5,398,568325,3625761100,0,0
2021-12-07,404.3,412,402.6,411.1,1021275,6671342500,0,0
2021-12-08,408.6,412.8,406.1,411.5,763925,5019883150,0,0
2021-12-09,410.6,410.9,407.8,408.6,743025,4864515250,0,0
2021-12-10,413.1,413.4,408.8,409.8,794000,5229478550,0,0
2021-12-13,413.1,413.3,408.9,409.8,581400,3817261950,0,0
2021-12-14,408.8,411.1,407.8,409.8,665025,4356587750,0,0
2021-12-15,409,413.3,407.8,412.6,650875,4287011100,0,0
2021-12-16,415,416.5,412.6,416.5,650425,4320006800,0,0
2021-12-17,417.6,419,412.8,415,1270350,8443588400,0,0
2021-12-20,411.6,413,406.8,407.1,729525,4776313850,0,0
2021-12-21,413.6,417.1,410.9,415.4,790100,5246887250,0,0
2021-12-22,417.1,417.3,410.1,411.6,663425,4376249850,0,0
2021-12-23,413.6,419.1,413.3,419.1,567500,3788939000,0,0
2021-12-24,421.1,422.3,419.1,420,517800,3482025550,0,0
2021-12-27,420,420.9,417,419.4,411800,2765403450,0,0
2021-12-28,423.3,426,422,425.5,694000,4713603150,0,0
2021-12-29,426.3,428.8,424.5,425.6,504050,3435942050,0,0
2021-12-30,426.5,427,423,425.1,470750,3205354800,0,0
2022-01-04,427.3,430,425.8,428.5,724725,4968509650,0,0
2022-01-05,432.5,433.8,430.3,433.3,850125,5881038450,0,0
2022-01-06,432.6,434.6,427.3,427.8,741600,5104907900,0,0
2022-01-07,429,431,425.9,427.1,763475,5226161350,0,0
2022-01-11,427.5,427.6,422.9,427.3,695325,4739879250,0,0
2022-01-12,429,432.4,427.6,431.9,795150,5481593050,0,0
2022-01-13,432.5,439.9,431.9,439.4,992325,6947129250,0,0
2022-01-14,438.3,439.3,431.5,432.6,1148575,7973471800,0,0
2022-01-17,439.4,444.5,437.3,440,714500,5036102350,0,0
2022-01-18,443.5,444.3,438,438.4,772175,5443867100,0,0
2022-01-19,431.4,438.9,431,433.5,1067700,7423492650,0,0
2022-01-20,432.9,437.9,430.1,436.6,781100,5440749100,0,0
2022-01-21,433.8,438.3,430.1,437.1,607900,4229106650,0,0
2022-01-24,436.5,439.1,434.5,438.1,604825,4234453200,0,0
2022-01-25,434.3,434.8,429,433.3,820625,5671325650,0,0
2022-01-26,434,436.6,432.1,432.3,537000,3724861600,0,0
2022-01-27,439.4,442,430.3,431.5,1162325,8077620200,0,0
2022-01-28,437.5,442.8,435.1,441.8,1014700,7151431050,0,0
2022-01-31,438.4,444.5,436.5,442.8,845600,5979852250,0,0
2022-02-01,441.3,444.3,438.4,441.4,791900,5593902050,0,0
2022-02-02,442.6,450,440.9,449.4,1057550,7570832850,0,0
2022-02-03,450,457.8,449.9,451.5,1385625,10043944500,0,0
2022-02-04,453.8,461.3,445.8,455,2118975,15406286500,0,0
2022-02-07,461.3,461.5,451.5,459.1,1558125,11415161000,0,0
2022-02-08,457.9,465.5,457.8,463.8,1413975,10474584050,0,0
2022-02-09,465.6,470.8,462.9,468.6,1537675,11517933050,0,0
2022-02-10,471,472,467,470.9,1171125,8807010350,0,0
2022-02-14,464.9,472.3,464,471.1,1276100,9580451900,0,0
2022-02-15,471.5,474.8,464.3,465.5,1178525,8840043850,0,0
2022-02-16,470.3,472.4,468.8,470.5,905050,6813010600,0,0
2022-02-17,472.8,478.1,472.4,478,1532375,11669519750,0,0
2022-02-18,472.3,478.6,471.3,476,1095550,8337996100,0,0
2022-02-21,474.9,475.8,470.3,474.8,935225,7088811000,0,0
2022-02-22,467.4,469.9,463.1,468.8,1285575,9609734800,0,0
2022-02-24,462.5,465.3,453.3,457.3,1610600,11807820400,0,0
2022-02-25,458.4,470.3,458.4,469,1455150,10857761850,0,0
2022-02-28,466.8,469.1,460.1,468.5,1915950,14279122550,0,0
2022-03-01,474.6,478.1,472.9,474.3,1191675,9060612000,0,0
2022-03-02,471.9,482.5,470.6,475.3,1644575,12530005550,0,0
2022-03-03,490.6,493.5,485.8,488.5,1556350,12208574700,0,0
2022-03-04,492.1,493.6,483.8,487.5,1488325,11607601800,0,0
2022-03-07,493.8,498.3,489.5,493.6,2053725,16213583600,0,0
2022-03-08,493.5,493.8,466.9,468.1,2097350,15992253800,0,0
2022-03-09,472,478.3,470,473,1279425,9714636400,0,0
2022-03-10,465,482.8,462.6,481.3,1499450,11465904700,0,0
2022-03-11,481.8,492.1,480.6,488.1,1523300,11850117100,0,0
2022-03-14,492,496,489,493,1058525,8355423800,0,0
2022-03-15,496,496.1,489.6,492.1,1099075,8664641150,0,0
2022-03-16,494.5,501.6,492.9,497.3,1437650,11459347700,0,0
2022-03-17,501.3,505,500.3,505,1394600,11234217900,0,0
2022-03-18,506.5,512.5,504.5,511.6,1977800,16139838900,0,0
2022-03-22,524.1,540.9,524.1,540.9,2628450,22547487850,0,0
2022-03-23,541,545.4,532.9,545.4,1843075,15962155050,0,0
2022-03-24,544.5,552.5,542.6,552.3,1334175,11728263500,0,0
2022-03-25,555.8,557.5,552.5,556,1468550,13052206000,0,0
2022-03-28,556.8,559.6,546,553.1,1306200,11562011700,0,0
2022-03-29,555.6,556.3,548.9,555.4,1550900,13752463900,0,0
2022-03-30,533.8,538.9,529.4,536.1,1551525,13248265950,0,0
2022-03-31,530.1,541.8,528.5,529.8,1583300,13501508250,0,0
2022-04-01,520.8,528.3,519.8,526.3,1282300,10763169000,0,0
2022-04-04,524.5,524.9,517.1,518.6,919200,7643255150,0,0
2022-04-05,520,522.6,509.9,512.8,1150025,9476052550,0,0
2022-04-06,513.8,516.9,511.4,512.3,1044275,8576744100,0,0
2022-04-07,506.3,507.1,493.9,503.6,1419925,11386579400,0,0
2022-04-08,508,510.6,501.6,505.4,1228625,9924317200,0,0
2022-04-11,509,514.4,505.8,511,1039275,8484053150,0,0
2022-04-12,503.8,508.5,502,505.3,891225,7196833100,0,0
2022-04-13,507.5,511.5,503,511.5,1031100,8376532900,0,0
2022-04-14,515,519.5,512.6,518.6,946000,7819467000,0,0
2022-04-15,515,522.4,514.6,521.1,550500,4574851700,0,0
2022-04-18,516.6,519.8,511.4,518.9,640175,5290403350,0,0
2022-04-19,522.6,527.9,518.8,526.9,750300,6294649000,0,0
2022-04-20,530.8,531.3,524.8,528.5,860075,7267156500,0,0
2022-04-21,528.5,528.6,524,526,740450,6235973750,0,0
2022-04-22,521.3,524.3,518.5,521,725800,6050447550,0,0
2022-04-25,507.5,514.9,507,510,751850,6140546350,0,0
2022-04-26,507.6,509.5,501.9,503.8,862700,6969461700,0,0
2022-04-27,500.3,505.8,499.5,501,844550,6778260000,0,0
2022-04-28,509.6,516.6,504.8,515.4,873825,7161993700,0,0
2022-05-02,515.3,516.4,507.8,514.3,897975,7364446650,0,0
2022-05-06,520,529.8,518.3,526,1255825,10551105550,0,0
2022-05-09,524,524.6,512.1,512.8,819325,6764094400,0,0
2022-05-10,507.4,508.1,466.6,467,3017075,23151350050,0,0
2022-05-11,466,466,440.6,450.9,2330575,16792274450,0,0
2022-05-12,455.5,463.8,453,458,1289625,9468502100,0,0
2022-05-13,458,466.9,454.1,461.9,1034475,7633888850,0,0
2022-05-16,465.8,466.8,454.9,455.1,1008275,7418530300,0,0
2022-05-17,457.5,460.5,454.4,454.5,930225,6791430550,0,0
2022-05-18,458.5,464.9,458.3,462.9,1033725,7636862600,0,0
2022-05-19,450,454.1,447.9,454.1,1038650,7504077750,0,0
2022-05-20,458,463.8,455,462.3,897125,6615020550,0,0
2022-05-23,464.8,466,457.4,458.5,825875,6076672150,0,0
2022-05-24,462.3,464.6,459,459,671050,4943955050,0,0
2022-05-25,462,466.3,461.6,464.5,858175,6372612850,0,0
2022-05-26,467.1,469,461.6,461.6,629525,4676472200,0,0
2022-05-27,468.3,468.3,461.1,461.9,581100,4306538150,0,0
2022-05-30,469.3,472.4,464.9,469.5,861650,6474645150,0,0
2022-05-31,471.1,474.6,462.5,462.5,1684575,12528070950,0,0
2022-06-01,466,474.4,465.4,473.9,801825,6054699000,0,0
2022-06-02,472.1,475.4,470.5,472.8,603025,4558942650,0,0
2022-06-03,479.9,479.9,469.3,470.9,734575,5543741000,0,0
2022-06-06,467,476.1,465.9,476,527475,3996581950,0,0
2022-06-07,481.3,484.9,479.5,481.8,1139475,8793871450,0,0
2022-06-08,485.3,493.5,484.1,492.6,1058375,8316429100,0,0
2022-06-09,493,501,492.4,498,1072100,8529552800,0,0
2022-06-10,495.5,495.5,487.5,490.3,1195700,9402734100,0,0
2022-06-13,481.4,485.1,477.4,478.5,799475,6139903200,0,0
2022-06-14,468.5,475.1,466.5,474.1,922925,6961345850,0,0
2022-06-15,472.3,475.4,461.9,462.3,1070250,7978010850,0,0
2022-06-16,463.9,469.8,462.6,463.6,854175,6363945950,0,0
2022-06-17,453.6,461.1,450.4,458.4,1305300,9538376800,0,0
2022-06-20,458.3,458.3,442.4,444.6,1065700,7635861300,0,0
2022-06-21,454.4,460.3,447.9,458.3,742600,5429306300,0,0
2022-06-22,466,466.5,452.9,454,1139300,8334222750,0,0
2022-06-23,450.6,457.9,448.6,451.3,893275,6458952800,0,0
2022-06-24,452,452.5,446,451.4,788000,5674164650,0,0
2022-06-27,459.5,460.9,452.3,456.8,621200,4532421000,0,0
2022-06-28,460,467.1,459.3,466.5,795425,5919505250,0,0
2022-06-29,467.5,472.4,465.5,465.9,874400,6540533400,0,0
2022-06-30,463.8,468,461,464.3,1132950,8414187300,0,0
2022-07-01,461,465.9,457.4,461,1013825,7479742900,0,0
2022-07-04,463.8,470.4,462.8,470.3,721025,5400668200,0,0
2022-07-05,474.5,474.8,470.3,471.9,756875,5718469050,0,0
2022-07-06,453.4,456.5,445.9,450.6,1481050,10674207650,0,0
2022-07-07,455,459.3,450.5,459,916700,6696483600,0,0
2022-07-08,463.8,468.5,462.6,463.3,1158800,8618657100,0,0
2022-07-11,470.5,471.5,466.8,469.4,686300,5157450300,0,0
2022-07-12,469.4,470,461.3,461.8,719950,5333614800,0,0
2022-07-13,459.5,460.8,457.1,459.3,647875,4759266800,0,0
2022-07-14,457.8,461.5,454,460.3,563825,4130674550,0,0
2022-07-15,462.1,462.3,455.3,457.6,559925,4101983100,0,0
2022-07-19,465,470.5,464,465.3,757250,5645305400,0,0
2022-07-20,474.3,477.4,470,477.4,1000550,7609464850,0,0
2022-07-21,476.5,476.5,471.8,474.1,732650,5558549000,0,0
2022-07-22,472.6,473,470.1,472.1,542650,4096340100,0,0
2022-07-25,468,471.8,467.8,468.8,445975,3345994150,0,0
2022-07-26,470.4,473.1,466.1,466.3,671750,5027831200,0,0
2022-07-27,466.9,468.3,464.6,467.3,511900,3823025700,0,0
2022-07-28,469.5,469.5,464.5,467.1,678200,5064943400,0,0
2022-07-29,465,468.8,464.3,466.1,666725,4971073100,0,0
2022-08-01,468.8,475,468.3,475,792475,5995518450,0,0
2022-08-02,467,467.8,459.8,461,1089925,8069629000,0,0
2022-08-03,460.3,474.4,458,469.4,1592750,11876615000,0,0
2022-08-04,468,471.6,461.1,464.1,982600,7307269100,0,0
2022-08-05,460,468.5,459,467.4,1166575,8681831850,0,0
2022-08-08,469.8,476.8,468.9,472.6,847425,6416940200,0,0
2022-08-09,470.5,472.6,463.9,464.9,749775,5598079800,0,0
2022-08-10,467.9,469,464.6,467,450600,3366989100,0,0
2022-08-12,474.3,480.1,473.1,478.8,1185775,9057451500,0,0
2022-08-15,478,478.8,474.5,477,441400,3365263700,0,0
2022-08-16,472.9,474,469.3,471.8,657075,4954874600,0,0
2022-08-17,473,481,473,480.9,828425,6352079800,0,0
2022-08-18,481.8,481.9,476.4,477.3,499450,3819828900,0,0
2022-08-19,480,480.4,477.5,480.3,503000,3859868850,0,0
2022-08-22,478.1,484.1,477.8,483.1,640500,4936525800,0,0
2022-08-23,482.3,483.1,478.6,478.8,475825,3652982900,0,0
2022-08-24,484.5,489.9,484.3,486.9,771500,6007756100,0,0
2022-08-25,486.1,489,485.3,486.8,582800,4541978800,0,0
2022-08-26,492,497.3,490.6,493.5,856400,6770861100,0,0
2022-08-29,485.5,489.3,484.4,487.5,730800,5697336250,0,0
2022-08-30,492.3,496,491.5,495.3,548225,4339649200,0,0
2022-08-31,489.3,491.8,487,491.3,776725,6096944300,0,0
2022-09-01,487.3,490.4,480,480,980975,7573947900,0,0
2022-09-02,477.9,479.8,468.1,474.6,1296225,9805793650,0,0
2022-09-05,477.4,481.4,476.1,480.3,619500,4752674550,0,0
2022-09-06,483.9,485.5,481.3,482,525325,4059022100,0,0
2022-09-07,478.9,480.1,474.9,478.8,664050,5078389450,0,0
2022-09-08,479.3,486,478,486,889300,6886432250,0,0
2022-09-09,484.6,489.1,484.4,487,944850,7349908800,0,0
2022-09-12,493.8,494.9,489.3,491.5,527700,4148330750,0,0
2022-09-13,492.3,496,490.9,494.5,686000,5426307150,0,0
2022-09-14,484.8,493.9,484.3,490.4,912575,7155779700,0,0
2022-09-15,489.5,490.8,487.3,490.8,522275,4092942500,0,0
2022-09-16,486.3,492,485.8,488,1004775,7851336950,0,0
2022-09-20,493.8,497.1,492.8,493.3,768375,6071770450,0,0
2022-09-21,488.6,489.9,484.3,485,865125,6732426950,0,0
2022-09-22,480.5,487.8,480,486.8,730975,5672364650,0,0
2022-09-26,476.8,477.9,461.3,461.3,1594625,11911515350,0,0
2022-09-27,462.6,467.6,461,461.6,1056100,7819808350,0,0
2022-09-28,457.9,461.4,451.9,457.4,1184325,8658390800,0,0
2022-09-29,453,457.9,448.1,456.9,1197925,8721499600,0,0
2022-09-30,456.8,457.5,447.6,450.6,1492775,10785992600,0,0
2022-10-03,452.4,456.6,445.8,456.3,832175,6032187500,0,0
2022-10-04,471.3,484.5,470.6,482.5,1787500,13730165800,0,0
2022-10-05,484.1,485.4,480.3,482.5,1018775,7869545650,0,0
2022-10-06,483.9,490,482.6,484.8,905500,7043793900,0,0
2022-10-07,479,481.5,475.4,476,783400,5989847000,0,0
2022-10-11,473.5,477.9,468.6,474.1,1031675,7825530150,0,0
2022-10-12,469.6,473.4,465.8,471.8,837700,6314391600,0,0
2022-10-13,468.4,469.8,464,464,683475,5090559100,0,0
2022-10-14,472.6,479.1,470,476.6,952500,7249175150,0,0
2022-10-17,470,471.4,467.5,468,520375,3902617150,0,0
2022-10-18,472.5,473.4,467.3,470.6,660900,4971028300,0,0
2022-10-19,470.3,471.9,469,470.9,431250,3247210400,0,0
2022-10-20,468.8,474.5,467.5,472.9,740550,5596445300,0,0
2022-10-21,470.3,472.6,469.3,469.3,583425,4390986800,0,0
2022-10-24,478.1,478.8,474.5,477.6,781600,5966040950,0,0
2022-10-25,478.8,484.1,476.3,482.3,739900,5693322800,0,0
2022-10-26,481.5,483.6,479.4,480.6,466975,3596312900,0,0
2022-10-27,482.4,482.8,476.8,477.5,649875,4979623500,0,0
2022-10-28,476.6,477.5,469.8,469.8,1114375,8405137500,0,0
2022-10-31,475.9,476.5,468.6,473.9,939725,7110124900,0,0
2022-11-01,479.9,494.1,478,494,1574450,12327343300,0,0
2022-11-02,495.8,500.8,493.8,498.3,1345100,10710925000,0,0
2022-11-04,500,522.5,499.8,519.4,3286375,26835795350,0,0
2022-11-07,525,544.8,525,544.3,2622725,22545976100,0,0
2022-11-08,544.3,546.3,536.6,540.8,1625025,14083617350,0,0
2022-11-09,543,548.9,541.8,548.9,1330250,11637373000,0,0
2022-11-10,545,554.8,543,550.6,1106525,9722357500,0,0
2022-11-11,555.5,557.5,542.6,544.8,1338475,11709494900,0,0
2022-11-14,542,544,535.3,536.9,969250,8350193900,0,0
2022-11-15,538.5,545,538.3,540.9,736075,6378135750,0,0
2022-11-16,542.5,553,542.3,549.3,1033500,9075567000,0,0
2022-11-17,547.1,547.1,540.4,541.6,801075,6956714050,0,0
2022-11-18,543.3,546.9,541,542.5,612250,5319368400,0,0
2022-11-21,542.5,554.6,541.8,549.3,818775,7201495650,0,0
2022-11-22,555,565.5,554.8,561.8,1383350,12426018050,0,0
2022-11-24,569.1,578.8,567.4,575.4,1372450,12599394800,0,0
2022-11-25,574.3,577.1,571.5,575.9,768800,7075462400,0,0
2022-11-28,577.6,579.1,563.4,567.6,724625,6594994950,0,0
2022-11-29,566.8,567.1,560.4,565,718625,6481192850,0,0
2022-11-30,563.3,565.5,558.8,561.8,1545550,13892246700,0,0
2022-12-01,562,564.1,559.1,559.4,778300,6986762100,0,0
2022-12-02,550.8,551,539.6,548.8,1249275,10916699800,0,0
2022-12-05,547.8,549.4,545,549.4,591000,5183264200,0,0
2022-12-06,550.6,558.1,549.8,556.6,785700,6990992550,0,0
2022-12-07,556.5,559.3,554.4,554.6,632050,5620504700,0,0
2022-12-08,557.6,559.5,552.8,557.5,712800,6354469450,0,0
2022-12-09,562.5,566.8,560.6,560.6,795000,7158322600,0,0
2022-12-12,557.5,558.5,554.1,555.8,579000,5151955750,0,0
2022-12-13,564.3,566.6,562.6,563.9,616200,5564966550,0,0
2022-12-14,564.4,567.4,563,566.5,521550,4722592850,0,0
2022-12-15,564.8,574.4,563.9,572.5,642975,5877251600,0,0
2022-12-16,566.3,568.5,562.5,563.1,840350,7591142700,0,0
2022-12-19,560.1,560.8,556,558.4,606250,5418248200,0,0
2022-12-20,563.3,572.4,556.1,557.6,1592550,14331793850,0,0
2022-12-21,557,561.1,552.6,555,840975,7483458600,0,0
2022-12-22,558.3,560.1,555.4,559.1,477475,4263486400,0,0
2022-12-23,552.8,553.9,547.6,550,782525,6889306250,0,0
2022-12-26,550.8,558,550.4,556.4,317300,2815022150,0,0
2022-12-27,560,561.5,555.8,557.5,291300,2600355050,0,0
2022-12-28,558.8,560.3,555,559,640325,5716302150,0,0
2022-12-29,550.8,552.5,546.3,552,689300,6067869750,0,0
2022-12-30,547.4,551.4,546.9,549,690825,6069492750,0,0
2023-01-04,545.3,548.5,540.3,541.9,900075,7809774350,0,0
2023-01-05,540.5,540.9,533.4,535.9,798250,6852131350,0,0
2023-01-06,535.4,538.5,533.4,536.3,755450,6481064450,0,0
2023-01-10,538.5,542.4,533.8,536.9,1123750,9676231600,0,0
2023-01-11,542.1,545.6,539.3,543.5,791025,6875987250,0,0
2023-01-12,544.3,551.6,543.9,549.5,819075,7197378000,0,0
2023-01-13,547.4,551.9,547.3,548.8,764450,6717018550,0,0
2023-01-16,545.5,547.1,541.9,545.5,587175,5121250650,0,0
2023-01-17,548,550.4,546.9,549.4,696000,6112174250,0,0
2023-01-18,553.3,564.4,552.6,563.1,771550,6919950650,0,0
2023-01-19,562.3,563.3,555.3,555.6,615275,5489268000,0,0
2023-01-20,558.5,564.5,557.9,564.5,617700,5557263150,0,0
2023-01-23,568.5,571.5,565.9,570.1,658375,5999898950,0,0
2023-01-24,573.8,585.5,573.3,583.8,1037825,9668685500,0,0
2023-01-25,580,587,578.6,582.3,708725,6609809000,0,0
2023-01-26,585.4,587.9,579.8,582.8,668150,6233560500,0,0
2023-01-27,590,591,586.3,590,703825,6637126850,0,0
2023-01-30,588,589,581.4,582.5,912775,8524814200,0,0
2023-01-31,579.5,581.8,576.9,580.8,1491050,13842299200,0,0
2023-02-01,585.3,588.9,581.5,582,623950,5832418550,0,0
2023-02-02,580.9,580.9,564.6,564.6,1194125,10883718200,0,0
2023-02-03,561.8,568.1,556.6,567,1138225,10266535500,0,0
2023-02-06,582.5,596.1,568.4,574.6,3164950,29332306800,0,0
2023-02-07,581.8,585.8,575.9,581.1,1410200,13111389700,0,0
2023-02-08,587.5,593.1,583.5,584.3,1238475,11633423550,0,0
2023-02-09,584,589.8,581.8,588.3,803250,7541626050,0,0
2023-02-10,590,597.3,588,589.5,1134225,10732114250,0,0
2023-02-13,592,592,587.4,588.3,783650,7386483250,0,0
2023-02-14,590.1,595.9,589.4,593.9,980700,9309720850,0,0
2023-02-15,595.9,597.8,591.9,592.1,878500,8351726500,0,0
2023-02-16,594.1,594.8,587,589,1077275,10155023000,0,0
2023-02-17,584.5,591.3,583.4,590.3,966400,9108100250,0,0
2023-02-20,592,592,586.9,590.4,857450,8087772700,0,0
2023-02-21,589.6,600,588.5,596.4,1111150,10583541200,0,0
2023-02-22,596.4,598,592.3,593.9,1143725,10873475350,0,0
2023-02-24,592.5,592.9,587.4,591.5,1005600,9504318950,0,0
2023-02-27,584.1,590.5,583.4,589.3,1129475,10611568350,0,0
2023-02-28,591.8,592.6,579.8,580.8,1915025,17892580400,0,0
2023-03-01,584.1,590.5,583.3,590.1,979450,9219091850,0,0
2023-03-02,591.8,596.4,589.5,590.1,1068075,10118229450,0,0
2023-03-03,595,606,593.1,605.4,1762800,16982504150,0,0
2023-03-06,609.8,612.8,606.6,609,1235800,12051007500,0,0
2023-03-07,610,615.5,607.3,613.6,1111725,10888496050,0,0
2023-03-08,615,619.5,614.6,618.9,1279450,12635846050,0,0
2023-03-09,620.3,622,616,618.9,1504675,14883756950,0,0
2023-03-10,607.4,612.1,604.4,604.5,1817000,17653580450,0,0
2023-03-13,597.5,597.6,584.5,594.1,1586500,14981420200,0,0
2023-03-14,582,582.4,575,576.4,2189975,20234063350,0,0
2023-03-15,586.9,586.9,580.1,581.5,1243375,11587420400,0,0
2023-03-16,562.5,563.9,554.5,556.4,2066100,18451707900,0,0
2023-03-17,562.3,563,557,560.5,1659175,14869621800,0,0
2023-03-20,557.5,563.4,555.5,556.5,1007600,9001680850,0,0
2023-03-22,569,569.6,564.3,565.3,1015600,9202681000,0,0
2023-03-23,560.6,569.4,557.8,567.8,952600,8616782250,0,0
2023-03-24,565.8,568.5,564.3,567,836000,7578860250,0,0
2023-03-27,572.8,576.5,568.6,574.9,800550,7347384450,0,0
2023-03-28,580.8,585.1,578.5,581.1,996150,9265646200,0,0
2023-03-29,584.5,587.1,579,587,1308250,12232787400,0,0
2023-03-30,571.3,574.9,568.4,573.4,1110075,10151246400,0,0
2023-03-31,578.4,589.3,577.3,585.3,1312900,12285549750,0,0
2023-04-03,589.6,593.6,585.3,592.6,1018100,9611960550,0,0
2023-04-04,592,597.8,590.3,593.9,970025,9222161250,0,0
2023-04-05,582.5,585.3,570.5,571.1,1406975,12957467800,0,0
2023-04-06,567.8,572,565.3,568.9,907275,8257656600,0,0
2023-04-07,568.4,572.3,567.1,571.8,572125,5220090900,0,0
2023-04-10,575.1,578,574.5,576.6,569775,5251668950,0,0
2023-04-11,580,595.9,579.1,595,1450450,13705739500,0,0
2023-04-12,605,614,602.6,611,1850125,18044558450,0,0
2023-04-13,612.5,612.6,603.1,605.6,1297975,12605171200,0,0
2023-04-14,606,616.4,604,611.5,1957575,19122108400,0,0
2023-04-17,609.9,611.5,602.6,608.8,925725,8993963350,0,0
2023-04-18,612.1,618,609,614.4,1026975,10099544050,0,0
2023-04-19,618.8,625.4,612.3,616.8,1076975,10646715550,0,0
2023-04-20,612.3,613,607,612.3,787100,7700214650,0,0
2023-04-21,612.5,617.9,610.8,613.9,778975,7662481800,0,0
2023-04-24,614,614.5,610.3,610.4,623450,6102166250,0,0
2023-04-25,616.3,617,610.5,610.5,765625,7516921250,0,0
2023-04-26,605,605,600.9,603.3,913175,8808527200,0,0
2023-04-27,601,608.4,599.6,606.9,821300,7941687600,0,0
2023-04-28,611.9,612.8,603.1,606.8,1184725,11504425250,0,0
2023-05-01,614.3,619.9,613.5,619.1,939925,9282262050,0,0
2023-05-02,620,621.1,613.6,615.5,899625,8871036000,0,0
2023-05-08,621,623.5,617,620,963925,9563971100,0,0
2023-05-09,615,664.5,612.8,661.3,3298050,34061510350,0,0
2023-05-10,659.9,664.9,648.9,650.5,1974375,20695760350,0,0
2023-05-11,644.5,645.5,639.5,643,1029225,10580630050,0,0
2023-05-12,643.5,645.4,637.5,642.6,1126775,11576175450,0,0
2023-05-15,646.8,650,644.6,648,667425,6912764450,0,0
2023-05-16,649.9,652.5,646.8,651.8,952500,9901170450,0,0
2023-05-17,652.5,657,650.8,653.5,854850,8948359350,0,0
2023-05-18,656.5,666.1,656.3,663,1147500,12145804150,0,0
2023-05-19,666.5,673.8,660.8,661.9,1173000,12520801050,0,0
2023-05-22,660.9,670,658.3,668.5,951200,10128039000,0,0
2023-05-23,670.5,676.6,661.3,663.6,1210200,12956040750,0,0
2023-05-24,662.5,667.3,661.9,662.8,716200,7606626950,0,0
2023-05-25,657.5,664.8,655.1,662,874675,9250561750,0,0
2023-05-26,663,668.8,662.5,662.8,1225925,13033109350,0,0
2023-05-29,678.3,693.8,677.8,689.1,1690775,18577782050,0,0
2023-05-30,688.4,690.6,680.6,689.8,1132175,12439347600,0,0
2023-05-31,680.5,681.3,658.8,659.1,2732950,29104592700,0,0
2023-06-01,661.3,670.9,659.9,668.3,1192100,12738146550,0,0
2023-06-02,674.3,675.9,666.3,675.9,1089525,11728158350,0,0
2023-06-05,688.4,692.6,683.5,688.4,1326150,14602025350,0,0
2023-06-06,687,709,683.5,707.6,1610550,18026802700,0,0
2023-06-07,710.6,713.8,694.5,694.8,1699825,19068791800,0,0
2023-06-08,700.1,704.8,691.9,695.6,1137450,12698593150,0,0
2023-06-09,705.8,718.5,702,717.3,1890350,21518473550,0,0
2023-06-12,715.3,724.5,714.8,723.1,1183125,13649616150,0,0
2023-06-13,729.8,744.3,727.9,741.6,1757325,20735189950,0,0
2023-06-14,750.5,766.8,748.1,759.3,2789825,33825531350,0,0
2023-06-15,757.5,768.8,749.4,762.3,2100900,25541909800,0,0
2023-06-16,759,772.3,753,768.8,2609375,31915151000,0,0
2023-06-19,775,776,758.3,764.8,1500175,18399022200,0,0
2023-06-20,782,788.3,764.8,775.8,2827175,35206856300,0,0
2023-06-21,767.5,777,760.5,774.5,1596700,19739376000,0,0
2023-06-22,772.5,800.5,772,789.3,1840450,23258428200,0,0
2023-06-23,795,796,755.5,765,2008750,24806788000,0,0
2023-06-26,757.8,765.8,747.6,760.5,1393200,16926410500,0,0
2023-06-27,763.8,770.5,746.9,755.8,1396750,16868733700,0,0
2023-06-28,760.5,774.8,750.8,774.3,1247725,15271386000,0,0
2023-06-29,772.8,777.3,763.3,766.3,1275300,15712232800,0,0
2023-06-30,762.3,763.3,754.3,760.3,1302425,15812974200,0,0
2023-07-03,763.8,770.8,762.5,770,818750,10054702400,0,0
2023-07-04,760.5,763.5,755.3,762.5,980325,11935277600,0,0
2023-07-05,760.5,763.5,754.8,762.3,889800,10827669400,0,0
2023-07-06,756.5,758,748.4,753,963600,11619105500,0,0
2023-07-07,747.3,751,740.9,743.3,1071450,12786832500,0,0
2023-07-10,748.3,752,737,738.5,1101950,13082545750,0,0
2023-07-11,746.6,749.1,738,741.3,884300,10511817350,0,0
2023-07-12,744.9,746.1,723.8,723.9,1118625,13065672300,0,0
2023-07-13,723.8,739.3,717.9,733.5,1016650,11888322450,0,0
2023-07-14,733.5,738.5,721.1,731.8,867825,10134418050,0,0
2023-07-18,722.5,738.3,722.5,734.6,617325,7240702200,0,0
2023-07-19,740.8,745.4,738.4,745.4,870975,10354309600,0,0
2023-07-20,746.1,749.8,741.5,742.9,821500,9789287700,0,0
2023-07-21,743.8,744.9,736.8,742.1,800800,9498206000,0,0
2023-07-24,747,752,745.4,748.3,832700,9974561500,0,0
2023-07-25,748.3,753.8,744.9,753.8,708625,8506542050,0,0
2023-07-26,753.5,754.3,745.1,746.6,683650,8182314800,0,0
2023-07-27,746.4,749.9,743.3,749.3,780575,9331554800,0,0
2023-07-28,741.4,754.8,737.1,749,1687900,20154982050,0,0
2023-07-31,760.3,768.8,758.5,761.8,1535175,18744149500,0,0
2023-08-01,767.3,772.3,755.8,764.8,1025050,12556274600,0,0
2023-08-02,753.8,761.8,747.8,749.9,1057375,12740354750,0,0
2023-08-03,744.8,758.8,735.9,739.1,2030975,24146523750,0,0
2023-08-04,730.5,739.5,722.9,738.8,1683100,19727545700,0,0
2023-08-07,732.5,734,723.3,730.6,1133150,13210630050,0,0
2023-08-08,737.5,741.8,733.8,738.6,864175,10207492000,0,0
2023-08-09,745,748,738.9,739.8,854825,10147703150,0,0
2023-08-10,740.8,744.9,738.6,744.4,882500,10483301350,0,0
2023-08-14,746.5,748.6,734.6,737.4,929275,11006932900,0,0
2023-08-15,744.5,748.8,741.3,742.6,782450,9325563100,0,0
2023-08-16,735,738.4,730.3,731,986575,11583843850,0,0
2023-08-17,725,726,709.8,718.3,1115175,12809335000,0,0
2023-08-18,712.5,721.4,710.8,719.4,850150,9749966100,0,0
2023-08-21,722.5,723.3,714,715.5,718200,8242512150,0,0
2023-08-22,721.3,728.9,719.6,727.9,660250,7666043300,0,0
2023-08-23,722,725.8,720.4,725.3,585050,6775839050,0,0
2023-08-24,727.5,729.6,724.6,726.1,617125,7178544700,0,0
2023-08-25,718.4,724.3,716.5,722.6,700575,8089583650,0,0
2023-08-28,730.3,736,727.5,736,555750,6516531400,0,0
2023-08-29,739.5,739.9,731.5,733,677925,7963351900,0,0
2023-08-30,738.3,741.9,735.6,738.6,1122625,13277661300,0,0
2023-08-31,737.8,749.8,735.4,749.8,3241600,38722693600,0,0
2023-09-01,747.4,762.5,745.3,761,1306975,15870751150,0,0
2023-09-04,763.8,776.5,760.8,776.3,1388700,17134871900,0,0
2023-09-05,773.8,776.3,768.5,776.3,1113525,13781692400,0,0
2023-09-06,778.3,782,775.5,781,947950,11828929400,0,0
2023-09-07,780.3,787.3,777.8,777.8,994700,12434256900,0,0
2023-09-08,769.3,773.3,765.8,766,1209400,14866824700,0,0
2023-09-11,773,776,769.3,774,799425,9891754900,0,0
2023-09-12,777,777.3,765,766.5,817575,10057188700,0,0
2023-09-13,768.5,773.3,765.5,770.8,630925,7768892400,0,0
2023-09-14,770.5,779.8,769.3,778,1055075,13107937900,0,0
2023-09-15,786.3,793.8,783.8,789.8,1767250,22324684600,0,0
2023-09-19,788.8,804.8,785.5,804,1237950,15839096800,0,0
2023-09-20,808.3,809,796.8,799.5,1110325,14228656700,0,0
2023-09-21,800,806.8,798.8,800,920175,11802875000,0,0
2023-09-22,792.5,794.5,783,789.8,1174750,14835383300,0,0
2023-09-25,797.8,798.3,789,792.3,687475,8723838500,0,0
2023-09-26,795,795,787,789.8,911225,11525349400,0,0
2023-09-27,786.5,787.8,776,787.8,1390550,17446112100,0,0
2023-09-28,772.5,782.5,767,770,1152450,14246698400,0,0
2023-09-29,763.5,768.3,743.4,746,1916050,23005382700,0,0
2023-10-02,749.3,758.3,740.8,741.3,1252775,15005845550,0,0
2023-10-03,735.9,735.9,723.4,728.3,1165725,13582550900,0,0
2023-10-04,712.9,712.9,687.1,690.1,1880150,20950677350,0,0
2023-10-05,696.4,705,684.6,702.6,1389900,15513110600,0,0
2023-10-06,710,720.6,706.9,711.4,1111675,12681883650,0,0
2023-10-10,731.3,742.8,729.3,741.1,1277775,15099629600,0,0
2023-10-11,742.5,748.5,737,742.5,1162250,13829431100,0,0
2023-10-12,743.8,759.3,743,758.3,1141000,13778426750,0,0
2023-10-13,750,756.3,744.6,751.3,863925,10381302600,0,0
2023-10-16,750.8,756.8,745.5,749.3,719775,8638951100,0,0
2023-10-17,756,756.5,745.1,750.3,904200,10861338100,0,0
2023-10-18,754.8,758.3,747.1,749.5,812775,9769870950,0,0
2023-10-19,737.5,741.3,731.6,734.6,663675,7816781400,0,0
2023-10-20,727.5,742.8,726.4,737.8,623600,7344717250,0,0
2023-10-23,730.8,735.1,725.4,725.4,547375,6387232650,0,0
2023-10-24,729.9,733.9,713,728,759950,8801717500,0,0
2023-10-25,735.6,745.8,734.4,737.9,509050,6029586250,0,0
2023-10-26,731.3,738.1,727.8,733.9,648625,7606181750,0,0
2023-10-27,738.9,748.3,736,747.1,642425,7658062550,0,0
2023-10-30,739.8,741.1,731.3,737.1,683050,8039603450,0,0
2023-10-31,737,737.4,716,734.6,1736075,20207370150,0,0
2023-11-01,752.5,762,748.9,752.5,1094700,13210410750,0,0
2023-11-02,762.5,770.5,743,765,1969825,23930734850,0,0
2023-11-06,775,800,775,799.8,2118125,26936515100,0,0
2023-11-07,798,806,795.3,801.8,1525500,19552357500,0,0
2023-11-08,801.8,801.8,774,784,1256050,15731528700,0,0
2023-11-09,788.3,803,783.3,801.8,921850,11742988000,0,0
2023-11-10,795,817.5,795,816.8,1429350,18505029100,0,0
2023-11-13,824.8,826.8,805,805.8,928150,12073418500,0,0
2023-11-14,817.5,827.8,813.3,813.3,794250,10409413600,0,0
2023-11-15,824.3,827,813.3,813.3,932400,12206901800,0,0
2023-11-16,812.5,819,800.3,805.8,798475,10311788100,0,0
2023-11-17,802,813,799.5,811.3,619775,8007582400,0,0
2023-11-20,812,813.8,798.5,799.8,738825,9508215600,0,0
2023-11-21,797.5,798,784.3,788,646400,8167608800,0,0
2023-11-22,786.3,797.3,784.3,788.5,532150,6731256000,0,0
2023-11-24,797.5,798.5,791.8,792.5,476625,6057443600,0,0
2023-11-27,796.3,797,785.5,787,498975,6296972500,0,0
2023-11-28,788.5,796.8,787.5,794.5,578675,7344379500,0,0
2023-11-29,788.5,793.5,780.8,782,485650,6100282500,0,0
2023-11-30,777.5,779.3,767.3,775,1687600,20918988000,0,0
2023-12-01,785,793.5,785,791,768850,9720257100,0,0
2023-12-04,783.5,788.5,777.3,783.3,557050,6983391600,0,0
2023-12-05,777.5,783.5,776.3,776.8,637650,7942044500,0,0
2023-12-06,775,792.5,774.8,790,691025,8706306300,0,0
2023-12-07,785.3,787,775.8,777,692875,8633043300,0,0
2023-12-08,768.3,770.5,758,762.5,1150025,14060205300,0,0
2023-12-11,772.8,780,769,779.3,751575,9339531000,0,0
2023-12-12,782.3,782.8,770.3,772,522750,6479652100,0,0
2023-12-13,775,775,766.3,770.3,457975,5642670400,0,0
2023-12-14,762.5,762.5,749,751.5,878100,10586036250,0,0
2023-12-15,762,762.3,751.3,752.8,883350,10675063500,0,0
2023-12-18,747.5,752.8,741.6,752.3,630275,7546752450,0,0
2023-12-19,747.6,763.5,744,761.3,897000,10850853500,0,0
2023-12-20,766.5,769.8,762.8,765.3,613800,7526414700,0,0
2023-12-21,758,760,754.5,759,543675,6592140500,0,0
2023-12-22,759.3,765.3,757.8,763.8,464975,5675176700,0,0
2023-12-25,767.8,768.3,759.5,761,247450,3018427500,0,0
2023-12-26,761.3,763.8,758.3,763,434550,5298037500,0,0
2023-12-27,767.3,773.3,766.8,773,628800,7760613700,0,0
2023-12-28,769.8,773.8,767,771.5,393825,4859127000,0,0
2023-12-29,773.8,779.5,765.8,769,605900,7469107200,0,0
2024-01-04,765,785.5,758.8,784,827100,10282204900,0,0
2024-01-05,786.5,792.8,785.5,786.8,845125,10654318600,0,0
2024-01-09,797,799.8,780,783,691775,8707132700,0,0
2024-01-10,790.3,799.8,788.3,797.3,855900,10891138600,0,0
2024-01-11,806,819.5,804.5,814,1108700,14438446900,0,0
2024-01-12,822.3,829.8,816.5,822.3,1244075,16372000500,0,0
2024-01-15,822,845,819.3,839.3,951550,12728180000,0,0
2024-01-16,837,838.8,829.8,830.5,592575,7891803500,0,0
2024-01-17,833.5,855.8,829.5,832.5,1315875,17713144200,0,0
2024-01-18,837,843.3,827,828,674975,9000195800,0,0
2024-01-19,843.5,844.8,831.5,836,633625,8481824400,0,0
2024-01-22,841,846,834.8,846,687925,9254784100,0,0
2024-01-23,847.8,856.8,836.8,839,728500,9845117000,0,0
2024-01-24,846,846,828,829,798400,10632586900,0,0
2024-01-25,833.3,841.3,830.8,837,627575,8391919200,0,0
2024-01-26,834.5,834.5,823.8,824.3,744950,9862422700,0,0
2024-01-29,832.3,846.3,830.8,846,803925,10828856500,0,0
2024-01-30,843.3,844.3,836,836.5,553375,7434714100,0,0
2024-01-31,839.8,853.8,837.3,853.8,834425,11319179500,0,0
2024-02-01,846.3,853.8,843,848.3,738575,10022888400,0,0
2024-02-02,848.5,849.5,837.3,839.8,836325,11273126200,0,0
2024-02-05,850,851,823,827,1573900,20973282100,0,0
2024-02-06,831.3,837,827.3,830.5,986950,13124999800,0,0
2024-02-07,825.5,839.5,821.8,839.3,1012325,13504009500,0,0
2024-02-08,839.3,842.3,829,839.5,829100,11104599000,0,0
2024-02-09,839.5,839.8,828.3,830.8,982075,13091662700,0,0
2024-02-13,842.5,858.5,839.5,858.5,1261425,17195006700,0,0
2024-02-14,854,859.8,848.3,858.8,851100,11640277800,0,0
2024-02-15,871.5,875.8,856.8,863.8,876600,12132543300,0,0
2024-02-16,873,890.5,872.5,880.3,1237575,17494233400,0,0
2024-02-19,887.3,902.5,886.5,901.3,845675,12129749400,0,0
2024-02-20,911.8,911.8,890.3,892.3,716025,10283185000,0,0
2024-02-21,897.3,905,884.3,888.5,749600,10701663800,0,0
2024-02-22,896,901.3,892,901.3,770625,11067869600,0,0
2024-02-26,911.8,914.8,900.5,903.3,924675,13426367200,0,0
2024-02-27,903.3,906.3,888.5,889.3,1018600,14620434600,0,0
2024-02-28,889.5,893.3,879.3,882,1014150,14354109700,0,0
2024-02-29,886.5,888.3,867,876.8,1344200,18857264000,0,0
2024-03-01,879.5,890.5,878,888.3,768950,10899045700,0,0
2024-03-04,895,895,883.3,885.8,586400,8329494400,0,0
2024-03-05,884.5,896,879,895.5,695025,9908232000,0,0
2024-03-06,894.8,897.3,886.3,896.8,667550,9559618700,0,0
2024-03-07,900,908,892,895.3,746450,10742282700,0,0
2024-03-08,893.5,904.3,888,896.8,856250,12278275300,0,0
2024-03-11,886.3,886.5,853.5,865.5,1243725,17263335000,0,0
2024-03-12,852,852.3,832.3,852,1181800,15965726800,0,0
2024-03-13,863.3,866.8,840.8,844.8,788800,10730299700,0,0
2024-03-14,850,858,844.3,858,742400,10154573000,0,0
2024-03-15,861.8,883.5,860,880.8,1534825,21556437600,0,0
2024-03-18,890.8,895,884.5,885.3,743650,10571242600,0,0
2024-03-19,885,896.5,879.5,896.3,752700,10719984800,0,0
2024-03-21,908.5,930.3,907.5,930.3,1407750,20801313000,0,0
2024-03-22,937.3,941.5,926.3,933.5,951125,14213398000,0,0
2024-03-25,933.8,934,923,923.8,829400,12300288100,0,0
2024-03-26,923.8,927.8,918.3,924.3,731300,10811763500,0,0
2024-03-27,929.8,938,926.8,931.5,1222525,18241852000,0,0
2024-03-28,913,918.3,902.8,907.5,1014100,14763371800,0,0
2024-03-29,912.5,918.8,908.3,913,660025,9653228100,0,0
2024-04-01,916.3,920,881.8,889.8,873450,12481551900,0,0
2024-04-02,893.8,900.8,887.5,893,632575,9038296100,0,0
2024-04-03,892.8,908,882.8,903,867350,12467347200,0,0
2024-04-04,927.3,931.8,917.3,918.5,1073275,15842913900,0,0
2024-04-05,912.5,918,905,916.5,583800,8525454700,0,0
2024-04-08,924.5,931.8,919,929.3,766175,11366920400,0,0
2024-04-09,933.8,955.5,933.5,955.5,1118825,16934605300,0,0
2024-04-10,949,956.3,942.5,951.8,693675,10536889700,0,0
2024-04-11,942.3,954.5,938.5,950,676075,10255271900,0,0
2024-04-12,956.3,956.5,942.8,953.8,716900,10931919300,0,0
2024-04-15,959.5,980.8,950.8,971.5,1181550,18286881500,0,0
2024-04-16,965.3,971.3,937.8,942.8,1028325,15628022500,0,0
2024-04-17,950,953.5,923,930.5,782400,11696555600,0,0
2024-04-18,924.5,942.5,919.8,939.3,523575,7827479100,0,0
2024-04-19,931.3,935.5,912.8,930.3,994000,14749868300,0,0
2024-04-22,942,952.3,936.5,945.3,727275,10983854400,0,0
2024-04-23,952.3,960.3,946.3,950.5,588325,8961721400,0,0
2024-04-24,952.5,980,951,980,1156525,17963352800,0,0
2024-04-25,975,995,959,964.3,1115050,17334572700,0,0
2024-04-26,970,983.5,962.3,977.3,916300,14299057700,0,0
2024-04-30,1061.3,1065.8,1035.8,1038.8,2991100,50154520200,0,0
2024-05-01,1029.5,1047,1020,1030,1722450,28451692700,0,0
2024-05-02,1040.5,1108.3,1038,1075,5349000,92031099000,0,0
2024-05-07,1084.8,1086.8,1052,1068.8,2355875,40171172000,0,0
2024-05-08,1061.5,1065.8,1042.5,1045,1454425,24447523700,0,0
2024-05-09,1045.5,1052,1037.8,1039.8,947800,15817868000,0,0
2024-05-10,1053.5,1071.8,1052.3,1060.8,1001325,16994437300,0,0
2024-05-13,1050,1054.5,1040.8,1048,823125,13783531600,0,0
2024-05-14,1045.5,1051.5,1030.3,1036,859400,14267256200,0,0
2024-05-15,1033,1044.8,1027.8,1038.8,745875,12382323800,0,0
2024-05-16,1038.8,1039.5,1025.5,1032.8,849650,14027172100,0,0
2024-05-17,1019.5,1030.3,1016.3,1027.3,826775,13555386200,0,0
2024-05-20,1022.5,1043.3,1021.8,1042.5,815650,13552760800,0,0
2024-05-21,1047.3,1054.3,1040,1043.3,845450,14146677100,0,0
2024-05-22,1034.3,1036.5,1016.5,1021.8,1193075,19512531500,0,0
2024-05-23,1012.5,1023.5,1001.8,1022.8,995525,16191358300,0,0
2024-05-24,1002,1021.8,1000.8,1017.5,662425,10746919200,0,0
2024-05-27,1019.3,1028.5,1016.3,1028.5,646575,10583106100,0,0
2024-05-28,1026.8,1031.3,1013.8,1018.8,823950,13440378300,0,0
2024-05-29,1018.8,1023.8,1008.5,1012,801625,13005371000,0,0
2024-05-30,1000,1002.3,987.5,1000,939125,14988129800,0,0
2024-05-31,1000,1022.5,1000,1020.3,2046200,33321387400,0,0
2024-06-03,1030,1036.3,1025.5,1033.5,811650,13409884400,0,0
2024-06-04,1022.5,1027,1006.8,1017.3,1001250,16272987800,0,0
2024-06-05,999.8,1000.3,985.5,997.8,970300,15428574700,0,0
2024-06-06,1000,1003,992.5,999.3,754350,12059955900,0,0
2024-06-07,1003,1007,996.5,1005,716575,11494772200,0,0
2024-06-10,1007,1015.5,1004.5,1014.8,547450,8856688400,0,0
2024-06-11,1018.8,1022.3,1015.3,1017.3,580225,9453191900,0,0
2024-06-12,1003.8,1012.5,998,1009.5,624575,10067948300,0,0
2024-06-13,1012.8,1014,985.5,989.8,776050,12330108400,0,0
2024-06-14,987.5,1005.3,984.5,1003.8,1295950,20636825000,0,0
2024-06-17,986.3,989.3,972.8,974.8,877500,13727662300,0,0
2024-06-18,978.8,982.5,960,963.3,665625,10290417700,0,0
2024-06-19,965,970.3,956.5,960,928800,14272102200,0,0
2024-06-20,955,964.5,952.8,961.8,601125,9230171100,0,0
2024-06-21,962.5,965.3,949.3,959,2618175,40140594300,0,0
2024-06-24,956.8,969.5,952,965.5,756475,11661176500,0,0
2024-06-25,979.3,996.5,976,992.3,933775,14784958900,0,0
2024-06-26,991,997,981.8,994.8,706975,11229498000,0,0
2024-06-27,990,998.5,983.5,986.8,598550,9469907600,0,0
2024-06-28,998.8,1006.8,993.5,1004.3,844625,13541939200,0,0
2024-07-01,1016.3,1018.3,1005.8,1008.8,558175,9022833400,0,0
2024-07-02,1013.3,1034,1005.8,1029,1092375,17908458400,0,0
2024-07-03,1031.5,1031.5,1012.5,1021.5,609375,9943461300,0,0
2024-07-04,1031.3,1035,1026,1032,468975,7744473600,0,0
2024-07-05,1037,1041,1025.3,1028.8,470050,7754545100,0,0
2024-07-08,1021.3,1028,1014.8,1015.8,505750,8244669200,0,0
2024-07-09,1017.5,1023,1013.5,1015.8,611975,9969222300,0,0
2024-07-10,1014.8,1018.8,1001.3,1012,663750,10736336600,0,0
2024-07-11,1025,1025.5,1015,1015.3,517075,8418128500,0,0
2024-07-12,999.5,1008.8,996,999.8,682675,10928510200,0,0
2024-07-16,1006,1021.5,1003,1015.8,408275,6635956900,0,0
2024-07-17,1022,1031.3,1019.8,1026.5,457000,7504972600,0,0
2024-07-18,1015.8,1022,1009.5,1009.5,412050,6684320400,0,0
2024-07-19,1002.3,1002.5,985.3,994,706875,11237753100,0,0
2024-07-22,1000.3,1000.8,982,984.3,368975,5829632100,0,0
2024-07-23,991.3,995.5,984.5,992.3,377125,5982216400,0,0
2024-07-24,985.3,990.5,972.8,974.8,472325,7403303500,0,0
2024-07-25,950,951.5,938.8,946,815450,12338160900,0,0
2024-07-26,945.3,954.8,936.8,946,499775,7571346400,0,0
2024-07-29,959,973,950.8,964.3,481325,7425294900,0,0
2024-07-30,951.5,969.3,946,961.5,578375,8877835700,0,0
2024-07-31,953,971.3,933.8,944.5,1300375,19724063700,0,0
2024-08-01,901,909.3,892.3,906.5,1384400,19986152900,0,0
2024-08-02,870.8,873.5,832,838.8,1432975,19427673200,0,0
2024-08-05,760,775,668.9,690.5,2237425,25892672750,0,0
2024-08-06,770.5,776.3,725,744.8,1809050,21729727250,0,0
2024-08-07,739,816.3,734.8,795.3,1480825,18757254200,0,0
2024-08-08,782,796.3,772.5,777.3,973700,12192310200,0,0
2024-08-09,795,804.8,776.5,793,989475,12566343700,0,0
2024-08-13,823,823,803.3,814.5,879700,11431119500,0,0
2024-08-14,824.8,836.5,815.3,828.3,758550,10041431800,0,0
2024-08-15,830.3,853.3,828.8,844.5,706675,9521659200,0,0
2024-08-16,876.3,876.3,857.3,871,792600,10996078000,0,0
2024-08-19,862.5,868.3,847,848,759925,10410809800,0,0
2024-08-20,857.5,860.8,838,843.3,847975,11471331300,0,0
2024-08-21,827.8,841.3,824.5,839,670925,8970393100,0,0
2024-08-22,837.3,841,831.5,840.5,450350,6035212700,0,0
2024-08-23,840.8,845.3,833.5,843.3,496000,6664293800,0,0
2024-08-26,844.5,847,836.3,837.5,443650,5956166100,0,0
2024-08-27,837.5,843.5,828,840.5,414100,5554116200,0,0
2024-08-28,839.5,844.5,836.3,844.5,333875,4494623100,0,0
2024-08-29,846,852.8,839.5,852.5,517050,7026277200,0,0
2024-08-30,854.5,864.5,852.8,861.5,725100,9985368300,0,0
2024-09-02,872.5,873.3,858.8,866.5,523200,7252155000,0,0
2024-09-03,867.8,874.8,863.5,863.8,459975,6389744800,0,0
2024-09-04,830,840.3,820.8,825,932600,12370825000,0,0
2024-09-05,807.5,837.5,802,823.3,763225,10030433200,0,0
2024-09-06,816.8,820.8,803.8,811.3,760550,9869776000,0,0
2024-09-09,780,804.5,778,801.8,630675,8004205600,0,0
2024-09-10,800.8,812,797.8,798.3,557075,7159404300,0,0
2024-09-11,780.8,793.5,773,784.3,842425,10548114200,0,0
2024-09-12,798.5,800.3,785.5,792.8,736600,9350376500,0,0
2024-09-13,793.5,795.3,783.8,789,766750,9702442400,0,0
2024-09-17,787.5,792.5,766,779.5,783025,9741663800,0,0
2024-09-18,794.8,794.8,776,783.5,619675,7771913900,0,0
2024-09-19,798.8,809.8,796.8,804.3,649500,8362796800,0,0
2024-09-20,829.5,829.5,812.3,812.3,1148625,15002497700,0,0
2024-09-24,825,826,815.5,816.3,707025,9267466700,0,0
2024-09-25,819,825.8,815.3,817.3,735625,9645311200,0,0
2024-09-26,823.3,836.3,817.3,836,1165125,15481210500,0,0
2024-09-27,833.3,833.8,820,832.3,1504000,19964892500,0,0
2024-09-30,786,806.5,784.5,798.5,1845400,23526797100,0,0
2024-10-01,802.3,837.3,800,829.5,1481875,19588690700,0,0
2024-10-02,825,835.8,820.8,828.8,1034525,13715973200,0,0
2024-10-03,848.5,849.8,835,838,988700,13316673800,0,0
2024-10-04,844.5,848,836,846.5,656900,8871805200,0,0
2024-10-07,865,865.8,852.8,856,636625,8742527500,0,0
2024-10-08,847.5,850,830.3,834.5,695000,9307922700,0,0
2024-10-09,843,845.8,823,825.3,490375,6501755800,0,0
2024-10-10,839.5,839.5,829.5,833,421750,5624761100,0,0
2024-10-11,840.3,841.3,828.5,829.5,491250,6557690100,0,0
2024-10-15,835,835.8,821,821.3,783400,10333112900,0,0
2024-10-16,812.5,827.8,807,823.8,658425,8660097500,0,0
2024-10-17,828,830.3,821,821,633875,8354245500,0,0
2024-10-18,825.3,829,821.8,822,404850,5339090700,0,0
2024-10-21,820.8,827,814,820.5,489725,6434748100,0,0
2024-10-22,820.5,824.8,808.3,812.8,601850,7842327800,0,0
2024-10-23,814.5,823,809.5,811.3,481575,6275002100,0,0
2024-10-24,801.5,810.8,794.5,808,562975,7257306200,0,0
2024-10-25,802.8,808,797,801,468375,6005306700,0,0
2024-10-28,800,821.5,795.8,817.8,558150,7284407600,0,0
2024-10-29,820,830.8,819.8,825.3,577025,7625579300,0,0
2024-10-30,827.3,840,826.5,832,1521150,20263483200,0,0
2024-10-31,832.5,836.8,794.3,811.3,1791575,23312572100,0,0
2024-11-01,805.5,813.8,795.5,797.3,1036125,13305406600,0,0
2024-11-05,800,813,799,807.5,780650,10083274700,0,0
2024-11-06,812.5,832.5,808,826.5,896025,11807954300,0,0
2024-11-07,844.3,852.8,837.8,843.5,1161125,15720531400,0,0
2024-11-08,852.8,853.8,826,832.8,700250,9381912600,0,0
2024-11-11,832.8,837,820,822.5,596025,7868545100,0,0
2024-11-12,828.8,835,820.3,820.3,634475,8375633800,0,0
2024-11-13,820,823,806.8,810,562375,7305868900,0,0
2024-11-14,810.3,829.5,810.3,812,586850,7679883100,0,0
2024-11-15,825.3,832,820.3,821,694400,9164375800,0,0
2024-11-18,816,822.8,811,813.3,546950,7142858100,0,0
2024-11-19,819.5,823.8,811,820,508025,6649258300,0,0
2024-11-20,821,824.3,813.8,814.5,408000,5336454300,0,0
2024-11-21,814.8,821.8,808,809.3,436350,5668921700,0,0
2024-11-22,811.3,828.3,810.3,820.5,670750,8818601400,0,0
2024-11-25,831.3,833,818.8,818.8,1475375,19397178900,0,0
2024-11-26,818.5,820.5,796.3,806,838750,10793377600,0,0
2024-11-27,805,808.3,790.5,794.5,726375,9264969300,0,0
2024-11-28,792.5,810,788.3,805.3,683800,8778319000,0,0
2024-11-29,798.8,806.3,795.8,802,758325,9719706100,0,0
2024-12-02,806,818.5,803.5,816,702375,9120581600,0,0
2024-12-03,821,834.5,819.5,830,1044225,13843921400,0,0
2024-12-04,832.3,833,820.8,820.8,639875,8442128400,0,0
2024-12-05,824.8,826.8,815.5,820,683225,8958571300,0,0
2024-12-06,819.5,821.3,811.5,811.5,429375,5589974800,0,0
2024-12-09,819.3,820.8,812,819,734400,9610159200,0,0
2024-12-10,849.5,853.5,837.3,839.3,1073575,14482995400,0,0
2024-12-11,841.8,844.3,830.5,838.5,623200,8355393000,0,0
2024-12-12,842.8,851,840,840.3,919875,12418189300,0,0
2024-12-13,831.8,841.5,827.5,834.3,879300,11711769700,0,0
2024-12-16,832.5,836,829.8,833,422400,5627702900,0,0
2024-12-17,832.8,840.3,822.8,822.8,564325,7482741700,0,0
2024-12-18,822.5,834.3,821.5,821.5,668875,8844548900,0,0
2024-12-19,810,825,809.5,818,582675,7625530200,0,0
2024-12-20,823.8,830.5,818,819.3,3139900,41245376200,0,0
2024-12-23,827,828.8,814.3,824.3,634950,8355542700,0,0
2024-12-24,828.8,830.5,825,826.3,446250,5905530700,0,0
2024-12-25,825,830,817.5,830,512750,6765899900,0,0
2024-12-26,827,845,827,844.8,766575,10297911300,0,0
2024-12-27,850,862,847.8,860.3,753325,10339414100,0,0
2024-12-30,865,871.3,855,857,557675,7672433400,0,0
2025-01-06,868,868,851,860.3,988775,13578813200,0,0
2025-01-07,858.5,863.5,852.5,856.5,624525,8572275600,0,0
2025-01-08,854.5,858.5,842.8,843,678275,9185740000,0,0
2025-01-09,842,842.5,818.8,819,669450,8834370000,0,0
2025-01-10,819.3,827,811.5,812,581700,7593105400,0,0
2025-01-14,806.5,815,804.3,811.3,734550,9517133100,0,0
2025-01-15,819.3,822,804,806.8,410350,5318761700,0,0
2025-01-16,810,814,802,803,539150,6948881400,0,0
2025-01-17,800,805,793.3,802.5,570775,7313766900,0,0
2025-01-20,807.3,818.3,805.8,814.8,440375,5732698300,0,0
2025-01-21,815.8,818,808.5,813.3,299600,3897242200,0,0
2025-01-22,818.8,822.5,810.8,816.5,486175,6355081200,0,0
2025-01-23,821.3,827.5,816.5,821.5,719650,9466272000,0,0
2025-01-24,825,834.3,820.8,822.5,515650,6820030600,0,0
2025-01-27,832.5,837,827.3,830,441150,5868886000,0,0
2025-01-28,827.5,834.5,822.5,828.3,424975,5632513300,0,0
2025-01-29,832.5,835.5,825.3,828,448725,5954356900,0,0
2025-01-30,827.5,841.3,826.8,840.5,458525,6141160300,0,0
2025-01-31,835.5,843.5,832.8,841,476950,6401909000,0,0
2025-02-03,820.5,830.3,818.5,826.5,901300,11905065100,0,0
2025-02-04,836,878.3,825,872.3,2077825,28709226200,0,0
2025-02-05,900,904.3,864,868.8,1312300,18490313000,0,0
2025-02-06,868.8,882.8,857.5,858.3,782925,10856240000,0,0
2025-02-07,850.5,852.5,839,845,669775,9055446000,0,0
2025-02-10,843.5,844.8,828.8,831.8,630400,8403469400,0,0
2025-02-12,831.8,832.5,811.5,817,770900,10105004000,0,0
2025-02-13,822.5,841.3,820.5,839.3,751300,10022467100,0,0
2025-02-14,836,842,830.5,833.8,617050,8250855800,0,0
2025-02-17,830,836.5,821.8,822.8,472175,6240671800,0,0
2025-02-18,823.5,834.3,821,826.5,464850,6160008300,0,0
2025-02-19,826.8,834.3,817.8,817.8,569775,7494442700,0,0
2025-02-20,814.8,815.5,801,807,837350,10805224900,0,0
2025-02-21,802.5,812.5,802.5,811,591250,7647976400,0,0
2025-02-25,851.5,868.3,844,864.3,1691175,23260822600,0,0
2025-02-26,867.5,867.5,836.5,846.5,1230075,16676423600,0,0
2025-02-27,848.5,862,846.5,859.8,681150,9332325600,0,0
2025-02-28,849,853.8,838,838.5,992200,13364936100,0,0
2025-03-03,849,856,842.3,856,768975,10475059100,0,0
2025-03-04,852,859,840,849.5,642700,8717770000,0,0
2025-03-05,849.5,861.8,847.8,860.3,723925,9924211800,0,0
2025-03-06,868.5,876.3,863.8,867.5,714050,9937975800,0,0
2025-03-07,856.3,863,847.8,861,826275,11340802800,0,0
2025-03-10,862.5,870,860.3,863.3,462400,6396167200,0,0
2025-03-11,852.8,858.5,838.5,854.3,827650,11251911200,0,0
2025-03-12,850,855.5,848.5,854.3,558050,7619249100,0,0
2025-03-13,857.5,863,853,856.3,541225,7420080300,0,0
2025-03-14,850,861.8,850,856.5,758150,10369252100,0,0
2025-03-17,864.8,882.3,864,876.3,666375,9332738600,0,0
2025-03-18,912.5,914,900.3,904.5,1383475,20098692200,0,0
2025-03-19,912.5,924,908.5,914.5,847700,12433951600,0,0
2025-03-21,903.5,914.3,901,905.8,1018475,14790030100,0,0
2025-03-24,909.3,909.5,888.8,898.8,742800,10678464800,0,0
2025-03-25,909.3,909.8,897.5,906.5,692825,10025751200,0,0
2025-03-26,915,918,905,911.8,832700,12124533800,0,0
2025-03-27,908.3,914.5,900.8,914.5,940575,13708357800,0,0
2025-03-28,898,902.5,879.3,884,906375,12843433800,0,0
2025-03-31,855,856.5,837.8,843,997275,13495568600,0,0
2025-04-01,860.5,865.8,851,853.5,784350,10746822800,0,0
2025-04-02,848.5,850.5,835.8,845,805975,10884095100,0,0
2025-04-03,800,823.8,798,820,1258725,16366301900,0,0
2025-04-04,799.5,813,777,793,1193825,15167547400,0,0
2025-04-07,700,737.3,696.6,716.4,1812275,20791784850,0,0
2025-04-08,747.1,778,747,765.8,989975,12131466250,0,0
2025-04-09,752.5,755.3,728.3,740.3,1064050,12627068500,0,0
2025-04-10,818,820,795.5,817.3,1153675,14983971800,0,0
2025-04-11,778.5,807.3,776.8,800.5,981550,12430387400,0,0
2025-04-14,812.8,815,804.8,804.8,650800,8419549500,0,0
2025-04-15,818.3,818.3,806.3,809,443800,5749901200,0,0
2025-04-16,805.3,808.8,796.5,802.5,567825,7289388400,0,0
2025-04-17,800,810,797,810,446550,5762594400,0,0
2025-04-18,812,816,807,813.8,400625,5211411800,0,0
2025-04-21,806.3,809.8,793.8,799.5,423000,5414609700,0,0
2025-04-22,804.5,822,800.3,822,554125,7231970800,0,0
2025-04-23,839.5,847.3,835.5,845.3,737000,9935518300,0,0
2025-04-24,850.5,859.8,848.8,851.5,538025,7339169300,0,0
2025-04-25,858.3,866.8,855.5,863.3,526975,7273946200,0,0
2025-04-28,867,879.3,866.3,872,536075,7487627100,0,0
2025-04-30,877.5,878.8,865.8,874.5,931825,13003495700,0,0
2025-05-01,870.8,903.5,859.5,893.3,2407275,34069745600,0,0
2025-05-02,895.5,896.3,873.3,875.8,1340525,18909917800,0,0
2025-05-07,896.3,908.3,893.3,906.8,1702725,24601973100,0,0
2025-05-08,910.3,912.3,892,906.8,899475,13013721800,0,0
2025-05-09,915,915.5,902,912,864050,12579988300,0,0
2025-05-12,916.3,922.8,909.5,920,602050,8834665100,0,0
2025-05-13,945.5,946.3,925,930,890625,13290577900,0,0
2025-05-14,933.5,934.8,913.3,925.3,710625,10487215800,0,0
2025-05-15,924.8,927,914,927,640225,9451840200,0,0
2025-05-16,927,931,923.5,928,528225,7842172500,0,0
2025-05-19,930.3,937.8,929.3,934.3,697225,10420215500,0,0
2025-05-20,937.3,939.3,917,924,703450,10427012600,0,0
2025-05-21,928.8,935.8,927.8,932,578650,8633423000,0,0
2025-05-22,927.3,927.5,915,920.3,690450,10155670800,0,0
2025-05-23,915.8,921,913.8,917.8,568200,8338820300,0,0
2025-05-26,915,917.3,908.5,914,450025,6575324000,0,0
2025-05-27,915,920.3,910,915.3,427425,6255301700,0,0
2025-05-28,923.8,926.8,915.8,915.8,571225,8397661800,0,0
2025-05-29,924,935,920.3,933,636575,9473336600,0,0
2025-05-30,917.5,929.3,913.8,925.5,1006600,14872556300,0,0
2025-06-02,918.5,921.3,911.5,916.5,469350,6873830700,0,0
2025-06-03,920,920.3,906.5,906.5,504475,7346715000,0,0
2025-06-04,906.3,916.5,905.5,913.3,480300,7011244400,0,0
2025-06-05,906,908.5,898.3,902.8,454600,6566121000,0,0
2025-06-06,903.3,907.5,900.8,907.5,437750,6339354000,0,0
2025-06-09,911.3,913.3,903.3,906,352750,5120074500,0,0
2025-06-10,909.3,909.8,901,903.3,555300,8041686900,0,0
2025-06-11,907.8,908,896.3,904,481300,6955296000,0,0
2025-06-12,910,910,897.5,905,530325,7672037900,0,0
2025-06-13,903.5,904.5,889.5,891.8,810500,11616786600,0,0
2025-06-16,901,908,896.3,905.5,534250,7731580200,0,0
2025-06-17,901.3,910.3,900,907,406775,5897380200,0,0
2025-06-18,905.3,919,905,917.5,585625,8574884000,0,0
2025-06-19,917.3,917.3,907.8,911.3,432575,6305958300,0,0
2025-06-20,905.8,914,903.8,907.3,2675900,38867680100,0,0
2025-06-23,906,909,896.5,898,414200,5964794400,0,0
2025-06-24,902.8,915,901.3,905,531000,7698602500,0,0
2025-06-25,902.5,902.5,891,893.8,447125,6401916600,0,0
2025-06-26,896.8,909.8,896.8,909.3,502550,7288579500,0,0
2025-06-27,920,928,914,924.8,923275,13653621700,0,0
2025-06-30,929.8,936,927.3,932.3,679375,10128850700,0,0
2025-07-01,925.5,929.3,920.8,927.8,447250,6628486200,0,0
2025-07-02,920.5,935,918,932.8,586500,8729733100,0,0
2025-07-03,929.5,945,926,940.3,602150,9032965700,0,0
2025-07-04,942,943.3,921,928,546675,8138939100,0,0
2025-07-07,931,931.3,916.8,919.5,387475,5711602000,0,0
2025-07-08,919.8,925,911.5,925,759950,11205513900,0,0
2025-07-09,927.5,933.5,921.5,931.8,537125,7987991500,0,0
2025-07-10,930,930.3,916.5,926.3,787975,11655862300,0,0
2025-07-11,929.3,934.3,922,927.3,478000,7101916700,0,0
2025-07-14,930.3,937.5,925.8,931.8,392475,5856007500,0,0
2025-07-15,931.8,932.5,921.8,921.8,441100,6521461000,0,0
2025-07-16,921.8,923.8,911.8,920.3,520425,7649221100,0,0
2025-07-17,915.8,927,911.5,927,495600,7312837800,0,0
2025-07-18,939,939,924.5,927.8,482575,7185984600,0,0
2025-07-22,929.5,940.8,922.8,931.5,500300,7447139100,0,0
2025-07-23,945,970.3,942.8,963.3,1112625,17127833100,0,0
2025-07-24,975,987,972.8,983.8,721675,11342293500,0,0
2025-07-25,979.3,980,967.5,971.3,545175,8485776800,0,0
2025-07-28,974.5,974.8,964.3,964.8,515850,7981598600,0,0
2025-07-29,959.5,960.3,949.5,955,530600,8098685600,0,0
2025-07-30,957.3,959.5,953.5,958,518225,7936984900,0,0
2025-07-31,967.5,1011.3,956.3,965,1951275,30329238200,0,0
2025-08-01,974.5,979,964.8,972,929725,14458644600,0,0
2025-08-04,950,971.8,948.3,970,865925,13358379400,0,0
2025-08-05,971.8,979.5,966.8,975.3,445000,6942385500,0,0
2025-08-06,975.8,995,973.8,992.8,642075,10176820600,0,0
2025-08-07,988.3,1001,987,993.3,504300,8024112700,0,0
2025-08-08,1000,1015.3,997.8,1006,828925,13364748200,0,0
2025-08-12,1016.8,1026.3,1011.3,1019.5,806325,13162597400,0,0
2025-08-13,1025.8,1028.3,1016.5,1017.8,556675,9095274000,0,0
2025-08-14,1011.3,1012.3,990,998,719450,11492839500,0,0
2025-08-15,1003.8,1007.8,997.8,1006,507475,8151442200,0,0
2025-08-18,1005,1015.5,1000.8,1009.5,407175,6585889200,0,0
2025-08-19,1012.5,1021.8,1009.3,1017.3,408775,6648245100,0,0
2025-08-20,1017.5,1021.8,1005,1009,475450,7698148200,0,0
2025-08-21,1014,1014.5,1000.3,1006.3,402650,6488298300,0,0
2025-08-22,1007.5,1018,1005.5,1017,310500,5035685700,0,0
2025-08-25,1021,1033.3,1018.3,1027.5,439375,7212114100,0,0
2025-08-26,1025.5,1025.5,1009,1021.8,625400,10208712200,0,0
2025-08-27,1025.5,1027.3,1012.8,1018.5,477200,7783656400,0,0
2025-08-28,1015,1035,1011.5,1029.8,543550,8921525100,0,0
2025-08-29,1031.8,1040,1028,1036.8,593400,9835563600,0,0
2025-09-01,1032.5,1035.8,1021.3,1029.8,412775,6796753500,0,0
2025-09-02,1032.5,1067.3,1032,1066,764875,12937234400,0,0
2025-09-03,1074.5,1084,1047,1052.3,818250,13912214500,0,0
2025-09-04,1057.5,1062.3,1051,1062,497975,8442901200,0,0
2025-09-05,1076,1090.5,1073.8,1083,714625,12372730300,0,0
2025-09-08,1091.5,1094.5,1081.5,1092.5,515300,8989610700,0,0
2025-09-09,1098.8,1098.8,1079.5,1079.5,708125,12309801000,0,0
2025-09-10,1078.8,1089.3,1072.3,1086,554075,9605748200,0,0
2025-09-11,1087.5,1087.5,1072.8,1080.5,467850,8087139600,0,0
2025-09-12,1089.8,1089.8,1080.3,1080.8,622425,10815691400,0,0
2025-09-16,1092,1100.8,1088,1091,594575,10404871000,0,0
2025-09-17,1085,1087,1072.3,1080.5,500925,8651902500,0,0
2025-09-18,1080,1091.5,1070.3,1085.5,542650,9416991500,0,0
2025-09-19,1092,1111.8,1087,1091,1172500,20572957700,0,0
2025-09-22,1091.8,1101.3,1091.3,1097.5,579350,10175577400,0,0
2025-09-24,1102.5,1102.5,1083.3,1086.8,749275,13042508800,0,0
2025-09-25,1091,1093.8,1084.5,1090.3,640275,11154813100,0,0
2025-09-26,1093.8,1105,1090.8,1096.5,843475,14814995100,0,0
2025-09-29,1076.5,1078.5,1067,1070.5,664750,11400858300,0,0
2025-09-30,1069.5,1075.3,1059.3,1072,558275,9558932500,0,0
2025-10-01,1065.3,1067.5,1041.8,1056.5,859250,14481016800,0,0
2025-10-02,1058,1069.3,1053.5,1062,561325,9537719800,0,0
2025-10-03,1063.8,1083.3,1062.5,1080.5,494175,8514168500,0,0
2025-10-06,1115.5,1118.8,1098,1102,908000,16072832300,0,0
2025-10-07,1109.3,1114,1103,1104.5,542975,9623047500,0,0
2025-10-08,1115.5,1125.8,1113.5,1118,790850,14154879400,0,0
2025-10-09,1119.8,1130.3,1117.3,1127.3,552950,9950094600,0,0
2025-10-10,1126.5,1126.8,1102.5,1117,900075,16110844800,0,0
2025-10-14,1099.5,1118.5,1090.3,1098.8,1049300,18490784000,0,0
2025-10-15,1106.3,1117,1104.8,1116,552825,9841386000,0,0
2025-10-16,1123.8,1124.3,1111,1114.3,650325,11614916000,0,0
2025-10-17,1106.3,1112.5,1102.8,1107.8,522725,9259980800,0,0
2025-10-20,1124.8,1130.3,1119.8,1126.3,571975,10308375100,0,0
2025-10-21,1130,1143.3,1129.8,1135.5,646600,11756191200,0,0
2025-10-22,1138.8,1147.5,1126.8,1146.3,539650,9843972100,0,0
2025-10-23,1147.5,1147.5,1135.8,1146.8,468600,8577062700,0,0
2025-10-24,1150.8,1164.5,1147.5,1154,720125,13331825400,0,0
2025-10-27,1176.3,1188,1174.5,1184.8,661925,12522179700,0,0
2025-10-28,1183,1183.5,1159,1162.3,536025,10026637200,0,0
2025-10-29,1162.3,1163.5,1146.5,1150,294375,5430493200,0,0
2025-10-30,1146.5,1166.5,1140,1163.5,1139000,21117428600,0,0
2025-10-31,1163.8,1163.8,1118.8,1121.5,1818050,33023337600,0,0
2025-11-04,1119,1127.8,1097.5,1103.5,1235150,21934291700,0,0
2025-11-05,1110,1134.5,1095.8,1128.3,1391775,24893843000,0,0
2025-11-06,1136,1182.5,1136,1171.5,1263075,23532985800,0,0
2025-11-07,1160,1179.5,1157.5,1179.5,871100,16370887100,0,0
2025-11-10,1190,1194,1179,1188.8,716025,13596308000,0,0
2025-11-11,1195,1197.3,1170.8,1174.8,511950,9669414000,0,0
2025-11-12,1175,1197,1174.8,1195.3,574750,10950321500,0,0
2025-11-13,1205,1226.3,1205,1224.8,828100,16167307200,0,0
2025-11-14,1212.5,1224,1203.3,1224,514950,10029833100,0,0
2025-11-17,1215,1221,1207,1211.3,647625,12570877700,0,0
2025-11-18,1205,1209.8,1172.3,1175.3,801100,15177552100,0,0
2025-11-19,1186.3,1187.5,1158.5,1170,593850,11156062000,0,0
2025-11-20,1187.5,1198.5,1181.8,1184,550575,10461835700,0,0
2025-11-21,1168.8,1188.8,1160.3,1185.5,1171375,22136857000,0,0
2025-11-25,1190.8,1201.3,1179,1187.8,638750,12159300500,0,0
2025-11-26,1196,1201.5,1188.3,1189.8,746775,14264944300,0,0
2025-11-27,1204.5,1215.3,1200.8,1203,626900,12094163000,0,0
2025-11-28,1204,1229.3,1196.5,1224.5,933325,18194527200,0,0
2025-12-01,1222,1222.5,1201.5,1213.8,649875,12589051600,0,0
2025-12-02,1215,1222,1210.5,1211.5,735100,14276772500,0,0
2025-12-03,1213,1217,1201,1202.8,651600,12574560600,0,0
2025-12-04,1222.5,1261,1220.3,1252.3,1141950,22768735700,0,0
2025-12-05,1251.3,1254.3,1225,1225,1061250,20951567000,0,0
2025-12-08,1243.5,1265,1239.8,1263.8,746250,15010191300,0,0
2025-12-09,1263.5,1280.5,1260,1268.3,776400,15734896400,0,0
2025-12-10,1274.5,1293,1269.8,1287.3,795125,16327189500,0,0
2025-12-11,1301.3,1327.8,1300.3,1321.8,1125950,23754634400,0,0
2025-12-12,1338.8,1355,1333.8,1349.5,1186525,25553794300,0,0
2025-12-15,1352,1354,1340.8,1343.3,882900,19007262500,0,0
2025-12-16,1368.3,1368.3,1323.5,1326.8,1180850,25240949100,0,0
2025-12-17,1326.8,1333.8,1311.5,1329.3,872800,18508455300,0,0
2025-12-18,1329.3,1338.5,1320.3,1327.8,764275,16254211500,0,0
2025-12-19,1333,1357.3,1331.5,1349.3,1589200,34281113900,0,0
2025-12-22,1362.5,1362.5,1349,1355.8,763900,16581522200,0,0
2025-12-23,1357.5,1372,1357.3,1363.5,800450,17487172600,0,0
2025-12-24,1363.5,1367.5,1352.8,1353.8,557175,12114723400,0,0
2025-12-25,1368,1370.3,1361,1367.5,414975,9068295300,0,0
2025-12-26,1365,1370,1350.3,1354.5,434525,9451229400,0,0
2025-12-29,1362,1380.3,1360,1373.3,669325,14706794600,0,0
2025-12-30,1363.8,1370,1353,1353,513500,11164586900,0,0
2026-01-05,1385.8,1406.5,1382.5,1392.3,828900,18497306300,0,0
2026-01-06,1407.5,1429.5,1407.5,1425.3,775575,17642863900,0,0
2026-01-07,1410,1423.3,1406.3,1415.8,622975,14115481100,0,0
2026-01-08,1423.3,1451.3,1408,1412,1070200,24427775600,0,0
2026-01-09,1414.8,1424.5,1410.3,1415.5,771050,17461012300,0,0
2026-01-13,1459.3,1487.5,1454,1487.5,1089325,25688220700,0,0
2026-01-14,1491.3,1504.3,1475.8,1495.3,853400,20408897100,0,0
2026-01-15,1497.5,1542.3,1493.8,1533,1066475,26083047600,0,0
2026-01-16,1558,1612.5,1537.5,1572,1092150,27365729300,0,0
2026-01-19,1561.3,1563,1537,1558.3,835350,20762107000,0,0
2026-01-20,1572.5,1574.5,1552,1564,866225,21671209900,0,0
2026-01-21,1539,1562.8,1535,1562.8,788525,19619431100,0,0
2026-01-22,1583.3,1588.8,1564.5,1574.5,687400,17314030300,0,0
2026-01-23,1588.8,1594.3,1571.5,1571.5,650600,16442787400,0,0
2026-01-26,1535,1544,1508,1514.5,974725,23729455000,0,0
2026-01-27,1527.5,1559.8,1512.5,1557.5,919500,22715105600,0,0
2026-01-28,1549.5,1575,1539,1566.8,742700,18550149400,0,0
2026-01-29,1555.8,1582.3,1545,1570,838475,20999542900,0,0
2026-01-30,1580.5,1592.8,1551,1562.3,1004200,25175893100,0,0
2026-02-02,1581.8,1587,1514.3,1514.3,1178500,29012424600,0,0
2026-02-03,1564.3,1582.5,1553.8,1582.5,955700,24043613800,0,0
2026-02-04,1591.5,1618.8,1528.8,1537,2336025,58274294200,0,0
2026-02-05,1512,1520,1477,1487.5,1562425,37408291700,0,0
2026-02-06,1475,1537.3,1469.8,1537.3,1177200,28539225500,0,0
2026-02-09,1575,1591.3,1553.8,1583.3,1334950,33674452200,0,0
2026-02-10,1597.5,1639.8,1582,1636.5,1127625,29244928700,0,0
2026-02-12,1647.8,1688.8,1639,1684.8,1265250,33901097800,0,0
2026-02-13,1665,1682.5,1654.3,1656.8,1083150,28854490000,0,0
2026-02-16,1656.5,1657,1620.8,1632.5,739275,19346772800,0,0
2026-02-17,1649,1667.5,1631.5,1637.3,731325,19253017000,0,0
2026-02-18,1656.3,1676.8,1621.3,1640,718075,18935158800,0,0
2026-02-19,1653,1661.3,1632.5,1660.3,648500,17168914000,0,0
2026-02-20,1647.3,1649.5,1595.5,1595.5,1154250,29656931300,0,0
2026-02-24,1592.8,1593.8,1567.8,1581.8,1052725,26624521000,0,0
2026-02-25,1566.3,1618.3,1557,1606.8,1083600,27660869600,0,0
2026-02-26,1629.5,1637,1600,1609.5,663700,17150737800,0,0
2026-02-27,1612.5,1671.3,1598,1665.8,1604425,42571112900,0,0
2026-03-02,1610.8,1652.5,1595.5,1651.8,903625,23604176900,0,0
2026-03-03,1646.8,1659.5,1581.8,1581.8,1330325,34356780400,0,0
2026-03-04,1506.8,1534.3,1443.5,1466.8,1776525,41955059800,0,0
2026-03-05,1500,1532.5,1472.8,1488.3,1182550,28365972400,0,0
2026-03-06,1463.3,1473.8,1440,1467.8,1023225,23955557500,0,0
2026-03-09,1367.8,1411.8,1354.3,1403.3,1358525,29974945400,0,0
2026-03-10,1428.3,1454,1417.5,1443,982375,22592995200,0,0
2026-03-11,1475,1475,1434.3,1442.3,836525,19440375100,0,0
2026-03-12,1417.8,1424.8,1379.3,1399.3,1021850,22859936800,0,0
2026-03-13,1374.3,1417.5,1374.3,1393,958400,21342528500,0,0
2026-03-16,1405.3,1420.3,1395,1408.5,750650,16915730400,0,0
2026-03-17,1426.3,1453,1421.8,1430.3,631100,14476509500,0,0
2026-03-18,1462.5,1511.5,1457,1498,1030000,24601454300,0,0
2026-03-19,1448,1457.5,1423.8,1425,1346000,30868315000,0,0
2026-03-23,1375,1385.3,1350,1368,1059550,23189056400,0,0
2026-03-24,1401.3,1425.5,1387,1425.5,773400,17483131900,0,0
2026-03-25,1469.3,1469.8,1447.5,1458,732700,17103429600,0,0
2026-03-26,1474.8,1483,1454.8,1471.8,565900,13306032900,0,0
2026-03-27,1464.8,1497.8,1461.3,1497.8,1054750,25159204100,0,0
2026-03-30,1408.8,1470,1408.3,1463,1066400,24798940000,0,0
2026-03-31,1430.8,1475.8,1427.3,1445,1272600,29490990000,0,0
2026-04-01,1498.5,1547.3,1491.8,1545.5,1152325,28242358300,0,0
2026-04-02,1570.5,1571.3,1496.5,1500.3,769150,18731790100,0,0
2026-04-03,1523.5,1524.8,1499.5,1508.8,489100,11821439200,0,0
2026-04-06,1500.3,1511.8,1486,1490.8,466050,11163824500,0,0
2026-04-07,1501.5,1517.8,1490.3,1511.3,529150,12760849900,0,0
2026-04-08,1586.3,1586.3,1554,1563.3,975250,24447569500,0,0
2026-04-09,1572.5,1588,1552,1557.8,750175,18755913000,0,0
2026-04-10,1566,1567.3,1521,1521,811675,19907661500,0,0
2026-04-13,1519.3,1534.5,1499,1508.8,529825,12822084600,0,0
2026-04-14,1530,1540.5,1516.3,1517.3,520925,12704050800,0,0
2026-04-15,1531.3,1532.5,1510.8,1515.5,619200,15040802200,0,0
2026-04-16,1532.3,1537.3,1517.8,1523.5,716800,17500325900,0,0
2026-04-17,1520.5,1522,1488.5,1503.8,673325,16195496100,0,0
2026-04-20,1519.8,1520.8,1497.8,1500,546200,13146894300,0,0
2026-04-21,1496.5,1508,1490.3,1497.5,492550,11814262700,0,0
2026-04-22,1480.3,1482.3,1445.8,1455.3,730225,16996078300,0,0
2026-04-23,1445,1459,1427.8,1438.5,804900,18567691800,0,0
2026-04-24,1463.5,1471.8,1445.3,1445.3,548700,12749975100,0,0
2026-04-27,1425.3,1434.8,1416.3,1423.3,698200,15914429500,0,0
2026-04-28,1446,1455.5,1400,1450.3,883800,20446451900,0,0
2026-04-30,1425.5,1460,1420.3,1460,1123425,26032381200,0,0
2026-05-01,1457.5,1710,1422.8,1710,4284150,110696823400,1,0
2026-05-07,1710,1889,1702,1850,4943425,145073856200,0,0
2026-05-08,1847.3,1861.8,1787.3,1795,1823575,52844302400,0,0
2026-05-11,1795,1836.8,1795,1801.5,1084600,31342539400,0,0
2026-05-12,1817.5,1877.3,1809.3,1857,872050,25853878000,0,0
2026-05-13,1875,1943.8,1868.8,1924.8,1025975,31481775400,0,0
2026-05-14,1917.8,1917.8,1843.8,1885,947300,28493339700,0,0
2026-05-18,1877.5,1888.5,1805,1814.3,646125,18840148000,0,0
2026-05-19,1823.8,1837.3,1803.3,1804.3,582800,16907643000,0,0
2026-05-20,1804.3,1813.8,1734,1752.8,1047900,29477908700,0,0
2026-05-21,1785.5,1796.8,1752.5,1780,488400,13901823600,0,0
2026-05-22,1767.8,1792,1758,1782.8,510100,14519104100,0,0
2026-05-25,1782.8,1840.3,1774.5,1840.3,639425,18651761400,0,0
2026-05-26,1825,1862,1811.3,1840,689700,20303637400,0,0
2026-05-27,1832.5,1837.5,1794.8,1797.5,758700,21926821500,0,0
2026-05-28,1761.3,1785.5,1749.3,1776.3,1153650,32666199700,0,0
2026-05-29,1776,1812.8,1774.8,1774.8,2699025,76838979500,0,0
2026-06-01,1777.5,1782,1728.5,1745.5,908675,25426593600,0,0
2026-06-02,1705.3,1724.5,1686.5,1705,780850,21295158700,0,0
2026-06-03,1730,1740.5,1710.5,1710.5,659000,18151635200,0,0
2026-06-04,1695.5,1711.8,1679,1693.8,638075,17281962600,0,0
2026-06-05,1694,1721.5,1693.8,1710.5,479925,13110051900,0,0
2026-06-08,1685.5,1695,1634.8,1654.3,822650,21777110600,0,0
2026-06-09,1674.5,1676.3,1631.5,1641.3,844350,22226878700,0,0
2026-06-10,1636.3,1641.5,1579.8,1584.5,1091475,27861125000,0,0
2026-06-11,1559.5,1566,1529.8,1546.5,1177075,29099042000,0,0
2026-06-12,1571.5,1581.3,1550,1564.8,1142575,28612151800,0,0
2026-06-15,1600,1660,1597,1641.8,829150,21733626800,0,0
2026-06-16,1632.5,1641.3,1617.5,1632.3,603050,15752574100,0,0
2026-06-17,1650.3,1661.3,1619.5,1636.8,569625,14929264000,0,0
2026-06-18,1626.5,1654,1623.3,1626.8,513550,13402311900,0,0
2026-06-19,1625.5,1642,1583,1608.8,1406300,36127184400,0,0
2026-06-22,1600,1623,1590,1622.3,424425,10960504400,0,0
2026-06-23,1628.5,1634.3,1595,1595,751175,19347031200,0,0
2026-06-24,1593,1594.5,1552,1567.5,701225,17612600100,0,0
2026-06-25,1592.5,1592.5,1532.5,1532.5,13427600,20763090200,0,0
2026-06-26,1532.8,1555.5,1526,1550.3,11006400,17004367900,0,0
2026-06-29,1555,1577.5,1532.5,1532.5,18273500,28094966300,0,0
2026-06-30,1559.5,1578,1540.5,1549,13056500,20275821900,0,0
2026-07-01,1572,1578,1535,1565.5,9863200,15372466200,0,0
2026-07-02,1591,1626.5,1575,1584,14840700,23765818500,0,0
2026-07-03,1595,1619.5,1570,1575,9399700,14886037700,0,0
2026-07-06,1585.5,1614,1578.5,1591,8014500,12765408350,0,0
2026-07-07,1601,1650.5,1600,1609.5,14751200,23875558500,0,0
2026-07-08,1608.5,1610.5,1564.5,1564.5,13968700,22028944650,0,0
2026-07-09,1563,1572,1551,1565.5,7670200,11989573500,0,0
2026-07-10,1565.5,1569,1547,1555.5,11196800,17420979550,0,0
