Date,Open,High,Low,Close,Volume,TradingValue,UpLimit,UnderLimit
2016-02-05,1036,1051.5,1027.5,1047.5,688400,,,
2016-02-08,1026,1060.5,1026,1055.5,509000,,,
2016-02-09,1016,1023.5,997,998.5,851600,,,
2016-02-10,1004,1006.5,965.5,976,777000,,,
2016-02-12,962.5,979.5,917,920,1647800,,,
2016-02-15,966,978.5,937.5,972.5,995600,,,
2016-02-16,954.5,984,954.5,967.5,824800,,,
2016-02-17,955.5,969.5,940,956.5,665800,,,
2016-02-18,973.5,985,970,974,678600,,,
2016-02-19,960,961,941,957,490400,,,
2016-02-22,952,977.5,952,973,389600,,,
2016-02-23,977.5,985,959.5,961.5,517200,,,
2016-02-24,945,960,934.5,948.5,532800,,,
2016-02-25,946.5,980,946.5,975.5,563000,,,
2016-02-26,974,980.5,947.5,966.5,741200,,,
2016-02-29,974.5,978,950,950,399600,,,
2016-03-01,944.5,952.5,930.5,939,412800,,,
2016-03-02,961,970.5,954.5,962.5,444000,,,
2016-03-03,952.5,971,951.5,969.5,462800,,,
2016-03-04,946.5,964.5,940.5,963.5,652800,,,
2016-03-07,962.5,966,954.5,962,260200,,,
2016-03-08,954,954,919,928.5,515000,,,
2016-03-09,920.5,934,917.5,932,485400,,,
2016-03-10,947.5,982,942,976,692400,,,
2016-03-11,964,982.5,960,973.5,566200,,,
2016-03-14,985.5,1007,985.5,993.5,363400,,,
2016-03-15,984.5,1004.5,978.5,994,393600,,,
2016-03-16,984,990.5,978,986,335000,,,
2016-03-17,1001.5,1007.5,983.5,989.5,432800,,,
2016-03-18,982.5,984,964.5,977,568400,,,
2016-03-22,997.5,1020.5,995,1020,506000,,,
2016-03-23,1018.5,1023,1004,1004.5,312600,,,
2016-03-24,999.5,1018,999,1012,390800,,,
2016-03-25,1012.5,1015.5,994.5,1003.5,341800,,,
2016-03-28,1007,1023.5,1007,1022,366400,,,
2016-03-29,1022,1039,1017.5,1027.5,316000,,,
2016-03-30,1020.5,1027,1002,1003,335400,,,
2016-03-31,1003.5,1009.5,979.5,983,442400,,,
2016-04-01,987,988,948,951.5,387400,,,
2016-04-04,948.5,964.5,941,948,430000,,,
2016-04-05,947.5,954.5,918.5,919,337200,,,
2016-04-06,911.5,918,905,909.5,418400,,,
2016-04-07,908,918.5,904.5,914.5,280000,,,
2016-04-08,900,932,895,919.5,369400,,,
2016-04-11,912.5,919.5,890,912,386200,,,
2016-04-12,905.5,927.5,904,923,377800,,,
2016-04-13,932,943.5,928.5,938.5,345000,,,
2016-04-14,950.5,966,947,962.5,326200,,,
2016-04-15,958,966.5,954,959,383000,,,
2016-04-18,917,940,917,934.5,293000,,,
2016-04-19,951.5,963.5,950.5,956.5,377800,,,
2016-04-20,963.5,976,949.5,952,457800,,,
2016-04-21,969,978.5,964.5,971,315600,,,
2016-04-22,984.5,1007.5,980,997.5,841600,,,
2016-04-25,1010.5,1020,994.5,1007.5,633600,,,
2016-04-26,1091.5,1108,1048,1055,1892200,,,
2016-04-27,1049.5,1055,1022,1022.5,870200,,,
2016-04-28,1019,1033,984.5,987,673600,,,
2016-05-02,943.5,981.5,943.5,975,784600,,,
2016-05-06,975,990.5,961.5,986,760400,,,
2016-05-09,999.5,1002,988.5,991,370600,,,
2016-05-10,994.5,1021.5,994.5,1017,506600,,,
2016-05-11,1020,1028.5,1014,1017.5,623200,,,
2016-05-12,1006,1019,995,1016,633200,,,
2016-05-13,1018,1023,1002,1013.5,616200,,,
2016-05-16,1012.5,1024.5,996,999.5,453400,,,
2016-05-17,1022,1038.5,1019,1025.5,427600,,,
2016-05-18,1018.5,1024,1002,1008.5,545200,,,
2016-05-19,1016.5,1024,1006.5,1014.5,373000,,,
2016-05-20,998,1007,986.5,1002,763000,,,
2016-05-23,998,1007.5,990.5,1005,274600,,,
2016-05-24,999.5,1000.5,989,994.5,336800,,,
2016-05-25,1014,1026.5,1011.5,1014,448000,,,
2016-05-26,1027,1034.5,1009,1022.5,588000,,,
2016-05-27,1029.5,1029.5,1017.5,1022,319800,,,
2016-05-30,1036.5,1040,1020,1039.5,325200,,,
2016-05-31,1038.5,1051.5,1033,1051.5,632600,,,
2016-06-01,1036.5,1049.5,1026,1030.5,299400,,,
2016-06-02,1037,1045.5,1016,1018,549000,,,
2016-06-03,1016,1022,1006,1009.5,342000,,,
2016-06-06,1000,1016,992.5,1015,410400,,,
2016-06-07,1015.5,1021.5,1008,1018.5,302200,,,
2016-06-08,1025,1036.5,1019.5,1032.5,556000,,,
2016-06-09,1029.5,1038.5,1028.5,1032.5,284200,,,
2016-06-10,1045,1051,1031,1041.5,650400,,,
2016-06-13,1025,1025,1001.5,1001.5,370400,,,
2016-06-14,1001,1005.5,979.5,991,517200,,,
2016-06-15,987,1002,976,991,708000,,,
2016-06-16,983,991,942.5,947,611600,,,
2016-06-17,961.5,970.5,942.5,950.5,807400,,,
2016-06-20,973.5,980,967,975.5,202600,,,
2016-06-21,964.5,985,956,979,351000,,,
2016-06-22,970,970.5,956,970,388600,,,
2016-06-23,968,976,964,975,254200,,,
2016-06-24,978,986,898.5,909.5,494000,,,
2016-06-27,922.5,960,922.5,956,495400,,,
2016-06-28,946,967,909.5,961,725400,,,
2016-06-29,966.5,967.5,938.5,949.5,459200,,,
2016-06-30,956.5,957,930.5,931.5,591000,,,
2016-07-01,942.5,968.5,925.5,961,720200,,,
2016-07-04,959.5,986.5,943.5,982,718800,,,
2016-07-05,971,975.5,964,973,331000,,,
2016-07-06,956,969,943,967.5,294600,,,
2016-07-07,959,966,951,954,326800,,,
2016-07-08,960,964,934,935,277800,,,
2016-07-11,962.5,983,961.5,974.5,345000,,,
2016-07-12,983,994,976,983,404400,,,
2016-07-13,997,999.5,973.5,979.5,436800,,,
2016-07-14,979.5,991.5,974,989.5,250000,,,
2016-07-15,993.5,998.5,975,978,471400,,,
2016-07-19,978,987,963,972.5,790400,,,
2016-07-20,968,991.5,959.5,987,708600,,,
2016-07-21,994,994,966,972.5,542200,,,
2016-07-22,958,989.5,956,984.5,529800,,,
2016-07-25,993.5,998.5,976,992.5,827800,,,
2016-07-26,992.5,992.5,878.5,888.5,2142600,,,
2016-07-27,910.5,921,898.5,907.5,1318800,,,
2016-07-28,899.5,904,863,874.5,1114200,,,
2016-07-29,876.5,890.5,863,888.5,760000,,,
2016-08-01,875,888.5,868.5,879,641000,,,
2016-08-02,883,899.5,881,887,624800,,,
2016-08-03,871,884,867,875,475800,,,
2016-08-04,880.5,885.5,868.5,871.5,538000,,,
2016-08-05,871.5,884.5,871.5,883.5,414200,,,
2016-08-08,896,906,883.5,900.5,549400,,,
2016-08-09,901.5,919.5,895,918.5,526200,,,
2016-08-10,908.5,921,904,921,344800,,,
2016-08-12,931,939.5,925.5,928.5,437000,,,
2016-08-15,920,922,913,920,196800,,,
2016-08-16,920,934,914,916,342200,,,
2016-08-17,914,924,908,910,347200,,,
2016-08-18,910,916.5,900.5,900.5,404400,,,
2016-08-19,903.5,903.5,889,899,374200,,,
2016-08-22,903.5,903.5,895,900.5,238200,,,
2016-08-23,898.5,904.5,893,898,242200,,,
2016-08-24,900,906.5,897,902.5,214800,,,
2016-08-25,903.5,909.5,901.5,906.5,255600,,,
2016-08-26,898.5,898.5,889,896,335800,,,
2016-08-29,913.5,921,898.5,902,214000,,,
2016-08-30,900,907,893.5,901.5,228000,,,
2016-08-31,906,908,893,907.5,258000,,,
2016-09-01,907,923.5,904.5,919.5,331200,,,
2016-09-02,917,926.5,906.5,919.5,190400,,,
2016-09-05,927.5,927.5,919,924.5,137400,,,
2016-09-06,928,939,928,937,203600,,,
2016-09-07,926,948,925.5,947,300800,,,
2016-09-08,945.5,946.5,916,919,515800,,,
2016-09-09,918.5,921.5,903.5,909,365600,,,
2016-09-12,895.5,906.5,895.5,904.5,191800,,,
2016-09-13,910.5,916,905,910.5,274600,,,
2016-09-14,903.5,905.5,895,898.5,268400,,,
2016-09-15,896,901.5,892.5,896.5,175400,,,
2016-09-16,897.5,907,895,901.5,194000,,,
2016-09-20,896.5,912.5,892.5,903.5,343200,,,
2016-09-21,902.5,929.5,899,929.5,344200,,,
2016-09-23,930,934,921.5,934,425400,,,
2016-09-26,934.5,938.5,924,931.5,419600,,,
2016-09-27,924.5,939,918,939,273400,,,
2016-09-28,938,943.5,929.5,935,250400,,,
2016-09-29,944,949.5,939.5,942.5,270600,,,
2016-09-30,928.5,945,917,936,350200,,,
2016-10-03,940.5,947.5,937,942,238800,,,
2016-10-04,939,939.5,929,939,282200,,,
2016-10-05,934.5,937.5,927.5,935.5,362400,,,
2016-10-06,939,945.5,930.5,933.5,326800,,,
2016-10-07,928,932.5,919,919.5,273800,,,
2016-10-11,929,940,924,925.5,317200,,,
2016-10-12,916.5,950,916.5,936.5,586000,,,
2016-10-13,941.5,943.5,928.5,934.5,285000,,,
2016-10-14,932,934,921.5,933.5,306600,,,
2016-10-17,926,936,926,932.5,223600,,,
2016-10-18,929.5,937.5,924.5,934,264400,,,
2016-10-19,932,938,925.5,930.5,266800,,,
2016-10-20,930,936,926,932,163600,,,
2016-10-21,928,933,922,924.5,350000,,,
2016-10-24,921,923.5,912.5,922,303400,,,
2016-10-25,925,936,925,933.5,360400,,,
2016-10-26,923.5,926,899,901.5,1144000,,,
2016-10-27,897.5,903,889,892.5,771200,,,
2016-10-28,900,903.5,893.5,897.5,588600,,,
2016-10-31,891.5,908,891.5,907.5,536200,,,
2016-11-01,906.5,907.5,900,901,481200,,,
2016-11-02,894,898.5,890,893.5,417400,,,
2016-11-04,894,898,884.5,895,453000,,,
2016-11-07,905,913.5,898,904,488200,,,
2016-11-08,904,904,892.5,894.5,239400,,,
2016-11-09,895,900.5,850.5,854,493200,,,
2016-11-10,888,895,881,888,347600,,,
2016-11-11,894,896,869,870.5,393600,,,
2016-11-14,872,879,868.5,875,344000,,,
2016-11-15,874.5,880,866,872.5,410200,,,
2016-11-16,876,877.5,867.5,871.5,447400,,,
2016-11-17,867.5,877.5,864,876,319800,,,
2016-11-18,873.5,876,866.5,873.5,512600,,,
2016-11-21,879.5,886,878.5,886,338200,,,
2016-11-22,880,892,880,892,282400,,,
2016-11-24,900,901,893,897.5,218800,,,
2016-11-25,897.5,901.5,893.5,900.5,361600,,,
2016-11-28,900.5,900.5,887.5,898.5,419200,,,
2016-11-29,886,894.5,885.5,892,485200,,,
2016-11-30,898,907,897,901,655400,,,
2016-12-01,911,914.5,902,909,533400,,,
2016-12-02,907.5,910.5,901.5,907,589200,,,
2016-12-05,895,903,893.5,899,297200,,,
2016-12-06,903,904.5,898.5,900,416400,,,
2016-12-07,906.5,916,901,912.5,511200,,,
2016-12-08,925,930,921,925,732800,,,
2016-12-09,920,933,917.5,932,497400,,,
2016-12-12,936.5,949,934.5,943,614800,,,
2016-12-13,945,955,941.5,950.5,624800,,,
2016-12-14,954.5,959,952.5,956.5,582000,,,
2016-12-15,962.5,980,961,966.5,969600,,,
2016-12-16,969.5,972.5,961,963.5,643000,,,
2016-12-19,985,999.5,982,998,882400,,,
2016-12-20,987.5,995,985.5,991.5,517400,,,
2016-12-21,991.5,992.5,980,984,307000,,,
2016-12-22,984,992.5,983,992.5,255200,,,
2016-12-26,997,999,993,993.5,353400,,,
2016-12-27,994,998,990.5,993,270800,,,
2016-12-28,982,992.5,977,990,230400,,,
2016-12-29,983.5,987.5,976,978.5,316800,,,
2016-12-30,978.5,986.5,964.5,983,382600,,,
2017-01-04,993.5,1006.5,985.5,1001,851200,,,
2017-01-05,1010,1012.5,999,1009.5,545400,,,
2017-01-06,1002.5,1015.5,1000,1013.5,422800,,,
2017-01-10,999,1003.5,987.5,993.5,661200,,,
2017-01-11,1001.5,1009,995,1002,474200,,,
2017-01-12,1001,1002,991.5,996,373200,,,
2017-01-13,1000,1003.5,994.5,1002,352200,,,
2017-01-16,995.5,998,990,996,199200,,,
2017-01-17,996,996,980,980.5,323200,,,
2017-01-18,978.5,981.5,968.5,979,259400,,,
2017-01-19,988,990.5,979,986.5,267200,,,
2017-01-20,977.5,979,968.5,976.5,386600,,,
2017-01-23,972.5,975,964.5,970.5,298000,,,
2017-01-24,964,970,959.5,961.5,305200,,,
2017-01-25,975,978,966.5,977,467000,,,
2017-01-26,977,979.5,970.5,978,524000,,,
2017-01-27,979.5,985,971,977.5,270000,,,
2017-01-30,970,978,967,971.5,273400,,,
2017-01-31,1019.5,1092,1016,1078,2064000,,,
2017-02-01,1073.5,1115,1072,1112,1173200,,,
2017-02-02,1110,1124.5,1102,1106,816400,,,
2017-02-03,1100,1119,1095.5,1106.5,577000,,,
2017-02-06,1106,1119.5,1102.5,1114.5,492800,,,
2017-02-07,1117,1129,1112.5,1113,578400,,,
2017-02-08,1102.5,1113.5,1088.5,1105,494800,,,
2017-02-09,1109.5,1122,1105,1112,411600,,,
2017-02-10,1125,1125,1113,1119,333800,,,
2017-02-13,1125,1129.5,1120.5,1124,270600,,,
2017-02-14,1126,1132.5,1108.5,1111,458000,,,
2017-02-15,1115.5,1135,1113.5,1131,576000,,,
2017-02-16,1129.5,1133,1122,1132.5,358800,,,
2017-02-17,1127.5,1136.5,1118.5,1135,341600,,,
2017-02-20,1134.5,1141,1126,1140,275400,,,
2017-02-21,1138,1140,1130,1139.5,180200,,,
2017-02-22,1134.5,1144,1128,1144,375800,,,
2017-02-23,1148.5,1150,1131,1134.5,371800,,,
2017-02-24,1128.5,1146.5,1128.5,1145,312800,,,
2017-02-27,1137.5,1137.5,1123.5,1135,385000,,,
2017-02-28,1126,1129.5,1119,1120.5,525400,,,
2017-03-01,1115,1124.5,1107,1123,411400,,,
2017-03-02,1126,1132,1120,1129.5,413400,,,
2017-03-03,1130.5,1135.5,1120.5,1122.5,233600,,,
2017-03-06,1110,1127,1109,1122,247200,,,
2017-03-07,1125,1126.5,1116.5,1119.5,288000,,,
2017-03-08,1120,1132,1119.5,1122.5,412400,,,
2017-03-09,1133.5,1137,1128.5,1134.5,272800,,,
2017-03-10,1109.5,1123.5,1095.5,1117,789400,,,
2017-03-13,1118,1132,1117,1123.5,253800,,,
2017-03-14,1127.5,1128,1120.5,1123,154200,,,
2017-03-15,1125,1129.5,1121.5,1122,174400,,,
2017-03-16,1117,1128,1115,1126.5,243600,,,
2017-03-17,1118.5,1125,1115,1124.5,199200,,,
2017-03-21,1125.5,1132.5,1117.5,1125,258000,,,
2017-03-22,1107.5,1117.5,1106.5,1109.5,214800,,,
2017-03-23,1100,1104.5,1090.5,1096.5,385400,,,
2017-03-24,1101.5,1113,1098,1108,232800,,,
2017-03-27,1086,1106,1086,1093.5,360000,,,
2017-03-28,1107.5,1122.5,1107.5,1117.5,354800,,,
2017-03-29,1125,1137.5,1121.5,1126,499800,,,
2017-03-30,1123.5,1131.5,1111,1124,415400,,,
2017-03-31,1130,1139.5,1107,1107,486600,,,
2017-04-03,1116,1126,1110.5,1122,409400,,,
2017-04-04,1116,1124.5,1107.5,1113,264200,,,
2017-04-05,1121.5,1123,1106,1109,295000,,,
2017-04-06,1106,1109.5,1087,1089,293000,,,
2017-04-07,1105,1116,1099.5,1111,414600,,,
2017-04-10,1124,1124.5,1111,1119,240600,,,
2017-04-11,1106.5,1118.5,1101,1104,251200,,,
2017-04-12,1101,1101.5,1086.5,1093,269400,,,
2017-04-13,1093.5,1103.5,1090.5,1097,366200,,,
2017-04-14,1086,1092.5,1066,1069,316600,,,
2017-04-17,1069.5,1085,1067.5,1083,290600,,,
2017-04-18,1088,1096,1082,1085.5,179000,,,
2017-04-19,1085.5,1104,1085.5,1102,338200,,,
2017-04-20,1106,1115,1090,1090,252000,,,
2017-04-21,1096.5,1101,1091.5,1100,249400,,,
2017-04-24,1116,1126.5,1113,1126,382800,,,
2017-04-25,1123.5,1139.5,1118.5,1135,562400,,,
2017-04-26,1170,1170,1138.5,1148.5,996600,,,
2017-04-27,1154.5,1172.5,1152,1168,881600,,,
2017-04-28,1166.5,1183,1163,1174,945600,,,
2017-05-01,1176.5,1190,1175,1187.5,523200,,,
2017-05-02,1197.5,1216,1192.5,1198,1030600,,,
2017-05-08,1202,1223,1202,1218.5,599400,,,
2017-05-09,1216,1223.5,1213.5,1216,366000,,,
2017-05-10,1215,1226.5,1210.5,1211,445000,,,
2017-05-11,1210.5,1216.5,1206.5,1206.5,226200,,,
2017-05-12,1200,1210.5,1194.5,1196.5,338800,,,
2017-05-15,1188.5,1203.5,1188.5,1202,371000,,,
2017-05-16,1207,1215,1195.5,1200,393200,,,
2017-05-17,1196.5,1207,1195,1201,268800,,,
2017-05-18,1181,1187,1176,1182.5,347000,,,
2017-05-19,1188.5,1190,1176,1183,249000,,,
2017-05-22,1175,1185,1171,1182.5,235800,,,
2017-05-23,1182,1185,1173,1177,314000,,,
2017-05-24,1182,1184,1172,1175,228000,,,
2017-05-25,1170,1186,1170,1184,329400,,,
2017-05-26,1181,1182.5,1163.5,1164.5,302800,,,
2017-05-29,1160.5,1171,1160.5,1164,169000,,,
2017-05-30,1158.5,1168,1158.5,1164.5,171200,,,
2017-05-31,1156,1165.5,1155.5,1159,212400,,,
2017-06-01,1153,1184.5,1153,1182.5,316800,,,
2017-06-02,1190.5,1197.5,1183,1196.5,326200,,,
2017-06-05,1185.5,1199.5,1181,1196,247800,,,
2017-06-06,1200,1202.5,1185.5,1186.5,224400,,,
2017-06-07,1187,1192.5,1182,1190.5,204800,,,
2017-06-08,1190,1196,1176,1187.5,351800,,,
2017-06-09,1183,1188.5,1173,1178.5,316600,,,
2017-06-12,1176.5,1181,1171,1177,161000,,,
2017-06-13,1171.5,1177,1168.5,1173,313000,,,
2017-06-14,1178,1194.5,1178,1191,355200,,,
2017-06-15,1199,1212,1195.5,1200,547000,,,
2017-06-16,1200.5,1207.5,1194.5,1207.5,600400,,,
2017-06-19,1212.5,1222,1210,1221,321400,,,
2017-06-20,1222.5,1237.5,1222.5,1234.5,367400,,,
2017-06-21,1240,1252,1240,1243.5,463400,,,
2017-06-22,1250,1274.5,1250,1273.5,578000,,,
2017-06-23,1275,1284,1270,1276,625200,,,
2017-06-26,1280,1304,1280,1296,967600,,,
2017-06-27,1300,1314,1299.5,1308.5,558600,,,
2017-06-28,1308,1314.5,1298.5,1303.5,571200,,,
2017-06-29,1313.5,1322.5,1309,1309.5,695800,,,
2017-06-30,1298,1300,1276.5,1278,988600,,,
2017-07-03,1278,1283.5,1268,1274.5,482200,,,
2017-07-04,1278.5,1289.5,1246,1247.5,420600,,,
2017-07-05,1246.5,1254.5,1236,1253,459200,,,
2017-07-06,1265,1266.5,1254.5,1259,404000,,,
2017-07-07,1245,1256,1243,1244.5,399000,,,
2017-07-10,1260.5,1263.5,1250.5,1262,348000,,,
2017-07-11,1260,1277,1260,1275,293400,,,
2017-07-12,1262.5,1271,1261.5,1265.5,366800,,,
2017-07-13,1270,1271,1253.5,1261.5,447400,,,
2017-07-14,1268,1274,1264,1271.5,272400,,,
2017-07-18,1261,1267.5,1240.5,1259,484200,,,
2017-07-19,1279,1303.5,1279,1295.5,792400,,,
2017-07-20,1296,1317,1295,1314,462200,,,
2017-07-21,1310,1315.5,1303,1311.5,217000,,,
2017-07-24,1306,1308.5,1296,1306.5,287800,,,
2017-07-25,1302.5,1309.5,1292,1309.5,443200,,,
2017-07-26,1306,1315,1288,1304.5,848200,,,
2017-07-27,1225,1235,1203,1212.5,1854800,,,
2017-07-28,1205,1205,1188,1202.5,833200,,,
2017-07-31,1212,1219,1199.5,1218,993000,,,
2017-08-01,1219,1229.5,1214,1229.5,523000,,,
2017-08-02,1236.5,1253,1233,1251.5,451400,,,
2017-08-03,1254.5,1256,1246,1254,433600,,,
2017-08-04,1258,1276,1258,1271.5,381000,,,
2017-08-07,1276.5,1278.5,1261,1263,230600,,,
2017-08-08,1262,1262,1252,1256.5,361200,,,
2017-08-09,1256.5,1261,1242,1246.5,334400,,,
2017-08-10,1246,1255,1240.5,1254.5,314600,,,
2017-08-14,1239.5,1251.5,1233.5,1241.5,250200,,,
2017-08-15,1248,1256.5,1244.5,1253,314000,,,
2017-08-16,1253,1267.5,1249.5,1263.5,340800,,,
2017-08-17,1260.5,1262.5,1254,1256.5,155800,,,
2017-08-18,1242,1249.5,1238,1244,152000,,,
2017-08-21,1244,1247,1235.5,1241.5,170800,,,
2017-08-22,1245.5,1250.5,1237.5,1239.5,211600,,,
2017-08-23,1251.5,1251.5,1239.5,1241.5,220800,,,
2017-08-24,1241.5,1250.5,1240,1242.5,166400,,,
2017-08-25,1248,1253,1233,1237,345000,,,
2017-08-28,1240.5,1269.5,1240.5,1268,394200,,,
2017-08-29,1255,1262,1242,1260.5,317400,,,
2017-08-30,1268,1269,1260.5,1267,179800,,,
2017-08-31,1263,1264,1257,1261.5,231000,,,
2017-09-01,1266,1278,1263,1277,220600,,,
2017-09-04,1264,1269.5,1249,1250.5,163600,,,
2017-09-05,1246.5,1246.5,1222.5,1226,256000,,,
2017-09-06,1218.5,1231.5,1210.5,1229.5,240200,,,
2017-09-07,1238.5,1252.5,1235.5,1248.5,292400,,,
2017-09-08,1240.5,1248,1239,1241,274600,,,
2017-09-11,1254.5,1267,1254.5,1258,182400,,,
2017-09-12,1275,1278.5,1268,1276,277400,,,
2017-09-13,1275,1297.5,1268.5,1294,310400,,,
2017-09-14,1292,1293.5,1283,1288.5,244200,,,
2017-09-15,1285,1291,1268,1277.5,391400,,,
2017-09-19,1278.5,1300,1275.5,1300,363400,,,
2017-09-20,1286,1298,1270,1283,437200,,,
2017-09-21,1296,1299,1282.5,1284,267600,,,
2017-09-22,1275,1286,1273,1285.5,226400,,,
2017-09-25,1297,1309.5,1295,1309,352200,,,
2017-09-26,1310,1318.5,1302.5,1316.5,664800,,,
2017-09-27,1317.5,1327,1308,1323,300400,,,
2017-09-28,1323,1337.5,1315.5,1337.5,257400,,,
2017-09-29,1323.5,1347.5,1323.5,1344.5,311000,,,
2017-10-02,1346.5,1349,1335,1337,272400,,,
2017-10-03,1336.5,1337,1321.5,1323.5,281600,,,
2017-10-04,1315,1315.5,1303,1311,310400,,,
2017-10-05,1309.5,1309.5,1292,1296.5,343600,,,
2017-10-06,1297,1301.5,1287.5,1291,215600,,,
2017-10-10,1279,1297,1278,1293.5,397200,,,
2017-10-11,1290.5,1298,1285.5,1292.5,209800,,,
2017-10-12,1292.5,1307.5,1291.5,1303,226600,,,
2017-10-13,1302.5,1319,1298,1315.5,244400,,,
2017-10-16,1317,1328,1314,1320.5,263800,,,
2017-10-17,1318.5,1318.5,1308,1314.5,246600,,,
2017-10-18,1315,1315,1301.5,1308.5,331800,,,
2017-10-19,1315,1317.5,1299.5,1305.5,335800,,,
2017-10-20,1322.5,1387,1322.5,1374,1283800,,,
2017-10-23,1399,1438.5,1398.5,1436.5,1173800,,,
2017-10-24,1446,1476,1406.5,1470,1198000,,,
2017-10-25,1495,1520,1481.5,1485.5,1286400,,,
2017-10-26,1473,1488,1455.5,1487,673600,,,
2017-10-27,1489,1493.5,1467.5,1492.5,692800,,,
2017-10-30,1467.5,1477.5,1462.5,1472,737800,,,
2017-10-31,1436,1440.5,1424,1424,981000,,,
2017-11-01,1447.5,1464,1441,1461.5,611000,,,
2017-11-02,1470,1475,1453.5,1457.5,530600,,,
2017-11-06,1450,1457.5,1433.5,1449.5,610000,,,
2017-11-07,1455.5,1471,1453,1461,690800,,,
2017-11-08,1458.5,1480.5,1458.5,1480,494400,,,
2017-11-09,1484.5,1498.5,1457.5,1479,660600,,,
2017-11-10,1454,1485.5,1454,1482.5,346400,,,
2017-11-13,1472,1477,1456.5,1459.5,398000,,,
2017-11-14,1456.5,1463.5,1453.5,1455,491800,,,
2017-11-15,1416.5,1438,1398.5,1404,1210000,,,
2017-11-16,1395,1418.5,1390,1410,787400,,,
2017-11-17,1418,1422.5,1407.5,1417,575600,,,
2017-11-20,1416.5,1434.5,1412.5,1434,348200,,,
2017-11-21,1430,1432,1414,1427.5,574200,,,
2017-11-22,1427.5,1442.5,1424,1432,326400,,,
2017-11-24,1420,1440.5,1415,1440.5,416800,,,
2017-11-27,1440,1440.5,1413.5,1419,475000,,,
2017-11-28,1419,1430,1411,1421,458600,,,
2017-11-29,1430.5,1454,1426.5,1438.5,459000,,,
2017-11-30,1430.5,1440.5,1412,1435,637800,,,
2017-12-01,1450,1454.5,1431,1437.5,389000,,,
2017-12-04,1442,1449,1414,1416,236800,,,
2017-12-05,1414.5,1433.5,1404.5,1431,346000,,,
2017-12-06,1414.5,1423.5,1404.5,1415,551600,,,
2017-12-07,1414.5,1438,1414.5,1437.5,366800,,,
2017-12-08,1440.5,1489.5,1440.5,1489.5,886800,,,
2017-12-11,1491.5,1500,1470,1480,312200,,,
2017-12-12,1497.5,1498.5,1477,1483,272000,,,
2017-12-13,1488,1490,1475,1482.5,617000,,,
2017-12-14,1493,1510,1483,1494.5,655000,,,
2017-12-15,1490.5,1510,1484,1500,719200,,,
2017-12-18,1502.5,1520,1502.5,1515,346400,,,
2017-12-19,1520,1535,1499.5,1530,474600,,,
2017-12-20,1525,1540,1520,1530,228400,,,
2017-12-21,1527.5,1542.5,1525,1535,212000,,,
2017-12-22,1537.5,1547.5,1530,1537.5,222600,,,
2017-12-25,1545,1557.5,1542.5,1557.5,176000,,,
2017-12-26,1557.5,1570,1545,1550,299400,,,
2017-12-27,1525,1532.5,1522.5,1527.5,169400,,,
2017-12-28,1515,1525,1510,1515,206000,,,
2017-12-29,1527.5,1537.5,1522.5,1522.5,165400,,,
2018-01-04,1527.5,1545,1515,1545,402000,,,
2018-01-05,1535,1537.5,1512.5,1530,369400,,,
2018-01-09,1542.5,1552.5,1532.5,1542.5,358200,,,
2018-01-10,1542.5,1550,1530,1532.5,414800,,,
2018-01-11,1530,1540,1525,1535,317800,,,
2018-01-12,1527.5,1532.5,1515,1527.5,310800,,,
2018-01-15,1540,1545,1535,1542.5,224600,,,
2018-01-16,1545,1552.5,1532.5,1547.5,243200,,,
2018-01-17,1560,1567.5,1550,1557.5,395800,,,
2018-01-18,1547.5,1550,1512.5,1515,477600,,,
2018-01-19,1520,1540,1520,1527.5,230400,,,
2018-01-22,1515,1522.5,1497.5,1505,307800,,,
2018-01-23,1497,1515,1495,1497.5,353200,,,
2018-01-24,1490,1505,1485,1500,246200,,,
2018-01-25,1490.5,1492,1476.5,1489,313800,,,
2018-01-26,1489,1500,1484,1485.5,319400,,,
2018-01-29,1485.5,1520,1468,1489,491600,,,
2018-01-30,1530,1585,1515,1537.5,1202000,,,
2018-01-31,1537.5,1550,1495.5,1497,539000,,,
2018-02-01,1510,1530,1510,1527.5,340000,,,
2018-02-02,1497,1520,1490.5,1517.5,424400,,,
2018-02-05,1505,1522.5,1496.5,1500,415000,,,
2018-02-06,1449.5,1466,1409,1428.5,769200,,,
2018-02-07,1453.5,1471.5,1413,1414,484800,,,
2018-02-08,1416,1434,1416,1422.5,461200,,,
2018-02-09,1383.5,1397.5,1383.5,1391.5,360800,,,
2018-02-13,1406,1417.5,1390.5,1395,529800,,,
2018-02-14,1413.5,1450.5,1402.5,1417,653800,,,
2018-02-15,1426,1442.5,1423,1428.5,330800,,,
2018-02-16,1432.5,1461.5,1432.5,1451,296800,,,
2018-02-19,1458,1478.5,1441,1473,220000,,,
2018-02-20,1469.5,1474,1462.5,1468.5,161000,,,
2018-02-21,1464,1474.5,1456.5,1467,207200,,,
2018-02-22,1455,1482.5,1449.5,1476,344400,,,
2018-02-23,1475,1477.5,1456.5,1463.5,245200,,,
2018-02-26,1470.5,1473.5,1459.5,1469.5,242800,,,
2018-02-27,1479.5,1486.5,1469.5,1474,168800,,,
2018-02-28,1453,1472.5,1450,1455,364600,,,
2018-03-01,1457.5,1464.5,1427.5,1430.5,319000,,,
2018-03-02,1405.5,1414.5,1378.5,1395,460400,,,
2018-03-05,1389,1398.5,1383.5,1391,243600,,,
2018-03-06,1392,1417,1391.5,1404,196800,,,
2018-03-07,1391,1402,1384.5,1385,280800,,,
2018-03-08,1398.5,1400.5,1375.5,1382,186200,,,
2018-03-09,1397,1404.5,1380.5,1388,255600,,,
2018-03-12,1412,1415.5,1394.5,1400.5,160400,,,
2018-03-13,1400,1412,1394.5,1410.5,178200,,,
2018-03-14,1413,1417.5,1408,1411.5,199000,,,
2018-03-15,1407.5,1427,1400,1417.5,269600,,,
2018-03-16,1422.5,1435.5,1403.5,1428,551200,,,
2018-03-19,1415.5,1418,1388,1392,251800,,,
2018-03-20,1380,1388,1368.5,1383,194600,,,
2018-03-22,1398,1420,1394,1417.5,423400,,,
2018-03-23,1392.5,1392.5,1365.5,1368.5,432400,,,
2018-03-26,1393.5,1393.5,1354,1385.5,391800,,,
2018-03-27,1390,1417,1390,1415,355400,,,
2018-03-28,1410.5,1413.5,1389,1407,274400,,,
2018-03-29,1431.5,1439,1413,1426.5,228400,,,
2018-03-30,1441.5,1445.5,1427,1437,226400,,,
2018-04-02,1437,1444.5,1422.5,1422.5,153600,,,
2018-04-03,1407.5,1428.5,1398.5,1421,278200,,,
2018-04-04,1441,1447,1427,1443,325200,,,
2018-04-05,1450,1450,1429.5,1439,297600,,,
2018-04-06,1450,1450,1430,1436,400200,,,
2018-04-09,1446.5,1455,1429.5,1448,341800,,,
2018-04-10,1437.5,1459,1430.5,1436,333600,,,
2018-04-11,1440.5,1443,1418,1430,251000,,,
2018-04-12,1427.5,1432.5,1409.5,1426,347600,,,
2018-04-13,1434.5,1444.5,1419.5,1428,340800,,,
2018-04-16,1425,1441,1424.5,1437,138800,,,
2018-04-17,1431,1437,1417,1420.5,340400,,,
2018-04-18,1416.5,1421.5,1402.5,1418.5,332800,,,
2018-04-19,1421.5,1425,1404,1407.5,355200,,,
2018-04-20,1410,1424.5,1405,1420,307800,,,
2018-04-23,1416.5,1416.5,1402.5,1412,363600,,,
2018-04-24,1404.5,1411,1383.5,1410,680400,,,
2018-04-25,1235,1235.5,1180,1187,3579000,,,
2018-04-26,1199,1199,1167.5,1171.5,2453400,,,
2018-04-27,1180,1191.5,1174,1187.5,1554600,,,
2018-05-01,1185,1191,1179.5,1189.5,1153000,,,
2018-05-02,1199,1229,1188,1225,1429600,,,
2018-05-07,1212.5,1236.5,1198.5,1234.5,1226600,,,
2018-05-08,1237.5,1238.5,1224.5,1235.5,664600,,,
2018-05-09,1228,1235.5,1222,1228,1037600,,,
2018-05-10,1222.5,1223,1203,1204,730800,,,
2018-05-11,1211,1256,1209.5,1253.5,1086800,,,
2018-05-14,1228.5,1240.5,1224.5,1228,540200,,,
2018-05-15,1229,1242,1227,1233.5,571800,,,
2018-05-16,1233.5,1238.5,1225,1231,454200,,,
2018-05-17,1238.5,1241,1228.5,1234,464800,,,
2018-05-18,1242.5,1242.5,1228,1237,545000,,,
2018-05-21,1250,1252.5,1239,1241.5,374000,,,
2018-05-22,1250,1252,1232.5,1240,332400,,,
2018-05-23,1236.5,1261,1233,1256,757400,,,
2018-05-24,1250,1250.5,1219.5,1222,764600,,,
2018-05-25,1217.5,1222.5,1203,1205,628000,,,
2018-05-28,1190,1226.5,1167,1224,1036400,,,
2018-05-29,1224.5,1229.5,1201,1203,301000,,,
2018-05-30,1190.5,1203,1183.5,1192,505400,,,
2018-05-31,1181,1183,1162.5,1167,1017800,,,
2018-06-01,1162,1185.5,1157,1180.5,751400,,,
2018-06-04,1199,1216.5,1196.5,1208.5,495600,,,
2018-06-05,1209,1217.5,1203,1215,410800,,,
2018-06-06,1209,1209.5,1196.5,1202,567600,,,
2018-06-07,1207.5,1211,1196,1200,528600,,,
2018-06-08,1179.5,1207,1179.5,1199.5,770200,,,
2018-06-11,1200.5,1205.5,1190.5,1191,356800,,,
2018-06-12,1189,1196,1183.5,1184.5,469000,,,
2018-06-13,1187,1193.5,1177,1179,303200,,,
2018-06-14,1177.5,1183,1169,1181,469600,,,
2018-06-15,1186,1186,1166,1169.5,608800,,,
2018-06-18,1172,1174.5,1155,1160,342400,,,
2018-06-19,1153,1153,1125,1126,576600,,,
2018-06-20,1120.5,1128,1106,1122.5,449800,,,
2018-06-21,1120.5,1129,1117,1117.5,407000,,,
2018-06-22,1114.5,1137,1101.5,1135,789200,,,
2018-06-25,1135,1136.5,1124,1130,560600,,,
2018-06-26,1124,1136.5,1120.5,1134.5,593200,,,
2018-06-27,1141,1154.5,1138.5,1151.5,667000,,,
2018-06-28,1151.5,1154.5,1137,1148,551200,,,
2018-06-29,1160.5,1161,1141.5,1154,358600,,,
2018-07-02,1152.5,1162,1138.5,1139,702800,,,
2018-07-03,1139.5,1143,1121.5,1133,476200,,,
2018-07-04,1124,1133,1117.5,1131.5,473800,,,
2018-07-05,1122.5,1130,1105.5,1112,356200,,,
2018-07-06,1114,1117,1099,1111.5,585000,,,
2018-07-09,1115,1137.5,1113.5,1136,403600,,,
2018-07-10,1134,1136.5,1124.5,1124.5,489000,,,
2018-07-11,1122.5,1124.5,1091,1109,323400,,,
2018-07-12,1102.5,1107,1085,1093,487800,,,
2018-07-13,1095.5,1108.5,1088.5,1102.5,494600,,,
2018-07-17,1103,1137,1098,1125.5,622400,,,
2018-07-18,1130,1140,1127,1135,340600,,,
2018-07-19,1132.5,1138.5,1123,1133,350000,,,
2018-07-20,1133,1139,1118.5,1124,558600,,,
2018-07-23,1116.5,1126,1113.5,1113.5,238400,,,
2018-07-24,1101,1113,1101,1111,444200,,,
2018-07-25,1111,1143.5,1111,1137.5,696000,,,
2018-07-26,1162.5,1203,1148,1172,1144400,,,
2018-07-27,1162,1171.5,1148,1157,693200,,,
2018-07-30,1149.5,1186,1148.5,1177,963000,,,
2018-07-31,1185.5,1194.5,1169.5,1170,1555400,,,
2018-08-01,1180.5,1206,1179.5,1199.5,858000,,,
2018-08-02,1199,1216.5,1188,1189,743800,,,
2018-08-03,1190.5,1192.5,1168,1170,409800,,,
2018-08-06,1172.5,1178.5,1166.5,1169.5,271600,,,
2018-08-07,1171.5,1183.5,1162.5,1181.5,259000,,,
2018-08-08,1180.5,1181,1165.5,1167,437200,,,
2018-08-09,1166,1178.5,1161.5,1175.5,259600,,,
2018-08-10,1179.5,1181.5,1162.5,1163.5,229200,,,
2018-08-13,1161,1164.5,1148.5,1154,359800,,,
2018-08-14,1163,1175.5,1156.5,1175,335400,,,
2018-08-15,1180,1180.5,1160,1162,289200,,,
2018-08-16,1148.5,1150.5,1134.5,1140,362400,,,
2018-08-17,1150,1164.5,1149,1162.5,286600,,,
2018-08-20,1157.5,1164,1151,1156,284400,,,
2018-08-21,1156,1161.5,1147,1148,278000,,,
2018-08-22,1148,1166.5,1145,1165,222200,,,
2018-08-23,1162,1165,1154,1160,296000,,,
2018-08-24,1169,1171.5,1159.5,1170.5,234000,,,
2018-08-27,1172.5,1183,1170.5,1175.5,315000,,,
2018-08-28,1180.5,1189.5,1175.5,1179,180400,,,
2018-08-29,1179,1195,1177.5,1192,177200,,,
2018-08-30,1190.5,1197,1176.5,1181,315000,,,
2018-08-31,1166,1184,1166,1175.5,221200,,,
2018-09-03,1176,1183.5,1169,1174.5,223800,,,
2018-09-04,1173.5,1175,1162.5,1171.5,230800,,,
2018-09-05,1168.5,1181.5,1164.5,1174,208400,,,
2018-09-06,1173.5,1180,1161.5,1165,449000,,,
2018-09-07,1143.5,1149.5,1124.5,1133.5,392000,,,
2018-09-10,1135,1145,1132.5,1134,244800,,,
2018-09-11,1125,1135.5,1124,1128.5,222000,,,
2018-09-12,1125,1140,1100.5,1114.5,399400,,,
2018-09-13,1115.5,1134,1114.5,1124.5,173400,,,
2018-09-14,1129,1149,1129,1148.5,384000,,,
2018-09-18,1145,1157,1135.5,1149.5,508200,,,
2018-09-19,1166,1183.5,1157.5,1177.5,435600,,,
2018-09-20,1182.5,1187,1159.5,1163,281600,,,
2018-09-21,1169.5,1188.5,1162,1177.5,359800,,,
2018-09-25,1186.5,1198.5,1183.5,1197,815400,,,
2018-09-26,1199.5,1220,1194,1217,622200,,,
2018-09-27,1218,1224,1205.5,1209,429200,,,
2018-09-28,1208,1221.5,1202,1206,222400,,,
2018-10-01,1196,1199,1189.5,1196,179400,,,
2018-10-02,1200,1209,1190.5,1192,288400,,,
2018-10-03,1197.5,1201,1188,1190.5,227400,,,
2018-10-04,1202,1204,1193,1198.5,174800,,,
2018-10-05,1188,1192,1178,1180.5,195000,,,
2018-10-09,1177,1181,1165.5,1167.5,266200,,,
2018-10-10,1170.5,1177,1160,1160.5,208000,,,
2018-10-11,1119,1123.5,1095.5,1107,592600,,,
2018-10-12,1099,1104,1086,1089.5,394000,,,
2018-10-15,1085,1089.5,1068,1068,343200,,,
2018-10-16,1046.5,1070,1046,1069,490400,,,
2018-10-17,1089,1126,1088,1122,438000,,,
2018-10-18,1120,1128,1109,1109.5,331800,,,
2018-10-19,1098,1099,1090,1095,205200,,,
2018-10-22,1087.5,1113.5,1082.5,1105.5,291000,,,
2018-10-23,1095,1095,1073.5,1075,267200,,,
2018-10-24,1091.5,1108.5,1082,1098,378600,,,
2018-10-25,998,1021.5,954,991,1440200,,,
2018-10-26,1002,1005,969,980.5,1262000,,,
2018-10-29,986.5,1017,984,1008,638200,,,
2018-10-30,1016,1048,1010,1040,573400,,,
2018-10-31,1045.5,1069.5,1038,1069.5,394600,,,
2018-11-01,1068,1087.5,1060.5,1073,347800,,,
2018-11-02,1060.5,1064,1037.5,1056,317000,,,
2018-11-05,1045.5,1058.5,1040.5,1050.5,224400,,,
2018-11-06,1052.5,1073.5,1050.5,1066,113200,,,
2018-11-07,1064.5,1082.5,1064,1066.5,205200,,,
2018-11-08,1091.5,1097.5,1085,1085.5,172200,,,
2018-11-09,1093,1096,1085,1088.5,148200,,,
2018-11-12,1080,1091,1072.5,1085,168600,,,
2018-11-13,1061.5,1062.5,1046,1059.5,189000,,,
2018-11-14,1062.5,1074,1059.5,1071,237000,,,
2018-11-15,1063,1084,1063,1078,150600,,,
2018-11-16,1076,1085,1061,1073,167800,,,
2018-11-19,1081,1085.5,1076,1080.5,105200,,,
2018-11-20,1057.5,1067.5,1038.5,1052.5,218800,,,
2018-11-21,1021.5,1040.5,1017,1038,201400,,,
2018-11-22,1039.5,1053,1028.5,1053,197800,,,
2018-11-26,1063.5,1088.5,1063,1086,393800,,,
2018-11-27,1083,1083,1052.5,1059,231800,,,
2018-11-28,1068.5,1069,1057.5,1063.5,229200,,,
2018-11-29,1080,1089,1075.5,1082,241800,,,
2018-11-30,1079.5,1094,1076,1089,240000,,,
2018-12-03,1096,1098.5,1088.5,1092.5,221000,,,
2018-12-04,1085,1085.5,1041.5,1042,358600,,,
2018-12-05,1021,1036,1019,1026,407400,,,
2018-12-06,1025,1031,1020,1026,346200,,,
2018-12-07,1028,1059.5,1026,1053.5,313000,,,
2018-12-10,1022.5,1047.5,1013.5,1018,176600,,,
2018-12-11,1031.5,1039.5,1011,1011,257800,,,
2018-12-12,1018.5,1039.5,1014,1034,218400,,,
2018-12-13,1034,1034,1017.5,1018,360000,,,
2018-12-14,1017.5,1019,999,1003,515200,,,
2018-12-17,1000,1022,1000,1015,511000,,,
2018-12-18,999,1009.5,994.5,994.5,259000,,,
2018-12-19,989,994,973,976.5,262200,,,
2018-12-20,987,995,968,971.5,296000,,,
2018-12-21,962,965,929,940.5,376000,,,
2018-12-25,939,940.5,889.5,896.5,268800,,,
2018-12-26,913.5,914,892,903.5,328800,,,
2018-12-27,943.5,952.5,930.5,952,259400,,,
2018-12-28,964.5,980.5,954.5,980,306800,,,
2019-01-04,977.5,984.5,947.5,957,533600,,,
2019-01-07,999.5,1010,985,997.5,359000,,,
2019-01-08,1000.5,1007.5,995.5,998,246400,,,
2019-01-09,1000,1009,986.5,992.5,315800,,,
2019-01-10,982,988.5,966,978.5,308000,,,
2019-01-11,982.5,990,971.5,981,351400,,,
2019-01-15,964.5,996,964.5,989.5,223200,,,
2019-01-16,978.5,991,969.5,970.5,207600,,,
2019-01-17,980.5,989,968,972,274400,,,
2019-01-18,973.5,990,970,989,180800,,,
2019-01-21,997,1000,985,996.5,144200,,,
2019-01-22,1002.5,1002.5,993,996.5,206000,,,
2019-01-23,993.5,994,978,984,290400,,,
2019-01-24,976.5,985.5,970.5,980.5,235800,,,
2019-01-25,975.5,996,975,995,355400,,,
2019-01-28,994.5,1005,989,1005,428400,,,
2019-01-29,1001.5,1020,1000,1019.5,422000,,,
2019-01-30,1041,1076.5,1028,1075.5,1230000,,,
2019-01-31,1073,1076,1049,1053,574800,,,
2019-02-01,1037,1049,1021,1026.5,384200,,,
2019-02-04,1028.5,1041,1025.5,1031.5,330400,,,
2019-02-05,1031.5,1038,1009,1023,613600,,,
2019-02-06,1033.5,1035,1014.5,1026,373600,,,
2019-02-07,1026.5,1029.5,1006,1017.5,289600,,,
2019-02-08,1003,1003,984.5,988.5,256400,,,
2019-02-12,988.5,1020.5,986,1019.5,274200,,,
2019-02-13,1030.5,1036.5,1020.5,1033,234800,,,
2019-02-14,1021.5,1039.5,1021.5,1029,213800,,,
2019-02-15,1024.5,1031,1020,1031,241400,,,
2019-02-18,1045,1050,1043,1049,206200,,,
2019-02-19,1048.5,1051,1040,1044.5,139200,,,
2019-02-20,1053,1059,1046,1056,220600,,,
2019-02-21,1046,1053,1037,1044.5,251400,,,
2019-02-22,1046.5,1049,1037.5,1040,174800,,,
2019-02-25,1049.5,1059.5,1046.5,1055,254200,,,
2019-02-26,1055,1057.5,1041.5,1047.5,277600,,,
2019-02-27,1048,1054,1033,1041.5,303200,,,
2019-02-28,1045.5,1050,1037,1047,234000,,,
2019-03-01,1031.5,1035.5,1017,1023,481200,,,
2019-03-04,1036,1040,1028.5,1037.5,248200,,,
2019-03-05,1031.5,1039.5,1022,1039.5,302200,,,
2019-03-06,1045,1055,1041.5,1054.5,411600,,,
2019-03-07,1059.5,1068.5,1057.5,1064.5,439600,,,
2019-03-08,1051.5,1069,1043.5,1062.5,492000,,,
2019-03-11,1066,1073,1060,1064,392400,,,
2019-03-12,1075,1097,1072.5,1086.5,308200,,,
2019-03-13,1097.5,1097.5,1078,1081.5,332400,,,
2019-03-14,1088,1088,1061.5,1063,253200,,,
2019-03-15,1086,1099,1085,1096,548200,,,
2019-03-18,1097.5,1097.5,1082.5,1090,210800,,,
2019-03-19,1090,1090,1079,1085,101000,,,
2019-03-20,1085,1095,1082.5,1091.5,202000,,,
2019-03-22,1089,1099.5,1086,1099,191200,,,
2019-03-25,1093,1093,1067.5,1080,319600,,,
2019-03-26,1098,1123,1094.5,1123,575000,,,
2019-03-27,1106.5,1118.5,1095.5,1109,354400,,,
2019-03-28,1103.5,1104,1084,1086,264600,,,
2019-03-29,1096,1107.5,1088.5,1088.5,177000,,,
2019-04-01,1111,1125,1101.5,1116,305200,,,
2019-04-02,1130,1132,1121.5,1124.5,342200,,,
2019-04-03,1119.5,1125,1115,1117.5,215000,,,
2019-04-04,1115,1127,1109.5,1118.5,156400,,,
2019-04-05,1117,1131.5,1115,1121,158200,,,
2019-04-08,1130,1130,1114.5,1119.5,151200,,,
2019-04-09,1126.5,1126.5,1103.5,1108.5,212200,,,
2019-04-10,1091,1106.5,1090.5,1105,172000,,,
2019-04-11,1100.5,1115,1096,1109,159400,,,
2019-04-12,1084,1104,1083.5,1086,267600,,,
2019-04-15,1110,1116,1098.5,1109.5,248200,,,
2019-04-16,1100,1103.5,1083.5,1091.5,232800,,,
2019-04-17,1092,1102,1089.5,1092,192800,,,
2019-04-18,1096.5,1098,1076,1081,189600,,,
2019-04-19,1083.5,1090.5,1079.5,1084.5,184000,,,
2019-04-22,1084.5,1094.5,1077,1093.5,252400,,,
2019-04-23,1091,1095,1060,1078,597200,,,
2019-04-24,1203,1232.5,1160.5,1164,1724000,,,
2019-04-25,1183.5,1203.5,1159,1199,801400,,,
2019-04-26,1211.5,1214.5,1200,1201,656200,,,
2019-05-07,1161,1168,1128,1146,624800,,,
2019-05-08,1129.5,1134,1118,1126.5,293800,,,
2019-05-09,1120,1125,1107.5,1124,376800,,,
2019-05-10,1124.5,1138.5,1117.5,1127,278800,,,
2019-05-13,1128.5,1147,1128.5,1140,280000,,,
2019-05-14,1120,1136,1115,1136,306600,,,
2019-05-15,1132,1153,1127,1141.5,319200,,,
2019-05-16,1140.5,1145.5,1123.5,1136.5,225600,,,
2019-05-17,1154.5,1156.5,1134,1146,268000,,,
2019-05-20,1140,1157.5,1132.5,1156,360600,,,
2019-05-21,1147.5,1159,1144.5,1152.5,340200,,,
2019-05-22,1154.5,1161.5,1138.5,1138.5,257400,,,
2019-05-23,1136.5,1149.5,1132,1147.5,148200,,,
2019-05-24,1147.5,1164.5,1142.5,1164,260800,,,
2019-05-27,1165.5,1172,1154.5,1171.5,292400,,,
2019-05-28,1167.5,1172.5,1158.5,1171.5,296400,,,
2019-05-29,1156,1170.5,1152.5,1165,239200,,,
2019-05-30,1164,1171,1154.5,1170.5,167400,,,
2019-05-31,1162,1171.5,1158.5,1159.5,303200,,,
2019-06-03,1139.5,1145,1132,1136.5,319400,,,
2019-06-04,1133,1134,1109.5,1120,322800,,,
2019-06-05,1153,1169.5,1140.5,1168.5,368600,,,
2019-06-06,1170,1182.5,1165.5,1172.5,214200,,,
2019-06-07,1165,1174.5,1161,1173.5,163600,,,
2019-06-10,1195.5,1214,1194,1206.5,399600,,,
2019-06-11,1191,1211.5,1190,1207,276000,,,
2019-06-12,1205.5,1219,1201.5,1207,285400,,,
2019-06-13,1198.5,1205,1180.5,1186.5,379600,,,
2019-06-14,1186,1210,1176.5,1207,457800,,,
2019-06-17,1202,1202.5,1190,1198,594200,,,
2019-06-18,1191.5,1197.5,1170.5,1176,401600,,,
2019-06-19,1174.5,1181.5,1155.5,1169,514000,,,
2019-06-20,1177.5,1180,1162.5,1163.5,261600,,,
2019-06-21,1165,1166.5,1148.5,1155,750800,,,
2019-06-24,1163.5,1173,1154.5,1169.5,228400,,,
2019-06-25,1171,1182.5,1167,1176.5,359000,,,
2019-06-26,1176,1176,1143.5,1153,439600,,,
2019-06-27,1152.5,1165,1149,1165,190200,,,
2019-06-28,1175,1187.5,1172.5,1174.5,383200,,,
2019-07-01,1191,1191,1169,1186,237200,,,
2019-07-02,1181,1203.5,1181,1195,324000,,,
2019-07-03,1185,1190,1176.5,1186,328400,,,
2019-07-04,1195,1196.5,1172.5,1176.5,311800,,,
2019-07-05,1178,1178,1167.5,1175.5,188000,,,
2019-07-08,1161.5,1175.5,1156.5,1160,260800,,,
2019-07-09,1161.5,1166.5,1148.5,1155.5,392200,,,
2019-07-10,1153.5,1170.5,1150.5,1165,405000,,,
2019-07-11,1198.5,1198.5,1183.5,1195,505200,,,
2019-07-12,1194.5,1197.5,1187,1189.5,242400,,,
2019-07-16,1180.5,1184.5,1166,1170,191000,,,
2019-07-17,1167.5,1175.5,1157,1170.5,348200,,,
2019-07-18,1161.5,1163.5,1136,1138.5,355000,,,
2019-07-19,1140.5,1164,1140.5,1163,336600,,,
2019-07-22,1170,1170,1142.5,1145,253600,,,
2019-07-23,1147.5,1157.5,1142.5,1153,497200,,,
2019-07-24,1130,1133,1089.5,1109,1475600,,,
2019-07-25,1134,1134,1083,1090.5,970000,,,
2019-07-26,1084,1084,1058,1062,1182000,,,
2019-07-29,1069,1070,1055,1061,776000,,,
2019-07-30,1067,1079.5,1065.5,1068,594200,,,
2019-07-31,1051,1062.5,1044,1048,1145800,,,
2019-08-01,1047,1073,1047,1064.5,927600,,,
2019-08-02,1051.5,1063.5,1028.5,1030.5,839600,,,
2019-08-05,1025,1034,1009,1023,698000,,,
2019-08-06,998,1032,993,1031.5,803600,,,
2019-08-07,1017.5,1034,1016.5,1031.5,649200,,,
2019-08-08,1028,1032.5,1016,1026.5,344400,,,
2019-08-09,1037.5,1042.5,1031,1036.5,367600,,,
2019-08-13,1023,1039,1023,1036,450000,,,
2019-08-14,1047.5,1050,1034.5,1045,374800,,,
2019-08-15,1026.5,1044.5,1024,1041,335200,,,
2019-08-16,1032,1038.5,1026.5,1037,259800,,,
2019-08-19,1049,1050.5,1034.5,1045,248000,,,
2019-08-20,1044.5,1056.5,1041,1056.5,244600,,,
2019-08-21,1045.5,1061,1045.5,1052,442000,,,
2019-08-22,1059.5,1064,1051.5,1057.5,367200,,,
2019-08-23,1070.5,1073,1064,1070.5,420800,,,
2019-08-26,1046.5,1046.5,1031,1039,519600,,,
2019-08-27,1047.5,1061,1045.5,1056.5,344800,,,
2019-08-28,1057,1064,1057,1064,228800,,,
2019-08-29,1066,1066,1052.5,1059,138800,,,
2019-08-30,1082.5,1084,1072.5,1082,308800,,,
2019-09-02,1083.5,1085.5,1069.5,1070.5,144200,,,
2019-09-03,1062.5,1070.5,1061,1067.5,211400,,,
2019-09-04,1057.5,1058.5,1049,1051.5,212800,,,
2019-09-05,1047.5,1070.5,1042.5,1061.5,381200,,,
2019-09-06,1075.5,1076.5,1069,1070,214800,,,
2019-09-09,1066,1079,1064.5,1079,147400,,,
2019-09-10,1079,1088.5,1078,1087,269400,,,
2019-09-11,1089,1103.5,1087,1100,458800,,,
2019-09-12,1115,1122.5,1107,1117.5,318200,,,
2019-09-13,1126,1126,1109.5,1122,381000,,,
2019-09-17,1124.5,1137,1119,1130.5,205000,,,
2019-09-18,1121,1124.5,1116,1121,223600,,,
2019-09-19,1135.5,1149.5,1133.5,1140.5,305600,,,
2019-09-20,1150,1154,1129.5,1130.5,434200,,,
2019-09-24,1126.5,1134,1122,1133,309000,,,
2019-09-25,1133,1150,1130.5,1146.5,302800,,,
2019-09-26,1166.5,1174.5,1154,1157,587400,,,
2019-09-27,1174,1174.5,1149.5,1159,368400,,,
2019-09-30,1140.5,1151.5,1126,1147,604200,,,
2019-10-01,1149,1166,1145,1151,194400,,,
2019-10-02,1145,1158,1139.5,1149,341600,,,
2019-10-03,1124.5,1133.5,1105,1117.5,299600,,,
2019-10-04,1107.5,1122,1106,1118.5,251600,,,
2019-10-07,1119,1124.5,1114,1121,196400,,,
2019-10-08,1138.5,1143,1119.5,1128,327600,,,
2019-10-09,1115.5,1132,1111,1130,216200,,,
2019-10-10,1134.5,1134.5,1112.5,1129.5,180200,,,
2019-10-11,1130.5,1130.5,1122,1127.5,165000,,,
2019-10-15,1143,1163,1143,1146.5,339800,,,
2019-10-16,1171,1189,1161.5,1164,426400,,,
2019-10-17,1167,1168,1153.5,1161,284800,,,
2019-10-18,1165,1170.5,1151.5,1154,197600,,,
2019-10-21,1150.5,1164,1147.5,1162.5,160200,,,
2019-10-23,1165,1185,1164,1184.5,436000,,,
2019-10-24,1182,1182,1166.5,1173,284800,,,
2019-10-25,1182.5,1188.5,1178.5,1185.5,342800,,,
2019-10-28,1173.5,1181.5,1141.5,1148.5,987400,,,
2019-10-29,1175.5,1190.5,1171,1171.5,1070600,,,
2019-10-30,1163.5,1163.5,1145.5,1149,539800,,,
2019-10-31,1165.5,1165.5,1146.5,1153,606600,,,
2019-11-01,1145,1162.5,1145,1150.5,368600,,,
2019-11-05,1164,1172.5,1154,1171.5,645600,,,
2019-11-06,1180,1182.5,1163,1171,393200,,,
2019-11-07,1176,1181,1168.5,1171,318600,,,
2019-11-08,1192.5,1199.5,1173,1175,439400,,,
2019-11-11,1193.5,1199.5,1187,1195,278800,,,
2019-11-12,1195,1215,1193.5,1214,467600,,,
2019-11-13,1209.5,1213,1196,1198.5,274400,,,
2019-11-14,1198.5,1200,1181.5,1187,226600,,,
2019-11-15,1199,1212.5,1198,1203.5,336400,,,
2019-11-18,1195.5,1204,1189,1204,283600,,,
2019-11-19,1205,1216.5,1205,1216,223200,,,
2019-11-20,1207.5,1222.5,1206.5,1222,266000,,,
2019-11-21,1222.5,1234,1209,1229,354000,,,
2019-11-22,1229.5,1237.5,1228.5,1233,318800,,,
2019-11-25,1241.5,1244,1233.5,1244,233800,,,
2019-11-26,1246.5,1256,1246.5,1253,397600,,,
2019-11-27,1265,1276.5,1262,1268.5,418600,,,
2019-11-28,1265.5,1267.5,1254.5,1261.5,242800,,,
2019-11-29,1262.5,1268.5,1258.5,1260,207400,,,
2019-12-02,1255,1265.5,1254.5,1255,272000,,,
2019-12-03,1243.5,1251.5,1232.5,1250,323200,,,
2019-12-04,1246.5,1302,1246,1297.5,832800,,,
2019-12-05,1290.5,1294.5,1275,1289,387200,,,
2019-12-06,1284.5,1286.5,1274.5,1280.5,279600,,,
2019-12-09,1300,1301.5,1285.5,1296.5,178000,,,
2019-12-10,1295,1299.5,1287,1293,328600,,,
2019-12-11,1298,1304.5,1283.5,1286.5,354400,,,
2019-12-12,1292.5,1305.5,1283.5,1302.5,326000,,,
2019-12-13,1325.5,1327,1310,1316,542600,,,
2019-12-16,1315.5,1316,1295,1299,501400,,,
2019-12-17,1299,1306,1288.5,1304.5,209200,,,
2019-12-18,1302,1302,1286.5,1295.5,198800,,,
2019-12-19,1287.5,1305,1284,1301,258400,,,
2019-12-20,1314,1315,1299,1306,285000,,,
2019-12-23,1300.5,1303,1290.5,1291,146600,,,
2019-12-24,1284,1289.5,1280,1286,169600,,,
2019-12-25,1297,1297,1278,1285.5,205000,,,
2019-12-26,1284.5,1299.5,1284.5,1299.5,248800,,,
2019-12-27,1259.5,1287.5,1256,1282,328800,,,
2019-12-30,1281,1283.5,1266,1270,214000,,,
2020-01-06,1241.5,1259.5,1241,1258.5,347000,,,
2020-01-07,1259,1282.5,1259,1280,264200,,,
2020-01-08,1250.5,1264,1235.5,1257,362400,,,
2020-01-09,1268,1281.5,1268,1280,259600,,,
2020-01-10,1279,1287.5,1275.5,1276.5,173400,,,
2020-01-14,1285,1286,1263,1274.5,264600,,,
2020-01-15,1281.5,1281.5,1267,1278,291400,,,
2020-01-16,1276.5,1284,1268,1280.5,217800,,,
2020-01-17,1297,1298,1274.5,1282.5,372200,,,
2020-01-20,1286,1298.5,1282,1297,196400,,,
2020-01-21,1300,1313,1299,1303,465400,,,
2020-01-22,1299,1302.5,1289.5,1302.5,318400,,,
2020-01-23,1300,1310.5,1285.5,1301.5,413800,,,
2020-01-24,1297.5,1300.5,1286,1295.5,288200,,,
2020-01-27,1281,1287.5,1268.5,1283,384800,,,
2020-01-28,1266,1290,1262,1270,440400,,,
2020-01-29,1340.5,1344.5,1306.5,1333.5,1284200,,,
2020-01-30,1338,1348.5,1314.5,1327,1004600,,,
2020-01-31,1330,1340,1316.5,1316.5,562000,,,
2020-02-03,1301.5,1325,1301.5,1316,550000,,,
2020-02-04,1311.5,1359,1309.5,1355.5,630200,,,
2020-02-05,1370,1373.5,1350.5,1355,539000,,,
2020-02-06,1360,1372,1357.5,1361,516800,,,
2020-02-07,1378,1389,1371.5,1383.5,548400,,,
2020-02-10,1387.5,1397.5,1382.5,1388.5,404000,,,
2020-02-12,1390.5,1396.5,1384.5,1390.5,444800,,,
2020-02-13,1384.5,1388.5,1376,1385.5,339000,,,
2020-02-14,1426,1426.5,1404,1409.5,574000,,,
2020-02-17,1398,1407.5,1383.5,1404,392200,,,
2020-02-18,1410,1410,1394,1402.5,461000,,,
2020-02-19,1398.5,1400,1381,1381,435000,,,
2020-02-20,1393,1395.5,1364,1365.5,447400,,,
2020-02-21,1368,1368,1353,1355,507200,,,
2020-02-25,1350,1350,1315,1324.5,728400,,,
2020-02-26,1314,1331,1307.5,1330.5,573400,,,
2020-02-27,1334,1335.5,1290,1298.5,588200,,,
2020-02-28,1261,1273.5,1236.5,1247,531600,,,
2020-03-02,1223,1268,1219,1257,536800,,,
2020-03-03,1260,1266.5,1213.5,1213.5,779800,,,
2020-03-04,1198.5,1215.5,1192.5,1199,950200,,,
2020-03-05,1197.5,1216.5,1190.5,1201,759200,,,
2020-03-06,1178.5,1178.5,1145.5,1148.5,875600,,,
2020-03-09,1103,1120,1065.5,1070.5,727400,,,
2020-03-10,1050,1086,1029,1083.5,714200,,,
2020-03-11,1090,1100.5,1070,1071.5,996200,,,
2020-03-12,1046.5,1047.5,1003.5,1015.5,624600,,,
2020-03-13,943.5,982.5,922,962,942400,,,
2020-03-16,966.5,974,925.5,928.5,628400,,,
2020-03-17,901.5,985,891.5,980.5,831400,,,
2020-03-18,971.5,999.5,931,933.5,988200,,,
2020-03-19,967.5,969.5,921,938.5,828000,,,
2020-03-23,927,1000,921,967.5,1059400,,,
2020-03-24,987.5,994,961.5,986,852800,,,
2020-03-25,1031,1041.5,1003.5,1040,656800,,,
2020-03-26,1074.5,1091.5,1039,1051,870800,,,
2020-03-27,1100,1114.5,1069,1100,713000,,,
2020-03-30,1050,1102.5,1048.5,1099.5,700000,,,
2020-03-31,1098.5,1128,1071.5,1072,736200,,,
2020-04-01,1050,1061.5,1012.5,1021,499400,,,
2020-04-02,1006.5,1060,1006.5,1016.5,586600,,,
2020-04-03,1008,1034.5,982.5,994.5,419400,,,
2020-04-06,994.5,1019,982.5,1010.5,550400,,,
2020-04-07,1043.5,1063.5,1031,1054.5,651000,,,
2020-04-08,1100,1112,1062.5,1099,1119200,,,
2020-04-09,1099.5,1105.5,1070,1087,516200,,,
2020-04-10,1093,1116,1079,1111.5,413600,,,
2020-04-13,1090,1098,1058.5,1061,275800,,,
2020-04-14,1069.5,1085.5,1057.5,1080,371600,,,
2020-04-15,1078.5,1086.5,1046.5,1054.5,651000,,,
2020-04-16,1035.5,1051.5,1030,1051,470600,,,
2020-04-17,1060,1071.5,1043.5,1048,347800,,,
2020-04-20,1036,1052.5,1036,1043,336000,,,
2020-04-21,1018.5,1028,1010.5,1020.5,575200,,,
2020-04-22,1017,1032.5,1006,1010,495000,,,
2020-04-23,1009.5,1030.5,1000,1005.5,1064200,,,
2020-04-24,982.5,994,958,993,954800,,,
2020-04-27,1008,1025.5,1001,1020,1094800,,,
2020-04-28,1025,1026.5,1011.5,1020.5,1642800,,,
2020-04-30,1070.5,1074,1044,1047,630400,,,
2020-05-01,1055.5,1072.5,1055.5,1059.5,767800,,,
2020-05-07,1027.5,1048.5,1019,1038.5,741000,,,
2020-05-08,1055.5,1074.5,1052.5,1068,499400,,,
2020-05-11,1071,1081.5,1063.5,1073.5,355800,,,
2020-05-12,1086.5,1092,1077,1080,588400,,,
2020-05-13,1055,1081.5,1049.5,1071.5,750000,,,
2020-05-14,1067.5,1067.5,1046,1046,400600,,,
2020-05-15,1051.5,1058,1036,1039,499600,,,
2020-05-18,1057.5,1057.5,1045.5,1046,357200,,,
2020-05-19,1054,1058.5,1032.5,1039.5,866400,,,
2020-05-20,1040,1061.5,1033.5,1055,387000,,,
2020-05-21,1036,1050.5,1030,1045,435400,,,
2020-05-22,1035.5,1049.5,1026,1027.5,261400,,,
2020-05-25,1038.5,1050,1036.5,1046,232200,,,
2020-05-26,1055.5,1068.5,1050.5,1068,446400,,,
2020-05-27,1069.5,1096.5,1068,1092,422800,,,
2020-05-28,1113,1129,1101,1126,532400,,,
2020-05-29,1129.5,1129.5,1097,1098,367600,,,
2020-06-01,1098,1105.5,1082.5,1101.5,283000,,,
2020-06-02,1117,1141.5,1113.5,1123,467200,,,
2020-06-03,1145.5,1153.5,1137,1144,472200,,,
2020-06-04,1157,1157,1141,1151.5,438600,,,
2020-06-05,1150.5,1153.5,1137.5,1145,365600,,,
2020-06-08,1147.5,1150,1130,1143.5,335200,,,
2020-06-09,1134.5,1153,1121.5,1152,404200,,,
2020-06-10,1161.5,1175.5,1153.5,1165,321400,,,
2020-06-11,1145,1145.5,1120,1123.5,508800,,,
2020-06-12,1114,1117.5,1084.5,1111.5,530200,,,
2020-06-15,1110,1134.5,1096.5,1096.5,856600,,,
2020-06-16,1134.5,1156,1124,1143,448000,,,
2020-06-17,1133,1133,1120.5,1129,208000,,,
2020-06-18,1114,1126,1107,1124,450600,,,
2020-06-19,1132.5,1140,1113.5,1125.5,927000,,,
2020-06-22,1124,1130,1115,1118,313800,,,
2020-06-23,1124,1143.5,1116.5,1132.5,333600,,,
2020-06-24,1138,1140,1128,1130,309400,,,
2020-06-25,1116,1120,1105,1112.5,371800,,,
2020-06-26,1126.5,1133,1114.5,1126.5,348400,,,
2020-06-29,1100,1101.5,1066.5,1070,573200,,,
2020-06-30,1098,1110,1097.5,1097.5,362600,,,
2020-07-01,1093,1095,1058.5,1059.5,278800,,,
2020-07-02,1063,1080.5,1059,1077.5,406600,,,
2020-07-03,1076,1080,1061,1071,278600,,,
2020-07-06,1071,1090.5,1068,1090.5,413000,,,
2020-07-07,1081.5,1084.5,1075,1082,289400,,,
2020-07-08,1080,1083.5,1072,1076.5,444600,,,
2020-07-09,1059.5,1090,1059.5,1078,561000,,,
2020-07-10,1081.5,1081.5,1061,1061.5,318200,,,
2020-07-13,1081,1090.5,1068.5,1089.5,396800,,,
2020-07-14,1090.5,1096,1083,1095.5,495200,,,
2020-07-15,1103,1109.5,1098,1102.5,304400,,,
2020-07-16,1112,1118.5,1107.5,1117,448800,,,
2020-07-17,1094.5,1105.5,1094,1104.5,399800,,,
2020-07-20,1111.5,1111.5,1091.5,1104,207400,,,
2020-07-21,1095.5,1108,1095.5,1103,281200,,,
2020-07-22,1107.5,1117.5,1100.5,1103,307800,,,
2020-07-27,1093.5,1096,1067.5,1096,631600,,,
2020-07-28,1113.5,1113.5,1077.5,1091,879000,,,
2020-07-29,1082,1090,1037,1040.5,557200,,,
2020-07-30,1050,1059,1035.5,1040.5,670400,,,
2020-07-31,1021.5,1039,996,996,495800,,,
2020-08-03,1015.5,1031,1012.5,1026.5,394800,,,
2020-08-04,1029,1043.5,1022,1027,388000,,,
2020-08-05,1014,1018.5,1004,1016,349600,,,
2020-08-06,1006,1011,994.5,1001,396800,,,
2020-08-07,1001.5,1007.5,990,993,322200,,,
2020-08-11,1001.5,1021,999.5,1020,253200,,,
2020-08-12,1032,1036,1021,1036,327400,,,
2020-08-13,1041.5,1055,1031.5,1050,424600,,,
2020-08-14,1044.5,1050,1029,1030,429400,,,
2020-08-17,1029.5,1030,1019,1021,404000,,,
2020-08-18,1015,1015,998.5,1001,324000,,,
2020-08-19,989,993,979,989.5,636400,,,
2020-08-20,976.5,982,963.5,970,679800,,,
2020-08-21,984,990.5,972.5,976,559400,,,
2020-08-24,963,964.5,952.5,952.5,466000,,,
2020-08-25,966.5,991,960,988.5,543600,,,
2020-08-26,990,990.5,973,977,443000,,,
2020-08-27,966.5,972,959.5,966,386200,,,
2020-08-28,955,983.5,946,960,475600,,,
2020-08-31,961.5,970,948,948,817800,,,
2020-09-01,953.5,960,937,941.5,492200,,,
2020-09-02,942.5,951.5,937.5,948.5,494200,,,
2020-09-03,962.5,962.5,948,952,410600,,,
2020-09-04,940.5,948.5,939.5,941.5,379600,,,
2020-09-07,937.5,944,932,937.5,207400,,,
2020-09-08,942.5,945,934,945,251800,,,
2020-09-09,934,952,929.5,949,449400,,,
2020-09-10,948.5,958.5,948.5,954,313400,,,
2020-09-11,953.5,965,944,962,307600,,,
2020-09-14,980,994.5,978,993,425200,,,
2020-09-15,999,1001,986.5,994,472000,,,
2020-09-16,987,993.5,979,986,421400,,,
2020-09-17,995,998,986.5,997,321200,,,
2020-09-18,1006.5,1024,1001.5,1015,635800,,,
2020-09-23,1000,1009,989,1001,501400,,,
2020-09-24,993.5,1006,991,1005.5,508000,,,
2020-09-25,1024,1039,1023,1028.5,702400,,,
2020-09-28,1060,1078,1051,1076,924200,,,
2020-09-29,1056,1058.5,1036.5,1050,514400,,,
2020-09-30,1050,1075,1049.5,1051,658800,,,
2020-10-01,#VALUE!,#VALUE!,#VALUE!,#VALUE!,0,,,
2020-10-02,1051,1055,1019.5,1026,478600,,,
2020-10-05,1033.5,1048.5,1033.5,1043.5,356800,,,
2020-10-06,1047,1049.5,1033.5,1039,234200,,,
2020-10-07,1028,1030.5,1019.5,1023.5,272000,,,
2020-10-08,1034.5,1044,1022.5,1033,269800,,,
2020-10-09,1029.5,1029.5,1004,1008.5,506000,,,
2020-10-12,1009,1015.5,1002,1009,170400,,,
2020-10-13,1009.5,1012.5,999.5,1009.5,286600,,,
2020-10-14,997,1007,990.5,992,391800,,,
2020-10-15,992,996.5,986.5,992.5,303800,,,
2020-10-16,993.5,999.5,984.5,985.5,266000,,,
2020-10-19,997,1002,992,996,405800,,,
2020-10-20,984,995,979,988.5,505600,,,
2020-10-21,993,1016.5,992.5,1014,439400,,,
2020-10-22,1011,1016.5,1003.5,1014.5,364600,,,
2020-10-23,1019,1028.5,1006.5,1016,568000,,,
2020-10-26,1011.5,1109.5,1008,1106,1378400,,,
2020-10-27,1102.5,1116.5,1085,1099.5,687400,,,
2020-10-28,1124.5,1125,1100.5,1113,403000,,,
2020-10-29,1093.5,1108.5,1087,1105.5,410400,,,
2020-10-30,1125,1125,1101.5,1107,557000,,,
2020-11-02,1104,1115,1094,1110,495200,,,
2020-11-04,1119.5,1128.5,1111,1125,381200,,,
2020-11-05,1117,1123.5,1104.5,1123.5,593200,,,
2020-11-06,1103.5,1118,1093.5,1118,487000,,,
2020-11-09,1137,1137,1120.5,1130,307000,,,
2020-11-10,1150,1155,1129,1141,363800,,,
2020-11-11,1149.5,1149.5,1128.5,1137,460200,,,
2020-11-12,1130.5,1137.5,1119.5,1125.5,401000,,,
2020-11-13,1124.5,1130,1114,1123,308200,,,
2020-11-16,1148,1152,1137.5,1147,368800,,,
2020-11-17,1166.5,1168.5,1139,1154.5,394200,,,
2020-11-18,1121.5,1129.5,1107.5,1118,455400,,,
2020-11-19,1113.5,1113.5,1094,1103,306400,,,
2020-11-20,1101,1109.5,1095.5,1109.5,283400,,,
2020-11-24,1115.5,1133.5,1106,1123.5,366000,,,
2020-11-25,1115.5,1128.5,1110,1118,425400,,,
2020-11-26,1114.5,1125,1099,1119.5,377400,,,
2020-11-27,1132.5,1141,1127.5,1132.5,484600,,,
2020-11-30,1122.5,1124.5,1089,1091.5,390400,,,
2020-12-01,1103,1103,1079.5,1098,314200,,,
2020-12-02,1108,1108.5,1066.5,1084.5,576200,,,
2020-12-03,1087.5,1091,1076,1083,388400,,,
2020-12-04,1083,1096.5,1080,1090.5,216200,,,
2020-12-07,1087.5,1089.5,1072.5,1072.5,233000,,,
2020-12-08,1065.5,1084.5,1065.5,1077,166000,,,
2020-12-09,1081.5,1094.5,1081,1093,195000,,,
2020-12-10,1102.5,1144.5,1098,1134.5,581600,,,
2020-12-11,1132.5,1144.5,1114.5,1129,553600,,,
2020-12-14,1142,1161,1126,1152,625600,,,
2020-12-15,1172,1187,1153.5,1165,777000,,,
2020-12-16,1180,1187.5,1166.5,1167,444200,,,
2020-12-17,1160.5,1162.5,1146,1153,489000,,,
2020-12-18,1169.5,1172.5,1143,1156,993200,,,
2020-12-21,1155.5,1160,1145,1150,215400,,,
2020-12-22,1143,1143,1129,1133.5,159000,,,
2020-12-23,1131.5,1138.5,1122.5,1138.5,141400,,,
2020-12-24,1144.5,1153,1143.5,1147,206200,,,
2020-12-25,1165.5,1185,1158,1185,256600,,,
2020-12-28,1190,1190,1165.5,1171,292200,,,
2020-12-29,1170.5,1187.5,1161.5,1187.5,238600,,,
2020-12-30,1193.5,1193.5,1172,1177,250200,,,
2021-01-04,1180.5,1181,1149,1150,277400,,,
2021-01-05,1132.5,1141,1122,1132.5,320400,,,
2021-01-06,1127.5,1137,1121,1131.5,218200,,,
2021-01-07,1151.5,1153.5,1142,1142.5,257000,,,
2021-01-08,1140,1159,1133,1159,287200,,,
2021-01-12,1159,1159,1144.5,1153,258000,,,
2021-01-13,1144.5,1159.5,1143,1155,265400,,,
2021-01-14,1141.5,1177,1138,1176,248400,,,
2021-01-15,1176.5,1184.5,1152.5,1153,276400,,,
2021-01-18,1141.5,1153,1137,1150,154000,,,
2021-01-19,1152.5,1156.5,1141.5,1141.5,222800,,,
2021-01-20,1151.5,1157.5,1143,1145.5,219600,,,
2021-01-21,1220,1232.5,1185.5,1191,1147800,,,
2021-01-22,1180,1197.5,1174.5,1187.5,516200,,,
2021-01-25,1193.5,1212.5,1189.5,1212,394600,,,
2021-01-26,1212,1222.5,1206.5,1215,418800,,,
2021-01-27,1225,1251.5,1218.5,1249,500800,,,
2021-01-28,1187,1213,1178,1182.5,821400,,,
2021-01-29,1182.5,1202,1145.5,1148,437600,,,
2021-02-01,1173,1206.5,1161,1200,484200,,,
2021-02-02,1214.5,1243.5,1214.5,1229.5,594800,732950600,0,0
2021-02-03,1222.5,1227,1205,1217,420400,510675600,0,0
2021-02-04,1210,1228.5,1201,1225.5,290000,353291800,0,0
2021-02-05,1231,1231,1218,1224,293000,358726800,0,0
2021-02-08,1222,1244.5,1218.5,1236.5,318600,393863100,0,0
2021-02-09,1235,1258.5,1232,1254.5,319000,398809100,0,0
2021-02-10,1235.5,1244.5,1229,1234,276600,341744000,0,0
2021-02-12,1247,1265.5,1241.5,1250,409800,513807300,0,0
2021-02-15,1242,1255.5,1237.5,1247,197800,246888600,0,0
2021-02-16,1250,1259,1245.5,1252.5,237000,296929100,0,0
2021-02-17,1251,1251.5,1231.5,1233.5,168200,208054000,0,0
2021-02-18,1235,1241.5,1221.5,1221.5,243800,299734700,0,0
2021-02-19,1225.5,1225.5,1199,1206,232600,280876400,0,0
2021-02-22,1201,1214,1193,1193.5,205400,246446300,0,0
2021-02-24,1212.5,1216.5,1187.5,1187.5,263800,316182800,0,0
2021-02-25,1201.5,1206,1185,1199.5,196600,235593900,0,0
2021-02-26,1188.5,1189.5,1164.5,1164.5,427600,501764500,0,0
2021-03-01,1189.5,1207,1187,1197.5,211200,252426500,0,0
2021-03-02,1190,1195,1180,1193.5,262400,312249300,0,0
2021-03-03,1193.5,1194.5,1183,1192,201200,239514900,0,0
2021-03-04,1174.5,1174.5,1148.5,1169,393200,457024300,0,0
2021-03-05,1163,1200,1162,1200,372400,441781200,0,0
2021-03-08,1210,1210,1183.5,1193.5,221000,263755300,0,0
2021-03-09,1204.5,1225,1197,1220.5,369200,448918600,0,0
2021-03-10,1219,1224.5,1213.5,1218.5,260800,317800400,0,0
2021-03-11,1225,1239,1213,1235.5,316400,390056400,0,0
2021-03-12,1249.5,1249.5,1234,1244,353000,439071500,0,0
2021-03-15,1246.5,1275,1246,1275,355400,450242300,0,0
2021-03-16,1285,1302,1285,1295.5,268000,346709800,0,0
2021-03-17,1290,1302,1284.5,1297,222600,288067900,0,0
2021-03-18,1300,1309,1288.5,1309,330600,431036000,0,0
2021-03-19,1315,1329.5,1307,1329.5,318000,421109200,0,0
2021-03-22,1315.5,1323,1303.5,1318,214600,282285200,0,0
2021-03-23,1320,1325.5,1308,1308,191400,251689300,0,0
2021-03-24,1293.5,1293.5,1252.5,1255.5,346800,438709500,0,0
2021-03-25,1275,1283,1262,1276,274000,349677500,0,0
2021-03-26,1282,1293.5,1271.5,1276,380200,486917500,0,0
2021-03-29,1281,1283,1241,1263.5,909200,1143534900,0,0
2021-03-30,1260.5,1260.5,1234.5,1243,429000,533113800,0,0
2021-03-31,1238,1240.5,1224,1228,476600,586799400,0,0
2021-04-01,1241,1252,1233,1246.5,284600,353837400,0,0
2021-04-02,1260,1266.5,1251.5,1260.5,202400,254878900,0,0
2021-04-05,1242,1257.5,1238,1254.5,149400,186861900,0,0
2021-04-06,1259,1275.5,1242.5,1252,315400,396637600,0,0
2021-04-07,1237,1272.5,1236,1270,229800,290144900,0,0
2021-04-08,1267.5,1272,1238.5,1243,231800,289807300,0,0
2021-04-09,1260.5,1268.5,1243.5,1246.5,352200,440710300,0,0
2021-04-12,1266.5,1269,1258,1262.5,287200,362631500,0,0
2021-04-13,1280,1291.5,1269.5,1270.5,391200,499886100,0,0
2021-04-14,1260,1275.5,1253,1274.5,231200,293337700,0,0
2021-04-15,1263.5,1284.5,1263.5,1278,214400,273561200,0,0
2021-04-16,1291.5,1292,1268.5,1275.5,240600,306807900,0,0
2021-04-19,1291.5,1299,1287,1296,213000,275786900,0,0
2021-04-20,1278.5,1282,1264.5,1267,178200,226278600,0,0
2021-04-21,1249,1254.5,1231,1235.5,352800,436993800,0,0
2021-04-22,1257,1265.5,1248.5,1256.5,189800,238386000,0,0
2021-04-23,1252,1268,1250,1263.5,390000,491521400,0,0
2021-04-26,1349,1364.5,1286.5,1300.5,1380200,1826096700,0,0
2021-04-27,1286.5,1318,1271.5,1307.5,652400,850354100,0,0
2021-04-28,1305,1310.5,1282.5,1286.5,601800,777052300,0,0
2021-04-30,1337.5,1346,1314,1318.5,582200,772943300,0,0
2021-05-06,1321.5,1323,1292,1298,502200,654198300,0,0
2021-05-07,1282.5,1310.5,1282.5,1304.5,279600,363982800,0,0
2021-05-10,1299.5,1310,1294,1301,306800,399523400,0,0
2021-05-11,1284,1294.5,1267,1275.5,425200,543762400,0,0
2021-05-12,1275.5,1279,1252.5,1263,365400,462643200,0,0
2021-05-13,1250,1268,1240.5,1248,278600,349077800,0,0
2021-05-14,1267,1287.5,1261,1276.5,214400,273609800,0,0
2021-05-17,1296,1305.5,1292.5,1299,290800,378121400,0,0
2021-05-18,1307,1310,1294,1309,145200,189518800,0,0
2021-05-19,1296.5,1314.5,1294,1308.5,174600,228159700,0,0
2021-05-20,1302,1326,1302,1324,147800,195237600,0,0
2021-05-21,1323,1330,1314.5,1325,142200,188284300,0,0
2021-05-24,1325,1342,1323,1335,157800,210737300,0,0
2021-05-25,1340.5,1347.5,1330,1347.5,231200,310498700,0,0
2021-05-26,1336.5,1337.5,1320,1323,222800,296145400,0,0
2021-05-27,1309.5,1313,1297,1298.5,330400,430235300,0,0
2021-05-28,1316.5,1318.5,1304,1311,209000,273841800,0,0
2021-05-31,1310.5,1310.5,1271,1278,237800,305074600,0,0
2021-06-01,1285,1290,1254,1268,313600,396970500,0,0
2021-06-02,1257,1267.5,1237.5,1260,549800,691768500,0,0
2021-06-03,1274.5,1303,1273.5,1296.5,390200,505116100,0,0
2021-06-04,1290.5,1313,1290,1310,294000,383611100,0,0
2021-06-07,1326.5,1330.5,1315,1323.5,216800,286636900,0,0
2021-06-08,1324,1339,1324,1332,229600,305538400,0,0
2021-06-09,1336,1339,1326,1331.5,186000,247828800,0,0
2021-06-10,1323,1328.5,1309.5,1321.5,257200,339716300,0,0
2021-06-11,1325,1325,1304.5,1308,295400,387970200,0,0
2021-06-14,1310,1327.5,1303.5,1327,264800,349706900,0,0
2021-06-15,1327,1357,1317,1350,618800,829964300,0,0
2021-06-16,1337.5,1347,1330.5,1343,219200,293671200,0,0
2021-06-17,1348,1352,1333.5,1344,289400,388529500,0,0
2021-06-18,1344,1344,1319,1323,417600,554136800,0,0
2021-06-21,1290,1295.5,1268.5,1275.5,431800,551381200,0,0
2021-06-22,1300.5,1304,1276.5,1283,468600,601714700,0,0
2021-06-23,1265,1278.5,1261.5,1271,503000,638963100,0,0
2021-06-24,1280,1312.5,1277.5,1312,502400,655041200,0,0
2021-06-25,1310,1331.5,1305,1328,368800,486973000,0,0
2021-06-28,1334.5,1334.5,1301.5,1307.5,520800,686605100,0,0
2021-06-29,1293,1293,1270.5,1276,282200,360540000,0,0
2021-06-30,1292.5,1300,1284.5,1291.5,328000,423857000,0,0
2021-07-01,1291.5,1303,1281,1284.5,244400,314577100,0,0
2021-07-02,1296,1309.5,1292.5,1308,256600,334892800,0,0
2021-07-05,1299,1304,1292.5,1297.5,163000,211626800,0,0
2021-07-06,1310.5,1310.5,1290,1290,191000,247291900,0,0
2021-07-07,1276,1289.5,1268,1284.5,160200,205526600,0,0
2021-07-08,1299,1303.5,1282.5,1282.5,215200,277143400,0,0
2021-07-09,1264.5,1270,1240.5,1263,274000,344194700,0,0
2021-07-12,1310,1310,1290,1298,334400,434149800,0,0
2021-07-13,1308,1309.5,1297,1303.5,290200,377925700,0,0
2021-07-14,1300.5,1307,1297,1300,189400,246629600,0,0
2021-07-15,1308.5,1319,1293.5,1296,280000,364845000,0,0
2021-07-16,1286,1298.5,1273.5,1273.5,225600,289230700,0,0
2021-07-19,1271,1274,1254.5,1268,296600,375354700,0,0
2021-07-20,1257,1296,1255,1291,437600,560876000,0,0
2021-07-21,1304.5,1320,1301.5,1306,428400,561600700,0,0
2021-07-26,1324.5,1325,1285,1286.5,572400,743676400,0,0
2021-07-27,1296,1319.5,1291.5,1314,542400,712066000,0,0
2021-07-28,1264,1268.5,1244,1268,747200,941038700,0,0
2021-07-29,1268.5,1277,1249.5,1256,367400,462502300,0,0
2021-07-30,1244,1247,1218.5,1221.5,501400,615104000,0,0
2021-08-02,1225.5,1241.5,1218.5,1240,325000,400823300,0,0
2021-08-03,1235.5,1236,1225.5,1231.5,185400,228094500,0,0
2021-08-04,1237.5,1242.5,1232,1236.5,207400,256649900,0,0
2021-08-05,1227.5,1238.5,1225,1227.5,156400,192315500,0,0
2021-08-06,1227.5,1232.5,1207.5,1207.5,151200,183584700,0,0
2021-08-10,1213.5,1233.5,1213.5,1225,224800,275503800,0,0
2021-08-11,1234.5,1240.5,1225,1227.5,183000,225027800,0,0
2021-08-12,1239.5,1239.5,1227.5,1231,106400,131027900,0,0
2021-08-13,1249,1270,1244,1256,410000,515952700,0,0
2021-08-16,1247,1252,1224,1227,194200,238956300,0,0
2021-08-17,1238,1242.5,1227.5,1232,145600,179815200,0,0
2021-08-18,1236.5,1259.5,1230.5,1244.5,146800,182807000,0,0
2021-08-19,1244.5,1256.5,1237.5,1242.5,280800,350296500,0,0
2021-08-20,1233,1248,1231.5,1234,200600,248008600,0,0
2021-08-23,1245.5,1258.5,1243.5,1250.5,227000,284166400,0,0
2021-08-24,1248.5,1268.5,1248.5,1264,157600,199158500,0,0
2021-08-25,1260,1267.5,1257,1261,140400,177185800,0,0
2021-08-26,1262.5,1262.5,1250.5,1255.5,203400,255909700,0,0
2021-08-27,1245.5,1250.5,1231,1233.5,177200,219540400,0,0
2021-08-30,1242,1246.5,1233.5,1240,157200,194674300,0,0
2021-08-31,1227,1263.5,1227,1256.5,196000,245582100,0,0
2021-09-01,1252,1266.5,1252,1265.5,113800,143590800,0,0
2021-09-02,1262,1266.5,1253.5,1260.5,141800,178635800,0,0
2021-09-03,1251,1278,1251,1275,163200,207424400,0,0
2021-09-06,1280.5,1286,1275,1276,138600,177200200,0,0
2021-09-07,1282.5,1296,1276,1285,232000,298729100,0,0
2021-09-08,1284,1296.5,1276,1292,179600,231604500,0,0
2021-09-09,1285.5,1299,1283,1297.5,236000,305497800,0,0
2021-09-10,1292.5,1317.5,1292.5,1317.5,337400,441689700,0,0
2021-09-13,1310,1313.5,1302.5,1313.5,175000,229264500,0,0
2021-09-14,1315,1324.5,1306,1322,294200,387701100,0,0
2021-09-15,1301,1305.5,1285.5,1296,335200,433583900,0,0
2021-09-16,1301,1309.5,1293.5,1301.5,347800,452460900,0,0
2021-09-17,1301.5,1303,1288.5,1298.5,284000,368769700,0,0
2021-09-21,1273.5,1293.5,1267.5,1288.5,228200,293347000,0,0
2021-09-22,1296,1299.5,1280,1280,254800,327826400,0,0
2021-09-24,1310,1322.5,1302.5,1318.5,558800,735148200,0,0
2021-09-27,1322.5,1330,1315,1323.5,554600,733895900,0,0
2021-09-28,1332.5,1341.5,1322,1340,391400,522953600,0,0
2021-09-29,1315,1315,1282,1301,346400,448113700,0,0
2021-09-30,1295.5,1310.5,1293.5,1302,352200,458937700,0,0
2021-10-01,1294.5,1303,1268,1273,291200,372212200,0,0
2021-10-04,1286.5,1288.5,1258,1265.5,140600,178299700,0,0
2021-10-05,1250,1257,1230.5,1236.5,226400,280579900,0,0
2021-10-06,1237,1260.5,1220.5,1227,416000,513051300,0,0
2021-10-07,1239.5,1249,1230,1230.5,188800,233750500,0,0
2021-10-08,1248.5,1255,1237.5,1238.5,161600,200787100,0,0
2021-10-11,1231,1263,1229,1262,191200,239960800,0,0
2021-10-12,1250,1254,1244,1246,159200,198548000,0,0
2021-10-13,1251,1257,1240,1252.5,191800,240046700,0,0
2021-10-14,1244,1248,1235,1236.5,197400,244917600,0,0
2021-10-15,1255.5,1271.5,1255,1270.5,168400,212980300,0,0
2021-10-18,1265,1268.5,1254,1264.5,175800,221934600,0,0
2021-10-19,1264,1283,1262.5,1278.5,191000,243192600,0,0
2021-10-20,1282,1284,1267.5,1267.5,148000,188512300,0,0
2021-10-21,1267,1275,1259.5,1262.5,144000,182300100,0,0
2021-10-22,1253,1271,1245,1260,152800,192782400,0,0
2021-10-25,1247.5,1267.5,1247.5,1254.5,315600,396367600,0,0
2021-10-26,1177.5,1177.5,1141.5,1148,1829200,2110216300,0,0
2021-10-27,1124.5,1133,1106,1130.5,987600,1108647100,0,0
2021-10-28,1132.5,1132.5,1111.5,1122,673200,754820300,0,0
2021-10-29,1133.5,1139.5,1116,1126,526000,592083700,0,0
2021-11-01,1151,1159,1139,1155,618000,710581500,0,0
2021-11-02,1153,1160,1147,1147,536400,618448700,0,0
2021-11-04,1167.5,1176.5,1159.5,1173.5,741800,868249900,0,0
2021-11-05,1155.5,1179,1155,1175,373800,438128800,0,0
2021-11-08,1172.5,1177.5,1151,1152.5,270200,313335700,0,0
2021-11-09,1153.5,1163.5,1145,1147,196000,225861200,0,0
2021-11-10,1144.5,1150.5,1138,1143,133400,152684200,0,0
2021-11-11,1142.5,1160.5,1141,1156.5,263200,303696000,0,0
2021-11-12,1160.5,1177.5,1160.5,1163.5,305600,356886800,0,0
2021-11-15,1172.5,1180.5,1161.5,1162.5,155800,181775300,0,0
2021-11-16,1165.5,1177.5,1165.5,1166,218600,255884600,0,0
2021-11-17,1159.5,1165,1155,1157,434400,503576500,0,0
2021-11-18,1138,1161,1138,1156,350400,403732900,0,0
2021-11-19,1160,1177.5,1160,1174.5,263000,308034500,0,0
2021-11-22,1166,1177,1160,1170.5,179800,210556400,0,0
2021-11-24,1180,1192.5,1169,1169.5,321000,378097200,0,0
2021-11-25,1170,1179.5,1169.5,1173,202600,237950000,0,0
2021-11-26,1168,1168,1139.5,1146.5,303400,349757200,0,0
2021-11-29,1125,1130.5,1105,1108,303400,338532500,0,0
2021-11-30,1116,1125,1096.5,1100,512200,566922200,0,0
2021-12-01,1100.5,1130.5,1100.5,1121.5,394800,442444600,0,0
2021-12-02,1102.5,1126,1102.5,1112.5,422600,471396200,0,0
2021-12-03,1127,1143.5,1124,1140,262600,298260100,0,0
2021-12-06,1149.5,1154.5,1140.5,1142,200800,229912300,0,0
2021-12-07,1153.5,1177.5,1150,1174.5,229800,268156800,0,0
2021-12-08,1189,1191.5,1180,1183,227000,268997800,0,0
2021-12-09,1159.5,1159.5,1138,1140.5,496400,567623000,0,0
2021-12-10,1135,1142,1130.5,1136.5,301600,342577100,0,0
2021-12-13,1147.5,1152,1132,1135.5,239600,272678900,0,0
2021-12-14,1125,1141,1125,1139.5,303000,344147700,0,0
2021-12-15,1141,1147.5,1135.5,1146,446600,510281600,0,0
2021-12-16,1153.5,1168.5,1148.5,1168.5,222000,258174900,0,0
2021-12-17,1165.5,1166,1144,1151,607000,699001600,0,0
2021-12-20,1141,1143.5,1129,1132,167800,190341800,0,0
2021-12-21,1145.5,1148,1133.5,1139.5,219200,250181800,0,0
2021-12-22,1148.5,1148.5,1133,1135,360800,410341500,0,0
2021-12-23,1139.5,1146,1135,1145.5,121600,138930700,0,0
2021-12-24,1154,1154,1147,1150,159400,183343900,0,0
2021-12-27,1154.5,1157,1147,1147,292200,336427200,0,0
2021-12-28,1160,1163.5,1153,1157,230200,266273800,0,0
2021-12-29,1150,1152.5,1140.5,1146,269400,308513000,0,0
2021-12-30,1149,1149.5,1141,1145.5,118800,136101700,0,0
2022-01-04,1155,1157,1140,1150,185600,213002400,0,0
2022-01-05,1159,1161.5,1150,1160.5,179600,207856500,0,0
2022-01-06,1160,1167.5,1148,1148,226400,261968200,0,0
2022-01-07,1151,1159,1139,1146.5,192200,220327300,0,0
2022-01-11,1135,1139.5,1124.5,1135,249800,283154300,0,0
2022-01-12,1140.5,1161,1138,1158.5,228200,263162800,0,0
2022-01-13,1148.5,1160,1141.5,1146,208400,239776800,0,0
2022-01-14,1142.5,1146.5,1128,1140,227600,258982900,0,0
2022-01-17,1145,1147,1132.5,1137,139400,158563100,0,0
2022-01-18,1144,1144,1128,1132.5,186800,211952700,0,0
2022-01-19,1115,1130,1108,1113.5,273800,306042700,0,0
2022-01-20,1111,1131,1110.5,1120,299000,335149200,0,0
2022-01-21,1112,1121,1104,1119,189000,210652100,0,0
2022-01-24,1114,1132,1108.5,1131.5,169800,190786200,0,0
2022-01-25,1131.5,1139,1125.5,1137,271600,307773000,0,0
2022-01-26,1144.5,1149.5,1124,1124,456400,517600200,0,0
2022-01-27,1170,1207.5,1148.5,1149,1398600,1641495200,0,0
2022-01-28,1159,1172.5,1151,1163,696800,809409800,0,0
2022-01-31,1155,1171.5,1153,1167.5,322400,375110300,0,0
2022-02-01,1159,1186,1155,1171,377000,442875800,0,0
2022-02-02,1165.5,1208.5,1165.5,1207,432600,517988100,0,0
2022-02-03,1212,1232.5,1212,1221.5,401200,490665000,0,0
2022-02-04,1255,1265,1226,1240,649400,807798700,0,0
2022-02-07,1234.5,1252,1223.5,1251,339000,421710400,0,0
2022-02-08,1245,1266,1243,1259,303600,382193500,0,0
2022-02-09,1256.5,1267,1253.5,1265.5,309600,390858900,0,0
2022-02-10,1265,1280,1261,1270,300600,381928200,0,0
2022-02-14,1253.5,1268.5,1253.5,1265.5,323800,409208200,0,0
2022-02-15,1263,1265.5,1240,1247,385200,481330000,0,0
2022-02-16,1267,1267,1254,1259.5,259200,326992900,0,0
2022-02-17,1265,1272.5,1248.5,1249,238000,299341900,0,0
2022-02-18,1236,1238.5,1225.5,1232.5,232600,286463100,0,0
2022-02-21,1225,1240,1218,1233,236600,291150800,0,0
2022-02-22,1213,1231.5,1201,1205,298000,361028800,0,0
2022-02-24,1197.5,1204.5,1174,1183.5,432600,513208700,0,0
2022-02-25,1183.5,1208.5,1183,1203.5,292200,349772300,0,0
2022-02-28,1203,1204.5,1183,1200.5,469600,560623300,0,0
2022-03-01,1202.5,1213.5,1192,1199,268400,322771500,0,0
2022-03-02,1174,1175.5,1150.5,1159,277400,321717100,0,0
2022-03-03,1173.5,1174,1155,1164,267600,311936800,0,0
2022-03-04,1167,1173,1152.5,1165,420600,489545200,0,0
2022-03-07,1148.5,1150.5,1111.5,1123,382200,429536500,0,0
2022-03-08,1100.5,1119,1095,1100.5,407400,450087900,0,0
2022-03-09,1150.5,1150.5,1127,1129,547600,621814500,0,0
2022-03-10,1170.5,1201,1158.5,1193,475200,565342000,0,0
2022-03-11,1170.5,1187,1166.5,1176.5,282400,332532100,0,0
2022-03-14,1185.5,1196.5,1183,1185.5,197600,234987200,0,0
2022-03-15,1185.5,1205,1185,1197,218200,261061500,0,0
2022-03-16,1215,1222.5,1207.5,1207.5,340000,412658500,0,0
2022-03-17,1238,1238,1213.5,1214.5,360000,439573700,0,0
2022-03-18,1212,1220.5,1201.5,1216.5,396200,480763300,0,0
2022-03-22,1235,1235,1210,1215.5,233800,284468300,0,0
2022-03-23,1227.5,1233,1220.5,1229,237000,291004400,0,0
2022-03-24,1216,1234.5,1207.5,1233.5,278600,341274800,0,0
2022-03-25,1250.5,1258,1246.5,1257,385800,483696000,0,0
2022-03-28,1262,1265.5,1254,1264,305600,385670200,0,0
2022-03-29,1263.5,1273,1259,1271,205400,260542200,0,0
2022-03-30,1288,1293.5,1261.5,1270,355000,452347400,0,0
2022-03-31,1266,1277,1253.5,1261.5,441800,559222800,0,0
2022-04-01,1264,1286.5,1264,1275.5,483600,617968000,0,0
2022-04-04,1271,1276.5,1266,1270.5,202600,257621900,0,0
2022-04-05,1290,1294,1270,1270.5,330200,421952000,0,0
2022-04-06,1271.5,1276.5,1257,1259.5,333800,421889200,0,0
2022-04-07,1249.5,1257.5,1231,1248,351600,438680100,0,0
2022-04-08,1268,1277,1255.5,1265.5,459600,582240500,0,0
2022-04-11,1260,1272.5,1255,1264,256000,323677500,0,0
2022-04-12,1253.5,1276,1250.5,1267.5,338400,429358800,0,0
2022-04-13,1271,1272.5,1261,1267.5,408800,518164500,0,0
2022-04-14,1277,1311.5,1276,1305.5,565800,735778500,0,0
2022-04-15,1288,1310.5,1288,1301,354200,461351800,0,0
2022-04-18,1295,1307,1290,1300,249400,323970900,0,0
2022-04-19,1307.5,1313.5,1294.5,1309,216000,282229800,0,0
2022-04-20,1316,1338,1314.5,1320.5,236600,313110900,0,0
2022-04-21,1316.5,1327.5,1309.5,1317.5,238800,314469100,0,0
2022-04-22,1306.5,1313,1300,1306,300400,392541600,0,0
2022-04-25,1284.5,1294.5,1260,1290.5,744400,953885000,0,0
2022-04-26,1340.5,1404,1325.5,1370,2013000,2756844200,0,0
2022-04-27,1406,1407,1355,1378.5,1119200,1542326000,0,0
2022-04-28,1386,1416.5,1382,1413.5,744200,1043802700,0,0
2022-05-02,1419,1439,1408.5,1430.5,683400,974671200,0,0
2022-05-06,1439.5,1484.5,1439.5,1480.5,711400,1044443100,0,0
2022-05-09,1485,1540,1482.5,1530,965000,1468040000,0,0
2022-05-10,1520,1535,1507.5,1522.5,713600,1084919500,0,0
2022-05-11,1517.5,1547.5,1512.5,1532.5,480000,736024000,0,0
2022-05-12,1517.5,1547.5,1515,1530,650800,999086000,0,0
2022-05-13,1510,1517.5,1477.5,1507.5,1065000,1596044800,0,0
2022-05-16,1530,1530,1484,1486.5,442400,662583700,0,0
2022-05-17,1495,1500,1478.5,1483,585200,870002300,0,0
2022-05-18,1483,1486.5,1476,1482,453800,671994000,0,0
2022-05-19,1470,1502.5,1464.5,1494,382800,569145200,0,0
2022-05-20,1489,1505,1483.5,1498.5,355000,531313300,0,0
2022-05-23,1507.5,1520,1500,1502.5,309600,467036000,0,0
2022-05-24,1510,1517.5,1493.5,1500,239400,360019800,0,0
2022-05-25,1500,1525,1498,1510,319000,483082600,0,0
2022-05-26,1507.5,1520,1502.5,1507.5,273400,413097000,0,0
2022-05-27,1520,1522.5,1505,1510,182800,276640500,0,0
2022-05-30,1522.5,1532.5,1512.5,1520,507000,771198500,0,0
2022-05-31,1520,1525,1505,1505,285800,431667500,0,0
2022-06-01,1510,1510,1489,1502.5,528000,791427000,0,0
2022-06-02,1507.5,1520,1494.5,1515,182000,275175500,0,0
2022-06-03,1510,1520,1487,1498,357000,534299100,0,0
2022-06-06,1495.5,1515,1490,1510,291400,438264100,0,0
2022-06-07,1520,1540,1507.5,1517.5,472800,718666500,0,0
2022-06-08,1512.5,1530,1507.5,1522.5,257400,391704000,0,0
2022-06-09,1520,1527.5,1507.5,1515,376200,571156000,0,0
2022-06-10,1510,1520,1502.5,1505,284400,429491500,0,0
2022-06-13,1480.5,1486.5,1444,1460.5,601400,878773400,0,0
2022-06-14,1445.5,1467,1441,1461,543000,789861900,0,0
2022-06-15,1460,1474,1442,1443.5,722200,1050726100,0,0
2022-06-16,1442,1458,1438,1447.5,363400,525600400,0,0
2022-06-17,1428.5,1429.5,1407.5,1417,697200,986991800,0,0
2022-06-20,1415,1416.5,1393.5,1405.5,400200,561714400,0,0
2022-06-21,1401,1426,1398,1418.5,356000,504438400,0,0
2022-06-22,1425.5,1435.5,1415,1415.5,198000,281475300,0,0
2022-06-23,1409.5,1426.5,1409,1421,226400,321636800,0,0
2022-06-24,1425,1433,1419,1430,210400,300150800,0,0
2022-06-27,1447.5,1453.5,1430,1435.5,306000,440793300,0,0
2022-06-28,1433,1457.5,1428,1457.5,220800,320467800,0,0
2022-06-29,1435,1437.5,1423.5,1428.5,476800,681683600,0,0
2022-06-30,1437,1437,1405,1409,421400,596105300,0,0
2022-07-01,1421,1426,1383,1393,469200,654648700,0,0
2022-07-04,1409.5,1412,1399,1409,365000,513362400,0,0
2022-07-05,1422.5,1428,1416,1418.5,259200,368098000,0,0
2022-07-06,1398.5,1406,1381,1390,480400,667716500,0,0
2022-07-07,1405.5,1422,1392,1414,375200,529199200,0,0
2022-07-08,1414.5,1437.5,1412,1416.5,542600,772503200,0,0
2022-07-11,1434.5,1462.5,1430,1448,415000,600879100,0,0
2022-07-12,1434,1435.5,1406,1421.5,351600,499381200,0,0
2022-07-13,1421.5,1421.5,1405.5,1408.5,257000,363034200,0,0
2022-07-14,1395,1406.5,1389.5,1394.5,387800,541241800,0,0
2022-07-15,1410,1412,1387,1396,323800,451908700,0,0
2022-07-19,1396,1405,1387,1402,297800,416409000,0,0
2022-07-20,1426.5,1439.5,1425.5,1439.5,396400,568601500,0,0
2022-07-21,1427,1456.5,1427,1454.5,322400,466126300,0,0
2022-07-22,1452.5,1469.5,1443.5,1469.5,424600,620318300,0,0
2022-07-25,1466,1473,1450,1469,816800,1196234500,0,0
2022-07-26,1520,1560,1485.5,1547.5,1607200,2458486100,0,0
2022-07-27,1560,1635,1560,1630,1428800,2293897000,0,0
2022-07-28,1615,1617.5,1575,1590,2355400,3740663000,0,0
2022-07-29,1600,1607.5,1552.5,1557.5,572200,897859000,0,0
2022-08-01,1572.5,1582.5,1552.5,1565,417800,655066000,0,0
2022-08-02,1545,1557.5,1535,1542.5,288200,444763500,0,0
2022-08-03,1535,1542.5,1520,1540,342200,524728500,0,0
2022-08-04,1545,1550,1532.5,1537.5,224200,345283000,0,0
2022-08-05,1537.5,1570,1537.5,1562.5,275200,429761500,0,0
2022-08-08,1570,1600,1570,1597.5,290800,461503500,0,0
2022-08-09,1585,1612.5,1580,1580,295200,469589000,0,0
2022-08-10,1580,1590,1567.5,1585,293000,463070500,0,0
2022-08-12,1617.5,1632.5,1610,1615,313800,508241000,0,0
2022-08-15,1610,1612.5,1590,1595,202000,322824500,0,0
2022-08-16,1617.5,1617.5,1590,1602.5,138000,220964500,0,0
2022-08-17,1620,1620,1605,1615,225200,363263500,0,0
2022-08-18,1610,1610,1587.5,1597.5,209800,335039000,0,0
2022-08-19,1607.5,1620,1602.5,1607.5,224600,361373000,0,0
2022-08-22,1597.5,1620,1592.5,1617.5,216200,348954500,0,0
2022-08-23,1612.5,1612.5,1597.5,1600,168000,269197500,0,0
2022-08-24,1615,1617.5,1580,1590,273800,435313000,0,0
2022-08-25,1590,1620,1590,1612.5,219400,353411500,0,0
2022-08-26,1620,1630,1607.5,1622.5,360200,584274000,0,0
2022-08-29,1590,1617.5,1590,1607.5,264600,424781000,0,0
2022-08-30,1610,1617.5,1602.5,1610,254600,409940500,0,0
2022-08-31,1590,1602.5,1575,1582.5,388800,615803500,0,0
2022-09-01,1562.5,1572.5,1557.5,1562.5,282400,441826500,0,0
2022-09-02,1562.5,1570,1552.5,1562.5,202000,315742500,0,0
2022-09-05,1562.5,1575,1555,1567.5,175800,275713000,0,0
2022-09-06,1580,1590,1570,1577.5,237200,374913500,0,0
2022-09-07,1577.5,1580,1555,1567.5,151800,237551000,0,0
2022-09-08,1592.5,1605,1585,1602.5,354400,566322000,0,0
2022-09-09,1597.5,1620,1597.5,1612.5,317800,510923500,0,0
2022-09-12,1625,1627.5,1607.5,1612.5,131800,212902000,0,0
2022-09-13,1627.5,1627.5,1607.5,1620,181800,294433500,0,0
2022-09-14,1600,1615,1595,1595,226200,362010000,0,0
2022-09-15,1605,1605,1587.5,1600,113400,180982500,0,0
2022-09-16,1585,1592.5,1575,1587.5,214000,339359000,0,0
2022-09-20,1590,1607.5,1590,1597.5,179200,286260000,0,0
2022-09-21,1580,1587.5,1567.5,1580,160000,252701500,0,0
2022-09-22,1572.5,1590,1567.5,1587.5,194400,307680000,0,0
2022-09-26,1615,1615,1570,1570,587800,938918000,0,0
2022-09-27,1562.5,1580,1557.5,1565,313600,491482500,0,0
2022-09-28,1562.5,1577.5,1555,1577.5,329400,517373500,0,0
2022-09-29,1577.5,1605,1577.5,1605,271000,433114000,0,0
2022-09-30,1595,1620,1587.5,1600,386000,619437000,0,0
2022-10-03,1585,1597.5,1570,1590,316200,501366000,0,0
2022-10-04,1607.5,1637.5,1602.5,1627.5,556200,905507500,0,0
2022-10-05,1642.5,1642.5,1622.5,1627.5,353600,577482500,0,0
2022-10-06,1630,1645,1627.5,1635,427800,699855500,0,0
2022-10-07,1615,1637.5,1615,1630,366000,595803500,0,0
2022-10-11,1615,1630,1587.5,1595,430800,691496000,0,0
2022-10-12,1600,1625,1597.5,1617.5,327600,529082000,0,0
2022-10-13,1607.5,1620,1595,1610,253200,407371000,0,0
2022-10-14,1635,1647.5,1620,1635,317600,520263500,0,0
2022-10-17,1615,1630,1607.5,1622.5,274800,445844000,0,0
2022-10-18,1635,1657.5,1625,1647.5,413400,679811000,0,0
2022-10-19,1642.5,1642.5,1602.5,1607.5,321400,519333000,0,0
2022-10-20,1590,1595,1567.5,1577.5,412800,651991000,0,0
2022-10-21,1577.5,1587.5,1560,1560,335000,526426000,0,0
2022-10-24,1580,1582.5,1562.5,1562.5,453000,712485500,0,0
2022-10-25,1580,1610,1570,1602.5,545600,870592000,0,0
2022-10-26,1577.5,1617.5,1525,1525,1127200,1750119000,0,0
2022-10-27,1525,1547.5,1507.5,1537.5,648200,995374000,0,0
2022-10-28,1525,1537.5,1517.5,1517.5,984400,1497391000,0,0
2022-10-31,1532.5,1570,1530,1570,347200,542032000,0,0
2022-11-01,1580,1597.5,1580,1582.5,260800,413778500,0,0
2022-11-02,1582.5,1605,1582.5,1597.5,295800,472281000,0,0
2022-11-04,1572.5,1585,1560,1565,208200,326559500,0,0
2022-11-07,1570,1575,1555,1555,165800,258941000,0,0
2022-11-08,1567.5,1575,1555,1575,239600,375676000,0,0
2022-11-09,1575,1575,1545,1545,206000,320253000,0,0
2022-11-10,1522.5,1555,1520,1542.5,264400,406822000,0,0
2022-11-11,1575,1585,1570,1577.5,370000,583424500,0,0
2022-11-14,1572.5,1577.5,1550,1550,148600,231529500,0,0
2022-11-15,1555,1555,1537.5,1547.5,190800,295183500,0,0
2022-11-16,1547.5,1560,1542.5,1555,126800,196771500,0,0
2022-11-17,1555,1572.5,1552.5,1562.5,144800,226417000,0,0
2022-11-18,1565,1585,1565,1585,153200,242066500,0,0
2022-11-21,1577.5,1590,1565,1590,254600,403204500,0,0
2022-11-22,1602.5,1612.5,1600,1605,214600,344448500,0,0
2022-11-24,1615,1620,1592.5,1595,246400,394737000,0,0
2022-11-25,1600,1602.5,1590,1597.5,177400,283425500,0,0
2022-11-28,1595,1595,1585,1590,235200,374294000,0,0
2022-11-29,1590,1595,1572.5,1590,176400,279968000,0,0
2022-11-30,1565,1572.5,1545,1555,647000,1007851500,0,0
2022-12-01,1557.5,1562.5,1517.5,1525,450000,690433500,0,0
2022-12-02,1512.5,1517.5,1470.5,1487,533400,793679900,0,0
2022-12-05,1481.5,1481.5,1467,1477,273000,402796900,0,0
2022-12-06,1475,1515,1475,1510,249600,375497700,0,0
2022-12-07,1502.5,1520,1502.5,1502.5,237600,358077000,0,0
2022-12-08,1489,1505,1488.5,1498,220400,330132200,0,0
2022-12-09,1477.5,1515,1477.5,1510,267200,401293600,0,0
2022-12-12,1510,1512.5,1496.5,1507.5,193600,291361600,0,0
2022-12-13,1520,1532.5,1512.5,1517.5,199600,303635500,0,0
2022-12-14,1522.5,1540,1520,1537.5,197400,302591000,0,0
2022-12-15,1552.5,1557.5,1532.5,1537.5,408800,632347500,0,0
2022-12-16,1535,1547.5,1525,1537.5,480600,738927000,0,0
2022-12-19,1515,1532.5,1515,1525,154400,235510000,0,0
2022-12-20,1542.5,1547.5,1494,1507.5,227800,344610000,0,0
2022-12-21,1498.5,1502.5,1468.5,1477.5,337800,500975400,0,0
2022-12-22,1489,1499.5,1481.5,1498.5,215000,321364600,0,0
2022-12-23,1489.5,1510,1482,1505,148800,222921400,0,0
2022-12-26,1510,1525,1492,1520,175400,265773600,0,0
2022-12-27,1525,1530,1507.5,1510,112200,169953500,0,0
2022-12-28,1500,1505,1495.5,1505,181000,271598500,0,0
2022-12-29,1475,1492.5,1466,1489,167400,248336300,0,0
2022-12-30,1505,1510,1492.5,1494.5,168000,252021900,0,0
2023-01-04,1477.5,1482,1447.5,1448,222200,323292700,0,0
2023-01-05,1439,1447,1433,1440.5,180000,259308400,0,0
2023-01-06,1445.5,1455,1438,1446.5,194000,280361400,0,0
2023-01-10,1453,1454,1431,1435,219000,314972100,0,0
2023-01-11,1444,1447.5,1435,1446.5,180000,260023600,0,0
2023-01-12,1453.5,1459,1444.5,1454,132200,192094200,0,0
2023-01-13,1450,1463,1436,1438.5,133200,192759600,0,0
2023-01-16,1420,1442.5,1419.5,1438,206800,296647500,0,0
2023-01-17,1437.5,1462,1437.5,1458.5,205200,298684900,0,0
2023-01-18,1457.5,1476.5,1440,1465.5,237200,347072400,0,0
2023-01-19,1451,1471.5,1449.5,1461,134400,196466100,0,0
2023-01-20,1463.5,1477,1452.5,1471.5,170800,251099400,0,0
2023-01-23,1487,1487,1465.5,1479.5,196400,290047200,0,0
2023-01-24,1500,1517.5,1495.5,1510,235600,355509600,0,0
2023-01-25,1510,1530,1502.5,1527.5,228800,348613500,0,0
2023-01-26,1512.5,1517.5,1500,1512.5,266800,403030000,0,0
2023-01-27,1522.5,1527.5,1512.5,1512.5,184400,279934500,0,0
2023-01-30,1515,1535,1490.5,1505,556000,837553500,0,0
2023-01-31,1510,1550,1510,1537.5,459800,705848000,0,0
2023-02-01,1557.5,1580,1542.5,1542.5,370600,577596000,0,0
2023-02-02,1550,1550,1497,1505,280600,424495500,0,0
2023-02-03,1496.5,1515,1491,1512.5,292800,440700100,0,0
2023-02-06,1540,1540,1500,1510,162600,246011500,0,0
2023-02-07,1512.5,1532.5,1512.5,1525,180000,274451000,0,0
2023-02-08,1530,1542.5,1525,1525,176200,269711000,0,0
2023-02-09,1532.5,1565,1532.5,1560,150200,233401500,0,0
2023-02-10,1547.5,1567.5,1545,1560,157800,246105000,0,0
2023-02-13,1552.5,1555,1525,1527.5,204800,313806000,0,0
2023-02-14,1530,1540,1520,1530,176200,269452500,0,0
2023-02-15,1525,1532.5,1510,1515,160000,243134500,0,0
2023-02-16,1525,1542.5,1515,1540,228400,349672500,0,0
2023-02-17,1542.5,1560,1540,1540,221800,342855500,0,0
2023-02-20,1552.5,1552.5,1542.5,1545,89800,138850500,0,0
2023-02-21,1530,1542.5,1525,1530,91800,140597000,0,0
2023-02-22,1525,1537.5,1512.5,1527.5,201400,307459000,0,0
2023-02-24,1537.5,1537.5,1517.5,1527.5,199000,303779000,0,0
2023-02-27,1525,1537.5,1525,1535,184400,281937500,0,0
2023-02-28,1530,1537.5,1499.5,1505,446800,674152100,0,0
2023-03-01,1515,1532.5,1499.5,1525,339800,516235700,0,0
2023-03-02,1532.5,1537.5,1520,1530,203600,311089500,0,0
2023-03-03,1545,1562.5,1527.5,1552.5,484600,750965500,0,0
2023-03-06,1565,1605,1557.5,1602.5,348000,553588500,0,0
2023-03-07,1602.5,1637.5,1600,1622.5,297400,481701500,0,0
2023-03-08,1617.5,1625,1612.5,1615,163600,264659000,0,0
2023-03-09,1625,1647.5,1620,1640,191400,313213500,0,0
2023-03-10,1630,1647.5,1610,1615,260400,423193000,0,0
2023-03-13,1592.5,1592.5,1555,1580,148800,234013500,0,0
2023-03-14,1540,1547.5,1505,1532.5,311200,475356500,0,0
2023-03-15,1557.5,1565,1540,1555,162600,252761000,0,0
2023-03-16,1520,1530,1512.5,1525,197400,300930500,0,0
2023-03-17,1545,1555,1527.5,1547.5,251600,388528500,0,0
2023-03-20,1530,1545,1522.5,1530,219800,336510000,0,0
2023-03-22,1555,1557.5,1535,1537.5,245200,378138000,0,0
2023-03-23,1527.5,1542.5,1517.5,1535,176000,269831000,0,0
2023-03-24,1530,1550,1530,1547.5,248200,383484000,0,0
2023-03-27,1557.5,1562.5,1535,1542.5,280800,435117500,0,0
2023-03-28,1550,1560,1530,1537.5,187600,289066000,0,0
2023-03-29,1557.5,1580,1552.5,1575,255600,400985500,0,0
2023-03-30,1562.5,1577.5,1555,1565,176200,275571500,0,0
2023-03-31,1570,1582.5,1565,1575,265000,416991500,0,0
2023-04-03,1575,1580,1560,1575,246200,386665000,0,0
2023-04-04,1590,1590,1572.5,1585,229000,362823500,0,0
2023-04-05,1572.5,1577.5,1540,1540,239200,371444000,0,0
2023-04-06,1520,1532.5,1512.5,1532.5,172200,262947500,0,0
2023-04-07,1535,1547.5,1527.5,1530,147400,225914500,0,0
2023-04-10,1535,1542.5,1520,1530,143200,218727000,0,0
2023-04-11,1537.5,1547.5,1527.5,1530,193400,296676000,0,0
2023-04-12,1527.5,1552.5,1527.5,1550,199200,307898000,0,0
2023-04-13,1550,1550,1535,1540,174800,269421500,0,0
2023-04-14,1537.5,1542.5,1532.5,1540,286600,440968500,0,0
2023-04-17,1542.5,1565,1542.5,1560,268200,417094000,0,0
2023-04-18,1555,1567.5,1555,1560,247800,386910000,0,0
2023-04-19,1552.5,1557.5,1535,1557.5,194200,300862000,0,0
2023-04-20,1545,1577.5,1545,1567.5,245000,382836500,0,0
2023-04-21,1570,1595,1567.5,1585,334400,530434500,0,0
2023-04-24,1585,1597.5,1582.5,1592.5,305800,487070000,0,0
2023-04-25,1597.5,1607.5,1577.5,1580,349000,554511500,0,0
2023-04-26,1640,1665,1610,1640,1067800,1748050500,0,0
2023-04-27,1640,1650,1615,1642.5,394400,646617500,0,0
2023-04-28,1665,1697.5,1650,1695,502800,845294500,0,0
2023-05-01,1712.5,1735,1702.5,1722.5,348000,598964500,0,0
2023-05-02,1730,1735,1692.5,1697.5,285400,486201500,0,0
2023-05-08,1672.5,1700,1672.5,1700,289000,489500000,0,0
2023-05-09,1705,1710,1690,1690,243400,413283500,0,0
2023-05-10,1682.5,1682.5,1655,1662.5,281800,469368000,0,0
2023-05-11,1660,1665,1650,1660,153200,254402500,0,0
2023-05-12,1657.5,1680,1657.5,1675,188600,315391000,0,0
2023-05-15,1687.5,1697.5,1680,1690,178800,302413000,0,0
2023-05-16,1700,1707.5,1685,1707.5,186400,317300500,0,0
2023-05-17,1715,1720,1705,1707.5,171000,292724500,0,0
2023-05-18,1725,1732.5,1715,1720,193800,334200500,0,0
2023-05-19,1732.5,1752.5,1730,1735,303400,528172000,0,0
2023-05-22,1735,1745,1720,1737.5,153400,266045500,0,0
2023-05-23,1747.5,1747.5,1722.5,1727.5,142200,246255500,0,0
2023-05-24,1717.5,1735,1710,1727.5,168800,291189000,0,0
2023-05-25,1725,1747.5,1717.5,1740,182800,317871500,0,0
2023-05-26,1740,1757.5,1732.5,1735,270000,470608500,0,0
2023-05-29,1745,1752.5,1730,1737.5,169200,294846000,0,0
2023-05-30,1732.5,1732.5,1705,1720,334600,574871000,0,0
2023-05-31,1712.5,1735,1712.5,1717.5,499000,858221000,0,0
2023-06-01,1722.5,1740,1715,1730,212800,367727000,0,0
2023-06-02,1737.5,1760,1737.5,1757.5,181000,317379500,0,0
2023-06-05,1792.5,1804.5,1760.5,1778.5,276200,492054000,0,0
2023-06-06,1775,1791,1757,1788,149000,265188700,0,0
2023-06-07,1800,1805,1774,1782.5,271600,485713600,0,0
2023-06-08,1779.5,1785.5,1738,1742,261800,458844400,0,0
2023-06-09,1764,1770.5,1747.5,1765.5,315200,555166300,0,0
2023-06-12,1772.5,1784.5,1764,1775,152600,271094900,0,0
2023-06-13,1777.5,1802.5,1775,1798,289800,520161800,0,0
2023-06-14,1802,1820,1788.5,1812.5,346000,625078300,0,0
2023-06-15,1804,1820,1785,1807,426200,769388100,0,0
2023-06-16,1789,1805,1778.5,1795,611800,1095901900,0,0
2023-06-19,1807.5,1808.5,1782,1792,217000,389221500,0,0
2023-06-20,1777.5,1796,1775.5,1796,221200,395311000,0,0
2023-06-21,1794,1823,1790,1812.5,305000,553089100,0,0
2023-06-22,1819.5,1827.5,1815,1818,142800,259927000,0,0
2023-06-23,1822,1822.5,1772,1777.5,201000,359294000,0,0
2023-06-26,1771.5,1789,1741,1767,260200,460680100,0,0
2023-06-27,1765,1772.5,1758,1766,133400,235546100,0,0
2023-06-28,1777.5,1804.5,1769,1801.5,245200,439052000,0,0
2023-06-29,1800.5,1811.5,1781,1791.5,232000,415893100,0,0
2023-06-30,1797,1797,1776,1787.5,186800,333466000,0,0
2023-07-03,1805.5,1826.5,1805.5,1816.5,209800,381370400,0,0
2023-07-04,1800.5,1812.5,1795,1801.5,178600,322225500,0,0
2023-07-05,1791,1801.5,1784,1795.5,142400,255565000,0,0
2023-07-06,1795.5,1796.5,1781.5,1794,183400,328639700,0,0
2023-07-07,1789,1810,1780,1788,253800,455906900,0,0
2023-07-10,1788,1797,1777.5,1784,254400,454192900,0,0
2023-07-11,1794,1794,1771,1777.5,423200,752479200,0,0
2023-07-12,1788.5,1794,1773.5,1780,277800,494623200,0,0
2023-07-13,1777.5,1788,1772.5,1780,201800,359323000,0,0
2023-07-14,1786.5,1796,1775,1790.5,154400,275902300,0,0
2023-07-18,1790.5,1817.5,1789.5,1817.5,160600,290352100,0,0
2023-07-19,1852,1867.5,1838.5,1849,582000,1076370900,0,0
2023-07-20,1845.5,1855,1822.5,1833,293000,537576300,0,0
2023-07-21,1822.5,1832.5,1814.5,1817.5,292000,531720200,0,0
2023-07-24,1840.5,1845,1822.5,1835.5,347400,638060300,0,0
2023-07-25,1840,1850.5,1834.5,1847.5,312200,575816900,0,0
2023-07-26,1841.5,1850.5,1827.5,1831,415000,762181600,0,0
2023-07-27,1777,1804,1727.5,1794.5,1025000,1823015200,0,0
2023-07-28,1814.5,1817.5,1785,1808.5,559600,1007716400,0,0
2023-07-31,1836,1865.5,1829,1863,356400,660361900,0,0
2023-08-01,1860,1874.5,1851.5,1863.5,326400,607940300,0,0
2023-08-02,1849,1868,1838.5,1853.5,274200,508490000,0,0
2023-08-03,1822.5,1829,1798.5,1812,396000,717836400,0,0
2023-08-04,1824.5,1832.5,1812.5,1829,186800,341020700,0,0
2023-08-07,1819,1876,1819,1875.5,286400,533201000,0,0
2023-08-08,1879,1888.5,1873,1875.5,397600,747312800,0,0
2023-08-09,1880.5,1891,1865,1885,206200,388084200,0,0
2023-08-10,1884.5,1905.5,1879.5,1905.5,217000,411354900,0,0
2023-08-14,1916,1925,1898.5,1903,270800,516827600,0,0
2023-08-15,1903,1918.5,1895.5,1916,205200,392337700,0,0
2023-08-16,1892.5,1916,1889,1915.5,180800,345068600,0,0
2023-08-17,1916,1921,1906.5,1917.5,209400,401158800,0,0
2023-08-18,1887,1903,1863.5,1874,225600,423672300,0,0
2023-08-21,1882,1887.5,1869,1873.5,204400,383382700,0,0
2023-08-22,1868.5,1878.5,1861.5,1878.5,181000,339020600,0,0
2023-08-23,1867.5,1895,1864,1890.5,213600,402605200,0,0
2023-08-24,1889,1895.5,1884,1889,164800,311573500,0,0
2023-08-25,1873.5,1885,1863.5,1871.5,203600,381055900,0,0
2023-08-28,1882,1887.5,1875.5,1882,263600,495849900,0,0
2023-08-29,1882,1891.5,1875,1878.5,241600,454560400,0,0
2023-08-30,1885,1898,1876.5,1880,897000,1688745200,0,0
2023-08-31,1896,1917.5,1888,1913.5,292600,558137000,0,0
2023-09-01,1907.5,1932,1903.5,1928,256800,494697600,0,0
2023-09-04,1933,1949.5,1927,1947.5,212200,412300000,0,0
2023-09-05,1943,1947.5,1928.5,1939,161600,313000800,0,0
2023-09-06,1941.5,1954.5,1941,1950,198000,386153000,0,0
2023-09-07,1940.5,1967.5,1940.5,1949,200200,391023400,0,0
2023-09-08,1937.5,1945.5,1912,1914,242400,466922900,0,0
2023-09-11,1923.5,1935.5,1915.5,1926,179600,345496600,0,0
2023-09-12,1939.5,1949,1933.5,1945,135000,262125000,0,0
2023-09-13,1937.5,1939,1904,1908,291400,557850900,0,0
2023-09-14,1900,1932,1900,1919.5,214400,411567500,0,0
2023-09-15,1927,1937,1907.5,1927.5,486000,937114300,0,0
2023-09-19,1913.5,1926.5,1910.5,1925,230000,441523400,0,0
2023-09-20,1930,1932.5,1907.5,1907.5,222400,426006600,0,0
2023-09-21,1900,1908.5,1883.5,1889,190200,360123000,0,0
2023-09-22,1874.5,1903.5,1870.5,1890.5,295800,559376200,0,0
2023-09-25,1911,1924.5,1898.5,1922.5,295400,565998600,0,0
2023-09-26,1941.5,1943.5,1925,1937.5,546600,1059191400,0,0
2023-09-27,1902.5,1946.5,1898.5,1944.5,375800,725664600,0,0
2023-09-28,1931,1963,1930,1956.5,322400,629625600,0,0
2023-09-29,1964,1964,1931,1938.5,470400,913868200,0,0
2023-10-02,1960.5,2003.5,1943.5,1947.5,342600,675720200,0,0
2023-10-03,1941,1942.5,1909.5,1913,251600,483990600,0,0
2023-10-04,1897.5,1897.5,1864,1871,308400,578743900,0,0
2023-10-05,1876,1906,1871,1904.5,333800,631764800,0,0
2023-10-06,1904.5,1940,1904.5,1925.5,200000,385794000,0,0
2023-10-10,1941.5,1964.5,1934,1961,212400,415817300,0,0
2023-10-11,1955.5,1955.5,1927.5,1932,254200,492256200,0,0
2023-10-12,1925,1949.5,1923,1949,228600,444226900,0,0
2023-10-13,1930,1945,1904.5,1914,230000,441754700,0,0
2023-10-16,1894.5,1917,1883.5,1904,283000,538683500,0,0
2023-10-17,1917,1934.5,1913,1929.5,217800,419029800,0,0
2023-10-18,1939,1946,1929.5,1937,217600,421545200,0,0
2023-10-19,1929,1956,1929,1945,198800,386597300,0,0
2023-10-20,1934,1940,1921.5,1931.5,165400,319542000,0,0
2023-10-23,1927,1927,1906,1906,194400,371836500,0,0
2023-10-24,1906,1911,1869,1897.5,290400,549800600,0,0
2023-10-25,1905,1917,1897.5,1903,276200,526422400,0,0
2023-10-26,1798,1844,1798,1824.5,773800,1403797400,0,0
2023-10-27,1824.5,1844.5,1820,1829.5,439400,804086100,0,0
2023-10-30,1817.5,1817.5,1753,1770.5,470400,834009900,0,0
2023-10-31,1794.5,1805.5,1773.5,1799.5,392000,702786400,0,0
2023-11-01,1840,1844,1816.5,1836.5,263200,482152300,0,0
2023-11-02,1838,1852,1815.5,1817.5,159200,290696700,0,0
2023-11-06,1860,1878,1852.5,1861,297400,555040600,0,0
2023-11-07,1861,1861,1814.5,1814.5,269000,491517800,0,0
2023-11-08,1827,1837,1808.5,1823.5,283800,518358800,0,0
2023-11-09,1823.5,1866.5,1823.5,1856,166800,308846700,0,0
2023-11-10,1847,1859.5,1822,1846,153800,283700900,0,0
2023-11-13,1851.5,1882,1846,1876.5,206000,385663300,0,0
2023-11-14,1881,1894.5,1850.5,1850.5,192000,357635500,0,0
2023-11-15,1857,1862,1827.5,1833,173200,318756100,0,0
2023-11-16,1824,1856.5,1821,1840,153000,282013600,0,0
2023-11-17,1841,1861.5,1833.5,1857,102800,190746600,0,0
2023-11-20,1862.5,1874,1814,1815,223200,407939600,0,0
2023-11-21,1819.5,1839.5,1807,1835,203400,371878300,0,0
2023-11-22,1825,1852,1825,1838.5,114800,211260900,0,0
2023-11-24,1856.5,1858.5,1842,1851.5,164000,303435000,0,0
2023-11-27,1857,1859.5,1835,1844,239600,442615300,0,0
2023-11-28,1857,1863.5,1847.5,1860.5,124200,230644400,0,0
2023-11-29,1860,1864.5,1845.5,1857,234000,434471600,0,0
2023-11-30,1855.5,1872,1854,1865.5,330800,616682000,0,0
2023-12-01,1900,1909.5,1879.5,1906,391200,743540800,0,0
2023-12-04,1906,1907.5,1883.5,1903,157800,299918800,0,0
2023-12-05,1910,1935,1907.5,1913,223800,428897000,0,0
2023-12-06,1921.5,1962.5,1919,1957.5,342200,668434700,0,0
2023-12-07,1941.5,1955.5,1927.5,1943.5,276400,536408100,0,0
2023-12-08,1924.5,1926,1896.5,1909.5,348200,665141900,0,0
2023-12-11,1934,1944.5,1919.5,1944.5,383800,742358800,0,0
2023-12-12,1957,1970,1948,1949.5,241800,472809400,0,0
2023-12-13,1953.5,1969.5,1950.5,1962,222000,434964500,0,0
2023-12-14,1963.5,1977,1954.5,1971,473000,931240600,0,0
2023-12-15,2006,2020.5,1970.5,1988,926000,1846729100,0,0
2023-12-18,1985,1996.5,1963.5,1989.5,315600,625830200,0,0
2023-12-19,1982.5,1982.5,1952.5,1968.5,292800,575410800,0,0
2023-12-20,1969.5,2034.5,1968,2023,398800,803104600,0,0
2023-12-21,2022.5,2058,2014,2048.5,225800,460562200,0,0
2023-12-22,2040,2068.5,2035.5,2062,231800,477278000,0,0
2023-12-25,2075,2080,2064,2080,193200,400720300,0,0
2023-12-26,2083,2089.5,2071,2087.5,252400,525801200,0,0
2023-12-27,2102.5,2133,2097,2126,362800,768888200,0,0
2023-12-28,2120.5,2139.5,2108,2117.5,389800,824840100,0,0
2023-12-29,2122.5,2139.5,2116.5,2138,255400,544193400,0,0
2024-01-04,2078.5,2103,2051.5,2097.5,491200,1023109500,0,0
2024-01-05,2108,2119.5,2091,2097.5,286000,600055100,0,0
2024-01-09,2100.5,2134,2100.5,2112,274800,580340900,0,0
2024-01-10,2129,2145,2116.5,2116.5,264600,562784500,0,0
2024-01-11,2139.5,2142.5,2087,2088.5,448400,940853700,0,0
2024-01-12,2107.5,2140.5,2105,2136.5,272800,579897400,0,0
2024-01-15,2136.5,2210,2136.5,2197.5,248600,543386500,0,0
2024-01-16,2200,2211,2160.5,2168.5,249400,543367000,0,0
2024-01-17,2174,2195,2155.5,2155.5,238400,516767400,0,0
2024-01-18,2148.5,2160,2137.5,2143.5,230600,495629500,0,0
2024-01-19,2163,2171.5,2142,2160.5,172600,372569200,0,0
2024-01-22,2166.5,2194.5,2164.5,2188,156200,340815300,0,0
2024-01-23,2192.5,2206,2166.5,2184,195200,426308700,0,0
2024-01-24,2166.5,2183,2158.5,2176,212600,462278800,0,0
2024-01-25,2168,2195,2160,2193,299400,654516800,0,0
2024-01-26,2180,2196,2165,2181,328400,717194500,0,0
2024-01-29,2181,2220.5,2170,2212,444400,980535200,0,0
2024-01-30,2282,2302,2205,2262,864400,1957924600,0,0
2024-01-31,2259.5,2275,2241,2256.5,387000,873478600,0,0
2024-02-01,2246.5,2263,2230.5,2237.5,284600,638157400,0,0
2024-02-02,2233.5,2246,2194,2194.5,263400,583739500,0,0
2024-02-05,2209,2221.5,2189,2206,234000,516937600,0,0
2024-02-06,2201.5,2223,2195.5,2195.5,293200,647307100,0,0
2024-02-07,2190.5,2190.5,2162.5,2167,219200,476470700,0,0
2024-02-08,2187.5,2187.5,2163,2171,205200,446308600,0,0
2024-02-09,2150,2170,2147,2151,155200,334604400,0,0
2024-02-13,2175,2179.5,2147,2160.5,422800,913395300,0,0
2024-02-14,2150,2150,2110,2141.5,287600,612619200,0,0
2024-02-15,2160,2170.5,2132,2166.5,193000,416449300,0,0
2024-02-16,2184.5,2218.5,2183,2198.5,360600,793119700,0,0
2024-02-19,2182.5,2187,2117,2125.5,342800,732620400,0,0
2024-02-20,2133.5,2147,2121,2132.5,262400,559296800,0,0
2024-02-21,2122.5,2162,2122.5,2155,248400,534668200,0,0
2024-02-22,2190,2198,2168.5,2177.5,226000,491959900,0,0
2024-02-26,2177.5,2184,2156,2157.5,232000,502877800,0,0
2024-02-27,2151,2186,2146,2182.5,256600,558579400,0,0
2024-02-28,2187.5,2222.5,2187,2211.5,366800,810576500,0,0
2024-02-29,2230,2237.5,2186,2227,386200,857384100,0,0
2024-03-01,2222.5,2232,2193,2204.5,167800,370642000,0,0
2024-03-04,2220,2234,2187.5,2192,238200,524403800,0,0
2024-03-05,2172.5,2194,2150.5,2183,194400,423809400,0,0
2024-03-06,2167,2197.5,2167,2192,241800,529139300,0,0
2024-03-07,2197.5,2200.5,2146.5,2156.5,215600,466067500,0,0
2024-03-08,2139,2196,2125,2191.5,317000,687996600,0,0
2024-03-11,2173.5,2182,2150.5,2180.5,356600,773111100,0,0
2024-03-12,2166,2218,2146,2218,422800,925394200,0,0
2024-03-13,2225,2231.5,2172.5,2178,204600,447353100,0,0
2024-03-14,2173.5,2176,2137,2175.5,194800,421627300,0,0
2024-03-15,2175.5,2218,2162.5,2210,338000,745600700,0,0
2024-03-18,2226,2255.5,2221.5,2243.5,285400,640203000,0,0
2024-03-19,2247.5,2248,2215,2241.5,169000,377933600,0,0
2024-03-21,2250,2262,2241.5,2241.5,192600,433310300,0,0
2024-03-22,2245,2278,2233.5,2269.5,208400,472105500,0,0
2024-03-25,2266.5,2266.5,2225.5,2235,269600,604759900,0,0
2024-03-26,2222.5,2239.5,2216.5,2223,321000,714920700,0,0
2024-03-27,2240,2259.5,2228.5,2247,438600,985687100,0,0
2024-03-28,2247.5,2262,2212.5,2224,200600,447135300,0,0
2024-03-29,2214.5,2249,2210,2244,191800,429320100,0,0
2024-04-01,2248.5,2248.5,2201.5,2206.5,289000,640897000,0,0
2024-04-02,2190,2191,2123.5,2145.5,418800,899435300,0,0
2024-04-03,2125,2165,2114,2136.5,368400,788808400,0,0
2024-04-04,2141.5,2171,2136.5,2150.5,396200,854422500,0,0
2024-04-05,2140,2156,2119,2140.5,224800,481314500,0,0
2024-04-08,2155.5,2177.5,2142.5,2170.5,163000,353319800,0,0
2024-04-09,2176.5,2206.5,2175.5,2200,202200,443900200,0,0
2024-04-10,2205,2285.5,2205,2266,404400,912438500,0,0
2024-04-11,2251.5,2266.5,2238,2242,273000,614474500,0,0
2024-04-12,2233,2245.5,2205,2226,185800,413888200,0,0
2024-04-15,2195,2219,2168.5,2205.5,187400,412769100,0,0
2024-04-16,2179,2191,2155,2168,235000,509421200,0,0
2024-04-17,2174,2174,2126,2134,211800,453541200,0,0
2024-04-18,2134,2142.5,2119.5,2128,234600,499452400,0,0
2024-04-19,2125,2125,2071.5,2100.5,354800,744241800,0,0
2024-04-22,2112.5,2143.5,2107,2135.5,185600,395131100,0,0
2024-04-23,2146,2149.5,2115.5,2125,331800,706491200,0,0
2024-04-24,2058,2147.5,2046,2132,612000,1290675500,0,0
2024-04-25,2121,2138,2102.5,2135,387000,822663000,0,0
2024-04-26,2157.5,2195,2140,2181.5,589000,1278043700,0,0
2024-04-30,2192.5,2205.5,2159,2174.5,259800,565879500,0,0
2024-05-01,2169,2169.5,2140,2149.5,114600,246745900,0,0
2024-05-02,2175,2206.5,2162.5,2167,269200,585313800,0,0
2024-05-07,2172.5,2223,2172.5,2204.5,315800,696722700,0,0
2024-05-08,2200,2205.5,2169,2170.5,180200,393220800,0,0
2024-05-09,2169,2195.5,2159.5,2189,124600,272103300,0,0
2024-05-10,2194,2220.5,2192,2208,162000,357933900,0,0
2024-05-13,2216.5,2239,2206.5,2234,158800,353859500,0,0
2024-05-14,2250,2260.5,2228.5,2258.5,239600,539196700,0,0
2024-05-15,2267.5,2272.5,2225,2234.5,227000,509202900,0,0
2024-05-16,2232.5,2236,2195.5,2222,148600,329567700,0,0
2024-05-17,2207.5,2231,2202.5,2227,142400,316296800,0,0
2024-05-20,2227,2254.5,2220.5,2244,135000,302594500,0,0
2024-05-21,2252,2262,2221.5,2226,122800,274510800,0,0
2024-05-22,2202.5,2202.5,2131,2139.5,303000,653157800,0,0
2024-05-23,2169.5,2201.5,2150.5,2175,195400,424998700,0,0
2024-05-24,2161.5,2199,2157,2197,179600,393067500,0,0
2024-05-27,2192.5,2233,2178,2224.5,269600,594827500,0,0
2024-05-28,2224.5,2227,2195,2195,149800,330529800,0,0
2024-05-29,2200,2214.5,2176.5,2180,133000,290726600,0,0
2024-05-30,2170,2196,2156,2196,117400,256672700,0,0
2024-05-31,2215.5,2220,2195.5,2215,523600,1158997500,0,0
2024-06-03,2225,2248.5,2225,2241.5,201000,449906000,0,0
2024-06-04,2220,2256.5,2218,2240.5,177800,398300400,0,0
2024-06-05,2205.5,2218.5,2186,2209.5,157000,346128700,0,0
2024-06-06,2216.5,2216.5,2172,2181,183400,400637000,0,0
2024-06-07,2172.5,2204,2152.5,2197.5,181800,397150800,0,0
2024-06-10,2196,2207.5,2175.5,2207.5,110400,242513500,0,0
2024-06-11,2207.5,2207.5,2157.5,2161.5,199400,433695500,0,0
2024-06-12,2152.5,2180.5,2135.5,2170.5,272400,589546300,0,0
2024-06-13,2172,2188,2163.5,2178,141600,308320900,0,0
2024-06-14,2164.5,2219.5,2162,2217.5,286600,628298200,0,0
2024-06-17,2217,2224.5,2181,2205.5,303800,670979700,0,0
2024-06-18,2213.5,2232,2210,2232,105600,235118600,0,0
2024-06-19,2227,2253,2205,2209,254800,566151200,0,0
2024-06-20,2208,2234.5,2190.5,2211.5,138800,306817700,0,0
2024-06-21,2223,2234.5,2205,2205,205000,453589200,0,0
2024-06-24,2212.5,2244,2210,2227,209000,465610500,0,0
2024-06-25,2227,2250.5,2227,2250.5,193800,434601800,0,0
2024-06-26,2250,2250.5,2225.5,2240,287800,645351700,0,0
2024-06-27,2216,2221,2182.5,2207.5,295600,650625000,0,0
2024-06-28,2216.5,2245,2201.5,2237,255400,569282700,0,0
2024-07-01,2250,2271.5,2235.5,2248.5,207000,465743100,0,0
2024-07-02,2250,2275.5,2241.5,2273.5,197400,447617300,0,0
2024-07-03,2275,2276.5,2253,2273.5,142000,322017500,0,0
2024-07-04,2275,2294.5,2257,2290.5,86400,197058000,0,0
2024-07-05,2290.5,2290.5,2243,2248.5,134800,304420600,0,0
2024-07-08,2248.5,2267.5,2240.5,2261.5,165000,372132200,0,0
2024-07-09,2275,2314.5,2273,2305,267000,613189200,0,0
2024-07-10,2295.5,2305,2270,2289.5,173200,396470400,0,0
2024-07-11,2315,2330,2297.5,2305,274800,634561700,0,0
2024-07-12,2291,2327,2275.5,2304,148600,342556100,0,0
2024-07-16,2310,2314.5,2292.5,2307,138200,318728200,0,0
2024-07-17,2325,2330,2307,2312.5,130400,302203200,0,0
2024-07-18,2291.5,2326.5,2290,2297.5,137600,317360000,0,0
2024-07-19,2288,2309.5,2274,2306,109200,250483900,0,0
2024-07-22,2288.5,2296.5,2273.5,2275.5,103400,235680700,0,0
2024-07-23,2292.5,2300,2260,2272.5,164200,374055600,0,0
2024-07-24,2250,2322.5,2210.5,2239,319400,722140200,0,0
2024-07-25,2331,2349.5,2178.5,2194.5,1490400,3382720500,0,0
2024-07-26,2212,2289.5,2185,2258,521800,1173348600,0,0
2024-07-29,2264,2335,2259.5,2288.5,275800,634290900,0,0
2024-07-30,2291,2291,2249.5,2255,249800,564207900,0,0
2024-07-31,2261.5,2339.5,2261,2331.5,277600,642107800,0,0
2024-08-01,2320.5,2335,2281.5,2318,410000,948874600,0,0
2024-08-02,2283,2289.5,2218.5,2221.5,321800,721874000,0,0
2024-08-05,2108.5,2130,1982.5,2001,328000,676441000,0,0
2024-08-06,2211,2296.5,2193,2226,355800,796809300,0,0
2024-08-07,2160,2285,2155.5,2208,322400,716683600,0,0
2024-08-08,2173,2203.5,2153.5,2167.5,288000,626397400,0,0
2024-08-09,2213.5,2217,2170.5,2205,347000,763321200,0,0
2024-08-13,2225.5,2234.5,2189.5,2225,243400,538672100,0,0
2024-08-14,2232,2245.5,2209,2240.5,186400,415694400,0,0
2024-08-15,2250,2267.5,2216,2229,170800,382463600,0,0
2024-08-16,2275,2275,2186.5,2224,292600,647632200,0,0
2024-08-19,2210.5,2220,2165,2179,244800,535016400,0,0
2024-08-20,2188.5,2205,2169.5,2189,200600,438567400,0,0
2024-08-21,2169.5,2172.5,2152,2167.5,143400,310127200,0,0
2024-08-22,2168,2233,2150.5,2187,237000,516620600,0,0
2024-08-23,2195,2257,2195,2249,238000,533422700,0,0
2024-08-26,2230.5,2282,2230.5,2261.5,302800,682844300,0,0
2024-08-27,2261.5,2282,2251,2269.5,173000,391658200,0,0
2024-08-28,2260,2280,2260,2275,87800,199487900,0,0
2024-08-29,2259,2300,2259,2294.5,165600,379167500,0,0
2024-08-30,2282,2292,2264,2273,210200,478336500,0,0
2024-09-02,2280.5,2288,2236.5,2261,199400,449498900,0,0
2024-09-03,2254,2288,2254,2280.5,137400,312854400,0,0
2024-09-04,2245.5,2281,2243.5,2266.5,159400,361007900,0,0
2024-09-05,2265,2290,2254.5,2283,166400,379225700,0,0
2024-09-06,2299,2349,2290,2328.5,312600,727190000,0,0
2024-09-09,2294.5,2393,2294.5,2390,288800,681614400,0,0
2024-09-10,2395,2426,2385.5,2405,268400,645850600,0,0
2024-09-11,2386,2399,2341.5,2354,211000,498764100,0,0
2024-09-12,2380,2404,2363.5,2382.5,227600,541740700,0,0
2024-09-13,2383,2400,2349.5,2353.5,275000,651939900,0,0
2024-09-17,2365,2378,2330,2370.5,243600,572927200,0,0
2024-09-18,2372,2390,2341.5,2369.5,251200,593815200,0,0
2024-09-19,2388.5,2397.5,2324,2332.5,240600,565115300,0,0
2024-09-20,2397,2397,2327,2336,462800,1086281900,0,0
2024-09-24,2349,2367.5,2330.5,2345.5,360400,846028000,0,0
2024-09-25,2322,2327,2263.5,2284.5,565600,1292343000,0,0
2024-09-26,2305.5,2379,2300,2368.5,686200,1608310700,0,0
2024-09-27,2348,2375.5,2340.5,2373,284600,672312000,0,0
2024-09-30,2287,2328.5,2278.5,2323,291600,674939700,0,0
2024-10-01,2301.5,2345.5,2296,2345.5,213000,496622800,0,0
2024-10-02,2336,2358.5,2309,2319.5,213800,497143500,0,0
2024-10-03,2350,2353.5,2321.5,2327,229600,535172300,0,0
2024-10-04,2335,2367,2328.5,2356,269200,633672900,0,0
2024-10-07,2388.5,2388.5,2342.5,2353.5,245600,579146700,0,0
2024-10-08,2318.5,2341,2298.5,2316.5,402600,932694800,0,0
2024-10-09,2328.5,2346.5,2316,2346.5,259200,604942900,0,0
2024-10-10,2350,2396,2342.5,2385.5,461800,1096465500,0,0
2024-10-11,2375,2396,2342,2362.5,367800,869801200,0,0
2024-10-15,2392,2410,2362.5,2394.5,422000,1009961200,0,0
2024-10-16,2342.5,2382.5,2339.5,2348.5,261200,613996400,0,0
2024-10-17,2348.5,2358.5,2335.5,2349.5,222400,522638000,0,0
2024-10-18,2349.5,2358,2331.5,2333.5,179200,419560900,0,0
2024-10-21,2320.5,2334,2304,2330,265800,617041000,0,0
2024-10-22,2339,2339,2309.5,2324.5,287600,667835200,0,0
2024-10-23,2340.5,2354,2278,2287,341000,788179300,0,0
2024-10-24,2277.5,2282.5,2183,2192.5,834800,1858765900,0,0
2024-10-25,2183.5,2222.5,2180,2212.5,506400,1117472700,0,0
2024-10-28,2222,2254,2203,2247.5,482600,1079626700,0,0
2024-10-29,2240,2307.5,2224.5,2307.5,303600,692650200,0,0
2024-10-30,2295.5,2299,2267.5,2268.5,2033800,4619163500,0,0
2024-10-31,2303.5,2323,2275.5,2307,341400,788687300,0,0
2024-11-01,2284,2298,2272.5,2278,217800,497071100,0,0
2024-11-05,2252,2285,2242.5,2275,339800,770402700,0,0
2024-11-06,2285,2324.5,2277,2301.5,262400,603254300,0,0
2024-11-07,2301.5,2321.5,2299,2315,309000,715505700,0,0
2024-11-08,2325,2355.5,2314.5,2344.5,400000,934327000,0,0
2024-11-11,2360,2366,2340.5,2361,260000,611928200,0,0
2024-11-12,2365,2372.5,2347,2368,413000,975009400,0,0
2024-11-13,2347,2377.5,2342.5,2370.5,295400,699127000,0,0
2024-11-14,2364,2419.5,2361,2412,275200,662256100,0,0
2024-11-15,2426.5,2442.5,2416,2417.5,228000,552543400,0,0
2024-11-18,2415,2422.5,2375.5,2399.5,310000,742663900,0,0
2024-11-19,2411.5,2411.5,2373.5,2394.5,296000,707986200,0,0
2024-11-20,2370,2399,2366.5,2375,206200,490069400,0,0
2024-11-21,2386,2398,2374,2374,152200,362388100,0,0
2024-11-22,2365,2389,2345.5,2360,237200,559253100,0,0
2024-11-25,2395,2425.5,2382,2402,763600,1836724200,0,0
2024-11-26,2389,2408.5,2373.5,2389.5,375000,894173700,0,0
2024-11-27,2392.5,2398.5,2360.5,2391,283000,673480000,0,0
2024-11-28,2391,2414.5,2372,2406,228400,548593700,0,0
2024-11-29,2409,2425,2385,2397.5,295200,709967800,0,0
2024-12-02,2400,2429,2399,2421.5,259200,626829400,0,0
2024-12-03,2411.5,2437,2408,2418,275600,667204500,0,0
2024-12-04,2408.5,2423.5,2391.5,2398,240000,576836900,0,0
2024-12-05,2430,2463,2424,2433.5,312000,760865200,0,0
2024-12-06,2440,2454.5,2425,2426.5,265800,646819800,0,0
2024-12-09,2449.5,2463,2422.5,2463,380800,934069200,0,0
2024-12-10,2475,2475,2435,2451.5,436200,1069384000,0,0
2024-12-11,2475,2490,2464,2487.5,359600,891915500,0,0
2024-12-12,2510,2516.5,2486.5,2491,526200,1315995300,0,0
2024-12-13,2457.5,2498,2454.5,2494,541400,1342660600,0,0
2024-12-16,2485,2504,2465,2492,629400,1565064700,0,0
2024-12-17,2509,2533.5,2501.5,2516,342400,863239700,0,0
2024-12-18,2521,2577,2521,2559,316000,808612300,0,0
2024-12-19,2514.5,2574.5,2514.5,2561,342400,876427700,0,0
2024-12-20,2585,2614.5,2547.5,2551,846400,2166266000,0,0
2024-12-23,2562,2573,2550.5,2561,285600,730631000,0,0
2024-12-24,2543.5,2552.5,2525,2548,325400,827463600,0,0
2024-12-25,2542.5,2565,2539.5,2565,225200,575102500,0,0
2024-12-26,2564.5,2605,2563.5,2591.5,333400,861885500,0,0
2024-12-27,2573.5,2591,2556,2575.5,344400,886966000,0,0
2024-12-30,2591,2598.5,2581,2585,219400,567762200,0,0
2025-01-06,2589,2609.5,2508,2520,496400,1257180800,0,0
2025-01-07,2525,2534,2505,2517,458800,1154525000,0,0
2025-01-08,2513.5,2513.5,2482.5,2497.5,263400,657392200,0,0
2025-01-09,2484,2502.5,2453.5,2465.5,471800,1163463000,0,0
2025-01-10,2455,2472,2435.5,2447,392600,959721100,0,0
2025-01-14,2447,2461.5,2400.5,2415,464600,1124597700,0,0
2025-01-15,2415,2427.5,2398,2422,232400,561559000,0,0
2025-01-16,2412.5,2425,2395.5,2406.5,281800,677926500,0,0
2025-01-17,2406.5,2416,2391,2403.5,283600,681870900,0,0
2025-01-20,2419,2429,2394,2394,173400,416998400,0,0
2025-01-21,2400,2420,2395.5,2416.5,300200,722578400,0,0
2025-01-22,2425.5,2445,2425.5,2426,177000,430408100,0,0
2025-01-23,2426,2445,2426,2431.5,158800,386649400,0,0
2025-01-24,2450,2472.5,2440.5,2462,349800,860376800,0,0
2025-01-27,2474.5,2508,2472.5,2483,338600,842258100,0,0
2025-01-28,2475,2517,2468.5,2517,217800,544499200,0,0
2025-01-29,2501,2552.5,2498.5,2551,319400,810890900,0,0
2025-01-30,2650,2674.5,2569,2613,813200,2132586500,0,0
2025-01-31,2603,2610,2535,2551,485800,1243204500,0,0
2025-02-03,2549.5,2579,2528.5,2570,367400,940991900,0,0
2025-02-04,2592.5,2592.5,2515.5,2527.5,210800,534813200,0,0
2025-02-05,2532.5,2538,2500.5,2534,303200,766662900,0,0
2025-02-06,2560,2577,2510,2520,333000,842737100,0,0
2025-02-07,2546,2571,2515,2564,409000,1046099700,0,0
2025-02-10,2565,2568.5,2544.5,2564,225200,576286500,0,0
2025-02-12,2572,2572,2536,2555,188400,480693500,0,0
2025-02-13,2575,2598.5,2558.5,2584,219400,567441600,0,0
2025-02-14,2600,2611,2576.5,2581.5,145600,376763800,0,0
2025-02-17,2593.5,2599,2567.5,2567.5,137000,353212900,0,0
2025-02-18,2596,2600,2570,2570,142600,368141400,0,0
2025-02-19,2570,2584,2544.5,2551,128800,329354900,0,0
2025-02-20,2533.5,2540.5,2496.5,2508,198800,498688700,0,0
2025-02-21,2495.5,2520,2492.5,2510.5,161800,405423900,0,0
2025-02-25,2510.5,2535.5,2510.5,2535.5,225400,570250000,0,0
2025-02-26,2528,2544.5,2515.5,2544.5,339400,859786800,0,0
2025-02-27,2544.5,2549.5,2516,2544,278600,706768500,0,0
2025-02-28,2541.5,2554.5,2531,2543,278000,707124300,0,0
2025-03-03,2560,2581.5,2549.5,2571,266200,684221800,0,0
2025-03-04,2585,2606,2577.5,2590.5,256600,665219500,0,0
2025-03-05,2605,2619,2600,2600,242600,632009500,0,0
2025-03-06,2582,2595,2566,2574,184600,475473700,0,0
2025-03-07,2549.5,2566,2533.5,2548.5,229400,585172600,0,0
2025-03-10,2540,2542.5,2501.5,2507,204400,514062200,0,0
2025-03-11,2489.5,2490,2452.5,2490,245800,609077700,0,0
2025-03-12,2461,2531,2461,2496.5,383800,959257300,0,0
2025-03-13,2497.5,2537,2484.5,2485.5,248800,621464700,0,0
2025-03-14,2468,2488,2467,2472,273000,675306100,0,0
2025-03-17,2472,2488,2464.5,2468.5,226600,560188600,0,0
2025-03-18,2471,2486,2463.5,2472,262000,648014400,0,0
2025-03-19,2491.5,2518.5,2480,2508.5,209200,524353300,0,0
2025-03-21,2523,2579,2523,2573,748400,1922429100,0,0
2025-03-24,2542.5,2565,2521,2547,275000,700241600,0,0
2025-03-25,2560,2592,2560,2581,244800,631068600,0,0
2025-03-26,2590,2613.5,2569.5,2576.5,329000,851083200,0,0
2025-03-27,2560,2587,2549,2587,246200,634676200,0,0
2025-03-28,2600,2612.5,2580,2589.5,302200,784742700,0,0
2025-03-31,2576.5,2576.5,2525.5,2550.5,312800,798006400,0,0
2025-04-01,2565,2581.5,2522.5,2538.5,199400,507495400,0,0
2025-04-02,2542.5,2550,2514,2515,296600,747842800,0,0
2025-04-03,2465,2520.5,2431.5,2463,301600,744497800,0,0
2025-04-04,2453.5,2475,2387.5,2419.5,346400,840998600,0,0
2025-04-07,2279.5,2324,2243,2279.5,434000,992197700,0,0
2025-04-08,2343,2378,2334,2348.5,301800,709872200,0,0
2025-04-09,2325,2360.5,2316,2337.5,232200,542784400,0,0
2025-04-10,2477.5,2482,2417.5,2468,238600,587323300,0,0
2025-04-11,2387,2417.5,2367,2385,313000,746805200,0,0
2025-04-14,2392.5,2426.5,2387.5,2390.5,217800,523415500,0,0
2025-04-15,2386.5,2412.5,2379,2387,196400,470030200,0,0
2025-04-16,2387,2401.5,2383.5,2391.5,159600,381675500,0,0
2025-04-17,2397.5,2415,2388.5,2412,104200,250965000,0,0
2025-04-18,2421.5,2424.5,2405,2423,115400,278960200,0,0
2025-04-21,2417,2417,2355,2367,221600,525383000,0,0
2025-04-22,2369,2386,2355,2379.5,244600,580835000,0,0
2025-04-23,2407.5,2417,2395.5,2405.5,325400,783109100,0,0
2025-04-24,2375,2399.5,2322.5,2375,540200,1277895800,0,0
2025-04-25,2399,2492,2376,2479,406600,1001514300,0,0
2025-04-28,2493,2515,2469.5,2492.5,407600,1016360900,0,0
2025-04-30,2499.5,2546.5,2498.5,2535,345400,873170800,0,0
2025-05-01,2535,2535,2482.5,2516,189200,474174200,0,0
2025-05-02,2515,2539,2504,2528.5,242400,612149100,0,0
2025-05-07,2528.5,2560,2527,2536.5,239200,606915300,0,0
2025-05-08,2561.5,2596,2526.5,2591,359800,925565000,0,0
2025-05-09,2624.5,2739,2616,2710,563000,1518287700,0,0
2025-05-12,2720.5,2754.5,2688,2728,294200,803022900,0,0
2025-05-13,2746,2754,2723,2737.5,210200,575182800,0,0
2025-05-14,2712,2748,2706.5,2711.5,215800,586485400,0,0
2025-05-15,2697,2709.5,2651.5,2663,202200,539294700,0,0
2025-05-16,2670,2678.5,2635,2676.5,143400,382279600,0,0
2025-05-19,2669,2687.5,2653.5,2680,178000,476274000,0,0
2025-05-20,2675.5,2683,2650.5,2661.5,212200,564623400,0,0
2025-05-21,2680,2688.5,2641,2650.5,171600,455833900,0,0
2025-05-22,2641,2656.5,2620.5,2632.5,179800,473487000,0,0
2025-05-23,2633,2645,2615,2626.5,193400,507903200,0,0
2025-05-26,2639.5,2670,2631.5,2660,249400,660755000,0,0
2025-05-27,2665.5,2675,2644,2654,130200,345925700,0,0
2025-05-28,2663,2683,2636.5,2636.5,225400,596462100,0,0
2025-05-29,2650,2658,2631.5,2647,241200,638047100,0,0
2025-05-30,2637.5,2688,2637,2681,518400,1386828600,0,0
2025-06-02,2668,2668,2640,2644,151800,402035000,0,0
2025-06-03,2646,2652,2612.5,2620,223200,586256400,0,0
2025-06-04,2607.5,2630.5,2603,2610,136400,356300200,0,0
2025-06-05,2591,2607.5,2577,2595.5,155600,403683500,0,0
2025-06-06,2608,2616,2601.5,2609,166400,434196700,0,0
2025-06-09,2623.5,2625,2594.5,2618,162400,424835800,0,0
2025-06-10,2605,2633.5,2605,2630,183400,481719500,0,0
2025-06-11,2638.5,2705,2628,2694.5,241200,646702300,0,0
2025-06-12,2707.5,2716,2680,2693.5,236600,638021100,0,0
2025-06-13,2680,2706,2674,2690.5,361400,970792600,0,0
2025-06-16,2740.5,2750,2699,2707.5,444400,1209894900,0,0
2025-06-17,2695,2792.5,2695,2778,338400,936371500,0,0
2025-06-18,2790,2819,2763,2764.5,218600,607807700,0,0
2025-06-19,2763,2781,2738,2769,134600,371462700,0,0
2025-06-20,2740,2751.5,2707.5,2713.5,407000,1107169000,0,0
2025-06-23,2707.5,2708.5,2666,2684,235400,631105200,0,0
2025-06-24,2723,2731.5,2684,2697.5,146200,394574900,0,0
2025-06-25,2703.5,2703.5,2669.5,2690,198400,533430000,0,0
2025-06-26,2690,2703.5,2680,2689.5,338200,910156600,0,0
2025-06-27,2689.5,2689.5,2643,2657.5,352400,936370900,0,0
2025-06-30,2675,2682.5,2642.5,2645.5,203000,539553800,0,0
2025-07-01,2667,2677,2643,2656.5,182200,484714100,0,0
2025-07-02,2625,2636.5,2590.5,2603.5,303000,789786800,0,0
2025-07-03,2600.5,2608.5,2561,2579,239800,618440500,0,0
2025-07-04,2600,2600,2534.5,2541,225400,575028800,0,0
2025-07-07,2558.5,2567,2535.5,2567,230400,589417600,0,0
2025-07-08,2567,2567,2514,2531.5,327000,829362500,0,0
2025-07-09,2547.5,2561.5,2532.5,2550,330400,842988200,0,0
2025-07-10,2545,2553,2530.5,2545.5,271800,691132900,0,0
2025-07-11,2552.5,2575.5,2536,2536,169800,432996000,0,0
2025-07-14,2536,2547.5,2526.5,2530,161600,409393200,0,0
2025-07-15,2542.5,2543.5,2522.5,2541,165600,419976800,0,0
2025-07-16,2555,2593.5,2550.5,2557,273800,702661700,0,0
2025-07-17,2560,2604,2555.5,2596.5,309800,801008600,0,0
2025-07-18,2604.5,2650,2604.5,2613,431200,1131038400,0,0
2025-07-22,2595.5,2605,2557,2571.5,264200,680158200,0,0
2025-07-23,2584.5,2644.5,2575,2630,508200,1333237000,0,0
2025-07-24,2790.5,2888,2739,2742.5,1093000,3060809400,0,0
2025-07-25,2730,2756.5,2709,2733,329000,898848900,0,0
2025-07-28,2745,2813,2735,2745.5,562600,1549988700,0,0
2025-07-29,2708,2719,2686,2695.5,372400,1005512000,0,0
2025-07-30,2688,2728.5,2675.5,2692.5,2019600,5445324000,0,0
2025-07-31,2742.5,2742.5,2703,2741,517800,1414913100,0,0
2025-08-01,2767.5,2792.5,2751,2767,370800,1026307200,0,0
2025-08-04,2719.5,2773,2706,2770,287600,791238800,0,0
2025-08-05,2799.5,2833,2785,2804.5,318800,895403700,0,0
2025-08-06,2812.5,2824.5,2791,2814,202000,567272700,0,0
2025-08-07,2799.5,2852.5,2795,2826.5,249600,706192900,0,0
2025-08-08,2824,2870.5,2824,2854,278400,794185000,0,0
2025-08-12,2890.5,2899,2870,2888,274800,793297900,0,0
2025-08-13,2887,2908.5,2862.5,2896,271800,786776200,0,0
2025-08-14,2865,2892.5,2824.5,2828,199000,564953100,0,0
2025-08-15,2828,2834.5,2795.5,2820.5,138200,389274900,0,0
2025-08-18,2803.5,2845,2803.5,2838.5,150600,426884900,0,0
2025-08-19,2850,2864,2843.5,2854.5,125600,358561300,0,0
2025-08-20,2854.5,2875,2837.5,2855,194800,556982600,0,0
2025-08-21,2855,2868,2832.5,2855,98000,279561300,0,0
2025-08-22,2855,2855,2804.5,2824.5,100600,284291500,0,0
2025-08-25,2819,2823,2804,2819.5,111600,314223300,0,0
2025-08-26,2837,2844,2788,2837,347600,983843100,0,0
2025-08-27,2850.5,2861.5,2811,2811,188400,531810500,0,0
2025-08-28,2805,2842,2800,2842,175600,497804100,0,0
2025-08-29,2850,2881,2837.5,2863.5,237200,679569300,0,0
2025-09-01,2836,2879,2823.5,2867.5,199600,571028900,0,0
2025-09-02,2886.5,2890,2837.5,2837.5,144200,411092000,0,0
2025-09-03,2858,2874,2839.5,2853,201800,575920100,0,0
2025-09-04,2853,2870.5,2832.5,2856,134000,382662200,0,0
2025-09-05,2903.5,2924.5,2882,2897.5,168200,487811700,0,0
2025-09-08,2911,2940.5,2909.5,2936.5,259000,759352200,0,0
2025-09-09,2940,2961.5,2930,2937.5,205800,606040300,0,0
2025-09-10,2959.5,2981.5,2948,2964.5,242800,720161200,0,0
2025-09-11,2931.5,2951,2911.5,2941.5,205000,601729900,0,0
2025-09-12,2960,2985,2936.5,2977.5,378800,1123561000,0,0
2025-09-16,3000,3039.5,2999.5,3028.5,311600,942381100,0,0
2025-09-17,3024.5,3047,3016,3028,303200,919482900,0,0
2025-09-18,3035,3069,3006,3055,258400,787938700,0,0
2025-09-19,3071,3084,3019.5,3022.5,669000,2028930200,0,0
2025-09-22,3022.5,3032,3002.5,3031,173200,523944400,0,0
2025-09-24,3042.5,3042.5,3000,3008,226200,682261400,0,0
2025-09-25,3000,3037.5,2997,3028,315600,954391100,0,0
2025-09-26,3044.5,3052.5,3007.5,3049.5,477600,1454067800,0,0
2025-09-29,3030,3030,2989,2989.5,194800,584038100,0,0
2025-09-30,3009.5,3017,2994.5,2994.5,229000,687226000,0,0
2025-10-01,2987.5,2993.5,2935,2961.5,291400,861981500,0,0
2025-10-02,2961,2982,2917.5,2942,260800,766803200,0,0
2025-10-03,2945.5,2986.5,2942.5,2980,207800,617785300,0,0
2025-10-06,3068,3070.5,3023.5,3045,331400,1011118300,0,0
2025-10-07,3043.5,3052.5,3023.5,3037,247400,751290800,0,0
2025-10-08,3027.5,3048.5,3008.5,3016,144400,437120100,0,0
2025-10-09,3039,3055,3013.5,3032,269400,815664800,0,0
2025-10-10,2998.5,3014,2961,2986,228800,683152700,0,0
2025-10-14,2946.5,2962.5,2895,2900,319200,931192100,0,0
2025-10-15,2917,2956,2917,2956,215600,634865600,0,0
2025-10-16,2955,2966,2910,2934.5,167800,492123500,0,0
2025-10-17,2949,2967,2936.5,2952,230600,681198200,0,0
2025-10-20,2996.5,3004,2968.5,2981,198600,593002000,0,0
2025-10-21,2978.5,3020.5,2977,3005,203000,609679800,0,0
2025-10-22,3005,3077.5,3005,3074,263600,805675100,0,0
2025-10-23,3039.5,3095.5,3039.5,3073.5,280600,862804100,0,0
2025-10-24,3085,3095.5,3066,3069.5,263000,809523600,0,0
2025-10-27,3169.5,3316,3161.5,3312.5,1116800,3652978600,0,0
2025-10-28,3252.5,3265,3131,3132.5,598600,1905123900,0,0
2025-10-29,3132.5,3173,3116,3141.5,305000,960297000,0,0
2025-10-30,3141.5,3210,3141,3197.5,381400,1215366900,0,0
2025-10-31,3200,3232.5,3191,3212.5,323600,1039963400,0,0
2025-11-04,3170.5,3233,3162.5,3182,321600,1030000900,0,0
2025-11-05,3152,3192,3105.5,3165.5,402000,1267609100,0,0
2025-11-06,3188.5,3212.5,3171.5,3171.5,288600,922050800,0,0
2025-11-07,3166,3191,3166,3185,261600,831252000,0,0
2025-11-10,3202.5,3241,3197.5,3225,236200,761655900,0,0
2025-11-11,3275,3285,3237.5,3273,375000,1225650800,0,0
2025-11-12,3279,3322,3279,3295.5,301000,993302800,0,0
2025-11-13,3305.5,3319,3270,3276,296200,976474600,0,0
2025-11-14,3260,3300,3252.5,3296.5,258000,848076500,0,0
2025-11-17,3292,3307.5,3280,3297,299400,987155300,0,0
2025-11-18,3310,3317.5,3241,3247.5,298400,976197700,0,0
2025-11-19,3247,3287.5,3243.5,3269,297800,974027000,0,0
2025-11-20,3300,3338.5,3298.5,3300,269000,892214800,0,0
2025-11-21,3285,3360.5,3277,3352.5,360800,1205786800,0,0
2025-11-25,3384,3395.5,3334,3369.5,310800,1045534100,0,0
2025-11-26,3379,3435.5,3377.5,3417,435200,1485174100,0,0
2025-11-27,3406.5,3432,3401,3402,329800,1126367700,0,0
2025-11-28,3432.5,3435,3395,3420.5,305000,1042469200,0,0
2025-12-01,3450.5,3495.5,3441,3453.5,582400,2017741400,0,0
2025-12-02,3453.5,3542.5,3453.5,3532.5,661800,2323485100,0,0
2025-12-03,3517.5,3546.5,3463,3463.5,516400,1803594500,0,0
2025-12-04,3453.5,3484,3440,3469,385000,1334092600,0,0
2025-12-05,3452,3463.5,3411.5,3411.5,507400,1740009400,0,0
2025-12-08,3439,3449,3416,3426,359600,1232896300,0,0
2025-12-09,3450,3459,3420.5,3456,364800,1258056500,0,0
2025-12-10,3456,3470,3416,3462,528000,1821199600,0,0
2025-12-11,3462,3469,3416,3429,411600,1414524600,0,0
2025-12-12,3461,3505,3450.5,3489.5,525200,1828320700,0,0
2025-12-15,3462,3508,3446,3474,622200,2162464900,0,0
2025-12-16,3451,3464.5,3417,3430,529600,1825244100,0,0
2025-12-17,3450,3450,3399.5,3404,512400,1751027400,0,0
2025-12-18,3404,3414,3362,3397,370800,1256406600,0,0
2025-12-19,3411,3423.5,3376.5,3406.5,431400,1468745400,0,0
2025-12-22,3428.5,3438.5,3408.5,3433.5,174800,599277500,0,0
2025-12-23,3425,3451.5,3420,3444,159400,548070200,0,0
2025-12-24,3446.5,3458.5,3419,3420.5,182800,628185700,0,0
2025-12-25,3429.5,3481.5,3418.5,3474,252400,874224100,0,0
2025-12-26,3473,3511,3470.5,3482,365000,1273213300,0,0
2025-12-29,3423,3464.5,3423,3454.5,250800,865140000,0,0
2025-12-30,3464.5,3475,3440.5,3440.5,214200,738716400,0,0
2026-01-05,3454,3484,3429,3468.5,263400,911411000,0,0
2026-01-06,3484,3520,3470,3505,301000,1054680200,0,0
2026-01-07,3465.5,3500,3450.5,3474.5,251000,873585200,0,0
2026-01-08,3472.5,3482.5,3408.5,3449,268200,925907900,0,0
2026-01-09,3430,3459,3423.5,3441.5,212200,729228900,0,0
2026-01-13,3510,3532,3464.5,3483.5,336800,1178234900,0,0
2026-01-14,3475.5,3504.5,3471.5,3497,249400,870605900,0,0
2026-01-15,3510,3538,3494.5,3524.5,244000,858839300,0,0
2026-01-16,3495,3524.5,3442.5,3475.5,425200,1477908400,0,0
2026-01-19,3476.5,3491,3452,3452,207000,717040400,0,0
2026-01-20,3440,3450.5,3393,3395.5,351600,1199574800,0,0
2026-01-21,3387.5,3411,3368,3405,345800,1175141800,0,0
2026-01-22,3405,3459,3405,3440,236800,814692400,0,0
2026-01-23,3440,3486.5,3439,3465,270600,938065800,0,0
2026-01-26,3415,3416.5,3343.5,3348.5,422400,1424416600,0,0
2026-01-27,3348.5,3394.5,3342.5,3380,324800,1097170400,0,0
2026-01-28,3354,3375.5,3311.5,3361,359800,1207872800,0,0
2026-01-29,3400,3450,3328.5,3386,1207000,4076753500,0,0
2026-01-30,3417,3432.5,3360,3370,586400,1984410000,0,0
2026-02-02,3417.5,3458.5,3375,3375,649800,2214757800,0,0
2026-02-03,3405,3462,3385.5,3440.5,722000,2485522900,0,0
2026-02-04,3394,3472,3394,3435,605600,2084224000,0,0
2026-02-05,3461,3489.5,3443,3469,612600,2125210000,0,0
2026-02-06,3493.5,3510,3462,3486.5,529800,1847393300,0,0
2026-02-09,3550.5,3584,3500,3527,584800,2071411300,0,0
2026-02-10,3565,3623.5,3561.5,3599,579200,2086330600,0,0
2026-02-12,3529,3573.5,3507.5,3507.5,442000,1559802500,0,0
2026-02-13,3509,3526,3409,3409,507000,1742200000,0,0
2026-02-16,3414,3442.5,3400.5,3408,427200,1459099900,0,0
2026-02-17,3400.5,3428.5,3378,3393.5,385200,1309939400,0,0
2026-02-18,3398.5,3425,3392.5,3392.5,488400,1663328800,0,0
2026-02-19,3401,3440,3391.5,3411,380800,1302318400,0,0
2026-02-20,3403,3435,3383.5,3426.5,476400,1628686600,0,0
2026-02-24,3415.5,3449,3306,3434.5,728600,2476838600,0,0
2026-02-25,3460,3489,3421.5,3421.5,569200,1962077000,0,0
2026-02-26,3463,3489.5,3450,3468,534400,1854396400,0,0
2026-02-27,3466.5,3504.5,3455,3502,619800,2163124600,0,0
2026-03-02,3427,3497,3406.5,3497,676400,2352536000,0,0
2026-03-03,3489,3510.5,3446,3448.5,567600,1973715300,0,0
2026-03-04,3375,3422,3357.5,3380.5,502000,1700767800,0,0
2026-03-05,3430.5,3497,3394,3425,617800,2123751500,0,0
2026-03-06,3410.5,3484,3406.5,3477.5,373200,1291895600,0,0
2026-03-09,3318,3431,3318,3408,607400,2053469700,0,0
2026-03-10,3457.5,3520.5,3439,3497,600600,2094380500,0,0
2026-03-11,3476.5,3545,3476.5,3512,523200,1841786000,0,0
2026-03-12,3482.5,3500,3462.5,3462.5,437200,1519893200,0,0
2026-03-13,3398.5,3438.5,3395.5,3415,544200,1859696300,0,0
2026-03-16,3403.5,3440,3367.5,3385.5,463000,1574986400,0,0
2026-03-17,3420.5,3468.5,3420.5,3446,513200,1770717900,0,0
2026-03-18,3471,3495,3450,3495,475400,1652504200,0,0
2026-03-19,3470,3495,3447.5,3461.5,727000,2521170800,0,0
2026-03-23,3411.5,3426.5,3363.5,3395.5,642800,2183834600,0,0
2026-03-24,3443,3491.5,3438.5,3472.5,515000,1784643300,0,0
2026-03-25,3501,3505.5,3450.5,3461.5,379400,1315657600,0,0
2026-03-26,3463,3477,3438,3456.5,329000,1136398500,0,0
2026-03-27,3456.5,3471.5,3433.5,3465,445400,1540048500,0,0
2026-03-30,3409,3481,3352,3455,404400,1388746600,0,0
2026-03-31,3460,3501,3438,3450,383000,1324089700,0,0
2026-04-01,3501,3538,3479,3527,776000,2732050800,0,0
2026-04-02,3530,3546,3442,3453,747100,2603471600,0,0
2026-04-03,3450,3492,3443,3472,491600,1705516900,0,0
2026-04-06,3482,3541,3482,3532,371800,1310665100,0,0
2026-04-07,3550,3583,3545,3580,388800,1388371800,0,0
2026-04-08,3709,3715,3673,3696,557500,2059926400,0,0
2026-04-09,3682,3704,3597,3608,535500,1947383200,0,0
2026-04-10,3570,3590,3443,3451,700100,2446110400,0,0
2026-04-13,3450,3480,3419,3435,562500,1935628600,0,0
2026-04-14,3496,3523,3487,3503,430500,1508848200,0,0
2026-04-15,3511,3558,3510,3543,425800,1509328600,0,0
2026-04-16,3619,3648,3610,3627,557300,2021237800,0,0
2026-04-17,3630,3668,3630,3640,462800,1689798300,0,0
2026-04-20,3636,3660,3570,3588,391500,1407012500,0,0
2026-04-21,3585,3631,3557,3611,369900,1331644900,0,0
2026-04-22,3633,3660,3592,3600,564600,2046353300,0,0
2026-04-23,3700,3941,3685,3742,1605200,6103406800,0,0
2026-04-24,3740,3783,3671,3673,642200,2378555400,0,0
2026-04-27,3720,3742,3640,3640,729800,2683630400,0,0
2026-04-28,3603,3664,3599,3611,580700,2104950600,0,0
2026-04-30,3568,3607,3546,3575,633200,2266094900,0,0
2026-05-01,3576,3667,3576,3627,524500,1906848700,0,0
2026-05-07,3697,3765,3680,3720,789400,2942599500,0,0
2026-05-08,3736,3795,3724,3765,758800,2857904900,0,0
2026-05-11,3750,3815,3736,3739,640100,2408551300,0,0
2026-05-12,3741,3804,3741,3770,535700,2026077200,0,0
2026-05-13,3770,3806,3761,3772,560000,2117300800,0,0
2026-05-14,3772,3792,3748,3751,454000,1709632500,0,0
2026-05-18,3820,3872,3801,3843,585700,2249785300,0,0
2026-05-19,3861,3898,3818,3851,494200,1906475700,0,0
2026-05-20,3840,3859,3731,3754,475800,1798075400,0,0
2026-05-21,3740,3753,3647,3651,403100,1481269800,0,0
2026-05-22,3667,3667,3581,3634,321500,1163153700,0,0
2026-05-25,3637,3662,3546,3568,349600,1251689600,0,0
2026-05-26,3585,3588,3497,3535,430300,1522253900,0,0
2026-05-27,3550,3574,3513,3535,390900,1382101300,0,0
2026-05-28,3535,3535,3481,3522,458700,1611393300,0,0
2026-05-29,3513,3571,3513,3562,527200,1876599000,0,0
2026-06-01,3556,3624,3519,3589,403500,1446774700,0,0
2026-06-02,3588,3673,3574,3647,394000,1431678500,0,0
2026-06-03,3647,3709,3639,3675,445400,1639461100,0,0
2026-06-04,3647,3655,3557,3565,357800,1280260300,0,0
2026-06-05,3600,3601,3525,3534,251600,892251800,0,0
2026-06-08,3450,3520,3450,3490,283800,986929500,0,0
2026-06-09,3493,3496,3434,3477,369800,1283865100,0,0
2026-06-10,3477,3499,3384,3415,301800,1030920800,0,0
2026-06-11,3376,3428,3336,3365,426900,1433686500,0,0
2026-06-12,3372,3399,3344,3380,444500,1500247400,0,0
2026-06-15,3435,3435,3393,3393,421100,1438412200,0,0
2026-06-16,3379,3400,3359,3359,237900,802170500,0,0
2026-06-17,3382,3437,3360,3416,313000,1067562900,0,0
2026-06-18,3406,3459,3380,3391,333700,1135861000,0,0
2026-06-19,3376,3407,3351,3407,894100,3038120400,0,0
2026-06-22,3400,3426,3373,3373,294100,996939300,0,0
2026-06-23,3409,3415,3308,3329,396100,1322579400,0,0
2026-06-24,3333,3354,3307,3321,427400,1422067500,0,0
2026-06-25,3333,3339,3303,3327,340700,1132080800,0,0
2026-06-26,3336,3387,3327,3371,522300,1754693800,0,0
2026-06-29,3346,3351,3314,3333,401100,1335201800,0,0
2026-06-30,3388,3493,3380,3442,564400,1940020500,0,0
2026-07-01,3452,3466,3377,3391,274900,935487600,0,0
2026-07-02,3449,3475,3405,3451,254800,878468900,0,0
2026-07-03,3496,3537,3466,3504,305700,1072364000,0,0
2026-07-06,3519,3608,3517,3608,317500,1137800400,0,0
2026-07-07,3613,3640,3558,3572,339400,1215985000,0,0
2026-07-08,3567,3574,3511,3517,312900,1105600100,0,0
2026-07-09,3514,3562,3514,3545,240500,851657400,0,0
2026-07-10,3530,3555,3474,3485,265200,926685300,0,0
2026-07-13,3534,3550,3446,3465,196600,682065700,0,0
2026-07-14,3517,3540,3455,3530,186500,656865700,0,0
2026-07-15,3530,3564,3506,3532,197600,697199700,0,0
2026-07-16,3512,3547,3503,3516,187900,661448000,0,0
2026-07-17,3538,3547,3477,3500,235000,823240900,0,0
2026-07-21,3578,3613,3538,3603,370900,1331387700,0,0
2026-07-22,3560,3605,3550,3577,245400,878489600,0,0
2026-07-23,3531,3595,3523,3574,256100,911573000,0,0
2026-07-24,3535,3605,3534,3574,402300,1434753200,0,0
2026-07-27,3475,3575,3420,3557,676100,2382700200,0,0
2026-07-28,3561,3573,3495,3547,382400,1351830200,0,0
2026-07-29,3585,3639,3526,3639,416900,1502096200,0,0
2026-07-30,3650,3665,3572,3611,309700,1119105300,0,0
2026-07-31,3594,3622,3548,3602,416400,1497847800,0,0
2026-08-03,3553,3600,3482,3579,390600,1389364700,0,0
2026-08-04,3583,3583,3517,3571,289300,1029120600,0,0
2026-08-05,3626,3627,3571,3605,274400,987244800,0,0
2026-08-06,3600,3661,3594,3644,272200,991317600,0,0
2026-08-07,3633,3673,3623,3666,301000,1101196700,0,0
2026-08-10,3690,3693,3623,3678,236200,865720100,0,0
2026-08-12,3699,3700,3664,3677,184500,678869600,0,0
2026-08-13,3650,3689,3645,3682,224200,823484200,0,0
2026-08-14,3667,3708,3651,3696,223400,823888600,0,0
2026-08-17,3662,3682,3598,3603,223700,808394600,0,0
2026-08-18,3582,3593,3547,3556,251300,896176500,0,0
2026-08-19,3562,3568,3497,3534,270400,952207900,0,0
2026-08-20,3541,3552,3494,3552,260500,920026600,0,0
