Date,Open,High,Low,Close,Volume,TradingValue,UpLimit,UnderLimit
2016-02-05,575.165,582.335,565,571.665,30293200,,,
2016-02-08,561.165,574,555.835,568.665,29771000,,,
2016-02-09,533.665,536.165,515.165,517.665,41252600,,,
2016-02-10,515,518.835,490.585,496.75,58281400,,,
2016-02-12,472.5,499.415,469.915,476.585,58495200,,,
2016-02-15,508.335,531,505.5,526,42709600,,,
2016-02-16,518.5,551.665,518.5,539.5,38885800,,,
2016-02-17,530.5,541.665,515,523.165,28490400,,,
2016-02-18,533.5,541.165,525,536.335,29220200,,,
2016-02-19,530,530,515.665,517,23920800,,,
2016-02-22,508.5,511.665,497.5,504.335,32250200,,,
2016-02-23,510.665,523.165,505.665,512.5,26519400,,,
2016-02-24,501.835,526.5,498.665,516,24335200,,,
2016-02-25,517.335,532.835,510.335,528.165,24871800,,,
2016-02-26,536.665,547.335,530.665,531.835,25618400,,,
2016-02-29,542.335,545.835,526.835,527.335,23605000,,,
2016-03-01,527.335,534.335,521,528.335,15573200,,,
2016-03-02,548.335,554.835,543.835,553.335,20990200,,,
2016-03-03,565,608.165,564,600.665,47204400,,,
2016-03-04,602.835,606.665,594,604.835,28765600,,,
2016-03-07,607.335,611.335,598.5,602.5,22075000,,,
2016-03-08,597.5,605.665,582.165,590.835,23640600,,,
2016-03-09,570.665,584.165,570.665,578,16777200,,,
2016-03-10,583.335,588.5,573.835,585,16020000,,,
2016-03-11,578,606.165,577.5,605.835,26217000,,,
2016-03-14,621.665,626.665,613.835,620,23924800,,,
2016-03-15,615.335,633.665,609.5,618.835,25254800,,,
2016-03-16,607.165,612.165,597.5,600,20110400,,,
2016-03-17,605.165,614.335,597.165,601.665,17629400,,,
2016-03-18,596.835,606.5,588,597.835,21180600,,,
2016-03-22,605,607.335,595.835,601.5,20420800,,,
2016-03-23,600.835,604.665,595.835,596.5,13537000,,,
2016-03-24,591.665,592,577.665,579,17246000,,,
2016-03-25,574.835,592.5,571.835,588.665,15329200,,,
2016-03-28,592.335,594.5,585.5,593.665,15070400,,,
2016-03-29,579.5,587.335,573,578.5,16409200,,,
2016-03-30,573.665,574.665,557.665,558,17688400,,,
2016-03-31,561.665,580.165,561.335,568.665,22495800,,,
2016-04-01,569.165,570,547.665,550,18942600,,,
2016-04-04,543.835,558.335,538.5,550,12917200,,,
2016-04-05,538.5,541.165,526.165,527.665,16414000,,,
2016-04-06,527.5,538.165,524.835,528.835,16637200,,,
2016-04-07,525,532.165,515.335,520.165,19042400,,,
2016-04-08,510,540.335,505.835,533.335,23794600,,,
2016-04-11,527.335,528.665,512.165,522.5,16381400,,,
2016-04-12,522.665,555.835,522.665,549.835,22231400,,,
2016-04-13,566.5,578.835,555.5,575,22767600,,,
2016-04-14,590.835,593.665,582.835,593.335,24122800,,,
2016-04-15,584,594.165,580,586,14551200,,,
2016-04-18,562.665,569.165,556.5,565,18036600,,,
2016-04-19,586.835,608,585.665,598,23795200,,,
2016-04-20,603.335,610.335,594.835,599.665,19535600,,,
2016-04-21,613.335,613.5,597.665,607.165,20562000,,,
2016-04-22,598.835,649.165,598.835,633.835,45039000,,,
2016-04-25,640,641.665,618.5,631,26560200,,,
2016-04-26,617,617.665,602.165,614.335,20568400,,,
2016-04-27,606.665,614,597.5,605.165,16388400,,,
2016-04-28,611,619.5,561.335,568.835,30746000,,,
2016-05-02,534.5,553.835,534.5,546.665,22664600,,,
2016-05-06,544.5,546.835,536.665,543,17898400,,,
2016-05-09,546.665,557.5,544.335,546,11838000,,,
2016-05-10,549.165,560.5,539.5,559.665,13839200,,,
2016-05-11,563.5,572.335,553.5,554.835,14103800,,,
2016-05-12,548.335,561.5,548.165,560,10934600,,,
2016-05-13,565,572,548.335,549.665,14497600,,,
2016-05-16,541.5,554.835,536,548.165,15113200,,,
2016-05-17,551,561.835,551,555.335,14942600,,,
2016-05-18,557.665,579.665,557.335,574.335,20597200,,,
2016-05-19,593.335,594.165,571.335,574.835,16834600,,,
2016-05-20,573.335,574.5,565.165,571.665,16615800,,,
2016-05-23,569,577.665,561.835,575.335,11698800,,,
2016-05-24,571.665,573,566,569.665,9443800,,,
2016-05-25,578.165,580.835,574.5,578,8882200,,,
2016-05-26,581.665,586,573.335,575.5,10557000,,,
2016-05-27,577.165,584.165,572.5,584,9303600,,,
2016-05-30,588.165,590.335,581.665,588.165,10384000,,,
2016-05-31,588.665,602.835,586.5,602.835,22702000,,,
2016-06-01,595.165,600.335,587.165,589.5,13794000,,,
2016-06-02,580.835,581.835,565.665,566.835,16303800,,,
2016-06-03,564.665,573.835,563.5,568.5,11063800,,,
2016-06-06,552.5,559,550,558.835,14488200,,,
2016-06-07,559,562.665,553,560.835,13714200,,,
2016-06-08,563.335,569.665,560.5,569.165,12970400,,,
2016-06-09,563.5,565.5,550,553.165,16904400,,,
2016-06-10,541.835,549.335,540,545.835,24920400,,,
2016-06-13,532.335,535.665,525.665,525.665,17303600,,,
2016-06-14,516.835,521.5,510.5,515,22029800,,,
2016-06-15,509.165,526,503.665,520,21940200,,,
2016-06-16,515,522.835,507.835,512.335,20745000,,,
2016-06-17,520,521.5,509.335,517.665,38284800,,,
2016-06-20,525,535.335,524.835,530.835,13847400,,,
2016-06-21,525,542.335,520.665,540.165,14077000,,,
2016-06-22,539.5,539.5,529,532.165,12000400,,,
2016-06-23,528.5,543.165,527,542.335,11620200,,,
2016-06-24,546.335,548.665,488.5,494.5,45500800,,,
2016-06-27,496.165,498.415,482.085,485.835,26882000,,,
2016-06-28,478.665,484.665,465.335,478.25,31713400,,,
2016-06-29,487.5,489.585,478.75,485.835,23988600,,,
2016-06-30,495,495.835,487.665,487.665,21391000,,,
2016-07-01,492.085,494.915,485.665,491.335,17821400,,,
2016-07-04,491.165,493,486.165,488.25,13077000,,,
2016-07-05,481.665,486.5,472.335,481.25,19668800,,,
2016-07-06,471.665,473.915,466.335,469.835,26114000,,,
2016-07-07,467.5,477.915,467,469.835,20463400,,,
2016-07-08,469.915,473.335,461.085,462.5,22285400,,,
2016-07-11,468.335,478.915,464.335,475.165,33921200,,,
2016-07-12,487.5,506.165,487.25,499.665,36738400,,,
2016-07-13,523.335,527,511.5,521.335,36037600,,,
2016-07-14,520.835,528.335,511.665,518.835,20785800,,,
2016-07-15,526.665,550,523.835,538.835,30943200,,,
2016-07-19,548,548.835,532.5,538.835,17264400,,,
2016-07-20,536.5,538.835,522.5,528.335,17254800,,,
2016-07-21,540,547.165,533.665,540.165,20643000,,,
2016-07-22,528.5,534.835,527.165,531.665,12871200,,,
2016-07-25,531.665,537.335,525,529.335,14476000,,,
2016-07-26,523.835,524.665,514.5,519.335,16225000,,,
2016-07-27,523.665,529.165,517,523.5,17209400,,,
2016-07-28,515.165,517.835,505.835,511.665,15030400,,,
2016-07-29,509.665,553.335,507.335,551.335,56190400,,,
2016-08-01,551.165,580.665,543,572.335,41150600,,,
2016-08-02,563.335,567.835,546,548.335,21597000,,,
2016-08-03,532,536.5,521.335,524.835,20073400,,,
2016-08-04,529.835,539,521,536.5,21836600,,,
2016-08-05,541.665,544.665,532.5,534.835,15153800,,,
2016-08-08,545.5,569.165,545.5,563,23090200,,,
2016-08-09,574.5,576,563.335,568.165,21751200,,,
2016-08-10,563.835,573.335,562.335,566.5,13856200,,,
2016-08-12,569.5,572,557.665,562.835,17155000,,,
2016-08-15,563.5,566.835,559.165,560.335,9816200,,,
2016-08-16,563.835,568,554.335,554.835,12591800,,,
2016-08-17,556.665,573.665,556.165,573,15473800,,,
2016-08-18,566.665,581.165,561.835,563.835,20600800,,,
2016-08-19,569.165,579.5,568.165,573.165,16506400,,,
2016-08-22,574.665,578,564.665,572.665,12800400,,,
2016-08-23,570.5,575,562.835,564.665,11756200,,,
2016-08-24,570.165,578.165,567.335,567.5,10352800,,,
2016-08-25,570.835,571.5,563.165,568.665,8417800,,,
2016-08-26,567.835,567.835,561.665,561.665,10894800,,,
2016-08-29,570,576.5,566.835,574.665,15005800,,,
2016-08-30,572.5,580.5,572,578.835,18552600,,,
2016-08-31,587.335,606,587.165,603.5,28642200,,,
2016-09-01,605.665,618.335,605,612.5,22593400,,,
2016-09-02,610.835,616.5,607.5,616.165,15395400,,,
2016-09-05,633.165,634.165,610,611.5,23368400,,,
2016-09-06,623.165,628,617,619.335,17242600,,,
2016-09-07,608.665,614.665,599,608,23832000,,,
2016-09-08,600,601.165,594.665,600,18723600,,,
2016-09-09,600,604.5,597.165,598.665,15307400,,,
2016-09-12,590,595,582.835,586.665,17522200,,,
2016-09-13,588.335,589.5,570.335,573.835,21326200,,,
2016-09-14,566.5,570.5,559,568.165,19874800,,,
2016-09-15,559.835,563.335,554.165,557.5,18922600,,,
2016-09-16,564,576.5,562,570,22104800,,,
2016-09-20,566.835,579.5,565.835,572.835,18944800,,,
2016-09-21,579.165,617.335,567.335,614.835,52472000,,,
2016-09-23,606.5,610.665,601.165,604.835,31696400,,,
2016-09-26,606.335,606.335,595.165,596.335,16392400,,,
2016-09-27,575.835,592.165,570.5,592.165,30803600,,,
2016-09-28,578,581,566.165,568,20588800,,,
2016-09-29,575.165,577.665,567.5,572,18943200,,,
2016-09-30,563.335,568.665,559,563.335,19798400,,,
2016-10-03,568,573.335,560.835,563.165,13585400,,,
2016-10-04,565.165,576,564.5,572,14697400,,,
2016-10-05,575.835,580,571,577.835,13998000,,,
2016-10-06,583,593.165,582.665,585.335,18608000,,,
2016-10-07,586.665,588.665,574,579.665,14381000,,,
2016-10-11,580.5,587.835,575.335,576.665,13090400,,,
2016-10-12,568.335,568.335,558.665,564.335,20876200,,,
2016-10-13,567.335,574.335,561.165,562.335,12785200,,,
2016-10-14,560.665,565.165,558.5,565,11431800,,,
2016-10-17,564.165,572,564.165,566.665,10389600,,,
2016-10-18,566,566.835,558.5,566.665,10862400,,,
2016-10-19,570.5,573.165,567.5,570.165,11165600,,,
2016-10-20,567.5,578,566,576.835,16100000,,,
2016-10-21,581.5,588.665,569.165,581.5,19612000,,,
2016-10-24,584.165,584.835,575.835,580.165,9114200,,,
2016-10-25,583.335,593.665,582.665,587.835,14535600,,,
2016-10-26,590.835,592.165,586.5,591.165,10497000,,,
2016-10-27,589.165,592.835,585.835,589.5,12662400,,,
2016-10-28,600,605.665,597.335,603.165,20325600,,,
2016-10-31,602,609.5,601.5,608.835,16930000,,,
2016-11-01,612.335,612.5,603.165,607,14494600,,,
2016-11-02,594.665,597.835,588,591.835,15012000,,,
2016-11-04,584,590.665,576,583,14756000,,,
2016-11-07,593.335,597,588.835,590,12822600,,,
2016-11-08,594,600.165,591.665,595.5,11119800,,,
2016-11-09,599,605.165,548.835,559.165,50482800,,,
2016-11-10,606.665,610.335,595.165,607.165,39426800,,,
2016-11-11,633.335,643.665,627,632,53151400,,,
2016-11-14,639.665,643.335,631.165,639.165,22178400,,,
2016-11-15,646.665,673.835,646.5,663.5,47286400,,,
2016-11-16,679.5,715.165,678.165,698.335,60796800,,,
2016-11-17,683.165,688.835,674.335,688.835,37729600,,,
2016-11-18,708.335,709,683.665,686,29946200,,,
2016-11-21,689.665,703.335,684.335,700,24406400,,,
2016-11-22,698.5,704.665,693.835,702.5,17286200,,,
2016-11-24,715,719.665,705.5,708.5,23799800,,,
2016-11-25,706.665,713.335,686.835,697.835,25044600,,,
2016-11-28,685,716.665,683.835,708,25775800,,,
2016-11-29,702.835,712.835,698.335,708.835,17627600,,,
2016-11-30,711.665,719.335,699.165,701,26792000,,,
2016-12-01,721.665,731.335,715,726.165,31799200,,,
2016-12-02,737.835,754.335,732.665,747.165,41378200,,,
2016-12-05,735.5,740.665,726,733.835,17503600,,,
2016-12-06,751.665,753.165,746.835,750.835,22040600,,,
2016-12-07,761.665,762.665,756.665,762,16330600,,,
2016-12-08,773.665,776,768.335,774,21774600,,,
2016-12-09,776.835,788.665,773.5,788.335,27407600,,,
2016-12-12,792.835,793.5,766.5,780.5,26150800,,,
2016-12-13,763.335,780.335,762.165,776,17805800,,,
2016-12-14,779.165,784.665,773.665,783.335,16952400,,,
2016-12-15,783.835,794.665,775.165,782,20216400,,,
2016-12-16,791.665,794.5,785,788.335,19890400,,,
2016-12-19,781.835,786,777.165,782.5,11986400,,,
2016-12-20,782.5,782.5,762.665,772,16501800,,,
2016-12-21,775,781.665,770.165,772.5,13546400,,,
2016-12-22,766.665,769,754,767.165,17238000,,,
2016-12-26,758.5,762.5,754.335,760.665,10778800,,,
2016-12-27,758.335,772.335,755.835,764.335,11429200,,,
2016-12-28,768.335,768.665,756.665,759.665,9386400,,,
2016-12-29,752.835,753,740.665,745,15229600,,,
2016-12-30,735,744.835,732.5,743.335,12722600,,,
2017-01-04,758.165,768,756,760.5,18637600,,,
2017-01-05,762.5,767.835,757.665,762.165,10640600,,,
2017-01-06,752.335,760,750.665,757.5,10950200,,,
2017-01-10,757.165,758.835,748.5,748.5,12881600,,,
2017-01-11,755.835,763.335,753.835,761.835,12624000,,,
2017-01-12,756.665,759.835,750.835,755.665,11224800,,,
2017-01-13,755.665,758.835,752.5,757.335,7978400,,,
2017-01-16,759.5,760.335,748.165,749.335,9329200,,,
2017-01-17,740.165,745.5,730.335,739.165,15134800,,,
2017-01-18,730,742.335,727,739.835,13599800,,,
2017-01-19,749.835,757,742.5,747.835,14466200,,,
2017-01-20,750,751,742.665,747.835,11004400,,,
2017-01-23,743.165,750,739.835,742.665,10741000,,,
2017-01-24,736.835,737.335,722.5,727.335,15188400,,,
2017-01-25,734.665,737.165,727.5,730.165,15853000,,,
2017-01-26,744.165,754.165,742.665,753.165,20205600,,,
2017-01-27,764.165,769,759,766.335,17038400,,,
2017-01-30,754.665,758.835,748.665,756.5,14294600,,,
2017-01-31,741.665,750.335,740.335,741.835,13244800,,,
2017-02-01,723.665,736.665,717.665,735.5,18200600,,,
2017-02-02,733.665,736,723.165,725,13889200,,,
2017-02-03,727.665,748.335,726.665,735.5,22489200,,,
2017-02-06,761.665,762,746.335,747.5,15870800,,,
2017-02-07,739,751,736.665,746.5,9667200,,,
2017-02-08,748.165,750.835,742.5,750,7885400,,,
2017-02-09,742,742.335,735,737.835,13022200,,,
2017-02-10,750,758.5,747.665,753,19470800,,,
2017-02-13,761.665,766.665,758.835,759.835,12181200,,,
2017-02-14,765.835,766.165,751.665,752.335,10487600,,,
2017-02-15,760.835,770.5,759.165,762.665,12916800,,,
2017-02-16,768.335,772.335,757.835,763.335,13738600,,,
2017-02-17,760.835,764,753.165,755.835,9981800,,,
2017-02-20,750,760.835,744.335,758.165,9249000,,,
2017-02-21,762.165,765.165,759.335,761.165,9205400,,,
2017-02-22,762.835,764,757,758.835,9761000,,,
2017-02-23,753.335,753.665,741.835,746.835,17388000,,,
2017-02-24,743.165,749.665,742,745,9836000,,,
2017-02-27,736,736.335,726.5,730,15807800,,,
2017-02-28,732,733.665,729.165,729.5,13052200,,,
2017-03-01,734.665,740.665,729.165,739,12293000,,,
2017-03-02,754,755.5,744.165,744.5,14333000,,,
2017-03-03,742.165,746.5,738.165,742.165,10552400,,,
2017-03-06,725.835,730.835,722.165,728,22803600,,,
2017-03-07,726.5,726.665,719.835,721,17124800,,,
2017-03-08,718,721.5,716.665,721.335,10488800,,,
2017-03-09,724,724.665,720,721,9166800,,,
2017-03-10,723.5,734.165,722.665,732.5,22559600,,,
2017-03-13,730,732.835,727,727,17238600,,,
2017-03-14,727,729.5,723.665,726.165,16206400,,,
2017-03-15,724.165,729.165,720.665,726.665,11082200,,,
2017-03-16,721.335,725.5,719.665,720,18088400,,,
2017-03-17,718.5,721.335,715.835,717,16651600,,,
2017-03-21,714.665,714.835,709.5,711,12774400,,,
2017-03-22,693.335,697.165,691.665,691.665,39277600,,,
2017-03-23,692.5,697,687.835,690.835,20061000,,,
2017-03-24,694.165,705.165,692.665,700.665,16023000,,,
2017-03-27,695.835,696,688.165,692.165,15125200,,,
2017-03-28,695.5,702,694.835,700.5,16064800,,,
2017-03-29,696.665,696.665,687.335,689,12893600,,,
2017-03-30,684.165,689.835,681,685.335,10220800,,,
2017-03-31,691.5,693.665,674.165,674.165,17522600,,,
2017-04-03,674,674.165,663.835,669.165,16062600,,,
2017-04-04,662.5,664.5,657,661.165,15305400,,,
2017-04-05,664,664.665,653.5,657.835,15079200,,,
2017-04-06,649,653.835,646.335,649.165,17658200,,,
2017-04-07,651.335,659.335,645.665,648.835,23740800,,,
2017-04-10,654.835,658.835,652.165,655.835,10504000,,,
2017-04-11,652.835,652.835,647,651.165,10421800,,,
2017-04-12,641.665,643.165,637.5,642.665,13198800,,,
2017-04-13,634,640.665,632,638,14364400,,,
2017-04-14,632.5,640.5,630.335,637,10294600,,,
2017-04-17,633.335,636.5,626.665,636,11521200,,,
2017-04-18,645.835,650.665,639.835,641.165,12916800,,,
2017-04-19,636.665,655.665,632.665,646.335,21829000,,,
2017-04-20,648,662.835,646.165,655.835,16889200,,,
2017-04-21,666.665,671,664,666.665,18169200,,,
2017-04-24,678.335,679.665,671,675.335,14791600,,,
2017-04-25,675,685.5,675,683.5,14982600,,,
2017-04-26,689.835,700,688,700,19490000,,,
2017-04-27,697,700,691,699.835,14150200,,,
2017-04-28,692.665,696,684,687.335,12706000,,,
2017-05-01,679.335,687.835,677.665,687.165,8820400,,,
2017-05-02,689.5,694.665,688.665,692.165,9132800,,,
2017-05-08,701.665,709.335,701.165,706.835,19366400,,,
2017-05-09,707.5,709.165,702.165,703,9974800,,,
2017-05-10,704.665,705.335,698.665,700.665,9223200,,,
2017-05-11,702.665,709,696.835,708.5,14111800,,,
2017-05-12,703.665,705.835,694.835,700.835,10662200,,,
2017-05-15,694.665,696.335,687.665,695.165,10251200,,,
2017-05-16,706.5,707,691.165,693.835,12344000,,,
2017-05-17,685,687.165,677,685.165,15864600,,,
2017-05-18,666.665,670,664,665.665,21858400,,,
2017-05-19,668.5,679.835,667.665,675.335,15558000,,,
2017-05-22,678.335,681,676,677.665,8692600,,,
2017-05-23,673.335,677.665,670.165,674.165,8513200,,,
2017-05-24,681.165,686.835,677.5,680.665,11999400,,,
2017-05-25,679,681.5,673.665,676.665,10601200,,,
2017-05-26,673.665,676.5,671.835,672.335,8160200,,,
2017-05-29,671.5,677.835,670,673.5,7832800,,,
2017-05-30,673.5,675.335,670.665,674.665,9000200,,,
2017-05-31,668.665,669.835,662.335,662.335,15799400,,,
2017-06-01,659.835,671.5,658.665,670.665,13456800,,,
2017-06-02,679.835,696.665,679.335,694.5,21696600,,,
2017-06-05,690,694.835,686.5,686.835,12402800,,,
2017-06-06,685,694.335,683.835,688.335,15889800,,,
2017-06-07,688.5,697.5,687,697,15226400,,,
2017-06-08,701.5,714,699.665,704.835,24386400,,,
2017-06-09,714.335,715,707.335,711.165,22798600,,,
2017-06-12,718.335,723.335,707.835,709.335,17985200,,,
2017-06-13,710.5,716.5,706.335,713.835,11865000,,,
2017-06-14,716.665,719.665,706.335,707.5,14934800,,,
2017-06-15,702.835,710.165,697.835,699.165,14863400,,,
2017-06-16,704.665,707.835,695.835,705.165,15827800,,,
2017-06-19,702.165,708.335,700.165,704.165,8185600,,,
2017-06-20,713.335,717.5,710.335,710.335,13423200,,,
2017-06-21,710,710.835,699.835,705.335,13389200,,,
2017-06-22,709.335,715.335,707.5,710.5,14496400,,,
2017-06-23,709,712,705.165,710,8524400,,,
2017-06-26,707,707.5,699.335,700.165,12462800,,,
2017-06-27,703.835,707.5,703.165,703.665,9515600,,,
2017-06-28,715,721.165,714,719,24667600,,,
2017-06-29,737.835,741.335,727.165,727.665,22672200,,,
2017-06-30,728,731.335,724.5,729.835,14880200,,,
2017-07-03,729.5,732.835,724.165,731.335,12079600,,,
2017-07-04,739.335,741.665,731.835,732.665,14867200,,,
2017-07-05,731,741.5,728.665,741.5,14617400,,,
2017-07-06,740,740,731.665,736.165,12088200,,,
2017-07-07,731.665,736,727.5,728.665,15286200,,,
2017-07-10,730,730.335,723,728.835,11600600,,,
2017-07-11,729.835,732.5,727.165,729.665,8429400,,,
2017-07-12,725,725.165,719.165,721.665,10182000,,,
2017-07-13,721.665,722.665,710,713.665,12482400,,,
2017-07-14,719,719.5,713.335,715.5,10442800,,,
2017-07-18,710,712.5,704.165,711.335,11126200,,,
2017-07-19,706.665,713,704.335,712,8604200,,,
2017-07-20,710,710.665,705.665,706.665,14161400,,,
2017-07-21,704.835,705.165,700.835,703.165,9525800,,,
2017-07-24,695,699.5,690.665,698,10074000,,,
2017-07-25,698.835,702.665,696.5,697.665,7041800,,,
2017-07-26,708,710.165,704.835,705.665,11251600,,,
2017-07-27,700,704.5,698,701.335,10890200,,,
2017-07-28,699.165,702,696.835,698,8101600,,,
2017-07-31,698,702.835,695.165,699.165,9761600,,,
2017-08-01,709.165,720.5,709,715.5,19529600,,,
2017-08-02,721,723.335,715,718.165,13066400,,,
2017-08-03,717.335,718.665,709.335,713,10573600,,,
2017-08-04,708.335,710.335,705.665,709,7143200,,,
2017-08-07,714.665,717.335,710.835,710.835,6589600,,,
2017-08-08,711.835,713.835,705.165,709.835,9045400,,,
2017-08-09,705.835,707.835,699.335,700.835,11347200,,,
2017-08-10,699.165,699.165,691,693.165,15356600,,,
2017-08-14,676.665,688.665,675,683.5,15836200,,,
2017-08-15,693.335,702,692.5,693.5,13065400,,,
2017-08-16,692.5,693.665,689.5,691.835,8968400,,,
2017-08-17,691,694,687.665,691.335,9577600,,,
2017-08-18,681.165,683.665,679.165,682.835,14504000,,,
2017-08-21,683,683.165,676.835,677.835,9060000,,,
2017-08-22,675.835,679,674.5,675,10570600,,,
2017-08-23,682.335,683,673.5,674.335,10361400,,,
2017-08-24,672,679.5,671.165,671.335,8239800,,,
2017-08-25,675.5,680.665,674.665,676,10065800,,,
2017-08-28,674.665,675.665,668.665,671.335,11692400,,,
2017-08-29,666.5,672.335,662.165,671.665,11718800,,,
2017-08-30,674.5,676.165,669.165,672,13554000,,,
2017-08-31,679,689.5,677.835,685.665,17928600,,,
2017-09-01,694.165,694.665,684.5,686.665,11290000,,,
2017-09-04,681.665,685.165,677.335,679.165,10004400,,,
2017-09-05,679.835,681.335,676.165,678,7755800,,,
2017-09-06,666.665,671.165,666.335,670.665,10131600,,,
2017-09-07,671.335,672.335,668.335,669.165,10394000,,,
2017-09-08,668.5,670.165,666,666.665,14399600,,,
2017-09-11,673.335,679,670.835,671.335,15613000,,,
2017-09-12,683,686.165,681.665,684,13731800,,,
2017-09-13,691.665,697.5,691.665,694.335,12397600,,,
2017-09-14,697.665,698.835,691.335,691.835,11828600,,,
2017-09-15,685.335,697.335,684.5,693.5,15353400,,,
2017-09-19,708,714.835,705,714.665,20722400,,,
2017-09-20,710.335,715.835,709,711.5,14198200,,,
2017-09-21,722,725.835,715.165,715.665,17789000,,,
2017-09-22,722,723.335,715,719.835,11980400,,,
2017-09-25,724.5,725.165,717.165,717.665,13449000,,,
2017-09-26,715,719.165,713.665,718.665,13034400,,,
2017-09-27,709.5,714.665,708.335,711.665,9885000,,,
2017-09-28,722.165,722.665,715,718.335,15600000,,,
2017-09-29,713.165,720,712.835,720,11009000,,,
2017-10-02,721,721.665,713.5,716,9975800,,,
2017-10-03,717.665,719.165,715.335,717.335,12693000,,,
2017-10-04,718.165,720,715,716.165,9932400,,,
2017-10-05,715,716.665,713.665,716.5,9371400,,,
2017-10-06,719.665,727.335,718.165,725,18114400,,,
2017-10-10,722.665,722.835,715.835,720.165,12364200,,,
2017-10-11,720.5,723.165,718.835,721,8161400,,,
2017-10-12,725,726,717.165,717.835,10187200,,,
2017-10-13,717.835,721.835,713,721.335,13770400,,,
2017-10-16,721.665,737.5,720.165,732.835,23349000,,,
2017-10-17,736.5,739.5,728,731,16240600,,,
2017-10-18,733.165,734.165,729.335,731.665,10233200,,,
2017-10-19,741.665,742.165,734.165,736.165,14166400,,,
2017-10-20,730.5,733.665,728.335,731.165,10913200,,,
2017-10-23,742.5,743.165,735.835,737,13281200,,,
2017-10-24,736,743,734.665,742.665,13151400,,,
2017-10-25,748.335,758.335,747,750.165,25495000,,,
2017-10-26,749.165,754,747.5,753.335,14427800,,,
2017-10-27,757.5,773.835,756,769.835,27219000,,,
2017-10-30,768.335,769.665,760.335,766.165,22739400,,,
2017-10-31,758.335,758.5,749.335,752.835,14098600,,,
2017-11-01,759.335,761.165,755.165,757.165,14071600,,,
2017-11-02,763.335,763.835,756.835,761.165,11630400,,,
2017-11-06,762.165,762.835,744.165,752.5,17511200,,,
2017-11-07,751.335,759.5,748.165,757.5,13250400,,,
2017-11-08,751,755.335,747.665,755.165,12149000,,,
2017-11-09,754.835,763.335,744.165,750.335,23583800,,,
2017-11-10,742,750,741.335,743,10812600,,,
2017-11-13,745.665,746.665,740.165,741.665,9558200,,,
2017-11-14,741.335,741.665,734,737.665,11802000,,,
2017-11-15,736.835,738.335,721.835,726.5,20567600,,,
2017-11-16,725.665,731.335,721.835,726.335,13134800,,,
2017-11-17,731.665,732,722.165,726.835,17599600,,,
2017-11-20,728.165,729.665,721.335,722.835,9408200,,,
2017-11-21,725.165,735.165,724.165,731.165,13384000,,,
2017-11-22,734,742.165,732.835,738.665,13470000,,,
2017-11-24,737.665,744,732.665,742.165,9642000,,,
2017-11-27,744.335,747.5,739.835,741.665,10262200,,,
2017-11-28,743,744.165,736,738.165,8937200,,,
2017-11-29,747,755,746.835,750.665,17869400,,,
2017-11-30,759.835,769.165,757.835,757.835,28389000,,,
2017-12-01,766.665,769.5,757.5,760.835,15556200,,,
2017-12-04,766.665,766.835,757.335,758.665,12725000,,,
2017-12-05,760.335,767.335,756.835,766,16169000,,,
2017-12-06,765.835,769.5,758,762,19095800,,,
2017-12-07,766.165,768,760.835,762.165,14901200,,,
2017-12-08,765,772.5,764.665,771.335,23077200,,,
2017-12-11,775.665,789.5,775.665,788.835,23347400,,,
2017-12-12,789.335,808.5,789.335,804.5,29680000,,,
2017-12-13,811.665,820,810.835,817,30766800,,,
2017-12-14,801.5,806.5,796.335,803.5,23033000,,,
2017-12-15,802.5,802.5,788.5,798.665,18628600,,,
2017-12-18,809.5,821,806.665,811,23127400,,,
2017-12-19,818.335,819.835,809.665,812.5,13924600,,,
2017-12-20,825,834.835,821,828.665,23567400,,,
2017-12-21,828.835,831.5,815.5,818.335,16767600,,,
2017-12-22,816.665,832.335,816.665,829.165,18834800,,,
2017-12-25,832,832.335,818.335,819.5,11480800,,,
2017-12-26,817.665,821.335,813,814,9345000,,,
2017-12-27,816,817.835,811.335,814,7146200,,,
2017-12-28,812.165,813.5,805.165,806.335,8791600,,,
2017-12-29,810.335,817,809.335,811.335,8802000,,,
2018-01-04,824.835,835.835,824.335,835.5,18133400,,,
2018-01-05,845.165,855.665,844.5,849.165,21970600,,,
2018-01-09,865,867.165,846.335,848.335,15645400,,,
2018-01-10,863.665,869.165,861.335,862.835,19462200,,,
2018-01-11,871.665,873.665,863,871.335,17243000,,,
2018-01-12,877.665,878.165,862.5,865.335,17214000,,,
2018-01-15,880.835,888.835,876.5,881,18105600,,,
2018-01-16,883,886,878.835,885,17593200,,,
2018-01-17,871.665,877.5,868.165,876.335,17247400,,,
2018-01-18,883.835,884.5,866.665,866.665,18452400,,,
2018-01-19,877.835,882.165,875.665,879.165,12559600,,,
2018-01-22,881.335,884,874,876.835,9603000,,,
2018-01-23,880.165,886.335,878,885.165,13217600,,,
2018-01-24,880.165,881.165,862.335,868,17576800,,,
2018-01-25,860.5,865.665,854.165,857.665,16372000,,,
2018-01-26,858.5,859,841.835,842.165,18172200,,,
2018-01-29,833.5,844.335,831.665,839.665,17803200,,,
2018-01-30,842.165,843.335,825.335,829.835,17455800,,,
2018-01-31,823.335,832.5,813,813,17361000,,,
2018-02-01,835.335,856.5,828.665,849,29199600,,,
2018-02-02,856.5,856.5,834.335,839.165,23024000,,,
2018-02-05,825,828.165,814.165,822.5,19793400,,,
2018-02-06,795.5,799,776.335,797.835,32246000,,,
2018-02-07,821.165,822.335,800,800.335,26237000,,,
2018-02-08,808.5,812.835,799.665,809.5,16387600,,,
2018-02-09,789.165,793.835,775,789,21355000,,,
2018-02-13,800.335,801.165,779.165,780.665,19567200,,,
2018-02-14,787.165,790.165,773.665,774.835,14361000,,,
2018-02-15,798,798,787,788.165,13787800,,,
2018-02-16,793.5,798.335,789.665,791,9841000,,,
2018-02-19,798.5,808.835,795.665,805.165,13116800,,,
2018-02-20,800,800,787.665,795.5,11338600,,,
2018-02-21,796.5,798.665,784.5,786.165,12380400,,,
2018-02-22,780.165,782.835,775,780.835,12525000,,,
2018-02-23,777.835,786.5,776.665,785.5,8886200,,,
2018-02-26,791.835,794,785.835,786.835,7816400,,,
2018-02-27,793.835,797.5,792,795.835,11451000,,,
2018-02-28,793.665,793.835,781,781,12071800,,,
2018-03-01,773.165,773.665,766,768.665,15505800,,,
2018-03-02,757,765.835,754.835,764.335,14954400,,,
2018-03-05,757.835,762.335,754.335,757.835,11369600,,,
2018-03-06,769.335,772.5,759.665,760.335,11997200,,,
2018-03-07,754.665,760.665,749.665,751.835,13980800,,,
2018-03-08,758.165,762.165,750.5,752.665,9630800,,,
2018-03-09,764.335,771,752.335,753,17193400,,,
2018-03-12,766.335,772.5,763.835,771.335,12809400,,,
2018-03-13,766,769.665,761.665,769.335,10716400,,,
2018-03-14,765,772.335,764.335,770.165,10613000,,,
2018-03-15,763.835,767.165,760.835,767.165,10786000,,,
2018-03-16,764.665,765.835,759.165,760.165,11602000,,,
2018-03-19,757.665,759.335,751.165,754.165,8843200,,,
2018-03-20,750,758.5,749,757,8907200,,,
2018-03-22,745.335,756.835,742.835,755.335,14915000,,,
2018-03-23,741.835,744.5,735.165,737.665,18474200,,,
2018-03-26,731.665,740.335,729.165,740.335,14149800,,,
2018-03-27,751.665,757.5,748,757.165,16716000,,,
2018-03-28,737.5,746.5,730,745.665,12209400,,,
2018-03-29,748.665,750,736.335,741.835,10373600,,,
2018-03-30,745.665,750.165,739.5,743,9169800,,,
2018-04-02,741.165,747.835,735.835,735.835,8618600,,,
2018-04-03,730.165,737,726.665,735,7890000,,,
2018-04-04,732.335,733.335,723,726.165,15018000,,,
2018-04-05,731.835,746.835,726.835,740,15216000,,,
2018-04-06,736.335,744,735.665,738.665,10385200,,,
2018-04-09,736.335,749,735.165,745.5,9505400,,,
2018-04-10,740,748.835,733.835,746.665,11659200,,,
2018-04-11,749.165,755.335,748.165,748.5,10096000,,,
2018-04-12,749.665,753.835,743.165,744.835,10128000,,,
2018-04-13,755.665,770.835,754.665,760,15304200,,,
2018-04-16,756.5,759.835,747.835,752.5,13129400,,,
2018-04-17,749.5,749.835,740.5,743,12196200,,,
2018-04-18,738.5,743.5,733.665,742.835,14607800,,,
2018-04-19,748,758.335,745.665,748.5,15098800,,,
2018-04-20,752.335,757.5,750,753.665,11540600,,,
2018-04-23,761.5,770.5,761.335,765.835,13593800,,,
2018-04-24,776.665,781.5,768.335,781.335,16702200,,,
2018-04-25,777.5,782.835,776,781.835,13895800,,,
2018-04-26,784.165,785.165,771,773,16149800,,,
2018-04-27,770.165,770.165,758,758.335,18754000,,,
2018-05-01,758.335,758.665,745.5,747.835,16169000,,,
2018-05-02,751.665,751.665,746.335,747.165,7253400,,,
2018-05-07,751.5,751.5,741.5,745,8552800,,,
2018-05-08,742.5,752.665,742.335,748,8697200,,,
2018-05-09,745,747.165,740.5,745.5,11503400,,,
2018-05-10,751.165,752.5,746.5,748.665,7005400,,,
2018-05-11,753.165,755.835,749.5,753.335,9725200,,,
2018-05-14,753.335,760.165,752.665,758.835,9208200,,,
2018-05-15,782.165,786.165,773.165,774.665,27568600,,,
2018-05-16,771.835,775,758.835,773.835,17033200,,,
2018-05-17,790,801.165,783.5,784.5,21424200,,,
2018-05-18,784.5,787.165,780.335,785,9088600,,,
2018-05-21,781.335,785.835,780.665,783.165,9939600,,,
2018-05-22,781.335,783.665,776,781.165,10707600,,,
2018-05-23,778.5,783.665,773.165,778.5,10761800,,,
2018-05-24,773.335,774,766.665,771.335,13186200,,,
2018-05-25,770.835,772.165,761.835,764,11558000,,,
2018-05-28,764,765,758,764.5,7973400,,,
2018-05-29,760.835,764.335,756,758.835,9895400,,,
2018-05-30,738.5,745.665,735.5,745.165,16728200,,,
2018-05-31,755,755.665,747,750.5,15913400,,,
2018-06-01,750.5,762.835,743.5,753.835,14127600,,,
2018-06-04,763.835,772,760,768,11669600,,,
2018-06-05,767.665,768.835,758.665,762.665,9809200,,,
2018-06-06,762.665,766.335,760.665,763.5,7767000,,,
2018-06-07,775.165,777.5,766.165,769.335,11698200,,,
2018-06-08,759.165,766.335,757,758.335,16281800,,,
2018-06-11,751.665,758.335,749.165,757,9811400,,,
2018-06-12,762.5,763.5,755.5,757,7637400,,,
2018-06-13,755.5,761.5,754,758.835,7193200,,,
2018-06-14,756.835,769.835,755,761.5,12840200,,,
2018-06-15,759.835,760.665,751,754.665,13557800,,,
2018-06-18,752.335,752.5,744.335,746.335,11083600,,,
2018-06-19,744.665,752,743.165,744.335,11549400,,,
2018-06-20,741.165,741.835,725,736,16852400,,,
2018-06-21,732.665,733.665,716.665,718.165,20415400,,,
2018-06-22,700.165,713.5,694.335,713,22756800,,,
2018-06-25,716.665,719.165,709.165,712.165,8770800,,,
2018-06-26,711,723.665,707.665,718.5,11751800,,,
2018-06-27,715,720.165,710.665,719.335,7717600,,,
2018-06-28,716.665,718.5,712.5,715.835,9770600,,,
2018-06-29,716.835,721,712.165,717.665,9256600,,,
2018-07-02,711.665,714.835,703.665,705.5,10275800,,,
2018-07-03,706.665,709.5,701.835,707.335,9987200,,,
2018-07-04,702,710.5,701.835,705.5,9248400,,,
2018-07-05,700.165,701.835,696,699.165,9508200,,,
2018-07-06,702.665,709.165,701,701.335,8037400,,,
2018-07-09,703.665,713.165,702.665,710,6887200,,,
2018-07-10,721.665,728.165,715.335,715.5,12353800,,,
2018-07-11,705.665,712,703,710.665,8051200,,,
2018-07-12,718,721.165,709.335,712.665,7644000,,,
2018-07-13,718,721.5,711.335,714.5,11029800,,,
2018-07-17,704.335,722.835,703.665,718.165,15572200,,,
2018-07-18,722.835,724.335,719.5,722.835,10000600,,,
2018-07-19,726.335,733.665,723.5,730.835,10862600,,,
2018-07-20,725,731.665,716.835,722.5,11825000,,,
2018-07-23,751.665,753.835,742.665,742.665,23329800,,,
2018-07-24,746.665,758.835,743.165,746.335,15429600,,,
2018-07-25,742,753.165,741.165,745,11736400,,,
2018-07-26,751.335,758,747.335,751.165,12915800,,,
2018-07-27,751.165,758,748.835,750,12679000,,,
2018-07-30,758.335,766.165,754.835,761.665,16575600,,,
2018-07-31,762.835,776.165,740.335,740.835,31135400,,,
2018-08-01,752.5,767.835,741.835,763.5,22112400,,,
2018-08-02,764.835,771.5,757.335,757.665,14095200,,,
2018-08-03,761.335,761.5,746.835,746.835,13683800,,,
2018-08-06,741.835,743,730.335,736.165,13566800,,,
2018-08-07,736.835,737.665,728.835,733.335,9032000,,,
2018-08-08,734.665,742,731.835,737.835,8417800,,,
2018-08-09,734.665,739,732.665,737.665,5621000,,,
2018-08-10,733.335,736.165,728.835,728.835,11824000,,,
2018-08-13,716.665,717.335,710.165,713.335,13149000,,,
2018-08-14,715,715.665,707.5,712.835,11727400,,,
2018-08-15,718.665,719.665,706,710.665,8614200,,,
2018-08-16,705.835,719.5,701.665,715.665,11832200,,,
2018-08-17,717.165,727.165,717.165,724.665,8554000,,,
2018-08-20,721.5,726.5,720,725.165,6518400,,,
2018-08-21,721.5,727.835,719.5,721.835,8359000,,,
2018-08-22,716.665,725.5,714.335,723,9434200,,,
2018-08-23,721.335,723,717.665,722.165,6433800,,,
2018-08-24,724.5,728.335,723.665,725.5,5516400,,,
2018-08-27,726.335,731.5,725.165,729.165,5779000,,,
2018-08-28,736.335,742.335,731.665,733.5,9436400,,,
2018-08-29,734.5,744.5,734,742.835,10186800,,,
2018-08-30,742.835,743.5,733.665,737.835,12552200,,,
2018-08-31,731.335,732.665,728.5,730.165,10882400,,,
2018-09-03,728.335,734.165,726,727.335,6419800,,,
2018-09-04,730,730.665,724.5,724.835,6544200,,,
2018-09-05,722.835,724.665,719.665,721.5,7848200,,,
2018-09-06,720,723,718.335,721.5,6854000,,,
2018-09-07,716.665,721,712,718.5,11318800,,,
2018-09-10,718.5,725.835,716.835,722.335,6916800,,,
2018-09-11,720,722.665,717.835,721.665,7598600,,,
2018-09-12,720,722.5,715.165,718.665,9476600,,,
2018-09-13,716.835,729.335,715.835,726.335,8723200,,,
2018-09-14,728.5,734,727.665,732.835,12932600,,,
2018-09-18,732.165,746.665,732,743.835,12686600,,,
2018-09-19,760,761.665,754.165,756.335,16816200,,,
2018-09-20,767.165,772,765,767.165,16545400,,,
2018-09-21,775,782.165,771.5,778.5,20867800,,,
2018-09-25,775,784.5,775,784.335,16782400,,,
2018-09-26,773.335,778.335,762.165,765.665,13133800,,,
2018-09-27,761.665,763.835,755,757.5,13473400,,,
2018-09-28,770.165,774,764.335,764.335,14537000,,,
2018-10-01,762.335,770.165,760.835,769.665,10451400,,,
2018-10-02,769.665,776,767.335,769.5,11308600,,,
2018-10-03,768.165,770.335,754.165,756.5,11888600,,,
2018-10-04,776,780.835,768.665,776.665,19956000,,,
2018-10-05,781.165,790.5,780.165,787,19388600,,,
2018-10-09,790,795.835,772.665,777.5,17213800,,,
2018-10-10,778.835,785.835,775.335,781.5,11254800,,,
2018-10-11,757.165,759.835,745.835,749.165,23121600,,,
2018-10-12,743.335,744.335,731.665,739.335,18357800,,,
2018-10-15,731.835,732.165,721.335,724.5,16258800,,,
2018-10-16,729,735.835,727.665,733.335,13541000,,,
2018-10-17,745,751,742.165,746.835,14660000,,,
2018-10-18,752,754.5,744.335,745.165,9704800,,,
2018-10-19,737.665,744.165,735.835,741.665,10223600,,,
2018-10-22,735.5,745.5,735,742.835,7180600,,,
2018-10-23,735.835,741.165,727.835,728.5,13030800,,,
2018-10-24,732.165,734.335,712.835,717.335,16204200,,,
2018-10-25,698.835,707.665,691.835,705,17891400,,,
2018-10-26,716.665,717.835,699.5,708,15320400,,,
2018-10-29,714.665,717.335,699.665,703.665,11471000,,,
2018-10-30,705.5,720.5,705.335,719,23737400,,,
2018-10-31,717.835,735.665,713.835,735.665,19136400,,,
2018-11-01,738.335,741.165,728.335,736,12949600,,,
2018-11-02,740,743.335,728,737,12966600,,,
2018-11-05,731.665,739.835,731.665,734.5,9382400,,,
2018-11-06,732.165,747.665,731.835,743.835,10543600,,,
2018-11-07,743.665,757,735.5,739.665,14558600,,,
2018-11-08,751.335,760.665,748.165,753.5,13510200,,,
2018-11-09,751.335,761,751.335,753.5,8728600,,,
2018-11-12,749.165,751,743.5,750.335,7625000,,,
2018-11-13,735.835,738.5,726.335,730,15419800,,,
2018-11-14,738,744.335,736.165,738.335,11854400,,,
2018-11-15,732.5,732.5,712.165,715.835,20571800,,,
2018-11-16,718.165,719.335,711.665,712.165,11782800,,,
2018-11-19,708,708.665,686.665,697.165,22440600,,,
2018-11-20,692.5,708.335,688.665,698.835,12889000,,,
2018-11-21,687.5,695.335,687,692.665,11965600,,,
2018-11-22,689.665,692.335,685,691.165,10717600,,,
2018-11-26,685.5,690.335,675.835,688.335,14768200,,,
2018-11-27,698.835,699.665,693.835,698.5,13278200,,,
2018-11-28,699.665,707,695.5,699,13591000,,,
2018-11-29,702.665,706.335,697.665,697.665,8291400,,,
2018-11-30,693.335,700.335,691.335,697.165,14556200,,,
2018-12-03,703.335,707.5,698.665,702.335,9571200,,,
2018-12-04,694,697.5,682.835,683.165,20172000,,,
2018-12-05,671.5,681.335,670.335,680,13458800,,,
2018-12-06,673.335,681.165,670.335,672.165,13195600,,,
2018-12-07,672.665,673,662.665,667.165,16512200,,,
2018-12-10,655.5,662.165,654.335,660.335,14280000,,,
2018-12-11,655.335,657.665,642.835,649.665,18034600,,,
2018-12-12,651.335,658,649.335,651.665,16078800,,,
2018-12-13,655.835,662.665,653.5,657.335,12282400,,,
2018-12-14,653.5,656.835,648.835,652.835,19240800,,,
2018-12-17,658.335,660,651.665,656.5,10191400,,,
2018-12-18,650,651,643.665,645.835,14100200,,,
2018-12-19,641.335,642,633.335,641.835,14399200,,,
2018-12-20,643.165,645,623.335,625.335,20137400,,,
2018-12-21,613.665,619,607.335,611.5,22166600,,,
2018-12-25,580.835,595.165,580.5,592.335,16027400,,,
2018-12-26,595.165,602.165,582.5,591,15225600,,,
2018-12-27,608.665,618.335,602.665,612.665,17163600,,,
2018-12-28,598.665,612.665,597.835,607.5,14616600,,,
2019-01-04,599.5,611.165,596.835,610.335,15869800,,,
2019-01-07,626.665,631.5,622.165,626.835,17256800,,,
2019-01-08,629.835,636.665,627.335,630.335,13263400,,,
2019-01-09,638.335,639.335,631.335,635.5,9164600,,,
2019-01-10,629.665,638.335,628.335,636.5,9761400,,,
2019-01-11,641.665,643.335,634.335,636.335,11198600,,,
2019-01-15,639.665,652.665,639.665,647,14067600,,,
2019-01-16,645.665,645.835,636.335,642,9547200,,,
2019-01-17,653.665,654.835,645.335,647.835,10181000,,,
2019-01-18,653.5,656,649.165,651.5,9175400,,,
2019-01-21,660.335,663.5,658,659.165,10498600,,,
2019-01-22,659.165,661,651.665,654.665,6963600,,,
2019-01-23,653,660.665,652.165,655.165,9653000,,,
2019-01-24,661.665,664.665,659.835,663.665,12114400,,,
2019-01-25,662.665,670.665,662.665,668.835,11487000,,,
2019-01-28,669,671.5,665.5,667.665,8622600,,,
2019-01-29,667.835,672.165,667.165,672.165,10417200,,,
2019-01-30,670.335,672.165,667.165,669,9097200,,,
2019-01-31,676,676.665,670.165,674.165,10192200,,,
2019-02-01,670.835,671.835,657.165,657.165,17762000,,,
2019-02-04,664,665.335,657.165,663.835,11099800,,,
2019-02-05,661.835,665,658.665,659.335,9691800,,,
2019-02-06,660,664.665,659.5,661,7311600,,,
2019-02-07,658.335,661.5,652.665,654.665,9148200,,,
2019-02-08,650,651.165,642.335,643.5,12181600,,,
2019-02-12,649.835,658.335,647.835,655.165,14834800,,,
2019-02-13,661.665,666.5,660.335,663.5,10529800,,,
2019-02-14,659.165,662.335,656.665,661.665,8631400,,,
2019-02-15,654.165,657.665,648.165,656.165,11467800,,,
2019-02-18,668.165,678.335,666.835,672.5,15300400,,,
2019-02-19,670,675.5,670,674.665,7645800,,,
2019-02-20,675.335,677.835,673.5,673.5,7072400,,,
2019-02-21,674.665,677.665,669.665,672.165,8412800,,,
2019-02-22,666.5,668.335,664.335,667,8336800,,,
2019-02-25,672.5,672.835,665.835,665.835,8563600,,,
2019-02-26,666.665,667.835,659,662.335,10509400,,,
2019-02-27,664.5,665,660.835,660.835,9250000,,,
2019-02-28,664.165,664.165,657,657,9791200,,,
2019-03-01,660.165,662.5,657.5,661.835,7683600,,,
2019-03-04,666.665,667.335,660.835,662.5,6215000,,,
2019-03-05,657.835,663.165,657,663,7711000,,,
2019-03-06,661.5,662.5,657.835,660.165,6837000,,,
2019-03-07,647.165,650,645.335,648.5,13429400,,,
2019-03-08,641.835,644,636.165,638.335,18715200,,,
2019-03-11,639.835,645.5,637.835,642.5,8697800,,,
2019-03-12,646.665,655.665,645.835,651,10515600,,,
2019-03-13,645.335,650.835,645.165,649.165,9845000,,,
2019-03-14,653.5,660.5,652.665,653.335,10910200,,,
2019-03-15,660.5,663.335,658.335,661.335,12987800,,,
2019-03-18,662.5,664.665,659.165,664.665,9264200,,,
2019-03-19,665.165,672.5,663.665,671.335,11776800,,,
2019-03-20,663,674.165,663,673.665,11963400,,,
2019-03-22,668,675.665,663.335,669.165,17419200,,,
2019-03-25,658.335,659.165,647.835,652.5,17965600,,,
2019-03-26,655.5,668,652,667.5,18580400,,,
2019-03-27,650.165,653.335,647.335,651.665,11596200,,,
2019-03-28,646.5,648.5,641,647.5,10560000,,,
2019-03-29,652.665,654,645.665,646,7458000,,,
2019-04-01,654.665,662.665,652.835,656.165,12975200,,,
2019-04-02,669.165,669.665,660.165,666,11470200,,,
2019-04-03,672.5,672.835,666.835,670.165,11808600,,,
2019-04-04,667.835,672.335,667.665,670,7110200,,,
2019-04-05,667.835,675.335,667.665,674,8040400,,,
2019-04-08,672.5,673.5,663.835,667.335,8164200,,,
2019-04-09,665.165,666.335,660.665,664.5,6926600,,,
2019-04-10,656.665,660.335,655.5,659.165,6357200,,,
2019-04-11,649.665,651.5,644,648.835,14952400,,,
2019-04-12,655.335,656.5,652.165,653.835,10364600,,,
2019-04-15,670,671.335,664,666,13979400,,,
2019-04-16,661.665,666.165,660.665,664.835,6983400,,,
2019-04-17,669.835,681,668,675.5,16283000,,,
2019-04-18,686.5,694.5,676.165,679.665,15902400,,,
2019-04-19,679.5,680.5,672.335,676.835,5909800,,,
2019-04-22,670.335,676.835,668.665,676.835,6266600,,,
2019-04-23,673.335,677.335,673.335,675.665,5858200,,,
2019-04-24,673.335,675,666.165,667.835,10133400,,,
2019-04-25,666,673.165,663.335,671.665,9073000,,,
2019-04-26,665.835,671,663.5,670.165,6940600,,,
2019-05-07,673.5,675,665.335,670,12614200,,,
2019-05-08,658.665,662.165,657,661.165,10559000,,,
2019-05-09,652.165,653.335,647.335,649.665,11465800,,,
2019-05-10,646,651.165,642,646.665,11379000,,,
2019-05-13,636.335,641,633.165,640.335,8864600,,,
2019-05-14,625,635.835,623.5,635.835,10987800,,,
2019-05-15,633.335,639.5,631,638.835,9083000,,,
2019-05-16,643.335,643.5,631.335,635.165,13496200,,,
2019-05-17,638.165,643.335,634.5,638.335,12192000,,,
2019-05-20,641.335,648.835,640.835,644,9074200,,,
2019-05-21,638.335,642.665,635.165,641.5,8677400,,,
2019-05-22,643.335,647.835,638.335,641.165,7930000,,,
2019-05-23,634.835,638,632.5,636.665,8814200,,,
2019-05-24,630.335,636.835,629,635.835,8200000,,,
2019-05-27,635.835,640.5,634.835,639.665,4642600,,,
2019-05-28,638.835,645.335,638.5,644.335,10295800,,,
2019-05-29,635.335,637.835,631.665,636.5,11359000,,,
2019-05-30,634.335,639.5,633.835,639,6688000,,,
2019-05-31,633.665,636.165,630,630.5,11526400,,,
2019-06-03,619,624.335,618,623.335,11774400,,,
2019-06-04,618.335,624.165,617,623.165,11115200,,,
2019-06-05,631.5,638.5,631.5,633.335,10914200,,,
2019-06-06,630.835,633,629.665,630.835,6569800,,,
2019-06-07,630.335,632.835,627.835,632,5944200,,,
2019-06-10,632,633.5,627.335,630.5,9036000,,,
2019-06-11,632.335,640.665,631.5,637.835,9001000,,,
2019-06-12,633.665,637,632.665,634.5,6714000,,,
2019-06-13,629,630.335,623.5,628.5,11377600,,,
2019-06-14,628.5,631.665,624.665,629.335,10338800,,,
2019-06-17,624.665,630,623,627.665,7024600,,,
2019-06-18,627.665,632.5,625.165,626.835,6997400,,,
2019-06-19,632.5,636.335,630.835,633.335,10091200,,,
2019-06-20,630,633.665,628.835,629.165,8808400,,,
2019-06-21,625.335,627.165,622.835,625.665,12493400,,,
2019-06-24,622.835,628,622.5,626.5,5293600,,,
2019-06-25,624.835,629.665,624.335,625.335,5470800,,,
2019-06-26,626.335,627.5,623.665,626.165,5758600,,,
2019-06-27,630.665,635.5,629.665,634,7904400,,,
2019-06-28,637.835,640,631.165,634.335,8198200,,,
2019-07-01,645.835,646.165,638.335,640.5,9297600,,,
2019-07-02,641.5,644.5,639.665,643,7417800,,,
2019-07-03,636.835,637.5,632,637.335,8960600,,,
2019-07-04,636.335,641,635.5,639.665,5297000,,,
2019-07-05,638.835,642.165,638.835,640.5,4543000,,,
2019-07-08,644,645.5,639.335,640,6182000,,,
2019-07-09,641.835,643.5,636.835,638.335,7309400,,,
2019-07-10,638.335,640.835,635.665,639.835,8041600,,,
2019-07-11,638.335,639.5,636.335,638,6532800,,,
2019-07-12,641.335,641.835,636.165,640,5889200,,,
2019-07-16,638,639.835,636.5,637.335,6621800,,,
2019-07-17,637.5,642.665,636.335,639.5,6370400,,,
2019-07-18,633.5,633.835,628.165,630.665,11833000,,,
2019-07-19,632.335,641.165,631,638.165,9304600,,,
2019-07-22,638.665,643.665,638.5,640.665,7586800,,,
2019-07-23,638.335,642.835,636.335,641.335,5986000,,,
2019-07-24,646.665,647.165,638.835,639.665,6120000,,,
2019-07-25,640.5,641.835,638.665,640.835,4475400,,,
2019-07-26,638.165,640.5,636,640.5,6001200,,,
2019-07-29,641.835,642.835,638,639.5,5285000,,,
2019-07-30,639.5,643.5,638,640.665,5853200,,,
2019-07-31,632.665,636.5,630.5,634.5,9686800,,,
2019-08-01,634.5,640.335,634.165,636.665,8509200,,,
2019-08-02,626.165,626.835,621,623.335,16323800,,,
2019-08-05,616.835,617.5,608.835,614.165,14438000,,,
2019-08-06,596.665,611.835,593.665,611.165,14983600,,,
2019-08-07,610.5,612.665,607,611.835,10249400,,,
2019-08-08,608,611.165,606.835,608.335,9301000,,,
2019-08-09,607.335,608,601.665,604.165,10543400,,,
2019-08-13,592.5,594.5,589,589.165,16821400,,,
2019-08-14,585,587.665,582.835,585.335,14842000,,,
2019-08-15,573.665,579,570.665,577.835,11909800,,,
2019-08-16,573.335,576.165,569.835,575,10116200,,,
2019-08-19,578.665,582.665,578,579.835,6163600,,,
2019-08-20,583.335,584.835,580.835,582.5,5950600,,,
2019-08-21,574,577,573,576.665,8600400,,,
2019-08-22,576.335,577,574.5,576.335,5635000,,,
2019-08-23,574.665,579.835,574.665,578.335,6673400,,,
2019-08-26,565.835,571.835,563.335,570.335,10377600,,,
2019-08-27,577,577.665,571.335,572.5,7338600,,,
2019-08-28,569.835,572.335,569,571.165,6483600,,,
2019-08-29,570.5,573.5,570.5,571.5,8263600,,,
2019-08-30,577.165,581.665,575.835,580.665,10596200,,,
2019-09-02,575.665,580.165,575,579.165,5043600,,,
2019-09-03,578.665,582.165,578.165,579.665,4233800,,,
2019-09-04,575.835,579,574.165,577.5,7275200,,,
2019-09-05,579.5,588.5,579.165,585.165,9950400,,,
2019-09-06,591.335,595,587.665,587.665,10127600,,,
2019-09-09,587,590,587,589.665,7306200,,,
2019-09-10,600.835,609.5,599.5,609.5,20698800,,,
2019-09-11,632.835,633.165,624.665,628.665,23353600,,,
2019-09-12,631.835,631.835,619,628.165,13431400,,,
2019-09-13,628.165,629,620.665,628.5,16961400,,,
2019-09-17,624.5,637.165,623.665,634.335,11561600,,,
2019-09-18,625,630.335,624.835,630.165,7990000,,,
2019-09-19,635.165,638.165,630.665,631,10927800,,,
2019-09-20,629.835,633.5,628.665,633.5,11581600,,,
2019-09-24,633.335,635.165,631,631.5,7805000,,,
2019-09-25,628.835,634.835,627,633.835,10014800,,,
2019-09-26,639.665,640.665,636.335,637.835,13428600,,,
2019-09-27,624.665,626.165,617.665,622.165,11782200,,,
2019-09-30,618.5,620.5,612.665,615.835,10097200,,,
2019-10-01,619.665,623.665,618.665,620.665,9402600,,,
2019-10-02,611.665,617.835,610,617.665,8304000,,,
2019-10-03,605,611.335,602.5,611.335,11509800,,,
2019-10-04,606.665,608,604.5,607.835,7369600,,,
2019-10-07,607.5,608.665,601.335,602.835,7726000,,,
2019-10-08,606,607.335,603.165,604.665,5592800,,,
2019-10-09,597.665,602.5,597.665,602.335,7652200,,,
2019-10-10,596.665,603,595.665,602.5,7569000,,,
2019-10-11,609.5,612,607.335,608.5,7668400,,,
2019-10-15,620,622.5,618.165,620.165,11832800,,,
2019-10-16,630,632.335,623,626.835,12032200,,,
2019-10-17,626.5,627.335,622.335,623.665,6361000,,,
2019-10-18,625.5,629.165,622.5,623.665,6818000,,,
2019-10-21,625,627.5,623.335,626.5,5044800,,,
2019-10-23,622.665,630.835,621.665,630.165,9235400,,,
2019-10-24,634.665,641,634.165,639.335,12840800,,,
2019-10-25,639.165,641.335,636,639.5,6756600,,,
2019-10-28,641.665,644,641,641.665,5819400,,,
2019-10-29,647.165,655,647.165,653.5,14620000,,,
2019-10-30,649,651.665,646.165,651.665,9263200,,,
2019-10-31,645.835,649.335,640.165,646.665,10290000,,,
2019-11-01,636.665,644.165,636,643.5,6986600,,,
2019-11-05,653.165,656.5,647.165,656.5,14759800,,,
2019-11-06,664.665,664.835,657.835,659.5,9565800,,,
2019-11-07,656.665,660.5,656.335,660,6550800,,,
2019-11-08,670.835,675.165,665.5,669.165,15165600,,,
2019-11-11,672.165,673.335,667.335,669.665,6968200,,,
2019-11-12,668.335,672.835,664.335,672.835,7894400,,,
2019-11-13,671.165,672.165,667.665,670.665,8676800,,,
2019-11-14,665.165,672.665,662,662.665,10153600,,,
2019-11-15,655.665,665.835,655.5,664.5,9024200,,,
2019-11-18,664.335,666.835,661.835,665.335,5356200,,,
2019-11-19,668.165,670.5,664.835,669.165,6761200,,,
2019-11-20,666.5,668.335,658.835,661.165,10543200,,,
2019-11-21,660.5,664,652.335,661.5,10534400,,,
2019-11-22,659.5,664,659,660.5,8378600,,,
2019-11-25,666.665,669.665,664.665,667,7812800,,,
2019-11-26,667.5,670.665,666.835,668.665,12019000,,,
2019-11-27,666.835,670,666.165,669.665,5257400,,,
2019-11-28,670,672.165,667.165,668.5,5038000,,,
2019-11-29,668.5,669.335,664,664.835,6184600,,,
2019-12-02,667.5,671,667.165,668,5744200,,,
2019-12-03,664,667.335,662.5,667,7446400,,,
2019-12-04,660,665,659,664.335,7522800,,,
2019-12-05,666.665,668.335,663.835,664.665,6303600,,,
2019-12-06,664.835,666.835,663.5,665.665,6237800,,,
2019-12-09,670.335,671,667.335,669.165,7680000,,,
2019-12-10,670,670.835,667,668.165,6807200,,,
2019-12-11,665.835,666.335,659.165,662.335,10883000,,,
2019-12-12,663.335,664.5,658.335,659.835,8229400,,,
2019-12-13,671.5,679.5,668.665,676,29281000,,,
2019-12-16,673.835,677.835,673.5,677,8028400,,,
2019-12-17,681.335,689.165,679,689.165,13696800,,,
2019-12-18,689.835,690.835,685.165,685.665,7745000,,,
2019-12-19,687.665,689.335,681.835,684,6849400,,,
2019-12-20,686.665,687,682,683.335,6613400,,,
2019-12-23,681,682,674.835,676.665,6441400,,,
2019-12-24,675.165,676.165,672.335,673.665,3850000,,,
2019-12-25,674.5,674.5,670.165,671.335,3479600,,,
2019-12-26,670.665,674.5,670.5,673.665,4606200,,,
2019-12-27,675.835,679.5,675.665,677.5,4914800,,,
2019-12-30,672.5,674.665,670.665,673,5487400,,,
2020-01-06,663.335,664,657.335,663.165,11334800,,,
2020-01-07,661.5,666.665,661.165,665.165,8096400,,,
2020-01-08,656.5,663.335,653.165,661.165,13325800,,,
2020-01-09,675.665,676,667.665,671.835,10458600,,,
2020-01-10,670.835,673.835,668.665,670.665,6780400,,,
2020-01-14,671.835,672.335,664.835,666.335,8300800,,,
2020-01-15,661.165,663.165,660,661.335,6484600,,,
2020-01-16,658.335,660.165,656.5,656.665,6055600,,,
2020-01-17,658.835,662,656.5,659.665,6560600,,,
2020-01-20,662.335,665.165,662,663,4606600,,,
2020-01-21,661.665,662.335,656.835,658.335,6183200,,,
2020-01-22,656.665,659.835,655.5,659.5,5573200,,,
2020-01-23,656.5,657.665,652,652.165,7465000,,,
2020-01-24,652,652.835,650.835,652.165,6367000,,,
2020-01-27,643,647,640.335,645.165,9140200,,,
2020-01-28,640.835,644.5,639.835,643.665,7718400,,,
2020-01-29,645.835,649,645,647.665,5936200,,,
2020-01-30,645.835,646.335,640.165,641.835,8655000,,,
2020-01-31,649.165,652,646,647.335,10118000,,,
2020-02-03,637.5,647.165,636.665,644.665,7770000,,,
2020-02-04,639.665,650.665,639.665,650.335,7925000,,,
2020-02-05,650.165,654.165,650,650.665,6753400,,,
2020-02-06,661.335,664.5,660,660.835,10946200,,,
2020-02-07,662.165,662.835,657.165,659,5524000,,,
2020-02-10,653.335,661.335,653.165,658.165,5462400,,,
2020-02-12,660,660.5,651.165,654.665,8106200,,,
2020-02-13,653,654.335,648.335,648.665,8971600,,,
2020-02-14,643.165,645.835,641,644.5,8010200,,,
2020-02-17,638.665,641.835,637.5,640.665,6285600,,,
2020-02-18,636.665,639.5,632,632.835,11380000,,,
2020-02-19,625.835,629.335,624.165,625.165,15693600,,,
2020-02-20,627.5,630.665,624.665,625.165,10582000,,,
2020-02-21,627.165,630.5,625.335,625.665,10328600,,,
2020-02-25,602.335,613,601.165,606.665,23736000,,,
2020-02-26,600,601.835,594,599.665,20226400,,,
2020-02-27,591.665,593.835,585.335,588.5,23333400,,,
2020-02-28,577,584.5,573,580.665,26661000,,,
2020-03-02,569,581.835,565.665,576.165,21870200,,,
2020-03-03,578,578.335,567.165,567.165,23328600,,,
2020-03-04,556.665,559.835,553.165,555.165,21291000,,,
2020-03-05,555,556.665,548.335,551.5,24837600,,,
2020-03-06,531.835,537.335,529.165,529.335,23845600,,,
2020-03-09,506,510.335,479.835,481.915,39317000,,,
2020-03-10,473.585,495.835,459.085,491.25,37766600,,,
2020-03-11,489.25,502.165,485.415,493,22642200,,,
2020-03-12,481.085,481.25,459.335,465.75,31119400,,,
2020-03-13,432.415,458.75,426,440.665,42031400,,,
2020-03-16,432.335,455.415,421,441.915,42576200,,,
2020-03-17,435.085,447.915,427.165,443.585,33759800,,,
2020-03-18,440.915,455.915,435.25,435.25,33846600,,,
2020-03-19,443.585,447.25,425.415,426.665,33859400,,,
2020-03-23,418.335,442.335,417.915,438.915,30183200,,,
2020-03-24,453.25,466,447.835,462.085,20042600,,,
2020-03-25,486,493.335,482.665,491.75,26914800,,,
2020-03-26,480.165,485.5,477.665,480.5,21533600,,,
2020-03-27,488.835,492.415,480,489.165,29002800,,,
2020-03-30,453.335,459,446,458.415,30355800,,,
2020-03-31,454,457.835,434.165,437.165,32432400,,,
2020-04-01,433.335,443.75,428.5,432.585,20333400,,,
2020-04-02,426.5,430.085,420.415,426.415,16818800,,,
2020-04-03,427.085,431.335,420.165,425,14250400,,,
2020-04-06,430,444.335,424.085,438.75,15160400,,,
2020-04-07,456.585,459.585,441.25,454,15205600,,,
2020-04-08,455.335,457.25,440.665,449.335,17850600,,,
2020-04-09,455.5,458.165,447.085,454.5,14325400,,,
2020-04-10,458.585,474.75,457.165,472.75,19927600,,,
2020-04-13,466.665,476.585,462.665,463.585,11685800,,,
2020-04-14,463,473.085,458.835,472.165,11999800,,,
2020-04-15,463.835,468.25,458.415,462.25,13645400,,,
2020-04-16,450.75,452.165,445.335,450,16212400,,,
2020-04-17,453.165,458.915,449.415,450.835,13914600,,,
2020-04-20,452.085,458,451.25,452.335,9300400,,,
2020-04-21,444.335,449.25,443.5,447,10615600,,,
2020-04-22,441.665,443.585,438.665,441.415,12683800,,,
2020-04-23,442.335,455,441.335,454.915,12005800,,,
2020-04-24,450.835,458.25,449.415,453.25,13305800,,,
2020-04-27,451.665,460.165,448.335,459.25,17921000,,,
2020-04-28,464.585,467.835,457.085,461.415,11941400,,,
2020-04-30,475,480.085,473.165,474,18342000,,,
2020-05-01,465.665,466.835,452.415,456.335,15198400,,,
2020-05-07,448.165,452.75,445.5,451.75,11469200,,,
2020-05-08,455.25,463.335,452.585,460.585,8699000,,,
2020-05-11,461.665,471.085,461.415,469.335,10101000,,,
2020-05-12,463.335,465.085,458.585,459.335,10525200,,,
2020-05-13,456.5,466.335,455.5,463.75,14459600,,,
2020-05-14,457.665,460.25,451.835,451.835,10290600,,,
2020-05-15,458.165,458.5,450.665,451.585,13007000,,,
2020-05-18,467,474.585,466.165,467.585,23456400,,,
2020-05-19,483.335,487.75,482.085,486.585,18657800,,,
2020-05-20,483.335,488.835,482.165,483.415,15197200,,,
2020-05-21,486.665,488.585,480.415,482.415,10140600,,,
2020-05-22,483.665,484.085,471.5,472.915,10843000,,,
2020-05-25,480.665,487.5,479.085,485.5,9580800,,,
2020-05-26,491.665,499.085,491.25,497.25,13009600,,,
2020-05-27,509.335,518.665,503.335,512.665,22005000,,,
2020-05-28,530,542.835,524.165,531.665,26248600,,,
2020-05-29,520,531.165,518.665,519.835,20464200,,,
2020-06-01,517.835,521.165,513.5,515.165,10292400,,,
2020-06-02,522,532.835,522,528.165,13612400,,,
2020-06-03,534.5,542.5,525,528.835,17093200,,,
2020-06-04,545.5,545.5,529,533,17145600,,,
2020-06-05,535.335,548.5,535,546.5,18414200,,,
2020-06-08,569.835,573.665,565.335,570.835,24322200,,,
2020-06-09,572.665,576.5,563.5,566.665,15993600,,,
2020-06-10,559,559.665,553.835,554.335,15684000,,,
2020-06-11,537.5,542.665,534.5,535,17950200,,,
2020-06-12,510,526.5,508.835,525.165,20968000,,,
2020-06-15,525,534.665,516.665,517.5,13684400,,,
2020-06-16,535.335,545.165,530.835,541.335,16267400,,,
2020-06-17,539.665,542,530.165,533.665,11679400,,,
2020-06-18,527.665,529.5,520.335,528,11042400,,,
2020-06-19,527.335,527.665,520.665,523.335,16617200,,,
2020-06-22,522.835,524.665,519.165,519.165,6819800,,,
2020-06-23,521.835,525.835,516.165,522.665,9857000,,,
2020-06-24,518.335,521.835,517.165,519,9572000,,,
2020-06-25,510,511,501.665,503.665,16244000,,,
2020-06-26,511.335,516.165,509.335,512.165,10827200,,,
2020-06-29,500.165,505.335,499.25,501.835,11649600,,,
2020-06-30,511.335,513.335,504.835,505.335,10194800,,,
2020-07-01,508.165,508.835,500,501.665,10049600,,,
2020-07-02,503.835,512.835,502.5,508.665,11774600,,,
2020-07-03,512.165,514.665,505.5,510.665,7654200,,,
2020-07-06,510.335,521.165,509.5,519.165,9195800,,,
2020-07-07,522.335,522.335,511,513,10046400,,,
2020-07-08,510,513.5,506,506,9799000,,,
2020-07-09,502.165,507.665,501.835,502.5,9513200,,,
2020-07-10,500,502.165,495.415,496.665,13441400,,,
2020-07-13,508.5,513.165,506.335,511.835,11355000,,,
2020-07-14,505.835,516,505.665,512.835,10238400,,,
2020-07-15,515.165,520.5,513.5,514.5,9811000,,,
2020-07-16,520,528.665,519.335,521,16085600,,,
2020-07-17,523,523.665,512.5,513.665,9282800,,,
2020-07-20,513,514.335,508.665,511,6988400,,,
2020-07-21,510,511.165,503.335,508,10202400,,,
2020-07-22,509.335,513.835,505.165,505.665,9091800,,,
2020-07-27,496.665,504.5,494.665,504.5,10848000,,,
2020-07-28,501.165,505,498.835,498.915,9392800,,,
2020-07-29,498.75,500.5,495.415,496.585,10723200,,,
2020-07-30,494.585,495.165,479.665,480.835,21269400,,,
2020-07-31,475.835,476.665,466.665,466.665,15598600,,,
2020-08-03,475,479.835,471.335,475.75,10211600,,,
2020-08-04,480,485.835,480,484,12510000,,,
2020-08-05,476.665,482,476.5,482,9127600,,,
2020-08-06,482,485.665,481.335,483.25,7011000,,,
2020-08-07,481.415,485.585,481.415,483.665,7861600,,,
2020-08-11,493.5,506.835,491.665,506.835,17446800,,,
2020-08-12,512,520.835,511.5,517.835,15324400,,,
2020-08-13,521.665,522.835,515.335,517.165,12599600,,,
2020-08-14,515,515.165,510,514.165,9806600,,,
2020-08-17,511.5,516.335,510,511.335,7606400,,,
2020-08-18,508.5,508.835,499.25,505.165,9917800,,,
2020-08-19,498.335,506.5,498.335,506.165,7243600,,,
2020-08-20,500,505.5,499.835,502.665,7197600,,,
2020-08-21,506.665,509.165,500.665,501.335,7310000,,,
2020-08-24,504.5,505.165,502.335,503.165,5285800,,,
2020-08-25,514.835,522.5,514.165,516.835,14150200,,,
2020-08-26,513,517.5,510.835,517.5,8314600,,,
2020-08-27,513.335,515.165,506.665,508.665,9838200,,,
2020-08-28,519.665,530.165,514.835,519.665,21656400,,,
2020-08-31,529.5,530,519.5,519.665,14672600,,,
2020-09-01,518.335,522.165,516.5,521.165,10492000,,,
2020-09-02,523.5,524.335,518.835,520,7359200,,,
2020-09-03,527.335,527.5,519.165,520.165,11959400,,,
2020-09-04,516.5,524.5,515.165,523.835,11242200,,,
2020-09-07,529.835,530.5,522.665,523.335,11435400,,,
2020-09-08,524.165,524.665,515.835,520.165,15614800,,,
2020-09-09,511.665,511.665,505.335,507,19817600,,,
2020-09-10,509,515,505.835,515,12761400,,,
2020-09-11,506.835,515.665,506.835,514.5,13938400,,,
2020-09-14,514.835,519.835,512.5,518.835,11108600,,,
2020-09-15,520.5,522.335,516.835,520.5,10797200,,,
2020-09-16,518.335,518.335,514.5,515.665,11040600,,,
2020-09-17,520,521.5,515.665,515.665,10313600,,,
2020-09-18,515,518,511.835,516.335,17133800,,,
2020-09-23,511.165,514,506.165,512.335,18229800,,,
2020-09-24,509.335,513,508,512.335,13660000,,,
2020-09-25,513.665,516.665,513.165,515.835,13457600,,,
2020-09-28,515,518.665,512.665,518.335,25577000,,,
2020-09-29,505.165,508.665,503.5,504.165,17041800,,,
2020-09-30,499.75,500.335,486.085,486.25,22168200,,,
2020-10-01,#VALUE!,#VALUE!,#VALUE!,#VALUE!,0,,,
2020-10-02,494.665,496.085,487.75,490.25,14899800,,,
2020-10-05,496.25,502.835,495.835,499.585,12112600,,,
2020-10-06,503.165,505.665,499.915,502.835,10730400,,,
2020-10-07,499.165,503.835,496.335,503.335,8499600,,,
2020-10-08,503.335,504.5,500.665,502.165,10273600,,,
2020-10-09,502,502,497.835,499.835,8649000,,,
2020-10-12,498.835,499.835,496,499.585,6992400,,,
2020-10-13,501.665,503.335,499.085,503.165,7312000,,,
2020-10-14,498.085,498.585,493.335,494.75,12841400,,,
2020-10-15,491.915,495.25,490.415,492.835,7416400,,,
2020-10-16,496,496.165,492.085,492.085,6276400,,,
2020-10-19,492,496.415,492,495.75,7739000,,,
2020-10-20,493.75,494.085,489.415,490.835,8517800,,,
2020-10-21,494.915,499.25,493.085,499.25,10217200,,,
2020-10-22,493.835,498.335,493.835,494.415,6809400,,,
2020-10-23,500,501.835,494.5,500.335,9316800,,,
2020-10-26,498.75,499.335,495,496.75,7786000,,,
2020-10-27,493.335,493.335,489.75,491.75,10071000,,,
2020-10-28,485,486.335,480.335,481.415,14894800,,,
2020-10-29,475.75,485.25,475.415,481.915,10963000,,,
2020-10-30,482.665,485.415,479.835,480.165,12932600,,,
2020-11-02,485.085,495.165,485,494.085,15331000,,,
2020-11-04,502.335,503.665,494.25,494.25,14746800,,,
2020-11-05,487.585,488.835,481.835,486.915,18023000,,,
2020-11-06,484.665,493.75,484.585,492.835,12072400,,,
2020-11-09,491.165,494.165,488.665,492.665,10067000,,,
2020-11-10,507.5,518.165,504.835,514.165,37259600,,,
2020-11-11,523.835,527.5,522.5,527.5,25384800,,,
2020-11-12,526.165,527.165,520,523.335,14404800,,,
2020-11-13,519.165,521.835,510.665,511.835,14058600,,,
2020-11-16,519.165,528.5,519,526.335,19208800,,,
2020-11-17,533.335,539,529.835,537.665,21254800,,,
2020-11-18,537.835,538.165,525.165,526.5,16903600,,,
2020-11-19,526.165,530.5,523.335,529,13709000,,,
2020-11-20,525,526.5,521.335,525.5,11102000,,,
2020-11-24,538,538.835,531,534,14251000,,,
2020-11-25,542.165,546.835,532.165,534,19013600,,,
2020-11-26,530.835,534.835,528.335,531.835,12419400,,,
2020-11-27,527.835,530,523.335,524.165,19425600,,,
2020-11-30,523.335,524.165,505,505.335,24176200,,,
2020-12-01,502.335,511.665,502.335,509.5,12825400,,,
2020-12-02,516.665,525.5,512.165,523,20968200,,,
2020-12-03,526.335,527.335,516.835,517.165,16142800,,,
2020-12-04,511.165,519.5,510.335,518.335,8440400,,,
2020-12-07,516,517.835,512.665,513.665,10927600,,,
2020-12-08,514.165,515.5,512.665,513.5,9783000,,,
2020-12-09,512.165,514.665,511.835,513,8356400,,,
2020-12-10,515.335,517.335,511.165,511.165,8992600,,,
2020-12-11,511,517.835,511,516.835,10859000,,,
2020-12-14,519,527.335,518.335,525.165,14194800,,,
2020-12-15,524.335,524.835,518.835,520.5,10513200,,,
2020-12-16,523.835,526.5,521.835,522,9309200,,,
2020-12-17,524.165,525.665,518.5,518.5,8297800,,,
2020-12-18,520.835,525.665,519.665,525.5,13614400,,,
2020-12-21,533.335,538.665,528.335,530.165,15548200,,,
2020-12-22,528.335,529.665,521,521.665,11427400,,,
2020-12-23,519.5,520.835,511.165,513.835,14442600,,,
2020-12-24,521.165,527.165,521.165,524.5,12036200,,,
2020-12-25,521.165,526.165,520.5,525.665,5525400,,,
2020-12-28,526.165,530.335,525,530.335,8940400,,,
2020-12-29,533.335,536.665,532.5,535.165,10147400,,,
2020-12-30,533.165,535.335,530.335,531.335,7852400,,,
2021-01-04,532.165,533.165,522.335,526.5,9848200,,,
2021-01-05,526.5,529.165,525,527.835,7928800,,,
2021-01-06,529.165,551.165,527.665,549.165,22181000,,,
2021-01-07,570,583.835,569.165,579.165,40235600,,,
2021-01-08,588.335,589.165,576,581,18873000,,,
2021-01-12,578.665,585.5,576.835,580,14989200,,,
2021-01-13,580,586.5,578.835,584.335,11329400,,,
2021-01-14,581.835,597,581.335,590.665,16766000,,,
2021-01-15,600.165,600.835,586.5,587.335,11405600,,,
2021-01-18,576.665,580.165,571.335,573.335,12356600,,,
2021-01-19,575.835,579.835,573,573.665,10442400,,,
2021-01-20,574,577.165,560.5,563.835,14464000,,,
2021-01-21,563.335,568.665,559.835,560.335,10459400,,,
2021-01-22,556.665,559.335,553.165,556.5,10457800,,,
2021-01-25,558,558,550.5,552.665,8828600,,,
2021-01-26,550,550.835,546.5,548.335,9115600,,,
2021-01-27,551,551.665,544.5,546.335,10133200,,,
2021-01-28,535,549.665,534.165,548,16395400,,,
2021-01-29,548.665,551,540.5,540.835,15952000,,,
2021-02-01,541.165,552.5,540.835,552.5,10061400,,,
2021-02-02,550.5,554.5,548.5,549.35,32461800,17869702500,0,0
2021-02-03,557,566.15,553,563.65,50079600,27999703600,0,0
2021-02-04,563.35,567.85,558,558.65,47556600,26720352100,0,0
2021-02-05,565.85,572.15,560.15,572.15,49876800,28294061200,0,0
2021-02-08,580.65,595,580,595,68050800,40171352700,0,0
2021-02-09,597,601.35,584.15,587.15,55362600,32760581700,0,0
2021-02-10,586.35,594.15,582.15,589.85,39161400,23079357700,0,0
2021-02-12,592.35,600.5,588.35,600.15,46926600,27947877300,0,0
2021-02-15,611,621.35,610.65,614.65,45777600,28166480700,0,0
2021-02-16,620.85,643.5,619.15,631.85,76890600,48648081700,0,0
2021-02-17,639.15,640.35,628,636,45543600,28947530100,0,0
2021-02-18,636,637.15,621.5,622.15,46938600,29433289800,0,0
2021-02-19,616.15,626.35,615,620.5,33394800,20735541300,0,0
2021-02-22,632.15,636.15,626.15,627.15,41019600,25885023900,0,0
2021-02-24,640.35,642.5,627,627.5,55207200,34970298700,0,0
2021-02-25,638.35,638.5,632.85,635.15,38928000,24743435400,0,0
2021-02-26,628.5,634.65,622.15,623.65,62677800,39389578000,0,0
2021-03-01,625.5,635.5,625,631.65,39585000,24962905400,0,0
2021-03-02,636.5,637.65,623,627.85,40605600,25532162000,0,0
2021-03-03,629.85,633.85,625.15,633.85,29657400,18667777100,0,0
2021-03-04,638.35,639.35,626.85,635.35,44643000,28289062400,0,0
2021-03-05,635.5,639.15,632.85,638.5,47501400,30210733200,0,0
2021-03-08,650,660.65,645.85,652.15,69062400,45110650500,0,0
2021-03-09,663.85,666.65,658.15,666,59383200,39359216500,0,0
2021-03-10,658.35,661.5,655.5,660.35,46185000,30423274500,0,0
2021-03-11,663.15,671.35,662.15,664.15,59122800,39322097700,0,0
2021-03-12,666.65,666.85,659,666,49253400,32730336500,0,0
2021-03-15,675,690,673.15,689.65,71001600,48547542900,0,0
2021-03-16,688.5,692.15,677.65,680.65,65256600,44621231400,0,0
2021-03-17,675,682,674,682,36293400,24654412600,0,0
2021-03-18,685.85,711.65,685.15,710,85674600,60037495000,0,0
2021-03-19,714.85,725.65,707.5,723.85,102897000,74073762700,0,0
2021-03-22,717.35,724,712.85,717,57712800,41452410500,0,0
2021-03-23,714.85,718.15,698.5,700.5,56571600,39924607300,0,0
2021-03-24,679.15,685.85,668.5,672.65,78392400,53000027000,0,0
2021-03-25,680,693.65,678.35,690.15,45657600,31440267300,0,0
2021-03-26,704,707.85,697.35,702.5,48318000,33908709200,0,0
2021-03-29,706.5,708,690.85,695,79330800,55504009800,0,0
2021-03-30,675.85,690.85,672.5,688.35,57662400,39342724200,0,0
2021-03-31,679.65,680.65,667.85,667.85,48019200,32272205100,0,0
2021-04-01,670.65,675.85,658,660.65,46374600,30801726500,0,0
2021-04-02,662.35,666.35,651.15,654.5,35366400,23235572100,0,0
2021-04-05,658.35,676.35,658.35,675.5,41197200,27586105500,0,0
2021-04-06,675,675.5,654.85,660.35,42642600,28304012600,0,0
2021-04-07,661.5,667,656.5,663,29836200,19738814200,0,0
2021-04-08,658,658.5,645.15,647.5,46684200,30347529400,0,0
2021-04-09,645,651.65,643.85,645.5,33964800,21988500100,0,0
2021-04-12,650.85,653.35,645.5,647.35,26011200,16875689600,0,0
2021-04-13,648,653.85,646.85,646.85,25989600,16887606900,0,0
2021-04-14,639.15,644.15,636.35,641.5,28480200,18233106100,0,0
2021-04-15,654.5,662.35,649.85,651.65,26953800,17645228300,0,0
2021-04-16,646.85,649,642.65,647.5,27465000,17746548300,0,0
2021-04-19,645.85,648.5,642.85,646,19485000,12577959200,0,0
2021-04-20,645.5,647.15,635.85,637.85,33544200,21439007700,0,0
2021-04-21,625,628,620.65,623.65,42516000,26538457400,0,0
2021-04-22,630.65,632.15,624.85,626.65,23875200,14973881400,0,0
2021-04-23,623.35,628.65,622.5,627,19995000,12503840700,0,0
2021-04-26,632.85,634,625.5,627.85,24841200,15601236500,0,0
2021-04-27,630,636.15,627.65,633.35,31314600,19820233900,0,0
2021-04-28,638.35,642.85,635.35,638.65,26512200,16932907800,0,0
2021-04-30,645.85,645.85,632.65,633.65,30342600,19338103100,0,0
2021-05-06,654.5,662.35,650.85,656,52098000,34195823800,0,0
2021-05-07,661.85,664.65,656.85,658.85,28635600,18907800200,0,0
2021-05-10,656.85,664,654.15,661.65,18522600,12237927200,0,0
2021-05-11,666.65,666.65,651.65,654.35,38523600,25336664300,0,0
2021-05-12,652.85,655.65,645,653,34768800,22621250700,0,0
2021-05-13,651.65,668,651.15,660.85,39439800,26087331600,0,0
2021-05-14,669.65,672,663.15,666.85,33675600,22482886500,0,0
2021-05-17,667.85,672,654.15,659.65,44854800,29587913700,0,0
2021-05-18,666.5,674.85,664,672.5,39469200,26458747600,0,0
2021-05-19,664.35,675.85,663.15,668.85,38440800,25721182000,0,0
2021-05-20,667.35,668,663.65,666.35,24571200,16367268600,0,0
2021-05-21,657.35,665.35,653.5,664,31149600,20606888400,0,0
2021-05-24,666.65,675.65,666.65,671.65,32553600,21861786900,0,0
2021-05-25,668.65,671.5,666.15,671,25079400,16790033500,0,0
2021-05-26,663.35,668.35,662.85,664.65,32342400,21501869700,0,0
2021-05-27,663.35,668,656,659,54744000,36154441300,0,0
2021-05-28,665,672,663.85,671.15,39913200,26687934900,0,0
2021-05-31,664.85,666.35,658.35,658.5,30208200,19975783200,0,0
2021-06-01,660.5,662.85,656.5,662.65,19062600,12586767700,0,0
2021-06-02,666.35,672.5,661.65,670.35,34437000,23037405000,0,0
2021-06-03,669.15,679.15,668.5,679.15,30812400,20823400300,0,0
2021-06-04,680.85,681.5,674.85,678.35,19810800,13423945700,0,0
2021-06-07,675.5,676.15,667.15,668,26249400,17587758500,0,0
2021-06-08,666.85,671.15,665.65,669.15,22593600,15102303700,0,0
2021-06-09,664.35,666,660.15,662,32740800,21696977200,0,0
2021-06-10,656,660.35,653,658.5,30548400,20071945800,0,0
2021-06-11,656.35,657.65,648.35,650.85,53503800,34945877800,0,0
2021-06-14,652.15,653.65,647.15,649.85,22194600,14426567400,0,0
2021-06-15,650.15,655,650.15,653.35,21415200,13986421300,0,0
2021-06-16,652.65,659.15,652.5,654.85,22293600,14623087400,0,0
2021-06-17,668.35,671.85,660,660.35,31131000,20689945700,0,0
2021-06-18,646.65,647.65,642,643.35,53628000,34584524000,0,0
2021-06-21,633,635.65,629.65,632.5,43417800,27453760300,0,0
2021-06-22,644.15,651.85,641,651.5,40122000,25994554700,0,0
2021-06-23,642.15,644.85,639,639.85,34478400,22109697400,0,0
2021-06-24,640.35,646.65,640,644.5,30827400,19848857500,0,0
2021-06-25,647.15,649.5,645,648.85,24771600,16044139900,0,0
2021-06-28,654.15,656,650.5,653.5,19727400,12882805300,0,0
2021-06-29,645,647.35,642.15,642.35,35250000,22698806100,0,0
2021-06-30,642.85,643.5,638.35,638.35,32112600,20574230300,0,0
2021-07-01,641.35,642.65,637.85,639.85,25022400,16012893100,0,0
2021-07-02,642.85,647.65,642,647.5,23883600,15417069300,0,0
2021-07-05,640,643.15,639.35,640.85,20509800,13144125200,0,0
2021-07-06,643.5,646.85,641.65,645.5,15178800,9788202200,0,0
2021-07-07,632.5,637.5,630.85,633.65,42917400,27217820100,0,0
2021-07-08,629.35,632.85,624.65,624.85,55235400,34699514600,0,0
2021-07-09,617.5,622.65,612.85,619.35,65513400,40451817400,0,0
2021-07-12,630.15,631.35,627,628.15,33432000,21027036600,0,0
2021-07-13,632.5,635.85,631.35,635.5,26786400,16993768100,0,0
2021-07-14,629.5,633.15,628.85,630,27677400,17465553100,0,0
2021-07-15,626.65,629.5,623.5,624.65,32310600,20218172100,0,0
2021-07-16,624.5,630.35,623.35,627.35,25694400,16133538200,0,0
2021-07-19,620.5,621.15,615.85,618.65,32284800,19971541800,0,0
2021-07-20,609.65,614,606.85,612,40547400,24769908400,0,0
2021-07-21,619,622.85,612.85,612.85,27123600,16736069100,0,0
2021-07-26,619.15,621.35,614.5,615.5,25492200,15731960200,0,0
2021-07-27,616.65,624,616.65,623,26167200,16267123900,0,0
2021-07-28,618.65,622.85,618.15,620.35,25222200,15659464800,0,0
2021-07-29,621.35,624,618.15,620,23395800,14523604700,0,0
2021-07-30,619.15,621.35,615.85,615.85,32023200,19797093900,0,0
2021-08-02,620.85,625,616.85,624.65,32004000,19884589700,0,0
2021-08-03,617,619.35,611.85,618,41762400,25718084700,0,0
2021-08-04,618.65,620,616.35,616.35,21639600,13369762000,0,0
2021-08-05,616,619.15,615.85,619.15,15374400,9498551700,0,0
2021-08-06,619,624.35,618.85,623.35,19566600,12174279100,0,0
2021-08-10,627.85,634.65,626.15,628.15,29173200,18372561500,0,0
2021-08-11,636.65,649.5,636,646,52674600,33910290500,0,0
2021-08-12,655.5,656.85,646.5,648.15,41872200,27262127000,0,0
2021-08-13,649.35,649.85,643.85,645.5,19983600,12916130700,0,0
2021-08-16,638.65,639.5,631.65,635.65,30829200,19578409700,0,0
2021-08-17,636.85,638.15,630.15,631.15,29127000,18454976500,0,0
2021-08-18,630,635.65,628.85,633.35,27201000,17215396700,0,0
2021-08-19,630.35,632.85,627.35,627.35,28838400,18179358200,0,0
2021-08-20,627,629.85,620.35,621.65,37011000,23068236900,0,0
2021-08-23,620.35,627.15,620.35,625.65,23839800,14896944300,0,0
2021-08-24,624.65,627.85,623.5,627.85,19182000,12019069000,0,0
2021-08-25,629.85,632.5,626.65,626.85,17124600,10770857200,0,0
2021-08-26,633.5,633.85,630,633.35,24656400,15594690200,0,0
2021-08-27,630.35,632.15,628.65,629.85,21933000,13814933200,0,0
2021-08-30,631.35,633.5,629.65,632.15,21744600,13729460800,0,0
2021-08-31,630,637.35,627.65,633.5,40428600,25574871100,0,0
2021-09-01,634.5,642.85,634.5,642.85,35530200,22728835700,0,0
2021-09-02,639.15,642.5,636.15,637.15,28096200,17922264100,0,0
2021-09-03,637.35,646.65,636.65,645,35688600,22942084000,0,0
2021-09-06,651.65,654.15,649.15,649.35,34131600,22213680300,0,0
2021-09-07,653.35,656.5,650,654.85,41199600,26956205100,0,0
2021-09-08,653.5,663.85,652.85,663.15,53297400,35160947400,0,0
2021-09-09,658.35,661,654.15,654.5,38770200,25454059700,0,0
2021-09-10,653.15,664.65,653,664,56031000,36981823400,0,0
2021-09-13,660.85,668.85,659.85,668.35,41851800,27870350500,0,0
2021-09-14,671.5,677,670.65,676.65,48445200,32683177400,0,0
2021-09-15,670.85,671.5,664,665.35,60900000,40607818500,0,0
2021-09-16,666.85,668.15,657.5,659.65,46523400,30794383300,0,0
2021-09-17,662.35,663.65,658.5,661.85,47157000,31197183100,0,0
2021-09-21,648.5,657.15,648,654.85,47835600,31270551200,0,0
2021-09-22,653,656.35,648.35,648.35,47300400,30805707800,0,0
2021-09-24,668.15,670.65,664.5,670,72287400,48293412600,0,0
2021-09-27,679.15,686.5,678.15,686,74189400,50690603700,0,0
2021-09-28,691.65,698.35,686.85,697.5,88525800,61384980900,0,0
2021-09-29,678.5,680.65,664.65,670.5,80353200,54056641300,0,0
2021-09-30,663.35,670.35,657,657.35,56219400,37192549700,0,0
2021-10-01,645.85,650.5,636.85,638.65,69603600,44658100200,0,0
2021-10-04,645.15,646.65,632.35,633.35,48072600,30602359800,0,0
2021-10-05,635.85,641.65,632.35,641.5,49897800,31808375600,0,0
2021-10-06,647.65,658.85,644.15,656.65,61699800,40205903800,0,0
2021-10-07,651.65,654.85,644.65,650.65,37920000,24661867700,0,0
2021-10-08,654.15,655.15,646.15,646.35,34812600,22613577900,0,0
2021-10-11,650.35,658.35,649.65,658.15,44184000,28962533300,0,0
2021-10-12,658.35,663,655.5,656.65,48322200,31825808500,0,0
2021-10-13,652.5,653.35,643.85,643.85,43993800,28476078200,0,0
2021-10-14,636.65,638.85,632.15,634.15,56850000,36080553100,0,0
2021-10-15,637.5,644.5,634.85,644.5,37832400,24239279400,0,0
2021-10-18,648,651,646,649.85,29806200,19330733200,0,0
2021-10-19,646.85,649.85,644.15,645.35,27509400,17779074000,0,0
2021-10-20,651.5,657.65,649.85,652.5,47608800,31075772400,0,0
2021-10-21,654.85,655,645.35,645.35,31096200,20215786800,0,0
2021-10-22,645.5,648.35,642.85,644.15,33632400,21705842200,0,0
2021-10-25,640.65,645,637.5,637.5,39983400,25609449900,0,0
2021-10-26,636.85,639,634.35,634.85,37423200,23809780900,0,0
2021-10-27,635,635.65,630.65,633.5,40820400,25848428500,0,0
2021-10-28,625.85,632.65,622.65,625.85,57006600,35739676100,0,0
2021-10-29,625,626.85,617.15,620.15,54585000,33901888800,0,0
2021-11-01,626.35,637.5,626,637.5,41769000,26423549500,0,0
2021-11-02,635.5,638.85,633.15,634.65,30915600,19626638500,0,0
2021-11-04,643.35,644.15,640,642.85,34855800,22396699700,0,0
2021-11-05,634,637.35,632.5,636.85,36104400,22937939600,0,0
2021-11-08,639,644.35,638.35,641.5,24852600,15944649000,0,0
2021-11-09,644.65,645.35,632.85,632.85,22515000,14368041800,0,0
2021-11-10,633.35,636.65,631.65,631.65,22140000,14022243500,0,0
2021-11-11,636.35,639.85,633.85,638,20802000,13257767500,0,0
2021-11-12,640,644.65,639,644,28653600,18411812000,0,0
2021-11-15,662.85,663.15,655,657.15,59688600,39328608700,0,0
2021-11-16,659.65,661.15,649.35,650.5,37758000,24685885900,0,0
2021-11-17,648.65,652.5,647.15,651.35,27053400,17604574900,0,0
2021-11-18,648.65,651,643.65,650,36231000,23469875100,0,0
2021-11-19,648.35,651.5,645.85,647.85,39379200,25536950600,0,0
2021-11-22,641.65,642.15,637.15,637.5,34704600,22190611500,0,0
2021-11-24,647.15,656.85,646.5,650.65,49423800,32203345100,0,0
2021-11-25,649,659.15,649,658.65,30465000,20000245200,0,0
2021-11-26,652.5,653,643.85,646.35,39004200,25239022100,0,0
2021-11-29,634.35,637,629.5,630.15,59796000,37802983200,0,0
2021-11-30,634.15,637,617.15,617.15,78656400,49123157300,0,0
2021-12-01,618.15,623.85,617,622.35,48936600,30377837200,0,0
2021-12-02,618.35,627.35,617.85,627.15,36622800,22839661200,0,0
2021-12-03,627.5,640.5,627.15,640.5,40020600,25462757200,0,0
2021-12-06,636.65,641.65,635.15,640,25974000,16597210500,0,0
2021-12-07,643.35,652.5,640.35,652.5,41475600,26861050700,0,0
2021-12-08,652.85,658.85,649.85,650.85,45928200,30045220900,0,0
2021-12-09,645.65,650,645.65,648.15,25189800,16330510100,0,0
2021-12-10,653.85,654.65,643.85,644,38239200,24802914300,0,0
2021-12-13,650,651.35,645.35,646.35,29911800,19397039500,0,0
2021-12-14,645,649.15,643.5,648.85,26062800,16856242400,0,0
2021-12-15,648.85,653.85,648.5,653.35,24831600,16194963600,0,0
2021-12-16,657.5,659.15,654.15,658,28748400,18887565400,0,0
2021-12-17,658.35,662.5,654,655,44025600,28934230400,0,0
2021-12-20,647,648.5,635.35,635.35,41566800,26615057400,0,0
2021-12-21,640.5,646,638.5,643.65,28686600,18438454700,0,0
2021-12-22,646.5,647.35,643.65,644.85,15025200,9691310200,0,0
2021-12-23,645.15,650.65,645,650.65,19689600,12777188300,0,0
2021-12-24,651.15,654.65,650.15,651.15,15303000,9970762500,0,0
2021-12-27,651.65,656.5,651.65,654.15,24371400,15944697000,0,0
2021-12-28,656.5,657.65,653.65,657.65,18733800,12289269400,0,0
2021-12-29,658,660.65,656,657.5,19087800,12552888500,0,0
2021-12-30,656.65,659,655.35,657.15,16735800,11005819500,0,0
2022-01-04,664.15,672.5,662,672.5,51382200,34367784600,0,0
2022-01-05,677.65,686.35,677.15,682.5,46485600,31694673400,0,0
2022-01-06,686,689,677.65,680.85,39961800,27285613800,0,0
2022-01-07,684.65,695.65,683,691.65,60260400,41603506800,0,0
2022-01-11,699.5,709.15,691,709.15,68788800,48335151100,0,0
2022-01-12,709.35,713.35,702.65,713.35,58130400,41252231100,0,0
2022-01-13,712.65,720,709.85,717.35,46513200,33333026700,0,0
2022-01-14,713.5,717.65,709,717,48414600,34603170200,0,0
2022-01-17,716.65,725,716.65,718.15,36751200,26463874600,0,0
2022-01-18,720.15,727.85,694,704.35,65854200,46772360700,0,0
2022-01-19,694.15,700.65,690.15,693.5,53263800,37004151900,0,0
2022-01-20,692.5,701.35,687.5,693,45694200,31717941900,0,0
2022-01-21,687.15,688.85,675.15,686,40233600,27488277800,0,0
2022-01-24,685.15,697.5,685,694.85,31893000,22082289500,0,0
2022-01-25,685,688.35,679.65,683.15,49045800,33525201800,0,0
2022-01-26,690.15,696.35,688.35,690.35,32806800,22705488200,0,0
2022-01-27,700,703.15,684,687,55087200,38118458200,0,0
2022-01-28,694.65,702.15,692.5,701.85,48325200,33738693400,0,0
2022-01-31,690.15,691.15,682.35,685.5,52014000,35720232200,0,0
2022-02-01,685,693.65,682.65,692.35,33132600,22876339500,0,0
2022-02-02,698.35,706.65,697.15,705.35,42115200,29600174900,0,0
2022-02-03,693.65,702.5,693,695.65,40692600,28376977400,0,0
2022-02-04,703.35,705,697.85,702.65,31989000,22444246800,0,0
2022-02-07,707,722.65,705.15,722.65,55947600,40058171000,0,0
2022-02-08,725.65,737.5,724.5,734.65,58576800,42847784400,0,0
2022-02-09,743.15,743.5,725.5,729.5,55339800,40690285900,0,0
2022-02-10,726.35,730.65,718,728.15,42380400,30740289800,0,0
2022-02-14,721.5,725.5,716.15,725.5,41534400,29985099000,0,0
2022-02-15,718.65,731.15,716.85,718.35,44106000,31878905400,0,0
2022-02-16,730,732,723.5,729.65,29497800,21491693600,0,0
2022-02-17,728.35,728.85,719,720.15,30355200,21917098700,0,0
2022-02-18,712.15,715.5,707.85,711,31471800,22395606200,0,0
2022-02-21,705.65,714.85,705.5,712.85,21020400,14956071700,0,0
2022-02-22,706.5,707.35,697.15,703.15,29865600,21004734100,0,0
2022-02-24,708.35,710.85,695,699.15,39526800,27735409600,0,0
2022-02-25,689.15,690.5,683.65,685.65,42479400,29196573500,0,0
2022-02-28,680,689.15,678.35,686.85,45001800,30825084000,0,0
2022-03-01,689,693.15,682.5,682.65,33249000,22833048000,0,0
2022-03-02,670,671.35,664.35,664.85,56203200,37515565600,0,0
2022-03-03,682.35,690.5,678.35,689.85,47128800,32341552000,0,0
2022-03-04,678.85,683.5,671.85,671.85,50325000,33988855100,0,0
2022-03-07,662.5,663,648.65,649.65,76654800,50041541000,0,0
2022-03-08,633.35,635.15,612,613.85,150836400,93611257500,0,0
2022-03-09,616.65,625.85,615,615.85,75634800,46820164100,0,0
2022-03-10,633,643,632.85,643,65443200,41780255400,0,0
2022-03-11,634.85,649.35,634.65,648.35,61459800,39451222300,0,0
2022-03-14,655.65,665.65,654.15,658.65,47197800,31122078700,0,0
2022-03-15,665.15,667,658.35,663,45309600,30029541000,0,0
2022-03-16,663.15,665,660.85,662.5,45083400,29888008300,0,0
2022-03-17,673.35,676.5,664.5,671.85,49633800,33327903300,0,0
2022-03-18,669.85,678.35,669.15,678.15,54999600,37153577000,0,0
2022-03-22,681.35,698.15,681.15,693.15,59533200,41189765400,0,0
2022-03-23,703.65,709.5,699.15,705.5,53266200,37549451400,0,0
2022-03-24,696.15,708.85,694.35,708.5,47434800,33353834200,0,0
2022-03-25,704.15,706.65,695.35,695.5,55812000,38998167000,0,0
2022-03-28,698.85,698.85,680.35,686.5,62356800,42883921900,0,0
2022-03-29,686.65,689.65,683.5,688.5,52810800,36286446600,0,0
2022-03-30,669.15,674,663.5,668.35,48016800,32073242300,0,0
2022-03-31,659.15,660.85,650.5,651.15,53487600,35029996200,0,0
2022-04-01,646.15,657.85,645.15,655.15,45162600,29457304000,0,0
2022-04-04,651.65,657.65,650.65,656.5,24826200,16251447700,0,0
2022-04-05,657.5,658.85,647,647.85,34032000,22157177000,0,0
2022-04-06,650.5,652.85,643.5,644.15,40011000,25923505100,0,0
2022-04-07,640.35,641.65,636,640,33754800,21567409100,0,0
2022-04-08,642,644.35,639,644,28846200,18511138200,0,0
2022-04-11,646.65,656.15,645.15,655.15,29547600,19281955700,0,0
2022-04-12,650.15,655.65,646.15,651,34880400,22679867700,0,0
2022-04-13,649.85,650.35,644,650,33246600,21524035500,0,0
2022-04-14,647,650.35,645.5,649.35,30418200,19704581400,0,0
2022-04-15,648,652.35,647.65,650.5,21348600,13874011200,0,0
2022-04-18,647.5,650.35,645.15,649.35,22129800,14339406600,0,0
2022-04-19,655.35,656.35,650.15,652.85,21227400,13864137100,0,0
2022-04-20,658.35,663.5,652.5,663.5,44084400,29064817400,0,0
2022-04-21,662,668.15,662,667,31600200,21039439400,0,0
2022-04-22,665.15,666,658.65,661.15,26686800,17662658700,0,0
2022-04-25,646.85,653.35,646.85,652,26028000,16940849800,0,0
2022-04-26,649.15,653,647.35,649.35,27722400,18028203100,0,0
2022-04-27,642.15,642.85,638.65,638.65,47677800,30541296300,0,0
2022-04-28,640.15,652.65,638.65,652.5,44026800,28509779100,0,0
2022-05-02,648,650.5,642.85,645,51955800,33537201000,0,0
2022-05-06,649,663.35,648.5,662,50955000,33559397100,0,0
2022-05-09,661.5,662.35,654.35,655.85,29722800,19541011400,0,0
2022-05-10,655.15,656.35,648.5,653.65,34171800,22305147900,0,0
2022-05-11,646.15,647.35,639.5,639.5,48139200,30903064300,0,0
2022-05-12,639.65,644.35,636.35,636.65,34501200,22070740400,0,0
2022-05-13,638.35,643.15,636.15,642.65,36228000,23197572900,0,0
2022-05-16,658.35,660.85,647.65,650.35,47568600,31032193300,0,0
2022-05-17,650.85,653.35,640.85,640.85,48699600,31449794100,0,0
2022-05-18,645.65,654,644.15,652.5,41817000,27186875800,0,0
2022-05-19,641.85,650.35,640.35,648.35,34792800,22459103900,0,0
2022-05-20,644.65,649.85,644,649.35,39529200,25587708500,0,0
2022-05-23,650.5,653.15,647.5,649.15,35248800,22911839600,0,0
2022-05-24,655,657.85,649.15,649.15,35055000,22912175000,0,0
2022-05-25,652,655.5,648.85,654.5,34197600,22333050800,0,0
2022-05-26,657.5,662.65,656.35,660.5,35250000,23265143400,0,0
2022-05-27,663.65,664.15,657.85,660,30869400,20383176400,0,0
2022-05-30,658.15,666,657.35,663.5,33990000,22520052500,0,0
2022-05-31,661.35,664.15,653.65,653.65,59616600,39109555300,0,0
2022-06-01,659.35,667.35,657.35,666.85,41436600,27554423700,0,0
2022-06-02,664.5,668,662.85,664.65,25913400,17235622400,0,0
2022-06-03,666.5,671.15,663.5,666.35,29376600,19567473700,0,0
2022-06-06,666.35,667.85,663,663.65,25198200,16745552700,0,0
2022-06-07,668.85,676,667.65,673.15,41724600,28103269600,0,0
2022-06-08,668.5,669.65,664,667.5,44611200,29747403500,0,0
2022-06-09,667.5,676.35,667,668.5,43168200,28961065700,0,0
2022-06-10,665.15,669.5,662.85,662.85,38754000,25773932200,0,0
2022-06-13,651.15,659.65,651.15,658.85,32838600,21575674800,0,0
2022-06-14,656.65,667.35,656.65,666.15,46171800,30646316000,0,0
2022-06-15,667.85,673.15,665.65,669.35,43315200,28996331200,0,0
2022-06-16,669.15,679.85,669.15,674.85,41914800,28290294000,0,0
2022-06-17,670.5,673.15,659.85,663,63628800,42227774900,0,0
2022-06-20,663.15,668.65,657.85,661.35,30322200,20067331100,0,0
2022-06-21,662.85,676.35,662.85,675.35,41752800,28065103300,0,0
2022-06-22,680.15,680.15,673.85,675.15,26486400,17911207500,0,0
2022-06-23,672,680.5,672,679,31636200,21445365000,0,0
2022-06-24,678.85,686.85,675.15,684.85,51547800,35211936800,0,0
2022-06-27,687.85,692.5,677.15,678.5,35219400,24008799000,0,0
2022-06-28,680,687.35,679.5,687.35,37540200,25666176900,0,0
2022-06-29,683,688.85,680.65,684.65,33181200,22736685500,0,0
2022-06-30,680,681.15,671.15,672,42842400,28870729300,0,0
2022-07-01,673.35,677.5,666.65,669.15,34446600,23122436600,0,0
2022-07-04,670.85,676.5,670.15,676.5,23820600,16068029100,0,0
2022-07-05,677.85,684.15,676.65,682.65,29356800,19974795000,0,0
2022-07-06,674.5,675.5,660.85,662,50558400,33659962700,0,0
2022-07-07,668.15,671.5,662.85,667.35,34596600,23083294700,0,0
2022-07-08,672.15,681.15,671.35,677.35,43945800,29720414500,0,0
2022-07-11,683,688,681.15,688,40642800,27862460500,0,0
2022-07-12,684.35,685.65,675.15,678.5,36349800,24682198900,0,0
2022-07-13,679.5,684.35,677.5,682.35,21783600,14847362800,0,0
2022-07-14,675.85,680,675.65,676.65,26383200,17878085300,0,0
2022-07-15,670,670.65,661,665.35,56583600,37645161500,0,0
2022-07-19,674.35,678.15,672.15,677.85,37773600,25544849200,0,0
2022-07-20,686.5,688.85,681.15,686.65,42484800,29136066600,0,0
2022-07-21,682.5,688.15,679.35,683.85,30345600,20736570200,0,0
2022-07-22,680.5,683.35,679,682.85,27808200,18955569200,0,0
2022-07-25,682,686.5,681.15,686,23607000,16164833900,0,0
2022-07-26,686.65,690.35,686,686.5,27511800,18932515500,0,0
2022-07-27,686.65,690.85,685.5,690,22911600,15776897100,0,0
2022-07-28,690.85,690.85,684.65,685.65,28707600,19711943700,0,0
2022-07-29,680.35,688.15,679.15,684.5,32226000,22040764500,0,0
2022-08-01,691.65,697.85,689.85,693.65,43748400,30358294800,0,0
2022-08-02,687.85,688.65,677.85,678.85,43033800,29344614800,0,0
2022-08-03,677.15,677.85,672,675.15,34861200,23523854100,0,0
2022-08-04,675.15,677.15,671.35,677,27243000,18387083300,0,0
2022-08-05,673.35,678.15,673.15,677.15,23187600,15687464400,0,0
2022-08-08,681.85,687.35,681.35,687.35,27466800,18818707500,0,0
2022-08-09,680,682.35,676.85,676.85,31624200,21464839200,0,0
2022-08-10,680.5,683,679.5,680.85,19052400,12977566000,0,0
2022-08-12,684,691.35,683,691.35,43923600,30282700400,0,0
2022-08-15,690.15,692.5,687.35,691,21342600,14736725000,0,0
2022-08-16,692.5,694.65,689.15,690.85,22836000,15794221500,0,0
2022-08-17,695,702,694.35,697.85,40377600,28190207800,0,0
2022-08-18,697.5,697.65,693.35,693.65,19301400,13413372200,0,0
2022-08-19,697.35,698.5,693.15,698.15,24081000,16772814200,0,0
2022-08-22,696.85,701.35,696.5,698.5,26442000,18457962900,0,0
2022-08-23,697.15,697.5,691,691.85,30553200,21174956400,0,0
2022-08-24,694,700.15,693.35,698.5,33928200,23671500100,0,0
2022-08-25,698.5,701,696.15,698.85,24037800,16796066900,0,0
2022-08-26,697.65,702.15,697.15,700.35,23127000,16195489200,0,0
2022-08-29,692.5,699.85,690.85,698.15,30138000,20987561800,0,0
2022-08-30,702.15,704.65,701,702.85,29468400,20720281900,0,0
2022-08-31,700.15,702.15,697,699,55421400,38774399100,0,0
2022-09-01,698.35,702.85,696,698.65,30118800,21047063700,0,0
2022-09-02,699.15,701.35,696.85,701.35,24796800,17346329900,0,0
2022-09-05,703.35,706,699.35,699.65,21761400,15267247600,0,0
2022-09-06,702,703.65,699.5,702,19989600,14030684700,0,0
2022-09-07,704.85,710.35,697,698.65,43026600,30212457300,0,0
2022-09-08,703.35,715,702.65,714.35,57022200,40572075500,0,0
2022-09-09,715.85,722.35,714.85,720.15,52443000,37676784200,0,0
2022-09-12,723,723.15,717.5,721,24013800,17302746200,0,0
2022-09-13,720.85,722.85,719,720.5,24439200,17611802900,0,0
2022-09-14,713.35,720.5,712.5,718.65,35748000,25644260500,0,0
2022-09-15,719.65,720.15,714.65,718.15,23878200,17139875100,0,0
2022-09-16,719.15,726.35,718.85,725,49563600,35853949300,0,0
2022-09-20,730.35,731.35,724.85,726,31174200,22663202600,0,0
2022-09-21,726.15,729,722.85,722.85,32806800,23797951600,0,0
2022-09-22,723,726.35,720.65,725.35,40027200,28964888800,0,0
2022-09-26,716.65,717,700.65,701.65,66555000,47106063400,0,0
2022-09-27,700.15,710.65,699.5,704.35,47655600,33603712200,0,0
2022-09-28,700.35,700.85,686.15,695,56187600,38980838800,0,0
2022-09-29,683.35,690.85,679.5,688,47647200,32660855400,0,0
2022-09-30,683.85,686,667.5,670.65,45561000,30727219400,0,0
2022-10-03,663.35,670.85,660.35,670.35,40612800,27071413900,0,0
2022-10-04,680.65,694,679.35,693.65,44167200,30455327300,0,0
2022-10-05,695,698.65,689.85,693.5,37101600,25758630800,0,0
2022-10-06,693.5,700.35,692.65,698.65,30889800,21569865800,0,0
2022-10-07,690.15,695.85,689.35,690.15,30023400,20757156400,0,0
2022-10-11,691.65,696,687.15,690,35884800,24819914400,0,0
2022-10-12,690,693.15,685.65,687.5,23026800,15875077100,0,0
2022-10-13,687.65,688.35,682.5,683.5,28185600,19294991900,0,0
2022-10-14,695.85,701.15,693.85,697.65,39476400,27563024800,0,0
2022-10-17,696.35,699.35,683,683.5,53169600,36580538600,0,0
2022-10-18,689.65,690,679.65,684,36766800,25159747200,0,0
2022-10-19,680.65,683.15,679.5,681.65,29612400,20181561400,0,0
2022-10-20,681.65,688.5,681.15,684.15,30459600,20861051600,0,0
2022-10-21,681.85,689.35,681.65,687.65,25536600,17517261600,0,0
2022-10-24,696.85,699.15,691.15,694.5,32345400,22470403700,0,0
2022-10-25,699,704.85,697.65,702,40345800,28321055900,0,0
2022-10-26,702.65,708,701.15,702,28435200,20021861700,0,0
2022-10-27,700,700.85,683.15,685.15,43485000,29910698400,0,0
2022-10-28,690.65,692.5,683.65,683.65,39649800,27212117700,0,0
2022-10-31,689.15,696.15,688.5,695.5,37055400,25725515100,0,0
2022-11-01,701.85,703,697.5,698.5,29094600,20362930100,0,0
2022-11-02,699.85,708.65,698.15,706.15,40134600,28316721300,0,0
2022-11-04,706.15,712.85,703.5,707.5,45244800,31993642700,0,0
2022-11-07,716.65,717,708.35,709.35,38541000,27410764500,0,0
2022-11-08,711.65,720.35,710.35,717.5,38304600,27444402400,0,0
2022-11-09,721.65,723.15,717.5,722.15,36043800,25967624900,0,0
2022-11-10,718.15,726,717.85,725.35,37764600,27318112300,0,0
2022-11-11,728.15,730.85,720.35,724.5,43879800,31812142900,0,0
2022-11-14,719.5,722,713.15,714.85,38442600,27558108600,0,0
2022-11-15,733.35,747.35,731,744.65,77586600,57562438400,0,0
2022-11-16,744.65,747.15,739.5,745.85,49606200,36916941600,0,0
2022-11-17,747.35,761.35,746.65,761.35,51477600,38891305900,0,0
2022-11-18,765,772.65,763.5,765.35,47688000,36580550200,0,0
2022-11-21,767.35,769.5,761.85,763.15,33529200,25646895200,0,0
2022-11-22,760.85,779.15,760.85,777.35,80392800,61989245700,0,0
2022-11-24,784.65,800.5,783.15,799.15,73130400,58191150800,0,0
2022-11-25,789.5,800.15,785.5,797.35,40351800,32093072200,0,0
2022-11-28,800.15,802.65,776.5,778.5,57238200,44890835600,0,0
2022-11-29,777,781.85,771.35,778.65,49258800,38332424200,0,0
2022-11-30,779.5,783.5,773.5,778.85,84819600,66013147000,0,0
2022-12-01,778.5,778.85,770,771,38785800,29989516100,0,0
2022-12-02,767.5,771.35,762.35,765.5,41385000,31684432700,0,0
2022-12-05,762.15,764.85,754.65,759,35460600,26894093200,0,0
2022-12-06,760,768.35,760,766,32342400,24761550400,0,0
2022-12-07,769.15,780.35,767,778.5,43974600,34152151700,0,0
2022-12-08,773.35,774,761.5,771.5,41665800,32035076900,0,0
2022-12-09,770,777.5,769.85,772.35,33370800,25796539600,0,0
2022-12-12,771.5,777.35,770.15,775.85,21644400,16775446700,0,0
2022-12-13,777.35,783,774.85,776.15,29212800,22716805200,0,0
2022-12-14,770.15,775.15,768.65,774.35,24148200,18674398400,0,0
2022-12-15,774.35,781.5,773.5,781.5,23533800,18340902000,0,0
2022-12-16,785,795.5,777.35,777.35,57190200,44912088700,0,0
2022-12-19,783.85,792.85,783.65,786.85,42708000,33652948600,0,0
2022-12-20,791.5,856.85,790.15,829,131629200,108345180000,0,0
2022-12-21,860.85,888,857.35,863.15,194052600,168683401300,0,0
2022-12-22,865.15,878,850.65,876,100799400,86981571200,0,0
2022-12-23,878.35,892.15,876.15,891.65,84780000,75072402400,0,0
2022-12-26,885,885.65,867.35,872,48750600,42569285600,0,0
2022-12-27,878.35,888,875.5,886.65,38209200,33719374700,0,0
2022-12-28,892.5,903.65,888,892,62997600,56414073900,0,0
2022-12-29,891.65,892,871,877,44815200,39455608700,0,0
2022-12-30,869.85,885.35,866.85,882.65,34719600,30485902400,0,0
2023-01-04,881.15,904.15,879.5,895.85,90318000,80790834900,0,0
2023-01-05,891.35,892.5,877,879.65,67636800,59842321500,0,0
2023-01-06,884,891.35,879.15,882.15,53333400,47244125500,0,0
2023-01-10,878.5,888.85,870.15,880.85,52365600,46179785300,0,0
2023-01-11,883.35,890.85,878.65,890.85,49317600,43642194500,0,0
2023-01-12,893,935,892.35,930,117114000,107621099500,0,0
2023-01-13,930,967.35,923.65,953.35,158001000,150095482800,0,0
2023-01-16,965.65,969.5,925.5,926.85,88422600,83266435400,0,0
2023-01-17,923.15,940.5,912.85,919.85,80890800,74601612500,0,0
2023-01-18,919.85,926.5,872.35,917.85,122179800,110811674200,0,0
2023-01-19,917.85,929.5,898.5,901.5,78882000,71733688200,0,0
2023-01-20,900,914.5,894.85,911.15,46116600,41749167400,0,0
2023-01-23,909.85,929.65,904.65,919.85,63513000,58451665300,0,0
2023-01-24,925.5,941.65,922.85,941.65,49484400,46354721300,0,0
2023-01-25,941.85,947.35,937,943.35,42428400,39959875000,0,0
2023-01-26,946,948.5,930.15,941,43153800,40501078900,0,0
2023-01-27,950.5,966.65,944.5,966.65,67973400,65093367100,0,0
2023-01-30,954.15,968,949.35,966.65,57262200,55006295500,0,0
2023-01-31,971.65,972.5,942,942,78277200,74527955800,0,0
2023-02-01,946.65,963.15,944.65,946.5,54882000,52288912700,0,0
2023-02-02,941.35,948.65,928,932.65,59394000,55679980600,0,0
2023-02-03,928.15,943.15,923.65,937.35,53976600,50540694400,0,0
2023-02-06,929.15,936.5,905.15,919.65,75802800,69710120400,0,0
2023-02-07,926.35,945,917.5,939,68151000,63738920800,0,0
2023-02-08,941.5,950,937.5,946,41960400,39658150200,0,0
2023-02-09,942.35,956.5,942.35,946,40410000,38322244100,0,0
2023-02-10,955.35,964.35,952,956.5,48579000,46562875900,0,0
2023-02-13,963.35,979.85,957.5,962.85,66000000,64025042500,0,0
2023-02-14,970.65,979,966.5,972.85,36384000,35398543200,0,0
2023-02-15,979,989.15,977,985.15,48258000,47443429000,0,0
2023-02-16,991.35,994,980.5,986,45811200,45250409100,0,0
2023-02-17,985.15,995,983.65,987.35,41849400,41373422700,0,0
2023-02-20,991,1002.85,987.85,1000,38671800,38512088200,0,0
2023-02-21,998.85,1000.15,985.15,988.15,47067000,46636617400,0,0
2023-02-22,989.85,990.35,977.5,990.15,49776600,49074249900,0,0
2023-02-24,986.65,989.85,967,974.85,87772200,85817283200,0,0
2023-02-27,980.85,990.85,980,986.35,35389200,34849860700,0,0
2023-02-28,992.5,1003.5,989,995.35,65542800,65200112400,0,0
2023-03-01,995.35,995.35,978.35,987.15,47854800,47156965000,0,0
2023-03-02,984.5,1000,981,985.15,52743600,52136052200,0,0
2023-03-03,991.65,999.85,989.15,994.15,57573600,57299378300,0,0
2023-03-06,1001,1015.15,1001,1009.35,57350400,57838642500,0,0
2023-03-07,1013.5,1024.5,1011.65,1024.35,50298600,51243115100,0,0
2023-03-08,1030,1034.15,1017.5,1024.35,45639600,46805606900,0,0
2023-03-09,1024,1043.5,1021.65,1040.85,55428600,57381729900,0,0
2023-03-10,1032.15,1033.35,985.85,985.85,106379400,107687818200,0,0
2023-03-13,950,969,934.65,944.85,133063800,125952246400,0,0
2023-03-14,868.35,889.85,864.15,873.35,181948200,159198475000,0,0
2023-03-15,906.65,916.5,892.85,900,105441000,95037212500,0,0
2023-03-16,833.35,876.35,832.85,876.15,170602200,146181614400,0,0
2023-03-17,879.5,890,862.15,876.35,100587600,88056219900,0,0
2023-03-20,871.65,894.35,860.85,861.65,84517800,73824283400,0,0
2023-03-22,891.65,894,877.5,879.15,68715600,60824920400,0,0
2023-03-23,863.35,874.15,859.85,869.5,54712800,47395024000,0,0
2023-03-24,861.65,870.35,857,864.85,46108800,39861336600,0,0
2023-03-27,864.85,865.65,849.35,856,60043800,51365737800,0,0
2023-03-28,868.35,887.85,864,878.85,58440000,51248836300,0,0
2023-03-29,874.15,884.85,873.5,884.85,48531000,42744563300,0,0
2023-03-30,873.35,879.35,864.15,871.65,41290800,35927522000,0,0
2023-03-31,880.85,889.15,873.35,883,44569200,39296648300,0,0
2023-04-03,883.35,900.65,882.65,894,48197400,43026179900,0,0
2023-04-04,898,906.5,893.15,904.15,45500400,41037035100,0,0
2023-04-05,890.35,899.65,886.85,890.35,42560400,37985094200,0,0
2023-04-06,883.5,887.35,879.65,881.85,38044200,33594070200,0,0
2023-04-07,888.15,899.65,886,891.15,31091400,27773465700,0,0
2023-04-10,900,905.85,895.15,896.15,28572000,25679039800,0,0
2023-04-11,900,905.35,888.35,900.65,46669200,41940999700,0,0
2023-04-12,903.5,908,899,907.5,36140400,32667882400,0,0
2023-04-13,904,909.5,896.5,903.35,33840000,30517018500,0,0
2023-04-14,906.85,910.65,902.85,906.35,32492400,29465040300,0,0
2023-04-17,922.15,929,918,929,40810200,37699423200,0,0
2023-04-18,933,945.5,932.85,942,43660800,41044852700,0,0
2023-04-19,946.15,953.35,940.35,953.35,41434200,39270709300,0,0
2023-04-20,950.5,959.15,943.5,954.65,39612000,37746512600,0,0
2023-04-21,943.65,949.15,937.35,937.65,36264000,34131132800,0,0
2023-04-24,939.35,940.15,928,928,29460600,27502561100,0,0
2023-04-25,933.15,944.65,932,939.15,32950200,30947545100,0,0
2023-04-26,921.15,924.5,915.5,918.85,48585000,44626828500,0,0
2023-04-27,919.15,933.35,917.15,932.5,33366000,30921835400,0,0
2023-04-28,939.85,958.65,896.85,924.85,103528800,96305045300,0,0
2023-05-01,929.65,943,928.85,942,35418600,33199346300,0,0
2023-05-02,941.65,941.65,929.5,936.15,34303200,32071988000,0,0
2023-05-08,927.35,937.85,923.85,927.15,35558400,33032550900,0,0
2023-05-09,933.35,944.5,924.85,942.65,38602200,36198151500,0,0
2023-05-10,944.5,955,943.35,946.35,36338400,34460760000,0,0
2023-05-11,937,950.35,936.65,949.5,21021000,19844868100,0,0
2023-05-12,951.5,951.65,944.65,949.5,28916400,27428364200,0,0
2023-05-15,957.5,966.85,957,966.85,39702000,38196197200,0,0
2023-05-16,958.35,962.65,948.35,955.85,71557800,68348104300,0,0
2023-05-17,952.35,955.85,947.15,954.65,49789200,47400190400,0,0
2023-05-18,961.65,963.35,951.85,955.85,54392400,52070799400,0,0
2023-05-19,951.65,952.5,938,940,52005600,49087997600,0,0
2023-05-22,939.35,950,938.35,941.65,36474000,34432386700,0,0
2023-05-23,946.65,951.15,933.65,940,40521600,38240738100,0,0
2023-05-24,940,945.85,938.85,940.35,26635200,25094475400,0,0
2023-05-25,937.35,937.5,926.65,926.65,37045200,34470221600,0,0
2023-05-26,925,927.85,918.15,918.65,35071200,32352848900,0,0
2023-05-29,933.35,943.15,930.5,941.5,40603200,38139010100,0,0
2023-05-30,946.65,947.15,937.65,940,27933000,26294800000,0,0
2023-05-31,940,947.65,939.15,946.35,106463400,100594272500,0,0
2023-06-01,940.15,954,937,952,45924600,43489547300,0,0
2023-06-02,952.15,953.15,942,948.35,48361800,45796130800,0,0
2023-06-05,961.65,967.15,954.5,963,51973200,49973013900,0,0
2023-06-06,952.15,955.85,945.5,955.85,38890800,36993700500,0,0
2023-06-07,965.15,969.65,947,947,62149800,59567880800,0,0
2023-06-08,952,960.5,947.15,951.65,33381000,31828288900,0,0
2023-06-09,954.65,962,950.85,959.85,41796000,39995448900,0,0
2023-06-12,962.15,965.5,956.35,958.15,25131600,24138161000,0,0
2023-06-13,960.15,962.5,953.65,955.5,35353800,33843392900,0,0
2023-06-14,963.35,981.5,963,979.85,60151200,58558898900,0,0
2023-06-15,980.65,992.85,968.65,977.5,49719000,48742451500,0,0
2023-06-16,982.35,995.5,961.85,973.85,62404200,60923167000,0,0
2023-06-19,986.65,999,984,992.65,45362400,44963752200,0,0
2023-06-20,991.35,991.5,972.65,976.15,38823000,38035186100,0,0
2023-06-21,976.5,989.5,974,988.65,30501000,29999500400,0,0
2023-06-22,997.5,1011,996.35,1006.15,54520800,54797211400,0,0
2023-06-23,1018,1020.15,987.85,994.15,42934800,42979851900,0,0
2023-06-26,992.35,995.5,980.85,987.35,27495600,27213089800,0,0
2023-06-27,996.65,1001,987.85,997.15,24779400,24644087800,0,0
2023-06-28,1000,1014.5,998.35,1012.5,38658000,38994768300,0,0
2023-06-29,1014.15,1034.85,1013.35,1025.15,49500000,50764816200,0,0
2023-06-30,1024,1027.15,1016.85,1026.5,38673000,39588750100,0,0
2023-07-03,1028.5,1037.35,1025.85,1034.5,35528400,36697853700,0,0
2023-07-04,1044.65,1074.15,1041.85,1071.65,71746800,76098336000,0,0
2023-07-05,1075,1085.85,1061,1068.15,57054000,61209673000,0,0
2023-07-06,1063,1067.35,1045,1046.85,42736200,45050812900,0,0
2023-07-07,1041.85,1050.15,1030.15,1033.35,47899200,49753197500,0,0
2023-07-10,1038.35,1042.15,1015.15,1021.35,50865000,52152346600,0,0
2023-07-11,1029.65,1030,1011.35,1013.5,30901800,31504820300,0,0
2023-07-12,1025.65,1039.5,1013.5,1036.35,54464400,55957106500,0,0
2023-07-13,1041.65,1048,1028.5,1046.85,57820200,60133619100,0,0
2023-07-14,1050,1054.15,1036.35,1045.85,47286000,49380412600,0,0
2023-07-18,1046,1074.15,1044.15,1067.65,54253200,57813656000,0,0
2023-07-19,1080,1082.85,1067,1074.85,50478000,54224037100,0,0
2023-07-20,1079.85,1089,1071.65,1073.85,44017800,47552822900,0,0
2023-07-21,1075,1076.15,1058.5,1060.5,38471400,40914715100,0,0
2023-07-24,1041.65,1056.65,1031.65,1048.15,38196600,39951497700,0,0
2023-07-25,1053.35,1059,1049.65,1057.35,26025000,27444729100,0,0
2023-07-26,1057,1059.5,1049.85,1053.85,22086600,23267401000,0,0
2023-07-27,1050,1062.65,1048.65,1059.35,31876800,33724530100,0,0
2023-07-28,1076,1107.35,1055.35,1104.85,136063200,148367009000,0,0
2023-07-31,1116.65,1128.5,1099.15,1115.65,86342400,96079676600,0,0
2023-08-01,1105.5,1105.65,1088.65,1089.35,64981200,71109317100,0,0
2023-08-02,1089.35,1095.15,1078,1078.35,45191400,49058535100,0,0
2023-08-03,1088.35,1092.85,1071.5,1076.85,49876200,54000096900,0,0
2023-08-04,1084.5,1097.35,1080.15,1096.85,43104000,46952956200,0,0
2023-08-07,1095.5,1096.85,1082,1085.5,31575600,34293358700,0,0
2023-08-08,1092.65,1093,1079,1079.15,30709800,33280381100,0,0
2023-08-09,1075,1075.15,1053.65,1061,39403200,41921800000,0,0
2023-08-10,1061.15,1077.35,1054.65,1073.35,35249400,37632960100,0,0
2023-08-14,1081.65,1081.65,1059.65,1062.35,28263600,30226203600,0,0
2023-08-15,1066.65,1069.65,1060,1066.85,16323600,17400048900,0,0
2023-08-16,1053.65,1059,1047.15,1050.15,38035200,40032757100,0,0
2023-08-17,1046.5,1060.5,1029.5,1060.15,42133200,44074887000,0,0
2023-08-18,1054.65,1058.35,1048.85,1054.5,22651800,23875573600,0,0
2023-08-21,1050,1054.5,1044.65,1049.15,18315000,19222404800,0,0
2023-08-22,1060.85,1082.35,1059.5,1082.35,37807200,40628780300,0,0
2023-08-23,1071.65,1087.65,1070.15,1087.65,31489800,34026206100,0,0
2023-08-24,1086.5,1094.15,1084.15,1090.65,25475400,27777959700,0,0
2023-08-25,1086.85,1089.85,1078.65,1087,21902400,23793560100,0,0
2023-08-28,1092.5,1098,1091,1096.65,29179800,31969931700,0,0
2023-08-29,1105,1111.35,1092.85,1096.65,40354800,44473088900,0,0
2023-08-30,1102.85,1111.35,1101.5,1111.35,50761800,56282813700,0,0
2023-08-31,1101.65,1115.15,1099.5,1113.5,52380000,58215271100,0,0
2023-09-01,1116.65,1137.85,1115.65,1131.65,49104000,55468747300,0,0
2023-09-04,1141.15,1154,1138.35,1154,38503800,44165602900,0,0
2023-09-05,1166.15,1167.85,1140.65,1154,43290000,49884879700,0,0
2023-09-06,1157.5,1173.15,1156.65,1167,43168800,50349509000,0,0
2023-09-07,1163.65,1174.85,1162.65,1164.5,34261800,40006780200,0,0
2023-09-08,1156.35,1168.35,1151.35,1154.15,46204200,53521598200,0,0
2023-09-11,1180.15,1216.65,1180.15,1215.85,69837600,84027830200,0,0
2023-09-12,1215.85,1229.15,1204.5,1228.15,65094600,79196166000,0,0
2023-09-13,1229.15,1247,1225.35,1236.5,55712400,68829384000,0,0
2023-09-14,1248.35,1250.15,1236.85,1243.15,43046400,53517395800,0,0
2023-09-15,1250,1277.85,1219.5,1232.35,94958400,118510452800,0,0
2023-09-19,1240,1268.15,1238.65,1266.65,54846000,69007003200,0,0
2023-09-20,1275.85,1292.85,1266.15,1270.15,75102000,95884849600,0,0
2023-09-21,1292.85,1308,1278.35,1285.5,88169400,113832113900,0,0
2023-09-22,1281.5,1308.15,1263.65,1300.15,75178200,96709275800,0,0
2023-09-25,1281.35,1282.35,1254.65,1257.65,64660200,81683676300,0,0
2023-09-26,1271.65,1285,1265.35,1278.35,54868800,70014533400,0,0
2023-09-27,1264.5,1270.65,1255.85,1269.85,64445400,81402421000,0,0
2023-09-28,1251.65,1261,1236.65,1249.35,58012800,72500148800,0,0
2023-09-29,1237.5,1241.15,1222.5,1224.5,53011800,65169491400,0,0
2023-10-02,1226.65,1251.35,1226.65,1233.35,44119800,54741471000,0,0
2023-10-03,1233.5,1236.35,1215.5,1223.85,36801600,45064223900,0,0
2023-10-04,1205,1212.35,1177.5,1178.5,66625200,79298425400,0,0
2023-10-05,1196.5,1219.65,1185.5,1219.65,46612800,56237589300,0,0
2023-10-06,1219.65,1223.35,1197.35,1214,35755800,43366738500,0,0
2023-10-10,1220.85,1247,1218.5,1244,37868400,46816078000,0,0
2023-10-11,1239.85,1241,1226,1230.15,37149000,45778536400,0,0
2023-10-12,1238,1238.65,1228,1234.15,34314600,42328337400,0,0
2023-10-13,1235.85,1237.35,1215.15,1215.35,34476000,42243212900,0,0
2023-10-16,1208.35,1214.85,1196.85,1209.65,22711800,27442271100,0,0
2023-10-17,1218.5,1224.85,1205.5,1217.85,22449600,27283017800,0,0
2023-10-18,1225,1247.85,1221,1232.85,39259800,48486813400,0,0
2023-10-19,1218,1224.5,1203.5,1211.15,31587000,38314143700,0,0
2023-10-20,1203.65,1214.65,1193.15,1198.35,31060800,37354956300,0,0
2023-10-23,1195.65,1202.85,1190.85,1192,22245600,26594999900,0,0
2023-10-24,1193.35,1194.5,1159.65,1182.65,52228800,61486999000,0,0
2023-10-25,1193,1207.65,1186.5,1200.85,28273800,33886793100,0,0
2023-10-26,1204.15,1209.15,1183,1186.15,33118800,39535516100,0,0
2023-10-27,1189.15,1218.65,1187,1218.35,36372600,43938953600,0,0
2023-10-30,1203,1210.65,1183.5,1187,47950200,57331932800,0,0
2023-10-31,1209.65,1219.85,1165,1203.35,77050800,92664509800,0,0
2023-11-01,1216.35,1241.5,1204.85,1241.5,52628400,64596932900,0,0
2023-11-02,1254.65,1258.65,1235,1247.65,43107000,53756277400,0,0
2023-11-06,1249.65,1253.85,1219.5,1223.35,50487600,62376557300,0,0
2023-11-07,1225,1236.5,1210.5,1214.65,35663400,43543885100,0,0
2023-11-08,1206.85,1209.5,1135.35,1154.15,92702400,107977092400,0,0
2023-11-09,1141.65,1162,1123.65,1154.15,74751600,85483415200,0,0
2023-11-10,1154.15,1171.85,1152.85,1171.85,31135800,36203870100,0,0
2023-11-13,1176.5,1189,1170.35,1178,30455400,35960783000,0,0
2023-11-14,1199.15,1201.65,1183.85,1192.65,42609000,50745434100,0,0
2023-11-15,1208.35,1220.85,1185.65,1192,71985000,86278497500,0,0
2023-11-16,1200.15,1230.85,1197.35,1223.5,58904400,72042225600,0,0
2023-11-17,1211.65,1240.5,1200.5,1240.5,46443600,57046370000,0,0
2023-11-20,1236.35,1256,1234.85,1244.35,36673200,45662088600,0,0
2023-11-21,1244.35,1251.5,1223.65,1229.85,33363000,41218472500,0,0
2023-11-22,1221.5,1234.5,1218.65,1232.85,26530800,32623289500,0,0
2023-11-24,1230.85,1234.65,1221,1223.35,29751600,36453107100,0,0
2023-11-27,1227.5,1249,1215.5,1249,41399400,51174425900,0,0
2023-11-28,1239.5,1259.15,1234.5,1243.35,41212200,51352781000,0,0
2023-11-29,1235.65,1244,1210.65,1210.65,38802600,47424001400,0,0
2023-11-30,1216.65,1222,1203,1209.65,49498200,59908211400,0,0
2023-12-01,1212.5,1228,1209.35,1222.65,44911200,54756247000,0,0
2023-12-04,1225,1227.15,1198.5,1200.35,35838000,43196668600,0,0
2023-12-05,1198.35,1204.85,1186.35,1191.65,30004800,35839750900,0,0
2023-12-06,1191.85,1200.15,1178.65,1199.85,38241000,45543582600,0,0
2023-12-07,1188.35,1204.65,1178,1204.65,38525400,46003585300,0,0
2023-12-08,1208.35,1228,1201.5,1206.5,57428400,69709262000,0,0
2023-12-11,1206.65,1229.5,1202.65,1227.15,35384400,43243389000,0,0
2023-12-12,1212.5,1225.35,1206.65,1212.5,31047000,37757042400,0,0
2023-12-13,1217.85,1228.65,1216,1228.65,26998200,33034437700,0,0
2023-12-14,1205.35,1209,1164.15,1164.15,78383400,92327898700,0,0
2023-12-15,1130.85,1155,1124.5,1126.65,111900600,127007835000,0,0
2023-12-18,1110,1118.65,1088.35,1105.85,84399000,93157677900,0,0
2023-12-19,1108.85,1119.65,1095,1113,60770400,67411268000,0,0
2023-12-20,1096.35,1124.35,1092.15,1117.15,49100400,54755815400,0,0
2023-12-21,1109.15,1113.15,1102.15,1109.15,36062400,39950363100,0,0
2023-12-22,1123.15,1144.85,1122.65,1140,45886200,52160712400,0,0
2023-12-25,1147.5,1148.35,1131.85,1132.35,22378200,25473765800,0,0
2023-12-26,1128.65,1132.35,1121.85,1129,22869000,25803328800,0,0
2023-12-27,1136.65,1143,1132,1141.15,29343600,33397138900,0,0
2023-12-28,1135,1144.85,1130.85,1138,24574200,27990157700,0,0
2023-12-29,1145.15,1153,1138.5,1146.65,28231800,32349417800,0,0
2024-01-04,1156.15,1163.35,1141.5,1163.35,35060400,40523327700,0,0
2024-01-05,1174.65,1193.5,1170,1193.5,44162400,52314509800,0,0
2024-01-09,1193.5,1195,1178.65,1187.15,41840400,49624283100,0,0
2024-01-10,1178.5,1193.65,1177.5,1187.35,30688800,36482366400,0,0
2024-01-11,1198.85,1214.35,1196.65,1206.15,47493000,57248275600,0,0
2024-01-12,1205.35,1209.15,1189.15,1189.5,47578200,56961276000,0,0
2024-01-15,1201.85,1225,1198.5,1225,41752800,50766910600,0,0
2024-01-16,1222.5,1225.35,1203.65,1208.35,34867800,42257700700,0,0
2024-01-17,1208.35,1222.85,1201.65,1211,42483000,51582223300,0,0
2024-01-18,1211.35,1214.85,1193.85,1203.35,39682800,47723429300,0,0
2024-01-19,1213.35,1213.65,1205.35,1213.35,35258400,42670307900,0,0
2024-01-22,1216.5,1228.85,1211.65,1228.85,34397400,41998127300,0,0
2024-01-23,1233.35,1247,1224,1234.85,45908400,56586028800,0,0
2024-01-24,1233.15,1284.35,1229.65,1284.35,99092400,125220097300,0,0
2024-01-25,1285.5,1291.35,1272.35,1274.15,51272400,65598076200,0,0
2024-01-26,1255.15,1255.5,1240,1240,58125600,72493722700,0,0
2024-01-29,1249.85,1264.5,1249.15,1264,36431400,45871966000,0,0
2024-01-30,1260.65,1264.15,1254.65,1259.85,24456600,30829576600,0,0
2024-01-31,1259.35,1283.35,1258.35,1283.35,53922000,68572034800,0,0
2024-02-01,1266.65,1281.65,1257.85,1273.15,49326000,62562793300,0,0
2024-02-02,1273.15,1273.85,1258.85,1270,53239200,67485591100,0,0
2024-02-05,1286.5,1292,1269.5,1290,57490200,73918531800,0,0
2024-02-06,1285,1301.5,1269.65,1271.65,56119800,71940859200,0,0
2024-02-07,1270.15,1282,1266.35,1281.15,29171400,37241882100,0,0
2024-02-08,1281,1281,1261,1263.35,44882400,56923438800,0,0
2024-02-09,1263.5,1267.15,1251.85,1260.85,32441400,40921444800,0,0
2024-02-13,1271.5,1280.35,1267.15,1280.35,37250400,47484836800,0,0
2024-02-14,1281.5,1287,1275.65,1283.65,38613000,49533742000,0,0
2024-02-15,1295,1306.35,1286.85,1295,46431000,60189614700,0,0
2024-02-16,1306,1340,1304,1336.5,63870000,84773264000,0,0
2024-02-19,1346.5,1364.15,1344.15,1364.15,48613800,65826549500,0,0
2024-02-20,1366.65,1376.35,1340.85,1344.65,55144800,74570134400,0,0
2024-02-21,1341.65,1348.35,1328.5,1333.5,35667600,47641154800,0,0
2024-02-22,1350,1352,1340.5,1345.15,33077400,44522055100,0,0
2024-02-26,1352.35,1377.35,1345,1366.65,51494400,70316408700,0,0
2024-02-27,1374.15,1413.35,1363.35,1401.35,66879000,93249842600,0,0
2024-02-28,1416.65,1425.85,1374.15,1385,58095000,81021267100,0,0
2024-02-29,1380.85,1391.65,1371.15,1390.65,49903200,69102260300,0,0
2024-03-01,1384.15,1411,1381,1408.35,39888000,55954651100,0,0
2024-03-04,1414.65,1416.35,1398.15,1410.15,38842200,54686253500,0,0
2024-03-05,1418.5,1441.5,1411.65,1437.15,48148200,68851155200,0,0
2024-03-06,1443.65,1463.15,1437,1462.15,53492400,77836773300,0,0
2024-03-07,1474.5,1504.85,1471.15,1486.35,62990400,93683837400,0,0
2024-03-08,1491,1526.5,1483.85,1519.35,79102200,119277583600,0,0
2024-03-11,1513.35,1514,1443,1462,85899600,126458754900,0,0
2024-03-12,1444.15,1448.85,1411.65,1431.35,66313800,94712134300,0,0
2024-03-13,1468.65,1470,1432.65,1439.35,45885600,66486876200,0,0
2024-03-14,1436.65,1449.65,1432.35,1435.35,35641200,51244113400,0,0
2024-03-15,1430.35,1458.65,1417.15,1417.85,64614600,92366020300,0,0
2024-03-18,1438.35,1447.85,1427,1447.85,44554800,64220697500,0,0
2024-03-19,1439.85,1474,1420,1446.15,88092000,127795103000,0,0
2024-03-21,1453.5,1485.35,1446.5,1485.35,71847000,105404239900,0,0
2024-03-22,1497.35,1518.35,1475.85,1515.85,77701800,116797803600,0,0
2024-03-25,1515,1515,1490.85,1491.85,45545400,68241861100,0,0
2024-03-26,1497.5,1498.5,1475.85,1487.85,35130600,52315124600,0,0
2024-03-27,1498.35,1526.5,1497,1510.15,63888600,96606403900,0,0
2024-03-28,1488,1495,1472,1472,49966800,73963574300,0,0
2024-03-29,1479.5,1488.65,1475,1484.85,31194000,46244249700,0,0
2024-04-01,1483.35,1486.5,1430.65,1433.15,44076600,63950329000,0,0
2024-04-02,1445.85,1465.15,1428,1431.5,42700800,61514696200,0,0
2024-04-03,1428.35,1465.65,1415.15,1459,55081800,79941705400,0,0
2024-04-04,1464.65,1483,1458.35,1474.35,43128600,63568875900,0,0
2024-04-05,1450.5,1458.15,1443.65,1456.85,43041600,62419531500,0,0
2024-04-08,1463.85,1477.85,1458.5,1475.35,33774000,49673141700,0,0
2024-04-09,1477.85,1485.85,1471.65,1483,29355600,43430873000,0,0
2024-04-10,1471.65,1475.5,1465.35,1473.65,22956000,33772704600,0,0
2024-04-11,1466.65,1510.65,1466.65,1507,58549200,87726420800,0,0
2024-04-12,1508.35,1508.35,1486.35,1493.65,38403600,57336762100,0,0
2024-04-15,1476.85,1489.5,1468,1489.5,28120200,41640206200,0,0
2024-04-16,1483.15,1497.5,1438,1438,54519600,79743933900,0,0
2024-04-17,1452.65,1452.65,1409.35,1425.15,41305200,58930067900,0,0
2024-04-18,1411.65,1438.35,1408.65,1435.5,38200200,54514408200,0,0
2024-04-19,1436.65,1439.15,1405.5,1422.65,48468000,68965714600,0,0
2024-04-22,1440.35,1458.65,1429,1449.85,43813800,63283090500,0,0
2024-04-23,1459,1472.65,1456.35,1464.5,33738600,49406299300,0,0
2024-04-24,1466.65,1476.65,1456,1476.65,32680800,48065817200,0,0
2024-04-25,1471.65,1483.15,1463.35,1466,26701200,39260414700,0,0
2024-04-26,1460.5,1473.5,1448.85,1464.5,37017000,54171142500,0,0
2024-04-30,1464.15,1496.65,1460,1496.65,43228200,64045114700,0,0
2024-05-01,1491,1502.65,1472.35,1499,41082600,61270168100,0,0
2024-05-02,1491.15,1492,1471,1478.35,28705800,42442328000,0,0
2024-05-07,1486.65,1488.35,1471,1484.5,25205400,37332637000,0,0
2024-05-08,1475,1482.65,1464.65,1466.85,24571200,36142204100,0,0
2024-05-09,1475.65,1490.65,1471.65,1485.5,26918400,39897789400,0,0
2024-05-10,1488.15,1505,1482.5,1500,39287400,58778352100,0,0
2024-05-13,1501.5,1525.5,1498.5,1517.35,38326800,58007782200,0,0
2024-05-14,1524.15,1527.85,1510.65,1526.5,36701400,55851728800,0,0
2024-05-15,1533.5,1560.35,1530,1533.85,53818200,82985762400,0,0
2024-05-16,1558.85,1574.5,1536.5,1566.65,96395400,150394496500,0,0
2024-05-17,1550,1622.65,1549,1620.5,84778800,135601271100,0,0
2024-05-20,1617.35,1647.65,1611.85,1644.85,53988600,88260398400,0,0
2024-05-21,1635,1651.65,1629.15,1645,43351200,71169397200,0,0
2024-05-22,1648.35,1657.5,1632.5,1637.15,41577600,68310420200,0,0
2024-05-23,1636.85,1645,1613,1631.65,41281200,67225717900,0,0
2024-05-24,1614,1636.65,1613.5,1631.5,29446800,47937384100,0,0
2024-05-27,1630,1654.35,1622.15,1654,28442400,46735546300,0,0
2024-05-28,1650.65,1696.65,1646.5,1684.15,49539000,83069073000,0,0
2024-05-29,1691.65,1715.85,1670.85,1673.35,44440800,75083628000,0,0
2024-05-30,1660.85,1693.35,1655.85,1674.15,48708000,81504634800,0,0
2024-05-31,1673.35,1720,1673.35,1715,74920200,128058644000,0,0
2024-06-03,1730,1757.5,1727.5,1740.85,39630600,68968498500,0,0
2024-06-04,1740,1763.35,1721.65,1723.35,44087400,76568726500,0,0
2024-06-05,1703.35,1704.15,1663.85,1681.65,45483000,76465528300,0,0
2024-06-06,1675,1707.5,1672.5,1693.35,33889200,57328869000,0,0
2024-06-07,1693.35,1714.15,1686.65,1697.5,25966200,44169497500,0,0
2024-06-10,1713.35,1730.85,1708.35,1727.5,23232600,40041837500,0,0
2024-06-11,1735.85,1741.65,1713.35,1713.35,25380600,43779399000,0,0
2024-06-12,1688.35,1700,1680.85,1690.85,24856200,42037534500,0,0
2024-06-13,1694.15,1695,1660.5,1666.65,31591800,52765754200,0,0
2024-06-14,1647.65,1689.15,1647,1665,49463400,82246311500,0,0
2024-06-17,1659.65,1673.35,1643.35,1643.35,29985000,49627498100,0,0
2024-06-18,1653.35,1666.15,1639.35,1662.15,29995200,49664248000,0,0
2024-06-19,1658.35,1685,1658.35,1675,24255600,40563958800,0,0
2024-06-20,1668.35,1679.15,1650,1666.65,25765800,42836241200,0,0
2024-06-21,1680,1688.35,1665.85,1666.65,36377400,60772237500,0,0
2024-06-24,1666.65,1683.35,1659.15,1671.65,33267600,55550612200,0,0
2024-06-25,1685.85,1733.35,1680,1725,40542600,69519719000,0,0
2024-06-26,1733.35,1746.65,1728.35,1735,35106600,61021149500,0,0
2024-06-27,1740,1757.5,1736.65,1741.65,30303600,52878056000,0,0
2024-06-28,1756.65,1793.35,1753.35,1787.5,51392400,91432531000,0,0
2024-07-01,1807.5,1812.5,1781.65,1805.85,33941400,61009102000,0,0
2024-07-02,1807.5,1855,1799.15,1835,53265000,97600714000,0,0
2024-07-03,1855,1855,1825,1835,31435200,57708573500,0,0
2024-07-04,1838.35,1876.65,1830,1874.15,34238400,63670174000,0,0
2024-07-05,1878.35,1891.65,1860,1860.85,25738800,48214772000,0,0
2024-07-08,1855,1875,1848.35,1848.35,24301200,45115140000,0,0
2024-07-09,1849.15,1849.15,1825,1838.35,27346800,50331021500,0,0
2024-07-10,1850,1865,1829.15,1849.15,35755200,66046394500,0,0
2024-07-11,1867.5,1877.5,1839.15,1844.15,31460400,58348467500,0,0
2024-07-12,1823.35,1825.85,1788.35,1798.35,37697400,67992568000,0,0
2024-07-16,1808.35,1844.15,1804.15,1835,28506000,52189078500,0,0
2024-07-17,1850,1851.65,1810.85,1817.5,31378800,57304518500,0,0
2024-07-18,1800.85,1839.15,1796.65,1818.35,27444000,49993047000,0,0
2024-07-19,1832.5,1832.5,1810.85,1832.5,19125000,34910077000,0,0
2024-07-22,1838.35,1840,1811.65,1815.85,18935400,34516291500,0,0
2024-07-23,1824.15,1852.5,1820.85,1850,22600200,41653332500,0,0
2024-07-24,1849.15,1863.35,1815.85,1817.5,27343800,50246757500,0,0
2024-07-25,1780,1795.85,1731.65,1740,44105400,77607885000,0,0
2024-07-26,1738.35,1776.65,1721.65,1757.5,37834800,66444650500,0,0
2024-07-29,1776.65,1779.15,1750.85,1770.85,37310400,65992558500,0,0
2024-07-30,1735,1754.15,1725.85,1740.85,31708800,55200582500,0,0
2024-07-31,1755,1828.35,1753.35,1819.15,82736400,148633485500,0,0
2024-08-01,1811.65,1832.5,1784.15,1813.35,66514200,120106539500,0,0
2024-08-02,1681.65,1710,1602.15,1610.35,98719800,163412744800,0,0
2024-08-05,1360.35,1418.85,1360.35,1360.35,118664400,162355800700,0,1
2024-08-06,1420,1471.65,1296.85,1333.35,272184600,372285146700,0,0
2024-08-07,1322.5,1513,1322,1469.85,190136400,276044986000,0,0
2024-08-08,1444.85,1494.35,1434.15,1441.15,100897200,147381748600,0,0
2024-08-09,1491.15,1511.35,1470.85,1494.65,92754600,138390125400,0,0
2024-08-13,1503.35,1555.5,1494.15,1553,66660000,102196622000,0,0
2024-08-14,1575,1599.15,1557.5,1566.15,57423600,90274944800,0,0
2024-08-15,1583,1660.15,1573.35,1616.5,89125800,145175898000,0,0
2024-08-16,1671.65,1699.15,1655,1699.15,68479200,114985231500,0,0
2024-08-19,1695,1722.5,1670.85,1673.35,44932200,76228139000,0,0
2024-08-20,1685.85,1686.65,1660.15,1666.65,33085800,55290756400,0,0
2024-08-21,1642,1664.5,1637.5,1649.65,33996000,56050672100,0,0
2024-08-22,1641.65,1651.5,1625.5,1633.35,35692200,58403361100,0,0
2024-08-23,1634,1651.5,1619.15,1648.15,41416800,67796805800,0,0
2024-08-26,1636.85,1641.5,1586.65,1594.5,47440800,76166526200,0,0
2024-08-27,1583.35,1603.85,1567,1588.65,50787000,80700726400,0,0
2024-08-28,1591.65,1607.35,1585.65,1600.65,33828000,54027633600,0,0
2024-08-29,1603.5,1606.35,1589.15,1595.15,40145400,64089364900,0,0
2024-08-30,1600,1603,1582.15,1591.65,50770200,80737633100,0,0
2024-09-02,1603.35,1611.35,1589.35,1599.5,35397600,56691156600,0,0
2024-09-03,1612.35,1651.85,1606.15,1651.65,42997800,70283041000,0,0
2024-09-04,1601.65,1602.35,1559.5,1569.15,67258200,106249665800,0,0
2024-09-05,1537.5,1581.15,1528.5,1554,53323800,82993227300,0,0
2024-09-06,1550,1570.65,1523.65,1530,39697800,60976378200,0,0
2024-09-09,1480,1506.35,1466,1498.35,53666400,79790476600,0,0
2024-09-10,1505.15,1541.15,1505.15,1506,45330000,68921270700,0,0
2024-09-11,1488.65,1500.65,1467,1480.5,40614600,60326901300,0,0
2024-09-12,1508.35,1516.65,1495.15,1508.5,36452400,54901761500,0,0
2024-09-13,1502.5,1512.85,1489.5,1497,37847400,56859460600,0,0
2024-09-17,1494,1503.65,1433.5,1458.35,53859000,78407402900,0,0
2024-09-18,1473,1477,1454.65,1465.85,34467600,50492647100,0,0
2024-09-19,1493.35,1512,1488.5,1491,41152800,61725726600,0,0
2024-09-20,1513.65,1546,1510.85,1518.65,59857800,91342615300,0,0
2024-09-24,1541.65,1541.65,1511.15,1522.35,41364600,63028369400,0,0
2024-09-25,1513.35,1513.35,1478.65,1480.35,45556200,67752107500,0,0
2024-09-26,1495,1529,1490,1529,52957800,80040788900,0,0
2024-09-27,1513,1513.5,1474,1477.25,45405800,67494884600,0,0
2024-09-30,1525,1541.5,1495.25,1522.5,65281800,99324318700,0,0
2024-10-01,1532.5,1572.5,1512,1550.5,43526400,67515144600,0,0
2024-10-02,1516,1547.5,1513,1516,31188400,47568339700,0,0
2024-10-03,1530,1536.5,1491,1516,35944200,54241391900,0,0
2024-10-04,1521.5,1553,1519,1544.5,31038600,47835516000,0,0
2024-10-07,1589,1613.5,1577,1603.5,44434000,71132494800,0,0
2024-10-08,1605,1608,1539,1546.5,33837600,52758439900,0,0
2024-10-09,1556.5,1562,1538.5,1540.5,19678800,30445946400,0,0
2024-10-10,1575.5,1577.5,1553,1560.5,17508800,27327997200,0,0
2024-10-11,1581,1597.5,1575.5,1583.5,27860000,44248953900,0,0
2024-10-15,1625,1634.5,1604,1608.5,30126400,48702950200,0,0
2024-10-16,1589.5,1612,1578.5,1600,21147200,33834131700,0,0
2024-10-17,1613,1624,1601.5,1621,23041600,37269187700,0,0
2024-10-18,1640,1647.5,1624,1631.5,23169200,37876696000,0,0
2024-10-21,1615.5,1617,1596.5,1601,19152800,30715531100,0,0
2024-10-22,1590,1596.5,1566,1580,20426400,32303183200,0,0
2024-10-23,1575,1581,1556.5,1562,18341000,28715294500,0,0
2024-10-24,1546,1567,1534,1557.5,22367600,34739718500,0,0
2024-10-25,1549.5,1558.5,1535.5,1551.5,19075600,29526412200,0,0
2024-10-28,1524,1582.5,1523.5,1580,27321200,42776172200,0,0
2024-10-29,1585,1624,1584,1621,24897000,40129529000,0,0
2024-10-30,1625,1636.5,1613.5,1635,32814400,53516761500,0,0
2024-10-31,1630,1642.5,1622.5,1636.5,26848400,43846827600,0,0
2024-11-01,1619,1653.5,1611,1619.5,26469200,43143890100,0,0
2024-11-05,1630,1633.5,1614,1624,18114000,29441772200,0,0
2024-11-06,1648.5,1736.5,1640,1736.5,63374200,107730414400,0,0
2024-11-07,1841.5,1843,1762,1781.5,68576600,123278085500,0,0
2024-11-08,1782.5,1800,1764.5,1785.5,28431400,50664126300,0,0
2024-11-11,1790,1808.5,1765.5,1773.5,20734000,36988504500,0,0
2024-11-12,1810,1829,1790.5,1794,32228800,58223129700,0,0
2024-11-13,1808,1812.5,1785.5,1798,29126600,52387849100,0,0
2024-11-14,1795.5,1823.5,1788,1807,29621000,53519371900,0,0
2024-11-15,1822,1837.5,1802.5,1817.5,48142200,87570320000,0,0
2024-11-18,1807.5,1813.5,1779,1779,29834800,53558201800,0,0
2024-11-19,1798,1838.5,1796.5,1838,35414000,64581334600,0,0
2024-11-20,1826,1839,1807,1807.5,21477800,39055493700,0,0
2024-11-21,1807.5,1822,1793.5,1799.5,18919800,34184610500,0,0
2024-11-22,1809,1839,1806,1831.5,24618200,45048677300,0,0
2024-11-25,1844,1873,1839,1854,41682800,77354624900,0,0
2024-11-26,1825,1840.5,1789.5,1799.5,31119600,56348104500,0,0
2024-11-27,1799,1818,1786,1790,21674400,39017708100,0,0
2024-11-28,1779,1824.5,1772,1823,22693400,41018705300,0,0
2024-11-29,1825.5,1849,1816,1843,24869800,45649388400,0,0
2024-12-02,1863,1915,1860,1911.5,49556000,94019424100,0,0
2024-12-03,1930,1944,1923.5,1935,44319000,85732779700,0,0
2024-12-04,1935,1939.5,1878,1879.5,33914800,64641371500,0,0
2024-12-05,1893,1905,1872,1893,24291800,45862130700,0,0
2024-12-06,1885,1891.5,1863,1880.5,20852400,39127012900,0,0
2024-12-09,1885,1904,1859.5,1902.5,25082600,47492082200,0,0
2024-12-10,1912,1914,1884,1895.5,18947800,35918291100,0,0
2024-12-11,1895,1906,1884.5,1905.5,22421200,42553429100,0,0
2024-12-12,1915,1917.5,1898.5,1903.5,29640200,56548001100,0,0
2024-12-13,1883,1898,1875,1883.5,30323200,57120010600,0,0
2024-12-16,1900,1910.5,1876,1880,20934000,39558481800,0,0
2024-12-17,1875,1886,1840.5,1842,29592200,54911539900,0,0
2024-12-18,1820.5,1847,1816.5,1829.5,23570000,43095040700,0,0
2024-12-19,1807.5,1878.5,1805.5,1872,30636600,56753273200,0,0
2024-12-20,1850,1856.5,1820,1825.5,31046200,56899234400,0,0
2024-12-23,1826,1854,1824,1847,21163800,38985517100,0,0
2024-12-24,1869.5,1878.5,1861.5,1871,15727600,29389300500,0,0
2024-12-25,1872,1872,1845.5,1860.5,13997200,25961850700,0,0
2024-12-26,1867,1872,1856,1871,17452200,32566221100,0,0
2024-12-27,1875,1888.5,1870.5,1883.5,18332600,34506537000,0,0
2024-12-30,1905,1923.5,1877.5,1882,23222400,43995581600,0,0
2025-01-06,1910,1912,1871,1891,24595400,46484514400,0,0
2025-01-07,1919.5,1955,1904.5,1933.5,38834800,75110563300,0,0
2025-01-08,1935,1959.5,1933,1943.5,27654600,53737981800,0,0
2025-01-09,1934,1950.5,1919,1920,24361000,46982724700,0,0
2025-01-10,1901.5,1907.5,1875,1877,27466200,51781337300,0,0
2025-01-14,1877,1883,1840.5,1856,29601200,54915562200,0,0
2025-01-15,1891,1903.5,1879,1900.5,22828000,43222645600,0,0
2025-01-16,1908.5,1939,1900.5,1904.5,26197800,50163390600,0,0
2025-01-17,1891,1894.5,1844,1890,31095600,58213094400,0,0
2025-01-20,1914.5,1919.5,1897,1915.5,20990600,40119176700,0,0
2025-01-21,1920,1928.5,1880.5,1902.5,18926800,36057037100,0,0
2025-01-22,1911.5,1914,1887.5,1888,22442600,42571819200,0,0
2025-01-23,1900,1901.5,1863.5,1886,27975600,52658861300,0,0
2025-01-24,1886,1903.5,1857.5,1875,35970600,67476257200,0,0
2025-01-27,1905,1937,1900.5,1904,33545600,64323079200,0,0
2025-01-28,1922.5,1964,1916,1945.5,35964600,69838392600,0,0
2025-01-29,1954.5,1957.5,1932.5,1949.5,35534000,69169242300,0,0
2025-01-30,1933.5,1949.5,1912,1942,40116800,77712422100,0,0
2025-01-31,1950,1950,1920.5,1934,26200600,50726846200,0,0
2025-02-03,1890,1905,1868.5,1877.5,39405600,74213913100,0,0
2025-02-04,1912.5,1913.5,1876.5,1891,32846200,62352648100,0,0
2025-02-05,1907.5,1927.5,1876.5,1888.5,32970200,62612277000,0,0
2025-02-06,1897.5,1900,1868,1880,26764800,50358127000,0,0
2025-02-07,1891.5,1894,1864,1873,18405800,34513154100,0,0
2025-02-10,1879.5,1886.5,1840.5,1845,24726000,45839565700,0,0
2025-02-12,1863.5,1867,1848,1865,24226200,45035026500,0,0
2025-02-13,1872.5,1895,1869,1891.5,24838200,46821419100,0,0
2025-02-14,1891,1905.5,1884.5,1901.5,19352200,36698008600,0,0
2025-02-17,1901.5,1953.5,1900.5,1938.5,35313000,68362159200,0,0
2025-02-18,1952,1967,1936,1954.5,32668000,63812041600,0,0
2025-02-19,1969.5,2011,1966.5,1994.5,55508600,110743026400,0,0
2025-02-20,1986,1999.5,1934,1958.5,39888400,78368315500,0,0
2025-02-21,1945,1953,1929,1942.5,22987200,44612592300,0,0
2025-02-25,1897,1945,1893.5,1934.5,27425600,52731828900,0,0
2025-02-26,1921,1922,1894.5,1913,29465800,56214079900,0,0
2025-02-27,1917,1937,1912.5,1937,24463800,47130686800,0,0
2025-02-28,1925,1932,1891.5,1896,41008600,77909511200,0,0
2025-03-03,1925.5,1945,1909,1926,20453000,39338811400,0,0
2025-03-04,1915,1921.5,1886.5,1894.5,21001400,39854967200,0,0
2025-03-05,1876,1897.5,1862.5,1887.5,22013200,41426072900,0,0
2025-03-06,1900,1919,1892.5,1919,23785600,45418837100,0,0
2025-03-07,1894.5,1895.5,1872,1877,24730600,46512434700,0,0
2025-03-10,1882.5,1883.5,1855,1855,19969000,37310949800,0,0
2025-03-11,1805.5,1829,1760.5,1829,37392800,67348991800,0,0
2025-03-12,1852.5,1882.5,1843,1872.5,28748000,53761451400,0,0
2025-03-13,1882.5,1917,1875.5,1908,27796800,52853264800,0,0
2025-03-14,1903.5,1937,1891,1933.5,32180200,61789492900,0,0
2025-03-17,1946,1961.5,1943.5,1946,22491600,43862248400,0,0
2025-03-18,1979.5,1998.5,1963,1991,33669800,66881685700,0,0
2025-03-19,1985.5,1996,1973,1991,24331800,48432682400,0,0
2025-03-21,2012,2070,2012,2064.5,58475200,119755838900,0,0
2025-03-24,2049.5,2057,2016.5,2018.5,22488600,45712875200,0,0
2025-03-25,2030.5,2033,1988,1993.5,24612800,49282623900,0,0
2025-03-26,2000,2010,1984,2005.5,24246000,48491492500,0,0
2025-03-27,2012,2034,2001.5,2034,29948000,60644175400,0,0
2025-03-28,2003,2006,1959.5,1968,37204000,73395406200,0,0
2025-03-31,1900,1919.5,1865.5,1897.5,40634000,77114210600,0,0
2025-04-01,1932.5,1934,1860,1872,28070800,52989407700,0,0
2025-04-02,1870.5,1872.5,1822,1840.5,31361200,57746094900,0,0
2025-04-03,1724.5,1744.5,1677.5,1699,85215600,145551765300,0,0
2025-04-04,1588.5,1604.5,1507.5,1562.5,87923400,136376859100,0,0
2025-04-07,1292.5,1474.25,1280.25,1434.75,120238400,168338831400,0,0
2025-04-08,1527.5,1597.5,1526,1591,64846600,102032002100,0,0
2025-04-09,1527,1544.5,1490.25,1513.5,60364800,91463683900,0,0
2025-04-10,1719.5,1719.5,1595.5,1610.5,82066000,134472553900,0,0
2025-04-11,1505.5,1549.5,1495.25,1533.5,52780000,79938513300,0,0
2025-04-14,1548,1601,1547.5,1560,31126400,48950263100,0,0
2025-04-15,1588,1619,1578.5,1611,33908000,54443929900,0,0
2025-04-16,1624,1630,1555.5,1569.5,29009200,46047557200,0,0
2025-04-17,1574.5,1605.5,1563.5,1605.5,21895600,34771177300,0,0
2025-04-18,1619,1624,1600.5,1615,18254600,29477807600,0,0
2025-04-21,1601.5,1605,1572,1581,17826800,28243384400,0,0
2025-04-22,1560.5,1579.5,1554,1571.5,20258200,31799208000,0,0
2025-04-23,1625,1629.5,1594.5,1600,29297200,47141306000,0,0
2025-04-24,1625,1644,1620.5,1628,32580800,53116220300,0,0
2025-04-25,1650,1654,1629,1645.5,24002800,39447280700,0,0
2025-04-28,1667,1687.5,1660,1678.5,25790400,43281502600,0,0
2025-04-30,1683,1716,1680.5,1700,35448000,60189412200,0,0
2025-05-01,1710,1711,1653.5,1673.5,31300600,52650579900,0,0
2025-05-02,1654,1682,1619,1641,37882200,62293004300,0,0
2025-05-07,1641.5,1679.5,1639.5,1670.5,38777600,64303745200,0,0
2025-05-08,1677.5,1685,1657.5,1666,19801000,33018101600,0,0
2025-05-09,1696.5,1713,1690.5,1713,29362000,50036936700,0,0
2025-05-12,1727,1736,1709,1728,22445400,38713456400,0,0
2025-05-13,1807.5,1823,1779,1779,37587200,67658770500,0,0
2025-05-14,1823,1837,1790.5,1816,35558000,64379499600,0,0
2025-05-15,1816,1826.5,1757,1758.5,46452400,83006053800,0,0
2025-05-16,1772,1777,1714,1730.5,48964000,85318089800,0,0
2025-05-19,1719.5,1743,1710.5,1733.5,21816200,37726805800,0,0
2025-05-20,1746.5,1777,1744,1767,28891600,50953169400,0,0
2025-05-21,1775,1798,1771.5,1784,30220800,53982972600,0,0
2025-05-22,1782.5,1795,1766.5,1790,25570800,45663637300,0,0
2025-05-23,1792,1816,1787,1808.5,30036200,54240350200,0,0
2025-05-26,1807,1814,1792.5,1801.5,20478800,36892598800,0,0
2025-05-27,1785.5,1810.5,1783.5,1810.5,18734000,33671514500,0,0
2025-05-28,1834.5,1843.5,1813,1813,26120600,47610647000,0,0
2025-05-29,1818.5,1849,1818,1841,29970800,55097018300,0,0
2025-05-30,1817.5,1850,1813,1850,37862200,69595319100,0,0
2025-06-02,1832.5,1839,1823,1830,18028600,32995314900,0,0
2025-06-03,1811,1827.5,1804.5,1820,22931200,41649177700,0,0
2025-06-04,1832,1842,1828,1834.5,17396400,31913949200,0,0
2025-06-05,1811,1820.5,1790,1798,23361400,42123286700,0,0
2025-06-06,1807,1820,1802,1807.5,16871000,30526563300,0,0
2025-06-09,1823,1834,1818,1826,15100000,27573862000,0,0
2025-06-10,1830,1836.5,1809,1814,19231000,35032844900,0,0
2025-06-11,1814,1822.5,1793.5,1794.5,20419600,36791462400,0,0
2025-06-12,1795,1816,1791.5,1814,18533800,33481390200,0,0
2025-06-13,1814,1818,1771,1785,31607800,56672782600,0,0
2025-06-16,1799,1803.5,1789.5,1802.5,20965600,37721838600,0,0
2025-06-17,1805,1820,1803.5,1814,16833600,30523393800,0,0
2025-06-18,1791.5,1806,1787.5,1805,19041200,34248176900,0,0
2025-06-19,1802.5,1809,1789.5,1792,14264600,25628795900,0,0
2025-06-20,1784.5,1812,1782,1790,30934000,55515483800,0,0
2025-06-23,1790,1797.5,1775.5,1789,16163600,28886527100,0,0
2025-06-24,1810,1813.5,1791,1811,14111400,25481718600,0,0
2025-06-25,1810.5,1812,1780.5,1801.5,15586200,27986414600,0,0
2025-06-26,1785,1807.5,1784,1807.5,21557600,38720992700,0,0
2025-06-27,1802.5,1820,1795,1812.5,24172600,43747969300,0,0
2025-06-30,1826,1826.5,1798.5,1817,28166800,51125188000,0,0
2025-07-01,1817,1817,1790,1815.5,21701000,39154849000,0,0
2025-07-02,1801,1818,1795.5,1810,21074600,38125885600,0,0
2025-07-03,1825,1831.5,1808.5,1830.5,21941800,40036782300,0,0
2025-07-04,1850,1865,1842.5,1846,26479200,49021913900,0,0
2025-07-07,1846,1853.5,1806,1807,23017800,41849500100,0,0
2025-07-08,1785,1807.5,1780,1793.5,30051600,53896060000,0,0
2025-07-09,1804,1808.5,1788.5,1807.5,24365800,43923099100,0,0
2025-07-10,1795.5,1799,1786.5,1797.5,29623000,53150641100,0,0
2025-07-11,1802,1842.5,1799.5,1825,26728400,48757556600,0,0
2025-07-14,1813.5,1825,1802,1819,16707000,30287629400,0,0
2025-07-15,1824,1860,1816.5,1822,23868000,43832768800,0,0
2025-07-16,1811.5,1813.5,1795,1798.5,20757600,37408826200,0,0
2025-07-17,1795,1810,1792,1804.5,15246400,27500865200,0,0
2025-07-18,1824.5,1831,1799,1799,19019600,34380158200,0,0
2025-07-22,1811,1830,1800,1818.5,23707800,42990060200,0,0
2025-07-23,1867.5,1939,1855.5,1910.5,65694800,124751183500,0,0
2025-07-24,1963.5,2002.5,1961,2001,58524400,116167681400,0,0
2025-07-25,1983,1996,1975,1992,23350800,46424103700,0,0
2025-07-28,1981,1982,1933.5,1938,25741200,50258620300,0,0
2025-07-29,1938,1938,1901,1903.5,20588600,39369005600,0,0
2025-07-30,1904,1927.5,1903,1921,17298600,33184756600,0,0
2025-07-31,1916,1934.5,1911,1927.5,25550800,49182301900,0,0
2025-08-01,1897.5,1925.5,1880.5,1911.5,27017800,51622470200,0,0
2025-08-04,1841.5,1857.5,1826.5,1857,30706000,56644817700,0,0
2025-08-05,1875,1881,1855,1871.5,20218600,37777714700,0,0
2025-08-06,1878.5,1892.5,1876,1886.5,19217600,36231844500,0,0
2025-08-07,1890,1918,1885.5,1912,18391200,35110777100,0,0
2025-08-08,1915,1942.5,1909.5,1925.5,30075400,57909632700,0,0
2025-08-12,1947.5,1998.5,1941.5,1986,40247200,79634043700,0,0
2025-08-13,2000,2006,1971.5,2002,30259600,60388764600,0,0
2025-08-14,2003,2037.5,1992,2037.5,38817600,78540859800,0,0
2025-08-15,2064.5,2134,2063.5,2132.5,50351600,106430162600,0,0
2025-08-18,2132.5,2132.5,2082,2083.5,27444800,57619923700,0,0
2025-08-19,2098,2099,2048.5,2058,18751800,38752067000,0,0
2025-08-20,2052.5,2073.5,2032.5,2052,23736600,48726747400,0,0
2025-08-21,2050,2052.5,2027.5,2041.5,18713000,38155781000,0,0
2025-08-22,2059,2068.5,2048,2063.5,17394200,35834597100,0,0
2025-08-25,2084,2085,2055,2072,15430200,31950324900,0,0
2025-08-26,2057.5,2070,2033.5,2051,21476000,44003051600,0,0
2025-08-27,2050,2053,2032,2033.5,13736200,27995396700,0,0
2025-08-28,2021,2038.5,2013,2031.5,17418200,35369893800,0,0
2025-08-29,2028.5,2033,2015.5,2024,14849600,30046898500,0,0
2025-09-01,2020.5,2038,1999,2004.5,15249800,30679911400,0,0
2025-09-02,2009.5,2041,2004,2041,15997200,32434246800,0,0
2025-09-03,2033.5,2036,1962.5,1976.5,31003400,61665259700,0,0
2025-09-04,1992,2039.5,1984,2035.5,24888800,50232503000,0,0
2025-09-05,2035.5,2047,2022,2042,22438800,45687754700,0,0
2025-09-08,2029,2047,2010,2045,21137600,42964735400,0,0
2025-09-09,2042.5,2048,2007.5,2016,20919200,42426734600,0,0
2025-09-10,2025,2062,2023.5,2061.5,26767800,54833259300,0,0
2025-09-11,2058.5,2060,2035.5,2042.5,16123200,33008268500,0,0
2025-09-12,2057,2057,2041.5,2050,24580800,50432821100,0,0
2025-09-16,2050,2051,2032.5,2034,21938600,44732268200,0,0
2025-09-17,2034,2036.5,2011,2025.5,18266000,36989296100,0,0
2025-09-18,2034,2042.5,2022.5,2040,15857800,32290817700,0,0
2025-09-19,2050,2095.5,2046.5,2073.5,45758800,94620524800,0,0
2025-09-22,2082.5,2101,2077,2093.5,22182000,46381736500,0,0
2025-09-24,2092,2102.5,2075.5,2096,23433200,49024585700,0,0
2025-09-25,2103,2128.5,2095,2111,28302800,59761967000,0,0
2025-09-26,2109.5,2135,2097,2121.5,33147600,70294883900,0,0
2025-09-29,2085,2086.5,2052.5,2052.5,32038200,65970977500,0,0
2025-09-30,2070,2100.5,2042.5,2088,25815000,53572585200,0,0
2025-10-01,2061.5,2063.5,2013.5,2023.5,29767800,60516569900,0,0
2025-10-02,2002.5,2033.5,1996,2002.5,23398000,47027686800,0,0
2025-10-03,1999.5,2038.5,1998.5,2024,17478200,35376561300,0,0
2025-10-06,2012,2043,1973.5,2026.5,38965200,78440641400,0,0
2025-10-07,2045,2048.5,2017.5,2026.5,25408000,51590305600,0,0
2025-10-08,2050,2081,2038,2062.5,27025400,55786617400,0,0
2025-10-09,2060.5,2069.5,2041,2049,23958600,49177341300,0,0
2025-10-10,2033,2038,1994,1995.5,28253600,56749035900,0,0
2025-10-14,1962.5,1979,1934,1942.5,41527400,81111070200,0,0
2025-10-15,1957.5,1987,1957.5,1978.5,21069600,41614844500,0,0
2025-10-16,2019.5,2023.5,1998.5,2012,17380800,34978121600,0,0
2025-10-17,1966.5,1972,1950,1950,26241000,51398812400,0,0
2025-10-20,1985,2042,1966,2042,27999600,56287279000,0,0
2025-10-21,2051.5,2062.5,2033.5,2043.5,27446000,56212355000,0,0
2025-10-22,2025,2059,2022,2043.5,17272800,35336951500,0,0
2025-10-23,2042.5,2043,2013,2019.5,16782200,33920391400,0,0
2025-10-24,2026.5,2028.5,2013.5,2016.5,14327000,28939051000,0,0
2025-10-27,2050,2063,2038,2049.5,19391600,39795382700,0,0
2025-10-28,2050.5,2067.5,2042.5,2057.5,19081400,39229756700,0,0
2025-10-29,2057,2065.5,2037.5,2040.5,18464400,37867190000,0,0
2025-10-30,2062,2081,2055.5,2065.5,68787400,142149456800,0,0
2025-10-31,2066,2081.5,2060,2081.5,21031800,43629596400,0,0
2025-11-04,2081.5,2094,2048.5,2075,21712600,45022234600,0,0
2025-11-05,2059.5,2068.5,1997,2035.5,34775600,70711962000,0,0
2025-11-06,2055,2106.5,2052,2101.5,27092200,56634660300,0,0
2025-11-07,2069.5,2087.5,2059,2081,21807400,45242422400,0,0
2025-11-10,2101.5,2114,2092.5,2094.5,21932400,46089649900,0,0
2025-11-11,2114,2119,2085.5,2099,14707600,30887010400,0,0
2025-11-12,2109,2151.5,2105.5,2140,26486600,56523153000,0,0
2025-11-13,2166.5,2185,2155,2165.5,24961000,54133358900,0,0
2025-11-14,2150,2177,2137,2165,24657600,53303745000,0,0
2025-11-17,2270,2293,2232.5,2264,47240600,106771573200,0,0
2025-11-18,2240,2258,2179.5,2179.5,32334800,71517767800,0,0
2025-11-19,2205,2226,2176.5,2187,26318200,57871615900,0,0
2025-11-20,2230.5,2241,2206.5,2208,26130400,57968680600,0,0
2025-11-21,2175,2235.5,2170,2224.5,35573800,78799277700,0,0
2025-11-25,2259.5,2260,2205.5,2228.5,28385200,63412774400,0,0
2025-11-26,2245.5,2319,2240,2312,37504800,85898843000,0,0
2025-11-27,2343.5,2380,2337.5,2337.5,27699800,65239040900,0,0
2025-11-28,2328,2360.5,2323.5,2349,20935600,49156991400,0,0
2025-12-01,2392.5,2423,2370,2385.5,37375000,89556573400,0,0
2025-12-02,2450.5,2459,2402,2459,41760000,101922180300,0,0
2025-12-03,2434.5,2441.5,2401.5,2408.5,30663400,74027633800,0,0
2025-12-04,2404.5,2452.5,2396.5,2450,26854200,65426987000,0,0
2025-12-05,2452.5,2483,2437,2474.5,32513200,80063868400,0,0
2025-12-08,2452,2458.5,2440.5,2454,20150000,49391310800,0,0
2025-12-09,2459,2459.5,2424.5,2424.5,22286200,54408960600,0,0
2025-12-10,2420,2438.5,2410.5,2430,22698000,55035350700,0,0
2025-12-11,2452,2463.5,2416.5,2420.5,20989600,51218075300,0,0
2025-12-12,2454.5,2498.5,2452.5,2486.5,36548800,90606667000,0,0
2025-12-15,2502.5,2553.5,2496,2545,30651800,77658149100,0,0
2025-12-16,2557,2557,2456,2456,34933200,87137372300,0,0
2025-12-17,2463.5,2482,2440,2459,24459000,60213062300,0,0
2025-12-18,2456,2483,2446,2456,29528400,72786913100,0,0
2025-12-19,2464.5,2528,2464,2510,40668200,101819121800,0,0
2025-12-22,2541.5,2555.5,2517,2532,26873600,68073534900,0,0
2025-12-23,2535,2573.5,2527,2564.5,27189000,69498328500,0,0
2025-12-24,2563.5,2583.5,2544,2548,18993800,48612133000,0,0
2025-12-25,2561,2561.5,2529,2543.5,7862600,20001828600,0,0
2025-12-26,2543,2562.5,2536,2550.5,12190400,31099991900,0,0
2025-12-29,2544.5,2574,2536.5,2560.5,15864000,40606385100,0,0
2025-12-30,2545,2547.5,2520.5,2520.5,20923000,53020081900,0,0
2026-01-05,2580,2593.5,2572,2591.5,26955000,69698530300,0,0
2026-01-06,2620.5,2671,2618,2665,28879600,76707176400,0,0
2026-01-07,2648.5,2651.5,2606,2606,32078200,84281318200,0,0
2026-01-08,2575.5,2582,2548.5,2551.5,32224200,82597462400,0,0
2026-01-09,2573.5,2631.5,2568,2626.5,39779800,103971324300,0,0
2026-01-13,2679,2707.5,2664.5,2707.5,37003200,99618847000,0,0
2026-01-14,2744,2777.5,2713,2777.5,32085000,88192365800,0,0
2026-01-15,2777.5,2837.5,2761.5,2837.5,43146600,120937632500,0,0
2026-01-16,2842.5,2857.5,2813,2813,35869600,101582819500,0,0
2026-01-19,2808.5,2841.5,2787.5,2835.5,24395200,68741388200,0,0
2026-01-20,2830,2832.5,2790,2797,23729600,66641195600,0,0
2026-01-21,2750,2754,2697.5,2697.5,36336800,98730823900,0,0
2026-01-22,2747.5,2750,2704,2704,23722600,64586202900,0,0
2026-01-23,2710.5,2779.5,2709.5,2770.5,24991800,68972545100,0,0
2026-01-26,2678.5,2741.5,2676.5,2693.5,23897800,64579973600,0,0
2026-01-27,2700,2729,2676.5,2715,23438600,63492905500,0,0
2026-01-28,2700,2707,2669.5,2673,24212200,64926980900,0,0
2026-01-29,2705.5,2721,2665.5,2710.5,22953200,61900047300,0,0
2026-01-30,2725,2746,2707.5,2736,28350400,77533810600,0,0
2026-02-02,2775,2777,2643,2643,37478200,101113635600,0,0
2026-02-03,2741.5,2777.5,2708.5,2773,32177000,88561266000,0,0
2026-02-04,2774.5,2824,2755.5,2815,30705400,85886239600,0,0
2026-02-05,2835,2848.5,2794.5,2826.5,28633200,80848989800,0,0
2026-02-06,2792,2955,2769.5,2955,41216000,118982452100,0,0
2026-02-09,3055,3071.5,2970,2992,34566800,103949942800,0,0
2026-02-10,3001,3080.5,2996.5,3067,34317200,104629929400,0,0
2026-02-12,3049.5,3142,3023,3102,34580600,107089638900,0,0
2026-02-13,3068,3099,3031,3031,23013000,70380666200,0,0
2026-02-16,2986.5,3009.5,2924.5,2928,26218200,77413286600,0,0
2026-02-17,2902,2936.5,2858,2858,22753000,65626757000,0,0
2026-02-18,2951.5,2957,2925,2939,20131000,59250285700,0,0
2026-02-19,2989,3064.5,2982.5,3064.5,28871400,87437573100,0,0
2026-02-20,3022.5,3024,2969.5,2981.5,24904400,74340082200,0,0
2026-02-24,2940,2945,2893,2904,28492400,82896460100,0,0
2026-02-25,2895,2899.5,2821.5,2849.5,31661800,90379159200,0,0
2026-02-26,2917,2951.5,2912.5,2945,26708200,78352550000,0,0
2026-02-27,2943,2998.5,2917.5,2998.5,34260000,102002827000,0,0
2026-03-02,2845.5,2899,2797.5,2863.5,41785200,119395766000,0,0
2026-03-03,2842.5,2877.5,2767.5,2781,39115200,109969544900,0,0
2026-03-04,2637.5,2711,2549,2599.5,63846200,167082718500,0,0
2026-03-05,2701.5,2741.5,2651.5,2696,47155600,127556093400,0,0
2026-03-06,2646,2711.5,2639.5,2711.5,23622400,63432641100,0,0
2026-03-09,2525,2618,2514,2605,43062400,110176343100,0,0
2026-03-10,2655,2701,2625.5,2678,26796400,71465375500,0,0
2026-03-11,2700,2734.5,2651,2651,23897600,64316194600,0,0
2026-03-12,2640,2643.5,2531,2577,33540400,86415074300,0,0
2026-03-13,2493.5,2565.5,2493,2554,29490400,74601372900,0,0
2026-03-16,2535,2564.5,2512,2540,20537200,52127125200,0,0
2026-03-17,2590,2610,2536,2563,18148000,46616672800,0,0
2026-03-18,2597,2633.5,2581,2628,23320800,60977692700,0,0
2026-03-19,2594,2604,2564,2578,27451400,70861375200,0,0
2026-03-23,2500,2515,2467.5,2504.5,29913000,74705741300,0,0
2026-03-24,2561,2574,2523.5,2574,24140400,61699674700,0,0
2026-03-25,2650,2686,2631,2655.5,32278800,85743807900,0,0
2026-03-26,2665,2668.5,2601,2623,25752400,67621421200,0,0
2026-03-27,2594.5,2642.5,2594,2623,34063600,89308420800,0,0
2026-03-30,2483.5,2530,2463.5,2526.5,37025200,92921324800,0,0
2026-03-31,2477.5,2598,2477.5,2503,30163400,76101472000,0,0
2026-04-01,2640.5,2737.5,2617.5,2727.5,38074000,102466033300,0,0
2026-04-02,2777.5,2778,2671,2694,31752400,86169255700,0,0
2026-04-03,2718,2729,2675.5,2686.5,14586800,39321870500,0,0
2026-04-06,2696,2722,2684,2689.5,14188200,38322817500,0,0
2026-04-07,2706,2740,2696,2709,17510600,47503754800,0,0
2026-04-08,2850,2852.5,2799,2810.5,33475600,94307303000,0,0
2026-04-09,2819.5,2838,2773,2776,24661000,68924870900,0,0
2026-04-10,2776,2801,2768,2768,18684000,51972891600,0,0
2026-04-13,2775,2820.5,2760,2788.5,18214200,50766461300,0,0
2026-04-14,2812.5,2815,2761,2769.5,21624000,60157162400,0,0
2026-04-15,2807.5,2849.5,2805.5,2825,25108000,70962625900,0,0
2026-04-16,2845,2869,2830,2845,23160200,66048352500,0,0
2026-04-17,2830,2831,2779.5,2799,22782200,63785827900,0,0
2026-04-20,2811.5,2820,2784,2787.5,15196200,42548296000,0,0
2026-04-21,2795,2795,2726,2735.5,18268400,50194831700,0,0
2026-04-22,2734,2741.5,2694,2721,18704400,50793880500,0,0
2026-04-23,2702,2714,2648.5,2675,25894400,69314891800,0,0
2026-04-24,2691.5,2694.5,2649,2673.5,15765200,42161201100,0,0
2026-04-27,2656.5,2710.5,2634,2702,18845400,50630700400,0,0
2026-04-28,2735,2833.5,2718.5,2824,31082400,87007327100,0,0
2026-04-30,2804.5,2804.5,2710,2756,30484400,83703667500,0,0
2026-05-01,2756,2781,2715.5,2770.5,17423800,48027571400,0,0
2026-05-07,2825,2865,2787,2844.5,34299000,97387786800,0,0
2026-05-08,2794.5,2802.5,2749,2773,24962800,69273192200,0,0
2026-05-11,2800,2834.5,2776.5,2830.5,25062800,70577491200,0,0
2026-05-12,2875,2897.5,2838,2894.5,24413400,70226629600,0,0
2026-05-13,2917.5,2944.5,2897.5,2926,24175400,70659477400,0,0
2026-05-14,2867.5,2902,2822,2837.5,37285800,106548460200,0,0
2026-05-18,2879,2908.5,2851.5,2866,29469600,84705085500,0,0
2026-05-19,2947.5,2987,2922.5,2971,42356800,125060443000,0,0
2026-05-20,3044,3054.5,2921,2941,36290800,107859604200,0,0
2026-05-21,3025,3091.5,3015.5,3015.5,36425200,110779638100,0,0
2026-05-22,3022.5,3041.5,2989,3003,24752600,74523786500,0,0
2026-05-25,3005,3043,2985,3028,26410000,79663690300,0,0
2026-05-26,3000,3042,2991,3032.5,20864800,63046620200,0,0
2026-05-27,3008.5,3015,2966.5,2975,26438600,78848934600,0,0
2026-05-28,2957,2969.5,2905,2924.5,30188200,88539145400,0,0
2026-05-29,2925,2972,2909.5,2909.5,35234000,103115216200,0,0
2026-06-01,2907.5,2969.5,2896.5,2930.5,21788000,63988533200,0,0
2026-06-02,2940,2975.5,2897,2975.5,25805600,76152752700,0,0
2026-06-03,3020,3078,3006,3074,31383200,95593080100,0,0
2026-06-04,3058,3109,3002.5,3064.5,26791400,81939052600,0,0
2026-06-05,3142,3204,3106.5,3115,28699600,90004358400,0,0
2026-06-08,3068,3092.5,3014,3052.5,30253400,92192809700,0,0
2026-06-09,3090,3127,3068.5,3091,30666600,94817530700,0,0
2026-06-10,3129,3192.5,3103.5,3113.5,43627200,137085021700,0,0
2026-06-11,3063.5,3116.5,3038.5,3101.5,33414200,103209551200,0,0
2026-06-12,3175,3219.5,3154.5,3203,47921400,152868047700,0,0
2026-06-15,3253,3362.5,3247.5,3259.5,36056400,118816673500,0,0
2026-06-16,3227.5,3240.5,3181.5,3204.5,27126800,87034597400,0,0
2026-06-17,3272,3289,3225,3225,24811400,80574577700,0,0
2026-06-18,3300,3366.5,3286.5,3364,29676800,99237425900,0,0
2026-06-19,3351,3355.5,3235.5,3241,40098200,130962470400,0,0
2026-06-22,3235.5,3326.5,3228,3322.5,24277400,79925559600,0,0
2026-06-23,3290.5,3318.5,3229,3229,23726800,77530456800,0,0
2026-06-24,3258,3258.5,3169,3178,23805800,76165732100,0,0
2026-06-25,3215,3215.5,3160,3170,20941800,66671767700,0,0
2026-06-26,3170,3207.5,3155.5,3195.5,22194600,70682578200,0,0
2026-06-29,3207.5,3224.5,3143.5,3172,21763000,69142433900,0,0
2026-06-30,3186.5,3218,3164.5,3173,19414200,61816274400,0,0
2026-07-01,3173,3237,3173,3216.5,17537000,56419287000,0,0
2026-07-02,3250,3318,3234.5,3286.5,23747600,78099440100,0,0
2026-07-03,3324.5,3342.5,3291.5,3336,18818200,62561843800,0,0
2026-07-06,3334,3407.5,3316,3400,20825000,70334111100,0,0
2026-07-07,3440,3485,3406,3406,31054200,106731401900,0,0
2026-07-08,3441.5,3456.5,3392.5,3405.5,24688000,84466271500,0,0
2026-07-09,3368.5,3408,3351,3408,16527000,55973493800,0,0
2026-07-10,3450,3459,3386,3407,20681000,70693619900,0,0
2026-07-13,3445,3514.5,3441.5,3462.5,25963200,90280939500,0,0
2026-07-14,3451,3500,3421.5,3483.5,23609400,81930062200,0,0
2026-07-15,3550,3568.5,3488,3560.5,28525600,100959224800,0,0
2026-07-16,3546,3558,3499.5,3515,25913400,91456155300,0,0
2026-07-17,3515,3515,3288,3360.5,35452400,119929726500,0,0
2026-07-21,3385,3485.5,3367,3475.5,27613800,95047672800,0,0
2026-07-22,3510,3573.5,3486,3536,26343200,93227589700,0,0
2026-07-23,3500,3606,3499.5,3583.5,26445400,94664233000,0,0
2026-07-24,3532.5,3590.5,3527.5,3580.5,19140600,68233786100,0,0
2026-07-27,3600,3630,3565,3607,23283600,83803858000,0,0
2026-07-28,3550,3570.5,3461.5,3467,29643200,103604660500,0,0
2026-07-29,3428.5,3466,3365.5,3438,33169600,113378595900,0,0
2026-07-30,3365,3393.5,3333,3333,31776400,106620100100,0,0
2026-07-31,3395,3455.5,3347,3407,31448800,107380788600,0,0
2026-08-03,3350,3356.5,3210,3307,42161200,138356541700,0,0
2026-08-04,3282.5,3316,3255,3257.5,23872800,78180737200,0,0
2026-08-05,3280,3335,3237,3333,23874800,78830460700,0,0
2026-08-06,3350,3411.5,3340.5,3390.5,21372000,72336429300,0,0
2026-08-07,3420,3420,3362,3391,19016000,64554278200,0,0
2026-08-10,3375.5,3382,3297.5,3314.5,21775600,72441412100,0,0
2026-08-12,3385,3435.5,3363,3428.5,24782800,84516917600,0,0
2026-08-13,3465,3490,3414.5,3484.5,24313600,84129670500,0,0
2026-08-14,3484.5,3517.5,3466,3484.5,21224400,74068301100,0,0
2026-08-17,3494,3512.5,3449,3459,16046000,55621382600,0,0
2026-08-18,3458,3502,3449,3450,17812400,61862968900,0,0
2026-08-19,3350,3350,3284,3284,30947000,102442325300,0,0
2026-08-20,3275,3294.5,3233.5,3273,19756800,64612773300,0,0
2026-08-21,3251,3314.5,3246.5,3303,15408000,50659905100,0,0
2026-08-24,3330,3330,3267,3296.5,13990200,46062176700,0,0
2026-08-25,3286.5,3324,3283,3316.5,13580400,44920307300,0,0
2026-08-26,3366.5,3384,3331.5,3366,20304800,68267464600,0,0
2026-08-27,3391,3415,3362,3397,18466000,62609140300,0,0
2026-08-28,3397,3468.5,3385,3451,27830400,95773454500,0,0
2026-08-31,3439,3502,3388,3487.5,25700200,89152739800,0,0
2026-09-01,3447.5,3521.5,3432.5,3504.5,21430600,74872838700,0,0
2026-09-02,3475,3505,3454.5,3485.5,24297600,84521159400,0,0
2026-09-03,3529.5,3587.5,3510,3544.5,30874600,109752638200,0,0
2026-09-04,3590.5,3590.5,3482,3541.5,29951800,105652307700,0,0
2026-09-07,3500,3547,3476,3488,21818200,76281072500,0,0
2026-09-08,3443.5,3522.5,3408.5,3464,20088800,69929448700,0,0
2026-09-09,3443,3476.5,3400.5,3400.5,19934600,68381200700,0,0
2026-09-10,3395,3470.5,3385,3450.5,20109000,69203675400,0,0
2026-09-11,3385,3472.5,3376.5,3455.5,29030600,99251847400,0,0
2026-09-14,3435,3515.5,3419,3515,20633000,72072463800,0,0
2026-09-15,3467.5,3497.5,3401,3421,26317200,90625809300,0,0
2026-09-16,3431,3487,3421,3421,20440200,70588082500,0,0
2026-09-17,3442,3480,3411,3439,20472000,70550949100,0,0
2026-09-18,3420,3445.5,3353,3415,37974600,129191154900,0,0
2026-09-24,3377.5,3387.5,3337.5,3339.5,25985800,87323955900,0,0
2026-09-25,3389.5,3459.5,3384,3459.5,29651200,101923861700,0,0
2026-09-28,3489.5,3524.5,3466,3495,30769800,107699262000,0,0
2026-09-29,3426,3447,3354,3357,29242000,98539462500,0,0
2026-09-30,3378,3485,3363,3471,29233400,100647473700,0,0
2026-10-01,3438,3443,3355,3383,26414400,89425691700,0,0
2026-10-02,3333,3369,3316,3321,24496000,81645032100,0,0
2026-10-05,3301,3374,3300,3374,22641400,75694369000,0,0
2026-10-06,3389,3429,3376,3429,17888600,60983519400,0,0
2026-10-07,3457,3473,3372,3372,18110900,61840241200,0,0
2026-10-08,3342,3347,3297,3297,18057300,59800244800,0,0
