Date,Open,High,Low,Close,Volume,TradingValue,UpLimit,UnderLimit
2016-02-05,1036.25,1051.25,998.75,1010,149600,,,
2016-02-08,987.5,1011.25,980,985,115600,,,
2016-02-09,950,950,922.5,933.75,169200,,,
2016-02-10,932.5,941.25,860,873.75,287600,,,
2016-02-12,825,883.75,812.5,871.25,339200,,,
2016-02-15,906.25,941.25,906.25,932.5,74400,,,
2016-02-16,918.75,957.5,917.5,928.75,112000,,,
2016-02-17,927.5,957.5,926.25,937.5,76400,,,
2016-02-18,962.5,963.75,933.75,945,86000,,,
2016-02-19,940,940,911.25,918.75,83200,,,
2016-02-22,912.5,937.5,901.25,926.25,48800,,,
2016-02-23,931.25,942.5,912.5,916.25,70400,,,
2016-02-24,906.25,943.75,903.75,925,90000,,,
2016-02-25,925,971.25,925,938.75,98800,,,
2016-02-26,947.5,958.75,930,932.5,61200,,,
2016-02-29,942.5,961.25,922.5,923.75,88800,,,
2016-03-01,917.5,941.25,916.25,938.75,74000,,,
2016-03-02,973.75,973.75,950,966.25,88000,,,
2016-03-03,962.5,981.25,955,963.75,91600,,,
2016-03-04,963.75,985,963.75,980,110400,,,
2016-03-07,978.75,995,978.75,993.75,57600,,,
2016-03-08,988.75,1008.75,988.75,998.75,146400,,,
2016-03-09,996.25,996.25,957.5,960,101600,,,
2016-03-10,962.5,980,958.75,973.75,72000,,,
2016-03-11,972.5,1002.5,972.5,997.5,141600,,,
2016-03-14,1012.5,1048.75,1010,1037.5,76800,,,
2016-03-15,1037.5,1060,1028.75,1051.25,97200,,,
2016-03-16,1051.25,1051.25,1022.5,1031.25,88800,,,
2016-03-17,1041.25,1063.75,1040,1043.75,51200,,,
2016-03-18,1043.75,1061.25,1035,1060,132400,,,
2016-03-22,1071.25,1088.75,1066.25,1086.25,87600,,,
2016-03-23,1096.25,1097.5,1078.75,1083.75,58400,,,
2016-03-24,1076.25,1082.5,1051.25,1052.5,66400,,,
2016-03-25,1050,1053.75,1025,1048.75,50400,,,
2016-03-28,1048.75,1082.5,1048.75,1073.75,67600,,,
2016-03-29,1065,1081.25,1056.25,1081.25,71200,,,
2016-03-30,1080,1081.25,1042.5,1046.25,64000,,,
2016-03-31,1042.5,1060,1020,1020,83200,,,
2016-04-01,1023.75,1023.75,960,965,136800,,,
2016-04-04,972.5,995,966.25,977.5,102000,,,
2016-04-05,965,968.75,937.5,938.75,66400,,,
2016-04-06,938.75,961.25,931.25,943.75,94400,,,
2016-04-07,940,947.5,930,941.25,24000,,,
2016-04-08,927.5,958.75,917.5,945,73200,,,
2016-04-11,938.75,938.75,913.75,918.75,36000,,,
2016-04-12,918.75,967.5,918.75,955,70400,,,
2016-04-13,965,995,965,991.25,83200,,,
2016-04-14,1008.75,1037.5,1005,1030,104000,,,
2016-04-15,1018.75,1038.75,998.75,1021.25,166400,,,
2016-04-18,985,997.5,978.75,981.25,46800,,,
2016-04-19,1006.25,1030,1005,1025,72000,,,
2016-04-20,1032.5,1053.75,995,1026.25,140000,,,
2016-04-21,1043.75,1053.75,1033.75,1053.75,113200,,,
2016-04-22,1045,1075,1035,1068.75,177600,,,
2016-04-25,1068.75,1092.5,1057.5,1088.75,99200,,,
2016-04-26,1071.25,1081.25,1062.5,1080,48800,,,
2016-04-27,1078.75,1096.25,1071.25,1091.25,61600,,,
2016-04-28,1101.25,1116.25,1032.5,1033.75,126400,,,
2016-05-02,983.75,1003.75,971.25,985,134000,,,
2016-05-06,1005,1008.75,980,1002.5,94800,,,
2016-05-09,1002.5,1015,998.75,998.75,29200,,,
2016-05-10,1011.25,1043.75,998.75,1032.5,77200,,,
2016-05-11,1035,1045,1028.75,1032.5,30400,,,
2016-05-12,1035,1035,1011.25,1028.75,45600,,,
2016-05-13,1028.75,1035,977.5,980,72000,,,
2016-05-16,977.5,1008.75,977.5,980,90800,,,
2016-05-17,995,1006.25,985,1005,55200,,,
2016-05-18,1013.75,1032.5,1007.5,1021.25,56400,,,
2016-05-19,1042.5,1056.25,1028.75,1038.75,68800,,,
2016-05-20,1038.75,1051.25,1030,1046.25,37600,,,
2016-05-23,1046.25,1062.5,1032.5,1061.25,64400,,,
2016-05-24,1055,1055,1018.75,1025,45600,,,
2016-05-25,1046.25,1046.25,1028.75,1036.25,33600,,,
2016-05-26,1051.25,1070,1045,1050,39200,,,
2016-05-27,1057.5,1062.5,1040,1050,43600,,,
2016-05-30,1052.5,1065,1046.25,1063.75,13600,,,
2016-05-31,1058.75,1068.75,1045,1068.75,212800,,,
2016-06-01,1067.5,1083.75,1057.5,1068.75,66000,,,
2016-06-02,1052.5,1052.5,1005,1020,68000,,,
2016-06-03,1025,1030,1008.75,1018.75,26000,,,
2016-06-06,1017.5,1021.25,991.25,1021.25,63600,,,
2016-06-07,1033.75,1038.75,1020,1022.5,27600,,,
2016-06-08,1031.25,1045,1026.25,1037.5,14400,,,
2016-06-09,1040,1040,1016.25,1035,37200,,,
2016-06-10,1045,1045,1018.75,1037.5,140800,,,
2016-06-13,1013.75,1020,1001.25,1010,85600,,,
2016-06-14,1010,1016.25,1005,1011.25,69600,,,
2016-06-15,1010,1032.5,1010,1011.25,48400,,,
2016-06-16,1021.25,1021.25,997.5,998.75,62400,,,
2016-06-17,1022.5,1022.5,960,982.5,206400,,,
2016-06-20,1012.5,1026.25,997.5,1020,38800,,,
2016-06-21,1013.75,1041.25,1001.25,1035,47600,,,
2016-06-22,1026.25,1026.25,1020,1026.25,44400,,,
2016-06-23,1028.75,1041.25,1026.25,1036.25,57200,,,
2016-06-24,1036.25,1057.5,946.25,960,108000,,,
2016-06-27,952.5,981.25,952.5,973.75,52000,,,
2016-06-28,957.5,1025,951.25,1002.5,61600,,,
2016-06-29,1015,1020,998.75,1005,20400,,,
2016-06-30,1015,1021.25,960,962.5,66000,,,
2016-07-01,973.75,990,972.5,982.5,57600,,,
2016-07-04,983.75,983.75,955,978.75,97600,,,
2016-07-05,978.75,987.5,971.25,981.25,43200,,,
2016-07-06,963.75,971.25,950,971.25,80400,,,
2016-07-07,967.5,973.75,956.25,971.25,66400,,,
2016-07-08,983.75,983.75,957.5,962.5,54800,,,
2016-07-11,967.5,1037.5,967.5,1025,101600,,,
2016-07-12,1028.75,1115,1028.75,1098.75,222400,,,
2016-07-13,1102.5,1116.25,1073.75,1076.25,177600,,,
2016-07-14,1081.25,1082.5,1060,1063.75,66000,,,
2016-07-15,1072.5,1080,1060,1072.5,102800,,,
2016-07-19,1071.25,1077.5,1058.75,1073.75,45600,,,
2016-07-20,1072.5,1073.75,1052.5,1070,34800,,,
2016-07-21,1072.5,1076.25,1066.25,1073.75,73200,,,
2016-07-22,1073.75,1076.25,1050,1055,64000,,,
2016-07-25,1048.75,1057.5,1026.25,1037.5,106800,,,
2016-07-26,1037.5,1050,1026.25,1043.75,54800,,,
2016-07-27,1060,1088.75,1056.25,1086.25,63200,,,
2016-07-28,1068.75,1076.25,1053.75,1058.75,23200,,,
2016-07-29,1058.75,1111.25,1051.25,1097.5,175200,,,
2016-08-01,1086.25,1117.5,1057.5,1107.5,103200,,,
2016-08-02,1091.25,1093.75,1051.25,1058.75,45200,,,
2016-08-03,1026.25,1035,1005,1010,78400,,,
2016-08-04,1005,1023.75,997.5,1021.25,54800,,,
2016-08-05,1016.25,1032.5,1010,1013.75,43200,,,
2016-08-08,1045,1066.25,1036.25,1052.5,112400,,,
2016-08-09,1048.75,1063.75,1043.75,1061.25,47200,,,
2016-08-10,1067.5,1067.5,1042.5,1053.75,24400,,,
2016-08-12,1040,1046.25,1012.5,1016.25,81600,,,
2016-08-15,1030,1030,997.5,1001.25,38000,,,
2016-08-16,1002.5,1017.5,988.75,988.75,62800,,,
2016-08-17,975,1003.75,975,995,59600,,,
2016-08-18,991.25,1012.5,978.75,986.25,51600,,,
2016-08-19,988.75,998.75,975,975,38000,,,
2016-08-22,975,992.5,962.5,985,33600,,,
2016-08-23,990,990,945,958.75,82800,,,
2016-08-24,952.5,967.5,952.5,958.75,26000,,,
2016-08-25,962.5,972.5,957.5,968.75,48800,,,
2016-08-26,975,983.75,970,973.75,54400,,,
2016-08-29,1000,1000,968.75,995,56000,,,
2016-08-30,995,1002.5,992.5,997.5,24000,,,
2016-08-31,998.75,1012.5,997.5,1011.25,39200,,,
2016-09-01,1025,1032.5,1008.75,1023.75,73600,,,
2016-09-02,1025,1025,998.75,1012.5,43600,,,
2016-09-05,1013.75,1016.25,1005,1005,23200,,,
2016-09-06,1007.5,1020,1007.5,1015,33200,,,
2016-09-07,1012.5,1017.5,1002.5,1017.5,52000,,,
2016-09-08,1020,1035,1015,1023.75,48400,,,
2016-09-09,1022.5,1030,1010,1015,56000,,,
2016-09-12,1010,1010,971.25,983.75,68000,,,
2016-09-13,986.25,995,978.75,981.25,50400,,,
2016-09-14,972.5,986.25,965,978.75,46400,,,
2016-09-15,963.75,972.5,955,960,72400,,,
2016-09-16,971.25,1032.5,971.25,1032.5,126400,,,
2016-09-20,1027.5,1045,1010,1017.5,139200,,,
2016-09-21,1010,1097.5,978.75,1092.5,168400,,,
2016-09-23,1068.75,1068.75,1043.75,1055,102800,,,
2016-09-26,1045,1055,1003.75,1015,62400,,,
2016-09-27,1003.75,1022.5,971.25,1022.5,148400,,,
2016-09-28,1013.75,1013.75,982.5,995,46000,,,
2016-09-29,1008.75,1020,983.75,1017.5,53600,,,
2016-09-30,988.75,998.75,977.5,977.5,65200,,,
2016-10-03,978.75,1005,978.75,981.25,66400,,,
2016-10-04,988.75,1018.75,988.75,1007.5,102400,,,
2016-10-05,1007.5,1023.75,1002.5,1005,75200,,,
2016-10-06,1020,1030,1015,1016.25,52000,,,
2016-10-07,1013.75,1022.5,1002.5,1011.25,41200,,,
2016-10-11,1018.75,1030,1012.5,1018.75,37200,,,
2016-10-12,1011.25,1025,1005,1012.5,64000,,,
2016-10-13,1022.5,1023.75,1008.75,1020,60000,,,
2016-10-14,1018.75,1028.75,1006.25,1026.25,66800,,,
2016-10-17,1026.25,1048.75,1016.25,1023.75,65200,,,
2016-10-18,1030,1045,1022.5,1045,43600,,,
2016-10-19,1046.25,1051.25,1038.75,1048.75,46800,,,
2016-10-20,1046.25,1068.75,1046.25,1067.5,87200,,,
2016-10-21,1067.5,1087.5,1062.5,1077.5,92800,,,
2016-10-24,1077.5,1082.5,1057.5,1077.5,46000,,,
2016-10-25,1078.75,1102.5,1075,1091.25,105200,,,
2016-10-26,1085,1085,1065,1076.25,98400,,,
2016-10-27,1071.25,1090,1067.5,1086.25,76800,,,
2016-10-28,1090,1132.5,1090,1128.75,256800,,,
2016-10-31,1111.25,1113.75,1100,1106.25,62800,,,
2016-11-01,1106.25,1106.25,1091.25,1100,40000,,,
2016-11-02,1091.25,1091.25,1066.25,1076.25,79600,,,
2016-11-04,1055,1067.5,1038.75,1063.75,76400,,,
2016-11-07,1081.25,1098.75,1081.25,1090,61600,,,
2016-11-08,1101.25,1108.75,1082.5,1092.5,67600,,,
2016-11-09,1092.5,1107.5,1025,1031.25,130800,,,
2016-11-10,1075,1112.5,1071.25,1111.25,124000,,,
2016-11-11,1100,1136.25,1091.25,1102.5,123600,,,
2016-11-14,1125,1137.5,1100,1131.25,97200,,,
2016-11-15,1140,1146.25,1122.5,1140,96000,,,
2016-11-16,1157.5,1183.75,1151.25,1178.75,124000,,,
2016-11-17,1172.5,1173.75,1152.5,1173.75,110400,,,
2016-11-18,1178.75,1187.5,1162.5,1168.75,106000,,,
2016-11-21,1186.25,1198.75,1168.75,1186.25,78400,,,
2016-11-22,1186.25,1192.5,1176.25,1190,82000,,,
2016-11-24,1181.25,1182.5,1151.25,1158.75,52000,,,
2016-11-25,1158.75,1168.75,1147.5,1165,75200,,,
2016-11-28,1158.75,1181.25,1156.25,1178.75,44000,,,
2016-11-29,1166.25,1168.75,1145,1155,81200,,,
2016-11-30,1155,1158.75,1146.25,1152.5,61600,,,
2016-12-01,1167.5,1186.25,1155,1171.25,80800,,,
2016-12-02,1172.5,1181.25,1155,1167.5,106400,,,
2016-12-05,1160,1161.25,1146.25,1150,48000,,,
2016-12-06,1165,1168.75,1160,1161.25,58400,,,
2016-12-07,1171.25,1180,1166.25,1178.75,76400,,,
2016-12-08,1195,1195,1162.5,1178.75,107200,,,
2016-12-09,1178.75,1218.75,1170,1218.75,232400,,,
2016-12-12,1218.75,1235,1203.75,1208.75,90400,,,
2016-12-13,1212.5,1217.5,1200,1216.25,110000,,,
2016-12-14,1218.75,1218.75,1191.25,1195,78800,,,
2016-12-15,1191.25,1220,1191.25,1210,90800,,,
2016-12-16,1220,1227.5,1211.25,1213.75,116800,,,
2016-12-19,1222.5,1222.5,1203.75,1218.75,49200,,,
2016-12-20,1220,1220,1200,1206.25,50400,,,
2016-12-21,1208.75,1225,1207.5,1212.5,112000,,,
2016-12-22,1222.5,1222.5,1195,1205,68800,,,
2016-12-26,1212.5,1212.5,1181.25,1185,57200,,,
2016-12-27,1178.75,1191.25,1166.25,1170,70000,,,
2016-12-28,1178.75,1182.5,1158.75,1181.25,44000,,,
2016-12-29,1171.25,1186.25,1165,1183.75,84000,,,
2016-12-30,1187.5,1197.5,1172.5,1177.5,65600,,,
2017-01-04,1187.5,1231.25,1187.5,1225,126800,,,
2017-01-05,1225,1226.25,1198.75,1207.5,76800,,,
2017-01-06,1191.25,1216.25,1191.25,1216.25,53600,,,
2017-01-10,1206.25,1208.75,1182.5,1186.25,68400,,,
2017-01-11,1176.25,1192.5,1176.25,1188.75,61200,,,
2017-01-12,1180,1190,1168.75,1177.5,72000,,,
2017-01-13,1162.5,1178.75,1161.25,1173.75,55600,,,
2017-01-16,1178.75,1181.25,1157.5,1161.25,41200,,,
2017-01-17,1152.5,1155,1135,1153.75,88000,,,
2017-01-18,1160,1160,1131.25,1148.75,54000,,,
2017-01-19,1166.25,1187.5,1160,1175,45200,,,
2017-01-20,1165,1180,1151.25,1173.75,62400,,,
2017-01-23,1165,1167.5,1141.25,1143.75,40000,,,
2017-01-24,1132.5,1140,1117.5,1123.75,42400,,,
2017-01-25,1127.5,1138.75,1127.5,1132.5,27600,,,
2017-01-26,1145,1160,1140,1156.25,85600,,,
2017-01-27,1170,1182.5,1152.5,1160,66400,,,
2017-01-30,1147.5,1167.5,1138.75,1165,51200,,,
2017-01-31,1142.5,1152.5,1128.75,1131.25,50000,,,
2017-02-01,1120,1152.5,1113.75,1147.5,52800,,,
2017-02-02,1156.25,1162.5,1123.75,1125,77600,,,
2017-02-03,1123.75,1183.75,1123.75,1158.75,127600,,,
2017-02-06,1173.75,1181.25,1143.75,1153.75,66800,,,
2017-02-07,1141.25,1155,1137.5,1146.25,32800,,,
2017-02-08,1148.75,1162.5,1140,1158.75,34400,,,
2017-02-09,1150,1162.5,1141.25,1153.75,40000,,,
2017-02-10,1168.75,1187.5,1168.75,1183.75,63600,,,
2017-02-13,1198.75,1198.75,1186.25,1191.25,34400,,,
2017-02-14,1196.25,1198.75,1176.25,1177.5,52000,,,
2017-02-15,1195,1198.75,1176.25,1176.25,40400,,,
2017-02-16,1175,1203.75,1175,1187.5,52000,,,
2017-02-17,1187.5,1191.25,1183.75,1185,54400,,,
2017-02-20,1182.5,1203.75,1175,1196.25,115200,,,
2017-02-21,1193.75,1196.25,1182.5,1192.5,48800,,,
2017-02-22,1197.5,1201.25,1187.5,1200,55600,,,
2017-02-23,1200,1202.5,1168.75,1191.25,67200,,,
2017-02-24,1190,1201.25,1177.5,1200,41200,,,
2017-02-27,1192.5,1192.5,1162.5,1170,70000,,,
2017-02-28,1183.75,1203.75,1175,1195,89600,,,
2017-03-01,1198.75,1200,1181.25,1195,42400,,,
2017-03-02,1206.25,1206.25,1196.25,1196.25,50400,,,
2017-03-03,1193.75,1201.25,1185,1191.25,42800,,,
2017-03-06,1176.25,1200,1170,1197.5,56400,,,
2017-03-07,1195,1197.5,1185,1188.75,24400,,,
2017-03-08,1188.75,1195,1171.25,1176.25,47600,,,
2017-03-09,1170,1196.25,1170,1193.75,44400,,,
2017-03-10,1200,1210,1198.75,1203.75,152800,,,
2017-03-13,1203.75,1215,1202.5,1210,41200,,,
2017-03-14,1218.75,1218.75,1202.5,1207.5,44400,,,
2017-03-15,1207.5,1220,1202.5,1205,45200,,,
2017-03-16,1200,1205,1187.5,1198.75,62400,,,
2017-03-17,1198.75,1216.25,1197.5,1216.25,83200,,,
2017-03-21,1213.75,1213.75,1197.5,1203.75,65200,,,
2017-03-22,1173.75,1185,1163.75,1167.5,80400,,,
2017-03-23,1152.5,1166.25,1147.5,1153.75,123600,,,
2017-03-24,1152.5,1190,1151.25,1176.25,67200,,,
2017-03-27,1163.75,1182.5,1152.5,1165,72800,,,
2017-03-28,1182.5,1202.5,1172.5,1197.5,117200,,,
2017-03-29,1201.25,1201.25,1178.75,1196.25,61600,,,
2017-03-30,1190,1198.75,1180,1190,86800,,,
2017-03-31,1200,1211.25,1178.75,1178.75,114000,,,
2017-04-03,1173.75,1197.5,1163.75,1186.25,111200,,,
2017-04-04,1178.75,1180,1150,1156.25,118800,,,
2017-04-05,1146.25,1148.75,1126.25,1126.25,66800,,,
2017-04-06,1125,1126.25,1110,1111.25,68400,,,
2017-04-07,1127.5,1137.5,1122.5,1123.75,82400,,,
2017-04-10,1128.75,1136.25,1121.25,1128.75,63600,,,
2017-04-11,1122.5,1131.25,1115,1122.5,65200,,,
2017-04-12,1117.5,1125,1108.75,1122.5,68800,,,
2017-04-13,1122.5,1122.5,1098.75,1106.25,77600,,,
2017-04-14,1095,1101.25,1081.25,1096.25,82400,,,
2017-04-17,1091.25,1107.5,1090,1093.75,48800,,,
2017-04-18,1111.25,1123.75,1107.5,1110,80800,,,
2017-04-19,1095,1115,1090,1103.75,79200,,,
2017-04-20,1115,1137.5,1111.25,1127.5,78000,,,
2017-04-21,1125,1141.25,1122.5,1126.25,71200,,,
2017-04-24,1141.25,1146.25,1133.75,1138.75,53600,,,
2017-04-25,1138.75,1161.25,1138.75,1148.75,166400,,,
2017-04-26,1148.75,1163.75,1141.25,1161.25,111200,,,
2017-04-27,1153.75,1158.75,1140,1155,205600,,,
2017-04-28,1142.5,1150,1130,1140,112800,,,
2017-05-01,1132.5,1160,1131.25,1160,57600,,,
2017-05-02,1157.5,1170,1153.75,1160,117200,,,
2017-05-08,1175,1185,1170,1175,152400,,,
2017-05-09,1172.5,1180,1168.75,1171.25,92800,,,
2017-05-10,1177.5,1178.75,1170,1170,94000,,,
2017-05-11,1175,1181.25,1165,1176.25,80000,,,
2017-05-12,1173.75,1173.75,1147.5,1157.5,114400,,,
2017-05-15,1145,1155,1135,1153.75,54400,,,
2017-05-16,1153.75,1156.25,1146.25,1152.5,63200,,,
2017-05-17,1142.5,1143.75,1132.5,1136.25,60000,,,
2017-05-18,1118.75,1118.75,1092.5,1092.5,138000,,,
2017-05-19,1092.5,1105,1088.75,1098.75,90400,,,
2017-05-22,1101.25,1103.75,1093.75,1096.25,46800,,,
2017-05-23,1096.25,1102.5,1088.75,1092.5,60400,,,
2017-05-24,1093.75,1108.75,1088.75,1101.25,129600,,,
2017-05-25,1101.25,1111.25,1090,1091.25,55600,,,
2017-05-26,1091.25,1093.75,1075,1077.5,107200,,,
2017-05-29,1076.25,1081.25,1066.25,1066.25,51600,,,
2017-05-30,1076.25,1076.25,1056.25,1065,110000,,,
2017-05-31,1065,1067.5,1056.25,1060,108000,,,
2017-06-01,1060,1082.5,1060,1072.5,64800,,,
2017-06-02,1080,1112.5,1075,1112.5,149200,,,
2017-06-05,1102.5,1110,1090,1105,93200,,,
2017-06-06,1113.75,1127.5,1106.25,1110,96000,,,
2017-06-07,1111.25,1113.75,1102.5,1110,77600,,,
2017-06-08,1116.25,1122.5,1108.75,1111.25,97200,,,
2017-06-09,1111.25,1126.25,1100,1118.75,169200,,,
2017-06-12,1107.5,1131.25,1107.5,1108.75,44000,,,
2017-06-13,1110,1125,1107.5,1117.5,53200,,,
2017-06-14,1117.5,1127.5,1117.5,1117.5,80000,,,
2017-06-15,1117.5,1122.5,1101.25,1101.25,76800,,,
2017-06-16,1112.5,1122.5,1107.5,1108.75,122800,,,
2017-06-19,1113.75,1122.5,1107.5,1111.25,60800,,,
2017-06-20,1117.5,1138.75,1117.5,1122.5,126400,,,
2017-06-21,1118.75,1118.75,1102.5,1102.5,106000,,,
2017-06-22,1105,1108.75,1100,1102.5,48400,,,
2017-06-23,1102.5,1113.75,1095,1108.75,81200,,,
2017-06-26,1108.75,1115,1098.75,1106.25,47200,,,
2017-06-27,1106.25,1117.5,1106.25,1115,69600,,,
2017-06-28,1101.25,1125,1101.25,1118.75,148000,,,
2017-06-29,1125,1141.25,1122.5,1133.75,108400,,,
2017-06-30,1122.5,1131.25,1117.5,1120,86400,,,
2017-07-03,1130,1130,1112.5,1125,82000,,,
2017-07-04,1130,1137.5,1123.75,1127.5,65600,,,
2017-07-05,1118.75,1131.25,1117.5,1128.75,72400,,,
2017-07-06,1123.75,1135,1121.25,1131.25,63600,,,
2017-07-07,1120,1132.5,1117.5,1120,72000,,,
2017-07-10,1122.5,1130,1121.25,1122.5,85600,,,
2017-07-11,1127.5,1146.25,1125,1141.25,56400,,,
2017-07-12,1135,1136.25,1123.75,1125,52000,,,
2017-07-13,1125,1128.75,1110,1111.25,56800,,,
2017-07-14,1117.5,1127.5,1112.5,1123.75,77200,,,
2017-07-18,1123.75,1123.75,1101.25,1107.5,39200,,,
2017-07-19,1108.75,1108.75,1096.25,1097.5,80800,,,
2017-07-20,1100,1102.5,1088.75,1100,40800,,,
2017-07-21,1100,1102.5,1091.25,1098.75,66400,,,
2017-07-24,1088.75,1093.75,1075,1092.5,76000,,,
2017-07-25,1075,1093.75,1075,1078.75,62000,,,
2017-07-26,1088.75,1091.25,1078.75,1087.5,36400,,,
2017-07-27,1086.25,1090,1077.5,1082.5,76000,,,
2017-07-28,1085,1088.75,1078.75,1086.25,87200,,,
2017-07-31,1077.5,1083.75,1072.5,1073.75,61200,,,
2017-08-01,1082.5,1096.25,1078.75,1095,81600,,,
2017-08-02,1092.5,1100,1082.5,1087.5,85200,,,
2017-08-03,1082.5,1088.75,1078.75,1083.75,34400,,,
2017-08-04,1091.25,1098.75,1081.25,1098.75,49600,,,
2017-08-07,1103.75,1105,1087.5,1095,84400,,,
2017-08-08,1102.5,1106.25,1091.25,1097.5,58000,,,
2017-08-09,1101.25,1101.25,1080,1088.75,116800,,,
2017-08-10,1092.5,1097.5,1080,1097.5,88800,,,
2017-08-14,1090,1092.5,1077.5,1077.5,114400,,,
2017-08-15,1095,1105,1087.5,1090,152400,,,
2017-08-16,1085,1088.75,1077.5,1078.75,78400,,,
2017-08-17,1080,1082.5,1072.5,1077.5,45600,,,
2017-08-18,1070,1077.5,1063.75,1075,86000,,,
2017-08-21,1075,1075,1063.75,1072.5,75200,,,
2017-08-22,1071.25,1075,1066.25,1067.5,48400,,,
2017-08-23,1072.5,1080,1057.5,1061.25,85200,,,
2017-08-24,1058.75,1066.25,1056.25,1058.75,47200,,,
2017-08-25,1065,1072.5,1060,1068.75,53600,,,
2017-08-28,1067.5,1071.25,1057.5,1065,70400,,,
2017-08-29,1067.5,1070,1042.5,1067.5,95200,,,
2017-08-30,1063.75,1068.75,1060,1065,48000,,,
2017-08-31,1073.75,1087.5,1067.5,1076.25,100000,,,
2017-09-01,1090,1097.5,1075,1093.75,65200,,,
2017-09-04,1090,1097.5,1065,1065,70400,,,
2017-09-05,1068.75,1071.25,1051.25,1052.5,101200,,,
2017-09-06,1047.5,1047.5,1028.75,1037.5,65200,,,
2017-09-07,1048.75,1057.5,1043.75,1047.5,80000,,,
2017-09-08,1047.5,1047.5,1037.5,1041.25,126000,,,
2017-09-11,1050,1061.25,1045,1047.5,80400,,,
2017-09-12,1065,1065,1043.75,1046.25,80000,,,
2017-09-13,1047.5,1068.75,1047.5,1062.5,70000,,,
2017-09-14,1057.5,1072.5,1057.5,1060,63600,,,
2017-09-15,1066.25,1087.5,1060,1082.5,164000,,,
2017-09-19,1082.5,1096.25,1076.25,1093.75,223600,,,
2017-09-20,1093.75,1096.25,1087.5,1092.5,107600,,,
2017-09-21,1095,1106.25,1088.75,1093.75,123200,,,
2017-09-22,1103.75,1107.5,1088.75,1103.75,126000,,,
2017-09-25,1106.25,1122.5,1101.25,1118.75,77600,,,
2017-09-26,1118.75,1122.5,1108.75,1121.25,68400,,,
2017-09-27,1107.5,1117.5,1103.75,1115,53600,,,
2017-09-28,1115,1121.25,1115,1121.25,94800,,,
2017-09-29,1120,1137.5,1118.75,1136.25,91600,,,
2017-10-02,1130,1142.5,1123.75,1137.5,86400,,,
2017-10-03,1143.75,1145,1133.75,1143.75,62800,,,
2017-10-04,1136.25,1143.75,1131.25,1142.5,87200,,,
2017-10-05,1142.5,1146.25,1137.5,1140,38000,,,
2017-10-06,1146.25,1150,1138.75,1145,56000,,,
2017-10-10,1145,1148.75,1135,1148.75,82000,,,
2017-10-11,1148.75,1151.25,1140,1143.75,86400,,,
2017-10-12,1146.25,1146.25,1130,1132.5,88000,,,
2017-10-13,1130,1141.25,1121.25,1138.75,100400,,,
2017-10-16,1138.75,1175,1132.5,1170,188400,,,
2017-10-17,1175,1180,1166.25,1173.75,115600,,,
2017-10-18,1173.75,1175,1157.5,1173.75,136000,,,
2017-10-19,1167.5,1173.75,1165,1170,72800,,,
2017-10-20,1168.75,1172.5,1156.25,1163.75,90800,,,
2017-10-23,1166.25,1180,1166.25,1175,90000,,,
2017-10-24,1180,1187.5,1173.75,1185,118400,,,
2017-10-25,1182.5,1196.25,1173.75,1177.5,208800,,,
2017-10-26,1173.75,1175,1157.5,1160,104800,,,
2017-10-27,1160,1190,1155,1175,186800,,,
2017-10-30,1182.5,1182.5,1158.75,1173.75,400000,,,
2017-10-31,1173.75,1177.5,1163.75,1163.75,73200,,,
2017-11-01,1167.5,1167.5,1150,1160,76400,,,
2017-11-02,1155,1167.5,1138.75,1165,108800,,,
2017-11-06,1162.5,1171.25,1133.75,1137.5,112000,,,
2017-11-07,1120,1145,1115,1141.25,72400,,,
2017-11-08,1136.25,1136.25,1113.75,1130,87200,,,
2017-11-09,1135,1141.25,1121.25,1135,117200,,,
2017-11-10,1112.5,1143.75,1112.5,1140,70800,,,
2017-11-13,1127.5,1127.5,1113.75,1116.25,72000,,,
2017-11-14,1113.75,1125,1108.75,1112.5,74800,,,
2017-11-15,1102.5,1112.5,1083.75,1097.5,124800,,,
2017-11-16,1095,1112.5,1092.5,1098.75,68800,,,
2017-11-17,1103.75,1108.75,1093.75,1102.5,137600,,,
2017-11-20,1102.5,1111.25,1098.75,1107.5,53200,,,
2017-11-21,1107.5,1113.75,1102.5,1107.5,50000,,,
2017-11-22,1107.5,1115,1100,1108.75,86400,,,
2017-11-24,1101.25,1120,1101.25,1112.5,117200,,,
2017-11-27,1102.5,1111.25,1097.5,1100,56800,,,
2017-11-28,1097.5,1101.25,1082.5,1082.5,79600,,,
2017-11-29,1088.75,1106.25,1088.75,1095,85600,,,
2017-11-30,1095,1123.75,1095,1121.25,178400,,,
2017-12-01,1131.25,1131.25,1116.25,1120,82800,,,
2017-12-04,1120,1121.25,1107.5,1108.75,47200,,,
2017-12-05,1103.75,1128.75,1103.75,1126.25,56800,,,
2017-12-06,1121.25,1126.25,1100,1103.75,84400,,,
2017-12-07,1101.25,1107.5,1091.25,1100,109200,,,
2017-12-08,1090,1103.75,1090,1102.5,156800,,,
2017-12-11,1096.25,1128.75,1096.25,1125,112400,,,
2017-12-12,1125,1147.5,1125,1143.75,87200,,,
2017-12-13,1148.75,1187.5,1143.75,1182.5,214400,,,
2017-12-14,1178.75,1178.75,1153.75,1162.5,84400,,,
2017-12-15,1155,1155,1133.75,1133.75,128000,,,
2017-12-18,1146.25,1161.25,1141.25,1157.5,60400,,,
2017-12-19,1157.5,1162.5,1146.25,1152.5,45600,,,
2017-12-20,1150,1172.5,1150,1161.25,64400,,,
2017-12-21,1161.25,1161.25,1140,1143.75,72800,,,
2017-12-22,1143.75,1150,1131.25,1135,134000,,,
2017-12-25,1135,1136.25,1116.25,1117.5,54400,,,
2017-12-26,1117.5,1125,1111.25,1113.75,38400,,,
2017-12-27,1113.75,1122.5,1113.75,1117.5,61600,,,
2017-12-28,1112.5,1120,1112.5,1113.75,30400,,,
2017-12-29,1115,1128.75,1110,1122.5,57600,,,
2018-01-04,1128.75,1170,1128.75,1170,93200,,,
2018-01-05,1182.5,1185,1160,1172.5,95200,,,
2018-01-09,1172.5,1172.5,1146.25,1158.75,57600,,,
2018-01-10,1156.25,1177.5,1156.25,1170,91200,,,
2018-01-11,1165,1176.25,1157.5,1170,70800,,,
2018-01-12,1163.75,1171.25,1145,1158.75,95600,,,
2018-01-15,1158.75,1177.5,1158.75,1171.25,83600,,,
2018-01-16,1171.25,1171.25,1150,1156.25,72400,,,
2018-01-17,1146.25,1155,1142.5,1148.75,60000,,,
2018-01-18,1152.5,1152.5,1127.5,1128.75,76800,,,
2018-01-19,1131.25,1142.5,1128.75,1137.5,52000,,,
2018-01-22,1131.25,1136.25,1128.75,1135,38400,,,
2018-01-23,1137.5,1158.75,1137.5,1158.75,74000,,,
2018-01-24,1158.75,1168.75,1156.25,1168.75,70400,,,
2018-01-25,1160,1160,1135,1138.75,72400,,,
2018-01-26,1138.75,1143.75,1130,1135,60000,,,
2018-01-29,1130,1140,1126.25,1133.75,69200,,,
2018-01-30,1133.75,1133.75,1116.25,1122.5,84400,,,
2018-01-31,1131.25,1145,1111.25,1112.5,100400,,,
2018-02-01,1140,1175,1136.25,1172.5,178000,,,
2018-02-02,1173.75,1178.75,1160,1168.75,118000,,,
2018-02-05,1150,1151.25,1133.75,1143.75,81200,,,
2018-02-06,1120,1123.75,1071.25,1088.75,188800,,,
2018-02-07,1113.75,1138.75,1082.5,1082.5,124000,,,
2018-02-08,1078.75,1086.25,1072.5,1076.25,100400,,,
2018-02-09,1060,1060,1043.75,1053.75,101600,,,
2018-02-13,1061.25,1062.5,1026.25,1028.75,155200,,,
2018-02-14,1040,1046.25,1025,1033.75,94400,,,
2018-02-15,1043.75,1053.75,1037.5,1038.75,53200,,,
2018-02-16,1040,1053.75,1036.25,1041.25,69200,,,
2018-02-19,1050,1092.5,1048.75,1082.5,89200,,,
2018-02-20,1072.5,1075,1058.75,1073.75,46000,,,
2018-02-21,1073.75,1096.25,1073.75,1081.25,86400,,,
2018-02-22,1080,1081.25,1067.5,1070,45200,,,
2018-02-23,1073.75,1090,1066.25,1090,46400,,,
2018-02-26,1090,1096.25,1082.5,1087.5,61600,,,
2018-02-27,1093.75,1095,1078.75,1086.25,60800,,,
2018-02-28,1083.75,1086.25,1070,1071.25,64400,,,
2018-03-01,1065,1073.75,1052.5,1060,76400,,,
2018-03-02,1050,1061.25,1048.75,1052.5,79200,,,
2018-03-05,1053.75,1058.75,1037.5,1053.75,79200,,,
2018-03-06,1060,1077.5,1060,1067.5,45200,,,
2018-03-07,1060,1072.5,1051.25,1056.25,67200,,,
2018-03-08,1062.5,1086.25,1050,1057.5,43200,,,
2018-03-09,1075,1075,1043.75,1048.75,102800,,,
2018-03-12,1060,1073.75,1057.5,1072.5,42400,,,
2018-03-13,1071.25,1102.5,1063.75,1101.25,62400,,,
2018-03-14,1091.25,1102.5,1068.75,1085,103600,,,
2018-03-15,1092.5,1092.5,1067.5,1081.25,38800,,,
2018-03-16,1091.25,1091.25,1057.5,1058.75,86800,,,
2018-03-19,1058.75,1067.5,1043.75,1053.75,47600,,,
2018-03-20,1053.75,1066.25,1051.25,1066.25,45200,,,
2018-03-22,1063.75,1080,1058.75,1076.25,38000,,,
2018-03-23,1068.75,1068.75,1020,1030,91600,,,
2018-03-26,1015,1030,1012.5,1030,71200,,,
2018-03-27,1035,1072.5,1035,1071.25,109600,,,
2018-03-28,1058.75,1063.75,1045,1063.75,41200,,,
2018-03-29,1070,1075,1051.25,1067.5,60000,,,
2018-03-30,1072.5,1072.5,1051.25,1052.5,52000,,,
2018-04-02,1052.5,1056.25,1032.5,1035,48800,,,
2018-04-03,1021.25,1038.75,1021.25,1031.25,42000,,,
2018-04-04,1033.75,1060,1031.25,1057.5,58800,,,
2018-04-05,1062.5,1085,1057.5,1077.5,48800,,,
2018-04-06,1071.25,1087.5,1070,1085,49600,,,
2018-04-09,1068.75,1093.75,1068.75,1077.5,38800,,,
2018-04-10,1077.5,1096.25,1077.5,1090,28800,,,
2018-04-11,1082.5,1091.25,1077.5,1086.25,30800,,,
2018-04-12,1093.75,1100,1090,1098.75,52000,,,
2018-04-13,1095,1108.75,1091.25,1106.25,98400,,,
2018-04-16,1101.25,1113.75,1097.5,1112.5,60400,,,
2018-04-17,1106.25,1108.75,1092.5,1096.25,26000,,,
2018-04-18,1100,1101.25,1081.25,1097.5,44400,,,
2018-04-19,1097.5,1111.25,1091.25,1092.5,70800,,,
2018-04-20,1090,1093.75,1080,1082.5,82000,,,
2018-04-23,1081.25,1097.5,1081.25,1086.25,59200,,,
2018-04-24,1098.75,1106.25,1090,1106.25,83600,,,
2018-04-25,1097.5,1102.5,1093.75,1100,64000,,,
2018-04-26,1100,1107.5,1086.25,1092.5,72000,,,
2018-04-27,1090,1092.5,1067.5,1072.5,64400,,,
2018-05-01,1068.75,1068.75,1033.75,1038.75,74400,,,
2018-05-02,1040,1053.75,1040,1050,57600,,,
2018-05-07,1050,1051.25,1041.25,1050,36800,,,
2018-05-08,1046.25,1071.25,1046.25,1068.75,54000,,,
2018-05-09,1067.5,1087.5,1061.25,1087.5,44000,,,
2018-05-10,1080,1086.25,1070,1078.75,22800,,,
2018-05-11,1068.75,1086.25,1068.75,1082.5,53200,,,
2018-05-14,1082.5,1098.75,1072.5,1093.75,75600,,,
2018-05-15,1090,1116.25,1085,1113.75,72800,,,
2018-05-16,1097.5,1127.5,1093.75,1122.5,66400,,,
2018-05-17,1122.5,1125,1112.5,1117.5,28400,,,
2018-05-18,1125,1125,1112.5,1116.25,37600,,,
2018-05-21,1102.5,1103.75,1092.5,1098.75,49600,,,
2018-05-22,1098.75,1100,1088.75,1088.75,34400,,,
2018-05-23,1088.75,1092.5,1086.25,1091.25,34800,,,
2018-05-24,1091.25,1091.25,1072.5,1076.25,36000,,,
2018-05-25,1078.75,1078.75,1065,1065,25600,,,
2018-05-28,1071.25,1075,1066.25,1072.5,17600,,,
2018-05-29,1075,1075,1063.75,1065,22000,,,
2018-05-30,1058.75,1058.75,1051.25,1055,41200,,,
2018-05-31,1062.5,1063.75,1047.5,1051.25,69600,,,
2018-06-01,1048.75,1080,1045,1075,65200,,,
2018-06-04,1081.25,1128.75,1077.5,1127.5,108000,,,
2018-06-05,1118.75,1118.75,1106.25,1113.75,32400,,,
2018-06-06,1108.75,1112.5,1102.5,1107.5,48000,,,
2018-06-07,1117.5,1123.75,1110,1113.75,44000,,,
2018-06-08,1113.75,1120,1107.5,1116.25,119200,,,
2018-06-11,1115,1123.75,1110,1117.5,40400,,,
2018-06-12,1116.25,1122.5,1115,1118.75,43600,,,
2018-06-13,1115,1125,1115,1120,46000,,,
2018-06-14,1120,1128.75,1110,1122.5,70000,,,
2018-06-15,1133.75,1151.25,1103.75,1103.75,81200,,,
2018-06-18,1106.25,1106.25,1087.5,1095,28000,,,
2018-06-19,1096.25,1096.25,1078.75,1078.75,27600,,,
2018-06-20,1078.75,1078.75,1060,1071.25,64400,,,
2018-06-21,1056.25,1058.75,1027.5,1032.5,131200,,,
2018-06-22,1032.5,1075,1027.5,1051.25,245200,,,
2018-06-25,1056.25,1068.75,1043.75,1051.25,35600,,,
2018-06-26,1045,1068.75,1045,1066.25,25200,,,
2018-06-27,1062.5,1066.25,1052.5,1063.75,32800,,,
2018-06-28,1063.75,1077.5,1048.75,1072.5,48400,,,
2018-06-29,1072.5,1076.25,1055,1066.25,40400,,,
2018-07-02,1061.25,1065,1043.75,1048.75,53200,,,
2018-07-03,1050,1057.5,1041.25,1052.5,65200,,,
2018-07-04,1038.75,1051.25,1038.75,1046.25,43600,,,
2018-07-05,1032.5,1033.75,1026.25,1031.25,69600,,,
2018-07-06,1042.5,1053.75,1035,1053.75,41600,,,
2018-07-09,1053.75,1058.75,1047.5,1053.75,36000,,,
2018-07-10,1057.5,1068.75,1055,1055,50800,,,
2018-07-11,1045,1051.25,1028.75,1046.25,60400,,,
2018-07-12,1062.5,1066.25,1052.5,1055,22800,,,
2018-07-13,1062.5,1062.5,1051.25,1052.5,40800,,,
2018-07-17,1043.75,1081.25,1043.75,1071.25,44800,,,
2018-07-18,1077.5,1091.25,1072.5,1087.5,45200,,,
2018-07-19,1087.5,1101.25,1072.5,1095,41600,,,
2018-07-20,1090,1091.25,1080,1087.5,19200,,,
2018-07-23,1087.5,1143.75,1087.5,1131.25,110000,,,
2018-07-24,1150,1150,1132.5,1141.25,132400,,,
2018-07-25,1141.25,1143.75,1132.5,1137.5,50800,,,
2018-07-26,1137.5,1150,1137.5,1150,75600,,,
2018-07-27,1142.5,1162.5,1128.75,1150,72800,,,
2018-07-30,1152.5,1200,1152.5,1191.25,142000,,,
2018-07-31,1200,1230,1168.75,1190,239200,,,
2018-08-01,1205,1237.5,1181.25,1233.75,134000,,,
2018-08-02,1237.5,1255,1236.25,1248.75,158800,,,
2018-08-03,1248.75,1255,1238.75,1246.25,146000,,,
2018-08-06,1216.25,1245,1208.75,1225,111200,,,
2018-08-07,1225,1231.25,1210,1228.75,130400,,,
2018-08-08,1230,1252.5,1228.75,1248.75,164800,,,
2018-08-09,1257.5,1267.5,1250,1260,89600,,,
2018-08-10,1257.5,1265,1245,1260,144000,,,
2018-08-13,1243.75,1245,1223.75,1231.25,105600,,,
2018-08-14,1231.25,1243.75,1227.5,1241.25,60400,,,
2018-08-15,1232.5,1243.75,1228.75,1240,86800,,,
2018-08-16,1227.5,1248.75,1216.25,1243.75,93200,,,
2018-08-17,1247.5,1272.5,1243.75,1267.5,72400,,,
2018-08-20,1272.5,1275,1267.5,1270,80800,,,
2018-08-21,1252.5,1260,1232.5,1232.5,126000,,,
2018-08-22,1235,1236.25,1216.25,1217.5,62000,,,
2018-08-23,1217.5,1227.5,1203.75,1208.75,73600,,,
2018-08-24,1211.25,1240,1211.25,1227.5,109200,,,
2018-08-27,1235,1247.5,1233.75,1235,49200,,,
2018-08-28,1250,1252.5,1218.75,1218.75,68000,,,
2018-08-29,1225,1250,1225,1230,79200,,,
2018-08-30,1241.25,1246.25,1226.25,1231.25,54800,,,
2018-08-31,1226.25,1252.5,1225,1237.5,68800,,,
2018-09-03,1232.5,1240,1222.5,1235,48800,,,
2018-09-04,1242.5,1242.5,1225,1226.25,34000,,,
2018-09-05,1218.75,1232.5,1211.25,1213.75,70400,,,
2018-09-06,1208.75,1232.5,1208.75,1226.25,69600,,,
2018-09-07,1213.75,1228.75,1212.5,1226.25,57600,,,
2018-09-10,1221.25,1245,1221.25,1235,83600,,,
2018-09-11,1235,1243.75,1227.5,1237.5,54400,,,
2018-09-12,1242.5,1243.75,1223.75,1236.25,71600,,,
2018-09-13,1236.25,1255,1235,1242.5,64800,,,
2018-09-14,1246.25,1257.5,1238.75,1238.75,138400,,,
2018-09-18,1237.5,1260,1236.25,1246.25,88800,,,
2018-09-19,1250,1262.5,1243.75,1247.5,104800,,,
2018-09-20,1257.5,1262.5,1245,1262.5,72800,,,
2018-09-21,1257.5,1282.5,1257.5,1277.5,264000,,,
2018-09-25,1277.5,1285,1267.5,1282.5,149200,,,
2018-09-26,1270,1280,1260,1277.5,98400,,,
2018-09-27,1267.5,1290,1242.5,1242.5,114800,,,
2018-09-28,1243.75,1265,1240,1240,92800,,,
2018-10-01,1222.5,1222.5,1197.5,1207.5,110000,,,
2018-10-02,1210,1236.25,1210,1227.5,63200,,,
2018-10-03,1222.5,1235,1208.75,1208.75,40800,,,
2018-10-04,1220,1235,1212.5,1220,66400,,,
2018-10-05,1213.75,1237.5,1213.75,1236.25,110000,,,
2018-10-09,1228.75,1240,1193.75,1196.25,80400,,,
2018-10-10,1213.75,1225,1201.25,1212.5,68800,,,
2018-10-11,1197.5,1203.75,1166.25,1172.5,142800,,,
2018-10-12,1172.5,1175,1160,1161.25,123200,,,
2018-10-15,1147.5,1151.25,1138.75,1146.25,137200,,,
2018-10-16,1130,1148.75,1128.75,1131.25,60000,,,
2018-10-17,1141.25,1148.75,1132.5,1142.5,58800,,,
2018-10-18,1143.75,1157.5,1126.25,1126.25,56400,,,
2018-10-19,1125,1125,1112.5,1116.25,50400,,,
2018-10-22,1106.25,1127.5,1106.25,1115,42800,,,
2018-10-23,1100,1100,1078.75,1080,78400,,,
2018-10-24,1075,1075,1058.75,1068.75,57200,,,
2018-10-25,1048.75,1066.25,1027.5,1031.25,77600,,,
2018-10-26,1028.75,1050,1025,1028.75,82400,,,
2018-10-29,1046.25,1053.75,1020,1022.5,83200,,,
2018-10-30,1021.25,1072.5,1021.25,1062.5,109200,,,
2018-10-31,1080,1093.75,1066.25,1076.25,106800,,,
2018-11-01,1066.25,1073.75,1057.5,1062.5,97200,,,
2018-11-02,1075,1076.25,1038.75,1050,120400,,,
2018-11-05,1037.5,1061.25,1037.5,1051.25,50400,,,
2018-11-06,1065,1080,1055,1070,61200,,,
2018-11-07,1087.5,1106.25,1075,1082.5,80800,,,
2018-11-08,1090,1107.5,1090,1096.25,42000,,,
2018-11-09,1096.25,1107.5,1088.75,1093.75,53600,,,
2018-11-12,1091.25,1106.25,1083.75,1102.5,34800,,,
2018-11-13,1100,1100,1067.5,1067.5,40400,,,
2018-11-14,1061.25,1072.5,1046.25,1048.75,54000,,,
2018-11-15,1036.25,1051.25,1036.25,1051.25,43600,,,
2018-11-16,1051.25,1053.75,1046.25,1052.5,40400,,,
2018-11-19,1052.5,1052.5,1023.75,1041.25,57200,,,
2018-11-20,1038.75,1046.25,1033.75,1046.25,39200,,,
2018-11-21,1032.5,1033.75,1011.25,1033.75,50800,,,
2018-11-22,1050,1050,1013.75,1026.25,68000,,,
2018-11-26,1022.5,1031.25,1022.5,1027.5,44400,,,
2018-11-27,1045,1045,1032.5,1033.75,37200,,,
2018-11-28,1035,1035,1022.5,1032.5,42000,,,
2018-11-29,1048.75,1060,1043.75,1048.75,55200,,,
2018-11-30,1047.5,1058.75,1030,1035,74400,,,
2018-12-03,1042.5,1072.5,1033.75,1072.5,70400,,,
2018-12-04,1075,1075,1030,1031.25,84000,,,
2018-12-05,1030,1030,1005,1013.75,87200,,,
2018-12-06,1006.25,1018.75,995,1013.75,109200,,,
2018-12-07,1013.75,1018.75,992.5,997.5,69200,,,
2018-12-10,997.5,997.5,976.25,978.75,77200,,,
2018-12-11,980,980,942.5,955,86400,,,
2018-12-12,961.25,986.25,961.25,976.25,66000,,,
2018-12-13,983.75,987.5,971.25,978.75,79200,,,
2018-12-14,966.25,976.25,955,957.5,147600,,,
2018-12-17,950,970,950,967.5,61200,,,
2018-12-18,960,962.5,947.5,955,74400,,,
2018-12-19,955,960,930,935,72800,,,
2018-12-20,928.75,931.25,896.25,898.75,92400,,,
2018-12-21,898.75,898.75,848.75,851.25,200000,,,
2018-12-25,837.5,837.5,808.75,821.25,95600,,,
2018-12-26,831.25,862.5,831.25,841.25,76800,,,
2018-12-27,856.25,895,856.25,895,81200,,,
2018-12-28,893.75,897.5,877.5,883.75,71200,,,
2019-01-04,856.25,880,856.25,875,144000,,,
2019-01-07,890,895,860,863.75,111600,,,
2019-01-08,867.5,877.5,856.25,875,105600,,,
2019-01-09,890,890,866.25,872.5,77600,,,
2019-01-10,871.25,871.25,851.25,860,81200,,,
2019-01-11,865,867.5,853.75,858.75,61600,,,
2019-01-15,850,861.25,845,853.75,72000,,,
2019-01-16,857.5,857.5,827.5,830,91600,,,
2019-01-17,836.25,851.25,836.25,848.75,98400,,,
2019-01-18,848.75,865,845,862.5,67200,,,
2019-01-21,868.75,886.25,868.75,883.75,86800,,,
2019-01-22,887.5,887.5,862.5,872.5,68000,,,
2019-01-23,862.5,870,855,863.75,73200,,,
2019-01-24,863.75,871.25,857.5,865,96000,,,
2019-01-25,865,875,861.25,870,92000,,,
2019-01-28,863.75,863.75,840,841.25,77200,,,
2019-01-29,842.5,843.75,833.75,840,65200,,,
2019-01-30,850,850,820,823.75,138800,,,
2019-01-31,835,843.75,811.25,826.25,185200,,,
2019-02-01,828.75,842.5,791.25,792.5,120400,,,
2019-02-04,793.75,812.5,793.75,810,93600,,,
2019-02-05,811.25,828.75,811.25,828.75,86400,,,
2019-02-06,832.5,840,806.25,811.25,69600,,,
2019-02-07,808.75,812.5,796.25,808.75,76800,,,
2019-02-08,797.5,810,790,798.75,77200,,,
2019-02-12,796.25,827.5,796.25,825,67600,,,
2019-02-13,826.25,828.75,802.5,816.25,84000,,,
2019-02-14,803.75,822.5,803.75,811.25,54800,,,
2019-02-15,802.5,812.5,791.25,806.25,47200,,,
2019-02-18,823.75,830,816.25,825,78400,,,
2019-02-19,832.5,832.5,815,822.5,36400,,,
2019-02-20,813.75,832.5,813.75,831.25,53200,,,
2019-02-21,828.75,831.25,816.25,821.25,55600,,,
2019-02-22,821.25,821.25,805,816.25,59600,,,
2019-02-25,817.5,818.75,808.75,815,54000,,,
2019-02-26,813.75,813.75,792.5,798.75,73200,,,
2019-02-27,797.5,798.75,791.25,793.75,82400,,,
2019-02-28,798.75,806.25,785,805,84800,,,
2019-03-01,807.5,813.75,797.5,806.25,75600,,,
2019-03-04,808.75,810,797.5,801.25,55200,,,
2019-03-05,796.25,808.75,790,808.75,46800,,,
2019-03-06,800,803.75,791.25,795,59200,,,
2019-03-07,787.5,788.75,773.75,786.25,121600,,,
2019-03-08,786.25,792.5,778.75,787.5,242000,,,
2019-03-11,782.5,787.5,772.5,787.5,73200,,,
2019-03-12,792.5,808.75,790,806.25,95600,,,
2019-03-13,797.5,806.25,780,783.75,82400,,,
2019-03-14,793.75,801.25,790,801.25,87600,,,
2019-03-15,807.5,825,807.5,821.25,115200,,,
2019-03-18,838.75,852.5,833.75,852.5,117200,,,
2019-03-19,862.5,862.5,840,845,90800,,,
2019-03-20,845,852.5,837.5,846.25,68000,,,
2019-03-22,846.25,847.5,830,846.25,86400,,,
2019-03-25,832.5,832.5,808.75,822.5,86800,,,
2019-03-26,826.25,871.25,826.25,871.25,154000,,,
2019-03-27,848.75,861.25,828.75,860,131600,,,
2019-03-28,846.25,862.5,821.25,826.25,88400,,,
2019-03-29,827.5,827.5,810,817.5,52800,,,
2019-04-01,835,847.5,832.5,845,82000,,,
2019-04-02,857.5,858.75,842.5,845,64000,,,
2019-04-03,843.75,857.5,837.5,857.5,69600,,,
2019-04-04,857.5,861.25,850,851.25,48400,,,
2019-04-05,856.25,861.25,850,856.25,35600,,,
2019-04-08,856.25,856.25,835,838.75,27200,,,
2019-04-09,838.75,840,817.5,830,38400,,,
2019-04-10,822.5,822.5,807.5,818.75,38400,,,
2019-04-11,818.75,818.75,802.5,816.25,33200,,,
2019-04-12,821.25,827.5,808.75,810,46400,,,
2019-04-15,826.25,851.25,817.5,848.75,89600,,,
2019-04-16,847.5,847.5,830,835,25600,,,
2019-04-17,832.5,838.75,827.5,833.75,43200,,,
2019-04-18,830,832.5,805,808.75,54000,,,
2019-04-19,808.75,810,798.75,798.75,35200,,,
2019-04-22,801.25,801.25,786.25,793.75,34800,,,
2019-04-23,793.75,807.5,793.75,806.25,40400,,,
2019-04-24,810,810,790,793.75,51600,,,
2019-04-25,795,808.75,778.75,806.25,43200,,,
2019-04-26,797.5,802.5,787.5,798.75,48400,,,
2019-05-07,802.5,802.5,781.25,787.5,54400,,,
2019-05-08,778.75,778.75,757.5,767.5,72400,,,
2019-05-09,755,755,742.5,747,74800,,,
2019-05-10,747,752.5,732,732.25,79200,,,
2019-05-13,728.75,740.5,718.25,721,76000,,,
2019-05-14,703,719.25,695,719.25,47600,,,
2019-05-15,723.75,723.75,707.25,720.25,26800,,,
2019-05-16,720.25,720.25,703.75,720,51600,,,
2019-05-17,728.5,728.5,720,726.5,57600,,,
2019-05-20,736.5,737.5,718.75,737.5,38800,,,
2019-05-21,733.25,739.5,725.25,731.5,30000,,,
2019-05-22,738.25,738.25,717.75,722.5,57600,,,
2019-05-23,723.5,724,708.25,719.25,74400,,,
2019-05-24,718.5,739.5,717.5,735.25,37600,,,
2019-05-27,740.75,740.75,729,734.5,10400,,,
2019-05-28,728.25,738.25,719.75,728,64400,,,
2019-05-29,716,727,706.25,721.75,39200,,,
2019-05-30,724.25,726.75,713,725,25200,,,
2019-05-31,723.75,738.5,719,731.75,57600,,,
2019-06-03,723.75,726.5,712.75,720.75,31200,,,
2019-06-04,726,736,726,736,32000,,,
2019-06-05,741.25,772.5,741.25,758.75,44400,,,
2019-06-06,760,762.5,750,752.5,36400,,,
2019-06-07,756.25,758.75,740.5,758.75,24000,,,
2019-06-10,761.25,771.25,758.75,765,46400,,,
2019-06-11,768.75,780,768.75,776.25,46000,,,
2019-06-12,776.25,781.25,776.25,776.25,48000,,,
2019-06-13,776.25,776.25,761.25,768.75,79200,,,
2019-06-14,770,770,755,763.75,60400,,,
2019-06-17,762.5,762.5,747.5,747.5,39600,,,
2019-06-18,753.75,753.75,712.25,725.25,71600,,,
2019-06-19,728.25,742.75,715.75,735.5,51200,,,
2019-06-20,738.75,742.5,735.75,735.75,9600,,,
2019-06-21,736,736,721.5,721.5,48800,,,
2019-06-24,726.5,737.5,725.5,728,33600,,,
2019-06-25,728,731.5,719.25,721,33200,,,
2019-06-26,716.25,719.75,710.5,711.5,40400,,,
2019-06-27,711.75,723,710.5,716.75,33200,,,
2019-06-28,709.25,712,700,700,70800,,,
2019-07-01,707.75,730.5,707.75,730.5,64000,,,
2019-07-02,731.25,737.5,719.75,730.5,54000,,,
2019-07-03,722.75,743.75,718,742,39200,,,
2019-07-04,742.75,765,742.75,744,53600,,,
2019-07-05,753.75,761.25,746.75,760,49200,,,
2019-07-08,763.75,772.5,747,747.5,56000,,,
2019-07-09,748,748,728,731,42400,,,
2019-07-10,729.25,729.25,713.25,713.25,98400,,,
2019-07-11,713.5,724.5,712.75,722.25,38400,,,
2019-07-12,726,735.75,724.75,724.75,44400,,,
2019-07-16,725,726,717,725,40400,,,
2019-07-17,720,724.5,712.75,713.75,39600,,,
2019-07-18,713.75,713.75,682.5,684.5,103600,,,
2019-07-19,685,698,684.75,696,36400,,,
2019-07-22,696,696,686.5,687.5,46800,,,
2019-07-23,691,700.5,687.5,697,54000,,,
2019-07-24,697,697,678.25,678.75,116000,,,
2019-07-25,678.75,683.75,675,683.75,46000,,,
2019-07-26,675.25,675.5,668,672.25,52000,,,
2019-07-29,671.5,672.5,662.5,670.5,66400,,,
2019-07-30,674.25,683.5,670.75,681.5,78400,,,
2019-07-31,679.75,682,666.75,671.75,90000,,,
2019-08-01,679,684,674.5,681,52800,,,
2019-08-02,667.5,667.5,636,639.25,115200,,,
2019-08-05,631.25,631.25,608.25,610,110400,,,
2019-08-06,599.5,610.75,591.75,609.75,114400,,,
2019-08-07,602.75,614.25,602.75,610,64400,,,
2019-08-08,607.75,609,598.75,601.25,68000,,,
2019-08-09,606,607.75,595,597.75,41200,,,
2019-08-13,592.5,593.75,581.25,593,83600,,,
2019-08-14,605.25,612.5,604,611.25,63200,,,
2019-08-15,587.5,609.25,587.5,599,99200,,,
2019-08-16,598.75,598.75,591.25,594.75,30800,,,
2019-08-19,601.75,604.25,599.5,600.75,30000,,,
2019-08-20,609.25,609.25,599.5,607.25,40000,,,
2019-08-21,600.25,602.25,595.25,600.25,40800,,,
2019-08-22,609.75,618.75,603.25,616.5,80000,,,
2019-08-23,616.5,628.75,616.5,626.5,49200,,,
2019-08-26,622,622,610.75,613,108400,,,
2019-08-27,624,625.75,606,606,38000,,,
2019-08-28,607,607.75,600.5,603.5,36800,,,
2019-08-29,609.25,609.25,594,600,50000,,,
2019-08-30,607.75,622.25,606.5,619.75,62000,,,
2019-09-02,614.25,614.75,587.75,590.5,72000,,,
2019-09-03,588.25,589.75,581.25,582,58400,,,
2019-09-04,577.25,577.25,562,563,107200,,,
2019-09-05,563.25,574,560,573.25,161200,,,
2019-09-06,573.25,573.25,565.25,572,96800,,,
2019-09-09,572.5,581.75,566.5,574.25,85200,,,
2019-09-10,578.5,614.25,569.5,593,206000,,,
2019-09-11,593,618,592.75,616,193200,,,
2019-09-12,628,642.25,616.25,632.5,254400,,,
2019-09-13,626.75,644.25,617.75,643,218400,,,
2019-09-17,644.25,646,630.25,643,131200,,,
2019-09-18,647.5,647.5,620,627.5,126000,,,
2019-09-19,627.5,640,626.75,637.5,122400,,,
2019-09-20,638,639,628.75,634.75,82000,,,
2019-09-24,639.5,639.5,626.75,631.75,80400,,,
2019-09-25,634.5,640.25,625.25,640.25,104800,,,
2019-09-26,652.75,656,644,655.75,162800,,,
2019-09-27,643.5,651.25,641.25,647.25,155200,,,
2019-09-30,642.5,655.25,642.5,650.5,101600,,,
2019-10-01,645,661.5,645,653,53600,,,
2019-10-02,642.75,659,639.5,654,78400,,,
2019-10-03,641.5,641.75,627.5,631.75,47200,,,
2019-10-04,631.5,634.75,624.25,626.25,35600,,,
2019-10-07,626.25,626.25,615.5,622,39600,,,
2019-10-08,628,628,617,627.5,61600,,,
2019-10-09,619.25,624.5,611.25,624,46800,,,
2019-10-10,620.75,621.25,606.25,615.75,100000,,,
2019-10-11,619,621.75,613,616.75,89200,,,
2019-10-15,622.5,631.25,617.5,621.25,106000,,,
2019-10-16,633.25,644.25,626.75,631.5,108400,,,
2019-10-17,637.5,637.5,623.75,629,82400,,,
2019-10-18,636,646.25,625.75,628.75,71600,,,
2019-10-21,629.25,635,629.25,629.75,35600,,,
2019-10-23,632.75,636.25,620,635.25,103600,,,
2019-10-24,637.5,649.25,632.25,645.75,112000,,,
2019-10-25,641.5,647.25,633.75,647.25,110400,,,
2019-10-28,647.25,664.25,645,657.75,132400,,,
2019-10-29,668,673.25,663,671,81200,,,
2019-10-30,671,696,663.25,696,284000,,,
2019-10-31,701,709.75,686.25,708.75,163200,,,
2019-11-01,697.5,701,690,699.5,68000,,,
2019-11-05,709.75,716,693.5,712.25,128000,,,
2019-11-06,711.75,712,703,707.5,71200,,,
2019-11-07,710,723,698.5,718.5,72000,,,
2019-11-08,730,730,694.5,713,221600,,,
2019-11-11,738,766.25,732.25,766.25,135600,,,
2019-11-12,765,766.25,745.25,760,63200,,,
2019-11-13,745,755,740.75,740.75,78000,,,
2019-11-14,738.75,738.75,711.5,711.5,94400,,,
2019-11-15,711.25,736.5,709.25,735.25,115200,,,
2019-11-18,737.5,742.5,731,740.75,50400,,,
2019-11-19,743.5,747,735.25,736.5,47200,,,
2019-11-20,730,730,713.25,716.75,51600,,,
2019-11-21,716.75,718.25,702.75,715.75,67600,,,
2019-11-22,716.25,721.75,706.5,707.5,81600,,,
2019-11-25,712.75,731,712.75,727,66400,,,
2019-11-26,725.75,732.5,720,726.5,81600,,,
2019-11-27,726.5,732,723.5,731.25,73600,,,
2019-11-28,731.25,731.25,720.25,727.75,38400,,,
2019-11-29,726.5,734.75,719.5,734.25,77600,,,
2019-12-02,737.5,748.75,737.5,741.25,47600,,,
2019-12-03,739.25,739.25,722.5,724.5,64400,,,
2019-12-04,718.75,731,704.25,731,76800,,,
2019-12-05,731.25,740,728,732.5,54400,,,
2019-12-06,742.5,751.25,737,751.25,74000,,,
2019-12-09,757.5,760,748.75,752.5,43600,,,
2019-12-10,755,761.25,738.25,749.75,106400,,,
2019-12-11,748,749.5,730,735,66400,,,
2019-12-12,744.5,744.5,718.5,722,60000,,,
2019-12-13,711,732.25,705.75,721.25,358400,,,
2019-12-16,721.25,730.25,709.75,726.5,80000,,,
2019-12-17,733.25,753.75,729,753.75,60800,,,
2019-12-18,752.5,755,744.75,750,70400,,,
2019-12-19,750,750,735.75,742.25,46000,,,
2019-12-20,741.25,749,738.75,745.5,60400,,,
2019-12-23,745.5,753.75,732,732.25,75600,,,
2019-12-24,738.5,739.5,726.25,733.5,39600,,,
2019-12-25,733.5,733.5,715.5,716.75,20800,,,
2019-12-26,724,727.75,715.25,727.75,29200,,,
2019-12-27,733.75,734.75,722,734,38800,,,
2019-12-30,729.75,729.75,718.25,720.75,66000,,,
2020-01-06,708.25,720.75,698.25,707.75,70800,,,
2020-01-07,717.5,721.25,706.5,717.75,95200,,,
2020-01-08,713,713,693,694,89200,,,
2020-01-09,702.75,706.25,692.5,696.5,62400,,,
2020-01-10,697,701.25,692.75,693,32400,,,
2020-01-14,693.25,694.25,671.75,679,103200,,,
2020-01-15,685,686.5,670.25,682.75,84400,,,
2020-01-16,678.5,681.25,663.75,663.75,68800,,,
2020-01-17,669.75,680.5,667.5,672.5,55200,,,
2020-01-20,672.5,683,668.25,676.75,40400,,,
2020-01-21,676.75,676.75,665.25,671.75,48000,,,
2020-01-22,671.75,674.75,664.75,668,84800,,,
2020-01-23,667.75,673,661.75,664.5,66800,,,
2020-01-24,664.5,665,650.5,659.5,72800,,,
2020-01-27,650,652.75,638.75,648,73600,,,
2020-01-28,643,652.75,629.25,651,103600,,,
2020-01-29,651,665,641,662.75,85200,,,
2020-01-30,661.5,676.25,661.25,674.75,87600,,,
2020-01-31,674,676.75,668.25,670.5,73200,,,
2020-02-03,670.5,682,670.5,677,68000,,,
2020-02-04,677.5,697.5,677.5,689.5,109600,,,
2020-02-05,689.5,703,685.5,693.75,162400,,,
2020-02-06,705,711.75,682.75,682.75,137600,,,
2020-02-07,682.5,682.5,652,656.75,120800,,,
2020-02-10,645.25,645.5,637,639.75,80800,,,
2020-02-12,639.75,642.5,629.75,638,107600,,,
2020-02-13,633,635.75,625.5,635.75,66800,,,
2020-02-14,630,636.5,627.75,636.5,70000,,,
2020-02-17,635,635,623.5,628.75,47200,,,
2020-02-18,629,632.5,623.5,631,74800,,,
2020-02-19,631,640,624.5,634,122000,,,
2020-02-20,635.75,648.5,633.75,635.75,105600,,,
2020-02-21,635.75,650.75,635.75,643.25,82800,,,
2020-02-25,620.5,621,601.5,605,155200,,,
2020-02-26,595.75,596,579.5,585.5,110400,,,
2020-02-27,585.5,585.5,569,570.75,105200,,,
2020-02-28,558.25,559.5,545.5,555.5,202800,,,
2020-03-02,548,570.5,546.25,568.25,126000,,,
2020-03-03,578.75,580.25,557,559,116000,,,
2020-03-04,557.5,557.5,538.5,541,118800,,,
2020-03-05,541.75,551,538.25,548.5,174800,,,
2020-03-06,534,534.25,519.5,521.75,123600,,,
2020-03-09,502.5,504.75,493.5,496.75,170800,,,
2020-03-10,495,523.75,477.75,519.75,169200,,,
2020-03-11,525.75,531.75,513,513.25,146800,,,
2020-03-12,500,513.5,494.75,503,264800,,,
2020-03-13,470.5,487.25,455,474.25,305200,,,
2020-03-16,476.25,507.75,474.25,487.75,191600,,,
2020-03-17,464.5,539.5,464.25,533.5,379600,,,
2020-03-18,541,569.75,538,543.5,203200,,,
2020-03-19,563.75,601.5,553.25,596.25,203600,,,
2020-03-23,596.25,615.5,565.5,608.5,213600,,,
2020-03-24,640,649.75,610,619.25,235200,,,
2020-03-25,628,628.75,598.75,614.25,116400,,,
2020-03-26,612.5,659.75,604.25,647.5,258800,,,
2020-03-27,669.5,689.75,650,689.75,285200,,,
2020-03-30,677.75,697.25,659.75,688.75,236800,,,
2020-03-31,683.5,696,648.75,669.5,170800,,,
2020-04-01,666.5,670,626.75,632.5,106000,,,
2020-04-02,631.75,631.75,590.75,607.25,92400,,,
2020-04-03,598.5,618.5,590,603.75,79600,,,
2020-04-06,595,629.5,588.75,623.25,117200,,,
2020-04-07,630.75,633.5,603.25,633.5,135200,,,
2020-04-08,623,658,623,634.5,114800,,,
2020-04-09,637,639.75,618.25,622.25,104800,,,
2020-04-10,624.5,657.75,622.25,657,82400,,,
2020-04-13,654.5,654.5,639.5,646.75,42400,,,
2020-04-14,637.75,657.5,637.5,647.5,109600,,,
2020-04-15,647.5,647.5,597,604.5,139200,,,
2020-04-16,601.25,627,601.25,627,99200,,,
2020-04-17,636.5,643,613.5,621.5,84800,,,
2020-04-20,629,641.5,624.25,632.5,45600,,,
2020-04-21,625.5,634.25,614,630,85200,,,
2020-04-22,627,640.5,615,618.5,109200,,,
2020-04-23,619.5,644.75,618.5,644.75,93600,,,
2020-04-24,644.75,654.5,633.5,642.5,111200,,,
2020-04-27,645,651,635,650,55200,,,
2020-04-28,652.5,652.5,631,631.25,68800,,,
2020-04-30,649.75,649.75,628,631,90800,,,
2020-05-01,628.5,630,615.25,624.5,56000,,,
2020-05-07,626.75,629.75,613.75,627.5,87200,,,
2020-05-08,637.5,639.25,629,632.25,46800,,,
2020-05-11,640,643.25,624,628,68000,,,
2020-05-12,630.5,630.5,619.25,622,24400,,,
2020-05-13,619.75,640.5,615.5,635.75,49200,,,
2020-05-14,635.25,639.75,601.5,601.5,80400,,,
2020-05-15,605,605,569,571.75,121200,,,
2020-05-18,580.25,586,562.25,586,99600,,,
2020-05-19,598.5,598.5,581.75,595,62800,,,
2020-05-20,593.25,595.25,582.75,592,56800,,,
2020-05-21,594.25,600.75,587.5,600.75,40000,,,
2020-05-22,600.75,606.5,587,594.25,56400,,,
2020-05-25,600.25,613.25,600.25,606.75,45200,,,
2020-05-26,606.75,629.5,605.5,629.5,66000,,,
2020-05-27,626.5,634.75,613.25,630,105200,,,
2020-05-28,630,661,624.5,650.75,172400,,,
2020-05-29,655.25,669.5,621,621,146400,,,
2020-06-01,635.75,650.25,610.25,621.75,140800,,,
2020-06-02,630.5,645.25,626.5,638.25,108000,,,
2020-06-03,647.75,647.75,626.75,640.25,61600,,,
2020-06-04,651.5,655,640.75,651.5,80000,,,
2020-06-05,658,669.25,653.5,660.75,52800,,,
2020-06-08,670,681.75,665.25,677.5,89600,,,
2020-06-09,680,681.75,661.5,664.75,79200,,,
2020-06-10,665,675.5,665,672,57600,,,
2020-06-11,672,677.5,661,670.25,150400,,,
2020-06-12,658.5,663.5,642.5,642.5,114800,,,
2020-06-15,654.75,659.75,643.5,644.5,101600,,,
2020-06-16,662.25,674.75,652,670,121600,,,
2020-06-17,673.5,679.25,654.5,666,82000,,,
2020-06-18,665.5,665.5,642.75,657,92000,,,
2020-06-19,652,658.75,627,627,129600,,,
2020-06-22,632.75,657.75,630.25,656.75,96400,,,
2020-06-23,656.75,659,645.25,648,70400,,,
2020-06-24,645.5,647.25,630.5,645,51600,,,
2020-06-25,644.5,644.5,616.75,631,103200,,,
2020-06-26,637.5,657.5,637.5,655.5,96800,,,
2020-06-29,653,657.25,645.5,654.75,46000,,,
2020-06-30,661,669.75,650,650,72400,,,
2020-07-01,653,655.75,639,643,85200,,,
2020-07-02,647.25,650,632,635.75,65600,,,
2020-07-03,635.75,645.25,628.75,645.25,56400,,,
2020-07-06,642.5,661,641.25,653.25,80800,,,
2020-07-07,651.25,655.75,632.5,643.5,86800,,,
2020-07-08,639.5,642,627.25,627.25,86000,,,
2020-07-09,632.75,632.75,617.75,626.25,74000,,,
2020-07-10,621.25,622,596,596,102400,,,
2020-07-13,604.5,635,604.5,632.5,81200,,,
2020-07-14,633.25,637.5,624.75,631.25,59200,,,
2020-07-15,637,652.5,626.5,646.5,85200,,,
2020-07-16,646.5,648,636,637.75,68000,,,
2020-07-17,649.5,649.5,627.75,644,66800,,,
2020-07-20,649.25,649.25,632.5,643.25,44000,,,
2020-07-21,641.75,658.25,634.75,657.5,112000,,,
2020-07-22,657.5,671,639.25,639.25,132800,,,
2020-07-27,637.5,656.75,634.75,656.75,90800,,,
2020-07-28,650.75,654.25,639.25,643.5,73600,,,
2020-07-29,641.5,646.5,633,634.75,54400,,,
2020-07-30,637.75,638.75,608.75,608.75,59600,,,
2020-07-31,608.75,619.25,597.5,605.5,51600,,,
2020-08-03,612.25,642,605.25,642,92800,,,
2020-08-04,642,648.5,624.5,630,51200,,,
2020-08-05,624.5,633.75,614,626,53600,,,
2020-08-06,622,622.25,606,615.5,67600,,,
2020-08-07,610.5,612.75,598.5,603.25,103200,,,
2020-08-11,602.75,642.25,602.75,640.75,148000,,,
2020-08-12,640.25,647.5,626,632.25,92800,,,
2020-08-13,636.5,668.5,636.5,668.5,135200,,,
2020-08-14,656,665,641.5,645.5,74800,,,
2020-08-17,650,657.75,640.25,645,27600,,,
2020-08-18,641.5,649,630.75,643,41600,,,
2020-08-19,634.25,646.75,630.5,643.5,34800,,,
2020-08-20,640,645.75,631,633.5,48800,,,
2020-08-21,634,634.75,621.25,624.25,50400,,,
2020-08-24,627.5,627.5,615.75,621.5,61200,,,
2020-08-25,622.5,633.75,612.5,630.5,89600,,,
2020-08-26,619,622.75,615.75,621.25,45600,,,
2020-08-27,621.25,621.25,613.75,619,29600,,,
2020-08-28,624.75,634,610.75,622,79600,,,
2020-08-31,625,638.75,620,624,67600,,,
2020-09-01,631.25,631.25,616.75,620.75,57600,,,
2020-09-02,628.75,631.25,620,624.75,56400,,,
2020-09-03,628,630,615.75,620.25,118400,,,
2020-09-04,615,624.5,610.25,624.25,76000,,,
2020-09-07,624.75,638,624.75,636.5,78800,,,
2020-09-08,636.5,641.75,620.5,634.75,96800,,,
2020-09-09,622.25,626.75,606.25,620.25,158800,,,
2020-09-10,620.25,620.25,602.75,610.5,109200,,,
2020-09-11,605.5,625,602.5,625,208400,,,
2020-09-14,625,627.5,614.25,615,90400,,,
2020-09-15,622.5,629.75,606.75,629,159600,,,
2020-09-16,625,636.25,623,630.75,72400,,,
2020-09-17,637.25,646.25,637,638.75,90000,,,
2020-09-18,649.75,658.75,642.25,653.25,145600,,,
2020-09-23,653.25,653.25,638.25,638.75,140800,,,
2020-09-24,641,641.5,625.25,629.25,91200,,,
2020-09-25,631,656,631,651,147600,,,
2020-09-28,657,684,653,681.5,146400,,,
2020-09-29,681.25,681.25,651.75,657,124000,,,
2020-09-30,660.25,660.25,633.25,633.5,108800,,,
2020-10-01,#VALUE!,#VALUE!,#VALUE!,#VALUE!,0,,,
2020-10-02,644,648,628.75,630,106000,,,
2020-10-05,630.25,642,628.75,634.5,91200,,,
2020-10-06,633.75,647.25,626.75,641,95200,,,
2020-10-07,639.75,639.75,627,630,62000,,,
2020-10-08,632.25,634.25,623,626.75,114400,,,
2020-10-09,626.25,626.25,609.25,621.75,110400,,,
2020-10-12,624.75,624.75,609.5,621.75,59600,,,
2020-10-13,621.75,622.25,613,617.5,56000,,,
2020-10-14,615.25,615.25,605,609,74000,,,
2020-10-15,605.25,615.5,604.75,609,78000,,,
2020-10-16,606.25,612.5,603.5,604,61200,,,
2020-10-19,605,620.75,605,617.75,98000,,,
2020-10-20,615.25,616.25,593.75,599,83200,,,
2020-10-21,600,610.75,599.5,607,107600,,,
2020-10-22,606.5,608,597.5,601.75,77600,,,
2020-10-23,602.25,606.25,592.5,602.25,98400,,,
2020-10-26,602.25,602.25,592.75,594.5,49600,,,
2020-10-27,592.5,598.75,586.75,597.5,60800,,,
2020-10-28,591.75,593.25,581.25,588.75,81200,,,
2020-10-29,587.75,601,583.75,601,75200,,,
2020-10-30,598.5,598.5,578.75,584.5,91600,,,
2020-11-02,587,607.5,587,604.75,110400,,,
2020-11-04,609.5,609.5,592.75,596.5,121200,,,
2020-11-05,596.5,624.5,585.75,624.5,240400,,,
2020-11-06,611.25,611.25,601,603.75,156400,,,
2020-11-09,610,610,594.5,607.5,127200,,,
2020-11-10,612.5,614.75,598,606,184400,,,
2020-11-11,611.25,617.5,605.25,611.5,158400,,,
2020-11-12,611.5,617.75,604.75,612,75200,,,
2020-11-13,611.75,611.75,596,601.75,73200,,,
2020-11-16,601.75,612.5,599.5,605.25,114000,,,
2020-11-17,606.5,607.25,593,599,110400,,,
2020-11-18,599,610.75,593.75,605.75,98400,,,
2020-11-19,602.75,602.75,594.25,600.5,71200,,,
2020-11-20,600.5,609.75,599.25,606,100800,,,
2020-11-24,612.75,619.5,605.75,606.75,125600,,,
2020-11-25,616.5,616.5,586.25,589.75,170000,,,
2020-11-26,585.25,598,584.75,587.25,160800,,,
2020-11-27,595,595,577.75,582,173200,,,
2020-11-30,582,582,552.25,554,213200,,,
2020-12-01,559.25,565,551,559.25,91600,,,
2020-12-02,568.75,568.75,555.25,558,167200,,,
2020-12-03,560.75,561.25,551.75,554,75600,,,
2020-12-04,554,555.5,542.5,546.75,78000,,,
2020-12-07,547.5,547.5,540.25,544.25,96400,,,
2020-12-08,539.75,544.25,535,535.5,96000,,,
2020-12-09,536.25,537.5,529,534,165200,,,
2020-12-10,534,537.5,527,528.75,169200,,,
2020-12-11,526.25,540.25,526.25,538,144400,,,
2020-12-14,532.75,543.75,522.75,527.75,174000,,,
2020-12-15,527.75,529.75,515.75,520.75,116800,,,
2020-12-16,527.25,531,519,528.5,97200,,,
2020-12-17,530,531.5,517.75,523.25,102000,,,
2020-12-18,523.25,532,520.25,529.75,156800,,,
2020-12-21,527,532.5,517.5,523,158400,,,
2020-12-22,520,522,506.25,512.25,178800,,,
2020-12-23,512.25,514.25,500.25,504.75,245600,,,
2020-12-24,504.75,509.25,500.5,509,138000,,,
2020-12-25,509,511,501.5,504,152000,,,
2020-12-28,504,505,490.5,494.5,248400,,,
2020-12-29,495.75,510,495.75,510,137200,,,
2020-12-30,503.25,508.75,497.25,501.5,93600,,,
2021-01-04,502.75,504.75,488,490.25,102800,,,
2021-01-05,490,491.5,486,490,102400,,,
2021-01-06,490,502.5,490,495.75,83200,,,
2021-01-07,505,510,501,502.25,194400,,,
2021-01-08,500.75,511.75,496,509.25,127200,,,
2021-01-12,513.75,517.75,502.5,506.75,157600,,,
2021-01-13,503.25,506.75,502,504.25,109600,,,
2021-01-14,500.75,506,500.5,503.75,158800,,,
2021-01-15,504.5,505.75,497.75,497.75,73200,,,
2021-01-18,497.5,502,494.25,502,84800,,,
2021-01-19,502,502,493.75,494.25,122000,,,
2021-01-20,490,497.25,488.75,495.5,194000,,,
2021-01-21,495,499.75,491.25,493.5,110800,,,
2021-01-22,493.5,493.5,485.25,486.5,116800,,,
2021-01-25,488.5,489.25,485.75,487.75,46800,,,
2021-01-26,487.25,489.75,484.75,486.5,88800,,,
2021-01-27,485,488.25,483.25,486.25,88400,,,
2021-01-28,482.5,488.25,480.25,484.5,111200,,,
2021-01-29,486.25,492.25,480.25,482.5,88000,,,
2021-02-01,482.5,490.25,482.5,487.75,51200,,,
2021-02-02,493.75,495.5,488.5,489.75,84000,41296000,0,0
2021-02-03,494.75,497.5,489.5,493.75,104000,51231100,0,0
2021-02-04,493.75,500.5,493.75,498.25,126800,63191800,0,0
2021-02-05,500,505.75,499.75,503.75,112000,56369200,0,0
2021-02-08,505,514,505,509.25,141200,71973100,0,0
2021-02-09,511.75,520.75,511.75,518.75,146400,75679200,0,0
2021-02-10,518.75,518.75,511.5,515,94400,48623300,0,0
2021-02-12,518.5,521.75,515.25,519,89600,46426500,0,0
2021-02-15,518,525,518,520.5,95600,49805600,0,0
2021-02-16,522,541,521.5,526,152800,81050200,0,0
2021-02-17,527.25,538.5,526,537.75,88800,47477000,0,0
2021-02-18,538.5,544,533.75,537.75,143600,77415700,0,0
2021-02-19,535.25,535.25,527,531.75,93600,49722600,0,0
2021-02-22,532.5,542.5,532.5,535.5,56000,30093100,0,0
2021-02-24,540,544,532,532,154000,82764800,0,0
2021-02-25,539.25,543.75,534.25,541.25,164800,89149000,0,0
2021-02-26,536.25,536.25,521.5,521.5,167600,88546200,0,0
2021-03-01,522.75,536.25,521,532.5,184400,98113100,0,0
2021-03-02,532.5,532.75,523.75,532,136400,72331900,0,0
2021-03-03,530,541.5,528,540,175200,94275200,0,0
2021-03-04,540,556.25,537.5,556.25,218000,120116800,0,0
2021-03-05,560,563.75,551.75,559.25,201200,112144000,0,0
2021-03-08,570.5,576.5,563.75,570.25,142400,81053600,0,0
2021-03-09,570,591.75,570,590.25,202800,118525200,0,0
2021-03-10,589,589,571.25,576.75,157600,90840000,0,0
2021-03-11,578.25,591.25,578.25,588,172800,101670400,0,0
2021-03-12,579.25,588.25,570.5,587.25,223600,130295800,0,0
2021-03-15,597,609.75,597,605.5,175200,105730000,0,0
2021-03-16,609,630.75,605.5,630.5,254000,159117900,0,0
2021-03-17,631.75,645,631.75,645,138400,88694200,0,0
2021-03-18,646.75,652.5,635.75,647,199600,128820400,0,0
2021-03-19,662.25,691.75,659.5,676.25,408000,277272300,0,0
2021-03-22,676.25,686.75,668.5,681.5,157200,106609500,0,0
2021-03-23,683.25,683.25,655,658,148800,98945900,0,0
2021-03-24,633,640.25,623.5,630.25,199600,125896700,0,0
2021-03-25,633.25,657.75,633.25,655.25,109200,71270700,0,0
2021-03-26,662,662,643.75,649.25,111200,72301500,0,0
2021-03-29,656.25,664.5,629.5,641.25,191600,122654000,0,0
2021-03-30,637,640,610.5,628.25,158800,99191100,0,0
2021-03-31,621.5,626,596.5,597.25,149600,90488400,0,0
2021-04-01,601.75,604.75,595,597.25,140800,84335400,0,0
2021-04-02,587,598,586.75,592.5,110000,65151800,0,0
2021-04-05,588,613.25,588,606.25,109200,66274200,0,0
2021-04-06,600.25,600.25,578.25,583.25,114400,67057500,0,0
2021-04-07,583.25,592.75,582.75,584,85600,50235100,0,0
2021-04-08,578.75,581.25,555.25,558.75,136400,76944600,0,0
2021-04-09,566,571,555,557.75,130800,73635700,0,0
2021-04-12,563.5,572.25,562.5,566.25,102400,58045000,0,0
2021-04-13,566,567,557,557.5,98800,55496100,0,0
2021-04-14,557.5,558.25,550.25,557.5,86000,47718400,0,0
2021-04-15,555,566.75,555,557,51200,28638800,0,0
2021-04-16,557.5,560.5,551.75,556,55200,30684100,0,0
2021-04-19,557.75,563.75,555.25,555.75,44000,24582700,0,0
2021-04-20,554.25,554.25,542.75,542.75,96800,52998100,0,0
2021-04-21,532,543,526.75,533,98400,52437000,0,0
2021-04-22,540,540,529.5,533.5,56400,30187800,0,0
2021-04-23,533.5,542.75,533.5,536.25,80800,43352800,0,0
2021-04-26,536.25,536.25,526.25,526.75,106000,56135700,0,0
2021-04-27,525,534.25,519.25,524,97600,51381000,0,0
2021-04-28,520,526.5,510.5,510.5,111600,57637600,0,0
2021-04-30,512,519.75,506.25,507,133200,68151300,0,0
2021-05-06,507,519.5,507,515.75,114800,59185700,0,0
2021-05-07,520.25,538,520.25,534,149200,79350300,0,0
2021-05-10,534,545,534,540.25,100800,54504700,0,0
2021-05-11,542.5,542.5,525.5,526.75,121600,64680800,0,0
2021-05-12,514.75,517.75,499.25,502.25,378400,191060200,0,0
2021-05-13,503.5,515,493.5,496.25,324400,162902900,0,0
2021-05-14,500.5,502.25,490,497.25,255200,127003600,0,0
2021-05-17,496,501,486.5,487,264000,129306000,0,0
2021-05-18,487.5,492,482.5,489.75,288000,140105900,0,0
2021-05-19,483.75,485.5,475.25,476.5,381200,182597400,0,0
2021-05-20,475,478.5,472.5,472.5,260000,123372200,0,0
2021-05-21,472.5,473,467,468.75,272800,128216700,0,0
2021-05-24,468,477.5,460.25,471.75,463200,217373000,0,0
2021-05-25,465.75,471.75,459,460.5,545200,252014100,0,0
2021-05-26,457.5,457.5,443.75,443.75,538000,240964900,0,0
2021-05-27,445.25,450.25,439,445,1588400,705980300,0,0
2021-05-28,447.5,464,446,464,286400,130984800,0,0
2021-05-31,462.75,462.75,450,451,158800,72120900,0,0
2021-06-01,453,457.75,446.5,451.25,191600,86313900,0,0
2021-06-02,453,456.25,448.75,453.25,174800,79324600,0,0
2021-06-03,456,458.75,451.25,452.25,118000,53579000,0,0
2021-06-04,456.25,456.25,451.5,454.25,109600,49735000,0,0
2021-06-07,452.75,452.75,445.25,446,168400,75397500,0,0
2021-06-08,446,449,442.75,445,107200,47726000,0,0
2021-06-09,445.25,447.75,442,443,165200,73370800,0,0
2021-06-10,443.25,443.75,438,443,244000,107707300,0,0
2021-06-11,439.25,442.25,435,439.5,234000,102747700,0,0
2021-06-14,441,441,436,439,182000,79712200,0,0
2021-06-15,438.75,439,435.25,437.25,112800,49291900,0,0
2021-06-16,437.5,440.5,437,438.75,86800,38063600,0,0
2021-06-17,438.75,443.5,437.75,439.5,88800,39104700,0,0
2021-06-18,438.25,439.5,428.25,428.25,251600,108856200,0,0
2021-06-21,423,423,417.5,420.5,235200,98800700,0,0
2021-06-22,426,429.75,422.75,428,164400,70163300,0,0
2021-06-23,428.75,429.5,424,426,159600,68170800,0,0
2021-06-24,424,429.5,422,424.25,105600,44836100,0,0
2021-06-25,429.5,433,427,432,100400,43279300,0,0
2021-06-28,435,440.25,432.5,439,102800,44938400,0,0
2021-06-29,438.75,438.75,428,430.5,182800,78813000,0,0
2021-06-30,431.5,434.5,425,425,190400,81503100,0,0
2021-07-01,425.5,430,425.25,428.25,98400,42099700,0,0
2021-07-02,430.5,435,430.25,433.5,142400,61608200,0,0
2021-07-05,433,433.5,428,429.75,64400,27688700,0,0
2021-07-06,432,437.25,430,434.25,70400,30552600,0,0
2021-07-07,429.25,430.5,425,425,176400,75491900,0,0
2021-07-08,425,429,420,420,179200,75928200,0,0
2021-07-09,420,420,413.25,417,240000,99926900,0,0
2021-07-12,424.75,432.25,423.5,429,158800,68099800,0,0
2021-07-13,433,438.25,432,435,159200,69302900,0,0
2021-07-14,432.25,439.25,430,436,105600,46080500,0,0
2021-07-15,442,442.25,428.5,430,164000,71056200,0,0
2021-07-16,429,432.5,426.5,428,106400,45590200,0,0
2021-07-19,426.5,426.5,417.5,420,139200,58518200,0,0
2021-07-20,415.25,422,414.5,419.75,126800,53055900,0,0
2021-07-21,424.25,427.25,420.5,421,108400,45859800,0,0
2021-07-26,428.25,428.25,417.5,419.25,274000,115246900,0,0
2021-07-27,424,427.75,421.25,426.5,112000,47634100,0,0
2021-07-28,421.75,429.25,421.75,429.25,68000,28996000,0,0
2021-07-29,430.25,430.25,420,423.25,172000,72817600,0,0
2021-07-30,420.75,422.25,417,417,140800,59019700,0,0
2021-08-02,420,433.25,416.75,429.75,128800,55085000,0,0
2021-08-03,428,429,424.25,426,66800,28498200,0,0
2021-08-04,424,425.5,419,419.5,63600,26838300,0,0
2021-08-05,418.25,420.25,416.75,416.75,54000,22561600,0,0
2021-08-06,417,418,414.25,414.25,114000,47401500,0,0
2021-08-10,414.5,417.75,414,415.25,125600,52153500,0,0
2021-08-11,415.75,422.5,415.75,420,119200,50041100,0,0
2021-08-12,422,428.75,421,426,85600,36420500,0,0
2021-08-13,425.75,425.75,421,421.5,55600,23526700,0,0
2021-08-16,420,420.25,414.25,415.5,149200,62041600,0,0
2021-08-17,417.25,419.25,414.5,415.25,58400,24325000,0,0
2021-08-18,417.25,418.75,413.25,415.75,170800,70875000,0,0
2021-08-19,414.5,416,411.25,411.75,161200,66635000,0,0
2021-08-20,412.25,414,410.5,410.75,95600,39364300,0,0
2021-08-23,411.75,416,411.75,413.75,80400,33278500,0,0
2021-08-24,414,417.25,413.25,416.5,119600,49681200,0,0
2021-08-25,416.25,417.25,413.25,413.75,69600,28854900,0,0
2021-08-26,413.75,416.25,412.75,416,56800,23561400,0,0
2021-08-27,415,417.75,414,417.75,60800,25326500,0,0
2021-08-30,420.5,427.5,420.5,427.5,128000,54272100,0,0
2021-08-31,424,429.75,423.5,426.75,82800,35348900,0,0
2021-09-01,427,429.5,426,428.5,72000,30822200,0,0
2021-09-02,428,429,426.5,428.75,45600,19513000,0,0
2021-09-03,427.75,433.75,427.5,432.75,128800,55527800,0,0
2021-09-06,437.5,437.5,430.25,431.75,85200,36807000,0,0
2021-09-07,434.75,435,429.5,433.75,122000,52750100,0,0
2021-09-08,433.75,436,431.25,435,135200,58645200,0,0
2021-09-09,437,437.25,432.25,436,96400,41869700,0,0
2021-09-10,435.25,444.25,434,443.5,228400,100453500,0,0
2021-09-13,439.5,445.5,438.75,443.5,132400,58645600,0,0
2021-09-14,446.75,452,443.75,452,141600,63449200,0,0
2021-09-15,444,445.5,442,445.5,90000,39941600,0,0
2021-09-16,441.5,448,441.5,448,82800,36884600,0,0
2021-09-17,448.25,450.75,446,450.75,208400,93604900,0,0
2021-09-21,440.75,443,437.5,441.25,133600,58868600,0,0
2021-09-22,438.75,440,432.75,432.75,108000,47055900,0,0
2021-09-24,442.25,451,440.75,450.25,153600,68910900,0,0
2021-09-27,450.25,451.75,444.5,445,120000,53671400,0,0
2021-09-28,447.25,447.5,440.75,447.5,156000,69477000,0,0
2021-09-29,435,436.5,427.5,434.5,174000,75310700,0,0
2021-09-30,436,438.5,430,430,115600,50056300,0,0
2021-10-01,425.25,426.5,419.25,421.25,131200,55322400,0,0
2021-10-04,425.75,428,420.25,421.5,114400,48422200,0,0
2021-10-05,417.75,425,416.25,416.75,118800,49758300,0,0
2021-10-06,419.75,425.75,419,423.75,91200,38563400,0,0
2021-10-07,428,428,420.5,423.5,71200,30151200,0,0
2021-10-08,428.5,430.25,420.25,422,129600,54996200,0,0
2021-10-11,424.5,426.75,421.75,424.5,48400,20524500,0,0
2021-10-12,427,427,420.25,421.5,72800,30769100,0,0
2021-10-13,420.75,420.75,414,414.75,115200,47947800,0,0
2021-10-14,414,415.5,410.5,411,124800,51442700,0,0
2021-10-15,412,414.5,411.5,414.5,86400,35738500,0,0
2021-10-18,415.75,418.25,412.25,414.25,68800,28489700,0,0
2021-10-19,415,415.75,412,413.5,78800,32580900,0,0
2021-10-20,413.5,421.75,413.5,414.25,67200,27952200,0,0
2021-10-21,414.25,416.5,414,416,76800,31896600,0,0
2021-10-22,416,419.75,412.25,418,238800,99523200,0,0
2021-10-25,416.75,421.5,415.25,415.25,161200,67384000,0,0
2021-10-26,415,416.75,411.5,412,149600,61835000,0,0
2021-10-27,413.25,422.75,411.75,420,309200,129221200,0,0
2021-10-28,413.25,416.5,408.75,410.75,190400,78400200,0,0
2021-10-29,411.75,411.75,406.25,408.25,168800,68873800,0,0
2021-11-01,417.25,426,415,424,336400,141795100,0,0
2021-11-02,421.75,426.75,416.25,416.75,312000,130999800,0,0
2021-11-04,418.25,431.25,418.25,431.25,300800,128086100,0,0
2021-11-05,424.75,426.75,418.75,420.5,149600,63077300,0,0
2021-11-08,421.25,421.5,413.75,413.75,106400,44236400,0,0
2021-11-09,415.25,415.25,408.75,408.75,95600,39328800,0,0
2021-11-10,408.75,410.5,406.25,407.5,102800,41967200,0,0
2021-11-11,408,410,405.25,408,157200,64055000,0,0
2021-11-12,408.25,425,408.25,419.75,249200,104193400,0,0
2021-11-15,417.75,418.25,412.25,415,123600,51318000,0,0
2021-11-16,413,414.75,407,407.5,290800,119115800,0,0
2021-11-17,407.5,408.75,405.25,406.25,263200,107042000,0,0
2021-11-18,405.75,411.75,403,411.75,369600,150720900,0,0
2021-11-19,410.5,410.5,404.25,407,334000,135710500,0,0
2021-11-22,407.25,413.5,406,411.75,182400,74906600,0,0
2021-11-24,415,422.25,414.75,416,190800,79806700,0,0
2021-11-25,416,423,415.25,423,93600,39431900,0,0
2021-11-26,420.5,441,417.5,425.5,223200,94892000,0,0
2021-11-29,417.5,418.25,404.25,405,342400,140249600,0,0
2021-11-30,408.25,414.25,401.25,402.5,234800,95243800,0,0
2021-12-01,399.5,411.25,397,409.5,158400,64156600,0,0
2021-12-02,409.5,418,407.75,414.25,254400,105550600,0,0
2021-12-03,415,425.75,415,424,226400,95635400,0,0
2021-12-06,423.25,427.5,422,426,168000,71357400,0,0
2021-12-07,429.25,435,425.75,435,188000,80973500,0,0
2021-12-08,435,439.5,431.25,439,158800,69513900,0,0
2021-12-09,435,441,435,439.5,88400,38692300,0,0
2021-12-10,443.25,445,441,442.75,114800,50832600,0,0
2021-12-13,445.5,446.25,439.5,441,157200,69605400,0,0
2021-12-14,443.5,443.5,435.5,436.75,89600,39250400,0,0
2021-12-15,436.75,440.5,436.75,437.5,78400,34382400,0,0
2021-12-16,440,445.75,439,444.75,78000,34594900,0,0
2021-12-17,446,451.5,446,450.75,137600,61801100,0,0
2021-12-20,450.75,450.75,444.75,445.5,144000,64472400,0,0
2021-12-21,450,453.75,446,446.25,154800,69492800,0,0
2021-12-22,446.25,452,446,452,100000,44970700,0,0
2021-12-23,452.25,455.75,449.25,451.75,141200,63770200,0,0
2021-12-24,450,451.5,447,450.25,102000,45849600,0,0
2021-12-27,450,453.5,446.25,447.5,103200,46335900,0,0
2021-12-28,450.5,452.75,449.25,452.75,79200,35748600,0,0
2021-12-29,452.75,463,450,461.5,306400,139761800,0,0
2021-12-30,462.75,473.25,462.75,467,111200,52169800,0,0
2022-01-04,468.75,472.25,462,469.75,111600,52156000,0,0
2022-01-05,469.75,477.75,469.5,475.25,130400,61840300,0,0
2022-01-06,471.5,476,468.25,472.25,107600,50746300,0,0
2022-01-07,474.25,480.5,474.25,478,128400,61411400,0,0
2022-01-11,478.75,492,478.5,492,150400,73145900,0,0
2022-01-12,499,505.5,489.75,500.5,222000,111027000,0,0
2022-01-13,502.75,506.75,495.75,502.75,145200,73063500,0,0
2022-01-14,498.5,501.25,492.75,495.75,146000,72431500,0,0
2022-01-17,495.75,499.5,487.5,487.75,56400,27786600,0,0
2022-01-18,492.25,497.5,485,487.5,101200,49621500,0,0
2022-01-19,479,482.5,468,468.25,154800,73117600,0,0
2022-01-20,470.5,478.75,470.25,470.25,92800,43960500,0,0
2022-01-21,468.5,472,460.25,472,150800,70390800,0,0
2022-01-24,472,481.5,472,480,80400,38375700,0,0
2022-01-25,478.5,481.5,472.75,481.5,88800,42435900,0,0
2022-01-26,476.25,480.5,466.75,466.75,107200,50520700,0,0
2022-01-27,470.75,472.25,459.5,463,165600,76820100,0,0
2022-01-28,471.25,478,465.25,475,146400,69270900,0,0
2022-01-31,474,475,466,473.5,121600,57335100,0,0
2022-02-01,473.5,482.75,470,471.5,165200,78588900,0,0
2022-02-02,470.5,482,468.5,482,181200,86520500,0,0
2022-02-03,480.75,480.75,470,473.5,159200,75586800,0,0
2022-02-04,475.75,490,475.25,487.75,109200,52934700,0,0
2022-02-07,488.25,501.25,487.75,494.5,127200,63022500,0,0
2022-02-08,494.5,499,492.75,497.5,104800,52027700,0,0
2022-02-09,500,501,493.5,496,132400,65798600,0,0
2022-02-10,500,502,492.5,500.25,136000,67941600,0,0
2022-02-14,498.5,503.25,492.25,501,114400,57079800,0,0
2022-02-15,499.75,504.25,479,482.25,96400,47134200,0,0
2022-02-16,484.75,495.25,481.25,494.25,142400,69790700,0,0
2022-02-17,491.75,492,482.5,490.75,79200,38668900,0,0
2022-02-18,490.75,490.75,478.25,486.75,121200,58758600,0,0
2022-02-21,482.75,491,478.25,487.25,75200,36568600,0,0
2022-02-22,484.5,487,480.5,486.25,114000,55268400,0,0
2022-02-24,482,489,477.75,488.25,99600,48185100,0,0
2022-02-25,488.25,488.25,469.25,475.5,116400,55197100,0,0
2022-02-28,474.75,485.75,474.75,483,66800,32193100,0,0
2022-03-01,486.5,486.5,474,477.5,74400,35593300,0,0
2022-03-02,474,477.75,470,470,152400,72127900,0,0
2022-03-03,476.25,481,472.25,473,80400,38247900,0,0
2022-03-04,473,478.75,467.5,467.5,98000,46187200,0,0
2022-03-07,466.25,470.25,460.75,469.25,118800,55346700,0,0
2022-03-08,466.25,467.25,451.5,455.75,154400,70665200,0,0
2022-03-09,457.5,467.25,455.75,455.75,83600,38459700,0,0
2022-03-10,467.25,480,467.25,477.75,83600,39790800,0,0
2022-03-11,476,483.5,473.75,477.5,174000,82999500,0,0
2022-03-14,477.5,490,477.5,487.5,104000,50347700,0,0
2022-03-15,494.5,495,486.5,493,66400,32669600,0,0
2022-03-16,493,493,485.5,489.75,65600,32042300,0,0
2022-03-17,492,498.25,490.25,496,93200,46096000,0,0
2022-03-18,496,496,478.5,480.25,184400,89108500,0,0
2022-03-22,480,483.25,476.5,480,110400,52928100,0,0
2022-03-23,480.25,488.25,480.25,484.5,132800,64273100,0,0
2022-03-24,478.25,486.5,475.5,484.5,200800,96810700,0,0
2022-03-25,483.75,488.25,479.25,485.5,171600,82982900,0,0
2022-03-28,480,482,477.25,480,240800,115475200,0,0
2022-03-29,479.75,480.25,474.25,480,167600,80061900,0,0
2022-03-30,468.5,469,462,467.25,197200,91875200,0,0
2022-03-31,462.5,467,459,462,143200,66217200,0,0
2022-04-01,457.5,458.75,453,453.75,186000,84640700,0,0
2022-04-04,453.75,464.5,448.75,462.75,165200,75725000,0,0
2022-04-05,466,469,464.5,467,138800,64838700,0,0
2022-04-06,466,470.25,463.75,463.75,121200,56437100,0,0
2022-04-07,462.25,464.25,458.25,464,147200,68011800,0,0
2022-04-08,462.5,462.75,452.5,456.5,157200,71795600,0,0
2022-04-11,455.5,464,455.5,462,113600,52312000,0,0
2022-04-12,460,469.5,460,468.5,128400,59920300,0,0
2022-04-13,468.5,473.75,463.25,473.75,126000,59261700,0,0
2022-04-14,473,478.75,472.5,477.75,78400,37422600,0,0
2022-04-15,477.75,482.75,474.25,480.75,108000,51797900,0,0
2022-04-18,480.75,484.5,475,482.25,79200,38011400,0,0
2022-04-19,487.5,487.5,478.75,482.25,39600,19098500,0,0
2022-04-20,486.25,488.5,482.5,485.75,81600,39660400,0,0
2022-04-21,484.5,490.75,483.75,487.75,93600,45658900,0,0
2022-04-22,482.5,482.5,473.75,476.5,116800,55858700,0,0
2022-04-25,469.25,469.5,465.5,468,59200,27705100,0,0
2022-04-26,469.75,470.5,448,462.75,128000,59260900,0,0
2022-04-27,458,465,455.25,455.25,195200,89500800,0,0
2022-04-28,463.75,482.5,461.25,482.5,104000,49525000,0,0
2022-05-02,482.5,482.75,476.75,482,80800,38849600,0,0
2022-05-06,484.75,493.25,484.25,491.5,84800,41457000,0,0
2022-05-09,485.25,492.75,484,487,78800,38512100,0,0
2022-05-10,478.25,482,477,477,58000,27817200,0,0
2022-05-11,473.75,480.5,469.5,472.5,88800,42122600,0,0
2022-05-12,472.75,474,458.25,458.25,80000,37225800,0,0
2022-05-13,461.75,481.75,458.75,481.5,142400,67641800,0,0
2022-05-16,483.75,483.75,470.75,473.25,144400,68864800,0,0
2022-05-17,466.5,476.5,465.75,467.75,91200,42692900,0,0
2022-05-18,472.5,475.25,469.75,474,83200,39321600,0,0
2022-05-19,467.25,482.75,463.75,471.25,98000,46284800,0,0
2022-05-20,471.5,471.75,466.25,469.5,107200,50261300,0,0
2022-05-23,470,485,470,484,167600,80612900,0,0
2022-05-24,484,484.25,475.25,476.75,116800,55991600,0,0
2022-05-25,476.75,488.25,475,483.25,181200,87830100,0,0
2022-05-26,483,483.75,476.75,480.25,82000,39371000,0,0
2022-05-27,485.25,489.75,478.75,489.75,126000,61448200,0,0
2022-05-30,489.75,505,488.25,500,255600,127533800,0,0
2022-05-31,502,508,499.5,500.25,196800,98811300,0,0
2022-06-01,505.25,509.75,502,509.75,234800,118862900,0,0
2022-06-02,512.25,518.25,509.5,514.75,154000,79165400,0,0
2022-06-03,514.5,515,506,513.75,79600,40721100,0,0
2022-06-06,510.75,518.75,507,516.5,92000,47199300,0,0
2022-06-07,514.25,531.5,514.25,530,127600,67131400,0,0
2022-06-08,531.25,533.5,523.25,525.25,102400,54045600,0,0
2022-06-09,523.75,538,521.25,531,161600,85997300,0,0
2022-06-10,530.25,530.25,514.5,514.5,140800,73899700,0,0
2022-06-13,508.5,520.75,508,518,100400,51847000,0,0
2022-06-14,510.75,515,508.75,509.5,84800,43350800,0,0
2022-06-15,509.5,513.75,503,503,82000,41494900,0,0
2022-06-16,501,511,500,507.75,59600,30170700,0,0
2022-06-17,506.5,507.75,492.5,492.5,205200,102171800,0,0
2022-06-20,496.25,498.25,481.75,491.5,154000,75341100,0,0
2022-06-21,500,509.25,495,496.25,159200,79527300,0,0
2022-06-22,500,500,488.5,491,235200,115863800,0,0
2022-06-23,491,503,491,498.5,194000,96775600,0,0
2022-06-24,498.5,501,492.75,494.75,122800,60997100,0,0
2022-06-27,496.75,496.75,490.25,495.5,75200,37077400,0,0
2022-06-28,496.5,500.5,495.75,498.75,85600,42608900,0,0
2022-06-29,496.25,502.25,495,495.25,134000,66646500,0,0
2022-06-30,495.25,502,493.25,502,114000,56959900,0,0
2022-07-01,499.5,499.75,489,490.75,107600,53062800,0,0
2022-07-04,497.25,497.25,490.25,494.25,65600,32403400,0,0
2022-07-05,494.25,499.5,492.75,498.25,84000,41720000,0,0
2022-07-06,493.25,494,481.75,484.25,152800,74252600,0,0
2022-07-07,485,490,481.75,487.75,102800,50048600,0,0
2022-07-08,488,493,485,486.5,127200,62119200,0,0
2022-07-11,494.5,501.5,492.75,498.75,103600,51593200,0,0
2022-07-12,501.75,501.75,490.25,492.25,72400,35721800,0,0
2022-07-13,494,498.75,493.75,495.75,42400,21035700,0,0
2022-07-14,495.75,495.75,486.25,488.25,88400,43172300,0,0
2022-07-15,489.5,489.5,481,482.25,81200,39212800,0,0
2022-07-19,486.5,488,484.25,487.5,44800,21784200,0,0
2022-07-20,495,495,491.25,494.75,104000,51293500,0,0
2022-07-21,492.75,500,490.75,498.5,75600,37572800,0,0
2022-07-22,498.5,498.5,492.75,496.5,123200,61231100,0,0
2022-07-25,496.5,498,492,495.5,60400,29926500,0,0
2022-07-26,500,504.25,499,502.25,95600,48000600,0,0
2022-07-27,499,503.75,498.75,502.5,62800,31495300,0,0
2022-07-28,505.5,507,498.25,504.5,98400,49441300,0,0
2022-07-29,504,504,493.25,495,67600,33519400,0,0
2022-08-01,497.5,498,492.25,497.25,71200,35261000,0,0
2022-08-02,498.75,498.75,481.75,481.75,133200,64919200,0,0
2022-08-03,485,485,472.5,473.5,197200,94152300,0,0
2022-08-04,478,478,468.5,470.25,124000,58518000,0,0
2022-08-05,470.25,484.25,470.25,484.25,139200,66778300,0,0
2022-08-08,482,484,477.75,479.5,72800,34945100,0,0
2022-08-09,479.5,480,470.5,470.5,90000,42624400,0,0
2022-08-10,470.5,476.25,470.5,474,64400,30538900,0,0
2022-08-12,476.25,485.5,476.25,482.75,114400,55068700,0,0
2022-08-15,482.75,482.75,476,476.25,45200,21660700,0,0
2022-08-16,480.25,480.5,475.5,477.5,65600,31370100,0,0
2022-08-17,479.75,489.5,479.75,485,155600,75728500,0,0
2022-08-18,478.25,483.25,478,479,88400,42396800,0,0
2022-08-19,479.25,481.25,477.5,477.5,37200,17816300,0,0
2022-08-22,475.25,477,475,476.75,57600,27410800,0,0
2022-08-23,476.25,476.5,472.75,473,130800,62080100,0,0
2022-08-24,472,474.75,470.5,471.25,117600,55533600,0,0
2022-08-25,472.5,479,471.5,476,132000,62819300,0,0
2022-08-26,480,480.25,474.5,477.5,127600,60856200,0,0
2022-08-29,471.75,476.25,471.5,473.25,105600,50046700,0,0
2022-08-30,474,475,472.25,473.75,135200,63975000,0,0
2022-08-31,470,470,465.75,466.75,269200,125891800,0,0
2022-09-01,465.5,467.25,461,464.25,198800,92307000,0,0
2022-09-02,462.5,462.5,455.5,457.5,396800,181490000,0,0
2022-09-05,455.5,455.5,449.75,452,171600,77540800,0,0
2022-09-06,452.25,452.5,449.25,451,180000,81132600,0,0
2022-09-07,450,451,445,447.75,232000,103821500,0,0
2022-09-08,450,457.5,448.25,454.25,266400,121125100,0,0
2022-09-09,453.75,464.75,453.75,461,429600,196869900,0,0
2022-09-12,463.75,463.75,459,462.5,128800,59485700,0,0
2022-09-13,461.25,465,460.75,462.5,120400,55727700,0,0
2022-09-14,458.5,460.5,454.5,456.75,171200,78402200,0,0
2022-09-15,457,461.25,456.25,458.5,172000,78915600,0,0
2022-09-16,459.75,464,459.5,462.75,300000,138682500,0,0
2022-09-20,467.5,474.25,467.5,472.5,256400,120822900,0,0
2022-09-21,472.5,473.5,469.25,472.5,174800,82465700,0,0
2022-09-22,470,470,460.75,460.75,218400,101361100,0,0
2022-09-26,456.5,457.5,452.25,454.5,258400,117462900,0,0
2022-09-27,457.5,457.5,453.75,455.75,196800,89630200,0,0
2022-09-28,455.75,458.75,451.25,458.25,224400,102116600,0,0
2022-09-29,447,451.25,446.25,448.75,281600,126402700,0,0
2022-09-30,450,454.25,447.5,448,278000,125110400,0,0
2022-10-03,447.25,448.75,439.5,442,246000,108992600,0,0
2022-10-04,442.25,452.25,442.25,449.5,248000,111382600,0,0
2022-10-05,455,458,449.5,449.5,230400,104251500,0,0
2022-10-06,450.5,454.75,449.5,449.5,177600,80249100,0,0
2022-10-07,448.75,451.75,445.5,449.25,181200,81460000,0,0
2022-10-11,452.5,458.25,449.5,449.75,261200,117995000,0,0
2022-10-12,449,449.75,446.25,446.25,169200,75769500,0,0
2022-10-13,447,447,440.5,443,222000,98494200,0,0
2022-10-14,447,452.25,443.5,449.25,204000,91562700,0,0
2022-10-17,449.5,452.5,443.25,443.75,157200,70195100,0,0
2022-10-18,446.25,450.75,444.25,447,149200,66779500,0,0
2022-10-19,447,450.25,445.5,449.25,135600,60866900,0,0
2022-10-20,447.75,450.5,445.5,450,165200,74053000,0,0
2022-10-21,446.25,451,445.5,449.5,188400,84441700,0,0
2022-10-24,456.25,459,451,457,266000,121151100,0,0
2022-10-25,457.5,460.75,454.75,455,198800,90866700,0,0
2022-10-26,459,464.25,455,461,261600,120603000,0,0
2022-10-27,460,460,447.5,448.25,256400,115365100,0,0
2022-10-28,448.25,452.25,446.25,446.25,270800,121352000,0,0
2022-10-31,450,451.5,448,448.5,114000,51203300,0,0
2022-11-01,453.75,453.75,447.5,447.75,123200,55406100,0,0
2022-11-02,447.75,450.75,444,445,311600,139083100,0,0
2022-11-04,445,448,443.25,443.5,214000,95240700,0,0
2022-11-07,448.5,450.5,446,448.25,144800,64987100,0,0
2022-11-08,448.75,452.25,447.75,448.25,149600,67209800,0,0
2022-11-09,448.75,452,448.5,449,68400,30767800,0,0
2022-11-10,449,451.5,447.5,449.25,134800,60614300,0,0
2022-11-11,453.5,453.5,447.75,450,217200,97814100,0,0
2022-11-14,449.25,451.75,445.25,449.5,172000,77230800,0,0
2022-11-15,449.5,451.5,448,448.75,108000,48534800,0,0
2022-11-16,450,452.25,448.25,450,106000,47752200,0,0
2022-11-17,450,452,448.5,450.75,113600,51211000,0,0
2022-11-18,452.5,454,448.25,448.25,142400,64147200,0,0
2022-11-21,450.5,460.75,450.5,460.25,412400,188499400,0,0
2022-11-22,460,470.25,459.5,470.25,590800,275193500,0,0
2022-11-24,472,484.75,470.5,479.5,694000,332024900,0,0
2022-11-25,479.5,487.5,470.25,487.5,524400,252398300,0,0
2022-11-28,498.5,504.75,486.25,492.5,1010400,498785100,0,0
2022-11-29,486.25,491.25,480,486.25,432400,210299700,0,0
2022-11-30,486,486,481,483.75,380400,184010200,0,0
2022-12-01,485,486.75,478,479.75,426800,205013800,0,0
2022-12-02,475,475.75,456.5,459.25,487200,225785400,0,0
2022-12-05,461,461,454,457.5,226800,103600900,0,0
2022-12-06,454,462,454,459,156400,71840000,0,0
2022-12-07,456.5,466,456.5,463.25,233200,107796700,0,0
2022-12-08,461.5,461.5,450.75,459.5,253200,115537500,0,0
2022-12-09,458.75,462.25,458,459.5,176800,81197700,0,0
2022-12-12,459.5,465.75,459.5,461.75,178800,82711700,0,0
2022-12-13,464.5,465.75,462.25,463.5,139200,64583800,0,0
2022-12-14,464.25,465,458.75,458.75,100000,46058300,0,0
2022-12-15,458.25,465,458.25,464,124800,57789300,0,0
2022-12-16,464,470.25,462.5,464.5,320000,148843300,0,0
2022-12-19,464.5,479.25,464.25,474.75,356000,168638700,0,0
2022-12-20,479.25,508.5,478.75,488.75,1092400,537963700,0,0
2022-12-21,498.75,503.25,476,478.25,1134800,554866800,0,0
2022-12-22,480,487,475.5,484.75,334000,160995100,0,0
2022-12-23,482,489.5,480.25,488,712400,346475800,0,0
2022-12-26,491.75,497,487.5,493,621200,305549500,0,0
2022-12-27,494,504,493.5,503.75,553600,277101100,0,0
2022-12-28,499,500.25,486.75,496.5,896800,442962600,0,0
2022-12-29,492.75,493.75,483.5,490.25,541200,265208600,0,0
2022-12-30,490.25,497.5,487.25,491.75,414400,204590500,0,0
2023-01-04,491.75,494.75,485.25,493.25,621200,305429700,0,0
2023-01-05,488.75,489.75,479.75,484,463200,224332900,0,0
2023-01-06,489.75,493,479.75,482.75,425200,206575800,0,0
2023-01-10,480,487.75,476.75,481.75,508000,245235400,0,0
2023-01-11,483.5,487.5,480,486.75,306000,148221300,0,0
2023-01-12,486.25,501.5,485.25,496,932000,461717100,0,0
2023-01-13,496,519.75,495.75,507.5,1626800,830194700,0,0
2023-01-16,507.75,514.25,496.25,500,1162400,585861000,0,0
2023-01-17,500,507,493,497.75,798400,398486600,0,0
2023-01-18,497.75,501.25,482.25,498.25,1051200,521412300,0,0
2023-01-19,498.25,503.25,489.75,495,566400,280639200,0,0
2023-01-20,497.5,513.25,493.5,512,802800,406816200,0,0
2023-01-23,512,518,506,508,731600,374144100,0,0
2023-01-24,511.25,524.75,506.75,524.75,708800,368949200,0,0
2023-01-25,521.5,524.5,510.75,512.25,532000,273756500,0,0
2023-01-26,512.75,516.25,510.25,514,299200,153785800,0,0
2023-01-27,514,528,512.5,527,580800,302836100,0,0
2023-01-30,523.25,547.25,523.25,544.5,473600,255710800,0,0
2023-01-31,545.25,555,537,540,768400,417526700,0,0
2023-02-01,540,559.5,538.5,544,640000,350485900,0,0
2023-02-02,544.5,548,539.5,545,323600,176017800,0,0
2023-02-03,542.5,552.25,538.75,550.75,381200,209119600,0,0
2023-02-06,554.25,559,540,544.5,414000,226758500,0,0
2023-02-07,545.75,575.5,545.75,572.75,507600,287242300,0,0
2023-02-08,569,573.75,564.25,569.75,326000,185967400,0,0
2023-02-09,574.75,579,571.25,571.5,283600,162903200,0,0
2023-02-10,572.5,587.5,572.5,583.25,311200,181258800,0,0
2023-02-13,583.5,595.75,582.75,583,263600,154648500,0,0
2023-02-14,586,597.5,585,596.75,217600,129260700,0,0
2023-02-15,600,604.25,591,594.5,313600,186531700,0,0
2023-02-16,596.75,605.75,595,597.25,298800,178991900,0,0
2023-02-17,594,605,594,601,220000,132295500,0,0
2023-02-20,603,612.25,603,609.25,183200,111528700,0,0
2023-02-21,611,622.5,609.5,620.25,212000,130768400,0,0
2023-02-22,619.75,629.75,618.5,624.75,395200,246427500,0,0
2023-02-24,630,631,607.5,615.75,514000,317026000,0,0
2023-02-27,617,626.75,617,626.75,240400,149697100,0,0
2023-02-28,630.25,632.5,619.25,622,300400,187620600,0,0
2023-03-01,621.5,640,621.5,633.75,501600,317783800,0,0
2023-03-02,637.25,642,617.25,618.5,325200,203262000,0,0
2023-03-03,621.75,626.25,615.25,621.25,324400,201669300,0,0
2023-03-06,626.5,632.25,610,612.75,432800,266720100,0,0
2023-03-07,610.75,622,610.75,622,301600,186237300,0,0
2023-03-08,619,626.25,616.25,625.5,325600,202507700,0,0
2023-03-09,625,642.25,623.25,637.25,290000,184386300,0,0
2023-03-10,625.5,626,607.5,611,558000,343832300,0,0
2023-03-13,596.25,599.25,575,588.75,1392400,813079200,0,0
2023-03-14,570,570,548,549.5,1046800,581282800,0,0
2023-03-15,569.25,576.75,555.25,561.5,425600,239571800,0,0
2023-03-16,531.75,545,525,542,450000,242665200,0,0
2023-03-17,554.25,562.5,539.75,552.5,451600,248663600,0,0
2023-03-20,540,552.25,534,536.25,312400,168692800,0,0
2023-03-22,557.5,561.5,546,551,719600,397874600,0,0
2023-03-23,538.5,545.25,532.5,542.75,273600,147545000,0,0
2023-03-24,537.75,544.25,531,537.5,256000,138046300,0,0
2023-03-27,541.75,542,532.5,538,208400,111938500,0,0
2023-03-28,545,550,537,540.75,308000,167017300,0,0
2023-03-29,545.25,551.5,542.5,546,238000,129874100,0,0
2023-03-30,537.5,538,526,533,250000,132994500,0,0
2023-03-31,531,536.25,528.5,531,238400,126708000,0,0
2023-04-03,539.5,548.75,538,544.5,202000,109806800,0,0
2023-04-04,546,551,539.5,550.5,291600,159899100,0,0
2023-04-05,540.5,541,530.25,532,243600,129961600,0,0
2023-04-06,525.25,526.5,520.5,520.75,153200,80051400,0,0
2023-04-07,521,530,521,527.5,112000,59104100,0,0
2023-04-10,529.5,531.75,525.5,526.5,111600,58907000,0,0
2023-04-11,532.25,532.25,522.5,525.75,131200,68955700,0,0
2023-04-12,528.75,532.25,522.25,523.5,205200,107942800,0,0
2023-04-13,517.5,519,514.5,517.5,206400,106673800,0,0
2023-04-14,518.75,519,510.25,515.5,274000,141175600,0,0
2023-04-17,518.25,523.5,513,519.5,223600,115881200,0,0
2023-04-18,524.5,535.25,523,531.5,184000,97919700,0,0
2023-04-19,529.5,534.25,523,534.25,193200,102342900,0,0
2023-04-20,531.75,543.75,531.5,541.25,173600,93771900,0,0
2023-04-21,537.5,537.75,527.5,530.5,249200,132820800,0,0
2023-04-24,533.25,536.25,528.25,528.25,184000,97702600,0,0
2023-04-25,532.5,539.25,532.5,536.5,156400,83853000,0,0
2023-04-26,532.25,535,526.25,532,339600,180413500,0,0
2023-04-27,534,540.5,532,537.75,224000,120192700,0,0
2023-04-28,541.5,547.5,534,540.25,258000,139331000,0,0
2023-05-01,542.5,544,537.5,543,168000,90869200,0,0
2023-05-02,543,544,534.25,537,146000,78522300,0,0
2023-05-08,537,537,523.5,523.5,399600,211056600,0,0
2023-05-09,528,532.75,523.25,532.25,263600,139209200,0,0
2023-05-10,536.75,539.75,534.25,535.75,112400,60295800,0,0
2023-05-11,531.25,536.5,530,536,120400,64353500,0,0
2023-05-12,536,539.5,527.5,528.75,253600,134695800,0,0
2023-05-15,532.25,537.5,529.25,529.25,354800,188579700,0,0
2023-05-16,535,535,515.75,516.5,351200,183647000,0,0
2023-05-17,516.5,522.5,515.5,519.75,261200,135388800,0,0
2023-05-18,527.5,529.5,519.75,522.5,227600,119144700,0,0
2023-05-19,524.5,524.5,511.75,512.5,278800,143787100,0,0
2023-05-22,512.5,516.5,508.5,510.75,274000,140187900,0,0
2023-05-23,514.75,517.5,510.75,512.75,233600,119891700,0,0
2023-05-24,513,517.25,508,508.25,218800,112146900,0,0
2023-05-25,508.25,510,502.25,505,280400,141675800,0,0
2023-05-26,501.5,525,501.5,505,976400,499819200,0,0
2023-05-29,511.25,516.25,508.25,513.5,382000,196035300,0,0
2023-05-30,513.5,513.75,508.25,513,264000,135217700,0,0
2023-05-31,513,513.5,501.5,502.5,390400,197370300,0,0
2023-06-01,502.5,511.75,502.5,508.75,301600,153441700,0,0
2023-06-02,513,520.25,513,518.25,182000,94143400,0,0
2023-06-05,525,528.25,518.25,521.75,257200,134308200,0,0
2023-06-06,521,521,511.75,513,202800,104663500,0,0
2023-06-07,514.25,519.25,508,508,233600,119724500,0,0
2023-06-08,511.5,515,505.5,507.25,224400,114103400,0,0
2023-06-09,510.5,513,507.5,511.5,235200,120102800,0,0
2023-06-12,514,515.5,510.75,513,208400,106762200,0,0
2023-06-13,514,516,503,503.5,269200,136614300,0,0
2023-06-14,506,507.5,503.75,505.5,182800,92353200,0,0
2023-06-15,505.5,507.75,498,504,297200,149670000,0,0
2023-06-16,505.25,505.75,500,501.5,308000,154428300,0,0
2023-06-19,501.75,505.25,500.25,504.25,190800,95818400,0,0
2023-06-20,503.75,503.75,499.75,503,215200,107889400,0,0
2023-06-21,501.25,504.75,499.75,504.25,298400,149846500,0,0
2023-06-22,504.75,511,504.5,507.5,186400,94713500,0,0
2023-06-23,508,513.5,504.75,507.25,189600,96325900,0,0
2023-06-26,506.5,507.5,501.75,503.5,140000,70676000,0,0
2023-06-27,501.75,506.25,501.5,504,104000,52370800,0,0
2023-06-28,505.25,516.75,505.25,516.75,219200,112557500,0,0
2023-06-29,517,522,513.25,518.25,190000,98335100,0,0
2023-06-30,517.5,521.25,510.75,511.5,291200,149713000,0,0
2023-07-03,512,518.75,512,517.75,206400,106444700,0,0
2023-07-04,523.25,545,523,544.75,555200,298460800,0,0
2023-07-05,542.25,543.75,532,537.25,419200,225345200,0,0
2023-07-06,535.25,538.75,526.75,526.75,198800,105428400,0,0
2023-07-07,525,537,519.25,530.5,285200,151461800,0,0
2023-07-10,533.25,542.75,531.25,532.25,300800,161017900,0,0
2023-07-11,533.75,536.5,529.25,530.75,139200,74056500,0,0
2023-07-12,534,536,524.5,527.25,314000,165515400,0,0
2023-07-13,530,531.25,525.5,527.75,208000,109883300,0,0
2023-07-14,530,530,521.25,521.25,108800,56991500,0,0
2023-07-18,523.75,535.75,523.5,528.25,166800,88299600,0,0
2023-07-19,536.5,539.75,533,537.5,225200,120858800,0,0
2023-07-20,539.25,544.75,537.25,538.75,242400,130932000,0,0
2023-07-21,538.75,539.25,531,531.5,204000,109100600,0,0
2023-07-24,535.25,536.75,530.75,531.25,119600,63799200,0,0
2023-07-25,534.5,536,531.5,533.75,126400,67416400,0,0
2023-07-26,535.25,535.25,531,533.75,94400,50337400,0,0
2023-07-27,533.75,545.5,533,544,262000,141903600,0,0
2023-07-28,545.75,561.5,541.5,559,577600,319452000,0,0
2023-07-31,570,572.75,557.75,564.5,484400,273076400,0,0
2023-08-01,565.5,565.5,550.25,550.5,349600,194105000,0,0
2023-08-02,550,551.25,541.75,543.75,262800,143343300,0,0
2023-08-03,541.5,541.5,534.25,535.75,356000,190921600,0,0
2023-08-04,536,543.75,535.25,538.75,228400,123074300,0,0
2023-08-07,538.5,545.5,538,541.5,200400,108756200,0,0
2023-08-08,542.75,549.75,542.25,547.5,190400,104089700,0,0
2023-08-09,547.75,547.75,533.75,540,222000,119742000,0,0
2023-08-10,536.75,544.75,535.75,544,150400,81401700,0,0
2023-08-14,541,549.5,541,542.5,113200,61628900,0,0
2023-08-15,539.25,549.5,538.5,547.5,142800,77886300,0,0
2023-08-16,538.75,540,533.75,536.75,178800,95987900,0,0
2023-08-17,536.25,546,532,545.5,161600,87186800,0,0
2023-08-18,548.5,548.75,538.25,540.25,146400,79358100,0,0
2023-08-21,540.25,543.75,538.75,539.5,115600,62515400,0,0
2023-08-22,543.5,561.5,539,560,464800,257908900,0,0
2023-08-23,560,568.75,555.25,568.75,366000,206590700,0,0
2023-08-24,568,589.75,567.5,583.5,339600,197897800,0,0
2023-08-25,580.25,594,576.25,590.75,293200,172232600,0,0
2023-08-28,595,605,595,601,184400,110753800,0,0
2023-08-29,601.25,604,596.25,598.25,174800,104792400,0,0
2023-08-30,601.75,621,598.5,618.5,362000,222521900,0,0
2023-08-31,614.75,636,613.25,627.5,336400,211093900,0,0
2023-09-01,628.5,643.75,628.5,638.5,258400,165113200,0,0
2023-09-04,643.25,655.5,643.25,651,293600,190600900,0,0
2023-09-05,655.75,661.75,643.75,649.5,258800,168350700,0,0
2023-09-06,649.5,674.25,649.5,666.5,328800,219186100,0,0
2023-09-07,662.75,679.25,659.75,673.25,305600,205664900,0,0
2023-09-08,675.75,680.25,669.75,671.5,360800,243488400,0,0
2023-09-11,678.5,711.25,678.5,711.25,444000,310060000,0,0
2023-09-12,710.25,721.5,699,713.75,540000,381830400,0,0
2023-09-13,717.75,733.75,714.25,719.25,374000,269405700,0,0
2023-09-14,728.75,733.75,718,720.25,372000,269433900,0,0
2023-09-15,720.25,725.75,696.75,703,684400,486921100,0,0
2023-09-19,694.5,711.75,694.5,708.75,517200,364363800,0,0
2023-09-20,715,718.75,695.5,697.5,388400,272781800,0,0
2023-09-21,697.5,710.75,695.25,697,231200,161925100,0,0
2023-09-22,693.75,707,684,702.5,312800,217939800,0,0
2023-09-25,701,701,683.5,687.25,190000,131105200,0,0
2023-09-26,687.25,695,684,688.25,256000,176298900,0,0
2023-09-27,685,693.25,674,693,260800,179060600,0,0
2023-09-28,683,693,680,683.75,172800,118355900,0,0
2023-09-29,683.25,683.25,651.25,653,226800,149856800,0,0
2023-10-02,662.5,678,660.75,662.75,227200,151652900,0,0
2023-10-03,658.25,659.5,647.75,651,194400,126832000,0,0
2023-10-04,646.75,646.75,624.25,627,411600,259950100,0,0
2023-10-05,627,650.75,627,649,176000,113292700,0,0
2023-10-06,643.75,655.25,638.75,648.75,143200,92986300,0,0
2023-10-10,654.25,660.5,646.75,660.5,179600,117771900,0,0
2023-10-11,658.75,664.25,650.5,658.25,136800,90195500,0,0
2023-10-12,658.5,660.75,653.5,659.25,123600,81371300,0,0
2023-10-13,652.5,657.25,637.5,639.25,156400,100837000,0,0
2023-10-16,627.5,638,625,635.25,139200,88071800,0,0
2023-10-17,634.25,640.25,627.75,635.25,109200,69205800,0,0
2023-10-18,644,652,640,650,185200,119754900,0,0
2023-10-19,645,658,641.5,656.5,179200,116820200,0,0
2023-10-20,664.75,676.25,658.25,665.25,323200,215447100,0,0
2023-10-23,665.25,673.5,656.75,661.25,236400,156812400,0,0
2023-10-24,664.75,670.5,648,667,246800,162988300,0,0
2023-10-25,664.75,680.75,659.75,672.75,180800,121854300,0,0
2023-10-26,673.75,681,666.75,675.5,142000,95708500,0,0
2023-10-27,673.25,688.5,673.25,687.75,224400,153047600,0,0
2023-10-30,687.75,696,650,653,946800,624446900,0,0
2023-10-31,665.5,681.25,655,681.25,335600,225941000,0,0
2023-11-01,688,704.75,680.25,701.75,281200,195891400,0,0
2023-11-02,716.25,716.25,686.75,697,196000,136913900,0,0
2023-11-06,698,709.25,692.25,700.5,240400,168940900,0,0
2023-11-07,690.25,712.75,690,701.5,216800,152546400,0,0
2023-11-08,691,695.25,646,651.75,470400,310447800,0,0
2023-11-09,642.25,660,637.5,655.25,251600,164262400,0,0
2023-11-10,642.75,655.25,640.5,651.25,192800,125106200,0,0
2023-11-13,651.25,655.75,637.75,645.5,215600,139468500,0,0
2023-11-14,642.75,647.75,628.5,633.25,204800,130157300,0,0
2023-11-15,637,637,615.25,632.5,315200,198167500,0,0
2023-11-16,632.75,649.25,623.25,626.25,367200,232691000,0,0
2023-11-17,625.25,632.25,617.5,630.75,166400,104539500,0,0
2023-11-20,630.75,643.25,629.5,633.75,164400,104551400,0,0
2023-11-21,633.75,637.25,627.5,627.75,95600,60285000,0,0
2023-11-22,624.25,631.5,622.25,627.75,70400,44164100,0,0
2023-11-24,630,631.25,624,627.75,60000,37667500,0,0
2023-11-27,627.75,628,612.5,618,188800,116904300,0,0
2023-11-28,622.25,645.25,616.5,638,212400,134978700,0,0
2023-11-29,632.5,636,616.5,618.5,162000,100563700,0,0
2023-11-30,618.75,623,611.75,618.75,159200,98361200,0,0
2023-12-01,626,630.75,619.5,628.5,171600,107581400,0,0
2023-12-04,625,625.25,615,620,132800,82291300,0,0
2023-12-05,613.75,621,608.25,609.5,195600,119948900,0,0
2023-12-06,609.75,624,609.75,621.75,273200,169197500,0,0
2023-12-07,617,622.75,611.75,620,120000,74145700,0,0
2023-12-08,611.25,625,611.25,617.5,305600,188182100,0,0
2023-12-11,619.5,632.5,617.5,627.25,211600,132560300,0,0
2023-12-12,628.25,628.25,617.5,621.75,112800,70196600,0,0
2023-12-13,621.75,629.75,621.25,626,128800,80549800,0,0
2023-12-14,626,628.25,608.25,610,220400,135646700,0,0
2023-12-15,610,613.5,592,596.25,236800,141844700,0,0
2023-12-18,584.25,597.5,582,595.25,125600,74275500,0,0
2023-12-19,595.25,595.25,583,589.75,179200,105493000,0,0
2023-12-20,583.25,595.5,583.25,590.75,191600,113278000,0,0
2023-12-21,585,593.75,583,592.25,152000,89851700,0,0
2023-12-22,592.5,609.5,592.5,608.75,121600,73518600,0,0
2023-12-25,617.5,623,612.25,617.75,153600,95091600,0,0
2023-12-26,617.75,619.25,612.5,614.5,69600,42817100,0,0
2023-12-27,620,625,614.75,620,124400,77022200,0,0
2023-12-28,612.75,619,612.75,617.25,72000,44370400,0,0
2023-12-29,617.25,633,614.75,625.25,166400,103949200,0,0
2024-01-04,621.25,622.5,606,621.25,183200,112729000,0,0
2024-01-05,627.75,634.5,622.75,631.5,204800,129158200,0,0
2024-01-09,632.5,639,627,637.5,193200,122650600,0,0
2024-01-10,637.5,643,634.5,637.25,136400,87141100,0,0
2024-01-11,640.5,655.25,639.5,645.5,166400,108058100,0,0
2024-01-12,642.75,644,632,634.5,130800,83295100,0,0
2024-01-15,635.25,647.25,635.25,641.5,105200,67587600,0,0
2024-01-16,642.25,642.75,630.5,635.25,102800,65416500,0,0
2024-01-17,638.5,642.75,631.5,631.5,106800,67882100,0,0
2024-01-18,631,638.5,629,636.5,136000,86183000,0,0
2024-01-19,634,635.25,629.25,630.25,162000,102437100,0,0
2024-01-22,634,637.25,629.25,629.25,123600,78088600,0,0
2024-01-23,631.25,632.25,616.5,616.5,253200,157067700,0,0
2024-01-24,616.25,641,616.25,640.5,175200,110842400,0,0
2024-01-25,647.5,647.5,633.75,637.5,150000,95841600,0,0
2024-01-26,636.5,650.75,633.25,642.5,165600,106677000,0,0
2024-01-29,642.5,646.5,634,640.5,187600,120000800,0,0
2024-01-30,642.25,642.5,636.5,636.5,77600,49555000,0,0
2024-01-31,636.25,651,631,650,195200,125724800,0,0
2024-02-01,645.75,648.75,624,628,405200,255486200,0,0
2024-02-02,628,632,616.75,628.75,240800,150609100,0,0
2024-02-05,628,640,626.25,626.75,164400,103715500,0,0
2024-02-06,625,631.25,619.5,621,144800,90116700,0,0
2024-02-07,620,627.5,617.5,623.75,140000,87263400,0,0
2024-02-08,622.75,631.5,621,627.25,166400,104139900,0,0
2024-02-09,623.25,635,618.25,627.5,232400,145762200,0,0
2024-02-13,628,636.75,628,631.25,160400,101443000,0,0
2024-02-14,630,633.25,618.25,622.25,216800,135175900,0,0
2024-02-15,627.5,628.25,606.25,607,228400,140112600,0,0
2024-02-16,615.25,618.25,608.75,614.5,180400,110737900,0,0
2024-02-19,619.75,634.25,618.25,634.25,182800,114575600,0,0
2024-02-20,637.5,642,627,630.75,106800,67577800,0,0
2024-02-21,627.5,631.75,624.5,628.25,73600,46208000,0,0
2024-02-22,636.25,642,629.75,639,135200,86269900,0,0
2024-02-26,643.75,647,635.75,647,173600,111740700,0,0
2024-02-27,647,666.75,646,660,236000,155439100,0,0
2024-02-28,659.75,673.75,658.5,661,164400,108908300,0,0
2024-02-29,660.75,666.25,655.5,661.75,83200,55082400,0,0
2024-03-01,661.75,674.5,659.5,674.5,140800,94528700,0,0
2024-03-04,682.5,682.5,663.75,667.5,226800,152167700,0,0
2024-03-05,662.75,674.5,655.5,670.25,126800,84521900,0,0
2024-03-06,669.5,686.5,666.5,681.25,168000,114191200,0,0
2024-03-07,688.5,704,685.75,697.25,157600,109685800,0,0
2024-03-08,698.25,708,688.5,688.5,567600,395901000,0,0
2024-03-11,682.75,683.75,649,654.75,327600,216645900,0,0
2024-03-12,656,660.25,643,657.25,174800,114295000,0,0
2024-03-13,668,668,647.5,655.5,158400,103821200,0,0
2024-03-14,655.25,665,650.5,656.75,153200,100595300,0,0
2024-03-15,657.75,665,652.5,655,240000,157508500,0,0
2024-03-18,667.5,667.5,653.75,657.25,114800,75745800,0,0
2024-03-19,653.75,662.25,651,655.75,241200,158308300,0,0
2024-03-21,666.5,677.75,658.25,674.75,181200,121533100,0,0
2024-03-22,687.25,687.25,671.25,676,295200,199578700,0,0
2024-03-25,674.5,674.5,658.75,658.75,198000,131359100,0,0
2024-03-26,660,662.25,655,656,150800,99201100,0,0
2024-03-27,663.25,665.25,657,661.25,166400,110135200,0,0
2024-03-28,644.25,656,638.5,639.5,190400,122574500,0,0
2024-03-29,643.5,647.5,637.75,643.5,150000,96379800,0,0
2024-04-01,649.25,649.25,629,630.25,184800,117186900,0,0
2024-04-02,632,634.5,613,616,282400,175100300,0,0
2024-04-03,612.75,632,604.75,628.75,231200,143913600,0,0
2024-04-04,630.25,632,625.75,627.5,104000,65374700,0,0
2024-04-05,613.25,621.75,611.75,618.25,113200,69749100,0,0
2024-04-08,619.25,621,610.75,612.5,293600,180424100,0,0
2024-04-09,618,619.25,607,607.5,155600,94813700,0,0
2024-04-10,604.25,615,604,610.5,126800,77507700,0,0
2024-04-11,607.75,617.75,607,617.5,94000,57653200,0,0
2024-04-12,617.5,624,613.75,618.75,170800,105500600,0,0
2024-04-15,613.25,624.75,611.25,624,110000,68084000,0,0
2024-04-16,622,628.5,605.75,606.75,194400,119205500,0,0
2024-04-17,607.5,607.75,595.25,597.5,160800,96567100,0,0
2024-04-18,600.75,607.25,598.25,606,95200,57413000,0,0
2024-04-19,600.5,605.75,589.75,591.75,273200,162614000,0,0
2024-04-22,600,605,595.75,603.25,136800,82163600,0,0
2024-04-23,603.25,618.75,603.25,612,158400,96973900,0,0
2024-04-24,612.75,617.75,609.25,612.75,177200,108693400,0,0
2024-04-25,610.25,616,607.5,611.25,121600,74389500,0,0
2024-04-26,610.5,622,609.5,613.75,142800,87812300,0,0
2024-04-30,615,615,607.5,615,126800,77630000,0,0
2024-05-01,610,618.5,607,616.5,124000,76088900,0,0
2024-05-02,620,621,614,617.75,90000,55506500,0,0
2024-05-07,618,618.25,612.25,614.5,96800,59512700,0,0
2024-05-08,617.5,619.5,615,618.5,88400,54587000,0,0
2024-05-09,618.5,624,618.5,622.75,64400,40025300,0,0
2024-05-10,624.5,626.5,618,626.5,133200,82989000,0,0
2024-05-13,627,642.75,627,642.25,186400,119102300,0,0
2024-05-14,649.25,662.25,637.5,648.75,223600,144696900,0,0
2024-05-15,644.75,658.25,637.75,653,173200,112519300,0,0
2024-05-16,660.25,660.25,638.25,649.5,187200,121230700,0,0
2024-05-17,646.25,666.5,643,661.75,171600,113036500,0,0
2024-05-20,661.75,666.75,654.25,657.5,197600,130142500,0,0
2024-05-21,657.5,657.5,639.5,641.75,225200,145409900,0,0
2024-05-22,634,642.5,630,635,316800,201763700,0,0
2024-05-23,632.25,645,632.25,645,130400,83260600,0,0
2024-05-24,635.5,643.5,635,639.5,79200,50640700,0,0
2024-05-27,640.75,660.75,640.25,660.75,181600,118423700,0,0
2024-05-28,659.5,673,659.5,665.75,104000,69328000,0,0
2024-05-29,665.75,686.25,665.75,668.75,289600,195202300,0,0
2024-05-30,666.25,684.25,655.75,682.25,193200,130323000,0,0
2024-05-31,683,707.25,683,704.75,361200,252445600,0,0
2024-06-03,707.5,722,707.5,722,261600,187248100,0,0
2024-06-04,721.25,730,711.25,720.5,320000,230572700,0,0
2024-06-05,717.5,717.5,695,703.5,283600,199587200,0,0
2024-06-06,703.5,712.5,692.75,693.25,151600,106273400,0,0
2024-06-07,690,698.75,686.25,695.25,207600,143506900,0,0
2024-06-10,699,705,695.25,697.25,82400,57588700,0,0
2024-06-11,697.5,700.75,689,690.25,78400,54285900,0,0
2024-06-12,690.25,696.25,689.75,694.75,84800,58766200,0,0
2024-06-13,698.75,703.25,682,686,124000,85486800,0,0
2024-06-14,681.5,698.75,677.75,690.75,209200,143639200,0,0
2024-06-17,693.75,699.5,680.75,697,148400,102821300,0,0
2024-06-18,705.75,710.25,686.25,692,152000,105367000,0,0
2024-06-19,692,704.5,692,698.75,122400,85526300,0,0
2024-06-20,697.5,704.75,693.75,700.25,120400,84158700,0,0
2024-06-21,702,703.75,688.75,688.75,106000,73550800,0,0
2024-06-24,694.25,695.75,683.75,687.75,105200,72533900,0,0
2024-06-25,694.75,712.5,694.75,704,165600,116599900,0,0
2024-06-26,702.5,704.5,697.5,702.25,160000,112212500,0,0
2024-06-27,704.75,712.5,702.5,707.75,147600,104465700,0,0
2024-06-28,712,723.25,709.75,716.5,177200,126933000,0,0
2024-07-01,725,725,713.75,723.5,151600,109257300,0,0
2024-07-02,723.5,735,716.75,720.5,235600,170745600,0,0
2024-07-03,716.5,716.5,703.75,705.5,216800,153568600,0,0
2024-07-04,710,710,701.5,701.5,105200,74058300,0,0
2024-07-05,701.5,701.5,685.25,685.25,159200,110122000,0,0
2024-07-08,687.5,689.75,679.5,683.25,112800,77236800,0,0
2024-07-09,682.25,685,675,679,118800,80752000,0,0
2024-07-10,676.25,685.25,672.5,677,132400,89743100,0,0
2024-07-11,677,683.25,675.25,677.5,78800,53490900,0,0
2024-07-12,669.5,677,669.5,674,108400,72931400,0,0
2024-07-16,675,681.5,675,675,71600,48522600,0,0
2024-07-17,677.5,684,673.25,675.75,115600,78239000,0,0
2024-07-18,673.75,678,669.5,672.5,118400,79856600,0,0
2024-07-19,675.25,675.25,665,671.25,98800,66156900,0,0
2024-07-22,666.75,670,662.75,662.75,114800,76375600,0,0
2024-07-23,667.25,672.5,664.75,670.75,104400,69831600,0,0
2024-07-24,666.5,674.5,663.5,664.25,160000,106829400,0,0
2024-07-25,660,669.5,657,659.75,190000,125695500,0,0
2024-07-26,665.25,671,655.75,659.25,94800,62627000,0,0
2024-07-29,662.5,678,658.75,677,97200,65512200,0,0
2024-07-30,667.75,673,660.5,662.25,118000,78425400,0,0
2024-07-31,666.5,708.25,665.75,708.25,230000,157389800,0,0
2024-08-01,705.75,705.75,690.75,702.75,227200,159085900,0,0
2024-08-02,665.5,670.25,644.25,644.25,298000,194981300,0,0
2024-08-05,595.25,597.75,529.75,529.75,448000,255118200,0,0
2024-08-06,579.75,594.25,562,583.75,418800,243036800,0,0
2024-08-07,576.5,615.5,564,600.25,206800,123547800,0,0
2024-08-08,581.25,598,577.75,579.5,270800,158579400,0,0
2024-08-09,592,604.75,587,596.25,157200,93640400,0,0
2024-08-13,593.75,610.25,591.75,610.25,159200,95432600,0,0
2024-08-14,610.25,622.25,610.25,615.75,142000,87363600,0,0
2024-08-15,619.25,626.75,613.75,618.75,143600,89144100,0,0
2024-08-16,626.25,639.75,625.5,635,91200,57673100,0,0
2024-08-19,635,639.75,623.75,627.25,80800,50965100,0,0
2024-08-20,639.75,639.75,623.75,625.5,50400,31700100,0,0
2024-08-21,621.25,628.5,619.25,628.5,62000,38702000,0,0
2024-08-22,630.5,632.5,623.5,625.75,150400,94601200,0,0
2024-08-23,625,633.25,620.75,633.25,80000,50240000,0,0
2024-08-26,633.25,638.5,625,625,155600,97980100,0,0
2024-08-27,625.25,635.75,625.25,635.5,67200,42482000,0,0
2024-08-28,628.75,639.75,628.75,637.5,52400,33289600,0,0
2024-08-29,628.75,636.5,623.25,625.5,123600,77567600,0,0
2024-08-30,627.5,627.5,617.5,618,154000,95613700,0,0
2024-09-02,626.25,626.25,611.25,614,147200,90668600,0,0
2024-09-03,616,621.75,613,617.5,240400,148476900,0,0
2024-09-04,608.75,608.75,590.75,594.25,466400,279756800,0,0
2024-09-05,588,607.5,580,598.5,177200,105578700,0,0
2024-09-06,599.75,603.75,593.5,597.75,96400,57708700,0,0
2024-09-09,591.5,600,582.25,598.75,135200,80020700,0,0
2024-09-10,592.5,604.5,592.5,596.5,104000,62090000,0,0
2024-09-11,591.25,593.75,571,575.25,252000,146447400,0,0
2024-09-12,580,594,580,588.75,132400,77912400,0,0
2024-09-13,586.75,591.25,581,582.75,194000,113558100,0,0
2024-09-17,594.5,594.5,570.5,581.5,151200,87381100,0,0
2024-09-18,581.75,586.5,574,580,119600,69298400,0,0
2024-09-19,584.75,593,583.75,588,91600,53976300,0,0
2024-09-20,595,597.5,587.75,588.25,169200,100013800,0,0
2024-09-24,599.5,599.5,587.5,589.5,89200,52695000,0,0
2024-09-25,587.75,587.75,578.75,580.75,213600,124427000,0,0
2024-09-26,586,596,581.5,595.25,188800,111434500,0,0
2024-09-27,587,587.5,572.75,575.5,286400,165373100,0,0
2024-09-30,569.5,575.75,564.5,566.5,270400,153776900,0,0
2024-10-01,574.75,583.25,569.25,574,153600,88493500,0,0
2024-10-02,568.75,574,565.25,567.25,149200,84930900,0,0
2024-10-03,572.5,573.5,567.75,570.25,98800,56383900,0,0
2024-10-04,574.75,586.25,574.25,580.25,124000,72003600,0,0
2024-10-07,589.25,599.75,589.25,592.75,178400,106222800,0,0
2024-10-08,587.25,591.25,581.75,583.75,189200,110782000,0,0
2024-10-09,585.75,585.75,574,575.75,178400,102914300,0,0
2024-10-10,579.75,579.75,571.75,573.25,82400,47361600,0,0
2024-10-11,578.5,580.75,572.25,573,101200,58221800,0,0
2024-10-15,579.75,585.5,576.75,582.5,105200,61165300,0,0
2024-10-16,577.25,586,577.25,581,85600,49790000,0,0
2024-10-17,581,592,581,589,76000,44723900,0,0
2024-10-18,591.5,596.25,587,592,75200,44533700,0,0
2024-10-21,595.25,595.25,582.5,583.5,57600,33725400,0,0
2024-10-22,583.5,583.5,572.75,573,131200,75484300,0,0
2024-10-23,570,575.5,569.25,569.25,92000,52554100,0,0
2024-10-24,571,573.75,567.25,570.5,93600,53435300,0,0
2024-10-25,574.5,574.5,561.25,566.25,160000,90389600,0,0
2024-10-28,559,571.75,559,571.5,154000,87098100,0,0
2024-10-29,575,581,572.25,576.25,79600,45917200,0,0
2024-10-30,577.5,580.75,572.25,578,280800,162091700,0,0
2024-10-31,578.5,583.25,574.75,576.75,90800,52455000,0,0
2024-11-01,575,578.75,570.5,576.5,50000,28814800,0,0
2024-11-05,582.5,582.5,573.75,576.25,48400,27955000,0,0
2024-11-06,576,598.75,576,598.75,172400,101745000,0,0
2024-11-07,605.25,615.75,604.75,605.5,218000,132724300,0,0
2024-11-08,609,611.75,605.25,609.25,69600,42374800,0,0
2024-11-11,608.75,610,602.25,609,101200,61287700,0,0
2024-11-12,614,661.75,605,655.25,969600,613782000,0,0
2024-11-13,655,672.25,648,665.5,416800,275333500,0,0
2024-11-14,667,686,665.75,682.75,185200,125797000,0,0
2024-11-15,694.5,701.5,686,687,317600,220407700,0,0
2024-11-18,680,693.25,670.5,677,168000,114601000,0,0
2024-11-19,678.5,687.5,670.5,678.25,104400,70698000,0,0
2024-11-20,671.5,672,661.25,661.25,125200,83231000,0,0
2024-11-21,661.75,675,661.25,672.75,154000,102935700,0,0
2024-11-22,676.5,682,669.5,675.75,76000,51369200,0,0
2024-11-25,679.5,692.75,677.5,679.5,98800,67436200,0,0
2024-11-26,678.5,678.5,663,665.75,114800,76727600,0,0
2024-11-27,664.25,664.25,650,655.75,153600,100777200,0,0
2024-11-28,651,658,646.5,651,307600,200134700,0,0
2024-11-29,650,662.75,650,658.75,80400,52796700,0,0
2024-12-02,663.75,674,663.5,672.25,155600,104053500,0,0
2024-12-03,676.5,679,668.25,670.75,152800,102949700,0,0
2024-12-04,663.5,672.25,662.25,662.25,130000,86575700,0,0
2024-12-05,670.75,695.5,667.5,693.25,237600,162503100,0,0
2024-12-06,690.75,695.75,685.25,688.5,111200,76681400,0,0
2024-12-09,690.75,692.5,675.25,689,116800,80191700,0,0
2024-12-10,695.75,706.25,695.75,697.25,150000,105105700,0,0
2024-12-11,704.75,704.75,687.5,694.75,83200,57803700,0,0
2024-12-12,697.5,706.25,696.25,702.5,119600,84070200,0,0
2024-12-13,695.75,698.75,683.5,690.75,172800,119578800,0,0
2024-12-16,694.75,694.75,681.25,681.25,82000,56087700,0,0
2024-12-17,685.75,685.75,673,673,92800,62812800,0,0
2024-12-18,670,670,660.25,666.75,168400,112466800,0,0
2024-12-19,658,671.75,658,671.25,177200,117294600,0,0
2024-12-20,673.5,673.5,662.75,664,100000,66677100,0,0
2024-12-23,663.75,683.5,663.75,680,147200,99714300,0,0
2024-12-24,688.5,695,687.5,692.5,104800,72413900,0,0
2024-12-25,691.75,692.5,682.75,692.5,84400,58099900,0,0
2024-12-26,692.5,700,688,700,195200,135945700,0,0
2024-12-27,700,703,694.25,702,70400,49311100,0,0
2024-12-30,699.25,710.25,693.25,702.75,179200,126261400,0,0
2025-01-06,704.25,704.25,687.5,694.25,125200,86979500,0,0
2025-01-07,698.75,700,688.25,693.25,114400,79403900,0,0
2025-01-08,695.25,712,695.25,708,158000,111515000,0,0
2025-01-09,707,709.75,693.75,695,148800,104380700,0,0
2025-01-10,698.75,700.25,688.5,696.25,120400,83637500,0,0
2025-01-14,692.5,696.25,683.5,685.25,98800,68021000,0,0
2025-01-15,690,707.5,690,700,151200,105513700,0,0
2025-01-16,711.75,712.5,699.25,709.25,147600,104344700,0,0
2025-01-17,708.75,711.25,692.75,709,97600,68704100,0,0
2025-01-20,712.5,724.25,710.75,719,116000,83274900,0,0
2025-01-21,720.25,726.5,712,718.75,108400,77980300,0,0
2025-01-22,722,722,710.75,713.25,150400,107877800,0,0
2025-01-23,712.5,712.5,702.75,708,143600,101640400,0,0
2025-01-24,712,712,700,704.5,69200,48856400,0,0
2025-01-27,713.75,719,709,713.25,84400,60222900,0,0
2025-01-28,714.25,745,714.25,730,666800,487870600,0,0
2025-01-29,736,770,726.75,762.5,410800,307817800,0,0
2025-01-30,753.75,767.5,743.5,763.75,241600,183305100,0,0
2025-01-31,780,781.25,757.5,770,186800,143154500,0,0
2025-02-03,762.5,771.25,757.5,761.25,196400,149970000,0,0
2025-02-04,775,780,766.25,771.25,160000,123891500,0,0
2025-02-05,771.25,785,757.5,760,206800,159065500,0,0
2025-02-06,762.5,766.25,748.25,763.75,220800,167064800,0,0
2025-02-07,765,771.25,751.25,765,98800,75487000,0,0
2025-02-10,762.5,763.75,753.75,762.5,77200,58695500,0,0
2025-02-12,772.5,773.75,765,768.75,98000,75413000,0,0
2025-02-13,772.5,777.5,766.25,773.75,106000,81795500,0,0
2025-02-14,777.5,796.25,773.75,795,239200,188188500,0,0
2025-02-17,798.75,807.5,790,803.75,285600,227846500,0,0
2025-02-18,810,817.5,797.5,807.5,104800,84500000,0,0
2025-02-19,807.5,820,795,795,155200,124981500,0,0
2025-02-20,795,797.5,780,782.5,116400,91690500,0,0
2025-02-21,782.5,782.5,765,767.5,99200,76412000,0,0
2025-02-25,762.5,768.75,752.5,757.5,121600,92187500,0,0
2025-02-26,752.5,758.75,746.5,756.25,124000,93373400,0,0
2025-02-27,755,763.75,753.75,762.5,101600,77166000,0,0
2025-02-28,760,760,745.75,747,115600,86590500,0,0
2025-03-03,766.25,766.25,746,757.5,126800,95605100,0,0
2025-03-04,758.75,761.25,749.75,752.5,64800,48906300,0,0
2025-03-05,751.25,765,751.25,762.5,79600,60511500,0,0
2025-03-06,768.75,781.25,768.75,775,112000,86959500,0,0
2025-03-07,767.5,781.25,761.25,768.75,172400,132569000,0,0
2025-03-10,772.5,772.5,752.5,752.5,114800,87150000,0,0
2025-03-11,745,746,725.5,744.75,168400,124285500,0,0
2025-03-12,747.5,753.75,744,751.25,100800,75625600,0,0
2025-03-13,755,773.75,755,767.5,147600,112923000,0,0
2025-03-14,763.75,781.25,761.25,778.75,174800,134620500,0,0
2025-03-17,782.5,796.25,775,792.5,159200,125613000,0,0
2025-03-18,793.75,821.25,788.75,816.25,277600,225534500,0,0
2025-03-19,815,815,795,797.5,110000,88374000,0,0
2025-03-21,797.5,822.5,797.5,817.5,145600,118362000,0,0
2025-03-24,830,831.25,807.5,808.75,140000,114043500,0,0
2025-03-25,820,828.75,810,810,161200,131900000,0,0
2025-03-26,821.25,821.25,798.75,810,124400,100353000,0,0
2025-03-27,802.5,818.75,796.25,817.5,212000,171730500,0,0
2025-03-28,800,806.25,790,796.25,147200,117293000,0,0
2025-03-31,783.75,796.25,767.5,788.75,206400,162307500,0,0
2025-04-01,802.5,806.25,778.75,780,118000,93013500,0,0
2025-04-02,777.5,777.5,756.25,772.5,166800,127835000,0,0
2025-04-03,727,736.5,710,721.5,322800,233125800,0,0
2025-04-04,688,688.75,643.25,660.5,358800,237403800,0,0
2025-04-07,600.75,623.25,592.75,596.75,478000,288020500,0,0
2025-04-08,634,677,634,664,386400,253496900,0,0
2025-04-09,637.5,638,619.5,626.5,260000,163377800,0,0
2025-04-10,701.5,701.5,673.75,679.5,238000,162611900,0,0
2025-04-11,643,658,631.25,656.75,178400,114785800,0,0
2025-04-14,658.5,670,654.25,665,150000,99365900,0,0
2025-04-15,671.75,681.25,668.25,679,149600,101109700,0,0
2025-04-16,679,681.75,663.25,667.5,112400,75579700,0,0
2025-04-17,667.5,684.5,667.5,684.5,71600,48571400,0,0
2025-04-18,691.5,702.25,691.5,698.25,100800,70276200,0,0
2025-04-21,694.25,696.5,685,689.75,95600,65986900,0,0
2025-04-22,687,697,687,697,68800,47689400,0,0
2025-04-23,704.25,722,702,702.25,140400,99627600,0,0
2025-04-24,709.5,718,706.5,712.75,113600,80859900,0,0
2025-04-25,716,722,707.75,713.25,100800,71994200,0,0
2025-04-28,714.25,721.5,707.25,707.25,130400,92752100,0,0
2025-04-30,707.5,725.5,707.5,725.5,109600,78810300,0,0
2025-05-01,713,719.5,699.25,699.25,167600,118440500,0,0
2025-05-02,698.75,700,679.25,690,188800,130026600,0,0
2025-05-07,684.5,696,676,695.75,170400,117034500,0,0
2025-05-08,689.5,689.5,681,686.5,101200,69223100,0,0
2025-05-09,691.25,707.25,690.25,703.25,161600,113330200,0,0
2025-05-12,712.25,749.25,712.25,749.25,579200,424531600,0,0
2025-05-13,780,780,703,712.75,1057600,783104700,0,0
2025-05-14,723.25,739.75,719.25,732.25,435200,317324400,0,0
2025-05-15,732,732,711,711,242400,173403200,0,0
2025-05-16,711,713.25,698.5,708.25,250000,176109300,0,0
2025-05-19,700,709.5,695,706.5,238400,167104500,0,0
2025-05-20,707,710.75,700,707.25,190000,133947600,0,0
2025-05-21,708.25,731.25,706.5,720,310000,223815800,0,0
2025-05-22,716.25,718.25,705.5,709.75,202800,144083100,0,0
2025-05-23,713.25,723,711.5,714.25,142800,102326700,0,0
2025-05-26,714.75,719.5,707.25,717.25,126400,90177900,0,0
2025-05-27,718.25,721.75,710.25,721.75,82000,58905400,0,0
2025-05-28,727.25,733.75,725.25,730.5,123200,89893300,0,0
2025-05-29,730.5,743.75,727.25,736.75,162800,119876600,0,0
2025-05-30,736.25,749.25,732,747.5,184000,136533300,0,0
2025-06-02,745,758.75,743.75,753.75,217600,163428800,0,0
2025-06-03,750,753.75,738.25,749.75,147200,110296800,0,0
2025-06-04,745.5,756.25,745.5,751.25,103200,77491500,0,0
2025-06-05,747.5,750,740.75,744.75,137200,102348500,0,0
2025-06-06,745,752.5,738.5,744.5,135600,101132000,0,0
2025-06-09,747.5,752.5,745.5,752.5,94400,70808600,0,0
2025-06-10,753.75,771.25,753.75,757.5,223600,170416000,0,0
2025-06-11,753.75,760,742.5,747.5,193600,144885700,0,0
2025-06-12,747.75,755,746.25,748,175200,131273200,0,0
2025-06-13,753.75,753.75,739.25,751.25,249200,186261100,0,0
2025-06-16,752.5,765,750,757.5,129600,97918000,0,0
2025-06-17,757.5,763.75,752.5,762.5,159600,121134000,0,0
2025-06-18,760,768.75,753.75,762.5,126400,96155500,0,0
2025-06-19,768.75,770,756.25,762.5,76800,58591500,0,0
2025-06-20,762.5,775,755,762.5,274800,209811000,0,0
2025-06-23,753.75,767.5,746.25,756.25,112800,85391200,0,0
2025-06-24,766.25,768.75,756.25,756.25,91600,69730500,0,0
2025-06-25,756.25,760,748,758.75,106800,80538700,0,0
2025-06-26,762.5,765,757.5,761.25,78400,59665000,0,0
2025-06-27,758.75,767.5,758.75,763.75,84400,64367500,0,0
2025-06-30,766.25,767.5,760,761.25,95200,72622500,0,0
2025-07-01,762.5,763.75,746.5,763.75,156000,118091300,0,0
2025-07-02,762.5,768.75,757.5,761.25,107200,81707000,0,0
2025-07-03,753.75,763.75,751.25,761.25,127200,96368000,0,0
2025-07-04,767.5,791.25,767.5,790,186000,145550000,0,0
2025-07-07,793.75,796.25,782.5,795,152400,120701500,0,0
2025-07-08,795,797.5,782.5,788.75,83600,65961500,0,0
2025-07-09,788.75,822.5,786.25,812.5,264400,214005500,0,0
2025-07-10,811.25,822.5,803.75,811.25,124800,101268000,0,0
2025-07-11,817.5,832.5,812.5,821.25,126400,104204000,0,0
2025-07-14,821.25,821.25,807.5,813.75,81200,66065000,0,0
2025-07-15,818.75,827.5,813.75,816.25,89600,73331500,0,0
2025-07-16,816.25,818.75,807.5,816.25,117200,95384000,0,0
2025-07-17,816.25,825,812.5,823.75,64400,52894000,0,0
2025-07-18,825,836.25,822.5,835,138000,114657000,0,0
2025-07-22,835,837.5,820,827.5,95600,79205500,0,0
2025-07-23,845,855,825,842.5,212400,179044000,0,0
2025-07-24,853.75,897.5,853.75,895,332400,294115500,0,0
2025-07-25,888.75,903.75,883.75,887.5,175200,156370500,0,0
2025-07-28,891.25,892.5,851.25,853.75,236400,205296000,0,0
2025-07-29,851.25,873.75,847.5,872.5,106800,92351500,0,0
2025-07-30,863.75,877.5,858.75,863.75,137200,118684000,0,0
2025-07-31,876.25,888.75,867.5,883.75,178000,156705000,0,0
2025-08-01,880,880,865,870,128800,112307500,0,0
2025-08-04,855,862.5,843.75,858.75,211600,180820500,0,0
2025-08-05,865,880,858.75,867.5,98800,85985500,0,0
2025-08-06,867.5,886.25,867.5,877.5,99600,87457500,0,0
2025-08-07,878.75,907.5,878.75,893.75,160800,144300500,0,0
2025-08-08,890,907.5,883.75,906.25,136000,122271000,0,0
2025-08-12,916.25,918.75,896.25,896.25,158400,143327500,0,0
2025-08-13,903.75,911.25,886.25,896.25,146400,131819000,0,0
2025-08-14,887.5,901.25,883.75,900,94800,84875000,0,0
2025-08-15,901.25,925,901.25,921.25,181600,166535500,0,0
2025-08-18,922.5,930,912.5,912.5,122000,112002500,0,0
2025-08-19,920,920,893.75,893.75,113200,101871000,0,0
2025-08-20,887.5,907.5,881.25,900,124400,111809000,0,0
2025-08-21,907.5,912.5,901.25,912.5,100000,90833500,0,0
2025-08-22,912.5,948.75,905,948.75,213600,199714000,0,0
2025-08-25,966.25,971.25,943.75,948.75,238000,227117000,0,0
2025-08-26,943.75,955,936.25,942.5,120800,113771000,0,0
2025-08-27,940,943.75,931.25,935,122400,114583500,0,0
2025-08-28,940,948.75,930,948.75,123200,116318000,0,0
2025-08-29,945,947.5,932.5,932.5,108400,101473000,0,0
2025-09-01,935,940,921.25,923.75,156000,144884000,0,0
2025-09-02,940,952.5,928.75,943.75,170000,160179000,0,0
2025-09-03,941.25,946.25,916.25,920,219200,202857500,0,0
2025-09-04,927.5,945,925,938.75,125600,117886500,0,0
2025-09-05,943.75,958.75,936.25,941.25,202400,192185500,0,0
2025-09-08,945,953.75,938.75,952.5,112400,106625500,0,0
2025-09-09,952.5,963.75,940,946.25,130000,123619000,0,0
2025-09-10,948.75,973.75,948.75,967.5,146000,141057000,0,0
2025-09-11,972.5,975,946.25,951.25,162000,155150000,0,0
2025-09-12,961.25,963.75,952.5,956.25,133200,127778000,0,0
2025-09-16,965,965,948.75,951.25,80000,76384000,0,0
2025-09-17,950,950,923.75,931.25,231200,215439000,0,0
2025-09-18,932.5,935,920,926.25,162400,150376500,0,0
2025-09-19,928.75,940,922.5,936.25,278400,259403000,0,0
2025-09-22,937.5,948.75,931.25,941.25,214800,201357500,0,0
2025-09-24,937.5,940,928.75,938.75,145600,136273500,0,0
2025-09-25,935,950,932.5,945,138800,130790000,0,0
2025-09-26,951.25,965,951.25,965,238000,228939500,0,0
2025-09-29,952.5,953.75,936.25,941.25,101200,95346000,0,0
2025-09-30,948.75,980,940,972.5,238800,230408000,0,0
2025-10-01,972.5,972.5,937.5,940,167200,158417500,0,0
2025-10-02,940,943.75,917.5,926.25,138800,128778500,0,0
2025-10-03,923.75,937.5,923.75,936.25,72800,67845500,0,0
2025-10-06,937.5,965,922.5,957.5,282800,266833000,0,0
2025-10-07,953.75,975,950,953.75,163200,156279000,0,0
2025-10-08,953.75,988.75,953.75,966.25,331600,322777500,0,0
2025-10-09,955,967.5,955,967.5,128800,123868500,0,0
2025-10-10,950,961.25,927.5,930,226800,212782500,0,0
2025-10-14,921.25,945,915,926.25,247600,229720500,0,0
2025-10-15,933.75,941.25,927.5,937.5,117200,109435500,0,0
2025-10-16,941.25,956.25,941.25,955,106400,101243500,0,0
2025-10-17,947.5,975,942.5,968.75,184000,177501500,0,0
2025-10-20,983.75,991.25,973.75,991.25,254400,250405500,0,0
2025-10-21,996.25,1013.75,991.25,991.25,273200,274154500,0,0
2025-10-22,991.25,1006.25,991.25,995,99600,99296000,0,0
2025-10-23,982.5,997.5,982.5,990,88800,87987000,0,0
2025-10-24,990,995,978.75,978.75,124000,122164500,0,0
2025-10-27,988.75,1011.25,985,1008.75,162800,163407000,0,0
2025-10-28,1002.5,1016.25,996.25,1002.5,178800,179352500,0,0
2025-10-29,1002.5,1010,983.75,988.75,154400,153588500,0,0
2025-10-30,993.75,1015,993.75,1012.5,160400,161983000,0,0
2025-10-31,1020,1020,995,1012.5,113200,114012000,0,0
2025-11-04,1003.75,1031.25,1002.5,1023.75,98000,100169000,0,0
2025-11-05,1020,1021.25,968.75,1001.25,198000,196355500,0,0
2025-11-06,1001.25,1035,993.75,1028.75,174000,177607500,0,0
2025-11-07,1011.25,1017.5,996.25,1008.75,138800,139840500,0,0
2025-11-10,1020,1032.5,1007.5,1025,102000,104458500,0,0
2025-11-11,1033.75,1035,1013.75,1027.5,123200,126031500,0,0
2025-11-12,1025,1052.5,1021.25,1042.5,161200,167959000,0,0
2025-11-13,1048.75,1067.5,1047.5,1062.5,201600,213421500,0,0
2025-11-14,1060,1187.5,1056.25,1187.5,916800,1046993500,0,0
2025-11-17,1182.5,1208.75,1150,1155,534000,623119500,0,0
2025-11-18,1147.5,1147.5,1112.5,1115,348800,393063000,0,0
2025-11-19,1111.25,1122.5,1096.25,1110,360800,400588000,0,0
2025-11-20,1131.25,1165,1122.5,1153.75,329200,376846500,0,0
2025-11-21,1145,1188.75,1145,1171.25,459200,539722500,0,0
2025-11-25,1188.75,1196.25,1152.5,1166.25,344000,402331500,0,0
2025-11-26,1173.75,1198.75,1166.25,1187.5,326800,388571000,0,0
2025-11-27,1202.5,1225,1196.25,1198.75,351600,424106500,0,0
2025-11-28,1202.5,1240,1201.25,1236.25,272800,335146000,0,0
2025-12-01,1250,1272.5,1228.75,1241.25,465600,581105000,0,0
2025-12-02,1250,1277.5,1246.25,1250,441600,554885500,0,0
2025-12-03,1247.5,1250,1223.75,1227.5,357200,440896000,0,0
2025-12-04,1220,1250,1215,1247.5,266800,329592000,0,0
2025-12-05,1236.25,1248.75,1225,1235,290800,359262000,0,0
2025-12-08,1243.75,1243.75,1217.5,1238.75,266400,328029500,0,0
2025-12-09,1238.75,1242.5,1221.25,1225,235200,289552000,0,0
2025-12-10,1231.25,1232.5,1215,1226.25,201200,246138500,0,0
2025-12-11,1237.5,1242.5,1202.5,1208.75,249600,305007000,0,0
2025-12-12,1226.25,1252.5,1221.25,1250,321600,399271500,0,0
2025-12-15,1250,1282.5,1250,1277.5,179200,227340000,0,0
2025-12-16,1277.5,1280,1240,1247.5,196400,246881000,0,0
2025-12-17,1245,1246.25,1218.75,1242.5,159200,196806000,0,0
2025-12-18,1236.25,1246.25,1222.5,1238.75,157600,194459000,0,0
2025-12-19,1247.5,1270,1241.25,1257.5,246800,309553500,0,0
2025-12-22,1275,1302.5,1270,1280,217600,279849000,0,0
2025-12-23,1272.5,1302.5,1272.5,1287.5,122800,158364000,0,0
2025-12-24,1297.5,1305,1265,1277.5,176800,226381000,0,0
2025-12-25,1277.5,1287.5,1265,1280,93200,119231000,0,0
2025-12-26,1287.5,1297.5,1272.5,1280,147200,189088000,0,0
2025-12-29,1280,1302.5,1272.5,1297.5,162800,210361000,0,0
2025-12-30,1300,1322.5,1287.5,1300,175600,229086000,0,0
2026-01-05,1302.5,1315,1302.5,1315,117600,154009000,0,0
2026-01-06,1325,1360,1325,1355,249600,336504000,0,0
2026-01-07,1350,1370,1342.5,1362.5,166000,225769000,0,0
2026-01-08,1377.5,1412.5,1365,1372.5,292800,406839000,0,0
2026-01-09,1382.5,1400,1372.5,1395,242800,337266000,0,0
2026-01-13,1432.5,1470,1427.5,1455,337200,489653000,0,0
2026-01-14,1460,1490,1427.5,1485,523200,761262000,0,0
2026-01-15,1475,1530,1470,1517.5,312000,471010000,0,0
2026-01-16,1517.5,1530,1515,1530,176800,269215000,0,0
2026-01-19,1532.5,1547.5,1507.5,1527.5,221600,338514000,0,0
2026-01-20,1527.5,1537.5,1505,1522.5,165200,251490000,0,0
2026-01-21,1475,1512.5,1462.5,1477.5,282000,417989000,0,0
2026-01-22,1502.5,1540,1492.5,1525,274800,418763000,0,0
2026-01-23,1527.5,1585,1527.5,1570,226400,354772000,0,0
2026-01-26,1530,1552.5,1517.5,1525,240800,367834000,0,0
2026-01-27,1505,1537.5,1502.5,1532.5,182000,277309000,0,0
2026-01-28,1522.5,1552.5,1485,1522.5,368800,558786000,0,0
2026-01-29,1532.5,1550,1515,1537.5,284000,435609000,0,0
2026-01-30,1552.5,1560,1465,1525,648400,982369000,0,0
2026-02-02,1540,1540,1477.5,1492.5,329200,495712000,0,0
2026-02-03,1532.5,1560,1517.5,1557.5,234000,361174000,0,0
2026-02-04,1557.5,1592.5,1547.5,1570,220000,346101000,0,0
2026-02-05,1600,1645,1597.5,1642.5,315600,511858000,0,0
2026-02-06,1622.5,1665,1612.5,1655,259200,425057000,0,0
2026-02-09,1705,1705,1652.5,1682.5,301200,505601000,0,0
2026-02-10,1690,1717.5,1690,1697.5,154000,262224000,0,0
2026-02-12,1710,1782.5,1705,1777.5,305200,535856000,0,0
2026-02-13,1742.5,1765,1685,1692.5,497200,853328000,0,0
2026-02-16,1715,1715,1667.5,1695,322400,545231000,0,0
2026-02-17,1695,1717.5,1657.5,1660,271600,455457000,0,0
2026-02-18,1665,1690,1657.5,1672.5,240400,402352000,0,0
2026-02-19,1672.5,1725,1662.5,1725,181200,308470000,0,0
2026-02-20,1707.5,1722.5,1695,1715,144800,247805000,0,0
2026-02-24,1702.5,1702.5,1637.5,1690,248000,414306000,0,0
2026-02-25,1695,1695,1655,1665,214000,358622000,0,0
2026-02-26,1690,1725,1677.5,1710,288400,490597000,0,0
2026-02-27,1735,1780,1725,1775,411200,723561000,0,0
2026-03-02,1687.5,1702.5,1652.5,1677.5,427200,716411000,0,0
2026-03-03,1667.5,1720,1657.5,1667.5,248000,417867000,0,0
2026-03-04,1620,1632.5,1520,1535,526000,820533000,0,0
2026-03-05,1630,1690,1630,1677.5,425600,709863000,0,0
2026-03-06,1630,1680,1615,1680,280400,464165000,0,0
2026-03-09,1555,1585,1525,1572.5,375600,583895000,0,0
2026-03-10,1622.5,1677.5,1620,1675,226000,374120000,0,0
2026-03-11,1690,1717.5,1665,1665,258000,436524000,0,0
2026-03-12,1640,1660,1592.5,1600,195600,315604000,0,0
2026-03-13,1580,1635,1580,1610,313600,504964000,0,0
2026-03-16,1590,1617.5,1590,1617.5,146800,235952000,0,0
2026-03-17,1627.5,1660,1607.5,1620,109200,178036000,0,0
2026-03-18,1637.5,1670,1637.5,1665,174400,288945000,0,0
2026-03-19,1622.5,1642.5,1607.5,1610,181200,293919000,0,0
2026-03-23,1547.5,1572.5,1520,1547.5,257200,398807000,0,0
2026-03-24,1612.5,1637.5,1602.5,1627.5,181200,293362000,0,0
2026-03-25,1675,1705,1672.5,1705,342800,580631000,0,0
2026-03-26,1702.5,1707.5,1650,1677.5,178800,299888000,0,0
2026-03-27,1672.5,1717.5,1652.5,1705,271600,459292000,0,0
2026-03-30,1561,1657,1561,1612,425600,693473800,0,0
2026-03-31,1590,1645,1581,1593,339400,546221300,0,0
2026-04-01,1700,1701,1660,1676,379600,636885100,0,0
2026-04-02,1704,1732,1632,1643,223100,370776900,0,0
2026-04-03,1680,1680,1635,1661,197000,326594400,0,0
2026-04-06,1676,1712,1676,1700,244400,415441300,0,0
2026-04-07,1728,1757,1720,1744,233100,405266600,0,0
2026-04-08,1780,1809,1762,1776,322900,574807200,0,0
2026-04-09,1780,1800,1750,1752,269300,475554100,0,0
2026-04-10,1789,1817,1785,1802,323400,582515500,0,0
2026-04-13,1798,1880,1798,1866,391500,725213200,0,0
2026-04-14,1889,1916,1871,1890,290900,550174800,0,0
2026-04-15,1930,1970,1911,1925,257800,498230400,0,0
2026-04-16,1940,2019,1937,2003,398800,795454000,0,0
2026-04-17,2003,2039,1972,2030,336700,676641500,0,0
2026-04-20,2030,2066,1995,2040,402300,820769100,0,0
2026-04-21,2057,2057,1961,1961,389500,777810300,0,0
2026-04-22,1970,1984,1897,1908,278300,536258500,0,0
2026-04-23,1885,1900,1846,1853,273700,511869300,0,0
2026-04-24,1845,1854,1780,1821,223800,407844800,0,0
2026-04-27,1819,1862,1800,1855,224200,413208300,0,0
2026-04-28,1875,1991,1865,1991,284400,556594000,0,0
2026-04-30,1951,1979,1922,1965,335600,657454500,0,0
2026-05-01,1965,1973,1912,1956,224100,437733600,0,0
2026-05-07,2010,2035,1981,1981,349600,701180800,0,0
2026-05-08,1957,1980,1825,1940,488100,922362100,0,0
2026-05-11,1961,2002,1947,1971,246000,484369800,0,0
2026-05-12,1988,1995,1907,1907,247700,481093000,0,0
2026-05-13,1935,1985,1930,1961,325500,639010900,0,0
2026-05-14,1970,1972,1851,1881,365900,700737100,0,0
2026-05-18,1882,1915,1864,1888,251600,474444100,0,0
2026-05-19,1910,1944,1854,1882,356300,672564900,0,0
2026-05-20,1885,1927,1865,1900,230300,436642200,0,0
2026-05-21,1938,1998,1934,1959,273800,539308200,0,0
2026-05-22,1982,1997,1935,1955,222900,437265500,0,0
2026-05-25,1968,2002,1941,1982,203400,401701800,0,0
2026-05-26,1966,2029,1923,1998,259600,518248300,0,0
2026-05-27,2025,2028,1958,1966,199000,394738000,0,0
2026-05-28,1966,1967,1886,1965,238700,463154600,0,0
2026-05-29,1967,2006,1867,1867,1309500,2465827300,0,0
2026-06-01,1891,1896,1819,1824,344700,634622900,0,0
2026-06-02,1790,1881,1754,1878,296400,543137900,0,0
2026-06-03,1869,1891,1841,1856,254800,474543000,0,0
2026-06-04,1821,1903,1804,1891,227500,424470300,0,0
2026-06-05,1904,1933,1891,1907,170000,323910600,0,0
2026-06-08,1867,1919,1856,1917,202300,383440300,0,0
2026-06-09,1944,2042,1944,2004,349100,695756300,0,0
2026-06-10,2008,2075,2000,2000,308600,625034000,0,0
2026-06-11,1994,2020,1963,2005,233900,466821400,0,0
2026-06-12,2024,2087,2020,2067,327600,673598200,0,0
2026-06-15,2100,2142,2074,2074,221000,464465500,0,0
2026-06-16,2046,2062,1984,2047,348300,709586200,0,0
2026-06-17,2073,2105,1968,1968,225500,456771000,0,0
2026-06-18,2030,2045,1972,1976,158400,315997400,0,0
2026-06-19,1975,1976,1906,1941,381900,739552900,0,0
2026-06-22,1941,2000,1939,1980,162900,321308800,0,0
2026-06-23,2003,2026,1993,1993,170900,342924600,0,0
2026-06-24,1998,2022,1948,1971,142400,281677800,0,0
2026-06-25,1984,1995,1963,1974,114000,225852600,0,0
2026-06-26,1985,2038,1985,2030,215300,434401400,0,0
2026-06-29,2030,2080,2007,2070,303200,622220200,0,0
2026-06-30,2061,2089,2028,2050,180600,371395100,0,0
2026-07-01,2064,2095,2055,2076,181700,377511700,0,0
2026-07-02,2097,2157,2066,2129,284500,604028300,0,0
2026-07-03,2154,2187,2127,2161,149200,321933500,0,0
2026-07-06,2122,2158,2100,2101,294600,623890900,0,0
2026-07-07,2150,2181,2110,2125,357000,765474600,0,0
2026-07-08,2117,2186,2117,2161,206600,446308900,0,0
2026-07-09,2135,2135,2085,2109,298100,627041500,0,0
2026-07-10,2145,2164,2072,2083,208400,439919900,0,0
2026-07-13,2120,2149,2078,2086,176500,371277000,0,0
2026-07-14,2085,2096,2049,2079,141700,294546900,0,0
2026-07-15,2092,2193,2092,2193,277100,597152900,0,0
2026-07-16,2194,2227,2182,2195,292200,644287200,0,0
2026-07-17,2160,2194,2024,2058,428500,897363100,0,0
2026-07-21,2095,2198,2060,2176,326500,705720500,0,0
2026-07-22,2200,2222,2177,2215,225000,496212800,0,0
2026-07-23,2209,2263,2209,2243,174900,391974900,0,0
2026-07-24,2217,2285,2205,2270,169300,382258600,0,0
2026-07-27,2302,2378,2301,2363,360000,844630600,0,0
2026-07-28,2361,2370,2276,2278,309900,713542600,0,0
2026-07-29,2235,2242,2112,2170,417700,905015200,0,0
2026-07-30,2100,2205,2078,2167,537200,1144194200,0,0
2026-07-31,2143,2221,2071,2155,431500,933221400,0,0
2026-08-03,2179,2202,2084,2185,307900,661611100,0,0
2026-08-04,2191,2235,2172,2220,264200,584806300,0,0
2026-08-05,2244,2296,2231,2274,204000,462842000,0,0
2026-08-06,2286,2406,2286,2404,341100,807280700,0,0
2026-08-07,2408,2420,2337,2358,241600,572667300,0,0
2026-08-10,2358,2360,2282,2283,230000,529529600,0,0
2026-08-12,2333,2367,2312,2363,198100,465143100,0,0
2026-08-13,2433,2506,2412,2474,348400,859262800,0,0
2026-08-14,2470,2543,2424,2444,324600,802424300,0,0
2026-08-17,2449,2496,2448,2460,265500,655694000,0,0
2026-08-18,2483,2508,2458,2458,325200,807004500,0,0
2026-08-19,2408,2449,2325,2336,317800,752339300,0,0
2026-08-20,2338,2384,2296,2332,233700,546139800,0,0
2026-08-21,2330,2353,2300,2325,198200,462375100,0,0
2026-08-24,2375,2375,2281,2293,239800,552839400,0,0
2026-08-25,2300,2366,2300,2355,231100,539876100,0,0
2026-08-26,2370,2449,2368,2431,193300,468703500,0,0
2026-08-27,2471,2499,2450,2487,254600,630566500,0,0
2026-08-28,2486,2600,2466,2566,435400,1114989300,0,0
2026-08-31,2547,2598,2523,2598,657900,1694897300,0,0
2026-09-01,2571,2572,2513,2538,395600,1002896900,0,0
