Date,Open,High,Low,Close,Volume,TradingValue,UpLimit,UnderLimit
2016-02-05,512,525,501,509,960000,,,
2016-02-08,501,526,501,522,600000,,,
2016-02-09,493,499,448,450,1800000,,,
2016-02-10,450,450,403,409,2075000,,,
2016-02-12,401,404,382,385,2575000,,,
2016-02-15,427,427,402,417,1340000,,,
2016-02-16,414,420,406,408,1845000,,,
2016-02-17,405,416,399,405,1735000,,,
2016-02-18,411,414,400,402,1985000,,,
2016-02-19,401,404,392,395,1695000,,,
2016-02-22,393,402,389,392,775000,,,
2016-02-23,395,402,390,390,935000,,,
2016-02-24,390,411,390,400,2025000,,,
2016-02-25,402,419,402,407,1540000,,,
2016-02-26,410,420,402,405,990000,,,
2016-02-29,407,419,400,400,1580000,,,
2016-03-01,401,409,401,405,585000,,,
2016-03-02,417,421,413,419,785000,,,
2016-03-03,414,437,414,432,920000,,,
2016-03-04,430,435,422,435,1515000,,,
2016-03-07,431,441,430,432,830000,,,
2016-03-08,427,434,417,418,1090000,,,
2016-03-09,412,413,404,406,690000,,,
2016-03-10,410,417,409,412,730000,,,
2016-03-11,405,425,405,420,1320000,,,
2016-03-14,430,443,430,440,835000,,,
2016-03-15,442,449,434,446,1095000,,,
2016-03-16,440,443,434,436,800000,,,
2016-03-17,436,449,434,438,795000,,,
2016-03-18,438,444,429,440,1000000,,,
2016-03-22,439,448,439,447,920000,,,
2016-03-23,450,453,442,445,470000,,,
2016-03-24,445,446,427,428,930000,,,
2016-03-25,424,425,412,421,1120000,,,
2016-03-28,418,428,418,428,785000,,,
2016-03-29,427,431,421,428,465000,,,
2016-03-30,426,426,408,410,1080000,,,
2016-03-31,411,428,411,413,850000,,,
2016-04-01,418,418,397,398,1270000,,,
2016-04-04,399,408,395,404,785000,,,
2016-04-05,397,401,385,387,700000,,,
2016-04-06,386,393,385,386,665000,,,
2016-04-07,386,391,381,385,390000,,,
2016-04-08,377,390,368,382,1200000,,,
2016-04-11,378,378,370,374,300000,,,
2016-04-12,376,393,374,389,945000,,,
2016-04-13,397,404,393,401,670000,,,
2016-04-14,410,418,406,418,755000,,,
2016-04-15,410,417,405,413,520000,,,
2016-04-18,405,408,398,402,465000,,,
2016-04-19,415,424,412,423,670000,,,
2016-04-20,428,430,419,421,1030000,,,
2016-04-21,428,430,422,427,990000,,,
2016-04-22,426,438,419,434,1750000,,,
2016-04-25,436,449,427,448,960000,,,
2016-04-26,443,443,427,437,535000,,,
2016-04-27,435,444,432,436,565000,,,
2016-04-28,440,451,408,409,1125000,,,
2016-05-02,393,400,385,392,1295000,,,
2016-05-06,400,400,388,395,695000,,,
2016-05-09,395,398,391,393,615000,,,
2016-05-10,394,408,391,406,605000,,,
2016-05-11,410,411,404,406,350000,,,
2016-05-12,400,405,395,400,520000,,,
2016-05-13,397,399,386,386,680000,,,
2016-05-16,386,391,373,374,900000,,,
2016-05-17,378,382,375,379,555000,,,
2016-05-18,381,389,380,385,860000,,,
2016-05-19,392,393,386,387,685000,,,
2016-05-20,387,391,385,389,560000,,,
2016-05-23,389,389,380,387,375000,,,
2016-05-24,387,389,380,381,460000,,,
2016-05-25,388,388,381,382,400000,,,
2016-05-26,385,387,375,376,760000,,,
2016-05-27,377,383,377,380,400000,,,
2016-05-30,386,387,380,384,290000,,,
2016-05-31,383,397,383,396,995000,,,
2016-06-01,398,411,396,404,745000,,,
2016-06-02,403,403,384,386,755000,,,
2016-06-03,381,391,381,384,430000,,,
2016-06-06,378,380,372,380,695000,,,
2016-06-07,384,385,381,383,365000,,,
2016-06-08,381,385,379,385,345000,,,
2016-06-09,384,384,378,380,265000,,,
2016-06-10,379,379,368,371,1445000,,,
2016-06-13,366,366,356,356,620000,,,
2016-06-14,360,360,343,346,895000,,,
2016-06-15,347,354,345,351,625000,,,
2016-06-16,354,354,340,341,695000,,,
2016-06-17,349,353,345,353,1315000,,,
2016-06-20,352,366,352,364,530000,,,
2016-06-21,364,372,364,370,880000,,,
2016-06-22,370,371,363,370,855000,,,
2016-06-23,370,382,368,382,510000,,,
2016-06-24,382,385,346,347,1015000,,,
2016-06-27,351,358,346,354,700000,,,
2016-06-28,347,361,342,351,985000,,,
2016-06-29,358,368,353,363,745000,,,
2016-06-30,371,371,357,359,925000,,,
2016-07-01,362,370,362,370,830000,,,
2016-07-04,374,374,361,363,610000,,,
2016-07-05,360,363,356,362,490000,,,
2016-07-06,358,363,350,355,680000,,,
2016-07-07,353,360,351,353,535000,,,
2016-07-08,355,356,348,348,715000,,,
2016-07-11,355,385,355,380,970000,,,
2016-07-12,388,407,388,391,1200000,,,
2016-07-13,399,406,392,392,1175000,,,
2016-07-14,397,405,394,399,1000000,,,
2016-07-15,405,410,402,409,1000000,,,
2016-07-19,411,415,402,406,700000,,,
2016-07-20,408,410,398,410,650000,,,
2016-07-21,410,418,398,403,505000,,,
2016-07-22,402,407,387,397,580000,,,
2016-07-25,397,404,397,400,600000,,,
2016-07-26,404,406,396,402,570000,,,
2016-07-27,407,410,401,409,670000,,,
2016-07-28,404,406,398,400,320000,,,
2016-07-29,402,433,394,430,1340000,,,
2016-08-01,426,444,411,442,1500000,,,
2016-08-02,439,439,426,429,1020000,,,
2016-08-03,421,423,400,401,630000,,,
2016-08-04,398,421,392,416,905000,,,
2016-08-05,420,425,415,421,665000,,,
2016-08-08,428,440,425,440,620000,,,
2016-08-09,440,443,436,441,315000,,,
2016-08-10,441,441,432,438,450000,,,
2016-08-12,443,445,425,434,870000,,,
2016-08-15,438,450,434,436,570000,,,
2016-08-16,433,436,416,417,640000,,,
2016-08-17,413,424,413,424,610000,,,
2016-08-18,416,435,414,423,645000,,,
2016-08-19,422,429,417,421,455000,,,
2016-08-22,425,427,420,426,330000,,,
2016-08-23,425,426,410,411,400000,,,
2016-08-24,411,415,407,408,435000,,,
2016-08-25,407,413,405,407,255000,,,
2016-08-26,403,413,403,410,485000,,,
2016-08-29,417,428,417,424,420000,,,
2016-08-30,419,427,419,425,175000,,,
2016-08-31,429,438,428,434,425000,,,
2016-09-01,440,455,440,455,935000,,,
2016-09-02,455,461,447,452,635000,,,
2016-09-05,453,458,448,448,300000,,,
2016-09-06,447,455,447,451,500000,,,
2016-09-07,446,452,439,450,510000,,,
2016-09-08,455,457,445,453,455000,,,
2016-09-09,455,455,444,446,725000,,,
2016-09-12,438,446,430,431,590000,,,
2016-09-13,431,432,419,421,455000,,,
2016-09-14,415,421,408,415,690000,,,
2016-09-15,411,411,396,398,875000,,,
2016-09-16,404,430,403,428,1140000,,,
2016-09-20,428,434,414,420,1570000,,,
2016-09-21,427,462,406,462,1835000,,,
2016-09-23,459,460,447,460,1325000,,,
2016-09-26,460,461,441,441,785000,,,
2016-09-27,437,457,423,457,1480000,,,
2016-09-28,453,456,441,451,735000,,,
2016-09-29,456,462,448,460,730000,,,
2016-09-30,452,452,434,434,855000,,,
2016-10-03,441,447,434,442,440000,,,
2016-10-04,443,461,442,459,1055000,,,
2016-10-05,459,473,456,467,900000,,,
2016-10-06,467,485,467,480,1375000,,,
2016-10-07,477,481,473,479,425000,,,
2016-10-11,480,489,480,486,385000,,,
2016-10-12,480,481,472,474,695000,,,
2016-10-13,479,486,469,480,810000,,,
2016-10-14,480,490,479,488,615000,,,
2016-10-17,490,497,487,489,780000,,,
2016-10-18,488,496,484,492,655000,,,
2016-10-19,493,497,490,494,845000,,,
2016-10-20,495,502,489,502,1025000,,,
2016-10-21,500,511,496,503,1715000,,,
2016-10-24,505,505,495,503,845000,,,
2016-10-25,502,510,500,502,1155000,,,
2016-10-26,506,506,491,498,1065000,,,
2016-10-27,498,501,489,498,1310000,,,
2016-10-28,511,523,509,521,2610000,,,
2016-10-31,523,523,510,514,780000,,,
2016-11-01,514,514,505,512,780000,,,
2016-11-02,501,503,493,497,900000,,,
2016-11-04,489,496,480,491,990000,,,
2016-11-07,495,497,489,494,1000000,,,
2016-11-08,497,503,492,495,785000,,,
2016-11-09,497,498,455,459,1765000,,,
2016-11-10,488,502,485,499,1310000,,,
2016-11-11,504,516,489,493,1830000,,,
2016-11-14,506,512,498,509,1085000,,,
2016-11-15,506,517,493,498,1560000,,,
2016-11-16,506,516,502,515,1295000,,,
2016-11-17,510,517,502,515,980000,,,
2016-11-18,520,520,510,513,1090000,,,
2016-11-21,519,520,515,520,895000,,,
2016-11-22,518,519,511,513,875000,,,
2016-11-24,517,517,508,514,1130000,,,
2016-11-25,509,515,509,514,1310000,,,
2016-11-28,510,517,508,516,745000,,,
2016-11-29,514,519,512,519,1020000,,,
2016-11-30,518,519,506,506,1300000,,,
2016-12-01,514,517,508,511,1160000,,,
2016-12-02,512,524,509,518,1535000,,,
2016-12-05,518,518,508,513,725000,,,
2016-12-06,517,522,516,518,2130000,,,
2016-12-07,524,536,524,534,1950000,,,
2016-12-08,536,544,531,542,1495000,,,
2016-12-09,546,556,546,556,1830000,,,
2016-12-12,557,562,542,553,1135000,,,
2016-12-13,553,569,550,565,2335000,,,
2016-12-14,565,580,561,573,2700000,,,
2016-12-15,574,589,573,583,1665000,,,
2016-12-16,591,597,586,589,2390000,,,
2016-12-19,586,588,581,582,1030000,,,
2016-12-20,583,584,578,579,1010000,,,
2016-12-21,579,588,576,581,1305000,,,
2016-12-22,580,582,560,579,2700000,,,
2016-12-26,579,579,569,570,765000,,,
2016-12-27,570,573,565,566,900000,,,
2016-12-28,566,569,561,566,605000,,,
2016-12-29,557,563,555,558,1220000,,,
2016-12-30,557,560,550,557,840000,,,
2017-01-04,566,579,566,577,1405000,,,
2017-01-05,575,575,559,561,1455000,,,
2017-01-06,560,563,553,561,905000,,,
2017-01-10,559,562,549,555,1140000,,,
2017-01-11,555,558,551,554,965000,,,
2017-01-12,553,553,542,544,775000,,,
2017-01-13,544,556,544,554,885000,,,
2017-01-16,547,552,544,546,445000,,,
2017-01-17,548,548,534,535,855000,,,
2017-01-18,527,534,524,532,645000,,,
2017-01-19,539,550,538,548,915000,,,
2017-01-20,546,552,542,549,1050000,,,
2017-01-23,539,541,532,532,495000,,,
2017-01-24,532,532,524,531,900000,,,
2017-01-25,541,542,533,533,370000,,,
2017-01-26,541,549,540,547,730000,,,
2017-01-27,553,556,549,549,590000,,,
2017-01-30,546,550,538,545,345000,,,
2017-01-31,535,538,530,532,550000,,,
2017-02-01,529,542,523,539,700000,,,
2017-02-02,539,540,522,523,1130000,,,
2017-02-03,520,552,520,546,1765000,,,
2017-02-06,546,552,536,536,840000,,,
2017-02-07,535,539,531,532,620000,,,
2017-02-08,532,532,522,529,635000,,,
2017-02-09,528,528,523,525,700000,,,
2017-02-10,534,550,534,548,1000000,,,
2017-02-13,558,558,548,550,845000,,,
2017-02-14,555,558,547,548,795000,,,
2017-02-15,556,561,553,556,900000,,,
2017-02-16,551,563,551,554,1905000,,,
2017-02-17,551,555,551,554,1625000,,,
2017-02-20,554,557,548,557,575000,,,
2017-02-21,557,557,552,556,705000,,,
2017-02-22,557,559,552,555,1235000,,,
2017-02-23,555,555,545,550,760000,,,
2017-02-24,550,552,543,546,545000,,,
2017-02-27,537,541,525,527,880000,,,
2017-02-28,530,543,530,532,950000,,,
2017-03-01,533,538,531,536,730000,,,
2017-03-02,545,545,534,537,880000,,,
2017-03-03,533,536,530,533,570000,,,
2017-03-06,533,544,532,541,1015000,,,
2017-03-07,537,539,534,536,680000,,,
2017-03-08,533,537,528,531,810000,,,
2017-03-09,530,538,527,538,820000,,,
2017-03-10,544,548,537,547,1845000,,,
2017-03-13,543,544,539,539,770000,,,
2017-03-14,538,539,529,531,815000,,,
2017-03-15,524,529,522,525,785000,,,
2017-03-16,523,527,518,525,1550000,,,
2017-03-17,525,529,522,529,1025000,,,
2017-03-21,526,531,524,529,1220000,,,
2017-03-22,517,517,512,513,1540000,,,
2017-03-23,512,513,506,508,1610000,,,
2017-03-24,508,525,508,519,1845000,,,
2017-03-27,509,513,504,513,1125000,,,
2017-03-28,517,523,517,523,1295000,,,
2017-03-29,522,522,513,516,1245000,,,
2017-03-30,515,517,512,513,760000,,,
2017-03-31,520,522,498,498,1230000,,,
2017-04-03,498,499,492,494,1400000,,,
2017-04-04,490,491,482,485,1270000,,,
2017-04-05,483,487,476,480,1545000,,,
2017-04-06,477,479,471,473,910000,,,
2017-04-07,473,483,473,475,1060000,,,
2017-04-10,480,485,477,481,790000,,,
2017-04-11,475,481,473,480,610000,,,
2017-04-12,473,478,472,477,1015000,,,
2017-04-13,469,475,469,473,540000,,,
2017-04-14,465,474,465,471,695000,,,
2017-04-17,465,473,464,473,720000,,,
2017-04-18,481,485,475,476,905000,,,
2017-04-19,470,479,465,474,975000,,,
2017-04-20,476,484,474,480,1395000,,,
2017-04-21,486,491,478,481,1355000,,,
2017-04-24,489,495,487,492,900000,,,
2017-04-25,498,502,495,500,1265000,,,
2017-04-26,505,505,499,501,1095000,,,
2017-04-27,503,505,497,504,930000,,,
2017-04-28,504,504,491,492,640000,,,
2017-05-01,496,498,489,496,730000,,,
2017-05-02,496,506,496,502,1075000,,,
2017-05-08,507,519,506,517,1395000,,,
2017-05-09,517,518,508,508,935000,,,
2017-05-10,505,506,500,501,1470000,,,
2017-05-11,502,512,498,509,1365000,,,
2017-05-12,503,507,501,506,550000,,,
2017-05-15,495,496,466,470,1800000,,,
2017-05-16,475,483,471,483,1080000,,,
2017-05-17,478,478,472,474,1290000,,,
2017-05-18,466,468,460,460,1565000,,,
2017-05-19,458,465,451,461,1580000,,,
2017-05-22,465,467,458,462,1290000,,,
2017-05-23,462,463,454,459,1215000,,,
2017-05-24,462,467,455,462,1170000,,,
2017-05-25,462,465,459,462,1690000,,,
2017-05-26,458,461,453,453,715000,,,
2017-05-29,455,461,454,457,985000,,,
2017-05-30,455,456,449,450,1130000,,,
2017-05-31,448,452,441,443,1365000,,,
2017-06-01,445,453,445,452,1135000,,,
2017-06-02,453,466,451,462,1795000,,,
2017-06-05,456,459,452,455,1135000,,,
2017-06-06,455,461,451,451,1410000,,,
2017-06-07,451,453,448,452,1165000,,,
2017-06-08,450,457,450,453,1405000,,,
2017-06-09,454,462,450,461,2690000,,,
2017-06-12,463,469,456,456,945000,,,
2017-06-13,454,459,454,456,360000,,,
2017-06-14,460,461,455,455,885000,,,
2017-06-15,455,456,448,448,855000,,,
2017-06-16,453,455,448,448,1295000,,,
2017-06-19,448,459,448,457,945000,,,
2017-06-20,460,475,460,471,1715000,,,
2017-06-21,470,470,462,463,1505000,,,
2017-06-22,463,466,460,463,1190000,,,
2017-06-23,463,464,457,458,1135000,,,
2017-06-26,458,461,455,458,745000,,,
2017-06-27,458,464,458,463,765000,,,
2017-06-28,462,474,462,472,990000,,,
2017-06-29,480,486,476,479,1375000,,,
2017-06-30,478,479,474,474,765000,,,
2017-07-03,474,477,469,477,865000,,,
2017-07-04,480,482,473,473,575000,,,
2017-07-05,469,473,467,471,1100000,,,
2017-07-06,471,471,465,468,650000,,,
2017-07-07,464,468,459,459,645000,,,
2017-07-10,464,466,460,461,750000,,,
2017-07-11,460,467,460,465,445000,,,
2017-07-12,460,464,457,457,645000,,,
2017-07-13,457,462,452,452,935000,,,
2017-07-14,452,458,452,458,455000,,,
2017-07-18,452,454,446,453,1075000,,,
2017-07-19,450,452,448,450,660000,,,
2017-07-20,450,454,450,453,400000,,,
2017-07-21,449,451,445,450,675000,,,
2017-07-24,450,453,445,453,1215000,,,
2017-07-25,453,456,450,453,585000,,,
2017-07-26,452,455,449,452,505000,,,
2017-07-27,452,455,448,453,755000,,,
2017-07-28,452,457,450,456,885000,,,
2017-07-31,455,456,449,451,595000,,,
2017-08-01,454,461,453,461,720000,,,
2017-08-02,464,464,457,460,520000,,,
2017-08-03,456,457,452,457,465000,,,
2017-08-04,455,461,454,459,530000,,,
2017-08-07,463,463,455,456,730000,,,
2017-08-08,459,462,457,462,415000,,,
2017-08-09,455,455,444,447,1005000,,,
2017-08-10,447,447,441,446,875000,,,
2017-08-14,440,443,433,436,750000,,,
2017-08-15,444,447,432,432,1345000,,,
2017-08-16,433,440,433,436,635000,,,
2017-08-17,435,436,432,434,775000,,,
2017-08-18,428,428,423,427,1145000,,,
2017-08-21,426,429,420,423,675000,,,
2017-08-22,423,426,418,419,805000,,,
2017-08-23,423,424,418,420,585000,,,
2017-08-24,420,424,420,421,525000,,,
2017-08-25,421,425,421,424,310000,,,
2017-08-28,422,424,418,422,555000,,,
2017-08-29,418,421,413,421,470000,,,
2017-08-30,421,426,421,423,520000,,,
2017-08-31,427,435,426,431,830000,,,
2017-09-01,436,443,432,441,1260000,,,
2017-09-04,437,438,420,421,975000,,,
2017-09-05,421,422,413,414,660000,,,
2017-09-06,410,411,406,408,515000,,,
2017-09-07,408,419,408,418,595000,,,
2017-09-08,421,422,412,413,1840000,,,
2017-09-11,421,423,413,416,640000,,,
2017-09-12,424,424,417,420,540000,,,
2017-09-13,424,433,421,432,745000,,,
2017-09-14,432,446,431,439,895000,,,
2017-09-15,434,448,434,448,1605000,,,
2017-09-19,450,460,448,459,1740000,,,
2017-09-20,455,455,443,444,1735000,,,
2017-09-21,450,455,448,449,2185000,,,
2017-09-22,451,459,450,458,1095000,,,
2017-09-25,458,462,454,460,945000,,,
2017-09-26,456,468,456,468,1050000,,,
2017-09-27,465,465,459,462,470000,,,
2017-09-28,465,476,461,476,1485000,,,
2017-09-29,472,473,469,473,640000,,,
2017-10-02,475,475,466,471,775000,,,
2017-10-03,471,473,467,472,970000,,,
2017-10-04,473,473,468,472,755000,,,
2017-10-05,468,471,466,469,685000,,,
2017-10-06,472,476,471,475,1015000,,,
2017-10-10,476,480,473,479,835000,,,
2017-10-11,482,482,475,479,770000,,,
2017-10-12,480,480,473,474,565000,,,
2017-10-13,472,475,468,473,680000,,,
2017-10-16,474,489,474,488,1825000,,,
2017-10-17,490,490,481,484,1145000,,,
2017-10-18,481,483,468,473,1050000,,,
2017-10-19,477,480,469,472,790000,,,
2017-10-20,472,472,466,466,775000,,,
2017-10-23,469,472,465,471,905000,,,
2017-10-24,471,483,471,483,1110000,,,
2017-10-25,482,492,482,485,1105000,,,
2017-10-26,484,485,482,482,370000,,,
2017-10-27,488,510,487,502,1925000,,,
2017-10-30,502,505,492,505,2090000,,,
2017-10-31,505,505,499,503,650000,,,
2017-11-01,506,508,499,502,1010000,,,
2017-11-02,498,504,494,503,765000,,,
2017-11-06,505,505,482,483,1225000,,,
2017-11-07,482,493,482,491,815000,,,
2017-11-08,487,488,481,488,1125000,,,
2017-11-09,488,497,486,492,1220000,,,
2017-11-10,484,494,483,492,885000,,,
2017-11-13,489,493,486,492,615000,,,
2017-11-14,488,489,484,484,435000,,,
2017-11-15,480,480,466,470,1575000,,,
2017-11-16,466,474,466,468,1170000,,,
2017-11-17,475,475,466,467,1185000,,,
2017-11-20,462,470,458,459,1445000,,,
2017-11-21,458,460,454,455,2465000,,,
2017-11-22,457,469,455,464,3015000,,,
2017-11-24,462,466,454,464,955000,,,
2017-11-27,465,474,465,473,1230000,,,
2017-11-28,468,472,467,468,630000,,,
2017-11-29,468,479,468,477,975000,,,
2017-11-30,480,486,478,478,1910000,,,
2017-12-01,483,483,476,476,840000,,,
2017-12-04,479,482,476,477,605000,,,
2017-12-05,474,487,473,487,635000,,,
2017-12-06,487,487,471,471,955000,,,
2017-12-07,470,474,462,463,780000,,,
2017-12-08,455,474,455,474,2195000,,,
2017-12-11,475,484,475,483,800000,,,
2017-12-12,484,493,484,492,1155000,,,
2017-12-13,495,507,492,505,2460000,,,
2017-12-14,501,501,482,484,1550000,,,
2017-12-15,485,489,478,489,1770000,,,
2017-12-18,494,504,492,501,1485000,,,
2017-12-19,504,507,495,502,1800000,,,
2017-12-20,504,511,502,505,1550000,,,
2017-12-21,505,506,495,497,1075000,,,
2017-12-22,499,501,490,495,1310000,,,
2017-12-25,495,496,482,484,890000,,,
2017-12-26,484,488,483,484,365000,,,
2017-12-27,484,491,484,486,790000,,,
2017-12-28,484,487,482,484,295000,,,
2017-12-29,485,497,485,492,745000,,,
2018-01-04,499,513,498,511,1475000,,,
2018-01-05,515,517,509,517,955000,,,
2018-01-09,518,518,505,511,875000,,,
2018-01-10,511,525,510,518,1110000,,,
2018-01-11,518,521,508,520,1125000,,,
2018-01-12,518,522,508,512,1200000,,,
2018-01-15,514,520,508,510,925000,,,
2018-01-16,510,510,498,500,770000,,,
2018-01-17,494,494,485,487,1330000,,,
2018-01-18,491,491,472,473,2040000,,,
2018-01-19,473,480,471,473,710000,,,
2018-01-22,475,475,465,468,965000,,,
2018-01-23,473,479,471,479,735000,,,
2018-01-24,477,481,475,480,780000,,,
2018-01-25,475,475,470,471,1025000,,,
2018-01-26,474,476,469,469,1020000,,,
2018-01-29,469,474,466,468,740000,,,
2018-01-30,468,469,461,462,875000,,,
2018-01-31,465,474,461,462,1565000,,,
2018-02-01,469,494,466,486,2040000,,,
2018-02-02,484,489,480,485,920000,,,
2018-02-05,478,485,470,472,1140000,,,
2018-02-06,462,462,436,448,2215000,,,
2018-02-07,456,473,446,446,1690000,,,
2018-02-08,446,451,440,446,1520000,,,
2018-02-09,434,436,429,432,2075000,,,
2018-02-13,435,441,419,420,1820000,,,
2018-02-14,423,426,418,421,1260000,,,
2018-02-15,423,432,423,424,685000,,,
2018-02-16,430,437,428,431,765000,,,
2018-02-19,438,453,437,442,1990000,,,
2018-02-20,442,442,432,438,960000,,,
2018-02-21,435,440,433,434,875000,,,
2018-02-22,436,440,434,436,660000,,,
2018-02-23,437,446,436,443,460000,,,
2018-02-26,447,452,445,446,845000,,,
2018-02-27,452,455,441,448,1035000,,,
2018-02-28,444,449,437,438,1000000,,,
2018-03-01,438,442,428,431,2450000,,,
2018-03-02,426,433,426,431,1450000,,,
2018-03-05,426,429,420,427,1050000,,,
2018-03-06,433,440,433,434,585000,,,
2018-03-07,430,437,427,428,620000,,,
2018-03-08,436,446,434,437,1300000,,,
2018-03-09,444,444,429,429,1290000,,,
2018-03-12,433,438,431,436,735000,,,
2018-03-13,434,445,432,444,655000,,,
2018-03-14,439,449,439,444,820000,,,
2018-03-15,445,445,434,437,520000,,,
2018-03-16,438,438,420,422,1865000,,,
2018-03-19,420,428,420,427,985000,,,
2018-03-20,425,435,425,432,710000,,,
2018-03-22,433,434,427,434,545000,,,
2018-03-23,425,431,410,414,2070000,,,
2018-03-26,414,420,412,420,1055000,,,
2018-03-27,423,436,423,436,1350000,,,
2018-03-28,430,435,425,435,705000,,,
2018-03-29,438,441,431,437,740000,,,
2018-03-30,443,443,434,438,635000,,,
2018-04-02,438,439,434,435,375000,,,
2018-04-03,430,435,427,432,630000,,,
2018-04-04,430,443,428,441,810000,,,
2018-04-05,442,456,439,450,840000,,,
2018-04-06,447,452,446,449,445000,,,
2018-04-09,449,453,449,452,400000,,,
2018-04-10,450,458,448,455,540000,,,
2018-04-11,458,460,450,455,465000,,,
2018-04-12,455,461,455,459,365000,,,
2018-04-13,459,470,459,466,730000,,,
2018-04-16,470,476,469,474,655000,,,
2018-04-17,474,474,461,461,695000,,,
2018-04-18,466,466,457,461,720000,,,
2018-04-19,462,466,457,457,740000,,,
2018-04-20,457,460,449,452,1415000,,,
2018-04-23,455,464,455,455,510000,,,
2018-04-24,458,468,457,466,710000,,,
2018-04-25,461,467,461,464,610000,,,
2018-04-26,468,487,468,474,1965000,,,
2018-04-27,476,485,469,484,1690000,,,
2018-05-01,478,478,464,466,795000,,,
2018-05-02,469,472,466,469,600000,,,
2018-05-07,466,468,462,468,370000,,,
2018-05-08,471,486,469,485,1220000,,,
2018-05-09,484,487,477,487,900000,,,
2018-05-10,487,489,483,486,560000,,,
2018-05-11,481,492,481,492,755000,,,
2018-05-14,489,489,465,473,1475000,,,
2018-05-15,475,483,473,482,605000,,,
2018-05-16,477,486,472,484,1100000,,,
2018-05-17,488,488,480,485,290000,,,
2018-05-18,489,489,473,475,800000,,,
2018-05-21,471,471,461,463,890000,,,
2018-05-22,461,466,458,462,430000,,,
2018-05-23,458,462,455,461,515000,,,
2018-05-24,461,461,452,456,585000,,,
2018-05-25,456,456,447,451,420000,,,
2018-05-28,451,466,448,463,765000,,,
2018-05-29,464,464,451,457,430000,,,
2018-05-30,446,452,446,449,585000,,,
2018-05-31,450,453,437,444,845000,,,
2018-06-01,446,460,444,454,820000,,,
2018-06-04,462,478,456,478,1350000,,,
2018-06-05,473,473,459,463,555000,,,
2018-06-06,463,465,457,462,545000,,,
2018-06-07,465,471,465,468,540000,,,
2018-06-08,460,473,460,473,1420000,,,
2018-06-11,469,470,461,463,635000,,,
2018-06-12,466,466,457,462,370000,,,
2018-06-13,459,465,459,463,325000,,,
2018-06-14,463,467,456,465,790000,,,
2018-06-15,465,476,462,475,1620000,,,
2018-06-18,474,474,462,463,320000,,,
2018-06-19,462,462,450,451,450000,,,
2018-06-20,452,452,441,448,1130000,,,
2018-06-21,448,448,423,428,1820000,,,
2018-06-22,422,428,420,423,1870000,,,
2018-06-25,424,428,418,418,825000,,,
2018-06-26,412,422,412,417,420000,,,
2018-06-27,417,422,417,422,670000,,,
2018-06-28,422,424,418,423,910000,,,
2018-06-29,424,426,420,421,715000,,,
2018-07-02,421,421,403,405,990000,,,
2018-07-03,405,406,400,404,1395000,,,
2018-07-04,399,401,396,396,1265000,,,
2018-07-05,390,390,383,384,985000,,,
2018-07-06,390,391,386,391,670000,,,
2018-07-09,391,404,391,400,1160000,,,
2018-07-10,403,411,403,405,790000,,,
2018-07-11,398,404,394,395,805000,,,
2018-07-12,398,404,397,399,550000,,,
2018-07-13,398,399,387,389,1420000,,,
2018-07-17,385,397,385,391,1070000,,,
2018-07-18,391,395,388,392,580000,,,
2018-07-19,397,404,395,402,805000,,,
2018-07-20,400,413,399,405,1460000,,,
2018-07-23,407,422,407,417,1605000,,,
2018-07-24,423,433,419,425,1920000,,,
2018-07-25,424,427,417,421,845000,,,
2018-07-26,425,430,421,429,810000,,,
2018-07-27,427,431,423,427,1340000,,,
2018-07-30,428,444,428,438,2560000,,,
2018-07-31,442,443,420,423,2170000,,,
2018-08-01,427,443,426,441,1850000,,,
2018-08-02,441,447,435,441,1740000,,,
2018-08-03,437,437,427,430,1280000,,,
2018-08-06,414,425,412,419,1065000,,,
2018-08-07,415,420,407,417,1020000,,,
2018-08-08,415,417,397,399,1720000,,,
2018-08-09,399,413,394,410,1330000,,,
2018-08-10,408,412,398,401,1055000,,,
2018-08-13,398,398,386,391,1725000,,,
2018-08-14,391,400,389,400,750000,,,
2018-08-15,399,399,391,396,850000,,,
2018-08-16,389,393,385,389,1115000,,,
2018-08-17,392,396,390,394,725000,,,
2018-08-20,392,395,388,391,590000,,,
2018-08-21,390,391,386,390,585000,,,
2018-08-22,390,392,386,390,795000,,,
2018-08-23,390,392,388,390,350000,,,
2018-08-24,391,396,391,395,630000,,,
2018-08-27,395,404,394,401,610000,,,
2018-08-28,404,406,398,399,430000,,,
2018-08-29,402,408,398,403,735000,,,
2018-08-30,404,407,402,407,465000,,,
2018-08-31,402,407,399,399,835000,,,
2018-09-03,396,397,390,390,665000,,,
2018-09-04,391,391,386,387,1345000,,,
2018-09-05,385,393,384,389,1275000,,,
2018-09-06,386,390,385,386,1160000,,,
2018-09-07,385,388,382,387,1675000,,,
2018-09-10,384,396,384,393,755000,,,
2018-09-11,394,395,389,394,845000,,,
2018-09-12,392,392,385,389,770000,,,
2018-09-13,387,395,387,392,860000,,,
2018-09-14,394,396,385,387,1880000,,,
2018-09-18,389,394,389,394,950000,,,
2018-09-19,398,406,396,403,1345000,,,
2018-09-20,408,411,399,409,1285000,,,
2018-09-21,411,421,411,413,1795000,,,
2018-09-25,415,431,415,430,1560000,,,
2018-09-26,422.6,424,407.4,419.2,251000,,,
2018-09-27,420.4,420.4,410,412.8,191500,,,
2018-09-28,413,419.4,406.6,408.4,217500,,,
2018-10-01,403.2,404.8,393.4,397.2,234000,,,
2018-10-02,398.2,407.4,397.6,398,175500,,,
2018-10-03,396,399.8,392.4,393,170500,,,
2018-10-04,394.8,401.6,392,394.2,162000,,,
2018-10-05,393,395.4,391,394.8,130000,,,
2018-10-09,393.6,395.2,380.4,382.8,211500,,,
2018-10-10,387,393.2,382.6,385.8,247000,,,
2018-10-11,380,380,365,368.6,324000,,,
2018-10-12,366.6,369.8,361.6,362.2,277000,,,
2018-10-15,361.8,361.8,349.2,350,268000,,,
2018-10-16,350,354.4,349.2,352.6,147000,,,
2018-10-17,356,363.4,354.6,358.6,157500,,,
2018-10-18,360.8,365.8,358.8,360,211000,,,
2018-10-19,355.4,357.8,353,355,97000,,,
2018-10-22,353,353,345.4,348.2,144000,,,
2018-10-23,346,346,337,339.4,231500,,,
2018-10-24,339.4,339.4,332.6,336.4,257000,,,
2018-10-25,328.8,328.8,318,321.6,311500,,,
2018-10-26,323.8,323.8,311.6,315,381000,,,
2018-10-29,315.4,317.8,304,308.8,294000,,,
2018-10-30,304,317.8,304,317.2,288000,,,
2018-10-31,320.2,323.4,318.6,323.2,323000,,,
2018-11-01,324.4,327,319.2,324.4,394500,,,
2018-11-02,327,333.6,325.8,333.6,349500,,,
2018-11-05,328.6,343.2,328.6,339.8,245000,,,
2018-11-06,343,350,341.6,349,167500,,,
2018-11-07,348.6,360.4,346,348,171000,,,
2018-11-08,353.8,356.8,349.4,351,120500,,,
2018-11-09,351.4,354.4,348.4,349.2,115000,,,
2018-11-12,348,348.8,343.4,347.8,138000,,,
2018-11-13,334.6,341.2,331.4,340.2,211500,,,
2018-11-14,340.2,342,326.6,327.4,274500,,,
2018-11-15,324.2,325.8,320.2,325.6,127000,,,
2018-11-16,325.6,330.2,322,324,176500,,,
2018-11-19,323,323,310.8,315.2,186000,,,
2018-11-20,314.8,319.8,312,318,122000,,,
2018-11-21,312.2,316,306.6,315.2,171000,,,
2018-11-22,315.2,320.4,311.4,320.2,118500,,,
2018-11-26,319.8,322.2,316,321.4,163500,,,
2018-11-27,324,329.4,322.2,328.6,138000,,,
2018-11-28,331,334,325.4,327.6,224000,,,
2018-11-29,329.8,334.8,329.8,332,162500,,,
2018-11-30,333.6,333.8,326.2,332.6,203500,,,
2018-12-03,332,338.4,331,336.4,153500,,,
2018-12-04,330,332.2,324,324.4,343000,,,
2018-12-05,317,320.2,314.6,317.6,172000,,,
2018-12-06,317.6,318.8,311.4,318.6,231500,,,
2018-12-07,316.4,318.8,307.4,308.8,279000,,,
2018-12-10,306,310.6,303.4,308.6,166500,,,
2018-12-11,306.6,306.6,295.2,298.8,194000,,,
2018-12-12,304,310.4,302.8,304.2,148500,,,
2018-12-13,305.2,307.4,301.2,304.4,377000,,,
2018-12-14,302.4,304,296.4,300.4,336000,,,
2018-12-17,299.2,300.2,293.8,296.6,189500,,,
2018-12-18,294,295.2,281.4,289,371500,,,
2018-12-19,287.4,287.4,281.6,286.6,242500,,,
2018-12-20,284.4,287.4,278.6,280,232500,,,
2018-12-21,278,278.6,270.6,272.4,281500,,,
2018-12-25,269.6,269.6,257.4,261.4,273000,,,
2018-12-26,261.4,270,261.4,265.4,187500,,,
2018-12-27,279.4,288,273.8,285.2,176000,,,
2018-12-28,284.2,287.6,280.8,282,178000,,,
2019-01-04,274.2,282.4,272.6,282,248000,,,
2019-01-07,288,292.8,286,287.4,193000,,,
2019-01-08,287.4,289.6,282.8,287.8,248500,,,
2019-01-09,289.6,290.8,284.2,285.8,119500,,,
2019-01-10,280.8,288.2,279.8,285,135500,,,
2019-01-11,286.6,287,282.2,285.4,107000,,,
2019-01-15,280,285,279.8,283.4,233500,,,
2019-01-16,280,281,272.6,274.6,192500,,,
2019-01-17,275.6,280.4,270.6,274,230000,,,
2019-01-18,273,277,271.2,272.4,223000,,,
2019-01-21,276,276.6,273.2,274.6,182500,,,
2019-01-22,276.8,276.8,268.8,271.8,162500,,,
2019-01-23,266.2,271.4,266.2,268.4,185000,,,
2019-01-24,276.4,298.8,274.8,298.4,829000,,,
2019-01-25,298.4,302.2,292,300,429500,,,
2019-01-28,298.6,302.2,290.6,290.6,249000,,,
2019-01-29,288.2,292,288,289.2,177500,,,
2019-01-30,289.6,292,275.6,276.4,510000,,,
2019-01-31,278,284.8,276.6,277.2,430500,,,
2019-02-01,275,275,268,269.2,406500,,,
2019-02-04,270.6,279,269.6,275.2,294500,,,
2019-02-05,279.2,281,275.2,278,293000,,,
2019-02-06,279.8,282.2,271.8,272.4,248500,,,
2019-02-07,271.4,272.2,265.8,266.4,230000,,,
2019-02-08,264.4,264.4,260,260.8,337500,,,
2019-02-12,260.8,267.8,260.4,267.6,366500,,,
2019-02-13,267.6,275.4,267.6,274.2,337000,,,
2019-02-14,273.2,276.8,272.2,274.8,219500,,,
2019-02-15,272.8,280.2,270,279,217000,,,
2019-02-18,285,291,285,288,244000,,,
2019-02-19,288,288,282.2,285.8,155500,,,
2019-02-20,281.8,288,281.6,284.2,155000,,,
2019-02-21,281.8,284.8,275,281.4,234500,,,
2019-02-22,280.8,282.4,276.4,281,142000,,,
2019-02-25,281.4,287.4,281.4,286.2,191500,,,
2019-02-26,285.4,285.4,279.4,282.6,152500,,,
2019-02-27,284,286,279.2,280,185000,,,
2019-02-28,280,284.4,277.4,282.8,321000,,,
2019-03-01,286.6,292,286.6,290.2,321000,,,
2019-03-04,290.2,295,287.6,290.2,321500,,,
2019-03-05,287,293.4,286,291,190000,,,
2019-03-06,289,291.4,287.6,288.8,203000,,,
2019-03-07,286.8,290.8,285.2,289.6,265000,,,
2019-03-08,289.6,290.6,284.8,288.4,564000,,,
2019-03-11,286.2,287.2,279.2,281.2,195500,,,
2019-03-12,285,289.8,283.2,286.6,257500,,,
2019-03-13,283.6,284.6,273.4,279,233500,,,
2019-03-14,281.4,282.4,275.8,277.4,161500,,,
2019-03-15,277.6,285.6,275.4,280.2,270500,,,
2019-03-18,281.6,285.8,278.2,285.4,241500,,,
2019-03-19,286.2,287,283.4,286.2,170000,,,
2019-03-20,286,290.6,284.2,290,208000,,,
2019-03-22,289.4,290,283,288.8,131500,,,
2019-03-25,287.4,287.4,274.6,276,226500,,,
2019-03-26,277.4,290.4,277.4,290.4,346500,,,
2019-03-27,285.6,286.8,279,286.6,198500,,,
2019-03-28,281.8,281.8,272.4,276,446000,,,
2019-03-29,278.6,278.6,271.2,274.2,204500,,,
2019-04-01,279.6,286.4,279.6,282.6,272000,,,
2019-04-02,286,287.4,281.4,285.6,171000,,,
2019-04-03,283.2,284.4,280.2,283.4,160000,,,
2019-04-04,283.4,285.4,281.4,282.2,117000,,,
2019-04-05,282,284.6,281.2,284.6,111500,,,
2019-04-08,282.4,282.6,278.8,282.2,92000,,,
2019-04-09,281,282.2,276.4,282,141000,,,
2019-04-10,276.8,277.4,274,275.6,110000,,,
2019-04-11,272.6,272.6,267.6,270,154500,,,
2019-04-12,272.6,274.2,267.6,268,105500,,,
2019-04-15,272.8,285.8,272.8,283.6,293000,,,
2019-04-16,281.4,282.2,277,278,95000,,,
2019-04-17,278,279,273.4,276.6,165500,,,
2019-04-18,276.8,276.8,269.4,270,195500,,,
2019-04-19,271,271.2,266.6,267,122000,,,
2019-04-22,268.4,268.4,263,265.8,117500,,,
2019-04-23,265.6,269.6,264.8,266.6,122000,,,
2019-04-24,266.6,266.6,260,260.4,238000,,,
2019-04-25,260.6,266.2,257.8,264.6,221500,,,
2019-04-26,260.6,262,257.8,260.4,143000,,,
2019-05-07,257.6,260.2,256.2,256.8,240000,,,
2019-05-08,255.2,255.2,249.4,252.4,314000,,,
2019-05-09,248.4,249.6,243.2,247.4,317000,,,
2019-05-10,247.2,249.6,245.2,246.6,226500,,,
2019-05-13,243.4,245.4,242,242,165500,,,
2019-05-14,236,242,233.6,242,171500,,,
2019-05-15,242.2,242.2,233,238.8,292500,,,
2019-05-16,238.6,242,235.4,240.2,156500,,,
2019-05-17,242.6,242.8,238.6,242,147500,,,
2019-05-20,242,245,240,241.8,136000,,,
2019-05-21,240.4,244,238.8,243.4,201500,,,
2019-05-22,243.4,247,240.2,246.6,198500,,,
2019-05-23,245.8,246.2,240.6,241.2,114000,,,
2019-05-24,239.4,246.6,236.8,246.2,185500,,,
2019-05-27,247.2,250,245.2,249.6,102500,,,
2019-05-28,247,250.4,246.2,249.6,178000,,,
2019-05-29,243.8,247.2,241,245.6,155000,,,
2019-05-30,242.8,245.4,242.8,245.4,72500,,,
2019-05-31,242.4,243.6,239.6,241.8,124000,,,
2019-06-03,236.6,238.4,235.4,237.8,140000,,,
2019-06-04,238,245.6,237.8,245.4,191500,,,
2019-06-05,248.6,253,248,251.6,175000,,,
2019-06-06,251.4,252.6,247.4,248.2,118500,,,
2019-06-07,250.2,253.4,246.2,252.8,147000,,,
2019-06-10,253.6,257,253.2,256,111000,,,
2019-06-11,255.4,255.4,250.4,252.4,140000,,,
2019-06-12,251,251,246.4,246.8,178000,,,
2019-06-13,244.4,245.2,240.8,243.4,213000,,,
2019-06-14,241.8,244.8,240,244.8,205000,,,
2019-06-17,244,244.4,241.2,241.2,98000,,,
2019-06-18,241.4,241.6,233.6,234.4,197000,,,
2019-06-19,236.4,243.8,236.4,243.4,190000,,,
2019-06-20,244,248.8,243.6,245,351000,,,
2019-06-21,245,245,234.4,234.6,431500,,,
2019-06-24,235.8,238,235.8,236,153500,,,
2019-06-25,235.4,238.6,233.6,234.6,124500,,,
2019-06-26,233.6,235.8,230.6,231.4,187000,,,
2019-06-27,232.4,236.2,232.2,234.8,135500,,,
2019-06-28,234.8,236,231,232,212500,,,
2019-07-01,233.8,239.6,233.6,237.2,481000,,,
2019-07-02,237.2,237.2,232.2,236.6,385500,,,
2019-07-03,236.6,242.8,235.6,242.6,312000,,,
2019-07-04,244.6,247.8,241.4,241.8,232000,,,
2019-07-05,241.8,243.2,239.8,240.4,167000,,,
2019-07-08,240.6,243.4,237.2,238,240000,,,
2019-07-09,239.4,242,233,233.8,233500,,,
2019-07-10,234.4,234.4,231,232,285500,,,
2019-07-11,232,234.8,231,234.8,201000,,,
2019-07-12,234.8,236,232.6,233,148500,,,
2019-07-16,232.6,234,230.6,233.8,161500,,,
2019-07-17,232,234.6,229.8,231.8,150500,,,
2019-07-18,230.2,230.8,227.2,228.2,418000,,,
2019-07-19,228.6,230,225.2,229.2,200000,,,
2019-07-22,229.8,232.6,229,231.2,205000,,,
2019-07-23,232,234.4,230.4,231.4,265000,,,
2019-07-24,232.8,235,232,234.8,282500,,,
2019-07-25,234,235.2,233,234,135500,,,
2019-07-26,232,233.6,228.6,231.8,73500,,,
2019-07-29,231,231.6,228.6,230.8,97500,,,
2019-07-30,232.4,234.2,229.2,231,182000,,,
2019-07-31,229.2,229.6,227,227.6,300000,,,
2019-08-01,225,227.2,224.2,225.2,222500,,,
2019-08-02,222,222,213.4,215.2,390500,,,
2019-08-05,212.4,213.2,202,202.6,273500,,,
2019-08-06,198.6,202.6,195.6,201.8,341500,,,
2019-08-07,201.4,202.4,200,200.8,158000,,,
2019-08-08,200.6,201.6,199.2,199.6,124500,,,
2019-08-09,201.6,203,198,198.8,128500,,,
2019-08-13,195.8,195.8,191.8,193.2,298000,,,
2019-08-14,195.6,196.8,193.4,196.8,213000,,,
2019-08-15,194,194.6,191,194.4,199000,,,
2019-08-16,193.6,195.8,192.2,195.6,113000,,,
2019-08-19,197.4,198.6,196,197.2,141000,,,
2019-08-20,196.4,196.4,193.6,194.8,157000,,,
2019-08-21,191.4,192.4,190.6,191.2,115000,,,
2019-08-22,193,193.2,189.6,191.2,124500,,,
2019-08-23,191.2,193,191.2,192.4,83000,,,
2019-08-26,189.4,189.4,184.8,185.2,281500,,,
2019-08-27,188.2,191.6,188.2,188.2,153500,,,
2019-08-28,188.2,189.4,186,188,150500,,,
2019-08-29,188.8,189.2,185.2,186.8,247000,,,
2019-08-30,188,188.2,186.8,187.6,477000,,,
2019-09-02,187,187.6,185,185,212500,,,
2019-09-03,184.6,185.6,183.2,183.4,248500,,,
2019-09-04,183.4,184.2,182.2,182.2,251000,,,
2019-09-05,183.6,188.2,183.2,186.2,332000,,,
2019-09-06,188,191.8,187.8,190.2,269500,,,
2019-09-09,191.4,196.8,190.2,196.4,240500,,,
2019-09-10,198,204.8,197.6,203.8,327000,,,
2019-09-11,207.6,213.4,205.8,212.8,403000,,,
2019-09-12,215.2,215.8,209,213.6,330000,,,
2019-09-13,216,216,209.8,214,391500,,,
2019-09-17,211.6,217.2,210,216.2,299000,,,
2019-09-18,214.4,215.8,211,212.4,179500,,,
2019-09-19,210.6,218.4,210.6,215.6,292000,,,
2019-09-20,217.8,217.8,213,215.6,265500,,,
2019-09-24,215.6,215.6,211.4,212.4,201500,,,
2019-09-25,210.4,213.2,210.4,211.6,130000,,,
2019-09-26,214.4,217.6,214.2,216.8,367500,,,
2019-09-27,213.2,213.2,206.6,208.4,248500,,,
2019-09-30,205.2,207.4,204.2,205.6,205000,,,
2019-10-01,203.8,212.4,203.8,212.2,324500,,,
2019-10-02,210,215.8,209,214.4,255000,,,
2019-10-03,210,210,204.8,206.8,172000,,,
2019-10-04,204.6,205.4,202.6,204.8,124500,,,
2019-10-07,205.8,205.8,200.8,202,159500,,,
2019-10-08,203.2,206,201.4,205.6,218000,,,
2019-10-09,202.2,204,200.8,204,217000,,,
2019-10-10,203,203,200,201.6,94000,,,
2019-10-11,202.2,205,202.2,204,106000,,,
2019-10-15,208.4,212.8,207.8,209,179500,,,
2019-10-16,213,215.8,212.6,214.4,180500,,,
2019-10-17,214.4,214.4,208.8,210.4,199500,,,
2019-10-18,211.8,215.4,209.8,211.2,143500,,,
2019-10-21,211.8,214,210.6,211.2,131500,,,
2019-10-23,212.4,214.8,209,214.8,203500,,,
2019-10-24,214.8,220.6,214.8,218.6,271000,,,
2019-10-25,218.4,219.8,216.2,218.2,171000,,,
2019-10-28,218,218,211.2,211.2,254000,,,
2019-10-29,214.2,217.6,212.8,215.2,199000,,,
2019-10-30,214.2,216.6,213.2,215.6,295000,,,
2019-10-31,216.8,218.6,212.6,217.4,230500,,,
2019-11-01,215.2,216,213.6,216,134000,,,
2019-11-05,219.2,224,216.2,224,375500,,,
2019-11-06,225.8,227.4,222.8,226.6,257500,,,
2019-11-07,227.8,227.8,225,225.8,166500,,,
2019-11-08,228.6,230,222.2,223,335500,,,
2019-11-11,225,227.2,224,226.4,249500,,,
2019-11-12,225.8,227.4,223.6,227.2,140000,,,
2019-11-13,228.2,228.2,223.6,223.6,187000,,,
2019-11-14,223.6,224.4,220.2,222.6,195000,,,
2019-11-15,222,231.4,220.4,231,337500,,,
2019-11-18,231.8,231.8,228.8,231,214500,,,
2019-11-19,230,230.2,226.4,229.2,187000,,,
2019-11-20,228.4,228.4,221.2,222.6,194000,,,
2019-11-21,220.8,222.4,216,221.6,242000,,,
2019-11-22,222.4,228.2,222.2,226.2,228500,,,
2019-11-25,228.2,231.6,228.2,231.6,110000,,,
2019-11-26,232,233.8,230,231.2,236000,,,
2019-11-27,232,233.2,230.4,233.2,141000,,,
2019-11-28,232.2,232.2,228.4,229.4,117000,,,
2019-11-29,229.2,230,226.4,229.8,152500,,,
2019-12-02,230.2,231.8,229.2,230.8,212000,,,
2019-12-03,226.8,227.2,222.8,225,220500,,,
2019-12-04,220.6,224.4,219,224.4,343500,,,
2019-12-05,224.8,227.4,224.6,226.4,175000,,,
2019-12-06,228.6,231.8,228.6,231.8,299000,,,
2019-12-09,234.8,235,231.2,233.2,149000,,,
2019-12-10,233.2,234.4,231.8,233.2,145500,,,
2019-12-11,232.6,234.8,229.4,231,179000,,,
2019-12-12,232.2,232.6,225.4,225.6,399500,,,
2019-12-13,228.2,234.8,227.4,233.6,566000,,,
2019-12-16,234.8,238.8,234.8,237.2,270500,,,
2019-12-17,241.6,244,237.2,243.6,412500,,,
2019-12-18,244,245.8,241.8,243.2,248500,,,
2019-12-19,243.6,243.8,238.6,240,155000,,,
2019-12-20,240,240.8,237.8,237.8,167000,,,
2019-12-23,237.8,237.8,232.8,233.6,136000,,,
2019-12-24,233.6,234.6,231.6,232.4,123500,,,
2019-12-25,231.2,233,229,229.2,107500,,,
2019-12-26,229,235.2,228.4,234.8,191500,,,
2019-12-27,235.8,241.8,235.4,241.8,274500,,,
2019-12-30,238.4,238.8,234,234,131500,,,
2020-01-06,229.2,229.2,225.8,227.8,223500,,,
2020-01-07,229,233.6,228.8,232.4,181500,,,
2020-01-08,228,230,224.2,226,267000,,,
2020-01-09,231,231.8,228.4,229.4,88500,,,
2020-01-10,231.2,231.6,226.4,226.4,146000,,,
2020-01-14,227.8,227.8,221.6,222.6,317000,,,
2020-01-15,222.6,224.6,220.6,223.2,184500,,,
2020-01-16,222.4,222.4,218.4,218.4,130000,,,
2020-01-17,220,222.8,219.2,220.6,154000,,,
2020-01-20,221.8,222.2,218.4,218.4,156000,,,
2020-01-21,219.2,221.2,217.6,217.8,138000,,,
2020-01-22,216.6,218,208.4,208.8,1115500,,,
2020-01-23,210,211.8,210,211.2,339500,,,
2020-01-24,211.2,211.2,205.4,206,290000,,,
2020-01-27,201,203.6,200.2,203.2,219500,,,
2020-01-28,201.6,208.4,200.4,205.8,607500,,,
2020-01-29,205.8,207.8,203.2,206.8,191500,,,
2020-01-30,203.8,204.2,198.6,202.2,496000,,,
2020-01-31,204.2,204.8,200.6,200.6,394500,,,
2020-02-03,195.8,206.6,194.4,204.8,400000,,,
2020-02-04,202,205.8,201.2,205.6,173500,,,
2020-02-05,207.8,209.6,206.8,207.8,186000,,,
2020-02-06,211.6,214.4,210.8,211.8,234500,,,
2020-02-07,213.6,213.6,208,210,148000,,,
2020-02-10,206.4,206.4,202.2,203.4,299000,,,
2020-02-12,203,204.6,199.6,200,608000,,,
2020-02-13,200.2,200.2,197.4,198.4,189500,,,
2020-02-14,198.2,198.2,195,197.4,365500,,,
2020-02-17,196.2,196.2,192.2,193.4,218500,,,
2020-02-18,193.4,193.4,189.6,189.8,330000,,,
2020-02-19,191.6,191.6,186.4,187,190000,,,
2020-02-20,187,188.4,182.8,183.4,471000,,,
2020-02-21,183.4,187.4,183.4,185,658000,,,
2020-02-25,179,179,174.6,175.8,731000,,,
2020-02-26,173.6,175.4,171,175.2,522000,,,
2020-02-27,173,173.2,169.6,170.6,393000,,,
2020-02-28,167.6,167.6,162.2,163.6,652000,,,
2020-03-02,160.6,167,160.4,165.8,633000,,,
2020-03-03,168.6,169.2,162,163,407500,,,
2020-03-04,160,163.4,159,161.4,326000,,,
2020-03-05,163,163,159.4,160,368500,,,
2020-03-06,157,157,152,152.2,519500,,,
2020-03-09,146.2,147.4,139.2,141.4,767000,,,
2020-03-10,138.4,146.2,134.2,145.6,435500,,,
2020-03-11,144.4,147.8,141.6,141.6,481000,,,
2020-03-12,137.2,139.2,132.4,133,505500,,,
2020-03-13,121.2,125.6,117.4,123,1190500,,,
2020-03-16,123.4,128,121,123.4,470500,,,
2020-03-17,119.4,135.6,117,133.8,726000,,,
2020-03-18,135,140.4,128.8,128.8,461000,,,
2020-03-19,132.8,132.8,122,123,552000,,,
2020-03-23,125,137.8,123.2,137.6,629000,,,
2020-03-24,139.6,142.4,134.2,140.8,631000,,,
2020-03-25,143.2,147.2,141.4,147.2,549000,,,
2020-03-26,145.6,149.4,141.4,148.2,337000,,,
2020-03-27,152,157.2,150,157.2,592500,,,
2020-03-30,150.8,156.6,147,156.6,540500,,,
2020-03-31,155.8,156.2,144.6,147.2,304500,,,
2020-04-01,144.2,147.2,136.6,138.8,360500,,,
2020-04-02,136.8,137,129,131.6,320500,,,
2020-04-03,130.4,139.4,126.8,129.6,220500,,,
2020-04-06,130,139.6,129.8,138.2,385000,,,
2020-04-07,140,143.6,134.8,143,311000,,,
2020-04-08,143,146.6,141.6,144.6,306500,,,
2020-04-09,145.4,145.6,138.6,141.2,241000,,,
2020-04-10,142.2,148.6,140.2,148.4,257000,,,
2020-04-13,147.8,148,143.8,145.2,161500,,,
2020-04-14,145.2,146.6,143,146.2,220500,,,
2020-04-15,145.6,145.6,139,139.8,320000,,,
2020-04-16,138.4,147.4,137.8,147,383000,,,
2020-04-17,148,149.6,144,146.6,388000,,,
2020-04-20,145.2,150.8,145.2,149.8,277500,,,
2020-04-21,148.4,150,145,148,220500,,,
2020-04-22,145.6,150,144.6,146.4,249500,,,
2020-04-23,147.4,154.4,146.8,154.4,282500,,,
2020-04-24,154,154,150,152.4,326000,,,
2020-04-27,155,156.6,150.4,156.6,254500,,,
2020-04-28,155.6,157.4,152.2,156.8,223000,,,
2020-04-30,159.8,164.6,158.8,161,369500,,,
2020-05-01,160,160,153.8,155.8,203000,,,
2020-05-07,153.8,156.6,151,155.8,311500,,,
2020-05-08,158.4,160.2,156.6,159.6,172500,,,
2020-05-11,160,164.6,157.8,164.4,345500,,,
2020-05-12,164.4,165,160,165,163000,,,
2020-05-13,163.2,165,161.2,165,253500,,,
2020-05-14,159.2,162.6,158.4,158.6,185500,,,
2020-05-15,160,161.4,158.2,161.4,263000,,,
2020-05-18,161.4,164,160.8,164,229500,,,
2020-05-19,168,169.2,161.6,168.2,276000,,,
2020-05-20,168.6,168.6,164.2,165.6,219500,,,
2020-05-21,165.6,167.6,164.2,167.6,131500,,,
2020-05-22,167.6,168.6,164.8,167,159500,,,
2020-05-25,167,170,167,169,130500,,,
2020-05-26,169.4,175.2,169.2,175.2,183000,,,
2020-05-27,178,187.8,177.6,187.6,587000,,,
2020-05-28,187.6,198.6,187.2,191.4,652000,,,
2020-05-29,189.4,191.6,185.2,185.8,399000,,,
2020-06-01,185.2,185.2,180.2,181,142500,,,
2020-06-02,181.6,185.6,181.6,184,169000,,,
2020-06-03,185.8,185.8,181,183.6,283000,,,
2020-06-04,186,188.2,184.6,187.4,321500,,,
2020-06-05,187.2,189.6,186.4,187.2,190500,,,
2020-06-08,190.2,190.8,188,189.6,247500,,,
2020-06-09,189,190.6,183.2,185.6,171000,,,
2020-06-10,185,185.2,182.4,185.2,125500,,,
2020-06-11,186.8,186.8,179.8,180.8,223000,,,
2020-06-12,176.2,176.8,172.2,175.2,250500,,,
2020-06-15,173,175.4,167.6,167.6,268000,,,
2020-06-16,171.2,178,171.2,174.2,418000,,,
2020-06-17,172.2,174.2,171.2,172.8,180500,,,
2020-06-18,171,172.2,167,171.2,300000,,,
2020-06-19,172,173.4,170,171.4,240500,,,
2020-06-22,171.8,176.2,170.8,171.8,493500,,,
2020-06-23,171.8,173.6,168,172.6,212000,,,
2020-06-24,172.6,172.6,167.6,170.6,211500,,,
2020-06-25,170.6,170.6,166.6,170.2,213000,,,
2020-06-26,170.6,173,170.4,170.8,133500,,,
2020-06-29,169.8,171.6,167.2,170.2,182000,,,
2020-06-30,173.2,174,169.8,170,183500,,,
2020-07-01,171.8,173.4,169.2,172,263500,,,
2020-07-02,172.2,174.4,170.6,171.4,356500,,,
2020-07-03,172,172.6,166.2,170.4,184500,,,
2020-07-06,171.2,178.2,171.2,177.6,184000,,,
2020-07-07,179.6,179.6,172.6,175.6,132500,,,
2020-07-08,173.8,175.6,170.4,170.4,129000,,,
2020-07-09,170.6,171.8,168,168,141500,,,
2020-07-10,166,167,162.4,162.6,251000,,,
2020-07-13,167.8,171.4,165.6,170.6,278000,,,
2020-07-14,170.6,171.4,168.6,169.6,137500,,,
2020-07-15,172.2,175.8,169.2,173.4,299000,,,
2020-07-16,173.2,173.8,166.4,168.2,206500,,,
2020-07-17,169.8,170.4,166.2,167.6,92000,,,
2020-07-20,168,171.2,164.6,171.2,106000,,,
2020-07-21,168.6,171.2,165.2,168,158500,,,
2020-07-22,169.4,171,166,166.6,163000,,,
2020-07-27,166.6,169.4,161.4,168.2,266500,,,
2020-07-28,168.2,168.2,165.4,167,94500,,,
2020-07-29,164.8,165,161.2,161.2,103000,,,
2020-07-30,161.8,161.8,157.2,158.2,287500,,,
2020-07-31,157.2,157.2,151.4,156.4,406000,,,
2020-08-03,156.2,160,155.6,157.4,149000,,,
2020-08-04,160.4,166,159.6,166,202500,,,
2020-08-05,163.2,164,160,161.4,129500,,,
2020-08-06,161.2,163.8,158.4,163.8,142500,,,
2020-08-07,167.6,167.6,160,160,116500,,,
2020-08-11,162.4,173.4,162.4,173.4,258500,,,
2020-08-12,173.4,177,171.8,174.6,231000,,,
2020-08-13,177.4,178.8,175.4,177.6,273500,,,
2020-08-14,177.6,177.6,173.2,174.2,127500,,,
2020-08-17,174.2,175.6,172.8,174.2,87500,,,
2020-08-18,175.8,175.8,168.4,171.6,126000,,,
2020-08-19,170.6,170.6,167.6,169,56500,,,
2020-08-20,169.6,170.6,167,168.4,103500,,,
2020-08-21,168.4,168.8,164.6,166.2,142500,,,
2020-08-24,166.2,167.2,163.4,164.4,169500,,,
2020-08-25,168.6,171,166.2,169.2,169000,,,
2020-08-26,167.8,167.8,164,164,262000,,,
2020-08-27,162.2,162.6,160.2,160.8,400500,,,
2020-08-28,161.4,168.2,161.4,165.8,525500,,,
2020-08-31,164,165.6,161.2,162.2,709000,,,
2020-09-01,162.6,166,161.2,165,234500,,,
2020-09-02,165.4,165.4,162,162.8,128500,,,
2020-09-03,164.2,164.8,161,161.4,245500,,,
2020-09-04,159,168.2,159,167.6,437500,,,
2020-09-07,169.8,172,166.6,166.6,586000,,,
2020-09-08,166.4,168.8,165.2,168,319000,,,
2020-09-09,164.6,166.4,162.4,164.8,428500,,,
2020-09-10,166,168.2,163.8,167,364500,,,
2020-09-11,166.4,168.6,165,167.2,405500,,,
2020-09-14,169.4,173.4,168.4,169.2,308500,,,
2020-09-15,169.4,171.8,166.2,171.8,320500,,,
2020-09-16,171,172.2,170,170.2,197000,,,
2020-09-17,170.2,170.6,168.2,170.6,292000,,,
2020-09-18,173.6,175.8,172.2,174.2,489500,,,
2020-09-23,171.2,171.2,168.6,169.6,285000,,,
2020-09-24,169.6,171.4,167.2,170.2,426000,,,
2020-09-25,173,175.8,173,174.8,360000,,,
2020-09-28,176.4,177,173.6,176.2,389500,,,
2020-09-29,174.8,174.8,169.2,169.8,347000,,,
2020-09-30,169,169,164.8,164.8,370000,,,
2020-10-01,#VALUE!,#VALUE!,#VALUE!,#VALUE!,0,,,
2020-10-02,167.4,168,161.6,162.8,345500,,,
2020-10-05,164.2,169,164.2,168,218500,,,
2020-10-06,170.6,172.4,168.6,171.4,313500,,,
2020-10-07,171.2,171.4,168.4,169.8,196500,,,
2020-10-08,172.2,172.2,169.2,170.4,182500,,,
2020-10-09,171.6,171.6,166.8,168.8,141500,,,
2020-10-12,167.8,168.4,165.6,168,139000,,,
2020-10-13,168.8,170.8,167.2,170.6,140500,,,
2020-10-14,168.2,170,167,169,146500,,,
2020-10-15,169,169,165.8,166.4,157000,,,
2020-10-16,167.8,168.6,165.4,167,157000,,,
2020-10-19,168.8,172,167.6,171.8,287000,,,
2020-10-20,171.6,171.6,168,168,207500,,,
2020-10-21,169,171.4,169,170.2,141000,,,
2020-10-22,168.6,170.4,167.8,169.4,148000,,,
2020-10-23,169.4,170.2,168,169,88000,,,
2020-10-26,169,171,168,171,110000,,,
2020-10-27,169,172,167.2,171.8,187000,,,
2020-10-28,173,175.8,171.4,174.2,605500,,,
2020-10-29,174.4,175.6,172,172.2,226500,,,
2020-10-30,171.2,171.2,166,169.6,340500,,,
2020-11-02,169.6,174,169.6,173.6,328000,,,
2020-11-04,175,175,169.4,173.8,379500,,,
2020-11-05,173.8,177.2,168.4,176.4,541500,,,
2020-11-06,176.6,181.6,174.4,180.6,444500,,,
2020-11-09,183,183,178,178.8,335000,,,
2020-11-10,187.8,189.6,181.2,185.4,573000,,,
2020-11-11,187.6,189,175.6,178.6,916000,,,
2020-11-12,179.4,179.4,170.2,171.4,850000,,,
2020-11-13,169.6,169.6,163.6,165.6,682500,,,
2020-11-16,168,168.8,164,166.4,704000,,,
2020-11-17,165.8,165.8,161.8,163.2,773000,,,
2020-11-18,161.4,162,158.6,162,1079000,,,
2020-11-19,159.8,159.8,155.8,157.4,937000,,,
2020-11-20,156.8,158.6,155.2,158.2,509500,,,
2020-11-24,158.2,158.2,154.2,155,1150000,,,
2020-11-25,156,156.4,152.4,152.8,929500,,,
2020-11-26,154,155.2,152,154.6,623000,,,
2020-11-27,155.4,155.8,153.6,155,744500,,,
2020-11-30,153.6,154.4,144,147.8,4122500,,,
2020-12-01,146.6,152,145,151.8,789000,,,
2020-12-02,154,154.8,151.8,152.6,805500,,,
2020-12-03,152.4,153.4,149.4,152.4,627500,,,
2020-12-04,152.4,154,150.8,154,519000,,,
2020-12-07,154.2,154.6,151.6,152.6,369500,,,
2020-12-08,152,152.8,150.4,151.2,301000,,,
2020-12-09,152.6,153,151,152.2,294500,,,
2020-12-10,152.4,153.8,151.8,152.6,433000,,,
2020-12-11,153.6,156.4,152.8,156.2,681000,,,
2020-12-14,156.8,157.6,154.2,154.2,427500,,,
2020-12-15,154,156,152.2,153.8,288000,,,
2020-12-16,155,155.8,153.8,154.6,221500,,,
2020-12-17,154.8,157.4,154.4,156.8,343500,,,
2020-12-18,157.8,158.4,156.6,156.8,366500,,,
2020-12-21,157.4,158.2,154.8,155,371500,,,
2020-12-22,154.2,154.2,149,149.8,457000,,,
2020-12-23,149.8,150,147.6,149.4,365000,,,
2020-12-24,149.4,153.2,149.4,152.2,340000,,,
2020-12-25,153.8,154.8,152.8,153,274000,,,
2020-12-28,152.6,152.8,149.2,151.2,403000,,,
2020-12-29,150.6,153.2,150.2,152.8,313500,,,
2020-12-30,152.8,154,150.8,154,328000,,,
2021-01-04,153.6,153.6,148.4,150.6,375000,,,
2021-01-05,150.6,151.4,149.4,150.6,356000,,,
2021-01-06,150.6,154.2,150.6,153.4,295000,,,
2021-01-07,154.8,157.4,153.8,154.6,441000,,,
2021-01-08,154.4,158,154.4,157.6,515000,,,
2021-01-12,158.2,159,156.2,158,339500,,,
2021-01-13,157.6,159.4,156.8,157.6,225500,,,
2021-01-14,157.4,158.6,156.8,158,320000,,,
2021-01-15,158,158.6,157.2,157.4,279000,,,
2021-01-18,157.2,159.4,156.6,158.8,162000,,,
2021-01-19,159.8,160.6,158.6,159.2,208500,,,
2021-01-20,159.6,160.2,158,160.2,214000,,,
2021-01-21,161.4,163,161,161.4,411500,,,
2021-01-22,160.4,160.4,158.4,159.4,334000,,,
2021-01-25,159.4,159.4,158,159,287000,,,
2021-01-26,159,159.6,157.4,159.6,278000,,,
2021-01-27,160,160,158.6,159,244500,,,
2021-01-28,157.6,159.4,157,158.6,335500,,,
2021-01-29,158.6,160.6,158,158.4,272000,,,
2021-02-01,158.4,161,158.2,160,300500,,,
2021-02-02,160,161.6,160,161.6,349500,56103300,0,0
2021-02-03,161,164,161,163.4,255000,41533400,0,0
2021-02-04,163.4,166.8,163.4,166.6,158000,26191800,0,0
2021-02-05,168,170.8,168,169.2,281500,47647600,0,0
2021-02-08,169.4,172,169.4,171.4,207000,35380700,0,0
2021-02-09,174,178.4,171,174.2,375000,65286900,0,0
2021-02-10,175.4,176.6,174.2,175.4,193500,33943300,0,0
2021-02-12,176.2,176.4,172.2,172.4,245000,42682600,0,0
2021-02-15,175,175.6,173.4,175.4,176500,30863200,0,0
2021-02-16,176,181,175,176.2,324500,57684300,0,0
2021-02-17,176.4,183.4,176.4,182.2,469000,84783600,0,0
2021-02-18,180.8,181.4,178.8,180.2,303000,54553800,0,0
2021-02-19,179.2,179.2,176.2,177.8,298500,53037200,0,0
2021-02-22,178.4,184.6,178.4,181.2,298000,54139300,0,0
2021-02-24,181.8,183.2,179.2,181,386000,70003600,0,0
2021-02-25,181,182.4,179.8,181.8,365000,66189100,0,0
2021-02-26,179.4,179.4,172.4,172.4,463500,81456200,0,0
2021-03-01,174.4,176.2,170.6,174.8,399000,69528500,0,0
2021-03-02,173,173.2,170,171.6,400000,68540300,0,0
2021-03-03,172.6,173,171,172.2,263000,45278900,0,0
2021-03-04,172.6,174.4,170.4,173,275500,47475400,0,0
2021-03-05,173,173.6,170.6,173.2,300000,51643000,0,0
2021-03-08,175.6,176.4,173.4,175,560500,98049800,0,0
2021-03-09,177.6,182.8,177,181,606500,109073100,0,0
2021-03-10,181,181,177,178.4,285500,50968500,0,0
2021-03-11,180,183.4,179,183.2,381000,69533100,0,0
2021-03-12,180.2,181.2,177.8,181,385000,69305100,0,0
2021-03-15,181.2,185.2,181.2,185,343000,63166900,0,0
2021-03-16,185,187.8,181.8,183.8,537000,98867000,0,0
2021-03-17,184,187.4,183.8,187.4,295000,54711300,0,0
2021-03-18,188.4,194.2,186.4,193.6,971000,184989900,0,0
2021-03-19,196.6,211,192.6,207,2038500,414236800,0,0
2021-03-22,206.8,208,203,205.8,551000,113193700,0,0
2021-03-23,206.8,206.8,198.4,199,512000,103565500,0,0
2021-03-24,195.4,195.6,187,188,728000,138927900,0,0
2021-03-25,189.2,195,189.2,193.4,350000,67563000,0,0
2021-03-26,196,196.6,193,193.8,438500,85266400,0,0
2021-03-29,197,197,189,191.8,824500,158616700,0,0
2021-03-30,188.4,192.6,185.6,190.8,577500,109178900,0,0
2021-03-31,189.8,191.2,183.8,183.8,428500,79524500,0,0
2021-04-01,184,186.8,180.4,182.6,472500,86668300,0,0
2021-04-02,183.6,185.2,181.6,184.8,413500,75900200,0,0
2021-04-05,184.8,188.4,183.2,186.6,255500,47659400,0,0
2021-04-06,186,186,178.4,180,309000,55976700,0,0
2021-04-07,179.8,182.6,179.6,181,236000,42654800,0,0
2021-04-08,180,180.6,173.6,174.4,374000,65703400,0,0
2021-04-09,174.2,176.2,173,173.4,267000,46472900,0,0
2021-04-12,175,175.4,172.4,172.8,142500,24696700,0,0
2021-04-13,174.4,175.4,171.2,171.4,176000,30400000,0,0
2021-04-14,171.2,171.4,169,171.4,200000,34078100,0,0
2021-04-15,171.6,174.2,171.2,172.6,146000,25188200,0,0
2021-04-16,172.6,172.6,170,171.6,183000,31368600,0,0
2021-04-19,171.4,172.2,170.4,170.4,145500,24910400,0,0
2021-04-20,170,170.8,168.2,168.2,286500,48550900,0,0
2021-04-21,166.2,166.6,163.8,165.8,250000,41320700,0,0
2021-04-22,168.8,168.8,165.4,165.6,161500,26924700,0,0
2021-04-23,165,166.4,164.6,164.8,202500,33508900,0,0
2021-04-26,165,166.6,163,163,349000,57262800,0,0
2021-04-27,163.2,164.6,161.8,162.6,216000,35314400,0,0
2021-04-28,163,165,162.2,162.4,344500,56306400,0,0
2021-04-30,163,166.6,163,165.2,433500,71688400,0,0
2021-05-06,165.4,169.2,165.4,167.2,248000,41562000,0,0
2021-05-07,168.6,173,168,172,338000,57782100,0,0
2021-05-10,172,172.4,170.8,171.4,153500,26343800,0,0
2021-05-11,171.4,172.2,168.8,168.8,266000,45244400,0,0
2021-05-12,168.8,171,167.2,167.6,213500,35989100,0,0
2021-05-13,166.4,169,165.2,165.2,211000,35165800,0,0
2021-05-14,168.2,170,167.4,168.2,197000,33246700,0,0
2021-05-17,168.8,170,167,167.8,115000,19333500,0,0
2021-05-18,169,170.2,168,169.2,279500,47286200,0,0
2021-05-19,167,169,166.8,167.6,146500,24588100,0,0
2021-05-20,167.6,169.4,167.2,168.4,120000,20217000,0,0
2021-05-21,168.4,168.4,167,167,154500,25896000,0,0
2021-05-24,167.2,169.4,167.2,168.6,156500,26372700,0,0
2021-05-25,168,168,163,163,327500,53934600,0,0
2021-05-26,163.2,164.4,162.6,163.6,148500,24271900,0,0
2021-05-27,163.4,164.4,161.8,161.8,186500,30303400,0,0
2021-05-28,164.2,166.6,163.8,166.6,250500,41424600,0,0
2021-05-31,165.4,165.8,162.8,162.8,198500,32537600,0,0
2021-06-01,164,166,163.6,165.8,197500,32539900,0,0
2021-06-02,165,167.6,164.6,167.4,303500,50480900,0,0
2021-06-03,166,168.8,166,167.4,187500,31398200,0,0
2021-06-04,168.2,168.8,167.2,167.2,128500,21599500,0,0
2021-06-07,167.8,167.8,166,166.6,173000,28837300,0,0
2021-06-08,166,168,166,167.2,75500,12635700,0,0
2021-06-09,167.2,168.6,166.8,166.8,115000,19238400,0,0
2021-06-10,166.4,167.8,165.6,167.2,200500,33407800,0,0
2021-06-11,165.2,166.6,164.4,165,435500,71955300,0,0
2021-06-14,165.6,166.4,164,164.8,137500,22659400,0,0
2021-06-15,165.4,166.2,164.2,165.6,129500,21413200,0,0
2021-06-16,165.8,166.8,164.8,165.4,161500,26744600,0,0
2021-06-17,165.6,167.4,165.4,165.4,205500,34127300,0,0
2021-06-18,165.4,166.2,162.6,162.6,539000,88231100,0,0
2021-06-21,162.6,162.6,156.8,157.4,841000,134297200,0,0
2021-06-22,161.8,162.8,160.2,162.4,324500,52469300,0,0
2021-06-23,161.6,162.8,161.6,162.6,160000,25945600,0,0
2021-06-24,162.6,163.6,161.6,163.4,184000,29932700,0,0
2021-06-25,164,168,164,168,276000,45982500,0,0
2021-06-28,167.6,170,166.4,169.8,290500,49003000,0,0
2021-06-29,167.2,167.6,164.2,164.2,269500,44492900,0,0
2021-06-30,164.6,165.4,161.8,161.8,281000,45789100,0,0
2021-07-01,162.6,164.6,162.4,162.8,172500,28212200,0,0
2021-07-02,163,166,163,165.6,162500,26739800,0,0
2021-07-05,164.2,165.2,164,164.2,74500,12252300,0,0
2021-07-06,164.2,166,164.2,165.6,108000,17834600,0,0
2021-07-07,165.4,165.8,164,164,252500,41676100,0,0
2021-07-08,164,165,161,161,234500,38133000,0,0
2021-07-09,160.2,161.8,159.6,160.4,378500,60699000,0,0
2021-07-12,164.8,166.6,163.6,165,236000,39068500,0,0
2021-07-13,166.4,168.4,166.4,167.8,273500,45833400,0,0
2021-07-14,168.4,169,167,167.6,160000,26873500,0,0
2021-07-15,169,169,164.8,165.8,219000,36459800,0,0
2021-07-16,165.8,166.8,165.2,165.2,121000,20060300,0,0
2021-07-19,164.8,164.8,162.2,164.2,231000,37823000,0,0
2021-07-20,163.2,163.8,162,162,156000,25379600,0,0
2021-07-21,163.6,164,161.4,161.4,190500,30950200,0,0
2021-07-26,165.4,165.4,163.2,163.8,182500,29911600,0,0
2021-07-27,165.2,165.8,164.2,165.4,85000,14047500,0,0
2021-07-28,165,166,164,165,122000,20123800,0,0
2021-07-29,165,165.4,163.2,163.8,83000,13625700,0,0
2021-07-30,163.8,164.2,162.4,163.2,143500,23404700,0,0
2021-08-02,163.6,168,163.4,168,202000,33615400,0,0
2021-08-03,166.8,167.4,165.2,165.4,123500,20523500,0,0
2021-08-04,164.8,165.8,164.2,164.2,99000,16315400,0,0
2021-08-05,164,165,163.2,163.6,109500,17938700,0,0
2021-08-06,164.2,166.2,163,164.6,80500,13263900,0,0
2021-08-10,164.8,165.4,163.4,164,157500,25866600,0,0
2021-08-11,165,167,164.8,165.8,134500,22314500,0,0
2021-08-12,166,167,164.8,166.8,172000,28564300,0,0
2021-08-13,166,167,165,166.4,162000,26923900,0,0
2021-08-16,166.2,166.2,163.6,163.6,208500,34360100,0,0
2021-08-17,166.2,166.2,163.6,164,134000,22085700,0,0
2021-08-18,165.2,165.4,163.4,164.2,165500,27202000,0,0
2021-08-19,165,165,162.8,162.8,149500,24453300,0,0
2021-08-20,163.2,164.2,156.2,161.8,593000,95388100,0,0
2021-08-23,162.2,164.8,162.2,163,167500,27384700,0,0
2021-08-24,163.6,164.8,163.6,164.8,182000,29887500,0,0
2021-08-25,165.4,165.6,163.4,164.2,132500,21777500,0,0
2021-08-26,165.4,167.2,164.8,167.2,187000,31055600,0,0
2021-08-27,167.6,167.8,165.4,167.2,116000,19352600,0,0
2021-08-30,167.2,168.2,166,168.2,161500,27042700,0,0
2021-08-31,168.2,169.4,166.4,167.6,125500,21061700,0,0
2021-09-01,169,170.2,167.8,169.2,129000,21814200,0,0
2021-09-02,169.2,169.6,167.8,169.6,162000,27391900,0,0
2021-09-03,169.8,170.8,168.4,170.8,233500,39710800,0,0
2021-09-06,171,171.2,168.6,170.2,183000,31096100,0,0
2021-09-07,171,171.8,169,170.4,255000,43449600,0,0
2021-09-08,171.2,172,169.4,171,297000,50782000,0,0
2021-09-09,170.6,171,169.2,169.4,194000,32969000,0,0
2021-09-10,169.4,171.6,169.4,171,365000,62296300,0,0
2021-09-13,171.2,174,169.4,173.8,302000,52096600,0,0
2021-09-14,173.8,175.4,173.4,175.2,378500,66032500,0,0
2021-09-15,172.6,173.4,171.2,172,224500,38656300,0,0
2021-09-16,172.2,172.4,170.6,172.4,221000,37957800,0,0
2021-09-17,173.2,176,172.2,176,511000,89034200,0,0
2021-09-21,172.2,175.6,171.2,171.6,402000,69458700,0,0
2021-09-22,171.4,172.2,169.4,169.6,324000,55220300,0,0
2021-09-24,172.4,176.2,172,173.6,575500,99865900,0,0
2021-09-27,174.8,176,172.8,173.6,499500,87052000,0,0
2021-09-28,175.2,175.2,172.4,174.6,503000,87534100,0,0
2021-09-29,170,170,166.2,169.4,867500,146103200,0,0
2021-09-30,169.6,171.2,169,169.4,272500,46327100,0,0
2021-10-01,167.6,170.4,166.6,168,415000,69806000,0,0
2021-10-04,169.6,170.4,167.4,170,394500,66592200,0,0
2021-10-05,169.2,171.6,169,170.4,309500,52753200,0,0
2021-10-06,170.4,173.4,170.4,172.8,331500,57171200,0,0
2021-10-07,172.8,173,170.2,172.2,305500,52483500,0,0
2021-10-08,173.2,173.2,171.2,172,206000,35445300,0,0
2021-10-11,171,173,171,172.8,191500,33006000,0,0
2021-10-12,171.8,172.8,170.6,171,226000,38694300,0,0
2021-10-13,170.4,170.4,167.8,169.8,333000,56378400,0,0
2021-10-14,169.6,169.6,166.6,168,436000,73010300,0,0
2021-10-15,167.4,169,167,169,183500,30838200,0,0
2021-10-18,169,169,167,167.6,140000,23489000,0,0
2021-10-19,167.4,167.4,165.6,166.8,203500,33849700,0,0
2021-10-20,166.8,168.8,166.4,168,222500,37233200,0,0
2021-10-21,167.6,167.6,165.8,166.4,270000,45013900,0,0
2021-10-22,166,167.8,164.6,167.8,266500,44416600,0,0
2021-10-25,167.8,167.8,166,166.4,212000,35374400,0,0
2021-10-26,166.6,166.6,165,165,194000,32135700,0,0
2021-10-27,165.2,165.2,163,163.4,314000,51482800,0,0
2021-10-28,163.2,164.8,160.8,164,816500,133527100,0,0
2021-10-29,164,164.2,162,164,174500,28509100,0,0
2021-11-01,165.4,166.2,164.2,165.4,264000,43609400,0,0
2021-11-02,165.6,166.6,164.6,165.4,213500,35281900,0,0
2021-11-04,165.6,167.4,164.8,164.8,376500,62384400,0,0
2021-11-05,165,165.6,163.6,164.4,254500,41882000,0,0
2021-11-08,164.4,165.2,163.6,164.6,106500,17490500,0,0
2021-11-09,164,164.4,163,163,155500,25422100,0,0
2021-11-10,163,163.4,161.6,162.6,158500,25731200,0,0
2021-11-11,162,162.4,160.6,160.6,179500,28943800,0,0
2021-11-12,161.8,164.2,161.8,163.8,135000,21969100,0,0
2021-11-15,164,164.8,163,164,188500,30871400,0,0
2021-11-16,163.4,163.6,162.4,162.8,181500,29553800,0,0
2021-11-17,162.6,162.6,160.6,161,146500,23671400,0,0
2021-11-18,161,161.8,160.2,161.6,140500,22618100,0,0
2021-11-19,160.4,163.2,159.6,162.6,349500,56244100,0,0
2021-11-22,163,164.4,162,164.2,126000,20603000,0,0
2021-11-24,164.2,166.4,162.6,162.6,259500,42641000,0,0
2021-11-25,162.6,163.6,162.2,162.2,87000,14150000,0,0
2021-11-26,161.4,162.6,161,162,186500,30205400,0,0
2021-11-29,161.2,161.4,158.8,159.8,205000,32847200,0,0
2021-11-30,162.2,162.8,157.4,157.6,247000,39410600,0,0
2021-12-01,156,162.4,156,161.8,367000,58921600,0,0
2021-12-02,161.2,162.6,160.2,160.2,250500,40361700,0,0
2021-12-03,160.8,164,160.8,164,331000,53919000,0,0
2021-12-06,164,166.2,162.8,162.8,524500,86206200,0,0
2021-12-07,164.4,167.4,163.4,167.2,301000,49769900,0,0
2021-12-08,167.8,168.6,166.4,168,262000,43942600,0,0
2021-12-09,167.6,167.8,166.2,167,109500,18270000,0,0
2021-12-10,168.6,168.6,166.8,166.8,201500,33816500,0,0
2021-12-13,168.8,169,167.6,167.8,290000,48794000,0,0
2021-12-14,167.4,168.6,166.6,168.2,272000,45585500,0,0
2021-12-15,167.8,169.4,167.6,167.8,237500,40001500,0,0
2021-12-16,168.8,170.6,168.6,169.8,670000,113645400,0,0
2021-12-17,169.8,170.2,168,168.8,553000,93603300,0,0
2021-12-20,167.4,167.4,164.4,166.6,810000,134488800,0,0
2021-12-21,169.4,169.4,167.4,168,211500,35588100,0,0
2021-12-22,168,169.4,168,168.2,188500,31771600,0,0
2021-12-23,168.8,169.4,168.8,169,92500,15647900,0,0
2021-12-24,169,169.2,168,168,250000,42145300,0,0
2021-12-27,168,168.6,166.8,168.6,145500,24425000,0,0
2021-12-28,168.8,170,168,170,261500,44289300,0,0
2021-12-29,170,172.6,170,172,285500,48921600,0,0
2021-12-30,171.8,172.8,170.6,172,180500,31036500,0,0
2022-01-04,172.8,181.8,171.2,180.4,913000,161914200,0,0
2022-01-05,181,184.4,180.4,183,525500,95922100,0,0
2022-01-06,181,184.2,181,183.2,300000,54819700,0,0
2022-01-07,183,185.4,183,183.6,284000,52304800,0,0
2022-01-11,186.2,192.6,185,192.4,317500,60009600,0,0
2022-01-12,193,195.4,192.4,192.4,308000,59714700,0,0
2022-01-13,192.4,193.8,189.6,189.6,258500,49384900,0,0
2022-01-14,189,193,186.2,188.8,470500,88906700,0,0
2022-01-17,188.8,191.6,187,189.4,248000,46820500,0,0
2022-01-18,190,191.6,186.6,187,279000,52771800,0,0
2022-01-19,184,184.4,180.8,181.6,335500,61099300,0,0
2022-01-20,180.8,186.4,180.4,180.4,273500,50068800,0,0
2022-01-21,180,182.6,177.4,182,260500,47020400,0,0
2022-01-24,182,185.4,182,184.8,287500,52706000,0,0
2022-01-25,184.8,184.8,182.4,184.6,241000,44274300,0,0
2022-01-26,184.4,186.6,183.6,183.6,95000,17526500,0,0
2022-01-27,184.6,185,180,181.2,369500,67097400,0,0
2022-01-28,185.2,185.2,183,184.6,139000,25617200,0,0
2022-01-31,184,186.2,182.8,186.2,168000,31059200,0,0
2022-02-01,187,187,183.6,184.4,222000,41024200,0,0
2022-02-02,185.2,188,185,188,309000,57494800,0,0
2022-02-03,187.4,189,186.8,188.4,190500,35838600,0,0
2022-02-04,188.2,191.4,188.2,190.8,222500,42265800,0,0
2022-02-07,193.8,194,191.4,193.4,320500,61930300,0,0
2022-02-08,191.4,194,187.4,193,370000,70974400,0,0
2022-02-09,194,201.6,193.6,200.8,450000,89332500,0,0
2022-02-10,201.8,202.4,197,201,293000,58568800,0,0
2022-02-14,198.2,202.6,197.2,202.6,220000,44236700,0,0
2022-02-15,203,203.6,196.6,197.2,342000,68174500,0,0
2022-02-16,200,202.4,199.2,201.4,195500,39325700,0,0
2022-02-17,201.4,201.4,196,196.2,146500,28949200,0,0
2022-02-18,192.6,194.4,191,193.4,242500,46700400,0,0
2022-02-21,192,194,191.4,192.6,89500,17247300,0,0
2022-02-22,192,194,190.4,192.2,253500,48823400,0,0
2022-02-24,192.2,197.2,192.2,197.2,365000,70856400,0,0
2022-02-25,196.8,196.8,192,194.4,304000,58775600,0,0
2022-02-28,194.4,199.8,194.4,199,269500,53427100,0,0
2022-03-01,201,201,195,196,218000,42909600,0,0
2022-03-02,191.6,195.6,190.8,190.8,271000,52144100,0,0
2022-03-03,193.8,196,192,193.2,249500,48147000,0,0
2022-03-04,192.6,195.8,191.8,191.8,259500,50006600,0,0
2022-03-07,191.2,192,185.2,188.6,889000,167986000,0,0
2022-03-08,186,186.4,183.2,185.6,370500,68494100,0,0
2022-03-09,185.8,191.2,185.2,186.4,229500,43006400,0,0
2022-03-10,189.4,192.4,189.4,191.2,244500,46778400,0,0
2022-03-11,190.4,194.6,190,192.8,411500,78930500,0,0
2022-03-14,193,197.4,193,194.8,231000,45196900,0,0
2022-03-15,197.8,199.4,196.4,197.2,178000,35200600,0,0
2022-03-16,197.2,198.2,194.4,197.4,223000,43930300,0,0
2022-03-17,199.8,201,197.2,199.8,270500,53876200,0,0
2022-03-18,199.2,199.4,196.4,197.8,247500,48857000,0,0
2022-03-22,197.8,199.6,197.2,197.6,207000,41029300,0,0
2022-03-23,200,200,196.8,196.8,326500,64660000,0,0
2022-03-24,195.6,197.8,195,197.8,309000,60653400,0,0
2022-03-25,197.4,198.2,195.6,196.2,124500,24505700,0,0
2022-03-28,199.2,199.6,196.4,199.2,481500,95741500,0,0
2022-03-29,198.6,198.6,195.2,196,366000,71851000,0,0
2022-03-30,194,197.2,193.8,196,382000,74741400,0,0
2022-03-31,193,193,190.4,190.4,342500,65566000,0,0
2022-04-01,188.4,192.6,187.6,191.6,313500,59691700,0,0
2022-04-04,190.8,192.8,190.8,192.4,122000,23405100,0,0
2022-04-05,192.4,193.4,189.4,191.6,289000,55194800,0,0
2022-04-06,192.2,193,190.4,190.4,176500,33738000,0,0
2022-04-07,188.2,189.6,186.2,187,330000,61876600,0,0
2022-04-08,186,187.2,183.8,187,281000,52140900,0,0
2022-04-11,187,190,187,188.8,177500,33487100,0,0
2022-04-12,187.8,190.4,187.8,188.2,168000,31741700,0,0
2022-04-13,187.6,189.4,186.2,189.4,167500,31496300,0,0
2022-04-14,189.4,192,189.4,192,96500,18424700,0,0
2022-04-15,191.4,192.2,190,190.4,121000,23113200,0,0
2022-04-18,189.4,193.4,188.2,192.2,131000,25019300,0,0
2022-04-19,194,194.6,192.6,194.6,130500,25296900,0,0
2022-04-20,194.6,198,193.6,197.8,198500,38973400,0,0
2022-04-21,198.4,199.4,196.4,198.2,178500,35378700,0,0
2022-04-22,197.6,197.6,194.4,195.2,95500,18684000,0,0
2022-04-25,195.2,196.4,194.4,195.4,197000,38478500,0,0
2022-04-26,195.4,196,193.8,194,111000,21599000,0,0
2022-04-27,192.8,193,188,188,278000,52708200,0,0
2022-04-28,189.2,197,189.2,197,248000,48103100,0,0
2022-05-02,196.6,199.4,196,199.4,199000,39421700,0,0
2022-05-06,199.4,202,199.4,201.2,257500,51613200,0,0
2022-05-09,199.8,202,199.4,200.2,206500,41464700,0,0
2022-05-10,199.8,200.8,197.6,198.6,164000,32658900,0,0
2022-05-11,197.6,197.8,194.6,195.8,161500,31630100,0,0
2022-05-12,195.8,196.6,191.8,191.8,297000,57540400,0,0
2022-05-13,191.8,198.2,191.6,196.8,295000,57593400,0,0
2022-05-16,199.6,199.6,192.6,192.6,240500,46762100,0,0
2022-05-17,198.6,199.6,194.4,194.4,450500,88661800,0,0
2022-05-18,194.4,196,194.4,195.2,230000,44918100,0,0
2022-05-19,192.4,195.8,191.4,194.8,206500,39977600,0,0
2022-05-20,194,194.8,191.8,193.4,219000,42315500,0,0
2022-05-23,193.8,198,193.4,197.6,294500,57785600,0,0
2022-05-24,199.4,202.6,199.4,202.4,835500,168085100,0,0
2022-05-25,203.6,207.6,200.8,206.6,624000,127629600,0,0
2022-05-26,206.6,214.4,206,210.4,1303000,275153800,0,0
2022-05-27,214.8,221.6,209.6,220,1211000,264486000,0,0
2022-05-30,219.4,228.4,219.4,224.6,877000,197275400,0,0
2022-05-31,225.8,229.8,221.8,228.8,810500,184506700,0,0
2022-06-01,228,231.8,226.6,231.8,712500,163996800,0,0
2022-06-02,231.8,233,229,231.8,611000,141175100,0,0
2022-06-03,231.8,231.8,227.8,230.4,406500,93518600,0,0
2022-06-06,227.6,229,222.2,228.4,786000,177888700,0,0
2022-06-07,228.4,232.4,228.2,229.4,687000,158264100,0,0
2022-06-08,229.6,230.6,227.2,230,505500,115904400,0,0
2022-06-09,230,230.8,229,229.8,588000,135227100,0,0
2022-06-10,225.4,227.6,225,226,413500,93557300,0,0
2022-06-13,220.8,229.2,220.6,227.6,667500,151552300,0,0
2022-06-14,226,228.4,225.2,228,292500,66490400,0,0
2022-06-15,228,228.6,223.6,223.6,274500,61901200,0,0
2022-06-16,223.6,229.2,221.8,229.2,467000,105924500,0,0
2022-06-17,228,231.2,226.4,228.4,546000,125173400,0,0
2022-06-20,229,231.4,224.8,227,460000,104743400,0,0
2022-06-21,230.8,233,229,230,949000,218861600,0,0
2022-06-22,230,230.8,227.4,229.4,291500,66721100,0,0
2022-06-23,228.8,229.6,226.2,227.8,255500,58207900,0,0
2022-06-24,227.8,227.8,220,223.4,469500,105519300,0,0
2022-06-27,227,229.2,219.6,220,238000,52761300,0,0
2022-06-28,219.6,224.8,216.8,222.8,678000,150809100,0,0
2022-06-29,223.2,223.2,219.6,221,900000,199011700,0,0
2022-06-30,220,227.2,219,227.2,608500,136736600,0,0
2022-07-01,227.2,228.4,226.2,227.4,588500,133675000,0,0
2022-07-04,229.6,230.4,227.4,229.4,718000,164205000,0,0
2022-07-05,229,232,228,232,682500,157292500,0,0
2022-07-06,229,230.8,225,227,605500,137649400,0,0
2022-07-07,230,231.6,228,230.8,762000,175576500,0,0
2022-07-08,230.8,233,228.6,231.2,702500,162302400,0,0
2022-07-11,232.6,238.4,232,237,893500,210663200,0,0
2022-07-12,236.6,237.2,232.8,234.8,419500,98688200,0,0
2022-07-13,235.8,242.2,232,240.8,1112000,266453500,0,0
2022-07-14,239.4,239.4,225.2,227.2,1015500,233511800,0,0
2022-07-15,227.6,227.6,221.4,221.8,274000,61099400,0,0
2022-07-19,226.8,226.8,222.2,222.8,145000,32342800,0,0
2022-07-20,226.6,226.6,224.6,225.2,221500,49949700,0,0
2022-07-21,223.8,228,223.4,227.6,269000,60826600,0,0
2022-07-22,223.6,227.6,223.4,225.6,339000,76530100,0,0
2022-07-25,227,227.6,225.4,226.6,169000,38289200,0,0
2022-07-26,227,229.2,227,227.4,234500,53496900,0,0
2022-07-27,226.8,228.8,226.2,227.6,119500,27202900,0,0
2022-07-28,228.2,229.2,225.2,228.6,226500,51571900,0,0
2022-07-29,228.6,228.6,226.6,228,164500,37454300,0,0
2022-08-01,229,232.8,228.6,231,364500,84123600,0,0
2022-08-02,229.2,229.6,227.4,227.6,278500,63617200,0,0
2022-08-03,226.8,226.8,224.4,225.2,203500,45895900,0,0
2022-08-04,225.2,225.4,223.2,224.2,195000,43771300,0,0
2022-08-05,223.4,227.4,221.8,226.4,321500,72604900,0,0
2022-08-08,226.2,227,224.4,225.4,144000,32556700,0,0
2022-08-09,231.2,233.8,229.2,229.4,955000,220342300,0,0
2022-08-10,230.8,232,228.8,231,169500,39095100,0,0
2022-08-12,232,235.6,231.4,235,330000,77319200,0,0
2022-08-15,235.4,235.4,230,230,174000,40472200,0,0
2022-08-16,230,231,229.2,230,134500,30939700,0,0
2022-08-17,232,234.4,232,232.8,194500,45372000,0,0
2022-08-18,230.2,232.6,230,230,131000,30229700,0,0
2022-08-19,230,233.2,230,233.2,189500,43960600,0,0
2022-08-22,231.4,234.6,231.4,234.6,179000,41808100,0,0
2022-08-23,233.8,234,232,233,135500,31554800,0,0
2022-08-24,234,235.6,233,234,210000,49198500,0,0
2022-08-25,233.8,236.4,233.4,235.8,153000,35991600,0,0
2022-08-26,235.4,236.8,232.8,233,133000,31196600,0,0
2022-08-29,230,232.4,229.8,231.6,188000,43490600,0,0
2022-08-30,231.6,231.8,230,231.6,109500,25276700,0,0
2022-08-31,228.4,230.2,227.2,229.2,193500,44316100,0,0
2022-09-01,228.8,230.4,228.4,229.6,274500,62955500,0,0
2022-09-02,230,230.4,227.4,230.4,241000,55350700,0,0
2022-09-05,228.2,230.2,227.4,228.6,293000,67009500,0,0
2022-09-06,228.6,230,227.8,229.2,201000,46062100,0,0
2022-09-07,229.2,230.6,226.4,228,411500,93857000,0,0
2022-09-08,228.8,231,228.6,231,245500,56606700,0,0
2022-09-09,230,233.2,229.6,233,311000,71953900,0,0
2022-09-12,233,234,230.2,231.2,114500,26496900,0,0
2022-09-13,231,231,229.6,230,173500,39917700,0,0
2022-09-14,226.4,228.2,225,225.2,239500,54165700,0,0
2022-09-15,225.2,228.6,224.4,227.6,145000,32964600,0,0
2022-09-16,228.4,230.2,228,230,260500,59748800,0,0
2022-09-20,232,234.4,231.4,233,278500,64900900,0,0
2022-09-21,233.8,240.4,233.2,239.4,635000,151217000,0,0
2022-09-22,237.8,237.8,232.4,232.4,425000,99467600,0,0
2022-09-26,234,234,227.4,228.2,394000,90759700,0,0
2022-09-27,230,230.2,227.6,229.2,254500,58247600,0,0
2022-09-28,228.2,232,226.8,231.6,252500,57990100,0,0
2022-09-29,230,234,229.2,233,241500,56153100,0,0
2022-09-30,233,235.6,230.2,231.6,301000,70125200,0,0
2022-10-03,229.4,229.4,227,229,174500,39804500,0,0
2022-10-04,227,237,227,235.4,465500,109118500,0,0
2022-10-05,236,239.8,232.8,233,282000,66476000,0,0
2022-10-06,233.4,236.6,233.4,234.8,245500,57680500,0,0
2022-10-07,233.8,237,233,236,200500,47181700,0,0
2022-10-11,228.2,229.6,220.8,221,735500,164154000,0,0
2022-10-12,220.8,222,217,218.4,479000,105318700,0,0
2022-10-13,217.4,217.8,209.6,211.8,547500,115993700,0,0
2022-10-14,217.2,219.8,213.6,218.2,432500,93942700,0,0
2022-10-17,216,220.8,212.6,213.4,393500,84866400,0,0
2022-10-18,217.2,217.2,212.8,215.2,244500,52758800,0,0
2022-10-19,215,215,212.2,214.4,172500,36871600,0,0
2022-10-20,212.2,213.8,210.6,213.8,215500,45747300,0,0
2022-10-21,210.4,212.8,207.8,210.4,257000,54124500,0,0
2022-10-24,214.8,215,211,214.2,471500,100646300,0,0
2022-10-25,215.8,218.2,213.2,215.2,360000,77450900,0,0
2022-10-26,216,219.4,215,217.8,270000,58790200,0,0
2022-10-27,215.8,215.8,207,207,421000,88183500,0,0
2022-10-28,205,207.8,198.4,200.4,1356500,272709500,0,0
2022-10-31,203.8,206,202.4,204,298000,60852800,0,0
2022-11-01,207,207,199.8,200,256000,51550200,0,0
2022-11-02,198.4,202,198.4,198.8,301500,60110200,0,0
2022-11-04,198.2,202,198.2,199.6,271000,54152500,0,0
2022-11-07,200.2,202.6,200.2,200.2,190000,38253100,0,0
2022-11-08,201.4,202,199,200.6,228000,45718100,0,0
2022-11-09,201.8,201.8,199.8,199.8,141500,28410500,0,0
2022-11-10,199.8,203.6,199.6,201.4,397000,80300200,0,0
2022-11-11,204.2,204.2,201,201.2,409500,83060600,0,0
2022-11-14,199.4,199.4,196,196.2,688500,136063200,0,0
2022-11-15,197.4,198.8,195.4,195.4,299000,58856500,0,0
2022-11-16,196,200.2,195.8,199,274000,54425300,0,0
2022-11-17,199,200.4,198.6,198.6,192000,38257100,0,0
2022-11-18,199.2,201.4,196.8,196.8,475500,94486600,0,0
2022-11-21,197,197.6,195.8,197.4,304500,59920400,0,0
2022-11-22,198.8,204.4,198.8,203.8,737500,149048500,0,0
2022-11-24,207.4,209.6,206,208.2,814000,169444400,0,0
2022-11-25,207,213.4,205.6,213.4,1376500,290366300,0,0
2022-11-28,225.4,226.2,211.4,212.8,1362500,293724700,0,0
2022-11-29,211,213.8,209.6,211.2,695500,147066800,0,0
2022-11-30,209.8,211.2,207.8,208.6,325500,68106600,0,0
2022-12-01,209.2,209.2,205.4,207.2,492000,102123600,0,0
2022-12-02,204.8,204.8,198.6,203.4,815000,164408400,0,0
2022-12-05,201.6,202.8,199.2,202.8,540000,108852800,0,0
2022-12-06,203.2,205,199.8,201.2,630000,127070400,0,0
2022-12-07,201.4,207.4,201.4,205.2,495500,101732300,0,0
2022-12-08,204.8,204.8,200.2,203.2,428500,86671800,0,0
2022-12-09,202,205.2,202,203.4,637000,129917400,0,0
2022-12-12,208.8,208.8,204.6,207.4,667000,138180200,0,0
2022-12-13,209,209,204.6,206,259500,53482000,0,0
2022-12-14,206.2,208,204.6,205.4,414500,85447700,0,0
2022-12-15,204.6,207.4,204.6,205.2,333000,68508400,0,0
2022-12-16,204.6,208.8,204.6,205.8,453500,93714700,0,0
2022-12-19,205.8,212.8,205.8,211.2,929500,195841800,0,0
2022-12-20,209.6,219,208.4,216.8,1735500,374037000,0,0
2022-12-21,221.8,230.4,211,211,1695500,371787300,0,0
2022-12-22,213.2,218.4,210.6,217.6,715500,154821900,0,0
2022-12-23,216.6,222.6,216.6,222.6,530000,116856100,0,0
2022-12-26,226,226,216.6,219.8,636500,139734800,0,0
2022-12-27,220.2,226.4,220.2,226,412500,92572500,0,0
2022-12-28,224.6,227.6,222.8,227,573500,129740700,0,0
2022-12-29,224.6,225,220,222,440500,97874000,0,0
2022-12-30,223.4,224.8,221,222,576000,127983500,0,0
2023-01-04,223.6,224.4,218.6,223.4,439500,97687900,0,0
2023-01-05,221.2,221.6,214.8,215,497000,107981300,0,0
2023-01-06,214,220.4,214,217.4,420000,91307000,0,0
2023-01-10,217.4,223.2,215,218.6,548000,120116600,0,0
2023-01-11,217.6,220.2,217.6,219.8,166500,36440000,0,0
2023-01-12,220,229.2,217.6,226,524000,118074200,0,0
2023-01-13,227,244.2,227,240,1111500,264882200,0,0
2023-01-16,242,246.8,233,233.2,654000,154834200,0,0
2023-01-17,230.8,235.2,228.4,231.4,381500,88542300,0,0
2023-01-18,231.2,233.4,222.2,232.8,576500,132531700,0,0
2023-01-19,231.6,235,226.2,227,517000,118394700,0,0
2023-01-20,226.8,232.8,224.6,231.4,287000,66127600,0,0
2023-01-23,232.6,236.6,231.2,231.2,309500,72145000,0,0
2023-01-24,233.2,240,232.6,238.8,404500,95927600,0,0
2023-01-25,238.8,241.8,235,236.2,305000,72286500,0,0
2023-01-26,236.2,239.6,234.8,237.6,242500,57672300,0,0
2023-01-27,238.2,243.4,236.2,242.4,299500,72214800,0,0
2023-01-30,242.2,249.8,239.6,247.6,657500,162776000,0,0
2023-01-31,248,249.8,242.8,243.8,244500,60186300,0,0
2023-02-01,247,251,242.2,243,320000,78693300,0,0
2023-02-02,242.2,244,240.6,241.8,186500,45152100,0,0
2023-02-03,241.8,244.6,241,244.2,261500,63599200,0,0
2023-02-06,245,245,234.2,240.4,542000,129807000,0,0
2023-02-07,242.8,257.8,242.8,253.6,847000,214514800,0,0
2023-02-08,252.2,260.6,250.2,258.8,493500,126872600,0,0
2023-02-09,257.2,261.4,255.8,258.4,294000,76147300,0,0
2023-02-10,256.2,265,255.6,262.4,327500,86043400,0,0
2023-02-13,263.4,271,262.4,266.6,434500,116261700,0,0
2023-02-14,268.2,272,266,269.2,559500,150234300,0,0
2023-02-15,273.8,275.8,271.2,274,482500,132089000,0,0
2023-02-16,275.2,276,266.8,267.8,648000,174769700,0,0
2023-02-17,265.8,270.2,264.6,266.4,485000,129305800,0,0
2023-02-20,267.8,272,267.8,270.6,193000,52222400,0,0
2023-02-21,270.6,275.2,270.6,274.4,459500,125671000,0,0
2023-02-22,275.2,283.2,273.8,280.8,729500,203675300,0,0
2023-02-24,280.8,284.2,272,274.6,736000,203806600,0,0
2023-02-27,276,278.4,271.8,274.4,695000,190167300,0,0
2023-02-28,273,274.2,267,267.2,702500,189319600,0,0
2023-03-01,269.4,278.4,268.8,278.4,1224500,336951900,0,0
2023-03-02,277,280.8,272.8,275.8,622500,171614600,0,0
2023-03-03,276.2,277.4,272.6,273.4,501500,137648600,0,0
2023-03-06,276.6,276.6,266.4,268.4,501000,134724300,0,0
2023-03-07,269.4,271,265.8,268.4,529000,141498700,0,0
2023-03-08,265.6,269.2,265.6,269.2,277000,74120300,0,0
2023-03-09,269.2,274,269.2,272.8,476500,129596100,0,0
2023-03-10,268.8,269.8,260.2,261.8,1267500,334769400,0,0
2023-03-13,250.8,251.2,245,251.2,1347500,334556400,0,0
2023-03-14,237.8,238.2,228.6,230.2,1902000,441658700,0,0
2023-03-15,236.2,237.6,232,234.2,1099500,258569200,0,0
2023-03-16,224.2,228.4,221.8,225.2,974000,218811200,0,0
2023-03-17,229.2,230,222.4,226,719500,162327100,0,0
2023-03-20,225.6,227.6,223.4,224,599000,134699400,0,0
2023-03-22,230,232.8,228.6,229,548500,126242500,0,0
2023-03-23,223.6,228.4,222.2,227.2,365500,82419700,0,0
2023-03-24,225,227.6,223.6,227,324000,73262100,0,0
2023-03-27,227,227,224,225.2,334500,75421300,0,0
2023-03-28,229.8,231.2,226.6,226.6,323500,73915200,0,0
2023-03-29,227.2,230.4,227,230,379000,86882200,0,0
2023-03-30,226,227.6,223.2,226.8,389500,88082500,0,0
2023-03-31,228.2,230.2,227,228.4,374500,85532900,0,0
2023-04-03,231.6,237,231.6,236.2,330000,77504000,0,0
2023-04-04,236.2,236.6,233.4,236,351500,82801400,0,0
2023-04-05,231.6,231.6,227.8,228.8,538000,123828000,0,0
2023-04-06,224.6,226.6,223.8,224.2,337500,75857900,0,0
2023-04-07,224.8,228.6,224.8,227.4,227000,51618400,0,0
2023-04-10,226.4,228.8,226.2,227,150500,34176800,0,0
2023-04-11,229,229,225.2,226.6,283000,64133200,0,0
2023-04-12,227,228.6,224.4,224.8,239500,54054400,0,0
2023-04-13,222.4,223,220.6,222.4,447000,99183500,0,0
2023-04-14,224,224,221.2,222.4,263500,58623400,0,0
2023-04-17,221.6,223.8,220.2,223.8,260500,57939500,0,0
2023-04-18,225.4,229.4,224.8,228,264500,60291000,0,0
2023-04-19,228.2,228.6,224,228.4,275500,62450000,0,0
2023-04-20,225.2,231.2,225.2,230,378000,86690500,0,0
2023-04-21,226.2,229.8,225.8,226.4,359500,81598400,0,0
2023-04-24,228.6,228.6,223.8,223.8,352500,79266000,0,0
2023-04-25,225.6,227.2,224,224.4,247500,55808700,0,0
2023-04-26,222,223,219.2,221.4,313500,69258800,0,0
2023-04-27,220.2,224.6,220.2,224.4,253500,56648700,0,0
2023-04-28,226.6,229.6,223.4,226,459500,103976200,0,0
2023-05-01,228.6,228.6,225.6,227.8,352500,80132800,0,0
2023-05-02,227.8,228.2,224.8,226,227000,51420000,0,0
2023-05-08,222.4,225.8,219.4,221.8,1258000,278268600,0,0
2023-05-09,222.2,223.8,218,221.4,1189500,262138000,0,0
2023-05-10,223.6,224.4,221.2,221.2,370000,82367800,0,0
2023-05-11,220,222.8,219.6,222.2,433500,95925500,0,0
2023-05-12,222.2,222.2,219,221,454000,100104100,0,0
2023-05-15,222.6,224.2,220.4,222.2,1066000,236639100,0,0
2023-05-16,226.2,227.2,221.4,221.8,1023500,228210600,0,0
2023-05-17,222.4,226.8,221.4,226.6,575000,129070200,0,0
2023-05-18,229.6,231.6,227,229.8,600500,137784900,0,0
2023-05-19,229.8,230.2,224.8,225.8,1044000,237465000,0,0
2023-05-22,225,227.4,224.8,224.8,382500,86351700,0,0
2023-05-23,226,227.6,223.6,224.8,313500,70699200,0,0
2023-05-24,224.8,227.4,224.8,226,473500,107049200,0,0
2023-05-25,224.6,225.4,222.6,225.2,271000,60743900,0,0
2023-05-26,224,224.6,221.8,222.6,388500,86674700,0,0
2023-05-29,224.6,227,222.8,225.8,194500,43913200,0,0
2023-05-30,224.4,227.2,223.4,226.4,237000,53440400,0,0
2023-05-31,225,226.6,224.2,224.4,465000,104748000,0,0
2023-06-01,224,227.8,223.4,227,292500,66135200,0,0
2023-06-02,228.4,231.8,228.2,231.8,400000,92019100,0,0
2023-06-05,235.4,236,231,231.6,477000,110994000,0,0
2023-06-06,230,232.6,229,231.2,499500,115426800,0,0
2023-06-07,233.6,234.2,228.4,228.8,393500,90792700,0,0
2023-06-08,228.8,231.8,227.4,228,210500,48140500,0,0
2023-06-09,228,231.4,227.2,230.8,295000,67570700,0,0
2023-06-12,230.8,232.4,229,230.2,149500,34441600,0,0
2023-06-13,230.2,232.2,229.2,230.6,518500,119628500,0,0
2023-06-14,232,233.8,231.2,232.2,279000,64854000,0,0
2023-06-15,233.4,233.4,230.2,230.2,384500,89146900,0,0
2023-06-16,230.6,233.2,230.6,231.8,641500,148885500,0,0
2023-06-19,234,237,233,236.4,397500,93683900,0,0
2023-06-20,236.6,237.8,234,237.8,402000,95034700,0,0
2023-06-21,237.4,242,236.8,241.4,604000,144987100,0,0
2023-06-22,241,245.4,241,243.8,512000,124665800,0,0
2023-06-23,244,244.8,239.8,241,516500,125051200,0,0
2023-06-26,241,243.8,237.8,241.4,463500,111585100,0,0
2023-06-27,241.4,242.8,240.2,242.6,311000,75134400,0,0
2023-06-28,244,248.4,243.8,248.4,527000,129919000,0,0
2023-06-29,249.6,250.8,246.8,248.4,325000,80750500,0,0
2023-06-30,249.8,250.8,245.8,248.2,389500,96628200,0,0
2023-07-03,248.2,250.8,245.6,250.2,665500,165223600,0,0
2023-07-04,251.4,263.4,251.4,262.6,934500,242098800,0,0
2023-07-05,260,264,258.2,262,463500,121268300,0,0
2023-07-06,264,265.2,259,259.2,695000,181818100,0,0
2023-07-07,256.4,264.8,256,261.4,561500,146494600,0,0
2023-07-10,265.2,267.6,262.4,262.4,576500,152461500,0,0
2023-07-11,263.8,264,259.2,260,559500,146107400,0,0
2023-07-12,262.8,263.2,258.4,260.4,247000,64322200,0,0
2023-07-13,260,261.2,255.4,257.6,327500,84374200,0,0
2023-07-14,257.6,259.2,253.2,255.2,457500,116817500,0,0
2023-07-18,256.2,262.4,255.2,258.8,300000,77534100,0,0
2023-07-19,262,263,260.2,262.8,346000,90605800,0,0
2023-07-20,265,268.6,264,264.4,674000,179149500,0,0
2023-07-21,266.2,266.6,262,263.2,485000,128019700,0,0
2023-07-24,262.2,263.6,260.2,261,355000,92925900,0,0
2023-07-25,262,262.8,258.6,260,484000,126054500,0,0
2023-07-26,261,261.8,258,258,234500,60865100,0,0
2023-07-27,258,264.6,257,263.8,318500,83574100,0,0
2023-07-28,265,275.6,264.8,275.2,901500,244766400,0,0
2023-07-31,281.2,285.2,279.2,283.2,1220500,344716700,0,0
2023-08-01,283.2,283.2,279.2,279.8,478000,134298600,0,0
2023-08-02,277.6,281.8,277.6,279,411000,114938100,0,0
2023-08-03,278,279.2,275.2,276.2,338000,93608200,0,0
2023-08-04,274.8,278.8,274.4,278,274500,75954500,0,0
2023-08-07,276,280.4,274.4,280.2,361500,100585300,0,0
2023-08-08,280.6,283,280,280.2,374500,105398100,0,0
2023-08-09,280.2,280.2,273.4,275.8,348000,96151200,0,0
2023-08-10,274.2,281.8,272.4,281.4,565500,158142200,0,0
2023-08-14,282.6,289.4,282.6,285.4,771500,220095200,0,0
2023-08-15,287.2,288.2,284.4,286.2,312000,89193900,0,0
2023-08-16,280.6,280.6,276.6,278.8,337500,94165400,0,0
2023-08-17,276.8,282.8,274.8,282.4,382000,106286600,0,0
2023-08-18,283.8,284.6,278,279.4,327500,92042000,0,0
2023-08-21,278.8,280.6,275.2,276.8,369500,102820000,0,0
2023-08-22,280,285.8,279,285.8,305500,86691600,0,0
2023-08-23,285.2,285.8,282.8,285.2,191500,54495700,0,0
2023-08-24,283.8,294.8,283.8,294,414500,120786500,0,0
2023-08-25,291,294.8,288,293.4,552500,161157400,0,0
2023-08-28,295,298.2,294,294,209500,61926700,0,0
2023-08-29,297,298.2,293.2,296.8,251500,74577500,0,0
2023-08-30,298,306.2,298,305.8,455500,138062500,0,0
2023-08-31,306,306,301.2,302.6,307500,93236400,0,0
2023-09-01,302.4,311.4,302.2,308.8,460000,141859300,0,0
2023-09-04,309.4,318,309.4,317.6,623500,196459300,0,0
2023-09-05,322,323.4,316,320,648500,206918400,0,0
2023-09-06,320.2,326.6,320,324.4,466000,151078200,0,0
2023-09-07,324,324.8,320.4,321,445000,143352500,0,0
2023-09-08,318,321.8,315.8,316.2,528500,168060900,0,0
2023-09-11,319.2,340.8,319.2,340.8,733000,244582500,0,0
2023-09-12,339,343.4,334,341.6,561500,190050200,0,0
2023-09-13,348.8,350.2,341.4,344.6,736500,254385400,0,0
2023-09-14,346.2,348.6,338,343.6,814500,280462500,0,0
2023-09-15,345.4,354.2,340.6,343,1015500,352203900,0,0
2023-09-19,341.2,345.6,340,344.6,692000,237090100,0,0
2023-09-20,347.6,347.6,338.2,339,574500,195922600,0,0
2023-09-21,337.4,346.8,337,346,500000,172053000,0,0
2023-09-22,343.6,353.2,339.4,350.8,585000,202726100,0,0
2023-09-25,347.4,348.8,339.6,345.2,512000,176299200,0,0
2023-09-26,343.2,348,340.8,345.8,339500,117099300,0,0
2023-09-27,342.2,348.4,340.2,348.2,444000,153482600,0,0
2023-09-28,343.4,349,341.6,343.2,501000,172551200,0,0
2023-09-29,343.2,343.6,331.8,332.4,571000,192265600,0,0
2023-10-02,334.4,345,334.4,338.8,401000,136861200,0,0
2023-10-03,336.4,339.2,329.4,330.6,426500,141715400,0,0
2023-10-04,322.6,327.4,318.8,321.8,861000,277732600,0,0
2023-10-05,322,337.4,322,336.4,528000,175583300,0,0
2023-10-06,336.4,336.8,329.6,335.2,390000,130389200,0,0
2023-10-10,340,351,338,350,590000,204025800,0,0
2023-10-11,354.2,355.2,348,350.4,410000,144364100,0,0
2023-10-12,350.6,356.8,348.8,354.2,327000,115808500,0,0
2023-10-13,351.2,358.2,345.6,346.4,518000,180953700,0,0
2023-10-16,341,347,339.8,345.8,334000,115114300,0,0
2023-10-17,349,354,348.2,351.4,369000,129396400,0,0
2023-10-18,356,364.4,354.8,361,529500,190616400,0,0
2023-10-19,357.2,362.2,354.6,358.8,354000,126775200,0,0
2023-10-20,360.2,364,350.6,353,390000,138951400,0,0
2023-10-23,350.4,358.6,350,351,358000,126826100,0,0
2023-10-24,348,351.2,338.2,348.6,546500,188872900,0,0
2023-10-25,347.2,359.2,346.4,356,378500,134448500,0,0
2023-10-26,359.2,359.8,351,354.2,465500,165566700,0,0
2023-10-27,356.8,371.6,353.6,371.6,638500,233356200,0,0
2023-10-30,372.6,377.6,361.2,363,1330500,487430700,0,0
2023-10-31,374,376,360.4,374.2,883000,327893700,0,0
2023-11-01,379.4,386.6,376.8,385.4,681500,261090800,0,0
2023-11-02,394.2,396.6,387,395.6,777500,304935800,0,0
2023-11-06,398,402,392,392.6,639500,253225700,0,0
2023-11-07,390.2,403.6,390.2,394.6,475500,189170000,0,0
2023-11-08,390.8,391,365.6,368.6,1180000,441649800,0,0
2023-11-09,365,373.6,359.2,370.4,656500,241750400,0,0
2023-11-10,367.6,374.2,366.4,372.2,412000,152498000,0,0
2023-11-13,376.4,378.8,371.8,377,342500,128698200,0,0
2023-11-14,383,384,370.6,374.6,634500,238621500,0,0
2023-11-15,373.8,374.8,361.8,372.8,859000,318249300,0,0
2023-11-16,373.8,383,368.8,368.8,604500,225613800,0,0
2023-11-17,367.8,379.6,363.6,373.6,1189000,445177400,0,0
2023-11-20,374.4,391.2,374.4,382.8,556000,212939500,0,0
2023-11-21,385,386.2,377.6,380,352000,134156700,0,0
2023-11-22,379.8,385.8,377.2,382,200000,76379700,0,0
2023-11-24,380.2,384.6,377.6,380.4,289500,110168900,0,0
2023-11-27,379.4,381.4,374.8,375.6,214000,80659500,0,0
2023-11-28,374,385.6,374,379,349000,132505500,0,0
2023-11-29,379,381.4,363.4,363.4,410500,150968300,0,0
2023-11-30,360,362.4,354.4,358.8,679500,243929700,0,0
2023-12-01,364,366.8,360.2,364.4,364500,132546600,0,0
2023-12-04,360.2,369.2,357.4,364.6,325000,118442000,0,0
2023-12-05,362.2,364.8,356.6,356.6,370000,133033200,0,0
2023-12-06,354.8,366.4,354.8,364.2,503500,182526300,0,0
2023-12-07,360.8,368,359.6,366,313500,114474300,0,0
2023-12-08,362.2,369.8,360.4,365.6,785000,285617700,0,0
2023-12-11,365,374,361,365,471000,172944600,0,0
2023-12-12,364.4,365.8,359.4,360.2,310000,112218700,0,0
2023-12-13,360,366.8,356.8,363.4,208500,75862900,0,0
2023-12-14,362.6,363.2,344.8,344.8,535500,186674500,0,0
2023-12-15,344.8,347.4,341.6,345,298500,102816200,0,0
2023-12-18,342.8,344,336.2,342,312000,106233900,0,0
2023-12-19,342,343.4,337.4,341,278000,94673700,0,0
2023-12-20,339,339,330.2,337,570500,191241300,0,0
2023-12-21,334.6,336.6,329.8,329.8,321000,106678900,0,0
2023-12-22,330.4,338,330.4,337.6,307000,103110100,0,0
2023-12-25,339.4,340.2,331.2,332,364000,121548500,0,0
2023-12-26,331.6,334,327.6,330,272500,90051200,0,0
2023-12-27,329.6,333.2,328.8,333.2,290500,96369400,0,0
2023-12-28,331.4,333,326.6,328.8,338000,111002600,0,0
2023-12-29,329.8,338.8,329.8,336.2,344500,115544800,0,0
2024-01-04,336,336,327,335,396000,131251700,0,0
2024-01-05,338.8,340.6,336.4,339.2,269500,91412500,0,0
2024-01-09,343.8,344,339,341.6,287500,98293400,0,0
2024-01-10,341.6,344.6,339,339.6,357000,121865700,0,0
2024-01-11,342.2,351.6,342.2,346.8,404000,140595000,0,0
2024-01-12,346.8,346.8,341,343.6,314500,108006800,0,0
2024-01-15,339.8,351.2,339.8,351.2,228500,79656700,0,0
2024-01-16,354,354,343.2,346.6,308500,106934000,0,0
2024-01-17,350.4,354,346,346,255500,89132400,0,0
2024-01-18,346,346.8,340.6,345.2,231500,79607600,0,0
2024-01-19,345.2,345.4,340,340.4,264000,90072600,0,0
2024-01-22,341.8,345.4,340.6,345.2,210500,72234400,0,0
2024-01-23,346.6,346.6,339.8,341,285500,97512800,0,0
2024-01-24,340.2,353.4,340.2,353,366000,127565600,0,0
2024-01-25,355,357.2,348.6,349.4,338000,118833800,0,0
2024-01-26,347.2,353.8,344.8,347,365500,127956300,0,0
2024-01-29,351,352.2,345.2,350.6,260000,90724200,0,0
2024-01-30,350,350.4,346,347.6,235000,81849900,0,0
2024-01-31,345.6,355.8,344.8,355.6,302500,106182400,0,0
2024-02-01,350.8,354.8,347.8,352.6,270000,94976900,0,0
2024-02-02,355,355,346.6,350,251500,88176300,0,0
2024-02-05,352,357.6,350.8,353.8,376000,133066800,0,0
2024-02-06,350,350.4,338.6,341.2,750500,257002700,0,0
2024-02-07,340.4,347.6,339.6,343,321500,110615300,0,0
2024-02-08,343,344.6,339.2,342.2,278500,95238600,0,0
2024-02-09,340.4,345.8,337,340.8,375500,128294700,0,0
2024-02-13,342,348,339.6,345.2,345000,118671600,0,0
2024-02-14,345.6,346,339.8,341,279000,95237400,0,0
2024-02-15,341.2,342,333,333.8,358500,120717500,0,0
2024-02-16,336.6,341,335.6,337.6,416000,140604300,0,0
2024-02-19,340,347.8,338.2,347.8,303500,103991700,0,0
2024-02-20,349.2,351.6,343,343,214000,73937300,0,0
2024-02-21,342,345.2,340.4,344.8,137500,47218700,0,0
2024-02-22,346.6,349.8,344.8,348.2,252000,87601600,0,0
2024-02-26,350.2,353.4,349.2,350.8,216000,75947700,0,0
2024-02-27,350.8,365.6,350.8,362.2,368000,132836000,0,0
2024-02-28,362.2,378.8,362.2,368.2,383000,141465600,0,0
2024-02-29,369.8,376.6,369.2,373.4,236000,88103400,0,0
2024-03-01,375.4,380.4,373,380.4,321500,121014600,0,0
2024-03-04,382.4,382.4,367.2,371.2,415000,154465300,0,0
2024-03-05,371.2,373.4,366.4,371.6,269500,100053500,0,0
2024-03-06,373,375.8,369,374.2,317000,118356000,0,0
2024-03-07,376.4,382.6,375.4,379,457000,173264100,0,0
2024-03-08,377.4,393.4,377.4,387.8,606000,232786000,0,0
2024-03-11,402,405.8,383.4,388.4,1398500,549836900,0,0
2024-03-12,386,386,376,382.2,439500,167697400,0,0
2024-03-13,390.2,393.2,374.4,378.2,542000,206583800,0,0
2024-03-14,382.2,385.4,375.2,376.4,406000,153709000,0,0
2024-03-15,376,383.4,375.2,378,410000,155276900,0,0
2024-03-18,384,384,377,381.4,420000,159590600,0,0
2024-03-19,381.4,383.4,377.2,379.4,418000,158752200,0,0
2024-03-21,381.6,396,381,390,425500,165506500,0,0
2024-03-22,395.8,400.6,391.2,400.4,335500,133243100,0,0
2024-03-25,400,400,387.2,387.2,357000,139756300,0,0
2024-03-26,385.8,387.4,381.4,383,271500,104443700,0,0
2024-03-27,383,389,381.4,385.8,314500,121369300,0,0
2024-03-28,380.8,383.2,374,374.8,277000,104531400,0,0
2024-03-29,376.8,379.4,374.6,376.6,178500,67271800,0,0
2024-04-01,376.6,376.6,363.2,363.2,377500,138522100,0,0
2024-04-02,362.4,366,352.2,354,459000,163877100,0,0
2024-04-03,351.2,360,349.2,356.2,300500,107265000,0,0
2024-04-04,359.6,362.8,357.6,359,224500,80727000,0,0
2024-04-05,352.4,355.8,350,354.6,246500,87138600,0,0
2024-04-08,354.6,359.6,353,356.4,188500,67294100,0,0
2024-04-09,358.6,359.6,353.6,354.8,244000,86658200,0,0
2024-04-10,353.2,354.8,350,350,228000,80332800,0,0
2024-04-11,346,356.4,344.4,354.6,275000,96951400,0,0
2024-04-12,357.8,362.4,354.8,361.2,299500,107388000,0,0
2024-04-15,355.2,361.8,351.8,360,245000,87635800,0,0
2024-04-16,356.4,359.8,345.8,346.6,321000,112666200,0,0
2024-04-17,346.6,347,338.6,341.8,346500,118715900,0,0
2024-04-18,341.8,352.4,341.8,351.4,201500,70264000,0,0
2024-04-19,348.8,351.8,340.2,342.8,272000,93660500,0,0
2024-04-22,350.8,351.2,343.8,350.6,217500,75731500,0,0
2024-04-23,352.2,360,351.8,357,269500,96229600,0,0
2024-04-24,360.6,362.6,358.8,359.4,185500,66885400,0,0
2024-04-25,357.8,360.2,355,356,201500,71877500,0,0
2024-04-26,359.4,363.8,356,358.8,216500,77969200,0,0
2024-04-30,358.8,360.2,354,360.2,186000,66719300,0,0
2024-05-01,357,357,351.8,353.2,151500,53715800,0,0
2024-05-02,354.8,356.8,350.6,353.8,166000,58747300,0,0
2024-05-07,353.8,353.8,348.6,350.6,156500,54925400,0,0
2024-05-08,349,355.2,349,351.6,169000,59471300,0,0
2024-05-09,352,358.4,352,358.4,158500,56467300,0,0
2024-05-10,361.2,363.4,358.6,362.8,264000,95401800,0,0
2024-05-13,363.4,372.6,362.6,371.6,328500,121163200,0,0
2024-05-14,373.6,375.6,368.8,369.2,313000,116209100,0,0
2024-05-15,385.2,389.8,374.4,381.8,690000,264697700,0,0
2024-05-16,383.2,384,377.6,381.8,345500,131470600,0,0
2024-05-17,381.8,387.8,379.6,387.8,276500,106542500,0,0
2024-05-20,388.6,393.4,387.2,391.8,259500,101323400,0,0
2024-05-21,391.2,392.8,384,384.6,197000,76316400,0,0
2024-05-22,383.8,385.4,379.4,382.4,217500,83190800,0,0
2024-05-23,382.8,386.2,376,386.2,192000,73316000,0,0
2024-05-24,382.6,387.8,380,383.2,173500,66592300,0,0
2024-05-27,383.2,389.2,381.8,389,162000,62490600,0,0
2024-05-28,389,392.6,386,391,133000,51934000,0,0
2024-05-29,391,395.4,387,387.2,247000,96507400,0,0
2024-05-30,385.4,395.6,381.6,395.6,223000,87287700,0,0
2024-05-31,398.2,412,397.8,412,570500,232087300,0,0
2024-06-03,417,424,412.8,423.6,470500,197312600,0,0
2024-06-04,422.2,425.4,404.4,405.8,309500,127543100,0,0
2024-06-05,399.8,404,393.6,394.4,380500,151192400,0,0
2024-06-06,390.2,398.4,390,395.6,199000,78474200,0,0
2024-06-07,393.4,403,393.4,394.4,157000,62425500,0,0
2024-06-10,395.4,399.2,395.4,396.2,128000,50801000,0,0
2024-06-11,398,398.2,390.6,390.6,136000,53598100,0,0
2024-06-12,390.8,390.8,386.4,387.4,104500,40563500,0,0
2024-06-13,385,386,376,377,191000,72410000,0,0
2024-06-14,369,378.8,365.6,377.4,490500,182542400,0,0
2024-06-17,376.4,377.4,370.2,375,146500,54778800,0,0
2024-06-18,377.8,384.2,375.6,383.6,192000,73156400,0,0
2024-06-19,384,392,384,389.8,177000,68917000,0,0
2024-06-20,389.8,393.6,383.2,391.4,262000,101924200,0,0
2024-06-21,394.6,400,391.6,395,394500,155969600,0,0
2024-06-24,397.6,400.6,392,395.6,214500,85056700,0,0
2024-06-25,398.2,415.8,398.2,409.8,411500,168394600,0,0
2024-06-26,410.8,414.4,407.2,411.4,287500,118116600,0,0
2024-06-27,410,420.6,410,419.4,295500,123483300,0,0
2024-06-28,419.4,424,417.6,420.4,181000,76109900,0,0
2024-07-01,424.8,424.8,410,419.2,267000,111382100,0,0
2024-07-02,419.2,421.6,412.6,413.4,396500,165252500,0,0
2024-07-03,413.4,413.6,403.8,404.8,194000,79050500,0,0
2024-07-04,404.8,406.6,399.8,404.2,166500,67142400,0,0
2024-07-05,403.2,405.2,397,397,169500,67743600,0,0
2024-07-08,394.4,396,388,388,207000,80764300,0,0
2024-07-09,387.8,393.8,387.4,392.2,192000,75112800,0,0
2024-07-10,391.4,394,388,391.2,231000,90258700,0,0
2024-07-11,394,394.4,388.2,390.8,146500,57277300,0,0
2024-07-12,388.4,394,385,393.2,210500,82398500,0,0
2024-07-16,393.2,400.8,393.2,394.8,168000,66739900,0,0
2024-07-17,400.4,404.8,400.4,402.8,154500,62165200,0,0
2024-07-18,399.6,407.4,395.8,404.8,159000,64135000,0,0
2024-07-19,405,405.2,395.8,403,132000,52891600,0,0
2024-07-22,404.2,405,391.4,391.8,157000,62160700,0,0
2024-07-23,392.6,395.8,390.6,392.6,203500,79948300,0,0
2024-07-24,392.6,396.4,389.2,389.2,236500,92748800,0,0
2024-07-25,387,389.4,382,383.6,230500,88749700,0,0
2024-07-26,385.8,388.2,380.8,385.6,194500,74828600,0,0
2024-07-29,387.2,396.8,384.4,396.8,266000,104247900,0,0
2024-07-30,391.2,392,384.2,387.2,247500,95837300,0,0
2024-07-31,387.2,407.6,387.2,407.6,341000,136579200,0,0
2024-08-01,409,415,399.2,409.2,405000,165371900,0,0
2024-08-02,390.2,394,364,364,607000,228522300,0,0
2024-08-05,324,333.6,290.6,290.6,610000,193662300,0,0
2024-08-06,302.6,337,300,333.2,729500,234972500,0,0
2024-08-07,326.8,348.2,324.8,335.6,592000,199231000,0,0
2024-08-08,327.6,341.2,325.4,328.8,367000,122053100,0,0
2024-08-09,342.2,349.4,338,347.6,329500,113627500,0,0
2024-08-13,349.4,355.8,343,354.2,193500,68084700,0,0
2024-08-14,354.2,369,354.2,364.6,213500,77416500,0,0
2024-08-15,367,373.4,365.2,368.8,168500,62106900,0,0
2024-08-16,378.6,383,374.4,379.6,163500,61907300,0,0
2024-08-19,378,379.2,367.6,367.6,117000,43564400,0,0
2024-08-20,374.4,376,365,365.2,132500,48770500,0,0
2024-08-21,361,365,355.8,363,76500,27682600,0,0
2024-08-22,363,363,356.6,357.4,79500,28504100,0,0
2024-08-23,356,358.8,352.2,356,138000,49088200,0,0
2024-08-26,356.6,357.6,350.8,351.2,143500,50663200,0,0
2024-08-27,352.6,358.2,350.2,352,90000,31797900,0,0
2024-08-28,351,355.6,351,355.6,148000,52306400,0,0
2024-08-29,355,355,348.4,348.8,217500,76330600,0,0
2024-08-30,350.4,352.8,344.4,346,240000,83141200,0,0
2024-09-02,349,352,345,347.4,135000,47027900,0,0
2024-09-03,349.2,354.8,349,351.8,191500,67357500,0,0
2024-09-04,342.6,344.6,335.8,335.8,308500,104928800,0,0
2024-09-05,330,342.8,328.2,334,181000,60654600,0,0
2024-09-06,335,338,330,333,216000,72122900,0,0
2024-09-09,327.4,329.4,319.2,325.6,224000,72557100,0,0
2024-09-10,324.8,330.8,324.8,327.4,165500,54267000,0,0
2024-09-11,323.8,324,316.2,318,421500,134572400,0,0
2024-09-12,322,327.6,320.6,322.8,157000,50749300,0,0
2024-09-13,321,324.2,318.6,319.4,320000,102582700,0,0
2024-09-17,321,323.4,312,316.8,231000,72973000,0,0
2024-09-18,319,321,315.4,319.6,123000,39198900,0,0
2024-09-19,324.2,327.6,323,325.6,199000,64836700,0,0
2024-09-20,331,334,328,329.6,215500,71190800,0,0
2024-09-24,333,333.6,327.2,329.4,313000,103236100,0,0
2024-09-25,327.2,327.4,320.4,321.8,282500,91149700,0,0
2024-09-26,325,330.4,321.8,330.4,429500,140585700,0,0
2024-09-27,329,329,321.2,322.4,278500,90115300,0,0
2024-09-30,321.8,326.6,319.2,320,323000,103967400,0,0
2024-10-01,320.2,327.6,319.2,322.6,261500,84720300,0,0
2024-10-02,320.4,324.2,317.8,320.6,300000,96263200,0,0
2024-10-03,324.4,326,320.6,321.2,305500,98662900,0,0
2024-10-04,323.2,331.2,323.2,326.6,188000,61621800,0,0
2024-10-07,334.6,344,333,340,303000,103045300,0,0
2024-10-08,335.6,335.6,326.6,329.8,255500,84521400,0,0
2024-10-09,330.4,330.8,323,324.4,229500,74593400,0,0
2024-10-10,328.4,328.4,323.2,325,77500,25204800,0,0
2024-10-11,328,330.2,325.2,326.4,158500,51905500,0,0
2024-10-15,329,333.4,329,330.4,165000,54667800,0,0
2024-10-16,329,335,327,329.2,185500,61417600,0,0
2024-10-17,332,340.8,331.6,337.8,288000,97368800,0,0
2024-10-18,344,345.6,340.2,342.6,178500,61204100,0,0
2024-10-21,340.4,340.4,336.4,340,137500,46607800,0,0
2024-10-22,341.4,341.4,330.4,332.6,262000,87434600,0,0
2024-10-23,333.6,334,327.4,327.4,123000,40527800,0,0
2024-10-24,327.2,328.2,323,325,157500,51197800,0,0
2024-10-25,327.2,327.2,319.8,321.4,277500,89402800,0,0
2024-10-28,324.8,326.8,319.6,323.8,125000,40498700,0,0
2024-10-29,324.4,332,324.4,328.4,191500,62999600,0,0
2024-10-30,330.4,331.8,326.4,327,375500,123123000,0,0
2024-10-31,327,331.4,326.4,328.6,183500,60275500,0,0
2024-11-01,324.6,330,324,328.6,124500,40817200,0,0
2024-11-05,332,335.8,325.4,332.6,140000,46548600,0,0
2024-11-06,332.8,350,332.8,350,285500,98341800,0,0
2024-11-07,357,367.2,352,355.2,503500,179954600,0,0
2024-11-08,355.2,357,351,351,156500,55345000,0,0
2024-11-11,354,356,351.6,355.8,162000,57364400,0,0
2024-11-12,356.8,361.8,352.4,355.6,258000,92013700,0,0
2024-11-13,366.6,369.2,359.8,361.2,523500,190931500,0,0
2024-11-14,365.4,373,362.6,369.8,369000,136428500,0,0
2024-11-15,353.8,357.6,348,351.6,527000,185213900,0,0
2024-11-18,351.6,353.4,344.4,344.4,254000,88040600,0,0
2024-11-19,344.6,365.6,344.2,361.4,768000,274833000,0,0
2024-11-20,360,360,350,352,199500,70472000,0,0
2024-11-21,354,358.4,353.6,356.2,175500,62586400,0,0
2024-11-22,359.4,359.4,355,356.4,160000,57089600,0,0
2024-11-25,364.4,370.2,359.4,361.2,351000,127882100,0,0
2024-11-26,362,364.8,355.8,357.2,208500,74989700,0,0
2024-11-27,352,354.2,342.2,344,250000,86506900,0,0
2024-11-28,340.4,345.4,340.4,343,267000,91426800,0,0
2024-11-29,342.6,348.4,342,347.2,152000,52647800,0,0
2024-12-02,351.4,365.4,348.6,365.2,321500,115428900,0,0
2024-12-03,367.8,369.8,364.6,367,272500,100216100,0,0
2024-12-04,368.8,369.6,363.6,364,421000,154029100,0,0
2024-12-05,370,381,370,379.2,484000,182148700,0,0
2024-12-06,379.2,379.8,374.6,377.2,143000,53884500,0,0
2024-12-09,380,389.6,373,386.2,391500,150367800,0,0
2024-12-10,389.2,393.4,380,380,247000,95438700,0,0
2024-12-11,380,383,376,381.4,235000,89454800,0,0
2024-12-12,381.4,387.6,379.8,385.4,277000,106551900,0,0
2024-12-13,380.6,384.6,374.4,375.4,430500,163096400,0,0
2024-12-16,375.4,375.4,368.6,372.2,147500,54876900,0,0
2024-12-17,374.6,376.4,365.2,367.2,168000,61891600,0,0
2024-12-18,363.6,367.2,361.6,362.2,209000,76046500,0,0
2024-12-19,356,364.8,356,362.6,229500,82692200,0,0
2024-12-20,365.6,365.6,360,360,162500,58893900,0,0
2024-12-23,359.2,369.8,359.2,368,209000,76687300,0,0
2024-12-24,372,374,368.8,371.8,314000,116646300,0,0
2024-12-25,369,369,362,368.2,269000,98261300,0,0
2024-12-26,368.4,371.4,365,371.4,256000,94536600,0,0
2024-12-27,370.8,377.8,370.4,377.8,303000,113671000,0,0
2024-12-30,380.8,384.6,376.8,377.4,267500,101604000,0,0
2025-01-06,379.4,379.4,372.4,374.2,146000,54668600,0,0
2025-01-07,377.2,378.6,370.4,377.4,187500,70515100,0,0
2025-01-08,379.8,395.4,379.6,391.8,544500,212168900,0,0
2025-01-09,388,393.4,383.4,387.6,255000,98959500,0,0
2025-01-10,383.6,389,381.4,386.8,268500,103569500,0,0
2025-01-14,380.6,389.8,380,384.4,301500,115674100,0,0
2025-01-15,386.4,396.4,385.8,395.8,382000,150068000,0,0
2025-01-16,402.6,408,401.2,406.8,410000,165899900,0,0
2025-01-17,401.4,417,399.4,412.4,661000,271227100,0,0
2025-01-20,416.6,425,416.6,418.4,1142000,480158100,0,0
2025-01-21,421,433.8,420.2,429,1618000,690840400,0,0
2025-01-22,431.8,436,424.4,428,804500,344909300,0,0
2025-01-23,428,437.4,428,432.2,723000,312097700,0,0
2025-01-24,431.6,434.6,418.8,426.2,899500,383130700,0,0
2025-01-27,431,439.2,430.8,431.2,394000,171335300,0,0
2025-01-28,431.2,443.2,431.2,440.2,521000,229038100,0,0
2025-01-29,437.4,451,431.2,449.2,574500,255367700,0,0
2025-01-30,452.2,461.2,451.2,456.2,562000,256167600,0,0
2025-01-31,459.4,460.4,450.8,455,382500,174251400,0,0
2025-02-03,450,454.4,438,438.8,603000,267270200,0,0
2025-02-04,449.6,460,445.4,453.2,637500,289620200,0,0
2025-02-05,456.4,460.8,445.8,448.2,550500,248468000,0,0
2025-02-06,452.6,452.6,442.4,445.8,369000,164170400,0,0
2025-02-07,441,445,437.6,438.6,394500,173424200,0,0
2025-02-10,432.2,432.2,414.4,423.2,696500,292825700,0,0
2025-02-12,418.8,422.6,416.8,421.4,522000,218922100,0,0
2025-02-13,426,428,419.6,420.8,871000,368569200,0,0
2025-02-14,420.8,442,420.8,440,749000,324214700,0,0
2025-02-17,440.2,447,433.4,437.4,937500,411731900,0,0
2025-02-18,437.4,451.8,437.4,450.2,546500,243727300,0,0
2025-02-19,451.8,455.4,439,439,1563500,696375400,0,0
2025-02-20,434,434,410.2,414.8,1272500,538843400,0,0
2025-02-21,407,412.8,403.8,409.8,540500,221367900,0,0
2025-02-25,401.6,413.2,401.6,409.6,591000,241070600,0,0
2025-02-26,406.2,410.8,402.4,406.2,459000,186134300,0,0
2025-02-27,408.2,411.4,405.4,410,380500,155491600,0,0
2025-02-28,410,413.4,405.4,410,461000,188979700,0,0
2025-03-03,415.8,417.8,410.2,416.6,302500,125305600,0,0
2025-03-04,410.6,413,406.6,409.2,310000,126861000,0,0
2025-03-05,404.4,410.8,402.6,409.6,326000,132998800,0,0
2025-03-06,412.2,418.2,412.2,416.6,259500,108001500,0,0
2025-03-07,414.6,418.8,409,415.8,415000,171780000,0,0
2025-03-10,413,416.6,404,404,501500,205468300,0,0
2025-03-11,400.2,407.8,396.2,405.6,539000,217271600,0,0
2025-03-12,399.8,413.8,399.8,408.8,312500,127617100,0,0
2025-03-13,413.6,415.4,407.4,407.4,584500,239348200,0,0
2025-03-14,411.8,415.2,407.8,414.8,1224000,504720400,0,0
2025-03-17,415.4,419,414,417.8,442500,184468400,0,0
2025-03-18,422.8,432.6,417,430.2,933000,399587700,0,0
2025-03-19,430.2,436,430,430.6,326000,140718700,0,0
2025-03-21,439,455.4,438,452.4,881000,396382300,0,0
2025-03-24,453.8,454.6,441.6,443.8,346500,154695300,0,0
2025-03-25,445.6,448,438.8,441.8,358500,158589600,0,0
2025-03-26,443,445.4,436.4,444.2,325000,143756600,0,0
2025-03-27,450.4,514.6,441.4,474.8,9883500,4783411300,0,0
2025-03-28,462,474.6,451,454.6,1641000,754380700,0,0
2025-03-31,435.8,440.6,426,431.4,1013000,439825200,0,0
2025-04-01,433.4,439.6,420.4,421,451000,192061100,0,0
2025-04-02,421.2,428.4,411.2,420.6,610000,256266600,0,0
2025-04-03,390.6,400,384.8,392.4,1706000,669006400,0,0
2025-04-04,376.4,379.8,352.2,366.8,1425500,517713200,0,0
2025-04-07,330,338,307.4,324.2,1583500,509676600,0,0
2025-04-08,344.8,366.8,344.8,358,1204500,431275500,0,0
2025-04-09,340,342,327.4,329,1184500,394659100,0,0
2025-04-10,369,369,352,358.6,1327500,475249700,0,0
2025-04-11,338.4,349.6,331.2,347.2,813500,275837800,0,0
2025-04-14,352,359.4,345.8,357.2,570500,202165500,0,0
2025-04-15,361.2,364.6,357.4,360.6,390500,140817500,0,0
2025-04-16,362,364.6,350.6,355.8,556500,197766600,0,0
2025-04-17,355.2,364,355.2,364,634500,228122800,0,0
2025-04-18,369.2,371.6,366.2,369.6,295000,108758500,0,0
2025-04-21,366,370.8,364.4,370,331500,122100300,0,0
2025-04-22,370,374.8,369.8,374.2,185500,69109600,0,0
2025-04-23,387.8,388.6,378.8,378.8,439500,168482300,0,0
2025-04-24,386.8,398,386.8,393,587000,230844600,0,0
2025-04-25,400,402.2,393.8,396,999500,397259200,0,0
2025-04-28,396.8,403.4,396.8,399.6,679000,271144300,0,0
2025-04-30,400,406,398,405.2,533000,214690500,0,0
2025-05-01,405.4,409.2,395,400,1195500,480225100,0,0
2025-05-02,400.4,404.6,393.8,396,859000,342194900,0,0
2025-05-07,398.2,422,398.2,414.4,1045500,429076500,0,0
2025-05-08,408.8,411.8,403.8,404.8,743000,302633800,0,0
2025-05-09,410.4,418,408.2,414,500500,207340300,0,0
2025-05-12,416,430.6,415.6,427.4,1148000,486251100,0,0
2025-05-13,441,445.2,431.2,432.2,684500,298861500,0,0
2025-05-14,480.6,489.8,456,489.6,2889500,1370693800,0,0
2025-05-15,485.6,485.6,467.4,469.6,1803500,853308100,0,0
2025-05-16,472.2,486.2,467,481.4,1063000,508664700,0,0
2025-05-19,481.6,488.2,479.4,485.2,779500,377528300,0,0
2025-05-20,483.2,493.6,478.8,484.4,783000,378593800,0,0
2025-05-21,485.4,504.2,485.4,499.8,1329500,663730900,0,0
2025-05-22,496.2,498.8,487.8,491,898000,442110900,0,0
2025-05-23,491,498,488.6,491.4,1326500,653651000,0,0
2025-05-26,491.4,493.4,484.2,490.6,700000,342806200,0,0
2025-05-27,490.2,495.8,481.8,495.8,552000,270221500,0,0
2025-05-28,496.8,498,489,491.4,675000,332493700,0,0
2025-05-29,493.4,502,491.8,498.6,614000,305863500,0,0
2025-05-30,496.2,505,493.2,504.2,505000,253378400,0,0
2025-06-02,500.6,512,496.6,507.6,504000,255573100,0,0
2025-06-03,507.6,511.2,502.8,509.6,719500,365238500,0,0
2025-06-04,514.6,521.4,512.8,513,681000,351436900,0,0
2025-06-05,505.8,509.2,500.8,507.2,485000,245123200,0,0
2025-06-06,509.8,514.4,506.4,509.8,495500,252654800,0,0
2025-06-09,514,519.8,510,511.6,407000,208482000,0,0
2025-06-10,512,517.4,509.4,510,779000,399250400,0,0
2025-06-11,510,512.4,492.2,496.2,748500,373345800,0,0
2025-06-12,497.2,505.4,497,502.2,375500,188116400,0,0
2025-06-13,503.8,509.4,491.2,509.4,788000,395471600,0,0
2025-06-16,511,516.6,505.8,508.2,399500,203687600,0,0
2025-06-17,508.2,512.8,505.8,506.6,354000,179844700,0,0
2025-06-18,505.4,507,498.6,504.2,409500,205782300,0,0
2025-06-19,504.2,505.2,498,499.8,134000,67207100,0,0
2025-06-20,503.2,505,495.4,498.8,508500,254040500,0,0
2025-06-23,496,499.4,489.4,491.6,382500,188499700,0,0
2025-06-24,498.2,509.6,496.8,504.4,576500,291008600,0,0
2025-06-25,504.2,505.6,499.4,502.4,233500,117296800,0,0
2025-06-26,500.2,507.8,499,507.8,340000,171951900,0,0
2025-06-27,507.2,511.4,507.2,510.2,342000,174304400,0,0
2025-06-30,513.6,513.6,505.6,507.4,353000,179331600,0,0
2025-07-01,498,505.2,488.6,500.8,953500,474354300,0,0
2025-07-02,500,508.4,498.8,504,704000,354630800,0,0
2025-07-03,509.6,516.2,506.8,511,387500,197717100,0,0
2025-07-04,513.6,524,510.4,522,607500,314923800,0,0
2025-07-07,520,527.4,514.4,526,647000,337918800,0,0
2025-07-08,521.8,523.8,516.6,523,493000,257331900,0,0
2025-07-09,525.2,529.6,518.8,524.2,870500,457501200,0,0
2025-07-10,525.8,528.6,521.4,525.2,478000,250752800,0,0
2025-07-11,525.2,544.4,524.4,540.8,645000,346608100,0,0
2025-07-14,544,548.8,533.2,541.8,348000,188338900,0,0
2025-07-15,540.6,545.6,530,532.6,551500,294929600,0,0
2025-07-16,529.4,540.2,524.4,535.4,822500,437878100,0,0
2025-07-17,540,545,535.4,543.6,400000,216733900,0,0
2025-07-18,550,557.4,547.2,549.2,449000,247449700,0,0
2025-07-22,554.4,555,537,541.2,472000,256363700,0,0
2025-07-23,551.8,561,544.6,549,671000,370753700,0,0
2025-07-24,553.8,568.6,553.8,566.4,571500,322310700,0,0
2025-07-25,569.4,577.4,564.8,565.4,673500,383870700,0,0
2025-07-28,566,569.6,550,550,680000,379887800,0,0
2025-07-29,544,553.6,542,551.2,506000,277112100,0,0
2025-07-30,553.6,559.2,549.8,554.4,635500,352397600,0,0
2025-07-31,555,564.4,552,563.2,400500,224360000,0,0
2025-08-01,561.4,575.4,553.4,574.4,545000,309538300,0,0
2025-08-04,555.4,558,547.4,556,750500,415856800,0,0
2025-08-05,560,575.4,550.6,571.4,950000,537739300,0,0
2025-08-06,568.8,580,566.6,580,557500,320820000,0,0
2025-08-07,579.6,589.6,578.6,587,642500,376172100,0,0
2025-08-08,587,605,583.8,594,745500,443475400,0,0
2025-08-12,600,604,593.6,598.2,563500,337546400,0,0
2025-08-13,597.2,604,590.6,593,645500,384746500,0,0
2025-08-14,589.2,596.4,584.6,595.2,413500,244354700,0,0
2025-08-15,600,611,600,608,659000,400077000,0,0
2025-08-18,608,619,602,617,657500,403581500,0,0
2025-08-19,618,619,602,602,588000,356800000,0,0
2025-08-20,600,609,597.6,606,325500,196887100,0,0
2025-08-21,611,612,603,609,277000,168372000,0,0
2025-08-22,617,631,611,630,639000,400209000,0,0
2025-08-25,640,643,626,631,387000,244652000,0,0
2025-08-26,631,636,617,621,360000,224457500,0,0
2025-08-27,624,627,615,617,280500,173809500,0,0
2025-08-28,615,623,613,619,263000,162761500,0,0
2025-08-29,618,621,612,619,386000,238229000,0,0
2025-09-01,618,623,610,614,337000,207458500,0,0
2025-09-02,620,636,616,630,407000,255748500,0,0
2025-09-03,631,631,600,607,646000,394345500,0,0
2025-09-04,612,620,610,620,241000,148589500,0,0
2025-09-05,624,627,617,620,326000,202680000,0,0
2025-09-08,621,623,615,621,236000,146248500,0,0
2025-09-09,624,627,613,615,246500,152814500,0,0
2025-09-10,617,636,617,632,302500,190289000,0,0
2025-09-11,632,636,624,627,272500,171618500,0,0
2025-09-12,640,641,630,636,487000,310772000,0,0
2025-09-16,636,636,624,627,260000,163587500,0,0
2025-09-17,620,620,609,612,527500,323510500,0,0
2025-09-18,615,616,604,610,489500,298340000,0,0
2025-09-19,613,627,613,624,625500,389114500,0,0
2025-09-22,619,632,617,620,423500,263242000,0,0
2025-09-24,621,626,618,618,289500,179601000,0,0
2025-09-25,621,632,621,630,311500,195614000,0,0
2025-09-26,632,654,632,650,669500,433609000,0,0
2025-09-29,642,643,629,632,472500,299485000,0,0
2025-09-30,633,645,622,641,332500,211488000,0,0
2025-10-01,632,634,615,624,603000,374782000,0,0
2025-10-02,624,638,621,631,547000,344764500,0,0
2025-10-03,625,634,625,630,344500,216912000,0,0
2025-10-06,625,643,613,640,655500,412971500,0,0
2025-10-07,639,645,634,638,278000,177624500,0,0
2025-10-08,643,659,643,649,513000,334753500,0,0
2025-10-09,651,665,651,662,534000,351803500,0,0
2025-10-10,652,653,634,634,740500,474328500,0,0
2025-10-14,620,631,608,615,574000,354114500,0,0
2025-10-15,627,632,623,629,270000,169269000,0,0
2025-10-16,632,647,631,642,356000,228263500,0,0
2025-10-17,631,637,624,634,399000,251962500,0,0
2025-10-20,645,663,641,663,353000,230083500,0,0
2025-10-21,664,665,650,650,515000,337533000,0,0
2025-10-22,647,653,646,652,337000,219355000,0,0
2025-10-23,646,660,645,648,274000,178529500,0,0
2025-10-24,649,652,638,639,288500,185303500,0,0
2025-10-27,651,667,647,663,447000,295307500,0,0
2025-10-28,664,666,643,645,558500,362860000,0,0
2025-10-29,646,649,634,642,478000,306471000,0,0
2025-10-30,648,662,648,659,1040500,684565000,0,0
2025-10-31,663,663,645,657,471500,307414000,0,0
2025-11-04,654,674,647,668,483000,322372000,0,0
2025-11-05,666,670,633,653,561000,365830500,0,0
2025-11-06,656,696,653,692,726500,497269000,0,0
2025-11-07,681,688,668,673,565000,381533000,0,0
2025-11-10,680,694,675,683,521500,357791000,0,0
2025-11-11,683,683,671,673,324500,219307500,0,0
2025-11-12,676,689,670,679,419000,285023500,0,0
2025-11-13,684,695,681,691,434500,298773000,0,0
2025-11-14,683,698,681,693,685500,473326000,0,0
2025-11-17,693,697,675,680,945000,648712500,0,0
2025-11-18,672,679,662,663,690500,461323500,0,0
2025-11-19,666,685,661,673,523000,352667000,0,0
2025-11-20,687,690,676,682,484500,330734000,0,0
2025-11-21,669,699,669,697,844500,584069500,0,0
2025-11-25,698,716,698,706,565000,398136500,0,0
2025-11-26,720,726,711,723,933500,670807000,0,0
2025-11-27,740,763,736,756,902500,678351500,0,0
2025-11-28,756,764,748,754,509500,384908500,0,0
2025-12-01,768,788,760,772,813000,630783000,0,0
2025-12-02,780,789,771,774,529500,411974500,0,0
2025-12-03,772,778,755,772,701500,538710500,0,0
2025-12-04,772,797,769,794,596000,470213000,0,0
2025-12-05,786,793,780,784,461000,362018500,0,0
2025-12-08,797,798,777,795,538500,423891000,0,0
2025-12-09,795,803,793,798,508500,405263000,0,0
2025-12-10,795,799,769,778,811500,632183500,0,0
2025-12-11,781,783,760,760,477000,366327500,0,0
2025-12-12,770,777,765,771,494000,381279500,0,0
2025-12-15,774,813,774,810,882500,705720000,0,0
2025-12-16,804,820,789,789,699500,561118500,0,0
2025-12-17,796,796,772,783,412500,323595500,0,0
2025-12-18,782,788,771,786,447000,348835000,0,0
2025-12-19,785,800,784,797,552000,438249000,0,0
2025-12-22,802,806,792,796,398500,317772500,0,0
2025-12-23,794,811,794,806,469000,377105500,0,0
2025-12-24,809,814,792,797,477000,381661000,0,0
2025-12-25,803,803,789,793,196500,156032000,0,0
2025-12-26,793,798,776,782,447000,350696000,0,0
2025-12-29,779,795,771,795,624500,489965500,0,0
2025-12-30,789,817,788,808,757000,611202000,0,0
2026-01-05,812,823,807,813,540000,438781500,0,0
2026-01-06,819,836,819,831,556500,461250000,0,0
2026-01-07,822,847,819,841,458500,384291500,0,0
2026-01-08,846,866,841,851,481500,412147000,0,0
2026-01-09,861,865,851,858,370000,317415000,0,0
2026-01-13,898,918,885,913,929500,845483000,0,0
2026-01-14,916,920,898,920,631000,573891000,0,0
2026-01-15,931,967,924,962,829500,791599000,0,0
2026-01-16,970,994,965,968,1065500,1038151000,0,0
2026-01-19,968,975,952,970,469500,453636000,0,0
2026-01-20,972,974,955,962,614500,593016000,0,0
2026-01-21,938,942,919,934,798000,744411000,0,0
2026-01-22,947,971,945,954,605500,581262500,0,0
2026-01-23,960,1000,960,979,779500,767592500,0,0
2026-01-26,951,964,932,943,765000,722214000,0,0
2026-01-27,937,960,925,959,423500,402036000,0,0
2026-01-28,952,954,931,936,355500,333479000,0,0
2026-01-29,937,953,928,946,584000,551049500,0,0
2026-01-30,950,957,943,946,444000,420871500,0,0
2026-02-02,960,972,920,922,725000,678119500,0,0
2026-02-03,962,996,950,996,1042500,1023768500,0,0
2026-02-04,1000,1018,994,1014,691500,697633000,0,0
2026-02-05,1030,1050,1022,1040,685500,711272000,0,0
2026-02-06,1022,1052,1016,1052,672500,697456000,0,0
2026-02-09,1104,1104,1060,1096,904000,980481000,0,0
2026-02-10,1110,1140,1100,1122,607000,682982000,0,0
2026-02-12,1128,1144,1116,1120,847500,955916000,0,0
2026-02-13,1112,1120,1068,1068,701000,761740000,0,0
2026-02-16,1078,1080,1046,1048,567500,599128000,0,0
2026-02-17,1042,1058,1014,1016,827500,849999000,0,0
2026-02-18,1032,1058,1022,1048,603000,630405000,0,0
2026-02-19,1054,1094,1054,1088,626000,676141000,0,0
2026-02-20,1074,1102,1074,1084,568000,618458000,0,0
2026-02-24,1072,1076,1030,1050,832000,872430000,0,0
2026-02-25,1050,1054,1024,1030,1031500,1072365000,0,0
2026-02-26,1050,1074,1042,1070,807500,859096000,0,0
2026-02-27,1072,1108,1070,1102,4933500,5428210000,0,0
2026-03-02,1044,1058,1020,1050,1006500,1049111000,0,0
2026-03-03,1048,1080,1036,1036,650000,684380000,0,0
2026-03-04,984,1006,926,947,1073500,1023787000,0,0
2026-03-05,998,1032,990,1032,832500,849650500,0,0
2026-03-06,1002,1024,990,1016,728000,736921000,0,0
2026-03-09,942,959,914,959,1043000,982228500,0,0
2026-03-10,994,1026,984,1010,509000,512135000,0,0
2026-03-11,1030,1038,1014,1014,371500,380769000,0,0
2026-03-12,994,1004,955,960,1206000,1166676000,0,0
2026-03-13,938,983,937,964,1451000,1401393500,0,0
2026-03-16,960,963,940,956,610000,582357500,0,0
2026-03-17,984,1036,977,978,1351000,1349455000,0,0
2026-03-18,1006,1008,986,1008,755000,755191000,0,0
2026-03-19,988,993,971,980,1370500,1344330000,0,0
2026-03-23,952,954,918,933,814500,761066500,0,0
2026-03-24,975,984,962,982,651000,634733000,0,0
2026-03-25,1008,1034,1002,1028,501000,512480000,0,0
2026-03-26,1034,1038,1004,1020,353000,359131000,0,0
2026-03-27,1014,1078,1000,1066,1169000,1237563000,0,0
2026-03-30,1002,1048,997,1044,893500,926268500,0,0
2026-03-31,1024,1058,1014,1038,841500,875105000,0,0
2026-04-01,1100,1120,1080,1118,919500,1016222000,0,0
2026-04-02,1120,1142,1080,1080,764000,841948000,0,0
2026-04-03,1092,1098,1068,1080,502000,542051000,0,0
2026-04-06,1082,1100,1082,1084,330500,360053000,0,0
2026-04-07,1102,1112,1090,1110,522000,576651000,0,0
2026-04-08,1170,1174,1132,1146,591000,677709000,0,0
2026-04-09,1160,1174,1144,1158,451500,522503000,0,0
2026-04-10,1178,1208,1170,1174,822500,974691000,0,0
2026-04-13,1162,1204,1160,1172,473500,557966000,0,0
2026-04-14,1192,1202,1176,1202,597500,713107000,0,0
2026-04-15,1222,1236,1190,1192,477500,577415000,0,0
2026-04-16,1210,1214,1188,1190,276000,330610000,0,0
2026-04-17,1190,1196,1156,1168,372000,435347000,0,0
2026-04-20,1164,1178,1124,1124,428000,487836000,0,0
2026-04-21,1132,1134,1094,1100,484000,533958000,0,0
2026-04-22,1096,1100,1060,1060,468500,500636000,0,0
2026-04-23,1056,1056,1038,1044,399000,417466000,0,0
2026-04-24,1040,1054,1020,1034,317000,327500000,0,0
2026-04-27,1030,1040,1006,1028,394000,405428000,0,0
2026-04-28,1030,1100,1024,1100,595500,643201000,0,0
2026-04-30,1084,1088,1060,1076,438000,470310000,0,0
2026-05-01,1070,1086,1050,1078,350500,376853000,0,0
2026-05-07,1118,1138,1096,1116,637000,711681000,0,0
2026-05-08,1090,1094,1030,1074,1120000,1182692000,0,0
2026-05-11,1074,1102,1072,1098,557500,608080000,0,0
2026-05-12,1116,1136,1082,1114,687500,764801000,0,0
2026-05-13,1104,1152,1104,1148,726500,828796000,0,0
2026-05-14,1146,1168,1118,1156,721500,821809000,0,0
2026-05-18,1200,1210,1168,1176,861500,1023890000,0,0
2026-05-19,1196,1226,1178,1188,604000,724325000,0,0
2026-05-20,1190,1206,1168,1180,523000,620391000,0,0
2026-05-21,1200,1232,1200,1206,794500,966404000,0,0
2026-05-22,1224,1226,1190,1194,508000,611392000,0,0
2026-05-25,1190,1206,1170,1200,387000,462702000,0,0
2026-05-26,1198,1230,1170,1208,489000,590765000,0,0
2026-05-27,1204,1218,1174,1190,556000,664204000,0,0
2026-05-28,1182,1186,1142,1164,601000,697281000,0,0
2026-05-29,1168,1194,1166,1174,519500,611587000,0,0
2026-06-01,1172,1172,1126,1126,645500,737804000,0,0
2026-06-02,1114,1164,1082,1158,738000,835946000,0,0
2026-06-03,1178,1182,1134,1172,532000,620006000,0,0
2026-06-04,1152,1194,1144,1174,534500,627797000,0,0
2026-06-05,1194,1198,1172,1184,352500,417266000,0,0
2026-06-08,1150,1180,1144,1166,474000,550312000,0,0
2026-06-09,1178,1232,1164,1224,974500,1178981000,0,0
2026-06-10,1234,1272,1214,1214,744000,921673000,0,0
2026-06-11,1212,1226,1184,1196,564000,677221000,0,0
2026-06-12,1216,1244,1214,1224,681000,835179000,0,0
2026-06-15,1254,1276,1242,1250,623000,783221000,0,0
2026-06-16,1236,1238,1200,1228,561000,685880000,0,0
2026-06-17,1238,1256,1200,1200,665000,811184000,0,0
2026-06-18,1228,1238,1198,1206,411500,498518000,0,0
2026-06-19,1206,1212,1154,1160,1006500,1173965000,0,0
2026-06-22,1156,1204,1152,1194,496000,588258000,0,0
2026-06-23,1212,1224,1190,1194,497500,599048000,0,0
2026-06-24,1180,1192,1148,1170,702500,819753000,0,0
2026-06-25,1178,1232,1172,1214,824500,991656000,0,0
2026-06-26,1212,1234,1208,1230,632500,773469000,0,0
2026-06-29,1244,1252,1212,1238,652500,802347000,0,0
2026-06-30,1232,1248,1218,1236,679000,837910000,0,0
2026-07-01,1242,1254,1228,1244,778000,967000000,0,0
2026-07-02,1260,1312,1246,1290,814500,1051815000,0,0
2026-07-03,1292,1310,1272,1296,489500,632882000,0,0
2026-07-06,1308,1316,1288,1294,444500,577535000,0,0
2026-07-07,1310,1326,1270,1276,822500,1064375000,0,0
2026-07-08,1274,1336,1274,1320,719500,947636000,0,0
2026-07-09,1306,1310,1284,1306,430000,559265000,0,0
2026-07-10,1314,1342,1296,1302,484000,637159000,0,0
2026-07-13,1302,1342,1296,1300,349500,457760000,0,0
2026-07-14,1306,1320,1278,1310,422500,551257000,0,0
2026-07-15,1324,1366,1316,1352,743000,1000755000,0,0
2026-07-16,1352,1358,1334,1346,456000,614565000,0,0
2026-07-17,1330,1346,1208,1238,1246000,1558637000,0,0
2026-07-21,1260,1336,1242,1318,1238000,1623483000,0,0
2026-07-22,1330,1356,1314,1342,646500,865230000,0,0
2026-07-23,1330,1382,1330,1374,665500,909656000,0,0
2026-07-24,1354,1426,1352,1418,844500,1184134000,0,0
2026-07-27,1428,1466,1410,1452,812000,1171873000,0,0
2026-07-28,1442,1450,1378,1380,975000,1360617000,0,0
2026-07-29,1362,1368,1260,1296,1274000,1658529000,0,0
2026-07-30,1256,1272,1240,1258,769500,969435000,0,0
2026-07-31,1272,1314,1234,1288,792000,1020572000,0,0
2026-08-03,1308,1356,1232,1334,1173000,1522395000,0,0
2026-08-04,1332,1374,1324,1342,727500,981679000,0,0
2026-08-05,1360,1412,1348,1402,584000,813459000,0,0
2026-08-06,1410,1456,1408,1444,564000,808999000,0,0
2026-08-07,1452,1458,1414,1414,524500,748911000,0,0
2026-08-10,1412,1414,1368,1378,461500,637692000,0,0
2026-08-12,1406,1414,1386,1408,498000,697694000,0,0
2026-08-13,1420,1504,1420,1488,1249000,1842583000,0,0
2026-08-14,1490,1536,1474,1496,837500,1256684000,0,0
2026-08-17,1510,1538,1502,1518,684000,1040558000,0,0
2026-08-18,1534,1544,1506,1508,604500,921203000,0,0
2026-08-19,1478,1484,1416,1420,834000,1201636000,0,0
2026-08-20,1418,1438,1398,1418,465000,658553000,0,0
2026-08-21,1398,1432,1392,1426,390000,554203000,0,0
2026-08-24,1454,1454,1394,1404,491500,691267000,0,0
2026-08-25,1408,1434,1406,1422,453000,643522000,0,0
2026-08-26,1436,1472,1436,1454,602000,874734000,0,0
2026-08-27,1454,1484,1448,1470,557000,815913000,0,0
2026-08-28,1466,1498,1458,1482,727500,1079092000,0,0
2026-08-31,1472,1500,1452,1476,859000,1270371000,0,0
2026-09-01,1460,1484,1442,1462,723500,1057737000,0,0
2026-09-02,1450,1474,1442,1444,660000,957851000,0,0
2026-09-03,1466,1478,1438,1442,781500,1138974000,0,0
2026-09-04,1444,1456,1406,1438,686500,981173000,0,0
2026-09-07,1436,1470,1436,1458,783000,1140159000,0,0
2026-09-08,1430,1454,1400,1400,550500,783737000,0,0
2026-09-09,1392,1416,1362,1370,695000,962003000,0,0
2026-09-10,1380,1448,1380,1440,682000,972298000,0,0
2026-09-11,1410,1468,1390,1442,1088500,1560667000,0,0
2026-09-14,1412,1474,1412,1470,602000,874815000,0,0
2026-09-15,1470,1476,1432,1440,582000,843079000,0,0
2026-09-16,1454,1484,1438,1464,441500,648878000,0,0
2026-09-17,1472,1498,1446,1462,435500,641413000,0,0
2026-09-18,1470,1478,1430,1478,1125000,1643710000,0,0
2026-09-24,1466,1474,1446,1460,939000,1371675000,0,0
2026-09-25,1462,1524,1462,1524,958500,1443545000,0,0
2026-09-28,1524,1554,1514,1538,636500,980147000,0,0
2026-09-29,1502,1527,1480,1491,448700,671241800,0,0
2026-09-30,1511,1548,1483,1530,855300,1300543900,0,0
2026-10-01,1525,1528,1468,1509,695600,1044565200,0,0
2026-10-02,1500,1544,1500,1505,463900,704383700,0,0
2026-10-05,1524,1546,1496,1517,743800,1123287000,0,0
2026-10-06,1531,1601,1523,1594,756500,1191683800,0,0
2026-10-07,1571,1597,1513,1525,774100,1190371300,0,0
2026-10-08,1520,1529,1469,1469,653000,972088400,0,0
2026-10-09,1461,1477,1424,1440,789100,1139390700,0,0
