Date,Open,High,Low,Close,Volume,TradingValue,UpLimit,UnderLimit
2016-02-05,526,545,520,536,14955000,,,
2016-02-08,533,546,522,541,5175000,,,
2016-02-09,522,522,500,507,6905000,,,
2016-02-10,504,506,481,488,5780000,,,
2016-02-12,486,516,470,475,12660000,,,
2016-02-15,487,519,484,514,10390000,,,
2016-02-16,507,525,499,513,6760000,,,
2016-02-17,510,527,510,525,9710000,,,
2016-02-18,537,539,526,528,3650000,,,
2016-02-19,518,530,517,528,4980000,,,
2016-02-22,520,535,520,528,4245000,,,
2016-02-23,532,533,519,520,2600000,,,
2016-02-24,510,527,505,521,4505000,,,
2016-02-25,523,535,522,533,6140000,,,
2016-02-26,539,546,537,543,6370000,,,
2016-02-29,552,552,531,531,6220000,,,
2016-03-01,528,532,517,528,5220000,,,
2016-03-02,536,541,531,539,4925000,,,
2016-03-03,532,535,526,531,7250000,,,
2016-03-04,533,538,529,536,6885000,,,
2016-03-07,533,533,522,525,4690000,,,
2016-03-08,522,524,507,517,5270000,,,
2016-03-09,513,514,502,512,5460000,,,
2016-03-10,519,526,514,522,5160000,,,
2016-03-11,517,529,516,526,6895000,,,
2016-03-14,530,539,525,530,4855000,,,
2016-03-15,531,532,523,529,4350000,,,
2016-03-16,525,529,524,524,2680000,,,
2016-03-17,530,543,523,527,5920000,,,
2016-03-18,525,529,516,517,5895000,,,
2016-03-22,512,515,494,506,13710000,,,
2016-03-23,511,515,506,509,6175000,,,
2016-03-24,509,512,503,508,4360000,,,
2016-03-25,512,522,509,519,5890000,,,
2016-03-28,526,534,520,528,5405000,,,
2016-03-29,523,532,523,525,3960000,,,
2016-03-30,525,529,517,518,3580000,,,
2016-03-31,523,527,514,514,4870000,,,
2016-04-01,514,514,497,498,5710000,,,
2016-04-04,499,508,496,501,4080000,,,
2016-04-05,497,499,480,482,4155000,,,
2016-04-06,482,482,462,467,8140000,,,
2016-04-07,469,470,460,470,8125000,,,
2016-04-08,462,477,447,472,9860000,,,
2016-04-11,471,481,467,478,4625000,,,
2016-04-12,478,483,477,480,5060000,,,
2016-04-13,482,491,477,488,9535000,,,
2016-04-14,496,500,490,497,8095000,,,
2016-04-15,489,492,478,486,11800000,,,
2016-04-18,478,497,475,493,10095000,,,
2016-04-19,503,513,499,506,9240000,,,
2016-04-20,511,519,508,515,6905000,,,
2016-04-21,522,524,515,519,3045000,,,
2016-04-22,516,528,514,526,5270000,,,
2016-04-25,531,531,519,523,3890000,,,
2016-04-26,526,527,513,518,3780000,,,
2016-04-27,523,529,518,524,3775000,,,
2016-04-28,530,542,515,517,9900000,,,
2016-05-02,499,501,490,499,4875000,,,
2016-05-06,501,505,495,499,6240000,,,
2016-05-09,499,501,493,494,4865000,,,
2016-05-10,486,546,486,541,13440000,,,
2016-05-11,546,558,545,554,12110000,,,
2016-05-12,548,549,541,546,5355000,,,
2016-05-13,542,544,531,533,4355000,,,
2016-05-16,534,540,527,528,4565000,,,
2016-05-17,534,538,523,526,5935000,,,
2016-05-18,523,537,519,535,7110000,,,
2016-05-19,542,549,541,547,7065000,,,
2016-05-20,540,548,537,544,4170000,,,
2016-05-23,543,549,534,546,7920000,,,
2016-05-24,541,541,529,534,7500000,,,
2016-05-25,564,597,562,586,20400000,,,
2016-05-26,590,602,585,596,11440000,,,
2016-05-27,599,600,594,596,5670000,,,
2016-05-30,594,597,587,596,5925000,,,
2016-05-31,590,594,584,594,9650000,,,
2016-06-01,585,597,582,589,6170000,,,
2016-06-02,589,592,577,580,7880000,,,
2016-06-03,576,585,576,582,5740000,,,
2016-06-06,575,590,573,588,6745000,,,
2016-06-07,587,592,585,590,3950000,,,
2016-06-08,590,598,585,597,6105000,,,
2016-06-09,598,608,596,603,7530000,,,
2016-06-10,601,602,591,595,5650000,,,
2016-06-13,582,583,576,576,4690000,,,
2016-06-14,575,580,566,573,6325000,,,
2016-06-15,565,570,562,564,6785000,,,
2016-06-16,558,563,542,550,8485000,,,
2016-06-17,561,563,539,542,11465000,,,
2016-06-20,552,557,547,554,5840000,,,
2016-06-21,544,556,540,554,4635000,,,
2016-06-22,557,558,546,551,4980000,,,
2016-06-23,555,562,553,559,5590000,,,
2016-06-24,560,563,511,518,7295000,,,
2016-06-27,528,537,523,535,6080000,,,
2016-06-28,526,550,523,542,6130000,,,
2016-06-29,543,556,540,551,5725000,,,
2016-06-30,559,560,546,547,6105000,,,
2016-07-01,550,553,544,550,3975000,,,
2016-07-04,543,549,539,548,5035000,,,
2016-07-05,549,558,545,552,2805000,,,
2016-07-06,536,543,531,542,3635000,,,
2016-07-07,539,545,536,544,3495000,,,
2016-07-08,543,547,527,527,6040000,,,
2016-07-11,532,553,532,548,3370000,,,
2016-07-12,566,578,561,562,6995000,,,
2016-07-13,571,573,538,563,6285000,,,
2016-07-14,573,586,569,583,6185000,,,
2016-07-15,587,588,573,574,4495000,,,
2016-07-19,583,588,579,587,3885000,,,
2016-07-20,580,583,573,582,5525000,,,
2016-07-21,596,599,584,590,5895000,,,
2016-07-22,581,586,578,581,3115000,,,
2016-07-25,600,607,590,597,8890000,,,
2016-07-26,589,594,579,584,4060000,,,
2016-07-27,585,590,581,583,4125000,,,
2016-07-28,575,578,569,574,3965000,,,
2016-07-29,574,597,563,587,9700000,,,
2016-08-01,581,600,576,585,9285000,,,
2016-08-02,575,582,572,573,5000000,,,
2016-08-03,563,563,550,554,6570000,,,
2016-08-04,557,572,557,570,5700000,,,
2016-08-05,565,568,559,566,5875000,,,
2016-08-08,574,578,562,572,4980000,,,
2016-08-09,574,588,574,588,4085000,,,
2016-08-10,575,579,573,574,3290000,,,
2016-08-12,580,580,574,577,2505000,,,
2016-08-15,573,573,565,568,2385000,,,
2016-08-16,566,568,553,553,5265000,,,
2016-08-17,553,562,553,560,3500000,,,
2016-08-18,556,559,551,552,4865000,,,
2016-08-19,553,563,552,561,4150000,,,
2016-08-22,561,566,561,564,4215000,,,
2016-08-23,564,576,564,573,5550000,,,
2016-08-24,577,588,577,583,4515000,,,
2016-08-25,581,587,574,578,4280000,,,
2016-08-26,577,586,576,579,5305000,,,
2016-08-29,589,592,584,588,3615000,,,
2016-08-30,580,581,575,576,3215000,,,
2016-08-31,577,590,577,589,2880000,,,
2016-09-01,585,587,580,586,2765000,,,
2016-09-02,586,592,583,585,2845000,,,
2016-09-05,594,597,588,589,3225000,,,
2016-09-06,591,598,590,596,2905000,,,
2016-09-07,590,595,587,594,3410000,,,
2016-09-08,594,598,589,597,2890000,,,
2016-09-09,600,604,599,600,4840000,,,
2016-09-12,590,601,586,597,3140000,,,
2016-09-13,597,600,590,590,1700000,,,
2016-09-14,580,584,573,577,4105000,,,
2016-09-15,576,578,573,576,1995000,,,
2016-09-16,578,578,572,576,1835000,,,
2016-09-20,566,582,566,573,4110000,,,
2016-09-21,572,601,570,599,5290000,,,
2016-09-23,601,603,595,600,3530000,,,
2016-09-26,595,598,587,589,2170000,,,
2016-09-27,584,593,565,593,4565000,,,
2016-09-28,592,596,581,584,3435000,,,
2016-09-29,594,594,582,585,3095000,,,
2016-09-30,571,579,568,577,3865000,,,
2016-10-03,581,586,578,579,2265000,,,
2016-10-04,579,583,576,582,3280000,,,
2016-10-05,586,593,582,585,3775000,,,
2016-10-06,587,594,584,590,3655000,,,
2016-10-07,591,596,586,590,2185000,,,
2016-10-11,592,600,590,593,3650000,,,
2016-10-12,586,595,586,589,2960000,,,
2016-10-13,588,588,580,581,2900000,,,
2016-10-14,582,588,580,586,3815000,,,
2016-10-17,585,597,585,597,4215000,,,
2016-10-18,595,608,593,606,5180000,,,
2016-10-19,604,606,599,604,4715000,,,
2016-10-20,601,605,597,602,3715000,,,
2016-10-21,598,600,584,587,5285000,,,
2016-10-24,607,617,598,604,11215000,,,
2016-10-25,605,610,592,597,9015000,,,
2016-10-26,599,600,594,600,4830000,,,
2016-10-27,605,610,574,602,14390000,,,
2016-10-28,622,635,606,618,22640000,,,
2016-10-31,615,621,612,619,7010000,,,
2016-11-01,610,615,604,615,6200000,,,
2016-11-02,606,613,604,608,5780000,,,
2016-11-04,600,613,599,611,7390000,,,
2016-11-07,620,623,614,619,6770000,,,
2016-11-08,613,613,607,610,5060000,,,
2016-11-09,615,618,582,590,8010000,,,
2016-11-10,615,621,608,611,6285000,,,
2016-11-11,620,626,605,607,5625000,,,
2016-11-14,616,640,616,639,9090000,,,
2016-11-15,639,641,629,630,7995000,,,
2016-11-16,639,641,635,640,3955000,,,
2016-11-17,634,644,633,640,3990000,,,
2016-11-18,644,649,643,649,4640000,,,
2016-11-21,650,653,646,649,4545000,,,
2016-11-22,643,652,641,652,5525000,,,
2016-11-24,655,658,647,651,6025000,,,
2016-11-25,644,650,641,650,4960000,,,
2016-11-28,643,658,637,657,8300000,,,
2016-11-29,653,666,651,665,6470000,,,
2016-11-30,658,670,658,665,10255000,,,
2016-12-01,669,669,652,656,9890000,,,
2016-12-02,654,665,653,659,4510000,,,
2016-12-05,655,659,649,657,6385000,,,
2016-12-06,670,677,668,672,10650000,,,
2016-12-07,670,686,664,683,8700000,,,
2016-12-08,693,696,682,693,5155000,,,
2016-12-09,695,704,690,700,8370000,,,
2016-12-12,710,712,700,706,6660000,,,
2016-12-13,709,719,706,715,8685000,,,
2016-12-14,720,720,707,712,5100000,,,
2016-12-15,703,716,703,714,5275000,,,
2016-12-16,715,721,712,720,6730000,,,
2016-12-19,716,722,712,718,5090000,,,
2016-12-20,715,726,712,726,5270000,,,
2016-12-21,728,729,717,719,2945000,,,
2016-12-22,719,725,716,724,2755000,,,
2016-12-26,720,721,710,715,5140000,,,
2016-12-27,715,719,713,715,2805000,,,
2016-12-28,717,725,715,725,2470000,,,
2016-12-29,720,720,707,713,2970000,,,
2016-12-30,709,713,702,707,4375000,,,
2017-01-04,711,734,710,733,5690000,,,
2017-01-05,732,736,726,735,5725000,,,
2017-01-06,725,732,724,730,4210000,,,
2017-01-10,726,726,716,721,6145000,,,
2017-01-11,726,726,715,720,5100000,,,
2017-01-12,713,714,696,707,6945000,,,
2017-01-13,702,715,702,707,6625000,,,
2017-01-16,712,713,700,701,3455000,,,
2017-01-17,699,702,693,695,6160000,,,
2017-01-18,686,695,681,692,6525000,,,
2017-01-19,700,706,700,703,2915000,,,
2017-01-20,703,708,701,705,2755000,,,
2017-01-23,697,699,692,694,3030000,,,
2017-01-24,693,700,692,696,3310000,,,
2017-01-25,709,709,697,700,2535000,,,
2017-01-26,705,705,697,701,2770000,,,
2017-01-27,704,708,700,704,4785000,,,
2017-01-30,700,704,687,698,8165000,,,
2017-01-31,723,754,709,714,18360000,,,
2017-02-01,710,729,710,726,7465000,,,
2017-02-02,730,732,706,706,6165000,,,
2017-02-03,705,708,700,705,5345000,,,
2017-02-06,713,713,704,706,3590000,,,
2017-02-07,696,699,690,692,4965000,,,
2017-02-08,710,723,700,709,8085000,,,
2017-02-09,704,704,697,699,4085000,,,
2017-02-10,707,714,704,712,3895000,,,
2017-02-13,720,721,714,718,3460000,,,
2017-02-14,720,722,706,707,5190000,,,
2017-02-15,716,719,712,713,3885000,,,
2017-02-16,714,717,707,714,4115000,,,
2017-02-17,709,720,705,717,9265000,,,
2017-02-20,714,717,709,716,5020000,,,
2017-02-21,717,719,712,717,3510000,,,
2017-02-22,715,719,713,719,4720000,,,
2017-02-23,719,722,715,722,5020000,,,
2017-02-24,720,726,716,720,5705000,,,
2017-02-27,716,717,708,713,5120000,,,
2017-02-28,718,725,717,719,6555000,,,
2017-03-01,720,736,718,734,8510000,,,
2017-03-02,738,744,736,738,8445000,,,
2017-03-03,725,730,715,720,8370000,,,
2017-03-06,720,725,714,722,8360000,,,
2017-03-07,727,732,713,717,6665000,,,
2017-03-08,717,720,708,719,8265000,,,
2017-03-09,722,722,715,718,3855000,,,
2017-03-10,727,728,722,725,5285000,,,
2017-03-13,722,726,719,722,4205000,,,
2017-03-14,724,727,722,723,3260000,,,
2017-03-15,720,723,715,721,2905000,,,
2017-03-16,718,730,716,728,5955000,,,
2017-03-17,726,733,723,730,5315000,,,
2017-03-21,731,736,730,730,3510000,,,
2017-03-22,715,717,706,706,4800000,,,
2017-03-23,705,706,699,701,3770000,,,
2017-03-24,703,707,700,704,4050000,,,
2017-03-27,699,699,694,694,3415000,,,
2017-03-28,703,705,695,699,6415000,,,
2017-03-29,706,706,689,692,5715000,,,
2017-03-30,693,696,679,684,5500000,,,
2017-03-31,690,690,675,675,5250000,,,
2017-04-03,677,681,673,678,3020000,,,
2017-04-04,678,678,665,673,4615000,,,
2017-04-05,680,682,670,675,5355000,,,
2017-04-06,678,679,661,665,4990000,,,
2017-04-07,675,676,664,672,5155000,,,
2017-04-10,676,680,671,675,4035000,,,
2017-04-11,686,686,673,678,6040000,,,
2017-04-12,674,677,669,677,5005000,,,
2017-04-13,668,673,665,669,4085000,,,
2017-04-14,667,669,663,666,2730000,,,
2017-04-17,670,671,659,669,4135000,,,
2017-04-18,674,677,670,676,3650000,,,
2017-04-19,669,672,664,665,3330000,,,
2017-04-20,661,665,661,663,3020000,,,
2017-04-21,665,669,664,669,2260000,,,
2017-04-24,679,684,676,682,4735000,,,
2017-04-25,689,702,685,700,6855000,,,
2017-04-26,703,711,701,710,4840000,,,
2017-04-27,712,713,704,708,3870000,,,
2017-04-28,712,715,707,709,4435000,,,
2017-05-01,703,714,702,714,3320000,,,
2017-05-02,715,721,714,716,3740000,,,
2017-05-08,723,730,720,729,7435000,,,
2017-05-09,723,731,721,727,6715000,,,
2017-05-10,730,730,671,696,22360000,,,
2017-05-11,735,739,686,690,23475000,,,
2017-05-12,690,690,675,681,12435000,,,
2017-05-15,678,681,672,681,6385000,,,
2017-05-16,682,691,682,690,6570000,,,
2017-05-17,688,689,674,677,7600000,,,
2017-05-18,671,679,666,675,7125000,,,
2017-05-19,676,676,669,674,4085000,,,
2017-05-22,669,676,669,674,4810000,,,
2017-05-23,676,686,676,680,7780000,,,
2017-05-24,690,693,688,690,5365000,,,
2017-05-25,684,698,684,697,7100000,,,
2017-05-26,702,710,695,697,7845000,,,
2017-05-29,693,697,690,695,3965000,,,
2017-05-30,689,699,689,696,3940000,,,
2017-05-31,690,696,689,691,3960000,,,
2017-06-01,695,708,694,705,7440000,,,
2017-06-02,716,722,713,718,7535000,,,
2017-06-05,710,717,710,716,4780000,,,
2017-06-06,709,714,706,706,4800000,,,
2017-06-07,703,711,703,709,4525000,,,
2017-06-08,714,721,708,708,8040000,,,
2017-06-09,711,725,711,717,8450000,,,
2017-06-12,721,727,719,725,5830000,,,
2017-06-13,719,728,719,720,4650000,,,
2017-06-14,720,727,720,721,3870000,,,
2017-06-15,719,728,719,722,3825000,,,
2017-06-16,725,731,722,727,5935000,,,
2017-06-19,723,734,722,732,5350000,,,
2017-06-20,739,745,739,740,5620000,,,
2017-06-21,732,742,731,735,3990000,,,
2017-06-22,737,738,732,732,2890000,,,
2017-06-23,731,732,728,731,3255000,,,
2017-06-26,731,734,729,729,2900000,,,
2017-06-27,735,737,731,734,3190000,,,
2017-06-28,729,734,728,729,2965000,,,
2017-06-29,738,742,735,737,4085000,,,
2017-06-30,731,732,726,732,4720000,,,
2017-07-03,733,736,726,731,3465000,,,
2017-07-04,734,740,733,737,4825000,,,
2017-07-05,737,742,731,740,6660000,,,
2017-07-06,739,745,738,739,5490000,,,
2017-07-07,735,742,734,741,5050000,,,
2017-07-10,750,757,746,753,7260000,,,
2017-07-11,749,760,746,758,6530000,,,
2017-07-12,759,767,751,753,8185000,,,
2017-07-13,759,762,744,748,4805000,,,
2017-07-14,743,748,741,743,5720000,,,
2017-07-18,738,745,731,742,5735000,,,
2017-07-19,743,752,742,752,4415000,,,
2017-07-20,750,756,749,754,2880000,,,
2017-07-21,753,753,749,752,2290000,,,
2017-07-24,748,755,743,755,2935000,,,
2017-07-25,751,753,743,744,3290000,,,
2017-07-26,749,752,744,749,2795000,,,
2017-07-27,734,741,724,729,8745000,,,
2017-07-28,721,804,721,794,17275000,,,
2017-07-31,808,845,804,832,26065000,,,
2017-08-01,825,831,813,822,11335000,,,
2017-08-02,832,845,813,820,10465000,,,
2017-08-03,850,897,847,863,15055000,,,
2017-08-04,856,874,851,867,8755000,,,
2017-08-07,870,872,859,861,5970000,,,
2017-08-08,855,857,849,854,7305000,,,
2017-08-09,849,849,837,843,6815000,,,
2017-08-10,843,855,843,852,6685000,,,
2017-08-14,844,853,839,843,4770000,,,
2017-08-15,843,859,840,851,5110000,,,
2017-08-16,856,864,856,856,3975000,,,
2017-08-17,850,855,838,839,7295000,,,
2017-08-18,846,856,833,843,7835000,,,
2017-08-21,834,847,834,838,5615000,,,
2017-08-22,826,840,826,837,3315000,,,
2017-08-23,846,852,841,842,4125000,,,
2017-08-24,829,840,828,834,3285000,,,
2017-08-25,841,848,837,846,3220000,,,
2017-08-28,845,845,836,836,3375000,,,
2017-08-29,829,839,826,839,2850000,,,
2017-08-30,845,855,843,850,5790000,,,
2017-08-31,858,868,855,861,7045000,,,
2017-09-01,865,878,860,875,5575000,,,
2017-09-04,870,875,852,853,4020000,,,
2017-09-05,850,853,838,841,5285000,,,
2017-09-06,834,850,833,845,6235000,,,
2017-09-07,845,863,843,862,4395000,,,
2017-09-08,858,876,858,871,6770000,,,
2017-09-11,880,885,871,874,3740000,,,
2017-09-12,883,886,874,880,3550000,,,
2017-09-13,881,888,880,886,3385000,,,
2017-09-14,894,899,878,882,5100000,,,
2017-09-15,885,889,869,882,16525000,,,
2017-09-19,889,905,883,905,6200000,,,
2017-09-20,895,907,895,907,5200000,,,
2017-09-21,907,924,906,917,7150000,,,
2017-09-22,915,918,905,916,5370000,,,
2017-09-25,916,942,912,941,8375000,,,
2017-09-26,937,939,922,929,6625000,,,
2017-09-27,915,948,896,913,2398000,,,
2017-09-28,922,958,916,950,2303000,,,
2017-09-29,944,954,935,952,1705500,,,
2017-10-02,959,959,931,938,926000,,,
2017-10-03,950,951,940,949,1015000,,,
2017-10-04,940,941,924,940,1132500,,,
2017-10-05,926,932,922,931,966000,,,
2017-10-06,938,938,926,930,729000,,,
2017-10-10,905,919,902,915,1821000,,,
2017-10-11,921,929,917,919,908000,,,
2017-10-12,919,920,911,915,873500,,,
2017-10-13,915,924,909,919,773000,,,
2017-10-16,921,931,917,927,979500,,,
2017-10-17,934,936,925,935,861500,,,
2017-10-18,933,938,923,932,953000,,,
2017-10-19,930,944,921,939,960000,,,
2017-10-20,937,937,927,929,609000,,,
2017-10-23,940,940,929,933,732500,,,
2017-10-24,926,940,922,937,1027000,,,
2017-10-25,940,946,934,940,1055000,,,
2017-10-26,939,943,931,933,509000,,,
2017-10-27,933,942,928,941,664000,,,
2017-10-30,936,946,926,941,1932000,,,
2017-10-31,931,972,928,936,1833500,,,
2017-11-01,950,950,916,930,1608000,,,
2017-11-02,953,953,921,924,1034500,,,
2017-11-06,918,923,902,906,1046000,,,
2017-11-07,901,923,900,923,1002000,,,
2017-11-08,930,957,929,957,1366000,,,
2017-11-09,964,970,927,939,1845000,,,
2017-11-10,911,920,911,915,1280500,,,
2017-11-13,916,922,908,914,791000,,,
2017-11-14,912,918,906,907,764500,,,
2017-11-15,906,909,891,896,1010500,,,
2017-11-16,893,915,890,910,912000,,,
2017-11-17,920,925,904,906,900500,,,
2017-11-20,900,907,896,903,876500,,,
2017-11-21,910,915,903,905,703500,,,
2017-11-22,918,918,906,913,488000,,,
2017-11-24,910,921,908,920,497000,,,
2017-11-27,921,925,912,916,893000,,,
2017-11-28,916,924,912,913,667000,,,
2017-11-29,917,935,913,931,698500,,,
2017-11-30,935,959,935,956,1312000,,,
2017-12-01,963,971,953,957,1188500,,,
2017-12-04,945,967,945,961,1179500,,,
2017-12-05,944,960,936,957,1124000,,,
2017-12-06,955,966,944,947,1102500,,,
2017-12-07,947,959,942,956,996000,,,
2017-12-08,957,978,957,978,1415000,,,
2017-12-11,978,978,958,963,930500,,,
2017-12-12,964,969,960,963,632000,,,
2017-12-13,990,997,966,971,1859500,,,
2017-12-14,957,980,951,967,927500,,,
2017-12-15,969,977,960,968,1094000,,,
2017-12-18,982,994,980,984,739500,,,
2017-12-19,979,986,968,972,540000,,,
2017-12-20,960,971,956,966,728000,,,
2017-12-21,966,977,964,975,394000,,,
2017-12-22,975,990,974,981,679500,,,
2017-12-25,989,994,978,989,635000,,,
2017-12-26,988,993,971,976,605000,,,
2017-12-27,973,980,967,977,402500,,,
2017-12-28,977,987,973,976,435500,,,
2017-12-29,971,978,967,973,508000,,,
2018-01-04,985,1022,984,1004,952000,,,
2018-01-05,1012,1012,996,1006,417000,,,
2018-01-09,1020,1020,993,999,694500,,,
2018-01-10,1000,1016,1000,1008,487000,,,
2018-01-11,1000,1012,1000,1010,567500,,,
2018-01-12,1012,1018,1004,1004,565500,,,
2018-01-15,1016,1020,998,1006,597500,,,
2018-01-16,1004,1006,996,1000,408500,,,
2018-01-17,995,995,986,990,501000,,,
2018-01-18,990,990,973,973,1087500,,,
2018-01-19,984,997,978,982,940500,,,
2018-01-22,980,983,967,973,806500,,,
2018-01-23,980,986,972,975,547000,,,
2018-01-24,970,979,968,975,715500,,,
2018-01-25,965,972,963,965,604500,,,
2018-01-26,972,994,971,972,948500,,,
2018-01-29,972,974,956,961,1052000,,,
2018-01-30,954,962,949,954,844000,,,
2018-01-31,968,1032,952,1014,2601500,,,
2018-02-01,1034,1100,1032,1080,2385500,,,
2018-02-02,1066,1086,1066,1072,1015500,,,
2018-02-05,1052,1066,1038,1044,908500,,,
2018-02-06,1014,1046,1004,1028,1990000,,,
2018-02-07,1034,1064,1028,1028,1531000,,,
2018-02-08,1038,1050,1014,1016,1199500,,,
2018-02-09,1006,1028,1002,1024,1686500,,,
2018-02-13,1056,1058,1022,1026,1973000,,,
2018-02-14,1100,1114,1032,1032,2209500,,,
2018-02-15,1038,1044,1024,1028,804500,,,
2018-02-16,1032,1040,1016,1018,1155000,,,
2018-02-19,1030,1062,1030,1062,1525000,,,
2018-02-20,1060,1064,1038,1042,963500,,,
2018-02-21,1048,1054,1036,1046,768000,,,
2018-02-22,1034,1040,1014,1016,992000,,,
2018-02-23,1014,1022,1000,1020,811500,,,
2018-02-26,1040,1044,1006,1032,921500,,,
2018-02-27,1040,1048,1028,1040,713500,,,
2018-02-28,1038,1048,1034,1040,862500,,,
2018-03-01,1042,1044,1024,1030,736500,,,
2018-03-02,1012,1018,994,1010,1334500,,,
2018-03-05,1006,1024,1000,1014,1197500,,,
2018-03-06,1018,1032,1010,1020,661000,,,
2018-03-07,1010,1026,1008,1020,691000,,,
2018-03-08,1028,1036,1020,1032,799500,,,
2018-03-09,1052,1066,1036,1042,1240000,,,
2018-03-12,1054,1060,1036,1042,561000,,,
2018-03-13,1036,1050,1026,1050,662000,,,
2018-03-14,1038,1050,1036,1046,530500,,,
2018-03-15,1052,1062,1038,1058,610000,,,
2018-03-16,1056,1066,1048,1054,760500,,,
2018-03-19,1048,1066,1042,1048,963500,,,
2018-03-20,1046,1056,1040,1046,860500,,,
2018-03-22,1040,1058,1040,1054,1063500,,,
2018-03-23,1034,1042,1014,1018,1114500,,,
2018-03-26,1020,1024,1002,1024,829000,,,
2018-03-27,1026,1058,1026,1054,742500,,,
2018-03-28,1046,1052,1034,1042,886000,,,
2018-03-29,1050,1054,1034,1048,941500,,,
2018-03-30,1054,1064,1046,1054,746000,,,
2018-04-02,1056,1060,1046,1048,888000,,,
2018-04-03,1044,1064,1036,1056,855500,,,
2018-04-04,1056,1058,1044,1054,886500,,,
2018-04-05,1060,1066,1044,1060,1066000,,,
2018-04-06,1058,1068,1046,1052,1041000,,,
2018-04-09,1046,1066,1046,1052,919000,,,
2018-04-10,1054,1064,1036,1040,1268500,,,
2018-04-11,1044,1044,1016,1022,1262000,,,
2018-04-12,1020,1028,1000,1014,997500,,,
2018-04-13,1020,1024,1004,1014,965500,,,
2018-04-16,1016,1026,1014,1024,672500,,,
2018-04-17,1024,1030,1008,1014,708500,,,
2018-04-18,1020,1038,1020,1032,537500,,,
2018-04-19,1040,1048,1028,1032,666000,,,
2018-04-20,1034,1056,1032,1046,731000,,,
2018-04-23,1044,1050,1034,1038,421000,,,
2018-04-24,1044,1052,1036,1048,499000,,,
2018-04-25,1046,1056,1034,1044,608500,,,
2018-04-26,1046,1054,1036,1048,587500,,,
2018-04-27,1064,1068,1054,1064,1022000,,,
2018-05-01,1054,1058,1046,1058,535000,,,
2018-05-02,1066,1080,1050,1076,916000,,,
2018-05-07,1074,1084,1064,1084,668500,,,
2018-05-08,1080,1094,1076,1086,648500,,,
2018-05-09,1090,1096,1062,1068,780000,,,
2018-05-10,1070,1172,1052,1150,2348000,,,
2018-05-11,1150,1164,1120,1140,1672500,,,
2018-05-14,1140,1158,1126,1130,710500,,,
2018-05-15,1180,1216,1162,1168,1961500,,,
2018-05-16,1158,1168,1148,1162,790000,,,
2018-05-17,1168,1178,1164,1172,686000,,,
2018-05-18,1180,1194,1174,1186,728000,,,
2018-05-21,1182,1190,1176,1180,517000,,,
2018-05-22,1174,1180,1170,1174,434000,,,
2018-05-23,1164,1184,1160,1168,677500,,,
2018-05-24,1170,1182,1160,1166,555000,,,
2018-05-25,1158,1168,1154,1160,609000,,,
2018-05-28,1154,1184,1154,1176,849000,,,
2018-05-29,1206,1220,1188,1210,1719500,,,
2018-05-30,1196,1202,1182,1186,678000,,,
2018-05-31,1206,1206,1186,1196,1070500,,,
2018-06-01,1180,1204,1176,1198,819500,,,
2018-06-04,1210,1236,1208,1230,1265000,,,
2018-06-05,1222,1232,1208,1222,866000,,,
2018-06-06,1228,1236,1216,1230,535500,,,
2018-06-07,1212,1232,1202,1228,1075000,,,
2018-06-08,1216,1232,1206,1226,1385000,,,
2018-06-11,1232,1246,1228,1234,940500,,,
2018-06-12,1248,1256,1232,1248,1163500,,,
2018-06-13,1250,1274,1242,1256,1251500,,,
2018-06-14,1264,1270,1254,1258,1194000,,,
2018-06-15,1276,1278,1256,1256,1246500,,,
2018-06-18,1272,1272,1246,1252,1050000,,,
2018-06-19,1246,1246,1220,1230,1207500,,,
2018-06-20,1216,1234,1210,1228,882000,,,
2018-06-21,1208,1212,1200,1204,1562500,,,
2018-06-22,1200,1222,1198,1218,1321500,,,
2018-06-25,1214,1218,1190,1194,744500,,,
2018-06-26,1176,1192,1158,1184,1108000,,,
2018-06-27,1174,1198,1170,1188,772500,,,
2018-06-28,1192,1196,1166,1176,788500,,,
2018-06-29,1182,1186,1158,1164,739500,,,
2018-07-02,1164,1168,1144,1148,982000,,,
2018-07-03,1148,1160,1138,1146,811500,,,
2018-07-04,1140,1164,1140,1156,550000,,,
2018-07-05,1156,1156,1130,1136,658000,,,
2018-07-06,1132,1156,1132,1150,843000,,,
2018-07-09,1150,1164,1132,1142,653500,,,
2018-07-10,1144,1156,1120,1124,989500,,,
2018-07-11,1104,1130,1094,1118,1263000,,,
2018-07-12,1118,1126,1104,1110,1531500,,,
2018-07-13,1124,1130,1112,1118,961500,,,
2018-07-17,1116,1146,1116,1134,1310500,,,
2018-07-18,1146,1156,1136,1150,1008000,,,
2018-07-19,1142,1142,1126,1128,819500,,,
2018-07-20,1132,1150,1130,1140,1462500,,,
2018-07-23,1136,1152,1136,1146,1076000,,,
2018-07-24,1160,1170,1150,1154,1652500,,,
2018-07-25,1134,1146,1118,1140,1389000,,,
2018-07-26,1148,1158,1134,1140,1251500,,,
2018-07-27,1136,1154,1128,1142,912000,,,
2018-07-30,1136,1264,1118,1204,3496000,,,
2018-07-31,1184,1228,1150,1176,3319000,,,
2018-08-01,1180,1214,1176,1202,2173000,,,
2018-08-02,1206,1224,1194,1204,1091000,,,
2018-08-03,1206,1206,1176,1190,754500,,,
2018-08-06,1196,1196,1172,1172,771000,,,
2018-08-07,1178,1206,1176,1194,796000,,,
2018-08-08,1202,1220,1180,1182,701500,,,
2018-08-09,1182,1190,1182,1182,647000,,,
2018-08-10,1180,1190,1172,1180,733500,,,
2018-08-13,1168,1174,1152,1166,699000,,,
2018-08-14,1172,1190,1160,1186,1022500,,,
2018-08-15,1186,1194,1176,1184,579000,,,
2018-08-16,1164,1164,1144,1154,843500,,,
2018-08-17,1154,1158,1144,1150,563500,,,
2018-08-20,1144,1152,1128,1132,508500,,,
2018-08-21,1130,1142,1126,1130,731000,,,
2018-08-22,1128,1136,1118,1132,622000,,,
2018-08-23,1132,1140,1126,1128,727500,,,
2018-08-24,1138,1144,1130,1144,446000,,,
2018-08-27,1150,1160,1142,1156,491000,,,
2018-08-28,1170,1174,1166,1170,794500,,,
2018-08-29,1184,1184,1170,1174,621500,,,
2018-08-30,1174,1200,1172,1190,1179500,,,
2018-08-31,1180,1188,1176,1180,633000,,,
2018-09-03,1166,1176,1152,1162,684000,,,
2018-09-04,1158,1170,1144,1164,639500,,,
2018-09-05,1166,1166,1136,1142,551000,,,
2018-09-06,1138,1148,1130,1140,640000,,,
2018-09-07,1130,1150,1128,1148,762500,,,
2018-09-10,1142,1158,1136,1146,905000,,,
2018-09-11,1146,1162,1146,1158,635000,,,
2018-09-12,1158,1182,1158,1176,1103000,,,
2018-09-13,1176,1196,1176,1188,572500,,,
2018-09-14,1198,1202,1168,1174,943000,,,
2018-09-18,1168,1202,1156,1200,755000,,,
2018-09-19,1228,1236,1204,1212,1065000,,,
2018-09-20,1230,1236,1220,1230,1033500,,,
2018-09-21,1238,1256,1230,1256,1792500,,,
2018-09-25,1260,1280,1254,1280,1334500,,,
2018-09-26,1280,1290,1264,1278,952500,,,
2018-09-27,1280,1288,1270,1280,1563500,,,
2018-09-28,1290,1294,1262,1276,1469000,,,
2018-10-01,1260,1282,1258,1270,710000,,,
2018-10-02,1280,1294,1270,1270,588500,,,
2018-10-03,1264,1276,1256,1256,634500,,,
2018-10-04,1272,1276,1248,1266,795000,,,
2018-10-05,1268,1284,1266,1272,1463500,,,
2018-10-09,1266,1294,1260,1278,1740000,,,
2018-10-10,1290,1310,1286,1300,1310500,,,
2018-10-11,1260,1262,1222,1230,1755500,,,
2018-10-12,1214,1220,1192,1200,1727000,,,
2018-10-15,1186,1194,1174,1176,786000,,,
2018-10-16,1176,1176,1156,1174,1191000,,,
2018-10-17,1194,1198,1180,1190,988000,,,
2018-10-18,1188,1194,1168,1174,962000,,,
2018-10-19,1160,1174,1158,1172,1004000,,,
2018-10-22,1168,1190,1160,1178,644000,,,
2018-10-23,1170,1172,1148,1148,1101500,,,
2018-10-24,1160,1164,1144,1158,1119500,,,
2018-10-25,1130,1132,1116,1122,934000,,,
2018-10-26,1124,1128,1096,1104,1190000,,,
2018-10-29,1108,1120,1100,1102,930000,,,
2018-10-30,1112,1126,1108,1114,2697000,,,
2018-10-31,1144,1158,1042,1068,2527500,,,
2018-11-01,1068,1118,1068,1100,2117000,,,
2018-11-02,1100,1116,1076,1114,1435000,,,
2018-11-05,1098,1120,1090,1114,1222000,,,
2018-11-06,1116,1130,1114,1116,855000,,,
2018-11-07,1118,1136,1108,1114,777000,,,
2018-11-08,1146,1156,1130,1136,942000,,,
2018-11-09,1140,1148,1132,1136,617500,,,
2018-11-12,1132,1144,1130,1134,626500,,,
2018-11-13,1102,1114,1088,1102,1023500,,,
2018-11-14,1116,1122,1104,1108,896000,,,
2018-11-15,1108,1112,1088,1098,1186000,,,
2018-11-16,1096,1106,1086,1092,1388500,,,
2018-11-19,1100,1110,1092,1096,917000,,,
2018-11-20,1094,1114,1090,1102,860000,,,
2018-11-21,1074,1094,1070,1090,726000,,,
2018-11-22,1086,1090,1066,1082,1100000,,,
2018-11-26,1102,1130,1078,1088,1991000,,,
2018-11-27,1084,1090,1072,1080,1517500,,,
2018-11-28,1080,1094,1074,1076,1319000,,,
2018-11-29,1076,1084,1050,1054,2074000,,,
2018-11-30,1054,1082,1050,1064,1718500,,,
2018-12-03,1074,1082,1066,1074,1026000,,,
2018-12-04,1092,1106,1056,1056,1520500,,,
2018-12-05,1038,1060,1036,1056,1028000,,,
2018-12-06,1052,1058,1030,1036,849000,,,
2018-12-07,1040,1068,1036,1066,1427500,,,
2018-12-10,1060,1066,1048,1054,765000,,,
2018-12-11,1048,1050,1032,1038,768000,,,
2018-12-12,1058,1070,1054,1062,1208500,,,
2018-12-13,1068,1074,1060,1064,994500,,,
2018-12-14,1050,1062,1032,1036,1395000,,,
2018-12-17,1042,1058,1032,1046,1206500,,,
2018-12-18,1038,1064,1038,1054,1686500,,,
2018-12-19,1060,1070,1052,1058,1115000,,,
2018-12-20,1052,1056,1028,1030,859000,,,
2018-12-21,1016,1022,987,990,1507500,,,
2018-12-25,948,948,931,939,856500,,,
2018-12-26,936,954,924,935,1638000,,,
2018-12-27,963,995,961,991,962500,,,
2018-12-28,986,1004,985,995,622000,,,
2019-01-04,967,985,958,981,913500,,,
2019-01-07,1010,1020,1004,1010,698000,,,
2019-01-08,1014,1016,1004,1006,657000,,,
2019-01-09,1010,1022,1006,1020,766500,,,
2019-01-10,1016,1036,1012,1032,1012000,,,
2019-01-11,1034,1042,1024,1026,857500,,,
2019-01-15,1014,1040,1010,1034,863000,,,
2019-01-16,1066,1066,1030,1036,1166500,,,
2019-01-17,1038,1046,1024,1044,915500,,,
2019-01-18,1054,1072,1054,1058,682000,,,
2019-01-21,1058,1072,1054,1060,433000,,,
2019-01-22,1060,1064,1050,1052,410500,,,
2019-01-23,1042,1058,1040,1048,482000,,,
2019-01-24,1028,1050,1024,1044,727500,,,
2019-01-25,1048,1062,1044,1048,635500,,,
2019-01-28,1044,1046,1038,1040,378500,,,
2019-01-29,1048,1052,1038,1048,451000,,,
2019-01-30,1052,1056,1042,1052,665500,,,
2019-01-31,1092,1092,1046,1060,1614500,,,
2019-02-01,1040,1064,1026,1030,1641000,,,
2019-02-04,1028,1036,1006,1016,1478000,,,
2019-02-05,1008,1012,998,1004,1381500,,,
2019-02-06,1012,1038,1006,1022,1029000,,,
2019-02-07,1018,1034,1010,1030,873000,,,
2019-02-08,1016,1018,1000,1000,685500,,,
2019-02-12,1004,1024,1000,1022,781000,,,
2019-02-13,1026,1042,1024,1036,771500,,,
2019-02-14,1052,1082,1046,1076,1315000,,,
2019-02-15,1066,1068,1042,1066,904500,,,
2019-02-18,1076,1082,1064,1082,625500,,,
2019-02-19,1082,1096,1080,1092,858500,,,
2019-02-20,1094,1108,1092,1098,678500,,,
2019-02-21,1096,1106,1088,1100,836500,,,
2019-02-22,1086,1088,1078,1082,878000,,,
2019-02-25,1088,1094,1084,1086,685500,,,
2019-02-26,1096,1114,1096,1106,842500,,,
2019-02-27,1116,1122,1102,1104,1126000,,,
2019-02-28,1104,1108,1088,1090,868500,,,
2019-03-01,1100,1102,1090,1090,741000,,,
2019-03-04,1094,1098,1076,1098,717500,,,
2019-03-05,1098,1112,1094,1104,743000,,,
2019-03-06,1092,1094,1082,1086,471500,,,
2019-03-07,1074,1090,1068,1084,994000,,,
2019-03-08,1070,1094,1070,1080,1320000,,,
2019-03-11,1086,1100,1080,1094,690000,,,
2019-03-12,1100,1112,1100,1106,549000,,,
2019-03-13,1096,1106,1088,1094,824500,,,
2019-03-14,1102,1104,1092,1092,451500,,,
2019-03-15,1100,1106,1084,1084,1037500,,,
2019-03-18,1086,1092,1078,1092,496500,,,
2019-03-19,1098,1112,1090,1106,708000,,,
2019-03-20,1098,1106,1092,1100,521000,,,
2019-03-22,1092,1094,1068,1080,860500,,,
2019-03-25,1090,1090,1054,1058,810500,,,
2019-03-26,1078,1106,1074,1104,1010500,,,
2019-03-27,1108,1108,1082,1096,714000,,,
2019-03-28,1078,1082,1064,1068,569000,,,
2019-03-29,1086,1090,1072,1080,654500,,,
2019-04-01,1066,1090,1062,1088,1076500,,,
2019-04-02,1116,1116,1088,1090,625000,,,
2019-04-03,1070,1078,1046,1052,1322500,,,
2019-04-04,1020,1044,1006,1040,1488000,,,
2019-04-05,1036,1042,1020,1024,946500,,,
2019-04-08,1032,1046,1030,1038,1193500,,,
2019-04-09,1030,1038,1030,1032,531500,,,
2019-04-10,1030,1050,1026,1032,1129000,,,
2019-04-11,1030,1048,1026,1042,511000,,,
2019-04-12,1056,1056,1034,1040,532000,,,
2019-04-15,1040,1048,1036,1044,1112500,,,
2019-04-16,1044,1054,1042,1046,716000,,,
2019-04-17,1040,1056,1040,1054,781500,,,
2019-04-18,1056,1062,1042,1046,553500,,,
2019-04-19,1048,1052,1034,1044,585000,,,
2019-04-22,1052,1060,1044,1058,457000,,,
2019-04-23,1068,1070,1060,1070,480500,,,
2019-04-24,1070,1104,1046,1086,2330000,,,
2019-04-25,1088,1094,1060,1072,1221500,,,
2019-04-26,1072,1072,1058,1064,645000,,,
2019-05-07,1052,1060,1044,1056,746500,,,
2019-05-08,1036,1044,1022,1026,782500,,,
2019-05-09,1008,1020,1000,1000,1221000,,,
2019-05-10,985,1060,930,1042,3068500,,,
2019-05-13,1040,1086,1024,1076,2260500,,,
2019-05-14,1064,1084,1062,1078,1195000,,,
2019-05-15,1088,1094,1080,1094,1261000,,,
2019-05-16,1092,1114,1084,1112,1039500,,,
2019-05-17,1114,1140,1108,1134,1370000,,,
2019-05-20,1150,1162,1146,1156,1213500,,,
2019-05-21,1170,1172,1160,1160,951000,,,
2019-05-22,1160,1176,1148,1152,1027000,,,
2019-05-23,1152,1164,1140,1154,663000,,,
2019-05-24,1140,1156,1140,1156,582000,,,
2019-05-27,1154,1158,1148,1158,393000,,,
2019-05-28,1160,1160,1142,1142,919500,,,
2019-05-29,1128,1130,1106,1108,1249500,,,
2019-05-30,1096,1106,1088,1104,790000,,,
2019-05-31,1104,1108,1092,1100,674500,,,
2019-06-03,1082,1094,1080,1094,482500,,,
2019-06-04,1092,1092,1058,1082,1116000,,,
2019-06-05,1088,1096,1070,1092,925500,,,
2019-06-06,1100,1104,1090,1094,638000,,,
2019-06-07,1100,1104,1094,1100,433000,,,
2019-06-10,1102,1120,1100,1114,556000,,,
2019-06-11,1118,1126,1106,1124,653500,,,
2019-06-12,1112,1122,1108,1112,577500,,,
2019-06-13,1110,1116,1100,1106,982000,,,
2019-06-14,1112,1114,1096,1110,634500,,,
2019-06-17,1102,1112,1096,1106,635500,,,
2019-06-18,1110,1116,1096,1098,434000,,,
2019-06-19,1146,1156,1116,1118,1082000,,,
2019-06-20,1128,1134,1120,1126,615000,,,
2019-06-21,1120,1124,1096,1100,1225000,,,
2019-06-24,1100,1104,1090,1102,412500,,,
2019-06-25,1122,1136,1120,1124,760500,,,
2019-06-26,1136,1136,1112,1112,771500,,,
2019-06-27,1122,1130,1118,1124,513500,,,
2019-06-28,1144,1154,1120,1132,1067500,,,
2019-07-01,1150,1150,1126,1148,713500,,,
2019-07-02,1140,1158,1140,1156,567000,,,
2019-07-03,1142,1150,1138,1138,730500,,,
2019-07-04,1146,1148,1140,1144,241000,,,
2019-07-05,1144,1152,1140,1148,291500,,,
2019-07-08,1158,1160,1138,1142,495500,,,
2019-07-09,1156,1158,1136,1136,547000,,,
2019-07-10,1124,1152,1124,1146,663000,,,
2019-07-11,1142,1152,1140,1144,652000,,,
2019-07-12,1148,1164,1138,1154,701000,,,
2019-07-16,1152,1156,1136,1148,679000,,,
2019-07-17,1146,1164,1144,1154,654000,,,
2019-07-18,1134,1142,1112,1118,876500,,,
2019-07-19,1112,1138,1108,1134,618000,,,
2019-07-22,1124,1126,1110,1110,846500,,,
2019-07-23,1110,1124,1104,1116,587500,,,
2019-07-24,1122,1148,1120,1144,1191500,,,
2019-07-25,1140,1144,1134,1140,457500,,,
2019-07-26,1122,1136,1120,1134,504000,,,
2019-07-29,1136,1140,1126,1126,318500,,,
2019-07-30,1140,1150,1086,1146,1474000,,,
2019-07-31,1156,1188,1146,1170,2287000,,,
2019-08-01,1134,1168,1118,1164,1499500,,,
2019-08-02,1138,1158,1132,1142,1456500,,,
2019-08-05,1138,1148,1100,1112,1281000,,,
2019-08-06,1076,1114,1066,1110,1227500,,,
2019-08-07,1096,1110,1084,1108,976500,,,
2019-08-08,1098,1110,1096,1104,722000,,,
2019-08-09,1114,1116,1098,1100,493000,,,
2019-08-13,1086,1092,1074,1086,637500,,,
2019-08-14,1104,1104,1090,1102,623000,,,
2019-08-15,1072,1086,1064,1086,892000,,,
2019-08-16,1086,1098,1082,1090,628000,,,
2019-08-19,1098,1100,1084,1090,459000,,,
2019-08-20,1088,1120,1084,1116,671000,,,
2019-08-21,1122,1128,1100,1104,731500,,,
2019-08-22,1106,1106,1094,1102,531000,,,
2019-08-23,1102,1116,1098,1112,621000,,,
2019-08-26,1092,1102,1084,1090,777500,,,
2019-08-27,1096,1114,1096,1102,936000,,,
2019-08-28,1108,1122,1098,1106,695000,,,
2019-08-29,1100,1104,1090,1104,658000,,,
2019-08-30,1088,1088,1056,1076,3138000,,,
2019-09-02,1062,1070,1028,1032,1454500,,,
2019-09-03,1018,1042,1018,1030,891500,,,
2019-09-04,1022,1042,1016,1036,964000,,,
2019-09-05,1044,1050,1032,1034,1130500,,,
2019-09-06,1042,1044,1032,1036,579000,,,
2019-09-09,1030,1054,1030,1050,494500,,,
2019-09-10,1056,1082,1052,1064,818500,,,
2019-09-11,1072,1090,1066,1086,911500,,,
2019-09-12,1086,1088,1056,1062,1256500,,,
2019-09-13,1066,1080,1062,1078,1219500,,,
2019-09-17,1084,1092,1074,1086,660500,,,
2019-09-18,1096,1104,1090,1096,763500,,,
2019-09-19,1108,1118,1104,1112,647500,,,
2019-09-20,1134,1134,1116,1124,1054000,,,
2019-09-24,1118,1140,1118,1126,657500,,,
2019-09-25,1122,1132,1112,1132,595000,,,
2019-09-26,1152,1164,1130,1136,1523000,,,
2019-09-27,1134,1134,1106,1120,854500,,,
2019-09-30,1126,1134,1112,1122,1034000,,,
2019-10-01,1124,1136,1122,1124,836500,,,
2019-10-02,1106,1118,1098,1118,870500,,,
2019-10-03,1088,1106,1084,1096,1163000,,,
2019-10-04,1090,1114,1086,1110,726000,,,
2019-10-07,1118,1136,1116,1132,680000,,,
2019-10-08,1142,1158,1136,1148,963000,,,
2019-10-09,1150,1154,1138,1152,753000,,,
2019-10-10,1154,1158,1138,1150,657500,,,
2019-10-11,1166,1170,1154,1170,666500,,,
2019-10-15,1180,1182,1168,1176,854000,,,
2019-10-16,1184,1194,1170,1172,889500,,,
2019-10-17,1168,1186,1168,1176,745500,,,
2019-10-18,1176,1190,1166,1166,772000,,,
2019-10-21,1172,1174,1162,1164,339500,,,
2019-10-23,1172,1176,1158,1170,584000,,,
2019-10-24,1174,1178,1166,1170,584000,,,
2019-10-25,1170,1174,1160,1168,852000,,,
2019-10-28,1170,1186,1166,1178,816500,,,
2019-10-29,1186,1190,1162,1164,1050500,,,
2019-10-30,1160,1178,1160,1168,901000,,,
2019-10-31,1132,1190,1104,1108,1887000,,,
2019-11-01,1128,1158,1102,1126,1715000,,,
2019-11-05,1132,1174,1126,1162,1732000,,,
2019-11-06,1176,1194,1168,1188,1430000,,,
2019-11-07,1194,1204,1170,1174,1483500,,,
2019-11-08,1184,1192,1174,1178,1269000,,,
2019-11-11,1196,1208,1194,1194,802500,,,
2019-11-12,1190,1214,1188,1210,1025000,,,
2019-11-13,1218,1226,1206,1212,966000,,,
2019-11-14,1204,1212,1188,1206,1367500,,,
2019-11-15,1198,1206,1192,1202,598000,,,
2019-11-18,1188,1194,1178,1188,441500,,,
2019-11-19,1176,1184,1174,1182,570500,,,
2019-11-20,1162,1166,1150,1160,879000,,,
2019-11-21,1142,1156,1130,1156,894500,,,
2019-11-22,1136,1142,1128,1136,1288000,,,
2019-11-25,1150,1156,1142,1148,866000,,,
2019-11-26,1146,1162,1146,1156,693000,,,
2019-11-27,1160,1160,1148,1152,616500,,,
2019-11-28,1138,1140,1130,1140,449000,,,
2019-11-29,1134,1134,1124,1128,789500,,,
2019-12-02,1140,1148,1134,1138,690000,,,
2019-12-03,1128,1142,1128,1136,763000,,,
2019-12-04,1140,1140,1126,1132,852000,,,
2019-12-05,1120,1124,1106,1120,735500,,,
2019-12-06,1106,1112,1100,1110,1107500,,,
2019-12-09,1122,1124,1112,1116,505500,,,
2019-12-10,1118,1128,1112,1116,1113000,,,
2019-12-11,1122,1122,1098,1102,678500,,,
2019-12-12,1108,1112,1100,1100,779000,,,
2019-12-13,1114,1130,1104,1124,1111500,,,
2019-12-16,1126,1126,1112,1114,472000,,,
2019-12-17,1122,1122,1106,1116,566000,,,
2019-12-18,1124,1124,1110,1120,662000,,,
2019-12-19,1110,1120,1108,1116,616500,,,
2019-12-20,1116,1124,1110,1116,1231500,,,
2019-12-23,1122,1126,1100,1104,472500,,,
2019-12-24,1108,1114,1090,1096,398500,,,
2019-12-25,1106,1106,1090,1092,377000,,,
2019-12-26,1096,1098,1088,1096,405000,,,
2019-12-27,1094,1102,1094,1102,375000,,,
2019-12-30,1100,1106,1094,1100,441500,,,
2020-01-06,1092,1108,1086,1090,1259500,,,
2020-01-07,1108,1126,1108,1122,956500,,,
2020-01-08,1104,1112,1092,1100,918000,,,
2020-01-09,1120,1130,1112,1116,694000,,,
2020-01-10,1122,1136,1122,1122,634000,,,
2020-01-14,1128,1140,1110,1118,776500,,,
2020-01-15,1112,1130,1112,1118,562000,,,
2020-01-16,1120,1124,1112,1114,385000,,,
2020-01-17,1106,1116,1102,1114,708500,,,
2020-01-20,1110,1120,1110,1116,478000,,,
2020-01-21,1110,1114,1104,1106,670000,,,
2020-01-22,1096,1112,1094,1104,748500,,,
2020-01-23,1098,1118,1092,1092,828000,,,
2020-01-24,1098,1106,1096,1102,886000,,,
2020-01-27,1102,1106,1092,1096,909500,,,
2020-01-28,1082,1088,1072,1080,716500,,,
2020-01-29,1084,1094,1078,1090,762000,,,
2020-01-30,1078,1088,1074,1080,889500,,,
2020-01-31,1084,1120,1072,1086,2098000,,,
2020-02-03,1066,1096,1054,1084,1211000,,,
2020-02-04,1078,1084,1068,1078,955000,,,
2020-02-05,1094,1106,1082,1102,755000,,,
2020-02-06,1120,1150,1118,1142,1052500,,,
2020-02-07,1142,1160,1138,1138,984000,,,
2020-02-10,1120,1122,1100,1104,727500,,,
2020-02-12,1116,1116,1082,1086,1048000,,,
2020-02-13,1090,1096,1070,1078,744000,,,
2020-02-14,1076,1078,1054,1060,1097500,,,
2020-02-17,1040,1050,1032,1046,832500,,,
2020-02-18,1028,1028,1006,1012,1038000,,,
2020-02-19,1020,1024,1012,1018,878500,,,
2020-02-20,1016,1030,1016,1020,795000,,,
2020-02-21,1018,1026,1004,1008,1118500,,,
2020-02-25,974,987,971,971,1148500,,,
2020-02-26,954,964,949,959,1212500,,,
2020-02-27,953,954,938,943,1164500,,,
2020-02-28,921,931,910,919,1364000,,,
2020-03-02,905,932,900,924,1270500,,,
2020-03-03,926,937,906,910,1803000,,,
2020-03-04,897,911,885,897,1280000,,,
2020-03-05,896,898,884,888,1401500,,,
2020-03-06,874,876,855,860,913000,,,
2020-03-09,829,834,800,808,941500,,,
2020-03-10,794,815,765,812,1612500,,,
2020-03-11,808,833,796,811,1818000,,,
2020-03-12,797,816,780,790,1512000,,,
2020-03-13,734,755,712,736,1474500,,,
2020-03-16,742,754,727,727,1145500,,,
2020-03-17,707,753,702,746,1437500,,,
2020-03-18,756,756,713,717,2456000,,,
2020-03-19,731,737,703,717,1857500,,,
2020-03-23,703,743,687,735,2320000,,,
2020-03-24,762,773,732,760,1843500,,,
2020-03-25,802,831,784,817,2097500,,,
2020-03-26,806,806,773,786,1544500,,,
2020-03-27,826,864,824,862,1671000,,,
2020-03-30,844,883,810,874,2119500,,,
2020-03-31,864,864,795,807,1643000,,,
2020-04-01,811,842,796,800,1534000,,,
2020-04-02,786,804,778,787,773500,,,
2020-04-03,787,812,773,778,786500,,,
2020-04-06,778,800,772,793,586000,,,
2020-04-07,817,835,808,827,873500,,,
2020-04-08,844,860,827,852,1105000,,,
2020-04-09,868,870,808,819,799500,,,
2020-04-10,815,825,794,823,448000,,,
2020-04-13,823,823,795,798,387500,,,
2020-04-14,804,820,799,819,520000,,,
2020-04-15,810,823,803,810,969500,,,
2020-04-16,799,811,794,802,592500,,,
2020-04-17,815,835,805,809,1005500,,,
2020-04-20,771,791,768,786,1181500,,,
2020-04-21,766,778,757,776,1315000,,,
2020-04-22,779,780,756,760,941000,,,
2020-04-23,766,788,766,788,832500,,,
2020-04-24,782,788,772,783,689500,,,
2020-04-27,803,811,786,803,935000,,,
2020-04-28,802,802,785,790,1029000,,,
2020-04-30,808,847,808,834,1313000,,,
2020-05-01,823,829,789,796,1446000,,,
2020-05-07,793,800,781,789,762000,,,
2020-05-08,805,809,791,805,863500,,,
2020-05-11,819,899,813,838,1425000,,,
2020-05-12,837,845,783,794,1951000,,,
2020-05-13,785,815,779,808,1312500,,,
2020-05-14,791,798,773,773,1004500,,,
2020-05-15,795,795,770,790,796500,,,
2020-05-18,778,784,770,782,1147000,,,
2020-05-19,796,806,780,806,2040500,,,
2020-05-20,782,798,780,795,1384500,,,
2020-05-21,791,802,785,800,1095500,,,
2020-05-22,804,804,772,778,998500,,,
2020-05-25,790,804,783,804,903500,,,
2020-05-26,816,837,811,832,1273500,,,
2020-05-27,846,857,835,855,1192000,,,
2020-05-28,852,857,841,854,1656500,,,
2020-05-29,845,881,841,879,2087500,,,
2020-06-01,871,875,864,868,1210000,,,
2020-06-02,877,885,873,877,906500,,,
2020-06-03,879,894,873,888,1201000,,,
2020-06-04,900,901,869,882,950500,,,
2020-06-05,874,892,869,890,1503500,,,
2020-06-08,912,920,898,907,1703000,,,
2020-06-09,904,904,869,884,2127000,,,
2020-06-10,875,891,870,882,1552000,,,
2020-06-11,869,873,852,854,1298000,,,
2020-06-12,798,837,793,832,1592000,,,
2020-06-15,822,828,807,807,1025000,,,
2020-06-16,828,854,821,852,1790500,,,
2020-06-17,852,856,840,842,796000,,,
2020-06-18,840,845,830,843,810000,,,
2020-06-19,847,847,826,829,1700500,,,
2020-06-22,815,823,812,818,679500,,,
2020-06-23,814,828,810,824,1401500,,,
2020-06-24,829,839,804,823,1744000,,,
2020-06-25,820,823,807,818,1107500,,,
2020-06-26,827,835,823,831,1362000,,,
2020-06-29,818,824,810,812,665000,,,
2020-06-30,823,838,808,810,1606500,,,
2020-07-01,815,831,807,816,1392500,,,
2020-07-02,819,819,796,805,1461000,,,
2020-07-03,814,815,799,808,915500,,,
2020-07-06,806,828,802,827,706500,,,
2020-07-07,793,811,792,810,1130000,,,
2020-07-08,806,815,799,799,1037500,,,
2020-07-09,801,804,783,787,1313000,,,
2020-07-10,786,786,776,778,1173500,,,
2020-07-13,793,807,793,805,1166000,,,
2020-07-14,784,791,777,786,1378000,,,
2020-07-15,792,807,792,802,1291000,,,
2020-07-16,816,823,812,815,1347000,,,
2020-07-17,813,813,801,805,957500,,,
2020-07-20,803,812,799,807,788500,,,
2020-07-21,800,801,786,795,901500,,,
2020-07-22,779,788,766,766,1276000,,,
2020-07-27,761,779,756,779,1620000,,,
2020-07-28,781,787,768,773,1033000,,,
2020-07-29,764,767,754,758,1614500,,,
2020-07-30,771,775,751,770,3102000,,,
2020-07-31,756,792,724,729,2567500,,,
2020-08-03,746,765,745,757,1603000,,,
2020-08-04,775,806,773,802,2217500,,,
2020-08-05,785,801,779,801,1523000,,,
2020-08-06,802,802,779,784,1405000,,,
2020-08-07,788,811,786,802,900000,,,
2020-08-11,810,831,795,822,1874500,,,
2020-08-12,829,859,826,853,1673000,,,
2020-08-13,847,863,838,859,1710500,,,
2020-08-14,850,853,841,843,948000,,,
2020-08-17,843,855,841,841,812000,,,
2020-08-18,839,860,832,846,1256000,,,
2020-08-19,843,850,834,847,1122500,,,
2020-08-20,842,846,836,838,709500,,,
2020-08-21,856,858,844,846,708500,,,
2020-08-24,843,847,832,838,884000,,,
2020-08-25,850,859,847,853,1630500,,,
2020-08-26,848,868,841,860,1028000,,,
2020-08-27,853,878,847,874,1803500,,,
2020-08-28,886,896,864,866,1864000,,,
2020-08-31,891,895,884,886,1121000,,,
2020-09-01,873,876,863,873,905500,,,
2020-09-02,876,880,868,875,766500,,,
2020-09-03,880,881,867,874,620500,,,
2020-09-04,865,880,858,878,964500,,,
2020-09-07,872,874,858,864,695500,,,
2020-09-08,871,875,863,874,499000,,,
2020-09-09,860,865,847,861,929000,,,
2020-09-10,863,887,855,884,1120500,,,
2020-09-11,878,894,872,891,1058500,,,
2020-09-14,900,919,899,916,898500,,,
2020-09-15,907,919,900,908,843000,,,
2020-09-16,920,920,902,903,1048000,,,
2020-09-17,889,900,880,895,976000,,,
2020-09-18,901,918,893,904,1120000,,,
2020-09-23,890,904,881,900,1072500,,,
2020-09-24,895,895,868,871,1241000,,,
2020-09-25,874,876,851,858,1459500,,,
2020-09-28,864,875,860,875,1456000,,,
2020-09-29,865,865,847,855,1094000,,,
2020-09-30,841,851,827,827,1225000,,,
2020-10-01,#VALUE!,#VALUE!,#VALUE!,#VALUE!,0,,,
2020-10-02,825,837,803,810,1669500,,,
2020-10-05,824,842,822,837,882500,,,
2020-10-06,851,857,840,850,1236500,,,
2020-10-07,829,848,823,843,917000,,,
2020-10-08,844,850,836,845,1099500,,,
2020-10-09,845,848,835,839,843000,,,
2020-10-12,832,839,827,835,613000,,,
2020-10-13,841,846,825,827,736000,,,
2020-10-14,827,830,817,822,554500,,,
2020-10-15,823,823,806,810,637500,,,
2020-10-16,808,814,802,802,520500,,,
2020-10-19,802,816,800,813,739500,,,
2020-10-20,802,810,790,793,418000,,,
2020-10-21,807,818,794,813,685000,,,
2020-10-22,806,819,801,814,761500,,,
2020-10-23,814,822,809,819,791000,,,
2020-10-26,818,823,810,817,521500,,,
2020-10-27,804,810,794,806,706000,,,
2020-10-28,799,801,784,793,773000,,,
2020-10-29,787,794,784,791,454000,,,
2020-10-30,800,800,740,746,2094000,,,
2020-11-02,746,787,746,784,1847000,,,
2020-11-04,794,799,780,783,964000,,,
2020-11-05,783,793,773,790,1030500,,,
2020-11-06,790,794,780,791,1087500,,,
2020-11-09,795,795,775,783,1069500,,,
2020-11-10,806,823,799,814,1680500,,,
2020-11-11,836,846,824,827,1525000,,,
2020-11-12,813,819,802,810,807000,,,
2020-11-13,803,803,774,785,958000,,,
2020-11-16,797,812,789,806,1043500,,,
2020-11-17,812,830,806,830,947000,,,
2020-11-18,829,829,811,816,975500,,,
2020-11-19,806,814,801,814,992000,,,
2020-11-20,803,819,803,819,641000,,,
2020-11-24,830,846,828,839,923000,,,
2020-11-25,860,860,823,824,1094500,,,
2020-11-26,830,842,824,842,939500,,,
2020-11-27,837,840,823,826,1119000,,,
2020-11-30,812,812,766,769,2031500,,,
2020-12-01,788,793,772,788,1198000,,,
2020-12-02,794,800,786,794,1013500,,,
2020-12-03,804,811,794,802,649000,,,
2020-12-04,792,802,784,785,651000,,,
2020-12-07,790,795,782,782,528000,,,
2020-12-08,770,780,769,769,676500,,,
2020-12-09,767,784,767,783,510500,,,
2020-12-10,783,794,781,782,899000,,,
2020-12-11,784,796,781,795,1084000,,,
2020-12-14,805,831,804,811,1178500,,,
2020-12-15,797,811,794,803,545000,,,
2020-12-16,808,810,800,804,576000,,,
2020-12-17,798,799,788,789,532500,,,
2020-12-18,783,793,781,788,871500,,,
2020-12-21,794,794,773,783,734000,,,
2020-12-22,774,774,751,756,1333500,,,
2020-12-23,766,769,750,755,614500,,,
2020-12-24,767,774,758,759,547000,,,
2020-12-25,770,781,769,778,552000,,,
2020-12-28,776,782,772,776,587500,,,
2020-12-29,779,791,775,785,768500,,,
2020-12-30,785,786,774,779,516500,,,
2021-01-04,787,787,765,774,661000,,,
2021-01-05,771,777,766,775,924500,,,
2021-01-06,761,779,761,776,880000,,,
2021-01-07,790,819,790,803,1403000,,,
2021-01-08,806,820,794,818,1192500,,,
2021-01-12,822,828,812,819,1040500,,,
2021-01-13,813,830,807,828,807000,,,
2021-01-14,819,830,815,830,794500,,,
2021-01-15,827,834,812,813,615000,,,
2021-01-18,803,812,801,811,513000,,,
2021-01-19,811,814,795,796,660000,,,
2021-01-20,785,792,782,786,763500,,,
2021-01-21,792,806,790,803,630500,,,
2021-01-22,786,800,784,793,669500,,,
2021-01-25,789,792,782,791,709500,,,
2021-01-26,789,792,784,788,669500,,,
2021-01-27,788,808,786,795,888000,,,
2021-01-28,777,808,777,798,2769000,,,
2021-01-29,799,810,786,788,799000,,,
2021-02-01,755,782,755,777,1020500,,,
2021-02-02,791,806,783,791,1409000,1119854000,0,0
2021-02-03,800,822,800,822,1048000,853183000,0,0
2021-02-04,834,843,827,840,1386500,1160044500,0,0
2021-02-05,849,864,840,862,1043000,890346000,0,0
2021-02-08,876,898,871,894,1697500,1513787000,0,0
2021-02-09,896,896,865,872,1222500,1071639000,0,0
2021-02-10,864,871,860,869,876000,759422000,0,0
2021-02-12,870,877,865,869,851500,741263000,0,0
2021-02-15,876,884,871,878,600000,526754000,0,0
2021-02-16,880,892,874,881,651000,573938500,0,0
2021-02-17,880,902,878,887,915500,818072500,0,0
2021-02-18,900,900,885,891,979500,873439000,0,0
2021-02-19,897,898,879,883,1112500,984907000,0,0
2021-02-22,892,904,887,894,837500,748826500,0,0
2021-02-24,904,913,899,900,1366500,1235234000,0,0
2021-02-25,909,911,895,900,1320000,1191206500,0,0
2021-02-26,899,900,888,888,1396000,1247856500,0,0
2021-03-01,898,912,891,910,755500,685139500,0,0
2021-03-02,914,914,902,906,823500,747796000,0,0
2021-03-03,905,911,898,906,785000,709410000,0,0
2021-03-04,916,920,900,911,689000,627140000,0,0
2021-03-05,917,927,913,926,914500,841284000,0,0
2021-03-08,952,955,936,940,902500,851600000,0,0
2021-03-09,958,973,954,971,1167000,1127751000,0,0
2021-03-10,971,976,960,968,994000,961173000,0,0
2021-03-11,978,984,970,975,764500,746619500,0,0
2021-03-12,984,984,963,981,906000,885861000,0,0
2021-03-15,990,998,982,992,626000,620470000,0,0
2021-03-16,999,1010,990,1006,826000,828521500,0,0
2021-03-17,1004,1010,995,1010,791000,794676000,0,0
2021-03-18,1028,1030,1010,1020,999000,1019947000,0,0
2021-03-19,1026,1036,1022,1026,1666000,1711830000,0,0
2021-03-22,1018,1040,1014,1030,698000,719898000,0,0
2021-03-23,1030,1032,1014,1016,531500,542852000,0,0
2021-03-24,1004,1010,984,992,967500,962746500,0,0
2021-03-25,1006,1024,1004,1018,606500,617001000,0,0
2021-03-26,1038,1050,1030,1034,895000,927702000,0,0
2021-03-29,1036,1038,1008,1030,1696500,1737137000,0,0
2021-03-30,1014,1020,991,999,1041000,1037458500,0,0
2021-03-31,971,982,961,972,1874000,1819672000,0,0
2021-04-01,980,983,959,967,730000,706232500,0,0
2021-04-02,968,971,946,952,645000,614376500,0,0
2021-04-05,957,971,950,968,546500,526744000,0,0
2021-04-06,962,974,949,962,776000,746684500,0,0
2021-04-07,963,978,962,978,629500,611990500,0,0
2021-04-08,977,979,964,969,525500,509298500,0,0
2021-04-09,963,978,963,971,532500,517155500,0,0
2021-04-12,983,984,973,981,467500,457718000,0,0
2021-04-13,993,994,979,979,465500,458157500,0,0
2021-04-14,979,980,962,977,478000,465780000,0,0
2021-04-15,980,991,975,979,444500,436142000,0,0
2021-04-16,977,979,965,979,392000,381705500,0,0
2021-04-19,978,982,972,977,284000,277398000,0,0
2021-04-20,960,961,939,944,713500,675412000,0,0
2021-04-21,930,932,917,932,555500,514622000,0,0
2021-04-22,932,937,921,933,624000,579962000,0,0
2021-04-23,931,935,924,929,812000,754033500,0,0
2021-04-26,935,942,924,937,697500,652533500,0,0
2021-04-27,932,937,923,926,785500,731016500,0,0
2021-04-28,920,921,912,917,629500,577287500,0,0
2021-04-30,922,934,920,932,595500,553490500,0,0
2021-05-06,960,969,949,957,1036000,991764000,0,0
2021-05-07,962,969,957,967,731500,704687000,0,0
2021-05-10,966,995,960,986,1852000,1813530500,0,0
2021-05-11,992,1020,989,993,1359000,1359816000,0,0
2021-05-12,977,979,959,966,1052500,1018823500,0,0
2021-05-13,971,982,961,964,767000,741645000,0,0
2021-05-14,977,981,969,971,754500,734018500,0,0
2021-05-17,974,986,966,967,897500,872404500,0,0
2021-05-18,972,978,962,969,855000,828137500,0,0
2021-05-19,952,969,952,962,831000,798835000,0,0
2021-05-20,957,978,957,971,683500,664967000,0,0
2021-05-21,973,983,972,977,727500,710691000,0,0
2021-05-24,983,1002,983,992,645500,642085500,0,0
2021-05-25,995,1000,991,995,750000,746234000,0,0
2021-05-26,990,998,967,972,918500,897130500,0,0
2021-05-27,968,970,957,958,1154000,1109219000,0,0
2021-05-28,972,974,954,964,800000,770077000,0,0
2021-05-31,954,965,944,949,846500,805742500,0,0
2021-06-01,960,961,943,954,547000,520768500,0,0
2021-06-02,982,982,959,979,801000,779845500,0,0
2021-06-03,966,985,965,971,666000,647071500,0,0
2021-06-04,967,980,965,979,527500,515115500,0,0
2021-06-07,979,981,970,974,489500,477288000,0,0
2021-06-08,974,993,973,989,441000,434645500,0,0
2021-06-09,989,995,982,983,434000,428314500,0,0
2021-06-10,980,986,975,981,685500,672944500,0,0
2021-06-11,981,985,971,973,645500,630259500,0,0
2021-06-14,973,977,959,963,402500,388197500,0,0
2021-06-15,968,971,957,962,585000,563579000,0,0
2021-06-16,962,974,957,964,563500,543217500,0,0
2021-06-17,954,964,954,961,694500,666299000,0,0
2021-06-18,961,970,947,952,1117000,1067455000,0,0
2021-06-21,930,938,923,930,752000,699641500,0,0
2021-06-22,957,973,951,971,1078000,1040060000,0,0
2021-06-23,963,973,961,962,1000500,964764500,0,0
2021-06-24,954,960,936,945,1670500,1579673500,0,0
2021-06-25,956,966,956,957,838000,803117500,0,0
2021-06-28,956,968,955,965,592000,569558500,0,0
2021-06-29,962,965,949,958,867500,829014500,0,0
2021-06-30,974,976,961,963,832000,803961500,0,0
2021-07-01,967,972,964,968,679000,657683000,0,0
2021-07-02,974,991,973,986,618000,608439000,0,0
2021-07-05,981,992,981,991,463500,458169000,0,0
2021-07-06,1000,1002,989,989,385500,382666500,0,0
2021-07-07,976,980,963,964,732500,710462000,0,0
2021-07-08,970,978,966,972,823000,800706500,0,0
2021-07-09,969,977,957,972,1170500,1131623500,0,0
2021-07-12,1000,1016,995,1000,1031000,1034680000,0,0
2021-07-13,1000,1002,984,1002,970500,966763500,0,0
2021-07-14,995,1002,993,995,615500,613087500,0,0
2021-07-15,997,1002,982,985,607000,600826000,0,0
2021-07-16,971,983,971,974,614500,599314000,0,0
2021-07-19,969,970,951,962,622000,597687500,0,0
2021-07-20,955,960,949,958,772500,738748500,0,0
2021-07-21,972,984,969,969,827000,804757500,0,0
2021-07-26,994,997,987,994,932000,925796500,0,0
2021-07-27,999,1008,997,1006,950500,953177000,0,0
2021-07-28,1000,1006,996,1004,991500,992897000,0,0
2021-07-29,1000,1002,989,993,962500,956285500,0,0
2021-07-30,993,995,972,980,1408500,1380701000,0,0
2021-08-02,998,1028,992,1024,1135000,1155996000,0,0
2021-08-03,1022,1028,990,990,1148000,1147879000,0,0
2021-08-04,990,992,977,982,682500,670613500,0,0
2021-08-05,969,980,967,979,694000,677856500,0,0
2021-08-06,983,987,978,978,400000,392568500,0,0
2021-08-10,981,1004,981,984,1168000,1159334000,0,0
2021-08-11,992,1002,988,988,952000,944967000,0,0
2021-08-12,991,1010,988,1004,968000,971966500,0,0
2021-08-13,995,1008,994,1000,753000,754601500,0,0
2021-08-16,992,995,984,985,890500,879321500,0,0
2021-08-17,987,994,983,984,843000,833402500,0,0
2021-08-18,986,994,982,984,1104000,1089417500,0,0
2021-08-19,977,982,964,966,655500,635925000,0,0
2021-08-20,966,975,962,965,936000,905351000,0,0
2021-08-23,967,987,967,984,629000,618222500,0,0
2021-08-24,985,1006,985,1000,683500,683228000,0,0
2021-08-25,999,1004,988,991,785000,780036000,0,0
2021-08-26,997,1020,995,1014,1120500,1132134000,0,0
2021-08-27,997,1008,991,994,996000,993560000,0,0
2021-08-30,1004,1020,1000,1020,628500,637364000,0,0
2021-08-31,1008,1032,1008,1026,868500,889064000,0,0
2021-09-01,1008,1024,1006,1014,749500,760561000,0,0
2021-09-02,1010,1024,1010,1020,525500,534162000,0,0
2021-09-03,1024,1040,1018,1036,757500,781713000,0,0
2021-09-06,1042,1048,1036,1048,815500,850669000,0,0
2021-09-07,1062,1072,1058,1062,1070500,1140757000,0,0
2021-09-08,1060,1080,1058,1080,1070000,1149391000,0,0
2021-09-09,1094,1100,1066,1070,1351000,1461075000,0,0
2021-09-10,1066,1076,1058,1076,879000,939363000,0,0
2021-09-13,1072,1088,1066,1088,1003500,1079565000,0,0
2021-09-14,1104,1112,1096,1112,1003500,1110399000,0,0
2021-09-15,1092,1118,1072,1082,855500,923424000,0,0
2021-09-16,1086,1090,1078,1088,920000,997933000,0,0
2021-09-17,1084,1102,1078,1094,1372000,1500350000,0,0
2021-09-21,1074,1076,1064,1070,655500,701902000,0,0
2021-09-22,1072,1072,1054,1054,733000,776607000,0,0
2021-09-24,1088,1100,1082,1096,837000,913874000,0,0
2021-09-27,1096,1100,1080,1086,608500,661776000,0,0
2021-09-28,1080,1080,1060,1064,672500,717435000,0,0
2021-09-29,1034,1042,1028,1042,924500,957737000,0,0
2021-09-30,1038,1048,1030,1036,915500,950395000,0,0
2021-10-01,1034,1040,1018,1022,910000,932117000,0,0
2021-10-04,1036,1048,1034,1040,780000,811779000,0,0
2021-10-05,1026,1032,1012,1012,1064500,1082907000,0,0
2021-10-06,1022,1036,1014,1024,789000,807394000,0,0
2021-10-07,1030,1030,1016,1016,872500,890934000,0,0
2021-10-08,1026,1038,1016,1016,902500,925364000,0,0
2021-10-11,1026,1034,1022,1030,554000,569604000,0,0
2021-10-12,1020,1030,1014,1016,806500,822794000,0,0
2021-10-13,1016,1038,1014,1028,878000,904383000,0,0
2021-10-14,1026,1042,1022,1030,721500,744665000,0,0
2021-10-15,1040,1068,1040,1062,860500,912248000,0,0
2021-10-18,1066,1070,1050,1058,532000,562498000,0,0
2021-10-19,1056,1074,1056,1068,499500,533749000,0,0
2021-10-20,1072,1084,1068,1074,718000,772901000,0,0
2021-10-21,1062,1072,1056,1056,699500,743373000,0,0
2021-10-22,1046,1056,1036,1044,789000,826681000,0,0
2021-10-25,1044,1060,1042,1046,835000,876400000,0,0
2021-10-26,1052,1058,1042,1042,811000,850150000,0,0
2021-10-27,1042,1048,1028,1038,740500,768497000,0,0
2021-10-28,1038,1050,1026,1038,2844000,2954217000,0,0
2021-10-29,1038,1044,1022,1026,1089500,1121828000,0,0
2021-11-01,1046,1054,1030,1044,738000,766867000,0,0
2021-11-02,1024,1026,999,1004,827500,833019500,0,0
2021-11-04,1020,1022,1006,1014,841500,853610000,0,0
2021-11-05,999,999,983,991,712000,704956000,0,0
2021-11-08,996,998,990,991,416000,413149500,0,0
2021-11-09,981,986,959,964,1077000,1041499000,0,0
2021-11-10,962,968,947,950,749000,715397000,0,0
2021-11-11,959,968,956,964,1636000,1577093000,0,0
2021-11-12,968,981,966,969,735000,713300500,0,0
2021-11-15,978,978,960,960,429000,414698000,0,0
2021-11-16,969,970,953,956,606500,582238500,0,0
2021-11-17,952,956,931,938,934000,877721500,0,0
2021-11-18,928,936,919,931,979500,908573000,0,0
2021-11-19,934,939,931,937,619500,579405000,0,0
2021-11-22,937,941,931,939,443500,415818500,0,0
2021-11-24,937,945,917,918,761500,705178500,0,0
2021-11-25,923,940,918,938,710500,663815000,0,0
2021-11-26,925,927,920,923,735000,678589000,0,0
2021-11-29,920,922,904,905,1061000,964470500,0,0
2021-11-30,921,938,902,902,1501000,1374274500,0,0
2021-12-01,912,926,910,924,1091000,1003031500,0,0
2021-12-02,916,944,916,936,1321500,1238267000,0,0
2021-12-03,949,954,940,952,856500,814261500,0,0
2021-12-06,947,953,941,942,586000,554449000,0,0
2021-12-07,956,973,945,970,670500,645721000,0,0
2021-12-08,974,978,956,956,735500,707215500,0,0
2021-12-09,946,952,934,938,838500,787475000,0,0
2021-12-10,941,941,922,933,727500,678877500,0,0
2021-12-13,942,944,935,938,365500,343201000,0,0
2021-12-14,946,962,945,949,1344500,1280499000,0,0
2021-12-15,935,954,935,949,385500,365700500,0,0
2021-12-16,961,964,954,960,522000,500887500,0,0
2021-12-17,954,963,950,961,1035500,991605500,0,0
2021-12-20,947,956,944,950,1071500,1017696000,0,0
2021-12-21,958,958,949,953,511000,487414000,0,0
2021-12-22,961,961,950,954,511500,488077500,0,0
2021-12-23,954,956,947,956,395000,376262000,0,0
2021-12-24,953,953,943,947,437000,414215500,0,0
2021-12-27,954,958,947,954,567000,541037500,0,0
2021-12-28,956,966,954,960,562500,539463500,0,0
2021-12-29,950,966,950,960,1867500,1791530500,0,0
2021-12-30,960,960,949,954,470000,449005500,0,0
2022-01-04,966,966,946,964,558000,533986000,0,0
2022-01-05,968,972,957,968,556500,536807000,0,0
2022-01-06,968,970,953,954,569000,545482500,0,0
2022-01-07,958,963,949,955,598000,571371500,0,0
2022-01-11,959,959,935,945,657000,621188500,0,0
2022-01-12,951,970,949,967,715000,690365500,0,0
2022-01-13,973,973,959,959,521500,501936000,0,0
2022-01-14,957,978,950,977,1016500,986023500,0,0
2022-01-17,977,988,964,969,928000,904728000,0,0
2022-01-18,970,970,949,949,671500,642593500,0,0
2022-01-19,931,933,917,920,1325000,1222598000,0,0
2022-01-20,917,936,916,928,858000,797525500,0,0
2022-01-21,922,935,916,931,917500,850979500,0,0
2022-01-24,921,935,918,933,847000,787585500,0,0
2022-01-25,927,927,908,918,642000,587511000,0,0
2022-01-26,922,928,915,920,1007000,927366500,0,0
2022-01-27,917,928,886,890,941000,847073000,0,0
2022-01-28,881,887,827,836,2379000,2045717000,0,0
2022-01-31,795,834,786,827,1995500,1628232500,0,0
2022-02-01,839,839,822,830,964500,801443000,0,0
2022-02-02,822,828,812,820,1615000,1324595500,0,0
2022-02-03,818,842,816,832,1639500,1360606000,0,0
2022-02-04,839,840,829,835,650000,541915500,0,0
2022-02-07,827,827,812,815,957500,782816000,0,0
2022-02-08,810,822,806,812,730000,592707000,0,0
2022-02-09,819,828,814,820,758500,622963000,0,0
2022-02-10,826,837,823,837,972500,808790000,0,0
2022-02-14,823,830,816,823,694000,571888000,0,0
2022-02-15,823,829,816,821,607500,500022000,0,0
2022-02-16,832,834,823,825,355500,293938000,0,0
2022-02-17,820,821,794,801,729500,586102000,0,0
2022-02-18,800,808,794,805,705000,566693500,0,0
2022-02-21,800,800,792,798,601000,478343500,0,0
2022-02-22,790,802,788,797,668000,531862500,0,0
2022-02-24,790,798,788,796,752000,596684000,0,0
2022-02-25,792,797,791,792,533000,422781000,0,0
2022-02-28,797,799,785,797,1313000,1043763500,0,0
2022-03-01,800,804,794,794,798500,637757000,0,0
2022-03-02,796,805,791,796,939000,749033000,0,0
2022-03-03,803,810,800,806,798000,643116000,0,0
2022-03-04,799,809,794,795,856500,683831500,0,0
2022-03-07,792,792,768,771,1063000,822194500,0,0
2022-03-08,765,770,751,755,964500,733308500,0,0
2022-03-09,751,765,748,761,830500,630927500,0,0
2022-03-10,773,801,773,798,1008000,800456500,0,0
2022-03-11,789,799,784,792,945000,746108000,0,0
2022-03-14,794,801,791,791,418000,332268500,0,0
2022-03-15,790,806,784,802,734000,588057500,0,0
2022-03-16,814,817,803,805,1032500,835039000,0,0
2022-03-17,805,814,799,808,1203500,971509500,0,0
2022-03-18,799,807,796,797,1600500,1277472500,0,0
2022-03-22,797,802,788,792,1381500,1096698000,0,0
2022-03-23,794,806,791,795,2657000,2117316500,0,0
2022-03-24,787,798,781,795,1792000,1413637000,0,0
2022-03-25,798,804,790,803,1680500,1341624000,0,0
2022-03-28,803,816,803,803,952000,767630000,0,0
2022-03-29,806,827,804,825,1691500,1386307500,0,0
2022-03-30,842,843,813,832,2086000,1726152500,0,0
2022-03-31,827,828,795,798,1253500,1012408000,0,0
2022-04-01,789,800,784,798,917500,729098000,0,0
2022-04-04,793,801,787,800,591000,470520000,0,0
2022-04-05,801,804,786,792,526500,417228500,0,0
2022-04-06,782,786,776,777,626000,488581000,0,0
2022-04-07,755,764,752,757,840000,635077500,0,0
2022-04-08,757,761,740,745,1204000,899262500,0,0
2022-04-11,750,751,732,736,642000,474321500,0,0
2022-04-12,732,739,724,732,1157500,847961000,0,0
2022-04-13,735,738,729,738,623000,457971000,0,0
2022-04-14,736,743,733,734,474500,349362000,0,0
2022-04-15,736,746,733,741,651500,482610500,0,0
2022-04-18,733,735,719,733,675000,492396000,0,0
2022-04-19,738,742,733,738,580000,427849500,0,0
2022-04-20,752,761,748,758,783500,592707000,0,0
2022-04-21,754,774,753,768,640500,491010000,0,0
2022-04-22,764,787,763,782,1165000,908763500,0,0
2022-04-25,777,780,773,773,617500,478902500,0,0
2022-04-26,777,790,777,785,988000,774931000,0,0
2022-04-27,771,772,758,761,1153500,880084500,0,0
2022-04-28,759,793,759,791,933500,731143000,0,0
2022-05-02,780,795,777,791,541500,427636000,0,0
2022-05-06,789,805,786,799,700000,558216000,0,0
2022-05-09,787,799,785,796,822000,651901000,0,0
2022-05-10,782,791,742,745,1974500,1508318500,0,0
2022-05-11,753,755,724,736,1678500,1233506000,0,0
2022-05-12,742,762,733,752,1320000,992196000,0,0
2022-05-13,750,762,738,761,829500,626913000,0,0
2022-05-16,766,766,750,751,567000,428611000,0,0
2022-05-17,760,766,752,760,646000,490511000,0,0
2022-05-18,764,772,755,760,692000,526461500,0,0
2022-05-19,744,757,744,756,519500,390915000,0,0
2022-05-20,759,770,757,768,614500,470492500,0,0
2022-05-23,774,778,769,771,542500,419200500,0,0
2022-05-24,771,772,764,767,327000,250942000,0,0
2022-05-25,766,771,757,767,990000,758173500,0,0
2022-05-26,767,784,767,768,787000,606052500,0,0
2022-05-27,769,771,756,762,878000,670103000,0,0
2022-05-30,772,780,770,777,765000,593547500,0,0
2022-05-31,777,781,771,772,820000,635039500,0,0
2022-06-01,772,785,770,782,616000,480158000,0,0
2022-06-02,775,781,771,777,466500,362620500,0,0
2022-06-03,777,780,770,778,416500,322744000,0,0
2022-06-06,774,781,771,778,676500,525646500,0,0
2022-06-07,781,786,777,778,563500,439833500,0,0
2022-06-08,779,794,779,790,789000,622333000,0,0
2022-06-09,783,791,781,786,593000,466518000,0,0
2022-06-10,780,790,778,782,753500,589793000,0,0
2022-06-13,768,773,754,759,814500,618740000,0,0
2022-06-14,759,774,751,773,944000,722007000,0,0
2022-06-15,771,773,765,767,747000,573940000,0,0
2022-06-16,765,775,764,764,638000,490278500,0,0
2022-06-17,747,767,743,761,1049500,796719500,0,0
2022-06-20,764,765,740,743,665500,496062500,0,0
2022-06-21,756,764,754,758,460000,349163500,0,0
2022-06-22,760,762,753,753,681000,514583000,0,0
2022-06-23,758,768,755,759,605500,460252500,0,0
2022-06-24,769,777,764,773,643500,496176000,0,0
2022-06-27,782,782,765,774,698500,539988500,0,0
2022-06-28,774,784,771,784,683000,532989000,0,0
2022-06-29,780,788,775,784,1068000,837494000,0,0
2022-06-30,789,796,776,780,741500,580792000,0,0
2022-07-01,779,781,769,772,523500,404906000,0,0
2022-07-04,786,793,780,785,529000,416138000,0,0
2022-07-05,786,787,775,780,496000,386447000,0,0
2022-07-06,772,773,764,769,594000,456497000,0,0
2022-07-07,769,783,769,781,643500,500508000,0,0
2022-07-08,786,800,782,793,1009500,801301500,0,0
2022-07-11,806,811,799,806,483500,389114500,0,0
2022-07-12,807,808,796,797,615000,492262000,0,0
2022-07-13,804,807,793,796,290000,231530000,0,0
2022-07-14,794,800,793,796,365000,290779500,0,0
2022-07-15,802,807,795,802,369500,296288500,0,0
2022-07-19,811,813,801,803,380500,305884000,0,0
2022-07-20,817,824,812,824,834500,684125500,0,0
2022-07-21,811,828,811,827,493500,406561000,0,0
2022-07-22,835,839,829,837,638500,533856000,0,0
2022-07-25,837,840,834,836,606500,507645500,0,0
2022-07-26,844,848,840,843,895500,755037500,0,0
2022-07-27,843,851,843,846,668000,565166500,0,0
2022-07-28,854,858,845,855,980000,835556500,0,0
2022-07-29,844,885,842,880,2570500,2221862500,0,0
2022-08-01,852,869,842,868,1823500,1569083500,0,0
2022-08-02,857,863,840,858,1060500,906362000,0,0
2022-08-03,847,854,839,839,850500,717048000,0,0
2022-08-04,853,857,841,854,609000,519380000,0,0
2022-08-05,854,861,852,858,577500,494894500,0,0
2022-08-08,855,875,855,865,465500,402435500,0,0
2022-08-09,870,876,861,866,600500,520742000,0,0
2022-08-10,863,866,853,862,1113000,956281000,0,0
2022-08-12,873,884,867,878,993000,870786500,0,0
2022-08-15,879,887,875,880,675000,594200000,0,0
2022-08-16,868,876,860,870,835500,725424500,0,0
2022-08-17,870,874,865,872,586500,510335000,0,0
2022-08-18,864,864,850,854,569000,486858000,0,0
2022-08-19,859,866,852,856,627000,536803000,0,0
2022-08-22,852,861,846,860,610000,522367000,0,0
2022-08-23,861,867,857,860,654000,563867500,0,0
2022-08-24,860,860,841,850,479500,407017500,0,0
2022-08-25,855,869,849,862,1011000,870281000,0,0
2022-08-26,862,864,859,861,322500,277854000,0,0
2022-08-29,847,852,846,847,493000,418068000,0,0
2022-08-30,854,859,851,858,371500,318046500,0,0
2022-08-31,854,861,853,859,570000,488744000,0,0
2022-09-01,845,851,842,847,420500,355729500,0,0
2022-09-02,849,849,842,849,389000,329493000,0,0
2022-09-05,846,861,846,855,630500,538860000,0,0
2022-09-06,855,855,842,850,393500,334004500,0,0
2022-09-07,842,847,839,842,596500,503105500,0,0
2022-09-08,848,866,848,860,592500,508948000,0,0
2022-09-09,856,868,853,865,770000,663711000,0,0
2022-09-12,874,875,866,872,356000,310409000,0,0
2022-09-13,878,882,868,875,354000,309318500,0,0
2022-09-14,849,867,847,860,759000,650881000,0,0
2022-09-15,870,871,851,853,488000,418851500,0,0
2022-09-16,845,858,845,851,747500,635768000,0,0
2022-09-20,854,858,847,849,440500,374694000,0,0
2022-09-21,837,857,834,846,743500,630399000,0,0
2022-09-22,837,840,831,834,449000,374594000,0,0
2022-09-26,829,836,823,825,745500,616784500,0,0
2022-09-27,835,843,830,830,536500,447448000,0,0
2022-09-28,829,845,829,843,904500,758833000,0,0
2022-09-29,842,860,839,855,990000,843893500,0,0
2022-09-30,841,849,834,840,590500,496710500,0,0
2022-10-03,841,842,831,837,589000,492793000,0,0
2022-10-04,860,870,857,868,628000,544011500,0,0
2022-10-05,877,878,866,867,544000,472732000,0,0
2022-10-06,873,884,872,876,616500,541626000,0,0
2022-10-07,864,871,858,869,530000,459337000,0,0
2022-10-11,857,861,855,859,558500,478991000,0,0
2022-10-12,860,860,848,852,650000,553745000,0,0
2022-10-13,852,852,839,845,389000,328284000,0,0
2022-10-14,859,872,853,864,529500,457613000,0,0
2022-10-17,853,856,845,845,438500,371878500,0,0
2022-10-18,862,862,855,858,521500,447731000,0,0
2022-10-19,856,861,853,859,428000,367465000,0,0
2022-10-20,861,862,853,857,632000,542454000,0,0
2022-10-21,853,855,842,843,779000,659676000,0,0
2022-10-24,857,859,843,847,698000,591693000,0,0
2022-10-25,852,861,852,853,615500,526375000,0,0
2022-10-26,864,872,859,868,496000,429914500,0,0
2022-10-27,866,867,847,848,504500,429882500,0,0
2022-10-28,844,862,843,851,1213500,1033760500,0,0
2022-10-31,862,892,858,889,1372000,1207659500,0,0
2022-11-01,900,957,900,949,1923000,1811411000,0,0
2022-11-02,962,985,951,972,2375000,2309011000,0,0
2022-11-04,958,968,941,950,860500,818371500,0,0
2022-11-07,954,961,944,956,567500,542389500,0,0
2022-11-08,956,969,955,964,602500,580631500,0,0
2022-11-09,964,982,964,978,755500,736696000,0,0
2022-11-10,972,979,962,975,520500,506646000,0,0
2022-11-11,990,992,976,977,682500,669482000,0,0
2022-11-14,974,977,964,973,398500,387628500,0,0
2022-11-15,974,984,973,976,449500,439710500,0,0
2022-11-16,977,977,954,967,983500,945210000,0,0
2022-11-17,968,975,967,970,451000,437815000,0,0
2022-11-18,968,973,965,968,486500,471267500,0,0
2022-11-21,975,981,974,977,355000,346854500,0,0
2022-11-22,990,994,985,989,631000,624676500,0,0
2022-11-24,994,996,970,984,1043500,1025525500,0,0
2022-11-25,994,998,989,994,394500,391942000,0,0
2022-11-28,996,999,980,982,906500,894715000,0,0
2022-11-29,980,986,974,977,542000,530789500,0,0
2022-11-30,987,999,972,989,1309500,1295245000,0,0
2022-12-01,1014,1014,987,988,813500,809168500,0,0
2022-12-02,980,980,960,970,928500,901033500,0,0
2022-12-05,972,980,966,979,464000,452055500,0,0
2022-12-06,980,1014,975,1010,1193500,1195480500,0,0
2022-12-07,996,1012,996,999,746000,748287000,0,0
2022-12-08,998,1000,993,997,574000,571932500,0,0
2022-12-09,988,995,986,986,469500,464084500,0,0
2022-12-12,986,987,974,983,636000,624798500,0,0
2022-12-13,986,1002,983,990,605500,601598000,0,0
2022-12-14,989,990,981,983,301500,296614000,0,0
2022-12-15,982,991,980,989,223500,220523000,0,0
2022-12-16,981,987,978,980,467000,458435500,0,0
2022-12-19,983,994,979,982,511000,503090500,0,0
2022-12-20,982,989,959,977,733000,715579500,0,0
2022-12-21,971,975,960,967,571500,552281000,0,0
2022-12-22,968,975,965,972,580000,563228500,0,0
2022-12-23,961,970,960,963,519000,500622000,0,0
2022-12-26,969,971,958,965,503000,485923000,0,0
2022-12-27,968,971,959,964,322500,310916000,0,0
2022-12-28,959,966,958,958,440500,423055500,0,0
2022-12-29,959,963,952,961,359000,344417000,0,0
2022-12-30,961,975,961,966,422500,409110000,0,0
2023-01-04,952,958,929,930,622500,581440500,0,0
2023-01-05,928,929,914,926,553000,510613500,0,0
2023-01-06,920,923,908,913,798000,728560500,0,0
2023-01-10,923,930,918,928,644000,596234000,0,0
2023-01-11,931,942,929,939,376500,353255000,0,0
2023-01-12,939,941,931,931,390500,364928500,0,0
2023-01-13,920,924,912,918,462000,424185500,0,0
2023-01-16,915,926,912,920,369000,339720000,0,0
2023-01-17,922,939,922,935,533000,497287000,0,0
2023-01-18,946,952,933,944,411000,387607000,0,0
2023-01-19,953,960,941,943,430000,407769500,0,0
2023-01-20,939,940,930,935,323500,302220500,0,0
2023-01-23,946,946,937,944,464000,437002500,0,0
2023-01-24,943,951,942,951,377500,357857000,0,0
2023-01-25,952,967,948,962,488500,469139500,0,0
2023-01-26,960,965,954,961,458000,439998500,0,0
2023-01-27,960,961,940,949,546000,517562000,0,0
2023-01-30,947,1070,922,1022,2901000,2917341500,0,0
2023-01-31,1020,1068,1016,1018,1871000,1940775000,0,0
2023-02-01,1030,1044,1022,1026,759000,784139000,0,0
2023-02-02,1028,1038,1018,1022,525000,538971000,0,0
2023-02-03,1018,1022,999,1004,377000,379750500,0,0
2023-02-06,1006,1014,988,1006,651500,651354000,0,0
2023-02-07,1006,1006,995,1000,516000,515252500,0,0
2023-02-08,999,1006,995,1000,341000,340819000,0,0
2023-02-09,987,998,983,995,1022000,1015096500,0,0
2023-02-10,988,1002,985,991,672500,666552500,0,0
2023-02-13,995,1014,995,1000,301000,302346000,0,0
2023-02-14,1016,1018,999,1000,389000,392163500,0,0
2023-02-15,1006,1010,983,994,559000,555978000,0,0
2023-02-16,984,987,976,985,834000,819532500,0,0
2023-02-17,981,985,973,981,699000,685551500,0,0
2023-02-20,986,988,968,968,501000,486992000,0,0
2023-02-21,972,989,965,985,1028000,1006508000,0,0
2023-02-22,984,1006,984,993,1077500,1072269000,0,0
2023-02-24,999,1000,987,1000,538000,535643000,0,0
2023-02-27,998,1008,994,1008,350500,351065500,0,0
2023-02-28,1006,1010,992,1002,613500,613982000,0,0
2023-03-01,998,1002,988,995,486500,483419000,0,0
2023-03-02,1018,1034,1006,1014,951000,967581000,0,0
2023-03-03,1016,1034,1016,1026,832000,853504000,0,0
2023-03-06,1024,1030,1020,1020,499000,510102000,0,0
2023-03-07,1014,1028,1012,1014,583500,593623000,0,0
2023-03-08,1014,1030,1014,1026,517000,529518000,0,0
2023-03-09,1034,1038,1016,1028,1456500,1494691000,0,0
2023-03-10,1020,1020,1010,1012,1968500,2002764000,0,0
2023-03-13,1002,1016,991,1008,1206500,1211723500,0,0
2023-03-14,994,994,972,983,650000,638939000,0,0
2023-03-15,997,1000,982,991,640500,634177500,0,0
2023-03-16,965,980,957,977,876000,853024500,0,0
2023-03-17,980,985,968,979,974000,952491000,0,0
2023-03-20,970,970,949,950,708500,677091000,0,0
2023-03-22,970,972,965,966,711500,688803000,0,0
2023-03-23,956,965,947,962,619000,592747500,0,0
2023-03-24,957,961,952,954,550500,526009500,0,0
2023-03-27,963,977,962,974,431500,418810500,0,0
2023-03-28,983,984,960,971,833500,806594000,0,0
2023-03-29,976,983,966,983,917500,895692000,0,0
2023-03-30,972,972,961,970,750500,726002500,0,0
2023-03-31,982,995,979,981,735000,724030500,0,0
2023-04-03,986,992,981,990,600000,591925500,0,0
2023-04-04,1004,1010,997,1004,951000,954377000,0,0
2023-04-05,984,990,943,948,1782500,1709312500,0,0
2023-04-06,935,935,919,923,1719500,1592917500,0,0
2023-04-07,931,934,927,929,590000,548939500,0,0
2023-04-10,937,939,924,928,413000,383406500,0,0
2023-04-11,942,947,929,931,583500,544866500,0,0
2023-04-12,940,950,933,937,889500,836918000,0,0
2023-04-13,932,936,925,929,704000,654449500,0,0
2023-04-14,931,942,930,934,789000,737852500,0,0
2023-04-17,941,941,929,933,619500,578838500,0,0
2023-04-18,935,946,934,942,780500,734435000,0,0
2023-04-19,939,956,939,956,647000,614005500,0,0
2023-04-20,946,955,943,949,494000,468715000,0,0
2023-04-21,951,954,945,948,604500,573774500,0,0
2023-04-24,947,953,945,948,487000,461904500,0,0
2023-04-25,958,962,950,952,773000,738325000,0,0
2023-04-26,946,948,938,944,922500,871057000,0,0
2023-04-27,943,943,935,936,488500,457822000,0,0
2023-04-28,958,964,948,956,874000,835051000,0,0
2023-05-01,964,975,964,973,548000,532143500,0,0
2023-05-02,977,981,960,968,784500,759420000,0,0
2023-05-08,957,973,957,969,531500,513641500,0,0
2023-05-09,965,983,963,971,1223000,1190810500,0,0
2023-05-10,977,1034,972,1018,3221500,3252196500,0,0
2023-05-11,1004,1028,996,1006,1912000,1924697000,0,0
2023-05-12,1006,1018,989,995,1291000,1288186000,0,0
2023-05-15,1000,1022,999,1018,605000,613145500,0,0
2023-05-16,1024,1028,1016,1026,768500,785403000,0,0
2023-05-17,1030,1036,1008,1012,1129500,1148515000,0,0
2023-05-18,1014,1018,1000,1006,1129000,1137365000,0,0
2023-05-19,1006,1010,991,994,814500,813135000,0,0
2023-05-22,990,999,990,998,677500,674717000,0,0
2023-05-23,997,1002,988,993,838500,834471000,0,0
2023-05-24,991,994,985,988,475000,469788000,0,0
2023-05-25,984,993,980,983,650000,640578000,0,0
2023-05-26,983,985,968,969,823500,802871000,0,0
2023-05-29,973,978,967,969,753000,730881000,0,0
2023-05-30,964,968,954,966,815000,785276000,0,0
2023-05-31,954,955,944,944,1450500,1374806000,0,0
2023-06-01,947,958,941,947,1206500,1144104500,0,0
2023-06-02,944,958,944,958,829000,791393000,0,0
2023-06-05,971,984.2,966,980.4,881000,861807400,0,0
2023-06-06,966.4,975.6,960.8,974.8,706000,684384800,0,0
2023-06-07,983,985.2,964.4,967,964000,936718900,0,0
2023-06-08,968.6,975.4,964.8,966.8,929500,900505700,0,0
2023-06-09,966.8,975.4,964.2,972.4,1195000,1159132100,0,0
2023-06-12,972,983,968.4,981.6,982000,958269900,0,0
2023-06-13,983.6,983.8,970,975,1268000,1238246700,0,0
2023-06-14,984,984,972.6,976,1252000,1223332800,0,0
2023-06-15,974,981.6,966.8,978,921000,900516300,0,0
2023-06-16,968.8,970.4,962,966.8,1377500,1331784600,0,0
2023-06-19,972.2,972.2,957.2,959.6,863000,830368300,0,0
2023-06-20,956.8,963.8,952,963.8,1392000,1337393400,0,0
2023-06-21,958.6,972,958.6,962,1697500,1636358600,0,0
2023-06-22,964.6,972.2,961.8,966.2,1073000,1036927000,0,0
2023-06-23,966.4,968.8,946.6,950.2,986000,940248700,0,0
2023-06-26,945,951.4,936.6,938.2,891500,839345700,0,0
2023-06-27,941.2,945.6,928,935.2,1026000,957328100,0,0
2023-06-28,930.4,943.6,927,943.2,1044000,978698000,0,0
2023-06-29,938,945.2,932,938,1283500,1204517800,0,0
2023-06-30,951,956.4,940.6,949.6,1232000,1168219100,0,0
2023-07-03,951.8,971.6,951.8,963.6,850500,820548400,0,0
2023-07-04,960.6,963.8,953.8,958,894000,856926800,0,0
2023-07-05,958,963.6,951.6,960.2,836500,803345500,0,0
2023-07-06,956.4,963.2,953.6,955.6,908500,869157700,0,0
2023-07-07,949.4,962.2,944.8,955,1083000,1035539700,0,0
2023-07-10,956,960.8,949,955.2,854000,815699000,0,0
2023-07-11,954.4,955,938.8,941,837500,790997700,0,0
2023-07-12,950.6,953.2,942.2,946.6,999000,947240900,0,0
2023-07-13,949,949.4,938.8,939.2,769000,724453300,0,0
2023-07-14,943,948.8,938.6,943.8,661500,624794900,0,0
2023-07-18,938.6,947,934.8,945.2,342500,323068500,0,0
2023-07-19,949.4,955,942.6,950.2,459500,436341500,0,0
2023-07-20,953.2,957.4,947.6,947.6,461000,438451700,0,0
2023-07-21,948,953.4,947,948.8,431500,409341400,0,0
2023-07-24,955.2,958.4,950.4,956.2,506500,483409900,0,0
2023-07-25,961.6,970,959,969.2,698500,675049000,0,0
2023-07-26,972.4,976.8,960.4,974.6,1181500,1149059500,0,0
2023-07-27,970.6,979.2,964.4,976.6,985500,960116300,0,0
2023-07-28,963,978,962.2,971.4,1010000,979193200,0,0
2023-07-31,986,991.2,978.8,985,1450000,1429327600,0,0
2023-08-01,985.6,995.8,977.6,992.8,1156000,1144017800,0,0
2023-08-02,987.6,990,979.8,985,984000,968257900,0,0
2023-08-03,982,983.6,968.2,976,1529000,1493185500,0,0
2023-08-04,976.4,994,974.6,987,1093000,1078969800,0,0
2023-08-07,986.2,1003.2,986.2,1002.2,955500,953926000,0,0
2023-08-08,1000.2,1004.6,998.2,1002.8,721000,722209800,0,0
2023-08-09,1009,1009,1001.2,1005,472000,474124800,0,0
2023-08-10,1005,1014.2,1000,1014.2,690000,695831200,0,0
2023-08-14,1020,1030.4,1015.6,1020.2,700000,715199700,0,0
2023-08-15,1023.6,1023.6,1006.2,1012.4,893500,903229400,0,0
2023-08-16,1002.6,1009.2,1000.8,1005.6,513500,516653000,0,0
2023-08-17,1006.2,1006.2,989.6,996,595000,592035900,0,0
2023-08-18,996,998.6,988.6,991.6,459000,455610300,0,0
2023-08-21,994,999.6,991.8,994,760500,756375600,0,0
2023-08-22,989.6,992,976.2,992,1072500,1056870200,0,0
2023-08-23,973,984.6,973,984.4,685000,671725800,0,0
2023-08-24,988.6,997.4,987.4,994,468000,465175300,0,0
2023-08-25,988,997.6,986,992,879000,873555500,0,0
2023-08-28,993,1005.2,992.6,1005.2,564500,565461300,0,0
2023-08-29,1000.8,1012.4,999.6,1008.4,786000,792022100,0,0
2023-08-30,1008.6,1019,1007,1017.6,635000,645210600,0,0
2023-08-31,1014.4,1020.6,1012.8,1016.8,1062000,1080904800,0,0
2023-09-01,1016.8,1029,1011.2,1028.2,560500,575086300,0,0
2023-09-04,1028.2,1052.8,1027.6,1052,807000,844157200,0,0
2023-09-05,1055.2,1059,1047.6,1056.8,803500,846671800,0,0
2023-09-06,1051.8,1053.6,1042.2,1042.8,1053500,1101470500,0,0
2023-09-07,1045,1051.8,1039.8,1040.2,1035500,1080304200,0,0
2023-09-08,1036,1048.2,1030.4,1031.8,1110500,1150108100,0,0
2023-09-11,1038.2,1040.4,1029.2,1035.2,520000,537788900,0,0
2023-09-12,1043.2,1047.2,1037.6,1042,810000,843879600,0,0
2023-09-13,1043,1047,1035.2,1043.2,780500,812700600,0,0
2023-09-14,1047.4,1054.8,1040.4,1051.8,589500,618750800,0,0
2023-09-15,1052.6,1066,1051.6,1060.8,1037000,1100459100,0,0
2023-09-19,1059,1077.6,1058,1076.4,970000,1038628300,0,0
2023-09-20,1080,1085.8,1076.2,1076.8,1061000,1144886500,0,0
2023-09-21,1074.6,1080,1056.4,1057.8,898500,955805400,0,0
2023-09-22,1046,1054.4,1040.6,1048.8,913000,956746400,0,0
2023-09-25,1068.8,1079.4,1048.8,1054.6,611000,644880100,0,0
2023-09-26,1059.2,1066.2,1054.2,1063,690500,732722800,0,0
2023-09-27,1058,1068.2,1048.2,1064.6,744000,790756100,0,0
2023-09-28,1040.4,1055.4,1038.4,1045.8,675000,706053300,0,0
2023-09-29,1049.6,1049.6,1032.4,1034.2,977000,1015707500,0,0
2023-10-02,1039.4,1045.8,1029.6,1031.4,734500,760800500,0,0
2023-10-03,1029.6,1032.2,1013.4,1019.6,766000,783072300,0,0
2023-10-04,1011,1014.6,990,992.6,779500,778651500,0,0
2023-10-05,992.8,1012.2,992.4,1008.8,824500,827848700,0,0
2023-10-06,1009,1027.2,1008.8,1020.6,947500,968194000,0,0
2023-10-10,1037.2,1049.4,1031.6,1042.6,935000,976013300,0,0
2023-10-11,1041.2,1043.2,1033.4,1033.4,816000,846431700,0,0
2023-10-12,1038.6,1052,1038.6,1047.8,713000,746150700,0,0
2023-10-13,1037.6,1054.4,1035.6,1037.8,646000,673058400,0,0
2023-10-16,1030.2,1034.6,1023.4,1027.2,736000,756937200,0,0
2023-10-17,1031.6,1045.4,1031.6,1037.2,619000,642697100,0,0
2023-10-18,1040.2,1045.2,1025.2,1030.6,797500,822805800,0,0
2023-10-19,1017,1031.8,1013.6,1027.2,731000,749190000,0,0
2023-10-20,1023.8,1027,1018,1018,535500,546542700,0,0
2023-10-23,1009.6,1017.6,1007.2,1008,994500,1005783000,0,0
2023-10-24,1007.4,1011.4,983,1007.2,759500,760064800,0,0
2023-10-25,1007.2,1014,1002.2,1005,974500,982713400,0,0
2023-10-26,1006,1017.2,1001.6,1006.6,743000,747518700,0,0
2023-10-27,1013.6,1030.4,1013.6,1030.4,498000,510683000,0,0
2023-10-30,1023.6,1025.6,1009.8,1015,645500,655689000,0,0
2023-10-31,1024.8,1029,902.6,903.4,2661500,2505778200,0,0
2023-11-01,929.6,968.6,921,956.6,4026500,3829180500,0,0
2023-11-02,962,979.2,956,957.8,3163000,3049767200,0,0
2023-11-06,969.8,974.6,945.6,967.2,1828500,1760584100,0,0
2023-11-07,973,977.2,957,962.8,1025500,987649200,0,0
2023-11-08,972,976,943.2,948.6,1084500,1033491200,0,0
2023-11-09,952.6,962.8,944.6,962.8,1087500,1040570200,0,0
2023-11-10,968.6,970.8,961.4,967,892000,862744300,0,0
2023-11-13,973.6,975.6,955,965.2,1107000,1065444200,0,0
2023-11-14,962,969.2,960,964.8,919500,885679800,0,0
2023-11-15,971.8,976.6,964,968.6,766500,742495100,0,0
2023-11-16,968.6,980.6,961.2,980.6,638500,623065400,0,0
2023-11-17,982.6,998.8,982,998.8,739000,735172000,0,0
2023-11-20,998.8,1004.2,989.8,990,785500,780531100,0,0
2023-11-21,990.8,1001,985.8,994.2,798000,794184400,0,0
2023-11-22,980.2,988,979,988,693000,682629200,0,0
2023-11-24,1000.6,1022.8,998.2,1021,762000,773166200,0,0
2023-11-27,1025.6,1031.8,1015,1023.4,850500,870099800,0,0
2023-11-28,1025.8,1025.8,1014,1018.2,483000,492018200,0,0
2023-11-29,1010.6,1023,1007.4,1008.4,620000,628777000,0,0
2023-11-30,999,1014,994,1007.8,574000,577064700,0,0
2023-12-01,1017.8,1020,1001.6,1006.4,856000,861895900,0,0
2023-12-04,998.4,1003,987.4,1001.8,937000,934635300,0,0
2023-12-05,1001.8,1007.2,988.6,991.8,779000,774188200,0,0
2023-12-06,987.8,999.8,979.6,998.4,1070000,1060466600,0,0
2023-12-07,984.4,993.6,981.6,983.4,1050500,1035221600,0,0
2023-12-08,965.2,983.2,962.6,978,1321000,1285946600,0,0
2023-12-11,987.4,998.6,986.2,997.4,597000,593659200,0,0
2023-12-12,1011.2,1028,1005.6,1006,782500,793988600,0,0
2023-12-13,1006,1012,1002.2,1005.2,494000,497528400,0,0
2023-12-14,1002.2,1008.8,996.6,997.6,457500,457587000,0,0
2023-12-15,1002.2,1021.2,1002.2,1018.2,913000,928327900,0,0
2023-12-18,1004.2,1013,998.8,1011.6,422000,425310000,0,0
2023-12-19,1011.2,1012.8,995.8,1003.6,724000,725482700,0,0
2023-12-20,1001,1019.4,1001,1012.2,618000,625721100,0,0
2023-12-21,1000.6,1014.4,999.2,1009.2,486000,490430300,0,0
2023-12-22,1016,1028.2,1015.2,1028.2,470000,481517500,0,0
2023-12-25,1039.8,1039.8,1020.4,1027,400500,412091200,0,0
2023-12-26,1030,1032,1023.6,1025.6,464000,476728400,0,0
2023-12-27,1028.6,1044,1028.6,1039.2,511500,531331000,0,0
2023-12-28,1039.2,1045.2,1038.2,1042.8,368500,384068500,0,0
2023-12-29,1041.2,1045.8,1029.4,1036.2,365000,378201700,0,0
2024-01-04,1036.2,1053,1025.2,1049.2,484000,506354500,0,0
2024-01-05,1047,1051.2,1041,1046.6,1088000,1138564700,0,0
2024-01-09,1052.2,1058,1045.6,1057,695500,733491900,0,0
2024-01-10,1058.4,1061.2,1050.2,1057.2,651000,688157900,0,0
2024-01-11,1059.8,1066.2,1057.8,1062,718000,762929900,0,0
2024-01-12,1068,1073,1062.8,1066.6,572000,610195200,0,0
2024-01-15,1062,1079.2,1062,1077.8,396500,425804200,0,0
2024-01-16,1072,1079.2,1053.4,1055,514000,545441000,0,0
2024-01-17,1055,1065,1042,1042.2,672500,706653100,0,0
2024-01-18,1038.8,1046.4,1034.8,1037.8,408000,423955800,0,0
2024-01-19,1046.8,1049.6,1033,1038.8,627000,651344400,0,0
2024-01-22,1046,1049.4,1042.8,1045.6,366500,383383900,0,0
2024-01-23,1048.2,1054.8,1040.6,1048.4,457500,479186600,0,0
2024-01-24,1046.2,1047.2,1039.4,1041.6,767500,800507000,0,0
2024-01-25,1039.4,1042.8,1032.8,1036.6,668000,692459400,0,0
2024-01-26,1033.8,1044,1026.4,1038.8,993000,1028386300,0,0
2024-01-29,1038.8,1049.8,1030.6,1048.6,711000,743262000,0,0
2024-01-30,1054.4,1058.4,1051.6,1052.2,681500,718648500,0,0
2024-01-31,1032.2,1112,1030.6,1108.8,1727000,1858472900,0,0
2024-02-01,1095.8,1101.8,1072.8,1090,1101500,1197613500,0,0
2024-02-02,1098.8,1128.8,1090.2,1120.6,1623000,1811156600,0,0
2024-02-05,1120.6,1122.8,1086.4,1087.8,963000,1062648100,0,0
2024-02-06,1089.6,1096.8,1080.2,1087.4,795500,864156200,0,0
2024-02-07,1086,1091.6,1068.4,1077.2,642500,692918500,0,0
2024-02-08,1072.8,1092,1063,1076,870500,939649000,0,0
2024-02-09,1070.6,1081,1060.4,1062.2,518000,552697900,0,0
2024-02-13,1061.8,1061.8,1049.2,1056.8,588500,621073200,0,0
2024-02-14,1054.8,1054.8,1032.8,1046.2,742500,774187200,0,0
2024-02-15,1041.2,1044.8,1022,1035.6,977000,1010534300,0,0
2024-02-16,1040.6,1067.6,1039,1059.4,967000,1018154900,0,0
2024-02-19,1056,1084.6,1056,1076.2,593000,636164100,0,0
2024-02-20,1074.4,1080.8,1069.8,1070.6,562000,602962700,0,0
2024-02-21,1064.6,1071.8,1055.4,1063.2,597500,633735500,0,0
2024-02-22,1066,1078.6,1055.4,1072.4,603000,644718300,0,0
2024-02-26,1072.4,1084.8,1068.4,1073.6,825000,888191000,0,0
2024-02-27,1081.4,1089.4,1064.2,1067.4,707000,759043700,0,0
2024-02-28,1067.6,1075,1059.6,1071,493000,527215900,0,0
2024-02-29,1074.4,1079.4,1052.6,1058.2,666500,706369300,0,0
2024-03-01,1064.6,1077.8,1054,1062.8,297000,315402500,0,0
2024-03-04,1057.2,1061.2,1040.2,1046.8,585500,614272600,0,0
2024-03-05,1042.4,1056,1033.4,1041.2,411000,428768200,0,0
2024-03-06,1046.8,1059.6,1041.2,1050.2,507500,532985100,0,0
2024-03-07,1067.6,1069.6,1054,1060.2,544500,576965300,0,0
2024-03-08,1047.8,1059.6,1036.8,1056.8,559000,587433900,0,0
2024-03-11,1050,1050,1029.6,1039.8,615500,637751600,0,0
2024-03-12,1033.8,1038,1019.2,1038,745000,767858700,0,0
2024-03-13,1042,1050.6,1035.2,1041.4,497500,518308500,0,0
2024-03-14,1048.2,1051.8,1040.6,1047.2,451000,472446400,0,0
2024-03-15,1046,1063,1044.8,1054.4,1249500,1318839500,0,0
2024-03-18,1059.6,1064.8,1053.4,1059.6,397500,420621000,0,0
2024-03-19,1055.2,1076.8,1053.8,1076.8,403000,431343400,0,0
2024-03-21,1078.8,1094.4,1075.2,1090.4,609500,663357200,0,0
2024-03-22,1100,1102.8,1085.8,1095.2,496500,542887500,0,0
2024-03-25,1094.4,1096.2,1081.8,1084.8,450500,489465000,0,0
2024-03-26,1073.6,1092,1070.4,1081,546000,590787700,0,0
2024-03-27,1085.4,1091.2,1080.4,1084.2,999500,1084747700,0,0
2024-03-28,1065.2,1065.2,1031.6,1038.8,633000,658657300,0,0
2024-03-29,1036,1048.8,1035.8,1044.4,317500,331348200,0,0
2024-04-01,1043.8,1048.8,1028.4,1029.6,449500,464693100,0,0
2024-04-02,1026.6,1027.4,1014.8,1023.4,671500,686377300,0,0
2024-04-03,1018.8,1029.4,1014.6,1025.4,804000,822418700,0,0
2024-04-04,1035.2,1039.2,1023.2,1030,425500,438946300,0,0
2024-04-05,1014.4,1029,1006,1026.2,486000,497420800,0,0
2024-04-08,1034.8,1038.8,1024.6,1037.4,505000,522886200,0,0
2024-04-09,1038.8,1038.8,1027.8,1032.2,350000,361299300,0,0
2024-04-10,1030,1041,1029,1040.6,338500,351386300,0,0
2024-04-11,1024,1035.6,1024,1033.8,315500,325575400,0,0
2024-04-12,1037.6,1054.6,1036,1051.2,462000,484123200,0,0
2024-04-15,1048.4,1071.6,1045.4,1069.6,384500,408517400,0,0
2024-04-16,1068.6,1082.8,1063,1068.6,506000,541710700,0,0
2024-04-17,1068.8,1069.4,1044.2,1055.8,455000,479801100,0,0
2024-04-18,1069.6,1073.2,1059,1060.2,666000,708796900,0,0
2024-04-19,1061.2,1073.2,1049.2,1059.4,713000,756970700,0,0
2024-04-22,1070,1082.8,1063.4,1080.4,560500,604014900,0,0
2024-04-23,1078.8,1085,1072.8,1083.8,368500,398018000,0,0
2024-04-24,1088,1092.2,1077.8,1092.2,496500,539939800,0,0
2024-04-25,1098.6,1101,1076.8,1082.2,514000,557106700,0,0
2024-04-26,1078.6,1094.4,1069.4,1085.2,542500,586674400,0,0
2024-04-30,1097.4,1098.2,1083.6,1094.2,462000,504409400,0,0
2024-05-01,1083.8,1098,1073.2,1088.4,389500,422463200,0,0
2024-05-02,1084.4,1097.4,1080.4,1097.4,583000,636006700,0,0
2024-05-07,1085.2,1096,1082.2,1089.8,502500,547452300,0,0
2024-05-08,1088.4,1094.4,1068,1077.8,404000,435574800,0,0
2024-05-09,1079.4,1089.6,1075.4,1086.4,404000,438371700,0,0
2024-05-10,1089,1098.6,1085,1095.8,466500,510153600,0,0
2024-05-13,1078.2,1170,1040.6,1154.6,3364500,3790602100,0,0
2024-05-14,1138.2,1149.6,1113.8,1129.6,1242500,1405343500,0,0
2024-05-15,1109.6,1116.2,1087,1095,1181000,1297555600,0,0
2024-05-16,1101,1109.8,1070,1085,996000,1080139900,0,0
2024-05-17,1083,1092.6,1071.8,1090.6,943500,1022945900,0,0
2024-05-20,1091.4,1119,1091.4,1102.2,816000,902280400,0,0
2024-05-21,1104.8,1114,1095.4,1096.2,936000,1032487200,0,0
2024-05-22,1098,1113.4,1090,1103.4,557500,615344600,0,0
2024-05-23,1087,1107,1082.2,1103,468500,515622700,0,0
2024-05-24,1092.2,1124.2,1092.2,1114.2,636500,708098800,0,0
2024-05-27,1119.4,1119.6,1105,1113,446500,496955400,0,0
2024-05-28,1112,1114.6,1105.4,1105.4,433500,480468000,0,0
2024-05-29,1105.4,1108.8,1098.4,1098.4,566500,624514200,0,0
2024-05-30,1083.6,1095,1073,1091.4,1980500,2156952200,0,0
2024-05-31,1104.8,1139.8,1104.8,1134.8,1601500,1807707500,0,0
2024-06-03,1142,1149.8,1131.6,1142,533000,609066000,0,0
2024-06-04,1122,1146.2,1119.8,1137.8,548500,622150300,0,0
2024-06-05,1136,1152.6,1134.2,1141.6,725000,827694200,0,0
2024-06-06,1142.2,1152.2,1139.2,1139.4,768000,878409800,0,0
2024-06-07,1133,1136.8,1110,1115,617000,690372200,0,0
2024-06-10,1130.6,1135.2,1117.8,1133.6,708000,800030300,0,0
2024-06-11,1133.6,1137.4,1112.8,1113.6,616500,692193500,0,0
2024-06-12,1110.2,1118.8,1105,1112.4,528500,588006400,0,0
2024-06-13,1112,1112,1088.2,1100,518500,569404000,0,0
2024-06-14,1096.8,1106,1088.6,1099.6,785500,862765800,0,0
2024-06-17,1093,1098.4,1070,1075.6,815000,877450100,0,0
2024-06-18,1075.6,1087,1071.6,1078.4,805000,867981000,0,0
2024-06-19,1075.4,1083.6,1063.4,1078.2,502000,540763800,0,0
2024-06-20,1075.8,1084.8,1069.2,1077.8,715500,769995400,0,0
2024-06-21,1083.6,1097,1075.8,1085.4,1552000,1685631500,0,0
2024-06-24,1095.8,1095.8,1076.2,1079.6,716000,775193800,0,0
2024-06-25,1089.6,1104.6,1086,1093.6,577500,631681400,0,0
2024-06-26,1096.2,1096.2,1082.2,1086.8,535500,582722500,0,0
2024-06-27,1084.6,1092.6,1084.4,1091.4,460000,501317200,0,0
2024-06-28,1091.4,1099.8,1088.2,1097.6,688500,754435700,0,0
2024-07-01,1097.6,1106,1081.8,1086,665000,724845800,0,0
2024-07-02,1086,1102.4,1084.8,1094.2,648000,709498800,0,0
2024-07-03,1094.2,1112,1090,1101,669500,739589500,0,0
2024-07-04,1101.6,1108,1098.8,1099,588500,648800900,0,0
2024-07-05,1099.2,1106.2,1080,1085.8,554000,603654000,0,0
2024-07-08,1085.6,1085.6,1070,1083.6,634500,684345300,0,0
2024-07-09,1074.4,1082.4,1066.8,1076.8,693500,746421300,0,0
2024-07-10,1072.2,1077.4,1062.2,1069.4,982500,1049459900,0,0
2024-07-11,1086,1092,1082.6,1088.2,799000,868940200,0,0
2024-07-12,1081,1094.6,1075.8,1080.2,906000,981201000,0,0
2024-07-16,1075,1080.8,1068.4,1070,764500,819513400,0,0
2024-07-17,1071.2,1083.2,1071.2,1083.2,571000,616059600,0,0
2024-07-18,1081.2,1098,1078,1087.4,740500,807378400,0,0
2024-07-19,1084.6,1092,1075.8,1082.2,522000,565135500,0,0
2024-07-22,1082.2,1089,1075.8,1084.2,464500,503509800,0,0
2024-07-23,1088,1100.8,1088,1096.6,578500,635115900,0,0
2024-07-24,1089.2,1091,1067.6,1067.6,658500,707323600,0,0
2024-07-25,1065.8,1073,1060.2,1065.4,687000,732780700,0,0
2024-07-26,1070,1073.6,1056.2,1056.2,517000,549198100,0,0
2024-07-29,1064.2,1078.8,1063,1074.6,460000,493780600,0,0
2024-07-30,1064.6,1072.6,1060.2,1067,598000,638092700,0,0
2024-07-31,1068.2,1080,1011.4,1032,1812500,1890001500,0,0
2024-08-01,1012,1017.4,960.8,967,1683000,1639154100,0,0
2024-08-02,953,967.4,917.8,923.2,1336500,1246298700,0,0
2024-08-05,878.6,881,798.6,804.4,1364000,1146929800,0,0
2024-08-06,841,869.4,830.2,851.6,1532500,1304005900,0,0
2024-08-07,843.2,864,831.2,843.6,1509500,1278929400,0,0
2024-08-08,830,857.6,826.6,840.8,931500,786663200,0,0
2024-08-09,864.4,865.8,832.4,842.4,1002500,852127800,0,0
2024-08-13,850,861.8,849.2,861.8,890500,762051500,0,0
2024-08-14,861.8,864.8,852.8,861,759000,653145400,0,0
2024-08-15,858.2,873.4,850.2,869.8,1088500,943668100,0,0
2024-08-16,895.6,897.2,887.4,893.4,832000,742356600,0,0
2024-08-19,893,905.2,888,892,898000,803682100,0,0
2024-08-20,899.8,917,894.2,912.8,805000,731716900,0,0
2024-08-21,899,908.8,895,907.6,967000,872390700,0,0
2024-08-22,905.4,911.6,903.6,911,718500,652287000,0,0
2024-08-23,909.6,926.6,907.2,921.4,641500,590519900,0,0
2024-08-26,922,926.4,917.4,924.6,935000,862330300,0,0
2024-08-27,931.4,940.2,931.4,935.4,1222000,1143163900,0,0
2024-08-28,927.6,941.2,926.6,936.4,1425500,1332398100,0,0
2024-08-29,936.4,951.8,933,943,1464000,1382670500,0,0
2024-08-30,941,962.6,940,953,1038000,990574900,0,0
2024-09-02,960,963.4,944,953,830000,789810500,0,0
2024-09-03,952.6,966.8,950,963.6,614500,591307600,0,0
2024-09-04,949.6,956.8,937,940.4,823000,777055600,0,0
2024-09-05,929.6,951,926.6,942.4,547500,515962600,0,0
2024-09-06,942.4,949,938.6,945.2,525500,496103200,0,0
2024-09-09,935.8,950.8,930.4,948.2,685000,645769100,0,0
2024-09-10,948.2,963.2,947.4,958,652500,623960500,0,0
2024-09-11,952,952,927,932.4,805500,754528100,0,0
2024-09-12,943,952.8,936,947.6,705000,667339500,0,0
2024-09-13,933.6,946.8,929,930.6,978000,913313700,0,0
2024-09-17,943.8,955.6,930.4,955.4,1146500,1087687900,0,0
2024-09-18,959,967.4,953.4,957.6,853000,818025200,0,0
2024-09-19,966,970.4,952.2,967.4,562500,542442400,0,0
2024-09-20,973,981,968.4,968.4,818000,795162300,0,0
2024-09-24,972,972.6,963,966,369000,356740700,0,0
2024-09-25,967.8,979.8,965,973.4,332500,323717400,0,0
2024-09-26,980.2,988,973.2,988,673000,662292600,0,0
2024-09-27,980,987.2,976,984.2,437500,429679700,0,0
2024-09-30,949.4,968.4,949.4,962.8,460500,442754000,0,0
2024-10-01,970,982.2,965.6,979,843000,824706900,0,0
2024-10-02,979,989.8,979,986.2,920000,906359000,0,0
2024-10-03,1000.2,1005.6,989.2,989.2,465500,462901500,0,0
2024-10-04,989,996.6,987.2,988,467000,462171500,0,0
2024-10-07,1002,1007.6,991,1003,493500,494158500,0,0
2024-10-08,985.4,1001.6,984.8,990.6,603000,598012900,0,0
2024-10-09,992.4,1000.8,980.4,988.6,432500,427282800,0,0
2024-10-10,996.2,996.6,987.4,992.8,557000,552137100,0,0
2024-10-11,992.8,997.6,976.2,979.2,539000,531004100,0,0
2024-10-15,983.2,990.8,982,985.4,721000,711075200,0,0
2024-10-16,963.4,976,960,967,1199500,1158890400,0,0
2024-10-17,976,976.6,964.6,971.2,886500,861399800,0,0
2024-10-18,974.6,982.2,968.2,971.4,596000,579729900,0,0
2024-10-21,970,975.8,965.6,971.2,609000,591467000,0,0
2024-10-22,965,971,951.4,960.6,1044000,1002787000,0,0
2024-10-23,960.2,965.6,949,953.8,525000,501896100,0,0
2024-10-24,928.4,944.2,928.2,941.4,1446500,1357875600,0,0
2024-10-25,943.6,944.6,925.4,930.2,683500,637013800,0,0
2024-10-28,927.8,940.4,922.4,937.6,999500,935307900,0,0
2024-10-29,932.8,945.2,932,941.8,896500,842565900,0,0
2024-10-30,938,948,932.8,936,1908500,1791926600,0,0
2024-10-31,940.2,1068.8,937,1066.4,2796500,2872238100,0,0
2024-11-01,1058.2,1069.2,1033.6,1040.4,2450500,2562837500,0,0
2024-11-05,1046.8,1049,1024.2,1036.2,975000,1009167800,0,0
2024-11-06,1041,1060,1039.2,1041.4,930000,974493500,0,0
2024-11-07,1051.4,1064.4,1046.8,1053,746500,786875900,0,0
2024-11-08,1054,1057.8,1041,1041,573000,600590800,0,0
2024-11-11,1053.6,1063.2,1044.4,1059,751500,792684200,0,0
2024-11-12,1060.6,1063,1052,1052.6,664500,701554800,0,0
2024-11-13,1059.4,1066.4,1039.6,1048.2,819000,861247100,0,0
2024-11-14,1056.6,1059.8,1043.2,1043.2,615500,645228700,0,0
2024-11-15,1051,1063,1049.4,1055.6,715500,756831100,0,0
2024-11-18,1048.6,1059.6,1045.2,1057.6,632500,664997800,0,0
2024-11-19,1057.6,1063.6,1055.6,1060,507000,537188000,0,0
2024-11-20,1062.4,1071.4,1053.8,1053.8,631500,668822500,0,0
2024-11-21,1062.4,1063.4,1049.2,1052,500500,527789700,0,0
2024-11-22,1048.4,1056.6,1038.8,1050.6,680000,712108500,0,0
2024-11-25,1065,1065,1049.4,1053,995000,1048348700,0,0
2024-11-26,1044,1053,1028,1034.2,1029000,1066725900,0,0
2024-11-27,1035.2,1039.4,1015.8,1022.2,887000,907401000,0,0
2024-11-28,1030.6,1052.6,1028,1044.8,842000,878683800,0,0
2024-11-29,1038.6,1043,1029.2,1035,672000,695948900,0,0
2024-12-02,1036.4,1043,1030.4,1032.8,753500,780190300,0,0
2024-12-03,1038.2,1060,1036.2,1054,810000,852836700,0,0
2024-12-04,1046.4,1060,1036.6,1038,506000,527308100,0,0
2024-12-05,1038.2,1045.2,1035.4,1040.6,504000,524556400,0,0
2024-12-06,1043.8,1045,1034.4,1036,473000,490695200,0,0
2024-12-09,1031,1040,1026.6,1035.8,801500,829170600,0,0
2024-12-10,1046.8,1048.8,1035.6,1038.8,533500,554865500,0,0
2024-12-11,1041.6,1044.8,1035.2,1041,482500,502497700,0,0
2024-12-12,1055.2,1083.2,1053,1074.6,1302000,1399114900,0,0
2024-12-13,1063,1084,1061.8,1071.6,1086000,1166832100,0,0
2024-12-16,1072,1086,1070,1071.2,614500,661176800,0,0
2024-12-17,1079,1084,1071.4,1074.2,766000,825142000,0,0
2024-12-18,1074.2,1087,1068.2,1068.2,734500,790239400,0,0
2024-12-19,1070.6,1103.2,1070.6,1091.4,1077000,1177684000,0,0
2024-12-20,1101,1105.6,1085,1085,1115000,1218505900,0,0
2024-12-23,1087,1101,1085,1095,599000,656020200,0,0
2024-12-24,1088,1091.4,1076,1078,484500,524113200,0,0
2024-12-25,1084.6,1084.6,1061.6,1075.2,499500,535565900,0,0
2024-12-26,1072,1094.2,1072,1087.2,628000,681669200,0,0
2024-12-27,1086.2,1094.8,1082.6,1094.8,573000,625437700,0,0
2024-12-30,1096.2,1109,1092.6,1094.4,463500,508728700,0,0
2025-01-06,1104.2,1113.8,1100,1105.2,890500,985219600,0,0
2025-01-07,1102.8,1113.8,1095,1106.6,881000,975551600,0,0
2025-01-08,1106.6,1116,1103.4,1108.6,704000,781675700,0,0
2025-01-09,1095.8,1104.4,1091.6,1094.2,713500,782112400,0,0
2025-01-10,1090.8,1097.6,1071.4,1074.4,533500,576636000,0,0
2025-01-14,1094.4,1094.4,1060,1068.8,828000,885571600,0,0
2025-01-15,1062.8,1073.8,1060.2,1070,591500,632103000,0,0
2025-01-16,1071,1078.8,1064.2,1064.2,585000,625303200,0,0
2025-01-17,1064.2,1073,1057,1071,525000,560695800,0,0
2025-01-20,1079.6,1088,1075.4,1080,453500,489853800,0,0
2025-01-21,1083,1087,1075.2,1079.2,460500,497298300,0,0
2025-01-22,1079.2,1087.6,1078.2,1082.4,449500,486804700,0,0
2025-01-23,1081.4,1092.4,1080,1091.4,677000,736893200,0,0
2025-01-24,1086.2,1104.2,1086.2,1093.8,970000,1064754300,0,0
2025-01-27,1099.8,1104.4,1089,1100.2,654000,717417700,0,0
2025-01-28,1103.6,1111.8,1100.2,1109,549000,607827500,0,0
2025-01-29,1108,1113.4,1104.2,1106.8,477500,528969300,0,0
2025-01-30,1106.8,1117.4,1106.8,1113.6,467000,519616000,0,0
2025-01-31,1117.4,1118,1101.8,1110.2,571500,634133100,0,0
2025-02-03,1142.8,1155.2,1120,1131.4,1775000,2012009900,0,0
2025-02-04,1135,1147.8,1120.4,1137,854000,971026900,0,0
2025-02-05,1140,1157.6,1133.4,1154.2,915000,1051927000,0,0
2025-02-06,1160,1175.8,1160,1164.2,1120500,1309548500,0,0
2025-02-07,1173.8,1188,1173.2,1183.2,1015000,1200820900,0,0
2025-02-10,1180,1182.2,1157.8,1161.8,464000,540953600,0,0
2025-02-12,1161.8,1164,1148.4,1152.8,901000,1039495500,0,0
2025-02-13,1168.6,1171,1161.8,1162.6,727500,848690400,0,0
2025-02-14,1162.6,1172.2,1160.4,1168.2,632000,737487800,0,0
2025-02-17,1164,1166.6,1154.6,1165,611000,710262600,0,0
2025-02-18,1156,1170.8,1156,1163.8,492000,572950300,0,0
2025-02-19,1163.8,1168.4,1161.2,1162.4,574500,668857900,0,0
2025-02-20,1166.2,1169.8,1160.8,1162.4,709500,825891400,0,0
2025-02-21,1162.8,1180,1162.8,1177,1196000,1404593200,0,0
2025-02-25,1178.2,1203.6,1177,1197.6,1412000,1687935100,0,0
2025-02-26,1201.2,1201.2,1164.4,1170.8,908500,1068911700,0,0
2025-02-27,1171.2,1192.8,1171.2,1187.8,1107500,1310726500,0,0
2025-02-28,1195.2,1205.8,1142,1178.4,1662000,1973468800,0,0
2025-03-03,1178.4,1202.8,1176.8,1194.8,1212000,1447390300,0,0
2025-03-04,1182.6,1197.8,1175,1178.4,764000,902596100,0,0
2025-03-05,1167.4,1184.4,1166.6,1179,922500,1084918500,0,0
2025-03-06,1185.8,1204,1177.4,1196.2,571500,682119300,0,0
2025-03-07,1189.2,1189.2,1173.4,1183.2,704500,832393000,0,0
2025-03-10,1183.2,1188.6,1173.4,1181.8,448000,530598500,0,0
2025-03-11,1176.8,1185.6,1150.4,1174,921500,1076086900,0,0
2025-03-12,1168,1188,1166.4,1183.4,665000,785148500,0,0
2025-03-13,1189.6,1224,1184,1216.6,1376000,1667820100,0,0
2025-03-14,1224,1224,1203.2,1216.4,951000,1156334700,0,0
2025-03-17,1222,1250.8,1215.4,1245.6,940500,1164249100,0,0
2025-03-18,1251.2,1257.6,1241,1243.8,862000,1077916800,0,0
2025-03-19,1242,1262,1241.8,1256,449500,564022500,0,0
2025-03-21,1253.8,1274,1253.8,1269,1138500,1441487000,0,0
2025-03-24,1269,1269,1248.6,1257.8,685000,862037600,0,0
2025-03-25,1277.8,1277.8,1261.8,1270.4,918500,1166783500,0,0
2025-03-26,1282.6,1282.6,1257.6,1264.8,861000,1089380900,0,0
2025-03-27,1256,1270.8,1251.8,1270.8,1031000,1303566900,0,0
2025-03-28,1263.6,1279,1232,1246.4,803500,1001791900,0,0
2025-03-31,1231,1234.6,1206.8,1226.4,957500,1172013800,0,0
2025-04-01,1238,1247.8,1226.6,1231.6,569000,701562500,0,0
2025-04-02,1237.8,1238,1209.8,1220.6,624500,762427300,0,0
2025-04-03,1172.8,1212,1167,1205.8,1014500,1216758600,0,0
2025-04-04,1170.6,1192.6,1162,1174,1048500,1231784700,0,0
2025-04-07,1099.8,1158.8,1082.6,1129,1443000,1630508800,0,0
2025-04-08,1149,1171.6,1140.6,1157.8,1374000,1594225100,0,0
2025-04-09,1153.6,1165,1132.2,1144.2,1334500,1531078600,0,0
2025-04-10,1234.4,1234.4,1195.2,1206.2,1030000,1243753800,0,0
2025-04-11,1162.6,1194.8,1158.4,1194.4,825000,977043600,0,0
2025-04-14,1200,1218.6,1194.6,1208.8,838500,1014357000,0,0
2025-04-15,1206,1213.6,1188.4,1195.4,710000,848751200,0,0
2025-04-16,1195.6,1199,1189.2,1199,436000,521221500,0,0
2025-04-17,1201.8,1208,1195,1201.6,369500,443823700,0,0
2025-04-18,1200.4,1223,1198,1219.8,383000,465351200,0,0
2025-04-21,1219.8,1224.6,1207.8,1221,411500,502049400,0,0
2025-04-22,1221,1231.2,1215.8,1226,415000,508891200,0,0
2025-04-23,1233.2,1248.4,1230.6,1241.4,737000,915140900,0,0
2025-04-24,1242,1253,1230.4,1232.6,480000,595355600,0,0
2025-04-25,1231.6,1243.6,1224.2,1230.4,738500,910365700,0,0
2025-04-28,1238.8,1249.8,1234.8,1246.6,1829500,2277955100,0,0
2025-04-30,1266.6,1273.6,1238,1249.8,880000,1102709900,0,0
2025-05-01,1254.8,1267.2,1248.6,1261.2,724000,913409800,0,0
2025-05-02,1259.4,1271.6,1254.4,1269.6,568000,719964800,0,0
2025-05-07,1265.2,1277.2,1255.8,1275.2,999500,1270664500,0,0
2025-05-08,1278.8,1287,1268.2,1283.8,789000,1010125900,0,0
2025-05-09,1289.4,1308.4,1285.8,1301.6,617500,803467200,0,0
2025-05-12,1292.4,1304,1286.8,1304,604500,784370800,0,0
2025-05-13,1324,1408.6,1315,1393.2,2108500,2896248000,0,0
2025-05-14,1382,1398.8,1369,1394.6,1059000,1468380300,0,0
2025-05-15,1387.6,1390,1349.6,1356,1110000,1509488300,0,0
2025-05-16,1356,1356,1333.4,1354,990000,1333994100,0,0
2025-05-19,1336,1371,1333.8,1362.8,1058500,1435776500,0,0
2025-05-20,1350,1371.4,1344.4,1351.6,1115000,1511412500,0,0
2025-05-21,1359.6,1380,1355.8,1375.4,1300500,1783601200,0,0
2025-05-22,1367.2,1379.8,1363.6,1377.2,1177000,1617423500,0,0
2025-05-23,1381,1394.2,1374,1386,911000,1261092700,0,0
2025-05-26,1380,1386.8,1371.6,1384.6,1136000,1569742400,0,0
2025-05-27,1379.6,1392.8,1376,1378,1125000,1554283200,0,0
2025-05-28,1393,1418,1390.6,1402.2,1660000,2327124700,0,0
2025-05-29,1404.4,1407,1392.2,1394.6,849000,1185816200,0,0
2025-05-30,1374.6,1396.6,1371.8,1389,1144000,1588602200,0,0
2025-06-02,1388,1400.8,1380,1399.2,928000,1293402200,0,0
2025-06-03,1396,1421.2,1390,1414.8,1168500,1652037800,0,0
2025-06-04,1418.8,1438.8,1415.4,1431.4,852500,1220512600,0,0
2025-06-05,1421,1427.4,1410,1416.8,713500,1010704400,0,0
2025-06-06,1431.8,1438.4,1426.2,1432,639500,916186900,0,0
2025-06-09,1446,1450.2,1436.8,1437.2,641000,923313500,0,0
2025-06-10,1432.2,1447,1432.2,1436.6,904500,1301662600,0,0
2025-06-11,1454.6,1483,1454.6,1479.8,1369000,2015388500,0,0
2025-06-12,1492.8,1506.6,1484.2,1493.2,1464000,2186583200,0,0
2025-06-13,1493.2,1499.6,1476.8,1498,1005500,1500760500,0,0
2025-06-16,1500.2,1514,1498.6,1513.2,835500,1260757100,0,0
2025-06-17,1514.2,1519.2,1506.8,1519,1255500,1901945500,0,0
2025-06-18,1500.8,1517.4,1500.8,1514.4,1169000,1766206000,0,0
2025-06-19,1519,1538.8,1519,1528.8,925000,1416611100,0,0
2025-06-20,1528.8,1552,1528.8,1545.2,2831000,4370063100,0,0
2025-06-23,1548.2,1556.2,1537.6,1546.2,1088000,1680714700,0,0
2025-06-24,1550,1554.2,1538.2,1546.8,630500,975125400,0,0
2025-06-25,1546.8,1554.2,1530.4,1552.4,756500,1170220100,0,0
2025-06-26,1558.6,1560,1542,1546.8,856000,1324903900,0,0
2025-06-27,1542,1548.2,1531.2,1542,951000,1464541500,0,0
2025-06-30,1542,1552.4,1532.6,1546.4,841500,1301880900,0,0
2025-07-01,1544.2,1562,1544.2,1557.8,872500,1358147400,0,0
2025-07-02,1550,1577,1544.2,1574.2,704000,1105432600,0,0
2025-07-03,1574.4,1578.8,1547,1563,1009000,1574352300,0,0
2025-07-04,1563,1578.2,1560.6,1574.8,609000,957033500,0,0
2025-07-07,1574.8,1586.2,1568.8,1579.6,518000,817054300,0,0
2025-07-08,1589.6,1628,1585.2,1625,1438000,2322657600,0,0
2025-07-09,1638.6,1670.8,1638.6,1652.6,1133000,1868910700,0,0
2025-07-10,1648.6,1648.6,1611.6,1623.4,1144500,1859507900,0,0
2025-07-11,1633.8,1651,1624,1632.4,867000,1416814900,0,0
2025-07-14,1630.2,1656.6,1628.6,1646.8,875500,1440951100,0,0
2025-07-15,1657.8,1665,1647.6,1663,787500,1306433600,0,0
2025-07-16,1677,1679.8,1652,1656.8,868000,1439630100,0,0
2025-07-17,1658,1687.2,1654.4,1679.6,986500,1654735300,0,0
2025-07-18,1686,1694.6,1674.8,1685.8,1056000,1778520800,0,0
2025-07-22,1674.6,1698.4,1670.6,1693.2,638000,1078439500,0,0
2025-07-23,1715,1719.4,1688,1698.6,1069000,1816744200,0,0
2025-07-24,1710,1723.6,1700.6,1723.6,905000,1555573200,0,0
2025-07-25,1722.4,1747.6,1710,1741,974000,1686252600,0,0
2025-07-28,1749,1765.8,1732.2,1732.2,898500,1564107100,0,0
2025-07-29,1720,1744.4,1707.8,1744.4,1109000,1922851700,0,0
2025-07-30,1738.4,1788,1738,1782,1188500,2108740700,0,0
2025-07-31,1766.4,1782.6,1700.6,1775.8,1942500,3431270200,0,0
2025-08-01,1756.8,1777.8,1720.2,1736,1256500,2191456800,0,0
2025-08-04,1706,1729.4,1703.4,1716,891500,1529792800,0,0
2025-08-05,1729.6,1740.4,1706.8,1719,673500,1161229300,0,0
2025-08-06,1744.4,1753,1733.2,1750,846500,1477505000,0,0
2025-08-07,1742.8,1757.2,1739,1744.6,996000,1738456200,0,0
2025-08-08,1747,1754.8,1731,1745.8,860000,1498479800,0,0
2025-08-12,1746,1750.4,1713.8,1724,1044500,1803845500,0,0
2025-08-13,1710.2,1721.4,1692.8,1704,1240500,2114409300,0,0
2025-08-14,1699.8,1707.8,1677.4,1699.4,998000,1693544600,0,0
2025-08-15,1684,1689.8,1656.4,1671.4,1346500,2246735700,0,0
2025-08-18,1671,1683.4,1655,1660,1370000,2281591600,0,0
2025-08-19,1667,1683.6,1657.6,1681.4,873000,1460244800,0,0
2025-08-20,1675.6,1680.8,1658.8,1674.8,715000,1195691700,0,0
2025-08-21,1670.6,1674,1656.8,1671.8,765500,1277467800,0,0
2025-08-22,1689.8,1706.4,1667.8,1697,1036500,1755812700,0,0
2025-08-25,1688.4,1703.8,1643.6,1648.2,1011000,1681228800,0,0
2025-08-26,1648.2,1667.4,1644.8,1662.4,1389500,2305473800,0,0
2025-08-27,1670,1674.4,1645.4,1648.2,783000,1295110700,0,0
2025-08-28,1644.2,1644.2,1630.8,1640,928000,1520358200,0,0
2025-08-29,1632,1645.6,1627.4,1641.8,729000,1194842700,0,0
2025-09-01,1628.8,1646.4,1628.8,1642.4,573500,940862500,0,0
2025-09-02,1642.4,1656.6,1636,1652.6,700000,1154716300,0,0
2025-09-03,1654,1655,1637.8,1641.6,712000,1170309200,0,0
2025-09-04,1641.6,1644.8,1628,1636.6,950500,1555926000,0,0
2025-09-05,1630,1630.8,1615.4,1621,902000,1463062400,0,0
2025-09-08,1621.4,1646,1621.4,1635.8,805000,1314415900,0,0
2025-09-09,1623.8,1630,1611.2,1625.2,1319000,2140802100,0,0
2025-09-10,1625.4,1646.6,1621.4,1644.4,934000,1530215000,0,0
2025-09-11,1652,1657.6,1642.4,1656.2,641500,1060114100,0,0
2025-09-12,1660,1684.4,1651.4,1661.2,812500,1352612900,0,0
2025-09-16,1663.4,1687.2,1662.8,1676.8,623000,1044413200,0,0
2025-09-17,1674.2,1676,1632.2,1634.2,649500,1067993800,0,0
2025-09-18,1634.4,1643,1616,1630.6,790500,1286015400,0,0
2025-09-19,1630.6,1647.2,1618.8,1631,917000,1496221300,0,0
2025-09-22,1631,1631.2,1620.2,1624.4,455500,740121700,0,0
2025-09-24,1633.6,1634.2,1613.2,1625.8,788000,1280972200,0,0
2025-09-25,1642.6,1651.8,1629.4,1645,598500,983762100,0,0
2025-09-26,1647.2,1663.6,1645,1662.6,680500,1128314500,0,0
2025-09-29,1637.2,1658,1605.2,1619.2,629500,1019607600,0,0
2025-09-30,1622,1627.8,1606,1620,587500,951167600,0,0
2025-10-01,1604.8,1612.4,1573,1593.4,1067500,1700454200,0,0
2025-10-02,1578.4,1587,1558.8,1570.4,762500,1198757100,0,0
2025-10-03,1570.2,1584.2,1568.6,1583.4,500500,791111800,0,0
2025-10-06,1613.4,1613.4,1591.8,1591.8,597500,955976300,0,0
2025-10-07,1588.8,1605.2,1580,1605.2,683500,1092588500,0,0
2025-10-08,1603.6,1616.6,1597.8,1597.8,463000,742735700,0,0
2025-10-09,1590,1625.4,1588.2,1625.4,543000,876733700,0,0
2025-10-10,1603.6,1617.4,1596.2,1607,704500,1133026800,0,0
2025-10-14,1584.4,1600.8,1568.8,1573.2,637000,1005780700,0,0
2025-10-15,1575,1596.4,1573.4,1592.2,611000,969249200,0,0
2025-10-16,1592.2,1599.4,1572.2,1578,708500,1121186900,0,0
2025-10-17,1581.6,1585.8,1564.4,1565.4,812500,1274754300,0,0
2025-10-20,1586.6,1594.6,1578.8,1588.2,572000,906805600,0,0
2025-10-21,1581.8,1592.2,1559.8,1559.8,653500,1024378200,0,0
2025-10-22,1577.8,1591,1577.8,1590,837500,1328761700,0,0
2025-10-23,1593.2,1597.6,1580.8,1586.6,519000,824435300,0,0
2025-10-24,1578,1599.8,1575.4,1598.6,672000,1069487800,0,0
2025-10-27,1603.6,1619.6,1598.6,1606.8,832500,1339790200,0,0
2025-10-28,1614.6,1614.6,1564.6,1572.2,634000,1000606200,0,0
2025-10-29,1567.4,1585.2,1542,1542,637000,988699100,0,0
2025-10-30,1553.8,1575,1543.2,1567,677000,1061079000,0,0
2025-10-31,1575,1589.8,1561,1573.8,1020000,1606031200,0,0
2025-11-04,1573.6,1668,1545.4,1650.4,2026000,3275272800,0,0
2025-11-05,1660.2,1686.4,1633,1651.6,1391000,2303144400,0,0
2025-11-06,1652,1669.8,1646,1655.6,983000,1628748500,0,0
2025-11-07,1660.2,1694.2,1660,1688.2,858500,1439199600,0,0
2025-11-10,1707.8,1724.8,1692.2,1719,1073000,1841869800,0,0
2025-11-11,1729,1734.2,1690.2,1702,743000,1270337100,0,0
2025-11-12,1702,1722,1692.4,1708.8,634500,1084622800,0,0
2025-11-13,1717.8,1726,1706.8,1708.6,488500,837340600,0,0
2025-11-14,1692.6,1708,1672.6,1695.2,701000,1187573400,0,0
2025-11-17,1707.6,1708.2,1684,1700.4,491500,833472700,0,0
2025-11-18,1700,1707,1646.2,1656,529500,883201900,0,0
2025-11-19,1670.6,1697.8,1656.6,1678.4,760500,1278380000,0,0
2025-11-20,1687.4,1704,1682.6,1695.6,568500,963389600,0,0
2025-11-21,1689.2,1719,1686,1719,797000,1364707500,0,0
2025-11-25,1719.2,1723.4,1676.8,1700.6,885500,1503108000,0,0
2025-11-26,1670.6,1698.4,1636,1678.2,1567500,2609080700,0,0
2025-11-27,1678.2,1710,1672,1704.4,696000,1181813100,0,0
2025-11-28,1694.2,1703.2,1681.4,1689,527000,891562400,0,0
2025-12-01,1699,1705.8,1681,1681,690500,1166854500,0,0
2025-12-02,1688.8,1691,1671.4,1677.2,943000,1583924900,0,0
2025-12-03,1682,1685.8,1663,1663.8,862500,1439461900,0,0
2025-12-04,1659.2,1685.2,1657.4,1677.4,944000,1583400400,0,0
2025-12-05,1669,1669,1639.8,1655.4,920000,1519821600,0,0
2025-12-08,1670,1687.2,1670,1682.6,693500,1166244500,0,0
2025-12-09,1677.8,1687.4,1671.4,1687.4,582500,979600500,0,0
2025-12-10,1687.4,1698.6,1676.6,1692.2,485500,821031300,0,0
2025-12-11,1700,1707.6,1680.4,1686,431000,728334100,0,0
2025-12-12,1699.4,1731,1697.4,1707.2,791500,1356127200,0,0
2025-12-15,1684.8,1737,1684.4,1735.6,864000,1487132900,0,0
2025-12-16,1724.8,1733,1680.6,1680.6,707500,1199621100,0,0
2025-12-17,1688.6,1701.2,1674.8,1694.2,809500,1368712300,0,0
2025-12-18,1699.8,1711.4,1696,1699.6,564500,961111100,0,0
2025-12-19,1702,1727,1700.2,1716.8,901000,1546601700,0,0
2025-12-22,1725.8,1725.8,1708,1712.6,619500,1063832200,0,0
2025-12-23,1712.6,1733.8,1710.2,1728.8,373000,644296100,0,0
2025-12-24,1728.4,1734,1721.4,1721.4,268500,463282400,0,0
2025-12-25,1735.6,1735.6,1710,1720.2,277500,478201400,0,0
2025-12-26,1730.4,1731.6,1712,1720.6,408500,704098500,0,0
2025-12-29,1711.2,1721.2,1693.6,1704.6,433500,738407200,0,0
2025-12-30,1710,1710,1686.8,1691.2,573000,970055800,0,0
2026-01-05,1719.4,1735.2,1703.6,1735.2,647500,1118216600,0,0
2026-01-06,1739,1763,1735.6,1758.4,598000,1048678800,0,0
2026-01-07,1728.6,1736.6,1718.2,1730.4,623500,1078395900,0,0
2026-01-08,1730,1740.8,1721.6,1729,464000,802874500,0,0
2026-01-09,1732,1755.8,1723.2,1749.4,638500,1114502800,0,0
2026-01-13,1760,1764.8,1748,1754.8,564000,990076300,0,0
2026-01-14,1760,1789.4,1758,1783.6,651500,1159528500,0,0
2026-01-15,1761,1789.8,1761,1776.2,431000,766159800,0,0
2026-01-16,1766.4,1799.4,1760,1798.8,516500,923408100,0,0
2026-01-19,1790.8,1809.2,1782.4,1782.8,640000,1145225700,0,0
2026-01-20,1792,1809.8,1786.2,1795.6,554000,995262700,0,0
2026-01-21,1761.6,1791,1761.4,1784,387500,690178700,0,0
2026-01-22,1786.8,1805,1783.2,1805,572500,1030317700,0,0
2026-01-23,1800,1819.2,1793,1811,837500,1513036300,0,0
2026-01-26,1803.2,1824,1784,1792,1207000,2170088200,0,0
2026-01-27,1774.6,1812.2,1773.2,1810.8,910500,1641740100,0,0
2026-01-28,1803.4,1805,1781.2,1784.8,764500,1368799700,0,0
2026-01-29,1784.8,1818,1781.6,1810.6,949500,1709830600,0,0
2026-01-30,1827.8,1839.6,1813.8,1839.4,1156000,2117528900,0,0
2026-02-02,1819.2,1853,1780.2,1799.8,1494000,2702979100,0,0
2026-02-03,1795,1852.2,1784.2,1852,953000,1747837700,0,0
2026-02-04,1860,1869.2,1836.8,1856.4,930500,1724719100,0,0
2026-02-05,1870,1882,1859.6,1871.2,637500,1193663900,0,0
2026-02-06,1871.2,1886.8,1856.2,1878.4,833000,1560992200,0,0
2026-02-09,1926.2,1934.8,1894.4,1904.8,656500,1253087900,0,0
2026-02-10,1906.8,1956.8,1906.8,1943.4,977500,1897284600,0,0
2026-02-12,1954.4,1967.8,1944,1951.8,990000,1936026300,0,0
2026-02-13,1952,1964.8,1896.6,1909.8,794500,1519225100,0,0
2026-02-16,1920,1930.8,1910.4,1930.8,684500,1315781500,0,0
2026-02-17,1943.8,1982.8,1942.2,1963.2,1077500,2114932800,0,0
2026-02-18,1980,2013,1963.2,1989.2,1012000,2016091700,0,0
2026-02-19,1977.6,1996.6,1957.2,1996,620500,1233900900,0,0
2026-02-20,1985.6,1985.6,1955,1956.6,536500,1052814000,0,0
2026-02-24,1962.2,1986,1955.8,1964,1038000,2041153500,0,0
2026-02-25,1978.4,1980.8,1962.8,1976.8,705500,1392704900,0,0
2026-02-26,1976,1976,1951.6,1956.6,772000,1514839200,0,0
2026-02-27,1986.6,2012,1967,2009,1786500,3555176300,0,0
2026-03-02,1968.4,1997.6,1956.8,1985,796500,1579869600,0,0
2026-03-03,1967,1990,1931.4,1935.2,706000,1376848900,0,0
2026-03-04,1905.2,1935.2,1873.4,1907,1228000,2331990200,0,0
2026-03-05,1940,1959.4,1901,1943.2,1226000,2382970200,0,0
2026-03-06,1913.2,1931,1907.8,1931,878500,1687579200,0,0
2026-03-09,1841,1892,1836.6,1883.8,1167000,2173705900,0,0
2026-03-10,1913.8,1943.4,1899.8,1909.2,1333500,2558072500,0,0
2026-03-11,1899.8,1930,1857.6,1857.6,1371000,2595914100,0,0
2026-03-12,1849.6,1857.4,1808.6,1818,726000,1325150000,0,0
2026-03-13,1799,1837.2,1796.4,1803.4,747500,1352062100,0,0
2026-03-16,1803.4,1818.4,1787.8,1795,600000,1079251400,0,0
2026-03-17,1806,1837.4,1794.4,1830.6,785000,1432276600,0,0
2026-03-18,1828.8,1828.8,1806,1824,921000,1675625000,0,0
2026-03-19,1797.2,1831,1794.8,1797.2,1553000,2799905800,0,0
2026-03-23,1738.8,1741.8,1697.4,1708,1191000,2040932600,0,0
2026-03-24,1738,1767.6,1722.6,1767.6,909500,1594058800,0,0
2026-03-25,1816.2,1824.2,1781,1789.6,1136000,2040430400,0,0
2026-03-26,1798,1804.8,1760,1777.8,1016500,1803940500,0,0
2026-03-27,1766.4,1778.8,1748.8,1767.2,1061500,1875049800,0,0
2026-03-30,1671.4,1736.8,1671.4,1735.6,1182000,2032435900,0,0
2026-03-31,1723.4,1775.6,1717.4,1744.6,897000,1567442500,0,0
2026-04-01,1797.6,1800,1772.6,1800,1029000,1838710100,0,0
2026-04-02,1810,1810,1768,1784.8,996000,1783368700,0,0
2026-04-03,1792.8,1797.2,1776.2,1779.2,775500,1381959000,0,0
2026-04-06,1787.4,1787.6,1767,1767,375000,665604600,0,0
2026-04-07,1767,1774.6,1753.2,1769.8,791000,1394549600,0,0
2026-04-08,1824.8,1824.8,1802,1823.6,807500,1467865700,0,0
2026-04-09,1833.8,1836,1818.8,1825.2,527500,963110900,0,0
2026-04-10,1823,1825.8,1806,1808.4,413000,748776700,0,0
2026-04-13,1797.2,1805.8,1781.8,1788.6,827500,1481691200,0,0
2026-04-14,1793.8,1854.6,1789.8,1827.2,938500,1712362200,0,0
2026-04-15,1825,1842.4,1788.8,1793.4,994000,1788495100,0,0
2026-04-16,1796,1796,1767.6,1777,618000,1098005700,0,0
2026-04-17,1778,1793,1763.4,1766.4,962500,1710307000,0,0
2026-04-20,1768,1768,1727.8,1736.4,1012000,1762880800,0,0
2026-04-21,1751.2,1754.4,1728.6,1738.6,755500,1313235700,0,0
2026-04-22,1723.8,1723.8,1686.2,1688,830500,1408005900,0,0
2026-04-23,1673.2,1694.2,1668.8,1687.8,1064000,1789088900,0,0
2026-04-24,1668.2,1681.6,1660,1677.4,1009500,1691476300,0,0
2026-04-27,1672,1689,1644,1683.4,1068500,1793405200,0,0
2026-04-28,1705.2,1723.2,1696.4,1723.2,1920000,3298240700,0,0
2026-04-30,1697.4,1707.4,1663.8,1690,1384500,2339935900,0,0
2026-05-01,1682.6,1704,1663.4,1697.8,1147000,1935623000,0,0
2026-05-07,1713.2,1754.4,1713.2,1728.2,914500,1584095000,0,0
2026-05-08,1719.4,1739.4,1703,1733.6,982000,1693852300,0,0
2026-05-11,1752.8,1763.6,1719.4,1719.4,1045500,1808541600,0,0
2026-05-12,1731.2,1737.2,1702,1703.8,687500,1177500700,0,0
2026-05-13,1709.4,1716.8,1698.8,1709.6,720000,1231528500,0,0
2026-05-14,1729,1786.2,1710.2,1786.2,986500,1723887900,0,0
2026-05-18,1799.6,1833,1783,1817.6,1195000,2169924400,0,0
2026-05-19,1820,1852,1816.6,1852,1063500,1959154500,0,0
2026-05-20,1850,1850,1813,1827,974500,1780222100,0,0
2026-05-21,1848,1860,1826.2,1844.2,681500,1260377500,0,0
2026-05-22,1840.2,1840.2,1779.6,1796,609000,1095649600,0,0
2026-05-25,1810.8,1814.4,1768.4,1779.8,700000,1248444800,0,0
2026-05-26,1790.2,1832.6,1769.4,1809,1094500,1980562800,0,0
2026-05-27,1779,1789.6,1740.4,1755,965000,1695016300,0,0
2026-05-28,1762.2,1780.2,1755,1773.4,806000,1427248900,0,0
2026-05-29,1760,1795.8,1760,1795.8,1438000,2576151800,0,0
2026-06-01,1818,1840,1774.8,1780.8,867500,1552201300,0,0
2026-06-02,1764.8,1780.6,1734.8,1758.4,676000,1187748300,0,0
2026-06-03,1750,1760.8,1732,1755.8,829000,1452193400,0,0
2026-06-04,1755.8,1755.8,1727.6,1737.2,790000,1372287800,0,0
2026-06-05,1747.4,1759.6,1712.2,1718,843500,1461691400,0,0
2026-06-08,1745.8,1753.8,1694,1724.2,1484000,2549804000,0,0
2026-06-09,1752,1753.8,1701.2,1703.8,798000,1369217400,0,0
2026-06-10,1718,1721.2,1699.6,1715.2,719000,1230915800,0,0
2026-06-11,1721.6,1735.4,1688.6,1707.2,1138000,1943587100,0,0
2026-06-12,1713,1725,1702.8,1714.6,1013000,1737271300,0,0
2026-06-15,1724.4,1732.8,1710.8,1718,976500,1681697400,0,0
2026-06-16,1718,1724.8,1701.6,1701.6,751000,1283950800,0,0
2026-06-17,1717.4,1733.6,1701.6,1721.8,1095500,1885082300,0,0
2026-06-18,1729.4,1742.2,1715.8,1722,817500,1411296500,0,0
2026-06-19,1712.6,1748.4,1711.4,1727.2,1685000,2912478700,0,0
2026-06-22,1713.6,1721,1690.6,1703.2,509500,867769600,0,0
2026-06-23,1715,1742.2,1699.2,1719.2,587000,1008516800,0,0
2026-06-24,1727,1744,1721,1725.8,639500,1105718300,0,0
2026-06-25,1728.2,1734.6,1714.4,1719.6,524000,901792000,0,0
2026-06-26,1740.8,1740.8,1704.6,1733.2,536000,927860600,0,0
2026-06-29,1746,1765.2,1725.8,1737.6,796500,1384599000,0,0
2026-06-30,1740,1745.8,1714.2,1725.4,755000,1302377300,0,0
2026-07-01,1731,1741.8,1715.6,1720.6,735000,1267001300,0,0
2026-07-02,1726,1734.6,1711,1712.8,844500,1451811100,0,0
2026-07-03,1740.6,1777,1738.4,1756,1073000,1886060700,0,0
2026-07-06,1750,1777.2,1746.8,1766.2,846000,1494234200,0,0
2026-07-07,1760,1779.4,1754.2,1765,872000,1540258300,0,0
2026-07-08,1778,1779.4,1757.8,1757.8,531000,936475500,0,0
2026-07-09,1759.4,1771.4,1739.4,1755.6,765000,1340105200,0,0
2026-07-10,1754,1762.6,1738.8,1738.8,676000,1179048600,0,0
2026-07-13,1760,1767.2,1724,1730.6,474000,823296500,0,0
2026-07-14,1760.6,1761.6,1744.8,1747.6,830500,1455133100,0,0
2026-07-15,1761.4,1761.4,1737.4,1746,538500,939576700,0,0
2026-07-16,1741.6,1759.6,1727.8,1730.2,518000,902131300,0,0
2026-07-17,1738,1750.4,1724,1734.6,713000,1238243800,0,0
2026-07-21,1749.2,1839.4,1746,1830,1818000,3308076700,0,0
2026-07-22,1815,1840,1806,1840,930500,1703908800,0,0
2026-07-23,1840,1854,1830.2,1840,647000,1190533300,0,0
2026-07-24,1829.2,1862.4,1825.2,1846,834000,1541950500,0,0
2026-07-27,1849.8,1860,1835.8,1856,747500,1382093800,0,0
2026-07-28,1874.4,1893.2,1863,1881.6,1466500,2753847300,0,0
2026-07-29,1872,1891.2,1854.8,1891.2,1229000,2311998100,0,0
2026-07-30,1878.8,1884.4,1853.8,1876.4,1208500,2264035100,0,0
2026-07-31,1880,1894.4,1863.4,1894.4,1658500,3128682100,0,0
2026-08-03,1834.4,1850.2,1767.4,1798.6,3257000,5857185100,0,0
2026-08-04,1796.4,1816,1757.8,1759.2,1254500,2215364800,0,0
2026-08-05,1763.8,1776.4,1735.6,1750,1448500,2536432900,0,0
2026-08-06,1760,1767.8,1720.2,1745.2,1484500,2584261100,0,0
2026-08-07,1740,1749.8,1702.6,1709.8,1631500,2808504500,0,0
2026-08-10,1714.2,1715.4,1665.8,1686.4,1864500,3140103100,0,0
2026-08-12,1689.2,1698.6,1677.2,1697,1130500,1912745400,0,0
2026-08-13,1682,1702,1680,1685.4,976500,1649277600,0,0
2026-08-14,1675.8,1715.6,1670,1705.4,1564000,2657544400,0,0
2026-08-17,1708,1712,1698.2,1700,938500,1599091700,0,0
2026-08-18,1694.6,1729.8,1691.8,1723,822000,1412359600,0,0
2026-08-19,1714.6,1716.8,1672.8,1678.2,796000,1342007800,0,0
2026-08-20,1690,1696.4,1675.6,1691,641500,1082034300,0,0
2026-08-21,1631,1687,1624.2,1667.4,1069500,1772671900,0,0
2026-08-24,1668,1680.6,1661.2,1672.6,705000,1179086700,0,0
2026-08-25,1696.8,1697.4,1673.8,1685,736000,1239594300,0,0
2026-08-26,1676,1685.8,1672,1679.8,890000,1494040200,0,0
2026-08-27,1677.2,1689.8,1662.4,1673.2,766500,1283293900,0,0
2026-08-28,1668.4,1684,1664.2,1677,736000,1233340300,0,0
2026-08-31,1676.2,1677,1665.6,1665.6,842500,1406040800,0,0
2026-09-01,1653.6,1683.2,1650.2,1677.6,709500,1188863100,0,0
2026-09-02,1656,1663.8,1612.8,1612.8,863500,1404115000,0,0
2026-09-03,1613.4,1625.8,1604.4,1612.8,726000,1173775200,0,0
2026-09-04,1612.2,1620.6,1600.4,1620,825500,1334077600,0,0
2026-09-07,1617.4,1629.8,1617.2,1622.6,533500,865986500,0,0
2026-09-08,1613.2,1625.8,1600,1600,557500,896961100,0,0
2026-09-09,1600,1624.2,1587.6,1614.6,1126500,1818956900,0,0
2026-09-10,1600.2,1620,1584.4,1600.8,936500,1496900700,0,0
2026-09-11,1570.8,1584.6,1552.2,1582.8,4544000,7137990300,0,0
2026-09-14,1584,1609,1583,1605.4,1228000,1965068900,0,0
2026-09-15,1618.8,1621.6,1594.2,1612,758500,1217896400,0,0
2026-09-16,1610.2,1644.8,1608.4,1631.2,1010000,1647844700,0,0
2026-09-17,1635.6,1653.8,1632,1653.8,858000,1414022400,0,0
2026-09-18,1652,1652,1626.2,1626.2,1289500,2102926900,0,0
2026-09-24,1624.2,1650.4,1620.4,1636.4,1113000,1823666500,0,0
2026-09-25,1639,1648.2,1633.2,1644.8,995000,1633583300,0,0
2026-09-28,1657.8,1657.8,1633,1633,1109000,1817907900,0,0
2026-09-29,1603,1623,1565.5,1567,727700,1145154950,0,0
2026-09-30,1575.5,1615,1563,1603,1584100,2529827200,0,0
2026-10-01,1593.5,1600,1570.5,1591.5,1147400,1818159350,0,0
2026-10-02,1576,1579.5,1557.5,1567,1081200,1694607650,0,0
2026-10-05,1578,1588.5,1567.5,1580,808400,1277086350,0,0
2026-10-06,1588,1592.5,1580,1586.5,762000,1208693300,0,0
2026-10-07,1580,1593.5,1576.5,1582,736400,1166344950,0,0
2026-10-08,1580,1587,1557.5,1587,1116200,1763643400,0,0
