Date,Open,High,Low,Close,Volume,TradingValue,UpLimit,UnderLimit
2016-02-04,1000,1013.75,993.75,1006.25,6796000,,,
2016-02-05,992.5,995,977.5,981.25,4976000,,,
2016-02-08,972.5,1008.75,971.25,1006.25,4152000,,,
2016-02-09,977.5,991.25,961.25,983.75,8628000,,,
2016-02-10,973.75,978.75,926.25,936.25,8872000,,,
2016-02-12,917.5,947.5,902.5,913.75,11592000,,,
2016-02-15,948.75,988.75,936.25,981.25,14604000,,,
2016-02-16,967.5,970,945,946.25,6176000,,,
2016-02-17,946.25,953.75,930,946.25,7152000,,,
2016-02-18,965,973.75,953.75,963.75,6740000,,,
2016-02-19,971.25,993.75,970,988.75,8384000,,,
2016-02-22,983.75,995,975,993.75,4532000,,,
2016-02-23,996.25,1012.5,988.75,988.75,4884000,,,
2016-02-24,990,1006.25,981.25,991.25,6436000,,,
2016-02-25,993.75,1016.25,993.75,1015,5884000,,,
2016-02-26,1018.75,1020,1010,1012.5,4400000,,,
2016-02-29,1015,1016.25,982.5,983.75,5632000,,,
2016-03-01,976.25,995,973.75,988.75,4412000,,,
2016-03-02,1013.75,1018.75,1002.5,1010,5316000,,,
2016-03-03,1010,1042.5,1008.75,1037.5,8544000,,,
2016-03-04,1032.5,1040,1022.5,1038.75,5308000,,,
2016-03-07,1028.75,1032.5,1002.5,1018.75,7248000,,,
2016-03-08,1002.5,1005,986.25,995,6364000,,,
2016-03-09,982.5,990,955,960,8844000,,,
2016-03-10,951.25,977.5,931.25,970,11620000,,,
2016-03-11,952.5,973.75,946.25,968.75,8508000,,,
2016-03-14,972.5,977.5,961.25,968.75,5280000,,,
2016-03-15,973.75,986.25,967.5,971.25,6324000,,,
2016-03-16,967.5,987.5,965,965,6024000,,,
2016-03-17,968.75,977.5,951.25,957.5,4544000,,,
2016-03-18,950,958.75,947.5,953.75,10404000,,,
2016-03-22,962.5,982.5,955,971.25,6708000,,,
2016-03-23,975,992.5,965,971.25,7456000,,,
2016-03-24,975,993.75,970,980,8224000,,,
2016-03-25,985,998.75,985,995,3436000,,,
2016-03-28,998.75,1011.25,996.25,1010,4484000,,,
2016-03-29,1007.5,1022.5,1007.5,1012.5,5660000,,,
2016-03-30,1010,1018.75,1000,1002.5,6612000,,,
2016-03-31,1000,1010,992.5,998.75,7112000,,,
2016-04-01,990,993.75,958.75,960,7276000,,,
2016-04-04,962.5,978.75,961.25,967.5,6372000,,,
2016-04-05,960,962.5,930,931.25,6780000,,,
2016-04-06,931.25,931.25,906.25,916.25,9668000,,,
2016-04-07,917.5,938.75,917.5,935,6016000,,,
2016-04-08,918.75,942.5,911.25,930,6488000,,,
2016-04-11,925,936.25,921.25,932.5,4900000,,,
2016-04-12,927.5,943.75,927.5,935,4152000,,,
2016-04-13,938.75,947.5,935,942.5,4776000,,,
2016-04-14,961.25,978.75,943.75,978.75,7456000,,,
2016-04-15,970,982.5,965,978.75,4256000,,,
2016-04-18,950,958.75,950,952.5,3196000,,,
2016-04-19,970,976.25,957.5,968.75,4080000,,,
2016-04-20,972.5,982.5,967.5,973.75,5304000,,,
2016-04-21,982.5,986.25,971.25,978.75,6352000,,,
2016-04-22,966.25,968.75,947.5,956.25,8920000,,,
2016-04-25,950,952.5,936.25,938.75,8012000,,,
2016-04-26,936.25,946.25,932.5,941.25,6412000,,,
2016-04-27,950,950,931.25,931.25,5452000,,,
2016-04-28,938.75,960,930,937.5,8564000,,,
2016-05-02,906.25,927.5,898.75,910,9320000,,,
2016-05-06,925,947.5,925,937.5,9148000,,,
2016-05-09,937.5,951.25,930,947.5,6364000,,,
2016-05-10,938.75,978.75,938.75,971.25,7272000,,,
2016-05-11,971.25,988.75,966.25,980,6264000,,,
2016-05-12,977.5,996.25,977.5,996.25,6176000,,,
2016-05-13,996.25,1000,977.5,978.75,7168000,,,
2016-05-16,976.25,1008.75,976.25,986.25,8336000,,,
2016-05-17,978.75,1002.5,975,1001.25,8028000,,,
2016-05-18,1001.25,1003.75,986.25,995,5492000,,,
2016-05-19,996.25,998.75,983.75,988.75,5028000,,,
2016-05-20,986.25,997.5,985,993.75,4968000,,,
2016-05-23,985,986.25,971.25,976.25,5836000,,,
2016-05-24,976.25,995,971.25,986.25,6772000,,,
2016-05-25,995,1001.25,983.75,986.25,5912000,,,
2016-05-26,998.75,1002.5,986.25,991.25,5764000,,,
2016-05-27,1000,1011.25,995,1008.75,5416000,,,
2016-05-30,1012.5,1028.75,1006.25,1023.75,7336000,,,
2016-05-31,1016.25,1031.25,1015,1027.5,12248000,,,
2016-06-01,1022.5,1025,1005,1007.5,4908000,,,
2016-06-02,1002.5,1013.75,998.75,1003.75,5728000,,,
2016-06-03,1002.5,1013.75,1000,1005,4748000,,,
2016-06-06,996.25,1012.5,985,1012.5,7508000,,,
2016-06-07,1008.75,1026.25,1005,1022.5,4156000,,,
2016-06-08,1021.25,1031.25,1020,1028.75,3364000,,,
2016-06-09,1022.5,1033.75,1021.25,1030,4544000,,,
2016-06-10,1036.25,1038.75,1026.25,1032.5,5496000,,,
2016-06-13,1013.75,1020,988.75,990,7572000,,,
2016-06-14,990,1000,986.25,991.25,6928000,,,
2016-06-15,991.25,1005,987.5,993.75,6788000,,,
2016-06-16,997.5,1006.25,976.25,978.75,4380000,,,
2016-06-17,985,997.5,981.25,988.75,8184000,,,
2016-06-20,1001.25,1008.75,992.5,1001.25,4336000,,,
2016-06-21,997.5,1005,986.25,1000,5556000,,,
2016-06-22,998.75,1000,975,978.75,4136000,,,
2016-06-23,981.25,986.25,972.5,981.25,3968000,,,
2016-06-24,992.5,992.5,926.25,935,5948000,,,
2016-06-27,960,987.5,953.75,985,6592000,,,
2016-06-28,981.25,1011.25,977.5,1006.25,6820000,,,
2016-06-29,1037.5,1062.5,1027.5,1062.5,12628000,,,
2016-06-30,1058.75,1061.25,1037.5,1043.75,7416000,,,
2016-07-01,1046.25,1065,1040,1062.5,5856000,,,
2016-07-04,1062.5,1080,1058.75,1080,4640000,,,
2016-07-05,1073.75,1090,1066.25,1085,4608000,,,
2016-07-06,1073.75,1097.5,1071.25,1095,5784000,,,
2016-07-07,1093.75,1101.25,1086.25,1097.5,4604000,,,
2016-07-08,1093.75,1100,1080,1082.5,5500000,,,
2016-07-11,1105,1128.75,1101.25,1120,6404000,,,
2016-07-12,1122.5,1145,1112.5,1116.25,8840000,,,
2016-07-13,1130,1133.75,1108.75,1112.5,5580000,,,
2016-07-14,1102.5,1121.25,1095,1121.25,7260000,,,
2016-07-15,1123.75,1123.75,1102.5,1110,5040000,,,
2016-07-19,1112.5,1133.75,1098.75,1133.75,5752000,,,
2016-07-20,1132.5,1148.75,1127.5,1146.25,5988000,,,
2016-07-21,1161.25,1161.25,1130,1137.5,5016000,,,
2016-07-22,1127.5,1155,1126.25,1145,3752000,,,
2016-07-25,1153.75,1165,1147.5,1155,5052000,,,
2016-07-26,1167.5,1178.75,1150,1160,7248000,,,
2016-07-27,1173.75,1175,1147.5,1156.25,6636000,,,
2016-07-28,1137.5,1145,1110,1112.5,6144000,,,
2016-07-29,1123.75,1133.75,1095,1133.75,12444000,,,
2016-08-01,1117.5,1131.25,1101.25,1131.25,5428000,,,
2016-08-02,1117.5,1132.5,1117.5,1122.5,4160000,,,
2016-08-03,1097.5,1113.75,1088.75,1102.5,4424000,,,
2016-08-04,1110,1120,1097.5,1110,5352000,,,
2016-08-05,1103.75,1112.5,1082.5,1100,5456000,,,
2016-08-08,1106.25,1107.5,1080,1092.5,6884000,,,
2016-08-09,1087.5,1110,1078.75,1106.25,5312000,,,
2016-08-10,1102.5,1107.5,1093.75,1106.25,3936000,,,
2016-08-12,1118.75,1132.5,1110,1128.75,4372000,,,
2016-08-15,1112.5,1125,1103.75,1106.25,3192000,,,
2016-08-16,1107.5,1110,1088.75,1088.75,6084000,,,
2016-08-17,1078.75,1088.75,1063.75,1077.5,6688000,,,
2016-08-18,1081.25,1082.5,1056.25,1056.25,5024000,,,
2016-08-19,1062.5,1062.5,1050,1062.5,3868000,,,
2016-08-22,1055,1083.75,1055,1083.75,4104000,,,
2016-08-23,1070,1111.25,1070,1106.25,6492000,,,
2016-08-24,1122.5,1141.25,1120,1131.25,8816000,,,
2016-08-25,1132.5,1135,1115,1118.75,6072000,,,
2016-08-26,1121.25,1130,1107.5,1110,7372000,,,
2016-08-29,1123.75,1130,1120,1122.5,5892000,,,
2016-08-30,1120,1121.25,1088.75,1088.75,22712000,,,
2016-08-31,1107.5,1108.75,1088.75,1098.75,10200000,,,
2016-09-01,1103.75,1107.5,1090,1100,4736000,,,
2016-09-02,1100,1102.5,1088.75,1100,4948000,,,
2016-09-05,1107.5,1123.75,1100,1120,3904000,,,
2016-09-06,1121.25,1133.75,1111.25,1131.25,4184000,,,
2016-09-07,1136.25,1157.5,1133.75,1156.25,5940000,,,
2016-09-08,1152.5,1156.25,1141.25,1151.25,4616000,,,
2016-09-09,1138.75,1146.25,1121.25,1136.25,6716000,,,
2016-09-12,1113.75,1132.5,1113.75,1130,3552000,,,
2016-09-13,1130,1133.75,1120,1130,4524000,,,
2016-09-14,1121.25,1133.75,1117.5,1130,3924000,,,
2016-09-15,1120,1126.25,1116.25,1126.25,3056000,,,
2016-09-16,1131.25,1145,1123.75,1143.75,5056000,,,
2016-09-20,1141.25,1181.25,1136.25,1181.25,8960000,,,
2016-09-21,1171.25,1193.75,1158.75,1193.75,6668000,,,
2016-09-23,1193.75,1200,1187.5,1191.25,4508000,,,
2016-09-26,1186.25,1191.25,1171.25,1175,5104000,,,
2016-09-27,1158.75,1202.5,1148.75,1202.5,6328000,,,
2016-09-28,1188.75,1201.25,1181.25,1201.25,3784000,,,
2016-09-29,1206.25,1207.5,1191.25,1192.5,4036000,,,
2016-09-30,1175,1188.75,1172.5,1178.75,5216000,,,
2016-10-03,1191.25,1195,1180,1181.25,3892000,,,
2016-10-04,1180,1180,1158.75,1171.25,5416000,,,
2016-10-05,1168.75,1178.75,1166.25,1171.25,4908000,,,
2016-10-06,1163.75,1175,1156.25,1173.75,4716000,,,
2016-10-07,1175,1178.75,1157.5,1160,3588000,,,
2016-10-11,1163.75,1175,1156.25,1168.75,4300000,,,
2016-10-12,1158.75,1170,1146.25,1147.5,5916000,,,
2016-10-13,1158.75,1171.25,1151.25,1162.5,6008000,,,
2016-10-14,1168.75,1181.25,1165,1171.25,3852000,,,
2016-10-17,1168.75,1188.75,1166.25,1188.75,4212000,,,
2016-10-18,1198.75,1201.25,1187.5,1200,5084000,,,
2016-10-19,1195,1203.75,1192.5,1200,2996000,,,
2016-10-20,1207.5,1213.75,1203.75,1208.75,3704000,,,
2016-10-21,1210,1212.5,1196.25,1203.75,3508000,,,
2016-10-24,1202.5,1210,1201.25,1205,3048000,,,
2016-10-25,1200,1222.5,1197.5,1221.25,4264000,,,
2016-10-26,1223.75,1237.5,1222.5,1235,4896000,,,
2016-10-27,1231.25,1240,1217.5,1225,3764000,,,
2016-10-28,1237.5,1237.5,1208.75,1222.5,7656000,,,
2016-10-31,1221.25,1225,1210,1216.25,5364000,,,
2016-11-01,1202.5,1223.75,1201.25,1210,8112000,,,
2016-11-02,1196.25,1208.75,1182.5,1188.75,6120000,,,
2016-11-04,1182.5,1182.5,1155,1156.25,8004000,,,
2016-11-07,1166.25,1171.25,1155,1160,4444000,,,
2016-11-08,1166.25,1170,1153.75,1167.5,4348000,,,
2016-11-09,1170,1185,1135,1146.25,8088000,,,
2016-11-10,1175,1178.75,1151.25,1157.5,8052000,,,
2016-11-11,1171.25,1171.25,1107.5,1111.25,12164000,,,
2016-11-14,1120,1127.5,1113.75,1115,5156000,,,
2016-11-15,1112.5,1116.25,1087.5,1100,6308000,,,
2016-11-16,1103.75,1105,1086.25,1100,6688000,,,
2016-11-17,1092.5,1097.5,1083.75,1092.5,6264000,,,
2016-11-18,1088.75,1091.25,1077.5,1087.5,6820000,,,
2016-11-21,1091.25,1092.5,1075,1075,6948000,,,
2016-11-22,1077.5,1087.5,1068.75,1080,7096000,,,
2016-11-24,1086.25,1087.5,1073.75,1083.75,6548000,,,
2016-11-25,1085,1100,1082.5,1095,4680000,,,
2016-11-28,1090,1111.25,1090,1107.5,8208000,,,
2016-11-29,1110,1117.5,1100,1111.25,8180000,,,
2016-11-30,1123.75,1136.25,1117.5,1132.5,22228000,,,
2016-12-01,1132.5,1140,1113.75,1122.5,10544000,,,
2016-12-02,1116.25,1130,1108.75,1110,9304000,,,
2016-12-05,1122.5,1130,1107.5,1111.25,9828000,,,
2016-12-06,1111.25,1115,1097.5,1112.5,12472000,,,
2016-12-07,1118.75,1127.5,1106.25,1115,6644000,,,
2016-12-08,1128.75,1157.5,1126.25,1150,12232000,,,
2016-12-09,1153.75,1161.25,1131.25,1137.5,9376000,,,
2016-12-12,1151.25,1170,1146.25,1167.5,8752000,,,
2016-12-13,1157.5,1176.25,1150,1173.75,7344000,,,
2016-12-14,1171.25,1206.25,1171.25,1198.75,9064000,,,
2016-12-15,1186.25,1201.25,1181.25,1200,7928000,,,
2016-12-16,1202.5,1208.75,1188.75,1195,8540000,,,
2016-12-19,1196.25,1206.25,1188.75,1203.75,4084000,,,
2016-12-20,1187.5,1210,1183.75,1207.5,8432000,,,
2016-12-21,1206.25,1208.75,1192.5,1196.25,5140000,,,
2016-12-22,1195,1202.5,1190,1193.75,3684000,,,
2016-12-26,1200,1203.75,1195,1196.25,2536000,,,
2016-12-27,1195,1203.75,1190,1200,3072000,,,
2016-12-28,1200,1227.5,1195,1216.25,5652000,,,
2016-12-29,1218.75,1225,1195,1201.25,4852000,,,
2016-12-30,1196.25,1201.25,1187.5,1188.75,3004000,,,
2017-01-04,1187.5,1213.75,1185,1213.75,4920000,,,
2017-01-05,1212.5,1218.75,1205,1216.25,6196000,,,
2017-01-06,1205,1217.5,1202.5,1213.75,3480000,,,
2017-01-10,1196.25,1212.5,1190,1190,4752000,,,
2017-01-11,1197.5,1197.5,1177.5,1181.25,5548000,,,
2017-01-12,1190,1190,1158.75,1166.25,4052000,,,
2017-01-13,1155,1190,1152.5,1178.75,6204000,,,
2017-01-16,1172.5,1178.75,1168.75,1176.25,2424000,,,
2017-01-17,1181.25,1183.75,1162.5,1163.75,3132000,,,
2017-01-18,1166.25,1171.25,1150,1153.75,5096000,,,
2017-01-19,1167.5,1176.25,1165,1168.75,3792000,,,
2017-01-20,1162.5,1175,1160,1170,3604000,,,
2017-01-23,1160,1160,1138.75,1143.75,4644000,,,
2017-01-24,1131.25,1135,1111.25,1127.5,7840000,,,
2017-01-25,1143.75,1146.25,1123.75,1131.25,5344000,,,
2017-01-26,1136.25,1136.25,1111.25,1123.75,9024000,,,
2017-01-27,1125,1131.25,1116.25,1121.25,3908000,,,
2017-01-30,1111.25,1113.75,1101.25,1107.5,4948000,,,
2017-01-31,1102.5,1107.5,1051.25,1053.75,9128000,,,
2017-02-01,1068.75,1080,1050,1051.25,7832000,,,
2017-02-02,1038.75,1040,1016.25,1026.25,7576000,,,
2017-02-03,1040,1043.75,1020,1020,3680000,,,
2017-02-06,1021.25,1025,1005,1021.25,4900000,,,
2017-02-07,1011.25,1023.75,1010,1020,3928000,,,
2017-02-08,1010,1017.5,1005,1015,4108000,,,
2017-02-09,1015,1017.5,1008.75,1017.5,3908000,,,
2017-02-10,1027.5,1033.75,1022.5,1027.5,4240000,,,
2017-02-13,1036.25,1040,1011.25,1015,6232000,,,
2017-02-14,1020,1023.75,1010,1017.5,4396000,,,
2017-02-15,1022.5,1023.75,991.25,997.5,5456000,,,
2017-02-16,1000,1000,988.75,991.25,3468000,,,
2017-02-17,987.5,987.5,977.5,986.25,5056000,,,
2017-02-20,980,995,973.75,992.5,5072000,,,
2017-02-21,990,997.5,987.5,992.5,3116000,,,
2017-02-22,997.5,1003.75,985,987.5,7012000,,,
2017-02-23,993.75,1011.25,990,1010,5372000,,,
2017-02-24,1005,1010,996.25,997.5,4564000,,,
2017-02-27,991.25,993.75,981.25,987.5,4772000,,,
2017-02-28,993.75,1017.5,986.25,1010,10628000,,,
2017-03-01,1020,1022.5,1005,1007.5,5840000,,,
2017-03-02,1017.5,1018.75,1007.5,1011.25,4376000,,,
2017-03-03,1012.5,1018.75,1003.75,1010,5468000,,,
2017-03-06,1003.75,1006.25,993.75,995,4576000,,,
2017-03-07,995,1002.5,991.25,1000,5064000,,,
2017-03-08,1000,1010,992.5,1008.75,4924000,,,
2017-03-09,1008.75,1008.75,996.25,1005,4924000,,,
2017-03-10,1015,1021.25,1010,1015,7044000,,,
2017-03-13,1013.75,1030,1012.5,1027.5,4716000,,,
2017-03-14,1025,1035,1025,1025,3296000,,,
2017-03-15,1020,1020,1008.75,1012.5,3196000,,,
2017-03-16,1011.25,1015,1006.25,1015,4416000,,,
2017-03-17,1005,1007.5,992.5,992.5,7632000,,,
2017-03-21,987.5,993.75,985,991.25,4424000,,,
2017-03-22,981.25,987.5,981.25,982.5,4540000,,,
2017-03-23,981.25,990,978.75,987.5,4748000,,,
2017-03-24,991.25,1007.5,988.75,1005,4052000,,,
2017-03-27,991.25,998.75,983.75,996.25,3612000,,,
2017-03-28,1007.5,1021.25,1005,1013.75,6064000,,,
2017-03-29,1012.5,1017.5,1003.75,1006.25,4996000,,,
2017-03-30,1001.25,1006.25,970,976.25,7496000,,,
2017-03-31,986.25,1011.25,983.75,983.75,7092000,,,
2017-04-03,987.5,1003.75,980,998.75,5224000,,,
2017-04-04,998.75,1007.5,992.5,1005,5468000,,,
2017-04-05,1001.25,1008.75,995,1002.5,6988000,,,
2017-04-06,1001.25,1007.5,966.25,966.25,8848000,,,
2017-04-07,968.75,981.25,967.5,975,5104000,,,
2017-04-10,986.25,986.25,972.5,973.75,4548000,,,
2017-04-11,967.5,985,963.75,978.75,6556000,,,
2017-04-12,972.5,977.5,963.75,971.25,5400000,,,
2017-04-13,971.25,993.75,970,985,6164000,,,
2017-04-14,978.75,978.75,953.75,958.75,4000000,,,
2017-04-17,960,990,960,990,5580000,,,
2017-04-18,982.5,997.5,978.75,995,4804000,,,
2017-04-19,988.75,1002.5,986.25,996.25,6020000,,,
2017-04-20,993.75,993.75,973.75,973.75,5004000,,,
2017-04-21,975,988.75,971.25,983.75,3956000,,,
2017-04-24,992.5,1001.25,988.75,1000,3604000,,,
2017-04-25,997.5,1011.25,996.25,1008.75,4576000,,,
2017-04-26,1010,1010,992.5,1003.75,4600000,,,
2017-04-27,1003.75,1006.25,991.25,993.75,3440000,,,
2017-04-28,988.75,1007.5,986.25,996.25,6744000,,,
2017-05-01,990,1005,986.25,1000,5936000,,,
2017-05-02,993.75,1003.75,990,995,7144000,,,
2017-05-08,1003.75,1020,996.25,1020,11672000,,,
2017-05-09,1017.5,1023.75,1011.25,1011.25,8324000,,,
2017-05-10,1012.5,1022.5,1012.5,1018.75,8704000,,,
2017-05-11,1020,1022.5,1007.5,1011.25,9176000,,,
2017-05-12,1011.25,1027.5,1011.25,1021.25,8912000,,,
2017-05-15,1023.75,1030,1013.75,1018.75,8428000,,,
2017-05-16,1023.75,1025,1015,1022.5,7156000,,,
2017-05-17,1025,1046.25,1025,1043.75,8992000,,,
2017-05-18,1043.75,1052.5,1041.25,1045,6420000,,,
2017-05-19,1037.5,1037.5,1022.5,1030,5796000,,,
2017-05-22,1020,1038.75,1020,1038.75,6640000,,,
2017-05-23,1068.75,1072.5,1057.5,1065,7908000,,,
2017-05-24,1070,1071.25,1061.25,1067.5,7044000,,,
2017-05-25,1073.75,1100,1071.25,1097.5,7964000,,,
2017-05-26,1091.25,1097.5,1087.5,1088.75,8052000,,,
2017-05-29,1090,1090,1081.25,1087.5,3612000,,,
2017-05-30,1085,1086.25,1076.25,1085,5120000,,,
2017-05-31,1081.25,1086.25,1067.5,1067.5,19808000,,,
2017-06-01,1078.75,1113.75,1076.25,1112.5,8512000,,,
2017-06-02,1111.25,1112.5,1098.75,1098.75,6880000,,,
2017-06-05,1082.5,1095,1075,1087.5,7564000,,,
2017-06-06,1081.25,1083.75,1070,1070,5932000,,,
2017-06-07,1076.25,1078.75,1068.75,1072.5,6940000,,,
2017-06-08,1072.5,1073.75,1063.75,1067.5,6232000,,,
2017-06-09,1057.5,1065,1053.75,1062.5,7848000,,,
2017-06-12,1070,1070,1058.75,1067.5,3996000,,,
2017-06-13,1062.5,1073.75,1061.25,1067.5,3676000,,,
2017-06-14,1070,1085,1067.5,1067.5,5828000,,,
2017-06-15,1067.5,1077.5,1060,1073.75,5716000,,,
2017-06-16,1076.25,1076.25,1062.5,1063.75,5680000,,,
2017-06-19,1063.75,1080,1063.75,1078.75,3848000,,,
2017-06-20,1078.75,1081.25,1072.5,1076.25,4788000,,,
2017-06-21,1073.75,1073.75,1056.25,1056.25,6140000,,,
2017-06-22,1055,1058.75,1043.75,1043.75,4328000,,,
2017-06-23,1042.5,1048.75,1041.25,1046.25,3484000,,,
2017-06-26,1051.25,1053.75,1045,1046.25,2496000,,,
2017-06-27,1045,1046.25,1037.5,1041.25,3028000,,,
2017-06-28,1037.5,1043.75,1033.75,1036.25,2980000,,,
2017-06-29,1040,1043.75,1031.25,1043.75,4016000,,,
2017-06-30,1032.5,1033.75,1017.5,1022.5,6096000,,,
2017-07-03,1020,1026.25,1017.5,1020,3080000,,,
2017-07-04,1020,1026.25,1013.75,1013.75,4036000,,,
2017-07-05,1013.75,1022.5,1007.5,1021.25,4324000,,,
2017-07-06,1006.25,1021.25,1006.25,1011.25,6740000,,,
2017-07-07,995,1000,981.25,983.75,6868000,,,
2017-07-10,986.25,987.5,980,982.5,4276000,,,
2017-07-11,977.5,990,973.75,987.5,4000000,,,
2017-07-12,986.25,988.75,971.25,972.5,4028000,,,
2017-07-13,971.25,976.25,962.5,963.75,4084000,,,
2017-07-14,962.5,966.25,958.75,962.5,5096000,,,
2017-07-18,960,965,953.75,957.5,4832000,,,
2017-07-19,955,962.5,955,957.5,3940000,,,
2017-07-20,956.25,958.75,947.5,953.75,5344000,,,
2017-07-21,953.75,955,946.25,946.25,4460000,,,
2017-07-24,938.75,938.75,925,930,7800000,,,
2017-07-25,925,931.25,920,926.25,4368000,,,
2017-07-26,930,930,916.25,920,5976000,,,
2017-07-27,921.25,940,921.25,933.75,5904000,,,
2017-07-28,927.5,938.75,927.5,938.75,6428000,,,
2017-07-31,940,943.75,932.5,933.75,6340000,,,
2017-08-01,943.75,961.25,937.5,960,9328000,,,
2017-08-02,985,988.75,962.5,963.75,7760000,,,
2017-08-03,962.5,972.5,962.5,967.5,5608000,,,
2017-08-04,967.5,970,960,960,5864000,,,
2017-08-07,962.5,967.5,958.75,965,4240000,,,
2017-08-08,961.25,967.5,945,950,6600000,,,
2017-08-09,953.75,958.75,940,945,4424000,,,
2017-08-10,945,947.5,937.5,940,4076000,,,
2017-08-14,932.5,940,921.25,931.25,5296000,,,
2017-08-15,936.25,938.75,928.75,930,5032000,,,
2017-08-16,926.25,930,923.75,927.5,4004000,,,
2017-08-17,925,931.25,921.25,923.75,2916000,,,
2017-08-18,917.5,925,906.25,925,6184000,,,
2017-08-21,930,940,926.25,937.5,5812000,,,
2017-08-22,938.75,941.25,926.25,928.75,4976000,,,
2017-08-23,933.75,935,906.25,906.25,5236000,,,
2017-08-24,902.5,906.25,892.5,892.5,4820000,,,
2017-08-25,888.75,901.25,886.25,898.75,5472000,,,
2017-08-28,881.25,900,881.25,897.5,5284000,,,
2017-08-29,893.75,897.5,886.25,890,5052000,,,
2017-08-30,888.75,911.25,885,908.75,6164000,,,
2017-08-31,905,911.25,903.75,906.25,3504000,,,
2017-09-01,911.25,911.25,896.25,902.5,3160000,,,
2017-09-04,901.25,901.25,885,887.5,2308000,,,
2017-09-05,887.5,887.5,875,877.5,3272000,,,
2017-09-06,876.25,877.5,860,871.25,4968000,,,
2017-09-07,873.75,877.5,870,873.75,3888000,,,
2017-09-08,875,877.5,868.75,871.25,5228000,,,
2017-09-11,878.75,885,865,866.25,3420000,,,
2017-09-12,876.25,876.25,870,871.25,2880000,,,
2017-09-13,875,877.5,870,873.75,3340000,,,
2017-09-14,877.5,883.75,875,876.25,4728000,,,
2017-09-15,880,882.5,850,851.25,11860000,,,
2017-09-19,858.75,871.25,857.5,870,5468000,,,
2017-09-20,868.75,871.25,855,856.25,5216000,,,
2017-09-21,862.5,868.75,855,857.5,4684000,,,
2017-09-22,860,863.75,856.25,861.25,4240000,,,
2017-09-25,862.5,867.5,853.75,865,5752000,,,
2017-09-26,865,872.5,862.5,866.25,5688000,,,
2017-09-27,863.75,865,850,861.25,1281600,,,
2017-09-28,858.75,860,830,838.75,2400000,,,
2017-09-29,832.5,833.75,817.5,823.75,1177200,,,
2017-10-02,835,835,821.25,823.75,857600,,,
2017-10-03,832.5,841.25,830,840,1014000,,,
2017-10-04,850,860,847.5,851.25,1031600,,,
2017-10-05,852.5,865,847.5,848.75,912400,,,
2017-10-06,848.75,850,837.5,838.75,533200,,,
2017-10-10,825,838.75,823.75,835,765600,,,
2017-10-11,833.75,836.25,827.5,833.75,866400,,,
2017-10-12,833.75,833.75,828.75,828.75,829600,,,
2017-10-13,830,836.25,821.25,831.25,901600,,,
2017-10-16,837.5,850,837.5,841.25,852400,,,
2017-10-17,841.25,842.5,831.25,833.75,653600,,,
2017-10-18,830,838.75,828.75,838.75,1106400,,,
2017-10-19,840,843.75,833.75,837.5,877600,,,
2017-10-20,835,836.25,828.75,828.75,854400,,,
2017-10-23,833.75,836.25,830,833.75,799600,,,
2017-10-24,848.75,856.25,846.25,853.75,1145200,,,
2017-10-25,862.5,865,841.25,842.5,852000,,,
2017-10-26,848.75,850,837.5,838.75,902400,,,
2017-10-27,843.75,843.75,832.5,835,1086000,,,
2017-10-30,835,835,793.75,797.5,2146000,,,
2017-10-31,800,801.25,787.5,791.25,1546400,,,
2017-11-01,798.75,802.5,788.75,792.5,1358800,,,
2017-11-02,793.75,798.75,787.5,796.25,1008800,,,
2017-11-06,796.25,811.25,795,810,1155600,,,
2017-11-07,807.5,818.75,800,818.75,1060800,,,
2017-11-08,816.25,820,812.5,818.75,793200,,,
2017-11-09,823.75,842.5,821.25,827.5,1051600,,,
2017-11-10,821.25,826.25,813.75,823.75,721200,,,
2017-11-13,821.25,822.5,805,805,674400,,,
2017-11-14,800,803.75,790,790,646800,,,
2017-11-15,792.5,797.5,776.25,777.5,936000,,,
2017-11-16,773.75,777.5,767.5,772.5,871600,,,
2017-11-17,777.5,780,746,750,1840000,,,
2017-11-20,749.75,757.5,746,751.25,748000,,,
2017-11-21,755,772.5,751.25,765,1287600,,,
2017-11-22,765,768.75,760,766.25,897200,,,
2017-11-24,771.25,782.5,768.75,771.25,1314000,,,
2017-11-27,775,778.75,765,770,800800,,,
2017-11-28,775,785,772.5,777.5,748800,,,
2017-11-29,778.75,783.75,775,782.5,482000,,,
2017-11-30,786.25,797.5,785,797.5,1764400,,,
2017-12-01,798.75,800,783.75,786.25,890000,,,
2017-12-04,783.75,788.75,768.75,768.75,606800,,,
2017-12-05,762.5,782.5,762.5,781.25,771200,,,
2017-12-06,772.5,782.5,768.75,771.25,849200,,,
2017-12-07,767.5,773.75,762.5,765,918000,,,
2017-12-08,755,772.5,755,771.25,1077200,,,
2017-12-11,778.75,785,772.5,785,680000,,,
2017-12-12,785,785,765,768.75,1220000,,,
2017-12-13,768.75,786.25,768.75,783.75,1040000,,,
2017-12-14,787.5,791.25,781.25,787.5,1066000,,,
2017-12-15,787.5,787.5,766.25,770,1336400,,,
2017-12-18,777.5,777.5,770,773.75,664800,,,
2017-12-19,775,778.75,768.75,768.75,836000,,,
2017-12-20,765,767.5,762.5,767.5,740400,,,
2017-12-21,770,777.5,768.75,773.75,931600,,,
2017-12-22,777.5,782.5,766.25,770,736000,,,
2017-12-25,771.25,775,766.25,773.75,567200,,,
2017-12-26,775,777.5,767.5,771.25,587200,,,
2017-12-27,776.25,781.25,768.75,772.5,398400,,,
2017-12-28,768.75,771.25,765,767.5,650800,,,
2017-12-29,767.5,775,763.75,772.5,649600,,,
2018-01-04,780,786.25,772.5,778.75,1191200,,,
2018-01-05,777.5,798.75,776.25,797.5,1040400,,,
2018-01-09,806.25,808.75,791.25,800,788000,,,
2018-01-10,797.5,798.75,782.5,786.25,1005200,,,
2018-01-11,783.75,795,782.5,795,1120800,,,
2018-01-12,793.75,795,782.5,783.75,844000,,,
2018-01-15,792.5,793.75,783.75,787.5,550800,,,
2018-01-16,785,787.5,778.75,782.5,566400,,,
2018-01-17,778.75,783.75,775,782.5,787600,,,
2018-01-18,787.5,790,773.75,773.75,951200,,,
2018-01-19,772.5,773.75,757.5,762.5,1076400,,,
2018-01-22,762.5,765,757.5,763.75,670400,,,
2018-01-23,773.75,777.5,767.5,773.75,603200,,,
2018-01-24,772.5,795,772.5,787.5,1021200,,,
2018-01-25,792.5,792.5,778.75,783.75,1022800,,,
2018-01-26,778.75,792.5,778.75,787.5,837600,,,
2018-01-29,788.75,793.75,786.25,790,652000,,,
2018-01-30,787.5,787.5,773.75,773.75,942000,,,
2018-01-31,770,798.75,768.75,798.75,2014400,,,
2018-02-01,800,817.5,790,815,1443200,,,
2018-02-02,820,830,808.75,827.5,995600,,,
2018-02-05,862.5,891.25,835,852.5,3351600,,,
2018-02-06,823.75,828.75,787.5,795,2032400,,,
2018-02-07,815,821.25,798.75,800,1526400,,,
2018-02-08,800,808.75,791.25,801.25,949600,,,
2018-02-09,775,793.75,775,791.25,943200,,,
2018-02-13,800,803.75,783.75,787.5,1020800,,,
2018-02-14,786.25,791.25,776.25,781.25,843200,,,
2018-02-15,785,786.25,767.5,768.75,793200,,,
2018-02-16,776.25,790,772.5,786.25,846400,,,
2018-02-19,800,826.25,800,826.25,1169200,,,
2018-02-20,818.75,827.5,811.25,826.25,827600,,,
2018-02-21,823.75,825,808.75,813.75,916000,,,
2018-02-22,788.75,795,772.5,775,1747200,,,
2018-02-23,775,793.75,768.75,791.25,1005600,,,
2018-02-26,801.25,818.75,791.25,816.25,1237600,,,
2018-02-27,821.25,822.5,802.5,806.25,1316400,,,
2018-02-28,801.25,805,785,785,1404000,,,
2018-03-01,778.75,787.5,772.5,780,1227600,,,
2018-03-02,762.5,766.25,741.5,745.25,3153200,,,
2018-03-05,736.75,747.75,730.5,746,1480400,,,
2018-03-06,757.5,776.25,755,770,1331200,,,
2018-03-07,761.25,768.75,755,755,759600,,,
2018-03-08,762.5,768.75,752.5,753.75,812000,,,
2018-03-09,762.5,763.75,744,748,1280400,,,
2018-03-12,758.75,758.75,749.5,756.25,740800,,,
2018-03-13,752.5,783.75,752.5,783.75,1178000,,,
2018-03-14,783.75,791.25,778.75,786.25,1051600,,,
2018-03-15,790,803.75,785,800,980800,,,
2018-03-16,800,802.5,790,793.75,1078000,,,
2018-03-19,795,800,782.5,787.5,530000,,,
2018-03-20,783.75,811.25,783.75,810,1065200,,,
2018-03-22,802.5,806.25,793.75,803.75,854800,,,
2018-03-23,788.75,808.75,783.75,795,1091600,,,
2018-03-26,782.5,788.75,776.25,787.5,828400,,,
2018-03-27,790,805,780,803.75,1290400,,,
2018-03-28,798.75,821.25,797.5,821.25,1056400,,,
2018-03-29,827.5,833.75,815,823.75,918400,,,
2018-03-30,828.75,830,816.25,817.5,776000,,,
2018-04-02,816.25,820,806.25,806.25,607600,,,
2018-04-03,806.25,815,805,808.75,854000,,,
2018-04-04,808.75,820,802.5,816.25,1290400,,,
2018-04-05,822.5,823.75,811.25,815,918000,,,
2018-04-06,815,818.75,807.5,815,890800,,,
2018-04-09,816.25,831.25,812.5,830,986000,,,
2018-04-10,831.25,835,821.25,825,740400,,,
2018-04-11,815,817.5,806.25,812.5,876000,,,
2018-04-12,816.25,822.5,812.5,817.5,601200,,,
2018-04-13,820,822.5,807.5,808.75,912000,,,
2018-04-16,807.5,825,805,823.75,651200,,,
2018-04-17,823.75,825,816.25,821.25,646800,,,
2018-04-18,830,843.75,828.75,842.5,1043600,,,
2018-04-19,838.75,847.5,833.75,846.25,872000,,,
2018-04-20,848.75,856.25,846.25,850,1002400,,,
2018-04-23,855,856.25,842.5,846.25,768400,,,
2018-04-24,848.75,856.25,842.5,856.25,777600,,,
2018-04-25,857.5,876.25,857.5,868.75,1425600,,,
2018-04-26,872.5,877.5,867.5,875,805600,,,
2018-04-27,875,883.75,826.25,830,1808400,,,
2018-05-01,827.5,855,825,836.25,1013200,,,
2018-05-02,836.25,842.5,827.5,842.5,957200,,,
2018-05-07,846.25,863.75,845,863.75,1011200,,,
2018-05-08,863.75,871.25,855,858.75,773600,,,
2018-05-09,855,865,853.75,862.5,1008800,,,
2018-05-10,858.75,862.5,852.5,855,594800,,,
2018-05-11,851.25,862.5,848.75,860,877600,,,
2018-05-14,862.5,868.75,856.25,867.5,802400,,,
2018-05-15,870,882.5,866.25,881.25,1067600,,,
2018-05-16,882.5,887.5,870,872.5,565600,,,
2018-05-17,876.25,886.25,873.75,883.75,997600,,,
2018-05-18,885,885,876.25,881.25,608000,,,
2018-05-21,881.25,883.75,875,877.5,575600,,,
2018-05-22,867.5,875,860,873.75,670000,,,
2018-05-23,866.25,875,865,875,778000,,,
2018-05-24,872.5,878.75,871.25,873.75,592400,,,
2018-05-25,871.25,872.5,863.75,870,534400,,,
2018-05-28,872.5,895,870,892.5,847200,,,
2018-05-29,895,896.25,878.75,882.5,503200,,,
2018-05-30,872.5,882.5,866.25,881.25,896400,,,
2018-05-31,882.5,882.5,852.5,858.75,1414800,,,
2018-06-01,850,866.25,841.25,860,891200,,,
2018-06-04,866.25,880,865,877.5,466400,,,
2018-06-05,876.25,880,868.75,876.25,532800,,,
2018-06-06,868.75,875,861.25,867.5,760000,,,
2018-06-07,863.75,880,863.75,878.75,645200,,,
2018-06-08,885,902.5,885,900,1212800,,,
2018-06-11,908.75,918.75,901.25,902.5,578000,,,
2018-06-12,902.5,911.25,897.5,908.75,502800,,,
2018-06-13,915,923.75,912.5,917.5,476800,,,
2018-06-14,916.25,921.25,906.25,917.5,542400,,,
2018-06-15,931.25,950,922.5,948.75,1839200,,,
2018-06-18,950,950,930,935,632800,,,
2018-06-19,928.75,938.75,928.75,933.75,800800,,,
2018-06-20,938.75,957.5,928.75,955,1098400,,,
2018-06-21,962.5,967.5,935,938.75,1020800,,,
2018-06-22,938.75,956.25,937.5,955,1231600,,,
2018-06-25,952.5,953.75,943.75,947.5,477200,,,
2018-06-26,958.75,971.25,953.75,968.75,801600,,,
2018-06-27,958.75,975,953.75,975,748800,,,
2018-06-28,973.75,975,960,963.75,932000,,,
2018-06-29,962.5,968.75,956.25,958.75,656800,,,
2018-07-02,951.25,955,932.5,935,610800,,,
2018-07-03,935,941.25,923.75,932.5,896800,,,
2018-07-04,932.5,958.75,926.25,956.25,738800,,,
2018-07-05,967.5,971.25,956.25,965,801600,,,
2018-07-06,965,986.25,962.5,976.25,965600,,,
2018-07-09,983.75,998.75,981.25,998.75,732000,,,
2018-07-10,997.5,1003.75,983.75,983.75,828800,,,
2018-07-11,982.5,993.75,972.5,985,912800,,,
2018-07-12,1002.5,1015,998.75,1006.25,1150000,,,
2018-07-13,1007.5,1012.5,996.25,1010,652000,,,
2018-07-17,1023.75,1035,1020,1030,758800,,,
2018-07-18,1040,1048.75,1040,1045,715600,,,
2018-07-19,1036.25,1036.25,1006.25,1008.75,914800,,,
2018-07-20,1010,1021.25,1005,1020,699600,,,
2018-07-23,1020,1027.5,1010,1013.75,654000,,,
2018-07-24,1013.75,1020,1003.75,1008.75,754400,,,
2018-07-25,1023.75,1043.75,1016.25,1020,752000,,,
2018-07-26,1027.5,1043.75,1018.75,1036.25,884000,,,
2018-07-27,1036.25,1036.25,967.5,1011.25,1994800,,,
2018-07-30,1010,1010,975,983.75,1559600,,,
2018-07-31,951.25,967.5,916.25,951.25,3209200,,,
2018-08-01,951.25,966.25,941.25,958.75,1416000,,,
2018-08-02,952.5,965,938.75,952.5,1645600,,,
2018-08-03,948.75,948.75,921.25,928.75,1591600,,,
2018-08-06,936.25,940,923.75,927.5,514000,,,
2018-08-07,922.5,943.75,913.75,942.5,679600,,,
2018-08-08,932.5,941.25,920,921.25,676800,,,
2018-08-09,920,922.5,908.75,911.25,561600,,,
2018-08-10,906.25,916.25,897.5,910,704000,,,
2018-08-13,915,915,893.75,895,594400,,,
2018-08-14,891.25,916.25,887.5,915,608800,,,
2018-08-15,918.75,925,908.75,925,680000,,,
2018-08-16,926.25,926.25,910,921.25,697200,,,
2018-08-17,917.5,921.25,906.25,908.75,469600,,,
2018-08-20,908.75,910,896.25,900,483200,,,
2018-08-21,891.25,895,887.5,891.25,546000,,,
2018-08-22,886.25,900,885,896.25,580800,,,
2018-08-23,888.75,900,887.5,892.5,524800,,,
2018-08-24,903.75,905,888.75,895,564800,,,
2018-08-27,903.75,923.75,898.75,920,1204400,,,
2018-08-28,922.5,930,915,915,525200,,,
2018-08-29,921.25,927.5,915,920,686400,,,
2018-08-30,928.75,950,925,931.25,1414000,,,
2018-08-31,925,936.25,920,931.25,865600,,,
2018-09-03,926.25,933.75,921.25,931.25,390800,,,
2018-09-04,926.25,928.75,920,923.75,319200,,,
2018-09-05,923.75,923.75,905,917.5,612800,,,
2018-09-06,915,918.75,903.75,910,534400,,,
2018-09-07,913.75,942.5,913.75,938.75,735600,,,
2018-09-10,935,940,927.5,935,447200,,,
2018-09-11,938.75,947.5,926.25,943.75,762000,,,
2018-09-12,945,957.5,938.75,953.75,574400,,,
2018-09-13,966.25,986.25,965,981.25,975200,,,
2018-09-14,992.5,995,967.5,981.25,1041200,,,
2018-09-18,980,1011.25,970,1008.75,990400,,,
2018-09-19,1008.75,1023.75,1003.75,1018.75,932400,,,
2018-09-20,1013.75,1021.25,1006.25,1018.75,604800,,,
2018-09-21,1023.75,1031.25,1015,1022.5,1287600,,,
2018-09-25,1032.5,1058.75,1027.5,1056.25,1374000,,,
2018-09-26,1043.75,1070,1043.75,1068.75,1106000,,,
2018-09-27,1068.75,1068.75,1046.25,1048.75,694800,,,
2018-09-28,1061.25,1081.25,1050,1078.75,1088800,,,
2018-10-01,1075,1076.25,1058.75,1067.5,529200,,,
2018-10-02,1076.25,1081.25,1061.25,1073.75,688000,,,
2018-10-03,1073.75,1083.75,1067.5,1072.5,672400,,,
2018-10-04,1078.75,1082.5,1067.5,1072.5,627600,,,
2018-10-05,1073.75,1092.5,1070,1087.5,847600,,,
2018-10-09,1077.5,1086.25,1065,1068.75,787600,,,
2018-10-10,1070,1086.25,1070,1078.75,1252000,,,
2018-10-11,1056.25,1062.5,1038.75,1043.75,872400,,,
2018-10-12,1031.25,1042.5,1007.5,1011.25,1222800,,,
2018-10-15,1000,1007.5,991.25,1002.5,989200,,,
2018-10-16,995,1008.75,987.5,1003.75,838000,,,
2018-10-17,1017.5,1038.75,1016.25,1027.5,601600,,,
2018-10-18,1033.75,1050,1023.75,1035,886400,,,
2018-10-19,1035,1055,1031.25,1055,856800,,,
2018-10-22,1052.5,1073.75,1048.75,1066.25,712000,,,
2018-10-23,1055,1055,1027.5,1035,1392400,,,
2018-10-24,1041.25,1067.5,1037.5,1060,1192400,,,
2018-10-25,1050,1058.75,1032.5,1033.75,822400,,,
2018-10-26,1031.25,1042.5,1025,1036.25,1008400,,,
2018-10-29,1046.25,1061.25,1033.75,1036.25,1501200,,,
2018-10-30,1036.25,1038.75,943.75,1002.5,2011600,,,
2018-10-31,991.25,993.75,961.25,975,2142000,,,
2018-11-01,968.75,1003.75,963.75,988.75,1622400,,,
2018-11-02,990,1002.5,977.5,982.5,1216400,,,
2018-11-05,970,977.5,957.5,967.5,695600,,,
2018-11-06,967.5,1006.25,967.5,996.25,760800,,,
2018-11-07,1006.25,1016.25,997.5,1001.25,1095600,,,
2018-11-08,1018.75,1050,1012.5,1048.75,926800,,,
2018-11-09,1050,1072.5,1047.5,1056.25,1151600,,,
2018-11-12,1053.75,1075,1043.75,1075,735600,,,
2018-11-13,1071.25,1081.25,1061.25,1066.25,1129200,,,
2018-11-14,1062.5,1093.75,1062.5,1076.25,1197200,,,
2018-11-15,1068.75,1086.25,1063.75,1085,873200,,,
2018-11-16,1080,1088.75,1075,1086.25,870800,,,
2018-11-19,1073.75,1107.5,1073.75,1105,1150400,,,
2018-11-20,1105,1135,1101.25,1126.25,1022400,,,
2018-11-21,1108.75,1131.25,1108.75,1116.25,881200,,,
2018-11-22,1106.25,1126.25,1103.75,1122.5,866000,,,
2018-11-26,1140,1156.25,1136.25,1146.25,1053200,,,
2018-11-27,1142.5,1157.5,1136.25,1153.75,782400,,,
2018-11-28,1166.25,1172.5,1153.75,1172.5,918400,,,
2018-11-29,1177.5,1177.5,1160,1162.5,1146800,,,
2018-11-30,1155,1166.25,1110,1147.5,4314800,,,
2018-12-03,1168.75,1168.75,1142.5,1155,1542000,,,
2018-12-04,1158.75,1177.5,1151.25,1155,1295600,,,
2018-12-05,1142.5,1178.75,1138.75,1177.5,1252800,,,
2018-12-06,1171.25,1192.5,1170,1191.25,1592400,,,
2018-12-07,1226.25,1235,1178.75,1196.25,1633200,,,
2018-12-10,1178.75,1196.25,1170,1177.5,698800,,,
2018-12-11,1168.75,1182.5,1165,1171.25,1321200,,,
2018-12-12,1183.75,1212.5,1183.75,1193.75,1602000,,,
2018-12-13,1192.5,1200,1186.25,1187.5,1262800,,,
2018-12-14,1190,1211.25,1183.75,1191.25,1409600,,,
2018-12-17,1196.25,1208.75,1187.5,1200,697600,,,
2018-12-18,1182.5,1195,1157.5,1168.75,1140000,,,
2018-12-19,1180,1180,1140,1146.25,1078800,,,
2018-12-20,1153.75,1195,1151.25,1173.75,1751600,,,
2018-12-21,1172.5,1177.5,1137.5,1145,1780800,,,
2018-12-25,1112.5,1120,1078.75,1103.75,1057200,,,
2018-12-26,1107.5,1146.25,1100,1112.5,992800,,,
2018-12-27,1133.75,1190,1133.75,1178.75,1388400,,,
2018-12-28,1171.25,1171.25,1142.5,1158.75,982000,,,
2019-01-04,1152.5,1188.75,1152.5,1182.5,1473200,,,
2019-01-07,1206.25,1220,1182.5,1198.75,1215600,,,
2019-01-08,1193.75,1203.75,1175,1175,1016800,,,
2019-01-09,1192.5,1207.5,1183.75,1188.75,1034000,,,
2019-01-10,1171.25,1197.5,1167.5,1196.25,822400,,,
2019-01-11,1198.75,1212.5,1190,1207.5,1242000,,,
2019-01-15,1197.5,1247.5,1195,1198.75,1409200,,,
2019-01-16,1198.75,1225,1193.75,1216.25,1234400,,,
2019-01-17,1221.25,1235,1210,1232.5,739600,,,
2019-01-18,1236.25,1260,1231.25,1250,889600,,,
2019-01-21,1257.5,1265,1243.75,1252.5,597600,,,
2019-01-22,1250,1262.5,1245,1252.5,530400,,,
2019-01-23,1242.5,1252.5,1230,1236.25,769200,,,
2019-01-24,1232.5,1238.75,1217.5,1225,937200,,,
2019-01-25,1216.25,1223.75,1202.5,1207.5,888400,,,
2019-01-28,1195,1200,1182.5,1191.25,813600,,,
2019-01-29,1201.25,1225,1201.25,1223.75,1032800,,,
2019-01-30,1233.75,1235,1145,1151.25,2287200,,,
2019-01-31,1156.25,1173.75,1127.5,1163.75,1856400,,,
2019-02-01,1171.25,1188.75,1148.75,1148.75,1083600,,,
2019-02-04,1155,1181.25,1155,1163.75,769200,,,
2019-02-05,1167.5,1190,1167.5,1187.5,854800,,,
2019-02-06,1175,1181.25,1161.25,1165,603200,,,
2019-02-07,1151.25,1153.75,1138.75,1150,490000,,,
2019-02-08,1143.75,1160,1140,1157.5,576400,,,
2019-02-12,1162.5,1193.75,1157.5,1191.25,952400,,,
2019-02-13,1207.5,1212.5,1176.25,1176.25,739200,,,
2019-02-14,1180,1190,1177.5,1183.75,519600,,,
2019-02-15,1192.5,1203.75,1185,1200,1029200,,,
2019-02-18,1208.75,1217.5,1195,1201.25,949200,,,
2019-02-19,1211.25,1227.5,1210,1227.5,604000,,,
2019-02-20,1215,1240,1212.5,1238.75,617200,,,
2019-02-21,1245,1252.5,1217.5,1223.75,890800,,,
2019-02-22,1225,1237.5,1221.25,1222.5,389200,,,
2019-02-25,1223.75,1233.75,1217.5,1231.25,547600,,,
2019-02-26,1226.25,1250,1220,1242.5,610000,,,
2019-02-27,1250,1285,1250,1262.5,1173600,,,
2019-02-28,1265,1277.5,1250,1265,1211200,,,
2019-03-01,1267.5,1277.5,1262.5,1267.5,561600,,,
2019-03-04,1275,1277.5,1227.5,1230,955200,,,
2019-03-05,1233.75,1242.5,1226.25,1235,657200,,,
2019-03-06,1237.5,1242.5,1228.75,1236.25,744400,,,
2019-03-07,1242.5,1255,1235,1241.25,704000,,,
2019-03-08,1225,1245,1225,1227.5,1098800,,,
2019-03-11,1232.5,1257.5,1225,1252.5,656400,,,
2019-03-12,1265,1287.5,1262.5,1280,871600,,,
2019-03-13,1280,1292.5,1272.5,1282.5,708800,,,
2019-03-14,1295,1295,1272.5,1277.5,630800,,,
2019-03-15,1292.5,1305,1290,1300,1504000,,,
2019-03-18,1300,1310,1280,1310,828000,,,
2019-03-19,1305,1305,1267.5,1267.5,678400,,,
2019-03-20,1275,1282.5,1250,1260,971200,,,
2019-03-22,1260,1267.5,1241.25,1252.5,859200,,,
2019-03-25,1245,1260,1236.25,1250,1114400,,,
2019-03-26,1260,1290,1260,1285,1228000,,,
2019-03-27,1277.5,1282.5,1252.5,1262.5,854000,,,
2019-03-28,1250,1262.5,1237.5,1255,786800,,,
2019-03-29,1252.5,1265,1242.5,1242.5,871200,,,
2019-04-01,1257.5,1272.5,1255,1267.5,727600,,,
2019-04-02,1275,1275,1233.75,1233.75,843600,,,
2019-04-03,1231.25,1231.25,1202.5,1218.75,1090800,,,
2019-04-04,1218.75,1225,1201.25,1225,918800,,,
2019-04-05,1230,1237.5,1220,1222.5,699200,,,
2019-04-08,1222.5,1236.25,1206.25,1232.5,630400,,,
2019-04-09,1232.5,1233.75,1196.25,1198.75,931200,,,
2019-04-10,1187.5,1200,1180,1191.25,1020000,,,
2019-04-11,1196.25,1198.75,1183.75,1193.75,715600,,,
2019-04-12,1202.5,1206.25,1188.75,1197.5,592800,,,
2019-04-15,1230,1230,1200,1202.5,684800,,,
2019-04-16,1197.5,1205,1180,1185,713600,,,
2019-04-17,1185,1187.5,1157.5,1160,918000,,,
2019-04-18,1148.75,1155,1131.25,1137.5,1038800,,,
2019-04-19,1125,1132.5,1110,1125,1026400,,,
2019-04-22,1123.75,1146.25,1116.25,1143.75,821200,,,
2019-04-23,1151.25,1168.75,1148.75,1158.75,995200,,,
2019-04-24,1165,1168.75,1138.75,1143.75,1088400,,,
2019-04-25,1150,1162.5,1147.5,1158.75,841600,,,
2019-04-26,1165,1177.5,1130,1145,1522800,,,
2019-05-07,1175,1191.25,1146.25,1147.5,1544000,,,
2019-05-08,1138.75,1148.75,1106.25,1110,1236000,,,
2019-05-09,1070,1092.5,1052.5,1080,1534800,,,
2019-05-10,1077.5,1100,1072.5,1090,981600,,,
2019-05-13,1083.75,1106.25,1076.25,1095,746400,,,
2019-05-14,1048.75,1071.25,1041.25,1057.5,1267600,,,
2019-05-15,1066.25,1068.75,1048.75,1067.5,913200,,,
2019-05-16,1071.25,1090,1067.5,1085,968400,,,
2019-05-17,1096.25,1096.25,1062.5,1070,1040000,,,
2019-05-20,1063.75,1075,1060,1063.75,643600,,,
2019-05-21,1060,1068.75,1048.75,1052.5,626800,,,
2019-05-22,1048.75,1057.5,1043.75,1047.5,623200,,,
2019-05-23,1046.25,1072.5,1045,1072.5,674000,,,
2019-05-24,1080,1087.5,1068.75,1083.75,727600,,,
2019-05-27,1087.5,1097.5,1085,1092.5,580400,,,
2019-05-28,1088.75,1091.25,1061.25,1062.5,1567200,,,
2019-05-29,1046.25,1062.5,1041.25,1050,1069200,,,
2019-05-30,1038.75,1046.25,1032.5,1045,805200,,,
2019-05-31,1042.5,1057.5,1036.25,1057.5,944000,,,
2019-06-03,1047.5,1076.25,1043.75,1076.25,659200,,,
2019-06-04,1076.25,1076.25,1051.25,1061.25,826400,,,
2019-06-05,1065,1065,1050,1055,810000,,,
2019-06-06,1056.25,1073.75,1043.75,1065,580400,,,
2019-06-07,1063.75,1063.75,1047.5,1056.25,479600,,,
2019-06-10,1060,1083.75,1053.75,1082.5,663200,,,
2019-06-11,1082.5,1087.5,1072.5,1083.75,622000,,,
2019-06-12,1093.75,1105,1087.5,1091.25,830400,,,
2019-06-13,1082.5,1088.75,1058.75,1063.75,807200,,,
2019-06-14,1067.5,1067.5,1051.25,1060,561200,,,
2019-06-17,1058.75,1060,1035,1037.5,546000,,,
2019-06-18,1027.5,1027.5,990,993.75,977200,,,
2019-06-19,997.5,1008.75,987.5,1003.75,1040800,,,
2019-06-20,1008.75,1026.25,1006.25,1010,872400,,,
2019-06-21,1010,1020,998.75,1007.5,1747200,,,
2019-06-24,1011.25,1011.25,1003.75,1006.25,637600,,,
2019-06-25,1011.25,1018.75,1005,1005,938400,,,
2019-06-26,1005,1008.75,996.25,1007.5,878000,,,
2019-06-27,993.75,993.75,975,990,1302000,,,
2019-06-28,977.5,997.5,977.5,991.25,996800,,,
2019-07-01,1000,1012.5,997.5,1011.25,585600,,,
2019-07-02,1020,1028.75,1010,1011.25,692800,,,
2019-07-03,1011.25,1021.25,1006.25,1010,631200,,,
2019-07-04,1020,1027.5,1013.75,1020,356400,,,
2019-07-05,1023.75,1027.5,1008.75,1010,652400,,,
2019-07-08,1001.25,1006.25,992.5,996.25,629200,,,
2019-07-09,996.25,1010,987.5,991.25,786000,,,
2019-07-10,975,996.25,971.25,992.5,1041600,,,
2019-07-11,982.5,1001.25,982.5,991.25,706400,,,
2019-07-12,998.75,998.75,986.25,995,490800,,,
2019-07-16,993.75,993.75,980,981.25,485200,,,
2019-07-17,975,998.75,971.25,995,1051200,,,
2019-07-18,990,993.75,957.5,961.25,868400,,,
2019-07-19,967.5,1000,961.25,995,849600,,,
2019-07-22,990,996.25,977.5,988.75,844400,,,
2019-07-23,985,987.5,973.75,982.5,584000,,,
2019-07-24,976.25,978.75,963.75,976.25,715600,,,
2019-07-25,968.75,985,968.75,982.5,713600,,,
2019-07-26,966.25,978.75,958.75,978.75,1005600,,,
2019-07-29,978.75,1000,978.75,998.75,671200,,,
2019-07-30,1012.5,1042.5,1007.5,1037.5,1960400,,,
2019-07-31,1028.75,1042.5,995,1038.75,1848800,,,
2019-08-01,1036.25,1055,1030,1055,1019200,,,
2019-08-02,1040,1065,1036.25,1051.25,1285200,,,
2019-08-05,1051.25,1057.5,1022.5,1037.5,1216400,,,
2019-08-06,1012.5,1031.25,1006.25,1028.75,927200,,,
2019-08-07,1013.75,1048.75,1013.75,1045,914800,,,
2019-08-08,1043.75,1045,1021.25,1038.75,1200400,,,
2019-08-09,1043.75,1061.25,1040,1041.25,884800,,,
2019-08-13,1031.25,1046.25,1025,1036.25,902400,,,
2019-08-14,1050,1053.75,1033.75,1041.25,895600,,,
2019-08-15,1023.75,1028.75,1010,1026.25,1004800,,,
2019-08-16,1023.75,1023.75,1007.5,1017.5,944800,,,
2019-08-19,1016.25,1018.75,1000,1012.5,833600,,,
2019-08-20,1011.25,1027.5,1008.75,1021.25,734400,,,
2019-08-21,1007.5,1013.75,993.75,1000,697600,,,
2019-08-22,1006.25,1006.25,986.25,998.75,729200,,,
2019-08-23,988.75,995,983.75,988.75,596400,,,
2019-08-26,958.75,967.5,956.25,965,1017200,,,
2019-08-27,968.75,982.5,965,978.75,1506800,,,
2019-08-28,975,993.75,971.25,991.25,894800,,,
2019-08-29,988.75,1010,987.5,1008.75,4270400,,,
2019-08-30,1015,1032.5,1006.25,1031.25,1097200,,,
2019-09-02,1025,1040,1011.25,1017.5,658800,,,
2019-09-03,1021.25,1033.75,1017.5,1028.75,592000,,,
2019-09-04,1025,1036.25,1022.5,1028.75,714000,,,
2019-09-05,1031.25,1053.75,1031.25,1040,784000,,,
2019-09-06,1040,1040,1010,1010,791200,,,
2019-09-09,998.75,1005,988.75,1005,790000,,,
2019-09-10,992.5,992.5,967.5,971.25,1105600,,,
2019-09-11,970,987.5,961.25,983.75,1062400,,,
2019-09-12,1000,1026.25,995,1020,1220400,,,
2019-09-13,1027.5,1046.25,1016.25,1045,1275600,,,
2019-09-17,1045,1061.25,1031.25,1057.5,1128000,,,
2019-09-18,1061.25,1076.25,1058.75,1065,768800,,,
2019-09-19,1077.5,1096.25,1072.5,1078.75,1237200,,,
2019-09-20,1090,1093.75,1071.25,1075,1445200,,,
2019-09-24,1085,1092.5,1067.5,1075,811200,,,
2019-09-25,1076.25,1101.25,1073.75,1093.75,862000,,,
2019-09-26,1112.5,1116.25,1082.5,1090,1364400,,,
2019-09-27,1085,1086.25,1040,1048.75,943200,,,
2019-09-30,1041.25,1045,1026.25,1032.5,878000,,,
2019-10-01,1040,1058.75,1032.5,1046.25,785600,,,
2019-10-02,1046.25,1088.75,1046.25,1076.25,890400,,,
2019-10-03,1053.75,1067.5,1051.25,1066.25,592800,,,
2019-10-04,1058.75,1075,1053.75,1072.5,528000,,,
2019-10-07,1071.25,1075,1061.25,1071.25,441600,,,
2019-10-08,1080,1081.25,1067.5,1071.25,398400,,,
2019-10-09,1063.75,1078.75,1063.75,1077.5,540000,,,
2019-10-10,1073.75,1076.25,1050,1052.5,679600,,,
2019-10-11,1058.75,1058.75,1043.75,1053.75,630800,,,
2019-10-15,1071.25,1081.25,1063.75,1073.75,625200,,,
2019-10-16,1083.75,1090,1072.5,1076.25,712000,,,
2019-10-17,1075,1075,1042.5,1045,835200,,,
2019-10-18,1052.5,1060,1046.25,1050,597600,,,
2019-10-21,1061.25,1072.5,1052.5,1057.5,453200,,,
2019-10-23,1067.5,1073.75,1057.5,1073.75,569200,,,
2019-10-24,1081.25,1083.75,1070,1078.75,495600,,,
2019-10-25,1078.75,1078.75,1067.5,1073.75,430400,,,
2019-10-28,1072.5,1075,1063.75,1068.75,412000,,,
2019-10-29,1075,1076.25,1027.5,1042.5,981600,,,
2019-10-30,1057.5,1085,1055,1073.75,1222800,,,
2019-10-31,1071.25,1071.25,1055,1056.25,725600,,,
2019-11-01,1046.25,1068.75,1046.25,1060,498400,,,
2019-11-05,1065,1068.75,1047.5,1067.5,816000,,,
2019-11-06,1066.25,1066.25,1052.5,1063.75,483200,,,
2019-11-07,1072.5,1073.75,1061.25,1070,442800,,,
2019-11-08,1073.75,1073.75,1058.75,1071.25,677200,,,
2019-11-11,1075,1090,1070,1090,611600,,,
2019-11-12,1090,1090,1043.75,1043.75,1066800,,,
2019-11-13,1037.5,1037.5,1023.75,1023.75,862800,,,
2019-11-14,1028.75,1036.25,1005,1007.5,698800,,,
2019-11-15,1012.5,1021.25,1007.5,1011.25,738400,,,
2019-11-18,1007.5,1021.25,1003.75,1021.25,687600,,,
2019-11-19,1015,1017.5,1003.75,1012.5,666800,,,
2019-11-20,1007.5,1013.75,992.5,1000,766800,,,
2019-11-21,1001.25,1020,997.5,1018.75,780400,,,
2019-11-22,1006.25,1006.25,997.5,998.75,815200,,,
2019-11-25,1005,1031.25,1005,1021.25,980400,,,
2019-11-26,1023.75,1030,1015,1023.75,1762400,,,
2019-11-27,1027.5,1045,1027.5,1040,616000,,,
2019-11-28,1038.75,1038.75,1023.75,1030,507200,,,
2019-11-29,1040,1048.75,1031.25,1033.75,605600,,,
2019-12-02,1033.75,1050,1033.75,1042.5,552000,,,
2019-12-03,1027.5,1046.25,1025,1042.5,613200,,,
2019-12-04,1041.25,1055,1038.75,1053.75,856000,,,
2019-12-05,1053.75,1057.5,1047.5,1056.25,579200,,,
2019-12-06,1052.5,1061.25,1052.5,1058.75,388400,,,
2019-12-09,1062.5,1066.25,1051.25,1062.5,415200,,,
2019-12-10,1065,1066.25,1043.75,1050,523200,,,
2019-12-11,1056.25,1081.25,1053.75,1073.75,971200,,,
2019-12-12,1083.75,1083.75,1070,1071.25,637600,,,
2019-12-13,1086.25,1117.5,1082.5,1113.75,1412800,,,
2019-12-16,1125,1132.5,1111.25,1116.25,838800,,,
2019-12-17,1118.75,1130,1107.5,1130,701200,,,
2019-12-18,1137.5,1151.25,1135,1150,1017200,,,
2019-12-19,1153.75,1153.75,1140,1148.75,872800,,,
2019-12-20,1147.5,1152.5,1122.5,1131.25,1117200,,,
2019-12-23,1132.5,1132.5,1110,1113.75,396800,,,
2019-12-24,1113.75,1117.5,1110,1113.75,341200,,,
2019-12-25,1107.5,1112.5,1102.5,1102.5,227200,,,
2019-12-26,1112.5,1121.25,1110,1121.25,513200,,,
2019-12-27,1126.25,1136.25,1120,1132.5,464400,,,
2019-12-30,1133.75,1133.75,1115,1115,405600,,,
2020-01-06,1097.5,1105,1081.25,1091.25,760400,,,
2020-01-07,1092.5,1112.5,1092.5,1106.25,532000,,,
2020-01-08,1081.25,1088.75,1065,1083.75,579200,,,
2020-01-09,1095,1106.25,1088.75,1100,477200,,,
2020-01-10,1112.5,1112.5,1097.5,1097.5,298400,,,
2020-01-14,1087.5,1100,1083.75,1090,968400,,,
2020-01-15,1088.75,1098.75,1076.25,1081.25,667200,,,
2020-01-16,1087.5,1087.5,1066.25,1077.5,659600,,,
2020-01-17,1078.75,1082.5,1063.75,1067.5,571600,,,
2020-01-20,1071.25,1080,1071.25,1076.25,236000,,,
2020-01-21,1078.75,1082.5,1071.25,1076.25,276400,,,
2020-01-22,1087.5,1090,1076.25,1081.25,645200,,,
2020-01-23,1081.25,1086.25,1068.75,1075,568400,,,
2020-01-24,1075,1083.75,1067.5,1068.75,311600,,,
2020-01-27,1058.75,1067.5,1053.75,1066.25,538400,,,
2020-01-28,1061.25,1067.5,1051.25,1061.25,569600,,,
2020-01-29,1061.25,1075,1058.75,1075,650400,,,
2020-01-30,1072.5,1081.25,1060,1060,719600,,,
2020-01-31,1070,1073.75,1057.5,1061.25,765600,,,
2020-02-03,1043.75,1067.5,1041.25,1058.75,705600,,,
2020-02-04,1048.75,1058.75,1045,1050,764000,,,
2020-02-05,1058.75,1065,1051.25,1058.75,661600,,,
2020-02-06,1070,1083.75,1060,1077.5,794800,,,
2020-02-07,1066.25,1073.75,1061.25,1066.25,444400,,,
2020-02-10,1051.25,1061.25,1050,1055,512000,,,
2020-02-12,1048.75,1051.25,1032.5,1035,714400,,,
2020-02-13,1028.75,1030,1013.75,1021.25,659600,,,
2020-02-14,1018.75,1022.5,1012.5,1016.25,444400,,,
2020-02-17,1016.25,1020,1003.75,1017.5,548800,,,
2020-02-18,1013.75,1020,1006.25,1015,588400,,,
2020-02-19,1022.5,1033.75,1018.75,1028.75,709600,,,
2020-02-20,1026.25,1031.25,1020,1022.5,470000,,,
2020-02-21,1021.25,1026.25,1017.5,1018.75,481200,,,
2020-02-25,985,988.75,968.75,971.25,1013200,,,
2020-02-26,955,970,952.5,957.5,868400,,,
2020-02-27,955,962.5,951.25,951.25,1227600,,,
2020-02-28,937.5,943.75,911.25,921.25,1842000,,,
2020-03-02,897.5,925,888.75,916.25,946400,,,
2020-03-03,928.75,931.25,902.5,902.5,1249200,,,
2020-03-04,891.25,913.75,882.5,898.75,814800,,,
2020-03-05,913.75,916.25,903.75,908.75,1220800,,,
2020-03-06,893.75,906.25,891.25,898.75,1366400,,,
2020-03-09,883.75,890,851.25,860,982400,,,
2020-03-10,860,896.25,842.5,885,1385600,,,
2020-03-11,886.25,946.25,882.5,937.5,2435200,,,
2020-03-12,920,938.75,903.75,926.25,2042400,,,
2020-03-13,891.25,931.25,866.25,906.25,2287600,,,
2020-03-16,895,923.75,880,887.5,1061600,,,
2020-03-17,875,996.25,863.75,981.25,1904400,,,
2020-03-18,996.25,1045,978.75,1017.5,1995600,,,
2020-03-19,1063.75,1192.5,1063.75,1192.5,3560400,,,
2020-03-23,1175,1252.5,1166.25,1247.5,4934000,,,
2020-03-24,1217.5,1223.75,1097.5,1117.5,2839200,,,
2020-03-25,1118.75,1157.5,1085,1155,1926400,,,
2020-03-26,1151.25,1222.5,1138.75,1213.75,2290800,,,
2020-03-27,1230,1295,1230,1290,2770400,,,
2020-03-30,1275,1307.5,1240,1302.5,1769200,,,
2020-03-31,1285,1290,1217.5,1225,2170000,,,
2020-04-01,1212.5,1240,1186.25,1187.5,2315200,,,
2020-04-02,1178.75,1227.5,1162.5,1165,2641600,,,
2020-04-03,1182.5,1250,1180,1222.5,2130000,,,
2020-04-06,1231.25,1245,1202.5,1245,1246800,,,
2020-04-07,1242.5,1267.5,1218.75,1247.5,1394400,,,
2020-04-08,1252.5,1310,1252.5,1282.5,1770400,,,
2020-04-09,1282.5,1287.5,1240,1275,1056800,,,
2020-04-10,1275,1307.5,1255,1300,857600,,,
2020-04-13,1250,1292.5,1245,1290,522400,,,
2020-04-14,1282.5,1322.5,1282.5,1310,1585200,,,
2020-04-15,1305,1350,1295,1347.5,1598400,,,
2020-04-16,1347.5,1397.5,1342.5,1387.5,1643200,,,
2020-04-17,1400,1407.5,1357.5,1382.5,1468000,,,
2020-04-20,1357.5,1377.5,1325,1370,922000,,,
2020-04-21,1362.5,1417.5,1357.5,1410,1184400,,,
2020-04-22,1435,1467.5,1427.5,1462.5,1733600,,,
2020-04-23,1450,1455,1425,1437.5,1637200,,,
2020-04-24,1435,1455,1395,1442.5,1277200,,,
2020-04-27,1445,1450,1400,1407.5,905200,,,
2020-04-28,1400,1415,1365,1377.5,1266800,,,
2020-04-30,1350,1367.5,1295,1315,1919600,,,
2020-05-01,1325,1395,1322.5,1377.5,1393600,,,
2020-05-07,1362.5,1410,1355,1410,1308000,,,
2020-05-08,1430,1445,1407.5,1417.5,933600,,,
2020-05-11,1417.5,1420,1377.5,1387.5,576000,,,
2020-05-12,1410,1460,1407.5,1455,1208000,,,
2020-05-13,1455,1492.5,1450,1485,1226400,,,
2020-05-14,1482.5,1490,1460,1460,790000,,,
2020-05-15,1482.5,1482.5,1447.5,1455,938400,,,
2020-05-18,1437.5,1452.5,1420,1425,829200,,,
2020-05-19,1415,1425,1382.5,1395,1467600,,,
2020-05-20,1377.5,1387.5,1362.5,1365,1351600,,,
2020-05-21,1365,1377.5,1350,1357.5,1348400,,,
2020-05-22,1342.5,1352.5,1325,1335,1070400,,,
2020-05-25,1350,1357.5,1307.5,1317.5,783200,,,
2020-05-26,1295,1295,1272.5,1280,1548800,,,
2020-05-27,1282.5,1312.5,1270,1287.5,1542000,,,
2020-05-28,1280,1300,1262.5,1300,1686800,,,
2020-05-29,1347.5,1360,1300,1327.5,2797600,,,
2020-06-01,1330,1337.5,1307.5,1337.5,1023200,,,
2020-06-02,1355,1365,1337.5,1352.5,929200,,,
2020-06-03,1370,1370,1307.5,1322.5,922800,,,
2020-06-04,1327.5,1350,1307.5,1340,879200,,,
2020-06-05,1327.5,1347.5,1320,1332.5,941600,,,
2020-06-08,1342.5,1342.5,1295,1307.5,1161600,,,
2020-06-09,1307.5,1347.5,1297.5,1342.5,1106400,,,
2020-06-10,1357.5,1362.5,1307.5,1315,946800,,,
2020-06-11,1335,1347.5,1322.5,1342.5,912400,,,
2020-06-12,1350,1390,1342.5,1350,1657600,,,
2020-06-15,1350,1405,1350,1382.5,1499600,,,
2020-06-16,1390,1390,1342.5,1357.5,1968400,,,
2020-06-17,1375,1390,1360,1360,1008000,,,
2020-06-18,1367.5,1385,1352.5,1357.5,747200,,,
2020-06-19,1370,1392.5,1352.5,1367.5,2525600,,,
2020-06-22,1367.5,1377.5,1337.5,1337.5,683200,,,
2020-06-23,1332.5,1362.5,1317.5,1340,994800,,,
2020-06-24,1337.5,1345,1320,1335,781600,,,
2020-06-25,1347.5,1362.5,1342.5,1345,703600,,,
2020-06-26,1355,1367.5,1342.5,1365,566000,,,
2020-06-29,1357.5,1380,1352.5,1370,821600,,,
2020-06-30,1370,1370,1342.5,1350,853200,,,
2020-07-01,1362.5,1362.5,1310,1317.5,1239200,,,
2020-07-02,1320,1337.5,1287.5,1320,1652800,,,
2020-07-03,1317.5,1355,1310,1335,906400,,,
2020-07-06,1332.5,1370,1330,1357.5,489600,,,
2020-07-07,1347.5,1350,1325,1342.5,520400,,,
2020-07-08,1362.5,1377.5,1335,1335,824400,,,
2020-07-09,1312.5,1365,1292.5,1350,1447600,,,
2020-07-10,1355,1380,1335,1340,1093200,,,
2020-07-13,1360,1372.5,1332.5,1372.5,934000,,,
2020-07-14,1387.5,1407.5,1350,1355,1156000,,,
2020-07-15,1350,1370,1335,1355,1219200,,,
2020-07-16,1330,1340,1275,1277.5,1749200,,,
2020-07-17,1280,1312.5,1280,1290,1288400,,,
2020-07-20,1290,1292.5,1275,1277.5,690800,,,
2020-07-21,1287.5,1287.5,1267.5,1272.5,948000,,,
2020-07-22,1290,1292.5,1267.5,1270,756000,,,
2020-07-27,1270,1310,1267.5,1305,1282400,,,
2020-07-28,1287.5,1312.5,1277.5,1295,717200,,,
2020-07-29,1320,1342.5,1252.5,1272.5,1834400,,,
2020-07-30,1246.25,1255,1165,1171.25,2342800,,,
2020-07-31,1188.75,1198.75,1142.5,1145,1189600,,,
2020-08-03,1162.5,1203.75,1157.5,1201.25,1359600,,,
2020-08-04,1207.5,1217.5,1196.25,1206.25,1418800,,,
2020-08-05,1208.75,1208.75,1178.75,1201.25,1179600,,,
2020-08-06,1197.5,1206.25,1160,1165,738800,,,
2020-08-07,1172.5,1173.75,1153.75,1166.25,822000,,,
2020-08-11,1163.75,1190,1150,1177.5,1120400,,,
2020-08-12,1166.25,1207.5,1161.25,1207.5,1084000,,,
2020-08-13,1197.5,1223.75,1177.5,1220,1165600,,,
2020-08-14,1223.75,1243.75,1211.25,1237.5,1018000,,,
2020-08-17,1220,1220,1197.5,1197.5,746800,,,
2020-08-18,1197.5,1225,1190,1218.75,658800,,,
2020-08-19,1207.5,1216.25,1191.25,1211.25,676000,,,
2020-08-20,1211.25,1220,1200,1200,545600,,,
2020-08-21,1200,1210,1191.25,1198.75,455600,,,
2020-08-24,1191.25,1213.75,1190,1208.75,424400,,,
2020-08-25,1215,1226.25,1198.75,1200,526800,,,
2020-08-26,1188.75,1193.75,1176.25,1177.5,392000,,,
2020-08-27,1177.5,1183.75,1165,1165,543200,,,
2020-08-28,1180,1181.25,1143.75,1152.5,666000,,,
2020-08-31,1160,1193.75,1160,1167.5,1287200,,,
2020-09-01,1171.25,1183.75,1165,1173.75,524800,,,
2020-09-02,1173.75,1190,1168.75,1188.75,676000,,,
2020-09-03,1180,1190,1173.75,1190,610000,,,
2020-09-04,1176.25,1190,1161.25,1167.5,460800,,,
2020-09-07,1161.25,1161.25,1127.5,1130,754400,,,
2020-09-08,1138.75,1138.75,1120,1137.5,598400,,,
2020-09-09,1102.5,1143.75,1101.25,1135,1454800,,,
2020-09-10,1150,1163.75,1138.75,1148.75,856400,,,
2020-09-11,1162.5,1183.75,1151.25,1178.75,1156000,,,
2020-09-14,1186.25,1211.25,1185,1203.75,1059600,,,
2020-09-15,1202.5,1203.75,1182.5,1187.5,631200,,,
2020-09-16,1193.75,1211.25,1178.75,1195,713200,,,
2020-09-17,1192.5,1238.75,1192.5,1227.5,1744000,,,
2020-09-18,1220,1235,1203.75,1232.5,1856800,,,
2020-09-23,1250,1272.5,1247.5,1270,1317600,,,
2020-09-24,1265,1272.5,1246.25,1262.5,1059600,,,
2020-09-25,1287.5,1312.5,1280,1305,1589200,,,
2020-09-28,1317.5,1375,1317.5,1370,1858400,,,
2020-09-29,1350,1352.5,1305,1342.5,1214400,,,
2020-09-30,1335,1352.5,1302.5,1305,1420800,,,
2020-10-01,#VALUE!,#VALUE!,#VALUE!,#VALUE!,0,,,
2020-10-02,1327.5,1342.5,1255,1265,1454800,,,
2020-10-05,1277.5,1317.5,1277.5,1292.5,678400,,,
2020-10-06,1290,1312.5,1285,1297.5,706800,,,
2020-10-07,1295,1297.5,1275,1290,709600,,,
2020-10-08,1290,1310,1275,1302.5,685600,,,
2020-10-09,1300,1302.5,1287.5,1297.5,404800,,,
2020-10-12,1295,1305,1277.5,1287.5,616400,,,
2020-10-13,1300,1305,1295,1305,314400,,,
2020-10-14,1297.5,1320,1290,1315,492800,,,
2020-10-15,1317.5,1325,1302.5,1305,518000,,,
2020-10-16,1305,1325,1302.5,1312.5,496400,,,
2020-10-19,1327.5,1347.5,1320,1335,666800,,,
2020-10-20,1327.5,1345,1322.5,1330,553600,,,
2020-10-21,1330,1342.5,1317.5,1327.5,394000,,,
2020-10-22,1322.5,1325,1280,1280,532400,,,
2020-10-23,1290,1302.5,1275,1297.5,571200,,,
2020-10-26,1290,1305,1285,1297.5,452800,,,
2020-10-27,1297.5,1307.5,1282.5,1307.5,376800,,,
2020-10-28,1302.5,1342.5,1302.5,1337.5,497200,,,
2020-10-29,1320,1340,1290,1307.5,762400,,,
2020-10-30,1302.5,1375,1290,1347.5,1417200,,,
2020-11-02,1365,1405,1362.5,1395,1141200,,,
2020-11-04,1400,1400,1365,1380,741200,,,
2020-11-05,1395,1450,1387.5,1440,812400,,,
2020-11-06,1437.5,1477.5,1435,1470,968400,,,
2020-11-09,1485,1495,1465,1485,697600,,,
2020-11-10,1500,1502.5,1432.5,1437.5,1432800,,,
2020-11-11,1485,1537.5,1472.5,1520,1526400,,,
2020-11-12,1512.5,1557.5,1502.5,1540,1068000,,,
2020-11-13,1557.5,1572.5,1542.5,1565,918400,,,
2020-11-16,1575,1597.5,1562.5,1582.5,956000,,,
2020-11-17,1562.5,1595,1547.5,1592.5,878000,,,
2020-11-18,1595,1637.5,1592.5,1635,797200,,,
2020-11-19,1627.5,1680,1610,1677.5,1648000,,,
2020-11-20,1675,1722.5,1672.5,1720,1625600,,,
2020-11-24,1745,1795,1742.5,1767.5,1369200,,,
2020-11-25,1750,1767.5,1722.5,1757.5,1433200,,,
2020-11-26,1755,1775,1742.5,1755,1162800,,,
2020-11-27,1762.5,1762.5,1705,1707.5,1681200,,,
2020-11-30,1712.5,1775,1702.5,1707.5,8362800,,,
2020-12-01,1747.5,1747.5,1645,1675,2188000,,,
2020-12-02,1692.5,1707.5,1667.5,1690,1407600,,,
2020-12-03,1690,1700,1642.5,1655,1052000,,,
2020-12-04,1640,1645,1615,1622.5,906000,,,
2020-12-07,1622.5,1622.5,1592.5,1602.5,716400,,,
2020-12-08,1610,1662.5,1602.5,1657.5,735200,,,
2020-12-09,1665,1672.5,1630,1647.5,803200,,,
2020-12-10,1642.5,1652.5,1620,1647.5,788400,,,
2020-12-11,1652.5,1680,1652.5,1677.5,787200,,,
2020-12-14,1677.5,1692.5,1645,1647.5,756800,,,
2020-12-15,1665,1670,1607.5,1612.5,948400,,,
2020-12-16,1637.5,1645,1605,1607.5,552000,,,
2020-12-17,1582.5,1622.5,1570,1622.5,638800,,,
2020-12-18,1625,1625,1585,1602.5,977200,,,
2020-12-21,1580,1607.5,1575,1600,799200,,,
2020-12-22,1585,1600,1572.5,1587.5,496400,,,
2020-12-23,1612.5,1625,1597.5,1622.5,621600,,,
2020-12-24,1635,1650,1620,1650,525600,,,
2020-12-25,1645,1657.5,1625,1635,455200,,,
2020-12-28,1657.5,1697.5,1657.5,1692.5,1188400,,,
2020-12-29,1705,1732.5,1700,1707.5,899600,,,
2020-12-30,1707.5,1725,1692.5,1707.5,619600,,,
2021-01-04,1725,1735,1707.5,1712.5,670800,,,
2021-01-05,1712.5,1730,1695,1705,816800,,,
2021-01-06,1680,1712.5,1677.5,1705,633200,,,
2021-01-07,1730,1750,1720,1747.5,690800,,,
2021-01-08,1725,1727.5,1680,1697.5,1076800,,,
2021-01-12,1685,1740,1667.5,1727.5,1125200,,,
2021-01-13,1717.5,1747.5,1635,1660,1388400,,,
2021-01-14,1660,1680,1640,1655,948800,,,
2021-01-15,1640,1645,1612.5,1617.5,742800,,,
2021-01-18,1617.5,1645,1617.5,1620,575200,,,
2021-01-19,1637.5,1652.5,1625,1640,717200,,,
2021-01-20,1635,1637.5,1580,1587.5,708400,,,
2021-01-21,1597.5,1615,1567.5,1580,772400,,,
2021-01-22,1565,1587.5,1550,1577.5,677600,,,
2021-01-25,1582.5,1590,1555,1572.5,463600,729104000,0,0
2021-01-26,1597.5,1597.5,1560,1580,521600,823910000,0,0
2021-01-27,1605,1615,1572.5,1592.5,636400,1012542000,0,0
2021-01-28,1577.5,1577.5,1542.5,1555,1169200,1819977000,0,0
2021-01-29,1555,1575,1530,1537.5,859600,1328404000,0,0
2021-02-01,1547.5,1552.5,1522.5,1540,713600,1099894000,0,0
2021-02-02,1540,1597.5,1537.5,1595,1031200,1621095000,0,0
2021-02-03,1615,1662.5,1605,1652.5,1071600,1758510000,0,0
2021-02-04,1642.5,1647.5,1600,1612.5,636400,1030026000,0,0
2021-02-05,1622.5,1622.5,1585,1595,776800,1238755000,0,0
2021-02-08,1610,1647.5,1595,1640,750400,1225642000,0,0
2021-02-09,1630,1662.5,1630,1662.5,635600,1048549000,0,0
2021-02-10,1665,1670,1650,1657.5,562000,932737000,0,0
2021-02-12,1657.5,1660,1637.5,1647.5,534400,881244000,0,0
2021-02-15,1637.5,1665,1625,1645,449600,739175000,0,0
2021-02-16,1637.5,1682.5,1632.5,1680,667600,1114667000,0,0
2021-02-17,1687.5,1690,1627.5,1630,622800,1024561000,0,0
2021-02-18,1647.5,1687.5,1640,1675,702800,1173429000,0,0
2021-02-19,1672.5,1690,1632.5,1640,748400,1239234000,0,0
2021-02-22,1640,1642.5,1612.5,1617.5,744000,1207200000,0,0
2021-02-24,1592.5,1595,1570,1577.5,1084800,1713566000,0,0
2021-02-25,1602.5,1607.5,1547.5,1562.5,740800,1160376000,0,0
2021-02-26,1587.5,1587.5,1555,1565,1184800,1856927000,0,0
2021-03-01,1590,1595,1552.5,1562.5,846400,1327385000,0,0
2021-03-02,1585,1585,1540,1562.5,829200,1295205000,0,0
2021-03-03,1562.5,1567.5,1542.5,1555,652400,1014353000,0,0
2021-03-04,1535,1552.5,1522.5,1547.5,589600,906709000,0,0
2021-03-05,1560,1602.5,1550,1592.5,848400,1347071000,0,0
2021-03-08,1607.5,1610,1570,1580,734400,1164567000,0,0
2021-03-09,1590,1640,1580,1635,1114400,1802989000,0,0
2021-03-10,1635,1655,1620,1632.5,811600,1326551000,0,0
2021-03-11,1632.5,1655,1617.5,1650,811600,1334963000,0,0
2021-03-12,1650,1650,1615,1632.5,869600,1422803000,0,0
2021-03-15,1625,1657.5,1607.5,1655,694800,1142495000,0,0
2021-03-16,1647.5,1667.5,1632.5,1635,678800,1114772000,0,0
2021-03-17,1627.5,1655,1620,1650,779200,1281154000,0,0
2021-03-18,1627.5,1645,1610,1622.5,1222400,1984499000,0,0
2021-03-19,1612.5,1650,1582.5,1642.5,2122400,3463906000,0,0
2021-03-22,1657.5,1700,1647.5,1687.5,1294000,2173268000,0,0
2021-03-23,1697.5,1720,1685,1687.5,816000,1384510000,0,0
2021-03-24,1685,1697.5,1647.5,1660,890000,1486559000,0,0
2021-03-25,1657.5,1682.5,1645,1670,986000,1641450000,0,0
2021-03-26,1690,1745,1677.5,1737.5,1090000,1875197000,0,0
2021-03-29,1745,1790,1730,1777.5,1328400,2351080000,0,0
2021-03-30,1787.5,1787.5,1757.5,1765,928400,1641960000,0,0
2021-03-31,1735,1752.5,1705,1707.5,896000,1537899000,0,0
2021-04-01,1715,1715,1660,1667.5,678400,1135895000,0,0
2021-04-02,1682.5,1685,1645,1647.5,354000,586172000,0,0
2021-04-05,1650,1650,1627.5,1637.5,365200,597858000,0,0
2021-04-06,1645,1650,1607.5,1617.5,568000,921387000,0,0
2021-04-07,1607.5,1625,1600,1622.5,654000,1058238000,0,0
2021-04-08,1622.5,1632.5,1587.5,1590,733600,1172533000,0,0
2021-04-09,1602.5,1627.5,1587.5,1612.5,542400,872763000,0,0
2021-04-12,1617.5,1632.5,1600,1625,481200,779520000,0,0
2021-04-13,1640,1657.5,1600,1600,701200,1134027000,0,0
2021-04-14,1595,1597.5,1572.5,1590,572400,907599000,0,0
2021-04-15,1597.5,1610,1587.5,1592.5,342000,545564000,0,0
2021-04-16,1595,1600,1575,1580,541200,857537000,0,0
2021-04-19,1587.5,1587.5,1565,1565,321600,504951000,0,0
2021-04-20,1557.5,1572.5,1550,1557.5,496000,774014000,0,0
2021-04-21,1547.5,1570,1540,1567.5,547200,853742000,0,0
2021-04-22,1572.5,1602.5,1572.5,1590,394400,626710000,0,0
2021-04-23,1585,1600,1567.5,1592.5,669600,1061796000,0,0
2021-04-26,1592.5,1600,1577.5,1590,518000,823837000,0,0
2021-04-27,1590,1597.5,1572.5,1572.5,566000,893411000,0,0
2021-04-28,1572.5,1597.5,1532.5,1540,1184000,1837353000,0,0
2021-04-30,1535,1567.5,1507.5,1517.5,1334400,2038819000,0,0
2021-05-06,1542.5,1590,1540,1567.5,1091600,1713210000,0,0
2021-05-07,1575,1605,1570,1575,687600,1087437000,0,0
2021-05-10,1572.5,1595,1565,1582.5,418000,660708000,0,0
2021-05-11,1580,1587.5,1565,1580,877600,1384306000,0,0
2021-05-12,1565,1577.5,1550,1562.5,794400,1241508000,0,0
2021-05-13,1560,1570,1545,1552.5,569600,885312000,0,0
2021-05-14,1570,1637.5,1570,1625,724000,1170732000,0,0
2021-05-17,1607.5,1662.5,1607.5,1650,652800,1074641000,0,0
2021-05-18,1637.5,1655,1620,1635,1176400,1927107000,0,0
2021-05-19,1627.5,1652.5,1617.5,1627.5,865200,1410982000,0,0
2021-05-20,1620,1635,1605,1605,722800,1166399000,0,0
2021-05-21,1590,1592.5,1567.5,1580,717200,1134415000,0,0
2021-05-24,1580,1592.5,1570,1577.5,589200,931983000,0,0
2021-05-25,1577.5,1592.5,1572.5,1575,593200,936448000,0,0
2021-05-26,1577.5,1582.5,1530,1532.5,907600,1401264000,0,0
2021-05-27,1510,1532.5,1500,1507.5,4425600,6683115000,0,0
2021-05-28,1527.5,1555,1520,1525,1014800,1552932000,0,0
2021-05-31,1525,1552.5,1497.5,1500,708800,1070372000,0,0
2021-06-01,1505,1507.5,1477.5,1490,523200,780445000,0,0
2021-06-02,1465,1477.5,1440,1445,981200,1426131000,0,0
2021-06-03,1437.5,1450,1427.5,1450,1098800,1583826000,0,0
2021-06-04,1450,1460,1392.5,1400,1161600,1638877000,0,0
2021-06-07,1392.5,1400,1360,1367.5,979600,1347866000,0,0
2021-06-08,1375,1417.5,1372.5,1410,733200,1026505000,0,0
2021-06-09,1407.5,1430,1402.5,1410,631600,893896000,0,0
2021-06-10,1425,1430,1402.5,1402.5,596000,839992000,0,0
2021-06-11,1420,1430,1407.5,1427.5,748800,1065878000,0,0
2021-06-14,1440,1460,1440,1460,611600,888646000,0,0
2021-06-15,1470,1492.5,1462.5,1470,862000,1270446000,0,0
2021-06-16,1490,1492.5,1472.5,1475,661200,978518000,0,0
2021-06-17,1452.5,1467.5,1440,1445,525200,760379000,0,0
2021-06-18,1455,1462.5,1422.5,1430,1228000,1762259000,0,0
2021-06-21,1392.5,1410,1387.5,1392.5,770400,1075134000,0,0
2021-06-22,1417.5,1430,1412.5,1422.5,677600,963020000,0,0
2021-06-23,1397.5,1415,1392.5,1395,571600,801212000,0,0
2021-06-24,1382.5,1395,1375,1390,532400,738394000,0,0
2021-06-25,1387.5,1395,1377.5,1392.5,793600,1102682000,0,0
2021-06-28,1405,1410,1380,1382.5,646800,897234000,0,0
2021-06-29,1372.5,1380,1362.5,1367.5,788800,1080343000,0,0
2021-06-30,1377.5,1387.5,1357.5,1360,784400,1072493000,0,0
2021-07-01,1350,1390,1350,1375,768400,1055564000,0,0
2021-07-02,1397.5,1415,1382.5,1382.5,878800,1224194000,0,0
2021-07-05,1370,1377.5,1365,1367.5,632000,865337000,0,0
2021-07-06,1355,1365,1340,1365,488000,662638000,0,0
2021-07-07,1387.5,1390,1357.5,1370,717600,984727000,0,0
2021-07-08,1365,1380,1357.5,1362.5,821200,1121435000,0,0
2021-07-09,1345,1377.5,1345,1375,1118400,1525067000,0,0
2021-07-12,1400,1412.5,1385,1390,666400,930710000,0,0
2021-07-13,1405,1415,1395,1407.5,444800,625030000,0,0
2021-07-14,1420,1430,1402.5,1402.5,485600,684503000,0,0
2021-07-15,1407.5,1410,1380,1387.5,537200,747041000,0,0
2021-07-16,1377.5,1395,1367.5,1367.5,533200,732847000,0,0
2021-07-19,1357.5,1372.5,1355,1367.5,437600,597053000,0,0
2021-07-20,1342.5,1372.5,1342.5,1362.5,619600,841567000,0,0
2021-07-21,1370,1395,1365,1375,555600,765712000,0,0
2021-07-26,1390,1392.5,1360,1360,712800,976930000,0,0
2021-07-27,1372.5,1390,1365,1385,749600,1035846000,0,0
2021-07-28,1377.5,1385,1367.5,1372.5,497600,683503000,0,0
2021-07-29,1347.5,1380,1345,1372.5,716400,978935000,0,0
2021-07-30,1362.5,1367.5,1330,1332.5,1047200,1404927000,0,0
2021-08-02,1330,1360,1317.5,1352.5,686800,925233000,0,0
2021-08-03,1337.5,1345,1317.5,1340,894000,1193478000,0,0
2021-08-04,1327.5,1362.5,1327.5,1360,960000,1296307000,0,0
2021-08-05,1342.5,1372.5,1342.5,1357.5,517200,702630000,0,0
2021-08-06,1352.5,1367.5,1352.5,1365,491600,669356000,0,0
2021-08-10,1370,1387.5,1362.5,1375,796400,1094774000,0,0
2021-08-11,1392.5,1407.5,1365,1370,594800,818844000,0,0
2021-08-12,1385,1387.5,1365,1375,406000,557901000,0,0
2021-08-13,1367.5,1370,1355,1362.5,359600,490152000,0,0
2021-08-16,1365,1365,1307.5,1312.5,596800,788201000,0,0
2021-08-17,1322.5,1327.5,1310,1315,445200,586358000,0,0
2021-08-18,1310,1332.5,1307.5,1312.5,547200,722121000,0,0
2021-08-19,1307.5,1317.5,1300,1312.5,520000,681931000,0,0
2021-08-20,1305,1357.5,1305,1345,714800,958904000,0,0
2021-08-23,1360,1392.5,1360,1382.5,652000,900738000,0,0
2021-08-24,1377.5,1397.5,1362.5,1370,578800,795853000,0,0
2021-08-25,1355,1362.5,1342.5,1347.5,470800,636538000,0,0
2021-08-26,1317.5,1337.5,1317.5,1337.5,488400,651001000,0,0
2021-08-27,1330,1332.5,1292.5,1295,636000,828145000,0,0
2021-08-30,1312.5,1320,1307.5,1320,483200,635567000,0,0
2021-08-31,1295,1302.5,1272.5,1282.5,1005600,1291338000,0,0
2021-09-01,1285,1312.5,1285,1300,691600,900020000,0,0
2021-09-02,1277.5,1305,1267.5,1292.5,880400,1131058000,0,0
2021-09-03,1277.5,1330,1275,1302.5,1124400,1468809000,0,0
2021-09-06,1295,1315,1290,1305,619600,808407000,0,0
2021-09-07,1317.5,1330,1310,1325,795600,1053093000,0,0
2021-09-08,1342.5,1365,1335,1345,1110800,1496048000,0,0
2021-09-09,1342.5,1387.5,1342.5,1352.5,952800,1295988000,0,0
2021-09-10,1347.5,1357.5,1332.5,1345,1160000,1559820000,0,0
2021-09-13,1337.5,1345,1320,1335,574400,764673000,0,0
2021-09-14,1345,1345,1315,1330,916800,1217289000,0,0
2021-09-15,1320,1327.5,1312.5,1322.5,643200,849800000,0,0
2021-09-16,1310,1325,1292.5,1317.5,1043200,1369006000,0,0
2021-09-17,1327.5,1345,1315,1332.5,1598800,2129894000,0,0
2021-09-21,1357.5,1392.5,1347.5,1357.5,1255600,1709534000,0,0
2021-09-22,1355,1357.5,1335,1345,593200,798051000,0,0
2021-09-24,1370,1390,1352.5,1360,879600,1196879000,0,0
2021-09-27,1347.5,1360,1322.5,1322.5,680800,904668000,0,0
2021-09-28,1315,1315,1275,1290,972000,1252932000,0,0
2021-09-29,1277.5,1280,1242.5,1255,1171600,1473530500,0,0
2021-09-30,1255,1260,1213.75,1218.75,1459200,1789144500,0,0
2021-10-01,1201.25,1201.25,1175,1188.75,984000,1170318000,0,0
2021-10-04,1187.5,1188.75,1153.75,1162.5,830800,968583000,0,0
2021-10-05,1155,1190,1155,1155,1380800,1608208500,0,0
2021-10-06,1158.75,1182.5,1155,1156.25,1101600,1283656000,0,0
2021-10-07,1155,1162.5,1105,1106.25,1566400,1755405000,0,0
2021-10-08,1115,1122.5,1095,1096.25,1931200,2133666000,0,0
2021-10-11,1087.5,1098.75,1075,1081.25,2054800,2228075500,0,0
2021-10-12,1075,1080,991.25,992.5,3239200,3279338000,0,0
2021-10-13,1000,1010,968.75,968.75,2843200,2790706500,0,0
2021-10-14,966.25,997.5,956.25,970,2376800,2312867500,0,0
2021-10-15,973.75,976.25,916.25,918.75,3549600,3327704000,0,0
2021-10-18,918.75,925,896.25,898.75,3582400,3250112000,0,0
2021-10-19,905,937.5,903.75,910,2524000,2311849500,0,0
2021-10-20,920,933.75,911.25,922.5,1892800,1747749500,0,0
2021-10-21,915,923.75,902.5,905,1856400,1687399000,0,0
2021-10-22,908.75,915,891.25,893.75,1561600,1409995000,0,0
2021-10-25,896.25,916.25,893.75,901.25,2778400,2513485500,0,0
2021-10-26,906.25,906.25,881.25,883.75,1617600,1440674000,0,0
2021-10-27,876.25,886.25,866.25,882.5,3121200,2737225000,0,0
2021-10-28,878.75,880,853.75,867.5,4949200,4285002500,0,0
2021-10-29,861.25,867.5,835,842.5,2544800,2149001000,0,0
2021-11-01,858.75,871.25,841.25,850,2196400,1875589500,0,0
2021-11-02,841.25,841.25,823.75,831.25,2330800,1937322500,0,0
2021-11-04,832.5,840,822.5,831.25,2472400,2051379500,0,0
2021-11-05,832.5,833.75,815,817.5,1801200,1481262000,0,0
2021-11-08,820,823.75,796.25,796.25,1903200,1531404500,0,0
2021-11-09,798.75,802.5,782.5,788.75,1789200,1416980500,0,0
2021-11-10,788.75,821.25,788.75,805,2403200,1940446500,0,0
2021-11-11,801.25,822.5,801.25,808.75,1974000,1598086000,0,0
2021-11-12,808.75,832.5,808.75,820,3250800,2657524500,0,0
2021-11-15,815,823.75,807.5,820,2559600,2088810000,0,0
2021-11-16,818.75,825,798.75,801.25,3230800,2604320000,0,0
2021-11-17,800,811.25,787.5,805,3484800,2792158000,0,0
2021-11-18,787.5,806.25,786.25,793.75,3152800,2509775500,0,0
2021-11-19,801.25,807.5,788.75,797.5,3502400,2789851000,0,0
2021-11-22,796.25,797.5,771.25,780,2656400,2072380000,0,0
2021-11-24,783.75,810,782.5,788.75,3792000,3007745000,0,0
2021-11-25,795,811.25,788.75,806.25,2838400,2276866500,0,0
2021-11-26,791.25,812.5,785,808.75,4247200,3405924000,0,0
2021-11-29,792.5,822.5,783.75,813.75,5504400,4447708500,0,0
2021-11-30,810,822.5,788.75,801.25,38993600,31258872500,0,0
2021-12-01,783.75,795,750,750,4473600,3426293000,0,0
2021-12-02,750,792.5,745.5,790,3630400,2832149500,0,0
2021-12-03,772.5,791.25,765,787.5,2214400,1733333000,0,0
2021-12-06,790,800,766.25,770,2113600,1642205000,0,0
2021-12-07,773.75,776.25,761.25,771.25,2307200,1775803000,0,0
2021-12-08,780,803.75,780,787.5,2812000,2222967500,0,0
2021-12-09,783.75,785,756.25,758.75,2257600,1723907000,0,0
2021-12-10,757.5,758.75,744,749.75,2516800,1891088100,0,0
2021-12-13,753.75,760,741.25,758.75,1302000,980505500,0,0
2021-12-14,760,776.25,756.25,767.5,2334000,1792108000,0,0
2021-12-15,765,781.25,762.5,778.75,1350000,1046327500,0,0
2021-12-16,782.5,800,782.5,800,1314800,1045419000,0,0
2021-12-17,798.75,803.75,777.5,785,3957600,3108743000,0,0
2021-12-20,780,796.25,775,783.75,2602400,2042835500,0,0
2021-12-21,781.25,798.75,777.5,790,1615200,1275596000,0,0
2021-12-22,787.5,793.75,763.75,766.25,1650400,1276364000,0,0
2021-12-23,778.75,778.75,758.75,762.5,1176400,899352500,0,0
2021-12-24,765,765,746.5,749.5,1361600,1023418000,0,0
2021-12-27,748.5,748.5,728.5,737.5,1186000,873616200,0,0
2021-12-28,741,751.25,739,742.5,1143600,850272700,0,0
2021-12-29,740.5,749.75,727.5,731.5,1332400,979275100,0,0
2021-12-30,730.25,737.75,727.75,732.25,1137200,833222600,0,0
2022-01-04,744.75,760,737.25,757.5,2877200,2162330400,0,0
2022-01-05,756.25,761.25,738,761.25,1610000,1213304100,0,0
2022-01-06,758.75,766.25,746.75,752.5,1142000,862004100,0,0
2022-01-07,747.5,757.5,741.75,752.5,1249600,936409200,0,0
2022-01-11,758.75,765,752.5,761.25,1407600,1066846500,0,0
2022-01-12,763.75,775,755,761.25,954800,729374000,0,0
2022-01-13,761.25,765,755,761.25,878400,668446500,0,0
2022-01-14,762.5,765,739.25,751.25,1302800,976731700,0,0
2022-01-17,750,753.75,743.25,749.75,730000,546725300,0,0
2022-01-18,757.5,757.5,733.75,735.75,1080800,803440800,0,0
2022-01-19,725,736,716.5,726.5,1575600,1141218600,0,0
2022-01-20,719.75,747.5,719.75,730,1702400,1250809000,0,0
2022-01-21,730,731.25,716.75,730.75,1178400,854213500,0,0
2022-01-24,731.25,745.5,728.75,744.25,1407600,1040567600,0,0
2022-01-25,734.25,738.75,724.5,738.75,1279200,939420200,0,0
2022-01-26,738.75,743.75,728.5,741,1362000,1006736800,0,0
2022-01-27,745,745,698.75,704.5,1935200,1376863900,0,0
2022-01-28,715.25,753.75,698.25,752.5,2384800,1748575900,0,0
2022-01-31,741.75,798.75,739.5,783.75,2627600,2054618400,0,0
2022-02-01,776.25,805,767.5,800,1800800,1436061000,0,0
2022-02-02,801.25,807.5,786.25,802.5,1458000,1166064500,0,0
2022-02-03,791.25,798.75,775,788.75,1684400,1322450500,0,0
2022-02-04,786.25,805,786.25,800,1229200,979455500,0,0
2022-02-07,796.25,798.75,786.25,787.5,726800,574770500,0,0
2022-02-08,781.25,787.5,772.5,786.25,885600,691872000,0,0
2022-02-09,786.25,786.25,758.75,785,1502400,1167409000,0,0
2022-02-10,787.5,801.25,773.75,796.25,999600,794613500,0,0
2022-02-14,793.75,805,787.5,803.75,932000,745688500,0,0
2022-02-15,801.25,810,796.25,807.5,778400,626698500,0,0
2022-02-16,810,816.25,800,801.25,929600,748173000,0,0
2022-02-17,803.75,806.25,766.25,770,1242400,964146500,0,0
2022-02-18,768.75,772.5,752.5,752.5,1149200,871480000,0,0
2022-02-21,747.5,748,730.5,748,1010800,749810700,0,0
2022-02-22,740,743.25,727.5,735.25,802000,589754200,0,0
2022-02-24,723.5,747.25,712.75,747,1552800,1135555500,0,0
2022-02-25,745.75,750,718.25,727.75,1490800,1086267200,0,0
2022-02-28,746.25,770,741.5,768.75,1592800,1214905100,0,0
2022-03-01,775,790,770,781.25,1271600,994397000,0,0
2022-03-02,771.25,771.25,724.5,724.5,2173600,1594649700,0,0
2022-03-03,726.25,735,717.5,722.5,1796800,1302770100,0,0
2022-03-04,731,741.5,713,732.75,1703200,1243704200,0,0
2022-03-07,727.25,731.25,677.5,681,1984800,1372576900,0,0
2022-03-08,674.5,692,657.5,682.75,1726400,1174178200,0,0
2022-03-09,676,677.75,650.5,662,2001200,1320752800,0,0
2022-03-10,674.5,697.75,671.25,694,1389600,958349600,0,0
2022-03-11,682.25,697.25,680.25,681,1014000,694513500,0,0
2022-03-14,675,675,635.25,638,1774800,1146685000,0,0
2022-03-15,642.25,668.75,639.5,662,1202000,792800700,0,0
2022-03-16,662.5,678.75,662.5,673,1344400,903927100,0,0
2022-03-17,685.25,699,680.25,693.25,1361600,943304000,0,0
2022-03-18,696.5,711.5,682.5,689.5,2031600,1404108000,0,0
2022-03-22,695.75,713.75,690.5,697,1716800,1201811700,0,0
2022-03-23,705.5,724.75,698,721.25,1492400,1070622500,0,0
2022-03-24,713.25,720,695.25,713,1021200,722051800,0,0
2022-03-25,713,721.25,710,717,849600,607971500,0,0
2022-03-28,720,720.5,702.75,708.25,628000,445950400,0,0
2022-03-29,720.75,721.75,697.75,711,1073200,762708700,0,0
2022-03-30,703,707.75,677.75,688,1567600,1079244200,0,0
2022-03-31,682.5,702.5,679.5,681.25,1650000,1133311600,0,0
2022-04-01,677.5,702,668.75,691.25,1498800,1033092200,0,0
2022-04-04,681.75,697.5,681.5,694.25,1192800,824591400,0,0
2022-04-05,702.25,706.25,686.75,696,1256800,873862200,0,0
2022-04-06,693.5,693.75,664,664.25,1492000,1000824700,0,0
2022-04-07,663.75,664,649.5,662.5,1150400,757825500,0,0
2022-04-08,663.25,681,661.75,677.5,1284000,866514400,0,0
2022-04-11,675.75,678,649.25,655,1036000,681852100,0,0
2022-04-12,653,662.25,649.5,649.5,823200,537347700,0,0
2022-04-13,648.75,665,646.75,662.75,1205200,795138400,0,0
2022-04-14,659.25,666.75,649.5,652.25,1088000,712801200,0,0
2022-04-15,650,653,638.5,639.75,845600,543322400,0,0
2022-04-18,634,634,613.25,623,1209600,751926900,0,0
2022-04-19,634.5,644,628.25,635.25,1178400,746917700,0,0
2022-04-20,642.5,654.75,634.5,643.75,931600,600284900,0,0
2022-04-21,642.5,651.75,638.5,650.75,790000,510946300,0,0
2022-04-22,636.5,642,627.75,639,981600,624538800,0,0
2022-04-25,627.5,636,623.75,634.25,1008000,637577000,0,0
2022-04-26,634.25,641.5,631.25,633,1180400,749945600,0,0
2022-04-27,623,687,620.5,687,3773200,2515502400,0,0
2022-04-28,677.5,763.75,673.25,763.75,3612800,2694369800,0,0
2022-05-02,733.75,744.75,713.75,730,2068400,1501977400,0,0
2022-05-06,730,758.75,718.75,752.5,1798000,1343646600,0,0
2022-05-09,747,758.75,742.5,750,1362400,1024473800,0,0
2022-05-10,767.5,791.25,763.75,790,1925200,1503034500,0,0
2022-05-11,758.75,773.75,741.75,757.5,1469200,1110753300,0,0
2022-05-12,740.5,746.25,727.75,736.25,1254000,926244300,0,0
2022-05-13,738,743.25,716.5,726.25,1400000,1019238200,0,0
2022-05-16,729,731.25,709.75,716.75,1025600,737303400,0,0
2022-05-17,726.5,746.75,718,719.25,1013200,736738600,0,0
2022-05-18,719.25,742,710.5,729.5,980400,715407200,0,0
2022-05-19,719.25,743.75,712,740.25,1236800,905866000,0,0
2022-05-20,741.25,741.25,715,720.5,998800,721356200,0,0
2022-05-23,724.25,732.25,717.5,725.25,870000,631401100,0,0
2022-05-24,725.25,725.5,705.25,717,816800,583702400,0,0
2022-05-25,721.25,723.5,706.5,716.75,1006000,720393200,0,0
2022-05-26,716.75,730,713.75,718.25,951600,685289300,0,0
2022-05-27,716,721,705.25,709.25,845200,601545600,0,0
2022-05-30,717.25,717.5,696.75,708.75,2174800,1538429900,0,0
2022-05-31,711.75,729.75,692.75,694,1340000,937030800,0,0
2022-06-01,698.5,731.75,694.5,729.5,1226800,886502300,0,0
2022-06-02,728,730.5,715,715.25,688800,495697500,0,0
2022-06-03,717.25,722,704.75,705.75,833200,591353100,0,0
2022-06-06,703.5,735.5,703.5,734.5,1190400,864836600,0,0
2022-06-07,734,744.25,722.5,740,715200,527434800,0,0
2022-06-08,800,810,785,806.25,2689600,2155447500,0,0
2022-06-09,805,828.75,795,817.5,1516400,1238945500,0,0
2022-06-10,813.75,827.5,803.75,808.75,1363600,1108387500,0,0
2022-06-13,797.5,822.5,795,818.75,1297200,1056338500,0,0
2022-06-14,815,827.5,801.25,805,1224400,992173500,0,0
2022-06-15,792.5,793.75,757.5,762.5,1305600,1003284000,0,0
2022-06-16,775,787.5,765,770,958800,742916000,0,0
2022-06-17,756.25,775,751.25,752.5,3161600,2392150500,0,0
2022-06-20,748.25,752.5,732.5,745.5,1054000,785277800,0,0
2022-06-21,745,745,720.5,727,1512000,1102475800,0,0
2022-06-22,735.75,776.25,735,772.5,1474800,1131596800,0,0
2022-06-23,771.25,788.75,766.25,782.5,745200,582143000,0,0
2022-06-24,781.25,798.75,777.5,791.25,871200,686943000,0,0
2022-06-27,790,801.25,781.25,788.75,727200,574849500,0,0
2022-06-28,795,805,782.5,805,774000,619553500,0,0
2022-06-29,806.25,817.5,798.75,806.25,2042400,1649382500,0,0
2022-06-30,808.75,822.5,803.75,818.75,1200000,980158000,0,0
2022-07-01,815,815,730.25,733.5,3266000,2436591600,0,0
2022-07-04,758.75,767.5,738.5,755,1228000,924424100,0,0
2022-07-05,755,756.25,734,741.75,1163200,862891100,0,0
2022-07-06,729.75,738.25,715,726,1233600,893964000,0,0
2022-07-07,732.5,745,729.75,735.25,823600,606560100,0,0
2022-07-08,724.75,749.5,714,744.75,1473200,1088568400,0,0
2022-07-11,755,763.75,746.75,748.75,879600,661394800,0,0
2022-07-12,747.25,749.5,730,730.25,879200,645554000,0,0
2022-07-13,734.75,737.5,727.25,731.75,570000,416858700,0,0
2022-07-14,730,739.5,726,734.75,752400,552292100,0,0
2022-07-15,738.75,746.75,721.25,731,881600,645258300,0,0
2022-07-19,736.75,743.25,727.75,729.25,846000,619633700,0,0
2022-07-20,741.75,766.25,735,763.75,1390400,1053007500,0,0
2022-07-21,757.5,767.5,752.5,766.25,841600,641427000,0,0
2022-07-22,765,765,741.25,745.25,813600,607880300,0,0
2022-07-25,745.25,768.75,745.25,760,729600,555262600,0,0
2022-07-26,760,767.5,751.25,752.5,603200,456011000,0,0
2022-07-27,757.5,762.5,733.5,738.25,730800,542889400,0,0
2022-07-28,746,818.75,744.25,813.75,2105600,1676074600,0,0
2022-07-29,815,816.25,783.75,798.75,1318000,1051217500,0,0
2022-08-01,795,806.25,778.75,806.25,791600,631894500,0,0
2022-08-02,800,807.5,765,766.25,1540800,1191547500,0,0
2022-08-03,771.25,776.25,751.25,763.75,851600,648722000,0,0
2022-08-04,765,781.25,761.25,762.5,585200,447902000,0,0
2022-08-05,755,761.25,749,756.25,718800,541845200,0,0
2022-08-08,741,745.5,727.75,739.5,1426000,1051559300,0,0
2022-08-09,747.5,757.5,730.5,730.5,809600,598196700,0,0
2022-08-10,730.5,743.75,729.75,741.25,515600,381085200,0,0
2022-08-12,747.25,757.5,742.25,746.75,995200,745029600,0,0
2022-08-15,756.25,765,748.5,753.75,740000,558559100,0,0
2022-08-16,757.5,763.75,748,750,729600,550200800,0,0
2022-08-17,756.25,775,753.75,772.5,1050800,806347500,0,0
2022-08-18,770,786.25,765,783.75,814000,633324000,0,0
2022-08-19,797.5,810,786.25,806.25,910800,731422500,0,0
2022-08-22,813.75,832.5,812.5,832.5,1347200,1113203500,0,0
2022-08-23,825,835,816.25,818.75,735600,605573500,0,0
2022-08-24,817.5,820,795,800,705200,565755000,0,0
2022-08-25,790,790,770,771.25,954000,739946500,0,0
2022-08-26,785,801.25,781.25,793.75,894800,710387000,0,0
2022-08-29,776.25,795,775,792.5,813600,640850500,0,0
2022-08-30,793.75,796.25,777.5,791.25,738000,583338000,0,0
2022-08-31,780,785,770,781.25,885200,689930000,0,0
2022-09-01,780,782.5,763.75,768.75,674000,518902500,0,0
2022-09-02,767.5,771.25,756.25,762.5,800000,609741000,0,0
2022-09-05,761.25,762.5,750,752.5,555600,419409000,0,0
2022-09-06,753.75,761.25,747.75,753.75,496400,373060200,0,0
2022-09-07,746,746,736.25,742.25,776400,575608400,0,0
2022-09-08,751.25,760,747,755,775200,585203300,0,0
2022-09-09,751.25,781.25,751.25,777.5,1200800,920822000,0,0
2022-09-12,780,781.25,765,768.75,536400,413704500,0,0
2022-09-13,767.5,776.25,765,768.75,617200,475855500,0,0
2022-09-14,751.25,752.5,741.75,750,1100400,823082900,0,0
2022-09-15,755,755,735,740.75,896000,663694800,0,0
2022-09-16,736,750,732.75,747,1378000,1023939100,0,0
2022-09-20,753.75,758.75,747.5,757.5,782400,590133500,0,0
2022-09-21,752.5,753.75,739.75,748.5,960000,717172800,0,0
2022-09-22,742,749.25,739,746,716000,532470400,0,0
2022-09-26,735.75,736,711.75,716.75,1312800,946446800,0,0
2022-09-27,704.5,721,701,717.25,975200,697619600,0,0
2022-09-28,712.5,719.5,703.25,717.5,1199600,855071600,0,0
2022-09-29,711.5,734.25,703.75,727.5,1141200,827371900,0,0
2022-09-30,722.5,739.75,716.5,720.75,1396000,1011568500,0,0
2022-10-03,713.5,719.75,696.5,705.25,1365600,963629100,0,0
2022-10-04,725,766.25,725,758.75,1917600,1449802400,0,0
2022-10-05,776.25,788.75,770,772.5,1773200,1379051000,0,0
2022-10-06,772.5,786.25,761.25,766.25,1078800,829448500,0,0
2022-10-07,751.25,752.5,738.75,740.5,1459600,1084791000,0,0
2022-10-11,732.5,744,718.75,740.75,2074400,1529136400,0,0
2022-10-12,742,743.5,728.5,731.75,1026400,754226000,0,0
2022-10-13,725,725.5,707,715.75,1279600,914686900,0,0
2022-10-14,732.25,732.25,719.25,723.75,1284000,932868000,0,0
2022-10-17,715.25,722,708.5,713.75,1051200,750233600,0,0
2022-10-18,722.25,722.5,707.75,709.25,1060800,754484300,0,0
2022-10-19,703.75,730.5,698,727.5,1361200,983955000,0,0
2022-10-20,725,726.5,715.5,720.75,931600,671705900,0,0
2022-10-21,715.75,718.5,706.5,711,1252400,892729300,0,0
2022-10-24,721.5,721.5,708.25,709.25,1044800,744960600,0,0
2022-10-25,718,718,703.75,704.5,1408400,997518300,0,0
2022-10-26,708.5,730,703.5,718.75,1392800,1003282900,0,0
2022-10-27,712.5,715.75,690,695.75,2730400,1913225000,0,0
2022-10-28,690.25,699.5,684.5,693.75,5181600,3590117100,0,0
2022-10-31,703,703.5,688.75,693.75,1489600,1033346000,0,0
2022-11-01,695.25,698.75,677.5,678.5,1390800,949069000,0,0
2022-11-02,675,676,664,669.25,1201200,803604000,0,0
2022-11-04,661.25,666.5,653.75,656.5,1390000,914513700,0,0
2022-11-07,658.75,668,656.25,656.25,801200,528890100,0,0
2022-11-08,657.5,666.75,657.5,663.25,767200,508747000,0,0
2022-11-09,658.75,661.5,654,655.5,718000,471496400,0,0
2022-11-10,655,655.75,648,648.75,656800,427012700,0,0
2022-11-11,654.5,659,648.25,656,849200,556888800,0,0
2022-11-14,657,669.75,654.75,665.5,1036800,689718000,0,0
2022-11-15,664.25,665.5,655.25,659,1058800,697588300,0,0
2022-11-16,660.75,660.75,651.25,653.75,580000,379375400,0,0
2022-11-17,654.75,664,654.75,655.75,583600,384721000,0,0
2022-11-18,658.75,673.75,658.5,673.75,1107200,740784200,0,0
2022-11-21,673.75,681.75,664.75,667.25,805600,539554600,0,0
2022-11-22,674.75,693.5,672.5,686.25,1124000,773130000,0,0
2022-11-24,692.5,701.5,691.25,695,901200,627851200,0,0
2022-11-25,701,702.5,693.25,698.25,450400,314260600,0,0
2022-11-28,700.5,702.5,692,699.25,651600,455348200,0,0
2022-11-29,694.5,697,684.25,687.75,1308400,901726200,0,0
2022-11-30,682.5,682.5,671.5,672.75,1402400,946792600,0,0
2022-12-01,675,680.25,668.5,668.75,901600,606969200,0,0
2022-12-02,664,664.5,655.5,658.75,1119600,738366100,0,0
2022-12-05,656.75,656.75,642.75,648.75,1299200,841347900,0,0
2022-12-06,649,654.25,645.25,648.25,665200,431402500,0,0
2022-12-07,651.75,666,650.75,660.5,836800,552663200,0,0
2022-12-08,662,662,647.25,651.5,774400,504279300,0,0
2022-12-09,652.75,659,651.5,658,720000,472386500,0,0
2022-12-12,658,668.5,658,667.25,760800,505495700,0,0
2022-12-13,669.5,671.5,661.5,666.25,593600,395552900,0,0
2022-12-14,661.25,663,657,661.5,820400,541810800,0,0
2022-12-15,660.5,664,656.25,659,845600,557999200,0,0
2022-12-16,655,655,645.25,645.75,1641200,1063059700,0,0
2022-12-19,638.75,640.5,625.25,627.25,1690400,1065463900,0,0
2022-12-20,632.5,640.25,622.5,631.5,1718400,1083800300,0,0
2022-12-21,627.5,631,621.5,630.5,1908000,1197359300,0,0
2022-12-22,633.25,635.25,625.25,627.5,951200,598687800,0,0
2022-12-23,622.75,628.25,621.75,623.5,866800,541001900,0,0
2022-12-26,627,627.75,616,622.5,857200,531980500,0,0
2022-12-27,625,630.5,620.5,630,827200,518761900,0,0
2022-12-28,627.5,640.5,626.25,639.25,1263600,804656600,0,0
2022-12-29,637.25,641,627.5,630.25,710400,447831400,0,0
2022-12-30,632.5,636.25,629,629.25,624400,393764500,0,0
2023-01-04,625,626.5,600.25,601,1664000,1011277100,0,0
2023-01-05,600,602.75,589,594,1621200,964749700,0,0
2023-01-06,590.75,592.25,580.5,591.25,1219600,717774200,0,0
2023-01-10,591.25,595.25,587,588,945200,557512100,0,0
2023-01-11,587.5,594.75,585.25,590.75,916000,541606000,0,0
2023-01-12,591.75,597.5,587.75,595,751200,445725600,0,0
2023-01-13,590,595.75,585.25,588.75,828000,487633300,0,0
2023-01-16,586.5,590.5,580.75,582.25,764400,446289900,0,0
2023-01-17,583.5,584.25,578.5,582.75,592400,344614800,0,0
2023-01-18,583.25,598.5,582,591.75,917200,541663200,0,0
2023-01-19,592.5,595,587,590.25,709200,419351200,0,0
2023-01-20,589.75,590,582.25,582.25,1092000,638979500,0,0
2023-01-23,588.75,593,583.5,590,832400,490838200,0,0
2023-01-24,594.5,596.25,587.75,592.5,736400,435818200,0,0
2023-01-25,591.25,595,589.75,593.5,822400,487605600,0,0
2023-01-26,592.75,599.25,588.25,591.5,1411600,836222500,0,0
2023-01-27,592.5,625.25,587.25,606.5,5047600,3072139700,0,0
2023-01-30,612.75,617.25,606,612.75,2942800,1796340600,0,0
2023-01-31,616.5,635.75,614.5,634,3051600,1913858800,0,0
2023-02-01,634.25,639.25,618.75,620.5,2017200,1260948200,0,0
2023-02-02,621.25,626.75,617.5,618.5,1713600,1065209600,0,0
2023-02-03,617.75,620,605.75,613.75,1743200,1067350900,0,0
2023-02-06,622.5,624,613,615.5,1802800,1114497800,0,0
2023-02-07,619,629.25,617,620,2038800,1269348600,0,0
2023-02-08,621,629.5,620.75,628.75,1600000,1003579400,0,0
2023-02-09,626.5,628.25,617.5,623.75,1935600,1205070900,0,0
2023-02-10,617,624.25,615,621,1196000,741395600,0,0
2023-02-13,619.75,629.25,618.5,621.5,1713600,1068097200,0,0
2023-02-14,625,631,622.5,629.25,1916000,1202526500,0,0
2023-02-15,628,629.25,620.25,625.25,1161600,725279900,0,0
2023-02-16,629.25,631,620.75,629.25,1380000,865228000,0,0
2023-02-17,624.5,627.5,619.5,627.5,1465200,914793400,0,0
2023-02-20,632.5,638.5,626.75,627.5,1210400,763969800,0,0
2023-02-21,630.25,649.25,627.75,647.75,1935600,1240365300,0,0
2023-02-22,643.75,651,640,644.5,2334000,1505616000,0,0
2023-02-24,646.25,653,638.75,647,1425200,921910800,0,0
2023-02-27,650.75,653.75,646,653.5,1113600,724320300,0,0
2023-02-28,649.5,652,637.75,639.25,2093200,1342817400,0,0
2023-03-01,636.25,636.25,625,630.25,1516400,955005700,0,0
2023-03-02,629.25,632.75,624,624.5,1230800,771175600,0,0
2023-03-03,630,635.25,627,634.25,1202800,760385100,0,0
2023-03-06,634.25,638.5,631.25,633.75,1034400,656198300,0,0
2023-03-07,636,644.75,635.5,644.75,1138000,731086500,0,0
2023-03-08,642,649.25,642,648.25,989600,640357400,0,0
2023-03-09,651.25,651.25,643.75,648.75,1680800,1088715100,0,0
2023-03-10,641,646.5,634.5,636.25,1365600,873394600,0,0
2023-03-13,631.5,635,623.75,629.5,1344000,843825100,0,0
2023-03-14,622.25,623.75,613.5,621.25,1460400,903296500,0,0
2023-03-15,627.5,631,622.75,626.5,1138400,713663200,0,0
2023-03-16,614,628.25,611.75,626,1019200,633620300,0,0
2023-03-17,628.25,638.75,626.5,632.5,1610800,1020257100,0,0
2023-03-20,630,630.5,620.5,620.5,1302800,812629700,0,0
2023-03-22,625.75,626,612.5,618.25,1890800,1167335300,0,0
2023-03-23,614.25,616,608,613.5,1252400,767062800,0,0
2023-03-24,610,615.75,606.25,613.5,912400,558266500,0,0
2023-03-27,622.75,629.75,619.5,619.5,1003200,626065300,0,0
2023-03-28,623.25,624,611.25,612.25,893200,548562500,0,0
2023-03-29,616.5,623.5,611.75,622.5,1168000,724426700,0,0
2023-03-30,615,617.75,609,615.5,1244400,763779100,0,0
2023-03-31,617.5,620.75,612.5,615.75,855600,527381700,0,0
2023-04-03,623.5,626.5,618.5,621,832400,518123400,0,0
2023-04-04,620.75,629.25,620.25,629,889600,557879700,0,0
2023-04-05,626.75,627.5,614.25,614.75,777600,481050000,0,0
2023-04-06,615.75,615.75,609,612.75,856800,524752600,0,0
2023-04-07,609.5,610.75,601.25,601.25,1086400,655723000,0,0
2023-04-10,606.75,608.75,598,600.75,1064000,639568800,0,0
2023-04-11,602.5,609.5,602.5,606.75,827200,501492000,0,0
2023-04-12,610.25,615.5,609.75,612,633200,387746800,0,0
2023-04-13,612,620,610.75,618,707600,436640800,0,0
2023-04-14,620.25,625.75,618.5,623,946800,590324500,0,0
2023-04-17,625,626.75,618.75,622,763200,474651800,0,0
2023-04-18,625,627.5,620.5,625,914400,570187500,0,0
2023-04-19,620,620.25,613.5,616.75,883200,544382300,0,0
2023-04-20,615.25,618.5,613,615.75,634000,390407700,0,0
2023-04-21,618.25,629.5,614,627.5,1201600,749832400,0,0
2023-04-24,633.25,633.5,626.5,629.5,823200,518962500,0,0
2023-04-25,636,640.5,628.5,630.5,1155600,731946300,0,0
2023-04-26,636.25,641.5,622.75,628.75,2580000,1630926100,0,0
2023-04-27,634.75,664.25,589,593.5,9268400,5677260100,0,0
2023-04-28,603.75,636.5,603.25,635.5,5132800,3201741000,0,0
2023-05-01,636,652.25,635.5,647.5,2554400,1651849900,0,0
2023-05-02,644,645.75,629.5,635.75,1549200,984751400,0,0
2023-05-08,634.5,635.5,621.75,625.25,1876400,1174487200,0,0
2023-05-09,624.5,645.25,623.5,637.75,1951200,1243701000,0,0
2023-05-10,637.5,644,634.25,640,1240800,792192600,0,0
2023-05-11,637.5,642,636.5,638.75,630000,402906400,0,0
2023-05-12,634.75,644.25,630.5,636,1102000,700578700,0,0
2023-05-15,640.5,645.75,636.5,643.25,904800,580721800,0,0
2023-05-16,646.75,659.75,646.75,656.25,1486000,973109900,0,0
2023-05-17,654.25,666.25,654.25,657.5,1368000,903640900,0,0
2023-05-18,661.5,661.5,640.75,643.5,1351200,874204900,0,0
2023-05-19,646.25,649,638.25,641.5,988400,634466800,0,0
2023-05-22,645.75,652.25,644,646.5,1077200,696170000,0,0
2023-05-23,650.5,651.25,645.25,651,1006000,652816200,0,0
2023-05-24,651.5,660,645.75,645.75,1156800,753528800,0,0
2023-05-25,647,647.75,635.5,638.5,921200,588844900,0,0
2023-05-26,639,639,618.5,619.75,1363600,850573000,0,0
2023-05-29,619.75,621,614,616,1191200,734170600,0,0
2023-05-30,616,618.25,610.75,613.75,758000,465318000,0,0
2023-05-31,611.25,612.5,602,610,2208000,1342621700,0,0
2023-06-01,608,619.25,605.5,617,1115600,686502100,0,0
2023-06-02,614.25,625.25,612.75,623.75,975200,606842100,0,0
2023-06-05,631,631,622.75,624.875,1057200,661272750,0,0
2023-06-06,624.25,628,617.75,627.875,997600,623236800,0,0
2023-06-07,633.25,635,617.875,618.5,1274800,793670400,0,0
2023-06-08,621.625,628.125,618.875,620.625,932800,581001250,0,0
2023-06-09,623.75,631.625,623.375,630.875,1422000,893009600,0,0
2023-06-12,635,639.375,630.375,634.625,892000,565429900,0,0
2023-06-13,637,639.625,628.5,629.75,1634000,1034058000,0,0
2023-06-14,633.625,633.75,625.75,631.625,1015600,640701200,0,0
2023-06-15,626.25,628.75,621.625,626.5,1103200,690599000,0,0
2023-06-16,627.125,634.625,624.75,634.25,2599200,1642063600,0,0
2023-06-19,634.25,641,631.5,635.875,860000,546387400,0,0
2023-06-20,631.75,634,625.25,629,935200,587598350,0,0
2023-06-21,627.5,633.875,626.25,630.75,1106800,698035750,0,0
2023-06-22,635.5,638.875,633.625,636.25,847600,539047450,0,0
2023-06-23,637.5,643.75,632.375,635,808000,514458050,0,0
2023-06-26,632.5,636,622.5,633.75,883600,558011750,0,0
2023-06-27,637,641.125,628.625,635,945200,599237050,0,0
2023-06-28,633.25,645.5,631.375,645.5,1217200,780663650,0,0
2023-06-29,645,645,629.625,630.625,1332400,844236500,0,0
2023-06-30,629.75,631.5,617.5,623.125,1500400,934242850,0,0
2023-07-03,625.875,637.5,625.75,637.125,1144400,725402000,0,0
2023-07-04,633.25,634.25,627.125,627.375,935200,588267700,0,0
2023-07-05,625,628.125,622.75,626.625,956800,598430900,0,0
2023-07-06,626.875,627.875,614.75,616,1652000,1021170000,0,0
2023-07-07,614.5,616.125,609.125,609.125,1275600,779867600,0,0
2023-07-10,607,613.375,597.875,609.375,1369600,832454700,0,0
2023-07-11,611.5,612.125,598.125,600.25,1446000,869583050,0,0
2023-07-12,604.5,604.875,596.5,603,1023200,615383300,0,0
2023-07-13,604.5,605.5,599.625,602.75,820400,494812300,0,0
2023-07-14,605,607.375,595.75,599.75,1075200,644796050,0,0
2023-07-18,599.875,604.375,598,604.125,857600,516680050,0,0
2023-07-19,606.25,607,601.5,606.75,768000,464458400,0,0
2023-07-20,607.375,610.5,601.5,604.5,824800,499126500,0,0
2023-07-21,610.125,613.75,608.125,609.125,1181600,721077350,0,0
2023-07-24,615.875,615.875,609,610,973600,595234500,0,0
2023-07-25,615,620.5,613.25,617.5,1245600,769565800,0,0
2023-07-26,619.5,622.125,611.125,620.75,1489200,922358950,0,0
2023-07-27,624.375,693.5,617.375,668.375,10613200,7082623750,0,0
2023-07-28,654.125,662,641,657.625,3256800,2127500700,0,0
2023-07-31,665,678.625,660,665.875,2155200,1437361500,0,0
2023-08-01,668.75,680.875,661.5,680.875,1589200,1070082100,0,0
2023-08-02,673.75,675.625,658.875,660.25,1304000,866146250,0,0
2023-08-03,662.5,662.5,640.75,643,1415600,915324000,0,0
2023-08-04,640.75,641.625,627.5,628.625,1781600,1127465300,0,0
2023-08-07,628.625,634.625,623.5,631.375,921200,581273700,0,0
2023-08-08,632.5,648,632.5,646,960000,617206250,0,0
2023-08-09,650,650.625,640.25,649,826800,534986100,0,0
2023-08-10,642.5,651.5,642.5,645.75,816000,527841300,0,0
2023-08-14,644.375,646.375,623,631.25,1213600,768124300,0,0
2023-08-15,622.5,631,619.75,625.875,891200,558567100,0,0
2023-08-16,619,627.875,618.25,625.75,876800,548110900,0,0
2023-08-17,624.875,628,613.25,620,1312000,812500050,0,0
2023-08-18,616.25,619.5,613.25,618.75,956400,590161650,0,0
2023-08-21,621.75,631.625,620.5,627.875,1228400,770409900,0,0
2023-08-22,627.5,629.25,622.25,629,1057600,662333100,0,0
2023-08-23,628.625,633.25,626.875,633.25,766000,483339800,0,0
2023-08-24,631.5,633.75,628.5,631.5,561200,354503000,0,0
2023-08-25,630,636.375,627,635.125,541600,343229550,0,0
2023-08-28,638.75,647.125,637.875,646.25,848800,547166950,0,0
2023-08-29,647.25,653.5,643.25,651,800400,520684650,0,0
2023-08-30,652.5,652.5,646.375,649.25,799600,519001500,0,0
2023-08-31,649.25,656.625,647.25,652.5,1157600,755818300,0,0
2023-09-01,651.375,660.625,650.375,659.625,786400,517639300,0,0
2023-09-04,660.375,669.25,658.375,668.625,805600,536436750,0,0
2023-09-05,667.5,674.125,667.5,672.375,778400,522882800,0,0
2023-09-06,669.5,672.75,662.875,665.875,829600,553033950,0,0
2023-09-07,668.75,675.625,667,669.5,961600,645880500,0,0
2023-09-08,667.875,672,654.875,659.125,1303200,864203100,0,0
2023-09-11,665.75,668.125,654.625,658.25,716000,471814500,0,0
2023-09-12,664.125,669.25,657.625,663.125,1119600,741422450,0,0
2023-09-13,669.25,679.875,666.25,674.25,1507200,1016437550,0,0
2023-09-14,676.125,679.5,662.375,672.875,1270400,851430000,0,0
2023-09-15,676.25,698.5,675.5,693.75,3026400,2097204350,0,0
2023-09-19,695.875,697.125,684.25,696.875,1208800,836813300,0,0
2023-09-20,701.5,706.5,686.375,688.375,1454800,1007344650,0,0
2023-09-21,687.5,694.625,686.5,689.5,866400,597278100,0,0
2023-09-22,683.75,684.375,668.375,674.25,1212800,819304100,0,0
2023-09-25,674.25,675.5,668.375,671.25,723200,486114100,0,0
2023-09-26,667.5,673.25,659.75,667.625,935200,624573300,0,0
2023-09-27,663.75,663.875,649.875,663.625,1237600,815525950,0,0
2023-09-28,649.375,660.25,647.5,653.875,891600,583375700,0,0
2023-09-29,653.875,655.375,647.25,651.875,1133600,738461500,0,0
2023-10-02,653.625,657.5,642.75,643.375,983200,637454100,0,0
2023-10-03,638.625,641.125,623.125,625.75,1429200,900034150,0,0
2023-10-04,624.25,625.625,613.875,615.375,1504400,930008400,0,0
2023-10-05,620.625,632.25,616.5,630.875,1196000,750513600,0,0
2023-10-06,631.5,637.5,630.375,632.5,1012000,641454300,0,0
2023-10-10,643.75,653.125,643.25,652.375,1297200,842910450,0,0
2023-10-11,655.75,660.5,650.25,655.875,1014000,666079000,0,0
2023-10-12,658.75,661.75,656,659.5,798800,526439500,0,0
2023-10-13,654.25,655.625,647.5,650.375,982000,639611000,0,0
2023-10-16,650.375,654.75,640.625,643.75,725200,467751650,0,0
2023-10-17,653.875,658,647.25,651.625,760000,495263100,0,0
2023-10-18,656,659.5,642.375,649.875,1080800,701643750,0,0
2023-10-19,642,648.75,637.5,641.25,684000,439245400,0,0
2023-10-20,643.375,654,643.375,647.5,1214800,787020600,0,0
2023-10-23,647.5,650.125,642.75,643.5,706000,455727750,0,0
2023-10-24,643.125,647.625,633,645.5,894400,573346400,0,0
2023-10-25,643.75,649.625,641.125,642.125,705200,454736750,0,0
2023-10-26,646.5,650.5,632.75,637.625,989200,631653300,0,0
2023-10-27,640.5,643.5,629.5,632.75,851600,539038800,0,0
2023-10-30,634.75,650.375,634.75,642.75,4255200,2735668450,0,0
2023-10-31,644.75,666.25,637.375,648.25,2314800,1504934350,0,0
2023-11-01,663.375,682.5,656.5,681,2344400,1577303800,0,0
2023-11-02,683.75,696.125,675,694.25,1728800,1190935150,0,0
2023-11-06,700.125,716.25,697,708,1937600,1374343500,0,0
2023-11-07,707.5,713.25,690.25,691.625,1810800,1266514700,0,0
2023-11-08,692.5,699.25,673.375,679,1963600,1338039650,0,0
2023-11-09,675.5,685.125,670.5,682.625,1225200,830051850,0,0
2023-11-10,682.75,690.125,679.875,681,1056400,721544950,0,0
2023-11-13,686.5,691,683.625,690.5,794400,546146150,0,0
2023-11-14,693.75,694,678.5,680.125,776400,530041250,0,0
2023-11-15,690,692.625,684.875,688.125,842000,580283400,0,0
2023-11-16,680,687.125,665.625,667.875,1087200,730185150,0,0
2023-11-17,662.875,667.5,658.5,662.25,1240800,821103600,0,0
2023-11-20,660.875,670.25,653.625,653.625,807200,531147000,0,0
2023-11-21,651.75,661.375,649.25,659,1388800,910712350,0,0
2023-11-22,658.5,666.125,651,653.125,847200,556808550,0,0
2023-11-24,657.375,661.375,654.75,661.375,951200,626825700,0,0
2023-11-27,664.125,664.125,649.75,652.5,790800,516968400,0,0
2023-11-28,655.375,655.375,646,653.375,874400,569509250,0,0
2023-11-29,651.5,656.125,648.375,653.75,735200,479367000,0,0
2023-11-30,649.75,659.125,643.25,658.875,1574400,1029185450,0,0
2023-12-01,664.875,668.75,654.125,657.125,1285600,847726650,0,0
2023-12-04,653.625,663.5,648.875,659.625,983600,647282750,0,0
2023-12-05,659.625,668.5,659.625,662.375,1093600,725003800,0,0
2023-12-06,661.75,678.625,661.75,677.75,1096400,739331300,0,0
2023-12-07,676.125,689.875,676.125,688.75,1199200,821969550,0,0
2023-12-08,692.75,693.875,679.5,686.5,1440400,989558700,0,0
2023-12-11,697.125,700.875,691,700.75,936000,653108050,0,0
2023-12-12,700,700,689.25,694.5,780800,542808050,0,0
2023-12-13,696.625,699.875,690.5,692,810400,562757500,0,0
2023-12-14,696.5,699.75,682.5,684.5,889200,610885900,0,0
2023-12-15,680,687.875,675.75,681,1229600,838648150,0,0
2023-12-18,674.625,674.625,663.25,672.625,1009200,675614150,0,0
2023-12-19,672.625,681.875,667.375,680.875,924000,624291450,0,0
2023-12-20,679.75,683.125,674.875,674.875,1008000,683737900,0,0
2023-12-21,687.375,711.125,684.875,702.875,2824000,1982169450,0,0
2023-12-22,705.5,725.875,705.5,720,2212800,1593366400,0,0
2023-12-25,722.25,723.25,712.625,717.875,771600,553607300,0,0
2023-12-26,717.625,721.5,711.75,721.5,802800,576906900,0,0
2023-12-27,725,738.5,724.5,737.25,1212000,888845600,0,0
2023-12-28,734.75,739.625,731.875,735.375,970400,713636600,0,0
2023-12-29,735.375,737.375,730.375,736.25,983600,722596650,0,0
2024-01-04,730.875,755.25,722.25,752,1671600,1244759450,0,0
2024-01-05,760.25,769.25,758.75,767.75,1023600,783465000,0,0
2024-01-09,771.75,783.5,767.75,780.5,1828800,1423765500,0,0
2024-01-10,782.5,794.75,779.75,790,1177200,930036600,0,0
2024-01-11,795,797.25,782.75,783.5,1316400,1037288400,0,0
2024-01-12,783.5,783.5,769.5,774.5,1348400,1043790600,0,0
2024-01-15,778.5,789.5,776.25,786,825600,647820800,0,0
2024-01-16,783.25,790,780.25,782,816400,639587700,0,0
2024-01-17,774.75,788,771,771,1056000,822202100,0,0
2024-01-18,765.75,770,743,746.625,1342400,1006569200,0,0
2024-01-19,750.25,751.75,743.125,748.875,1116400,835806750,0,0
2024-01-22,752,758,748.25,754.5,991200,746756750,0,0
2024-01-23,753.75,761.5,748.5,751,960000,722818300,0,0
2024-01-24,745.125,746.75,734.25,743.125,2221200,1645386500,0,0
2024-01-25,741.625,749.875,737.375,747.75,1072000,799725650,0,0
2024-01-26,747.75,747.75,738.625,738.625,1152800,854825650,0,0
2024-01-29,742.25,751.25,741.75,746.75,817200,611245700,0,0
2024-01-30,753,759.5,716.125,725.25,4884400,3581620750,0,0
2024-01-31,727.5,746.875,725.875,743.375,2008000,1486618350,0,0
2024-02-01,742.5,750.25,734.25,745.75,1556800,1158370500,0,0
2024-02-02,754.25,764.75,749.25,760,1370000,1038810600,0,0
2024-02-05,770,774,755.5,760.5,1253200,956153000,0,0
2024-02-06,754,761.5,743.25,743.75,1924800,1442384700,0,0
2024-02-07,740,750.25,738,746.875,1519200,1131692300,0,0
2024-02-08,741.125,742.5,727,728.75,1893200,1386476250,0,0
2024-02-09,725,734.625,720.375,722.625,1150400,835790750,0,0
2024-02-13,722.5,734.75,717.375,732.375,981600,713837100,0,0
2024-02-14,735.25,736.25,710.375,714.25,1784000,1278280400,0,0
2024-02-15,714.25,716,708.25,714.625,1151600,821261850,0,0
2024-02-16,717.375,728.375,716.125,721.5,1396000,1007997250,0,0
2024-02-19,719.25,736.125,718.25,736.125,772000,564308350,0,0
2024-02-20,742.25,746.25,732.625,744,1214400,899939050,0,0
2024-02-21,744,744,722,727.5,1805200,1316671750,0,0
2024-02-22,729.125,736.125,726.875,733.375,997200,730382900,0,0
2024-02-26,733.375,737.25,725.875,729.375,856000,625221650,0,0
2024-02-27,741.25,753,736.875,747,1737600,1297545000,0,0
2024-02-28,755,767.25,753.5,760.5,1226000,933473900,0,0
2024-02-29,757,757,744.125,750.75,1158400,869398400,0,0
2024-03-01,749.125,758.75,748.5,751.25,834000,627386650,0,0
2024-03-04,741,743.75,725.25,732,2017600,1478315650,0,0
2024-03-05,730,746.375,726.625,741.375,1426000,1054021250,0,0
2024-03-06,740.5,757,739.5,754.5,1012800,762235850,0,0
2024-03-07,762.5,779.75,758.75,779.75,1796800,1390719100,0,0
2024-03-08,783.5,807.75,775,807.75,2513200,2002388200,0,0
2024-03-11,795,798.5,775,789.5,1537600,1206416600,0,0
2024-03-12,787.5,792.25,772.5,788.25,1344000,1053930600,0,0
2024-03-13,788.75,788.75,766.75,778.25,1006400,781866800,0,0
2024-03-14,775.5,795.25,771,795.25,1278000,1008513200,0,0
2024-03-15,802.25,807.25,790.25,799.75,2451600,1959430100,0,0
2024-03-18,808,810.75,796.75,805.75,946400,762073300,0,0
2024-03-19,811.25,822.5,806.75,816.75,854400,696659600,0,0
2024-03-21,831,833,817.75,828.75,1343600,1112945900,0,0
2024-03-22,845.75,848.75,832.5,843.75,1359200,1143902500,0,0
2024-03-25,836.25,836.5,821.25,824.5,1109600,919859300,0,0
2024-03-26,829.75,834.25,823,827.5,594800,492967200,0,0
2024-03-27,833.75,843.5,826.75,837.75,1223200,1023082100,0,0
2024-03-28,835,867.75,829.25,835.75,2627600,2215320100,0,0
2024-03-29,840,868.5,838,866,1996800,1718306500,0,0
2024-04-01,865.75,865.75,839,841.5,1244400,1052161000,0,0
2024-04-02,841.75,845.25,831,832.5,1375200,1149127700,0,0
2024-04-03,830.5,840.75,824.5,835.5,1640000,1367149800,0,0
2024-04-04,843.25,854.75,839,852.25,1038800,883328200,0,0
2024-04-05,843.5,856.75,839,856.5,1043200,885980900,0,0
2024-04-08,853.25,859,850.75,853.5,944400,806059500,0,0
2024-04-09,857.75,863.5,852.75,858.5,772800,662704700,0,0
2024-04-10,860,884.5,858.25,884.5,1278000,1118748000,0,0
2024-04-11,872.75,903.25,863,894.25,1039600,928028400,0,0
2024-04-12,902.5,914,893.25,907.75,1220000,1105884000,0,0
2024-04-15,901,932,897.75,921,1106800,1018820100,0,0
2024-04-16,918,923.25,906.75,911,1114000,1017825800,0,0
2024-04-17,916.25,924.25,885.25,899,1379600,1242720200,0,0
2024-04-18,899.25,906.5,891.25,906.5,776000,700151600,0,0
2024-04-19,896.5,906.5,887.5,896,896800,804744900,0,0
2024-04-22,913.5,934.5,912.75,933.75,1014800,943252000,0,0
2024-04-23,945,956.25,944.25,945.75,1894400,1799980700,0,0
2024-04-24,945.5,950.75,929.25,937.5,2553200,2396440900,0,0
2024-04-25,952,984.25,934.25,953.75,5838800,5594975600,0,0
2024-04-26,941.5,1037.75,941.5,1033.75,5775600,5784845800,0,0
2024-04-30,1040,1041.25,1000.25,1012.5,2393600,2431141200,0,0
2024-05-01,1006.75,1024.75,995.25,1015,1547200,1564642400,0,0
2024-05-02,1020,1032,1006,1018.5,1656800,1685078300,0,0
2024-05-07,1009.25,1011.5,992.5,998.25,1252800,1253435800,0,0
2024-05-08,1001.25,1011.5,994.5,1011.5,1157600,1165094700,0,0
2024-05-09,994,1004.5,981.25,1004.25,1077200,1072369900,0,0
2024-05-10,1012.25,1013,998.25,1007.5,896800,902994600,0,0
2024-05-13,1007.5,1011.5,989,992.5,674000,671507900,0,0
2024-05-14,991,996.25,962.25,972.75,980000,957460300,0,0
2024-05-15,969.25,975,948.75,960,1031200,991692700,0,0
2024-05-16,960,967.25,946.5,959.25,1151200,1102640700,0,0
2024-05-17,958,967.25,955.5,963.75,711200,684910600,0,0
2024-05-20,965,970.75,958.75,964.75,774400,746936800,0,0
2024-05-21,964.25,972,956.25,958.75,787600,759040100,0,0
2024-05-22,958.75,963.5,947.75,957,794400,760701200,0,0
2024-05-23,955,957,939.25,954,828800,787191700,0,0
2024-05-24,942.5,967.25,941.5,959.25,697200,668633900,0,0
2024-05-27,959,960.5,926.5,941.25,1685600,1582220000,0,0
2024-05-28,943.25,956.5,942.5,952.75,884000,840169900,0,0
2024-05-29,954.75,967.75,953,963.75,1108400,1066343600,0,0
2024-05-30,958,980,954.5,979.25,1294400,1254768900,0,0
2024-05-31,1000,1056.25,988,1031,5199600,5348667600,0,0
2024-06-03,1025,1038,1000.5,1000.5,1352000,1374079100,0,0
2024-06-04,990,999.25,968.75,982.5,890800,874779600,0,0
2024-06-05,983.75,997,974.5,977.75,1047200,1025677500,0,0
2024-06-06,972,984.25,963.75,984.25,1442000,1403010200,0,0
2024-06-07,985.75,1002.25,966.25,970.25,1551600,1517960600,0,0
2024-06-10,974.5,1011,974.5,1000.5,820400,819293000,0,0
2024-06-11,1012.25,1017.75,998.25,1000.5,1399200,1408711500,0,0
2024-06-12,1008.75,1023.5,998.5,999,892000,897258300,0,0
2024-06-13,994.5,998.5,976,981.75,699200,689075300,0,0
2024-06-14,983.5,1019.5,983.5,1018,1353600,1361783700,0,0
2024-06-17,1023,1025.5,1005.5,1008.75,1169600,1187017500,0,0
2024-06-18,1007.5,1014.5,975.5,982.25,893200,880892700,0,0
2024-06-19,980,995.5,980,989.75,672400,664387800,0,0
2024-06-20,980.5,986,973,983.5,776000,759652900,0,0
2024-06-21,993.75,1002,988,988,2724800,2700829100,0,0
2024-06-24,985.75,988.25,969.25,975.75,1068800,1044846200,0,0
2024-06-25,982.75,993.75,978,987,592000,584668500,0,0
2024-06-26,992.25,992.25,973.5,980,1303200,1277032300,0,0
2024-06-27,974,981,971.25,973.75,862000,840499500,0,0
2024-06-28,970,980,966.75,975.75,1122400,1093266500,0,0
2024-07-01,983,985.25,967.25,968.5,1082400,1052047400,0,0
2024-07-02,967.25,983,967.25,979.25,886400,865533600,0,0
2024-07-03,972.5,982.5,971.75,978.75,750800,734156800,0,0
2024-07-04,975.5,984.75,967.75,974.5,563600,549147900,0,0
2024-07-05,976.25,985.75,963.75,963.75,773600,750965200,0,0
2024-07-08,962.5,973.75,953,961.5,670000,645025600,0,0
2024-07-09,960,976.5,960,969.25,517200,501914800,0,0
2024-07-10,965,970.25,959,960,712000,684621400,0,0
2024-07-11,971.5,983,964.25,970.5,810000,788316500,0,0
2024-07-12,970.5,981.25,960,965.25,778400,753234900,0,0
2024-07-16,960,978.25,960,974,834000,811145000,0,0
2024-07-17,975.5,998.5,975.5,994.5,866000,859598100,0,0
2024-07-18,996,1030.5,996,1025.25,1531200,1564961200,0,0
2024-07-19,1016.25,1023.25,992.5,1006,1090800,1098865300,0,0
2024-07-22,1008,1018.25,992.5,992.75,675600,674715200,0,0
2024-07-23,997.5,1010,992.75,996.5,629600,629531700,0,0
2024-07-24,987.5,990,978.75,980.75,529600,520708300,0,0
2024-07-25,980.75,1005.5,976.5,991.25,1159600,1153896800,0,0
2024-07-26,987.5,998.25,977.25,986.5,676800,669385400,0,0
2024-07-29,987,1019.5,987,1018,864800,876071700,0,0
2024-07-30,1017.75,1019.5,1001.5,1011.5,649200,657149100,0,0
2024-07-31,1009,1163.75,993,1162,5013200,5554811000,0,0
2024-08-01,1147.5,1161.5,1112,1147,3098400,3534427300,0,0
2024-08-02,1121.25,1136,1082.25,1090,1492800,1646320500,0,0
2024-08-05,1040.25,1090,1031.25,1049.25,1897200,2005359800,0,0
2024-08-06,1075.75,1087,1043.75,1070.5,1719600,1841758700,0,0
2024-08-07,1038,1105.75,1027.5,1085.75,1428800,1553716500,0,0
2024-08-08,1071.25,1095,1067.25,1073.75,959600,1036696700,0,0
2024-08-09,1073.75,1084.25,1049.5,1068,1327600,1421072300,0,0
2024-08-13,1068,1070.75,1052.25,1070.75,1040000,1106954000,0,0
2024-08-14,1070.75,1092,1066.75,1091.25,921600,994988600,0,0
2024-08-15,1092,1098,1067,1070.75,937600,1012257300,0,0
2024-08-16,1072,1076,1045.5,1068.5,1711600,1816389000,0,0
2024-08-19,1056,1065,1030.75,1051.75,882800,929481500,0,0
2024-08-20,1071.5,1117.5,1071.5,1083.5,1972800,2141038800,0,0
2024-08-21,1083,1087.25,1066.5,1070.5,734800,789762600,0,0
2024-08-22,1070.5,1082.5,1066.5,1077.25,660000,709918700,0,0
2024-08-23,1079.75,1090.75,1075.75,1090.5,756400,820984900,0,0
2024-08-26,1092.25,1096.25,1082.5,1085.75,652800,710082600,0,0
2024-08-27,1087.25,1101,1081.25,1100,661600,724932500,0,0
2024-08-28,1102.25,1110.25,1082.5,1086.25,645600,704485800,0,0
2024-08-29,1086.25,1086.25,1071.5,1081.25,540000,582232900,0,0
2024-08-30,1078.25,1082.75,1070,1073.5,859200,924199600,0,0
2024-09-02,1073.5,1079,1066,1068.75,659200,706640800,0,0
2024-09-03,1072.5,1092.5,1072.5,1076.5,672000,727534200,0,0
2024-09-04,1075,1085.5,1051,1055.75,1067200,1135187000,0,0
2024-09-05,1055.25,1066.25,1036.75,1053.25,710000,747995300,0,0
2024-09-06,1066.5,1076.75,1059.75,1065.5,608800,650856900,0,0
2024-09-09,1048,1070.25,1046,1064,600800,637169100,0,0
2024-09-10,1063,1080.75,1048.75,1069.25,796000,851822800,0,0
2024-09-11,1061,1061,1011.75,1020.5,1098800,1125408900,0,0
2024-09-12,1039.5,1063.75,1036,1048.75,969200,1017368200,0,0
2024-09-13,1032.5,1035.5,1005.75,1011.75,1131200,1152622600,0,0
2024-09-17,1024.75,1040.5,1011.25,1024,882400,901899400,0,0
2024-09-18,1024,1032.5,1016.25,1031.5,910400,933995900,0,0
2024-09-19,1031.5,1035,1014.75,1023.5,624400,641240500,0,0
2024-09-20,1020.75,1044.5,1017.75,1027.75,2033600,2093341500,0,0
2024-09-24,1035.5,1043.25,1030,1033,824000,852882600,0,0
2024-09-25,1032.75,1039,1015.5,1017.25,755200,771250700,0,0
2024-09-26,1030,1042.75,1024.5,1042.25,1022800,1061738900,0,0
2024-09-27,1025.75,1041,1019.5,1026.25,826000,848046100,0,0
2024-09-30,996,1001.5,979.5,992.25,894000,885993500,0,0
2024-10-01,990.5,1003.25,989.25,1003.25,810000,809687500,0,0
2024-10-02,1005,1020,986,990.75,822000,819594600,0,0
2024-10-03,1004.75,1018.5,992.75,998.75,615600,615614200,0,0
2024-10-04,998,1011,992.5,1009.25,839200,844069600,0,0
2024-10-07,1013.75,1022.25,1004.5,1008.5,883600,894016200,0,0
2024-10-08,993.25,1007.5,990.5,998,1201200,1196614400,0,0
2024-10-09,998,1003.5,969.25,978.25,1306800,1276471800,0,0
2024-10-10,977.75,981.25,966.5,974.5,958400,932192100,0,0
2024-10-11,974.5,978,963,974.75,1247600,1213282000,0,0
2024-10-15,976,991.25,976,988.5,1693600,1669622800,0,0
2024-10-16,979.25,989.5,971.75,973,1332000,1302873500,0,0
2024-10-17,977,982.5,958.25,960.5,1105600,1066223400,0,0
2024-10-18,962.5,969,956.25,960.5,863600,830136900,0,0
2024-10-21,955,955.75,946,952.75,967600,920406000,0,0
2024-10-22,944.75,955.5,938.75,953,969200,921466900,0,0
2024-10-23,950.5,955.75,944.5,947.75,924800,877692700,0,0
2024-10-24,947,948.25,936.5,941.75,1184000,1115586200,0,0
2024-10-25,936.5,941.75,928.25,932.25,1233600,1151320400,0,0
2024-10-28,930,937.75,921.25,930.25,1252000,1165164300,0,0
2024-10-29,930.25,941.75,930.25,939,1352400,1266626200,0,0
2024-10-30,939.25,963,927.25,951.75,6707600,6371454900,0,0
2024-10-31,962.5,965,948.75,955.25,1713600,1636297400,0,0
2024-11-01,944.75,959.75,933.75,950,1284800,1222448500,0,0
2024-11-05,946.25,948.75,924.5,935.25,1341200,1251437200,0,0
2024-11-06,935.25,949.5,931.25,942.25,1091600,1025612200,0,0
2024-11-07,953.25,967.25,948.25,956,1300000,1244282200,0,0
2024-11-08,957.25,966.75,941.75,941.75,1709200,1617946900,0,0
2024-11-11,941.75,951.5,940.25,945,978000,923883300,0,0
2024-11-12,957.5,959.75,941.75,948.25,946000,895534600,0,0
2024-11-13,950.75,956,944,951.25,825200,783630800,0,0
2024-11-14,951.5,972.5,951.25,966.5,1097600,1059804600,0,0
2024-11-15,975,982.25,969,972.75,1820800,1774508700,0,0
2024-11-18,977.5,987.75,974,983.75,1150000,1130012300,0,0
2024-11-19,987.5,988.75,956.5,970.75,916800,888776400,0,0
2024-11-20,962.75,971.75,955,960.25,1004400,965035500,0,0
2024-11-21,960,969,956.75,961,679600,653238400,0,0
2024-11-22,955,969.75,955,962.75,751200,723447100,0,0
2024-11-25,966.5,972.75,959.75,968,958400,927521000,0,0
2024-11-26,964.75,969.75,949.5,962.25,744400,711972400,0,0
2024-11-27,962.25,967.75,949.25,966.25,758400,727957900,0,0
2024-11-28,967.5,971,956.75,963.25,910800,878060700,0,0
2024-11-29,971.75,981.25,964.75,978,1241200,1210688400,0,0
2024-12-02,976.5,978.75,950.75,953.5,1339600,1281305700,0,0
2024-12-03,955.75,981.25,951.75,973.75,1317600,1276311200,0,0
2024-12-04,975.75,978.25,950.25,950.25,1148400,1099614500,0,0
2024-12-05,952,962.25,947.75,957.75,1375200,1315866700,0,0
2024-12-06,962.5,971.25,950.5,958.75,1201200,1150617000,0,0
2024-12-09,968.75,975,967.5,974.75,900000,875534400,0,0
2024-12-10,975.75,981.25,960.75,963,1042000,1005602600,0,0
2024-12-11,967,975,967,974.5,856000,832620700,0,0
2024-12-12,988.75,1003.5,984.25,998.75,1668000,1662631900,0,0
2024-12-13,1003.25,1014.25,988.75,996.5,1638800,1638226500,0,0
2024-12-16,1005,1012.25,996.75,996.75,1304400,1308294400,0,0
2024-12-17,1000,1015.5,996.75,1012.5,2110000,2131503000,0,0
2024-12-18,1016.25,1019.5,999.5,1014.25,1556800,1572718200,0,0
2024-12-19,1012.75,1012.75,995,1003.5,1237200,1242788400,0,0
2024-12-20,1012,1012,985.5,995,2381600,2366236500,0,0
2024-12-23,1006,1020.75,1000,1020.75,1624000,1650360400,0,0
2024-12-24,1024.25,1037.5,1018.75,1037.5,1340400,1382277900,0,0
2024-12-25,1038.25,1038.75,1022.5,1035.75,844000,869440900,0,0
2024-12-26,1043.25,1055.25,1031.75,1055.25,1094400,1144973500,0,0
2024-12-27,1056.75,1064.75,1046.75,1064.5,1112000,1177415500,0,0
2024-12-30,1070.25,1072.5,1054,1062.75,932000,989165300,0,0
2025-01-06,1076.75,1081.5,1050.25,1055.5,1075200,1138603100,0,0
2025-01-07,1047.75,1053.5,1032.25,1044.5,1152400,1199634700,0,0
2025-01-08,1037.5,1041.25,1027.5,1033.5,776400,802294300,0,0
2025-01-09,1033.75,1034.75,1015.75,1019.5,768400,785418500,0,0
2025-01-10,1020,1025,1014.5,1021.5,659200,672748100,0,0
2025-01-14,1013,1017.75,988,993,852000,848985000,0,0
2025-01-15,1000,1003,995,1003,730000,730387400,0,0
2025-01-16,1003,1004.75,986.5,986.5,669600,664949600,0,0
2025-01-17,992.5,992.5,978.5,988.75,706000,697251400,0,0
2025-01-20,988.75,997.75,986,996.5,720000,715332300,0,0
2025-01-21,1000,1000,986,990.5,500000,495712000,0,0
2025-01-22,993.5,995.25,981.75,983.75,775600,764585100,0,0
2025-01-23,967.75,973.5,962.75,972.25,929600,900754200,0,0
2025-01-24,982.25,982.25,966.25,969.25,877200,853910600,0,0
2025-01-27,969.25,971,959.75,967.5,738800,714310600,0,0
2025-01-28,967.5,967.5,950.5,955,1047200,1001980400,0,0
2025-01-29,950,959.75,949.5,953.5,737600,704090200,0,0
2025-01-30,953.5,974.75,949.5,960.25,1599200,1537471400,0,0
2025-01-31,954.75,977,953,974.25,1641600,1591285900,0,0
2025-02-03,972.25,979.75,931.75,942.5,1900800,1802975900,0,0
2025-02-04,948.25,958.5,941.5,946.25,1302000,1235916400,0,0
2025-02-05,947.25,969.5,947.25,959.75,1080000,1038188500,0,0
2025-02-06,967,975.5,959.75,966.25,916800,887740600,0,0
2025-02-07,966.25,984,966.25,980.25,958800,938066800,0,0
2025-02-10,979,985,970,981.25,782000,764848200,0,0
2025-02-12,979.75,982.75,956.75,956.75,922800,889193400,0,0
2025-02-13,963.5,983,963.5,981.75,771600,755170300,0,0
2025-02-14,988.5,1000.75,982.25,996.5,1167600,1163008200,0,0
2025-02-17,997.25,1006.75,993.5,996.5,659200,659703800,0,0
2025-02-18,999.5,1004.25,988,991.25,658400,653290100,0,0
2025-02-19,989,1002,989,1000.5,845600,844294400,0,0
2025-02-20,1001.25,1013.75,999,1007.25,788400,793897800,0,0
2025-02-21,1009.75,1030.5,1009.75,1024.25,1042400,1065882700,0,0
2025-02-25,1021.25,1027.5,1009.75,1022.25,1276400,1300394900,0,0
2025-02-26,1020,1025.25,1012.5,1020,798800,814105700,0,0
2025-02-27,1017,1028.75,1017,1028.5,858400,879539600,0,0
2025-02-28,1028.5,1035.25,1025.25,1026.5,1210000,1245282000,0,0
2025-03-03,1028.25,1039.25,1019,1032.75,1091200,1125397500,0,0
2025-03-04,1032.75,1033.5,1008.75,1014.25,1313200,1332920200,0,0
2025-03-05,1012.75,1023.75,1010.75,1020.5,1078000,1099666700,0,0
2025-03-06,1020,1031.25,1015.5,1024.5,916400,939264100,0,0
2025-03-07,1017,1027.25,1013.25,1024,868000,887971800,0,0
2025-03-10,1025.75,1028.25,1005.25,1005.5,1076800,1091493000,0,0
2025-03-11,1002.5,1007.25,977.75,1002.75,1282800,1274778700,0,0
2025-03-12,997.75,1018,994.25,1014,1307200,1321066100,0,0
2025-03-13,1006.75,1024.25,1001.5,1020.25,1209600,1229971000,0,0
2025-03-14,1019,1029.75,1014,1020.75,1016400,1038998000,0,0
2025-03-17,1021.5,1031.75,1018.5,1027.25,990800,1015954500,0,0
2025-03-18,1030.25,1042.5,1029.5,1034,1171600,1212689100,0,0
2025-03-19,1033.5,1050.75,1031.5,1049,999600,1044088200,0,0
2025-03-21,1050,1059.5,1042.75,1050.75,1822400,1916472900,0,0
2025-03-24,1038.25,1045.75,1030.75,1039,827200,859162300,0,0
2025-03-25,1032.5,1035,1011.25,1020.5,795600,812227900,0,0
2025-03-26,1026.25,1031.5,1009.25,1028.75,1174800,1205129900,0,0
2025-03-27,1033.25,1107,1029,1086.25,4239200,4546672100,0,0
2025-03-28,1077.75,1078.25,1053.25,1056,1716000,1820035200,0,0
2025-03-31,1041,1041,1025.75,1034,1058800,1094699400,0,0
2025-04-01,1046,1048.25,1031,1033,1466000,1518818000,0,0
2025-04-02,1033,1039.25,1026.25,1029.25,1137600,1173474100,0,0
2025-04-03,1006,1022.75,995,1019,1058400,1071483000,0,0
2025-04-04,1018.25,1020.25,992.5,1005.25,1562400,1568460400,0,0
2025-04-07,967.75,990.5,944.5,965.5,1422000,1381663000,0,0
2025-04-08,982.75,988.75,967.5,983,1308400,1283803700,0,0
2025-04-09,981,992.25,968.75,981.5,963600,945964700,0,0
2025-04-10,1016.5,1022.75,1005.75,1021.5,1054000,1072250300,0,0
2025-04-11,976.5,1001.5,975,998.5,1412800,1403861800,0,0
2025-04-14,1007.5,1020.25,1007.5,1013.5,877600,890001800,0,0
2025-04-15,1017,1023.25,999.25,1008.5,1622000,1640854700,0,0
2025-04-16,1005,1014.75,1000,1014.75,792000,799319300,0,0
2025-04-17,1022.25,1022.25,1008,1013.75,547600,555526300,0,0
2025-04-18,1024,1035,1017,1035,557200,573682400,0,0
2025-04-21,1029.5,1034.25,1021.75,1029,589200,605607500,0,0
2025-04-22,1029,1047.5,1028.25,1040,524800,546062800,0,0
2025-04-23,1049.25,1061.25,1046.5,1053.25,758000,798895500,0,0
2025-04-24,1053.25,1060,1038.25,1038.25,614000,642573200,0,0
2025-04-25,1035.75,1050,1035.25,1039.25,755200,785439300,0,0
2025-04-28,1047.75,1054,1039.25,1047.25,3298400,3453102700,0,0
2025-04-30,1055.5,1074.25,1047.5,1065.75,2045600,2177140800,0,0
2025-05-01,1065.75,1080,1056.25,1056.25,1052800,1121780200,0,0
2025-05-02,1051.5,1061.25,1047.5,1054.25,699600,736834200,0,0
2025-05-07,1047.5,1061.75,1042.5,1053.25,1091200,1148643100,0,0
2025-05-08,1054.25,1057.5,1046,1051.25,660000,693626900,0,0
2025-05-09,1053.75,1064,1046,1051.25,688800,726468200,0,0
2025-05-12,1051.25,1064.25,1050.75,1061.5,612400,648585300,0,0
2025-05-13,1061.5,1064,1048.25,1048.25,584400,616522600,0,0
2025-05-14,1048.25,1055.5,1039.75,1049.75,1045600,1096851700,0,0
2025-05-15,1051.25,1061,1049.75,1059.5,731600,773433800,0,0
2025-05-16,1058.75,1064.75,1041,1051.25,1197200,1257522800,0,0
2025-05-19,1051.25,1051.25,1026.25,1028.25,883200,911838600,0,0
2025-05-20,1026.25,1027.25,1006.75,1013.75,1107600,1122175800,0,0
2025-05-21,1023.75,1029.25,1015,1015,697600,710287600,0,0
2025-05-22,1012,1022,1005.25,1012,722400,731198100,0,0
2025-05-23,1016.25,1026.25,1012.75,1017,755200,768140800,0,0
2025-05-26,1020.25,1030.75,1014,1027.75,499600,511962700,0,0
2025-05-27,1027.75,1031.25,1022.25,1023.5,455200,466661900,0,0
2025-05-28,1035.25,1035.25,1019.5,1019.75,756400,773145200,0,0
2025-05-29,1023.5,1025.75,1012.5,1013.5,799600,812303500,0,0
2025-05-30,1004.75,1011.75,1000.5,1008.25,1858800,1871697500,0,0
2025-06-02,1007,1009.75,997.75,1005.75,907200,910203800,0,0
2025-06-03,1005.75,1008.75,998.25,1002.75,722800,725794100,0,0
2025-06-04,1000,1003.25,995.75,998.5,836000,835162400,0,0
2025-06-05,987.75,1000,987.25,998,958400,954970200,0,0
2025-06-06,1000.5,1011.25,1000.5,1005,731600,735659000,0,0
2025-06-09,1007.75,1023.5,1003.75,1017.25,678800,689626100,0,0
2025-06-10,1016.75,1022.75,995.5,995.5,869600,872423300,0,0
2025-06-11,996.25,1000,988.25,989,842400,835312000,0,0
2025-06-12,995.75,998,988.75,993.75,911600,906147900,0,0
2025-06-13,993.75,1013.5,990,1006,1208400,1214264600,0,0
2025-06-16,1012,1015.25,1005,1015.25,708800,717511400,0,0
2025-06-17,1007.5,1014.75,1006.25,1011.5,652000,659296300,0,0
2025-06-18,1012,1042.75,1012,1041,987200,1019909300,0,0
2025-06-19,1042.25,1063.25,1041,1061.5,995200,1052275600,0,0
2025-06-20,1055.75,1064.25,1049.25,1053,2356400,2483965000,0,0
2025-06-23,1055,1066.5,1050.25,1050.5,669600,705899400,0,0
2025-06-24,1050,1056.75,1025,1025,510800,529006300,0,0
2025-06-25,1016.25,1022,997.75,997.75,822400,824863300,0,0
2025-06-26,998,1010.75,997.5,1006.5,799600,803786600,0,0
2025-06-27,1008.5,1010.25,998.75,1005.25,712400,715218500,0,0
2025-06-30,1009,1011.5,1000.25,1004.25,717600,720539300,0,0
2025-07-01,1002.5,1048.75,1002.5,1040,936400,968058900,0,0
2025-07-02,1035,1047.25,1030,1042.25,772400,804420200,0,0
2025-07-03,1032.5,1039,1020.5,1035.5,741600,766400700,0,0
2025-07-04,1043,1053.75,1040,1049.75,541600,567664300,0,0
2025-07-07,1050,1066.5,1045.75,1050.5,706800,748047900,0,0
2025-07-08,1045,1045.75,1031.25,1040.25,899600,933903800,0,0
2025-07-09,1040.25,1051,1037,1037.75,525600,547082500,0,0
2025-07-10,1038,1041.25,1026.75,1030.25,702400,723893700,0,0
2025-07-11,1040,1046,1024.25,1027,526400,542622200,0,0
2025-07-14,1027,1041.5,1025.25,1040,425200,441126900,0,0
2025-07-15,1043.75,1052,1042,1042,445200,465164300,0,0
2025-07-16,1042,1048.5,1039.75,1044,374000,390615300,0,0
2025-07-17,1042.5,1064.25,1041.5,1062,659600,698768100,0,0
2025-07-18,1061,1061,1052,1060.25,538800,570535200,0,0
2025-07-22,1062.25,1069.25,1050.75,1052.25,612800,647171500,0,0
2025-07-23,1056.25,1068,1052.5,1063.5,778800,826988300,0,0
2025-07-24,1063.5,1073.75,1061.25,1071.5,550400,588742600,0,0
2025-07-25,1072.5,1077.5,1064.75,1070.75,611600,655581400,0,0
2025-07-28,1060.75,1068,1037.5,1037.5,819600,859206500,0,0
2025-07-29,1032.75,1038.25,1025.5,1026,958400,985882500,0,0
2025-07-30,1025.75,1062.5,1017,1027,1209200,1248777000,0,0
2025-07-31,1044.25,1062.75,1043.25,1051.5,1267200,1335164400,0,0
2025-08-01,1059.5,1082.5,1059.5,1082.5,1079200,1162352800,0,0
2025-08-04,1070,1098.75,1068.75,1092,926800,1009072300,0,0
2025-08-05,1098.5,1109.75,1097.25,1105.25,820400,906154400,0,0
2025-08-06,1105.5,1132,1105.5,1131.75,814800,917644600,0,0
2025-08-07,1130.25,1147.25,1125,1142,856800,977321500,0,0
2025-08-08,1135.5,1152.75,1135,1146.75,740000,848321600,0,0
2025-08-12,1151.5,1163.75,1149.5,1150.5,896800,1036799500,0,0
2025-08-13,1150.5,1154.25,1144,1151.25,898400,1033318000,0,0
2025-08-14,1151.25,1158.25,1140.5,1145.5,891200,1023249100,0,0
2025-08-15,1158,1166.75,1149.75,1154.5,931600,1076866800,0,0
2025-08-18,1151.75,1161.25,1148.75,1157.5,921600,1064761300,0,0
2025-08-19,1147,1164,1146.75,1159.5,710800,823943400,0,0
2025-08-20,1159.5,1164.25,1147.5,1160.75,623200,721520600,0,0
2025-08-21,1155,1155.5,1142.25,1146.25,947200,1087184400,0,0
2025-08-22,1150.5,1154.5,1140.25,1152.75,784400,902061100,0,0
2025-08-25,1142.5,1146.25,1130,1131.75,608000,690232600,0,0
2025-08-26,1132.5,1139.5,1116.5,1118.25,854800,958151800,0,0
2025-08-27,1118.25,1128,1116.5,1123.25,775200,871782500,0,0
2025-08-28,1122.5,1130.25,1115.25,1123.5,788400,885472700,0,0
2025-08-29,1110,1120.25,1109.75,1118.5,699600,780965800,0,0
2025-09-01,1118.5,1134.75,1110.75,1131.25,638400,721524200,0,0
2025-09-02,1131.25,1175,1131.25,1171.25,1423600,1655768200,0,0
2025-09-03,1172,1183.25,1160,1163,1530400,1790851600,0,0
2025-09-04,1159.5,1163,1141.75,1141.75,997200,1145558400,0,0
2025-09-05,1138,1138.75,1119,1121.75,613600,689680200,0,0
2025-09-08,1121.25,1129.25,1117.75,1119.25,789200,886719400,0,0
2025-09-09,1112.75,1117.25,1093.25,1094.75,1463600,1610977500,0,0
2025-09-10,1100.75,1117,1100.75,1107.25,1502800,1662159200,0,0
2025-09-11,1107.5,1115.5,1100.25,1104.5,801200,887149800,0,0
2025-09-12,1104.5,1108.75,1097.25,1100,773200,852526000,0,0
2025-09-16,1104.75,1109.75,1099,1102.5,937200,1035241600,0,0
2025-09-17,1100,1100.25,1085.75,1085.75,750400,818618300,0,0
2025-09-18,1084.25,1084.25,1059.5,1068,890000,951516800,0,0
2025-09-19,1059.5,1069,1049.25,1053.5,2150400,2269783800,0,0
2025-09-22,1058.5,1070.5,1057.5,1059.25,750000,796372900,0,0
2025-09-24,1060,1065,1054.5,1054.75,780800,825635200,0,0
2025-09-25,1065.25,1100.25,1064.75,1094,1679600,1826683400,0,0
2025-09-26,1085.5,1105,1085.5,1095.25,1188800,1302756200,0,0
2025-09-29,1079.25,1094.5,1068.75,1080.75,715600,772031100,0,0
2025-09-30,1084.25,1146.25,1074.75,1139.5,2181600,2448384200,0,0
2025-10-01,1126.75,1129.5,1096.25,1105.5,1292800,1433407400,0,0
2025-10-02,1105.5,1123.5,1086.25,1105.25,1055200,1162691700,0,0
2025-10-03,1105.25,1114.25,1094.75,1096.5,819600,902885400,0,0
2025-10-06,1114,1117.75,1106,1112.75,651200,723867400,0,0
2025-10-07,1117.5,1125,1112.5,1119,601200,672916100,0,0
2025-10-08,1125,1133.25,1112.75,1116.25,646400,724353500,0,0
2025-10-09,1116.25,1132,1114,1125.25,786000,884455400,0,0
2025-10-10,1118.75,1119.25,1086.75,1089,806800,883938600,0,0
2025-10-14,1062.5,1091.25,1059,1086.75,962400,1042578300,0,0
2025-10-15,1095,1104,1090.5,1098,575600,631056900,0,0
2025-10-16,1100,1112.5,1099,1112,722800,801974100,0,0
2025-10-17,1104,1110.5,1099,1103.75,474000,523122300,0,0
2025-10-20,1111,1115,1094.5,1097.5,548400,603425800,0,0
2025-10-21,1097.75,1104,1088.25,1094.75,625200,684439000,0,0
2025-10-22,1090.5,1099.25,1089.5,1095,649200,710954800,0,0
2025-10-23,1102.5,1117.75,1102.5,1117.75,856000,953620900,0,0
2025-10-24,1114.75,1119.75,1104.5,1104.5,652000,723278300,0,0
2025-10-27,1113.75,1120.75,1105.5,1120.75,620400,692338700,0,0
2025-10-28,1120.5,1129,1066.5,1101.75,2028000,2226984000,0,0
2025-10-29,1097.25,1129.75,1082.75,1127.75,1199200,1339499100,0,0
2025-10-30,1127.75,1147.25,1121.75,1142.25,1163200,1326056800,0,0
2025-10-31,1157.5,1163.5,1147,1149.75,901600,1039769000,0,0
2025-11-04,1141,1141,1122.5,1128,1096000,1236614800,0,0
2025-11-05,1134.75,1142.25,1120.25,1139.25,826000,937151300,0,0
2025-11-06,1136.75,1153.25,1134,1147.5,607600,696844600,0,0
2025-11-07,1146.75,1158.5,1146.75,1158.5,537600,620440000,0,0
2025-11-10,1167.5,1184.75,1166,1180.75,819600,965627800,0,0
2025-11-11,1191.25,1197.5,1165,1197.5,990400,1177615200,0,0
2025-11-12,1204.75,1207.25,1191.75,1194,789600,945230800,0,0
2025-11-13,1198.75,1212.25,1190,1204.5,762000,916727200,0,0
2025-11-14,1203,1214.75,1191.25,1203,673600,812065600,0,0
2025-11-17,1211.5,1218,1203.75,1218,669200,812470100,0,0
2025-11-18,1218,1226.25,1188,1188.5,776000,932282500,0,0
2025-11-19,1198,1205.5,1178.25,1183.5,740400,879028400,0,0
2025-11-20,1191.25,1194.75,1180,1181,612800,726633500,0,0
2025-11-21,1185.75,1200.75,1182.25,1200.75,1442800,1727087600,0,0
2025-11-25,1202.75,1226,1196.5,1205.5,849600,1028626000,0,0
2025-11-26,1205.5,1234.25,1201.5,1233.75,762400,934538500,0,0
2025-11-27,1236.75,1240,1227.75,1227.75,955200,1176219500,0,0
2025-11-28,1217.25,1228.75,1215.5,1219,879200,1073376000,0,0
2025-12-01,1214.75,1219.5,1187.75,1190.5,1004000,1200030100,0,0
2025-12-02,1186.75,1200,1179,1194.75,826000,985795800,0,0
2025-12-03,1185.25,1199,1152,1158.5,1526800,1774600300,0,0
2025-12-04,1162.75,1185.25,1162.75,1177.25,941600,1108050800,0,0
2025-12-05,1163.75,1177.75,1153.25,1153.25,737200,855566800,0,0
2025-12-08,1160.5,1184.25,1154.5,1176.75,682800,802086600,0,0
2025-12-09,1184.75,1199.75,1177.5,1194,646000,769536800,0,0
2025-12-10,1206,1215.25,1194.25,1207.5,676000,816382200,0,0
2025-12-11,1207.5,1207.5,1162.5,1163.5,886800,1043562600,0,0
2025-12-12,1174.75,1185.5,1169.25,1180.25,826800,974526200,0,0
2025-12-15,1187.5,1200.25,1186,1194.5,537200,641204000,0,0
2025-12-16,1202.75,1205,1187.25,1187.25,618400,738505000,0,0
2025-12-17,1176,1179.5,1164.25,1166,625200,731352600,0,0
2025-12-18,1176,1194,1175.25,1188.75,605200,716607500,0,0
2025-12-19,1178,1191.75,1175,1181,1260000,1489861500,0,0
2025-12-22,1184,1188.75,1162.75,1162.75,556000,650899300,0,0
2025-12-23,1164,1178.25,1162.5,1175,541200,634466600,0,0
2025-12-24,1178.25,1180,1153.25,1160.5,416400,484875200,0,0
2025-12-25,1154.75,1159.5,1146.75,1152.75,358000,412100500,0,0
2025-12-26,1161.5,1163,1151.75,1158.5,356000,412184800,0,0
2025-12-29,1157.5,1163.75,1150.5,1158.25,460000,532376100,0,0
2025-12-30,1162.5,1173,1155.25,1165.75,628000,732820800,0,0
2026-01-05,1165.75,1181.75,1165.75,1170.75,707200,830804500,0,0
2026-01-06,1172.5,1227,1172.5,1226,1131200,1373261900,0,0
2026-01-07,1191,1206.75,1191,1191.25,680800,814589700,0,0
2026-01-08,1187.5,1210,1181.75,1202,523600,629635700,0,0
2026-01-09,1206.25,1229,1206.25,1226,621200,758780800,0,0
2026-01-13,1240.25,1262.25,1235.25,1241.25,902400,1125921100,0,0
2026-01-14,1240.25,1270.5,1234.5,1270.5,696800,877768800,0,0
2026-01-15,1275,1305.5,1271.5,1289.75,672000,868297300,0,0
2026-01-16,1278,1292.5,1274,1287.5,507600,652700900,0,0
2026-01-19,1298.5,1319.5,1297.25,1305,573200,750589600,0,0
2026-01-20,1307.75,1312.5,1296.75,1297.25,614400,800156500,0,0
2026-01-21,1290,1302,1287.5,1300.75,682000,883527700,0,0
2026-01-22,1298.75,1324.5,1298.25,1319,580400,764258400,0,0
2026-01-23,1324,1332.25,1318.5,1325.75,568000,753676300,0,0
2026-01-26,1320.5,1337,1315.25,1319.5,764400,1012123600,0,0
2026-01-27,1313.5,1315.75,1295.25,1307.5,650400,849341800,0,0
2026-01-28,1307.5,1320.5,1293.25,1293.25,678400,884303100,0,0
2026-01-29,1291.75,1315.25,1276.5,1309,821600,1069867200,0,0
2026-01-30,1325,1329.75,1275,1278.75,1081200,1398632400,0,0
2026-02-02,1292.5,1296.75,1244.25,1256.5,1054000,1332993100,0,0
2026-02-03,1259,1314,1257.5,1306.5,842800,1099585400,0,0
2026-02-04,1325.25,1327.25,1309.75,1319,774400,1021136200,0,0
2026-02-05,1330,1337.75,1316,1316.25,697200,922343500,0,0
2026-02-06,1317.5,1332.75,1316.25,1325.5,649600,861104600,0,0
2026-02-09,1347.5,1365,1330,1360,771600,1045182600,0,0
2026-02-10,1369.25,1375,1352,1365,639600,872385800,0,0
2026-02-12,1375,1408.75,1370,1399,712400,996033500,0,0
2026-02-13,1404.75,1411.25,1393.5,1395.75,665600,931716500,0,0
2026-02-16,1396.75,1403.25,1369,1379.5,667200,921341400,0,0
2026-02-17,1377,1392.5,1377,1383.75,398800,551881600,0,0
2026-02-18,1390.5,1425.75,1390.5,1416.25,608800,861752400,0,0
2026-02-19,1396,1403,1356.25,1379,766800,1051518100,0,0
2026-02-20,1354,1362.5,1325,1362.5,879200,1185931200,0,0
2026-02-24,1378,1415.5,1354,1402,892800,1244195100,0,0
2026-02-25,1414.25,1414.5,1381.75,1385.75,578400,804690300,0,0
2026-02-26,1390.75,1407.25,1383,1385.25,439200,609938600,0,0
2026-02-27,1394.75,1414,1377.5,1407,858000,1203983300,0,0
2026-03-02,1382,1391.75,1368.5,1370.25,822800,1131055800,0,0
2026-03-03,1360,1388.75,1350.25,1386,964800,1326315200,0,0
2026-03-04,1336,1369.5,1325.25,1343.75,908800,1220676200,0,0
2026-03-05,1365,1390.75,1353.75,1362.25,969200,1325491200,0,0
2026-03-06,1337.5,1357,1326.75,1350,782800,1055074800,0,0
2026-03-09,1285,1316.5,1282.25,1300.5,1476000,1914398500,0,0
2026-03-10,1325.5,1337.5,1306,1310.75,948400,1249173600,0,0
2026-03-11,1329.75,1339.75,1310,1310,779600,1028790100,0,0
2026-03-12,1304.25,1306.25,1269.25,1289.75,873200,1124502300,0,0
2026-03-13,1284,1298.75,1269.25,1270.25,1054000,1348922300,0,0
2026-03-16,1275,1281.25,1244.75,1249.75,982400,1234470100,0,0
2026-03-17,1251,1265.5,1250.25,1256.5,758400,953264300,0,0
2026-03-18,1268.5,1293.25,1263.75,1288,856400,1099480200,0,0
2026-03-19,1267.25,1288.5,1244.5,1244.5,1843200,2310559500,0,0
2026-03-23,1212.5,1218.75,1169.75,1170.25,1433200,1697371900,0,0
2026-03-24,1187.75,1204,1184.5,1197.75,1274800,1523445900,0,0
2026-03-25,1223.25,1235.25,1209.25,1209.25,822000,998659800,0,0
2026-03-26,1216.75,1219.5,1185.25,1189.75,922000,1102437800,0,0
2026-03-27,1224.75,1224.75,1198,1215.5,1039200,1262894800,0,0
2026-03-30,1205,1276,1204,1243.5,1117500,1388220050,0,0
2026-03-31,1244,1313,1229,1259,1651700,2086162050,0,0
2026-04-01,1286,1317.5,1275,1317.5,1302800,1703826050,0,0
2026-04-02,1313,1316.5,1278,1289,1114800,1438341200,0,0
2026-04-03,1293,1305,1286,1303,584700,759007550,0,0
2026-04-06,1303,1303,1288,1296,562800,728823200,0,0
2026-04-07,1308.5,1318,1292,1292,712400,923274850,0,0
2026-04-08,1336.5,1340,1308.5,1316.5,843900,1112849300,0,0
2026-04-09,1330.5,1356,1328,1335,786200,1051626900,0,0
2026-04-10,1350,1365,1342,1354.5,903900,1220902000,0,0
2026-04-13,1349.5,1355.5,1331,1346.5,890600,1196804450,0,0
2026-04-14,1336.5,1344.5,1306,1310.5,677800,893151650,0,0
2026-04-15,1312,1321.5,1292.5,1303.5,727000,947665450,0,0
2026-04-16,1305,1321.5,1302.5,1316.5,674200,886165150,0,0
2026-04-17,1325,1339,1305.5,1309,503700,660324900,0,0
2026-04-20,1310.5,1321,1267,1270,701300,894202600,0,0
2026-04-21,1273,1283,1253,1253,675600,850538150,0,0
2026-04-22,1251,1259.5,1240.5,1250.5,563300,702490850,0,0
2026-04-23,1240,1246,1227.5,1243.5,809900,1004017450,0,0
2026-04-24,1253,1263,1243.5,1259,581000,729965000,0,0
2026-04-27,1254.5,1269.5,1250,1260,625000,788388950,0,0
2026-04-28,1260,1265.5,1243,1263,2404500,3031390650,0,0
2026-04-30,1246.5,1257,1163.5,1186.5,2059300,2457357550,0,0
2026-05-01,1196.5,1236.5,1188.5,1232,990300,1212070000,0,0
2026-05-07,1242.5,1261,1220,1220,1334800,1642772650,0,0
2026-05-08,1198.5,1203,1170,1203,1119500,1336254200,0,0
2026-05-11,1191.5,1223.5,1191,1217.5,1106700,1343102050,0,0
2026-05-12,1235,1256,1225.5,1253.5,804000,1003685900,0,0
2026-05-13,1250,1262,1241.5,1246.5,756900,946421050,0,0
2026-05-14,1257,1264.5,1242,1261.5,709500,892752250,0,0
2026-05-18,1275.5,1281,1258,1269.5,608700,771488150,0,0
2026-05-19,1288.5,1305,1270,1293,686500,887644600,0,0
2026-05-20,1319,1323.5,1285,1292.5,689400,895385450,0,0
2026-05-21,1296,1314.5,1295,1298.5,618000,805773200,0,0
2026-05-22,1299.5,1307,1270,1280.5,555200,712961800,0,0
2026-05-25,1279,1292,1266,1278,506700,647179000,0,0
2026-05-26,1277,1289.5,1259,1284,530200,679710700,0,0
2026-05-27,1284,1296.5,1259,1259,616100,781484000,0,0
2026-05-28,1250,1258,1234,1245.5,711100,885056450,0,0
2026-05-29,1222,1245,1220,1230,1518300,1869329550,0,0
2026-06-01,1220,1231.5,1199,1210,577800,698494950,0,0
2026-06-02,1188,1210.5,1179,1202.5,661100,793876200,0,0
2026-06-03,1208.5,1231.5,1202.5,1213,719500,877191750,0,0
2026-06-04,1220,1237,1190.5,1191.5,663400,798596050,0,0
2026-06-05,1201,1220,1196,1211.5,529500,641421550,0,0
2026-06-08,1211.5,1239,1210,1238.5,733900,904195200,0,0
2026-06-09,1232,1239,1212.5,1227,705600,864652100,0,0
2026-06-10,1235,1253,1227,1253,664700,828919850,0,0
2026-06-11,1253,1270,1231.5,1265,842400,1062535900,0,0
2026-06-12,1272.5,1295.5,1266.5,1280,969900,1240755600,0,0
2026-06-15,1300,1307,1261,1261,754400,964383400,0,0
2026-06-16,1250,1255.5,1235,1245.5,616000,765905950,0,0
2026-06-17,1265,1267.5,1237,1243,471700,588523700,0,0
2026-06-18,1243,1257,1227,1235,628500,778585550,0,0
2026-06-19,1222.5,1227.5,1202,1220.5,1282500,1562327200,0,0
2026-06-22,1231,1237.5,1220.5,1220.5,457400,561056100,0,0
2026-06-23,1220.5,1224.5,1210.5,1213.5,597100,725720750,0,0
2026-06-24,1211.5,1219.5,1195,1208,482200,581667300,0,0
2026-06-25,1203,1204.5,1179.5,1179.5,656600,779267100,0,0
2026-06-26,1180,1194.5,1178,1192,551100,654766800,0,0
2026-06-29,1201,1221.5,1192,1221.5,731000,888992150,0,0
2026-06-30,1224.5,1235,1212,1215,830900,1012445000,0,0
2026-07-01,1215,1228.5,1197,1218.5,766100,930182950,0,0
2026-07-02,1231,1240,1217,1220,738600,903863100,0,0
2026-07-03,1236,1253,1235,1237.5,488000,606531400,0,0
2026-07-06,1237.5,1262,1237.5,1254.5,599600,750841700,0,0
2026-07-07,1254.5,1260,1235.5,1235.5,561100,697327600,0,0
2026-07-08,1235.5,1243.5,1230.5,1232,562100,693986550,0,0
2026-07-09,1230,1235,1216.5,1216.5,569400,695259600,0,0
2026-07-10,1216.5,1228,1198.5,1205.5,800600,967094200,0,0
2026-07-13,1205.5,1210.5,1186,1186,647000,770750350,0,0
2026-07-14,1199,1202.5,1189.5,1193.5,812400,970227850,0,0
2026-07-15,1205,1210,1194,1202.5,596700,716882000,0,0
2026-07-16,1202.5,1212,1200,1200.5,540900,650974100,0,0
2026-07-17,1194.5,1207.5,1190,1203.5,1020800,1225761650,0,0
2026-07-21,1217,1220.5,1203.5,1203.5,727500,880118100,0,0
2026-07-22,1200,1218.5,1193.5,1214,695400,841129450,0,0
2026-07-23,1214,1231,1207,1213.5,943600,1148994300,0,0
2026-07-24,1210,1222,1203,1212,749000,908443950,0,0
2026-07-27,1231.5,1240,1190,1215,1239400,1508758550,0,0
2026-07-28,1213.5,1227,1202,1207.5,1219600,1474651500,0,0
2026-07-29,1216.5,1228.5,1193,1226,1126500,1372056900,0,0
2026-07-30,1200,1223.5,1185,1199.5,1020700,1224686100,0,0
2026-07-31,1197,1200.5,1156,1161.5,1396200,1635075600,0,0
2026-08-03,1154.5,1161.5,1117.5,1145,1077200,1230401350,0,0
2026-08-04,1147,1152,1118,1118,937300,1054978050,0,0
2026-08-05,1118,1125,1108,1114,791400,882203500,0,0
2026-08-06,1114,1128.5,1106.5,1123,970100,1087438700,0,0
2026-08-07,1130,1140.5,1119,1128.5,1100900,1244600700,0,0
2026-08-10,1139,1148,1117,1128.5,1268100,1433559600,0,0
2026-08-12,1140,1158.5,1130.5,1155,990000,1139519700,0,0
2026-08-13,1159.5,1176.5,1157.5,1171.5,988400,1154398350,0,0
2026-08-14,1162,1179.5,1161,1175,845800,991221500,0,0
2026-08-17,1180,1191,1175,1185,723200,855929350,0,0
2026-08-18,1185.5,1196.5,1181.5,1186.5,818700,972369150,0,0
2026-08-19,1191,1193,1174.5,1182.5,824700,975344000,0,0
2026-08-20,1196,1210.5,1196,1205,720400,866773850,0,0
2026-08-21,1207,1218,1206,1215,811100,983317600,0,0
