Date,Open,High,Low,Close,Volume,TradingValue,UpLimit,UnderLimit
2016-02-04,2082.5,2082.5,1997.5,2020,870200,,,
2016-02-05,2017.5,2037.5,1940,1965,1103200,,,
2016-02-08,1932.5,2062.5,1932.5,2027.5,1181000,,,
2016-02-09,1925,1947.5,1865,1890,950000,,,
2016-02-10,1905,1925,1800,1830,771200,,,
2016-02-12,1770,1792.5,1725,1742.5,1034200,,,
2016-02-15,1827.5,1882.5,1815,1867.5,827200,,,
2016-02-16,1845,1882.5,1832.5,1840,670000,,,
2016-02-17,1830,1840,1747.5,1777.5,892200,,,
2016-02-18,1825,1865,1812.5,1847.5,613400,,,
2016-02-19,1845,1885,1830,1855,598800,,,
2016-02-22,1837.5,1872.5,1830,1857.5,370200,,,
2016-02-23,1862.5,1882.5,1832.5,1837.5,593400,,,
2016-02-24,1802.5,1835,1767.5,1812.5,865400,,,
2016-02-25,1812.5,1847.5,1812.5,1835,602000,,,
2016-02-26,1830,1865,1827.5,1847.5,492000,,,
2016-02-29,1882.5,1897.5,1832.5,1837.5,700000,,,
2016-03-01,1820,1870,1805,1855,585800,,,
2016-03-02,1912.5,1977.5,1890,1972.5,988600,,,
2016-03-03,1967.5,2007.5,1952.5,1997.5,976200,,,
2016-03-04,1995,1995,1910,1972.5,659800,,,
2016-03-07,1980,1997.5,1932.5,1947.5,754600,,,
2016-03-08,1940,1957.5,1890,1935,808000,,,
2016-03-09,1925,1960,1897.5,1932.5,950000,,,
2016-03-10,1957.5,1992.5,1957.5,1972.5,592800,,,
2016-03-11,1945,1965,1927.5,1950,596600,,,
2016-03-14,1995,2005,1957.5,1987.5,551800,,,
2016-03-15,1977.5,1982.5,1947.5,1960,736400,,,
2016-03-16,1942.5,1967.5,1935,1940,383000,,,
2016-03-17,1952.5,1962.5,1917.5,1935,562400,,,
2016-03-18,1907.5,1922.5,1862.5,1885,762200,,,
2016-03-22,1920,1977.5,1912.5,1955,645200,,,
2016-03-23,1967.5,1977.5,1935,1940,408600,,,
2016-03-24,1942.5,1985,1942.5,1960,480800,,,
2016-03-25,1965,1970,1935,1942.5,324000,,,
2016-03-28,1957.5,1992.5,1950,1992.5,445000,,,
2016-03-29,1952.5,1987.5,1940,1965,413200,,,
2016-03-30,1967.5,1972.5,1942.5,1945,418400,,,
2016-03-31,1950,1957.5,1910,1912.5,536800,,,
2016-04-01,1910,1910,1825,1835,581400,,,
2016-04-04,1835,1875,1822.5,1852.5,488400,,,
2016-04-05,1872.5,1885,1807.5,1810,496400,,,
2016-04-06,1835,1840,1797.5,1815,572400,,,
2016-04-07,1812.5,1862.5,1807.5,1860,424600,,,
2016-04-08,1812.5,1885,1805,1860,602800,,,
2016-04-11,1837.5,1860,1817.5,1847.5,351400,,,
2016-04-12,1842.5,1870,1825,1825,417400,,,
2016-04-13,1855,1872.5,1840,1865,409000,,,
2016-04-14,1895,1947.5,1872.5,1937.5,569600,,,
2016-04-15,1910,1960,1910,1950,472600,,,
2016-04-18,1880,1902.5,1870,1885,371800,,,
2016-04-19,1955,1972.5,1930,1952.5,516400,,,
2016-04-20,1952.5,1970,1930,1940,448400,,,
2016-04-21,1990,1995,1967.5,1985,402400,,,
2016-04-22,1972.5,1972.5,1930,1967.5,457800,,,
2016-04-25,1982.5,1982.5,1957.5,1965,350000,,,
2016-04-26,1942.5,1985,1932.5,1982.5,523400,,,
2016-04-27,2000,2010,1957.5,1972.5,418200,,,
2016-04-28,1997.5,1997.5,1880,1912.5,791800,,,
2016-05-02,1825,1862.5,1815,1822.5,1223600,,,
2016-05-06,1855,1865,1802.5,1817.5,1413200,,,
2016-05-09,1822.5,1835,1760,1765,1211000,,,
2016-05-10,1870,1902.5,1800,1870,1691400,,,
2016-05-11,1805,1815,1750,1775,1549600,,,
2016-05-12,1710,1712.5,1657.5,1685,1157400,,,
2016-05-13,1705,1750,1695,1730,992600,,,
2016-05-16,1730,1757.5,1725,1725,659000,,,
2016-05-17,1732.5,1775,1722.5,1772.5,796400,,,
2016-05-18,1772.5,1795,1760,1770,688200,,,
2016-05-19,1770,1782.5,1745,1752.5,570800,,,
2016-05-20,1742.5,1760,1732.5,1747.5,566400,,,
2016-05-23,1720,1742.5,1702.5,1740,836200,,,
2016-05-24,1732.5,1750,1727.5,1745,887000,,,
2016-05-25,1765,1775,1737.5,1747.5,689800,,,
2016-05-26,1737.5,1742.5,1697.5,1725,752600,,,
2016-05-27,1735,1745,1720,1737.5,597600,,,
2016-05-30,1767.5,1812.5,1752.5,1805,833200,,,
2016-05-31,1792.5,1802.5,1772.5,1790,1189400,,,
2016-06-01,1762.5,1777.5,1735,1762.5,974200,,,
2016-06-02,1737.5,1742.5,1715,1727.5,1086400,,,
2016-06-03,1737.5,1822.5,1735,1770,1145600,,,
2016-06-06,1767.5,1830,1765,1812.5,947600,,,
2016-06-07,1812.5,1830,1802.5,1820,420600,,,
2016-06-08,1822.5,1845,1815,1840,691200,,,
2016-06-09,1810,1835,1797.5,1805,1042000,,,
2016-06-10,1820,1822.5,1782.5,1797.5,729600,,,
2016-06-13,1757.5,1760,1747.5,1750,627600,,,
2016-06-14,1750,1760,1717.5,1727.5,661600,,,
2016-06-15,1717.5,1737.5,1715,1720,550800,,,
2016-06-16,1705,1720,1652.5,1657.5,565600,,,
2016-06-17,1685,1697.5,1642.5,1650,585800,,,
2016-06-20,1672.5,1685,1660,1665,399400,,,
2016-06-21,1650,1697.5,1635,1685,556000,,,
2016-06-22,1670,1670,1637.5,1655,635800,,,
2016-06-23,1670,1692.5,1665,1680,405800,,,
2016-06-24,1690,1690,1545,1557.5,613600,,,
2016-06-27,1592.5,1620,1587.5,1612.5,548800,,,
2016-06-28,1582.5,1635,1580,1615,365600,,,
2016-06-29,1630,1637.5,1605,1632.5,401000,,,
2016-06-30,1645,1655,1600,1605,805800,,,
2016-07-01,1610,1630,1595,1612.5,574800,,,
2016-07-04,1592.5,1602.5,1567.5,1600,585000,,,
2016-07-05,1577.5,1582.5,1550,1557.5,624400,,,
2016-07-06,1540,1545,1510,1542.5,616000,,,
2016-07-07,1560,1567.5,1537.5,1555,611600,,,
2016-07-08,1577.5,1587.5,1540,1547.5,639800,,,
2016-07-11,1570,1600,1570,1582.5,507600,,,
2016-07-12,1617.5,1640,1602.5,1607.5,647600,,,
2016-07-13,1637.5,1637.5,1595,1602.5,689400,,,
2016-07-14,1625,1637.5,1607.5,1617.5,497800,,,
2016-07-15,1607.5,1615,1582.5,1585,578400,,,
2016-07-19,1615,1650,1592.5,1642.5,532200,,,
2016-07-20,1652.5,1680,1647.5,1675,606000,,,
2016-07-21,1682.5,1687.5,1635,1637.5,479000,,,
2016-07-22,1640,1667.5,1635,1655,535800,,,
2016-07-25,1670,1687.5,1655,1670,635600,,,
2016-07-26,1672.5,1675,1600,1637.5,763800,,,
2016-07-27,1660,1670,1630,1632.5,658600,,,
2016-07-28,1637.5,1655,1615,1617.5,585200,,,
2016-07-29,1612.5,1655,1597.5,1650,852800,,,
2016-08-01,1635,1687.5,1617.5,1685,650600,,,
2016-08-02,1662.5,1687.5,1637.5,1637.5,786200,,,
2016-08-03,1615,1635,1605,1612.5,445000,,,
2016-08-04,1617.5,1632.5,1592.5,1600,569800,,,
2016-08-05,1635,1637.5,1527.5,1562.5,1101000,,,
2016-08-08,1577.5,1580,1527.5,1535,697800,,,
2016-08-09,1535,1545,1512.5,1535,805200,,,
2016-08-10,1535,1547.5,1517.5,1532.5,648400,,,
2016-08-12,1547.5,1555,1530,1540,376800,,,
2016-08-15,1520,1537.5,1487,1494.5,442800,,,
2016-08-16,1495,1502.5,1459.5,1467.5,586000,,,
2016-08-17,1477,1502.5,1473.5,1500,1076000,,,
2016-08-18,1477,1486,1435.5,1442.5,825800,,,
2016-08-19,1457.5,1470.5,1436.5,1455.5,1199200,,,
2016-08-22,1455,1460.5,1441.5,1457,748600,,,
2016-08-23,1442.5,1476,1439,1469,704800,,,
2016-08-24,1473.5,1476,1451.5,1469,489200,,,
2016-08-25,1491.5,1507.5,1463.5,1478.5,748000,,,
2016-08-26,1472,1476,1459.5,1463.5,647800,,,
2016-08-29,1498,1498,1455,1474,394400,,,
2016-08-30,1465,1480,1458.5,1472.5,471200,,,
2016-08-31,1494.5,1505,1477.5,1499.5,605000,,,
2016-09-01,1502.5,1525,1498,1525,570000,,,
2016-09-02,1532.5,1557.5,1525,1550,778400,,,
2016-09-05,1570,1575,1537.5,1542.5,384600,,,
2016-09-06,1547.5,1605,1547.5,1600,411600,,,
2016-09-07,1590,1590,1565,1580,491800,,,
2016-09-08,1575,1610,1560,1600,646800,,,
2016-09-09,1607.5,1617.5,1590,1600,455200,,,
2016-09-12,1592.5,1597.5,1577.5,1585,334000,,,
2016-09-13,1585,1587.5,1572.5,1587.5,267600,,,
2016-09-14,1570,1597.5,1570,1582.5,341800,,,
2016-09-15,1572.5,1582.5,1560,1572.5,307200,,,
2016-09-16,1600,1622.5,1590,1610,450000,,,
2016-09-20,1587.5,1627.5,1582.5,1620,511400,,,
2016-09-21,1605,1667.5,1590,1662.5,573400,,,
2016-09-23,1665,1680,1640,1677.5,465800,,,
2016-09-26,1680,1697.5,1680,1690,459800,,,
2016-09-27,1702.5,1760,1695,1760,776400,,,
2016-09-28,1712.5,1732.5,1642.5,1662.5,875400,,,
2016-09-29,1672.5,1685,1635,1672.5,597800,,,
2016-09-30,1637.5,1670,1617.5,1660,507600,,,
2016-10-03,1675,1697.5,1665,1692.5,458000,,,
2016-10-04,1675,1680,1662.5,1670,481400,,,
2016-10-05,1672.5,1682.5,1655,1670,457800,,,
2016-10-06,1677.5,1677.5,1662.5,1665,320800,,,
2016-10-07,1642.5,1645,1630,1637.5,436200,,,
2016-10-11,1645,1672.5,1645,1662.5,269200,,,
2016-10-12,1635,1662.5,1635,1655,401800,,,
2016-10-13,1652.5,1655,1630,1647.5,334600,,,
2016-10-14,1650,1665,1637.5,1647.5,317200,,,
2016-10-17,1630,1657.5,1627.5,1655,341400,,,
2016-10-18,1647.5,1677.5,1647.5,1677.5,280000,,,
2016-10-19,1652.5,1665,1630,1635,515000,,,
2016-10-20,1622.5,1645,1615,1645,338400,,,
2016-10-21,1642.5,1645,1627.5,1635,385200,,,
2016-10-24,1627.5,1650,1627.5,1647.5,336400,,,
2016-10-25,1652.5,1670,1647.5,1665,415400,,,
2016-10-26,1665,1682.5,1657.5,1677.5,349600,,,
2016-10-27,1677.5,1690,1662.5,1672.5,394600,,,
2016-10-28,1690,1720,1680,1712.5,571000,,,
2016-10-31,1695,1697.5,1672.5,1687.5,495200,,,
2016-11-01,1655,1655,1600,1612.5,879400,,,
2016-11-02,1597.5,1625,1585,1617.5,581800,,,
2016-11-04,1602.5,1777.5,1555,1720,2009200,,,
2016-11-07,1685,1697.5,1567.5,1600,1526800,,,
2016-11-08,1575,1582.5,1552.5,1562.5,925000,,,
2016-11-09,1580,1595,1527.5,1545,1162600,,,
2016-11-10,1630,1642.5,1595,1605,880600,,,
2016-11-11,1625,1645,1602.5,1612.5,774400,,,
2016-11-14,1645,1670,1642.5,1652.5,728000,,,
2016-11-15,1685,1705,1667.5,1695,782400,,,
2016-11-16,1695,1710,1685,1700,705200,,,
2016-11-17,1690,1705,1682.5,1700,386200,,,
2016-11-18,1700,1702.5,1685,1690,520200,,,
2016-11-21,1707.5,1737.5,1705,1730,825000,,,
2016-11-22,1712.5,1730,1705,1725,638400,,,
2016-11-24,1735,1745,1720,1735,492000,,,
2016-11-25,1720,1742.5,1720,1737.5,613400,,,
2016-11-28,1725,1735,1702.5,1727.5,629400,,,
2016-11-29,1697.5,1730,1697.5,1720,497800,,,
2016-11-30,1717.5,1720,1692.5,1710,2342800,,,
2016-12-01,1717.5,1750,1705,1725,977400,,,
2016-12-02,1750,1750,1722.5,1732.5,581800,,,
2016-12-05,1750,1757.5,1732.5,1740,731000,,,
2016-12-06,1760,1785,1752.5,1772.5,856200,,,
2016-12-07,1772.5,1785,1747.5,1775,935800,,,
2016-12-08,1777.5,1790,1767.5,1787.5,746600,,,
2016-12-09,1790,1800,1785,1795,1066600,,,
2016-12-12,1815,1815,1795,1810,898800,,,
2016-12-13,1812.5,1857.5,1805,1855,868000,,,
2016-12-14,1850,1857.5,1840,1847.5,738600,,,
2016-12-15,1847.5,1870,1845,1855,582600,,,
2016-12-16,1875,1885,1865,1885,794800,,,
2016-12-19,1875,1892.5,1875,1887.5,669200,,,
2016-12-20,1870,1882.5,1860,1872.5,613000,,,
2016-12-21,1870,1892.5,1857.5,1865,643800,,,
2016-12-22,1880,1887.5,1872.5,1880,514000,,,
2016-12-26,1900,1912.5,1895,1905,266000,,,
2016-12-27,1915,1922.5,1895,1900,255800,,,
2016-12-28,1900,1905,1882.5,1895,265600,,,
2016-12-29,1902.5,1917.5,1887.5,1900,546800,,,
2016-12-30,1900,1912.5,1887.5,1910,366800,,,
2017-01-04,1920,1955,1917.5,1955,532800,,,
2017-01-05,1935,1952.5,1925,1952.5,484200,,,
2017-01-06,1930,1960,1925,1955,461200,,,
2017-01-10,1935,1957.5,1920,1927.5,701600,,,
2017-01-11,1950,1950,1927.5,1942.5,416200,,,
2017-01-12,1937.5,1940,1872.5,1885,610800,,,
2017-01-13,1867.5,1900,1862.5,1890,590000,,,
2017-01-16,1880,1895,1877.5,1885,333200,,,
2017-01-17,1900,1900,1850,1850,371000,,,
2017-01-18,1855,1875,1847.5,1867.5,414200,,,
2017-01-19,1890,1895,1872.5,1890,283600,,,
2017-01-20,1900,1915,1890,1905,442800,,,
2017-01-23,1877.5,1880,1855,1870,501400,,,
2017-01-24,1852.5,1882.5,1852.5,1867.5,406400,,,
2017-01-25,1880,1895,1870,1882.5,408200,,,
2017-01-26,1870,1890,1842.5,1877.5,635000,,,
2017-01-27,1887.5,1897.5,1870,1875,454200,,,
2017-01-30,1872.5,1872.5,1847.5,1867.5,397800,,,
2017-01-31,1867.5,1875,1857.5,1865,617200,,,
2017-02-01,1850,1882.5,1840,1877.5,561400,,,
2017-02-02,1890,1895,1857.5,1860,601800,,,
2017-02-03,1795,1865,1792.5,1847.5,930800,,,
2017-02-06,1862.5,1870,1845,1850,540000,,,
2017-02-07,1847.5,1867.5,1845,1860,440600,,,
2017-02-08,1857.5,1867.5,1847.5,1857.5,412000,,,
2017-02-09,1855,1865,1847.5,1852.5,396200,,,
2017-02-10,1882.5,1927.5,1882.5,1920,466000,,,
2017-02-13,1927.5,1930,1895,1920,532000,,,
2017-02-14,1917.5,1917.5,1875,1880,472000,,,
2017-02-15,1915,1927.5,1902.5,1907.5,388800,,,
2017-02-16,1910,1927.5,1885,1890,347200,,,
2017-02-17,1885,1900,1870,1900,507000,,,
2017-02-20,1887.5,1922.5,1877.5,1917.5,551400,,,
2017-02-21,1902.5,1907.5,1895,1905,522000,,,
2017-02-22,1900,1910,1890,1905,614000,,,
2017-02-23,1907.5,1907.5,1892.5,1905,485800,,,
2017-02-24,1900,1912.5,1890,1900,386800,,,
2017-02-27,1897.5,1910,1890,1900,477800,,,
2017-02-28,1902.5,1930,1897.5,1900,679400,,,
2017-03-01,1900,1930,1897.5,1912.5,648200,,,
2017-03-02,1947.5,1950,1912.5,1915,549200,,,
2017-03-03,1907.5,1910,1872.5,1885,793000,,,
2017-03-06,1880,1880,1845,1852.5,876600,,,
2017-03-07,1865,1880,1847.5,1880,645600,,,
2017-03-08,1865,1887.5,1857.5,1867.5,705600,,,
2017-03-09,1882.5,1885,1865,1882.5,468400,,,
2017-03-10,1930,1940,1922.5,1930,869200,,,
2017-03-13,1930,1930,1912.5,1925,568400,,,
2017-03-14,1930,1930,1917.5,1922.5,445600,,,
2017-03-15,1910,1927.5,1892.5,1917.5,313600,,,
2017-03-16,1900,1930,1900,1915,595800,,,
2017-03-17,1900,1910,1875,1885,843200,,,
2017-03-21,1862.5,1885,1830,1842.5,1047600,,,
2017-03-22,1827.5,1857.5,1825,1842.5,639000,,,
2017-03-23,1852.5,1865,1842.5,1862.5,551400,,,
2017-03-24,1860,1872.5,1847.5,1867.5,519000,,,
2017-03-27,1857.5,1870,1845,1860,616400,,,
2017-03-28,1887.5,1897.5,1872.5,1887.5,766400,,,
2017-03-29,1897.5,1900,1872.5,1890,605600,,,
2017-03-30,1880,1890,1847.5,1855,430000,,,
2017-03-31,1875,1897.5,1825,1825,1268000,,,
2017-04-03,1845,1855,1827.5,1840,954600,,,
2017-04-04,1827.5,1837.5,1805,1822.5,1000800,,,
2017-04-05,1812.5,1830,1805,1822.5,1021000,,,
2017-04-06,1812.5,1825,1780,1787.5,839000,,,
2017-04-07,1802.5,1815,1782.5,1800,1053800,,,
2017-04-10,1800,1802.5,1735,1745,1365600,,,
2017-04-11,1745,1790,1745,1785,971600,,,
2017-04-12,1785,1790,1757.5,1777.5,697200,,,
2017-04-13,1765,1790,1760,1785,752200,,,
2017-04-14,1785,1797.5,1772.5,1772.5,467800,,,
2017-04-17,1770,1805,1770,1802.5,434000,,,
2017-04-18,1807.5,1817.5,1780,1795,367400,,,
2017-04-19,1782.5,1812.5,1780,1805,544800,,,
2017-04-20,1790,1805,1772.5,1790,479800,,,
2017-04-21,1797.5,1825,1797.5,1820,468400,,,
2017-04-24,1850,1860,1837.5,1845,361200,,,
2017-04-25,1835,1857.5,1827.5,1855,448200,,,
2017-04-26,1870,1875,1847.5,1862.5,364600,,,
2017-04-27,1845,1852.5,1830,1840,497200,,,
2017-04-28,1845,1857.5,1832.5,1842.5,527400,,,
2017-05-01,1852.5,1865,1835,1862.5,336400,,,
2017-05-02,1875,1892.5,1870,1885,513800,,,
2017-05-08,1892.5,1935,1887.5,1930,546200,,,
2017-05-09,1937.5,1945,1930,1937.5,529400,,,
2017-05-10,1950,1967.5,1940,1960,717600,,,
2017-05-11,1927.5,1957.5,1767.5,1815,2210000,,,
2017-05-12,1822.5,1845,1785,1797.5,1588800,,,
2017-05-15,1782.5,1797.5,1775,1785,729400,,,
2017-05-16,1775,1795,1757.5,1790,1030200,,,
2017-05-17,1755,1770,1752.5,1765,890800,,,
2017-05-18,1770,1795,1760,1762.5,1044200,,,
2017-05-19,1772.5,1782.5,1752.5,1777.5,1051200,,,
2017-05-22,1775,1802.5,1772.5,1800,618800,,,
2017-05-23,1805,1825,1802.5,1815,660000,,,
2017-05-24,1830,1837.5,1805,1815,437800,,,
2017-05-25,1815,1820,1810,1815,326000,,,
2017-05-26,1810,1822.5,1807.5,1810,470200,,,
2017-05-29,1810,1817.5,1795,1795,235600,,,
2017-05-30,1800,1820,1797.5,1820,479200,,,
2017-05-31,1807.5,1820,1800,1820,1197200,,,
2017-06-01,1815,1815,1717.5,1762.5,1886200,,,
2017-06-02,1767.5,1800,1745,1800,936200,,,
2017-06-05,1772.5,1785,1752.5,1777.5,638000,,,
2017-06-06,1742.5,1755,1722.5,1727.5,956800,,,
2017-06-07,1740,1762.5,1735,1745,1059000,,,
2017-06-08,1747.5,1750,1730,1735,523600,,,
2017-06-09,1727.5,1747.5,1727.5,1737.5,812400,,,
2017-06-12,1737.5,1765,1737.5,1752.5,398400,,,
2017-06-13,1747.5,1787.5,1742.5,1785,562800,,,
2017-06-14,1792.5,1797.5,1780,1782.5,498400,,,
2017-06-15,1782.5,1807.5,1772.5,1805,446400,,,
2017-06-16,1820,1832.5,1815,1820,544400,,,
2017-06-19,1840,1845,1830,1840,301200,,,
2017-06-20,1842.5,1855,1840,1840,375000,,,
2017-06-21,1827.5,1837.5,1810,1835,511400,,,
2017-06-22,1840,1857.5,1840,1855,419600,,,
2017-06-23,1855,1860,1840,1847.5,338800,,,
2017-06-26,1850,1857.5,1845,1850,187400,,,
2017-06-27,1850,1855,1840,1845,364000,,,
2017-06-28,1840,1847.5,1830,1840,359600,,,
2017-06-29,1860,1870,1840,1865,456800,,,
2017-06-30,1850,1870,1845,1865,537400,,,
2017-07-03,1862.5,1867.5,1852.5,1860,336000,,,
2017-07-04,1875,1875,1837.5,1840,279800,,,
2017-07-05,1830,1832.5,1817.5,1830,609200,,,
2017-07-06,1825,1845,1822.5,1837.5,484400,,,
2017-07-07,1822.5,1835,1810,1817.5,487200,,,
2017-07-10,1830,1835,1822.5,1835,344200,,,
2017-07-11,1825,1852.5,1825,1850,268600,,,
2017-07-12,1850,1852.5,1822.5,1827.5,300800,,,
2017-07-13,1842.5,1847.5,1822.5,1825,282400,,,
2017-07-14,1827.5,1835,1822.5,1825,261600,,,
2017-07-18,1820,1827.5,1802.5,1817.5,383000,,,
2017-07-19,1820,1832.5,1815,1825,334400,,,
2017-07-20,1837.5,1852.5,1835,1840,386200,,,
2017-07-21,1845,1852.5,1832.5,1850,382200,,,
2017-07-24,1837.5,1840,1827.5,1837.5,360400,,,
2017-07-25,1850,1862.5,1830,1835,312200,,,
2017-07-26,1837.5,1845,1810,1817.5,393200,,,
2017-07-27,1830,1857.5,1830,1832.5,496200,,,
2017-07-28,1827.5,1845,1822.5,1840,395200,,,
2017-07-31,1847.5,1852.5,1837.5,1842.5,490000,,,
2017-08-01,1840,1845,1815,1830,617800,,,
2017-08-02,1840,1860,1837.5,1847.5,457600,,,
2017-08-03,1850,1852.5,1830,1847.5,413000,,,
2017-08-04,1852.5,2040,1815,1915,1371600,,,
2017-08-07,1927.5,1932.5,1902.5,1912.5,790200,,,
2017-08-08,1912.5,1912.5,1875,1875,426200,,,
2017-08-09,1870,1880,1850,1857.5,489400,,,
2017-08-10,1852.5,1862.5,1840,1852.5,647200,,,
2017-08-14,1842.5,1862.5,1840,1850,694200,,,
2017-08-15,1857.5,1872.5,1847.5,1860,427600,,,
2017-08-16,1842.5,1862.5,1840,1850,287800,,,
2017-08-17,1850,1862.5,1845,1857.5,222600,,,
2017-08-18,1830,1855,1822.5,1847.5,426800,,,
2017-08-21,1862.5,1870,1855,1865,225600,,,
2017-08-22,1882.5,1902.5,1882.5,1892.5,470600,,,
2017-08-23,1907.5,1935,1902.5,1920,577000,,,
2017-08-24,1920,1925,1905,1910,266000,,,
2017-08-25,1917.5,1940,1910,1925,304800,,,
2017-08-28,1920,1960,1920,1950,293600,,,
2017-08-29,1930,1965,1880,1955,705000,,,
2017-08-30,1957.5,2007.5,1947.5,2005,543000,,,
2017-08-31,2005,2017.5,2000,2002.5,456800,,,
2017-09-01,2007.5,2025,2000,2017.5,419600,,,
2017-09-04,2015,2020,1992.5,1995,215600,,,
2017-09-05,1990,1990,1942.5,1945,628400,,,
2017-09-06,1945,1967.5,1937.5,1955,367000,,,
2017-09-07,1967.5,1980,1960,1965,260800,,,
2017-09-08,1957.5,1980,1947.5,1965,412800,,,
2017-09-11,1965,1987.5,1955,1975,244000,,,
2017-09-12,1995,1997.5,1967.5,1982.5,362200,,,
2017-09-13,1980,1987.5,1967.5,1972.5,181600,,,
2017-09-14,1967.5,1982.5,1965,1975,260400,,,
2017-09-15,1980,1987.5,1970,1982.5,465400,,,
2017-09-19,1975,1982.5,1960,1977.5,338000,,,
2017-09-20,1970,1970,1942.5,1945,484200,,,
2017-09-21,1950,1957.5,1927.5,1935,402200,,,
2017-09-22,1942.5,1947.5,1917.5,1920,331400,,,
2017-09-25,1945,1945,1920,1932.5,302400,,,
2017-09-26,1925,1942.5,1925,1940,379600,,,
2017-09-27,1952.5,1985,1932.5,1972.5,375600,,,
2017-09-28,1975,2035,1967.5,2032.5,619000,,,
2017-09-29,2010,2017.5,1985,2000,455400,,,
2017-10-02,2010,2032.5,2010,2017.5,441600,,,
2017-10-03,2025,2030,2015,2027.5,267800,,,
2017-10-04,2032.5,2045,2020,2037.5,303200,,,
2017-10-05,2035,2047.5,2022.5,2032.5,257400,,,
2017-10-06,2035,2035,2005,2010,267000,,,
2017-10-10,1987.5,2005,1980,1995,417000,,,
2017-10-11,1965,1985,1962.5,1975,278800,,,
2017-10-12,1985,1995,1970,1975,357600,,,
2017-10-13,1965,1987.5,1955,1982.5,361200,,,
2017-10-16,1995,2015,1995,1997.5,354200,,,
2017-10-17,2020,2020,1992.5,2002.5,285400,,,
2017-10-18,2010,2022.5,2000,2012.5,237000,,,
2017-10-19,2020,2022.5,2010,2020,284800,,,
2017-10-20,2007.5,2042.5,2007.5,2042.5,430400,,,
2017-10-23,2072.5,2082.5,2047.5,2057.5,257600,,,
2017-10-24,2075,2095,2062.5,2092.5,516800,,,
2017-10-25,2100,2120,2015,2047.5,1185600,,,
2017-10-26,2067.5,2067.5,2037.5,2057.5,459000,,,
2017-10-27,2092.5,2097.5,2057.5,2097.5,457200,,,
2017-10-30,2077.5,2077.5,2047.5,2062.5,619000,,,
2017-10-31,2050,2050,2025,2037.5,417200,,,
2017-11-01,2047.5,2055,2032.5,2050,433200,,,
2017-11-02,2052.5,2062.5,2032.5,2057.5,338400,,,
2017-11-06,2065,2070,1987.5,2032.5,788800,,,
2017-11-07,2017.5,2047.5,2010,2047.5,674200,,,
2017-11-08,2052.5,2167.5,2047.5,2147.5,1436600,,,
2017-11-09,2180,2232.5,2177.5,2197.5,996000,,,
2017-11-10,2182.5,2230,2182.5,2212.5,662400,,,
2017-11-13,2197.5,2210,2185,2210,406800,,,
2017-11-14,2202.5,2207.5,2157.5,2165,699800,,,
2017-11-15,2130,2147.5,2107.5,2122.5,590200,,,
2017-11-16,2105,2145,2100,2132.5,539800,,,
2017-11-17,2155,2160,2117.5,2127.5,453400,,,
2017-11-20,2117.5,2137.5,2107.5,2132.5,180600,,,
2017-11-21,2152.5,2155,2132.5,2132.5,260200,,,
2017-11-22,2135,2145,2115,2122.5,407600,,,
2017-11-24,2087.5,2112.5,2075,2107.5,520200,,,
2017-11-27,2135,2135,2067.5,2080,402800,,,
2017-11-28,2115,2167.5,2102.5,2152.5,775200,,,
2017-11-29,2170,2190,2160,2187.5,428600,,,
2017-11-30,2182.5,2230,2165,2220,714000,,,
2017-12-01,2210,2215,2185,2202.5,449600,,,
2017-12-04,2215,2230,2182.5,2187.5,338400,,,
2017-12-05,2180,2197.5,2160,2195,251000,,,
2017-12-06,2185,2207.5,2165,2175,343000,,,
2017-12-07,2165,2235,2162.5,2232.5,586000,,,
2017-12-08,2197.5,2255,2197.5,2250,696400,,,
2017-12-11,2260,2275,2242.5,2272.5,236800,,,
2017-12-12,2275,2292.5,2265,2285,283800,,,
2017-12-13,2282.5,2305,2272.5,2287.5,448000,,,
2017-12-14,2280,2300,2265,2297.5,337400,,,
2017-12-15,2287.5,2297.5,2267.5,2272.5,662800,,,
2017-12-18,2287.5,2320,2287.5,2295,595600,,,
2017-12-19,2305,2307.5,2277.5,2287.5,363800,,,
2017-12-20,2287.5,2317.5,2280,2295,335600,,,
2017-12-21,2300,2322.5,2292.5,2322.5,329400,,,
2017-12-22,2325,2337.5,2310,2327.5,330400,,,
2017-12-25,2332.5,2335,2315,2332.5,154000,,,
2017-12-26,2335,2345,2322.5,2327.5,214800,,,
2017-12-27,2322.5,2332.5,2302.5,2305,164600,,,
2017-12-28,2302.5,2347.5,2302.5,2325,304400,,,
2017-12-29,2325,2332.5,2310,2317.5,206400,,,
2018-01-04,2340,2385,2322.5,2385,539000,,,
2018-01-05,2417.5,2422.5,2385,2405,413400,,,
2018-01-09,2412.5,2420,2375,2392.5,389200,,,
2018-01-10,2397.5,2410,2372.5,2400,459200,,,
2018-01-11,2387.5,2420,2380,2420,547600,,,
2018-01-12,2412.5,2420,2380,2412.5,469600,,,
2018-01-15,2412.5,2420,2397.5,2405,167400,,,
2018-01-16,2397.5,2397.5,2377.5,2392.5,304200,,,
2018-01-17,2357.5,2372.5,2347.5,2367.5,463400,,,
2018-01-18,2382.5,2382.5,2337.5,2342.5,495400,,,
2018-01-19,2352.5,2357.5,2337.5,2350,290000,,,
2018-01-22,2335,2347.5,2322.5,2345,337400,,,
2018-01-23,2350,2372.5,2350,2360,352400,,,
2018-01-24,2360,2390,2347.5,2382.5,511600,,,
2018-01-25,2370,2380,2327.5,2337.5,472200,,,
2018-01-26,2347.5,2395,2347.5,2385,387200,,,
2018-01-29,2390,2395,2360,2360,311400,,,
2018-01-30,2372.5,2377.5,2340,2347.5,443400,,,
2018-01-31,2340,2345,2317.5,2322.5,659600,,,
2018-02-01,2332.5,2395,2332.5,2385,657400,,,
2018-02-02,2360,2397.5,2355,2395,492200,,,
2018-02-05,2360,2390,2227.5,2252.5,915800,,,
2018-02-06,2200,2215,2097.5,2132.5,791200,,,
2018-02-07,2167.5,2210,2157.5,2157.5,906000,,,
2018-02-08,2157.5,2170,2132.5,2137.5,604800,,,
2018-02-09,2077.5,2095,2072.5,2095,386200,,,
2018-02-13,2122.5,2125,2067.5,2072.5,439600,,,
2018-02-14,2070,2110,2070,2095,557200,,,
2018-02-15,2117.5,2132.5,2102.5,2115,365200,,,
2018-02-16,2122.5,2150,2122.5,2130,284000,,,
2018-02-19,2155,2172.5,2140,2172.5,237200,,,
2018-02-20,2172.5,2177.5,2150,2162.5,193000,,,
2018-02-21,2150,2160,2125,2152.5,313600,,,
2018-02-22,2122.5,2137.5,2095,2100,553200,,,
2018-02-23,2102.5,2117.5,2095,2105,249000,,,
2018-02-26,2125,2157.5,2120,2145,315000,,,
2018-02-27,2132.5,2147.5,2110,2140,420800,,,
2018-02-28,2155,2207.5,2152.5,2190,818200,,,
2018-03-01,2185,2185,2107.5,2117.5,675800,,,
2018-03-02,2092.5,2135,2090,2122.5,573400,,,
2018-03-05,2112.5,2140,2112.5,2125,307600,,,
2018-03-06,2142.5,2162.5,2132.5,2147.5,329200,,,
2018-03-07,2165,2197.5,2147.5,2162.5,529600,,,
2018-03-08,2175,2190,2160,2172.5,274600,,,
2018-03-09,2202.5,2227.5,2162.5,2182.5,481400,,,
2018-03-12,2220,2232.5,2192.5,2212.5,327000,,,
2018-03-13,2202.5,2220,2192.5,2220,340000,,,
2018-03-14,2207.5,2215,2190,2202.5,440400,,,
2018-03-15,2220,2235,2185,2210,478800,,,
2018-03-16,2217.5,2220,2180,2195,692800,,,
2018-03-19,2167.5,2182.5,2147.5,2175,291800,,,
2018-03-20,2147.5,2157.5,2135,2152.5,270200,,,
2018-03-22,2135,2187.5,2135,2187.5,335400,,,
2018-03-23,2152.5,2152.5,2100,2105,556800,,,
2018-03-26,2085,2117.5,2082.5,2117.5,454800,,,
2018-03-27,2132.5,2202.5,2122.5,2202.5,608200,,,
2018-03-28,2165,2200,2162.5,2197.5,358800,,,
2018-03-29,2215,2222.5,2185,2215,406800,,,
2018-03-30,2230,2230,2185,2197.5,304200,,,
2018-04-02,2180,2197.5,2170,2170,219000,,,
2018-04-03,2157.5,2172.5,2135,2162.5,340800,,,
2018-04-04,2152.5,2172.5,2135,2165,322600,,,
2018-04-05,2200,2217.5,2185,2192.5,433000,,,
2018-04-06,2192.5,2210,2175,2190,340600,,,
2018-04-09,2192.5,2210,2182.5,2200,219800,,,
2018-04-10,2230,2240,2197.5,2210,374200,,,
2018-04-11,2210,2212.5,2155,2170,288600,,,
2018-04-12,2187.5,2195,2165,2175,184600,,,
2018-04-13,2187.5,2187.5,2165,2175,206200,,,
2018-04-16,2177.5,2235,2172.5,2232.5,254000,,,
2018-04-17,2235,2240,2215,2230,358800,,,
2018-04-18,2230,2250,2215,2247.5,342000,,,
2018-04-19,2255,2272.5,2237.5,2240,265000,,,
2018-04-20,2260,2285,2257.5,2270,379600,,,
2018-04-23,2252.5,2255,2230,2237.5,186200,,,
2018-04-24,2252.5,2275,2245,2270,213400,,,
2018-04-25,2250,2290,2242.5,2267.5,323800,,,
2018-04-26,2280,2310,2262.5,2302.5,355400,,,
2018-04-27,2310,2360,2310,2355,547000,,,
2018-05-01,2355,2405,2340,2387.5,612200,,,
2018-05-02,2395,2400,2352.5,2382.5,535600,,,
2018-05-07,2370,2370,2327.5,2365,562400,,,
2018-05-08,2375,2395,2345,2350,673000,,,
2018-05-09,2350,2555,2270,2525,1529600,,,
2018-05-10,2450,2472.5,2387.5,2442.5,1022400,,,
2018-05-11,2440,2455,2432.5,2450,605600,,,
2018-05-14,2452.5,2485,2445,2477.5,304400,,,
2018-05-15,2487.5,2510,2482.5,2500,329200,,,
2018-05-16,2500,2590,2495,2575,611000,,,
2018-05-17,2570,2600,2540,2575,700200,,,
2018-05-18,2570,2575,2540,2550,467600,,,
2018-05-21,2550,2555,2530,2535,326400,,,
2018-05-22,2545,2555,2535,2545,208600,,,
2018-05-23,2497.5,2535,2497.5,2515,595400,,,
2018-05-24,2525,2570,2525,2550,505000,,,
2018-05-25,2545,2555,2520,2525,385800,,,
2018-05-28,2520,2540,2505,2510,246800,,,
2018-05-29,2495,2520,2462.5,2475,559800,,,
2018-05-30,2447.5,2470,2435,2462.5,689800,,,
2018-05-31,2485,2492.5,2437.5,2440,1220000,,,
2018-06-01,2430,2482.5,2427.5,2447.5,430800,,,
2018-06-04,2475,2497.5,2470,2480,359400,,,
2018-06-05,2495,2510,2422.5,2450,530200,,,
2018-06-06,2425,2462.5,2422.5,2452.5,442600,,,
2018-06-07,2452.5,2462.5,2427.5,2442.5,465000,,,
2018-06-08,2432.5,2465,2432.5,2450,694400,,,
2018-06-11,2427.5,2442.5,2407.5,2432.5,499400,,,
2018-06-12,2442.5,2455,2425,2427.5,478000,,,
2018-06-13,2440,2462.5,2427.5,2435,509200,,,
2018-06-14,2420,2425,2395,2412.5,416200,,,
2018-06-15,2407.5,2440,2382.5,2425,824000,,,
2018-06-18,2402.5,2427.5,2397.5,2405,480600,,,
2018-06-19,2400,2432.5,2382.5,2390,885400,,,
2018-06-20,2395,2430,2375,2425,615200,,,
2018-06-21,2432.5,2452.5,2417.5,2417.5,574800,,,
2018-06-22,2400,2412.5,2377.5,2390,487800,,,
2018-06-25,2380,2382.5,2342.5,2345,345400,,,
2018-06-26,2347.5,2352.5,2330,2345,461200,,,
2018-06-27,2330,2370,2330,2362.5,400800,,,
2018-06-28,2360,2360,2317.5,2327.5,498800,,,
2018-06-29,2332.5,2355,2315,2345,627600,,,
2018-07-02,2335,2372.5,2310,2310,567200,,,
2018-07-03,2305,2325,2290,2307.5,430400,,,
2018-07-04,2295,2310,2285,2302.5,267600,,,
2018-07-05,2302.5,2315,2285,2295,351200,,,
2018-07-06,2317.5,2337.5,2300,2307.5,412200,,,
2018-07-09,2325,2345,2315,2325,228000,,,
2018-07-10,2332.5,2342.5,2315,2317.5,394000,,,
2018-07-11,2315,2332.5,2297.5,2305,400800,,,
2018-07-12,2305,2327.5,2300,2320,331000,,,
2018-07-13,2342.5,2352.5,2320,2342.5,402000,,,
2018-07-17,2355,2397.5,2345,2385,313400,,,
2018-07-18,2410,2430,2397.5,2407.5,262600,,,
2018-07-19,2407.5,2420,2385,2415,314800,,,
2018-07-20,2402.5,2430,2390,2405,394000,,,
2018-07-23,2397.5,2420,2390,2395,274000,,,
2018-07-24,2415,2415,2375,2380,257000,,,
2018-07-25,2435,2492.5,2415,2427.5,636000,,,
2018-07-26,2462.5,2465,2417.5,2447.5,303000,,,
2018-07-27,2465,2475,2450,2465,242000,,,
2018-07-30,2447.5,2462.5,2427.5,2445,249200,,,
2018-07-31,2437.5,2465,2417.5,2442.5,602000,,,
2018-08-01,2437.5,2482.5,2437.5,2475,576200,,,
2018-08-02,2465,2470,2417.5,2422.5,445200,,,
2018-08-03,2440,2440,2400,2405,287800,,,
2018-08-06,2430,2430,2395,2397.5,441600,,,
2018-08-07,2327.5,2385,2200,2310,1265000,,,
2018-08-08,2307.5,2355,2305,2332.5,649000,,,
2018-08-09,2332.5,2375,2317.5,2367.5,454000,,,
2018-08-10,2367.5,2380,2330,2355,329000,,,
2018-08-13,2350,2380,2337.5,2345,633400,,,
2018-08-14,2360,2365,2315,2352.5,438200,,,
2018-08-15,2362.5,2407.5,2357.5,2395,439600,,,
2018-08-16,2372.5,2377.5,2332.5,2350,411400,,,
2018-08-17,2372.5,2425,2367.5,2395,490200,,,
2018-08-20,2370,2387.5,2347.5,2367.5,256600,,,
2018-08-21,2367.5,2405,2345,2395,268600,,,
2018-08-22,2387.5,2427.5,2382.5,2390,626400,,,
2018-08-23,2395,2402.5,2380,2400,242400,,,
2018-08-24,2435,2447.5,2430,2442.5,298200,,,
2018-08-27,2457.5,2482.5,2450,2475,221800,,,
2018-08-28,2477.5,2505,2467.5,2480,362200,,,
2018-08-29,2500,2525,2495,2510,318000,,,
2018-08-30,2500,2525,2490,2515,349600,,,
2018-08-31,2515,2540,2505,2525,484400,,,
2018-09-03,2510,2525,2505,2525,196800,,,
2018-09-04,2510,2525,2492.5,2520,179000,,,
2018-09-05,2510,2530,2495,2515,426400,,,
2018-09-06,2525,2525,2485,2505,518800,,,
2018-09-07,2482.5,2505,2480,2497.5,324400,,,
2018-09-10,2487.5,2515,2482.5,2500,306000,,,
2018-09-11,2500,2530,2487.5,2510,318200,,,
2018-09-12,2500,2500,2470,2490,418000,,,
2018-09-13,2505,2545,2500,2510,315200,,,
2018-09-14,2535,2565,2530,2540,485800,,,
2018-09-18,2530,2570,2520,2560,368600,,,
2018-09-19,2590,2595,2550,2580,388000,,,
2018-09-20,2610,2615,2575,2585,368600,,,
2018-09-21,2605,2615,2580,2595,565000,,,
2018-09-25,2620,2655,2605,2650,543000,,,
2018-09-26,2650,2725,2650,2715,619800,,,
2018-09-27,2665,2720,2660,2660,556200,,,
2018-09-28,2690,2705,2665,2695,584000,,,
2018-10-01,2680,2700,2655,2680,408400,,,
2018-10-02,2685,2735,2675,2715,478000,,,
2018-10-03,2735,2790,2735,2755,786600,,,
2018-10-04,2760,2780,2730,2730,532200,,,
2018-10-05,2730,2790,2725,2755,602200,,,
2018-10-09,2750,2765,2720,2735,575200,,,
2018-10-10,2725,2750,2715,2725,721600,,,
2018-10-11,2675,2680,2610,2640,523400,,,
2018-10-12,2625,2640,2605,2615,435800,,,
2018-10-15,2630,2630,2580,2585,371000,,,
2018-10-16,2585,2610,2575,2610,542000,,,
2018-10-17,2635,2650,2600,2635,424200,,,
2018-10-18,2650,2670,2630,2640,298600,,,
2018-10-19,2610,2655,2600,2650,441200,,,
2018-10-22,2630,2655,2620,2640,335800,,,
2018-10-23,2625,2640,2580,2590,514000,,,
2018-10-24,2610,2610,2570,2590,460000,,,
2018-10-25,2565,2600,2520,2525,497200,,,
2018-10-26,2545,2635,2505,2595,877200,,,
2018-10-29,2635,2700,2620,2625,814200,,,
2018-10-30,2725,2760,2690,2760,1062600,,,
2018-10-31,2770,2880,2770,2860,1210200,,,
2018-11-01,2855,2905,2825,2850,926200,,,
2018-11-02,2875,2900,2835,2865,791600,,,
2018-11-05,2855,2890,2835,2865,587800,,,
2018-11-06,2900,2995,2890,2975,703800,,,
2018-11-07,3075,3130,3005,3035,852000,,,
2018-11-08,3045,3095,3030,3065,690200,,,
2018-11-09,3045,3075,3005,3030,636800,,,
2018-11-12,3020,3055,2980,2995,810400,,,
2018-11-13,2945,2955,2910,2940,712800,,,
2018-11-14,2975,3005,2965,2980,878400,,,
2018-11-15,2965,2995,2950,2970,504400,,,
2018-11-16,2980,2990,2955,2970,555200,,,
2018-11-19,2985,3000,2965,2965,324000,,,
2018-11-20,2945,2975,2925,2950,511000,,,
2018-11-21,2895,2920,2875,2880,676200,,,
2018-11-22,2885,2920,2870,2910,416400,,,
2018-11-26,2980,3090,2970,3075,1196400,,,
2018-11-27,3025,3060,2975,2990,705000,,,
2018-11-28,2990,3030,2965,2995,1060600,,,
2018-11-29,3005,3020,2960,2970,600000,,,
2018-11-30,2985,3075,2985,3055,1154400,,,
2018-12-03,3100,3145,3050,3125,618400,,,
2018-12-04,3085,3115,3030,3035,672200,,,
2018-12-05,3025,3085,3025,3070,677800,,,
2018-12-06,3030,3060,3010,3040,584400,,,
2018-12-07,3065,3110,3025,3050,680200,,,
2018-12-10,3030,3045,2980,3030,378400,,,
2018-12-11,3045,3065,2985,3005,554400,,,
2018-12-12,3000,3040,2970,3020,1036400,,,
2018-12-13,3025,3075,2990,3060,630000,,,
2018-12-14,3070,3115,3045,3065,890400,,,
2018-12-17,3030,3045,2995,3035,514000,,,
2018-12-18,3005,3030,2965,2970,571600,,,
2018-12-19,2955,2970,2935,2955,646400,,,
2018-12-20,2950,2970,2890,2905,466800,,,
2018-12-21,2895,2900,2760,2800,972400,,,
2018-12-25,2750,2755,2655,2680,417200,,,
2018-12-26,2695,2730,2645,2690,473400,,,
2018-12-27,2760,2845,2760,2830,507000,,,
2018-12-28,2855,2855,2775,2795,343200,,,
2019-01-04,2745,2810,2730,2805,675400,,,
2019-01-07,2880,2895,2825,2850,430800,,,
2019-01-08,2850,2895,2840,2855,471200,,,
2019-01-09,2895,2945,2890,2915,552200,,,
2019-01-10,2920,2945,2875,2900,512600,,,
2019-01-11,2925,2945,2895,2905,534200,,,
2019-01-15,2875,2910,2850,2880,338800,,,
2019-01-16,2950,2955,2860,2880,442600,,,
2019-01-17,2900,2985,2895,2975,619600,,,
2019-01-18,3015,3025,2900,2900,533200,,,
2019-01-21,2905,2945,2895,2905,302200,,,
2019-01-22,2915,2925,2875,2900,353600,,,
2019-01-23,2905,2920,2880,2895,583800,,,
2019-01-24,2925,2940,2890,2920,510800,,,
2019-01-25,2905,2905,2870,2890,458800,,,
2019-01-28,2855,2905,2850,2870,305600,,,
2019-01-29,2850,2885,2835,2880,366600,,,
2019-01-30,2880,2880,2845,2865,490600,,,
2019-01-31,2900,2900,2850,2850,658200,,,
2019-02-01,2855,2885,2835,2875,505600,,,
2019-02-04,2885,2930,2865,2900,450600,,,
2019-02-05,2890,2900,2840,2850,493600,,,
2019-02-06,2850,2885,2835,2850,469000,,,
2019-02-07,2830,2830,2770,2790,420800,,,
2019-02-08,2765,2825,2750,2815,460400,,,
2019-02-12,2825,2930,2810,2915,735400,,,
2019-02-13,2880,2885,2845,2850,592400,,,
2019-02-14,2860,2930,2850,2920,542600,,,
2019-02-15,2925,2940,2895,2935,420000,,,
2019-02-18,2950,2975,2945,2950,358000,,,
2019-02-19,2955,3000,2940,2990,408000,,,
2019-02-20,2990,3025,2980,3005,584600,,,
2019-02-21,2990,3015,2960,2995,509600,,,
2019-02-22,2990,2995,2935,2940,371800,,,
2019-02-25,2955,2985,2950,2965,344400,,,
2019-02-26,2950,2995,2925,2990,647000,,,
2019-02-27,3010,3065,2985,3060,688600,,,
2019-02-28,3050,3070,3030,3050,554600,,,
2019-03-01,3050,3075,3040,3055,405000,,,
2019-03-04,3080,3080,3015,3050,471200,,,
2019-03-05,3050,3065,3040,3055,405600,,,
2019-03-06,3050,3055,3035,3045,310000,,,
2019-03-07,3050,3060,3005,3025,502400,,,
2019-03-08,2985,3030,2985,3015,545800,,,
2019-03-11,3040,3075,3035,3065,435600,,,
2019-03-12,3215,3225,3170,3200,914600,,,
2019-03-13,3215,3230,3180,3200,558800,,,
2019-03-14,3195,3200,3155,3180,590000,,,
2019-03-15,3200,3235,3190,3225,858000,,,
2019-03-18,3235,3245,3195,3235,550000,,,
2019-03-19,3235,3240,3165,3165,670000,,,
2019-03-20,3190,3210,3175,3205,632400,,,
2019-03-22,3190,3195,3150,3155,901400,,,
2019-03-25,3145,3145,3070,3075,435800,,,
2019-03-26,3125,3190,3125,3170,899800,,,
2019-03-27,3200,3225,3190,3205,562600,,,
2019-03-28,3160,3160,3125,3135,486400,,,
2019-03-29,3170,3205,3160,3205,624000,,,
2019-04-01,3225,3255,3215,3220,504000,,,
2019-04-02,3245,3245,3190,3200,411800,,,
2019-04-03,3205,3215,3155,3210,343800,,,
2019-04-04,3205,3210,3175,3200,304800,,,
2019-04-05,3195,3200,3170,3180,263600,,,
2019-04-08,3185,3200,3140,3195,192200,,,
2019-04-09,3215,3225,3180,3200,271400,,,
2019-04-10,3165,3205,3155,3190,299800,,,
2019-04-11,3205,3240,3200,3235,345200,,,
2019-04-12,3255,3270,3205,3215,366000,,,
2019-04-15,3300,3305,3270,3275,428600,,,
2019-04-16,3305,3305,3265,3270,444800,,,
2019-04-17,3255,3265,3215,3250,452200,,,
2019-04-18,3225,3230,3155,3160,380600,,,
2019-04-19,3195,3200,3140,3155,214200,,,
2019-04-22,3125,3150,3105,3145,216600,,,
2019-04-23,3135,3190,3120,3165,458200,,,
2019-04-24,3165,3195,3140,3145,446400,,,
2019-04-25,3160,3205,3155,3170,371800,,,
2019-04-26,3170,3230,3160,3200,488200,,,
2019-05-07,3230,3290,3205,3240,678600,,,
2019-05-08,3190,3215,3175,3205,408800,,,
2019-05-09,3170,3245,3165,3225,674400,,,
2019-05-10,3255,3350,3255,3285,603400,,,
2019-05-13,3320,3350,3260,3295,483400,,,
2019-05-14,3250,3335,3165,3330,616400,,,
2019-05-15,3290,3295,3205,3205,491000,,,
2019-05-16,3190,3325,3185,3245,728200,,,
2019-05-17,3250,3320,3235,3315,300000,,,
2019-05-20,3255,3355,3255,3345,284000,,,
2019-05-21,3340,3375,3330,3335,516200,,,
2019-05-22,3360,3380,3340,3375,332000,,,
2019-05-23,3365,3400,3345,3395,353000,,,
2019-05-24,3400,3445,3370,3430,354800,,,
2019-05-27,3450,3455,3430,3440,192400,,,
2019-05-28,3465,3520,3465,3495,753000,,,
2019-05-29,3395,3455,3385,3395,387400,,,
2019-05-30,3370,3375,3310,3325,383600,,,
2019-05-31,3345,3380,3335,3345,445600,,,
2019-06-03,3305,3365,3300,3365,287200,,,
2019-06-04,3340,3350,3270,3305,463800,,,
2019-06-05,3350,3380,3335,3380,380000,,,
2019-06-06,3340,3405,3320,3385,265000,,,
2019-06-07,3365,3420,3345,3420,298800,,,
2019-06-10,3465,3485,3425,3470,322200,,,
2019-06-11,3465,3475,3400,3415,294600,,,
2019-06-12,3410,3465,3395,3435,386000,,,
2019-06-13,3385,3405,3360,3395,352000,,,
2019-06-14,3390,3390,3345,3350,462400,,,
2019-06-17,3335,3340,3270,3275,456200,,,
2019-06-18,3290,3315,3265,3275,351800,,,
2019-06-19,3355,3385,3305,3375,544600,,,
2019-06-20,3390,3450,3380,3390,433600,,,
2019-06-21,3360,3365,3155,3195,958400,,,
2019-06-24,3145,3190,3140,3180,397800,,,
2019-06-25,3215,3260,3210,3225,379600,,,
2019-06-26,3205,3215,3150,3155,377600,,,
2019-06-27,3125,3160,3120,3160,331600,,,
2019-06-28,3150,3175,3140,3160,450200,,,
2019-07-01,3210,3245,3185,3240,274400,,,
2019-07-02,3230,3285,3225,3270,341600,,,
2019-07-03,3315,3330,3265,3295,363600,,,
2019-07-04,3355,3360,3285,3315,249600,,,
2019-07-05,3330,3330,3265,3290,238400,,,
2019-07-08,3270,3270,3205,3215,211600,,,
2019-07-09,3235,3260,3200,3210,356800,,,
2019-07-10,3110,3145,3070,3130,723200,,,
2019-07-11,3200,3210,3160,3175,456600,,,
2019-07-12,3185,3195,3150,3185,260000,,,
2019-07-16,3235,3250,3205,3230,449200,,,
2019-07-17,3200,3215,3165,3200,310000,,,
2019-07-18,3155,3180,3090,3100,449600,,,
2019-07-19,3100,3140,3080,3130,366200,,,
2019-07-22,3095,3120,3080,3095,241400,,,
2019-07-23,3070,3115,3050,3100,271800,,,
2019-07-24,3080,3085,3040,3075,378000,,,
2019-07-25,3050,3060,3035,3035,293600,,,
2019-07-26,2955,3020,2955,3000,407600,,,
2019-07-29,2995,3015,2990,3000,233600,,,
2019-07-30,3050,3075,3040,3070,416000,,,
2019-07-31,2985,3030,2965,3015,625400,,,
2019-08-01,2990,3045,2985,3045,299800,,,
2019-08-02,2995,3055,2985,3005,465000,,,
2019-08-05,2955,3055,2900,2950,648600,,,
2019-08-06,2865,2985,2835,2970,612000,,,
2019-08-07,2970,3000,2920,2925,467200,,,
2019-08-08,2910,2920,2865,2910,452800,,,
2019-08-09,2945,2955,2890,2900,307400,,,
2019-08-13,2935,2940,2860,2895,462600,,,
2019-08-14,2910,2915,2855,2890,339800,,,
2019-08-15,2790,2855,2790,2850,449800,,,
2019-08-16,2855,2880,2850,2875,371400,,,
2019-08-19,2875,2875,2855,2875,187800,,,
2019-08-20,2880,2915,2865,2915,260400,,,
2019-08-21,2870,2890,2865,2885,272800,,,
2019-08-22,2885,2885,2830,2865,337800,,,
2019-08-23,2865,2870,2820,2840,243000,,,
2019-08-26,2750,2790,2750,2785,386000,,,
2019-08-27,2805,2845,2775,2790,601800,,,
2019-08-28,2785,2805,2775,2780,351000,,,
2019-08-29,2825,2835,2775,2810,342200,,,
2019-08-30,2860,2870,2835,2855,408000,,,
2019-09-02,2850,2860,2795,2815,210800,,,
2019-09-03,2820,2845,2800,2820,346000,,,
2019-09-04,2805,2845,2805,2830,312200,,,
2019-09-05,2850,2885,2825,2870,475600,,,
2019-09-06,2875,2880,2820,2835,252000,,,
2019-09-09,2825,2860,2825,2855,312600,,,
2019-09-10,2895,2905,2830,2850,420800,,,
2019-09-11,2845,2905,2810,2885,735400,,,
2019-09-12,2890,2915,2875,2905,478200,,,
2019-09-13,2905,2950,2880,2940,579000,,,
2019-09-17,2995,2995,2925,2950,491200,,,
2019-09-18,2980,2980,2940,2950,504600,,,
2019-09-19,2965,3000,2960,2980,508000,,,
2019-09-20,2995,2995,2915,2935,632000,,,
2019-09-24,2945,2995,2940,2970,400400,,,
2019-09-25,2970,3000,2965,2990,311800,,,
2019-09-26,2990,3015,2960,2965,493000,,,
2019-09-27,2960,2970,2895,2940,413600,,,
2019-09-30,2915,2945,2895,2900,437800,,,
2019-10-01,2925,2980,2920,2970,350800,,,
2019-10-02,2955,2975,2930,2935,312000,,,
2019-10-03,2855,2865,2785,2810,399200,,,
2019-10-04,2800,2825,2745,2825,310600,,,
2019-10-07,2810,2840,2800,2840,242800,,,
2019-10-08,2865,2870,2830,2865,281800,,,
2019-10-09,2815,2880,2800,2880,376000,,,
2019-10-10,2870,2875,2835,2870,397600,,,
2019-10-11,2915,2920,2890,2905,373000,,,
2019-10-15,2975,2980,2940,2950,385200,,,
2019-10-16,3000,3020,2935,2945,572200,,,
2019-10-17,2950,2950,2915,2930,292000,,,
2019-10-18,2935,2945,2890,2890,339400,,,
2019-10-21,2895,2915,2860,2865,304000,,,
2019-10-23,2865,2950,2860,2940,463600,,,
2019-10-24,2930,2930,2875,2900,283200,,,
2019-10-25,2910,3025,2905,2970,646600,,,
2019-10-28,2990,2990,2900,2920,395600,,,
2019-10-29,2965,2980,2940,2950,333600,,,
2019-10-30,2935,2975,2930,2970,822800,,,
2019-10-31,2920,2925,2880,2900,491800,,,
2019-11-01,2890,2895,2810,2810,437200,,,
2019-11-05,2860,2915,2845,2880,498800,,,
2019-11-06,2920,3010,2875,2960,623800,,,
2019-11-07,2955,2995,2810,2825,798600,,,
2019-11-08,2845,2845,2735,2765,658200,,,
2019-11-11,2795,2805,2755,2770,396800,,,
2019-11-12,2765,2785,2730,2750,506200,,,
2019-11-13,2765,2770,2680,2695,429200,,,
2019-11-14,2620,2665,2595,2605,688400,,,
2019-11-15,2610,2635,2585,2595,488400,,,
2019-11-18,2600,2610,2550,2570,454600,,,
2019-11-19,2545,2575,2540,2565,549600,,,
2019-11-20,2555,2560,2540,2550,456000,,,
2019-11-21,2525,2540,2477.5,2500,765600,,,
2019-11-22,2515,2560,2505,2550,688600,,,
2019-11-25,2570,2605,2565,2600,339000,,,
2019-11-26,2600,2605,2570,2585,904400,,,
2019-11-27,2600,2600,2490,2495,1007800,,,
2019-11-28,2490,2500,2472.5,2480,717000,,,
2019-11-29,2475,2480,2392.5,2392.5,856000,,,
2019-12-02,2407.5,2472.5,2400,2445,522800,,,
2019-12-03,2392.5,2492.5,2380,2467.5,1019600,,,
2019-12-04,2450,2457.5,2415,2440,563800,,,
2019-12-05,2442.5,2452.5,2425,2442.5,405000,,,
2019-12-06,2432.5,2445,2407.5,2412.5,344600,,,
2019-12-09,2430,2437.5,2412.5,2432.5,290400,,,
2019-12-10,2405,2412.5,2385,2392.5,549000,,,
2019-12-11,2370,2385,2355,2377.5,660800,,,
2019-12-12,2370,2370,2317.5,2325,771400,,,
2019-12-13,2352.5,2360,2312.5,2320,869400,,,
2019-12-16,2335,2335,2297.5,2302.5,639600,,,
2019-12-17,2302.5,2325,2285,2305,1143000,,,
2019-12-18,2275,2277.5,2255,2265,887000,,,
2019-12-19,2255,2297.5,2252.5,2267.5,691400,,,
2019-12-20,2287.5,2292.5,2260,2265,593800,,,
2019-12-23,2265,2272.5,2260,2267.5,195600,,,
2019-12-24,2275,2287.5,2275,2282.5,306200,,,
2019-12-25,2272.5,2280,2247.5,2250,270400,,,
2019-12-26,2257.5,2282.5,2257.5,2272.5,425400,,,
2019-12-27,2285,2287.5,2262.5,2270,214600,,,
2019-12-30,2245,2255,2230,2232.5,369400,,,
2020-01-06,2205,2207.5,2162.5,2167.5,501600,,,
2020-01-07,2192.5,2242.5,2192.5,2215,531000,,,
2020-01-08,2180,2227.5,2167.5,2200,673800,,,
2020-01-09,2222.5,2240,2205,2220,597400,,,
2020-01-10,2205,2240,2205,2235,527200,,,
2020-01-14,2240,2260,2207.5,2225,753600,,,
2020-01-15,2225,2247.5,2205,2240,785200,,,
2020-01-16,2240,2240,2207.5,2215,602400,,,
2020-01-17,2235,2235,2210,2215,378800,,,
2020-01-20,2187.5,2220,2182.5,2210,308800,,,
2020-01-21,2197.5,2200,2175,2187.5,377600,,,
2020-01-22,2172.5,2187.5,2165,2180,575800,,,
2020-01-23,2182.5,2197.5,2167.5,2185,531200,,,
2020-01-24,2177.5,2177.5,2142.5,2152.5,493800,,,
2020-01-27,2120,2147.5,2115,2137.5,420000,,,
2020-01-28,2130,2145,2115,2117.5,499000,,,
2020-01-29,2120,2132.5,2105,2122.5,572400,,,
2020-01-30,2127.5,2155,2112.5,2117.5,575400,,,
2020-01-31,2117.5,2137.5,2112.5,2117.5,596000,,,
2020-02-03,2095,2122.5,2092.5,2100,576000,,,
2020-02-04,2085,2115,2065,2110,564800,,,
2020-02-05,2150,2190,2140,2150,1080200,,,
2020-02-06,2202.5,2260,2187.5,2245,1171400,,,
2020-02-07,2245,2277.5,2227.5,2242.5,723800,,,
2020-02-10,2227.5,2227.5,2190,2200,462200,,,
2020-02-12,2172.5,2172.5,2047.5,2050,1476800,,,
2020-02-13,2042.5,2052.5,2007.5,2037.5,909600,,,
2020-02-14,2027.5,2055,2025,2042.5,497400,,,
2020-02-17,2020,2025,2000,2015,301200,,,
2020-02-18,2005,2020,2002.5,2015,434000,,,
2020-02-19,2037.5,2057.5,2015,2015,476400,,,
2020-02-20,2035,2040,1997.5,2002.5,789400,,,
2020-02-21,1990,2017.5,1970,1972.5,576000,,,
2020-02-25,1887.5,1905,1872.5,1882.5,700200,,,
2020-02-26,1855,1905,1852.5,1897.5,677800,,,
2020-02-27,1885,1902.5,1862.5,1862.5,762200,,,
2020-02-28,1805,1822.5,1767.5,1787.5,1261200,,,
2020-03-02,1782.5,1850,1780,1827.5,929400,,,
2020-03-03,1830,1832.5,1775,1787.5,1037600,,,
2020-03-04,1750,1800,1742.5,1780,657800,,,
2020-03-05,1827.5,1827.5,1787.5,1800,588600,,,
2020-03-06,1780,1817.5,1777.5,1792.5,901600,,,
2020-03-09,1757.5,1780,1735,1755,1155600,,,
2020-03-10,1742.5,1792.5,1692.5,1777.5,1829200,,,
2020-03-11,1882.5,1882.5,1810,1815,1576600,,,
2020-03-12,1780,1805,1732.5,1765,1402400,,,
2020-03-13,1660,1675,1587.5,1632.5,1257000,,,
2020-03-16,1667.5,1722.5,1657.5,1670,1068600,,,
2020-03-17,1640,1730,1595,1715,1508000,,,
2020-03-18,1740,1785,1712.5,1737.5,1605600,,,
2020-03-19,1805,1832.5,1747.5,1777.5,2106400,,,
2020-03-23,1777.5,1832.5,1757.5,1810,1536600,,,
2020-03-24,1835,1835,1762.5,1787.5,1101000,,,
2020-03-25,1847.5,1917.5,1832.5,1900,730200,,,
2020-03-26,1890,1950,1842.5,1922.5,855400,,,
2020-03-27,2017.5,2080,2002.5,2080,1053000,,,
2020-03-30,2095,2182.5,2072.5,2175,1053600,,,
2020-03-31,2165,2165,1960,1967.5,1364800,,,
2020-04-01,1970,1980,1877.5,1892.5,733600,,,
2020-04-02,1857.5,1905,1835,1835,741600,,,
2020-04-03,1815,1887.5,1810,1830,597200,,,
2020-04-06,1857.5,1945,1840,1932.5,807000,,,
2020-04-07,2000,2025,1937.5,1982.5,946800,,,
2020-04-08,2065,2115,2032.5,2065,1026800,,,
2020-04-09,2047.5,2072.5,1997.5,2040,569800,,,
2020-04-10,2035,2087.5,2007.5,2080,396600,,,
2020-04-13,2060,2092.5,2057.5,2072.5,362400,,,
2020-04-14,2065,2095,2050,2092.5,558600,,,
2020-04-15,2075,2085,2047.5,2062.5,557400,,,
2020-04-16,2060,2070,2025,2055,606000,,,
2020-04-17,2085,2090,2020,2037.5,489000,,,
2020-04-20,2012.5,2035,1982.5,1987.5,413000,,,
2020-04-21,1972.5,1997.5,1945,1985,528600,,,
2020-04-22,1972.5,1990,1962.5,1965,431400,,,
2020-04-23,1985,1997.5,1970,1985,506600,,,
2020-04-24,1985,1995,1962.5,1980,825800,,,
2020-04-27,1990,1992.5,1962.5,1972.5,370800,,,
2020-04-28,1967.5,2022.5,1932.5,1990,1039800,,,
2020-04-30,2027.5,2097.5,2005,2080,1264200,,,
2020-05-01,2052.5,2065,1992.5,2030,636600,,,
2020-05-07,2022.5,2042.5,2010,2017.5,583600,,,
2020-05-08,2052.5,2060,2025,2047.5,414600,,,
2020-05-11,2045,2050,1987.5,1987.5,482000,,,
2020-05-12,1865,1930,1857.5,1860,1154600,,,
2020-05-13,1832.5,1875,1832.5,1865,660000,,,
2020-05-14,1862.5,1877.5,1807.5,1807.5,660600,,,
2020-05-15,1830,1850,1797.5,1835,578000,,,
2020-05-18,1847.5,1875,1840,1857.5,492600,,,
2020-05-19,1875,1875,1847.5,1862.5,378200,,,
2020-05-20,1825,1872.5,1825,1870,538000,,,
2020-05-21,1857.5,1872.5,1835,1857.5,418000,,,
2020-05-22,1850,1862.5,1817.5,1817.5,397800,,,
2020-05-25,1822.5,1850,1815,1842.5,373400,,,
2020-05-26,1827.5,1847.5,1807.5,1835,753600,,,
2020-05-27,1827.5,1900,1827.5,1892.5,809400,,,
2020-05-28,1910,1942.5,1900,1927.5,725800,,,
2020-05-29,1947.5,1980,1927.5,1957.5,1479600,,,
2020-06-01,1982.5,2000,1975,1982.5,510400,,,
2020-06-02,1957.5,1972.5,1937.5,1952.5,736200,,,
2020-06-03,1982.5,2010,1977.5,1992.5,500200,,,
2020-06-04,1992.5,2010,1977.5,2007.5,561600,,,
2020-06-05,2012.5,2020,2000,2015,444000,,,
2020-06-08,2032.5,2032.5,2010,2025,516800,,,
2020-06-09,2040,2040,2017.5,2025,473200,,,
2020-06-10,2025,2032.5,2000,2010,557800,,,
2020-06-11,2012.5,2072.5,2012.5,2032.5,757600,,,
2020-06-12,2035,2055,1965,2042.5,955000,,,
2020-06-15,2032.5,2042.5,1980,1980,533800,,,
2020-06-16,2015,2065,1977.5,2055,552800,,,
2020-06-17,2060,2065,2012.5,2015,356000,,,
2020-06-18,2005,2007.5,1982.5,2002.5,348200,,,
2020-06-19,2022.5,2022.5,1982.5,2000,741600,,,
2020-06-22,1990,2012.5,1985,2005,273000,,,
2020-06-23,2005,2020,1982.5,2002.5,444600,,,
2020-06-24,1980,2002.5,1932.5,1957.5,663000,,,
2020-06-25,1962.5,1975,1942.5,1957.5,515600,,,
2020-06-26,2000,2032.5,2000,2015,534200,,,
2020-06-29,2000,2010,1992.5,1995,650400,,,
2020-06-30,2005,2032.5,2000,2010,410000,,,
2020-07-01,2010,2017.5,1977.5,1982.5,830400,,,
2020-07-02,1985,2007.5,1985,1985,607400,,,
2020-07-03,1987.5,1992.5,1900,1932.5,586200,,,
2020-07-06,1935,1957.5,1922.5,1957.5,572000,,,
2020-07-07,1962.5,1962.5,1887.5,1902.5,734600,,,
2020-07-08,1900,1927.5,1872.5,1872.5,843800,,,
2020-07-09,1862.5,1875,1840,1862.5,741400,,,
2020-07-10,1890,1920,1880,1905,732800,,,
2020-07-13,1917.5,1957.5,1915,1952.5,348800,,,
2020-07-14,1940,1945,1915,1930,503200,,,
2020-07-15,1932.5,1942.5,1905,1940,875400,,,
2020-07-16,1970,2012.5,1960,1970,569800,,,
2020-07-17,1960,1982.5,1940,1945,286000,,,
2020-07-20,1945,1960,1937.5,1955,245200,,,
2020-07-21,1930,1930,1897.5,1910,735200,,,
2020-07-22,1937.5,1960,1920,1940,494600,,,
2020-07-27,1932.5,1940,1897.5,1940,545200,,,
2020-07-28,1955,1957.5,1922.5,1935,453400,,,
2020-07-29,1915,1940,1887.5,1922.5,508000,,,
2020-07-30,1927.5,1930,1902.5,1910,719800,,,
2020-07-31,1917.5,1940,1867.5,1872.5,981600,,,
2020-08-03,1900,1925,1892.5,1915,351200,,,
2020-08-04,1922.5,1955,1920,1945,438400,,,
2020-08-05,1945,1955,1912.5,1945,578800,,,
2020-08-06,1915,1937.5,1900,1905,617600,,,
2020-08-07,1887.5,1900,1862.5,1867.5,887400,,,
2020-08-11,1845,1925,1845,1915,940200,,,
2020-08-12,1925,1965,1910,1960,673200,,,
2020-08-13,1980,2015,1977.5,2005,621400,,,
2020-08-14,1995,2000,1967.5,1997.5,621200,,,
2020-08-17,1985,1990,1950,1965,705400,,,
2020-08-18,1955,1967.5,1942.5,1962.5,513600,,,
2020-08-19,1945,1965,1930,1957.5,448400,,,
2020-08-20,1970,1982.5,1962.5,1970,405800,,,
2020-08-21,1987.5,2005,1980,1985,356000,,,
2020-08-24,1997.5,1997.5,1967.5,1985,344800,,,
2020-08-25,2012.5,2017.5,1997.5,2010,344200,,,
2020-08-26,1990,1995,1940,1977.5,523600,,,
2020-08-27,2000,2007.5,1965,1965,587400,,,
2020-08-28,1995,2032.5,1970,1992.5,365000,,,
2020-08-31,2007.5,2015,1967.5,1970,565000,,,
2020-09-01,1950,1962.5,1932.5,1947.5,497200,,,
2020-09-02,1932.5,1952.5,1920,1947.5,468400,,,
2020-09-03,1977.5,2005,1962.5,1985,395800,,,
2020-09-04,1967.5,1980,1947.5,1965,467800,,,
2020-09-07,1982.5,2015,1967.5,2002.5,247600,,,
2020-09-08,2000,2022.5,1997.5,2022.5,206600,,,
2020-09-09,2000,2022.5,1987.5,2015,426200,,,
2020-09-10,2015,2050,2010,2042.5,257400,,,
2020-09-11,2060,2070,2035,2065,407400,,,
2020-09-14,2080,2117.5,2080,2110,254200,,,
2020-09-15,2095,2097.5,2055,2067.5,308200,,,
2020-09-16,2057.5,2057.5,2032.5,2047.5,295400,,,
2020-09-17,2042.5,2072.5,2042.5,2070,247800,,,
2020-09-18,2062.5,2100,2062.5,2082.5,576600,,,
2020-09-23,2070,2092.5,2060,2060,496800,,,
2020-09-24,2062.5,2095,2062.5,2085,460800,,,
2020-09-25,2092.5,2115,2075,2075,444600,,,
2020-09-28,2122.5,2150,2117.5,2150,600600,,,
2020-09-29,2122.5,2122.5,2077.5,2097.5,290400,,,
2020-09-30,2082.5,2087.5,2002.5,2002.5,401600,,,
2020-10-01,#VALUE!,#VALUE!,#VALUE!,#VALUE!,0,,,
2020-10-02,1960,1990,1940,1957.5,565800,,,
2020-10-05,1980,2020,1980,1990,374800,,,
2020-10-06,2002.5,2030,1987.5,2030,348400,,,
2020-10-07,2012.5,2017.5,1985,1990,471600,,,
2020-10-08,2010,2025,1995,2012.5,321400,,,
2020-10-09,2012.5,2015,1987.5,2010,377600,,,
2020-10-12,1997.5,2010,1985,1995,331200,,,
2020-10-13,1997.5,2000,1922.5,1925,776400,,,
2020-10-14,1890,1892.5,1870,1877.5,537400,,,
2020-10-15,1875,1880,1855,1865,503600,,,
2020-10-16,1870,1875,1850,1857.5,261600,,,
2020-10-19,1867.5,1882.5,1862.5,1870,307000,,,
2020-10-20,1865,1865,1847.5,1860,370000,,,
2020-10-21,1912.5,1920,1890,1895,421200,,,
2020-10-22,1882.5,1897.5,1875,1885,385200,,,
2020-10-23,1885,1902.5,1875,1890,392200,,,
2020-10-26,1860,1892.5,1855,1875,372000,,,
2020-10-27,1870,1870,1847.5,1855,347800,,,
2020-10-28,1850,1870,1835,1857.5,423200,,,
2020-10-29,1845,1930,1845,1930,496000,,,
2020-10-30,1910,1915,1875,1882.5,470600,,,
2020-11-02,1890,1917.5,1882.5,1895,629800,,,
2020-11-04,1912.5,1945,1892.5,1932.5,501800,,,
2020-11-05,1927.5,1990,1917.5,1982.5,431800,,,
2020-11-06,1807.5,1910,1807.5,1892.5,799400,,,
2020-11-09,1895,1927.5,1877.5,1885,449600,,,
2020-11-10,1920,1945,1892.5,1940,545000,,,
2020-11-11,1975,1982.5,1917.5,1940,564600,,,
2020-11-12,1910,1935,1887.5,1912.5,401000,,,
2020-11-13,1920,1920,1857.5,1870,444800,,,
2020-11-16,1905,1960,1902.5,1937.5,609400,,,
2020-11-17,1935,1942.5,1917.5,1935,567600,,,
2020-11-18,1932.5,1935,1877.5,1897.5,624800,,,
2020-11-19,1905,1950,1905,1947.5,518400,,,
2020-11-20,1932.5,1967.5,1922.5,1967.5,396800,,,
2020-11-24,2002.5,2022.5,1987.5,1990,485000,,,
2020-11-25,2025,2035,1985,2002.5,457800,,,
2020-11-26,1990,2002.5,1967.5,1992.5,272400,,,
2020-11-27,2010,2017.5,1992.5,2002.5,503600,,,
2020-11-30,1985,1995,1922.5,1995,1494000,,,
2020-12-01,1965,1987.5,1907.5,1925,623600,,,
2020-12-02,1932.5,1955,1910,1927.5,543800,,,
2020-12-03,1947.5,1982.5,1947.5,1960,384000,,,
2020-12-04,1962.5,1975,1955,1965,234600,,,
2020-12-07,2000,2010,1957.5,1965,358000,,,
2020-12-08,1965,1975,1952.5,1952.5,400800,,,
2020-12-09,1970,1982.5,1952.5,1980,455800,,,
2020-12-10,1980,1990,1957.5,1965,379200,,,
2020-12-11,1965,1990,1955,1985,377600,,,
2020-12-14,1965,2005,1955,1977.5,312600,,,
2020-12-15,1980,1980,1962.5,1970,313400,,,
2020-12-16,1967.5,1977.5,1960,1967.5,254600,,,
2020-12-17,1965,1965,1937.5,1950,323800,,,
2020-12-18,1925,1970,1925,1967.5,522800,,,
2020-12-21,1967.5,1980,1935,1952.5,244400,,,
2020-12-22,1935,1935,1890,1905,392600,,,
2020-12-23,1920,1920,1870,1875,292400,,,
2020-12-24,1890,1902.5,1877.5,1882.5,178000,,,
2020-12-25,1875,1880,1862.5,1870,140800,,,
2020-12-28,1882.5,1885,1835,1845,251200,,,
2020-12-29,1862.5,1882.5,1860,1877.5,383800,,,
2020-12-30,1887.5,1887.5,1857.5,1865,337800,,,
2021-01-04,1895,1897.5,1850,1870,378600,,,
2021-01-05,1872.5,1882.5,1847.5,1855,370200,,,
2021-01-06,1872.5,1895,1852.5,1890,319600,,,
2021-01-07,1922.5,1930,1895,1897.5,400800,,,
2021-01-08,1892.5,1912.5,1855,1902.5,528600,,,
2021-01-12,1910,1960,1905,1940,493400,,,
2021-01-13,1922.5,1952.5,1917.5,1942.5,493000,,,
2021-01-14,1952.5,2077.5,1942.5,2072.5,714600,,,
2021-01-15,2072.5,2095,2042.5,2052.5,436000,,,
2021-01-18,2057.5,2077.5,2050,2062.5,229000,,,
2021-01-19,2040,2065,2030,2052.5,332400,,,
2021-01-20,2037.5,2040,2002.5,2020,360400,,,
2021-01-21,2022.5,2045,2002.5,2012.5,274000,,,
2021-01-22,2005,2015,1992.5,2010,289400,,,
2021-01-25,2027.5,2027.5,1970,1977.5,223200,443444000,0,0
2021-01-26,1992.5,2025,1972.5,1980,271200,540013500,0,0
2021-01-27,1995,2005,1970,2002.5,342600,682719000,0,0
2021-01-28,1970,2030,1965,2020,472400,950746000,0,0
2021-01-29,2017.5,2040,2015,2025,379200,768726000,0,0
2021-02-01,2045,2067.5,2027.5,2027.5,384600,784887000,0,0
2021-02-02,2025,2052.5,2012.5,2050,431600,881394000,0,0
2021-02-03,2037.5,2110,2027.5,2110,496200,1032391000,0,0
2021-02-04,2077.5,2110,2045,2072.5,498200,1038122000,0,0
2021-02-05,2072.5,2102.5,2040,2100,541200,1128998000,0,0
2021-02-08,2102.5,2157.5,2102.5,2152.5,379000,810608000,0,0
2021-02-09,2142.5,2142.5,2112.5,2132.5,248200,528915000,0,0
2021-02-10,2122.5,2150,2110,2142.5,210000,448156000,0,0
2021-02-12,2172.5,2180,2152.5,2165,360600,781139500,0,0
2021-02-15,2185,2192.5,2170,2177.5,188400,410904000,0,0
2021-02-16,2177.5,2180,2147.5,2157.5,168400,364092000,0,0
2021-02-17,2190,2190,2145,2155,219000,472863500,0,0
2021-02-18,2195,2200,2157.5,2165,370000,805034000,0,0
2021-02-19,2150,2165,2137.5,2137.5,329200,706175500,0,0
2021-02-22,2162.5,2180,2130,2132.5,244200,523806000,0,0
2021-02-24,2135,2135,2077.5,2080,254400,532880000,0,0
2021-02-25,2092.5,2092.5,2070,2080,202200,420881000,0,0
2021-02-26,2080,2080,2030,2030,585200,1193593500,0,0
2021-03-01,2050,2067.5,2020,2047.5,503200,1029741000,0,0
2021-03-02,2060,2075,2042.5,2062.5,612200,1259148000,0,0
2021-03-03,2070,2070,2045,2060,418800,861951000,0,0
2021-03-04,2042.5,2042.5,1985,2007.5,410600,827502000,0,0
2021-03-05,2025,2052.5,2012.5,2050,404400,822766500,0,0
2021-03-08,2077.5,2077.5,2022.5,2045,276000,564838000,0,0
2021-03-09,2062.5,2115,2042.5,2097.5,573200,1194732500,0,0
2021-03-10,2077.5,2097.5,2050,2062.5,593200,1226748500,0,0
2021-03-11,2057.5,2062.5,2025,2050,538200,1101410500,0,0
2021-03-12,2057.5,2060,2017.5,2050,817200,1670784500,0,0
2021-03-15,2055,2070,2045,2052.5,329000,676013000,0,0
2021-03-16,2070,2110,2067.5,2107.5,406600,853468500,0,0
2021-03-17,2100,2117.5,2095,2110,387800,817855500,0,0
2021-03-18,2132.5,2175,2127.5,2162.5,544400,1174491000,0,0
2021-03-19,2175,2202.5,2160,2197.5,744000,1630252000,0,0
2021-03-22,2197.5,2242.5,2182.5,2225,592600,1319519000,0,0
2021-03-23,2247.5,2267.5,2222.5,2230,416400,932198000,0,0
2021-03-24,2242.5,2247.5,2212.5,2225,561600,1251910000,0,0
2021-03-25,2237.5,2250,2220,2222.5,506200,1128899000,0,0
2021-03-26,2250,2277.5,2242.5,2255,590000,1332909000,0,0
2021-03-29,2282.5,2300,2257.5,2277.5,589800,1345255500,0,0
2021-03-30,2295,2295,2215,2217.5,419600,937143000,0,0
2021-03-31,2170,2210,2160,2162.5,602000,1309617000,0,0
2021-04-01,2190,2205,2157.5,2170,560800,1219828500,0,0
2021-04-02,2167.5,2177.5,2117.5,2117.5,137800,294942000,0,0
2021-04-05,2125,2125,2085,2087.5,258600,543191500,0,0
2021-04-06,2095,2112.5,2070,2077.5,409600,854122000,0,0
2021-04-07,2092.5,2130,2077.5,2082.5,726400,1521158500,0,0
2021-04-08,2110,2110,2067.5,2075,718400,1497340000,0,0
2021-04-09,2080,2085,2042.5,2047.5,663000,1362921500,0,0
2021-04-12,2067.5,2092.5,2062.5,2072.5,416800,864432000,0,0
2021-04-13,2065,2100,2060,2067.5,529200,1097408000,0,0
2021-04-14,2060,2082.5,2050,2055,593600,1225383000,0,0
2021-04-15,2075,2090,2070,2082.5,340600,708124000,0,0
2021-04-16,2082.5,2082.5,2065,2070,307800,638278500,0,0
2021-04-19,2075,2082.5,2035,2042.5,638000,1308756000,0,0
2021-04-20,2032.5,2035,2005,2005,543800,1095055000,0,0
2021-04-21,1990,2002.5,1975,1992.5,652000,1297745000,0,0
2021-04-22,2015,2030,1987.5,1997.5,350600,702258500,0,0
2021-04-23,1982.5,2012.5,1980,2010,389800,780667000,0,0
2021-04-26,1997.5,1997.5,1972.5,1977.5,371000,734883000,0,0
2021-04-27,1982.5,1992.5,1972.5,1980,459200,910427000,0,0
2021-04-28,1980,2000,1967.5,1975,589000,1167417000,0,0
2021-04-30,1967.5,1980,1960,1967.5,720000,1417433000,0,0
2021-05-06,1995,2045,1990,2005,870400,1752172000,0,0
2021-05-07,2010,2020,1992.5,2002.5,702000,1408026500,0,0
2021-05-10,2012.5,2042.5,2010,2042.5,478600,973188000,0,0
2021-05-11,2040,2060,2035,2050,535000,1094900500,0,0
2021-05-12,1945,1980,1805,1820,1831800,3402776000,0,0
2021-05-13,1832.5,1840,1752.5,1762.5,1239800,2214347000,0,0
2021-05-14,1800,1820,1797.5,1810,1018000,1842838500,0,0
2021-05-17,1800,1807.5,1775,1785,918200,1642888000,0,0
2021-05-18,1785,1802.5,1767.5,1790,1162000,2072841000,0,0
2021-05-19,1767.5,1775,1705,1715,1087600,1874410000,0,0
2021-05-20,1697.5,1720,1692.5,1700,1053200,1793506000,0,0
2021-05-21,1702.5,1730,1685,1700,929200,1582270500,0,0
2021-05-24,1690,1712.5,1660,1692.5,1619200,2719819500,0,0
2021-05-25,1695,1715,1660,1670,1235600,2073320500,0,0
2021-05-26,1667.5,1685,1635,1672.5,1642400,2731699500,0,0
2021-05-27,1675,1772.5,1675,1732.5,14064000,24344421500,0,0
2021-05-28,1710,1745,1710,1735,1476600,2552485000,0,0
2021-05-31,1720,1747.5,1715,1730,758600,1313494500,0,0
2021-06-01,1732.5,1740,1695,1707.5,570000,976823500,0,0
2021-06-02,1687.5,1702.5,1640,1690,1081800,1822005000,0,0
2021-06-03,1705,1727.5,1692.5,1705,1345800,2295839500,0,0
2021-06-04,1712.5,1715,1682.5,1700,1090600,1851385500,0,0
2021-06-07,1725,1732.5,1712.5,1725,789600,1362475000,0,0
2021-06-08,1725,1740,1722.5,1727.5,680200,1176474500,0,0
2021-06-09,1727.5,1747.5,1727.5,1730,466200,808327000,0,0
2021-06-10,1730,1745,1717.5,1740,584600,1015500000,0,0
2021-06-11,1750,1765,1745,1755,519000,909957000,0,0
2021-06-14,1750,1757.5,1732.5,1745,703400,1226118500,0,0
2021-06-15,1745,1762.5,1740,1752.5,401000,702281500,0,0
2021-06-16,1755,1755,1730,1742.5,749000,1303830500,0,0
2021-06-17,1750,1750,1692.5,1692.5,652000,1113059000,0,0
2021-06-18,1710,1712.5,1690,1700,715000,1215385000,0,0
2021-06-21,1660,1662.5,1632.5,1635,526000,862062500,0,0
2021-06-22,1670,1695,1660,1685,485800,816550500,0,0
2021-06-23,1702.5,1702.5,1685,1685,317400,536474000,0,0
2021-06-24,1677.5,1690,1672.5,1682.5,548200,921833500,0,0
2021-06-25,1692.5,1702.5,1680,1697.5,397400,673648000,0,0
2021-06-28,1705,1722.5,1692.5,1717.5,311000,532477000,0,0
2021-06-29,1692.5,1700,1670,1677.5,492400,828049000,0,0
2021-06-30,1685,1690,1625,1627.5,700800,1149575500,0,0
2021-07-01,1632.5,1647.5,1625,1637.5,486000,795058500,0,0
2021-07-02,1650,1675,1650,1660,443800,738403000,0,0
2021-07-05,1642.5,1652.5,1640,1647.5,313600,516646500,0,0
2021-07-06,1660,1667.5,1650,1657.5,314000,520902500,0,0
2021-07-07,1657.5,1665,1642.5,1662.5,867600,1437233000,0,0
2021-07-08,1655,1667.5,1642.5,1657.5,611200,1013246500,0,0
2021-07-09,1625,1650,1610,1642.5,723600,1178811000,0,0
2021-07-12,1690,1692.5,1672.5,1675,392400,659538000,0,0
2021-07-13,1687.5,1697.5,1685,1697.5,265600,449742500,0,0
2021-07-14,1682.5,1717.5,1682.5,1702.5,377800,644367000,0,0
2021-07-15,1702.5,1720,1675,1680,364000,616724000,0,0
2021-07-16,1665,1677.5,1655,1655,274200,456210500,0,0
2021-07-19,1645,1647.5,1627.5,1642.5,450400,737370500,0,0
2021-07-20,1615,1645,1615,1637.5,518800,848575500,0,0
2021-07-21,1645,1657.5,1625,1635,411000,673647500,0,0
2021-07-26,1670,1672.5,1652.5,1657.5,453200,753535500,0,0
2021-07-27,1670,1670,1632.5,1645,388400,639213000,0,0
2021-07-28,1630,1642.5,1625,1632.5,328400,536789000,0,0
2021-07-29,1635,1640,1605,1607.5,300600,486103000,0,0
2021-07-30,1602.5,1610,1567.5,1575,542400,856798000,0,0
2021-08-02,1585,1650,1582.5,1645,544800,885921500,0,0
2021-08-03,1617.5,1637.5,1617.5,1630,499400,812975000,0,0
2021-08-04,1630,1637.5,1617.5,1622.5,233400,379429500,0,0
2021-08-05,1605,1622.5,1605,1617.5,281400,454945000,0,0
2021-08-06,1600,1620,1600,1617.5,362800,585098000,0,0
2021-08-10,1615,1650,1605,1612.5,482200,782111000,0,0
2021-08-11,1637.5,1650,1632.5,1640,361000,592028500,0,0
2021-08-12,1652.5,1662.5,1630,1630,238200,390980500,0,0
2021-08-13,1625,1635,1622.5,1630,166200,270786000,0,0
2021-08-16,1620,1632.5,1605,1612.5,402800,650451500,0,0
2021-08-17,1632.5,1645,1630,1635,370600,606272000,0,0
2021-08-18,1630,1650,1625,1637.5,316600,518505000,0,0
2021-08-19,1630,1647.5,1627.5,1637.5,300000,491569500,0,0
2021-08-20,1627.5,1652.5,1627.5,1645,334000,548637500,0,0
2021-08-23,1645,1665,1642.5,1657.5,287600,476255000,0,0
2021-08-24,1632.5,1645,1625,1632.5,285400,466385000,0,0
2021-08-25,1622.5,1630,1617.5,1620,218000,353464000,0,0
2021-08-26,1620,1625,1610,1620,238000,385275500,0,0
2021-08-27,1620,1635,1600,1607.5,278600,448521000,0,0
2021-08-30,1630,1637.5,1620,1630,258600,421351500,0,0
2021-08-31,1630,1645,1612.5,1635,460400,750561500,0,0
2021-09-01,1632.5,1647.5,1620,1647.5,356000,583144500,0,0
2021-09-02,1640,1645,1622.5,1637.5,283200,463230000,0,0
2021-09-03,1637.5,1690,1637.5,1682.5,537200,900362000,0,0
2021-09-06,1685,1705,1677.5,1685,394800,666735000,0,0
2021-09-07,1695,1695,1680,1687.5,333400,563021500,0,0
2021-09-08,1695,1702.5,1667.5,1675,382800,642916500,0,0
2021-09-09,1675,1682.5,1640,1647.5,333400,550702500,0,0
2021-09-10,1637.5,1647.5,1632.5,1647.5,477400,783449500,0,0
2021-09-13,1627.5,1640,1602.5,1637.5,446600,725187000,0,0
2021-09-14,1637.5,1665,1627.5,1662.5,572400,945904000,0,0
2021-09-15,1637.5,1642.5,1630,1637.5,527800,864248500,0,0
2021-09-16,1637.5,1672.5,1635,1672.5,471000,781528000,0,0
2021-09-17,1665,1670,1650,1657.5,917800,1521771500,0,0
2021-09-21,1645,1650,1630,1637.5,450400,738302000,0,0
2021-09-22,1627.5,1627.5,1580,1580,472400,753166000,0,0
2021-09-24,1610,1617.5,1600,1612.5,462600,744555000,0,0
2021-09-27,1620,1630,1605,1607.5,427400,688790500,0,0
2021-09-28,1610,1612.5,1590,1610,533600,856082500,0,0
2021-09-29,1592.5,1615,1580,1615,1060200,1700456000,0,0
2021-09-30,1622.5,1657.5,1622.5,1640,547400,897486500,0,0
2021-10-01,1622.5,1632.5,1592.5,1610,881400,1415362000,0,0
2021-10-04,1610,1625,1605,1617.5,434400,700651000,0,0
2021-10-05,1607.5,1622.5,1580,1605,673600,1079919500,0,0
2021-10-06,1602.5,1637.5,1597.5,1627.5,513800,833070000,0,0
2021-10-07,1627.5,1627.5,1590,1595,675200,1080059500,0,0
2021-10-08,1610,1645,1607.5,1625,531600,863056500,0,0
2021-10-11,1625,1637.5,1605,1635,278400,453294500,0,0
2021-10-12,1625,1635,1605,1610,304400,490926000,0,0
2021-10-13,1617.5,1630,1610,1615,275600,445647000,0,0
2021-10-14,1610,1632.5,1600,1632.5,368200,597375500,0,0
2021-10-15,1632.5,1662.5,1625,1660,523800,863372000,0,0
2021-10-18,1655,1655,1607.5,1610,285200,461009000,0,0
2021-10-19,1610,1625,1605,1612.5,262200,422561500,0,0
2021-10-20,1612.5,1645,1610,1645,281600,459847500,0,0
2021-10-21,1625,1627.5,1607.5,1607.5,382000,615856000,0,0
2021-10-22,1600,1620,1595,1612.5,253400,408352500,0,0
2021-10-25,1602.5,1615,1585,1587.5,352400,561731000,0,0
2021-10-26,1602.5,1602.5,1577.5,1585,390000,619339500,0,0
2021-10-27,1595,1602.5,1582.5,1597.5,451000,719084000,0,0
2021-10-28,1590,1605,1567.5,1595,1726200,2749195000,0,0
2021-10-29,1602.5,1602.5,1567.5,1580,491600,775529000,0,0
2021-11-01,1585,1612.5,1582.5,1610,485000,776704000,0,0
2021-11-02,1590,1600,1585,1587.5,245800,391013500,0,0
2021-11-04,1592.5,1592.5,1562.5,1570,341600,538626500,0,0
2021-11-05,1570,1622.5,1565,1617.5,589800,944173500,0,0
2021-11-08,1612.5,1615,1582.5,1585,348600,553883500,0,0
2021-11-09,1575,1595,1552.5,1552.5,486600,761914500,0,0
2021-11-10,1555,1560,1527.5,1535,431000,663389500,0,0
2021-11-11,1552.5,1577.5,1547.5,1570,471800,739329500,0,0
2021-11-12,1592.5,1655,1587.5,1655,661800,1082968000,0,0
2021-11-15,1640,1642.5,1595,1620,432800,700157000,0,0
2021-11-16,1620,1657.5,1610,1615,500800,816455500,0,0
2021-11-17,1605,1610,1585,1587.5,312800,498314500,0,0
2021-11-18,1577.5,1585,1545,1547.5,389600,606227500,0,0
2021-11-19,1540,1545,1522.5,1527.5,419000,640835000,0,0
2021-11-22,1500,1510,1481.5,1510,420600,632047000,0,0
2021-11-24,1557.5,1582.5,1552.5,1555,490400,765967500,0,0
2021-11-25,1530,1560,1530,1550,296800,459143500,0,0
2021-11-26,1615,1620,1540,1545,641600,1004512500,0,0
2021-11-29,1540,1552.5,1525,1535,646600,993504500,0,0
2021-11-30,1557.5,1577.5,1542.5,1542.5,776600,1203526500,0,0
2021-12-01,1535,1550,1532.5,1545,431000,664236500,0,0
2021-12-02,1525,1562.5,1525,1552.5,650400,1008037500,0,0
2021-12-03,1552.5,1590,1532.5,1587.5,428000,672214000,0,0
2021-12-06,1575,1595,1572.5,1582.5,395600,626349500,0,0
2021-12-07,1582.5,1627.5,1567.5,1625,478000,767698500,0,0
2021-12-08,1630,1637.5,1617.5,1622.5,349400,568067000,0,0
2021-12-09,1642.5,1667.5,1622.5,1662.5,424600,702095000,0,0
2021-12-10,1682.5,1682.5,1655,1670,563200,940499000,0,0
2021-12-13,1677.5,1677.5,1650,1665,327000,543874500,0,0
2021-12-14,1690,1697.5,1677.5,1690,398000,672644000,0,0
2021-12-15,1675,1697.5,1670,1677.5,241400,406697500,0,0
2021-12-16,1710,1712.5,1677.5,1702.5,282000,478874000,0,0
2021-12-17,1702.5,1722.5,1647.5,1660,1011400,1686141000,0,0
2021-12-20,1647.5,1670,1640,1645,325200,536705000,0,0
2021-12-21,1667.5,1685,1660,1682.5,215600,361724500,0,0
2021-12-22,1685,1695,1677.5,1677.5,161000,271124500,0,0
2021-12-23,1682.5,1685,1677.5,1680,95200,159993000,0,0
2021-12-24,1665,1672.5,1652.5,1655,105800,175397000,0,0
2021-12-27,1647.5,1652.5,1622.5,1632.5,155400,253642500,0,0
2021-12-28,1650,1670,1650,1662.5,249800,415230000,0,0
2021-12-29,1677.5,1697.5,1667.5,1685,252000,423987000,0,0
2021-12-30,1662.5,1677.5,1655,1660,230800,384151500,0,0
2022-01-04,1675,1687.5,1665,1682.5,361400,606685000,0,0
2022-01-05,1680,1707.5,1675,1705,217200,368405000,0,0
2022-01-06,1692.5,1720,1670,1682.5,389200,656935500,0,0
2022-01-07,1670,1685,1635,1650,395400,654023500,0,0
2022-01-11,1650,1682.5,1647.5,1682.5,366000,609334000,0,0
2022-01-12,1685,1720,1682.5,1712.5,367200,625586000,0,0
2022-01-13,1712.5,1712.5,1687.5,1687.5,256800,435240000,0,0
2022-01-14,1690,1690,1637.5,1665,318000,528268000,0,0
2022-01-17,1695,1705,1672.5,1680,135400,227962500,0,0
2022-01-18,1682.5,1685,1652.5,1657.5,178800,297943500,0,0
2022-01-19,1627.5,1635,1587.5,1610,425000,683339500,0,0
2022-01-20,1600,1647.5,1600,1635,220600,360687000,0,0
2022-01-21,1645,1665,1625,1657.5,185600,306490500,0,0
2022-01-24,1647.5,1680,1647.5,1675,144800,241615500,0,0
2022-01-25,1655,1672.5,1640,1667.5,165600,274611000,0,0
2022-01-26,1722.5,1722.5,1677.5,1680,215800,365133500,0,0
2022-01-27,1692.5,1692.5,1645,1665,303800,505692500,0,0
2022-01-28,1677.5,1707.5,1677.5,1705,216000,367151000,0,0
2022-01-31,1692.5,1707.5,1682.5,1702.5,201800,343144500,0,0
2022-02-01,1700,1727.5,1692.5,1705,301200,514572500,0,0
2022-02-02,1690,1735,1685,1720,459000,788113000,0,0
2022-02-03,1720,1752.5,1717.5,1752.5,335200,584265500,0,0
2022-02-04,1752.5,1772.5,1742.5,1770,306400,539517500,0,0
2022-02-07,1745,1780,1745,1772.5,258400,456648500,0,0
2022-02-08,1792.5,1805,1770,1790,332000,593137500,0,0
2022-02-09,1802.5,1802.5,1777.5,1777.5,357000,637341500,0,0
2022-02-10,1812.5,1865,1800,1820,426600,777674500,0,0
2022-02-14,1812.5,1817.5,1772.5,1797.5,307000,552014500,0,0
2022-02-15,1782.5,1810,1780,1792.5,267800,479605000,0,0
2022-02-16,1810,1812.5,1780,1802.5,280800,506370000,0,0
2022-02-17,1800,1810,1780,1797.5,174600,313940000,0,0
2022-02-18,1772.5,1812.5,1765,1807.5,208600,375586500,0,0
2022-02-21,1777.5,1802.5,1775,1802.5,147200,264087000,0,0
2022-02-22,1737.5,1787.5,1735,1782.5,209400,371430500,0,0
2022-02-24,1780,1820,1777.5,1810,581400,1048037000,0,0
2022-02-25,1832.5,1850,1792.5,1802.5,351800,636948500,0,0
2022-02-28,1812.5,1855,1812.5,1855,428200,788730500,0,0
2022-03-01,1877.5,1890,1842.5,1852.5,431000,800334500,0,0
2022-03-02,1840,1852.5,1830,1837.5,380400,700186500,0,0
2022-03-03,1857.5,1890,1852.5,1872.5,448200,839083000,0,0
2022-03-04,1860,1867.5,1822.5,1855,582200,1075958000,0,0
2022-03-07,1827.5,1850,1822.5,1835,568800,1045283000,0,0
2022-03-08,1832.5,1862.5,1817.5,1832.5,864600,1591522000,0,0
2022-03-09,1847.5,1855,1825,1835,695800,1281721500,0,0
2022-03-10,1862.5,1865,1837.5,1860,457000,849149000,0,0
2022-03-11,1850,1857.5,1842.5,1852.5,494800,916715000,0,0
2022-03-14,1870,1870,1835,1837.5,243200,448437500,0,0
2022-03-15,1835,1875,1830,1867.5,528400,983204500,0,0
2022-03-16,1875,1887.5,1860,1872.5,409800,767648000,0,0
2022-03-17,1877.5,1877.5,1852.5,1865,581400,1084961500,0,0
2022-03-18,1855,1867.5,1830,1842.5,559600,1031825500,0,0
2022-03-22,1867.5,1882.5,1852.5,1865,440000,821804000,0,0
2022-03-23,1900,1920,1887.5,1912.5,641800,1223707500,0,0
2022-03-24,1900,1925,1862.5,1885,284200,535868500,0,0
2022-03-25,1885,1900,1867.5,1892.5,312200,589419500,0,0
2022-03-28,1900,1910,1880,1887.5,276000,522538500,0,0
2022-03-29,1902.5,1930,1880,1922.5,716800,1372521500,0,0
2022-03-30,1895,1897.5,1825,1845,405400,748386500,0,0
2022-03-31,1832.5,1862.5,1810,1815,377000,688179000,0,0
2022-04-01,1812.5,1855,1792.5,1845,377000,692356500,0,0
2022-04-04,1845,1872.5,1845,1870,188600,351851500,0,0
2022-04-05,1890,1892.5,1865,1870,349000,653739000,0,0
2022-04-06,1860,1870,1827.5,1832.5,275400,507017500,0,0
2022-04-07,1827.5,1840,1815,1837.5,317200,580638500,0,0
2022-04-08,1840,1867.5,1830,1865,454600,843175500,0,0
2022-04-11,1880,1882.5,1845,1862.5,233600,434831000,0,0
2022-04-12,1852.5,1860,1810,1837.5,263600,483712500,0,0
2022-04-13,1842.5,1897.5,1842.5,1897.5,383800,722730000,0,0
2022-04-14,1872.5,1877.5,1862.5,1877.5,281200,526686000,0,0
2022-04-15,1860,1885,1850,1880,204600,383479500,0,0
2022-04-18,1857.5,1887.5,1845,1882.5,214400,401500000,0,0
2022-04-19,1900,1900,1870,1885,210400,396959500,0,0
2022-04-20,1892.5,1917.5,1882.5,1917.5,241800,461086500,0,0
2022-04-21,1925,1932.5,1912.5,1917.5,208200,399799000,0,0
2022-04-22,1895,1910,1885,1905,189600,360592500,0,0
2022-04-25,1880,1910,1880,1892.5,287400,544445500,0,0
2022-04-26,1895,1925,1872.5,1890,456400,864458000,0,0
2022-04-27,1875,1887.5,1862.5,1867.5,453800,849351500,0,0
2022-04-28,1865,1920,1865,1920,441000,839636500,0,0
2022-05-02,1900,1937.5,1887.5,1937.5,459400,883013500,0,0
2022-05-06,1945,1985,1927.5,1977.5,570600,1123585000,0,0
2022-05-09,1980,1992.5,1972.5,1975,368800,730091500,0,0
2022-05-10,1960,1972.5,1945,1960,539400,1057693500,0,0
2022-05-11,1960,1965,1932.5,1935,720200,1403281500,0,0
2022-05-12,1917.5,1920,1760,1815,995800,1802037500,0,0
2022-05-13,1807.5,1845,1760,1807.5,786200,1417571500,0,0
2022-05-16,1792.5,1792.5,1680,1680,731600,1251368000,0,0
2022-05-17,1700,1747.5,1695,1727.5,689400,1190934500,0,0
2022-05-18,1725,1752.5,1707.5,1737.5,566400,982651000,0,0
2022-05-19,1710,1757.5,1702.5,1750,453600,790149500,0,0
2022-05-20,1727.5,1742.5,1717.5,1737.5,501600,869352500,0,0
2022-05-23,1757.5,1770,1720,1722.5,869400,1506098500,0,0
2022-05-24,1732.5,1732.5,1710,1720,436800,751618000,0,0
2022-05-25,1727.5,1755,1727.5,1735,438600,764348500,0,0
2022-05-26,1715,1745,1715,1730,582200,1009083500,0,0
2022-05-27,1742.5,1760,1725,1752.5,494400,865040000,0,0
2022-05-30,1747.5,1790,1742.5,1767.5,637600,1128406500,0,0
2022-05-31,1760,1777.5,1742.5,1752.5,1086600,1905661000,0,0
2022-06-01,1760,1775,1745,1752.5,444000,781327500,0,0
2022-06-02,1735,1735,1682.5,1700,424000,721664000,0,0
2022-06-03,1725,1727.5,1702.5,1705,300000,512978000,0,0
2022-06-06,1707.5,1732.5,1702.5,1722.5,424400,730176000,0,0
2022-06-07,1720,1762.5,1720,1755,295000,516221500,0,0
2022-06-08,1740,1777.5,1737.5,1762.5,309800,546129500,0,0
2022-06-09,1755,1777.5,1750,1762.5,371000,654858000,0,0
2022-06-10,1747.5,1760,1737.5,1747.5,348200,608653000,0,0
2022-06-13,1712.5,1760,1710,1752.5,282800,493838000,0,0
2022-06-14,1725,1757.5,1725,1742.5,392400,683311500,0,0
2022-06-15,1742.5,1757.5,1730,1737.5,379600,661546500,0,0
2022-06-16,1742.5,1772.5,1740,1750,215000,376883000,0,0
2022-06-17,1747.5,1817.5,1742.5,1805,1042000,1872241000,0,0
2022-06-20,1800,1867.5,1800,1852.5,482200,892789000,0,0
2022-06-21,1840,1860,1825,1850,543200,1004310500,0,0
2022-06-22,1872.5,1922.5,1872.5,1915,365200,695763000,0,0
2022-06-23,1920,1947.5,1912.5,1922.5,339400,653466500,0,0
2022-06-24,1917.5,1917.5,1895,1912.5,270200,515806000,0,0
2022-06-27,1900,1902.5,1880,1892.5,248400,470050000,0,0
2022-06-28,1910,1935,1902.5,1930,305000,586808000,0,0
2022-06-29,1940,1940,1912.5,1925,374200,720519500,0,0
2022-06-30,1925,1937.5,1907.5,1917.5,353000,678414500,0,0
2022-07-01,1910,1935,1892.5,1905,472200,901304000,0,0
2022-07-04,1930,1940,1907.5,1915,295600,567200500,0,0
2022-07-05,1925,1927.5,1890,1902.5,247400,471349000,0,0
2022-07-06,1867.5,1907.5,1865,1897.5,386200,729717500,0,0
2022-07-07,1907.5,1922.5,1897.5,1907.5,348600,664862000,0,0
2022-07-08,1915,1932.5,1872.5,1892.5,678200,1289278000,0,0
2022-07-11,1915,1960,1915,1957.5,373000,726281000,0,0
2022-07-12,1950,1957.5,1930,1937.5,322000,624551000,0,0
2022-07-13,1935,1935,1905,1920,277800,532893500,0,0
2022-07-14,1910,1922.5,1902.5,1910,211800,404649000,0,0
2022-07-15,1910,1930,1887.5,1912.5,204600,391206500,0,0
2022-07-19,1922.5,1925,1882.5,1892.5,197200,373470500,0,0
2022-07-20,1915,1940,1907.5,1930,293600,566098500,0,0
2022-07-21,1922.5,1950,1922.5,1947.5,268200,520658000,0,0
2022-07-22,1960,1970,1950,1957.5,264000,517571000,0,0
2022-07-25,1960,1970,1930,1940,307600,597215000,0,0
2022-07-26,1947.5,1950,1902.5,1905,256600,491472000,0,0
2022-07-27,1905,1910,1875,1897.5,286200,540872500,0,0
2022-07-28,1897.5,1897.5,1872.5,1895,241800,457077000,0,0
2022-07-29,1890,1890,1830,1835,312000,575878000,0,0
2022-08-01,1832.5,1847.5,1825,1845,301000,553928000,0,0
2022-08-02,1830,1830,1765,1765,256400,456474000,0,0
2022-08-03,1772.5,1780,1730,1735,245200,427733000,0,0
2022-08-04,1740,1740,1695,1707.5,356600,609340500,0,0
2022-08-05,1710,1740,1710,1727.5,359600,620833500,0,0
2022-08-08,1727.5,1747.5,1715,1715,272600,469695500,0,0
2022-08-09,1717.5,1737.5,1702.5,1705,307000,525519000,0,0
2022-08-10,1720,1730,1697.5,1730,254600,438306500,0,0
2022-08-12,1697.5,1732.5,1680,1705,636000,1087529500,0,0
2022-08-15,1727.5,1730,1705,1710,369800,633385000,0,0
2022-08-16,1702.5,1705,1672.5,1687.5,289800,488597000,0,0
2022-08-17,1705,1712.5,1692.5,1712.5,435200,742026000,0,0
2022-08-18,1697.5,1700,1687.5,1692.5,267800,453195000,0,0
2022-08-19,1707.5,1710,1677.5,1695,323000,546539000,0,0
2022-08-22,1675,1730,1667.5,1727.5,593000,1016605000,0,0
2022-08-23,1712.5,1717.5,1680,1715,435000,740916000,0,0
2022-08-24,1705,1705,1685,1697.5,327200,554805000,0,0
2022-08-25,1690,1692.5,1677.5,1687.5,276000,465198000,0,0
2022-08-26,1677.5,1695,1672.5,1677.5,256000,430418000,0,0
2022-08-29,1652.5,1662.5,1640,1657.5,383400,633589000,0,0
2022-08-30,1670,1680,1660,1672.5,335000,560160000,0,0
2022-08-31,1640,1667.5,1640,1667.5,849000,1410313500,0,0
2022-09-01,1650,1672.5,1645,1655,357200,592314000,0,0
2022-09-02,1655,1660,1645,1655,371600,614360000,0,0
2022-09-05,1642.5,1657.5,1640,1645,256600,422696500,0,0
2022-09-06,1637.5,1645,1625,1625,249000,406604000,0,0
2022-09-07,1620,1622.5,1597.5,1605,290400,466481500,0,0
2022-09-08,1627.5,1652.5,1627.5,1645,431600,709282500,0,0
2022-09-09,1640,1660,1640,1650,365000,601201500,0,0
2022-09-12,1657.5,1662.5,1650,1652.5,188000,311178000,0,0
2022-09-13,1657.5,1670,1655,1662.5,461600,766943500,0,0
2022-09-14,1642.5,1657.5,1630,1640,414800,680935500,0,0
2022-09-15,1642.5,1660,1642.5,1650,313600,517256500,0,0
2022-09-16,1645,1680,1645,1675,645600,1079188000,0,0
2022-09-20,1675,1685,1665,1677.5,296000,496271000,0,0
2022-09-21,1660,1667.5,1650,1655,245000,406132000,0,0
2022-09-22,1640,1642.5,1625,1635,188000,307103500,0,0
2022-09-26,1627.5,1647.5,1620,1635,403400,659379000,0,0
2022-09-27,1632.5,1660,1632.5,1645,738200,1214217000,0,0
2022-09-28,1632.5,1645,1597.5,1632.5,549800,892751500,0,0
2022-09-29,1637.5,1662.5,1630,1657.5,383000,633652500,0,0
2022-09-30,1672.5,1677.5,1650,1652.5,389800,645647000,0,0
2022-10-03,1640,1647.5,1622.5,1642.5,399400,653943000,0,0
2022-10-04,1665,1697.5,1665,1692.5,434600,733492000,0,0
2022-10-05,1700,1700,1670,1670,533400,895723500,0,0
2022-10-06,1685,1692.5,1667.5,1667.5,458000,767841500,0,0
2022-10-07,1655,1675,1652.5,1662.5,433600,721417000,0,0
2022-10-11,1650,1660,1627.5,1642.5,495400,813086500,0,0
2022-10-12,1635,1642.5,1620,1625,378600,617277000,0,0
2022-10-13,1617.5,1625,1602.5,1612.5,333000,537638500,0,0
2022-10-14,1642.5,1645,1620,1635,462800,757453500,0,0
2022-10-17,1635,1637.5,1625,1630,352400,574952000,0,0
2022-10-18,1632.5,1637.5,1607.5,1610,354600,572495500,0,0
2022-10-19,1600,1617.5,1592.5,1602.5,408200,655349500,0,0
2022-10-20,1590,1597.5,1580,1590,354200,563245500,0,0
2022-10-21,1580,1590,1567.5,1567.5,369000,580908500,0,0
2022-10-24,1575,1575,1550,1555,367200,572235000,0,0
2022-10-25,1555,1562.5,1542.5,1560,399000,620569000,0,0
2022-10-26,1570,1592.5,1570,1590,358800,569121500,0,0
2022-10-27,1595,1602.5,1580,1590,367400,585050000,0,0
2022-10-28,1592.5,1640,1590,1615,1527000,2470409500,0,0
2022-10-31,1615,1657.5,1615,1655,613000,1010169500,0,0
2022-11-01,1655,1665,1645,1660,348800,577806500,0,0
2022-11-02,1660,1660,1612.5,1622.5,549600,897258500,0,0
2022-11-04,1615,1627.5,1587.5,1595,505400,808788500,0,0
2022-11-07,1607.5,1612.5,1592.5,1607.5,403800,647551000,0,0
2022-11-08,1612.5,1640,1610,1627.5,413000,672040000,0,0
2022-11-09,1625,1637.5,1617.5,1627.5,606400,987247000,0,0
2022-11-10,1615,1640,1600,1640,565000,920687000,0,0
2022-11-11,1630,1645,1620,1625,595200,970052500,0,0
2022-11-14,1750,1807.5,1735,1772.5,1848200,3276563000,0,0
2022-11-15,1765,1860,1752.5,1857.5,1058000,1940407000,0,0
2022-11-16,1847.5,1847.5,1815,1842.5,758800,1391205500,0,0
2022-11-17,1845,1867.5,1832.5,1865,582800,1080123000,0,0
2022-11-18,1872.5,1875,1835,1870,702200,1302264000,0,0
2022-11-21,1877.5,1877.5,1832.5,1847.5,537000,992866500,0,0
2022-11-22,1862.5,1895,1862.5,1875,610600,1148818500,0,0
2022-11-24,1905,1927.5,1895,1907.5,619600,1183887500,0,0
2022-11-25,1907.5,1917.5,1895,1912.5,403800,770728000,0,0
2022-11-28,1910,1912.5,1882.5,1907.5,536600,1021303000,0,0
2022-11-29,1877.5,1880,1847.5,1867.5,3963600,7402197000,0,0
2022-11-30,1877.5,1885,1847.5,1847.5,1072000,1991819500,0,0
2022-12-01,1842.5,1842.5,1812.5,1812.5,487000,888352000,0,0
2022-12-02,1815,1817.5,1757.5,1757.5,595800,1058120500,0,0
2022-12-05,1755,1760,1735,1755,469000,819912000,0,0
2022-12-06,1770,1795,1752.5,1790,606600,1082610500,0,0
2022-12-07,1777.5,1807.5,1777.5,1797.5,424400,763240500,0,0
2022-12-08,1787.5,1812.5,1787.5,1807.5,371800,670193000,0,0
2022-12-09,1807.5,1822.5,1797.5,1820,442600,803333500,0,0
2022-12-12,1802.5,1812.5,1795,1802.5,422200,761789500,0,0
2022-12-13,1812.5,1840,1810,1835,247800,453509500,0,0
2022-12-14,1817.5,1845,1817.5,1845,295200,542430000,0,0
2022-12-15,1847.5,1865,1840,1852.5,248200,460357500,0,0
2022-12-16,1847.5,1852.5,1827.5,1840,459800,846424500,0,0
2022-12-19,1825,1842.5,1817.5,1825,400800,733163000,0,0
2022-12-20,1835,1842.5,1797.5,1825,497600,907165500,0,0
2022-12-21,1817.5,1835,1800,1815,450000,816889500,0,0
2022-12-22,1810,1825,1792.5,1795,509000,919025500,0,0
2022-12-23,1785,1785,1757.5,1765,536400,947363500,0,0
2022-12-26,1790,1790,1740,1745,190200,333528500,0,0
2022-12-27,1752.5,1777.5,1740,1775,261400,461016000,0,0
2022-12-28,1775,1777.5,1760,1765,320800,566275000,0,0
2022-12-29,1770,1795,1760,1782.5,569600,1013031000,0,0
2022-12-30,1792.5,1802.5,1780,1785,324400,580425000,0,0
2023-01-04,1765,1765,1707.5,1717.5,526200,907015000,0,0
2023-01-05,1707.5,1735,1682.5,1732.5,481000,828936000,0,0
2023-01-06,1732.5,1732.5,1717.5,1730,309800,534787000,0,0
2023-01-10,1722.5,1730,1692.5,1692.5,428200,729449500,0,0
2023-01-11,1692.5,1710,1685,1707.5,465600,791724500,0,0
2023-01-12,1705,1720,1690,1705,488400,834801500,0,0
2023-01-13,1675,1690,1650,1657.5,555200,923833000,0,0
2023-01-16,1655,1665,1640,1652.5,389600,644358000,0,0
2023-01-17,1652.5,1660,1627.5,1627.5,272400,445252000,0,0
2023-01-18,1640,1675,1625,1652.5,346000,571537500,0,0
2023-01-19,1647.5,1667.5,1640,1662.5,319600,530067000,0,0
2023-01-20,1667.5,1677.5,1657.5,1662.5,202600,337593500,0,0
2023-01-23,1660,1687.5,1655,1670,290400,485668000,0,0
2023-01-24,1682.5,1690,1670,1687.5,304000,512095000,0,0
2023-01-25,1687.5,1705,1682.5,1695,192800,326782000,0,0
2023-01-26,1700,1702.5,1685,1700,164000,278438500,0,0
2023-01-27,1702.5,1705,1690,1695,217200,368475000,0,0
2023-01-30,1692.5,1697.5,1685,1687.5,300400,507546000,0,0
2023-01-31,1700,1707.5,1697.5,1707.5,199600,340174000,0,0
2023-02-01,1710,1727.5,1700,1700,237600,405500000,0,0
2023-02-02,1705,1710,1692.5,1697.5,326400,555199000,0,0
2023-02-03,1692.5,1700,1672.5,1677.5,368000,619220500,0,0
2023-02-06,1690,1710,1690,1702.5,295000,502131500,0,0
2023-02-07,1702.5,1715,1695,1700,277200,471991500,0,0
2023-02-08,1710,1722.5,1707.5,1712.5,273600,468930500,0,0
2023-02-09,1715,1732.5,1712.5,1732.5,397400,685920500,0,0
2023-02-10,1715,1732.5,1687.5,1697.5,537000,915320500,0,0
2023-02-13,1685,1722.5,1650,1710,567400,965168000,0,0
2023-02-14,1727.5,1742.5,1697.5,1722.5,344800,592829500,0,0
2023-02-15,1710,1715,1687.5,1697.5,289200,491257000,0,0
2023-02-16,1690,1722.5,1690,1712.5,310400,530897000,0,0
2023-02-17,1712.5,1722.5,1697.5,1710,306400,523555500,0,0
2023-02-20,1722.5,1752.5,1715,1742.5,366600,638395000,0,0
2023-02-21,1740,1780,1735,1772.5,391800,692184500,0,0
2023-02-22,1785,1785,1735,1740,416000,726698000,0,0
2023-02-24,1735,1755,1730,1750,247000,431328500,0,0
2023-02-27,1737.5,1742.5,1715,1735,307600,531651000,0,0
2023-02-28,1732.5,1737.5,1710,1720,849400,1460348000,0,0
2023-03-01,1710,1710,1695,1700,329800,561361000,0,0
2023-03-02,1700,1705,1695,1700,342200,581970500,0,0
2023-03-03,1720,1727.5,1710,1715,380200,653150000,0,0
2023-03-06,1720,1735,1707.5,1730,333200,574844000,0,0
2023-03-07,1735,1737.5,1725,1737.5,269600,467501000,0,0
2023-03-08,1745,1747.5,1702.5,1715,586600,1006412000,0,0
2023-03-09,1730,1790,1725,1772.5,479200,847329500,0,0
2023-03-10,1750,1775,1747.5,1760,547600,961972500,0,0
2023-03-13,1747.5,1752.5,1722.5,1745,464400,807934000,0,0
2023-03-14,1710,1717.5,1682.5,1712.5,414400,705901000,0,0
2023-03-15,1705,1725,1697.5,1700,466200,794128500,0,0
2023-03-16,1675,1697.5,1665,1692.5,348400,587503000,0,0
2023-03-17,1685,1690,1672.5,1680,1020000,1714640000,0,0
2023-03-20,1665,1672.5,1630,1630,472200,778305500,0,0
2023-03-22,1657.5,1667.5,1645,1645,427400,706403000,0,0
2023-03-23,1617.5,1637.5,1605,1632.5,426000,692520000,0,0
2023-03-24,1620,1645,1612.5,1637.5,453200,739708500,0,0
2023-03-27,1652.5,1667.5,1645,1652.5,431200,714519000,0,0
2023-03-28,1667.5,1667.5,1637.5,1650,573000,944194500,0,0
2023-03-29,1650,1680,1642.5,1677.5,605200,1008672500,0,0
2023-03-30,1652.5,1662.5,1637.5,1647.5,330200,544277000,0,0
2023-03-31,1652.5,1682.5,1652.5,1672.5,400000,669134500,0,0
2023-04-03,1682.5,1697.5,1680,1685,343200,578925000,0,0
2023-04-04,1697.5,1735,1690,1730,530600,913810500,0,0
2023-04-05,1727.5,1727.5,1690,1695,456400,775635000,0,0
2023-04-06,1690,1732.5,1685,1707.5,494800,844276000,0,0
2023-04-07,1697.5,1715,1692.5,1707.5,263000,448986500,0,0
2023-04-10,1707.5,1727.5,1707.5,1715,339400,581840000,0,0
2023-04-11,1717.5,1730,1712.5,1717.5,296000,508879000,0,0
2023-04-12,1732.5,1780,1732.5,1767.5,477000,842191000,0,0
2023-04-13,1757.5,1772.5,1755,1767.5,377000,665682000,0,0
2023-04-14,1780,1797.5,1770,1787.5,475800,848625500,0,0
2023-04-17,1792.5,1812.5,1792.5,1807.5,489200,881757500,0,0
2023-04-18,1802.5,1840,1802.5,1840,382200,699214500,0,0
2023-04-19,1840,1850,1825,1840,458600,842890000,0,0
2023-04-20,1842.5,1857.5,1822.5,1845,446800,823600500,0,0
2023-04-21,1850,1872.5,1840,1870,340800,634858000,0,0
2023-04-24,1877.5,1900,1875,1895,558800,1055797500,0,0
2023-04-25,1882.5,1920,1882.5,1917.5,695200,1322809000,0,0
2023-04-26,1915,1932.5,1902.5,1915,745000,1429054000,0,0
2023-04-27,1907.5,1917.5,1885,1897.5,1554200,2951133500,0,0
2023-04-28,1925,1945,1915,1930,657600,1270022000,0,0
2023-05-01,1952.5,1997.5,1947.5,1992.5,590000,1168015000,0,0
2023-05-02,1980,1987.5,1915,1935,872800,1688680500,0,0
2023-05-08,1940,2002.5,1935,1987.5,748000,1484360000,0,0
2023-05-09,1952.5,2017.5,1927.5,1997.5,1455000,2888841500,0,0
2023-05-10,2002.5,2002.5,1952.5,1970,707800,1394999000,0,0
2023-05-11,1960,1965,1940,1940,602600,1174239000,0,0
2023-05-12,1952.5,1980,1940,1972.5,798800,1569932500,0,0
2023-05-15,1985,1997.5,1960,1992.5,650800,1292295500,0,0
2023-05-16,1895,1997.5,1882.5,1990,1041800,2049327000,0,0
2023-05-17,1967.5,1997.5,1942.5,1950,605000,1188266000,0,0
2023-05-18,1960,1962.5,1925,1930,488200,944789500,0,0
2023-05-19,1915,1925,1865,1870,778400,1463531000,0,0
2023-05-22,1875,1882.5,1857.5,1875,570400,1067719000,0,0
2023-05-23,1865,1872.5,1835,1852.5,1246600,2310930500,0,0
2023-05-24,1845,1847.5,1805,1820,663000,1207504500,0,0
2023-05-25,1807.5,1832.5,1790,1795,430000,776251500,0,0
2023-05-26,1772.5,1787.5,1765,1772.5,530200,941304000,0,0
2023-05-29,1777.5,1780,1757.5,1767.5,431200,762486000,0,0
2023-05-30,1767.5,1767.5,1742.5,1762.5,414600,728683000,0,0
2023-05-31,1745,1760,1737.5,1750,773000,1351672500,0,0
2023-06-01,1757.5,1780,1757.5,1770,489000,865386500,0,0
2023-06-02,1782.5,1825,1782.5,1825,485200,880968000,0,0
2023-06-05,1840,1854,1826,1846.5,672600,1238597200,0,0
2023-06-06,1844.5,1850,1820,1849,397600,731827100,0,0
2023-06-07,1838.5,1843,1806.5,1816.5,448400,817826400,0,0
2023-06-08,1829.5,1830.5,1800.5,1802.5,436400,790469700,0,0
2023-06-09,1819,1826,1805,1812,508000,922040900,0,0
2023-06-12,1825.5,1829.5,1805.5,1806,282800,512718300,0,0
2023-06-13,1820,1839,1809,1832,698000,1274192200,0,0
2023-06-14,1842.5,1846,1823.5,1827,432600,792782000,0,0
2023-06-15,1830,1847.5,1827.5,1834,420200,772714700,0,0
2023-06-16,1839.5,1870,1837.5,1862.5,713200,1326039000,0,0
2023-06-19,1870,1889,1860.5,1878.5,536400,1005462200,0,0
2023-06-20,1874,1905,1868,1903,560400,1062866300,0,0
2023-06-21,1900,1933.5,1896.5,1924,448200,859904300,0,0
2023-06-22,1925,1933.5,1908.5,1920.5,420400,806635400,0,0
2023-06-23,1924,1940,1904.5,1916,433600,831459400,0,0
2023-06-26,1922,1929.5,1890,1911.5,395000,756884500,0,0
2023-06-27,1916,1924,1903,1909.5,339800,649629300,0,0
2023-06-28,1907,1955,1903,1955,527600,1025009200,0,0
2023-06-29,1951.5,1962,1935,1949,369200,719287200,0,0
2023-06-30,1960,1965.5,1929.5,1956.5,484200,944047300,0,0
2023-07-03,1964,1993,1964,1988,382000,757337600,0,0
2023-07-04,1980.5,1985.5,1958,1968.5,346200,681995800,0,0
2023-07-05,1960,2003.5,1956,1983,348400,692479900,0,0
2023-07-06,1976,1988,1941,1951,450800,881365200,0,0
2023-07-07,1940,1943,1914.5,1928,343000,662733300,0,0
2023-07-10,1933.5,1938,1918.5,1928,244600,471622100,0,0
2023-07-11,1940.5,1942.5,1914,1924,316200,609049800,0,0
2023-07-12,1922.5,1931,1911,1916,198400,380803100,0,0
2023-07-13,1928.5,1929.5,1913,1913.5,185200,355236400,0,0
2023-07-14,1934.5,1955,1929.5,1951,345400,672131700,0,0
2023-07-18,1955,1978,1952,1976,205200,404503600,0,0
2023-07-19,1992,2011,1982.5,2011,388600,776195100,0,0
2023-07-20,2011,2019,1977,1992.5,318400,635102800,0,0
2023-07-21,1996.5,2032,1992,2029,351800,711088100,0,0
2023-07-24,2039.5,2054.5,2032.5,2050,198400,406133400,0,0
2023-07-25,2042,2051.5,2026,2051,216800,443431200,0,0
2023-07-26,2051.5,2073,2048.5,2068.5,234800,485105600,0,0
2023-07-27,2069.5,2095.5,2065.5,2094,426600,889915000,0,0
2023-07-28,2062,2077.5,2044.5,2071.5,504600,1041760700,0,0
2023-07-31,2087.5,2090,2066,2074.5,593800,1233084900,0,0
2023-08-01,2074,2081,2057.5,2080,604600,1253286100,0,0
2023-08-02,2075,2084,2059.5,2064,502200,1040202000,0,0
2023-08-03,2041,2045.5,2011.5,2014,427000,863592500,0,0
2023-08-04,2014,2021,2005,2017,353400,711726300,0,0
2023-08-07,2009,2040.5,2002,2040.5,318400,646479500,0,0
2023-08-08,2045.5,2067.5,2045.5,2067.5,258600,533388900,0,0
2023-08-09,2071.5,2081.5,2037,2076.5,687200,1423863400,0,0
2023-08-10,2075,2078.5,2045.5,2077,369800,766191600,0,0
2023-08-14,2080,2093,2074,2079,398200,828772900,0,0
2023-08-15,2074,2096,2065,2094.5,640600,1336297500,0,0
2023-08-16,2088,2116,2067.5,2105,404200,848772700,0,0
2023-08-17,2105,2106,2046.5,2067.5,560800,1159589500,0,0
2023-08-18,2062.5,2063,2000.5,2005.5,390400,786857500,0,0
2023-08-21,2016,2034.5,2005,2017.5,331800,670544200,0,0
2023-08-22,2031.5,2057.5,2018.5,2049,438000,895924600,0,0
2023-08-23,2033,2054,2030.5,2052,266600,545995100,0,0
2023-08-24,2039.5,2064.5,2033,2059,314800,647341500,0,0
2023-08-25,2066,2070.5,2050.5,2067,287000,592872200,0,0
2023-08-28,2090,2099.5,2074.5,2095,236000,493667200,0,0
2023-08-29,2096,2110,2090.5,2109.5,596200,1253930000,0,0
2023-08-30,2114.5,2119.5,2099,2114.5,400000,844915000,0,0
2023-08-31,2105.5,2169.5,2105.5,2159,984800,2119082300,0,0
2023-09-01,2151,2214.5,2148.5,2193,720400,1576667200,0,0
2023-09-04,2191,2195,2160.5,2185.5,470200,1025881200,0,0
2023-09-05,2180.5,2192,2163,2179.5,342400,745559200,0,0
2023-09-06,2191,2196,2176,2182,755200,1649234800,0,0
2023-09-07,2185.5,2204.5,2180,2189,603600,1322905900,0,0
2023-09-08,2198,2211,2193,2202.5,520000,1143873000,0,0
2023-09-11,2205.5,2225.5,2201,2220,588200,1303456900,0,0
2023-09-12,2219,2228.5,2188,2190,374400,823338700,0,0
2023-09-13,2196,2212,2181.5,2200,663600,1460077000,0,0
2023-09-14,2212,2225.5,2201,2216.5,584600,1297270200,0,0
2023-09-15,2243,2264.5,2222,2256,1064600,2398230500,0,0
2023-09-19,2271.5,2284.5,2225.5,2249,633600,1421433600,0,0
2023-09-20,2248.5,2276,2243.5,2263,786400,1780514400,0,0
2023-09-21,2264,2270.5,2230,2245,426400,957995900,0,0
2023-09-22,2247.5,2300.5,2243.5,2287.5,850000,1937787100,0,0
2023-09-25,2276.5,2292.5,2247,2290,504000,1149739000,0,0
2023-09-26,2291.5,2320,2271,2297.5,517200,1189110700,0,0
2023-09-27,2280,2313,2254.5,2310,575600,1322170000,0,0
2023-09-28,2280,2312,2258.5,2292.5,526200,1205389000,0,0
2023-09-29,2297,2317.5,2285,2312,714200,1645831700,0,0
2023-10-02,2300,2302,2262,2262,472000,1076308900,0,0
2023-10-03,2261.5,2263,2200,2211.5,350600,779021800,0,0
2023-10-04,2201,2214.5,2173.5,2177.5,584800,1279693800,0,0
2023-10-05,2181,2230.5,2173.5,2226.5,647600,1432612700,0,0
2023-10-06,2208,2250.5,2208,2226.5,582000,1298708100,0,0
2023-10-10,2261.5,2300,2259,2290.5,736400,1684435800,0,0
2023-10-11,2290,2307,2279,2290.5,401800,922426000,0,0
2023-10-12,2291.5,2304,2283,2300.5,321400,738746400,0,0
2023-10-13,2284,2301.5,2252.5,2255.5,454800,1031935700,0,0
2023-10-16,2256.5,2261,2205,2218.5,350800,780691200,0,0
2023-10-17,2250,2266,2212.5,2230,359000,801461100,0,0
2023-10-18,2236,2240.5,2210,2231.5,418600,933434800,0,0
2023-10-19,2266.5,2297.5,2256,2267,547000,1244757000,0,0
2023-10-20,2262.5,2302,2256.5,2290,858800,1963022600,0,0
2023-10-23,2292.5,2325.5,2276.5,2276.5,743600,1707647500,0,0
2023-10-24,2266,2296.5,2238,2295.5,628600,1432694300,0,0
2023-10-25,2295.5,2319,2269.5,2271,746400,1713326700,0,0
2023-10-26,2284.5,2291,2228.5,2239.5,580200,1305080800,0,0
2023-10-27,2249.5,2271.5,2232,2268.5,536400,1211070500,0,0
2023-10-30,2250,2262,2221,2241,4239400,9496705800,0,0
2023-10-31,2234.5,2312,2226,2307,1010400,2312381800,0,0
2023-11-01,2321.5,2327,2296.5,2324.5,821000,1907048500,0,0
2023-11-02,2327.5,2329,2275,2275,512200,1173255900,0,0
2023-11-06,2296.5,2299.5,2260,2272,484200,1101188900,0,0
2023-11-07,2275,2289.5,2238,2242,453600,1021927100,0,0
2023-11-08,2244,2244,2201,2212.5,409400,908392500,0,0
2023-11-09,2208,2243.5,2195.5,2241,396200,880501200,0,0
2023-11-10,2225.5,2241.5,2214,2238.5,523000,1166747800,0,0
2023-11-13,2373.5,2486.5,2368.5,2427.5,2117400,5170960800,0,0
2023-11-14,2432.5,2461.5,2391.5,2430.5,1283200,3115493300,0,0
2023-11-15,2405,2441.5,2395,2432.5,857600,2078024300,0,0
2023-11-16,2403.5,2458.5,2392.5,2454.5,772800,1881528400,0,0
2023-11-17,2472.5,2538.5,2470.5,2538.5,593000,1495245200,0,0
2023-11-20,2500,2526,2499.5,2503,686200,1723566900,0,0
2023-11-21,2480.5,2536,2478.5,2521,872800,2193122800,0,0
2023-11-22,2521,2546,2511,2531,812800,2059772000,0,0
2023-11-24,2566,2568.5,2502,2512,570000,1435308400,0,0
2023-11-27,2470,2505,2470,2496.5,699800,1740930700,0,0
2023-11-28,2512.5,2524,2496,2505.5,902400,2261088600,0,0
2023-11-29,2474,2510,2468,2499,793600,1978053100,0,0
2023-11-30,2500.5,2522,2488.5,2521.5,720800,1810735800,0,0
2023-12-01,2545,2565.5,2536,2562,782800,2000332500,0,0
2023-12-04,2529.5,2543.5,2502.5,2511.5,591600,1488374800,0,0
2023-12-05,2507.5,2518,2486,2500,631600,1578878700,0,0
2023-12-06,2500,2513.5,2492.5,2507.5,796000,1995225400,0,0
2023-12-07,2484.5,2507.5,2481,2498,580200,1449122200,0,0
2023-12-08,2498,2503,2469.5,2481,699600,1738114000,0,0
2023-12-11,2469.5,2495,2461,2495,549600,1365886200,0,0
2023-12-12,2502.5,2507.5,2487.5,2497.5,643800,1608327400,0,0
2023-12-13,2516.5,2526.5,2488,2493.5,709200,1773570800,0,0
2023-12-14,2475,2479,2452,2471.5,580600,1432817500,0,0
2023-12-15,2458,2465.5,2371,2393,990400,2386671000,0,0
2023-12-18,2384.5,2422,2371,2419.5,441600,1060796300,0,0
2023-12-19,2419.5,2437,2397.5,2408,372400,898657600,0,0
2023-12-20,2414,2438,2401.5,2415,525800,1269235400,0,0
2023-12-21,2415,2419.5,2387,2393,364400,873770200,0,0
2023-12-22,2402.5,2414,2397.5,2406.5,365000,877440600,0,0
2023-12-25,2420,2420,2379,2389,176200,421372500,0,0
2023-12-26,2385,2398,2367.5,2379,228000,542672100,0,0
2023-12-27,2392,2392,2375.5,2380.5,264600,630426000,0,0
2023-12-28,2375.5,2375.5,2343.5,2349.5,218200,514041200,0,0
2023-12-29,2358,2367,2319.5,2334.5,305800,714403700,0,0
2024-01-04,2334.5,2399.5,2307,2399.5,741400,1762647900,0,0
2024-01-05,2400.5,2403,2325.5,2338.5,765000,1796821700,0,0
2024-01-09,2351.5,2395,2342,2386.5,786800,1873040300,0,0
2024-01-10,2382.5,2430.5,2379.5,2406,626000,1506603700,0,0
2024-01-11,2422.5,2427.5,2405,2424,620600,1501895500,0,0
2024-01-12,2429,2441.5,2387.5,2403.5,520000,1251910800,0,0
2024-01-15,2407,2453.5,2405,2447.5,426400,1040519600,0,0
2024-01-16,2430.5,2447.5,2412,2419.5,444200,1075878200,0,0
2024-01-17,2419.5,2442.5,2403,2403.5,713200,1724936500,0,0
2024-01-18,2411,2428.5,2398,2409,604800,1461018500,0,0
2024-01-19,2409,2429.5,2388,2400,590800,1417989300,0,0
2024-01-22,2411,2437,2411,2422,406600,986028000,0,0
2024-01-23,2403,2423,2387.5,2398,573600,1378077800,0,0
2024-01-24,2398,2398,2344.5,2345,382200,902201000,0,0
2024-01-25,2315.5,2325.5,2288,2306.5,694400,1601950600,0,0
2024-01-26,2321,2321,2294.5,2296,377600,870774100,0,0
2024-01-29,2311.5,2319,2287.5,2306,461200,1061317400,0,0
2024-01-30,2310.5,2310.5,2264.5,2271.5,466000,1062718200,0,0
2024-01-31,2255,2301,2244.5,2294,623400,1420636200,0,0
2024-02-01,2294,2317,2278,2299,383600,881469000,0,0
2024-02-02,2280,2300.5,2273,2284,351600,805058200,0,0
2024-02-05,2295,2309.5,2278,2287,366000,839271700,0,0
2024-02-06,2291,2299.5,2267.5,2272.5,431400,982491400,0,0
2024-02-07,2275,2313,2272.5,2308.5,549600,1266215100,0,0
2024-02-08,2316,2357.5,2285,2331,625800,1456270300,0,0
2024-02-09,2296,2326,2285.5,2320,685800,1587006700,0,0
2024-02-13,2327,2385,2289,2382,810200,1911257000,0,0
2024-02-14,2384,2425,2377.5,2404.5,907200,2179060400,0,0
2024-02-15,2411,2412,2357.5,2397,620600,1478418600,0,0
2024-02-16,2415.5,2479,2412,2454.5,881000,2157371400,0,0
2024-02-19,2465,2510,2445,2464.5,594600,1465988700,0,0
2024-02-20,2456.5,2463,2435,2462,519200,1274429000,0,0
2024-02-21,2462.5,2486,2434,2452,704000,1726152100,0,0
2024-02-22,2450,2465.5,2426.5,2436,437200,1067125100,0,0
2024-02-26,2428.5,2431,2384,2408,912400,2194045000,0,0
2024-02-27,2387.5,2393.5,2357.5,2383.5,578400,1376286900,0,0
2024-02-28,2352.5,2362,2293.5,2297,848600,1961597300,0,0
2024-02-29,2287.5,2290,2223,2229,748800,1675532800,0,0
2024-03-01,2197,2272.5,2186,2250.5,539600,1212272700,0,0
2024-03-04,2241,2248.5,2203.5,2227.5,637400,1417823400,0,0
2024-03-05,2210,2250,2180.5,2235.5,634200,1413695600,0,0
2024-03-06,2229,2240,2196.5,2207,623400,1379663000,0,0
2024-03-07,2233.5,2260.5,2223,2244.5,553200,1243376800,0,0
2024-03-08,2237.5,2299.5,2236.5,2287,578200,1313515000,0,0
2024-03-11,2260,2270.5,2235.5,2265.5,456400,1028782200,0,0
2024-03-12,2247,2266.5,2235,2265,534800,1206511900,0,0
2024-03-13,2265,2269.5,2251.5,2265,611800,1384191400,0,0
2024-03-14,2259,2265,2246,2251,505000,1138093400,0,0
2024-03-15,2250,2273.5,2241,2262,1157800,2619913800,0,0
2024-03-18,2269.5,2297.5,2250,2290.5,374200,855702400,0,0
2024-03-19,2286,2307.5,2281.5,2305.5,287000,659653900,0,0
2024-03-21,2340.5,2346,2310,2335.5,501200,1167161700,0,0
2024-03-22,2316,2349.5,2303.5,2317.5,452600,1050646400,0,0
2024-03-25,2318.5,2323,2286,2295.5,414200,952954300,0,0
2024-03-26,2304,2327.5,2299.5,2307,384600,887675900,0,0
2024-03-27,2338,2352.5,2317,2340.5,672200,1572571200,0,0
2024-03-28,2322.5,2327,2292.5,2303.5,669000,1543147500,0,0
2024-03-29,2293,2320,2275,2319.5,314600,727329600,0,0
2024-04-01,2331,2331,2256.5,2285,292000,668402200,0,0
2024-04-02,2250,2251.5,2222.5,2233,618800,1383230500,0,0
2024-04-03,2234,2270.5,2234,2249.5,503200,1133490300,0,0
2024-04-04,2262,2284.5,2245,2256.5,520400,1176307400,0,0
2024-04-05,2232.5,2259,2230,2259,608400,1368393900,0,0
2024-04-08,2264,2277.5,2227,2232.5,711000,1591680100,0,0
2024-04-09,2247.5,2261.5,2227,2240,426200,954293600,0,0
2024-04-10,2233,2269.5,2232.5,2253,337200,760449900,0,0
2024-04-11,2231.5,2254,2216,2251,524400,1178017400,0,0
2024-04-12,2251.5,2263.5,2241,2254,382000,860449700,0,0
2024-04-15,2242.5,2256.5,2226.5,2255.5,388600,873694000,0,0
2024-04-16,2256,2304.5,2246,2300.5,585200,1340526300,0,0
2024-04-17,2304.5,2304.5,2261,2273.5,386200,879226100,0,0
2024-04-18,2271,2291,2262,2263,365600,831978200,0,0
2024-04-19,2244.5,2246.5,2179,2209,519400,1146588600,0,0
2024-04-22,2238.5,2275,2237,2268.5,415000,939104200,0,0
2024-04-23,2286.5,2299.5,2270,2288,444800,1016458100,0,0
2024-04-24,2272.5,2287.5,2254.5,2285.5,413800,942138300,0,0
2024-04-25,2266,2279.5,2247,2251.5,493600,1112794200,0,0
2024-04-26,2273.5,2334.5,2268,2328,1658600,3844824500,0,0
2024-04-30,2333.5,2348.5,2295,2331,693800,1611701300,0,0
2024-05-01,2366,2420.5,2350,2369,880200,2090008100,0,0
2024-05-02,2391.5,2411.5,2374,2410.5,617400,1480289700,0,0
2024-05-07,2375.5,2429,2375.5,2416.5,813000,1961267300,0,0
2024-05-08,2416.5,2428.5,2355.5,2379,509400,1210340800,0,0
2024-05-09,2392,2411.5,2375.5,2390,498000,1193454800,0,0
2024-05-10,2400,2403,2364.5,2377,377000,897011600,0,0
2024-05-13,2349,2362,2336,2346.5,428200,1005418300,0,0
2024-05-14,2342.5,2374.5,2331,2343,552400,1300834400,0,0
2024-05-15,2460,2476.5,2296,2298.5,894600,2106976100,0,0
2024-05-16,2315,2345,2283,2341.5,777800,1808506300,0,0
2024-05-17,2318.5,2352.5,2299,2340,486400,1137204000,0,0
2024-05-20,2322.5,2339,2302.5,2328.5,424800,987275800,0,0
2024-05-21,2325,2338.5,2316,2322.5,304000,706719000,0,0
2024-05-22,2300,2324,2280,2299.5,522600,1204679500,0,0
2024-05-23,2311.5,2311.5,2273,2305.5,481600,1105575700,0,0
2024-05-24,2290,2328,2289.5,2320,296600,687229400,0,0
2024-05-27,2320,2320,2296.5,2299.5,266600,613839100,0,0
2024-05-28,2295,2318.5,2294.5,2318.5,243000,561545900,0,0
2024-05-29,2315.5,2326,2296,2301,323400,746152100,0,0
2024-05-30,2292.5,2331,2277,2331,467800,1083511700,0,0
2024-05-31,2347.5,2378,2347,2373,889200,2107032900,0,0
2024-06-03,2400,2448.5,2399,2427,480400,1164796300,0,0
2024-06-04,2392,2404.5,2373,2395,394200,944558400,0,0
2024-06-05,2377.5,2389,2351.5,2364,444400,1051793500,0,0
2024-06-06,2367.5,2384.5,2297,2302.5,593400,1372702100,0,0
2024-06-07,2325,2326.5,2303,2322,266200,617037800,0,0
2024-06-10,2314,2338.5,2314,2331.5,209600,487783200,0,0
2024-06-11,2328,2357.5,2311.5,2315.5,317400,737944200,0,0
2024-06-12,2314,2325.5,2292,2311.5,463400,1067677400,0,0
2024-06-13,2313,2328,2297,2309.5,393200,908593700,0,0
2024-06-14,2300,2337,2291.5,2317.5,502400,1162755300,0,0
2024-06-17,2314,2315,2282.5,2314.5,356400,821234000,0,0
2024-06-18,2329.5,2341.5,2313,2330,351200,818314800,0,0
2024-06-19,2303.5,2307.5,2285,2291,280000,642059400,0,0
2024-06-20,2267.5,2269,2221.5,2240,617000,1383216800,0,0
2024-06-21,2254,2280.5,2240.5,2268,821000,1860646300,0,0
2024-06-24,2277.5,2373,2277.5,2354.5,742000,1738469300,0,0
2024-06-25,2414,2472,2411,2467.5,1116000,2733963400,0,0
2024-06-26,2461.5,2462.5,2418.5,2433.5,559600,1363905200,0,0
2024-06-27,2403.5,2429,2394,2410,474000,1142252500,0,0
2024-06-28,2410.5,2444.5,2410.5,2444.5,555000,1349720600,0,0
2024-07-01,2460,2460,2416.5,2428,456800,1110183600,0,0
2024-07-02,2435,2447,2402.5,2428.5,537200,1303694500,0,0
2024-07-03,2417.5,2442.5,2393.5,2396,457200,1101420000,0,0
2024-07-04,2400,2404.5,2383,2400,329800,789876300,0,0
2024-07-05,2401,2429.5,2387.5,2395.5,394400,946902900,0,0
2024-07-08,2396,2407,2365.5,2381,423800,1009001000,0,0
2024-07-09,2475,2527.5,2448,2517.5,1112000,2779524500,0,0
2024-07-10,2517.5,2625,2517.5,2617.5,949000,2463909100,0,0
2024-07-11,2644,2649.5,2598,2598,610000,1595877900,0,0
2024-07-12,2582,2598.5,2559.5,2592,551200,1422633700,0,0
2024-07-16,2575,2593.5,2562,2574,393200,1012303600,0,0
2024-07-17,2577.5,2593.5,2561.5,2582,587000,1512745300,0,0
2024-07-18,2590,2618.5,2582.5,2606,596400,1552316900,0,0
2024-07-19,2610,2619.5,2583,2617.5,563600,1470625700,0,0
2024-07-22,2637.5,2637.5,2602.5,2614.5,476400,1249229800,0,0
2024-07-23,2650,2724.5,2620.5,2699,833200,2245640500,0,0
2024-07-24,2689,2723,2684.5,2718,904200,2448847600,0,0
2024-07-25,2712.5,2739.5,2674,2708.5,1038400,2810612900,0,0
2024-07-26,2725.5,2760.5,2696.5,2738.5,624600,1708406900,0,0
2024-07-29,2741,2771.5,2713.5,2760.5,932000,2565725900,0,0
2024-07-30,2774.5,2774.5,2691,2691,430800,1167590300,0,0
2024-07-31,2700,2750,2672,2750,849800,2314524200,0,0
2024-08-01,2705,2717,2633.5,2687.5,530000,1421995100,0,0
2024-08-02,2645,2645,2511,2526.5,591600,1512051100,0,0
2024-08-05,2476.5,2534,2349,2383,1022200,2489943500,0,0
2024-08-06,2548,2621.5,2495,2595,803600,2069942700,0,0
2024-08-07,2556,2673,2556,2575,602000,1564268200,0,0
2024-08-08,2575.5,2650.5,2567.5,2592.5,614600,1599253200,0,0
2024-08-09,2667,2681,2591.5,2622.5,757000,1990848900,0,0
2024-08-13,2455,2495,2407,2476,930000,2289566300,0,0
2024-08-14,2484.5,2510,2442.5,2493,737400,1828365500,0,0
2024-08-15,2521,2524.5,2483,2517,416400,1045947800,0,0
2024-08-16,2598.5,2603.5,2566.5,2586,596400,1542152900,0,0
2024-08-19,2570,2580.5,2511,2552,580400,1478779300,0,0
2024-08-20,2568.5,2580,2533,2560,319400,817346300,0,0
2024-08-21,2575,2607,2573,2590.5,378400,981096900,0,0
2024-08-22,2590,2597,2556,2576,222000,572121900,0,0
2024-08-23,2578,2582,2551,2565,584600,1500310800,0,0
2024-08-26,2563,2565,2535.5,2557.5,384800,982921000,0,0
2024-08-27,2565,2580,2543,2572,497600,1276741700,0,0
2024-08-28,2599.5,2615,2589.5,2597.5,768600,1999608500,0,0
2024-08-29,2603.5,2606,2569.5,2575,509000,1313793700,0,0
2024-08-30,2583.5,2590.5,2562,2580,577000,1487934500,0,0
2024-09-02,2599.5,2605,2567.5,2605,618600,1604952200,0,0
2024-09-03,2610.5,2627.5,2602.5,2613.5,711800,1860019900,0,0
2024-09-04,2581.5,2636.5,2574,2600,654600,1704437600,0,0
2024-09-05,2612,2654.5,2595.5,2629.5,307800,810738800,0,0
2024-09-06,2622.5,2639.5,2600.5,2615.5,368400,963591400,0,0
2024-09-09,2577.5,2621.5,2552,2621.5,349200,907414700,0,0
2024-09-10,2620,2664,2612,2639,433000,1141992500,0,0
2024-09-11,2639,2640.5,2584,2600.5,458200,1194389800,0,0
2024-09-12,2607,2612,2524,2565.5,565800,1445842600,0,0
2024-09-13,2554,2557,2529,2548.5,444600,1132501300,0,0
2024-09-17,2572.5,2599,2541,2581,467600,1199637900,0,0
2024-09-18,2572.5,2575,2527,2557,380800,971197100,0,0
2024-09-19,2576,2588.5,2523.5,2523.5,281800,716660600,0,0
2024-09-20,2525,2548.5,2475.5,2494,608400,1520347100,0,0
2024-09-24,2495.5,2515,2472.5,2505.5,399600,998753900,0,0
2024-09-25,2505.5,2516.5,2488,2505,243600,609217100,0,0
2024-09-26,2529,2582.5,2509.5,2577.5,497400,1276913300,0,0
2024-09-27,2533.5,2559,2516,2542,509600,1294842800,0,0
2024-09-30,2497.5,2518.5,2445,2501.5,481000,1201598500,0,0
2024-10-01,2517,2528.5,2496.5,2520,264600,666195100,0,0
2024-10-02,2528,2545.5,2508,2523,320600,808128400,0,0
2024-10-03,2554,2556,2520,2542.5,293400,744937000,0,0
2024-10-04,2542.5,2599.5,2539.5,2585,458800,1184506100,0,0
2024-10-07,2601.5,2637,2588,2623.5,394800,1034965500,0,0
2024-10-08,2600,2641,2582.5,2641,387000,1015944900,0,0
2024-10-09,2675,2691,2645,2691,429800,1150368000,0,0
2024-10-10,2699.5,2700,2672.5,2692,286600,770076100,0,0
2024-10-11,2664,2669,2636.5,2657,420400,1116204900,0,0
2024-10-15,2657,2661.5,2623,2641.5,338800,895118100,0,0
2024-10-16,2620,2664.5,2604.5,2617,281400,739718300,0,0
2024-10-17,2632.5,2632.5,2603,2620,296200,775358600,0,0
2024-10-18,2620,2624.5,2590,2595,399600,1039196200,0,0
2024-10-21,2595,2624.5,2573,2616.5,518600,1352398700,0,0
2024-10-22,2595.5,2603.5,2567.5,2574.5,295800,763140700,0,0
2024-10-23,2571,2585.5,2527.5,2529,207200,526929900,0,0
2024-10-24,2529,2547,2518.5,2519,474400,1198238800,0,0
2024-10-25,2532.5,2537,2469,2479,240200,596661000,0,0
2024-10-28,2489.5,2498,2458.5,2465,304800,752866200,0,0
2024-10-29,2465,2478,2448,2462.5,297400,732639700,0,0
2024-10-30,2470.5,2486.5,2444.5,2475.5,1886600,4669165200,0,0
2024-10-31,2487,2516.5,2467.5,2503,510600,1277460200,0,0
2024-11-01,2467.5,2480,2392.5,2400,318800,771359900,0,0
2024-11-05,2424,2456.5,2399.5,2456.5,335000,816374900,0,0
2024-11-06,2466.5,2474.5,2395.5,2399.5,404400,980505000,0,0
2024-11-07,2418,2468,2403,2444.5,520200,1266160400,0,0
2024-11-08,2444.5,2467.5,2425,2454,459000,1123628200,0,0
2024-11-11,2420,2441.5,2405.5,2438.5,400000,971276600,0,0
2024-11-12,2439.5,2643,2422.5,2598.5,911200,2305292800,0,0
2024-11-13,2616,2639,2537.5,2552.5,845200,2183320600,0,0
2024-11-14,2526,2583,2515,2539,508000,1291246600,0,0
2024-11-15,2589,2596.5,2507.5,2538.5,461200,1174840400,0,0
2024-11-18,2494.5,2501,2383,2383,582400,1413681100,0,0
2024-11-19,2400,2436,2400,2412.5,625200,1509750800,0,0
2024-11-20,2411,2444,2386,2425,495200,1201387800,0,0
2024-11-21,2436.5,2470,2423,2429,374200,912067200,0,0
2024-11-22,2424,2475,2424,2468,453400,1114412800,0,0
2024-11-25,2468,2468,2382.5,2389.5,468400,1126513100,0,0
2024-11-26,2382.5,2405,2358,2375,338400,803966600,0,0
2024-11-27,2375,2385,2323,2354,408600,959945200,0,0
2024-11-28,2350,2366,2330,2359,350400,825769300,0,0
2024-11-29,2338,2354.5,2331,2341,281000,659130000,0,0
2024-12-02,2333.5,2358,2314.5,2349.5,424600,996060700,0,0
2024-12-03,2350,2403.5,2350,2374.5,612600,1458718600,0,0
2024-12-04,2354,2371,2339,2350,424400,998871400,0,0
2024-12-05,2350.5,2366.5,2335,2340,385200,905052400,0,0
2024-12-06,2344.5,2352,2316,2334.5,400000,932016300,0,0
2024-12-09,2349,2373.5,2345.5,2355,319200,752588000,0,0
2024-12-10,2375,2381.5,2352.5,2361.5,416400,985069600,0,0
2024-12-11,2361.5,2373.5,2337,2346.5,449800,1055891000,0,0
2024-12-12,2346.5,2363,2334.5,2341.5,507400,1189990600,0,0
2024-12-13,2312.5,2371.5,2306.5,2355,514800,1207098700,0,0
2024-12-16,2355,2375,2342.5,2370.5,242000,572498000,0,0
2024-12-17,2362,2383,2348,2360.5,441600,1045568700,0,0
2024-12-18,2360.5,2373,2333.5,2339.5,450000,1054805300,0,0
2024-12-19,2308,2355,2301,2339.5,504200,1179137800,0,0
2024-12-20,2357,2367.5,2350.5,2353,643600,1516409700,0,0
2024-12-23,2356.5,2372.5,2353,2365.5,352600,833359600,0,0
2024-12-24,2372,2383,2362,2365,176600,418567000,0,0
2024-12-25,2346.5,2347.5,2305.5,2337.5,214200,498268400,0,0
2024-12-26,2337.5,2343.5,2315.5,2341,211600,494136000,0,0
2024-12-27,2341,2368.5,2333.5,2368.5,425200,1002422200,0,0
2024-12-30,2380,2385,2358,2368.5,255800,605346000,0,0
2025-01-06,2390,2398,2356.5,2362.5,474400,1123815200,0,0
2025-01-07,2362.5,2386.5,2355,2383,442000,1051289100,0,0
2025-01-08,2383,2387,2352,2370,394800,934547900,0,0
2025-01-09,2365,2374,2325,2341.5,712600,1668336500,0,0
2025-01-10,2359,2368.5,2335.5,2335.5,508000,1192494300,0,0
2025-01-14,2345,2364,2285,2298.5,623600,1439471000,0,0
2025-01-15,2314.5,2333.5,2290,2306.5,604000,1391687200,0,0
2025-01-16,2321.5,2357,2306.5,2336.5,662400,1548922400,0,0
2025-01-17,2336.5,2365,2316.5,2351,528200,1237884200,0,0
2025-01-20,2351,2370,2348,2357,420600,992036000,0,0
2025-01-21,2365,2377,2347,2356.5,372000,877348400,0,0
2025-01-22,2356.5,2375,2346.5,2362.5,401600,947615700,0,0
2025-01-23,2365,2397.5,2362.5,2390.5,427000,1019141100,0,0
2025-01-24,2400,2416,2390.5,2390.5,437200,1048852900,0,0
2025-01-27,2408,2429,2405.5,2423,292600,707827600,0,0
2025-01-28,2432.5,2450,2426,2427,351000,854703500,0,0
2025-01-29,2425,2429.5,2415,2422.5,296400,718406000,0,0
2025-01-30,2407.5,2439,2405.5,2427.5,452200,1097782600,0,0
2025-01-31,2427.5,2432,2415,2425,304000,737010000,0,0
2025-02-03,2390,2402,2315,2341.5,657000,1539714400,0,0
2025-02-04,2365.5,2375.5,2317,2318,605200,1415900800,0,0
2025-02-05,2317,2335,2300,2318.5,500800,1162379000,0,0
2025-02-06,2335.5,2356,2319,2326,411200,959292800,0,0
2025-02-07,2326,2341,2317,2330.5,451800,1051130300,0,0
2025-02-10,2330.5,2348,2324,2335.5,415200,969565600,0,0
2025-02-12,2350,2424,2315,2390.5,988400,2339745800,0,0
2025-02-13,2425,2460,2369.5,2448.5,1042000,2527321800,0,0
2025-02-14,2474,2521.5,2460,2515.5,598200,1497607300,0,0
2025-02-17,2503.5,2521.5,2482.5,2512,533600,1337522100,0,0
2025-02-18,2512,2529.5,2492.5,2494.5,442400,1107552200,0,0
2025-02-19,2513,2547.5,2484,2507,494600,1241053400,0,0
2025-02-20,2512,2525,2478,2496,469400,1171937700,0,0
2025-02-21,2515.5,2551.5,2480,2487,601600,1510878800,0,0
2025-02-25,2491,2520.5,2413,2420,705000,1719941600,0,0
2025-02-26,2419.5,2422.5,2354,2394,644800,1534397700,0,0
2025-02-27,2400,2400,2367.5,2385,367600,875605800,0,0
2025-02-28,2388,2400,2370,2379.5,558200,1329744400,0,0
2025-03-03,2379.5,2422.5,2379,2418.5,466600,1123788800,0,0
2025-03-04,2423,2437.5,2407,2410.5,476000,1152010000,0,0
2025-03-05,2429,2488.5,2429,2476,616000,1521261000,0,0
2025-03-06,2477,2526,2475.5,2519,567000,1424874700,0,0
2025-03-07,2499,2519.5,2488,2489,552200,1380779600,0,0
2025-03-10,2509,2523.5,2473,2473,429800,1069329100,0,0
2025-03-11,2470.5,2493,2405,2416,642800,1566909900,0,0
2025-03-12,2424,2490.5,2416,2477.5,422600,1044850600,0,0
2025-03-13,2459,2475.5,2437.5,2461,343200,844326600,0,0
2025-03-14,2455,2455,2433,2443,340200,832427600,0,0
2025-03-17,2443,2454.5,2421.5,2444,245600,599675800,0,0
2025-03-18,2452.5,2490.5,2452.5,2472.5,465400,1151931600,0,0
2025-03-19,2473,2502,2472.5,2483.5,226200,562606800,0,0
2025-03-21,2483.5,2534.5,2480.5,2534.5,1406800,3555582200,0,0
2025-03-24,2528.5,2538.5,2496.5,2538.5,298400,753301000,0,0
2025-03-25,2523,2572.5,2517.5,2568,310000,791942800,0,0
2025-03-26,2568,2578,2539,2555,510000,1305206100,0,0
2025-03-27,2500,2527.5,2473,2527.5,799200,2005271600,0,0
2025-03-28,2502,2515,2487,2504,408000,1021219600,0,0
2025-03-31,2454.5,2471.5,2430,2470,467400,1150031400,0,0
2025-04-01,2481,2494.5,2472.5,2487.5,350200,870734000,0,0
2025-04-02,2480.5,2487,2443,2451,353600,867478100,0,0
2025-04-03,2388.5,2413.5,2367.5,2408.5,405600,974153400,0,0
2025-04-04,2399,2439.5,2392,2422.5,459000,1108922600,0,0
2025-04-07,2203,2285.5,2203,2250,794800,1788793100,0,0
2025-04-08,2273.5,2309,2230,2300,794400,1814843900,0,0
2025-04-09,2297,2321.5,2255.5,2281.5,680600,1557570600,0,0
2025-04-10,2421.5,2421.5,2340,2391.5,398400,951704600,0,0
2025-04-11,2321.5,2369,2301,2351.5,524000,1229703600,0,0
2025-04-14,2366.5,2420.5,2346.5,2413,332200,800356600,0,0
2025-04-15,2417.5,2433.5,2414,2427,315800,765789300,0,0
2025-04-16,2429,2439.5,2416,2427,258800,628004500,0,0
2025-04-17,2421.5,2435.5,2400,2421.5,226600,548184900,0,0
2025-04-18,2429,2461,2424,2450,170600,417466600,0,0
2025-04-21,2435,2458.5,2428,2446.5,107600,262783700,0,0
2025-04-22,2446.5,2461,2432,2449,136000,332922900,0,0
2025-04-23,2519,2610.5,2495,2589,668400,1722163100,0,0
2025-04-24,2583.5,2628,2575.5,2589.5,447400,1162787200,0,0
2025-04-25,2565,2580,2542.5,2547.5,386400,985662000,0,0
2025-04-28,2531,2551.5,2519.5,2539,1362200,3457624400,0,0
2025-04-30,2585,2621.5,2574.5,2588,606400,1570535500,0,0
2025-05-01,2588,2609,2582.5,2586,396200,1027378800,0,0
2025-05-02,2560,2590,2537.5,2568.5,382400,981247100,0,0
2025-05-07,2560,2622,2540.5,2619,418400,1090622900,0,0
2025-05-08,2602.5,2622,2590.5,2614.5,257600,672402900,0,0
2025-05-09,2625,2652.5,2590,2636.5,285000,751447800,0,0
2025-05-12,2630.5,2647.5,2587.5,2615,366600,957910300,0,0
2025-05-13,2641,2747.5,2594,2693,570000,1516303200,0,0
2025-05-14,2631,2635,2522.5,2541,661400,1689386300,0,0
2025-05-15,2532.5,2575,2525,2552,584400,1491465700,0,0
2025-05-16,2552,2579,2532,2556,464000,1186194800,0,0
2025-05-19,2535.5,2590.5,2525,2573.5,462000,1187613700,0,0
2025-05-20,2610,2611,2572.5,2582,621200,1608132800,0,0
2025-05-21,2600.5,2619,2585,2600,506600,1318309700,0,0
2025-05-22,2600,2612.5,2577,2600,646200,1678489300,0,0
2025-05-23,2610,2613.5,2590.5,2594.5,392800,1020152600,0,0
2025-05-26,2590.5,2600,2549.5,2560,270600,695112800,0,0
2025-05-27,2578.5,2603,2577.5,2587,365800,948375100,0,0
2025-05-28,2593,2607,2575.5,2600,497200,1290919900,0,0
2025-05-29,2600,2606,2586,2600,452800,1176730900,0,0
2025-05-30,2600,2667,2598,2656.5,1255800,3333089600,0,0
2025-06-02,2634.5,2660.5,2620.5,2660.5,410200,1086015700,0,0
2025-06-03,2660.5,2660.5,2620.5,2628,425600,1120373900,0,0
2025-06-04,2626,2671.5,2622,2649,355600,943877900,0,0
2025-06-05,2649,2667.5,2622,2633,340000,896799000,0,0
2025-06-06,2637,2665,2637,2643,368600,976923700,0,0
2025-06-09,2663,2699.5,2659,2692.5,437200,1174411600,0,0
2025-06-10,2688.5,2696,2667.5,2677,465000,1247184000,0,0
2025-06-11,2692,2714.5,2677,2680,371000,996438200,0,0
2025-06-12,2684.5,2721.5,2684.5,2721,379600,1029647100,0,0
2025-06-13,2721,2743.5,2706,2714.5,345200,938979800,0,0
2025-06-16,2742.5,2742.5,2703,2703,310600,842492900,0,0
2025-06-17,2700,2717.5,2690.5,2704.5,280400,758018500,0,0
2025-06-18,2699,2724,2697.5,2702.5,412200,1115748000,0,0
2025-06-19,2703,2713.5,2670,2683.5,412600,1108375200,0,0
2025-06-20,2657,2664.5,2628.5,2629.5,1054600,2778639400,0,0
2025-06-23,2629.5,2682,2629.5,2665.5,328000,874140600,0,0
2025-06-24,2676.5,2676.5,2620,2631,295000,776944600,0,0
2025-06-25,2610.5,2619,2595,2602,268200,699094300,0,0
2025-06-26,2602,2617,2590,2601,385000,1000838600,0,0
2025-06-27,2590.5,2607,2581.5,2607,410600,1067655000,0,0
2025-06-30,2607,2622,2594.5,2604,346600,902556200,0,0
2025-07-01,2599.5,2624.5,2594.5,2600,356600,929988800,0,0
2025-07-02,2598,2614,2595.5,2597.5,432400,1124648900,0,0
2025-07-03,2591.5,2603.5,2588.5,2600,324600,842919000,0,0
2025-07-04,2600,2613.5,2593.5,2603.5,265600,691461700,0,0
2025-07-07,2603.5,2617.5,2585.5,2586,293800,763435400,0,0
2025-07-08,2586,2613,2560.5,2606,419200,1091858600,0,0
2025-07-09,2606,2636.5,2600,2618.5,382800,1003604100,0,0
2025-07-10,2618.5,2648.5,2618.5,2632,394200,1037180600,0,0
2025-07-11,2636.5,2662.5,2625,2625.5,271000,714741000,0,0
2025-07-14,2625,2669.5,2624,2660.5,314000,832652600,0,0
2025-07-15,2676,2689,2659,2689,241400,647389300,0,0
2025-07-16,2689,2705.5,2673.5,2699,263000,707895000,0,0
2025-07-17,2699,2757.5,2699,2747.5,343800,943006000,0,0
2025-07-18,2760.5,2774,2750,2753.5,393000,1084167000,0,0
2025-07-22,2739,2753.5,2713,2720.5,342400,934672900,0,0
2025-07-23,2750.5,2774.5,2719,2750.5,388200,1068677900,0,0
2025-07-24,2775,2791,2758,2786.5,368200,1024154300,0,0
2025-07-25,2779.5,2816,2757.5,2810.5,277000,776027000,0,0
2025-07-28,2800,2831,2797.5,2798.5,318800,894260000,0,0
2025-07-29,2768.5,2825,2759.5,2821.5,294600,828952300,0,0
2025-07-30,2825,2849.5,2817,2836.5,344000,975944100,0,0
2025-07-31,2845,2877.5,2840,2860,404600,1157739600,0,0
2025-08-01,2860,2898,2858.5,2878.5,308400,887962500,0,0
2025-08-04,2855.5,2879.5,2829,2879.5,292600,838745000,0,0
2025-08-05,2900,2922.5,2879.5,2910,291800,849334300,0,0
2025-08-06,2922.5,2959,2922.5,2957.5,268000,790566700,0,0
2025-08-07,2969.5,3003,2941,2945,456800,1354189000,0,0
2025-08-08,2945,3002.5,2944,3002.5,295200,880656900,0,0
2025-08-12,3000,3016,2975,2983.5,421000,1260787700,0,0
2025-08-13,2983.5,3040,2936.5,2997,601400,1799724500,0,0
2025-08-14,2974.5,2975,2752,2775,641400,1792760800,0,0
2025-08-15,2784,2846,2784,2827,579000,1632406700,0,0
2025-08-18,2833,2880,2827.5,2867.5,372600,1067363500,0,0
2025-08-19,2886.5,2926.5,2879.5,2904.5,330400,959630600,0,0
2025-08-20,2912.5,2953.5,2912.5,2938.5,272600,801405500,0,0
2025-08-21,2954,2964.5,2908.5,2928,211800,619965100,0,0
2025-08-22,2952,2955,2925,2951,241800,712676000,0,0
2025-08-25,2912.5,2929,2892.5,2920,242000,705619300,0,0
2025-08-26,2920,2924,2901,2904.5,396200,1152009600,0,0
2025-08-27,2915,2933,2899,2924.5,327200,956884800,0,0
2025-08-28,2940,2969.5,2936,2948.5,343800,1014682000,0,0
2025-08-29,2953.5,2959,2916.5,2916.5,276200,810341300,0,0
2025-09-01,2924,2982,2916.5,2981.5,279200,828764800,0,0
2025-09-02,3000,3010,2969.5,2978.5,295200,880569700,0,0
2025-09-03,2989,3000.5,2961,2997,445000,1329066000,0,0
2025-09-04,3010,3018.5,2996,3009.5,272000,818658000,0,0
2025-09-05,3015,3027,2993.5,3012,308200,929221700,0,0
2025-09-08,3025,3049.5,3018,3037,281400,854396800,0,0
2025-09-09,3045,3075,3037.5,3060,263600,807036300,0,0
2025-09-10,3060,3072.5,3048,3058,235800,721258400,0,0
2025-09-11,3034,3068,3015.5,3042.5,320000,973209300,0,0
2025-09-12,3080,3080,3027,3039,376000,1148577100,0,0
2025-09-16,3039,3045,2999.5,3035,449800,1361429800,0,0
2025-09-17,3010.5,3050,2938.5,2942,399600,1183889900,0,0
2025-09-18,2942.5,2958.5,2900,2954.5,338800,996897200,0,0
2025-09-19,2954.5,2982.5,2898.5,2898.5,908000,2641964700,0,0
2025-09-22,2901.5,2952,2901.5,2927.5,298400,875525800,0,0
2025-09-24,2927.5,2948.5,2893.5,2893.5,354600,1031859500,0,0
2025-09-25,2899,2902.5,2881,2897.5,398600,1153283600,0,0
2025-09-26,2890,2917,2890,2913,480400,1396854100,0,0
2025-09-29,2905.5,2926.5,2861,2922,418400,1216953100,0,0
2025-09-30,2916,2934,2886.5,2908.5,415600,1210395500,0,0
2025-10-01,2908.5,2928.5,2882.5,2909,409600,1189363500,0,0
2025-10-02,2909,2914,2851.5,2903,347400,1003947600,0,0
2025-10-03,2903,2926,2890.5,2905,269000,783203500,0,0
2025-10-06,2966.5,2973,2931.5,2951,306800,905209500,0,0
2025-10-07,2951,2981.5,2942,2973.5,309400,918377000,0,0
2025-10-08,2989.5,3019.5,2952,2952,245400,729583300,0,0
2025-10-09,2939.5,2974.5,2917,2974.5,350400,1037152800,0,0
2025-10-10,2934,2955,2907.5,2911.5,388800,1138110200,0,0
2025-10-14,2906.5,2926.5,2865,2889.5,361400,1044939200,0,0
2025-10-15,2900,2935,2900,2920,273800,799257700,0,0
2025-10-16,2955.5,2961.5,2916,2945.5,295000,866413300,0,0
2025-10-17,2934,2943,2916,2928.5,342000,1001597100,0,0
2025-10-20,2946.5,2952,2921.5,2929.5,361400,1061126300,0,0
2025-10-21,2931.5,2943,2906.5,2906.5,299800,875389200,0,0
2025-10-22,2906.5,2938.5,2906.5,2932.5,262800,770246700,0,0
2025-10-23,2932.5,2960.5,2932,2949,291000,858483800,0,0
2025-10-24,2949,2960.5,2921.5,2921.5,306200,897962900,0,0
2025-10-27,2961.5,3003,2947.5,2993,324800,969863700,0,0
2025-10-28,2993,2994.5,2925,2928,338400,999985100,0,0
2025-10-29,2921,2960,2861,2867.5,281600,811427500,0,0
2025-10-30,2880,2911.5,2865.5,2897,1154600,3344088000,0,0
2025-10-31,2921.5,2927.5,2890.5,2927.5,372800,1086792700,0,0
2025-11-04,2916.5,2930,2875,2884,414000,1199818800,0,0
2025-11-05,2905,2928.5,2875.5,2902,341800,991917000,0,0
2025-11-06,2902,2945,2895,2928,334000,977217500,0,0
2025-11-07,2928,2978,2927.5,2976.5,320000,949268800,0,0
2025-11-10,2994,2998.5,2957,2974.5,297400,884635200,0,0
2025-11-11,2974.5,2980,2939,2943,275400,813384100,0,0
2025-11-12,2965,3019.5,2953,2978,366200,1094973000,0,0
2025-11-13,3021,3023.5,2841,2890,834400,2441560000,0,0
2025-11-14,2889,2972,2855,2971.5,427200,1250677700,0,0
2025-11-17,2960.5,2993.5,2932.5,2981.5,322200,957086600,0,0
2025-11-18,2977.5,2981.5,2890,2896.5,306600,894122000,0,0
2025-11-19,2886.5,2923,2872,2888.5,317000,917193300,0,0
2025-11-20,2888.5,2898.5,2865.5,2876.5,300200,863916700,0,0
2025-11-21,2900,2906,2885,2888.5,482000,1393309400,0,0
2025-11-25,2930,3031.5,2899,3008,497800,1487267700,0,0
2025-11-26,3016.5,3039.5,2997.5,3018,371200,1118999600,0,0
2025-11-27,3019,3040,3002,3015.5,241800,729193100,0,0
2025-11-28,3018,3055.5,3012,3038,367800,1118443900,0,0
2025-12-01,3038,3047.5,2992.5,2992.5,386400,1162042500,0,0
2025-12-02,2992.5,3005,2975.5,3003,288200,863575200,0,0
2025-12-03,3003,3027,2982.5,3006,291400,874651300,0,0
2025-12-04,2974,2993,2950.5,2985.5,331400,988032000,0,0
2025-12-05,2977.5,2985,2927.5,2936,275800,811555400,0,0
2025-12-08,2965,3018,2949.5,3017,305400,918184300,0,0
2025-12-09,3016.5,3046.5,3011,3041.5,261600,793373600,0,0
2025-12-10,3041.5,3064.5,3037.5,3062.5,184600,563578700,0,0
2025-12-11,3097.5,3108.5,3080,3094.5,385000,1192296000,0,0
2025-12-12,3133,3147,3105.5,3122.5,339600,1061506700,0,0
2025-12-15,3138.5,3152,3113.5,3124.5,332400,1040283900,0,0
2025-12-16,3125.5,3134.5,3083.5,3083.5,414600,1286575600,0,0
2025-12-17,3062,3076.5,3037.5,3051,298800,912816700,0,0
2025-12-18,3100,3102.5,3069.5,3100,300400,929913800,0,0
2025-12-19,3105,3140,3096.5,3126.5,491000,1533808600,0,0
2025-12-22,3150,3150,3102.5,3108.5,214400,668245900,0,0
2025-12-23,3110.5,3136,3107,3130.5,204000,637150500,0,0
2025-12-24,3144.5,3144.5,3082.5,3096,191600,594269000,0,0
2025-12-25,3111,3111,3082,3105,78600,243609400,0,0
2025-12-26,3110,3114.5,3081.5,3104.5,170800,529314000,0,0
2025-12-29,3120,3120,3064,3077.5,301000,927625600,0,0
2025-12-30,3097.5,3097.5,3062,3065.5,206000,631950600,0,0
2026-01-05,3068,3115.5,3065,3108,406800,1260270600,0,0
2026-01-06,3108.5,3126.5,3094.5,3126,428200,1334931300,0,0
2026-01-07,3126,3144,3112.5,3130,446800,1398509300,0,0
2026-01-08,3140,3155,3128.5,3143.5,408600,1284562000,0,0
2026-01-09,3143.5,3168.5,3140,3168.5,416600,1315027200,0,0
2026-01-13,3207,3213,3152,3176,937200,2978015800,0,0
2026-01-14,3185.5,3191.5,3150,3180.5,342200,1087890100,0,0
2026-01-15,3180.5,3191.5,3152,3160.5,313800,994889400,0,0
2026-01-16,3151.5,3151.5,3057,3131,280400,874964000,0,0
2026-01-19,3131.5,3173.5,3129,3151,294000,927777200,0,0
2026-01-20,3148.5,3169.5,3125.5,3157.5,209000,659667100,0,0
2026-01-21,3163.5,3184.5,3147.5,3176.5,356800,1131483200,0,0
2026-01-22,3194.5,3217,3179,3192,338600,1082848300,0,0
2026-01-23,3198,3224.5,3198,3210,206400,662876500,0,0
2026-01-26,3177,3179,3138.5,3155,233200,736059900,0,0
2026-01-27,3130.5,3148.5,3117.5,3129.5,231600,725463900,0,0
2026-01-28,3094,3130.5,3063,3064,318400,980771300,0,0
2026-01-29,3061,3091.5,3028,3088.5,379200,1165556700,0,0
2026-01-30,3091.5,3119.5,3080,3114,359200,1116551600,0,0
2026-02-02,3145.5,3166,3104.5,3116,298800,934903500,0,0
2026-02-03,3116,3171.5,3104,3154.5,327400,1031897700,0,0
2026-02-04,3154.5,3186.5,3147,3169,260400,826309000,0,0
2026-02-05,3200,3216.5,3169,3199,278400,890668400,0,0
2026-02-06,3215,3227,3191.5,3222,244000,785171200,0,0
2026-02-09,3284,3303,3245.5,3275,302400,989824100,0,0
2026-02-10,3280,3307.5,3255.5,3284.5,315600,1036655500,0,0
2026-02-12,3324,3334,3105,3165,477000,1534895400,0,0
2026-02-13,3183.5,3203.5,3084.5,3120,450200,1405532300,0,0
2026-02-16,3120,3130,3075,3111,410000,1272563200,0,0
2026-02-17,3111.5,3146.5,3100,3113.5,275400,858815500,0,0
2026-02-18,3150,3181.5,3141.5,3163,317400,1004813700,0,0
2026-02-19,3163,3230.5,3141.5,3224,292200,937403300,0,0
2026-02-20,3213.5,3230.5,3139,3139,773600,2445782300,0,0
2026-02-24,3189,3218.5,3153.5,3218.5,531600,1703236800,0,0
2026-02-25,3243.5,3299,3237.5,3277.5,495600,1622500900,0,0
2026-02-26,3277.5,3298,3270.5,3274,349200,1145302800,0,0
2026-02-27,3291.5,3309,3274,3303,477400,1574276500,0,0
2026-03-02,3269,3306,3256,3292,519800,1707951800,0,0
2026-03-03,3292,3293,3227.5,3229.5,336600,1094566400,0,0
2026-03-04,3225,3229.5,3146,3188,449200,1431288700,0,0
2026-03-05,3236,3262,3207,3207,473600,1527694500,0,0
2026-03-06,3175.5,3187,3143.5,3175,464000,1471290200,0,0
2026-03-09,3058,3149,3058,3116,364200,1130213400,0,0
2026-03-10,3156,3156,3103.5,3103.5,330200,1028178700,0,0
2026-03-11,3125,3134.5,3090,3092,302600,940245200,0,0
2026-03-12,3029.5,3046.5,2958.5,2964.5,324000,965580700,0,0
2026-03-13,2958.5,2986,2924.5,2937.5,620200,1829513400,0,0
2026-03-16,2935,2949,2909.5,2915,493200,1442832300,0,0
2026-03-17,2923,2963,2909,2952.5,286800,846073200,0,0
2026-03-18,2935,2959,2920.5,2955,425400,1255142800,0,0
2026-03-19,2925,2953,2915,2915,841600,2459239500,0,0
2026-03-23,2842,2881,2822,2841,332200,944500700,0,0
2026-03-24,2900,2922,2885.5,2918,513600,1494033400,0,0
2026-03-25,2955,2981.5,2953,2965,405800,1203542100,0,0
2026-03-26,2970,2984,2963.5,2975,480000,1427563900,0,0
2026-03-27,3000,3001,2978.5,3000,629600,1886871800,0,0
2026-03-30,2875,2955,2875,2942,754600,2213260600,0,0
2026-03-31,2942.5,2987,2905,2967.5,448000,1328840800,0,0
2026-04-01,2999.5,3055,2980,3055,497600,1510085100,0,0
2026-04-02,3040,3084,3038.5,3050,303200,925845900,0,0
2026-04-03,3067.5,3076.5,3040,3061,216200,661853400,0,0
2026-04-06,3050,3085.5,3049.5,3062,218400,670092700,0,0
2026-04-07,3087.5,3087.5,3035.5,3059,275400,842640500,0,0
2026-04-08,3109,3139,3104,3124.5,716400,2236348100,0,0
2026-04-09,3122.5,3150.5,3106.5,3106.5,395600,1232340600,0,0
2026-04-10,3091,3098.5,3016,3016,284000,863838700,0,0
2026-04-13,3016,3033,2982,2997.5,361400,1083005800,0,0
2026-04-14,3014,3020.5,2974,2984,267400,799116200,0,0
2026-04-15,2994,3039,2985,3032,419200,1267230700,0,0
2026-04-16,3058,3058,3012.5,3026.5,326200,987605700,0,0
2026-04-17,2999,3016.5,2968,2968,257200,767179200,0,0
2026-04-20,3000.5,3000.5,2937.5,2938.5,169600,500062300,0,0
2026-04-21,2932.5,2953.5,2891,2905.5,173600,504838900,0,0
2026-04-22,2891,2899.5,2820.5,2826.5,252000,715140400,0,0
2026-04-23,2795,2811,2769.5,2792,316600,883033300,0,0
2026-04-24,2788,2818,2766,2795,250800,700767300,0,0
2026-04-27,2771.5,2793.5,2755,2781,332400,924080200,0,0
2026-04-28,2805,2806.5,2760,2780.5,254000,706658400,0,0
2026-04-30,2780.5,2793.5,2755.5,2775,418000,1159322800,0,0
2026-05-01,2766,2766,2723,2748.5,199400,548098600,0,0
2026-05-07,2721.5,2752,2697.5,2729.5,402400,1099349500,0,0
2026-05-08,2705.5,2713,2663.5,2702,539000,1453118100,0,0
2026-05-11,2685,2703.5,2659,2685,406000,1089240700,0,0
2026-05-12,2700,2704.5,2643,2657,226000,602067000,0,0
2026-05-13,2679.5,2684,2643.5,2644.5,258800,687711000,0,0
2026-05-14,2630,2630,2453,2509.5,555800,1421999800,0,0
2026-05-18,2656.5,2698.5,2629.5,2636,523000,1387356300,0,0
2026-05-19,2671,2715,2646.5,2704,486800,1314827800,0,0
2026-05-20,2673,2707,2631.5,2653,575200,1530966400,0,0
2026-05-21,2675,2712.5,2657.5,2672,311200,832880300,0,0
2026-05-22,2681,2688.5,2653.5,2675.5,427600,1142498300,0,0
2026-05-25,2699,2708.5,2600.5,2641.5,403800,1067039100,0,0
2026-05-26,2641.5,2649,2606,2613.5,451800,1184114900,0,0
2026-05-27,2607.5,2643.5,2569,2632.5,505600,1329285200,0,0
2026-05-28,2641,2662.5,2602.5,2619.5,679400,1784922800,0,0
2026-05-29,2608,2667.5,2608,2642.5,389000,1028942000,0,0
2026-06-01,2627.5,2627.5,2559.5,2562,438000,1127828900,0,0
2026-06-02,2525,2565.5,2522,2541.5,473400,1204324600,0,0
2026-06-03,2522,2553.5,2486,2553.5,352800,894719100,0,0
2026-06-04,2523,2549,2510,2510,532600,1343113900,0,0
2026-06-05,2536,2544.5,2505.5,2527.5,702800,1775357200,0,0
2026-06-08,2514,2564,2506,2532.5,871000,2205317600,0,0
2026-06-09,2532.5,2572.5,2522.5,2547.5,562400,1433224400,0,0
2026-06-10,2552.5,2573,2532.5,2548,646400,1649565100,0,0
2026-06-11,2550.5,2574.5,2529.5,2530.5,417200,1059975500,0,0
2026-06-12,2509.5,2539,2483,2527,614000,1545497100,0,0
2026-06-15,2539,2547.5,2522,2528,317600,803954300,0,0
2026-06-16,2503,2527.5,2486,2500.5,340400,851729200,0,0
2026-06-17,2520,2533.5,2497,2500.5,324800,813175000,0,0
2026-06-18,2500,2505,2465,2479.5,388200,963480100,0,0
2026-06-19,2467.5,2472.5,2441.5,2441.5,885800,2165565900,0,0
2026-06-22,2436.5,2447.5,2405,2447.5,297800,727289100,0,0
2026-06-23,2459.5,2495.5,2440,2488.5,399600,992508400,0,0
2026-06-24,2488.5,2535.5,2488,2514,455400,1145630800,0,0
2026-06-25,2524.5,2524.5,2485,2485,328000,819432600,0,0
2026-06-26,2503,2513.5,2471.5,2488,423200,1054463600,0,0
2026-06-29,2512,2527.5,2472,2503,433400,1085110400,0,0
2026-06-30,2490.5,2505,2454,2468,408400,1009141000,0,0
2026-07-01,2450,2457.5,2416,2432,338400,822921100,0,0
2026-07-02,2483,2498.5,2454.5,2462,341000,842798800,0,0
2026-07-03,2497,2526.5,2471.5,2475,389200,968916200,0,0
2026-07-06,2497.5,2539,2475.5,2518.5,422200,1062698700,0,0
2026-07-07,2493.5,2533.5,2485.5,2516.5,732800,1843705800,0,0
2026-07-08,2535,2567.5,2523.5,2533.5,448400,1138427400,0,0
2026-07-09,2525,2538.5,2501.5,2513,310600,782298600,0,0
2026-07-10,2503.5,2519.5,2452,2469,409800,1012100800,0,0
2026-07-13,2493.5,2494,2442,2455,356000,875288900,0,0
2026-07-14,2490,2513.5,2470,2496.5,460200,1148661400,0,0
2026-07-15,2531.5,2584.5,2523,2578.5,671600,1722146700,0,0
2026-07-16,2568.5,2599,2547.5,2555,314000,804541800,0,0
2026-07-17,2575,2615,2567.5,2583.5,275400,712165700,0,0
2026-07-21,2597.5,2614,2575,2587.5,333400,864051500,0,0
2026-07-22,2569,2600,2557.5,2598,371200,960929400,0,0
2026-07-23,2575.5,2575.5,2542.5,2563.5,329400,843560100,0,0
2026-07-24,2536,2597.5,2530.5,2587,284600,734871900,0,0
2026-07-27,2607.5,2624,2584.5,2624,214400,560316800,0,0
2026-07-28,2650,2667.5,2624,2641,344200,911143800,0,0
2026-07-29,2691,2724.5,2663.5,2692.5,404600,1091757900,0,0
2026-07-30,2680.5,2690.5,2633,2642.5,332600,880209800,0,0
2026-07-31,2592.5,2632,2534,2545.5,337800,862834600,0,0
2026-08-03,2519.5,2532.5,2471,2491,416800,1039205300,0,0
2026-08-04,2480,2484.5,2439,2450,323600,794764000,0,0
2026-08-05,2439,2465,2403,2403,321800,777160300,0,0
2026-08-06,2438,2454.5,2419,2454,415000,1015478800,0,0
2026-08-07,2464.5,2521.5,2385,2431,386600,947528800,0,0
2026-08-10,2466,2474,2410.5,2434,337000,819445500,0,0
2026-08-12,2469,2513,2466,2500,449800,1122421500,0,0
2026-08-13,2490,2522.5,2475.5,2513,481200,1205580100,0,0
2026-08-14,2503,2530,2489,2500,337600,844525700,0,0
2026-08-17,2501.5,2519,2481.5,2492.5,240000,598650300,0,0
2026-08-18,2487.5,2524,2481,2519,293800,737861300,0,0
2026-08-19,2553,2576,2524,2545,381800,972292800,0,0
2026-08-20,2563,2587,2528,2566.5,225400,578193600,0,0
2026-08-21,2570,2581,2547.5,2562,238400,610708000,0,0
2026-08-24,2559.5,2582,2536.5,2543,179800,458028500,0,0
2026-08-25,2550,2568.5,2530,2535.5,150400,381697700,0,0
2026-08-26,2535.5,2560.5,2535.5,2544.5,168600,429750000,0,0
2026-08-27,2525.5,2556,2515,2524.5,228800,578238100,0,0
2026-08-28,2524.5,2620.5,2518.5,2586,532400,1367315300,0,0
2026-08-31,2589.5,2605,2559.5,2574,499600,1288143600,0,0
2026-09-01,2580,2642,2577.5,2615.5,380400,993010900,0,0
2026-09-02,2590.5,2621.5,2581.5,2591.5,331600,860594700,0,0
2026-09-03,2591.5,2612.5,2584.5,2594.5,307200,797318700,0,0
2026-09-04,2582,2602,2572,2581,419000,1084107700,0,0
2026-09-07,2575,2592.5,2561,2561,331200,850321600,0,0
2026-09-08,2541,2594,2541,2593.5,325400,838655800,0,0
2026-09-09,2569.5,2598,2562,2588.5,360400,931798300,0,0
2026-09-10,2600,2607.5,2591,2598.5,370000,961764800,0,0
2026-09-11,2564,2604,2560.5,2586.5,405800,1048078900,0,0
2026-09-14,2606.5,2634,2605,2628,276600,724667900,0,0
2026-09-15,2647.5,2647.5,2607,2607,308800,807105900,0,0
2026-09-16,2621.5,2633,2611.5,2611.5,221400,579426500,0,0
2026-09-17,2625,2678.5,2625,2673,306600,816666700,0,0
2026-09-18,2693.5,2693.5,2634,2634,605000,1599271000,0,0
2026-09-24,2625,2709,2605,2700,442000,1189869900,0,0
2026-09-25,2715.5,2731,2686.5,2693,405800,1095022000,0,0
2026-09-28,2705,2708,2640,2646.5,330200,875595400,0,0
2026-09-29,2566.5,2616,2541.5,2557,386600,989763450,0,0
2026-09-30,2564.5,2602.5,2538,2595,413900,1070889750,0,0
